# AFL Underground Fuel Tank V1 (gasoline), generated by tools/build-underground-fuel-tank-v1.mjs
mtllib underground_fuel_tank.mtl
o tank_shell
usemtl underground_fuel_tank
v 1.681782 -0.633605 -2.4375
v 1.636367 -0.405287 -2.4375
v 1.547282 -0.190216 -2.4375
v 1.41795 0.003342 -2.4375
v 1.253342 0.16795 -2.4375
v 1.059784 0.297282 -2.4375
v 0.844713 0.386367 -2.4375
v 0.616395 0.431782 -2.4375
v 0.383605 0.431782 -2.4375
v 0.155287 0.386367 -2.4375
v -0.059784 0.297282 -2.4375
v -0.253342 0.16795 -2.4375
v -0.41795 0.003342 -2.4375
v -0.547282 -0.190216 -2.4375
v -0.636367 -0.405287 -2.4375
v -0.681782 -0.633605 -2.4375
v -0.681782 -0.866395 -2.4375
v -0.636367 -1.094713 -2.4375
v -0.547282 -1.309784 -2.4375
v -0.41795 -1.503342 -2.4375
v -0.253342 -1.66795 -2.4375
v -0.059784 -1.797282 -2.4375
v 0.155287 -1.886367 -2.4375
v 0.383605 -1.931782 -2.4375
v 0.616395 -1.931782 -2.4375
v 0.844713 -1.886367 -2.4375
v 1.059784 -1.797282 -2.4375
v 1.253342 -1.66795 -2.4375
v 1.41795 -1.503342 -2.4375
v 1.547282 -1.309784 -2.4375
v 1.636367 -1.094713 -2.4375
v 1.681782 -0.866395 -2.4375
v 1.681782 -0.633605 3.4375
v 1.636367 -0.405287 3.4375
v 1.547282 -0.190216 3.4375
v 1.41795 0.003342 3.4375
v 1.253342 0.16795 3.4375
v 1.059784 0.297282 3.4375
v 0.844713 0.386367 3.4375
v 0.616395 0.431782 3.4375
v 0.383605 0.431782 3.4375
v 0.155287 0.386367 3.4375
v -0.059784 0.297282 3.4375
v -0.253342 0.16795 3.4375
v -0.41795 0.003342 3.4375
v -0.547282 -0.190216 3.4375
v -0.636367 -0.405287 3.4375
v -0.681782 -0.633605 3.4375
v -0.681782 -0.866395 3.4375
v -0.636367 -1.094713 3.4375
v -0.547282 -1.309784 3.4375
v -0.41795 -1.503342 3.4375
v -0.253342 -1.66795 3.4375
v -0.059784 -1.797282 3.4375
v 0.155287 -1.886367 3.4375
v 0.383605 -1.931782 3.4375
v 0.616395 -1.931782 3.4375
v 0.844713 -1.886367 3.4375
v 1.059784 -1.797282 3.4375
v 1.253342 -1.66795 3.4375
v 1.41795 -1.503342 3.4375
v 1.547282 -1.309784 3.4375
v 1.636367 -1.094713 3.4375
v 1.681782 -0.866395 3.4375
v 1.681782 -0.633605 3.4375
v 1.636367 -0.405287 3.4375
v 1.547282 -0.190216 3.4375
v 1.41795 0.003342 3.4375
v 1.253342 0.16795 3.4375
v 1.059784 0.297282 3.4375
v 0.844713 0.386367 3.4375
v 0.616395 0.431782 3.4375
v 0.383605 0.431782 3.4375
v 0.155287 0.386367 3.4375
v -0.059784 0.297282 3.4375
v -0.253342 0.16795 3.4375
v -0.41795 0.003342 3.4375
v -0.547282 -0.190216 3.4375
v -0.636367 -0.405287 3.4375
v -0.681782 -0.633605 3.4375
v -0.681782 -0.866395 3.4375
v -0.636367 -1.094713 3.4375
v -0.547282 -1.309784 3.4375
v -0.41795 -1.503342 3.4375
v -0.253342 -1.66795 3.4375
v -0.059784 -1.797282 3.4375
v 0.155287 -1.886367 3.4375
v 0.383605 -1.931782 3.4375
v 0.616395 -1.931782 3.4375
v 0.844713 -1.886367 3.4375
v 1.059784 -1.797282 3.4375
v 1.253342 -1.66795 3.4375
v 1.41795 -1.503342 3.4375
v 1.547282 -1.309784 3.4375
v 1.636367 -1.094713 3.4375
v 1.681782 -0.866395 3.4375
v 1.667232 -0.635038 3.524517
v 1.622376 -0.409531 3.524517
v 1.534388 -0.197108 3.524517
v 1.406648 -0.005933 3.524517
v 1.244067 0.156648 3.524517
v 1.052892 0.284388 3.524517
v 0.840469 0.372376 3.524517
v 0.614962 0.417232 3.524517
v 0.385038 0.417232 3.524517
v 0.159531 0.372376 3.524517
v -0.052892 0.284388 3.524517
v -0.244067 0.156648 3.524517
v -0.406648 -0.005933 3.524517
v -0.534388 -0.197108 3.524517
v -0.622376 -0.409531 3.524517
v -0.667232 -0.635038 3.524517
v -0.667232 -0.864962 3.524517
v -0.622376 -1.090469 3.524517
v -0.534388 -1.302892 3.524517
v -0.406648 -1.494067 3.524517
v -0.244067 -1.656648 3.524517
v -0.052892 -1.784388 3.524517
v 0.159531 -1.872376 3.524517
v 0.385038 -1.917232 3.524517
v 0.614962 -1.917232 3.524517
v 0.840469 -1.872376 3.524517
v 1.052892 -1.784388 3.524517
v 1.244067 -1.656648 3.524517
v 1.406648 -1.494067 3.524517
v 1.534388 -1.302892 3.524517
v 1.622376 -1.090469 3.524517
v 1.667232 -0.864962 3.524517
v 1.623941 -0.639301 3.609391
v 1.580749 -0.422158 3.609391
v 1.496024 -0.217614 3.609391
v 1.373022 -0.033529 3.609391
v 1.216471 0.123022 3.609391
v 1.032386 0.246024 3.609391
v 0.827842 0.330749 3.609391
v 0.610699 0.373941 3.609391
v 0.389301 0.373941 3.609391
v 0.172158 0.330749 3.609391
v -0.032386 0.246024 3.609391
v -0.216471 0.123022 3.609391
v -0.373022 -0.033529 3.609391
v -0.496024 -0.217614 3.609391
v -0.580749 -0.422158 3.609391
v -0.623941 -0.639301 3.609391
v -0.623941 -0.860699 3.609391
v -0.580749 -1.077842 3.609391
v -0.496024 -1.282386 3.609391
v -0.373022 -1.466471 3.609391
v -0.216471 -1.623022 3.609391
v -0.032386 -1.746024 3.609391
v 0.172158 -1.830749 3.609391
v 0.389301 -1.873941 3.609391
v 0.610699 -1.873941 3.609391
v 0.827842 -1.830749 3.609391
v 1.032386 -1.746024 3.609391
v 1.216471 -1.623022 3.609391
v 1.373022 -1.466471 3.609391
v 1.496024 -1.282386 3.609391
v 1.580749 -1.077842 3.609391
v 1.623941 -0.860699 3.609391
v 1.552975 -0.646291 3.690032
v 1.51251 -0.442858 3.690032
v 1.433135 -0.251229 3.690032
v 1.317899 -0.078767 3.690032
v 1.171233 0.067899 3.690032
v 0.998771 0.183135 3.690032
v 0.807142 0.26251 3.690032
v 0.603709 0.302975 3.690032
v 0.396291 0.302975 3.690032
v 0.192858 0.26251 3.690032
v 0.001229 0.183135 3.690032
v -0.171233 0.067899 3.690032
v -0.317899 -0.078767 3.690032
v -0.433135 -0.251229 3.690032
v -0.51251 -0.442858 3.690032
v -0.552975 -0.646291 3.690032
v -0.552975 -0.853709 3.690032
v -0.51251 -1.057142 3.690032
v -0.433135 -1.248771 3.690032
v -0.317899 -1.421233 3.690032
v -0.171233 -1.567899 3.690032
v 0.001229 -1.683135 3.690032
v 0.192858 -1.76251 3.690032
v 0.396291 -1.802975 3.690032
v 0.603709 -1.802975 3.690032
v 0.807142 -1.76251 3.690032
v 0.998771 -1.683135 3.690032
v 1.171233 -1.567899 3.690032
v 1.317899 -1.421233 3.690032
v 1.433135 -1.248771 3.690032
v 1.51251 -1.057142 3.690032
v 1.552975 -0.853709 3.690032
v 1.456082 -0.655834 3.764456
v 1.41934 -0.471121 3.764456
v 1.347269 -0.297126 3.764456
v 1.242637 -0.140533 3.764456
v 1.109467 -0.007363 3.764456
v 0.952874 0.097269 3.764456
v 0.778879 0.16934 3.764456
v 0.594166 0.206082 3.764456
v 0.405834 0.206082 3.764456
v 0.221121 0.16934 3.764456
v 0.047126 0.097269 3.764456
v -0.109467 -0.007363 3.764456
v -0.242637 -0.140533 3.764456
v -0.347269 -0.297126 3.764456
v -0.41934 -0.471121 3.764456
v -0.456082 -0.655834 3.764456
v -0.456082 -0.844166 3.764456
v -0.41934 -1.028879 3.764456
v -0.347269 -1.202874 3.764456
v -0.242637 -1.359467 3.764456
v -0.109467 -1.492637 3.764456
v 0.047126 -1.597269 3.764456
v 0.221121 -1.66934 3.764456
v 0.405834 -1.706082 3.764456
v 0.594166 -1.706082 3.764456
v 0.778879 -1.66934 3.764456
v 0.952874 -1.597269 3.764456
v 1.109467 -1.492637 3.764456
v 1.242637 -1.359467 3.764456
v 1.347269 -1.202874 3.764456
v 1.41934 -1.028879 3.764456
v 1.456082 -0.844166 3.764456
v 1.335646 -0.667696 3.830828
v 1.303533 -0.506251 3.830828
v 1.24054 -0.354173 3.830828
v 1.149089 -0.217307 3.830828
v 1.032693 -0.100911 3.830828
v 0.895827 -0.00946 3.830828
v 0.743749 0.053533 3.830828
v 0.582304 0.085646 3.830828
v 0.417696 0.085646 3.830828
v 0.256251 0.053533 3.830828
v 0.104173 -0.00946 3.830828
v -0.032693 -0.100911 3.830828
v -0.149089 -0.217307 3.830828
v -0.24054 -0.354173 3.830828
v -0.303533 -0.506251 3.830828
v -0.335646 -0.667696 3.830828
v -0.335646 -0.832304 3.830828
v -0.303533 -0.993749 3.830828
v -0.24054 -1.145827 3.830828
v -0.149089 -1.282693 3.830828
v -0.032693 -1.399089 3.830828
v 0.104173 -1.49054 3.830828
v 0.256251 -1.553533 3.830828
v 0.417696 -1.585646 3.830828
v 0.582304 -1.585646 3.830828
v 0.743749 -1.553533 3.830828
v 0.895827 -1.49054 3.830828
v 1.032693 -1.399089 3.830828
v 1.149089 -1.282693 3.830828
v 1.24054 -1.145827 3.830828
v 1.303533 -0.993749 3.830828
v 1.335646 -0.832304 3.830828
v 1.194634 -0.681585 3.887516
v 1.16794 -0.547383 3.887516
v 1.115577 -0.420967 3.887516
v 1.039557 -0.307197 3.887516
v 0.942803 -0.210443 3.887516
v 0.829033 -0.134423 3.887516
v 0.702617 -0.08206 3.887516
v 0.568415 -0.055366 3.887516
v 0.431585 -0.055366 3.887516
v 0.297383 -0.08206 3.887516
v 0.170967 -0.134423 3.887516
v 0.057197 -0.210443 3.887516
v -0.039557 -0.307197 3.887516
v -0.115577 -0.420967 3.887516
v -0.16794 -0.547383 3.887516
v -0.194634 -0.681585 3.887516
v -0.194634 -0.818415 3.887516
v -0.16794 -0.952617 3.887516
v -0.115577 -1.079033 3.887516
v -0.039557 -1.192803 3.887516
v 0.057197 -1.289557 3.887516
v 0.170967 -1.365577 3.887516
v 0.297383 -1.41794 3.887516
v 0.431585 -1.444634 3.887516
v 0.568415 -1.444634 3.887516
v 0.702617 -1.41794 3.887516
v 0.829033 -1.365577 3.887516
v 0.942803 -1.289557 3.887516
v 1.039557 -1.192803 3.887516
v 1.115577 -1.079033 3.887516
v 1.16794 -0.952617 3.887516
v 1.194634 -0.818415 3.887516
v 1.036518 -0.697158 3.933122
v 1.0159 -0.593504 3.933122
v 0.975456 -0.495864 3.933122
v 0.916741 -0.40799 3.933122
v 0.84201 -0.333259 3.933122
v 0.754136 -0.274544 3.933122
v 0.656496 -0.2341 3.933122
v 0.552842 -0.213482 3.933122
v 0.447158 -0.213482 3.933122
v 0.343504 -0.2341 3.933122
v 0.245864 -0.274544 3.933122
v 0.15799 -0.333259 3.933122
v 0.083259 -0.40799 3.933122
v 0.024544 -0.495864 3.933122
v -0.0159 -0.593504 3.933122
v -0.036518 -0.697158 3.933122
v -0.036518 -0.802842 3.933122
v -0.0159 -0.906496 3.933122
v 0.024544 -1.004136 3.933122
v 0.083259 -1.09201 3.933122
v 0.15799 -1.166741 3.933122
v 0.245864 -1.225456 3.933122
v 0.343504 -1.2659 3.933122
v 0.447158 -1.286518 3.933122
v 0.552842 -1.286518 3.933122
v 0.656496 -1.2659 3.933122
v 0.754136 -1.225456 3.933122
v 0.84201 -1.166741 3.933122
v 0.916741 -1.09201 3.933122
v 0.975456 -1.004136 3.933122
v 1.0159 -0.906496 3.933122
v 1.036518 -0.802842 3.933122
v 0.865191 -0.714032 3.966525
v 0.851157 -0.643478 3.966525
v 0.823628 -0.577017 3.966525
v 0.783662 -0.517205 3.966525
v 0.732795 -0.466338 3.966525
v 0.672983 -0.426372 3.966525
v 0.606522 -0.398843 3.966525
v 0.535968 -0.384809 3.966525
v 0.464032 -0.384809 3.966525
v 0.393478 -0.398843 3.966525
v 0.327017 -0.426372 3.966525
v 0.267205 -0.466338 3.966525
v 0.216338 -0.517205 3.966525
v 0.176372 -0.577017 3.966525
v 0.148843 -0.643478 3.966525
v 0.134809 -0.714032 3.966525
v 0.134809 -0.785968 3.966525
v 0.148843 -0.856522 3.966525
v 0.176372 -0.922983 3.966525
v 0.216338 -0.982795 3.966525
v 0.267205 -1.033662 3.966525
v 0.327017 -1.073628 3.966525
v 0.393478 -1.101157 3.966525
v 0.464032 -1.115191 3.966525
v 0.535968 -1.115191 3.966525
v 0.606522 -1.101157 3.966525
v 0.672983 -1.073628 3.966525
v 0.732795 -1.033662 3.966525
v 0.783662 -0.982795 3.966525
v 0.823628 -0.922983 3.966525
v 0.851157 -0.856522 3.966525
v 0.865191 -0.785968 3.966525
v 0.684871 -0.731792 3.986902
v 0.677767 -0.696075 3.986902
v 0.663831 -0.662431 3.986902
v 0.643599 -0.632151 3.986902
v 0.617849 -0.606401 3.986902
v 0.587569 -0.586169 3.986902
v 0.553925 -0.572233 3.986902
v 0.518208 -0.565129 3.986902
v 0.481792 -0.565129 3.986902
v 0.446075 -0.572233 3.986902
v 0.412431 -0.586169 3.986902
v 0.382151 -0.606401 3.986902
v 0.356401 -0.632151 3.986902
v 0.336169 -0.662431 3.986902
v 0.322233 -0.696075 3.986902
v 0.315129 -0.731792 3.986902
v 0.315129 -0.768208 3.986902
v 0.322233 -0.803925 3.986902
v 0.336169 -0.837569 3.986902
v 0.356401 -0.867849 3.986902
v 0.382151 -0.893599 3.986902
v 0.412431 -0.913831 3.986902
v 0.446075 -0.927767 3.986902
v 0.481792 -0.934871 3.986902
v 0.518208 -0.934871 3.986902
v 0.553925 -0.927767 3.986902
v 0.587569 -0.913831 3.986902
v 0.617849 -0.893599 3.986902
v 0.643599 -0.867849 3.986902
v 0.663831 -0.837569 3.986902
v 0.677767 -0.803925 3.986902
v 0.684871 -0.768208 3.986902
v 0.5 -0.75 3.99375
v 0.5 -0.75 3.99375
v 0.5 -0.75 3.99375
v 0.5 -0.75 3.99375
v 0.5 -0.75 3.99375
v 0.5 -0.75 3.99375
v 0.5 -0.75 3.99375
v 0.5 -0.75 3.99375
v 0.5 -0.75 3.99375
v 0.5 -0.75 3.99375
v 0.5 -0.75 3.99375
v 0.5 -0.75 3.99375
v 0.5 -0.75 3.99375
v 0.5 -0.75 3.99375
v 0.5 -0.75 3.99375
v 0.5 -0.75 3.99375
v 0.5 -0.75 3.99375
v 0.5 -0.75 3.99375
v 0.5 -0.75 3.99375
v 0.5 -0.75 3.99375
v 0.5 -0.75 3.99375
v 0.5 -0.75 3.99375
v 0.5 -0.75 3.99375
v 0.5 -0.75 3.99375
v 0.5 -0.75 3.99375
v 0.5 -0.75 3.99375
v 0.5 -0.75 3.99375
v 0.5 -0.75 3.99375
v 0.5 -0.75 3.99375
v 0.5 -0.75 3.99375
v 0.5 -0.75 3.99375
v 0.5 -0.75 3.99375
v 0.5 -0.75 -2.99375
v 0.5 -0.75 -2.99375
v 0.5 -0.75 -2.99375
v 0.5 -0.75 -2.99375
v 0.5 -0.75 -2.99375
v 0.5 -0.75 -2.99375
v 0.5 -0.75 -2.99375
v 0.5 -0.75 -2.99375
v 0.5 -0.75 -2.99375
v 0.5 -0.75 -2.99375
v 0.5 -0.75 -2.99375
v 0.5 -0.75 -2.99375
v 0.5 -0.75 -2.99375
v 0.5 -0.75 -2.99375
v 0.5 -0.75 -2.99375
v 0.5 -0.75 -2.99375
v 0.5 -0.75 -2.99375
v 0.5 -0.75 -2.99375
v 0.5 -0.75 -2.99375
v 0.5 -0.75 -2.99375
v 0.5 -0.75 -2.99375
v 0.5 -0.75 -2.99375
v 0.5 -0.75 -2.99375
v 0.5 -0.75 -2.99375
v 0.5 -0.75 -2.99375
v 0.5 -0.75 -2.99375
v 0.5 -0.75 -2.99375
v 0.5 -0.75 -2.99375
v 0.5 -0.75 -2.99375
v 0.5 -0.75 -2.99375
v 0.5 -0.75 -2.99375
v 0.5 -0.75 -2.99375
v 0.684871 -0.731792 -2.986902
v 0.677767 -0.696075 -2.986902
v 0.663831 -0.662431 -2.986902
v 0.643599 -0.632151 -2.986902
v 0.617849 -0.606401 -2.986902
v 0.587569 -0.586169 -2.986902
v 0.553925 -0.572233 -2.986902
v 0.518208 -0.565129 -2.986902
v 0.481792 -0.565129 -2.986902
v 0.446075 -0.572233 -2.986902
v 0.412431 -0.586169 -2.986902
v 0.382151 -0.606401 -2.986902
v 0.356401 -0.632151 -2.986902
v 0.336169 -0.662431 -2.986902
v 0.322233 -0.696075 -2.986902
v 0.315129 -0.731792 -2.986902
v 0.315129 -0.768208 -2.986902
v 0.322233 -0.803925 -2.986902
v 0.336169 -0.837569 -2.986902
v 0.356401 -0.867849 -2.986902
v 0.382151 -0.893599 -2.986902
v 0.412431 -0.913831 -2.986902
v 0.446075 -0.927767 -2.986902
v 0.481792 -0.934871 -2.986902
v 0.518208 -0.934871 -2.986902
v 0.553925 -0.927767 -2.986902
v 0.587569 -0.913831 -2.986902
v 0.617849 -0.893599 -2.986902
v 0.643599 -0.867849 -2.986902
v 0.663831 -0.837569 -2.986902
v 0.677767 -0.803925 -2.986902
v 0.684871 -0.768208 -2.986902
v 0.865191 -0.714032 -2.966525
v 0.851157 -0.643478 -2.966525
v 0.823628 -0.577017 -2.966525
v 0.783662 -0.517205 -2.966525
v 0.732795 -0.466338 -2.966525
v 0.672983 -0.426372 -2.966525
v 0.606522 -0.398843 -2.966525
v 0.535968 -0.384809 -2.966525
v 0.464032 -0.384809 -2.966525
v 0.393478 -0.398843 -2.966525
v 0.327017 -0.426372 -2.966525
v 0.267205 -0.466338 -2.966525
v 0.216338 -0.517205 -2.966525
v 0.176372 -0.577017 -2.966525
v 0.148843 -0.643478 -2.966525
v 0.134809 -0.714032 -2.966525
v 0.134809 -0.785968 -2.966525
v 0.148843 -0.856522 -2.966525
v 0.176372 -0.922983 -2.966525
v 0.216338 -0.982795 -2.966525
v 0.267205 -1.033662 -2.966525
v 0.327017 -1.073628 -2.966525
v 0.393478 -1.101157 -2.966525
v 0.464032 -1.115191 -2.966525
v 0.535968 -1.115191 -2.966525
v 0.606522 -1.101157 -2.966525
v 0.672983 -1.073628 -2.966525
v 0.732795 -1.033662 -2.966525
v 0.783662 -0.982795 -2.966525
v 0.823628 -0.922983 -2.966525
v 0.851157 -0.856522 -2.966525
v 0.865191 -0.785968 -2.966525
v 1.036518 -0.697158 -2.933122
v 1.0159 -0.593504 -2.933122
v 0.975456 -0.495864 -2.933122
v 0.916741 -0.40799 -2.933122
v 0.84201 -0.333259 -2.933122
v 0.754136 -0.274544 -2.933122
v 0.656496 -0.2341 -2.933122
v 0.552842 -0.213482 -2.933122
v 0.447158 -0.213482 -2.933122
v 0.343504 -0.2341 -2.933122
v 0.245864 -0.274544 -2.933122
v 0.15799 -0.333259 -2.933122
v 0.083259 -0.40799 -2.933122
v 0.024544 -0.495864 -2.933122
v -0.0159 -0.593504 -2.933122
v -0.036518 -0.697158 -2.933122
v -0.036518 -0.802842 -2.933122
v -0.0159 -0.906496 -2.933122
v 0.024544 -1.004136 -2.933122
v 0.083259 -1.09201 -2.933122
v 0.15799 -1.166741 -2.933122
v 0.245864 -1.225456 -2.933122
v 0.343504 -1.2659 -2.933122
v 0.447158 -1.286518 -2.933122
v 0.552842 -1.286518 -2.933122
v 0.656496 -1.2659 -2.933122
v 0.754136 -1.225456 -2.933122
v 0.84201 -1.166741 -2.933122
v 0.916741 -1.09201 -2.933122
v 0.975456 -1.004136 -2.933122
v 1.0159 -0.906496 -2.933122
v 1.036518 -0.802842 -2.933122
v 1.194634 -0.681585 -2.887516
v 1.16794 -0.547383 -2.887516
v 1.115577 -0.420967 -2.887516
v 1.039557 -0.307197 -2.887516
v 0.942803 -0.210443 -2.887516
v 0.829033 -0.134423 -2.887516
v 0.702617 -0.08206 -2.887516
v 0.568415 -0.055366 -2.887516
v 0.431585 -0.055366 -2.887516
v 0.297383 -0.08206 -2.887516
v 0.170967 -0.134423 -2.887516
v 0.057197 -0.210443 -2.887516
v -0.039557 -0.307197 -2.887516
v -0.115577 -0.420967 -2.887516
v -0.16794 -0.547383 -2.887516
v -0.194634 -0.681585 -2.887516
v -0.194634 -0.818415 -2.887516
v -0.16794 -0.952617 -2.887516
v -0.115577 -1.079033 -2.887516
v -0.039557 -1.192803 -2.887516
v 0.057197 -1.289557 -2.887516
v 0.170967 -1.365577 -2.887516
v 0.297383 -1.41794 -2.887516
v 0.431585 -1.444634 -2.887516
v 0.568415 -1.444634 -2.887516
v 0.702617 -1.41794 -2.887516
v 0.829033 -1.365577 -2.887516
v 0.942803 -1.289557 -2.887516
v 1.039557 -1.192803 -2.887516
v 1.115577 -1.079033 -2.887516
v 1.16794 -0.952617 -2.887516
v 1.194634 -0.818415 -2.887516
v 1.335646 -0.667696 -2.830828
v 1.303533 -0.506251 -2.830828
v 1.24054 -0.354173 -2.830828
v 1.149089 -0.217307 -2.830828
v 1.032693 -0.100911 -2.830828
v 0.895827 -0.00946 -2.830828
v 0.743749 0.053533 -2.830828
v 0.582304 0.085646 -2.830828
v 0.417696 0.085646 -2.830828
v 0.256251 0.053533 -2.830828
v 0.104173 -0.00946 -2.830828
v -0.032693 -0.100911 -2.830828
v -0.149089 -0.217307 -2.830828
v -0.24054 -0.354173 -2.830828
v -0.303533 -0.506251 -2.830828
v -0.335646 -0.667696 -2.830828
v -0.335646 -0.832304 -2.830828
v -0.303533 -0.993749 -2.830828
v -0.24054 -1.145827 -2.830828
v -0.149089 -1.282693 -2.830828
v -0.032693 -1.399089 -2.830828
v 0.104173 -1.49054 -2.830828
v 0.256251 -1.553533 -2.830828
v 0.417696 -1.585646 -2.830828
v 0.582304 -1.585646 -2.830828
v 0.743749 -1.553533 -2.830828
v 0.895827 -1.49054 -2.830828
v 1.032693 -1.399089 -2.830828
v 1.149089 -1.282693 -2.830828
v 1.24054 -1.145827 -2.830828
v 1.303533 -0.993749 -2.830828
v 1.335646 -0.832304 -2.830828
v 1.456082 -0.655834 -2.764456
v 1.41934 -0.471121 -2.764456
v 1.347269 -0.297126 -2.764456
v 1.242637 -0.140533 -2.764456
v 1.109467 -0.007363 -2.764456
v 0.952874 0.097269 -2.764456
v 0.778879 0.16934 -2.764456
v 0.594166 0.206082 -2.764456
v 0.405834 0.206082 -2.764456
v 0.221121 0.16934 -2.764456
v 0.047126 0.097269 -2.764456
v -0.109467 -0.007363 -2.764456
v -0.242637 -0.140533 -2.764456
v -0.347269 -0.297126 -2.764456
v -0.41934 -0.471121 -2.764456
v -0.456082 -0.655834 -2.764456
v -0.456082 -0.844166 -2.764456
v -0.41934 -1.028879 -2.764456
v -0.347269 -1.202874 -2.764456
v -0.242637 -1.359467 -2.764456
v -0.109467 -1.492637 -2.764456
v 0.047126 -1.597269 -2.764456
v 0.221121 -1.66934 -2.764456
v 0.405834 -1.706082 -2.764456
v 0.594166 -1.706082 -2.764456
v 0.778879 -1.66934 -2.764456
v 0.952874 -1.597269 -2.764456
v 1.109467 -1.492637 -2.764456
v 1.242637 -1.359467 -2.764456
v 1.347269 -1.202874 -2.764456
v 1.41934 -1.028879 -2.764456
v 1.456082 -0.844166 -2.764456
v 1.552975 -0.646291 -2.690032
v 1.51251 -0.442858 -2.690032
v 1.433135 -0.251229 -2.690032
v 1.317899 -0.078767 -2.690032
v 1.171233 0.067899 -2.690032
v 0.998771 0.183135 -2.690032
v 0.807142 0.26251 -2.690032
v 0.603709 0.302975 -2.690032
v 0.396291 0.302975 -2.690032
v 0.192858 0.26251 -2.690032
v 0.001229 0.183135 -2.690032
v -0.171233 0.067899 -2.690032
v -0.317899 -0.078767 -2.690032
v -0.433135 -0.251229 -2.690032
v -0.51251 -0.442858 -2.690032
v -0.552975 -0.646291 -2.690032
v -0.552975 -0.853709 -2.690032
v -0.51251 -1.057142 -2.690032
v -0.433135 -1.248771 -2.690032
v -0.317899 -1.421233 -2.690032
v -0.171233 -1.567899 -2.690032
v 0.001229 -1.683135 -2.690032
v 0.192858 -1.76251 -2.690032
v 0.396291 -1.802975 -2.690032
v 0.603709 -1.802975 -2.690032
v 0.807142 -1.76251 -2.690032
v 0.998771 -1.683135 -2.690032
v 1.171233 -1.567899 -2.690032
v 1.317899 -1.421233 -2.690032
v 1.433135 -1.248771 -2.690032
v 1.51251 -1.057142 -2.690032
v 1.552975 -0.853709 -2.690032
v 1.623941 -0.639301 -2.609391
v 1.580749 -0.422158 -2.609391
v 1.496024 -0.217614 -2.609391
v 1.373022 -0.033529 -2.609391
v 1.216471 0.123022 -2.609391
v 1.032386 0.246024 -2.609391
v 0.827842 0.330749 -2.609391
v 0.610699 0.373941 -2.609391
v 0.389301 0.373941 -2.609391
v 0.172158 0.330749 -2.609391
v -0.032386 0.246024 -2.609391
v -0.216471 0.123022 -2.609391
v -0.373022 -0.033529 -2.609391
v -0.496024 -0.217614 -2.609391
v -0.580749 -0.422158 -2.609391
v -0.623941 -0.639301 -2.609391
v -0.623941 -0.860699 -2.609391
v -0.580749 -1.077842 -2.609391
v -0.496024 -1.282386 -2.609391
v -0.373022 -1.466471 -2.609391
v -0.216471 -1.623022 -2.609391
v -0.032386 -1.746024 -2.609391
v 0.172158 -1.830749 -2.609391
v 0.389301 -1.873941 -2.609391
v 0.610699 -1.873941 -2.609391
v 0.827842 -1.830749 -2.609391
v 1.032386 -1.746024 -2.609391
v 1.216471 -1.623022 -2.609391
v 1.373022 -1.466471 -2.609391
v 1.496024 -1.282386 -2.609391
v 1.580749 -1.077842 -2.609391
v 1.623941 -0.860699 -2.609391
v 1.667232 -0.635038 -2.524517
v 1.622376 -0.409531 -2.524517
v 1.534388 -0.197108 -2.524517
v 1.406648 -0.005933 -2.524517
v 1.244067 0.156648 -2.524517
v 1.052892 0.284388 -2.524517
v 0.840469 0.372376 -2.524517
v 0.614962 0.417232 -2.524517
v 0.385038 0.417232 -2.524517
v 0.159531 0.372376 -2.524517
v -0.052892 0.284388 -2.524517
v -0.244067 0.156648 -2.524517
v -0.406648 -0.005933 -2.524517
v -0.534388 -0.197108 -2.524517
v -0.622376 -0.409531 -2.524517
v -0.667232 -0.635038 -2.524517
v -0.667232 -0.864962 -2.524517
v -0.622376 -1.090469 -2.524517
v -0.534388 -1.302892 -2.524517
v -0.406648 -1.494067 -2.524517
v -0.244067 -1.656648 -2.524517
v -0.052892 -1.784388 -2.524517
v 0.159531 -1.872376 -2.524517
v 0.385038 -1.917232 -2.524517
v 0.614962 -1.917232 -2.524517
v 0.840469 -1.872376 -2.524517
v 1.052892 -1.784388 -2.524517
v 1.244067 -1.656648 -2.524517
v 1.406648 -1.494067 -2.524517
v 1.534388 -1.302892 -2.524517
v 1.622376 -1.090469 -2.524517
v 1.667232 -0.864962 -2.524517
v 1.681782 -0.633605 -2.4375
v 1.636367 -0.405287 -2.4375
v 1.547282 -0.190216 -2.4375
v 1.41795 0.003342 -2.4375
v 1.253342 0.16795 -2.4375
v 1.059784 0.297282 -2.4375
v 0.844713 0.386367 -2.4375
v 0.616395 0.431782 -2.4375
v 0.383605 0.431782 -2.4375
v 0.155287 0.386367 -2.4375
v -0.059784 0.297282 -2.4375
v -0.253342 0.16795 -2.4375
v -0.41795 0.003342 -2.4375
v -0.547282 -0.190216 -2.4375
v -0.636367 -0.405287 -2.4375
v -0.681782 -0.633605 -2.4375
v -0.681782 -0.866395 -2.4375
v -0.636367 -1.094713 -2.4375
v -0.547282 -1.309784 -2.4375
v -0.41795 -1.503342 -2.4375
v -0.253342 -1.66795 -2.4375
v -0.059784 -1.797282 -2.4375
v 0.155287 -1.886367 -2.4375
v 0.383605 -1.931782 -2.4375
v 0.616395 -1.931782 -2.4375
v 0.844713 -1.886367 -2.4375
v 1.059784 -1.797282 -2.4375
v 1.253342 -1.66795 -2.4375
v 1.41795 -1.503342 -2.4375
v 1.547282 -1.309784 -2.4375
v 1.636367 -1.094713 -2.4375
v 1.681782 -0.866395 -2.4375
vt 0.243408 0.530854
vt 0.243408 0.516759
vt 0.599121 0.516759
vt 0.599121 0.530854
vt 0.243408 0.516759
vt 0.243408 0.502935
vt 0.599121 0.502935
vt 0.599121 0.516759
vt 0.001221 0.310791
vt 0.001221 0.296764
vt 0.356934 0.296764
vt 0.356934 0.310791
vt 0.001221 0.296764
vt 0.001221 0.282737
vt 0.356934 0.282737
vt 0.356934 0.296764
vt 0.358643 0.370361
vt 0.358643 0.356334
vt 0.714355 0.356334
vt 0.714355 0.370361
vt 0.358643 0.356334
vt 0.358643 0.342308
vt 0.714355 0.342308
vt 0.714355 0.356334
vt 0.001221 0.400146
vt 0.001221 0.38612
vt 0.356934 0.38612
vt 0.356934 0.400146
vt 0.001221 0.38612
vt 0.001221 0.372093
vt 0.356934 0.372093
vt 0.356934 0.38612
vt 0.358643 0.400146
vt 0.358643 0.38612
vt 0.714355 0.38612
vt 0.714355 0.400146
vt 0.358643 0.38612
vt 0.358643 0.372093
vt 0.714355 0.372093
vt 0.714355 0.38612
vt 0.001221 0.370361
vt 0.001221 0.356334
vt 0.356934 0.356334
vt 0.356934 0.370361
vt 0.001221 0.356334
vt 0.001221 0.342308
vt 0.356934 0.342308
vt 0.356934 0.356334
vt 0.001221 0.340576
vt 0.001221 0.326549
vt 0.356934 0.326549
vt 0.356934 0.340576
vt 0.001221 0.326549
vt 0.001221 0.312522
vt 0.356934 0.312522
vt 0.356934 0.326549
vt 0.358643 0.340576
vt 0.358643 0.326549
vt 0.714355 0.326549
vt 0.714355 0.340576
vt 0.358643 0.326549
vt 0.358643 0.312522
vt 0.714355 0.312522
vt 0.714355 0.326549
vt 0.358643 0.429932
vt 0.358643 0.415905
vt 0.714355 0.415905
vt 0.714355 0.429932
vt 0.358643 0.415905
vt 0.358643 0.401878
vt 0.714355 0.401878
vt 0.714355 0.415905
vt 0.001221 0.281006
vt 0.001221 0.266979
vt 0.356934 0.266979
vt 0.356934 0.281006
vt 0.001221 0.266979
vt 0.001221 0.252952
vt 0.356934 0.252952
vt 0.356934 0.266979
vt 0.358643 0.459717
vt 0.358643 0.44569
vt 0.714355 0.44569
vt 0.714355 0.459717
vt 0.358643 0.44569
vt 0.358643 0.431663
vt 0.714355 0.431663
vt 0.714355 0.44569
vt 0.358643 0.310791
vt 0.358643 0.296764
vt 0.714355 0.296764
vt 0.714355 0.310791
vt 0.358643 0.296764
vt 0.358643 0.282737
vt 0.714355 0.282737
vt 0.714355 0.296764
vt 0.001221 0.429932
vt 0.001221 0.415905
vt 0.356934 0.415905
vt 0.356934 0.429932
vt 0.001221 0.415905
vt 0.001221 0.401878
vt 0.356934 0.401878
vt 0.356934 0.415905
vt 0.358643 0.281006
vt 0.358643 0.266979
vt 0.714355 0.266979
vt 0.714355 0.281006
vt 0.358643 0.266979
vt 0.358643 0.252952
vt 0.714355 0.252952
vt 0.714355 0.266979
vt 0.001221 0.459717
vt 0.001221 0.44569
vt 0.356934 0.44569
vt 0.356934 0.459717
vt 0.001221 0.44569
vt 0.001221 0.431663
vt 0.356934 0.431663
vt 0.356934 0.44569
vt 0.067139 0.226318
vt 0.067139 0.212224
vt 0.422852 0.212224
vt 0.422852 0.226318
vt 0.243408 0.544678
vt 0.243408 0.530854
vt 0.599121 0.530854
vt 0.599121 0.544678
vt 0.71817 0.117007
vt 0.732264 0.117007
vt 0.732178 0.122349
vt 0.718256 0.122349
vt 0.732264 0.117007
vt 0.746088 0.117467
vt 0.745831 0.122803
vt 0.732178 0.122349
vt 0.150146 0.109162
vt 0.164173 0.108933
vt 0.164173 0.114276
vt 0.150319 0.114502
vt 0.164173 0.108933
vt 0.1782 0.109162
vt 0.178028 0.114502
vt 0.164173 0.114276
vt 0.418213 0.109162
vt 0.43224 0.108933
vt 0.43224 0.114276
vt 0.418386 0.114502
vt 0.43224 0.108933
vt 0.446267 0.109162
vt 0.446094 0.114502
vt 0.43224 0.114276
vt 0.090576 0.109162
vt 0.104603 0.108933
vt 0.104603 0.114276
vt 0.090749 0.114502
vt 0.104603 0.108933
vt 0.11863 0.109162
vt 0.118457 0.114502
vt 0.104603 0.114276
vt 0.88208 0.117463
vt 0.896107 0.117234
vt 0.896107 0.122577
vt 0.882253 0.122803
vt 0.896107 0.117234
vt 0.910134 0.117463
vt 0.909961 0.122803
vt 0.896107 0.122577
vt 0.94165 0.117463
vt 0.955677 0.117234
vt 0.955677 0.122577
vt 0.941823 0.122803
vt 0.955677 0.117234
vt 0.969704 0.117463
vt 0.969531 0.122803
vt 0.955677 0.122577
vt 0.179932 0.109162
vt 0.193959 0.108933
vt 0.193959 0.114276
vt 0.180104 0.114502
vt 0.193959 0.108933
vt 0.207985 0.109162
vt 0.207813 0.114502
vt 0.193959 0.114276
vt 0.447998 0.109162
vt 0.462025 0.108933
vt 0.462025 0.114276
vt 0.448171 0.114502
vt 0.462025 0.108933
vt 0.476052 0.109162
vt 0.475879 0.114502
vt 0.462025 0.114276
vt 0.031006 0.109162
vt 0.045033 0.108933
vt 0.045033 0.114276
vt 0.031179 0.114502
vt 0.045033 0.108933
vt 0.05906 0.109162
vt 0.058887 0.114502
vt 0.045033 0.114276
vt 0.656494 0.109162
vt 0.670521 0.108933
vt 0.670521 0.114276
vt 0.656667 0.114502
vt 0.670521 0.108933
vt 0.684548 0.109162
vt 0.684375 0.114502
vt 0.670521 0.114276
vt 0.358643 0.109162
vt 0.372669 0.108933
vt 0.372669 0.114276
vt 0.358815 0.114502
vt 0.372669 0.108933
vt 0.386696 0.109162
vt 0.386524 0.114502
vt 0.372669 0.114276
vt 0.596924 0.109162
vt 0.610951 0.108933
vt 0.610951 0.114276
vt 0.597097 0.114502
vt 0.610951 0.108933
vt 0.624978 0.109162
vt 0.624805 0.114502
vt 0.610951 0.114276
vt 0.82251 0.117463
vt 0.836537 0.117234
vt 0.836537 0.122577
vt 0.822682 0.122803
vt 0.836537 0.117234
vt 0.850564 0.117463
vt 0.850391 0.122803
vt 0.836537 0.122577
vt 0.239502 0.109162
vt 0.253529 0.108933
vt 0.253529 0.114276
vt 0.239675 0.114502
vt 0.253529 0.108933
vt 0.267556 0.109162
vt 0.267383 0.114502
vt 0.253529 0.114276
vt 0.299072 0.109162
vt 0.313099 0.108933
vt 0.313099 0.114276
vt 0.299245 0.114502
vt 0.313099 0.108933
vt 0.327126 0.109162
vt 0.326953 0.114502
vt 0.313099 0.114276
vt 0.686279 0.10916
vt 0.700374 0.10916
vt 0.700287 0.114502
vt 0.686366 0.114502
vt 0.704346 0.117467
vt 0.71817 0.117007
vt 0.718256 0.122349
vt 0.704603 0.122803
vt 0.750714 0.125599
vt 0.764635 0.125599
vt 0.764377 0.131368
vt 0.750972 0.131368
vt 0.764635 0.125599
vt 0.778289 0.126846
vt 0.777525 0.132568
vt 0.764377 0.131368
vt 0.871826 0.126817
vt 0.88568 0.126195
vt 0.88568 0.131969
vt 0.87234 0.132568
vt 0.88568 0.126195
vt 0.899535 0.126817
vt 0.899021 0.132568
vt 0.88568 0.131969
vt 0.901123 0.126817
vt 0.914977 0.126195
vt 0.914977 0.131969
vt 0.901637 0.132568
vt 0.914977 0.126195
vt 0.928831 0.126817
vt 0.928318 0.132568
vt 0.914977 0.131969
vt 0.411377 0.117051
vt 0.425231 0.116429
vt 0.425231 0.122203
vt 0.411891 0.122803
vt 0.425231 0.116429
vt 0.439085 0.117051
vt 0.438571 0.122803
vt 0.425231 0.122203
vt 0.235596 0.117051
vt 0.24945 0.116429
vt 0.24945 0.122203
vt 0.23611 0.122803
vt 0.24945 0.116429
vt 0.263304 0.117051
vt 0.26279 0.122803
vt 0.24945 0.122203
vt 0.264893 0.117051
vt 0.278747 0.116429
vt 0.278747 0.122203
vt 0.265406 0.122803
vt 0.278747 0.116429
vt 0.292601 0.117051
vt 0.292087 0.122803
vt 0.278747 0.122203
vt 0.294189 0.117051
vt 0.308044 0.116429
vt 0.308044 0.122203
vt 0.294703 0.122803
vt 0.308044 0.116429
vt 0.321898 0.117051
vt 0.321384 0.122803
vt 0.308044 0.122203
vt 0.93042 0.126817
vt 0.944274 0.126195
vt 0.944274 0.131969
vt 0.930934 0.132568
vt 0.944274 0.126195
vt 0.958128 0.126817
vt 0.957614 0.132568
vt 0.944274 0.131969
vt 0.645752 0.117051
vt 0.659606 0.116429
vt 0.659606 0.122203
vt 0.646266 0.122803
vt 0.659606 0.116429
vt 0.67346 0.117051
vt 0.672946 0.122803
vt 0.659606 0.122203
vt 0.587158 0.117051
vt 0.601012 0.116429
vt 0.601012 0.122203
vt 0.587672 0.122803
vt 0.601012 0.116429
vt 0.614867 0.117051
vt 0.614353 0.122803
vt 0.601012 0.122203
vt 0.177002 0.117051
vt 0.190856 0.116429
vt 0.190856 0.122203
vt 0.177516 0.122803
vt 0.190856 0.116429
vt 0.20471 0.117051
vt 0.204196 0.122803
vt 0.190856 0.122203
vt 0.118408 0.117051
vt 0.132262 0.116429
vt 0.132262 0.122203
vt 0.118922 0.122803
vt 0.132262 0.116429
vt 0.146117 0.117051
vt 0.145603 0.122803
vt 0.132262 0.122203
vt 0.528564 0.117051
vt 0.542419 0.116429
vt 0.542419 0.122203
vt 0.529078 0.122803
vt 0.542419 0.116429
vt 0.556273 0.117051
vt 0.555759 0.122803
vt 0.542419 0.122203
vt 0.469971 0.117051
vt 0.483825 0.116429
vt 0.483825 0.122203
vt 0.470485 0.122803
vt 0.483825 0.116429
vt 0.497679 0.117051
vt 0.497165 0.122803
vt 0.483825 0.122203
vt 0.059814 0.117051
vt 0.073669 0.116429
vt 0.073669 0.122203
vt 0.060328 0.122803
vt 0.073669 0.116429
vt 0.087523 0.117051
vt 0.087009 0.122803
vt 0.073669 0.122203
vt 0.79126 0.117034
vt 0.805181 0.117034
vt 0.804923 0.122803
vt 0.791518 0.122803
vt 0.737061 0.126846
vt 0.750714 0.125599
vt 0.750972 0.131368
vt 0.737825 0.132568
vt 0.557026 0.229246
vt 0.570431 0.229246
vt 0.570008 0.235688
vt 0.557449 0.235688
vt 0.570431 0.229246
vt 0.583578 0.231226
vt 0.582325 0.237544
vt 0.570008 0.235688
vt 0.583578 0.231226
vt 0.595963 0.235111
vt 0.593927 0.241184
vt 0.582325 0.237544
vt 0.125732 0.229675
vt 0.138932 0.2279
vt 0.139265 0.234348
vt 0.126899 0.23601
vt 0.138932 0.2279
vt 0.152334 0.228113
vt 0.151821 0.234547
vt 0.139265 0.234348
vt 0.152334 0.228113
vt 0.165423 0.230304
vt 0.164084 0.2366
vt 0.151821 0.234547
vt 0.20874 0.229675
vt 0.221939 0.2279
vt 0.222273 0.234348
vt 0.209907 0.23601
vt 0.221939 0.2279
vt 0.235341 0.228113
vt 0.234828 0.234547
vt 0.222273 0.234348
vt 0.235341 0.228113
vt 0.248431 0.230304
vt 0.247092 0.2366
vt 0.234828 0.234547
vt 0.943604 0.25946
vt 0.956803 0.257686
vt 0.957136 0.264133
vt 0.94477 0.265795
vt 0.956803 0.257686
vt 0.970205 0.257898
vt 0.969692 0.264332
vt 0.957136 0.264133
vt 0.970205 0.257898
vt 0.983294 0.260089
vt 0.981955 0.266385
vt 0.969692 0.264332
vt 0.001221 0.229675
vt 0.01442 0.2279
vt 0.014753 0.234348
vt 0.002387 0.23601
vt 0.01442 0.2279
vt 0.027822 0.228113
vt 0.027309 0.234547
vt 0.014753 0.234348
vt 0.027822 0.228113
vt 0.040912 0.230304
vt 0.039572 0.2366
vt 0.027309 0.234547
vt 0.860596 0.25946
vt 0.873795 0.257686
vt 0.874128 0.264133
vt 0.861762 0.265795
vt 0.873795 0.257686
vt 0.887197 0.257898
vt 0.886684 0.264332
vt 0.874128 0.264133
vt 0.887197 0.257898
vt 0.900287 0.260089
vt 0.898947 0.266385
vt 0.886684 0.264332
vt 0.167236 0.229675
vt 0.180435 0.2279
vt 0.180769 0.234348
vt 0.168403 0.23601
vt 0.180435 0.2279
vt 0.193837 0.228113
vt 0.193324 0.234547
vt 0.180769 0.234348
vt 0.193837 0.228113
vt 0.206927 0.230304
vt 0.205588 0.2366
vt 0.193324 0.234547
vt 0.042725 0.229675
vt 0.055924 0.2279
vt 0.056257 0.234348
vt 0.043891 0.23601
vt 0.055924 0.2279
vt 0.069326 0.228113
vt 0.068813 0.234547
vt 0.056257 0.234348
vt 0.069326 0.228113
vt 0.082415 0.230304
vt 0.081076 0.2366
vt 0.068813 0.234547
vt 0.9021 0.25946
vt 0.915299 0.257686
vt 0.915632 0.264133
vt 0.903266 0.265795
vt 0.915299 0.257686
vt 0.928701 0.257898
vt 0.928188 0.264332
vt 0.915632 0.264133
vt 0.928701 0.257898
vt 0.94179 0.260089
vt 0.940451 0.266385
vt 0.928188 0.264332
vt 0.084229 0.229675
vt 0.097428 0.2279
vt 0.097761 0.234348
vt 0.085395 0.23601
vt 0.097428 0.2279
vt 0.11083 0.228113
vt 0.110317 0.234547
vt 0.097761 0.234348
vt 0.11083 0.228113
vt 0.123919 0.230304
vt 0.12258 0.2366
vt 0.110317 0.234547
vt 0.531494 0.235111
vt 0.543879 0.231226
vt 0.545132 0.237544
vt 0.533529 0.241184
vt 0.543879 0.231226
vt 0.557026 0.229246
vt 0.557449 0.235688
vt 0.545132 0.237544
vt 0.557449 0.235688
vt 0.570008 0.235688
vt 0.56943 0.243074
vt 0.558027 0.243074
vt 0.570008 0.235688
vt 0.582325 0.237544
vt 0.580614 0.244759
vt 0.56943 0.243074
vt 0.582325 0.237544
vt 0.593927 0.241184
vt 0.591149 0.248063
vt 0.580614 0.244759
vt 0.126899 0.23601
vt 0.139265 0.234348
vt 0.13972 0.241742
vt 0.128492 0.243251
vt 0.139265 0.234348
vt 0.151821 0.234547
vt 0.15112 0.241923
vt 0.13972 0.241742
vt 0.151821 0.234547
vt 0.164084 0.2366
vt 0.162255 0.243787
vt 0.15112 0.241923
vt 0.209907 0.23601
vt 0.222273 0.234348
vt 0.222728 0.241742
vt 0.2115 0.243251
vt 0.222273 0.234348
vt 0.234828 0.234547
vt 0.234128 0.241923
vt 0.222728 0.241742
vt 0.234828 0.234547
vt 0.247092 0.2366
vt 0.245263 0.243787
vt 0.234128 0.241923
vt 0.94477 0.265795
vt 0.957136 0.264133
vt 0.957591 0.271527
vt 0.946363 0.273036
vt 0.957136 0.264133
vt 0.969692 0.264332
vt 0.968991 0.271708
vt 0.957591 0.271527
vt 0.969692 0.264332
vt 0.981955 0.266385
vt 0.980126 0.273572
vt 0.968991 0.271708
vt 0.002387 0.23601
vt 0.014753 0.234348
vt 0.015208 0.241742
vt 0.00398 0.243251
vt 0.014753 0.234348
vt 0.027309 0.234547
vt 0.026608 0.241923
vt 0.015208 0.241742
vt 0.027309 0.234547
vt 0.039572 0.2366
vt 0.037743 0.243787
vt 0.026608 0.241923
vt 0.861762 0.265795
vt 0.874128 0.264133
vt 0.874583 0.271527
vt 0.863355 0.273036
vt 0.874128 0.264133
vt 0.886684 0.264332
vt 0.885983 0.271708
vt 0.874583 0.271527
vt 0.886684 0.264332
vt 0.898947 0.266385
vt 0.897118 0.273572
vt 0.885983 0.271708
vt 0.168403 0.23601
vt 0.180769 0.234348
vt 0.181224 0.241742
vt 0.169996 0.243251
vt 0.180769 0.234348
vt 0.193324 0.234547
vt 0.192624 0.241923
vt 0.181224 0.241742
vt 0.193324 0.234547
vt 0.205588 0.2366
vt 0.203759 0.243787
vt 0.192624 0.241923
vt 0.043891 0.23601
vt 0.056257 0.234348
vt 0.056712 0.241742
vt 0.045484 0.243251
vt 0.056257 0.234348
vt 0.068813 0.234547
vt 0.068112 0.241923
vt 0.056712 0.241742
vt 0.068813 0.234547
vt 0.081076 0.2366
vt 0.079247 0.243787
vt 0.068112 0.241923
vt 0.903266 0.265795
vt 0.915632 0.264133
vt 0.916087 0.271527
vt 0.904859 0.273036
vt 0.915632 0.264133
vt 0.928188 0.264332
vt 0.927487 0.271708
vt 0.916087 0.271527
vt 0.928188 0.264332
vt 0.940451 0.266385
vt 0.938622 0.273572
vt 0.927487 0.271708
vt 0.085395 0.23601
vt 0.097761 0.234348
vt 0.098216 0.241742
vt 0.086988 0.243251
vt 0.097761 0.234348
vt 0.110317 0.234547
vt 0.109616 0.241923
vt 0.098216 0.241742
vt 0.110317 0.234547
vt 0.12258 0.2366
vt 0.120751 0.243787
vt 0.109616 0.241923
vt 0.533529 0.241184
vt 0.545132 0.237544
vt 0.546843 0.244759
vt 0.536308 0.248063
vt 0.545132 0.237544
vt 0.557449 0.235688
vt 0.558027 0.243074
vt 0.546843 0.244759
vt 0.558027 0.243074
vt 0.56943 0.243074
vt 0.568712 0.251221
vt 0.558745 0.251221
vt 0.943222 0.504291
vt 0.954624 0.504425
vt 0.953816 0.512594
vt 0.94385 0.512477
vt 0.954624 0.504425
vt 0.96578 0.506671
vt 0.963566 0.514558
vt 0.953816 0.512594
vt 0.128492 0.243251
vt 0.13972 0.241742
vt 0.140285 0.249902
vt 0.130472 0.251221
vt 0.97626 0.510944
vt 0.985662 0.517078
vt 0.980944 0.523653
vt 0.972726 0.518292
vt 0.647217 0.507162
vt 0.658196 0.504239
vt 0.659474 0.512352
vt 0.649878 0.514907
vt 0.2115 0.243251
vt 0.222728 0.241742
vt 0.223293 0.249902
vt 0.21348 0.251221
vt 0.669565 0.503405
vt 0.680887 0.504693
vt 0.679306 0.512748
vt 0.669411 0.511623
vt 0.680887 0.504693
vt 0.691727 0.508052
vt 0.688781 0.515685
vt 0.679306 0.512748
vt 0.946363 0.273036
vt 0.957591 0.271527
vt 0.958156 0.279687
vt 0.948343 0.281006
vt 0.197443 0.504253
vt 0.208662 0.502309
vt 0.20926 0.510489
vt 0.199455 0.512188
vt 0.208662 0.502309
vt 0.220063 0.502487
vt 0.219225 0.510645
vt 0.20926 0.510489
vt 0.00398 0.243251
vt 0.015208 0.241742
vt 0.015774 0.249902
vt 0.00596 0.251221
vt 0.231209 0.50478
vt 0.241671 0.5091
vt 0.238111 0.516425
vt 0.228967 0.512649
vt 0.693604 0.507162
vt 0.704583 0.504239
vt 0.705861 0.512352
vt 0.696264 0.514907
vt 0.863355 0.273036
vt 0.874583 0.271527
vt 0.875149 0.279687
vt 0.865335 0.281006
vt 0.715952 0.503405
vt 0.727274 0.504693
vt 0.725693 0.512748
vt 0.715797 0.511623
vt 0.727274 0.504693
vt 0.738113 0.508052
vt 0.735167 0.515685
vt 0.725693 0.512748
vt 0.169996 0.243251
vt 0.181224 0.241742
vt 0.181789 0.249902
vt 0.171976 0.251221
vt 0.14422 0.504253
vt 0.155439 0.502309
vt 0.156038 0.510489
vt 0.146232 0.512188
vt 0.155439 0.502309
vt 0.16684 0.502487
vt 0.166003 0.510645
vt 0.156038 0.510489
vt 0.045484 0.243251
vt 0.056712 0.241742
vt 0.057277 0.249902
vt 0.047464 0.251221
vt 0.177986 0.50478
vt 0.188448 0.5091
vt 0.184889 0.516425
vt 0.175744 0.512649
vt 0.60083 0.507162
vt 0.611809 0.504239
vt 0.613087 0.512352
vt 0.603491 0.514907
vt 0.904859 0.273036
vt 0.916087 0.271527
vt 0.916652 0.279687
vt 0.906839 0.281006
vt 0.623178 0.503405
vt 0.6345 0.504693
vt 0.63292 0.512748
vt 0.623024 0.511623
vt 0.6345 0.504693
vt 0.64534 0.508052
vt 0.642394 0.515685
vt 0.63292 0.512748
vt 0.086988 0.243251
vt 0.098216 0.241742
vt 0.098781 0.249902
vt 0.088968 0.251221
vt 0.037682 0.463532
vt 0.043813 0.473147
vt 0.036546 0.476914
vt 0.031188 0.468511
vt 0.043813 0.473147
vt 0.048035 0.483724
vt 0.040236 0.486158
vt 0.036546 0.476914
vt 0.911865 0.516212
vt 0.921424 0.5103
vt 0.924798 0.517729
vt 0.916443 0.522896
vt 0.921424 0.5103
vt 0.932012 0.506275
vt 0.934052 0.514211
vt 0.924798 0.517729
vt 0.934052 0.514211
vt 0.94385 0.512477
vt 0.944586 0.521668
vt 0.936441 0.523109
vt 0.94385 0.512477
vt 0.953816 0.512594
vt 0.95287 0.521765
vt 0.944586 0.521668
vt 0.953816 0.512594
vt 0.963566 0.514558
vt 0.960975 0.523397
vt 0.95287 0.521765
vt 0.963566 0.514558
vt 0.972726 0.518292
vt 0.968589 0.526501
vt 0.960975 0.523397
vt 0.972726 0.518292
vt 0.980944 0.523653
vt 0.97542 0.530958
vt 0.968589 0.526501
vt 0.649878 0.514907
vt 0.659474 0.512352
vt 0.66097 0.521451
vt 0.652993 0.523574
vt 0.659474 0.512352
vt 0.669411 0.511623
vt 0.66923 0.520845
vt 0.66097 0.521451
vt 0.669411 0.511623
vt 0.679306 0.512748
vt 0.677456 0.52178
vt 0.66923 0.520845
vt 0.679306 0.512748
vt 0.688781 0.515685
vt 0.685332 0.524221
vt 0.677456 0.52178
vt 0.190186 0.515677
vt 0.199455 0.512188
vt 0.20181 0.521091
vt 0.194105 0.523991
vt 0.199455 0.512188
vt 0.20926 0.510489
vt 0.209961 0.519679
vt 0.20181 0.521091
vt 0.20926 0.510489
vt 0.219225 0.510645
vt 0.218245 0.519808
vt 0.209961 0.519679
vt 0.219225 0.510645
vt 0.228967 0.512649
vt 0.226343 0.521474
vt 0.218245 0.519808
vt 0.228967 0.512649
vt 0.238111 0.516425
vt 0.233944 0.524613
vt 0.226343 0.521474
vt 0.696264 0.514907
vt 0.705861 0.512352
vt 0.707357 0.521451
vt 0.69938 0.523574
vt 0.705861 0.512352
vt 0.715797 0.511623
vt 0.715617 0.520845
vt 0.707357 0.521451
vt 0.715797 0.511623
vt 0.725693 0.512748
vt 0.723843 0.52178
vt 0.715617 0.520845
vt 0.725693 0.512748
vt 0.735167 0.515685
vt 0.731718 0.524221
vt 0.723843 0.52178
vt 0.136963 0.515677
vt 0.146232 0.512188
vt 0.148588 0.521091
vt 0.140883 0.523991
vt 0.146232 0.512188
vt 0.156038 0.510489
vt 0.156738 0.519679
vt 0.148588 0.521091
vt 0.156038 0.510489
vt 0.166003 0.510645
vt 0.165022 0.519808
vt 0.156738 0.519679
vt 0.166003 0.510645
vt 0.175744 0.512649
vt 0.17312 0.521474
vt 0.165022 0.519808
vt 0.175744 0.512649
vt 0.184889 0.516425
vt 0.180721 0.524613
vt 0.17312 0.521474
vt 0.603491 0.514907
vt 0.613087 0.512352
vt 0.614583 0.521451
vt 0.606606 0.523574
vt 0.613087 0.512352
vt 0.623024 0.511623
vt 0.622843 0.520845
vt 0.614583 0.521451
vt 0.623024 0.511623
vt 0.63292 0.512748
vt 0.631069 0.52178
vt 0.622843 0.520845
vt 0.63292 0.512748
vt 0.642394 0.515685
vt 0.638945 0.524221
vt 0.631069 0.52178
vt 0.024368 0.461271
vt 0.031188 0.468511
vt 0.023905 0.474145
vt 0.018236 0.468127
vt 0.031188 0.468511
vt 0.036546 0.476914
vt 0.028358 0.48113
vt 0.023905 0.474145
vt 0.036546 0.476914
vt 0.040236 0.486158
vt 0.031426 0.488815
vt 0.028358 0.48113
vt 0.916443 0.522896
vt 0.924798 0.517729
vt 0.928748 0.526033
vt 0.921804 0.530328
vt 0.924798 0.517729
vt 0.934052 0.514211
vt 0.936441 0.523109
vt 0.928748 0.526033
vt 0.936441 0.523109
vt 0.944586 0.521668
vt 0.94541 0.531636
vt 0.93912 0.532749
vt 0.944586 0.521668
vt 0.95287 0.521765
vt 0.951809 0.531711
vt 0.94541 0.531636
vt 0.95287 0.521765
vt 0.960975 0.523397
vt 0.958069 0.532972
vt 0.951809 0.531711
vt 0.960975 0.523397
vt 0.968589 0.526501
vt 0.96395 0.535369
vt 0.958069 0.532972
vt 0.968589 0.526501
vt 0.97542 0.530958
vt 0.969226 0.538811
vt 0.96395 0.535369
vt 0.652993 0.523574
vt 0.66097 0.521451
vt 0.662648 0.531311
vt 0.656487 0.532951
vt 0.66097 0.521451
vt 0.66923 0.520845
vt 0.669028 0.530843
vt 0.662648 0.531311
vt 0.66923 0.520845
vt 0.677456 0.52178
vt 0.675381 0.531565
vt 0.669028 0.530843
vt 0.677456 0.52178
vt 0.685332 0.524221
vt 0.681464 0.53345
vt 0.675381 0.531565
vt 0.194105 0.523991
vt 0.20181 0.521091
vt 0.204451 0.530743
vt 0.1985 0.532983
vt 0.20181 0.521091
vt 0.209961 0.519679
vt 0.210747 0.529652
vt 0.204451 0.530743
vt 0.209961 0.519679
vt 0.218245 0.519808
vt 0.217145 0.529752
vt 0.210747 0.529652
vt 0.218245 0.519808
vt 0.226343 0.521474
vt 0.2234 0.531039
vt 0.217145 0.529752
vt 0.226343 0.521474
vt 0.233944 0.524613
vt 0.229271 0.533463
vt 0.2234 0.531039
vt 0.69938 0.523574
vt 0.707357 0.521451
vt 0.709034 0.531311
vt 0.702873 0.532951
vt 0.707357 0.521451
vt 0.715617 0.520845
vt 0.715414 0.530843
vt 0.709034 0.531311
vt 0.715617 0.520845
vt 0.723843 0.52178
vt 0.721768 0.531565
vt 0.715414 0.530843
vt 0.723843 0.52178
vt 0.731718 0.524221
vt 0.727851 0.53345
vt 0.721768 0.531565
vt 0.140883 0.523991
vt 0.148588 0.521091
vt 0.151229 0.530743
vt 0.145278 0.532983
vt 0.148588 0.521091
vt 0.156738 0.519679
vt 0.157524 0.529652
vt 0.151229 0.530743
vt 0.156738 0.519679
vt 0.165022 0.519808
vt 0.163922 0.529752
vt 0.157524 0.529652
vt 0.165022 0.519808
vt 0.17312 0.521474
vt 0.170177 0.531039
vt 0.163922 0.529752
vt 0.17312 0.521474
vt 0.180721 0.524613
vt 0.176048 0.533463
vt 0.170177 0.531039
vt 0.606606 0.523574
vt 0.614583 0.521451
vt 0.616261 0.531311
vt 0.6101 0.532951
vt 0.614583 0.521451
vt 0.622843 0.520845
vt 0.622641 0.530843
vt 0.616261 0.531311
vt 0.622843 0.520845
vt 0.631069 0.52178
vt 0.628994 0.531565
vt 0.622641 0.530843
vt 0.631069 0.52178
vt 0.638945 0.524221
vt 0.635077 0.53345
vt 0.628994 0.531565
vt 0.018236 0.468127
vt 0.023905 0.474145
vt 0.016012 0.480297
vt 0.011634 0.475649
vt 0.023905 0.474145
vt 0.028358 0.48113
vt 0.019452 0.485692
vt 0.016012 0.480297
vt 0.028358 0.48113
vt 0.031426 0.488815
vt 0.021822 0.491627
vt 0.019452 0.485692
vt 0.921804 0.530328
vt 0.928748 0.526033
vt 0.933178 0.535008
vt 0.927814 0.538325
vt 0.928748 0.526033
vt 0.936441 0.523109
vt 0.93912 0.532749
vt 0.933178 0.535008
vt 0.93912 0.532749
vt 0.94541 0.531636
vt 0.946304 0.542137
vt 0.942022 0.542894
vt 0.94541 0.531636
vt 0.951809 0.531711
vt 0.950659 0.542188
vt 0.946304 0.542137
vt 0.951809 0.531711
vt 0.958069 0.532972
vt 0.95492 0.543046
vt 0.950659 0.542188
vt 0.958069 0.532972
vt 0.96395 0.535369
vt 0.958923 0.544678
vt 0.95492 0.543046
vt 0.650781 0.535701
vt 0.656487 0.532951
vt 0.660272 0.542806
vt 0.656388 0.544678
vt 0.656487 0.532951
vt 0.662648 0.531311
vt 0.664466 0.541689
vt 0.660272 0.542806
vt 0.662648 0.531311
vt 0.669028 0.530843
vt 0.668808 0.541371
vt 0.664466 0.541689
vt 0.669028 0.530843
vt 0.675381 0.531565
vt 0.673133 0.541863
vt 0.668808 0.541371
vt 0.193122 0.536285
vt 0.1985 0.532983
vt 0.203263 0.54243
vt 0.199602 0.544678
vt 0.1985 0.532983
vt 0.204451 0.530743
vt 0.207313 0.540905
vt 0.203263 0.54243
vt 0.204451 0.530743
vt 0.210747 0.529652
vt 0.211599 0.540163
vt 0.207313 0.540905
vt 0.210747 0.529652
vt 0.217145 0.529752
vt 0.215954 0.540231
vt 0.211599 0.540163
vt 0.217145 0.529752
vt 0.2234 0.531039
vt 0.220211 0.541107
vt 0.215954 0.540231
vt 0.697168 0.535701
vt 0.702873 0.532951
vt 0.706659 0.542806
vt 0.702775 0.544678
vt 0.702873 0.532951
vt 0.709034 0.531311
vt 0.710852 0.541689
vt 0.706659 0.542806
vt 0.709034 0.531311
vt 0.715414 0.530843
vt 0.715195 0.541371
vt 0.710852 0.541689
vt 0.715414 0.530843
vt 0.721768 0.531565
vt 0.719519 0.541863
vt 0.715195 0.541371
vt 0.1399 0.536285
vt 0.145278 0.532983
vt 0.15004 0.54243
vt 0.146379 0.544678
vt 0.145278 0.532983
vt 0.151229 0.530743
vt 0.154091 0.540905
vt 0.15004 0.54243
vt 0.151229 0.530743
vt 0.157524 0.529652
vt 0.158376 0.540163
vt 0.154091 0.540905
vt 0.157524 0.529652
vt 0.163922 0.529752
vt 0.162731 0.540231
vt 0.158376 0.540163
vt 0.163922 0.529752
vt 0.170177 0.531039
vt 0.166988 0.541107
vt 0.162731 0.540231
vt 0.604394 0.535701
vt 0.6101 0.532951
vt 0.613885 0.542806
vt 0.610002 0.544678
vt 0.6101 0.532951
vt 0.616261 0.531311
vt 0.618079 0.541689
vt 0.613885 0.542806
vt 0.616261 0.531311
vt 0.622641 0.530843
vt 0.622421 0.541371
vt 0.618079 0.541689
vt 0.622641 0.530843
vt 0.628994 0.531565
vt 0.626746 0.541863
vt 0.622421 0.541371
vt 0.006486 0.471927
vt 0.011634 0.475649
vt 0.004725 0.483651
vt 0.001221 0.481117
vt 0.011634 0.475649
vt 0.016012 0.480297
vt 0.007705 0.486815
vt 0.004725 0.483651
vt 0.016012 0.480297
vt 0.019452 0.485692
vt 0.010047 0.490487
vt 0.007705 0.486815
vt 0.019452 0.485692
vt 0.021822 0.491627
vt 0.01166 0.494527
vt 0.010047 0.490487
vt 0.021822 0.491627
vt 0.02303 0.497874
vt 0.012482 0.498779
vt 0.01166 0.494527
vt 0.933178 0.535008
vt 0.93912 0.532749
vt 0.942022 0.542894
vt 0.937978 0.544432
vt 0.045443 0.524744
vt 0.044593 0.529016
vt 0.034095 0.525832
vt 0.034525 0.523669
vt 0.044593 0.529016
vt 0.042927 0.53304
vt 0.033251 0.527869
vt 0.034095 0.525832
vt 0.042927 0.53304
vt 0.040507 0.536662
vt 0.032026 0.529702
vt 0.033251 0.527869
vt 0.040507 0.536662
vt 0.037427 0.539741
vt 0.030467 0.531261
vt 0.032026 0.529702
vt 0.037427 0.539741
vt 0.033805 0.542161
vt 0.028634 0.532486
vt 0.030467 0.531261
vt 0.033805 0.542161
vt 0.029781 0.543828
vt 0.026597 0.53333
vt 0.028634 0.532486
vt 0.029781 0.543828
vt 0.02551 0.544678
vt 0.024434 0.53376
vt 0.026597 0.53333
vt 0.02551 0.544678
vt 0.021154 0.544678
vt 0.022229 0.53376
vt 0.024434 0.53376
vt 0.021154 0.544678
vt 0.016882 0.543828
vt 0.020067 0.53333
vt 0.022229 0.53376
vt 0.016882 0.543828
vt 0.012858 0.542161
vt 0.01803 0.532486
vt 0.020067 0.53333
vt 0.012858 0.542161
vt 0.009237 0.539741
vt 0.016196 0.531261
vt 0.01803 0.532486
vt 0.009237 0.539741
vt 0.006157 0.536662
vt 0.014637 0.529702
vt 0.016196 0.531261
vt 0.006157 0.536662
vt 0.003737 0.53304
vt 0.013412 0.527869
vt 0.014637 0.529702
vt 0.003737 0.53304
vt 0.00207 0.529016
vt 0.012569 0.525832
vt 0.013412 0.527869
vt 0.00207 0.529016
vt 0.001221 0.524744
vt 0.012138 0.523669
vt 0.012569 0.525832
vt 0.001221 0.524744
vt 0.001221 0.520389
vt 0.012138 0.521464
vt 0.012138 0.523669
vt 0.001221 0.520389
vt 0.00207 0.516117
vt 0.012569 0.519302
vt 0.012138 0.521464
vt 0.00207 0.516117
vt 0.003737 0.512093
vt 0.013412 0.517265
vt 0.012569 0.519302
vt 0.003737 0.512093
vt 0.006157 0.508472
vt 0.014637 0.515431
vt 0.013412 0.517265
vt 0.006157 0.508472
vt 0.009237 0.505392
vt 0.016196 0.513872
vt 0.014637 0.515431
vt 0.009237 0.505392
vt 0.012858 0.502972
vt 0.01803 0.512647
vt 0.016196 0.513872
vt 0.012858 0.502972
vt 0.016882 0.501305
vt 0.020067 0.511803
vt 0.01803 0.512647
vt 0.016882 0.501305
vt 0.021154 0.500455
vt 0.022229 0.511373
vt 0.020067 0.511803
vt 0.021154 0.500455
vt 0.02551 0.500455
vt 0.024434 0.511373
vt 0.022229 0.511373
vt 0.02551 0.500455
vt 0.029781 0.501305
vt 0.026597 0.511803
vt 0.024434 0.511373
vt 0.029781 0.501305
vt 0.033805 0.502972
vt 0.028634 0.512647
vt 0.026597 0.511803
vt 0.033805 0.502972
vt 0.037427 0.505392
vt 0.030467 0.513872
vt 0.028634 0.512647
vt 0.037427 0.505392
vt 0.040507 0.508472
vt 0.032026 0.515431
vt 0.030467 0.513872
vt 0.040507 0.508472
vt 0.042927 0.512093
vt 0.033251 0.517265
vt 0.032026 0.515431
vt 0.042927 0.512093
vt 0.044593 0.516117
vt 0.034095 0.519302
vt 0.033251 0.517265
vt 0.044593 0.516117
vt 0.045443 0.520389
vt 0.034525 0.521464
vt 0.034095 0.519302
vt 0.045443 0.520389
vt 0.045443 0.524744
vt 0.034525 0.523669
vt 0.034525 0.521464
vt 0.990405 0.040283
vt 0.990405 0.040283
vt 0.98999 0.040283
vt 0.034525 0.523669
vt 0.034095 0.525832
vt 0.023332 0.522567
vt 0.992358 0.040283
vt 0.992358 0.040283
vt 0.991943 0.040283
vt 0.034095 0.525832
vt 0.033251 0.527869
vt 0.023332 0.522567
vt 0.994311 0.040283
vt 0.994311 0.040283
vt 0.993896 0.040283
vt 0.033251 0.527869
vt 0.032026 0.529702
vt 0.023332 0.522567
vt 0.996264 0.040283
vt 0.996264 0.040283
vt 0.99585 0.040283
vt 0.032026 0.529702
vt 0.030467 0.531261
vt 0.023332 0.522567
vt 0.998217 0.040283
vt 0.998217 0.040283
vt 0.997803 0.040283
vt 0.030467 0.531261
vt 0.028634 0.532486
vt 0.023332 0.522567
vt 0.001635 0.038818
vt 0.001635 0.038818
vt 0.001221 0.038818
vt 0.028634 0.532486
vt 0.026597 0.53333
vt 0.023332 0.522567
vt 0.003588 0.038818
vt 0.003588 0.038818
vt 0.003174 0.038818
vt 0.026597 0.53333
vt 0.024434 0.53376
vt 0.023332 0.522567
vt 0.005542 0.038818
vt 0.005542 0.038818
vt 0.005127 0.038818
vt 0.024434 0.53376
vt 0.022229 0.53376
vt 0.023332 0.522567
vt 0.007495 0.038818
vt 0.007495 0.038818
vt 0.00708 0.038818
vt 0.022229 0.53376
vt 0.020067 0.53333
vt 0.023332 0.522567
vt 0.009448 0.038818
vt 0.009448 0.038818
vt 0.009033 0.038818
vt 0.020067 0.53333
vt 0.01803 0.532486
vt 0.023332 0.522567
vt 0.011401 0.038818
vt 0.011401 0.038818
vt 0.010986 0.038818
vt 0.01803 0.532486
vt 0.016196 0.531261
vt 0.023332 0.522567
vt 0.013354 0.038818
vt 0.013354 0.038818
vt 0.012939 0.038818
vt 0.016196 0.531261
vt 0.014637 0.529702
vt 0.023332 0.522567
vt 0.015307 0.038818
vt 0.015307 0.038818
vt 0.014893 0.038818
vt 0.014637 0.529702
vt 0.013412 0.527869
vt 0.023332 0.522567
vt 0.01726 0.038818
vt 0.01726 0.038818
vt 0.016846 0.038818
vt 0.013412 0.527869
vt 0.012569 0.525832
vt 0.023332 0.522567
vt 0.019213 0.038818
vt 0.019213 0.038818
vt 0.018799 0.038818
vt 0.012569 0.525832
vt 0.012138 0.523669
vt 0.023332 0.522567
vt 0.021167 0.038818
vt 0.021167 0.038818
vt 0.020752 0.038818
vt 0.012138 0.523669
vt 0.012138 0.521464
vt 0.023332 0.522567
vt 0.02312 0.038818
vt 0.02312 0.038818
vt 0.022705 0.038818
vt 0.012138 0.521464
vt 0.012569 0.519302
vt 0.023332 0.522567
vt 0.025073 0.038818
vt 0.025073 0.038818
vt 0.024658 0.038818
vt 0.012569 0.519302
vt 0.013412 0.517265
vt 0.023332 0.522567
vt 0.027026 0.038818
vt 0.027026 0.038818
vt 0.026611 0.038818
vt 0.013412 0.517265
vt 0.014637 0.515431
vt 0.023332 0.522567
vt 0.028979 0.038818
vt 0.028979 0.038818
vt 0.028564 0.038818
vt 0.014637 0.515431
vt 0.016196 0.513872
vt 0.023332 0.522567
vt 0.030932 0.038818
vt 0.030932 0.038818
vt 0.030518 0.038818
vt 0.016196 0.513872
vt 0.01803 0.512647
vt 0.023332 0.522567
vt 0.032885 0.038818
vt 0.032885 0.038818
vt 0.032471 0.038818
vt 0.01803 0.512647
vt 0.020067 0.511803
vt 0.023332 0.522567
vt 0.034838 0.038818
vt 0.034838 0.038818
vt 0.034424 0.038818
vt 0.020067 0.511803
vt 0.022229 0.511373
vt 0.023332 0.522567
vt 0.036792 0.038818
vt 0.036792 0.038818
vt 0.036377 0.038818
vt 0.022229 0.511373
vt 0.024434 0.511373
vt 0.023332 0.522567
vt 0.038745 0.038818
vt 0.038745 0.038818
vt 0.03833 0.038818
vt 0.024434 0.511373
vt 0.026597 0.511803
vt 0.023332 0.522567
vt 0.040698 0.038818
vt 0.040698 0.038818
vt 0.040283 0.038818
vt 0.026597 0.511803
vt 0.028634 0.512647
vt 0.023332 0.522567
vt 0.042651 0.038818
vt 0.042651 0.038818
vt 0.042236 0.038818
vt 0.028634 0.512647
vt 0.030467 0.513872
vt 0.023332 0.522567
vt 0.044604 0.038818
vt 0.044604 0.038818
vt 0.044189 0.038818
vt 0.030467 0.513872
vt 0.032026 0.515431
vt 0.023332 0.522567
vt 0.046557 0.038818
vt 0.046557 0.038818
vt 0.046143 0.038818
vt 0.032026 0.515431
vt 0.033251 0.517265
vt 0.023332 0.522567
vt 0.04851 0.038818
vt 0.04851 0.038818
vt 0.048096 0.038818
vt 0.033251 0.517265
vt 0.034095 0.519302
vt 0.023332 0.522567
vt 0.050463 0.038818
vt 0.050463 0.038818
vt 0.050049 0.038818
vt 0.034095 0.519302
vt 0.034525 0.521464
vt 0.023332 0.522567
vt 0.052417 0.038818
vt 0.052417 0.038818
vt 0.052002 0.038818
vt 0.034525 0.521464
vt 0.034525 0.523669
vt 0.023332 0.522567
vt 0.053955 0.038818
vt 0.053955 0.038818
vt 0.05437 0.038818
vt 0.6466 0.657242
vt 0.64617 0.655079
vt 0.657366 0.653976
vt 0.055908 0.038818
vt 0.055908 0.038818
vt 0.056323 0.038818
vt 0.647444 0.659279
vt 0.6466 0.657242
vt 0.657366 0.653976
vt 0.057861 0.038818
vt 0.057861 0.038818
vt 0.058276 0.038818
vt 0.648669 0.661112
vt 0.647444 0.659279
vt 0.657366 0.653976
vt 0.059814 0.038818
vt 0.059814 0.038818
vt 0.060229 0.038818
vt 0.650228 0.662671
vt 0.648669 0.661112
vt 0.657366 0.653976
vt 0.061768 0.038818
vt 0.061768 0.038818
vt 0.062182 0.038818
vt 0.652061 0.663896
vt 0.650228 0.662671
vt 0.657366 0.653976
vt 0.063721 0.038818
vt 0.063721 0.038818
vt 0.064135 0.038818
vt 0.654098 0.66474
vt 0.652061 0.663896
vt 0.657366 0.653976
vt 0.065674 0.038818
vt 0.065674 0.038818
vt 0.066088 0.038818
vt 0.656261 0.66517
vt 0.654098 0.66474
vt 0.657366 0.653976
vt 0.067627 0.038818
vt 0.067627 0.038818
vt 0.068042 0.038818
vt 0.658465 0.66517
vt 0.656261 0.66517
vt 0.657366 0.653976
vt 0.06958 0.038818
vt 0.06958 0.038818
vt 0.069995 0.038818
vt 0.660628 0.66474
vt 0.658465 0.66517
vt 0.657366 0.653976
vt 0.071533 0.038818
vt 0.071533 0.038818
vt 0.071948 0.038818
vt 0.662665 0.663896
vt 0.660628 0.66474
vt 0.657366 0.653976
vt 0.073486 0.038818
vt 0.073486 0.038818
vt 0.073901 0.038818
vt 0.664498 0.662671
vt 0.662665 0.663896
vt 0.657366 0.653976
vt 0.075439 0.038818
vt 0.075439 0.038818
vt 0.075854 0.038818
vt 0.666057 0.661112
vt 0.664498 0.662671
vt 0.657366 0.653976
vt 0.077393 0.038818
vt 0.077393 0.038818
vt 0.077807 0.038818
vt 0.667282 0.659279
vt 0.666057 0.661112
vt 0.657366 0.653976
vt 0.079346 0.038818
vt 0.079346 0.038818
vt 0.07976 0.038818
vt 0.668126 0.657242
vt 0.667282 0.659279
vt 0.657366 0.653976
vt 0.081299 0.038818
vt 0.081299 0.038818
vt 0.081713 0.038818
vt 0.668556 0.65508
vt 0.668126 0.657242
vt 0.657366 0.653976
vt 0.083252 0.038818
vt 0.083252 0.038818
vt 0.083667 0.038818
vt 0.668556 0.652875
vt 0.668556 0.65508
vt 0.657366 0.653976
vt 0.085205 0.038818
vt 0.085205 0.038818
vt 0.08562 0.038818
vt 0.668126 0.650712
vt 0.668556 0.652875
vt 0.657366 0.653976
vt 0.087158 0.038818
vt 0.087158 0.038818
vt 0.087573 0.038818
vt 0.667282 0.648675
vt 0.668126 0.650712
vt 0.657366 0.653976
vt 0.089111 0.038818
vt 0.089111 0.038818
vt 0.089526 0.038818
vt 0.666057 0.646842
vt 0.667282 0.648675
vt 0.657366 0.653976
vt 0.091064 0.038818
vt 0.091064 0.038818
vt 0.091479 0.038818
vt 0.664498 0.645283
vt 0.666057 0.646842
vt 0.657366 0.653976
vt 0.093018 0.038818
vt 0.093018 0.038818
vt 0.093432 0.038818
vt 0.662665 0.644058
vt 0.664498 0.645283
vt 0.657366 0.653976
vt 0.094971 0.038818
vt 0.094971 0.038818
vt 0.095385 0.038818
vt 0.660628 0.643214
vt 0.662665 0.644058
vt 0.657366 0.653976
vt 0.096924 0.038818
vt 0.096924 0.038818
vt 0.097338 0.038818
vt 0.658465 0.642784
vt 0.660628 0.643214
vt 0.657366 0.653976
vt 0.098877 0.038818
vt 0.098877 0.038818
vt 0.099292 0.038818
vt 0.656261 0.642784
vt 0.658465 0.642784
vt 0.657366 0.653976
vt 0.10083 0.038818
vt 0.10083 0.038818
vt 0.101245 0.038818
vt 0.654098 0.643214
vt 0.656261 0.642784
vt 0.657366 0.653976
vt 0.102783 0.038818
vt 0.102783 0.038818
vt 0.103198 0.038818
vt 0.652061 0.644057
vt 0.654098 0.643214
vt 0.657366 0.653976
vt 0.104736 0.038818
vt 0.104736 0.038818
vt 0.105151 0.038818
vt 0.650228 0.645282
vt 0.652061 0.644057
vt 0.657366 0.653976
vt 0.106689 0.038818
vt 0.106689 0.038818
vt 0.107104 0.038818
vt 0.648669 0.646841
vt 0.650228 0.645282
vt 0.657366 0.653976
vt 0.108643 0.038818
vt 0.108643 0.038818
vt 0.109057 0.038818
vt 0.647444 0.648675
vt 0.648669 0.646841
vt 0.657366 0.653976
vt 0.110596 0.038818
vt 0.110596 0.038818
vt 0.11101 0.038818
vt 0.6466 0.650712
vt 0.647444 0.648675
vt 0.657366 0.653976
vt 0.112549 0.038818
vt 0.112549 0.038818
vt 0.112963 0.038818
vt 0.64617 0.652874
vt 0.6466 0.650712
vt 0.657366 0.653976
vt 0.114502 0.038818
vt 0.114502 0.038818
vt 0.114917 0.038818
vt 0.64617 0.655079
vt 0.64617 0.652874
vt 0.657366 0.653976
vt 0.64617 0.655079
vt 0.6466 0.657242
vt 0.636092 0.660428
vt 0.635242 0.656156
vt 0.6466 0.657242
vt 0.647444 0.659279
vt 0.637759 0.664452
vt 0.636092 0.660428
vt 0.647444 0.659279
vt 0.648669 0.661112
vt 0.640178 0.668074
vt 0.637759 0.664452
vt 0.648669 0.661112
vt 0.650228 0.662671
vt 0.643258 0.671154
vt 0.640178 0.668074
vt 0.650228 0.662671
vt 0.652061 0.663896
vt 0.646879 0.673573
vt 0.643258 0.671154
vt 0.652061 0.663896
vt 0.654098 0.66474
vt 0.650903 0.67524
vt 0.646879 0.673573
vt 0.654098 0.66474
vt 0.656261 0.66517
vt 0.655175 0.67609
vt 0.650903 0.67524
vt 0.656261 0.66517
vt 0.658465 0.66517
vt 0.65953 0.67609
vt 0.655175 0.67609
vt 0.658465 0.66517
vt 0.660628 0.66474
vt 0.663802 0.67524
vt 0.65953 0.67609
vt 0.660628 0.66474
vt 0.662665 0.663896
vt 0.667826 0.673574
vt 0.663802 0.67524
vt 0.662665 0.663896
vt 0.664498 0.662671
vt 0.671447 0.671154
vt 0.667826 0.673574
vt 0.664498 0.662671
vt 0.666057 0.661112
vt 0.674527 0.668074
vt 0.671447 0.671154
vt 0.666057 0.661112
vt 0.667282 0.659279
vt 0.676947 0.664453
vt 0.674527 0.668074
vt 0.667282 0.659279
vt 0.668126 0.657242
vt 0.678613 0.660429
vt 0.676947 0.664453
vt 0.668126 0.657242
vt 0.668556 0.65508
vt 0.679463 0.656157
vt 0.678613 0.660429
vt 0.668556 0.65508
vt 0.668556 0.652875
vt 0.679463 0.651802
vt 0.679463 0.656157
vt 0.668556 0.652875
vt 0.668126 0.650712
vt 0.678613 0.64753
vt 0.679463 0.651802
vt 0.668126 0.650712
vt 0.667282 0.648675
vt 0.676947 0.643506
vt 0.678613 0.64753
vt 0.667282 0.648675
vt 0.666057 0.646842
vt 0.674527 0.639884
vt 0.676947 0.643506
vt 0.666057 0.646842
vt 0.664498 0.645283
vt 0.671447 0.636804
vt 0.674527 0.639884
vt 0.664498 0.645283
vt 0.662665 0.644058
vt 0.667826 0.634385
vt 0.671447 0.636804
vt 0.662665 0.644058
vt 0.660628 0.643214
vt 0.663802 0.632718
vt 0.667826 0.634385
vt 0.660628 0.643214
vt 0.658465 0.642784
vt 0.65953 0.631868
vt 0.663802 0.632718
vt 0.658465 0.642784
vt 0.656261 0.642784
vt 0.655175 0.631868
vt 0.65953 0.631868
vt 0.656261 0.642784
vt 0.654098 0.643214
vt 0.650903 0.632718
vt 0.655175 0.631868
vt 0.654098 0.643214
vt 0.652061 0.644057
vt 0.646879 0.634384
vt 0.650903 0.632718
vt 0.652061 0.644057
vt 0.650228 0.645282
vt 0.643258 0.636804
vt 0.646879 0.634384
vt 0.650228 0.645282
vt 0.648669 0.646841
vt 0.640178 0.639884
vt 0.643258 0.636804
vt 0.648669 0.646841
vt 0.647444 0.648675
vt 0.637759 0.643505
vt 0.640178 0.639884
vt 0.647444 0.648675
vt 0.6466 0.650712
vt 0.636092 0.647529
vt 0.637759 0.643505
vt 0.6466 0.650712
vt 0.64617 0.652874
vt 0.635242 0.651801
vt 0.636092 0.647529
vt 0.64617 0.652874
vt 0.64617 0.655079
vt 0.635242 0.656156
vt 0.635242 0.651801
vt 0.635242 0.656156
vt 0.636092 0.660428
vt 0.626101 0.663457
vt 0.624852 0.657181
vt 0.636092 0.660428
vt 0.637759 0.664452
vt 0.628549 0.669369
vt 0.626101 0.663457
vt 0.637759 0.664452
vt 0.640178 0.668074
vt 0.632104 0.67469
vt 0.628549 0.669369
vt 0.640178 0.668074
vt 0.643258 0.671154
vt 0.636629 0.679214
vt 0.632104 0.67469
vt 0.643258 0.671154
vt 0.646879 0.673573
vt 0.641949 0.682769
vt 0.636629 0.679214
vt 0.646879 0.673573
vt 0.650903 0.67524
vt 0.647861 0.685218
vt 0.641949 0.682769
vt 0.650903 0.67524
vt 0.655175 0.67609
vt 0.654136 0.686467
vt 0.647861 0.685218
vt 0.655175 0.67609
vt 0.65953 0.67609
vt 0.660535 0.686467
vt 0.654136 0.686467
vt 0.65953 0.67609
vt 0.663802 0.67524
vt 0.666811 0.685219
vt 0.660535 0.686467
vt 0.663802 0.67524
vt 0.667826 0.673574
vt 0.672722 0.68277
vt 0.666811 0.685219
vt 0.667826 0.673574
vt 0.671447 0.671154
vt 0.678042 0.679215
vt 0.672722 0.68277
vt 0.671447 0.671154
vt 0.674527 0.668074
vt 0.682567 0.67469
vt 0.678042 0.679215
vt 0.674527 0.668074
vt 0.676947 0.664453
vt 0.686122 0.66937
vt 0.682567 0.67469
vt 0.676947 0.664453
vt 0.678613 0.660429
vt 0.688571 0.663458
vt 0.686122 0.66937
vt 0.678613 0.660429
vt 0.679463 0.656157
vt 0.689819 0.657182
vt 0.688571 0.663458
vt 0.679463 0.656157
vt 0.679463 0.651802
vt 0.689819 0.650783
vt 0.689819 0.657182
vt 0.679463 0.651802
vt 0.678613 0.64753
vt 0.688571 0.644507
vt 0.689819 0.650783
vt 0.678613 0.64753
vt 0.676947 0.643506
vt 0.686122 0.638596
vt 0.688571 0.644507
vt 0.676947 0.643506
vt 0.674527 0.639884
vt 0.682567 0.633275
vt 0.686122 0.638596
vt 0.674527 0.639884
vt 0.671447 0.636804
vt 0.678042 0.62875
vt 0.682567 0.633275
vt 0.671447 0.636804
vt 0.667826 0.634385
vt 0.672722 0.625195
vt 0.678042 0.62875
vt 0.667826 0.634385
vt 0.663802 0.632718
vt 0.666811 0.622746
vt 0.672722 0.625195
vt 0.663802 0.632718
vt 0.65953 0.631868
vt 0.660535 0.621498
vt 0.666811 0.622746
vt 0.65953 0.631868
vt 0.655175 0.631868
vt 0.654136 0.621498
vt 0.660535 0.621498
vt 0.655175 0.631868
vt 0.650903 0.632718
vt 0.647861 0.622746
vt 0.654136 0.621498
vt 0.650903 0.632718
vt 0.646879 0.634384
vt 0.641949 0.625195
vt 0.647861 0.622746
vt 0.646879 0.634384
vt 0.643258 0.636804
vt 0.636629 0.62875
vt 0.641949 0.625195
vt 0.643258 0.636804
vt 0.640178 0.639884
vt 0.632104 0.633274
vt 0.636629 0.62875
vt 0.640178 0.639884
vt 0.637759 0.643505
vt 0.628549 0.638595
vt 0.632104 0.633274
vt 0.637759 0.643505
vt 0.636092 0.647529
vt 0.626101 0.644507
vt 0.628549 0.638595
vt 0.636092 0.647529
vt 0.635242 0.651801
vt 0.624852 0.650782
vt 0.626101 0.644507
vt 0.635242 0.651801
vt 0.635242 0.656156
vt 0.624852 0.657181
vt 0.624852 0.650782
vt 0.624852 0.657181
vt 0.626101 0.663457
vt 0.616872 0.666254
vt 0.615256 0.658129
vt 0.626101 0.663457
vt 0.628549 0.669369
vt 0.620042 0.673908
vt 0.616872 0.666254
vt 0.628549 0.669369
vt 0.632104 0.67469
vt 0.624645 0.680797
vt 0.620042 0.673908
vt 0.632104 0.67469
vt 0.636629 0.679214
vt 0.630503 0.686655
vt 0.624645 0.680797
vt 0.636629 0.679214
vt 0.641949 0.682769
vt 0.637391 0.691258
vt 0.630503 0.686655
vt 0.641949 0.682769
vt 0.647861 0.685218
vt 0.645045 0.694428
vt 0.637391 0.691258
vt 0.647861 0.685218
vt 0.654136 0.686467
vt 0.65317 0.696045
vt 0.645045 0.694428
vt 0.654136 0.686467
vt 0.660535 0.686467
vt 0.661454 0.696045
vt 0.65317 0.696045
vt 0.660535 0.686467
vt 0.666811 0.685219
vt 0.66958 0.694429
vt 0.661454 0.696045
vt 0.666811 0.685219
vt 0.672722 0.68277
vt 0.677233 0.691258
vt 0.66958 0.694429
vt 0.672722 0.68277
vt 0.678042 0.679215
vt 0.684122 0.686656
vt 0.677233 0.691258
vt 0.678042 0.679215
vt 0.682567 0.67469
vt 0.68998 0.680798
vt 0.684122 0.686656
vt 0.682567 0.67469
vt 0.686122 0.66937
vt 0.694582 0.673909
vt 0.68998 0.680798
vt 0.686122 0.66937
vt 0.688571 0.663458
vt 0.697753 0.666255
vt 0.694582 0.673909
vt 0.688571 0.663458
vt 0.689819 0.657182
vt 0.699369 0.65813
vt 0.697753 0.666255
vt 0.689819 0.657182
vt 0.689819 0.650783
vt 0.699369 0.649845
vt 0.699369 0.65813
vt 0.689819 0.650783
vt 0.688571 0.644507
vt 0.697753 0.64172
vt 0.699369 0.649845
vt 0.688571 0.644507
vt 0.686122 0.638596
vt 0.694582 0.634066
vt 0.697753 0.64172
vt 0.686122 0.638596
vt 0.682567 0.633275
vt 0.68998 0.627177
vt 0.694582 0.634066
vt 0.682567 0.633275
vt 0.678042 0.62875
vt 0.684122 0.621319
vt 0.68998 0.627177
vt 0.678042 0.62875
vt 0.672722 0.625195
vt 0.677233 0.616716
vt 0.684122 0.621319
vt 0.672722 0.625195
vt 0.666811 0.622746
vt 0.66958 0.613546
vt 0.677233 0.616716
vt 0.666811 0.622746
vt 0.660535 0.621498
vt 0.661454 0.611929
vt 0.66958 0.613546
vt 0.660535 0.621498
vt 0.654136 0.621498
vt 0.65317 0.611929
vt 0.661454 0.611929
vt 0.654136 0.621498
vt 0.647861 0.622746
vt 0.645045 0.613545
vt 0.65317 0.611929
vt 0.647861 0.622746
vt 0.641949 0.625195
vt 0.637391 0.616716
vt 0.645045 0.613545
vt 0.641949 0.625195
vt 0.636629 0.62875
vt 0.630503 0.621318
vt 0.637391 0.616716
vt 0.636629 0.62875
vt 0.632104 0.633274
vt 0.624645 0.627176
vt 0.630503 0.621318
vt 0.632104 0.633274
vt 0.628549 0.638595
vt 0.620042 0.634065
vt 0.624645 0.627176
vt 0.628549 0.638595
vt 0.626101 0.644507
vt 0.616872 0.641719
vt 0.620042 0.634065
vt 0.626101 0.644507
vt 0.624852 0.650782
vt 0.615256 0.649844
vt 0.616872 0.641719
vt 0.624852 0.650782
vt 0.624852 0.657181
vt 0.615256 0.658129
vt 0.615256 0.649844
vt 0.615256 0.658129
vt 0.616872 0.666254
vt 0.608634 0.66875
vt 0.606689 0.658975
vt 0.616872 0.666254
vt 0.620042 0.673908
vt 0.612448 0.677958
vt 0.608634 0.66875
vt 0.082448 0.473269
vt 0.0907 0.473919
vt 0.090781 0.48311
vt 0.080853 0.482327
vt 0.0907 0.473919
vt 0.098937 0.473132
vt 0.10069 0.482163
vt 0.090781 0.48311
vt 0.098937 0.473132
vt 0.106842 0.470937
vt 0.110199 0.479522
vt 0.10069 0.482163
vt 0.106842 0.470937
vt 0.114112 0.467419
vt 0.118945 0.47529
vt 0.110199 0.479522
vt 0.114112 0.467419
vt 0.120466 0.462713
vt 0.126589 0.46963
vt 0.118945 0.47529
vt 0.230462 0.472762
vt 0.238635 0.473958
vt 0.238067 0.483124
vt 0.228235 0.481685
vt 0.238635 0.473958
vt 0.246916 0.473725
vt 0.248028 0.482844
vt 0.238067 0.483124
vt 0.246916 0.473725
vt 0.254985 0.472073
vt 0.257736 0.480857
vt 0.248028 0.482844
vt 0.254985 0.472073
vt 0.262535 0.469065
vt 0.266818 0.477238
vt 0.257736 0.480857
vt 0.262535 0.469065
vt 0.269273 0.464817
vt 0.274924 0.472128
vt 0.266818 0.477238
vt 0.304681 0.472762
vt 0.312854 0.473958
vt 0.312285 0.483124
vt 0.302453 0.481685
vt 0.312854 0.473958
vt 0.321134 0.473725
vt 0.322247 0.482844
vt 0.312285 0.483124
vt 0.321134 0.473725
vt 0.329204 0.472073
vt 0.331955 0.480857
vt 0.322247 0.482844
vt 0.329204 0.472073
vt 0.336753 0.469065
vt 0.341037 0.477238
vt 0.331955 0.480857
vt 0.336753 0.469065
vt 0.343492 0.464817
vt 0.349143 0.472128
vt 0.341037 0.477238
vt 0.3789 0.472762
vt 0.387073 0.473958
vt 0.386504 0.483124
vt 0.376672 0.481685
vt 0.387073 0.473958
vt 0.395353 0.473725
vt 0.396465 0.482844
vt 0.386504 0.483124
vt 0.395353 0.473725
vt 0.403423 0.472073
vt 0.406174 0.480857
vt 0.396465 0.482844
vt 0.403423 0.472073
vt 0.410972 0.469065
vt 0.415255 0.477238
vt 0.406174 0.480857
vt 0.410972 0.469065
vt 0.417711 0.464817
vt 0.423362 0.472128
vt 0.415255 0.477238
vt 0.156243 0.472762
vt 0.164416 0.473958
vt 0.163848 0.483124
vt 0.154016 0.481685
vt 0.164416 0.473958
vt 0.172697 0.473725
vt 0.173809 0.482844
vt 0.163848 0.483124
vt 0.172697 0.473725
vt 0.180767 0.472073
vt 0.183517 0.480857
vt 0.173809 0.482844
vt 0.180767 0.472073
vt 0.188316 0.469065
vt 0.192599 0.477238
vt 0.183517 0.480857
vt 0.188316 0.469065
vt 0.195054 0.464817
vt 0.200705 0.472128
vt 0.192599 0.477238
vt 0.585591 0.472971
vt 0.593804 0.473925
vt 0.593514 0.48309
vt 0.583634 0.481943
vt 0.593804 0.473925
vt 0.602071 0.473458
vt 0.60346 0.482528
vt 0.593514 0.48309
vt 0.602071 0.473458
vt 0.610076 0.471588
vt 0.61309 0.480279
vt 0.60346 0.482528
vt 0.610076 0.471588
vt 0.61751 0.468387
vt 0.622033 0.476428
vt 0.61309 0.480279
vt 0.615256 0.649844
vt 0.615256 0.658129
vt 0.606689 0.658975
vt 0.606689 0.649009
vt 0.062456 0.47576
vt 0.071289 0.479846
vt 0.068549 0.48773
vt 0.058443 0.483056
vt 0.071289 0.479846
vt 0.080853 0.482327
vt 0.079491 0.49057
vt 0.068549 0.48773
vt 0.080853 0.482327
vt 0.090781 0.48311
vt 0.090849 0.491465
vt 0.079491 0.49057
vt 0.090781 0.48311
vt 0.10069 0.482163
vt 0.102186 0.490382
vt 0.090849 0.491465
vt 0.10069 0.482163
vt 0.110199 0.479522
vt 0.113067 0.487361
vt 0.102186 0.490382
vt 0.110199 0.479522
vt 0.118945 0.47529
vt 0.123072 0.482519
vt 0.113067 0.487361
vt 0.21891 0.478584
vt 0.228235 0.481685
vt 0.226332 0.48982
vt 0.215663 0.486272
vt 0.228235 0.481685
vt 0.238067 0.483124
vt 0.237581 0.491466
vt 0.226332 0.48982
vt 0.238067 0.483124
vt 0.248028 0.482844
vt 0.248978 0.491146
vt 0.237581 0.491466
vt 0.248028 0.482844
vt 0.257736 0.480857
vt 0.260085 0.488873
vt 0.248978 0.491146
vt 0.257736 0.480857
vt 0.266818 0.477238
vt 0.270476 0.484733
vt 0.260085 0.488873
vt 0.293129 0.478584
vt 0.302453 0.481685
vt 0.300551 0.48982
vt 0.289882 0.486272
vt 0.302453 0.481685
vt 0.312285 0.483124
vt 0.3118 0.491466
vt 0.300551 0.48982
vt 0.312285 0.483124
vt 0.322247 0.482844
vt 0.323197 0.491146
vt 0.3118 0.491466
vt 0.322247 0.482844
vt 0.331955 0.480857
vt 0.334304 0.488873
vt 0.323197 0.491146
vt 0.331955 0.480857
vt 0.341037 0.477238
vt 0.344695 0.484733
vt 0.334304 0.488873
vt 0.367347 0.478584
vt 0.376672 0.481685
vt 0.374769 0.48982
vt 0.364101 0.486272
vt 0.376672 0.481685
vt 0.386504 0.483124
vt 0.386018 0.491466
vt 0.374769 0.48982
vt 0.386504 0.483124
vt 0.396465 0.482844
vt 0.397415 0.491146
vt 0.386018 0.491466
vt 0.396465 0.482844
vt 0.406174 0.480857
vt 0.408523 0.488873
vt 0.397415 0.491146
vt 0.406174 0.480857
vt 0.415255 0.477238
vt 0.418913 0.484733
vt 0.408523 0.488873
vt 0.144691 0.478584
vt 0.154016 0.481685
vt 0.152113 0.48982
vt 0.141445 0.486272
vt 0.154016 0.481685
vt 0.163848 0.483124
vt 0.163362 0.491466
vt 0.152113 0.48982
vt 0.163848 0.483124
vt 0.173809 0.482844
vt 0.174759 0.491146
vt 0.163362 0.491466
vt 0.173809 0.482844
vt 0.183517 0.480857
vt 0.185867 0.488873
vt 0.174759 0.491146
vt 0.183517 0.480857
vt 0.192599 0.477238
vt 0.196257 0.484733
vt 0.185867 0.488873
vt 0.5742 0.47913
vt 0.583634 0.481943
vt 0.581963 0.490131
vt 0.571169 0.486913
vt 0.583634 0.481943
vt 0.593514 0.48309
vt 0.593267 0.491443
vt 0.581963 0.490131
vt 0.593514 0.48309
vt 0.60346 0.482528
vt 0.604646 0.490801
vt 0.593267 0.491443
vt 0.60346 0.482528
vt 0.61309 0.480279
vt 0.615664 0.488227
vt 0.604646 0.490801
vt 0.61309 0.480279
vt 0.622033 0.476428
vt 0.625896 0.483821
vt 0.615664 0.488227
vt 0.054693 0.470227
vt 0.062456 0.47576
vt 0.058443 0.483056
vt 0.049561 0.476725
vt 0.058443 0.483056
vt 0.068549 0.48773
vt 0.066344 0.494666
vt 0.055214 0.489517
vt 0.068549 0.48773
vt 0.079491 0.49057
vt 0.078396 0.497793
vt 0.066344 0.494666
vt 0.079491 0.49057
vt 0.090849 0.491465
vt 0.090905 0.498779
vt 0.078396 0.497793
vt 0.090849 0.491465
vt 0.102186 0.490382
vt 0.103391 0.497586
vt 0.090905 0.498779
vt 0.102186 0.490382
vt 0.113067 0.487361
vt 0.115374 0.494259
vt 0.103391 0.497586
vt 0.205985 0.480957
vt 0.215663 0.486272
vt 0.213051 0.493058
vt 0.202393 0.487205
vt 0.215663 0.486272
vt 0.226332 0.48982
vt 0.224801 0.496967
vt 0.213051 0.493058
vt 0.226332 0.48982
vt 0.237581 0.491466
vt 0.23719 0.498779
vt 0.224801 0.496967
vt 0.237581 0.491466
vt 0.248978 0.491146
vt 0.249742 0.498427
vt 0.23719 0.498779
vt 0.248978 0.491146
vt 0.260085 0.488873
vt 0.261975 0.495923
vt 0.249742 0.498427
vt 0.280204 0.480957
vt 0.289882 0.486272
vt 0.28727 0.493058
vt 0.276611 0.487205
vt 0.289882 0.486272
vt 0.300551 0.48982
vt 0.29902 0.496967
vt 0.28727 0.493058
vt 0.300551 0.48982
vt 0.3118 0.491466
vt 0.311409 0.498779
vt 0.29902 0.496967
vt 0.3118 0.491466
vt 0.323197 0.491146
vt 0.323961 0.498427
vt 0.311409 0.498779
vt 0.323197 0.491146
vt 0.334304 0.488873
vt 0.336194 0.495923
vt 0.323961 0.498427
vt 0.354423 0.480957
vt 0.364101 0.486272
vt 0.361489 0.493058
vt 0.35083 0.487205
vt 0.364101 0.486272
vt 0.374769 0.48982
vt 0.373239 0.496967
vt 0.361489 0.493058
vt 0.374769 0.48982
vt 0.386018 0.491466
vt 0.385628 0.498779
vt 0.373239 0.496967
vt 0.386018 0.491466
vt 0.397415 0.491146
vt 0.39818 0.498427
vt 0.385628 0.498779
vt 0.397415 0.491146
vt 0.408523 0.488873
vt 0.410413 0.495923
vt 0.39818 0.498427
vt 0.131767 0.480957
vt 0.141445 0.486272
vt 0.138833 0.493058
vt 0.128174 0.487205
vt 0.141445 0.486272
vt 0.152113 0.48982
vt 0.150582 0.496967
vt 0.138833 0.493058
vt 0.152113 0.48982
vt 0.163362 0.491466
vt 0.162971 0.498779
vt 0.150582 0.496967
vt 0.163362 0.491466
vt 0.174759 0.491146
vt 0.175524 0.498427
vt 0.162971 0.498779
vt 0.174759 0.491146
vt 0.185867 0.488873
vt 0.187757 0.495923
vt 0.175524 0.498427
vt 0.5613 0.481913
vt 0.571169 0.486913
vt 0.568731 0.493789
vt 0.557861 0.488283
vt 0.571169 0.486913
vt 0.581963 0.490131
vt 0.580619 0.497333
vt 0.568731 0.493789
vt 0.581963 0.490131
vt 0.593267 0.491443
vt 0.593068 0.498779
vt 0.580619 0.497333
vt 0.593267 0.491443
vt 0.604646 0.490801
vt 0.605601 0.498071
vt 0.593068 0.498779
vt 0.604646 0.490801
vt 0.615664 0.488227
vt 0.617735 0.495237
vt 0.605601 0.498071
vt 0.027805 0.212274
vt 0.039205 0.212474
vt 0.039638 0.219824
vt 0.027083 0.219604
vt 0.039205 0.212474
vt 0.05044 0.211086
vt 0.052011 0.218296
vt 0.039638 0.219824
vt 0.052011 0.218296
vt 0.063729 0.215078
vt 0.06567 0.221252
vt 0.053162 0.224687
vt 0.934603 0.1342
vt 0.94692 0.13583
vt 0.946497 0.142334
vt 0.93335 0.140594
vt 0.94692 0.13583
vt 0.959479 0.13583
vt 0.959902 0.142334
vt 0.946497 0.142334
vt 0.959479 0.13583
vt 0.971796 0.1342
vt 0.973049 0.140594
vt 0.959902 0.142334
vt 0.043978 0.124434
vt 0.056295 0.126064
vt 0.055872 0.132568
vt 0.042725 0.130828
vt 0.056295 0.126064
vt 0.068854 0.126064
vt 0.069277 0.132568
vt 0.055872 0.132568
vt 0.068854 0.126064
vt 0.081171 0.124434
vt 0.082424 0.130828
vt 0.069277 0.132568
vt 0.893099 0.1342
vt 0.905416 0.13583
vt 0.904993 0.142334
vt 0.891846 0.140594
vt 0.905416 0.13583
vt 0.917975 0.13583
vt 0.918398 0.142334
vt 0.904993 0.142334
vt 0.917975 0.13583
vt 0.930292 0.1342
vt 0.931545 0.140594
vt 0.918398 0.142334
vt 0.251497 0.124434
vt 0.263815 0.126064
vt 0.263391 0.132568
vt 0.250244 0.130828
vt 0.263815 0.126064
vt 0.276373 0.126064
vt 0.276796 0.132568
vt 0.263391 0.132568
vt 0.276373 0.126064
vt 0.28869 0.124434
vt 0.289944 0.130828
vt 0.276796 0.132568
vt 0.209994 0.124434
vt 0.222311 0.126064
vt 0.221888 0.132568
vt 0.20874 0.130828
vt 0.222311 0.126064
vt 0.234869 0.126064
vt 0.235292 0.132568
vt 0.221888 0.132568
vt 0.234869 0.126064
vt 0.247186 0.124434
vt 0.24844 0.130828
vt 0.235292 0.132568
vt 0.085482 0.124434
vt 0.097799 0.126064
vt 0.097376 0.132568
vt 0.084229 0.130828
vt 0.097799 0.126064
vt 0.110358 0.126064
vt 0.110781 0.132568
vt 0.097376 0.132568
vt 0.110358 0.126064
vt 0.122675 0.124434
vt 0.123928 0.130828
vt 0.110781 0.132568
vt 0.002474 0.124434
vt 0.014791 0.126064
vt 0.014368 0.132568
vt 0.001221 0.130828
vt 0.014791 0.126064
vt 0.02735 0.126064
vt 0.027773 0.132568
vt 0.014368 0.132568
vt 0.02735 0.126064
vt 0.039667 0.124434
vt 0.04092 0.130828
vt 0.027773 0.132568
vt 0.16849 0.124434
vt 0.180807 0.126064
vt 0.180384 0.132568
vt 0.167236 0.130828
vt 0.180807 0.126064
vt 0.193365 0.126064
vt 0.193789 0.132568
vt 0.180384 0.132568
vt 0.193365 0.126064
vt 0.205683 0.124434
vt 0.206936 0.130828
vt 0.193789 0.132568
vt 0.126986 0.124434
vt 0.139303 0.126064
vt 0.13888 0.132568
vt 0.125732 0.130828
vt 0.139303 0.126064
vt 0.151861 0.126064
vt 0.152285 0.132568
vt 0.13888 0.132568
vt 0.151861 0.126064
vt 0.164179 0.124434
vt 0.165432 0.130828
vt 0.152285 0.132568
vt 0.003349 0.214017
vt 0.01483 0.217643
vt 0.013475 0.22399
vt 0.001221 0.22012
vt 0.01483 0.217643
vt 0.027083 0.219604
vt 0.026554 0.226083
vt 0.013475 0.22399
vt 0.027083 0.219604
vt 0.039638 0.219824
vt 0.039955 0.226318
vt 0.026554 0.226083
vt 0.039638 0.219824
vt 0.052011 0.218296
vt 0.053162 0.224687
vt 0.039955 0.226318
vt 0.793941 0.1268
vt 0.807346 0.1268
vt 0.807604 0.132568
vt 0.793683 0.132568
vt 0.807346 0.1268
vt 0.820493 0.125599
vt 0.821258 0.131322
vt 0.807604 0.132568
vt 0.675563 0.116429
vt 0.688903 0.117028
vt 0.688903 0.122803
vt 0.675049 0.12218
vt 0.688903 0.117028
vt 0.702243 0.116429
vt 0.702757 0.12218
vt 0.688903 0.122803
vt 0.960231 0.126195
vt 0.973571 0.126794
vt 0.973571 0.132568
vt 0.959717 0.131946
vt 0.973571 0.126794
vt 0.986911 0.126195
vt 0.987425 0.131946
vt 0.973571 0.132568
vt 0.382594 0.116429
vt 0.395934 0.117028
vt 0.395934 0.122803
vt 0.38208 0.12218
vt 0.395934 0.117028
vt 0.409275 0.116429
vt 0.409788 0.12218
vt 0.395934 0.122803
vt 0.324 0.116429
vt 0.337341 0.117028
vt 0.337341 0.122803
vt 0.323486 0.12218
vt 0.337341 0.117028
vt 0.350681 0.116429
vt 0.351195 0.12218
vt 0.337341 0.122803
vt 0.441188 0.116429
vt 0.454528 0.117028
vt 0.454528 0.122803
vt 0.440674 0.12218
vt 0.454528 0.117028
vt 0.467868 0.116429
vt 0.468382 0.12218
vt 0.454528 0.122803
vt 0.353297 0.116429
vt 0.366637 0.117028
vt 0.366637 0.122803
vt 0.352783 0.12218
vt 0.366637 0.117028
vt 0.379978 0.116429
vt 0.380492 0.12218
vt 0.366637 0.122803
vt 0.001735 0.116429
vt 0.015075 0.117028
vt 0.015075 0.122803
vt 0.001221 0.12218
vt 0.015075 0.117028
vt 0.028415 0.116429
vt 0.028929 0.12218
vt 0.015075 0.122803
vt 0.089625 0.116429
vt 0.102966 0.117028
vt 0.102966 0.122803
vt 0.089111 0.12218
vt 0.102966 0.117028
vt 0.116306 0.116429
vt 0.11682 0.12218
vt 0.102966 0.122803
vt 0.148219 0.116429
vt 0.161559 0.117028
vt 0.161559 0.122803
vt 0.147705 0.12218
vt 0.161559 0.117028
vt 0.1749 0.116429
vt 0.175413 0.12218
vt 0.161559 0.122803
vt 0.206813 0.116429
vt 0.220153 0.117028
vt 0.220153 0.122803
vt 0.206299 0.12218
vt 0.220153 0.117028
vt 0.233493 0.116429
vt 0.234007 0.12218
vt 0.220153 0.122803
vt 0.031031 0.116429
vt 0.044372 0.117028
vt 0.044372 0.122803
vt 0.030518 0.12218
vt 0.044372 0.117028
vt 0.057712 0.116429
vt 0.058226 0.12218
vt 0.044372 0.122803
vt 0.558375 0.116429
vt 0.571716 0.117028
vt 0.571716 0.122803
vt 0.557861 0.12218
vt 0.571716 0.117028
vt 0.585056 0.116429
vt 0.58557 0.12218
vt 0.571716 0.122803
vt 0.616969 0.116429
vt 0.630309 0.117028
vt 0.630309 0.122803
vt 0.616455 0.12218
vt 0.630309 0.117028
vt 0.64365 0.116429
vt 0.644163 0.12218
vt 0.630309 0.122803
vt 0.499781 0.116429
vt 0.513122 0.117028
vt 0.513122 0.122803
vt 0.499268 0.12218
vt 0.513122 0.117028
vt 0.526462 0.116429
vt 0.526976 0.12218
vt 0.513122 0.122803
vt 0.807143 0.117034
vt 0.820548 0.117034
vt 0.820806 0.122803
vt 0.806885 0.122803
vt 0.780794 0.125599
vt 0.793941 0.1268
vt 0.793683 0.132568
vt 0.780029 0.131322
vt 0.761713 0.117461
vt 0.775635 0.117461
vt 0.775721 0.122803
vt 0.761627 0.122803
vt 0.775635 0.117461
vt 0.789288 0.117007
vt 0.789545 0.122344
vt 0.775721 0.122803
vt 0.567311 0.108933
vt 0.581166 0.10916
vt 0.581166 0.114502
vt 0.567139 0.114273
vt 0.581166 0.10916
vt 0.59502 0.108933
vt 0.595192 0.114273
vt 0.581166 0.114502
vt 0.477956 0.108933
vt 0.49181 0.10916
vt 0.49181 0.114502
vt 0.477783 0.114273
vt 0.49181 0.10916
vt 0.505664 0.108933
vt 0.505837 0.114273
vt 0.49181 0.114502
vt 0.120534 0.108933
vt 0.134388 0.10916
vt 0.134388 0.114502
vt 0.120361 0.114273
vt 0.134388 0.10916
vt 0.148242 0.108933
vt 0.148415 0.114273
vt 0.134388 0.114502
vt 0.912038 0.117234
vt 0.925892 0.11746
vt 0.925892 0.122803
vt 0.911865 0.122574
vt 0.925892 0.11746
vt 0.939746 0.117234
vt 0.939919 0.122574
vt 0.925892 0.122803
vt 0.001393 0.108933
vt 0.015248 0.10916
vt 0.015248 0.114502
vt 0.001221 0.114273
vt 0.015248 0.10916
vt 0.029102 0.108933
vt 0.029274 0.114273
vt 0.015248 0.114502
vt 0.507741 0.108933
vt 0.521595 0.10916
vt 0.521595 0.114502
vt 0.507568 0.114273
vt 0.521595 0.10916
vt 0.535449 0.108933
vt 0.535622 0.114273
vt 0.521595 0.114502
vt 0.537526 0.108933
vt 0.55138 0.10916
vt 0.55138 0.114502
vt 0.537354 0.114273
vt 0.55138 0.10916
vt 0.565235 0.108933
vt 0.565407 0.114273
vt 0.55138 0.114502
vt 0.060964 0.108933
vt 0.074818 0.10916
vt 0.074818 0.114502
vt 0.060791 0.114273
vt 0.074818 0.10916
vt 0.088672 0.108933
vt 0.088845 0.114273
vt 0.074818 0.114502
vt 0.209889 0.108933
vt 0.223744 0.10916
vt 0.223744 0.114502
vt 0.209717 0.114273
vt 0.223744 0.10916
vt 0.237598 0.108933
vt 0.237771 0.114273
vt 0.223744 0.114502
vt 0.3886 0.108933
vt 0.402455 0.10916
vt 0.402455 0.114502
vt 0.388428 0.114273
vt 0.402455 0.10916
vt 0.416309 0.108933
vt 0.416481 0.114273
vt 0.402455 0.114502
vt 0.626882 0.108933
vt 0.640736 0.10916
vt 0.640736 0.114502
vt 0.626709 0.114273
vt 0.640736 0.10916
vt 0.65459 0.108933
vt 0.654763 0.114273
vt 0.640736 0.114502
vt 0.852468 0.117234
vt 0.866322 0.11746
vt 0.866322 0.122803
vt 0.852295 0.122574
vt 0.866322 0.11746
vt 0.880176 0.117234
vt 0.880349 0.122574
vt 0.866322 0.122803
vt 0.26946 0.108933
vt 0.283314 0.10916
vt 0.283314 0.114502
vt 0.269287 0.114273
vt 0.283314 0.10916
vt 0.297168 0.108933
vt 0.297341 0.114273
vt 0.283314 0.114502
vt 0.32903 0.108933
vt 0.342884 0.10916
vt 0.342884 0.114502
vt 0.328857 0.114273
vt 0.342884 0.10916
vt 0.356738 0.108933
vt 0.356911 0.114273
vt 0.342884 0.114502
vt 0.701991 0.10916
vt 0.715912 0.10916
vt 0.715999 0.114502
vt 0.701904 0.114502
vt 0.74806 0.117007
vt 0.761713 0.117461
vt 0.761627 0.122803
vt 0.747803 0.122344
vn 0.995185 0.098017 0
vn 0.95694 0.290285 0
vn 0.881921 0.471397 0
vn 0.77301 0.634393 0
vn 0.634393 0.77301 0
vn 0.471397 0.881921 0
vn 0.290285 0.95694 0
vn 0.098017 0.995185 0
vn -0.098017 0.995185 0
vn -0.290285 0.95694 0
vn -0.471397 0.881921 0
vn -0.634393 0.77301 0
vn -0.77301 0.634393 0
vn -0.881921 0.471397 0
vn -0.95694 0.290285 0
vn -0.995185 0.098017 0
vn -0.995185 -0.098017 0
vn -0.95694 -0.290285 0
vn -0.881921 -0.471397 0
vn -0.77301 -0.634393 0
vn -0.634393 -0.77301 0
vn -0.471397 -0.881921 0
vn -0.290285 -0.95694 0
vn -0.098017 -0.995185 0
vn 0.098017 -0.995185 0
vn 0.290285 -0.95694 0
vn 0.471397 -0.881921 0
vn 0.634393 -0.77301 0
vn 0.77301 -0.634393 0
vn 0.881921 -0.471397 0
vn 0.95694 -0.290285 0
vn 0.995185 -0.098017 0
vn 0.981429 0.096662 0.165692
vn 0.943713 0.286272 0.165692
vn 0.907111 0.275169 0.318483
vn 0.943364 0.092913 0.318483
vn 0.869731 0.464881 0.165692
vn 0.835998 0.44685 0.318483
vn 0.762325 0.625624 0.165692
vn 0.732759 0.60136 0.318483
vn 0.625624 0.762325 0.165692
vn 0.60136 0.732759 0.318483
vn 0.464881 0.869731 0.165692
vn 0.44685 0.835998 0.318483
vn 0.286272 0.943713 0.165692
vn 0.275169 0.907111 0.318483
vn 0.096662 0.981429 0.165692
vn 0.092913 0.943364 0.318483
vn -0.096662 0.981429 0.165692
vn -0.092913 0.943364 0.318483
vn -0.286272 0.943713 0.165692
vn -0.275169 0.907111 0.318483
vn -0.464881 0.869731 0.165692
vn -0.44685 0.835998 0.318483
vn -0.625624 0.762325 0.165692
vn -0.60136 0.732759 0.318483
vn -0.762325 0.625624 0.165692
vn -0.732759 0.60136 0.318483
vn -0.869731 0.464881 0.165692
vn -0.835998 0.44685 0.318483
vn -0.943713 0.286272 0.165692
vn -0.907111 0.275169 0.318483
vn -0.981429 0.096662 0.165692
vn -0.943364 0.092913 0.318483
vn -0.981429 -0.096662 0.165692
vn -0.943364 -0.092913 0.318483
vn -0.943713 -0.286272 0.165692
vn -0.907111 -0.275169 0.318483
vn -0.869731 -0.464881 0.165692
vn -0.835998 -0.44685 0.318483
vn -0.762325 -0.625624 0.165692
vn -0.732759 -0.60136 0.318483
vn -0.625624 -0.762325 0.165692
vn -0.60136 -0.732759 0.318483
vn -0.464881 -0.869731 0.165692
vn -0.44685 -0.835998 0.318483
vn -0.286272 -0.943713 0.165692
vn -0.275169 -0.907111 0.318483
vn -0.096662 -0.981429 0.165692
vn -0.092913 -0.943364 0.318483
vn 0.096662 -0.981429 0.165692
vn 0.092913 -0.943364 0.318483
vn 0.286272 -0.943713 0.165692
vn 0.275169 -0.907111 0.318483
vn 0.464881 -0.869731 0.165692
vn 0.44685 -0.835998 0.318483
vn 0.625624 -0.762325 0.165692
vn 0.60136 -0.732759 0.318483
vn 0.762325 -0.625624 0.165692
vn 0.732759 -0.60136 0.318483
vn 0.869731 -0.464881 0.165692
vn 0.835998 -0.44685 0.318483
vn 0.943713 -0.286272 0.165692
vn 0.907111 -0.275169 0.318483
vn 0.981429 -0.096662 0.165692
vn 0.943364 -0.092913 0.318483
vn 0.788043 0.23905 0.567312
vn 0.819537 0.080717 0.567312
vn 0.726264 0.388196 0.567312
vn 0.636576 0.522425 0.567312
vn 0.522425 0.636576 0.567312
vn 0.388196 0.726264 0.567312
vn 0.23905 0.788043 0.567312
vn 0.080717 0.819537 0.567312
vn -0.080717 0.819537 0.567312
vn -0.23905 0.788043 0.567312
vn -0.388196 0.726264 0.567312
vn -0.522425 0.636576 0.567312
vn -0.636576 0.522425 0.567312
vn -0.726264 0.388196 0.567312
vn -0.788043 0.23905 0.567312
vn -0.819537 0.080717 0.567312
vn -0.819537 -0.080717 0.567312
vn -0.788043 -0.23905 0.567312
vn -0.726264 -0.388196 0.567312
vn -0.636576 -0.522425 0.567312
vn -0.522425 -0.636576 0.567312
vn -0.388196 -0.726264 0.567312
vn -0.23905 -0.788043 0.567312
vn -0.080717 -0.819537 0.567312
vn 0.080717 -0.819537 0.567312
vn 0.23905 -0.788043 0.567312
vn 0.388196 -0.726264 0.567312
vn 0.522425 -0.636576 0.567312
vn 0.636576 -0.522425 0.567312
vn 0.726264 -0.388196 0.567312
vn 0.788043 -0.23905 0.567312
vn 0.819537 -0.080717 0.567312
vn 0.650387 0.197293 0.733534
vn 0.67638 0.066618 0.733534
vn 0.5994 0.320386 0.733534
vn 0.525379 0.431167 0.733534
vn 0.431167 0.525379 0.733534
vn 0.320386 0.5994 0.733534
vn 0.197293 0.650387 0.733534
vn 0.066618 0.67638 0.733534
vn -0.066618 0.67638 0.733534
vn -0.197293 0.650387 0.733534
vn -0.320386 0.5994 0.733534
vn -0.431167 0.525379 0.733534
vn -0.525379 0.431167 0.733534
vn -0.5994 0.320386 0.733534
vn -0.650387 0.197293 0.733534
vn -0.67638 0.066618 0.733534
vn -0.67638 -0.066618 0.733534
vn -0.650387 -0.197293 0.733534
vn -0.5994 -0.320386 0.733534
vn -0.525379 -0.431167 0.733534
vn -0.431167 -0.525379 0.733534
vn -0.320386 -0.5994 0.733534
vn -0.197293 -0.650387 0.733534
vn -0.066618 -0.67638 0.733534
vn 0.066618 -0.67638 0.733534
vn 0.197293 -0.650387 0.733534
vn 0.320386 -0.5994 0.733534
vn 0.431167 -0.525379 0.733534
vn 0.525379 -0.431167 0.733534
vn 0.5994 -0.320386 0.733534
vn 0.650387 -0.197293 0.733534
vn 0.67638 -0.066618 0.733534
vn 0.522009 0.15835 0.838112
vn 0.542872 0.053468 0.838112
vn 0.481087 0.257146 0.838112
vn 0.421676 0.34606 0.838112
vn 0.34606 0.421676 0.838112
vn 0.257146 0.481087 0.838112
vn 0.15835 0.522009 0.838112
vn 0.053468 0.542872 0.838112
vn -0.053468 0.542872 0.838112
vn -0.15835 0.522009 0.838112
vn -0.257146 0.481087 0.838112
vn -0.34606 0.421676 0.838112
vn -0.421676 0.34606 0.838112
vn -0.481087 0.257146 0.838112
vn -0.522009 0.15835 0.838112
vn -0.542872 0.053468 0.838112
vn -0.542872 -0.053468 0.838112
vn -0.522009 -0.15835 0.838112
vn -0.481087 -0.257146 0.838112
vn -0.421676 -0.34606 0.838112
vn -0.34606 -0.421676 0.838112
vn -0.257146 -0.481087 0.838112
vn -0.15835 -0.522009 0.838112
vn -0.053468 -0.542872 0.838112
vn 0.053468 -0.542872 0.838112
vn 0.15835 -0.522009 0.838112
vn 0.257146 -0.481087 0.838112
vn 0.34606 -0.421676 0.838112
vn 0.421676 -0.34606 0.838112
vn 0.481087 -0.257146 0.838112
vn 0.522009 -0.15835 0.838112
vn 0.542872 -0.053468 0.838112
vn 0.41006 0.12439 0.903536
vn 0.426448 0.042001 0.903536
vn 0.377913 0.201999 0.903536
vn 0.331244 0.271845 0.903536
vn 0.271845 0.331244 0.903536
vn 0.201999 0.377913 0.903536
vn 0.12439 0.41006 0.903536
vn 0.042001 0.426448 0.903536
vn -0.042001 0.426448 0.903536
vn -0.12439 0.41006 0.903536
vn -0.201999 0.377913 0.903536
vn -0.271845 0.331244 0.903536
vn -0.331244 0.271845 0.903536
vn -0.377913 0.201999 0.903536
vn -0.41006 0.12439 0.903536
vn -0.426448 0.042001 0.903536
vn -0.426448 -0.042001 0.903536
vn -0.41006 -0.12439 0.903536
vn -0.377913 -0.201999 0.903536
vn -0.331244 -0.271845 0.903536
vn -0.271845 -0.331244 0.903536
vn -0.201999 -0.377913 0.903536
vn -0.12439 -0.41006 0.903536
vn -0.042001 -0.426448 0.903536
vn 0.042001 -0.426448 0.903536
vn 0.12439 -0.41006 0.903536
vn 0.201999 -0.377913 0.903536
vn 0.271845 -0.331244 0.903536
vn 0.331244 -0.271845 0.903536
vn 0.377913 -0.201999 0.903536
vn 0.41006 -0.12439 0.903536
vn 0.426448 -0.042001 0.903536
vn 0.313278 0.095032 0.944895
vn 0.325799 0.032088 0.944895
vn 0.288719 0.154323 0.944895
vn 0.253064 0.207684 0.944895
vn 0.207684 0.253064 0.944895
vn 0.154323 0.288719 0.944895
vn 0.095032 0.313278 0.944895
vn 0.032088 0.325799 0.944895
vn -0.032088 0.325799 0.944895
vn -0.095032 0.313278 0.944895
vn -0.154323 0.288719 0.944895
vn -0.207684 0.253064 0.944895
vn -0.253064 0.207684 0.944895
vn -0.288719 0.154323 0.944895
vn -0.313278 0.095032 0.944895
vn -0.325799 0.032088 0.944895
vn -0.325799 -0.032088 0.944895
vn -0.313278 -0.095032 0.944895
vn -0.288719 -0.154323 0.944895
vn -0.253064 -0.207684 0.944895
vn -0.207684 -0.253064 0.944895
vn -0.154323 -0.288719 0.944895
vn -0.095032 -0.313278 0.944895
vn -0.032088 -0.325799 0.944895
vn 0.032088 -0.325799 0.944895
vn 0.095032 -0.313278 0.944895
vn 0.154323 -0.288719 0.944895
vn 0.207684 -0.253064 0.944895
vn 0.253064 -0.207684 0.944895
vn 0.288719 -0.154323 0.944895
vn 0.313278 -0.095032 0.944895
vn 0.325799 -0.032088 0.944895
vn 0.228496 0.069313 0.971074
vn 0.237627 0.023404 0.971074
vn 0.210583 0.112559 0.971074
vn 0.184577 0.151479 0.971074
vn 0.151479 0.184577 0.971074
vn 0.112559 0.210583 0.971074
vn 0.069313 0.228496 0.971074
vn 0.023404 0.237627 0.971074
vn -0.023404 0.237627 0.971074
vn -0.069313 0.228496 0.971074
vn -0.112559 0.210583 0.971074
vn -0.151479 0.184577 0.971074
vn -0.184577 0.151479 0.971074
vn -0.210583 0.112559 0.971074
vn -0.228496 0.069313 0.971074
vn -0.237627 0.023404 0.971074
vn -0.237627 -0.023404 0.971074
vn -0.228496 -0.069313 0.971074
vn -0.210583 -0.112559 0.971074
vn -0.184577 -0.151479 0.971074
vn -0.151479 -0.184577 0.971074
vn -0.112559 -0.210583 0.971074
vn -0.069313 -0.228496 0.971074
vn -0.023404 -0.237627 0.971074
vn 0.023404 -0.237627 0.971074
vn 0.069313 -0.228496 0.971074
vn 0.112559 -0.210583 0.971074
vn 0.151479 -0.184577 0.971074
vn 0.184577 -0.151479 0.971074
vn 0.210583 -0.112559 0.971074
vn 0.228496 -0.069313 0.971074
vn 0.237627 -0.023404 0.971074
vn 0.153152 0.046458 0.98711
vn 0.159272 0.015687 0.98711
vn 0.141145 0.075444 0.98711
vn 0.123715 0.10153 0.98711
vn 0.10153 0.123715 0.98711
vn 0.075444 0.141145 0.98711
vn 0.046458 0.153152 0.98711
vn 0.015687 0.159272 0.98711
vn -0.015687 0.159272 0.98711
vn -0.046458 0.153152 0.98711
vn -0.075444 0.141145 0.98711
vn -0.10153 0.123715 0.98711
vn -0.123715 0.10153 0.98711
vn -0.141145 0.075444 0.98711
vn -0.153152 0.046458 0.98711
vn -0.159272 0.015687 0.98711
vn -0.159272 -0.015687 0.98711
vn -0.153152 -0.046458 0.98711
vn -0.141145 -0.075444 0.98711
vn -0.123715 -0.10153 0.98711
vn -0.10153 -0.123715 0.98711
vn -0.075444 -0.141145 0.98711
vn -0.046458 -0.153152 0.98711
vn -0.015687 -0.159272 0.98711
vn 0.015687 -0.159272 0.98711
vn 0.046458 -0.153152 0.98711
vn 0.075444 -0.141145 0.98711
vn 0.10153 -0.123715 0.98711
vn 0.123715 -0.10153 0.98711
vn 0.141145 -0.075444 0.98711
vn 0.153152 -0.046458 0.98711
vn 0.159272 -0.015687 0.98711
vn 0.088694 0.026905 0.995695
vn 0.092239 0.009085 0.995695
vn 0.081741 0.043691 0.995695
vn 0.071647 0.058799 0.995695
vn 0.058799 0.071647 0.995695
vn 0.043691 0.081741 0.995695
vn 0.026905 0.088694 0.995695
vn 0.009085 0.092239 0.995695
vn -0.009085 0.092239 0.995695
vn -0.026905 0.088694 0.995695
vn -0.043691 0.081741 0.995695
vn -0.058799 0.071647 0.995695
vn -0.071647 0.058799 0.995695
vn -0.081741 0.043691 0.995695
vn -0.088694 0.026905 0.995695
vn -0.092239 0.009085 0.995695
vn -0.092239 -0.009085 0.995695
vn -0.088694 -0.026905 0.995695
vn -0.081741 -0.043691 0.995695
vn -0.071647 -0.058799 0.995695
vn -0.058799 -0.071647 0.995695
vn -0.043691 -0.081741 0.995695
vn -0.026905 -0.088694 0.995695
vn -0.009085 -0.092239 0.995695
vn 0.009085 -0.092239 0.995695
vn 0.026905 -0.088694 0.995695
vn 0.043691 -0.081741 0.995695
vn 0.058799 -0.071647 0.995695
vn 0.071647 -0.058799 0.995695
vn 0.081741 -0.043691 0.995695
vn 0.088694 -0.026905 0.995695
vn 0.092239 -0.009085 0.995695
vn 0 0 0
vn 0.036307 0.007222 0.999315
vn 0.034201 0.014166 0.999315
vn 0.03078 0.020566 0.999315
vn 0.026176 0.026176 0.999315
vn 0.020566 0.03078 0.999315
vn 0.014166 0.034201 0.999315
vn 0.007222 0.036307 0.999315
vn 0 0.037019 0.999315
vn -0.007222 0.036307 0.999315
vn -0.014166 0.034201 0.999315
vn -0.020566 0.03078 0.999315
vn -0.026176 0.026176 0.999315
vn -0.03078 0.020566 0.999315
vn -0.034201 0.014166 0.999315
vn -0.036307 0.007222 0.999315
vn -0.037019 0 0.999315
vn -0.036307 -0.007222 0.999315
vn -0.034201 -0.014166 0.999315
vn -0.03078 -0.020566 0.999315
vn -0.026176 -0.026176 0.999315
vn -0.020566 -0.03078 0.999315
vn -0.014166 -0.034201 0.999315
vn -0.007222 -0.036307 0.999315
vn 0 -0.037019 0.999315
vn 0.007222 -0.036307 0.999315
vn 0.014166 -0.034201 0.999315
vn 0.020566 -0.03078 0.999315
vn 0.026176 -0.026176 0.999315
vn 0.03078 -0.020566 0.999315
vn 0.034201 -0.014166 0.999315
vn 0.036307 -0.007222 0.999315
vn 0.037019 0 0.999315
vn 0.088694 0.026905 -0.995695
vn 0.092239 0.009085 -0.995695
vn 0.036307 0.007222 -0.999315
vn 0.081741 0.043691 -0.995695
vn 0.034201 0.014166 -0.999315
vn 0.071647 0.058799 -0.995695
vn 0.03078 0.020566 -0.999315
vn 0.058799 0.071647 -0.995695
vn 0.026176 0.026176 -0.999315
vn 0.043691 0.081741 -0.995695
vn 0.020566 0.03078 -0.999315
vn 0.026905 0.088694 -0.995695
vn 0.014166 0.034201 -0.999315
vn 0.009085 0.092239 -0.995695
vn 0.007222 0.036307 -0.999315
vn -0.009085 0.092239 -0.995695
vn 0 0.037019 -0.999315
vn -0.026905 0.088694 -0.995695
vn -0.007222 0.036307 -0.999315
vn -0.043691 0.081741 -0.995695
vn -0.014166 0.034201 -0.999315
vn -0.058799 0.071647 -0.995695
vn -0.020566 0.03078 -0.999315
vn -0.071647 0.058799 -0.995695
vn -0.026176 0.026176 -0.999315
vn -0.081741 0.043691 -0.995695
vn -0.03078 0.020566 -0.999315
vn -0.088694 0.026905 -0.995695
vn -0.034201 0.014166 -0.999315
vn -0.092239 0.009085 -0.995695
vn -0.036307 0.007222 -0.999315
vn -0.092239 -0.009085 -0.995695
vn -0.037019 0 -0.999315
vn -0.088694 -0.026905 -0.995695
vn -0.036307 -0.007222 -0.999315
vn -0.081741 -0.043691 -0.995695
vn -0.034201 -0.014166 -0.999315
vn -0.071647 -0.058799 -0.995695
vn -0.03078 -0.020566 -0.999315
vn -0.058799 -0.071647 -0.995695
vn -0.026176 -0.026176 -0.999315
vn -0.043691 -0.081741 -0.995695
vn -0.020566 -0.03078 -0.999315
vn -0.026905 -0.088694 -0.995695
vn -0.014166 -0.034201 -0.999315
vn -0.009085 -0.092239 -0.995695
vn -0.007222 -0.036307 -0.999315
vn 0.009085 -0.092239 -0.995695
vn 0 -0.037019 -0.999315
vn 0.026905 -0.088694 -0.995695
vn 0.007222 -0.036307 -0.999315
vn 0.043691 -0.081741 -0.995695
vn 0.014166 -0.034201 -0.999315
vn 0.058799 -0.071647 -0.995695
vn 0.020566 -0.03078 -0.999315
vn 0.071647 -0.058799 -0.995695
vn 0.026176 -0.026176 -0.999315
vn 0.081741 -0.043691 -0.995695
vn 0.03078 -0.020566 -0.999315
vn 0.088694 -0.026905 -0.995695
vn 0.034201 -0.014166 -0.999315
vn 0.092239 -0.009085 -0.995695
vn 0.036307 -0.007222 -0.999315
vn 0.037019 0 -0.999315
vn 0.153152 0.046458 -0.98711
vn 0.159272 0.015687 -0.98711
vn 0.141145 0.075444 -0.98711
vn 0.123715 0.10153 -0.98711
vn 0.10153 0.123715 -0.98711
vn 0.075444 0.141145 -0.98711
vn 0.046458 0.153152 -0.98711
vn 0.015687 0.159272 -0.98711
vn -0.015687 0.159272 -0.98711
vn -0.046458 0.153152 -0.98711
vn -0.075444 0.141145 -0.98711
vn -0.10153 0.123715 -0.98711
vn -0.123715 0.10153 -0.98711
vn -0.141145 0.075444 -0.98711
vn -0.153152 0.046458 -0.98711
vn -0.159272 0.015687 -0.98711
vn -0.159272 -0.015687 -0.98711
vn -0.153152 -0.046458 -0.98711
vn -0.141145 -0.075444 -0.98711
vn -0.123715 -0.10153 -0.98711
vn -0.10153 -0.123715 -0.98711
vn -0.075444 -0.141145 -0.98711
vn -0.046458 -0.153152 -0.98711
vn -0.015687 -0.159272 -0.98711
vn 0.015687 -0.159272 -0.98711
vn 0.046458 -0.153152 -0.98711
vn 0.075444 -0.141145 -0.98711
vn 0.10153 -0.123715 -0.98711
vn 0.123715 -0.10153 -0.98711
vn 0.141145 -0.075444 -0.98711
vn 0.153152 -0.046458 -0.98711
vn 0.159272 -0.015687 -0.98711
vn 0.228496 0.069313 -0.971074
vn 0.237627 0.023404 -0.971074
vn 0.210583 0.112559 -0.971074
vn 0.184577 0.151479 -0.971074
vn 0.151479 0.184577 -0.971074
vn 0.112559 0.210583 -0.971074
vn 0.069313 0.228496 -0.971074
vn 0.023404 0.237627 -0.971074
vn -0.023404 0.237627 -0.971074
vn -0.069313 0.228496 -0.971074
vn -0.112559 0.210583 -0.971074
vn -0.151479 0.184577 -0.971074
vn -0.184577 0.151479 -0.971074
vn -0.210583 0.112559 -0.971074
vn -0.228496 0.069313 -0.971074
vn -0.237627 0.023404 -0.971074
vn -0.237627 -0.023404 -0.971074
vn -0.228496 -0.069313 -0.971074
vn -0.210583 -0.112559 -0.971074
vn -0.184577 -0.151479 -0.971074
vn -0.151479 -0.184577 -0.971074
vn -0.112559 -0.210583 -0.971074
vn -0.069313 -0.228496 -0.971074
vn -0.023404 -0.237627 -0.971074
vn 0.023404 -0.237627 -0.971074
vn 0.069313 -0.228496 -0.971074
vn 0.112559 -0.210583 -0.971074
vn 0.151479 -0.184577 -0.971074
vn 0.184577 -0.151479 -0.971074
vn 0.210583 -0.112559 -0.971074
vn 0.228496 -0.069313 -0.971074
vn 0.237627 -0.023404 -0.971074
vn 0.313278 0.095032 -0.944895
vn 0.325799 0.032088 -0.944895
vn 0.288719 0.154323 -0.944895
vn 0.253064 0.207684 -0.944895
vn 0.207684 0.253064 -0.944895
vn 0.154323 0.288719 -0.944895
vn 0.095032 0.313278 -0.944895
vn 0.032088 0.325799 -0.944895
vn -0.032088 0.325799 -0.944895
vn -0.095032 0.313278 -0.944895
vn -0.154323 0.288719 -0.944895
vn -0.207684 0.253064 -0.944895
vn -0.253064 0.207684 -0.944895
vn -0.288719 0.154323 -0.944895
vn -0.313278 0.095032 -0.944895
vn -0.325799 0.032088 -0.944895
vn -0.325799 -0.032088 -0.944895
vn -0.313278 -0.095032 -0.944895
vn -0.288719 -0.154323 -0.944895
vn -0.253064 -0.207684 -0.944895
vn -0.207684 -0.253064 -0.944895
vn -0.154323 -0.288719 -0.944895
vn -0.095032 -0.313278 -0.944895
vn -0.032088 -0.325799 -0.944895
vn 0.032088 -0.325799 -0.944895
vn 0.095032 -0.313278 -0.944895
vn 0.154323 -0.288719 -0.944895
vn 0.207684 -0.253064 -0.944895
vn 0.253064 -0.207684 -0.944895
vn 0.288719 -0.154323 -0.944895
vn 0.313278 -0.095032 -0.944895
vn 0.325799 -0.032088 -0.944895
vn 0.41006 0.12439 -0.903536
vn 0.426448 0.042001 -0.903536
vn 0.377913 0.201999 -0.903536
vn 0.331244 0.271845 -0.903536
vn 0.271845 0.331244 -0.903536
vn 0.201999 0.377913 -0.903536
vn 0.12439 0.41006 -0.903536
vn 0.042001 0.426448 -0.903536
vn -0.042001 0.426448 -0.903536
vn -0.12439 0.41006 -0.903536
vn -0.201999 0.377913 -0.903536
vn -0.271845 0.331244 -0.903536
vn -0.331244 0.271845 -0.903536
vn -0.377913 0.201999 -0.903536
vn -0.41006 0.12439 -0.903536
vn -0.426448 0.042001 -0.903536
vn -0.426448 -0.042001 -0.903536
vn -0.41006 -0.12439 -0.903536
vn -0.377913 -0.201999 -0.903536
vn -0.331244 -0.271845 -0.903536
vn -0.271845 -0.331244 -0.903536
vn -0.201999 -0.377913 -0.903536
vn -0.12439 -0.41006 -0.903536
vn -0.042001 -0.426448 -0.903536
vn 0.042001 -0.426448 -0.903536
vn 0.12439 -0.41006 -0.903536
vn 0.201999 -0.377913 -0.903536
vn 0.271845 -0.331244 -0.903536
vn 0.331244 -0.271845 -0.903536
vn 0.377913 -0.201999 -0.903536
vn 0.41006 -0.12439 -0.903536
vn 0.426448 -0.042001 -0.903536
vn 0.522009 0.15835 -0.838112
vn 0.542872 0.053468 -0.838112
vn 0.481087 0.257146 -0.838112
vn 0.421676 0.34606 -0.838112
vn 0.34606 0.421676 -0.838112
vn 0.257146 0.481087 -0.838112
vn 0.15835 0.522009 -0.838112
vn 0.053468 0.542872 -0.838112
vn -0.053468 0.542872 -0.838112
vn -0.15835 0.522009 -0.838112
vn -0.257146 0.481087 -0.838112
vn -0.34606 0.421676 -0.838112
vn -0.421676 0.34606 -0.838112
vn -0.481087 0.257146 -0.838112
vn -0.522009 0.15835 -0.838112
vn -0.542872 0.053468 -0.838112
vn -0.542872 -0.053468 -0.838112
vn -0.522009 -0.15835 -0.838112
vn -0.481087 -0.257146 -0.838112
vn -0.421676 -0.34606 -0.838112
vn -0.34606 -0.421676 -0.838112
vn -0.257146 -0.481087 -0.838112
vn -0.15835 -0.522009 -0.838112
vn -0.053468 -0.542872 -0.838112
vn 0.053468 -0.542872 -0.838112
vn 0.15835 -0.522009 -0.838112
vn 0.257146 -0.481087 -0.838112
vn 0.34606 -0.421676 -0.838112
vn 0.421676 -0.34606 -0.838112
vn 0.481087 -0.257146 -0.838112
vn 0.522009 -0.15835 -0.838112
vn 0.542872 -0.053468 -0.838112
vn 0.650387 0.197293 -0.733534
vn 0.67638 0.066618 -0.733534
vn 0.5994 0.320386 -0.733534
vn 0.525379 0.431167 -0.733534
vn 0.431167 0.525379 -0.733534
vn 0.320386 0.5994 -0.733534
vn 0.197293 0.650387 -0.733534
vn 0.066618 0.67638 -0.733534
vn -0.066618 0.67638 -0.733534
vn -0.197293 0.650387 -0.733534
vn -0.320386 0.5994 -0.733534
vn -0.431167 0.525379 -0.733534
vn -0.525379 0.431167 -0.733534
vn -0.5994 0.320386 -0.733534
vn -0.650387 0.197293 -0.733534
vn -0.67638 0.066618 -0.733534
vn -0.67638 -0.066618 -0.733534
vn -0.650387 -0.197293 -0.733534
vn -0.5994 -0.320386 -0.733534
vn -0.525379 -0.431167 -0.733534
vn -0.431167 -0.525379 -0.733534
vn -0.320386 -0.5994 -0.733534
vn -0.197293 -0.650387 -0.733534
vn -0.066618 -0.67638 -0.733534
vn 0.066618 -0.67638 -0.733534
vn 0.197293 -0.650387 -0.733534
vn 0.320386 -0.5994 -0.733534
vn 0.431167 -0.525379 -0.733534
vn 0.525379 -0.431167 -0.733534
vn 0.5994 -0.320386 -0.733534
vn 0.650387 -0.197293 -0.733534
vn 0.67638 -0.066618 -0.733534
vn 0.788043 0.23905 -0.567312
vn 0.819537 0.080717 -0.567312
vn 0.726264 0.388196 -0.567312
vn 0.636576 0.522425 -0.567312
vn 0.522425 0.636576 -0.567312
vn 0.388196 0.726264 -0.567312
vn 0.23905 0.788043 -0.567312
vn 0.080717 0.819537 -0.567312
vn -0.080717 0.819537 -0.567312
vn -0.23905 0.788043 -0.567312
vn -0.388196 0.726264 -0.567312
vn -0.522425 0.636576 -0.567312
vn -0.636576 0.522425 -0.567312
vn -0.726264 0.388196 -0.567312
vn -0.788043 0.23905 -0.567312
vn -0.819537 0.080717 -0.567312
vn -0.819537 -0.080717 -0.567312
vn -0.788043 -0.23905 -0.567312
vn -0.726264 -0.388196 -0.567312
vn -0.636576 -0.522425 -0.567312
vn -0.522425 -0.636576 -0.567312
vn -0.388196 -0.726264 -0.567312
vn -0.23905 -0.788043 -0.567312
vn -0.080717 -0.819537 -0.567312
vn 0.080717 -0.819537 -0.567312
vn 0.23905 -0.788043 -0.567312
vn 0.388196 -0.726264 -0.567312
vn 0.522425 -0.636576 -0.567312
vn 0.636576 -0.522425 -0.567312
vn 0.726264 -0.388196 -0.567312
vn 0.788043 -0.23905 -0.567312
vn 0.819537 -0.080717 -0.567312
vn 0.907111 0.275169 -0.318483
vn 0.943364 0.092913 -0.318483
vn 0.835998 0.44685 -0.318483
vn 0.732759 0.60136 -0.318483
vn 0.60136 0.732759 -0.318483
vn 0.44685 0.835998 -0.318483
vn 0.275169 0.907111 -0.318483
vn 0.092913 0.943364 -0.318483
vn -0.092913 0.943364 -0.318483
vn -0.275169 0.907111 -0.318483
vn -0.44685 0.835998 -0.318483
vn -0.60136 0.732759 -0.318483
vn -0.732759 0.60136 -0.318483
vn -0.835998 0.44685 -0.318483
vn -0.907111 0.275169 -0.318483
vn -0.943364 0.092913 -0.318483
vn -0.943364 -0.092913 -0.318483
vn -0.907111 -0.275169 -0.318483
vn -0.835998 -0.44685 -0.318483
vn -0.732759 -0.60136 -0.318483
vn -0.60136 -0.732759 -0.318483
vn -0.44685 -0.835998 -0.318483
vn -0.275169 -0.907111 -0.318483
vn -0.092913 -0.943364 -0.318483
vn 0.092913 -0.943364 -0.318483
vn 0.275169 -0.907111 -0.318483
vn 0.44685 -0.835998 -0.318483
vn 0.60136 -0.732759 -0.318483
vn 0.732759 -0.60136 -0.318483
vn 0.835998 -0.44685 -0.318483
vn 0.907111 -0.275169 -0.318483
vn 0.943364 -0.092913 -0.318483
vn 0.943713 0.286272 -0.165692
vn 0.981429 0.096662 -0.165692
vn 0.869731 0.464881 -0.165692
vn 0.762325 0.625624 -0.165692
vn 0.625624 0.762325 -0.165692
vn 0.464881 0.869731 -0.165692
vn 0.286272 0.943713 -0.165692
vn 0.096662 0.981429 -0.165692
vn -0.096662 0.981429 -0.165692
vn -0.286272 0.943713 -0.165692
vn -0.464881 0.869731 -0.165692
vn -0.625624 0.762325 -0.165692
vn -0.762325 0.625624 -0.165692
vn -0.869731 0.464881 -0.165692
vn -0.943713 0.286272 -0.165692
vn -0.981429 0.096662 -0.165692
vn -0.981429 -0.096662 -0.165692
vn -0.943713 -0.286272 -0.165692
vn -0.869731 -0.464881 -0.165692
vn -0.762325 -0.625624 -0.165692
vn -0.625624 -0.762325 -0.165692
vn -0.464881 -0.869731 -0.165692
vn -0.286272 -0.943713 -0.165692
vn -0.096662 -0.981429 -0.165692
vn 0.096662 -0.981429 -0.165692
vn 0.286272 -0.943713 -0.165692
vn 0.464881 -0.869731 -0.165692
vn 0.625624 -0.762325 -0.165692
vn 0.762325 -0.625624 -0.165692
vn 0.869731 -0.464881 -0.165692
vn 0.943713 -0.286272 -0.165692
vn 0.981429 -0.096662 -0.165692
f 1/1/1 2/2/2 34/3/2 33/4/1
f 2/5/2 3/6/3 35/7/3 34/8/2
f 3/9/3 4/10/4 36/11/4 35/12/3
f 4/13/4 5/14/5 37/15/5 36/16/4
f 5/17/5 6/18/6 38/19/6 37/20/5
f 6/21/6 7/22/7 39/23/7 38/24/6
f 7/25/7 8/26/8 40/27/8 39/28/7
f 8/29/8 9/30/9 41/31/9 40/32/8
f 9/33/9 10/34/10 42/35/10 41/36/9
f 10/37/10 11/38/11 43/39/11 42/40/10
f 11/41/11 12/42/12 44/43/12 43/44/11
f 12/45/12 13/46/13 45/47/13 44/48/12
f 13/49/13 14/50/14 46/51/14 45/52/13
f 14/53/14 15/54/15 47/55/15 46/56/14
f 15/57/15 16/58/16 48/59/16 47/60/15
f 16/61/16 17/62/17 49/63/17 48/64/16
f 17/65/17 18/66/18 50/67/18 49/68/17
f 18/69/18 19/70/19 51/71/19 50/72/18
f 19/73/19 20/74/20 52/75/20 51/76/19
f 20/77/20 21/78/21 53/79/21 52/80/20
f 21/81/21 22/82/22 54/83/22 53/84/21
f 22/85/22 23/86/23 55/87/23 54/88/22
f 23/89/23 24/90/24 56/91/24 55/92/23
f 24/93/24 25/94/25 57/95/25 56/96/24
f 25/97/25 26/98/26 58/99/26 57/100/25
f 26/101/26 27/102/27 59/103/27 58/104/26
f 27/105/27 28/106/28 60/107/28 59/108/27
f 28/109/28 29/110/29 61/111/29 60/112/28
f 29/113/29 30/114/30 62/115/30 61/116/29
f 30/117/30 31/118/31 63/119/31 62/120/30
f 31/121/31 32/122/32 64/123/32 63/124/31
f 32/125/32 1/126/1 33/127/1 64/128/32
f 65/129/33 66/130/34 98/131/35 97/132/36
f 66/133/34 67/134/37 99/135/38 98/136/35
f 67/137/37 68/138/39 100/139/40 99/140/38
f 68/141/39 69/142/41 101/143/42 100/144/40
f 69/145/41 70/146/43 102/147/44 101/148/42
f 70/149/43 71/150/45 103/151/46 102/152/44
f 71/153/45 72/154/47 104/155/48 103/156/46
f 72/157/47 73/158/49 105/159/50 104/160/48
f 73/161/49 74/162/51 106/163/52 105/164/50
f 74/165/51 75/166/53 107/167/54 106/168/52
f 75/169/53 76/170/55 108/171/56 107/172/54
f 76/173/55 77/174/57 109/175/58 108/176/56
f 77/177/57 78/178/59 110/179/60 109/180/58
f 78/181/59 79/182/61 111/183/62 110/184/60
f 79/185/61 80/186/63 112/187/64 111/188/62
f 80/189/63 81/190/65 113/191/66 112/192/64
f 81/193/65 82/194/67 114/195/68 113/196/66
f 82/197/67 83/198/69 115/199/70 114/200/68
f 83/201/69 84/202/71 116/203/72 115/204/70
f 84/205/71 85/206/73 117/207/74 116/208/72
f 85/209/73 86/210/75 118/211/76 117/212/74
f 86/213/75 87/214/77 119/215/78 118/216/76
f 87/217/77 88/218/79 120/219/80 119/220/78
f 88/221/79 89/222/81 121/223/82 120/224/80
f 89/225/81 90/226/83 122/227/84 121/228/82
f 90/229/83 91/230/85 123/231/86 122/232/84
f 91/233/85 92/234/87 124/235/88 123/236/86
f 92/237/87 93/238/89 125/239/90 124/240/88
f 93/241/89 94/242/91 126/243/92 125/244/90
f 94/245/91 95/246/93 127/247/94 126/248/92
f 95/249/93 96/250/95 128/251/96 127/252/94
f 96/253/95 65/254/33 97/255/36 128/256/96
f 97/257/36 98/258/35 130/259/97 129/260/98
f 98/261/35 99/262/38 131/263/99 130/264/97
f 99/265/38 100/266/40 132/267/100 131/268/99
f 100/269/40 101/270/42 133/271/101 132/272/100
f 101/273/42 102/274/44 134/275/102 133/276/101
f 102/277/44 103/278/46 135/279/103 134/280/102
f 103/281/46 104/282/48 136/283/104 135/284/103
f 104/285/48 105/286/50 137/287/105 136/288/104
f 105/289/50 106/290/52 138/291/106 137/292/105
f 106/293/52 107/294/54 139/295/107 138/296/106
f 107/297/54 108/298/56 140/299/108 139/300/107
f 108/301/56 109/302/58 141/303/109 140/304/108
f 109/305/58 110/306/60 142/307/110 141/308/109
f 110/309/60 111/310/62 143/311/111 142/312/110
f 111/313/62 112/314/64 144/315/112 143/316/111
f 112/317/64 113/318/66 145/319/113 144/320/112
f 113/321/66 114/322/68 146/323/114 145/324/113
f 114/325/68 115/326/70 147/327/115 146/328/114
f 115/329/70 116/330/72 148/331/116 147/332/115
f 116/333/72 117/334/74 149/335/117 148/336/116
f 117/337/74 118/338/76 150/339/118 149/340/117
f 118/341/76 119/342/78 151/343/119 150/344/118
f 119/345/78 120/346/80 152/347/120 151/348/119
f 120/349/80 121/350/82 153/351/121 152/352/120
f 121/353/82 122/354/84 154/355/122 153/356/121
f 122/357/84 123/358/86 155/359/123 154/360/122
f 123/361/86 124/362/88 156/363/124 155/364/123
f 124/365/88 125/366/90 157/367/125 156/368/124
f 125/369/90 126/370/92 158/371/126 157/372/125
f 126/373/92 127/374/94 159/375/127 158/376/126
f 127/377/94 128/378/96 160/379/128 159/380/127
f 128/381/96 97/382/36 129/383/98 160/384/128
f 129/385/98 130/386/97 162/387/129 161/388/130
f 130/389/97 131/390/99 163/391/131 162/392/129
f 131/393/99 132/394/100 164/395/132 163/396/131
f 132/397/100 133/398/101 165/399/133 164/400/132
f 133/401/101 134/402/102 166/403/134 165/404/133
f 134/405/102 135/406/103 167/407/135 166/408/134
f 135/409/103 136/410/104 168/411/136 167/412/135
f 136/413/104 137/414/105 169/415/137 168/416/136
f 137/417/105 138/418/106 170/419/138 169/420/137
f 138/421/106 139/422/107 171/423/139 170/424/138
f 139/425/107 140/426/108 172/427/140 171/428/139
f 140/429/108 141/430/109 173/431/141 172/432/140
f 141/433/109 142/434/110 174/435/142 173/436/141
f 142/437/110 143/438/111 175/439/143 174/440/142
f 143/441/111 144/442/112 176/443/144 175/444/143
f 144/445/112 145/446/113 177/447/145 176/448/144
f 145/449/113 146/450/114 178/451/146 177/452/145
f 146/453/114 147/454/115 179/455/147 178/456/146
f 147/457/115 148/458/116 180/459/148 179/460/147
f 148/461/116 149/462/117 181/463/149 180/464/148
f 149/465/117 150/466/118 182/467/150 181/468/149
f 150/469/118 151/470/119 183/471/151 182/472/150
f 151/473/119 152/474/120 184/475/152 183/476/151
f 152/477/120 153/478/121 185/479/153 184/480/152
f 153/481/121 154/482/122 186/483/154 185/484/153
f 154/485/122 155/486/123 187/487/155 186/488/154
f 155/489/123 156/490/124 188/491/156 187/492/155
f 156/493/124 157/494/125 189/495/157 188/496/156
f 157/497/125 158/498/126 190/499/158 189/500/157
f 158/501/126 159/502/127 191/503/159 190/504/158
f 159/505/127 160/506/128 192/507/160 191/508/159
f 160/509/128 129/510/98 161/511/130 192/512/160
f 161/513/130 162/514/129 194/515/161 193/516/162
f 162/517/129 163/518/131 195/519/163 194/520/161
f 163/521/131 164/522/132 196/523/164 195/524/163
f 164/525/132 165/526/133 197/527/165 196/528/164
f 165/529/133 166/530/134 198/531/166 197/532/165
f 166/533/134 167/534/135 199/535/167 198/536/166
f 167/537/135 168/538/136 200/539/168 199/540/167
f 168/541/136 169/542/137 201/543/169 200/544/168
f 169/545/137 170/546/138 202/547/170 201/548/169
f 170/549/138 171/550/139 203/551/171 202/552/170
f 171/553/139 172/554/140 204/555/172 203/556/171
f 172/557/140 173/558/141 205/559/173 204/560/172
f 173/561/141 174/562/142 206/563/174 205/564/173
f 174/565/142 175/566/143 207/567/175 206/568/174
f 175/569/143 176/570/144 208/571/176 207/572/175
f 176/573/144 177/574/145 209/575/177 208/576/176
f 177/577/145 178/578/146 210/579/178 209/580/177
f 178/581/146 179/582/147 211/583/179 210/584/178
f 179/585/147 180/586/148 212/587/180 211/588/179
f 180/589/148 181/590/149 213/591/181 212/592/180
f 181/593/149 182/594/150 214/595/182 213/596/181
f 182/597/150 183/598/151 215/599/183 214/600/182
f 183/601/151 184/602/152 216/603/184 215/604/183
f 184/605/152 185/606/153 217/607/185 216/608/184
f 185/609/153 186/610/154 218/611/186 217/612/185
f 186/613/154 187/614/155 219/615/187 218/616/186
f 187/617/155 188/618/156 220/619/188 219/620/187
f 188/621/156 189/622/157 221/623/189 220/624/188
f 189/625/157 190/626/158 222/627/190 221/628/189
f 190/629/158 191/630/159 223/631/191 222/632/190
f 191/633/159 192/634/160 224/635/192 223/636/191
f 192/637/160 161/638/130 193/639/162 224/640/192
f 193/641/162 194/642/161 226/643/193 225/644/194
f 194/645/161 195/646/163 227/647/195 226/648/193
f 195/649/163 196/650/164 228/651/196 227/652/195
f 196/653/164 197/654/165 229/655/197 228/656/196
f 197/657/165 198/658/166 230/659/198 229/660/197
f 198/661/166 199/662/167 231/663/199 230/664/198
f 199/665/167 200/666/168 232/667/200 231/668/199
f 200/669/168 201/670/169 233/671/201 232/672/200
f 201/673/169 202/674/170 234/675/202 233/676/201
f 202/677/170 203/678/171 235/679/203 234/680/202
f 203/681/171 204/682/172 236/683/204 235/684/203
f 204/685/172 205/686/173 237/687/205 236/688/204
f 205/689/173 206/690/174 238/691/206 237/692/205
f 206/693/174 207/694/175 239/695/207 238/696/206
f 207/697/175 208/698/176 240/699/208 239/700/207
f 208/701/176 209/702/177 241/703/209 240/704/208
f 209/705/177 210/706/178 242/707/210 241/708/209
f 210/709/178 211/710/179 243/711/211 242/712/210
f 211/713/179 212/714/180 244/715/212 243/716/211
f 212/717/180 213/718/181 245/719/213 244/720/212
f 213/721/181 214/722/182 246/723/214 245/724/213
f 214/725/182 215/726/183 247/727/215 246/728/214
f 215/729/183 216/730/184 248/731/216 247/732/215
f 216/733/184 217/734/185 249/735/217 248/736/216
f 217/737/185 218/738/186 250/739/218 249/740/217
f 218/741/186 219/742/187 251/743/219 250/744/218
f 219/745/187 220/746/188 252/747/220 251/748/219
f 220/749/188 221/750/189 253/751/221 252/752/220
f 221/753/189 222/754/190 254/755/222 253/756/221
f 222/757/190 223/758/191 255/759/223 254/760/222
f 223/761/191 224/762/192 256/763/224 255/764/223
f 224/765/192 193/766/162 225/767/194 256/768/224
f 225/769/194 226/770/193 258/771/225 257/772/226
f 226/773/193 227/774/195 259/775/227 258/776/225
f 227/777/195 228/778/196 260/779/228 259/780/227
f 228/781/196 229/782/197 261/783/229 260/784/228
f 229/785/197 230/786/198 262/787/230 261/788/229
f 230/789/198 231/790/199 263/791/231 262/792/230
f 231/793/199 232/794/200 264/795/232 263/796/231
f 232/797/200 233/798/201 265/799/233 264/800/232
f 233/801/201 234/802/202 266/803/234 265/804/233
f 234/805/202 235/806/203 267/807/235 266/808/234
f 235/809/203 236/810/204 268/811/236 267/812/235
f 236/813/204 237/814/205 269/815/237 268/816/236
f 237/817/205 238/818/206 270/819/238 269/820/237
f 238/821/206 239/822/207 271/823/239 270/824/238
f 239/825/207 240/826/208 272/827/240 271/828/239
f 240/829/208 241/830/209 273/831/241 272/832/240
f 241/833/209 242/834/210 274/835/242 273/836/241
f 242/837/210 243/838/211 275/839/243 274/840/242
f 243/841/211 244/842/212 276/843/244 275/844/243
f 244/845/212 245/846/213 277/847/245 276/848/244
f 245/849/213 246/850/214 278/851/246 277/852/245
f 246/853/214 247/854/215 279/855/247 278/856/246
f 247/857/215 248/858/216 280/859/248 279/860/247
f 248/861/216 249/862/217 281/863/249 280/864/248
f 249/865/217 250/866/218 282/867/250 281/868/249
f 250/869/218 251/870/219 283/871/251 282/872/250
f 251/873/219 252/874/220 284/875/252 283/876/251
f 252/877/220 253/878/221 285/879/253 284/880/252
f 253/881/221 254/882/222 286/883/254 285/884/253
f 254/885/222 255/886/223 287/887/255 286/888/254
f 255/889/223 256/890/224 288/891/256 287/892/255
f 256/893/224 225/894/194 257/895/226 288/896/256
f 257/897/226 258/898/225 290/899/257 289/900/258
f 258/901/225 259/902/227 291/903/259 290/904/257
f 259/905/227 260/906/228 292/907/260 291/908/259
f 260/909/228 261/910/229 293/911/261 292/912/260
f 261/913/229 262/914/230 294/915/262 293/916/261
f 262/917/230 263/918/231 295/919/263 294/920/262
f 263/921/231 264/922/232 296/923/264 295/924/263
f 264/925/232 265/926/233 297/927/265 296/928/264
f 265/929/233 266/930/234 298/931/266 297/932/265
f 266/933/234 267/934/235 299/935/267 298/936/266
f 267/937/235 268/938/236 300/939/268 299/940/267
f 268/941/236 269/942/237 301/943/269 300/944/268
f 269/945/237 270/946/238 302/947/270 301/948/269
f 270/949/238 271/950/239 303/951/271 302/952/270
f 271/953/239 272/954/240 304/955/272 303/956/271
f 272/957/240 273/958/241 305/959/273 304/960/272
f 273/961/241 274/962/242 306/963/274 305/964/273
f 274/965/242 275/966/243 307/967/275 306/968/274
f 275/969/243 276/970/244 308/971/276 307/972/275
f 276/973/244 277/974/245 309/975/277 308/976/276
f 277/977/245 278/978/246 310/979/278 309/980/277
f 278/981/246 279/982/247 311/983/279 310/984/278
f 279/985/247 280/986/248 312/987/280 311/988/279
f 280/989/248 281/990/249 313/991/281 312/992/280
f 281/993/249 282/994/250 314/995/282 313/996/281
f 282/997/250 283/998/251 315/999/283 314/1000/282
f 283/1001/251 284/1002/252 316/1003/284 315/1004/283
f 284/1005/252 285/1006/253 317/1007/285 316/1008/284
f 285/1009/253 286/1010/254 318/1011/286 317/1012/285
f 286/1013/254 287/1014/255 319/1015/287 318/1016/286
f 287/1017/255 288/1018/256 320/1019/288 319/1020/287
f 288/1021/256 257/1022/226 289/1023/258 320/1024/288
f 289/1025/258 290/1026/257 322/1027/289 321/1028/290
f 290/1029/257 291/1030/259 323/1031/291 322/1032/289
f 291/1033/259 292/1034/260 324/1035/292 323/1036/291
f 292/1037/260 293/1038/261 325/1039/293 324/1040/292
f 293/1041/261 294/1042/262 326/1043/294 325/1044/293
f 294/1045/262 295/1046/263 327/1047/295 326/1048/294
f 295/1049/263 296/1050/264 328/1051/296 327/1052/295
f 296/1053/264 297/1054/265 329/1055/297 328/1056/296
f 297/1057/265 298/1058/266 330/1059/298 329/1060/297
f 298/1061/266 299/1062/267 331/1063/299 330/1064/298
f 299/1065/267 300/1066/268 332/1067/300 331/1068/299
f 300/1069/268 301/1070/269 333/1071/301 332/1072/300
f 301/1073/269 302/1074/270 334/1075/302 333/1076/301
f 302/1077/270 303/1078/271 335/1079/303 334/1080/302
f 303/1081/271 304/1082/272 336/1083/304 335/1084/303
f 304/1085/272 305/1086/273 337/1087/305 336/1088/304
f 305/1089/273 306/1090/274 338/1091/306 337/1092/305
f 306/1093/274 307/1094/275 339/1095/307 338/1096/306
f 307/1097/275 308/1098/276 340/1099/308 339/1100/307
f 308/1101/276 309/1102/277 341/1103/309 340/1104/308
f 309/1105/277 310/1106/278 342/1107/310 341/1108/309
f 310/1109/278 311/1110/279 343/1111/311 342/1112/310
f 311/1113/279 312/1114/280 344/1115/312 343/1116/311
f 312/1117/280 313/1118/281 345/1119/313 344/1120/312
f 313/1121/281 314/1122/282 346/1123/314 345/1124/313
f 314/1125/282 315/1126/283 347/1127/315 346/1128/314
f 315/1129/283 316/1130/284 348/1131/316 347/1132/315
f 316/1133/284 317/1134/285 349/1135/317 348/1136/316
f 317/1137/285 318/1138/286 350/1139/318 349/1140/317
f 318/1141/286 319/1142/287 351/1143/319 350/1144/318
f 319/1145/287 320/1146/288 352/1147/320 351/1148/319
f 320/1149/288 289/1150/258 321/1151/290 352/1152/320
f 321/1153/290 322/1154/289 354/1155/321 353/1156/322
f 322/1157/289 323/1158/291 355/1159/323 354/1160/321
f 323/1161/291 324/1162/292 356/1163/324 355/1164/323
f 324/1165/292 325/1166/293 357/1167/325 356/1168/324
f 325/1169/293 326/1170/294 358/1171/326 357/1172/325
f 326/1173/294 327/1174/295 359/1175/327 358/1176/326
f 327/1177/295 328/1178/296 360/1179/328 359/1180/327
f 328/1181/296 329/1182/297 361/1183/329 360/1184/328
f 329/1185/297 330/1186/298 362/1187/330 361/1188/329
f 330/1189/298 331/1190/299 363/1191/331 362/1192/330
f 331/1193/299 332/1194/300 364/1195/332 363/1196/331
f 332/1197/300 333/1198/301 365/1199/333 364/1200/332
f 333/1201/301 334/1202/302 366/1203/334 365/1204/333
f 334/1205/302 335/1206/303 367/1207/335 366/1208/334
f 335/1209/303 336/1210/304 368/1211/336 367/1212/335
f 336/1213/304 337/1214/305 369/1215/337 368/1216/336
f 337/1217/305 338/1218/306 370/1219/338 369/1220/337
f 338/1221/306 339/1222/307 371/1223/339 370/1224/338
f 339/1225/307 340/1226/308 372/1227/340 371/1228/339
f 340/1229/308 341/1230/309 373/1231/341 372/1232/340
f 341/1233/309 342/1234/310 374/1235/342 373/1236/341
f 342/1237/310 343/1238/311 375/1239/343 374/1240/342
f 343/1241/311 344/1242/312 376/1243/344 375/1244/343
f 344/1245/312 345/1246/313 377/1247/345 376/1248/344
f 345/1249/313 346/1250/314 378/1251/346 377/1252/345
f 346/1253/314 347/1254/315 379/1255/347 378/1256/346
f 347/1257/315 348/1258/316 380/1259/348 379/1260/347
f 348/1261/316 349/1262/317 381/1263/349 380/1264/348
f 349/1265/317 350/1266/318 382/1267/350 381/1268/349
f 350/1269/318 351/1270/319 383/1271/351 382/1272/350
f 351/1273/319 352/1274/320 384/1275/352 383/1276/351
f 352/1277/320 321/1278/290 353/1279/322 384/1280/352
f 386/1281/353 385/1282/353 353/1283/353
f 353/1284/322 354/1285/321 386/1286/354
f 387/1287/353 386/1288/353 354/1289/353
f 354/1290/321 355/1291/323 387/1292/355
f 388/1293/353 387/1294/353 355/1295/353
f 355/1296/323 356/1297/324 388/1298/356
f 389/1299/353 388/1300/353 356/1301/353
f 356/1302/324 357/1303/325 389/1304/357
f 390/1305/353 389/1306/353 357/1307/353
f 357/1308/325 358/1309/326 390/1310/358
f 391/1311/353 390/1312/353 358/1313/353
f 358/1314/326 359/1315/327 391/1316/359
f 392/1317/353 391/1318/353 359/1319/353
f 359/1320/327 360/1321/328 392/1322/360
f 393/1323/353 392/1324/353 360/1325/353
f 360/1326/328 361/1327/329 393/1328/361
f 394/1329/353 393/1330/353 361/1331/353
f 361/1332/329 362/1333/330 394/1334/362
f 395/1335/353 394/1336/353 362/1337/353
f 362/1338/330 363/1339/331 395/1340/363
f 396/1341/353 395/1342/353 363/1343/353
f 363/1344/331 364/1345/332 396/1346/364
f 397/1347/353 396/1348/353 364/1349/353
f 364/1350/332 365/1351/333 397/1352/365
f 398/1353/353 397/1354/353 365/1355/353
f 365/1356/333 366/1357/334 398/1358/366
f 399/1359/353 398/1360/353 366/1361/353
f 366/1362/334 367/1363/335 399/1364/367
f 400/1365/353 399/1366/353 367/1367/353
f 367/1368/335 368/1369/336 400/1370/368
f 401/1371/353 400/1372/353 368/1373/353
f 368/1374/336 369/1375/337 401/1376/369
f 402/1377/353 401/1378/353 369/1379/353
f 369/1380/337 370/1381/338 402/1382/370
f 403/1383/353 402/1384/353 370/1385/353
f 370/1386/338 371/1387/339 403/1388/371
f 404/1389/353 403/1390/353 371/1391/353
f 371/1392/339 372/1393/340 404/1394/372
f 405/1395/353 404/1396/353 372/1397/353
f 372/1398/340 373/1399/341 405/1400/373
f 406/1401/353 405/1402/353 373/1403/353
f 373/1404/341 374/1405/342 406/1406/374
f 407/1407/353 406/1408/353 374/1409/353
f 374/1410/342 375/1411/343 407/1412/375
f 408/1413/353 407/1414/353 375/1415/353
f 375/1416/343 376/1417/344 408/1418/376
f 409/1419/353 408/1420/353 376/1421/353
f 376/1422/344 377/1423/345 409/1424/377
f 410/1425/353 409/1426/353 377/1427/353
f 377/1428/345 378/1429/346 410/1430/378
f 411/1431/353 410/1432/353 378/1433/353
f 378/1434/346 379/1435/347 411/1436/379
f 412/1437/353 411/1438/353 379/1439/353
f 379/1440/347 380/1441/348 412/1442/380
f 413/1443/353 412/1444/353 380/1445/353
f 380/1446/348 381/1447/349 413/1448/381
f 414/1449/353 413/1450/353 381/1451/353
f 381/1452/349 382/1453/350 414/1454/382
f 415/1455/353 414/1456/353 382/1457/353
f 382/1458/350 383/1459/351 415/1460/383
f 416/1461/353 415/1462/353 383/1463/353
f 383/1464/351 384/1465/352 416/1466/384
f 385/1467/353 416/1468/353 384/1469/353
f 384/1470/352 353/1471/322 385/1472/385
f 417/1473/353 418/1474/353 450/1475/353
f 450/1476/386 449/1477/387 417/1478/388
f 418/1479/353 419/1480/353 451/1481/353
f 451/1482/389 450/1483/386 418/1484/390
f 419/1485/353 420/1486/353 452/1487/353
f 452/1488/391 451/1489/389 419/1490/392
f 420/1491/353 421/1492/353 453/1493/353
f 453/1494/393 452/1495/391 420/1496/394
f 421/1497/353 422/1498/353 454/1499/353
f 454/1500/395 453/1501/393 421/1502/396
f 422/1503/353 423/1504/353 455/1505/353
f 455/1506/397 454/1507/395 422/1508/398
f 423/1509/353 424/1510/353 456/1511/353
f 456/1512/399 455/1513/397 423/1514/400
f 424/1515/353 425/1516/353 457/1517/353
f 457/1518/401 456/1519/399 424/1520/402
f 425/1521/353 426/1522/353 458/1523/353
f 458/1524/403 457/1525/401 425/1526/404
f 426/1527/353 427/1528/353 459/1529/353
f 459/1530/405 458/1531/403 426/1532/406
f 427/1533/353 428/1534/353 460/1535/353
f 460/1536/407 459/1537/405 427/1538/408
f 428/1539/353 429/1540/353 461/1541/353
f 461/1542/409 460/1543/407 428/1544/410
f 429/1545/353 430/1546/353 462/1547/353
f 462/1548/411 461/1549/409 429/1550/412
f 430/1551/353 431/1552/353 463/1553/353
f 463/1554/413 462/1555/411 430/1556/414
f 431/1557/353 432/1558/353 464/1559/353
f 464/1560/415 463/1561/413 431/1562/416
f 432/1563/353 433/1564/353 465/1565/353
f 465/1566/417 464/1567/415 432/1568/418
f 433/1569/353 434/1570/353 466/1571/353
f 466/1572/419 465/1573/417 433/1574/420
f 434/1575/353 435/1576/353 467/1577/353
f 467/1578/421 466/1579/419 434/1580/422
f 435/1581/353 436/1582/353 468/1583/353
f 468/1584/423 467/1585/421 435/1586/424
f 436/1587/353 437/1588/353 469/1589/353
f 469/1590/425 468/1591/423 436/1592/426
f 437/1593/353 438/1594/353 470/1595/353
f 470/1596/427 469/1597/425 437/1598/428
f 438/1599/353 439/1600/353 471/1601/353
f 471/1602/429 470/1603/427 438/1604/430
f 439/1605/353 440/1606/353 472/1607/353
f 472/1608/431 471/1609/429 439/1610/432
f 440/1611/353 441/1612/353 473/1613/353
f 473/1614/433 472/1615/431 440/1616/434
f 441/1617/353 442/1618/353 474/1619/353
f 474/1620/435 473/1621/433 441/1622/436
f 442/1623/353 443/1624/353 475/1625/353
f 475/1626/437 474/1627/435 442/1628/438
f 443/1629/353 444/1630/353 476/1631/353
f 476/1632/439 475/1633/437 443/1634/440
f 444/1635/353 445/1636/353 477/1637/353
f 477/1638/441 476/1639/439 444/1640/442
f 445/1641/353 446/1642/353 478/1643/353
f 478/1644/443 477/1645/441 445/1646/444
f 446/1647/353 447/1648/353 479/1649/353
f 479/1650/445 478/1651/443 446/1652/446
f 447/1653/353 448/1654/353 480/1655/353
f 480/1656/447 479/1657/445 447/1658/448
f 448/1659/353 417/1660/353 449/1661/353
f 449/1662/387 480/1663/447 448/1664/449
f 449/1665/387 450/1666/386 482/1667/450 481/1668/451
f 450/1669/386 451/1670/389 483/1671/452 482/1672/450
f 451/1673/389 452/1674/391 484/1675/453 483/1676/452
f 452/1677/391 453/1678/393 485/1679/454 484/1680/453
f 453/1681/393 454/1682/395 486/1683/455 485/1684/454
f 454/1685/395 455/1686/397 487/1687/456 486/1688/455
f 455/1689/397 456/1690/399 488/1691/457 487/1692/456
f 456/1693/399 457/1694/401 489/1695/458 488/1696/457
f 457/1697/401 458/1698/403 490/1699/459 489/1700/458
f 458/1701/403 459/1702/405 491/1703/460 490/1704/459
f 459/1705/405 460/1706/407 492/1707/461 491/1708/460
f 460/1709/407 461/1710/409 493/1711/462 492/1712/461
f 461/1713/409 462/1714/411 494/1715/463 493/1716/462
f 462/1717/411 463/1718/413 495/1719/464 494/1720/463
f 463/1721/413 464/1722/415 496/1723/465 495/1724/464
f 464/1725/415 465/1726/417 497/1727/466 496/1728/465
f 465/1729/417 466/1730/419 498/1731/467 497/1732/466
f 466/1733/419 467/1734/421 499/1735/468 498/1736/467
f 467/1737/421 468/1738/423 500/1739/469 499/1740/468
f 468/1741/423 469/1742/425 501/1743/470 500/1744/469
f 469/1745/425 470/1746/427 502/1747/471 501/1748/470
f 470/1749/427 471/1750/429 503/1751/472 502/1752/471
f 471/1753/429 472/1754/431 504/1755/473 503/1756/472
f 472/1757/431 473/1758/433 505/1759/474 504/1760/473
f 473/1761/433 474/1762/435 506/1763/475 505/1764/474
f 474/1765/435 475/1766/437 507/1767/476 506/1768/475
f 475/1769/437 476/1770/439 508/1771/477 507/1772/476
f 476/1773/439 477/1774/441 509/1775/478 508/1776/477
f 477/1777/441 478/1778/443 510/1779/479 509/1780/478
f 478/1781/443 479/1782/445 511/1783/480 510/1784/479
f 479/1785/445 480/1786/447 512/1787/481 511/1788/480
f 480/1789/447 449/1790/387 481/1791/451 512/1792/481
f 481/1793/451 482/1794/450 514/1795/482 513/1796/483
f 482/1797/450 483/1798/452 515/1799/484 514/1800/482
f 483/1801/452 484/1802/453 516/1803/485 515/1804/484
f 484/1805/453 485/1806/454 517/1807/486 516/1808/485
f 485/1809/454 486/1810/455 518/1811/487 517/1812/486
f 486/1813/455 487/1814/456 519/1815/488 518/1816/487
f 487/1817/456 488/1818/457 520/1819/489 519/1820/488
f 488/1821/457 489/1822/458 521/1823/490 520/1824/489
f 489/1825/458 490/1826/459 522/1827/491 521/1828/490
f 490/1829/459 491/1830/460 523/1831/492 522/1832/491
f 491/1833/460 492/1834/461 524/1835/493 523/1836/492
f 492/1837/461 493/1838/462 525/1839/494 524/1840/493
f 493/1841/462 494/1842/463 526/1843/495 525/1844/494
f 494/1845/463 495/1846/464 527/1847/496 526/1848/495
f 495/1849/464 496/1850/465 528/1851/497 527/1852/496
f 496/1853/465 497/1854/466 529/1855/498 528/1856/497
f 497/1857/466 498/1858/467 530/1859/499 529/1860/498
f 498/1861/467 499/1862/468 531/1863/500 530/1864/499
f 499/1865/468 500/1866/469 532/1867/501 531/1868/500
f 500/1869/469 501/1870/470 533/1871/502 532/1872/501
f 501/1873/470 502/1874/471 534/1875/503 533/1876/502
f 502/1877/471 503/1878/472 535/1879/504 534/1880/503
f 503/1881/472 504/1882/473 536/1883/505 535/1884/504
f 504/1885/473 505/1886/474 537/1887/506 536/1888/505
f 505/1889/474 506/1890/475 538/1891/507 537/1892/506
f 506/1893/475 507/1894/476 539/1895/508 538/1896/507
f 507/1897/476 508/1898/477 540/1899/509 539/1900/508
f 508/1901/477 509/1902/478 541/1903/510 540/1904/509
f 509/1905/478 510/1906/479 542/1907/511 541/1908/510
f 510/1909/479 511/1910/480 543/1911/512 542/1912/511
f 511/1913/480 512/1914/481 544/1915/513 543/1916/512
f 512/1917/481 481/1918/451 513/1919/483 544/1920/513
f 513/1921/483 514/1922/482 546/1923/514 545/1924/515
f 514/1925/482 515/1926/484 547/1927/516 546/1928/514
f 515/1929/484 516/1930/485 548/1931/517 547/1932/516
f 516/1933/485 517/1934/486 549/1935/518 548/1936/517
f 517/1937/486 518/1938/487 550/1939/519 549/1940/518
f 518/1941/487 519/1942/488 551/1943/520 550/1944/519
f 519/1945/488 520/1946/489 552/1947/521 551/1948/520
f 520/1949/489 521/1950/490 553/1951/522 552/1952/521
f 521/1953/490 522/1954/491 554/1955/523 553/1956/522
f 522/1957/491 523/1958/492 555/1959/524 554/1960/523
f 523/1961/492 524/1962/493 556/1963/525 555/1964/524
f 524/1965/493 525/1966/494 557/1967/526 556/1968/525
f 525/1969/494 526/1970/495 558/1971/527 557/1972/526
f 526/1973/495 527/1974/496 559/1975/528 558/1976/527
f 527/1977/496 528/1978/497 560/1979/529 559/1980/528
f 528/1981/497 529/1982/498 561/1983/530 560/1984/529
f 529/1985/498 530/1986/499 562/1987/531 561/1988/530
f 530/1989/499 531/1990/500 563/1991/532 562/1992/531
f 531/1993/500 532/1994/501 564/1995/533 563/1996/532
f 532/1997/501 533/1998/502 565/1999/534 564/2000/533
f 533/2001/502 534/2002/503 566/2003/535 565/2004/534
f 534/2005/503 535/2006/504 567/2007/536 566/2008/535
f 535/2009/504 536/2010/505 568/2011/537 567/2012/536
f 536/2013/505 537/2014/506 569/2015/538 568/2016/537
f 537/2017/506 538/2018/507 570/2019/539 569/2020/538
f 538/2021/507 539/2022/508 571/2023/540 570/2024/539
f 539/2025/508 540/2026/509 572/2027/541 571/2028/540
f 540/2029/509 541/2030/510 573/2031/542 572/2032/541
f 541/2033/510 542/2034/511 574/2035/543 573/2036/542
f 542/2037/511 543/2038/512 575/2039/544 574/2040/543
f 543/2041/512 544/2042/513 576/2043/545 575/2044/544
f 544/2045/513 513/2046/483 545/2047/515 576/2048/545
f 545/2049/515 546/2050/514 578/2051/546 577/2052/547
f 546/2053/514 547/2054/516 579/2055/548 578/2056/546
f 547/2057/516 548/2058/517 580/2059/549 579/2060/548
f 548/2061/517 549/2062/518 581/2063/550 580/2064/549
f 549/2065/518 550/2066/519 582/2067/551 581/2068/550
f 550/2069/519 551/2070/520 583/2071/552 582/2072/551
f 551/2073/520 552/2074/521 584/2075/553 583/2076/552
f 552/2077/521 553/2078/522 585/2079/554 584/2080/553
f 553/2081/522 554/2082/523 586/2083/555 585/2084/554
f 554/2085/523 555/2086/524 587/2087/556 586/2088/555
f 555/2089/524 556/2090/525 588/2091/557 587/2092/556
f 556/2093/525 557/2094/526 589/2095/558 588/2096/557
f 557/2097/526 558/2098/527 590/2099/559 589/2100/558
f 558/2101/527 559/2102/528 591/2103/560 590/2104/559
f 559/2105/528 560/2106/529 592/2107/561 591/2108/560
f 560/2109/529 561/2110/530 593/2111/562 592/2112/561
f 561/2113/530 562/2114/531 594/2115/563 593/2116/562
f 562/2117/531 563/2118/532 595/2119/564 594/2120/563
f 563/2121/532 564/2122/533 596/2123/565 595/2124/564
f 564/2125/533 565/2126/534 597/2127/566 596/2128/565
f 565/2129/534 566/2130/535 598/2131/567 597/2132/566
f 566/2133/535 567/2134/536 599/2135/568 598/2136/567
f 567/2137/536 568/2138/537 600/2139/569 599/2140/568
f 568/2141/537 569/2142/538 601/2143/570 600/2144/569
f 569/2145/538 570/2146/539 602/2147/571 601/2148/570
f 570/2149/539 571/2150/540 603/2151/572 602/2152/571
f 571/2153/540 572/2154/541 604/2155/573 603/2156/572
f 572/2157/541 573/2158/542 605/2159/574 604/2160/573
f 573/2161/542 574/2162/543 606/2163/575 605/2164/574
f 574/2165/543 575/2166/544 607/2167/576 606/2168/575
f 575/2169/544 576/2170/545 608/2171/577 607/2172/576
f 576/2173/545 545/2174/515 577/2175/547 608/2176/577
f 577/2177/547 578/2178/546 610/2179/578 609/2180/579
f 578/2181/546 579/2182/548 611/2183/580 610/2184/578
f 579/2185/548 580/2186/549 612/2187/581 611/2188/580
f 580/2189/549 581/2190/550 613/2191/582 612/2192/581
f 581/2193/550 582/2194/551 614/2195/583 613/2196/582
f 582/2197/551 583/2198/552 615/2199/584 614/2200/583
f 583/2201/552 584/2202/553 616/2203/585 615/2204/584
f 584/2205/553 585/2206/554 617/2207/586 616/2208/585
f 585/2209/554 586/2210/555 618/2211/587 617/2212/586
f 586/2213/555 587/2214/556 619/2215/588 618/2216/587
f 587/2217/556 588/2218/557 620/2219/589 619/2220/588
f 588/2221/557 589/2222/558 621/2223/590 620/2224/589
f 589/2225/558 590/2226/559 622/2227/591 621/2228/590
f 590/2229/559 591/2230/560 623/2231/592 622/2232/591
f 591/2233/560 592/2234/561 624/2235/593 623/2236/592
f 592/2237/561 593/2238/562 625/2239/594 624/2240/593
f 593/2241/562 594/2242/563 626/2243/595 625/2244/594
f 594/2245/563 595/2246/564 627/2247/596 626/2248/595
f 595/2249/564 596/2250/565 628/2251/597 627/2252/596
f 596/2253/565 597/2254/566 629/2255/598 628/2256/597
f 597/2257/566 598/2258/567 630/2259/599 629/2260/598
f 598/2261/567 599/2262/568 631/2263/600 630/2264/599
f 599/2265/568 600/2266/569 632/2267/601 631/2268/600
f 600/2269/569 601/2270/570 633/2271/602 632/2272/601
f 601/2273/570 602/2274/571 634/2275/603 633/2276/602
f 602/2277/571 603/2278/572 635/2279/604 634/2280/603
f 603/2281/572 604/2282/573 636/2283/605 635/2284/604
f 604/2285/573 605/2286/574 637/2287/606 636/2288/605
f 605/2289/574 606/2290/575 638/2291/607 637/2292/606
f 606/2293/575 607/2294/576 639/2295/608 638/2296/607
f 607/2297/576 608/2298/577 640/2299/609 639/2300/608
f 608/2301/577 577/2302/547 609/2303/579 640/2304/609
f 609/2305/579 610/2306/578 642/2307/610 641/2308/611
f 610/2309/578 611/2310/580 643/2311/612 642/2312/610
f 611/2313/580 612/2314/581 644/2315/613 643/2316/612
f 612/2317/581 613/2318/582 645/2319/614 644/2320/613
f 613/2321/582 614/2322/583 646/2323/615 645/2324/614
f 614/2325/583 615/2326/584 647/2327/616 646/2328/615
f 615/2329/584 616/2330/585 648/2331/617 647/2332/616
f 616/2333/585 617/2334/586 649/2335/618 648/2336/617
f 617/2337/586 618/2338/587 650/2339/619 649/2340/618
f 618/2341/587 619/2342/588 651/2343/620 650/2344/619
f 619/2345/588 620/2346/589 652/2347/621 651/2348/620
f 620/2349/589 621/2350/590 653/2351/622 652/2352/621
f 621/2353/590 622/2354/591 654/2355/623 653/2356/622
f 622/2357/591 623/2358/592 655/2359/624 654/2360/623
f 623/2361/592 624/2362/593 656/2363/625 655/2364/624
f 624/2365/593 625/2366/594 657/2367/626 656/2368/625
f 625/2369/594 626/2370/595 658/2371/627 657/2372/626
f 626/2373/595 627/2374/596 659/2375/628 658/2376/627
f 627/2377/596 628/2378/597 660/2379/629 659/2380/628
f 628/2381/597 629/2382/598 661/2383/630 660/2384/629
f 629/2385/598 630/2386/599 662/2387/631 661/2388/630
f 630/2389/599 631/2390/600 663/2391/632 662/2392/631
f 631/2393/600 632/2394/601 664/2395/633 663/2396/632
f 632/2397/601 633/2398/602 665/2399/634 664/2400/633
f 633/2401/602 634/2402/603 666/2403/635 665/2404/634
f 634/2405/603 635/2406/604 667/2407/636 666/2408/635
f 635/2409/604 636/2410/605 668/2411/637 667/2412/636
f 636/2413/605 637/2414/606 669/2415/638 668/2416/637
f 637/2417/606 638/2418/607 670/2419/639 669/2420/638
f 638/2421/607 639/2422/608 671/2423/640 670/2424/639
f 639/2425/608 640/2426/609 672/2427/641 671/2428/640
f 640/2429/609 609/2430/579 641/2431/611 672/2432/641
f 641/2433/611 642/2434/610 674/2435/642 673/2436/643
f 642/2437/610 643/2438/612 675/2439/644 674/2440/642
f 643/2441/612 644/2442/613 676/2443/645 675/2444/644
f 644/2445/613 645/2446/614 677/2447/646 676/2448/645
f 645/2449/614 646/2450/615 678/2451/647 677/2452/646
f 646/2453/615 647/2454/616 679/2455/648 678/2456/647
f 647/2457/616 648/2458/617 680/2459/649 679/2460/648
f 648/2461/617 649/2462/618 681/2463/650 680/2464/649
f 649/2465/618 650/2466/619 682/2467/651 681/2468/650
f 650/2469/619 651/2470/620 683/2471/652 682/2472/651
f 651/2473/620 652/2474/621 684/2475/653 683/2476/652
f 652/2477/621 653/2478/622 685/2479/654 684/2480/653
f 653/2481/622 654/2482/623 686/2483/655 685/2484/654
f 654/2485/623 655/2486/624 687/2487/656 686/2488/655
f 655/2489/624 656/2490/625 688/2491/657 687/2492/656
f 656/2493/625 657/2494/626 689/2495/658 688/2496/657
f 657/2497/626 658/2498/627 690/2499/659 689/2500/658
f 658/2501/627 659/2502/628 691/2503/660 690/2504/659
f 659/2505/628 660/2506/629 692/2507/661 691/2508/660
f 660/2509/629 661/2510/630 693/2511/662 692/2512/661
f 661/2513/630 662/2514/631 694/2515/663 693/2516/662
f 662/2517/631 663/2518/632 695/2519/664 694/2520/663
f 663/2521/632 664/2522/633 696/2523/665 695/2524/664
f 664/2525/633 665/2526/634 697/2527/666 696/2528/665
f 665/2529/634 666/2530/635 698/2531/667 697/2532/666
f 666/2533/635 667/2534/636 699/2535/668 698/2536/667
f 667/2537/636 668/2538/637 700/2539/669 699/2540/668
f 668/2541/637 669/2542/638 701/2543/670 700/2544/669
f 669/2545/638 670/2546/639 702/2547/671 701/2548/670
f 670/2549/639 671/2550/640 703/2551/672 702/2552/671
f 671/2553/640 672/2554/641 704/2555/673 703/2556/672
f 672/2557/641 641/2558/611 673/2559/643 704/2560/673
f 673/2561/643 674/2562/642 706/2563/674 705/2564/675
f 674/2565/642 675/2566/644 707/2567/676 706/2568/674
f 675/2569/644 676/2570/645 708/2571/677 707/2572/676
f 676/2573/645 677/2574/646 709/2575/678 708/2576/677
f 677/2577/646 678/2578/647 710/2579/679 709/2580/678
f 678/2581/647 679/2582/648 711/2583/680 710/2584/679
f 679/2585/648 680/2586/649 712/2587/681 711/2588/680
f 680/2589/649 681/2590/650 713/2591/682 712/2592/681
f 681/2593/650 682/2594/651 714/2595/683 713/2596/682
f 682/2597/651 683/2598/652 715/2599/684 714/2600/683
f 683/2601/652 684/2602/653 716/2603/685 715/2604/684
f 684/2605/653 685/2606/654 717/2607/686 716/2608/685
f 685/2609/654 686/2610/655 718/2611/687 717/2612/686
f 686/2613/655 687/2614/656 719/2615/688 718/2616/687
f 687/2617/656 688/2618/657 720/2619/689 719/2620/688
f 688/2621/657 689/2622/658 721/2623/690 720/2624/689
f 689/2625/658 690/2626/659 722/2627/691 721/2628/690
f 690/2629/659 691/2630/660 723/2631/692 722/2632/691
f 691/2633/660 692/2634/661 724/2635/693 723/2636/692
f 692/2637/661 693/2638/662 725/2639/694 724/2640/693
f 693/2641/662 694/2642/663 726/2643/695 725/2644/694
f 694/2645/663 695/2646/664 727/2647/696 726/2648/695
f 695/2649/664 696/2650/665 728/2651/697 727/2652/696
f 696/2653/665 697/2654/666 729/2655/698 728/2656/697
f 697/2657/666 698/2658/667 730/2659/699 729/2660/698
f 698/2661/667 699/2662/668 731/2663/700 730/2664/699
f 699/2665/668 700/2666/669 732/2667/701 731/2668/700
f 700/2669/669 701/2670/670 733/2671/702 732/2672/701
f 701/2673/670 702/2674/671 734/2675/703 733/2676/702
f 702/2677/671 703/2678/672 735/2679/704 734/2680/703
f 703/2681/672 704/2682/673 736/2683/705 735/2684/704
f 704/2685/673 673/2686/643 705/2687/675 736/2688/705
f 705/2689/675 706/2690/674 738/2691/706 737/2692/707
f 706/2693/674 707/2694/676 739/2695/708 738/2696/706
f 707/2697/676 708/2698/677 740/2699/709 739/2700/708
f 708/2701/677 709/2702/678 741/2703/710 740/2704/709
f 709/2705/678 710/2706/679 742/2707/711 741/2708/710
f 710/2709/679 711/2710/680 743/2711/712 742/2712/711
f 711/2713/680 712/2714/681 744/2715/713 743/2716/712
f 712/2717/681 713/2718/682 745/2719/714 744/2720/713
f 713/2721/682 714/2722/683 746/2723/715 745/2724/714
f 714/2725/683 715/2726/684 747/2727/716 746/2728/715
f 715/2729/684 716/2730/685 748/2731/717 747/2732/716
f 716/2733/685 717/2734/686 749/2735/718 748/2736/717
f 717/2737/686 718/2738/687 750/2739/719 749/2740/718
f 718/2741/687 719/2742/688 751/2743/720 750/2744/719
f 719/2745/688 720/2746/689 752/2747/721 751/2748/720
f 720/2749/689 721/2750/690 753/2751/722 752/2752/721
f 721/2753/690 722/2754/691 754/2755/723 753/2756/722
f 722/2757/691 723/2758/692 755/2759/724 754/2760/723
f 723/2761/692 724/2762/693 756/2763/725 755/2764/724
f 724/2765/693 725/2766/694 757/2767/726 756/2768/725
f 725/2769/694 726/2770/695 758/2771/727 757/2772/726
f 726/2773/695 727/2774/696 759/2775/728 758/2776/727
f 727/2777/696 728/2778/697 760/2779/729 759/2780/728
f 728/2781/697 729/2782/698 761/2783/730 760/2784/729
f 729/2785/698 730/2786/699 762/2787/731 761/2788/730
f 730/2789/699 731/2790/700 763/2791/732 762/2792/731
f 731/2793/700 732/2794/701 764/2795/733 763/2796/732
f 732/2797/701 733/2798/702 765/2799/734 764/2800/733
f 733/2801/702 734/2802/703 766/2803/735 765/2804/734
f 734/2805/703 735/2806/704 767/2807/736 766/2808/735
f 735/2809/704 736/2810/705 768/2811/737 767/2812/736
f 736/2813/705 705/2814/675 737/2815/707 768/2816/737
o tank_ribs
usemtl underground_fuel_tank
v 1.681782 -0.633605 1.09375
v 1.636367 -0.405287 1.09375
v 1.547282 -0.190216 1.09375
v 1.41795 0.003342 1.09375
v 1.253342 0.16795 1.09375
v 1.059784 0.297282 1.09375
v 0.844713 0.386367 1.09375
v 0.616395 0.431782 1.09375
v 0.383605 0.431782 1.09375
v 0.155287 0.386367 1.09375
v -0.059784 0.297282 1.09375
v -0.253342 0.16795 1.09375
v -0.41795 0.003342 1.09375
v -0.547282 -0.190216 1.09375
v -0.636367 -0.405287 1.09375
v -0.681782 -0.633605 1.09375
v -0.681782 -0.866395 1.09375
v -0.636367 -1.094713 1.09375
v -0.547282 -1.309784 1.09375
v -0.41795 -1.503342 1.09375
v -0.253342 -1.66795 1.09375
v -0.059784 -1.797282 1.09375
v 0.155287 -1.886367 1.09375
v 0.383605 -1.931782 1.09375
v 0.616395 -1.931782 1.09375
v 0.844713 -1.886367 1.09375
v 1.059784 -1.797282 1.09375
v 1.253342 -1.66795 1.09375
v 1.41795 -1.503342 1.09375
v 1.547282 -1.309784 1.09375
v 1.636367 -1.094713 1.09375
v 1.681782 -0.866395 1.09375
v 1.737761 -0.628091 1.09375
v 1.690195 -0.388958 1.09375
v 1.59689 -0.1637 1.09375
v 1.461432 0.039027 1.09375
v 1.289027 0.211432 1.09375
v 1.0863 0.34689 1.09375
v 0.861042 0.440195 1.09375
v 0.621909 0.487761 1.09375
v 0.378091 0.487761 1.09375
v 0.138958 0.440195 1.09375
v -0.0863 0.34689 1.09375
v -0.289027 0.211432 1.09375
v -0.461432 0.039027 1.09375
v -0.59689 -0.1637 1.09375
v -0.690195 -0.388958 1.09375
v -0.737761 -0.628091 1.09375
v -0.737761 -0.871909 1.09375
v -0.690195 -1.111042 1.09375
v -0.59689 -1.3363 1.09375
v -0.461432 -1.539027 1.09375
v -0.289027 -1.711432 1.09375
v -0.0863 -1.84689 1.09375
v 0.138958 -1.940195 1.09375
v 0.378091 -1.987761 1.09375
v 0.621909 -1.987761 1.09375
v 0.861042 -1.940195 1.09375
v 1.0863 -1.84689 1.09375
v 1.289027 -1.711432 1.09375
v 1.461432 -1.539027 1.09375
v 1.59689 -1.3363 1.09375
v 1.690195 -1.111042 1.09375
v 1.737761 -0.871909 1.09375
v 1.762641 -0.625641 1.11875
v 1.714118 -0.381701 1.11875
v 1.618938 -0.151915 1.11875
v 1.480757 0.054886 1.11875
v 1.304886 0.230757 1.11875
v 1.098085 0.368938 1.11875
v 0.868299 0.464118 1.11875
v 0.624359 0.512641 1.11875
v 0.375641 0.512641 1.11875
v 0.131701 0.464118 1.11875
v -0.098085 0.368938 1.11875
v -0.304886 0.230757 1.11875
v -0.480757 0.054886 1.11875
v -0.618938 -0.151915 1.11875
v -0.714118 -0.381701 1.11875
v -0.762641 -0.625641 1.11875
v -0.762641 -0.874359 1.11875
v -0.714118 -1.118299 1.11875
v -0.618938 -1.348085 1.11875
v -0.480757 -1.554886 1.11875
v -0.304886 -1.730757 1.11875
v -0.098085 -1.868938 1.11875
v 0.131701 -1.964118 1.11875
v 0.375641 -2.012641 1.11875
v 0.624359 -2.012641 1.11875
v 0.868299 -1.964118 1.11875
v 1.098085 -1.868938 1.11875
v 1.304886 -1.730757 1.11875
v 1.480757 -1.554886 1.11875
v 1.618938 -1.348085 1.11875
v 1.714118 -1.118299 1.11875
v 1.762641 -0.874359 1.11875
v 1.762641 -0.625641 1.25625
v 1.714118 -0.381701 1.25625
v 1.618938 -0.151915 1.25625
v 1.480757 0.054886 1.25625
v 1.304886 0.230757 1.25625
v 1.098085 0.368938 1.25625
v 0.868299 0.464118 1.25625
v 0.624359 0.512641 1.25625
v 0.375641 0.512641 1.25625
v 0.131701 0.464118 1.25625
v -0.098085 0.368938 1.25625
v -0.304886 0.230757 1.25625
v -0.480757 0.054886 1.25625
v -0.618938 -0.151915 1.25625
v -0.714118 -0.381701 1.25625
v -0.762641 -0.625641 1.25625
v -0.762641 -0.874359 1.25625
v -0.714118 -1.118299 1.25625
v -0.618938 -1.348085 1.25625
v -0.480757 -1.554886 1.25625
v -0.304886 -1.730757 1.25625
v -0.098085 -1.868938 1.25625
v 0.131701 -1.964118 1.25625
v 0.375641 -2.012641 1.25625
v 0.624359 -2.012641 1.25625
v 0.868299 -1.964118 1.25625
v 1.098085 -1.868938 1.25625
v 1.304886 -1.730757 1.25625
v 1.480757 -1.554886 1.25625
v 1.618938 -1.348085 1.25625
v 1.714118 -1.118299 1.25625
v 1.762641 -0.874359 1.25625
v 1.737761 -0.628091 1.28125
v 1.690195 -0.388958 1.28125
v 1.59689 -0.1637 1.28125
v 1.461432 0.039027 1.28125
v 1.289027 0.211432 1.28125
v 1.0863 0.34689 1.28125
v 0.861042 0.440195 1.28125
v 0.621909 0.487761 1.28125
v 0.378091 0.487761 1.28125
v 0.138958 0.440195 1.28125
v -0.0863 0.34689 1.28125
v -0.289027 0.211432 1.28125
v -0.461432 0.039027 1.28125
v -0.59689 -0.1637 1.28125
v -0.690195 -0.388958 1.28125
v -0.737761 -0.628091 1.28125
v -0.737761 -0.871909 1.28125
v -0.690195 -1.111042 1.28125
v -0.59689 -1.3363 1.28125
v -0.461432 -1.539027 1.28125
v -0.289027 -1.711432 1.28125
v -0.0863 -1.84689 1.28125
v 0.138958 -1.940195 1.28125
v 0.378091 -1.987761 1.28125
v 0.621909 -1.987761 1.28125
v 0.861042 -1.940195 1.28125
v 1.0863 -1.84689 1.28125
v 1.289027 -1.711432 1.28125
v 1.461432 -1.539027 1.28125
v 1.59689 -1.3363 1.28125
v 1.690195 -1.111042 1.28125
v 1.737761 -0.871909 1.28125
v 1.681782 -0.633605 1.28125
v 1.636367 -0.405287 1.28125
v 1.547282 -0.190216 1.28125
v 1.41795 0.003342 1.28125
v 1.253342 0.16795 1.28125
v 1.059784 0.297282 1.28125
v 0.844713 0.386367 1.28125
v 0.616395 0.431782 1.28125
v 0.383605 0.431782 1.28125
v 0.155287 0.386367 1.28125
v -0.059784 0.297282 1.28125
v -0.253342 0.16795 1.28125
v -0.41795 0.003342 1.28125
v -0.547282 -0.190216 1.28125
v -0.636367 -0.405287 1.28125
v -0.681782 -0.633605 1.28125
v -0.681782 -0.866395 1.28125
v -0.636367 -1.094713 1.28125
v -0.547282 -1.309784 1.28125
v -0.41795 -1.503342 1.28125
v -0.253342 -1.66795 1.28125
v -0.059784 -1.797282 1.28125
v 0.155287 -1.886367 1.28125
v 0.383605 -1.931782 1.28125
v 0.616395 -1.931782 1.28125
v 0.844713 -1.886367 1.28125
v 1.059784 -1.797282 1.28125
v 1.253342 -1.66795 1.28125
v 1.41795 -1.503342 1.28125
v 1.547282 -1.309784 1.28125
v 1.636367 -1.094713 1.28125
v 1.681782 -0.866395 1.28125
v 1.681782 -0.633605 -0.28125
v 1.636367 -0.405287 -0.28125
v 1.547282 -0.190216 -0.28125
v 1.41795 0.003342 -0.28125
v 1.253342 0.16795 -0.28125
v 1.059784 0.297282 -0.28125
v 0.844713 0.386367 -0.28125
v 0.616395 0.431782 -0.28125
v 0.383605 0.431782 -0.28125
v 0.155287 0.386367 -0.28125
v -0.059784 0.297282 -0.28125
v -0.253342 0.16795 -0.28125
v -0.41795 0.003342 -0.28125
v -0.547282 -0.190216 -0.28125
v -0.636367 -0.405287 -0.28125
v -0.681782 -0.633605 -0.28125
v -0.681782 -0.866395 -0.28125
v -0.636367 -1.094713 -0.28125
v -0.547282 -1.309784 -0.28125
v -0.41795 -1.503342 -0.28125
v -0.253342 -1.66795 -0.28125
v -0.059784 -1.797282 -0.28125
v 0.155287 -1.886367 -0.28125
v 0.383605 -1.931782 -0.28125
v 0.616395 -1.931782 -0.28125
v 0.844713 -1.886367 -0.28125
v 1.059784 -1.797282 -0.28125
v 1.253342 -1.66795 -0.28125
v 1.41795 -1.503342 -0.28125
v 1.547282 -1.309784 -0.28125
v 1.636367 -1.094713 -0.28125
v 1.681782 -0.866395 -0.28125
v 1.737761 -0.628091 -0.28125
v 1.690195 -0.388958 -0.28125
v 1.59689 -0.1637 -0.28125
v 1.461432 0.039027 -0.28125
v 1.289027 0.211432 -0.28125
v 1.0863 0.34689 -0.28125
v 0.861042 0.440195 -0.28125
v 0.621909 0.487761 -0.28125
v 0.378091 0.487761 -0.28125
v 0.138958 0.440195 -0.28125
v -0.0863 0.34689 -0.28125
v -0.289027 0.211432 -0.28125
v -0.461432 0.039027 -0.28125
v -0.59689 -0.1637 -0.28125
v -0.690195 -0.388958 -0.28125
v -0.737761 -0.628091 -0.28125
v -0.737761 -0.871909 -0.28125
v -0.690195 -1.111042 -0.28125
v -0.59689 -1.3363 -0.28125
v -0.461432 -1.539027 -0.28125
v -0.289027 -1.711432 -0.28125
v -0.0863 -1.84689 -0.28125
v 0.138958 -1.940195 -0.28125
v 0.378091 -1.987761 -0.28125
v 0.621909 -1.987761 -0.28125
v 0.861042 -1.940195 -0.28125
v 1.0863 -1.84689 -0.28125
v 1.289027 -1.711432 -0.28125
v 1.461432 -1.539027 -0.28125
v 1.59689 -1.3363 -0.28125
v 1.690195 -1.111042 -0.28125
v 1.737761 -0.871909 -0.28125
v 1.762641 -0.625641 -0.25625
v 1.714118 -0.381701 -0.25625
v 1.618938 -0.151915 -0.25625
v 1.480757 0.054886 -0.25625
v 1.304886 0.230757 -0.25625
v 1.098085 0.368938 -0.25625
v 0.868299 0.464118 -0.25625
v 0.624359 0.512641 -0.25625
v 0.375641 0.512641 -0.25625
v 0.131701 0.464118 -0.25625
v -0.098085 0.368938 -0.25625
v -0.304886 0.230757 -0.25625
v -0.480757 0.054886 -0.25625
v -0.618938 -0.151915 -0.25625
v -0.714118 -0.381701 -0.25625
v -0.762641 -0.625641 -0.25625
v -0.762641 -0.874359 -0.25625
v -0.714118 -1.118299 -0.25625
v -0.618938 -1.348085 -0.25625
v -0.480757 -1.554886 -0.25625
v -0.304886 -1.730757 -0.25625
v -0.098085 -1.868938 -0.25625
v 0.131701 -1.964118 -0.25625
v 0.375641 -2.012641 -0.25625
v 0.624359 -2.012641 -0.25625
v 0.868299 -1.964118 -0.25625
v 1.098085 -1.868938 -0.25625
v 1.304886 -1.730757 -0.25625
v 1.480757 -1.554886 -0.25625
v 1.618938 -1.348085 -0.25625
v 1.714118 -1.118299 -0.25625
v 1.762641 -0.874359 -0.25625
v 1.762641 -0.625641 -0.11875
v 1.714118 -0.381701 -0.11875
v 1.618938 -0.151915 -0.11875
v 1.480757 0.054886 -0.11875
v 1.304886 0.230757 -0.11875
v 1.098085 0.368938 -0.11875
v 0.868299 0.464118 -0.11875
v 0.624359 0.512641 -0.11875
v 0.375641 0.512641 -0.11875
v 0.131701 0.464118 -0.11875
v -0.098085 0.368938 -0.11875
v -0.304886 0.230757 -0.11875
v -0.480757 0.054886 -0.11875
v -0.618938 -0.151915 -0.11875
v -0.714118 -0.381701 -0.11875
v -0.762641 -0.625641 -0.11875
v -0.762641 -0.874359 -0.11875
v -0.714118 -1.118299 -0.11875
v -0.618938 -1.348085 -0.11875
v -0.480757 -1.554886 -0.11875
v -0.304886 -1.730757 -0.11875
v -0.098085 -1.868938 -0.11875
v 0.131701 -1.964118 -0.11875
v 0.375641 -2.012641 -0.11875
v 0.624359 -2.012641 -0.11875
v 0.868299 -1.964118 -0.11875
v 1.098085 -1.868938 -0.11875
v 1.304886 -1.730757 -0.11875
v 1.480757 -1.554886 -0.11875
v 1.618938 -1.348085 -0.11875
v 1.714118 -1.118299 -0.11875
v 1.762641 -0.874359 -0.11875
v 1.737761 -0.628091 -0.09375
v 1.690195 -0.388958 -0.09375
v 1.59689 -0.1637 -0.09375
v 1.461432 0.039027 -0.09375
v 1.289027 0.211432 -0.09375
v 1.0863 0.34689 -0.09375
v 0.861042 0.440195 -0.09375
v 0.621909 0.487761 -0.09375
v 0.378091 0.487761 -0.09375
v 0.138958 0.440195 -0.09375
v -0.0863 0.34689 -0.09375
v -0.289027 0.211432 -0.09375
v -0.461432 0.039027 -0.09375
v -0.59689 -0.1637 -0.09375
v -0.690195 -0.388958 -0.09375
v -0.737761 -0.628091 -0.09375
v -0.737761 -0.871909 -0.09375
v -0.690195 -1.111042 -0.09375
v -0.59689 -1.3363 -0.09375
v -0.461432 -1.539027 -0.09375
v -0.289027 -1.711432 -0.09375
v -0.0863 -1.84689 -0.09375
v 0.138958 -1.940195 -0.09375
v 0.378091 -1.987761 -0.09375
v 0.621909 -1.987761 -0.09375
v 0.861042 -1.940195 -0.09375
v 1.0863 -1.84689 -0.09375
v 1.289027 -1.711432 -0.09375
v 1.461432 -1.539027 -0.09375
v 1.59689 -1.3363 -0.09375
v 1.690195 -1.111042 -0.09375
v 1.737761 -0.871909 -0.09375
v 1.681782 -0.633605 -0.09375
v 1.636367 -0.405287 -0.09375
v 1.547282 -0.190216 -0.09375
v 1.41795 0.003342 -0.09375
v 1.253342 0.16795 -0.09375
v 1.059784 0.297282 -0.09375
v 0.844713 0.386367 -0.09375
v 0.616395 0.431782 -0.09375
v 0.383605 0.431782 -0.09375
v 0.155287 0.386367 -0.09375
v -0.059784 0.297282 -0.09375
v -0.253342 0.16795 -0.09375
v -0.41795 0.003342 -0.09375
v -0.547282 -0.190216 -0.09375
v -0.636367 -0.405287 -0.09375
v -0.681782 -0.633605 -0.09375
v -0.681782 -0.866395 -0.09375
v -0.636367 -1.094713 -0.09375
v -0.547282 -1.309784 -0.09375
v -0.41795 -1.503342 -0.09375
v -0.253342 -1.66795 -0.09375
v -0.059784 -1.797282 -0.09375
v 0.155287 -1.886367 -0.09375
v 0.383605 -1.931782 -0.09375
v 0.616395 -1.931782 -0.09375
v 0.844713 -1.886367 -0.09375
v 1.059784 -1.797282 -0.09375
v 1.253342 -1.66795 -0.09375
v 1.41795 -1.503342 -0.09375
v 1.547282 -1.309784 -0.09375
v 1.636367 -1.094713 -0.09375
v 1.681782 -0.866395 -0.09375
v 1.681782 -0.633605 1.78125
v 1.636367 -0.405287 1.78125
v 1.547282 -0.190216 1.78125
v 1.41795 0.003342 1.78125
v 1.253342 0.16795 1.78125
v 1.059784 0.297282 1.78125
v 0.844713 0.386367 1.78125
v 0.616395 0.431782 1.78125
v 0.383605 0.431782 1.78125
v 0.155287 0.386367 1.78125
v -0.059784 0.297282 1.78125
v -0.253342 0.16795 1.78125
v -0.41795 0.003342 1.78125
v -0.547282 -0.190216 1.78125
v -0.636367 -0.405287 1.78125
v -0.681782 -0.633605 1.78125
v -0.681782 -0.866395 1.78125
v -0.636367 -1.094713 1.78125
v -0.547282 -1.309784 1.78125
v -0.41795 -1.503342 1.78125
v -0.253342 -1.66795 1.78125
v -0.059784 -1.797282 1.78125
v 0.155287 -1.886367 1.78125
v 0.383605 -1.931782 1.78125
v 0.616395 -1.931782 1.78125
v 0.844713 -1.886367 1.78125
v 1.059784 -1.797282 1.78125
v 1.253342 -1.66795 1.78125
v 1.41795 -1.503342 1.78125
v 1.547282 -1.309784 1.78125
v 1.636367 -1.094713 1.78125
v 1.681782 -0.866395 1.78125
v 1.737761 -0.628091 1.78125
v 1.690195 -0.388958 1.78125
v 1.59689 -0.1637 1.78125
v 1.461432 0.039027 1.78125
v 1.289027 0.211432 1.78125
v 1.0863 0.34689 1.78125
v 0.861042 0.440195 1.78125
v 0.621909 0.487761 1.78125
v 0.378091 0.487761 1.78125
v 0.138958 0.440195 1.78125
v -0.0863 0.34689 1.78125
v -0.289027 0.211432 1.78125
v -0.461432 0.039027 1.78125
v -0.59689 -0.1637 1.78125
v -0.690195 -0.388958 1.78125
v -0.737761 -0.628091 1.78125
v -0.737761 -0.871909 1.78125
v -0.690195 -1.111042 1.78125
v -0.59689 -1.3363 1.78125
v -0.461432 -1.539027 1.78125
v -0.289027 -1.711432 1.78125
v -0.0863 -1.84689 1.78125
v 0.138958 -1.940195 1.78125
v 0.378091 -1.987761 1.78125
v 0.621909 -1.987761 1.78125
v 0.861042 -1.940195 1.78125
v 1.0863 -1.84689 1.78125
v 1.289027 -1.711432 1.78125
v 1.461432 -1.539027 1.78125
v 1.59689 -1.3363 1.78125
v 1.690195 -1.111042 1.78125
v 1.737761 -0.871909 1.78125
v 1.762641 -0.625641 1.80625
v 1.714118 -0.381701 1.80625
v 1.618938 -0.151915 1.80625
v 1.480757 0.054886 1.80625
v 1.304886 0.230757 1.80625
v 1.098085 0.368938 1.80625
v 0.868299 0.464118 1.80625
v 0.624359 0.512641 1.80625
v 0.375641 0.512641 1.80625
v 0.131701 0.464118 1.80625
v -0.098085 0.368938 1.80625
v -0.304886 0.230757 1.80625
v -0.480757 0.054886 1.80625
v -0.618938 -0.151915 1.80625
v -0.714118 -0.381701 1.80625
v -0.762641 -0.625641 1.80625
v -0.762641 -0.874359 1.80625
v -0.714118 -1.118299 1.80625
v -0.618938 -1.348085 1.80625
v -0.480757 -1.554886 1.80625
v -0.304886 -1.730757 1.80625
v -0.098085 -1.868938 1.80625
v 0.131701 -1.964118 1.80625
v 0.375641 -2.012641 1.80625
v 0.624359 -2.012641 1.80625
v 0.868299 -1.964118 1.80625
v 1.098085 -1.868938 1.80625
v 1.304886 -1.730757 1.80625
v 1.480757 -1.554886 1.80625
v 1.618938 -1.348085 1.80625
v 1.714118 -1.118299 1.80625
v 1.762641 -0.874359 1.80625
v 1.762641 -0.625641 1.94375
v 1.714118 -0.381701 1.94375
v 1.618938 -0.151915 1.94375
v 1.480757 0.054886 1.94375
v 1.304886 0.230757 1.94375
v 1.098085 0.368938 1.94375
v 0.868299 0.464118 1.94375
v 0.624359 0.512641 1.94375
v 0.375641 0.512641 1.94375
v 0.131701 0.464118 1.94375
v -0.098085 0.368938 1.94375
v -0.304886 0.230757 1.94375
v -0.480757 0.054886 1.94375
v -0.618938 -0.151915 1.94375
v -0.714118 -0.381701 1.94375
v -0.762641 -0.625641 1.94375
v -0.762641 -0.874359 1.94375
v -0.714118 -1.118299 1.94375
v -0.618938 -1.348085 1.94375
v -0.480757 -1.554886 1.94375
v -0.304886 -1.730757 1.94375
v -0.098085 -1.868938 1.94375
v 0.131701 -1.964118 1.94375
v 0.375641 -2.012641 1.94375
v 0.624359 -2.012641 1.94375
v 0.868299 -1.964118 1.94375
v 1.098085 -1.868938 1.94375
v 1.304886 -1.730757 1.94375
v 1.480757 -1.554886 1.94375
v 1.618938 -1.348085 1.94375
v 1.714118 -1.118299 1.94375
v 1.762641 -0.874359 1.94375
v 1.737761 -0.628091 1.96875
v 1.690195 -0.388958 1.96875
v 1.59689 -0.1637 1.96875
v 1.461432 0.039027 1.96875
v 1.289027 0.211432 1.96875
v 1.0863 0.34689 1.96875
v 0.861042 0.440195 1.96875
v 0.621909 0.487761 1.96875
v 0.378091 0.487761 1.96875
v 0.138958 0.440195 1.96875
v -0.0863 0.34689 1.96875
v -0.289027 0.211432 1.96875
v -0.461432 0.039027 1.96875
v -0.59689 -0.1637 1.96875
v -0.690195 -0.388958 1.96875
v -0.737761 -0.628091 1.96875
v -0.737761 -0.871909 1.96875
v -0.690195 -1.111042 1.96875
v -0.59689 -1.3363 1.96875
v -0.461432 -1.539027 1.96875
v -0.289027 -1.711432 1.96875
v -0.0863 -1.84689 1.96875
v 0.138958 -1.940195 1.96875
v 0.378091 -1.987761 1.96875
v 0.621909 -1.987761 1.96875
v 0.861042 -1.940195 1.96875
v 1.0863 -1.84689 1.96875
v 1.289027 -1.711432 1.96875
v 1.461432 -1.539027 1.96875
v 1.59689 -1.3363 1.96875
v 1.690195 -1.111042 1.96875
v 1.737761 -0.871909 1.96875
v 1.681782 -0.633605 1.96875
v 1.636367 -0.405287 1.96875
v 1.547282 -0.190216 1.96875
v 1.41795 0.003342 1.96875
v 1.253342 0.16795 1.96875
v 1.059784 0.297282 1.96875
v 0.844713 0.386367 1.96875
v 0.616395 0.431782 1.96875
v 0.383605 0.431782 1.96875
v 0.155287 0.386367 1.96875
v -0.059784 0.297282 1.96875
v -0.253342 0.16795 1.96875
v -0.41795 0.003342 1.96875
v -0.547282 -0.190216 1.96875
v -0.636367 -0.405287 1.96875
v -0.681782 -0.633605 1.96875
v -0.681782 -0.866395 1.96875
v -0.636367 -1.094713 1.96875
v -0.547282 -1.309784 1.96875
v -0.41795 -1.503342 1.96875
v -0.253342 -1.66795 1.96875
v -0.059784 -1.797282 1.96875
v 0.155287 -1.886367 1.96875
v 0.383605 -1.931782 1.96875
v 0.616395 -1.931782 1.96875
v 0.844713 -1.886367 1.96875
v 1.059784 -1.797282 1.96875
v 1.253342 -1.66795 1.96875
v 1.41795 -1.503342 1.96875
v 1.547282 -1.309784 1.96875
v 1.636367 -1.094713 1.96875
v 1.681782 -0.866395 1.96875
v 1.681782 -0.633605 -0.96875
v 1.636367 -0.405287 -0.96875
v 1.547282 -0.190216 -0.96875
v 1.41795 0.003342 -0.96875
v 1.253342 0.16795 -0.96875
v 1.059784 0.297282 -0.96875
v 0.844713 0.386367 -0.96875
v 0.616395 0.431782 -0.96875
v 0.383605 0.431782 -0.96875
v 0.155287 0.386367 -0.96875
v -0.059784 0.297282 -0.96875
v -0.253342 0.16795 -0.96875
v -0.41795 0.003342 -0.96875
v -0.547282 -0.190216 -0.96875
v -0.636367 -0.405287 -0.96875
v -0.681782 -0.633605 -0.96875
v -0.681782 -0.866395 -0.96875
v -0.636367 -1.094713 -0.96875
v -0.547282 -1.309784 -0.96875
v -0.41795 -1.503342 -0.96875
v -0.253342 -1.66795 -0.96875
v -0.059784 -1.797282 -0.96875
v 0.155287 -1.886367 -0.96875
v 0.383605 -1.931782 -0.96875
v 0.616395 -1.931782 -0.96875
v 0.844713 -1.886367 -0.96875
v 1.059784 -1.797282 -0.96875
v 1.253342 -1.66795 -0.96875
v 1.41795 -1.503342 -0.96875
v 1.547282 -1.309784 -0.96875
v 1.636367 -1.094713 -0.96875
v 1.681782 -0.866395 -0.96875
v 1.737761 -0.628091 -0.96875
v 1.690195 -0.388958 -0.96875
v 1.59689 -0.1637 -0.96875
v 1.461432 0.039027 -0.96875
v 1.289027 0.211432 -0.96875
v 1.0863 0.34689 -0.96875
v 0.861042 0.440195 -0.96875
v 0.621909 0.487761 -0.96875
v 0.378091 0.487761 -0.96875
v 0.138958 0.440195 -0.96875
v -0.0863 0.34689 -0.96875
v -0.289027 0.211432 -0.96875
v -0.461432 0.039027 -0.96875
v -0.59689 -0.1637 -0.96875
v -0.690195 -0.388958 -0.96875
v -0.737761 -0.628091 -0.96875
v -0.737761 -0.871909 -0.96875
v -0.690195 -1.111042 -0.96875
v -0.59689 -1.3363 -0.96875
v -0.461432 -1.539027 -0.96875
v -0.289027 -1.711432 -0.96875
v -0.0863 -1.84689 -0.96875
v 0.138958 -1.940195 -0.96875
v 0.378091 -1.987761 -0.96875
v 0.621909 -1.987761 -0.96875
v 0.861042 -1.940195 -0.96875
v 1.0863 -1.84689 -0.96875
v 1.289027 -1.711432 -0.96875
v 1.461432 -1.539027 -0.96875
v 1.59689 -1.3363 -0.96875
v 1.690195 -1.111042 -0.96875
v 1.737761 -0.871909 -0.96875
v 1.762641 -0.625641 -0.94375
v 1.714118 -0.381701 -0.94375
v 1.618938 -0.151915 -0.94375
v 1.480757 0.054886 -0.94375
v 1.304886 0.230757 -0.94375
v 1.098085 0.368938 -0.94375
v 0.868299 0.464118 -0.94375
v 0.624359 0.512641 -0.94375
v 0.375641 0.512641 -0.94375
v 0.131701 0.464118 -0.94375
v -0.098085 0.368938 -0.94375
v -0.304886 0.230757 -0.94375
v -0.480757 0.054886 -0.94375
v -0.618938 -0.151915 -0.94375
v -0.714118 -0.381701 -0.94375
v -0.762641 -0.625641 -0.94375
v -0.762641 -0.874359 -0.94375
v -0.714118 -1.118299 -0.94375
v -0.618938 -1.348085 -0.94375
v -0.480757 -1.554886 -0.94375
v -0.304886 -1.730757 -0.94375
v -0.098085 -1.868938 -0.94375
v 0.131701 -1.964118 -0.94375
v 0.375641 -2.012641 -0.94375
v 0.624359 -2.012641 -0.94375
v 0.868299 -1.964118 -0.94375
v 1.098085 -1.868938 -0.94375
v 1.304886 -1.730757 -0.94375
v 1.480757 -1.554886 -0.94375
v 1.618938 -1.348085 -0.94375
v 1.714118 -1.118299 -0.94375
v 1.762641 -0.874359 -0.94375
v 1.762641 -0.625641 -0.80625
v 1.714118 -0.381701 -0.80625
v 1.618938 -0.151915 -0.80625
v 1.480757 0.054886 -0.80625
v 1.304886 0.230757 -0.80625
v 1.098085 0.368938 -0.80625
v 0.868299 0.464118 -0.80625
v 0.624359 0.512641 -0.80625
v 0.375641 0.512641 -0.80625
v 0.131701 0.464118 -0.80625
v -0.098085 0.368938 -0.80625
v -0.304886 0.230757 -0.80625
v -0.480757 0.054886 -0.80625
v -0.618938 -0.151915 -0.80625
v -0.714118 -0.381701 -0.80625
v -0.762641 -0.625641 -0.80625
v -0.762641 -0.874359 -0.80625
v -0.714118 -1.118299 -0.80625
v -0.618938 -1.348085 -0.80625
v -0.480757 -1.554886 -0.80625
v -0.304886 -1.730757 -0.80625
v -0.098085 -1.868938 -0.80625
v 0.131701 -1.964118 -0.80625
v 0.375641 -2.012641 -0.80625
v 0.624359 -2.012641 -0.80625
v 0.868299 -1.964118 -0.80625
v 1.098085 -1.868938 -0.80625
v 1.304886 -1.730757 -0.80625
v 1.480757 -1.554886 -0.80625
v 1.618938 -1.348085 -0.80625
v 1.714118 -1.118299 -0.80625
v 1.762641 -0.874359 -0.80625
v 1.737761 -0.628091 -0.78125
v 1.690195 -0.388958 -0.78125
v 1.59689 -0.1637 -0.78125
v 1.461432 0.039027 -0.78125
v 1.289027 0.211432 -0.78125
v 1.0863 0.34689 -0.78125
v 0.861042 0.440195 -0.78125
v 0.621909 0.487761 -0.78125
v 0.378091 0.487761 -0.78125
v 0.138958 0.440195 -0.78125
v -0.0863 0.34689 -0.78125
v -0.289027 0.211432 -0.78125
v -0.461432 0.039027 -0.78125
v -0.59689 -0.1637 -0.78125
v -0.690195 -0.388958 -0.78125
v -0.737761 -0.628091 -0.78125
v -0.737761 -0.871909 -0.78125
v -0.690195 -1.111042 -0.78125
v -0.59689 -1.3363 -0.78125
v -0.461432 -1.539027 -0.78125
v -0.289027 -1.711432 -0.78125
v -0.0863 -1.84689 -0.78125
v 0.138958 -1.940195 -0.78125
v 0.378091 -1.987761 -0.78125
v 0.621909 -1.987761 -0.78125
v 0.861042 -1.940195 -0.78125
v 1.0863 -1.84689 -0.78125
v 1.289027 -1.711432 -0.78125
v 1.461432 -1.539027 -0.78125
v 1.59689 -1.3363 -0.78125
v 1.690195 -1.111042 -0.78125
v 1.737761 -0.871909 -0.78125
v 1.681782 -0.633605 -0.78125
v 1.636367 -0.405287 -0.78125
v 1.547282 -0.190216 -0.78125
v 1.41795 0.003342 -0.78125
v 1.253342 0.16795 -0.78125
v 1.059784 0.297282 -0.78125
v 0.844713 0.386367 -0.78125
v 0.616395 0.431782 -0.78125
v 0.383605 0.431782 -0.78125
v 0.155287 0.386367 -0.78125
v -0.059784 0.297282 -0.78125
v -0.253342 0.16795 -0.78125
v -0.41795 0.003342 -0.78125
v -0.547282 -0.190216 -0.78125
v -0.636367 -0.405287 -0.78125
v -0.681782 -0.633605 -0.78125
v -0.681782 -0.866395 -0.78125
v -0.636367 -1.094713 -0.78125
v -0.547282 -1.309784 -0.78125
v -0.41795 -1.503342 -0.78125
v -0.253342 -1.66795 -0.78125
v -0.059784 -1.797282 -0.78125
v 0.155287 -1.886367 -0.78125
v 0.383605 -1.931782 -0.78125
v 0.616395 -1.931782 -0.78125
v 0.844713 -1.886367 -0.78125
v 1.059784 -1.797282 -0.78125
v 1.253342 -1.66795 -0.78125
v 1.41795 -1.503342 -0.78125
v 1.547282 -1.309784 -0.78125
v 1.636367 -1.094713 -0.78125
v 1.681782 -0.866395 -0.78125
v 1.681782 -0.633605 2.46875
v 1.636367 -0.405287 2.46875
v 1.547282 -0.190216 2.46875
v 1.41795 0.003342 2.46875
v 1.253342 0.16795 2.46875
v 1.059784 0.297282 2.46875
v 0.844713 0.386367 2.46875
v 0.616395 0.431782 2.46875
v 0.383605 0.431782 2.46875
v 0.155287 0.386367 2.46875
v -0.059784 0.297282 2.46875
v -0.253342 0.16795 2.46875
v -0.41795 0.003342 2.46875
v -0.547282 -0.190216 2.46875
v -0.636367 -0.405287 2.46875
v -0.681782 -0.633605 2.46875
v -0.681782 -0.866395 2.46875
v -0.636367 -1.094713 2.46875
v -0.547282 -1.309784 2.46875
v -0.41795 -1.503342 2.46875
v -0.253342 -1.66795 2.46875
v -0.059784 -1.797282 2.46875
v 0.155287 -1.886367 2.46875
v 0.383605 -1.931782 2.46875
v 0.616395 -1.931782 2.46875
v 0.844713 -1.886367 2.46875
v 1.059784 -1.797282 2.46875
v 1.253342 -1.66795 2.46875
v 1.41795 -1.503342 2.46875
v 1.547282 -1.309784 2.46875
v 1.636367 -1.094713 2.46875
v 1.681782 -0.866395 2.46875
v 1.737761 -0.628091 2.46875
v 1.690195 -0.388958 2.46875
v 1.59689 -0.1637 2.46875
v 1.461432 0.039027 2.46875
v 1.289027 0.211432 2.46875
v 1.0863 0.34689 2.46875
v 0.861042 0.440195 2.46875
v 0.621909 0.487761 2.46875
v 0.378091 0.487761 2.46875
v 0.138958 0.440195 2.46875
v -0.0863 0.34689 2.46875
v -0.289027 0.211432 2.46875
v -0.461432 0.039027 2.46875
v -0.59689 -0.1637 2.46875
v -0.690195 -0.388958 2.46875
v -0.737761 -0.628091 2.46875
v -0.737761 -0.871909 2.46875
v -0.690195 -1.111042 2.46875
v -0.59689 -1.3363 2.46875
v -0.461432 -1.539027 2.46875
v -0.289027 -1.711432 2.46875
v -0.0863 -1.84689 2.46875
v 0.138958 -1.940195 2.46875
v 0.378091 -1.987761 2.46875
v 0.621909 -1.987761 2.46875
v 0.861042 -1.940195 2.46875
v 1.0863 -1.84689 2.46875
v 1.289027 -1.711432 2.46875
v 1.461432 -1.539027 2.46875
v 1.59689 -1.3363 2.46875
v 1.690195 -1.111042 2.46875
v 1.737761 -0.871909 2.46875
v 1.762641 -0.625641 2.49375
v 1.714118 -0.381701 2.49375
v 1.618938 -0.151915 2.49375
v 1.480757 0.054886 2.49375
v 1.304886 0.230757 2.49375
v 1.098085 0.368938 2.49375
v 0.868299 0.464118 2.49375
v 0.624359 0.512641 2.49375
v 0.375641 0.512641 2.49375
v 0.131701 0.464118 2.49375
v -0.098085 0.368938 2.49375
v -0.304886 0.230757 2.49375
v -0.480757 0.054886 2.49375
v -0.618938 -0.151915 2.49375
v -0.714118 -0.381701 2.49375
v -0.762641 -0.625641 2.49375
v -0.762641 -0.874359 2.49375
v -0.714118 -1.118299 2.49375
v -0.618938 -1.348085 2.49375
v -0.480757 -1.554886 2.49375
v -0.304886 -1.730757 2.49375
v -0.098085 -1.868938 2.49375
v 0.131701 -1.964118 2.49375
v 0.375641 -2.012641 2.49375
v 0.624359 -2.012641 2.49375
v 0.868299 -1.964118 2.49375
v 1.098085 -1.868938 2.49375
v 1.304886 -1.730757 2.49375
v 1.480757 -1.554886 2.49375
v 1.618938 -1.348085 2.49375
v 1.714118 -1.118299 2.49375
v 1.762641 -0.874359 2.49375
v 1.762641 -0.625641 2.63125
v 1.714118 -0.381701 2.63125
v 1.618938 -0.151915 2.63125
v 1.480757 0.054886 2.63125
v 1.304886 0.230757 2.63125
v 1.098085 0.368938 2.63125
v 0.868299 0.464118 2.63125
v 0.624359 0.512641 2.63125
v 0.375641 0.512641 2.63125
v 0.131701 0.464118 2.63125
v -0.098085 0.368938 2.63125
v -0.304886 0.230757 2.63125
v -0.480757 0.054886 2.63125
v -0.618938 -0.151915 2.63125
v -0.714118 -0.381701 2.63125
v -0.762641 -0.625641 2.63125
v -0.762641 -0.874359 2.63125
v -0.714118 -1.118299 2.63125
v -0.618938 -1.348085 2.63125
v -0.480757 -1.554886 2.63125
v -0.304886 -1.730757 2.63125
v -0.098085 -1.868938 2.63125
v 0.131701 -1.964118 2.63125
v 0.375641 -2.012641 2.63125
v 0.624359 -2.012641 2.63125
v 0.868299 -1.964118 2.63125
v 1.098085 -1.868938 2.63125
v 1.304886 -1.730757 2.63125
v 1.480757 -1.554886 2.63125
v 1.618938 -1.348085 2.63125
v 1.714118 -1.118299 2.63125
v 1.762641 -0.874359 2.63125
v 1.737761 -0.628091 2.65625
v 1.690195 -0.388958 2.65625
v 1.59689 -0.1637 2.65625
v 1.461432 0.039027 2.65625
v 1.289027 0.211432 2.65625
v 1.0863 0.34689 2.65625
v 0.861042 0.440195 2.65625
v 0.621909 0.487761 2.65625
v 0.378091 0.487761 2.65625
v 0.138958 0.440195 2.65625
v -0.0863 0.34689 2.65625
v -0.289027 0.211432 2.65625
v -0.461432 0.039027 2.65625
v -0.59689 -0.1637 2.65625
v -0.690195 -0.388958 2.65625
v -0.737761 -0.628091 2.65625
v -0.737761 -0.871909 2.65625
v -0.690195 -1.111042 2.65625
v -0.59689 -1.3363 2.65625
v -0.461432 -1.539027 2.65625
v -0.289027 -1.711432 2.65625
v -0.0863 -1.84689 2.65625
v 0.138958 -1.940195 2.65625
v 0.378091 -1.987761 2.65625
v 0.621909 -1.987761 2.65625
v 0.861042 -1.940195 2.65625
v 1.0863 -1.84689 2.65625
v 1.289027 -1.711432 2.65625
v 1.461432 -1.539027 2.65625
v 1.59689 -1.3363 2.65625
v 1.690195 -1.111042 2.65625
v 1.737761 -0.871909 2.65625
v 1.681782 -0.633605 2.65625
v 1.636367 -0.405287 2.65625
v 1.547282 -0.190216 2.65625
v 1.41795 0.003342 2.65625
v 1.253342 0.16795 2.65625
v 1.059784 0.297282 2.65625
v 0.844713 0.386367 2.65625
v 0.616395 0.431782 2.65625
v 0.383605 0.431782 2.65625
v 0.155287 0.386367 2.65625
v -0.059784 0.297282 2.65625
v -0.253342 0.16795 2.65625
v -0.41795 0.003342 2.65625
v -0.547282 -0.190216 2.65625
v -0.636367 -0.405287 2.65625
v -0.681782 -0.633605 2.65625
v -0.681782 -0.866395 2.65625
v -0.636367 -1.094713 2.65625
v -0.547282 -1.309784 2.65625
v -0.41795 -1.503342 2.65625
v -0.253342 -1.66795 2.65625
v -0.059784 -1.797282 2.65625
v 0.155287 -1.886367 2.65625
v 0.383605 -1.931782 2.65625
v 0.616395 -1.931782 2.65625
v 0.844713 -1.886367 2.65625
v 1.059784 -1.797282 2.65625
v 1.253342 -1.66795 2.65625
v 1.41795 -1.503342 2.65625
v 1.547282 -1.309784 2.65625
v 1.636367 -1.094713 2.65625
v 1.681782 -0.866395 2.65625
v 1.681782 -0.633605 -1.65625
v 1.636367 -0.405287 -1.65625
v 1.547282 -0.190216 -1.65625
v 1.41795 0.003342 -1.65625
v 1.253342 0.16795 -1.65625
v 1.059784 0.297282 -1.65625
v 0.844713 0.386367 -1.65625
v 0.616395 0.431782 -1.65625
v 0.383605 0.431782 -1.65625
v 0.155287 0.386367 -1.65625
v -0.059784 0.297282 -1.65625
v -0.253342 0.16795 -1.65625
v -0.41795 0.003342 -1.65625
v -0.547282 -0.190216 -1.65625
v -0.636367 -0.405287 -1.65625
v -0.681782 -0.633605 -1.65625
v -0.681782 -0.866395 -1.65625
v -0.636367 -1.094713 -1.65625
v -0.547282 -1.309784 -1.65625
v -0.41795 -1.503342 -1.65625
v -0.253342 -1.66795 -1.65625
v -0.059784 -1.797282 -1.65625
v 0.155287 -1.886367 -1.65625
v 0.383605 -1.931782 -1.65625
v 0.616395 -1.931782 -1.65625
v 0.844713 -1.886367 -1.65625
v 1.059784 -1.797282 -1.65625
v 1.253342 -1.66795 -1.65625
v 1.41795 -1.503342 -1.65625
v 1.547282 -1.309784 -1.65625
v 1.636367 -1.094713 -1.65625
v 1.681782 -0.866395 -1.65625
v 1.737761 -0.628091 -1.65625
v 1.690195 -0.388958 -1.65625
v 1.59689 -0.1637 -1.65625
v 1.461432 0.039027 -1.65625
v 1.289027 0.211432 -1.65625
v 1.0863 0.34689 -1.65625
v 0.861042 0.440195 -1.65625
v 0.621909 0.487761 -1.65625
v 0.378091 0.487761 -1.65625
v 0.138958 0.440195 -1.65625
v -0.0863 0.34689 -1.65625
v -0.289027 0.211432 -1.65625
v -0.461432 0.039027 -1.65625
v -0.59689 -0.1637 -1.65625
v -0.690195 -0.388958 -1.65625
v -0.737761 -0.628091 -1.65625
v -0.737761 -0.871909 -1.65625
v -0.690195 -1.111042 -1.65625
v -0.59689 -1.3363 -1.65625
v -0.461432 -1.539027 -1.65625
v -0.289027 -1.711432 -1.65625
v -0.0863 -1.84689 -1.65625
v 0.138958 -1.940195 -1.65625
v 0.378091 -1.987761 -1.65625
v 0.621909 -1.987761 -1.65625
v 0.861042 -1.940195 -1.65625
v 1.0863 -1.84689 -1.65625
v 1.289027 -1.711432 -1.65625
v 1.461432 -1.539027 -1.65625
v 1.59689 -1.3363 -1.65625
v 1.690195 -1.111042 -1.65625
v 1.737761 -0.871909 -1.65625
v 1.762641 -0.625641 -1.63125
v 1.714118 -0.381701 -1.63125
v 1.618938 -0.151915 -1.63125
v 1.480757 0.054886 -1.63125
v 1.304886 0.230757 -1.63125
v 1.098085 0.368938 -1.63125
v 0.868299 0.464118 -1.63125
v 0.624359 0.512641 -1.63125
v 0.375641 0.512641 -1.63125
v 0.131701 0.464118 -1.63125
v -0.098085 0.368938 -1.63125
v -0.304886 0.230757 -1.63125
v -0.480757 0.054886 -1.63125
v -0.618938 -0.151915 -1.63125
v -0.714118 -0.381701 -1.63125
v -0.762641 -0.625641 -1.63125
v -0.762641 -0.874359 -1.63125
v -0.714118 -1.118299 -1.63125
v -0.618938 -1.348085 -1.63125
v -0.480757 -1.554886 -1.63125
v -0.304886 -1.730757 -1.63125
v -0.098085 -1.868938 -1.63125
v 0.131701 -1.964118 -1.63125
v 0.375641 -2.012641 -1.63125
v 0.624359 -2.012641 -1.63125
v 0.868299 -1.964118 -1.63125
v 1.098085 -1.868938 -1.63125
v 1.304886 -1.730757 -1.63125
v 1.480757 -1.554886 -1.63125
v 1.618938 -1.348085 -1.63125
v 1.714118 -1.118299 -1.63125
v 1.762641 -0.874359 -1.63125
v 1.762641 -0.625641 -1.49375
v 1.714118 -0.381701 -1.49375
v 1.618938 -0.151915 -1.49375
v 1.480757 0.054886 -1.49375
v 1.304886 0.230757 -1.49375
v 1.098085 0.368938 -1.49375
v 0.868299 0.464118 -1.49375
v 0.624359 0.512641 -1.49375
v 0.375641 0.512641 -1.49375
v 0.131701 0.464118 -1.49375
v -0.098085 0.368938 -1.49375
v -0.304886 0.230757 -1.49375
v -0.480757 0.054886 -1.49375
v -0.618938 -0.151915 -1.49375
v -0.714118 -0.381701 -1.49375
v -0.762641 -0.625641 -1.49375
v -0.762641 -0.874359 -1.49375
v -0.714118 -1.118299 -1.49375
v -0.618938 -1.348085 -1.49375
v -0.480757 -1.554886 -1.49375
v -0.304886 -1.730757 -1.49375
v -0.098085 -1.868938 -1.49375
v 0.131701 -1.964118 -1.49375
v 0.375641 -2.012641 -1.49375
v 0.624359 -2.012641 -1.49375
v 0.868299 -1.964118 -1.49375
v 1.098085 -1.868938 -1.49375
v 1.304886 -1.730757 -1.49375
v 1.480757 -1.554886 -1.49375
v 1.618938 -1.348085 -1.49375
v 1.714118 -1.118299 -1.49375
v 1.762641 -0.874359 -1.49375
v 1.737761 -0.628091 -1.46875
v 1.690195 -0.388958 -1.46875
v 1.59689 -0.1637 -1.46875
v 1.461432 0.039027 -1.46875
v 1.289027 0.211432 -1.46875
v 1.0863 0.34689 -1.46875
v 0.861042 0.440195 -1.46875
v 0.621909 0.487761 -1.46875
v 0.378091 0.487761 -1.46875
v 0.138958 0.440195 -1.46875
v -0.0863 0.34689 -1.46875
v -0.289027 0.211432 -1.46875
v -0.461432 0.039027 -1.46875
v -0.59689 -0.1637 -1.46875
v -0.690195 -0.388958 -1.46875
v -0.737761 -0.628091 -1.46875
v -0.737761 -0.871909 -1.46875
v -0.690195 -1.111042 -1.46875
v -0.59689 -1.3363 -1.46875
v -0.461432 -1.539027 -1.46875
v -0.289027 -1.711432 -1.46875
v -0.0863 -1.84689 -1.46875
v 0.138958 -1.940195 -1.46875
v 0.378091 -1.987761 -1.46875
v 0.621909 -1.987761 -1.46875
v 0.861042 -1.940195 -1.46875
v 1.0863 -1.84689 -1.46875
v 1.289027 -1.711432 -1.46875
v 1.461432 -1.539027 -1.46875
v 1.59689 -1.3363 -1.46875
v 1.690195 -1.111042 -1.46875
v 1.737761 -0.871909 -1.46875
v 1.681782 -0.633605 -1.46875
v 1.636367 -0.405287 -1.46875
v 1.547282 -0.190216 -1.46875
v 1.41795 0.003342 -1.46875
v 1.253342 0.16795 -1.46875
v 1.059784 0.297282 -1.46875
v 0.844713 0.386367 -1.46875
v 0.616395 0.431782 -1.46875
v 0.383605 0.431782 -1.46875
v 0.155287 0.386367 -1.46875
v -0.059784 0.297282 -1.46875
v -0.253342 0.16795 -1.46875
v -0.41795 0.003342 -1.46875
v -0.547282 -0.190216 -1.46875
v -0.636367 -0.405287 -1.46875
v -0.681782 -0.633605 -1.46875
v -0.681782 -0.866395 -1.46875
v -0.636367 -1.094713 -1.46875
v -0.547282 -1.309784 -1.46875
v -0.41795 -1.503342 -1.46875
v -0.253342 -1.66795 -1.46875
v -0.059784 -1.797282 -1.46875
v 0.155287 -1.886367 -1.46875
v 0.383605 -1.931782 -1.46875
v 0.616395 -1.931782 -1.46875
v 0.844713 -1.886367 -1.46875
v 1.059784 -1.797282 -1.46875
v 1.253342 -1.66795 -1.46875
v 1.41795 -1.503342 -1.46875
v 1.547282 -1.309784 -1.46875
v 1.636367 -1.094713 -1.46875
v 1.681782 -0.866395 -1.46875
v 1.681782 -0.633605 3.15625
v 1.636367 -0.405287 3.15625
v 1.547282 -0.190216 3.15625
v 1.41795 0.003342 3.15625
v 1.253342 0.16795 3.15625
v 1.059784 0.297282 3.15625
v 0.844713 0.386367 3.15625
v 0.616395 0.431782 3.15625
v 0.383605 0.431782 3.15625
v 0.155287 0.386367 3.15625
v -0.059784 0.297282 3.15625
v -0.253342 0.16795 3.15625
v -0.41795 0.003342 3.15625
v -0.547282 -0.190216 3.15625
v -0.636367 -0.405287 3.15625
v -0.681782 -0.633605 3.15625
v -0.681782 -0.866395 3.15625
v -0.636367 -1.094713 3.15625
v -0.547282 -1.309784 3.15625
v -0.41795 -1.503342 3.15625
v -0.253342 -1.66795 3.15625
v -0.059784 -1.797282 3.15625
v 0.155287 -1.886367 3.15625
v 0.383605 -1.931782 3.15625
v 0.616395 -1.931782 3.15625
v 0.844713 -1.886367 3.15625
v 1.059784 -1.797282 3.15625
v 1.253342 -1.66795 3.15625
v 1.41795 -1.503342 3.15625
v 1.547282 -1.309784 3.15625
v 1.636367 -1.094713 3.15625
v 1.681782 -0.866395 3.15625
v 1.737761 -0.628091 3.15625
v 1.690195 -0.388958 3.15625
v 1.59689 -0.1637 3.15625
v 1.461432 0.039027 3.15625
v 1.289027 0.211432 3.15625
v 1.0863 0.34689 3.15625
v 0.861042 0.440195 3.15625
v 0.621909 0.487761 3.15625
v 0.378091 0.487761 3.15625
v 0.138958 0.440195 3.15625
v -0.0863 0.34689 3.15625
v -0.289027 0.211432 3.15625
v -0.461432 0.039027 3.15625
v -0.59689 -0.1637 3.15625
v -0.690195 -0.388958 3.15625
v -0.737761 -0.628091 3.15625
v -0.737761 -0.871909 3.15625
v -0.690195 -1.111042 3.15625
v -0.59689 -1.3363 3.15625
v -0.461432 -1.539027 3.15625
v -0.289027 -1.711432 3.15625
v -0.0863 -1.84689 3.15625
v 0.138958 -1.940195 3.15625
v 0.378091 -1.987761 3.15625
v 0.621909 -1.987761 3.15625
v 0.861042 -1.940195 3.15625
v 1.0863 -1.84689 3.15625
v 1.289027 -1.711432 3.15625
v 1.461432 -1.539027 3.15625
v 1.59689 -1.3363 3.15625
v 1.690195 -1.111042 3.15625
v 1.737761 -0.871909 3.15625
v 1.762641 -0.625641 3.18125
v 1.714118 -0.381701 3.18125
v 1.618938 -0.151915 3.18125
v 1.480757 0.054886 3.18125
v 1.304886 0.230757 3.18125
v 1.098085 0.368938 3.18125
v 0.868299 0.464118 3.18125
v 0.624359 0.512641 3.18125
v 0.375641 0.512641 3.18125
v 0.131701 0.464118 3.18125
v -0.098085 0.368938 3.18125
v -0.304886 0.230757 3.18125
v -0.480757 0.054886 3.18125
v -0.618938 -0.151915 3.18125
v -0.714118 -0.381701 3.18125
v -0.762641 -0.625641 3.18125
v -0.762641 -0.874359 3.18125
v -0.714118 -1.118299 3.18125
v -0.618938 -1.348085 3.18125
v -0.480757 -1.554886 3.18125
v -0.304886 -1.730757 3.18125
v -0.098085 -1.868938 3.18125
v 0.131701 -1.964118 3.18125
v 0.375641 -2.012641 3.18125
v 0.624359 -2.012641 3.18125
v 0.868299 -1.964118 3.18125
v 1.098085 -1.868938 3.18125
v 1.304886 -1.730757 3.18125
v 1.480757 -1.554886 3.18125
v 1.618938 -1.348085 3.18125
v 1.714118 -1.118299 3.18125
v 1.762641 -0.874359 3.18125
v 1.762641 -0.625641 3.31875
v 1.714118 -0.381701 3.31875
v 1.618938 -0.151915 3.31875
v 1.480757 0.054886 3.31875
v 1.304886 0.230757 3.31875
v 1.098085 0.368938 3.31875
v 0.868299 0.464118 3.31875
v 0.624359 0.512641 3.31875
v 0.375641 0.512641 3.31875
v 0.131701 0.464118 3.31875
v -0.098085 0.368938 3.31875
v -0.304886 0.230757 3.31875
v -0.480757 0.054886 3.31875
v -0.618938 -0.151915 3.31875
v -0.714118 -0.381701 3.31875
v -0.762641 -0.625641 3.31875
v -0.762641 -0.874359 3.31875
v -0.714118 -1.118299 3.31875
v -0.618938 -1.348085 3.31875
v -0.480757 -1.554886 3.31875
v -0.304886 -1.730757 3.31875
v -0.098085 -1.868938 3.31875
v 0.131701 -1.964118 3.31875
v 0.375641 -2.012641 3.31875
v 0.624359 -2.012641 3.31875
v 0.868299 -1.964118 3.31875
v 1.098085 -1.868938 3.31875
v 1.304886 -1.730757 3.31875
v 1.480757 -1.554886 3.31875
v 1.618938 -1.348085 3.31875
v 1.714118 -1.118299 3.31875
v 1.762641 -0.874359 3.31875
v 1.737761 -0.628091 3.34375
v 1.690195 -0.388958 3.34375
v 1.59689 -0.1637 3.34375
v 1.461432 0.039027 3.34375
v 1.289027 0.211432 3.34375
v 1.0863 0.34689 3.34375
v 0.861042 0.440195 3.34375
v 0.621909 0.487761 3.34375
v 0.378091 0.487761 3.34375
v 0.138958 0.440195 3.34375
v -0.0863 0.34689 3.34375
v -0.289027 0.211432 3.34375
v -0.461432 0.039027 3.34375
v -0.59689 -0.1637 3.34375
v -0.690195 -0.388958 3.34375
v -0.737761 -0.628091 3.34375
v -0.737761 -0.871909 3.34375
v -0.690195 -1.111042 3.34375
v -0.59689 -1.3363 3.34375
v -0.461432 -1.539027 3.34375
v -0.289027 -1.711432 3.34375
v -0.0863 -1.84689 3.34375
v 0.138958 -1.940195 3.34375
v 0.378091 -1.987761 3.34375
v 0.621909 -1.987761 3.34375
v 0.861042 -1.940195 3.34375
v 1.0863 -1.84689 3.34375
v 1.289027 -1.711432 3.34375
v 1.461432 -1.539027 3.34375
v 1.59689 -1.3363 3.34375
v 1.690195 -1.111042 3.34375
v 1.737761 -0.871909 3.34375
v 1.681782 -0.633605 3.34375
v 1.636367 -0.405287 3.34375
v 1.547282 -0.190216 3.34375
v 1.41795 0.003342 3.34375
v 1.253342 0.16795 3.34375
v 1.059784 0.297282 3.34375
v 0.844713 0.386367 3.34375
v 0.616395 0.431782 3.34375
v 0.383605 0.431782 3.34375
v 0.155287 0.386367 3.34375
v -0.059784 0.297282 3.34375
v -0.253342 0.16795 3.34375
v -0.41795 0.003342 3.34375
v -0.547282 -0.190216 3.34375
v -0.636367 -0.405287 3.34375
v -0.681782 -0.633605 3.34375
v -0.681782 -0.866395 3.34375
v -0.636367 -1.094713 3.34375
v -0.547282 -1.309784 3.34375
v -0.41795 -1.503342 3.34375
v -0.253342 -1.66795 3.34375
v -0.059784 -1.797282 3.34375
v 0.155287 -1.886367 3.34375
v 0.383605 -1.931782 3.34375
v 0.616395 -1.931782 3.34375
v 0.844713 -1.886367 3.34375
v 1.059784 -1.797282 3.34375
v 1.253342 -1.66795 3.34375
v 1.41795 -1.503342 3.34375
v 1.547282 -1.309784 3.34375
v 1.636367 -1.094713 3.34375
v 1.681782 -0.866395 3.34375
v 1.681782 -0.633605 -2.34375
v 1.636367 -0.405287 -2.34375
v 1.547282 -0.190216 -2.34375
v 1.41795 0.003342 -2.34375
v 1.253342 0.16795 -2.34375
v 1.059784 0.297282 -2.34375
v 0.844713 0.386367 -2.34375
v 0.616395 0.431782 -2.34375
v 0.383605 0.431782 -2.34375
v 0.155287 0.386367 -2.34375
v -0.059784 0.297282 -2.34375
v -0.253342 0.16795 -2.34375
v -0.41795 0.003342 -2.34375
v -0.547282 -0.190216 -2.34375
v -0.636367 -0.405287 -2.34375
v -0.681782 -0.633605 -2.34375
v -0.681782 -0.866395 -2.34375
v -0.636367 -1.094713 -2.34375
v -0.547282 -1.309784 -2.34375
v -0.41795 -1.503342 -2.34375
v -0.253342 -1.66795 -2.34375
v -0.059784 -1.797282 -2.34375
v 0.155287 -1.886367 -2.34375
v 0.383605 -1.931782 -2.34375
v 0.616395 -1.931782 -2.34375
v 0.844713 -1.886367 -2.34375
v 1.059784 -1.797282 -2.34375
v 1.253342 -1.66795 -2.34375
v 1.41795 -1.503342 -2.34375
v 1.547282 -1.309784 -2.34375
v 1.636367 -1.094713 -2.34375
v 1.681782 -0.866395 -2.34375
v 1.737761 -0.628091 -2.34375
v 1.690195 -0.388958 -2.34375
v 1.59689 -0.1637 -2.34375
v 1.461432 0.039027 -2.34375
v 1.289027 0.211432 -2.34375
v 1.0863 0.34689 -2.34375
v 0.861042 0.440195 -2.34375
v 0.621909 0.487761 -2.34375
v 0.378091 0.487761 -2.34375
v 0.138958 0.440195 -2.34375
v -0.0863 0.34689 -2.34375
v -0.289027 0.211432 -2.34375
v -0.461432 0.039027 -2.34375
v -0.59689 -0.1637 -2.34375
v -0.690195 -0.388958 -2.34375
v -0.737761 -0.628091 -2.34375
v -0.737761 -0.871909 -2.34375
v -0.690195 -1.111042 -2.34375
v -0.59689 -1.3363 -2.34375
v -0.461432 -1.539027 -2.34375
v -0.289027 -1.711432 -2.34375
v -0.0863 -1.84689 -2.34375
v 0.138958 -1.940195 -2.34375
v 0.378091 -1.987761 -2.34375
v 0.621909 -1.987761 -2.34375
v 0.861042 -1.940195 -2.34375
v 1.0863 -1.84689 -2.34375
v 1.289027 -1.711432 -2.34375
v 1.461432 -1.539027 -2.34375
v 1.59689 -1.3363 -2.34375
v 1.690195 -1.111042 -2.34375
v 1.737761 -0.871909 -2.34375
v 1.762641 -0.625641 -2.31875
v 1.714118 -0.381701 -2.31875
v 1.618938 -0.151915 -2.31875
v 1.480757 0.054886 -2.31875
v 1.304886 0.230757 -2.31875
v 1.098085 0.368938 -2.31875
v 0.868299 0.464118 -2.31875
v 0.624359 0.512641 -2.31875
v 0.375641 0.512641 -2.31875
v 0.131701 0.464118 -2.31875
v -0.098085 0.368938 -2.31875
v -0.304886 0.230757 -2.31875
v -0.480757 0.054886 -2.31875
v -0.618938 -0.151915 -2.31875
v -0.714118 -0.381701 -2.31875
v -0.762641 -0.625641 -2.31875
v -0.762641 -0.874359 -2.31875
v -0.714118 -1.118299 -2.31875
v -0.618938 -1.348085 -2.31875
v -0.480757 -1.554886 -2.31875
v -0.304886 -1.730757 -2.31875
v -0.098085 -1.868938 -2.31875
v 0.131701 -1.964118 -2.31875
v 0.375641 -2.012641 -2.31875
v 0.624359 -2.012641 -2.31875
v 0.868299 -1.964118 -2.31875
v 1.098085 -1.868938 -2.31875
v 1.304886 -1.730757 -2.31875
v 1.480757 -1.554886 -2.31875
v 1.618938 -1.348085 -2.31875
v 1.714118 -1.118299 -2.31875
v 1.762641 -0.874359 -2.31875
v 1.762641 -0.625641 -2.18125
v 1.714118 -0.381701 -2.18125
v 1.618938 -0.151915 -2.18125
v 1.480757 0.054886 -2.18125
v 1.304886 0.230757 -2.18125
v 1.098085 0.368938 -2.18125
v 0.868299 0.464118 -2.18125
v 0.624359 0.512641 -2.18125
v 0.375641 0.512641 -2.18125
v 0.131701 0.464118 -2.18125
v -0.098085 0.368938 -2.18125
v -0.304886 0.230757 -2.18125
v -0.480757 0.054886 -2.18125
v -0.618938 -0.151915 -2.18125
v -0.714118 -0.381701 -2.18125
v -0.762641 -0.625641 -2.18125
v -0.762641 -0.874359 -2.18125
v -0.714118 -1.118299 -2.18125
v -0.618938 -1.348085 -2.18125
v -0.480757 -1.554886 -2.18125
v -0.304886 -1.730757 -2.18125
v -0.098085 -1.868938 -2.18125
v 0.131701 -1.964118 -2.18125
v 0.375641 -2.012641 -2.18125
v 0.624359 -2.012641 -2.18125
v 0.868299 -1.964118 -2.18125
v 1.098085 -1.868938 -2.18125
v 1.304886 -1.730757 -2.18125
v 1.480757 -1.554886 -2.18125
v 1.618938 -1.348085 -2.18125
v 1.714118 -1.118299 -2.18125
v 1.762641 -0.874359 -2.18125
v 1.737761 -0.628091 -2.15625
v 1.690195 -0.388958 -2.15625
v 1.59689 -0.1637 -2.15625
v 1.461432 0.039027 -2.15625
v 1.289027 0.211432 -2.15625
v 1.0863 0.34689 -2.15625
v 0.861042 0.440195 -2.15625
v 0.621909 0.487761 -2.15625
v 0.378091 0.487761 -2.15625
v 0.138958 0.440195 -2.15625
v -0.0863 0.34689 -2.15625
v -0.289027 0.211432 -2.15625
v -0.461432 0.039027 -2.15625
v -0.59689 -0.1637 -2.15625
v -0.690195 -0.388958 -2.15625
v -0.737761 -0.628091 -2.15625
v -0.737761 -0.871909 -2.15625
v -0.690195 -1.111042 -2.15625
v -0.59689 -1.3363 -2.15625
v -0.461432 -1.539027 -2.15625
v -0.289027 -1.711432 -2.15625
v -0.0863 -1.84689 -2.15625
v 0.138958 -1.940195 -2.15625
v 0.378091 -1.987761 -2.15625
v 0.621909 -1.987761 -2.15625
v 0.861042 -1.940195 -2.15625
v 1.0863 -1.84689 -2.15625
v 1.289027 -1.711432 -2.15625
v 1.461432 -1.539027 -2.15625
v 1.59689 -1.3363 -2.15625
v 1.690195 -1.111042 -2.15625
v 1.737761 -0.871909 -2.15625
v 1.681782 -0.633605 -2.15625
v 1.636367 -0.405287 -2.15625
v 1.547282 -0.190216 -2.15625
v 1.41795 0.003342 -2.15625
v 1.253342 0.16795 -2.15625
v 1.059784 0.297282 -2.15625
v 0.844713 0.386367 -2.15625
v 0.616395 0.431782 -2.15625
v 0.383605 0.431782 -2.15625
v 0.155287 0.386367 -2.15625
v -0.059784 0.297282 -2.15625
v -0.253342 0.16795 -2.15625
v -0.41795 0.003342 -2.15625
v -0.547282 -0.190216 -2.15625
v -0.636367 -0.405287 -2.15625
v -0.681782 -0.633605 -2.15625
v -0.681782 -0.866395 -2.15625
v -0.636367 -1.094713 -2.15625
v -0.547282 -1.309784 -2.15625
v -0.41795 -1.503342 -2.15625
v -0.253342 -1.66795 -2.15625
v -0.059784 -1.797282 -2.15625
v 0.155287 -1.886367 -2.15625
v 0.383605 -1.931782 -2.15625
v 0.616395 -1.931782 -2.15625
v 0.844713 -1.886367 -2.15625
v 1.059784 -1.797282 -2.15625
v 1.253342 -1.66795 -2.15625
v 1.41795 -1.503342 -2.15625
v 1.547282 -1.309784 -2.15625
v 1.636367 -1.094713 -2.15625
v 1.681782 -0.866395 -2.15625
vt 0.083211 0.99539
vt 0.097035 0.99264
vt 0.098023 0.995899
vt 0.083544 0.998779
vt 0.097035 0.99264
vt 0.110056 0.987246
vt 0.111662 0.99025
vt 0.098023 0.995899
vt 0.110056 0.987246
vt 0.121776 0.979416
vt 0.123936 0.982048
vt 0.111662 0.99025
vt 0.121776 0.979416
vt 0.131742 0.969449
vt 0.134375 0.97161
vt 0.123936 0.982048
vt 0.131742 0.969449
vt 0.139573 0.95773
vt 0.142576 0.959335
vt 0.134375 0.97161
vt 0.139573 0.95773
vt 0.144967 0.944708
vt 0.148226 0.945697
vt 0.142576 0.959335
vt 0.144967 0.944708
vt 0.147716 0.930884
vt 0.151106 0.931218
vt 0.148226 0.945697
vt 0.147716 0.930884
vt 0.147716 0.916789
vt 0.151106 0.916456
vt 0.151106 0.931218
vt 0.147716 0.916789
vt 0.144967 0.902965
vt 0.148226 0.901977
vt 0.151106 0.916456
vt 0.144967 0.902965
vt 0.139573 0.889944
vt 0.142576 0.888338
vt 0.148226 0.901977
vt 0.139573 0.889944
vt 0.131742 0.878224
vt 0.134375 0.876064
vt 0.142576 0.888338
vt 0.131742 0.878224
vt 0.121776 0.868258
vt 0.123936 0.865625
vt 0.134375 0.876064
vt 0.121776 0.868258
vt 0.110056 0.860427
vt 0.111662 0.857424
vt 0.123936 0.865625
vt 0.110056 0.860427
vt 0.097035 0.855033
vt 0.098023 0.851774
vt 0.111662 0.857424
vt 0.097035 0.855033
vt 0.083211 0.852284
vt 0.083544 0.848894
vt 0.098023 0.851774
vt 0.083211 0.852284
vt 0.069116 0.852284
vt 0.068782 0.848894
vt 0.083544 0.848894
vt 0.069116 0.852284
vt 0.055292 0.855033
vt 0.054303 0.851774
vt 0.068782 0.848894
vt 0.055292 0.855033
vt 0.04227 0.860427
vt 0.040665 0.857424
vt 0.054303 0.851774
vt 0.04227 0.860427
vt 0.030551 0.868258
vt 0.02839 0.865625
vt 0.040665 0.857424
vt 0.030551 0.868258
vt 0.020584 0.878224
vt 0.017952 0.876064
vt 0.02839 0.865625
vt 0.020584 0.878224
vt 0.012754 0.889944
vt 0.00975 0.888338
vt 0.017952 0.876064
vt 0.012754 0.889944
vt 0.00736 0.902965
vt 0.004101 0.901977
vt 0.00975 0.888338
vt 0.00736 0.902965
vt 0.00461 0.916789
vt 0.001221 0.916456
vt 0.004101 0.901977
vt 0.00461 0.916789
vt 0.00461 0.930884
vt 0.001221 0.931218
vt 0.001221 0.916456
vt 0.00461 0.930884
vt 0.00736 0.944708
vt 0.004101 0.945697
vt 0.001221 0.931218
vt 0.00736 0.944708
vt 0.012754 0.95773
vt 0.00975 0.959335
vt 0.004101 0.945697
vt 0.012754 0.95773
vt 0.020584 0.969449
vt 0.017952 0.97161
vt 0.00975 0.959335
vt 0.020584 0.969449
vt 0.030551 0.979416
vt 0.02839 0.982048
vt 0.017952 0.97161
vt 0.030551 0.979416
vt 0.04227 0.987246
vt 0.040665 0.99025
vt 0.02839 0.982048
vt 0.04227 0.987246
vt 0.055292 0.99264
vt 0.054303 0.995899
vt 0.040665 0.99025
vt 0.055292 0.99264
vt 0.069116 0.99539
vt 0.068782 0.998779
vt 0.054303 0.995899
vt 0.069116 0.99539
vt 0.083211 0.99539
vt 0.083544 0.998779
vt 0.068782 0.998779
vt 0.252708 0.140199
vt 0.26747 0.140199
vt 0.267619 0.142334
vt 0.25256 0.142334
vt 0.26747 0.140199
vt 0.281949 0.138128
vt 0.282388 0.140222
vt 0.267619 0.142334
vt 0.281949 0.138128
vt 0.295588 0.134066
vt 0.296301 0.136078
vt 0.282388 0.140222
vt 0.697461 0.091279
vt 0.71194 0.093324
vt 0.711791 0.095459
vt 0.697021 0.093373
vt 0.71194 0.093324
vt 0.726702 0.093324
vt 0.72685 0.095459
vt 0.711791 0.095459
vt 0.726702 0.093324
vt 0.741181 0.091279
vt 0.74162 0.093373
vt 0.72685 0.095459
vt 0.419141 0.07956
vt 0.433619 0.081605
vt 0.433471 0.08374
vt 0.418701 0.081654
vt 0.433619 0.081605
vt 0.448382 0.081605
vt 0.44853 0.08374
vt 0.433471 0.08374
vt 0.448382 0.081605
vt 0.46286 0.07956
vt 0.4633 0.081654
vt 0.44853 0.08374
vt 0.048047 0.085419
vt 0.062526 0.087464
vt 0.062377 0.0896
vt 0.047607 0.087514
vt 0.062526 0.087464
vt 0.077288 0.087464
vt 0.077436 0.0896
vt 0.062377 0.0896
vt 0.077288 0.087464
vt 0.091767 0.085419
vt 0.092206 0.087514
vt 0.077436 0.0896
vt 0.465527 0.07956
vt 0.480006 0.081605
vt 0.479858 0.08374
vt 0.465088 0.081654
vt 0.480006 0.081605
vt 0.494768 0.081605
vt 0.494917 0.08374
vt 0.479858 0.08374
vt 0.494768 0.081605
vt 0.509247 0.07956
vt 0.509687 0.081654
vt 0.494917 0.08374
vt 0.743848 0.067841
vt 0.758326 0.069886
vt 0.758178 0.072021
vt 0.743408 0.069936
vt 0.758326 0.069886
vt 0.773089 0.069886
vt 0.773237 0.072021
vt 0.758178 0.072021
vt 0.773089 0.069886
vt 0.787567 0.067841
vt 0.788007 0.069936
vt 0.773237 0.072021
vt 0.00166 0.097138
vt 0.016139 0.099183
vt 0.01599 0.101318
vt 0.001221 0.099233
vt 0.016139 0.099183
vt 0.030901 0.099183
vt 0.03105 0.101318
vt 0.01599 0.101318
vt 0.030901 0.099183
vt 0.04538 0.097138
vt 0.045819 0.099233
vt 0.03105 0.101318
vt 0.836621 0.097138
vt 0.8511 0.099183
vt 0.850951 0.101318
vt 0.836182 0.099233
vt 0.8511 0.099183
vt 0.865862 0.099183
vt 0.866011 0.101318
vt 0.850951 0.101318
vt 0.865862 0.099183
vt 0.880341 0.097138
vt 0.88078 0.099233
vt 0.866011 0.101318
vt 0.00166 0.073701
vt 0.016139 0.075745
vt 0.01599 0.077881
vt 0.001221 0.075795
vt 0.016139 0.075745
vt 0.030901 0.075745
vt 0.03105 0.077881
vt 0.01599 0.077881
vt 0.030901 0.075745
vt 0.04538 0.073701
vt 0.045819 0.075795
vt 0.03105 0.077881
vt 0.651074 0.085419
vt 0.665553 0.087464
vt 0.665405 0.0896
vt 0.650635 0.087514
vt 0.665553 0.087464
vt 0.680315 0.087464
vt 0.680464 0.0896
vt 0.665405 0.0896
vt 0.680315 0.087464
vt 0.694794 0.085419
vt 0.695233 0.087514
vt 0.680464 0.0896
vt 0.22459 0.134066
vt 0.238229 0.138128
vt 0.23779 0.140222
vt 0.223877 0.136078
vt 0.238229 0.138128
vt 0.252708 0.140199
vt 0.25256 0.142334
vt 0.23779 0.140222
vt 0.655151 0.154517
vt 0.67021 0.154517
vt 0.67021 0.162842
vt 0.655151 0.162842
vt 0.67021 0.154517
vt 0.68498 0.154517
vt 0.68498 0.162842
vt 0.67021 0.162842
vt 0.38208 0.144263
vt 0.397067 0.144263
vt 0.397067 0.152588
vt 0.38208 0.152588
vt 0.397067 0.144263
vt 0.412053 0.144263
vt 0.412053 0.152588
vt 0.397067 0.152588
vt 0.923584 0.154517
vt 0.938571 0.154517
vt 0.938571 0.162842
vt 0.923584 0.162842
vt 0.938571 0.154517
vt 0.953557 0.154517
vt 0.953557 0.162842
vt 0.938571 0.162842
vt 0.001221 0.144263
vt 0.016207 0.144263
vt 0.016207 0.152588
vt 0.001221 0.152588
vt 0.016207 0.144263
vt 0.031194 0.144263
vt 0.031194 0.152588
vt 0.016207 0.152588
vt 0.032959 0.144263
vt 0.047946 0.144263
vt 0.047946 0.152588
vt 0.032959 0.152588
vt 0.047946 0.144263
vt 0.062932 0.144263
vt 0.062932 0.152588
vt 0.047946 0.152588
vt 0.064697 0.144263
vt 0.079684 0.144263
vt 0.079684 0.152588
vt 0.064697 0.152588
vt 0.079684 0.144263
vt 0.09467 0.144263
vt 0.09467 0.152588
vt 0.079684 0.152588
vt 0.096436 0.144263
vt 0.111422 0.144263
vt 0.111422 0.152588
vt 0.096436 0.152588
vt 0.111422 0.144263
vt 0.126409 0.144263
vt 0.126409 0.152588
vt 0.111422 0.152588
vt 0.128174 0.144263
vt 0.14316 0.144263
vt 0.14316 0.152588
vt 0.128174 0.152588
vt 0.14316 0.144263
vt 0.158147 0.144263
vt 0.158147 0.152588
vt 0.14316 0.152588
vt 0.159912 0.144263
vt 0.174899 0.144263
vt 0.174899 0.152588
vt 0.159912 0.152588
vt 0.174899 0.144263
vt 0.189885 0.144263
vt 0.189885 0.152588
vt 0.174899 0.152588
vt 0.445557 0.144263
vt 0.460543 0.144263
vt 0.460543 0.152588
vt 0.445557 0.152588
vt 0.460543 0.144263
vt 0.47553 0.144263
vt 0.47553 0.152588
vt 0.460543 0.152588
vt 0.860107 0.154517
vt 0.875094 0.154517
vt 0.875094 0.162842
vt 0.860107 0.162842
vt 0.875094 0.154517
vt 0.890081 0.154517
vt 0.890081 0.162842
vt 0.875094 0.162842
vt 0.477295 0.144263
vt 0.492282 0.144263
vt 0.492282 0.152588
vt 0.477295 0.152588
vt 0.492282 0.144263
vt 0.507268 0.144263
vt 0.507268 0.152588
vt 0.492282 0.152588
vt 0.796631 0.154517
vt 0.811617 0.154517
vt 0.811617 0.162842
vt 0.796631 0.162842
vt 0.811617 0.154517
vt 0.826604 0.154517
vt 0.826604 0.162842
vt 0.811617 0.162842
vt 0.57251 0.144263
vt 0.587496 0.144263
vt 0.587496 0.152588
vt 0.57251 0.152588
vt 0.587496 0.144263
vt 0.602483 0.144263
vt 0.602483 0.152588
vt 0.587496 0.152588
vt 0.733154 0.154517
vt 0.748141 0.154517
vt 0.748141 0.162842
vt 0.733154 0.162842
vt 0.748141 0.154517
vt 0.763128 0.154517
vt 0.763128 0.162842
vt 0.748141 0.162842
vt 0.635986 0.144263
vt 0.651045 0.144263
vt 0.651045 0.152588
vt 0.635986 0.152588
vt 0.640381 0.154517
vt 0.655151 0.154517
vt 0.655151 0.162842
vt 0.640381 0.162842
vt 0.84631 0.14432
vt 0.861369 0.14432
vt 0.86122 0.146455
vt 0.846458 0.146455
vt 0.861369 0.14432
vt 0.876138 0.146432
vt 0.875699 0.148526
vt 0.86122 0.146455
vt 0.876138 0.146432
vt 0.890051 0.150576
vt 0.889338 0.152588
vt 0.875699 0.148526
vt 0.836182 0.081646
vt 0.850951 0.07956
vt 0.8511 0.081696
vt 0.836621 0.08374
vt 0.850951 0.07956
vt 0.866011 0.07956
vt 0.865862 0.081696
vt 0.8511 0.081696
vt 0.866011 0.07956
vt 0.88078 0.081646
vt 0.880341 0.08374
vt 0.865862 0.081696
vt 0.047607 0.069927
vt 0.062377 0.067841
vt 0.062526 0.069977
vt 0.048047 0.072021
vt 0.062377 0.067841
vt 0.077436 0.067841
vt 0.077288 0.069977
vt 0.062526 0.069977
vt 0.077436 0.067841
vt 0.092206 0.069927
vt 0.091767 0.072021
vt 0.077288 0.069977
vt 0.650635 0.093365
vt 0.665405 0.091279
vt 0.665553 0.093414
vt 0.651074 0.095459
vt 0.665405 0.091279
vt 0.680464 0.091279
vt 0.680315 0.093414
vt 0.665553 0.093414
vt 0.680464 0.091279
vt 0.695233 0.093365
vt 0.694794 0.095459
vt 0.680315 0.093414
vt 0.789795 0.093365
vt 0.804565 0.091279
vt 0.804713 0.093414
vt 0.790234 0.095459
vt 0.804565 0.091279
vt 0.819624 0.091279
vt 0.819475 0.093414
vt 0.804713 0.093414
vt 0.819624 0.091279
vt 0.834394 0.093365
vt 0.833954 0.095459
vt 0.819475 0.093414
vt 0.604248 0.069927
vt 0.619018 0.067841
vt 0.619166 0.069977
vt 0.604687 0.072021
vt 0.619018 0.067841
vt 0.634077 0.067841
vt 0.633929 0.069977
vt 0.619166 0.069977
vt 0.634077 0.067841
vt 0.648847 0.069927
vt 0.648407 0.072021
vt 0.633929 0.069977
vt 0.093994 0.099224
vt 0.108764 0.097138
vt 0.108912 0.099274
vt 0.094434 0.101318
vt 0.108764 0.097138
vt 0.123823 0.097138
vt 0.123675 0.099274
vt 0.108912 0.099274
vt 0.123823 0.097138
vt 0.138593 0.099224
vt 0.138153 0.101318
vt 0.123675 0.099274
vt 0.882568 0.099224
vt 0.897338 0.097138
vt 0.897486 0.099274
vt 0.883008 0.101318
vt 0.897338 0.097138
vt 0.912397 0.097138
vt 0.912249 0.099274
vt 0.897486 0.099274
vt 0.912397 0.097138
vt 0.927167 0.099224
vt 0.926728 0.101318
vt 0.912249 0.099274
vt 0.047607 0.075786
vt 0.062377 0.073701
vt 0.062526 0.075836
vt 0.048047 0.077881
vt 0.062377 0.073701
vt 0.077436 0.073701
vt 0.077288 0.075836
vt 0.062526 0.075836
vt 0.077436 0.073701
vt 0.092206 0.075786
vt 0.091767 0.077881
vt 0.077288 0.075836
vt 0.697021 0.069927
vt 0.711791 0.067841
vt 0.71194 0.069977
vt 0.697461 0.072021
vt 0.711791 0.067841
vt 0.72685 0.067841
vt 0.726702 0.069977
vt 0.71194 0.069977
vt 0.72685 0.067841
vt 0.74162 0.069927
vt 0.741181 0.072021
vt 0.726702 0.069977
vt 0.817627 0.150576
vt 0.83154 0.146432
vt 0.831979 0.148526
vt 0.81834 0.152588
vt 0.83154 0.146432
vt 0.84631 0.14432
vt 0.846458 0.146455
vt 0.831979 0.148526
vt 0.234912 0.848894
vt 0.24939 0.851774
vt 0.248402 0.855033
vt 0.234578 0.852284
vt 0.24939 0.851774
vt 0.263029 0.857424
vt 0.261424 0.860427
vt 0.248402 0.855033
vt 0.263029 0.857424
vt 0.275304 0.865625
vt 0.273143 0.868258
vt 0.261424 0.860427
vt 0.275304 0.865625
vt 0.285742 0.876064
vt 0.283109 0.878224
vt 0.273143 0.868258
vt 0.285742 0.876064
vt 0.293944 0.888338
vt 0.29094 0.889944
vt 0.283109 0.878224
vt 0.293944 0.888338
vt 0.299593 0.901977
vt 0.296334 0.902965
vt 0.29094 0.889944
vt 0.299593 0.901977
vt 0.302473 0.916456
vt 0.299084 0.916789
vt 0.296334 0.902965
vt 0.302473 0.916456
vt 0.302473 0.931218
vt 0.299084 0.930884
vt 0.299084 0.916789
vt 0.302473 0.931218
vt 0.299593 0.945697
vt 0.296334 0.944708
vt 0.299084 0.930884
vt 0.299593 0.945697
vt 0.293944 0.959335
vt 0.29094 0.95773
vt 0.296334 0.944708
vt 0.293944 0.959335
vt 0.285742 0.97161
vt 0.283109 0.969449
vt 0.29094 0.95773
vt 0.285742 0.97161
vt 0.275304 0.982048
vt 0.273143 0.979416
vt 0.283109 0.969449
vt 0.275304 0.982048
vt 0.263029 0.99025
vt 0.261424 0.987246
vt 0.273143 0.979416
vt 0.263029 0.99025
vt 0.24939 0.995899
vt 0.248402 0.99264
vt 0.261424 0.987246
vt 0.24939 0.995899
vt 0.234912 0.998779
vt 0.234578 0.99539
vt 0.248402 0.99264
vt 0.234912 0.998779
vt 0.220149 0.998779
vt 0.220483 0.99539
vt 0.234578 0.99539
vt 0.220149 0.998779
vt 0.205671 0.995899
vt 0.206659 0.99264
vt 0.220483 0.99539
vt 0.205671 0.995899
vt 0.192032 0.99025
vt 0.193637 0.987246
vt 0.206659 0.99264
vt 0.192032 0.99025
vt 0.179757 0.982048
vt 0.181918 0.979416
vt 0.193637 0.987246
vt 0.179757 0.982048
vt 0.169319 0.97161
vt 0.171951 0.969449
vt 0.181918 0.979416
vt 0.169319 0.97161
vt 0.161117 0.959335
vt 0.164121 0.95773
vt 0.171951 0.969449
vt 0.161117 0.959335
vt 0.155468 0.945697
vt 0.158727 0.944708
vt 0.164121 0.95773
vt 0.155468 0.945697
vt 0.152588 0.931218
vt 0.155977 0.930884
vt 0.158727 0.944708
vt 0.152588 0.931218
vt 0.152588 0.916456
vt 0.155977 0.916789
vt 0.155977 0.930884
vt 0.152588 0.916456
vt 0.155468 0.901977
vt 0.158727 0.902965
vt 0.155977 0.916789
vt 0.155468 0.901977
vt 0.161117 0.888338
vt 0.164121 0.889944
vt 0.158727 0.902965
vt 0.161117 0.888338
vt 0.169319 0.876064
vt 0.171951 0.878224
vt 0.164121 0.889944
vt 0.169319 0.876064
vt 0.179757 0.865625
vt 0.181918 0.868258
vt 0.171951 0.878224
vt 0.179757 0.865625
vt 0.192032 0.857424
vt 0.193637 0.860427
vt 0.181918 0.868258
vt 0.192032 0.857424
vt 0.205671 0.851774
vt 0.206659 0.855033
vt 0.193637 0.860427
vt 0.205671 0.851774
vt 0.220149 0.848894
vt 0.220483 0.852284
vt 0.206659 0.855033
vt 0.220149 0.848894
vt 0.234912 0.848894
vt 0.234578 0.852284
vt 0.220483 0.852284
vt 0.385945 0.99539
vt 0.399769 0.99264
vt 0.400758 0.995899
vt 0.386279 0.998779
vt 0.399769 0.99264
vt 0.412791 0.987246
vt 0.414396 0.99025
vt 0.400758 0.995899
vt 0.412791 0.987246
vt 0.42451 0.979416
vt 0.426671 0.982048
vt 0.414396 0.99025
vt 0.42451 0.979416
vt 0.434477 0.969449
vt 0.437109 0.97161
vt 0.426671 0.982048
vt 0.434477 0.969449
vt 0.442307 0.95773
vt 0.445311 0.959335
vt 0.437109 0.97161
vt 0.442307 0.95773
vt 0.447701 0.944708
vt 0.45096 0.945697
vt 0.445311 0.959335
vt 0.447701 0.944708
vt 0.450451 0.930884
vt 0.45384 0.931218
vt 0.45096 0.945697
vt 0.450451 0.930884
vt 0.450451 0.916789
vt 0.45384 0.916456
vt 0.45384 0.931218
vt 0.450451 0.916789
vt 0.447701 0.902965
vt 0.45096 0.901977
vt 0.45384 0.916456
vt 0.447701 0.902965
vt 0.442307 0.889944
vt 0.445311 0.888338
vt 0.45096 0.901977
vt 0.442307 0.889944
vt 0.434477 0.878224
vt 0.437109 0.876064
vt 0.445311 0.888338
vt 0.434477 0.878224
vt 0.42451 0.868258
vt 0.426671 0.865625
vt 0.437109 0.876064
vt 0.42451 0.868258
vt 0.412791 0.860427
vt 0.414396 0.857424
vt 0.426671 0.865625
vt 0.412791 0.860427
vt 0.399769 0.855033
vt 0.400758 0.851774
vt 0.414396 0.857424
vt 0.399769 0.855033
vt 0.385945 0.852284
vt 0.386279 0.848894
vt 0.400758 0.851774
vt 0.385945 0.852284
vt 0.37185 0.852284
vt 0.371516 0.848894
vt 0.386279 0.848894
vt 0.37185 0.852284
vt 0.358026 0.855033
vt 0.357038 0.851774
vt 0.371516 0.848894
vt 0.358026 0.855033
vt 0.345004 0.860427
vt 0.343399 0.857424
vt 0.357038 0.851774
vt 0.345004 0.860427
vt 0.333285 0.868258
vt 0.331125 0.865625
vt 0.343399 0.857424
vt 0.333285 0.868258
vt 0.323319 0.878224
vt 0.320686 0.876064
vt 0.331125 0.865625
vt 0.323319 0.878224
vt 0.315488 0.889944
vt 0.312484 0.888338
vt 0.320686 0.876064
vt 0.315488 0.889944
vt 0.310094 0.902965
vt 0.306835 0.901977
vt 0.312484 0.888338
vt 0.310094 0.902965
vt 0.307344 0.916789
vt 0.303955 0.916456
vt 0.306835 0.901977
vt 0.307344 0.916789
vt 0.307344 0.930884
vt 0.303955 0.931218
vt 0.303955 0.916456
vt 0.307344 0.930884
vt 0.310094 0.944708
vt 0.306835 0.945697
vt 0.303955 0.931218
vt 0.310094 0.944708
vt 0.315488 0.95773
vt 0.312484 0.959335
vt 0.306835 0.945697
vt 0.315488 0.95773
vt 0.323319 0.969449
vt 0.320686 0.97161
vt 0.312484 0.959335
vt 0.323319 0.969449
vt 0.333285 0.979416
vt 0.331125 0.982048
vt 0.320686 0.97161
vt 0.333285 0.979416
vt 0.345004 0.987246
vt 0.343399 0.99025
vt 0.331125 0.982048
vt 0.345004 0.987246
vt 0.358026 0.99264
vt 0.357038 0.995899
vt 0.343399 0.99025
vt 0.358026 0.99264
vt 0.37185 0.99539
vt 0.371516 0.998779
vt 0.357038 0.995899
vt 0.37185 0.99539
vt 0.385945 0.99539
vt 0.386279 0.998779
vt 0.371516 0.998779
vt 0.846458 0.140199
vt 0.86122 0.140199
vt 0.861369 0.142334
vt 0.84631 0.142334
vt 0.86122 0.140199
vt 0.875699 0.138128
vt 0.876138 0.140222
vt 0.861369 0.142334
vt 0.875699 0.138128
vt 0.889338 0.134066
vt 0.890051 0.136078
vt 0.876138 0.140222
vt 0.883008 0.07956
vt 0.897486 0.081605
vt 0.897338 0.08374
vt 0.882568 0.081654
vt 0.897486 0.081605
vt 0.912249 0.081605
vt 0.912397 0.08374
vt 0.897338 0.08374
vt 0.912249 0.081605
vt 0.926728 0.07956
vt 0.927167 0.081654
vt 0.912397 0.08374
vt 0.094434 0.067841
vt 0.108912 0.069886
vt 0.108764 0.072021
vt 0.093994 0.069936
vt 0.108912 0.069886
vt 0.123675 0.069886
vt 0.123823 0.072021
vt 0.108764 0.072021
vt 0.123675 0.069886
vt 0.138153 0.067841
vt 0.138593 0.069936
vt 0.123823 0.072021
vt 0.929394 0.07956
vt 0.943873 0.081605
vt 0.943725 0.08374
vt 0.928955 0.081654
vt 0.943873 0.081605
vt 0.958636 0.081605
vt 0.958784 0.08374
vt 0.943725 0.08374
vt 0.958636 0.081605
vt 0.973114 0.07956
vt 0.973554 0.081654
vt 0.958784 0.08374
vt 0.836621 0.091279
vt 0.8511 0.093324
vt 0.850951 0.095459
vt 0.836182 0.093373
vt 0.8511 0.093324
vt 0.865862 0.093324
vt 0.866011 0.095459
vt 0.850951 0.095459
vt 0.865862 0.093324
vt 0.880341 0.091279
vt 0.88078 0.093373
vt 0.866011 0.095459
vt 0.651074 0.067841
vt 0.665553 0.069886
vt 0.665405 0.072021
vt 0.650635 0.069936
vt 0.665553 0.069886
vt 0.680315 0.069886
vt 0.680464 0.072021
vt 0.665405 0.072021
vt 0.680315 0.069886
vt 0.694794 0.067841
vt 0.695233 0.069936
vt 0.680464 0.072021
vt 0.852734 0.102998
vt 0.867213 0.105042
vt 0.867065 0.107178
vt 0.852295 0.105092
vt 0.867213 0.105042
vt 0.881975 0.105042
vt 0.882124 0.107178
vt 0.867065 0.107178
vt 0.881975 0.105042
vt 0.896454 0.102998
vt 0.896894 0.105092
vt 0.882124 0.107178
vt 0.929394 0.097138
vt 0.943873 0.099183
vt 0.943725 0.101318
vt 0.928955 0.099233
vt 0.943873 0.099183
vt 0.958636 0.099183
vt 0.958784 0.101318
vt 0.943725 0.101318
vt 0.958636 0.099183
vt 0.973114 0.097138
vt 0.973554 0.099233
vt 0.958784 0.101318
vt 0.094434 0.073701
vt 0.108912 0.075745
vt 0.108764 0.077881
vt 0.093994 0.075795
vt 0.108912 0.075745
vt 0.123675 0.075745
vt 0.123823 0.077881
vt 0.108764 0.077881
vt 0.123675 0.075745
vt 0.138153 0.073701
vt 0.138593 0.075795
vt 0.123823 0.077881
vt 0.743848 0.091279
vt 0.758326 0.093324
vt 0.758178 0.095459
vt 0.743408 0.093373
vt 0.758326 0.093324
vt 0.773089 0.093324
vt 0.773237 0.095459
vt 0.758178 0.095459
vt 0.773089 0.093324
vt 0.787567 0.091279
vt 0.788007 0.093373
vt 0.773237 0.095459
vt 0.81834 0.134066
vt 0.831979 0.138128
vt 0.83154 0.140222
vt 0.817627 0.136078
vt 0.831979 0.138128
vt 0.846458 0.140199
vt 0.84631 0.142334
vt 0.83154 0.140222
vt 0.701537 0.154517
vt 0.716596 0.154517
vt 0.716596 0.162842
vt 0.701537 0.162842
vt 0.716596 0.154517
vt 0.731366 0.154517
vt 0.731366 0.162842
vt 0.716596 0.162842
vt 0.413818 0.144263
vt 0.428805 0.144263
vt 0.428805 0.152588
vt 0.413818 0.152588
vt 0.428805 0.144263
vt 0.443792 0.144263
vt 0.443792 0.152588
vt 0.428805 0.152588
vt 0.955322 0.154517
vt 0.970309 0.154517
vt 0.970309 0.162842
vt 0.955322 0.162842
vt 0.970309 0.154517
vt 0.985295 0.154517
vt 0.985295 0.162842
vt 0.970309 0.162842
vt 0.19165 0.144263
vt 0.206637 0.144263
vt 0.206637 0.152588
vt 0.19165 0.152588
vt 0.206637 0.144263
vt 0.221624 0.144263
vt 0.221624 0.152588
vt 0.206637 0.152588
vt 0.223389 0.144263
vt 0.238375 0.144263
vt 0.238375 0.152588
vt 0.223389 0.152588
vt 0.238375 0.144263
vt 0.253362 0.144263
vt 0.253362 0.152588
vt 0.238375 0.152588
vt 0.255127 0.144263
vt 0.270114 0.144263
vt 0.270114 0.152588
vt 0.255127 0.152588
vt 0.270114 0.144263
vt 0.2851 0.144263
vt 0.2851 0.152588
vt 0.270114 0.152588
vt 0.286865 0.144263
vt 0.301852 0.144263
vt 0.301852 0.152588
vt 0.286865 0.152588
vt 0.301852 0.144263
vt 0.316838 0.144263
vt 0.316838 0.152588
vt 0.301852 0.152588
vt 0.318604 0.144263
vt 0.33359 0.144263
vt 0.33359 0.152588
vt 0.318604 0.152588
vt 0.33359 0.144263
vt 0.348577 0.144263
vt 0.348577 0.152588
vt 0.33359 0.152588
vt 0.350342 0.144263
vt 0.365328 0.144263
vt 0.365328 0.152588
vt 0.350342 0.152588
vt 0.365328 0.144263
vt 0.380315 0.144263
vt 0.380315 0.152588
vt 0.365328 0.152588
vt 0.509033 0.144263
vt 0.52402 0.144263
vt 0.52402 0.152588
vt 0.509033 0.152588
vt 0.52402 0.144263
vt 0.539006 0.144263
vt 0.539006 0.152588
vt 0.52402 0.152588
vt 0.891846 0.154517
vt 0.906832 0.154517
vt 0.906832 0.162842
vt 0.891846 0.162842
vt 0.906832 0.154517
vt 0.921819 0.154517
vt 0.921819 0.162842
vt 0.906832 0.162842
vt 0.540771 0.144263
vt 0.555758 0.144263
vt 0.555758 0.152588
vt 0.540771 0.152588
vt 0.555758 0.144263
vt 0.570745 0.144263
vt 0.570745 0.152588
vt 0.555758 0.152588
vt 0.828369 0.154517
vt 0.843356 0.154517
vt 0.843356 0.162842
vt 0.828369 0.162842
vt 0.843356 0.154517
vt 0.858342 0.154517
vt 0.858342 0.162842
vt 0.843356 0.162842
vt 0.604248 0.144263
vt 0.619235 0.144263
vt 0.619235 0.152588
vt 0.604248 0.152588
vt 0.619235 0.144263
vt 0.634221 0.144263
vt 0.634221 0.152588
vt 0.619235 0.152588
vt 0.764893 0.154517
vt 0.779879 0.154517
vt 0.779879 0.162842
vt 0.764893 0.162842
vt 0.779879 0.154517
vt 0.794866 0.154517
vt 0.794866 0.162842
vt 0.779879 0.162842
vt 0.652588 0.144263
vt 0.667647 0.144263
vt 0.667647 0.152588
vt 0.652588 0.152588
vt 0.686768 0.154517
vt 0.701537 0.154517
vt 0.701537 0.162842
vt 0.686768 0.162842
vt 0.326778 0.134066
vt 0.341837 0.134066
vt 0.341689 0.136201
vt 0.326927 0.136201
vt 0.341837 0.134066
vt 0.356607 0.136178
vt 0.356168 0.138272
vt 0.341689 0.136201
vt 0.356607 0.136178
vt 0.37052 0.140322
vt 0.369806 0.142334
vt 0.356168 0.138272
vt 0.697021 0.087505
vt 0.711791 0.085419
vt 0.71194 0.087555
vt 0.697461 0.0896
vt 0.711791 0.085419
vt 0.72685 0.085419
vt 0.726702 0.087555
vt 0.71194 0.087555
vt 0.72685 0.085419
vt 0.74162 0.087505
vt 0.741181 0.0896
vt 0.726702 0.087555
vt 0.511475 0.081646
vt 0.526244 0.07956
vt 0.526393 0.081696
vt 0.511914 0.08374
vt 0.526244 0.07956
vt 0.541304 0.07956
vt 0.541155 0.081696
vt 0.526393 0.081696
vt 0.541304 0.07956
vt 0.556073 0.081646
vt 0.555634 0.08374
vt 0.541155 0.081696
vt 0.418701 0.087505
vt 0.433471 0.085419
vt 0.433619 0.087555
vt 0.419141 0.0896
vt 0.433471 0.085419
vt 0.44853 0.085419
vt 0.448382 0.087555
vt 0.433619 0.087555
vt 0.44853 0.085419
vt 0.4633 0.087505
vt 0.46286 0.0896
vt 0.448382 0.087555
vt 0.557861 0.081646
vt 0.572631 0.07956
vt 0.572779 0.081696
vt 0.558301 0.08374
vt 0.572631 0.07956
vt 0.58769 0.07956
vt 0.587542 0.081696
vt 0.572779 0.081696
vt 0.58769 0.07956
vt 0.60246 0.081646
vt 0.602021 0.08374
vt 0.587542 0.081696
vt 0.789795 0.069927
vt 0.804565 0.067841
vt 0.804713 0.069977
vt 0.790234 0.072021
vt 0.804565 0.067841
vt 0.819624 0.067841
vt 0.819475 0.069977
vt 0.804713 0.069977
vt 0.819624 0.067841
vt 0.834394 0.069927
vt 0.833954 0.072021
vt 0.819475 0.069977
vt 0.233154 0.093365
vt 0.247924 0.091279
vt 0.248072 0.093414
vt 0.233594 0.095459
vt 0.247924 0.091279
vt 0.262983 0.091279
vt 0.262835 0.093414
vt 0.248072 0.093414
vt 0.262983 0.091279
vt 0.277753 0.093365
vt 0.277314 0.095459
vt 0.262835 0.093414
vt 0.001221 0.093365
vt 0.01599 0.091279
vt 0.016139 0.093414
vt 0.00166 0.095459
vt 0.01599 0.091279
vt 0.03105 0.091279
vt 0.030901 0.093414
vt 0.016139 0.093414
vt 0.03105 0.091279
vt 0.045819 0.093365
vt 0.04538 0.095459
vt 0.030901 0.093414
vt 0.140381 0.075786
vt 0.155151 0.073701
vt 0.155299 0.075836
vt 0.14082 0.077881
vt 0.155151 0.073701
vt 0.17021 0.073701
vt 0.170061 0.075836
vt 0.155299 0.075836
vt 0.17021 0.073701
vt 0.18498 0.075786
vt 0.18454 0.077881
vt 0.170061 0.075836
vt 0.604248 0.087505
vt 0.619018 0.085419
vt 0.619166 0.087555
vt 0.604687 0.0896
vt 0.619018 0.085419
vt 0.634077 0.085419
vt 0.633929 0.087555
vt 0.619166 0.087555
vt 0.634077 0.085419
vt 0.648847 0.087505
vt 0.648407 0.0896
vt 0.633929 0.087555
vt 0.298096 0.140322
vt 0.312009 0.136178
vt 0.312448 0.138272
vt 0.298809 0.142334
vt 0.312009 0.136178
vt 0.326778 0.134066
vt 0.326927 0.136201
vt 0.312448 0.138272
vt 0.537646 0.848894
vt 0.552125 0.851774
vt 0.551136 0.855033
vt 0.537312 0.852284
vt 0.552125 0.851774
vt 0.565763 0.857424
vt 0.564158 0.860427
vt 0.551136 0.855033
vt 0.565763 0.857424
vt 0.578038 0.865625
vt 0.575877 0.868258
vt 0.564158 0.860427
vt 0.578038 0.865625
vt 0.588477 0.876064
vt 0.585844 0.878224
vt 0.575877 0.868258
vt 0.588477 0.876064
vt 0.596678 0.888338
vt 0.593674 0.889944
vt 0.585844 0.878224
vt 0.596678 0.888338
vt 0.602327 0.901977
vt 0.599068 0.902965
vt 0.593674 0.889944
vt 0.602327 0.901977
vt 0.605207 0.916456
vt 0.601818 0.916789
vt 0.599068 0.902965
vt 0.605207 0.916456
vt 0.605207 0.931218
vt 0.601818 0.930884
vt 0.601818 0.916789
vt 0.605207 0.931218
vt 0.602327 0.945697
vt 0.599068 0.944708
vt 0.601818 0.930884
vt 0.602327 0.945697
vt 0.596678 0.959335
vt 0.593674 0.95773
vt 0.599068 0.944708
vt 0.596678 0.959335
vt 0.588477 0.97161
vt 0.585844 0.969449
vt 0.593674 0.95773
vt 0.588477 0.97161
vt 0.578038 0.982048
vt 0.575877 0.979416
vt 0.585844 0.969449
vt 0.578038 0.982048
vt 0.565763 0.99025
vt 0.564158 0.987246
vt 0.575877 0.979416
vt 0.565763 0.99025
vt 0.552125 0.995899
vt 0.551136 0.99264
vt 0.564158 0.987246
vt 0.552125 0.995899
vt 0.537646 0.998779
vt 0.537312 0.99539
vt 0.551136 0.99264
vt 0.537646 0.998779
vt 0.522884 0.998779
vt 0.523217 0.99539
vt 0.537312 0.99539
vt 0.522884 0.998779
vt 0.508405 0.995899
vt 0.509394 0.99264
vt 0.523217 0.99539
vt 0.508405 0.995899
vt 0.494766 0.99025
vt 0.496372 0.987246
vt 0.509394 0.99264
vt 0.494766 0.99025
vt 0.482492 0.982048
vt 0.484652 0.979416
vt 0.496372 0.987246
vt 0.482492 0.982048
vt 0.472053 0.97161
vt 0.474686 0.969449
vt 0.484652 0.979416
vt 0.472053 0.97161
vt 0.463852 0.959335
vt 0.466855 0.95773
vt 0.474686 0.969449
vt 0.463852 0.959335
vt 0.458202 0.945697
vt 0.461461 0.944708
vt 0.466855 0.95773
vt 0.458202 0.945697
vt 0.455322 0.931218
vt 0.458712 0.930884
vt 0.461461 0.944708
vt 0.455322 0.931218
vt 0.455322 0.916456
vt 0.458712 0.916789
vt 0.458712 0.930884
vt 0.455322 0.916456
vt 0.458202 0.901977
vt 0.461461 0.902965
vt 0.458712 0.916789
vt 0.458202 0.901977
vt 0.463852 0.888338
vt 0.466855 0.889944
vt 0.461461 0.902965
vt 0.463852 0.888338
vt 0.472053 0.876064
vt 0.474686 0.878224
vt 0.466855 0.889944
vt 0.472053 0.876064
vt 0.482492 0.865625
vt 0.484652 0.868258
vt 0.474686 0.878224
vt 0.482492 0.865625
vt 0.494766 0.857424
vt 0.496372 0.860427
vt 0.484652 0.868258
vt 0.494766 0.857424
vt 0.508405 0.851774
vt 0.509394 0.855033
vt 0.496372 0.860427
vt 0.508405 0.851774
vt 0.522884 0.848894
vt 0.523217 0.852284
vt 0.509394 0.855033
vt 0.522884 0.848894
vt 0.537646 0.848894
vt 0.537312 0.852284
vt 0.523217 0.852284
vt 0.688679 0.99539
vt 0.702503 0.99264
vt 0.703492 0.995899
vt 0.689013 0.998779
vt 0.702503 0.99264
vt 0.715525 0.987246
vt 0.717131 0.99025
vt 0.703492 0.995899
vt 0.715525 0.987246
vt 0.727245 0.979416
vt 0.729405 0.982048
vt 0.717131 0.99025
vt 0.727245 0.979416
vt 0.737211 0.969449
vt 0.739844 0.97161
vt 0.729405 0.982048
vt 0.737211 0.969449
vt 0.745042 0.95773
vt 0.748045 0.959335
vt 0.739844 0.97161
vt 0.745042 0.95773
vt 0.750435 0.944708
vt 0.753695 0.945697
vt 0.748045 0.959335
vt 0.750435 0.944708
vt 0.753185 0.930884
vt 0.756575 0.931218
vt 0.753695 0.945697
vt 0.753185 0.930884
vt 0.753185 0.916789
vt 0.756575 0.916456
vt 0.756575 0.931218
vt 0.753185 0.916789
vt 0.750435 0.902965
vt 0.753695 0.901977
vt 0.756575 0.916456
vt 0.750435 0.902965
vt 0.745042 0.889944
vt 0.748045 0.888338
vt 0.753695 0.901977
vt 0.745042 0.889944
vt 0.737211 0.878224
vt 0.739844 0.876064
vt 0.748045 0.888338
vt 0.737211 0.878224
vt 0.727245 0.868258
vt 0.729405 0.865625
vt 0.739844 0.876064
vt 0.727245 0.868258
vt 0.715525 0.860427
vt 0.717131 0.857424
vt 0.729405 0.865625
vt 0.715525 0.860427
vt 0.702503 0.855033
vt 0.703492 0.851774
vt 0.717131 0.857424
vt 0.702503 0.855033
vt 0.688679 0.852284
vt 0.689013 0.848894
vt 0.703492 0.851774
vt 0.688679 0.852284
vt 0.674585 0.852284
vt 0.674251 0.848894
vt 0.689013 0.848894
vt 0.674585 0.852284
vt 0.660761 0.855033
vt 0.659772 0.851774
vt 0.674251 0.848894
vt 0.660761 0.855033
vt 0.647739 0.860427
vt 0.646133 0.857424
vt 0.659772 0.851774
vt 0.647739 0.860427
vt 0.63602 0.868258
vt 0.633859 0.865625
vt 0.646133 0.857424
vt 0.63602 0.868258
vt 0.626053 0.878224
vt 0.62342 0.876064
vt 0.633859 0.865625
vt 0.626053 0.878224
vt 0.618222 0.889944
vt 0.615219 0.888338
vt 0.62342 0.876064
vt 0.618222 0.889944
vt 0.612829 0.902965
vt 0.609569 0.901977
vt 0.615219 0.888338
vt 0.612829 0.902965
vt 0.610079 0.916789
vt 0.606689 0.916456
vt 0.609569 0.901977
vt 0.610079 0.916789
vt 0.610079 0.930884
vt 0.606689 0.931218
vt 0.606689 0.916456
vt 0.610079 0.930884
vt 0.612829 0.944708
vt 0.609569 0.945697
vt 0.606689 0.931218
vt 0.612829 0.944708
vt 0.618222 0.95773
vt 0.615219 0.959335
vt 0.609569 0.945697
vt 0.618222 0.95773
vt 0.626053 0.969449
vt 0.62342 0.97161
vt 0.615219 0.959335
vt 0.626053 0.969449
vt 0.63602 0.979416
vt 0.633859 0.982048
vt 0.62342 0.97161
vt 0.63602 0.979416
vt 0.647739 0.987246
vt 0.646133 0.99025
vt 0.633859 0.982048
vt 0.647739 0.987246
vt 0.660761 0.99264
vt 0.659772 0.995899
vt 0.646133 0.99025
vt 0.660761 0.99264
vt 0.674585 0.99539
vt 0.674251 0.998779
vt 0.659772 0.995899
vt 0.674585 0.99539
vt 0.688679 0.99539
vt 0.689013 0.998779
vt 0.674251 0.998779
vt 0.401145 0.140199
vt 0.415908 0.140199
vt 0.416056 0.142334
vt 0.400997 0.142334
vt 0.415908 0.140199
vt 0.430387 0.138128
vt 0.430826 0.140222
vt 0.416056 0.142334
vt 0.430387 0.138128
vt 0.444025 0.134066
vt 0.444739 0.136078
vt 0.430826 0.140222
vt 0.465527 0.085419
vt 0.480006 0.087464
vt 0.479858 0.0896
vt 0.465088 0.087514
vt 0.480006 0.087464
vt 0.494768 0.087464
vt 0.494917 0.0896
vt 0.479858 0.0896
vt 0.494768 0.087464
vt 0.509247 0.085419
vt 0.509687 0.087514
vt 0.494917 0.0896
vt 0.604687 0.07956
vt 0.619166 0.081605
vt 0.619018 0.08374
vt 0.604248 0.081654
vt 0.619166 0.081605
vt 0.633929 0.081605
vt 0.634077 0.08374
vt 0.619018 0.08374
vt 0.633929 0.081605
vt 0.648407 0.07956
vt 0.648847 0.081654
vt 0.634077 0.08374
vt 0.094434 0.085419
vt 0.108912 0.087464
vt 0.108764 0.0896
vt 0.093994 0.087514
vt 0.108912 0.087464
vt 0.123675 0.087464
vt 0.123823 0.0896
vt 0.108764 0.0896
vt 0.123675 0.087464
vt 0.138153 0.085419
vt 0.138593 0.087514
vt 0.123823 0.0896
vt 0.372754 0.067841
vt 0.387233 0.069886
vt 0.387084 0.072021
vt 0.372314 0.069936
vt 0.387233 0.069886
vt 0.401995 0.069886
vt 0.402143 0.072021
vt 0.387084 0.072021
vt 0.401995 0.069886
vt 0.416474 0.067841
vt 0.416913 0.069936
vt 0.402143 0.072021
vt 0.187207 0.073701
vt 0.201686 0.075745
vt 0.201537 0.077881
vt 0.186768 0.075795
vt 0.201686 0.075745
vt 0.216448 0.075745
vt 0.216596 0.077881
vt 0.201537 0.077881
vt 0.216448 0.075745
vt 0.230927 0.073701
vt 0.231366 0.075795
vt 0.216596 0.077881
vt 0.465527 0.091279
vt 0.480006 0.093324
vt 0.479858 0.095459
vt 0.465088 0.093373
vt 0.480006 0.093324
vt 0.494768 0.093324
vt 0.494917 0.095459
vt 0.479858 0.095459
vt 0.494768 0.093324
vt 0.509247 0.091279
vt 0.509687 0.093373
vt 0.494917 0.095459
vt 0.558301 0.067841
vt 0.572779 0.069886
vt 0.572631 0.072021
vt 0.557861 0.069936
vt 0.572779 0.069886
vt 0.587542 0.069886
vt 0.58769 0.072021
vt 0.572631 0.072021
vt 0.587542 0.069886
vt 0.602021 0.067841
vt 0.60246 0.069936
vt 0.58769 0.072021
vt 0.233594 0.073701
vt 0.248072 0.075745
vt 0.247924 0.077881
vt 0.233154 0.075795
vt 0.248072 0.075745
vt 0.262835 0.075745
vt 0.262983 0.077881
vt 0.247924 0.077881
vt 0.262835 0.075745
vt 0.277314 0.073701
vt 0.277753 0.075795
vt 0.262983 0.077881
vt 0.14082 0.067841
vt 0.155299 0.069886
vt 0.155151 0.072021
vt 0.140381 0.069936
vt 0.155299 0.069886
vt 0.170061 0.069886
vt 0.17021 0.072021
vt 0.155151 0.072021
vt 0.170061 0.069886
vt 0.18454 0.067841
vt 0.18498 0.069936
vt 0.17021 0.072021
vt 0.373028 0.134066
vt 0.386667 0.138128
vt 0.386227 0.140222
vt 0.372314 0.136078
vt 0.386667 0.138128
vt 0.401145 0.140199
vt 0.400997 0.142334
vt 0.386227 0.140222
vt 0.5531 0.185767
vt 0.568159 0.185767
vt 0.568159 0.194092
vt 0.5531 0.194092
vt 0.568159 0.185767
vt 0.582929 0.185767
vt 0.582929 0.194092
vt 0.568159 0.194092
vt 0.635986 0.164771
vt 0.650973 0.164771
vt 0.650973 0.173096
vt 0.635986 0.173096
vt 0.650973 0.164771
vt 0.66596 0.164771
vt 0.66596 0.173096
vt 0.650973 0.173096
vt 0.413818 0.175024
vt 0.428805 0.175024
vt 0.428805 0.18335
vt 0.413818 0.18335
vt 0.428805 0.175024
vt 0.443792 0.175024
vt 0.443792 0.18335
vt 0.428805 0.18335
vt 0.604248 0.175024
vt 0.619235 0.175024
vt 0.619235 0.18335
vt 0.604248 0.18335
vt 0.619235 0.175024
vt 0.634221 0.175024
vt 0.634221 0.18335
vt 0.619235 0.18335
vt 0.635986 0.175024
vt 0.650973 0.175024
vt 0.650973 0.18335
vt 0.635986 0.18335
vt 0.650973 0.175024
vt 0.66596 0.175024
vt 0.66596 0.18335
vt 0.650973 0.18335
vt 0.255127 0.164771
vt 0.270114 0.164771
vt 0.270114 0.173096
vt 0.255127 0.173096
vt 0.270114 0.164771
vt 0.2851 0.164771
vt 0.2851 0.173096
vt 0.270114 0.173096
vt 0.667725 0.175024
vt 0.682711 0.175024
vt 0.682711 0.18335
vt 0.667725 0.18335
vt 0.682711 0.175024
vt 0.697698 0.175024
vt 0.697698 0.18335
vt 0.682711 0.18335
vt 0.699463 0.175024
vt 0.71445 0.175024
vt 0.71445 0.18335
vt 0.699463 0.18335
vt 0.71445 0.175024
vt 0.729436 0.175024
vt 0.729436 0.18335
vt 0.71445 0.18335
vt 0.286865 0.164771
vt 0.301852 0.164771
vt 0.301852 0.173096
vt 0.286865 0.173096
vt 0.301852 0.164771
vt 0.316838 0.164771
vt 0.316838 0.173096
vt 0.301852 0.173096
vt 0.286865 0.154517
vt 0.301852 0.154517
vt 0.301852 0.162842
vt 0.286865 0.162842
vt 0.301852 0.154517
vt 0.316838 0.154517
vt 0.316838 0.162842
vt 0.301852 0.162842
vt 0.81665 0.185767
vt 0.831637 0.185767
vt 0.831637 0.194092
vt 0.81665 0.194092
vt 0.831637 0.185767
vt 0.846624 0.185767
vt 0.846624 0.194092
vt 0.831637 0.194092
vt 0.159912 0.154517
vt 0.174899 0.154517
vt 0.174899 0.162842
vt 0.159912 0.162842
vt 0.174899 0.154517
vt 0.189885 0.154517
vt 0.189885 0.162842
vt 0.174899 0.162842
vt 0.943604 0.185767
vt 0.95859 0.185767
vt 0.95859 0.194092
vt 0.943604 0.194092
vt 0.95859 0.185767
vt 0.973577 0.185767
vt 0.973577 0.194092
vt 0.95859 0.194092
vt 0.350342 0.154517
vt 0.365328 0.154517
vt 0.365328 0.162842
vt 0.350342 0.162842
vt 0.365328 0.154517
vt 0.380315 0.154517
vt 0.380315 0.162842
vt 0.365328 0.162842
vt 0.223389 0.175024
vt 0.238375 0.175024
vt 0.238375 0.18335
vt 0.223389 0.18335
vt 0.238375 0.175024
vt 0.253362 0.175024
vt 0.253362 0.18335
vt 0.238375 0.18335
vt 0.573975 0.154517
vt 0.589034 0.154517
vt 0.589034 0.162842
vt 0.573975 0.162842
vt 0.53833 0.185767
vt 0.5531 0.185767
vt 0.5531 0.194092
vt 0.53833 0.194092
vt 0.029903 0.134066
vt 0.044962 0.134066
vt 0.044814 0.136201
vt 0.030052 0.136201
vt 0.044962 0.134066
vt 0.059732 0.136178
vt 0.059293 0.138272
vt 0.044814 0.136201
vt 0.059732 0.136178
vt 0.073645 0.140322
vt 0.072931 0.142334
vt 0.059293 0.138272
vt 0.650635 0.099224
vt 0.665405 0.097138
vt 0.665553 0.099274
vt 0.651074 0.101318
vt 0.665405 0.097138
vt 0.680464 0.097138
vt 0.680315 0.099274
vt 0.665553 0.099274
vt 0.680464 0.097138
vt 0.695233 0.099224
vt 0.694794 0.101318
vt 0.680315 0.099274
vt 0.743408 0.087505
vt 0.758178 0.085419
vt 0.758326 0.087555
vt 0.743848 0.0896
vt 0.758178 0.085419
vt 0.773237 0.085419
vt 0.773089 0.087555
vt 0.758326 0.087555
vt 0.773237 0.085419
vt 0.788007 0.087505
vt 0.787567 0.0896
vt 0.773089 0.087555
vt 0.325928 0.099224
vt 0.340698 0.097138
vt 0.340846 0.099274
vt 0.326367 0.101318
vt 0.340698 0.097138
vt 0.355757 0.097138
vt 0.355608 0.099274
vt 0.340846 0.099274
vt 0.355757 0.097138
vt 0.370526 0.099224
vt 0.370087 0.101318
vt 0.355608 0.099274
vt 0.001221 0.081646
vt 0.01599 0.07956
vt 0.016139 0.081696
vt 0.00166 0.08374
vt 0.01599 0.07956
vt 0.03105 0.07956
vt 0.030901 0.081696
vt 0.016139 0.081696
vt 0.03105 0.07956
vt 0.045819 0.081646
vt 0.04538 0.08374
vt 0.030901 0.081696
vt 0.882568 0.093365
vt 0.897338 0.091279
vt 0.897486 0.093414
vt 0.883008 0.095459
vt 0.897338 0.091279
vt 0.912397 0.091279
vt 0.912249 0.093414
vt 0.897486 0.093414
vt 0.912397 0.091279
vt 0.927167 0.093365
vt 0.926728 0.095459
vt 0.912249 0.093414
vt 0.047607 0.099224
vt 0.062377 0.097138
vt 0.062526 0.099274
vt 0.048047 0.101318
vt 0.062377 0.097138
vt 0.077436 0.097138
vt 0.077288 0.099274
vt 0.062526 0.099274
vt 0.077436 0.097138
vt 0.092206 0.099224
vt 0.091767 0.101318
vt 0.077288 0.099274
vt 0.047607 0.081646
vt 0.062377 0.07956
vt 0.062526 0.081696
vt 0.048047 0.08374
vt 0.062377 0.07956
vt 0.077436 0.07956
vt 0.077288 0.081696
vt 0.062526 0.081696
vt 0.077436 0.07956
vt 0.092206 0.081646
vt 0.091767 0.08374
vt 0.077288 0.081696
vt 0.743408 0.075786
vt 0.758178 0.073701
vt 0.758326 0.075836
vt 0.743848 0.077881
vt 0.758178 0.073701
vt 0.773237 0.073701
vt 0.773089 0.075836
vt 0.758326 0.075836
vt 0.773237 0.073701
vt 0.788007 0.075786
vt 0.787567 0.077881
vt 0.773089 0.075836
vt 0.140381 0.087505
vt 0.155151 0.085419
vt 0.155299 0.087555
vt 0.14082 0.0896
vt 0.155151 0.085419
vt 0.17021 0.085419
vt 0.170061 0.087555
vt 0.155299 0.087555
vt 0.17021 0.085419
vt 0.18498 0.087505
vt 0.18454 0.0896
vt 0.170061 0.087555
vt 0.001221 0.140322
vt 0.015134 0.136178
vt 0.015573 0.138272
vt 0.001934 0.142334
vt 0.015134 0.136178
vt 0.029903 0.134066
vt 0.030052 0.136201
vt 0.015573 0.138272
vt 0.84038 0.848894
vt 0.854859 0.851774
vt 0.85387 0.855033
vt 0.840047 0.852284
vt 0.854859 0.851774
vt 0.868498 0.857424
vt 0.866892 0.860427
vt 0.85387 0.855033
vt 0.868498 0.857424
vt 0.880772 0.865625
vt 0.878612 0.868258
vt 0.866892 0.860427
vt 0.880772 0.865625
vt 0.891211 0.876064
vt 0.888578 0.878224
vt 0.878612 0.868258
vt 0.891211 0.876064
vt 0.899412 0.888338
vt 0.896409 0.889944
vt 0.888578 0.878224
vt 0.899412 0.888338
vt 0.905062 0.901977
vt 0.901803 0.902965
vt 0.896409 0.889944
vt 0.905062 0.901977
vt 0.907942 0.916456
vt 0.904552 0.916789
vt 0.901803 0.902965
vt 0.907942 0.916456
vt 0.907942 0.931218
vt 0.904552 0.930884
vt 0.904552 0.916789
vt 0.907942 0.931218
vt 0.905062 0.945697
vt 0.901803 0.944708
vt 0.904552 0.930884
vt 0.905062 0.945697
vt 0.899412 0.959335
vt 0.896409 0.95773
vt 0.901803 0.944708
vt 0.899412 0.959335
vt 0.891211 0.97161
vt 0.888578 0.969449
vt 0.896409 0.95773
vt 0.891211 0.97161
vt 0.880772 0.982048
vt 0.878612 0.979416
vt 0.888578 0.969449
vt 0.880772 0.982048
vt 0.868498 0.99025
vt 0.866892 0.987246
vt 0.878612 0.979416
vt 0.868498 0.99025
vt 0.854859 0.995899
vt 0.85387 0.99264
vt 0.866892 0.987246
vt 0.854859 0.995899
vt 0.84038 0.998779
vt 0.840047 0.99539
vt 0.85387 0.99264
vt 0.84038 0.998779
vt 0.825618 0.998779
vt 0.825952 0.99539
vt 0.840047 0.99539
vt 0.825618 0.998779
vt 0.811139 0.995899
vt 0.812128 0.99264
vt 0.825952 0.99539
vt 0.811139 0.995899
vt 0.797501 0.99025
vt 0.799106 0.987246
vt 0.812128 0.99264
vt 0.797501 0.99025
vt 0.785226 0.982048
vt 0.787387 0.979416
vt 0.799106 0.987246
vt 0.785226 0.982048
vt 0.774788 0.97161
vt 0.77742 0.969449
vt 0.787387 0.979416
vt 0.774788 0.97161
vt 0.766586 0.959335
vt 0.76959 0.95773
vt 0.77742 0.969449
vt 0.766586 0.959335
vt 0.760937 0.945697
vt 0.764196 0.944708
vt 0.76959 0.95773
vt 0.760937 0.945697
vt 0.758057 0.931218
vt 0.761446 0.930884
vt 0.764196 0.944708
vt 0.758057 0.931218
vt 0.758057 0.916456
vt 0.761446 0.916789
vt 0.761446 0.930884
vt 0.758057 0.916456
vt 0.760937 0.901977
vt 0.764196 0.902965
vt 0.761446 0.916789
vt 0.760937 0.901977
vt 0.766586 0.888338
vt 0.76959 0.889944
vt 0.764196 0.902965
vt 0.766586 0.888338
vt 0.774788 0.876064
vt 0.77742 0.878224
vt 0.76959 0.889944
vt 0.774788 0.876064
vt 0.785226 0.865625
vt 0.787387 0.868258
vt 0.77742 0.878224
vt 0.785226 0.865625
vt 0.797501 0.857424
vt 0.799106 0.860427
vt 0.787387 0.868258
vt 0.797501 0.857424
vt 0.811139 0.851774
vt 0.812128 0.855033
vt 0.799106 0.860427
vt 0.811139 0.851774
vt 0.825618 0.848894
vt 0.825952 0.852284
vt 0.812128 0.855033
vt 0.825618 0.848894
vt 0.84038 0.848894
vt 0.840047 0.852284
vt 0.825952 0.852284
vt 0.083211 0.844023
vt 0.097035 0.841273
vt 0.098023 0.844532
vt 0.083544 0.847412
vt 0.097035 0.841273
vt 0.110056 0.835879
vt 0.111662 0.838883
vt 0.098023 0.844532
vt 0.110056 0.835879
vt 0.121776 0.828049
vt 0.123936 0.830681
vt 0.111662 0.838883
vt 0.121776 0.828049
vt 0.131742 0.818082
vt 0.134375 0.820243
vt 0.123936 0.830681
vt 0.131742 0.818082
vt 0.139573 0.806363
vt 0.142576 0.807968
vt 0.134375 0.820243
vt 0.139573 0.806363
vt 0.144967 0.793341
vt 0.148226 0.794329
vt 0.142576 0.807968
vt 0.144967 0.793341
vt 0.147716 0.779517
vt 0.151106 0.779851
vt 0.148226 0.794329
vt 0.147716 0.779517
vt 0.147716 0.765422
vt 0.151106 0.765088
vt 0.151106 0.779851
vt 0.147716 0.765422
vt 0.144967 0.751598
vt 0.148226 0.75061
vt 0.151106 0.765088
vt 0.144967 0.751598
vt 0.139573 0.738576
vt 0.142576 0.736971
vt 0.148226 0.75061
vt 0.139573 0.738576
vt 0.131742 0.726857
vt 0.134375 0.724696
vt 0.142576 0.736971
vt 0.131742 0.726857
vt 0.121776 0.716891
vt 0.123936 0.714258
vt 0.134375 0.724696
vt 0.121776 0.716891
vt 0.110056 0.70906
vt 0.111662 0.706056
vt 0.123936 0.714258
vt 0.110056 0.70906
vt 0.097035 0.703666
vt 0.098023 0.700407
vt 0.111662 0.706056
vt 0.097035 0.703666
vt 0.083211 0.700916
vt 0.083544 0.697527
vt 0.098023 0.700407
vt 0.083211 0.700916
vt 0.069116 0.700916
vt 0.068782 0.697527
vt 0.083544 0.697527
vt 0.069116 0.700916
vt 0.055292 0.703666
vt 0.054303 0.700407
vt 0.068782 0.697527
vt 0.055292 0.703666
vt 0.04227 0.70906
vt 0.040665 0.706056
vt 0.054303 0.700407
vt 0.04227 0.70906
vt 0.030551 0.716891
vt 0.02839 0.714258
vt 0.040665 0.706056
vt 0.030551 0.716891
vt 0.020584 0.726857
vt 0.017952 0.724696
vt 0.02839 0.714258
vt 0.020584 0.726857
vt 0.012754 0.738576
vt 0.00975 0.736971
vt 0.017952 0.724696
vt 0.012754 0.738576
vt 0.00736 0.751598
vt 0.004101 0.75061
vt 0.00975 0.736971
vt 0.00736 0.751598
vt 0.00461 0.765422
vt 0.001221 0.765088
vt 0.004101 0.75061
vt 0.00461 0.765422
vt 0.00461 0.779517
vt 0.001221 0.779851
vt 0.001221 0.765088
vt 0.00461 0.779517
vt 0.00736 0.793341
vt 0.004101 0.794329
vt 0.001221 0.779851
vt 0.00736 0.793341
vt 0.012754 0.806363
vt 0.00975 0.807968
vt 0.004101 0.794329
vt 0.012754 0.806363
vt 0.020584 0.818082
vt 0.017952 0.820243
vt 0.00975 0.807968
vt 0.020584 0.818082
vt 0.030551 0.828049
vt 0.02839 0.830681
vt 0.017952 0.820243
vt 0.030551 0.828049
vt 0.04227 0.835879
vt 0.040665 0.838883
vt 0.02839 0.830681
vt 0.04227 0.835879
vt 0.055292 0.841273
vt 0.054303 0.844532
vt 0.040665 0.838883
vt 0.055292 0.841273
vt 0.069116 0.844023
vt 0.068782 0.847412
vt 0.054303 0.844532
vt 0.069116 0.844023
vt 0.083211 0.844023
vt 0.083544 0.847412
vt 0.068782 0.847412
vt 0.178489 0.140199
vt 0.193252 0.140199
vt 0.1934 0.142334
vt 0.178341 0.142334
vt 0.193252 0.140199
vt 0.20773 0.138128
vt 0.20817 0.140222
vt 0.1934 0.142334
vt 0.20773 0.138128
vt 0.221369 0.134066
vt 0.222083 0.136078
vt 0.20817 0.140222
vt 0.604687 0.097138
vt 0.619166 0.099183
vt 0.619018 0.101318
vt 0.604248 0.099233
vt 0.619166 0.099183
vt 0.633929 0.099183
vt 0.634077 0.101318
vt 0.619018 0.101318
vt 0.633929 0.099183
vt 0.648407 0.097138
vt 0.648847 0.099233
vt 0.634077 0.101318
vt 0.697461 0.097138
vt 0.71194 0.099183
vt 0.711791 0.101318
vt 0.697021 0.099233
vt 0.71194 0.099183
vt 0.726702 0.099183
vt 0.72685 0.101318
vt 0.711791 0.101318
vt 0.726702 0.099183
vt 0.741181 0.097138
vt 0.74162 0.099233
vt 0.72685 0.101318
vt 0.187207 0.085419
vt 0.201686 0.087464
vt 0.201537 0.0896
vt 0.186768 0.087514
vt 0.201686 0.087464
vt 0.216448 0.087464
vt 0.216596 0.0896
vt 0.201537 0.0896
vt 0.216448 0.087464
vt 0.230927 0.085419
vt 0.231366 0.087514
vt 0.216596 0.0896
vt 0.743848 0.07956
vt 0.758326 0.081605
vt 0.758178 0.08374
vt 0.743408 0.081654
vt 0.758326 0.081605
vt 0.773089 0.081605
vt 0.773237 0.08374
vt 0.758178 0.08374
vt 0.773089 0.081605
vt 0.787567 0.07956
vt 0.788007 0.081654
vt 0.773237 0.08374
vt 0.929394 0.091279
vt 0.943873 0.093324
vt 0.943725 0.095459
vt 0.928955 0.093373
vt 0.943873 0.093324
vt 0.958636 0.093324
vt 0.958784 0.095459
vt 0.943725 0.095459
vt 0.958636 0.093324
vt 0.973114 0.091279
vt 0.973554 0.093373
vt 0.958784 0.095459
vt 0.899121 0.102998
vt 0.9136 0.105042
vt 0.913451 0.107178
vt 0.898682 0.105092
vt 0.9136 0.105042
vt 0.928362 0.105042
vt 0.928511 0.107178
vt 0.913451 0.107178
vt 0.928362 0.105042
vt 0.942841 0.102998
vt 0.94328 0.105092
vt 0.928511 0.107178
vt 0.094434 0.07956
vt 0.108912 0.081605
vt 0.108764 0.08374
vt 0.093994 0.081654
vt 0.108912 0.081605
vt 0.123675 0.081605
vt 0.123823 0.08374
vt 0.108764 0.08374
vt 0.123675 0.081605
vt 0.138153 0.07956
vt 0.138593 0.081654
vt 0.123823 0.08374
vt 0.27998 0.073701
vt 0.294459 0.075745
vt 0.294311 0.077881
vt 0.279541 0.075795
vt 0.294459 0.075745
vt 0.309222 0.075745
vt 0.30937 0.077881
vt 0.294311 0.077881
vt 0.309222 0.075745
vt 0.3237 0.073701
vt 0.32414 0.075795
vt 0.30937 0.077881
vt 0.233594 0.085419
vt 0.248072 0.087464
vt 0.247924 0.0896
vt 0.233154 0.087514
vt 0.248072 0.087464
vt 0.262835 0.087464
vt 0.262983 0.0896
vt 0.247924 0.0896
vt 0.262835 0.087464
vt 0.277314 0.085419
vt 0.277753 0.087514
vt 0.262983 0.0896
vt 0.150372 0.134066
vt 0.16401 0.138128
vt 0.163571 0.140222
vt 0.149658 0.136078
vt 0.16401 0.138128
vt 0.178489 0.140199
vt 0.178341 0.142334
vt 0.163571 0.140222
vt 0.599487 0.185767
vt 0.614546 0.185767
vt 0.614546 0.194092
vt 0.599487 0.194092
vt 0.614546 0.185767
vt 0.629315 0.185767
vt 0.629315 0.194092
vt 0.614546 0.194092
vt 0.667725 0.164771
vt 0.682711 0.164771
vt 0.682711 0.173096
vt 0.667725 0.173096
vt 0.682711 0.164771
vt 0.697698 0.164771
vt 0.697698 0.173096
vt 0.682711 0.173096
vt 0.445557 0.175024
vt 0.460543 0.175024
vt 0.460543 0.18335
vt 0.445557 0.18335
vt 0.460543 0.175024
vt 0.47553 0.175024
vt 0.47553 0.18335
vt 0.460543 0.18335
vt 0.731201 0.175024
vt 0.746188 0.175024
vt 0.746188 0.18335
vt 0.731201 0.18335
vt 0.746188 0.175024
vt 0.761174 0.175024
vt 0.761174 0.18335
vt 0.746188 0.18335
vt 0.762939 0.175024
vt 0.777926 0.175024
vt 0.777926 0.18335
vt 0.762939 0.18335
vt 0.777926 0.175024
vt 0.792913 0.175024
vt 0.792913 0.18335
vt 0.777926 0.18335
vt 0.318604 0.164771
vt 0.33359 0.164771
vt 0.33359 0.173096
vt 0.318604 0.173096
vt 0.33359 0.164771
vt 0.348577 0.164771
vt 0.348577 0.173096
vt 0.33359 0.173096
vt 0.794678 0.175024
vt 0.809664 0.175024
vt 0.809664 0.18335
vt 0.794678 0.18335
vt 0.809664 0.175024
vt 0.824651 0.175024
vt 0.824651 0.18335
vt 0.809664 0.18335
vt 0.826416 0.175024
vt 0.841403 0.175024
vt 0.841403 0.18335
vt 0.826416 0.18335
vt 0.841403 0.175024
vt 0.856389 0.175024
vt 0.856389 0.18335
vt 0.841403 0.18335
vt 0.350342 0.164771
vt 0.365328 0.164771
vt 0.365328 0.173096
vt 0.350342 0.173096
vt 0.365328 0.164771
vt 0.380315 0.164771
vt 0.380315 0.173096
vt 0.365328 0.173096
vt 0.318604 0.154517
vt 0.33359 0.154517
vt 0.33359 0.162842
vt 0.318604 0.162842
vt 0.33359 0.154517
vt 0.348577 0.154517
vt 0.348577 0.162842
vt 0.33359 0.162842
vt 0.848389 0.185767
vt 0.863375 0.185767
vt 0.863375 0.194092
vt 0.848389 0.194092
vt 0.863375 0.185767
vt 0.878362 0.185767
vt 0.878362 0.194092
vt 0.863375 0.194092
vt 0.19165 0.154517
vt 0.206637 0.154517
vt 0.206637 0.162842
vt 0.19165 0.162842
vt 0.206637 0.154517
vt 0.221624 0.154517
vt 0.221624 0.162842
vt 0.206637 0.162842
vt 0.001221 0.175024
vt 0.016207 0.175024
vt 0.016207 0.18335
vt 0.001221 0.18335
vt 0.016207 0.175024
vt 0.031194 0.175024
vt 0.031194 0.18335
vt 0.016207 0.18335
vt 0.38208 0.154517
vt 0.397067 0.154517
vt 0.397067 0.162842
vt 0.38208 0.162842
vt 0.397067 0.154517
vt 0.412053 0.154517
vt 0.412053 0.162842
vt 0.397067 0.162842
vt 0.255127 0.175024
vt 0.270114 0.175024
vt 0.270114 0.18335
vt 0.255127 0.18335
vt 0.270114 0.175024
vt 0.2851 0.175024
vt 0.2851 0.18335
vt 0.270114 0.18335
vt 0.590576 0.154517
vt 0.605635 0.154517
vt 0.605635 0.162842
vt 0.590576 0.162842
vt 0.584717 0.185767
vt 0.599487 0.185767
vt 0.599487 0.194092
vt 0.584717 0.194092
vt 0.475216 0.134066
vt 0.490275 0.134066
vt 0.490127 0.136201
vt 0.475364 0.136201
vt 0.490275 0.134066
vt 0.505045 0.136178
vt 0.504605 0.138272
vt 0.490127 0.136201
vt 0.505045 0.136178
vt 0.518958 0.140322
vt 0.518244 0.142334
vt 0.504605 0.138272
vt 0.279541 0.087505
vt 0.294311 0.085419
vt 0.294459 0.087555
vt 0.27998 0.0896
vt 0.294311 0.085419
vt 0.30937 0.085419
vt 0.309222 0.087555
vt 0.294459 0.087555
vt 0.30937 0.085419
vt 0.32414 0.087505
vt 0.3237 0.0896
vt 0.309222 0.087555
vt 0.650635 0.081646
vt 0.665405 0.07956
vt 0.665553 0.081696
vt 0.651074 0.08374
vt 0.665405 0.07956
vt 0.680464 0.07956
vt 0.680315 0.081696
vt 0.665553 0.081696
vt 0.680464 0.07956
vt 0.695233 0.081646
vt 0.694794 0.08374
vt 0.680315 0.081696
vt 0.465088 0.099224
vt 0.479858 0.097138
vt 0.480006 0.099274
vt 0.465527 0.101318
vt 0.479858 0.097138
vt 0.494917 0.097138
vt 0.494768 0.099274
vt 0.480006 0.099274
vt 0.494917 0.097138
vt 0.509687 0.099224
vt 0.509247 0.101318
vt 0.494768 0.099274
vt 0.418701 0.069927
vt 0.433471 0.067841
vt 0.433619 0.069977
vt 0.419141 0.072021
vt 0.433471 0.067841
vt 0.44853 0.067841
vt 0.448382 0.069977
vt 0.433619 0.069977
vt 0.44853 0.067841
vt 0.4633 0.069927
vt 0.46286 0.072021
vt 0.448382 0.069977
vt 0.325928 0.075786
vt 0.340698 0.073701
vt 0.340846 0.075836
vt 0.326367 0.077881
vt 0.340698 0.073701
vt 0.355757 0.073701
vt 0.355608 0.075836
vt 0.340846 0.075836
vt 0.355757 0.073701
vt 0.370526 0.075786
vt 0.370087 0.077881
vt 0.355608 0.075836
vt 0.279541 0.093365
vt 0.294311 0.091279
vt 0.294459 0.093414
vt 0.27998 0.095459
vt 0.294311 0.091279
vt 0.30937 0.091279
vt 0.309222 0.093414
vt 0.294459 0.093414
vt 0.30937 0.091279
vt 0.32414 0.093365
vt 0.3237 0.095459
vt 0.309222 0.093414
vt 0.511475 0.093365
vt 0.526244 0.091279
vt 0.526393 0.093414
vt 0.511914 0.095459
vt 0.526244 0.091279
vt 0.541304 0.091279
vt 0.541155 0.093414
vt 0.526393 0.093414
vt 0.541304 0.091279
vt 0.556073 0.093365
vt 0.555634 0.095459
vt 0.541155 0.093414
vt 0.372314 0.075786
vt 0.387084 0.073701
vt 0.387233 0.075836
vt 0.372754 0.077881
vt 0.387084 0.073701
vt 0.402143 0.073701
vt 0.401995 0.075836
vt 0.387233 0.075836
vt 0.402143 0.073701
vt 0.416913 0.075786
vt 0.416474 0.077881
vt 0.401995 0.075836
vt 0.372314 0.099224
vt 0.387084 0.097138
vt 0.387233 0.099274
vt 0.372754 0.101318
vt 0.387084 0.097138
vt 0.402143 0.097138
vt 0.401995 0.099274
vt 0.387233 0.099274
vt 0.402143 0.097138
vt 0.416913 0.099224
vt 0.416474 0.101318
vt 0.401995 0.099274
vt 0.446533 0.140322
vt 0.460446 0.136178
vt 0.460885 0.138272
vt 0.447247 0.142334
vt 0.460446 0.136178
vt 0.475216 0.134066
vt 0.475364 0.136201
vt 0.460885 0.138272
vt 0.234912 0.697527
vt 0.24939 0.700407
vt 0.248402 0.703666
vt 0.234578 0.700916
vt 0.24939 0.700407
vt 0.263029 0.706056
vt 0.261424 0.70906
vt 0.248402 0.703666
vt 0.263029 0.706056
vt 0.275304 0.714258
vt 0.273143 0.716891
vt 0.261424 0.70906
vt 0.275304 0.714258
vt 0.285742 0.724696
vt 0.283109 0.726857
vt 0.273143 0.716891
vt 0.285742 0.724696
vt 0.293944 0.736971
vt 0.29094 0.738576
vt 0.283109 0.726857
vt 0.293944 0.736971
vt 0.299593 0.75061
vt 0.296334 0.751598
vt 0.29094 0.738576
vt 0.299593 0.75061
vt 0.302473 0.765088
vt 0.299084 0.765422
vt 0.296334 0.751598
vt 0.302473 0.765088
vt 0.302473 0.779851
vt 0.299084 0.779517
vt 0.299084 0.765422
vt 0.302473 0.779851
vt 0.299593 0.794329
vt 0.296334 0.793341
vt 0.299084 0.779517
vt 0.299593 0.794329
vt 0.293944 0.807968
vt 0.29094 0.806363
vt 0.296334 0.793341
vt 0.293944 0.807968
vt 0.285742 0.820243
vt 0.283109 0.818082
vt 0.29094 0.806363
vt 0.285742 0.820243
vt 0.275304 0.830681
vt 0.273143 0.828049
vt 0.283109 0.818082
vt 0.275304 0.830681
vt 0.263029 0.838883
vt 0.261424 0.835879
vt 0.273143 0.828049
vt 0.263029 0.838883
vt 0.24939 0.844532
vt 0.248402 0.841273
vt 0.261424 0.835879
vt 0.24939 0.844532
vt 0.234912 0.847412
vt 0.234578 0.844023
vt 0.248402 0.841273
vt 0.234912 0.847412
vt 0.220149 0.847412
vt 0.220483 0.844023
vt 0.234578 0.844023
vt 0.220149 0.847412
vt 0.205671 0.844532
vt 0.206659 0.841273
vt 0.220483 0.844023
vt 0.205671 0.844532
vt 0.192032 0.838883
vt 0.193637 0.835879
vt 0.206659 0.841273
vt 0.192032 0.838883
vt 0.179757 0.830681
vt 0.181918 0.828049
vt 0.193637 0.835879
vt 0.179757 0.830681
vt 0.169319 0.820243
vt 0.171951 0.818082
vt 0.181918 0.828049
vt 0.169319 0.820243
vt 0.161117 0.807968
vt 0.164121 0.806363
vt 0.171951 0.818082
vt 0.161117 0.807968
vt 0.155468 0.794329
vt 0.158727 0.793341
vt 0.164121 0.806363
vt 0.155468 0.794329
vt 0.152588 0.779851
vt 0.155977 0.779517
vt 0.158727 0.793341
vt 0.152588 0.779851
vt 0.152588 0.765088
vt 0.155977 0.765422
vt 0.155977 0.779517
vt 0.152588 0.765088
vt 0.155468 0.75061
vt 0.158727 0.751598
vt 0.155977 0.765422
vt 0.155468 0.75061
vt 0.161117 0.736971
vt 0.164121 0.738576
vt 0.158727 0.751598
vt 0.161117 0.736971
vt 0.169319 0.724696
vt 0.171951 0.726857
vt 0.164121 0.738576
vt 0.169319 0.724696
vt 0.179757 0.714258
vt 0.181918 0.716891
vt 0.171951 0.726857
vt 0.179757 0.714258
vt 0.192032 0.706056
vt 0.193637 0.70906
vt 0.181918 0.716891
vt 0.192032 0.706056
vt 0.205671 0.700407
vt 0.206659 0.703666
vt 0.193637 0.70906
vt 0.205671 0.700407
vt 0.220149 0.697527
vt 0.220483 0.700916
vt 0.206659 0.703666
vt 0.220149 0.697527
vt 0.234912 0.697527
vt 0.234578 0.700916
vt 0.220483 0.700916
vt 0.385945 0.844023
vt 0.399769 0.841273
vt 0.400758 0.844532
vt 0.386279 0.847412
vt 0.399769 0.841273
vt 0.412791 0.835879
vt 0.414396 0.838883
vt 0.400758 0.844532
vt 0.412791 0.835879
vt 0.42451 0.828049
vt 0.426671 0.830681
vt 0.414396 0.838883
vt 0.42451 0.828049
vt 0.434477 0.818082
vt 0.437109 0.820243
vt 0.426671 0.830681
vt 0.434477 0.818082
vt 0.442307 0.806363
vt 0.445311 0.807968
vt 0.437109 0.820243
vt 0.442307 0.806363
vt 0.447701 0.793341
vt 0.45096 0.794329
vt 0.445311 0.807968
vt 0.447701 0.793341
vt 0.450451 0.779517
vt 0.45384 0.779851
vt 0.45096 0.794329
vt 0.450451 0.779517
vt 0.450451 0.765422
vt 0.45384 0.765088
vt 0.45384 0.779851
vt 0.450451 0.765422
vt 0.447701 0.751598
vt 0.45096 0.75061
vt 0.45384 0.765088
vt 0.447701 0.751598
vt 0.442307 0.738576
vt 0.445311 0.736971
vt 0.45096 0.75061
vt 0.442307 0.738576
vt 0.434477 0.726857
vt 0.437109 0.724696
vt 0.445311 0.736971
vt 0.434477 0.726857
vt 0.42451 0.716891
vt 0.426671 0.714258
vt 0.437109 0.724696
vt 0.42451 0.716891
vt 0.412791 0.70906
vt 0.414396 0.706056
vt 0.426671 0.714258
vt 0.412791 0.70906
vt 0.399769 0.703666
vt 0.400758 0.700407
vt 0.414396 0.706056
vt 0.399769 0.703666
vt 0.385945 0.700916
vt 0.386279 0.697527
vt 0.400758 0.700407
vt 0.385945 0.700916
vt 0.37185 0.700916
vt 0.371516 0.697527
vt 0.386279 0.697527
vt 0.37185 0.700916
vt 0.358026 0.703666
vt 0.357038 0.700407
vt 0.371516 0.697527
vt 0.358026 0.703666
vt 0.345004 0.70906
vt 0.343399 0.706056
vt 0.357038 0.700407
vt 0.345004 0.70906
vt 0.333285 0.716891
vt 0.331125 0.714258
vt 0.343399 0.706056
vt 0.333285 0.716891
vt 0.323319 0.726857
vt 0.320686 0.724696
vt 0.331125 0.714258
vt 0.323319 0.726857
vt 0.315488 0.738576
vt 0.312484 0.736971
vt 0.320686 0.724696
vt 0.315488 0.738576
vt 0.310094 0.751598
vt 0.306835 0.75061
vt 0.312484 0.736971
vt 0.310094 0.751598
vt 0.307344 0.765422
vt 0.303955 0.765088
vt 0.306835 0.75061
vt 0.307344 0.765422
vt 0.307344 0.779517
vt 0.303955 0.779851
vt 0.303955 0.765088
vt 0.307344 0.779517
vt 0.310094 0.793341
vt 0.306835 0.794329
vt 0.303955 0.779851
vt 0.310094 0.793341
vt 0.315488 0.806363
vt 0.312484 0.807968
vt 0.306835 0.794329
vt 0.315488 0.806363
vt 0.323319 0.818082
vt 0.320686 0.820243
vt 0.312484 0.807968
vt 0.323319 0.818082
vt 0.333285 0.828049
vt 0.331125 0.830681
vt 0.320686 0.820243
vt 0.333285 0.828049
vt 0.345004 0.835879
vt 0.343399 0.838883
vt 0.331125 0.830681
vt 0.345004 0.835879
vt 0.358026 0.841273
vt 0.357038 0.844532
vt 0.343399 0.838883
vt 0.358026 0.841273
vt 0.37185 0.844023
vt 0.371516 0.847412
vt 0.357038 0.844532
vt 0.37185 0.844023
vt 0.385945 0.844023
vt 0.386279 0.847412
vt 0.371516 0.847412
vt 0.69802 0.140199
vt 0.712783 0.140199
vt 0.712931 0.142334
vt 0.697872 0.142334
vt 0.712783 0.140199
vt 0.727262 0.138128
vt 0.727701 0.140222
vt 0.712931 0.142334
vt 0.727262 0.138128
vt 0.7409 0.134066
vt 0.741614 0.136078
vt 0.727701 0.140222
vt 0.790234 0.073701
vt 0.804713 0.075745
vt 0.804565 0.077881
vt 0.789795 0.075795
vt 0.804713 0.075745
vt 0.819475 0.075745
vt 0.819624 0.077881
vt 0.804565 0.077881
vt 0.819475 0.075745
vt 0.833954 0.073701
vt 0.834394 0.075795
vt 0.819624 0.077881
vt 0.790234 0.085419
vt 0.804713 0.087464
vt 0.804565 0.0896
vt 0.789795 0.087514
vt 0.804713 0.087464
vt 0.819475 0.087464
vt 0.819624 0.0896
vt 0.804565 0.0896
vt 0.819475 0.087464
vt 0.833954 0.085419
vt 0.834394 0.087514
vt 0.819624 0.0896
vt 0.528027 0.102998
vt 0.542506 0.105042
vt 0.542358 0.107178
vt 0.527588 0.105092
vt 0.542506 0.105042
vt 0.557268 0.105042
vt 0.557417 0.107178
vt 0.542358 0.107178
vt 0.557268 0.105042
vt 0.571747 0.102998
vt 0.572187 0.105092
vt 0.557417 0.107178
vt 0.14082 0.07956
vt 0.155299 0.081605
vt 0.155151 0.08374
vt 0.140381 0.081654
vt 0.155299 0.081605
vt 0.170061 0.081605
vt 0.17021 0.08374
vt 0.155151 0.08374
vt 0.170061 0.081605
vt 0.18454 0.07956
vt 0.18498 0.081654
vt 0.17021 0.08374
vt 0.419141 0.073701
vt 0.433619 0.075745
vt 0.433471 0.077881
vt 0.418701 0.075795
vt 0.433619 0.075745
vt 0.448382 0.075745
vt 0.44853 0.077881
vt 0.433471 0.077881
vt 0.448382 0.075745
vt 0.46286 0.073701
vt 0.4633 0.075795
vt 0.44853 0.077881
vt 0.558301 0.091279
vt 0.572779 0.093324
vt 0.572631 0.095459
vt 0.557861 0.093373
vt 0.572779 0.093324
vt 0.587542 0.093324
vt 0.58769 0.095459
vt 0.572631 0.095459
vt 0.587542 0.093324
vt 0.602021 0.091279
vt 0.60246 0.093373
vt 0.58769 0.095459
vt 0.326367 0.091279
vt 0.340846 0.093324
vt 0.340698 0.095459
vt 0.325928 0.093373
vt 0.340846 0.093324
vt 0.355608 0.093324
vt 0.355757 0.095459
vt 0.340698 0.095459
vt 0.355608 0.093324
vt 0.370087 0.091279
vt 0.370526 0.093373
vt 0.355757 0.095459
vt 0.14082 0.097138
vt 0.155299 0.099183
vt 0.155151 0.101318
vt 0.140381 0.099233
vt 0.155299 0.099183
vt 0.170061 0.099183
vt 0.17021 0.101318
vt 0.155151 0.101318
vt 0.170061 0.099183
vt 0.18454 0.097138
vt 0.18498 0.099233
vt 0.17021 0.101318
vt 0.929394 0.073701
vt 0.943873 0.075745
vt 0.943725 0.077881
vt 0.928955 0.075795
vt 0.943873 0.075745
vt 0.958636 0.075745
vt 0.958784 0.077881
vt 0.943725 0.077881
vt 0.958636 0.075745
vt 0.973114 0.073701
vt 0.973554 0.075795
vt 0.958784 0.077881
vt 0.669903 0.134066
vt 0.683542 0.138128
vt 0.683102 0.140222
vt 0.669189 0.136078
vt 0.683542 0.138128
vt 0.69802 0.140199
vt 0.697872 0.142334
vt 0.683102 0.140222
vt 0.645873 0.185767
vt 0.660932 0.185767
vt 0.660932 0.194092
vt 0.645873 0.194092
vt 0.660932 0.185767
vt 0.675702 0.185767
vt 0.675702 0.194092
vt 0.660932 0.194092
vt 0.699463 0.164771
vt 0.71445 0.164771
vt 0.71445 0.173096
vt 0.699463 0.173096
vt 0.71445 0.164771
vt 0.729436 0.164771
vt 0.729436 0.173096
vt 0.71445 0.173096
vt 0.477295 0.175024
vt 0.492282 0.175024
vt 0.492282 0.18335
vt 0.477295 0.18335
vt 0.492282 0.175024
vt 0.507268 0.175024
vt 0.507268 0.18335
vt 0.492282 0.18335
vt 0.858154 0.175024
vt 0.873141 0.175024
vt 0.873141 0.18335
vt 0.858154 0.18335
vt 0.873141 0.175024
vt 0.888128 0.175024
vt 0.888128 0.18335
vt 0.873141 0.18335
vt 0.889893 0.175024
vt 0.904879 0.175024
vt 0.904879 0.18335
vt 0.889893 0.18335
vt 0.904879 0.175024
vt 0.919866 0.175024
vt 0.919866 0.18335
vt 0.904879 0.18335
vt 0.38208 0.164771
vt 0.397067 0.164771
vt 0.397067 0.173096
vt 0.38208 0.173096
vt 0.397067 0.164771
vt 0.412053 0.164771
vt 0.412053 0.173096
vt 0.397067 0.173096
vt 0.731201 0.164771
vt 0.746188 0.164771
vt 0.746188 0.173096
vt 0.731201 0.173096
vt 0.746188 0.164771
vt 0.761174 0.164771
vt 0.761174 0.173096
vt 0.746188 0.173096
vt 0.921631 0.175024
vt 0.936617 0.175024
vt 0.936617 0.18335
vt 0.921631 0.18335
vt 0.936617 0.175024
vt 0.951604 0.175024
vt 0.951604 0.18335
vt 0.936617 0.18335
vt 0.413818 0.164771
vt 0.428805 0.164771
vt 0.428805 0.173096
vt 0.413818 0.173096
vt 0.428805 0.164771
vt 0.443792 0.164771
vt 0.443792 0.173096
vt 0.428805 0.173096
vt 0.953369 0.164771
vt 0.968356 0.164771
vt 0.968356 0.173096
vt 0.953369 0.173096
vt 0.968356 0.164771
vt 0.983342 0.164771
vt 0.983342 0.173096
vt 0.968356 0.173096
vt 0.880127 0.185767
vt 0.895114 0.185767
vt 0.895114 0.194092
vt 0.880127 0.194092
vt 0.895114 0.185767
vt 0.9101 0.185767
vt 0.9101 0.194092
vt 0.895114 0.194092
vt 0.223389 0.154517
vt 0.238375 0.154517
vt 0.238375 0.162842
vt 0.223389 0.162842
vt 0.238375 0.154517
vt 0.253362 0.154517
vt 0.253362 0.162842
vt 0.238375 0.162842
vt 0.032959 0.175024
vt 0.047946 0.175024
vt 0.047946 0.18335
vt 0.032959 0.18335
vt 0.047946 0.175024
vt 0.062932 0.175024
vt 0.062932 0.18335
vt 0.047946 0.18335
vt 0.413818 0.154517
vt 0.428805 0.154517
vt 0.428805 0.162842
vt 0.413818 0.162842
vt 0.428805 0.154517
vt 0.443792 0.154517
vt 0.443792 0.162842
vt 0.428805 0.162842
vt 0.286865 0.175024
vt 0.301852 0.175024
vt 0.301852 0.18335
vt 0.286865 0.18335
vt 0.301852 0.175024
vt 0.316838 0.175024
vt 0.316838 0.18335
vt 0.301852 0.18335
vt 0.540771 0.154517
vt 0.555831 0.154517
vt 0.555831 0.162842
vt 0.540771 0.162842
vt 0.631104 0.185767
vt 0.645873 0.185767
vt 0.645873 0.194092
vt 0.631104 0.194092
vt 0.772091 0.134066
vt 0.78715 0.134066
vt 0.787002 0.136201
vt 0.772239 0.136201
vt 0.78715 0.134066
vt 0.80192 0.136178
vt 0.80148 0.138272
vt 0.787002 0.136201
vt 0.80192 0.136178
vt 0.815833 0.140322
vt 0.815119 0.142334
vt 0.80148 0.138272
vt 0.342041 0.105083
vt 0.356811 0.102998
vt 0.356959 0.105133
vt 0.34248 0.107178
vt 0.356811 0.102998
vt 0.37187 0.102998
vt 0.371722 0.105133
vt 0.356959 0.105133
vt 0.37187 0.102998
vt 0.38664 0.105083
vt 0.3862 0.107178
vt 0.371722 0.105133
vt 0.186768 0.069927
vt 0.201537 0.067841
vt 0.201686 0.069977
vt 0.187207 0.072021
vt 0.201537 0.067841
vt 0.216596 0.067841
vt 0.216448 0.069977
vt 0.201686 0.069977
vt 0.216596 0.067841
vt 0.231366 0.069927
vt 0.230927 0.072021
vt 0.216448 0.069977
vt 0.511475 0.087505
vt 0.526244 0.085419
vt 0.526393 0.087555
vt 0.511914 0.0896
vt 0.526244 0.085419
vt 0.541304 0.085419
vt 0.541155 0.087555
vt 0.526393 0.087555
vt 0.541304 0.085419
vt 0.556073 0.087505
vt 0.555634 0.0896
vt 0.541155 0.087555
vt 0.789795 0.081646
vt 0.804565 0.07956
vt 0.804713 0.081696
vt 0.790234 0.08374
vt 0.804565 0.07956
vt 0.819624 0.07956
vt 0.819475 0.081696
vt 0.804713 0.081696
vt 0.819624 0.07956
vt 0.834394 0.081646
vt 0.833954 0.08374
vt 0.819475 0.081696
vt 0.001221 0.087505
vt 0.01599 0.085419
vt 0.016139 0.087555
vt 0.00166 0.0896
vt 0.01599 0.085419
vt 0.03105 0.085419
vt 0.030901 0.087555
vt 0.016139 0.087555
vt 0.03105 0.085419
vt 0.045819 0.087505
vt 0.04538 0.0896
vt 0.030901 0.087555
vt 0.325928 0.081646
vt 0.340698 0.07956
vt 0.340846 0.081696
vt 0.326367 0.08374
vt 0.340698 0.07956
vt 0.355757 0.07956
vt 0.355608 0.081696
vt 0.340846 0.081696
vt 0.355757 0.07956
vt 0.370526 0.081646
vt 0.370087 0.08374
vt 0.355608 0.081696
vt 0.372314 0.081646
vt 0.387084 0.07956
vt 0.387233 0.081696
vt 0.372754 0.08374
vt 0.387084 0.07956
vt 0.402143 0.07956
vt 0.401995 0.081696
vt 0.387233 0.081696
vt 0.402143 0.07956
vt 0.416913 0.081646
vt 0.416474 0.08374
vt 0.401995 0.081696
vt 0.465088 0.075786
vt 0.479858 0.073701
vt 0.480006 0.075836
vt 0.465527 0.077881
vt 0.479858 0.073701
vt 0.494917 0.073701
vt 0.494768 0.075836
vt 0.480006 0.075836
vt 0.494917 0.073701
vt 0.509687 0.075786
vt 0.509247 0.077881
vt 0.494768 0.075836
vt 0.713135 0.105083
vt 0.727905 0.102998
vt 0.728053 0.105133
vt 0.713574 0.107178
vt 0.727905 0.102998
vt 0.742964 0.102998
vt 0.742815 0.105133
vt 0.728053 0.105133
vt 0.742964 0.102998
vt 0.757733 0.105083
vt 0.757294 0.107178
vt 0.742815 0.105133
vt 0.743408 0.140322
vt 0.757321 0.136178
vt 0.75776 0.138272
vt 0.744122 0.142334
vt 0.757321 0.136178
vt 0.772091 0.134066
vt 0.772239 0.136201
vt 0.75776 0.138272
vt 0.537646 0.697527
vt 0.552125 0.700407
vt 0.551136 0.703666
vt 0.537312 0.700916
vt 0.552125 0.700407
vt 0.565763 0.706056
vt 0.564158 0.70906
vt 0.551136 0.703666
vt 0.565763 0.706056
vt 0.578038 0.714258
vt 0.575877 0.716891
vt 0.564158 0.70906
vt 0.578038 0.714258
vt 0.588477 0.724696
vt 0.585844 0.726857
vt 0.575877 0.716891
vt 0.588477 0.724696
vt 0.596678 0.736971
vt 0.593674 0.738576
vt 0.585844 0.726857
vt 0.596678 0.736971
vt 0.602327 0.75061
vt 0.599068 0.751598
vt 0.593674 0.738576
vt 0.602327 0.75061
vt 0.605207 0.765088
vt 0.601818 0.765422
vt 0.599068 0.751598
vt 0.605207 0.765088
vt 0.605207 0.779851
vt 0.601818 0.779517
vt 0.601818 0.765422
vt 0.605207 0.779851
vt 0.602327 0.794329
vt 0.599068 0.793341
vt 0.601818 0.779517
vt 0.602327 0.794329
vt 0.596678 0.807968
vt 0.593674 0.806363
vt 0.599068 0.793341
vt 0.596678 0.807968
vt 0.588477 0.820243
vt 0.585844 0.818082
vt 0.593674 0.806363
vt 0.588477 0.820243
vt 0.578038 0.830681
vt 0.575877 0.828049
vt 0.585844 0.818082
vt 0.578038 0.830681
vt 0.565763 0.838883
vt 0.564158 0.835879
vt 0.575877 0.828049
vt 0.565763 0.838883
vt 0.552125 0.844532
vt 0.551136 0.841273
vt 0.564158 0.835879
vt 0.552125 0.844532
vt 0.537646 0.847412
vt 0.537312 0.844023
vt 0.551136 0.841273
vt 0.537646 0.847412
vt 0.522884 0.847412
vt 0.523217 0.844023
vt 0.537312 0.844023
vt 0.522884 0.847412
vt 0.508405 0.844532
vt 0.509394 0.841273
vt 0.523217 0.844023
vt 0.508405 0.844532
vt 0.494766 0.838883
vt 0.496372 0.835879
vt 0.509394 0.841273
vt 0.494766 0.838883
vt 0.482492 0.830681
vt 0.484652 0.828049
vt 0.496372 0.835879
vt 0.482492 0.830681
vt 0.472053 0.820243
vt 0.474686 0.818082
vt 0.484652 0.828049
vt 0.472053 0.820243
vt 0.463852 0.807968
vt 0.466855 0.806363
vt 0.474686 0.818082
vt 0.463852 0.807968
vt 0.458202 0.794329
vt 0.461461 0.793341
vt 0.466855 0.806363
vt 0.458202 0.794329
vt 0.455322 0.779851
vt 0.458712 0.779517
vt 0.461461 0.793341
vt 0.455322 0.779851
vt 0.455322 0.765088
vt 0.458712 0.765422
vt 0.458712 0.779517
vt 0.455322 0.765088
vt 0.458202 0.75061
vt 0.461461 0.751598
vt 0.458712 0.765422
vt 0.458202 0.75061
vt 0.463852 0.736971
vt 0.466855 0.738576
vt 0.461461 0.751598
vt 0.463852 0.736971
vt 0.472053 0.724696
vt 0.474686 0.726857
vt 0.466855 0.738576
vt 0.472053 0.724696
vt 0.482492 0.714258
vt 0.484652 0.716891
vt 0.474686 0.726857
vt 0.482492 0.714258
vt 0.494766 0.706056
vt 0.496372 0.70906
vt 0.484652 0.716891
vt 0.494766 0.706056
vt 0.508405 0.700407
vt 0.509394 0.703666
vt 0.496372 0.70906
vt 0.508405 0.700407
vt 0.522884 0.697527
vt 0.523217 0.700916
vt 0.509394 0.703666
vt 0.522884 0.697527
vt 0.537646 0.697527
vt 0.537312 0.700916
vt 0.523217 0.700916
vt 0.688679 0.844023
vt 0.702503 0.841273
vt 0.703492 0.844532
vt 0.689013 0.847412
vt 0.702503 0.841273
vt 0.715525 0.835879
vt 0.717131 0.838883
vt 0.703492 0.844532
vt 0.715525 0.835879
vt 0.727245 0.828049
vt 0.729405 0.830681
vt 0.717131 0.838883
vt 0.727245 0.828049
vt 0.737211 0.818082
vt 0.739844 0.820243
vt 0.729405 0.830681
vt 0.737211 0.818082
vt 0.745042 0.806363
vt 0.748045 0.807968
vt 0.739844 0.820243
vt 0.745042 0.806363
vt 0.750435 0.793341
vt 0.753695 0.794329
vt 0.748045 0.807968
vt 0.750435 0.793341
vt 0.753185 0.779517
vt 0.756575 0.779851
vt 0.753695 0.794329
vt 0.753185 0.779517
vt 0.753185 0.765422
vt 0.756575 0.765088
vt 0.756575 0.779851
vt 0.753185 0.765422
vt 0.750435 0.751598
vt 0.753695 0.75061
vt 0.756575 0.765088
vt 0.750435 0.751598
vt 0.745042 0.738576
vt 0.748045 0.736971
vt 0.753695 0.75061
vt 0.745042 0.738576
vt 0.737211 0.726857
vt 0.739844 0.724696
vt 0.748045 0.736971
vt 0.737211 0.726857
vt 0.727245 0.716891
vt 0.729405 0.714258
vt 0.739844 0.724696
vt 0.727245 0.716891
vt 0.715525 0.70906
vt 0.717131 0.706056
vt 0.729405 0.714258
vt 0.715525 0.70906
vt 0.702503 0.703666
vt 0.703492 0.700407
vt 0.717131 0.706056
vt 0.702503 0.703666
vt 0.688679 0.700916
vt 0.689013 0.697527
vt 0.703492 0.700407
vt 0.688679 0.700916
vt 0.674585 0.700916
vt 0.674251 0.697527
vt 0.689013 0.697527
vt 0.674585 0.700916
vt 0.660761 0.703666
vt 0.659772 0.700407
vt 0.674251 0.697527
vt 0.660761 0.703666
vt 0.647739 0.70906
vt 0.646133 0.706056
vt 0.659772 0.700407
vt 0.647739 0.70906
vt 0.63602 0.716891
vt 0.633859 0.714258
vt 0.646133 0.706056
vt 0.63602 0.716891
vt 0.626053 0.726857
vt 0.62342 0.724696
vt 0.633859 0.714258
vt 0.626053 0.726857
vt 0.618222 0.738576
vt 0.615219 0.736971
vt 0.62342 0.724696
vt 0.618222 0.738576
vt 0.612829 0.751598
vt 0.609569 0.75061
vt 0.615219 0.736971
vt 0.612829 0.751598
vt 0.610079 0.765422
vt 0.606689 0.765088
vt 0.609569 0.75061
vt 0.610079 0.765422
vt 0.610079 0.779517
vt 0.606689 0.779851
vt 0.606689 0.765088
vt 0.610079 0.779517
vt 0.612829 0.793341
vt 0.609569 0.794329
vt 0.606689 0.779851
vt 0.612829 0.793341
vt 0.618222 0.806363
vt 0.615219 0.807968
vt 0.609569 0.794329
vt 0.618222 0.806363
vt 0.626053 0.818082
vt 0.62342 0.820243
vt 0.615219 0.807968
vt 0.626053 0.818082
vt 0.63602 0.828049
vt 0.633859 0.830681
vt 0.62342 0.820243
vt 0.63602 0.828049
vt 0.647739 0.835879
vt 0.646133 0.838883
vt 0.633859 0.830681
vt 0.647739 0.835879
vt 0.660761 0.841273
vt 0.659772 0.844532
vt 0.646133 0.838883
vt 0.660761 0.841273
vt 0.674585 0.844023
vt 0.674251 0.847412
vt 0.659772 0.844532
vt 0.674585 0.844023
vt 0.688679 0.844023
vt 0.689013 0.847412
vt 0.674251 0.847412
vt 0.10427 0.140199
vt 0.119033 0.140199
vt 0.119181 0.142334
vt 0.104122 0.142334
vt 0.119033 0.140199
vt 0.133512 0.138128
vt 0.133951 0.140222
vt 0.119181 0.142334
vt 0.133512 0.138128
vt 0.14715 0.134066
vt 0.147864 0.136078
vt 0.133951 0.140222
vt 0.620801 0.102998
vt 0.635279 0.105042
vt 0.635131 0.107178
vt 0.620361 0.105092
vt 0.635279 0.105042
vt 0.650042 0.105042
vt 0.65019 0.107178
vt 0.635131 0.107178
vt 0.650042 0.105042
vt 0.664521 0.102998
vt 0.66496 0.105092
vt 0.65019 0.107178
vt 0.233594 0.067841
vt 0.248072 0.069886
vt 0.247924 0.072021
vt 0.233154 0.069936
vt 0.248072 0.069886
vt 0.262835 0.069886
vt 0.262983 0.072021
vt 0.247924 0.072021
vt 0.262835 0.069886
vt 0.277314 0.067841
vt 0.277753 0.069936
vt 0.262983 0.072021
vt 0.667187 0.102998
vt 0.681666 0.105042
vt 0.681518 0.107178
vt 0.666748 0.105092
vt 0.681666 0.105042
vt 0.696429 0.105042
vt 0.696577 0.107178
vt 0.681518 0.107178
vt 0.696429 0.105042
vt 0.710907 0.102998
vt 0.711347 0.105092
vt 0.696577 0.107178
vt 0.697461 0.07956
vt 0.71194 0.081605
vt 0.711791 0.08374
vt 0.697021 0.081654
vt 0.71194 0.081605
vt 0.726702 0.081605
vt 0.72685 0.08374
vt 0.711791 0.08374
vt 0.726702 0.081605
vt 0.741181 0.07956
vt 0.74162 0.081654
vt 0.72685 0.08374
vt 0.372754 0.085419
vt 0.387233 0.087464
vt 0.387084 0.0896
vt 0.372314 0.087514
vt 0.387233 0.087464
vt 0.401995 0.087464
vt 0.402143 0.0896
vt 0.387084 0.0896
vt 0.401995 0.087464
vt 0.416474 0.085419
vt 0.416913 0.087514
vt 0.402143 0.0896
vt 0.048047 0.091279
vt 0.062526 0.093324
vt 0.062377 0.095459
vt 0.047607 0.093373
vt 0.062526 0.093324
vt 0.077288 0.093324
vt 0.077436 0.095459
vt 0.062377 0.095459
vt 0.077288 0.093324
vt 0.091767 0.091279
vt 0.092206 0.093373
vt 0.077436 0.095459
vt 0.465527 0.067841
vt 0.480006 0.069886
vt 0.479858 0.072021
vt 0.465088 0.069936
vt 0.480006 0.069886
vt 0.494768 0.069886
vt 0.494917 0.072021
vt 0.479858 0.072021
vt 0.494768 0.069886
vt 0.509247 0.067841
vt 0.509687 0.069936
vt 0.494917 0.072021
vt 0.511914 0.073701
vt 0.526393 0.075745
vt 0.526244 0.077881
vt 0.511475 0.075795
vt 0.526393 0.075745
vt 0.541155 0.075745
vt 0.541304 0.077881
vt 0.526244 0.077881
vt 0.541155 0.075745
vt 0.555634 0.073701
vt 0.556073 0.075795
vt 0.541304 0.077881
vt 0.326367 0.085419
vt 0.340846 0.087464
vt 0.340698 0.0896
vt 0.325928 0.087514
vt 0.340846 0.087464
vt 0.355608 0.087464
vt 0.355757 0.0896
vt 0.340698 0.0896
vt 0.355608 0.087464
vt 0.370087 0.085419
vt 0.370526 0.087514
vt 0.355757 0.0896
vt 0.076153 0.134066
vt 0.089792 0.138128
vt 0.089352 0.140222
vt 0.075439 0.136078
vt 0.089792 0.138128
vt 0.10427 0.140199
vt 0.104122 0.142334
vt 0.089352 0.140222
vt 0.69226 0.185767
vt 0.707319 0.185767
vt 0.707319 0.194092
vt 0.69226 0.194092
vt 0.707319 0.185767
vt 0.722089 0.185767
vt 0.722089 0.194092
vt 0.707319 0.194092
vt 0.762939 0.164771
vt 0.777926 0.164771
vt 0.777926 0.173096
vt 0.762939 0.173096
vt 0.777926 0.164771
vt 0.792913 0.164771
vt 0.792913 0.173096
vt 0.777926 0.173096
vt 0.509033 0.175024
vt 0.52402 0.175024
vt 0.52402 0.18335
vt 0.509033 0.18335
vt 0.52402 0.175024
vt 0.539006 0.175024
vt 0.539006 0.18335
vt 0.52402 0.18335
vt 0.953369 0.175024
vt 0.968356 0.175024
vt 0.968356 0.18335
vt 0.953369 0.18335
vt 0.968356 0.175024
vt 0.983342 0.175024
vt 0.983342 0.18335
vt 0.968356 0.18335
vt 0.001221 0.164771
vt 0.016207 0.164771
vt 0.016207 0.173096
vt 0.001221 0.173096
vt 0.016207 0.164771
vt 0.031194 0.164771
vt 0.031194 0.173096
vt 0.016207 0.173096
vt 0.445557 0.164771
vt 0.460543 0.164771
vt 0.460543 0.173096
vt 0.445557 0.173096
vt 0.460543 0.164771
vt 0.47553 0.164771
vt 0.47553 0.173096
vt 0.460543 0.173096
vt 0.794678 0.164771
vt 0.809664 0.164771
vt 0.809664 0.173096
vt 0.794678 0.173096
vt 0.809664 0.164771
vt 0.824651 0.164771
vt 0.824651 0.173096
vt 0.809664 0.173096
vt 0.032959 0.164771
vt 0.047946 0.164771
vt 0.047946 0.173096
vt 0.032959 0.173096
vt 0.047946 0.164771
vt 0.062932 0.164771
vt 0.062932 0.173096
vt 0.047946 0.173096
vt 0.477295 0.164771
vt 0.492282 0.164771
vt 0.492282 0.173096
vt 0.477295 0.173096
vt 0.492282 0.164771
vt 0.507268 0.164771
vt 0.507268 0.173096
vt 0.492282 0.173096
vt 0.001221 0.154517
vt 0.016207 0.154517
vt 0.016207 0.162842
vt 0.001221 0.162842
vt 0.016207 0.154517
vt 0.031194 0.154517
vt 0.031194 0.162842
vt 0.016207 0.162842
vt 0.911865 0.185767
vt 0.926852 0.185767
vt 0.926852 0.194092
vt 0.911865 0.194092
vt 0.926852 0.185767
vt 0.941838 0.185767
vt 0.941838 0.194092
vt 0.926852 0.194092
vt 0.255127 0.154517
vt 0.270114 0.154517
vt 0.270114 0.162842
vt 0.255127 0.162842
vt 0.270114 0.154517
vt 0.2851 0.154517
vt 0.2851 0.162842
vt 0.270114 0.162842
vt 0.064697 0.175024
vt 0.079684 0.175024
vt 0.079684 0.18335
vt 0.064697 0.18335
vt 0.079684 0.175024
vt 0.09467 0.175024
vt 0.09467 0.18335
vt 0.079684 0.18335
vt 0.445557 0.154517
vt 0.460543 0.154517
vt 0.460543 0.162842
vt 0.445557 0.162842
vt 0.460543 0.154517
vt 0.47553 0.154517
vt 0.47553 0.162842
vt 0.460543 0.162842
vt 0.318604 0.175024
vt 0.33359 0.175024
vt 0.33359 0.18335
vt 0.318604 0.18335
vt 0.33359 0.175024
vt 0.348577 0.175024
vt 0.348577 0.18335
vt 0.33359 0.18335
vt 0.557373 0.154517
vt 0.572432 0.154517
vt 0.572432 0.162842
vt 0.557373 0.162842
vt 0.67749 0.185767
vt 0.69226 0.185767
vt 0.69226 0.194092
vt 0.67749 0.194092
vt 0.920528 0.14432
vt 0.935587 0.14432
vt 0.935439 0.146455
vt 0.920677 0.146455
vt 0.935587 0.14432
vt 0.950357 0.146432
vt 0.949918 0.148526
vt 0.935439 0.146455
vt 0.950357 0.146432
vt 0.96427 0.150576
vt 0.963556 0.152588
vt 0.949918 0.148526
vt 0.481201 0.105083
vt 0.495971 0.102998
vt 0.496119 0.105133
vt 0.481641 0.107178
vt 0.495971 0.102998
vt 0.51103 0.102998
vt 0.510882 0.105133
vt 0.496119 0.105133
vt 0.51103 0.102998
vt 0.5258 0.105083
vt 0.52536 0.107178
vt 0.510882 0.105133
vt 0.836182 0.087505
vt 0.850951 0.085419
vt 0.8511 0.087555
vt 0.836621 0.0896
vt 0.850951 0.085419
vt 0.866011 0.085419
vt 0.865862 0.087555
vt 0.8511 0.087555
vt 0.866011 0.085419
vt 0.88078 0.087505
vt 0.880341 0.0896
vt 0.865862 0.087555
vt 0.573975 0.105083
vt 0.588744 0.102998
vt 0.588893 0.105133
vt 0.574414 0.107178
vt 0.588744 0.102998
vt 0.603804 0.102998
vt 0.603655 0.105133
vt 0.588893 0.105133
vt 0.603804 0.102998
vt 0.618573 0.105083
vt 0.618134 0.107178
vt 0.603655 0.105133
vt 0.186768 0.081646
vt 0.201537 0.07956
vt 0.201686 0.081696
vt 0.187207 0.08374
vt 0.201537 0.07956
vt 0.216596 0.07956
vt 0.216448 0.081696
vt 0.201686 0.081696
vt 0.216596 0.07956
vt 0.231366 0.081646
vt 0.230927 0.08374
vt 0.216448 0.081696
vt 0.557861 0.075786
vt 0.572631 0.073701
vt 0.572779 0.075836
vt 0.558301 0.077881
vt 0.572631 0.073701
vt 0.58769 0.073701
vt 0.587542 0.075836
vt 0.572779 0.075836
vt 0.58769 0.073701
vt 0.60246 0.075786
vt 0.602021 0.077881
vt 0.587542 0.075836
vt 0.093994 0.093365
vt 0.108764 0.091279
vt 0.108912 0.093414
vt 0.094434 0.095459
vt 0.108764 0.091279
vt 0.123823 0.091279
vt 0.123675 0.093414
vt 0.108912 0.093414
vt 0.123823 0.091279
vt 0.138593 0.093365
vt 0.138153 0.095459
vt 0.123675 0.093414
vt 0.511475 0.069927
vt 0.526244 0.067841
vt 0.526393 0.069977
vt 0.511914 0.072021
vt 0.526244 0.067841
vt 0.541304 0.067841
vt 0.541155 0.069977
vt 0.526393 0.069977
vt 0.541304 0.067841
vt 0.556073 0.069927
vt 0.555634 0.072021
vt 0.541155 0.069977
vt 0.604248 0.075786
vt 0.619018 0.073701
vt 0.619166 0.075836
vt 0.604687 0.077881
vt 0.619018 0.073701
vt 0.634077 0.073701
vt 0.633929 0.075836
vt 0.619166 0.075836
vt 0.634077 0.073701
vt 0.648847 0.075786
vt 0.648407 0.077881
vt 0.633929 0.075836
vt 0.001221 0.069927
vt 0.01599 0.067841
vt 0.016139 0.069977
vt 0.00166 0.072021
vt 0.01599 0.067841
vt 0.03105 0.067841
vt 0.030901 0.069977
vt 0.016139 0.069977
vt 0.03105 0.067841
vt 0.045819 0.069927
vt 0.04538 0.072021
vt 0.030901 0.069977
vt 0.891846 0.150576
vt 0.905759 0.146432
vt 0.906198 0.148526
vt 0.892559 0.152588
vt 0.905759 0.146432
vt 0.920528 0.14432
vt 0.920677 0.146455
vt 0.906198 0.148526
vt 0.84038 0.697527
vt 0.854859 0.700407
vt 0.85387 0.703666
vt 0.840047 0.700916
vt 0.854859 0.700407
vt 0.868498 0.706056
vt 0.866892 0.70906
vt 0.85387 0.703666
vt 0.868498 0.706056
vt 0.880772 0.714258
vt 0.878612 0.716891
vt 0.866892 0.70906
vt 0.880772 0.714258
vt 0.891211 0.724696
vt 0.888578 0.726857
vt 0.878612 0.716891
vt 0.891211 0.724696
vt 0.899412 0.736971
vt 0.896409 0.738576
vt 0.888578 0.726857
vt 0.899412 0.736971
vt 0.905062 0.75061
vt 0.901803 0.751598
vt 0.896409 0.738576
vt 0.905062 0.75061
vt 0.907942 0.765088
vt 0.904552 0.765422
vt 0.901803 0.751598
vt 0.907942 0.765088
vt 0.907942 0.779851
vt 0.904552 0.779517
vt 0.904552 0.765422
vt 0.907942 0.779851
vt 0.905062 0.794329
vt 0.901803 0.793341
vt 0.904552 0.779517
vt 0.905062 0.794329
vt 0.899412 0.807968
vt 0.896409 0.806363
vt 0.901803 0.793341
vt 0.899412 0.807968
vt 0.891211 0.820243
vt 0.888578 0.818082
vt 0.896409 0.806363
vt 0.891211 0.820243
vt 0.880772 0.830681
vt 0.878612 0.828049
vt 0.888578 0.818082
vt 0.880772 0.830681
vt 0.868498 0.838883
vt 0.866892 0.835879
vt 0.878612 0.828049
vt 0.868498 0.838883
vt 0.854859 0.844532
vt 0.85387 0.841273
vt 0.866892 0.835879
vt 0.854859 0.844532
vt 0.84038 0.847412
vt 0.840047 0.844023
vt 0.85387 0.841273
vt 0.84038 0.847412
vt 0.825618 0.847412
vt 0.825952 0.844023
vt 0.840047 0.844023
vt 0.825618 0.847412
vt 0.811139 0.844532
vt 0.812128 0.841273
vt 0.825952 0.844023
vt 0.811139 0.844532
vt 0.797501 0.838883
vt 0.799106 0.835879
vt 0.812128 0.841273
vt 0.797501 0.838883
vt 0.785226 0.830681
vt 0.787387 0.828049
vt 0.799106 0.835879
vt 0.785226 0.830681
vt 0.774788 0.820243
vt 0.77742 0.818082
vt 0.787387 0.828049
vt 0.774788 0.820243
vt 0.766586 0.807968
vt 0.76959 0.806363
vt 0.77742 0.818082
vt 0.766586 0.807968
vt 0.760937 0.794329
vt 0.764196 0.793341
vt 0.76959 0.806363
vt 0.760937 0.794329
vt 0.758057 0.779851
vt 0.761446 0.779517
vt 0.764196 0.793341
vt 0.758057 0.779851
vt 0.758057 0.765088
vt 0.761446 0.765422
vt 0.761446 0.779517
vt 0.758057 0.765088
vt 0.760937 0.75061
vt 0.764196 0.751598
vt 0.761446 0.765422
vt 0.760937 0.75061
vt 0.766586 0.736971
vt 0.76959 0.738576
vt 0.764196 0.751598
vt 0.766586 0.736971
vt 0.774788 0.724696
vt 0.77742 0.726857
vt 0.76959 0.738576
vt 0.774788 0.724696
vt 0.785226 0.714258
vt 0.787387 0.716891
vt 0.77742 0.726857
vt 0.785226 0.714258
vt 0.797501 0.706056
vt 0.799106 0.70906
vt 0.787387 0.716891
vt 0.797501 0.706056
vt 0.811139 0.700407
vt 0.812128 0.703666
vt 0.799106 0.70906
vt 0.811139 0.700407
vt 0.825618 0.697527
vt 0.825952 0.700916
vt 0.812128 0.703666
vt 0.825618 0.697527
vt 0.84038 0.697527
vt 0.840047 0.700916
vt 0.825952 0.700916
vt 0.083211 0.692656
vt 0.097035 0.689906
vt 0.098023 0.693165
vt 0.083544 0.696045
vt 0.097035 0.689906
vt 0.110056 0.684512
vt 0.111662 0.687516
vt 0.098023 0.693165
vt 0.110056 0.684512
vt 0.121776 0.676681
vt 0.123936 0.679314
vt 0.111662 0.687516
vt 0.121776 0.676681
vt 0.131742 0.666715
vt 0.134375 0.668875
vt 0.123936 0.679314
vt 0.131742 0.666715
vt 0.139573 0.654996
vt 0.142576 0.656601
vt 0.134375 0.668875
vt 0.139573 0.654996
vt 0.144967 0.641974
vt 0.148226 0.642962
vt 0.142576 0.656601
vt 0.144967 0.641974
vt 0.147716 0.62815
vt 0.151106 0.628484
vt 0.148226 0.642962
vt 0.147716 0.62815
vt 0.147716 0.614055
vt 0.151106 0.613721
vt 0.151106 0.628484
vt 0.147716 0.614055
vt 0.144967 0.600231
vt 0.148226 0.599242
vt 0.151106 0.613721
vt 0.144967 0.600231
vt 0.139573 0.587209
vt 0.142576 0.585604
vt 0.148226 0.599242
vt 0.139573 0.587209
vt 0.131742 0.57549
vt 0.134375 0.573329
vt 0.142576 0.585604
vt 0.131742 0.57549
vt 0.121776 0.565523
vt 0.123936 0.562891
vt 0.134375 0.573329
vt 0.121776 0.565523
vt 0.110056 0.557693
vt 0.111662 0.554689
vt 0.123936 0.562891
vt 0.110056 0.557693
vt 0.097035 0.552299
vt 0.098023 0.54904
vt 0.111662 0.554689
vt 0.097035 0.552299
vt 0.083211 0.549549
vt 0.083544 0.54616
vt 0.098023 0.54904
vt 0.083211 0.549549
vt 0.069116 0.549549
vt 0.068782 0.54616
vt 0.083544 0.54616
vt 0.069116 0.549549
vt 0.055292 0.552299
vt 0.054303 0.54904
vt 0.068782 0.54616
vt 0.055292 0.552299
vt 0.04227 0.557693
vt 0.040665 0.554689
vt 0.054303 0.54904
vt 0.04227 0.557693
vt 0.030551 0.565523
vt 0.02839 0.562891
vt 0.040665 0.554689
vt 0.030551 0.565523
vt 0.020584 0.57549
vt 0.017952 0.573329
vt 0.02839 0.562891
vt 0.020584 0.57549
vt 0.012754 0.587209
vt 0.00975 0.585604
vt 0.017952 0.573329
vt 0.012754 0.587209
vt 0.00736 0.600231
vt 0.004101 0.599242
vt 0.00975 0.585604
vt 0.00736 0.600231
vt 0.00461 0.614055
vt 0.001221 0.613721
vt 0.004101 0.599242
vt 0.00461 0.614055
vt 0.00461 0.62815
vt 0.001221 0.628484
vt 0.001221 0.613721
vt 0.00461 0.62815
vt 0.00736 0.641974
vt 0.004101 0.642962
vt 0.001221 0.628484
vt 0.00736 0.641974
vt 0.012754 0.654996
vt 0.00975 0.656601
vt 0.004101 0.642962
vt 0.012754 0.654996
vt 0.020584 0.666715
vt 0.017952 0.668875
vt 0.00975 0.656601
vt 0.020584 0.666715
vt 0.030551 0.676681
vt 0.02839 0.679314
vt 0.017952 0.668875
vt 0.030551 0.676681
vt 0.04227 0.684512
vt 0.040665 0.687516
vt 0.02839 0.679314
vt 0.04227 0.684512
vt 0.055292 0.689906
vt 0.054303 0.693165
vt 0.040665 0.687516
vt 0.055292 0.689906
vt 0.069116 0.692656
vt 0.068782 0.696045
vt 0.054303 0.693165
vt 0.069116 0.692656
vt 0.083211 0.692656
vt 0.083544 0.696045
vt 0.068782 0.696045
vt 0.69802 0.150453
vt 0.712783 0.150453
vt 0.712931 0.152588
vt 0.697872 0.152588
vt 0.712783 0.150453
vt 0.727262 0.148382
vt 0.727701 0.150475
vt 0.712931 0.152588
vt 0.727262 0.148382
vt 0.7409 0.14432
vt 0.741614 0.146332
vt 0.727701 0.150475
vt 0.743848 0.097138
vt 0.758326 0.099183
vt 0.758178 0.101318
vt 0.743408 0.099233
vt 0.758326 0.099183
vt 0.773089 0.099183
vt 0.773237 0.101318
vt 0.758178 0.101318
vt 0.773089 0.099183
vt 0.787567 0.097138
vt 0.788007 0.099233
vt 0.773237 0.101318
vt 0.883008 0.085419
vt 0.897486 0.087464
vt 0.897338 0.0896
vt 0.882568 0.087514
vt 0.897486 0.087464
vt 0.912249 0.087464
vt 0.912397 0.0896
vt 0.897338 0.0896
vt 0.912249 0.087464
vt 0.926728 0.085419
vt 0.927167 0.087514
vt 0.912397 0.0896
vt 0.558301 0.085419
vt 0.572779 0.087464
vt 0.572631 0.0896
vt 0.557861 0.087514
vt 0.572779 0.087464
vt 0.587542 0.087464
vt 0.58769 0.0896
vt 0.572631 0.0896
vt 0.587542 0.087464
vt 0.602021 0.085419
vt 0.60246 0.087514
vt 0.58769 0.0896
vt 0.604687 0.091279
vt 0.619166 0.093324
vt 0.619018 0.095459
vt 0.604248 0.093373
vt 0.619166 0.093324
vt 0.633929 0.093324
vt 0.634077 0.095459
vt 0.619018 0.095459
vt 0.633929 0.093324
vt 0.648407 0.091279
vt 0.648847 0.093373
vt 0.634077 0.095459
vt 0.187207 0.097138
vt 0.201686 0.099183
vt 0.201537 0.101318
vt 0.186768 0.099233
vt 0.201686 0.099183
vt 0.216448 0.099183
vt 0.216596 0.101318
vt 0.201537 0.101318
vt 0.216448 0.099183
vt 0.230927 0.097138
vt 0.231366 0.099233
vt 0.216596 0.101318
vt 0.06416 0.102998
vt 0.078639 0.105042
vt 0.07849 0.107178
vt 0.063721 0.105092
vt 0.078639 0.105042
vt 0.093401 0.105042
vt 0.09355 0.107178
vt 0.07849 0.107178
vt 0.093401 0.105042
vt 0.10788 0.102998
vt 0.108319 0.105092
vt 0.09355 0.107178
vt 0.372754 0.091279
vt 0.387233 0.093324
vt 0.387084 0.095459
vt 0.372314 0.093373
vt 0.387233 0.093324
vt 0.401995 0.093324
vt 0.402143 0.095459
vt 0.387084 0.095459
vt 0.401995 0.093324
vt 0.416474 0.091279
vt 0.416913 0.093373
vt 0.402143 0.095459
vt 0.156934 0.102998
vt 0.171412 0.105042
vt 0.171264 0.107178
vt 0.156494 0.105092
vt 0.171412 0.105042
vt 0.186175 0.105042
vt 0.186323 0.107178
vt 0.171264 0.107178
vt 0.186175 0.105042
vt 0.200653 0.102998
vt 0.201093 0.105092
vt 0.186323 0.107178
vt 0.27998 0.067841
vt 0.294459 0.069886
vt 0.294311 0.072021
vt 0.279541 0.069936
vt 0.294459 0.069886
vt 0.309222 0.069886
vt 0.30937 0.072021
vt 0.294311 0.072021
vt 0.309222 0.069886
vt 0.3237 0.067841
vt 0.32414 0.069936
vt 0.30937 0.072021
vt 0.669903 0.14432
vt 0.683542 0.148382
vt 0.683102 0.150475
vt 0.669189 0.146332
vt 0.683542 0.148382
vt 0.69802 0.150453
vt 0.697872 0.152588
vt 0.683102 0.150475
vt 0.738647 0.185767
vt 0.753706 0.185767
vt 0.753706 0.194092
vt 0.738647 0.194092
vt 0.753706 0.185767
vt 0.768476 0.185767
vt 0.768476 0.194092
vt 0.753706 0.194092
vt 0.889893 0.164771
vt 0.904879 0.164771
vt 0.904879 0.173096
vt 0.889893 0.173096
vt 0.904879 0.164771
vt 0.919866 0.164771
vt 0.919866 0.173096
vt 0.904879 0.173096
vt 0.540771 0.175024
vt 0.555758 0.175024
vt 0.555758 0.18335
vt 0.540771 0.18335
vt 0.555758 0.175024
vt 0.570745 0.175024
vt 0.570745 0.18335
vt 0.555758 0.18335
vt 0.064697 0.164771
vt 0.079684 0.164771
vt 0.079684 0.173096
vt 0.064697 0.173096
vt 0.079684 0.164771
vt 0.09467 0.164771
vt 0.09467 0.173096
vt 0.079684 0.173096
vt 0.096436 0.164771
vt 0.111422 0.164771
vt 0.111422 0.173096
vt 0.096436 0.173096
vt 0.111422 0.164771
vt 0.126409 0.164771
vt 0.126409 0.173096
vt 0.111422 0.173096
vt 0.509033 0.164771
vt 0.52402 0.164771
vt 0.52402 0.173096
vt 0.509033 0.173096
vt 0.52402 0.164771
vt 0.539006 0.164771
vt 0.539006 0.173096
vt 0.52402 0.173096
vt 0.826416 0.164771
vt 0.841403 0.164771
vt 0.841403 0.173096
vt 0.826416 0.173096
vt 0.841403 0.164771
vt 0.856389 0.164771
vt 0.856389 0.173096
vt 0.841403 0.173096
vt 0.128174 0.164771
vt 0.14316 0.164771
vt 0.14316 0.173096
vt 0.128174 0.173096
vt 0.14316 0.164771
vt 0.158147 0.164771
vt 0.158147 0.173096
vt 0.14316 0.173096
vt 0.540771 0.164771
vt 0.555758 0.164771
vt 0.555758 0.173096
vt 0.540771 0.173096
vt 0.555758 0.164771
vt 0.570745 0.164771
vt 0.570745 0.173096
vt 0.555758 0.173096
vt 0.032959 0.154517
vt 0.047946 0.154517
vt 0.047946 0.162842
vt 0.032959 0.162842
vt 0.047946 0.154517
vt 0.062932 0.154517
vt 0.062932 0.162842
vt 0.047946 0.162842
vt 0.096436 0.175024
vt 0.111422 0.175024
vt 0.111422 0.18335
vt 0.096436 0.18335
vt 0.111422 0.175024
vt 0.126409 0.175024
vt 0.126409 0.18335
vt 0.111422 0.18335
vt 0.064697 0.154517
vt 0.079684 0.154517
vt 0.079684 0.162842
vt 0.064697 0.162842
vt 0.079684 0.154517
vt 0.09467 0.154517
vt 0.09467 0.162842
vt 0.079684 0.162842
vt 0.350342 0.175024
vt 0.365328 0.175024
vt 0.365328 0.18335
vt 0.350342 0.18335
vt 0.365328 0.175024
vt 0.380315 0.175024
vt 0.380315 0.18335
vt 0.365328 0.18335
vt 0.477295 0.154517
vt 0.492282 0.154517
vt 0.492282 0.162842
vt 0.477295 0.162842
vt 0.492282 0.154517
vt 0.507268 0.154517
vt 0.507268 0.162842
vt 0.492282 0.162842
vt 0.128174 0.175024
vt 0.14316 0.175024
vt 0.14316 0.18335
vt 0.128174 0.18335
vt 0.14316 0.175024
vt 0.158147 0.175024
vt 0.158147 0.18335
vt 0.14316 0.18335
vt 0.607178 0.154517
vt 0.622237 0.154517
vt 0.622237 0.162842
vt 0.607178 0.162842
vt 0.723877 0.185767
vt 0.738647 0.185767
vt 0.738647 0.194092
vt 0.723877 0.194092
vt 0.549435 0.134066
vt 0.564494 0.134066
vt 0.564345 0.136201
vt 0.549583 0.136201
vt 0.564494 0.134066
vt 0.579263 0.136178
vt 0.578824 0.138272
vt 0.564345 0.136201
vt 0.579263 0.136178
vt 0.593176 0.140322
vt 0.592463 0.142334
vt 0.578824 0.138272
vt 0.805908 0.105083
vt 0.820678 0.102998
vt 0.820826 0.105133
vt 0.806348 0.107178
vt 0.820678 0.102998
vt 0.835737 0.102998
vt 0.835589 0.105133
vt 0.820826 0.105133
vt 0.835737 0.102998
vt 0.850507 0.105083
vt 0.850067 0.107178
vt 0.835589 0.105133
vt 0.140381 0.093365
vt 0.155151 0.091279
vt 0.155299 0.093414
vt 0.14082 0.095459
vt 0.155151 0.091279
vt 0.17021 0.091279
vt 0.170061 0.093414
vt 0.155299 0.093414
vt 0.17021 0.091279
vt 0.18498 0.093365
vt 0.18454 0.095459
vt 0.170061 0.093414
vt 0.511475 0.099224
vt 0.526244 0.097138
vt 0.526393 0.099274
vt 0.511914 0.101318
vt 0.526244 0.097138
vt 0.541304 0.097138
vt 0.541155 0.099274
vt 0.526393 0.099274
vt 0.541304 0.097138
vt 0.556073 0.099224
vt 0.555634 0.101318
vt 0.541155 0.099274
vt 0.759521 0.105083
vt 0.774291 0.102998
vt 0.77444 0.105133
vt 0.759961 0.107178
vt 0.774291 0.102998
vt 0.78935 0.102998
vt 0.789202 0.105133
vt 0.77444 0.105133
vt 0.78935 0.102998
vt 0.80412 0.105083
vt 0.803681 0.107178
vt 0.789202 0.105133
vt 0.650635 0.075786
vt 0.665405 0.073701
vt 0.665553 0.075836
vt 0.651074 0.077881
vt 0.665405 0.073701
vt 0.680464 0.073701
vt 0.680315 0.075836
vt 0.665553 0.075836
vt 0.680464 0.073701
vt 0.695233 0.075786
vt 0.694794 0.077881
vt 0.680315 0.075836
vt 0.249268 0.105083
vt 0.264037 0.102998
vt 0.264186 0.105133
vt 0.249707 0.107178
vt 0.264037 0.102998
vt 0.279096 0.102998
vt 0.278948 0.105133
vt 0.264186 0.105133
vt 0.279096 0.102998
vt 0.293866 0.105083
vt 0.293427 0.107178
vt 0.278948 0.105133
vt 0.233154 0.081646
vt 0.247924 0.07956
vt 0.248072 0.081696
vt 0.233594 0.08374
vt 0.247924 0.07956
vt 0.262983 0.07956
vt 0.262835 0.081696
vt 0.248072 0.081696
vt 0.262983 0.07956
vt 0.277753 0.081646
vt 0.277314 0.08374
vt 0.262835 0.081696
vt 0.233154 0.099224
vt 0.247924 0.097138
vt 0.248072 0.099274
vt 0.233594 0.101318
vt 0.247924 0.097138
vt 0.262983 0.097138
vt 0.262835 0.099274
vt 0.248072 0.099274
vt 0.262983 0.097138
vt 0.277753 0.099224
vt 0.277314 0.101318
vt 0.262835 0.099274
vt 0.836182 0.075786
vt 0.850951 0.073701
vt 0.8511 0.075836
vt 0.836621 0.077881
vt 0.850951 0.073701
vt 0.866011 0.073701
vt 0.865862 0.075836
vt 0.8511 0.075836
vt 0.866011 0.073701
vt 0.88078 0.075786
vt 0.880341 0.077881
vt 0.865862 0.075836
vt 0.520752 0.140322
vt 0.534665 0.136178
vt 0.535104 0.138272
vt 0.521465 0.142334
vt 0.534665 0.136178
vt 0.549435 0.134066
vt 0.549583 0.136201
vt 0.535104 0.138272
vt 0.234912 0.54616
vt 0.24939 0.54904
vt 0.248402 0.552299
vt 0.234578 0.549549
vt 0.24939 0.54904
vt 0.263029 0.554689
vt 0.261424 0.557693
vt 0.248402 0.552299
vt 0.263029 0.554689
vt 0.275304 0.562891
vt 0.273143 0.565523
vt 0.261424 0.557693
vt 0.275304 0.562891
vt 0.285742 0.573329
vt 0.283109 0.57549
vt 0.273143 0.565523
vt 0.285742 0.573329
vt 0.293944 0.585604
vt 0.29094 0.587209
vt 0.283109 0.57549
vt 0.293944 0.585604
vt 0.299593 0.599242
vt 0.296334 0.600231
vt 0.29094 0.587209
vt 0.299593 0.599242
vt 0.302473 0.613721
vt 0.299084 0.614055
vt 0.296334 0.600231
vt 0.302473 0.613721
vt 0.302473 0.628484
vt 0.299084 0.62815
vt 0.299084 0.614055
vt 0.302473 0.628484
vt 0.299593 0.642962
vt 0.296334 0.641974
vt 0.299084 0.62815
vt 0.299593 0.642962
vt 0.293944 0.656601
vt 0.29094 0.654996
vt 0.296334 0.641974
vt 0.293944 0.656601
vt 0.285742 0.668875
vt 0.283109 0.666715
vt 0.29094 0.654996
vt 0.285742 0.668875
vt 0.275304 0.679314
vt 0.273143 0.676681
vt 0.283109 0.666715
vt 0.275304 0.679314
vt 0.263029 0.687516
vt 0.261424 0.684512
vt 0.273143 0.676681
vt 0.263029 0.687516
vt 0.24939 0.693165
vt 0.248402 0.689906
vt 0.261424 0.684512
vt 0.24939 0.693165
vt 0.234912 0.696045
vt 0.234578 0.692656
vt 0.248402 0.689906
vt 0.234912 0.696045
vt 0.220149 0.696045
vt 0.220483 0.692656
vt 0.234578 0.692656
vt 0.220149 0.696045
vt 0.205671 0.693165
vt 0.206659 0.689906
vt 0.220483 0.692656
vt 0.205671 0.693165
vt 0.192032 0.687516
vt 0.193637 0.684512
vt 0.206659 0.689906
vt 0.192032 0.687516
vt 0.179757 0.679314
vt 0.181918 0.676681
vt 0.193637 0.684512
vt 0.179757 0.679314
vt 0.169319 0.668875
vt 0.171951 0.666715
vt 0.181918 0.676681
vt 0.169319 0.668875
vt 0.161117 0.656601
vt 0.164121 0.654996
vt 0.171951 0.666715
vt 0.161117 0.656601
vt 0.155468 0.642962
vt 0.158727 0.641974
vt 0.164121 0.654996
vt 0.155468 0.642962
vt 0.152588 0.628484
vt 0.155977 0.62815
vt 0.158727 0.641974
vt 0.152588 0.628484
vt 0.152588 0.613721
vt 0.155977 0.614055
vt 0.155977 0.62815
vt 0.152588 0.613721
vt 0.155468 0.599242
vt 0.158727 0.600231
vt 0.155977 0.614055
vt 0.155468 0.599242
vt 0.161117 0.585604
vt 0.164121 0.587209
vt 0.158727 0.600231
vt 0.161117 0.585604
vt 0.169319 0.573329
vt 0.171951 0.57549
vt 0.164121 0.587209
vt 0.169319 0.573329
vt 0.179757 0.562891
vt 0.181918 0.565523
vt 0.171951 0.57549
vt 0.179757 0.562891
vt 0.192032 0.554689
vt 0.193637 0.557693
vt 0.181918 0.565523
vt 0.192032 0.554689
vt 0.205671 0.54904
vt 0.206659 0.552299
vt 0.193637 0.557693
vt 0.205671 0.54904
vt 0.220149 0.54616
vt 0.220483 0.549549
vt 0.206659 0.552299
vt 0.220149 0.54616
vt 0.234912 0.54616
vt 0.234578 0.549549
vt 0.220483 0.549549
vt 0.385945 0.692656
vt 0.399769 0.689906
vt 0.400758 0.693165
vt 0.386279 0.696045
vt 0.399769 0.689906
vt 0.412791 0.684512
vt 0.414396 0.687516
vt 0.400758 0.693165
vt 0.412791 0.684512
vt 0.42451 0.676681
vt 0.426671 0.679314
vt 0.414396 0.687516
vt 0.42451 0.676681
vt 0.434477 0.666715
vt 0.437109 0.668875
vt 0.426671 0.679314
vt 0.434477 0.666715
vt 0.442307 0.654996
vt 0.445311 0.656601
vt 0.437109 0.668875
vt 0.442307 0.654996
vt 0.447701 0.641974
vt 0.45096 0.642962
vt 0.445311 0.656601
vt 0.447701 0.641974
vt 0.450451 0.62815
vt 0.45384 0.628484
vt 0.45096 0.642962
vt 0.450451 0.62815
vt 0.450451 0.614055
vt 0.45384 0.613721
vt 0.45384 0.628484
vt 0.450451 0.614055
vt 0.447701 0.600231
vt 0.45096 0.599242
vt 0.45384 0.613721
vt 0.447701 0.600231
vt 0.442307 0.587209
vt 0.445311 0.585604
vt 0.45096 0.599242
vt 0.442307 0.587209
vt 0.434477 0.57549
vt 0.437109 0.573329
vt 0.445311 0.585604
vt 0.434477 0.57549
vt 0.42451 0.565523
vt 0.426671 0.562891
vt 0.437109 0.573329
vt 0.42451 0.565523
vt 0.412791 0.557693
vt 0.414396 0.554689
vt 0.426671 0.562891
vt 0.412791 0.557693
vt 0.399769 0.552299
vt 0.400758 0.54904
vt 0.414396 0.554689
vt 0.399769 0.552299
vt 0.385945 0.549549
vt 0.386279 0.54616
vt 0.400758 0.54904
vt 0.385945 0.549549
vt 0.37185 0.549549
vt 0.371516 0.54616
vt 0.386279 0.54616
vt 0.37185 0.549549
vt 0.358026 0.552299
vt 0.357038 0.54904
vt 0.371516 0.54616
vt 0.358026 0.552299
vt 0.345004 0.557693
vt 0.343399 0.554689
vt 0.357038 0.54904
vt 0.345004 0.557693
vt 0.333285 0.565523
vt 0.331125 0.562891
vt 0.343399 0.554689
vt 0.333285 0.565523
vt 0.323319 0.57549
vt 0.320686 0.573329
vt 0.331125 0.562891
vt 0.323319 0.57549
vt 0.315488 0.587209
vt 0.312484 0.585604
vt 0.320686 0.573329
vt 0.315488 0.587209
vt 0.310094 0.600231
vt 0.306835 0.599242
vt 0.312484 0.585604
vt 0.310094 0.600231
vt 0.307344 0.614055
vt 0.303955 0.613721
vt 0.306835 0.599242
vt 0.307344 0.614055
vt 0.307344 0.62815
vt 0.303955 0.628484
vt 0.303955 0.613721
vt 0.307344 0.62815
vt 0.310094 0.641974
vt 0.306835 0.642962
vt 0.303955 0.628484
vt 0.310094 0.641974
vt 0.315488 0.654996
vt 0.312484 0.656601
vt 0.306835 0.642962
vt 0.315488 0.654996
vt 0.323319 0.666715
vt 0.320686 0.668875
vt 0.312484 0.656601
vt 0.323319 0.666715
vt 0.333285 0.676681
vt 0.331125 0.679314
vt 0.320686 0.668875
vt 0.333285 0.676681
vt 0.345004 0.684512
vt 0.343399 0.687516
vt 0.331125 0.679314
vt 0.345004 0.684512
vt 0.358026 0.689906
vt 0.357038 0.693165
vt 0.343399 0.687516
vt 0.358026 0.689906
vt 0.37185 0.692656
vt 0.371516 0.696045
vt 0.357038 0.693165
vt 0.37185 0.692656
vt 0.385945 0.692656
vt 0.386279 0.696045
vt 0.371516 0.696045
vt 0.623802 0.140199
vt 0.638564 0.140199
vt 0.638712 0.142334
vt 0.623653 0.142334
vt 0.638564 0.140199
vt 0.653043 0.138128
vt 0.653482 0.140222
vt 0.638712 0.142334
vt 0.653043 0.138128
vt 0.666681 0.134066
vt 0.667395 0.136078
vt 0.653482 0.140222
vt 0.836621 0.067841
vt 0.8511 0.069886
vt 0.850951 0.072021
vt 0.836182 0.069936
vt 0.8511 0.069886
vt 0.865862 0.069886
vt 0.866011 0.072021
vt 0.850951 0.072021
vt 0.865862 0.069886
vt 0.880341 0.067841
vt 0.88078 0.069936
vt 0.866011 0.072021
vt 0.790234 0.097138
vt 0.804713 0.099183
vt 0.804565 0.101318
vt 0.789795 0.099233
vt 0.804713 0.099183
vt 0.819475 0.099183
vt 0.819624 0.101318
vt 0.804565 0.101318
vt 0.819475 0.099183
vt 0.833954 0.097138
vt 0.834394 0.099233
vt 0.819624 0.101318
vt 0.419141 0.097138
vt 0.433619 0.099183
vt 0.433471 0.101318
vt 0.418701 0.099233
vt 0.433619 0.099183
vt 0.448382 0.099183
vt 0.44853 0.101318
vt 0.433471 0.101318
vt 0.448382 0.099183
vt 0.46286 0.097138
vt 0.4633 0.099233
vt 0.44853 0.101318
vt 0.945508 0.102998
vt 0.959986 0.105042
vt 0.959838 0.107178
vt 0.945068 0.105092
vt 0.959986 0.105042
vt 0.974749 0.105042
vt 0.974897 0.107178
vt 0.959838 0.107178
vt 0.974749 0.105042
vt 0.989228 0.102998
vt 0.989667 0.105092
vt 0.974897 0.107178
vt 0.697461 0.073701
vt 0.71194 0.075745
vt 0.711791 0.077881
vt 0.697021 0.075795
vt 0.71194 0.075745
vt 0.726702 0.075745
vt 0.72685 0.077881
vt 0.711791 0.077881
vt 0.726702 0.075745
vt 0.741181 0.073701
vt 0.74162 0.075795
vt 0.72685 0.077881
vt 0.110547 0.102998
vt 0.125026 0.105042
vt 0.124877 0.107178
vt 0.110107 0.105092
vt 0.125026 0.105042
vt 0.139788 0.105042
vt 0.139936 0.107178
vt 0.124877 0.107178
vt 0.139788 0.105042
vt 0.154267 0.102998
vt 0.154706 0.105092
vt 0.139936 0.107178
vt 0.27998 0.07956
vt 0.294459 0.081605
vt 0.294311 0.08374
vt 0.279541 0.081654
vt 0.294459 0.081605
vt 0.309222 0.081605
vt 0.30937 0.08374
vt 0.294311 0.08374
vt 0.309222 0.081605
vt 0.3237 0.07956
vt 0.32414 0.081654
vt 0.30937 0.08374
vt 0.388867 0.102998
vt 0.403346 0.105042
vt 0.403198 0.107178
vt 0.388428 0.105092
vt 0.403346 0.105042
vt 0.418108 0.105042
vt 0.418257 0.107178
vt 0.403198 0.107178
vt 0.418108 0.105042
vt 0.432587 0.102998
vt 0.433026 0.105092
vt 0.418257 0.107178
vt 0.883008 0.073701
vt 0.897486 0.075745
vt 0.897338 0.077881
vt 0.882568 0.075795
vt 0.897486 0.075745
vt 0.912249 0.075745
vt 0.912397 0.077881
vt 0.897338 0.077881
vt 0.912249 0.075745
vt 0.926728 0.073701
vt 0.927167 0.075795
vt 0.912397 0.077881
vt 0.595684 0.134066
vt 0.609323 0.138128
vt 0.608884 0.140222
vt 0.594971 0.136078
vt 0.609323 0.138128
vt 0.623802 0.140199
vt 0.623653 0.142334
vt 0.608884 0.140222
vt 0.785033 0.185767
vt 0.800093 0.185767
vt 0.800093 0.194092
vt 0.785033 0.194092
vt 0.800093 0.185767
vt 0.814862 0.185767
vt 0.814862 0.194092
vt 0.800093 0.194092
vt 0.921631 0.164771
vt 0.936617 0.164771
vt 0.936617 0.173096
vt 0.921631 0.173096
vt 0.936617 0.164771
vt 0.951604 0.164771
vt 0.951604 0.173096
vt 0.936617 0.173096
vt 0.57251 0.175024
vt 0.587496 0.175024
vt 0.587496 0.18335
vt 0.57251 0.18335
vt 0.587496 0.175024
vt 0.602483 0.175024
vt 0.602483 0.18335
vt 0.587496 0.18335
vt 0.159912 0.164771
vt 0.174899 0.164771
vt 0.174899 0.173096
vt 0.159912 0.173096
vt 0.174899 0.164771
vt 0.189885 0.164771
vt 0.189885 0.173096
vt 0.174899 0.173096
vt 0.19165 0.164771
vt 0.206637 0.164771
vt 0.206637 0.173096
vt 0.19165 0.173096
vt 0.206637 0.164771
vt 0.221624 0.164771
vt 0.221624 0.173096
vt 0.206637 0.173096
vt 0.57251 0.164771
vt 0.587496 0.164771
vt 0.587496 0.173096
vt 0.57251 0.173096
vt 0.587496 0.164771
vt 0.602483 0.164771
vt 0.602483 0.173096
vt 0.587496 0.173096
vt 0.858154 0.164771
vt 0.873141 0.164771
vt 0.873141 0.173096
vt 0.858154 0.173096
vt 0.873141 0.164771
vt 0.888128 0.164771
vt 0.888128 0.173096
vt 0.873141 0.173096
vt 0.223389 0.164771
vt 0.238375 0.164771
vt 0.238375 0.173096
vt 0.223389 0.173096
vt 0.238375 0.164771
vt 0.253362 0.164771
vt 0.253362 0.173096
vt 0.238375 0.173096
vt 0.604248 0.164771
vt 0.619235 0.164771
vt 0.619235 0.173096
vt 0.604248 0.173096
vt 0.619235 0.164771
vt 0.634221 0.164771
vt 0.634221 0.173096
vt 0.619235 0.173096
vt 0.096436 0.154517
vt 0.111422 0.154517
vt 0.111422 0.162842
vt 0.096436 0.162842
vt 0.111422 0.154517
vt 0.126409 0.154517
vt 0.126409 0.162842
vt 0.111422 0.162842
vt 0.159912 0.175024
vt 0.174899 0.175024
vt 0.174899 0.18335
vt 0.159912 0.18335
vt 0.174899 0.175024
vt 0.189885 0.175024
vt 0.189885 0.18335
vt 0.174899 0.18335
vt 0.128174 0.154517
vt 0.14316 0.154517
vt 0.14316 0.162842
vt 0.128174 0.162842
vt 0.14316 0.154517
vt 0.158147 0.154517
vt 0.158147 0.162842
vt 0.14316 0.162842
vt 0.38208 0.175024
vt 0.397067 0.175024
vt 0.397067 0.18335
vt 0.38208 0.18335
vt 0.397067 0.175024
vt 0.412053 0.175024
vt 0.412053 0.18335
vt 0.397067 0.18335
vt 0.509033 0.154517
vt 0.52402 0.154517
vt 0.52402 0.162842
vt 0.509033 0.162842
vt 0.52402 0.154517
vt 0.539006 0.154517
vt 0.539006 0.162842
vt 0.52402 0.162842
vt 0.19165 0.175024
vt 0.206637 0.175024
vt 0.206637 0.18335
vt 0.19165 0.18335
vt 0.206637 0.175024
vt 0.221624 0.175024
vt 0.221624 0.18335
vt 0.206637 0.18335
vt 0.623779 0.154517
vt 0.638838 0.154517
vt 0.638838 0.162842
vt 0.623779 0.162842
vt 0.770264 0.185767
vt 0.785033 0.185767
vt 0.785033 0.194092
vt 0.770264 0.194092
vt 0.772091 0.14432
vt 0.78715 0.14432
vt 0.787002 0.146455
vt 0.772239 0.146455
vt 0.78715 0.14432
vt 0.80192 0.146432
vt 0.80148 0.148526
vt 0.787002 0.146455
vt 0.80192 0.146432
vt 0.815833 0.150576
vt 0.815119 0.152588
vt 0.80148 0.148526
vt 0.295654 0.105083
vt 0.310424 0.102998
vt 0.310572 0.105133
vt 0.296094 0.107178
vt 0.310424 0.102998
vt 0.325483 0.102998
vt 0.325335 0.105133
vt 0.310572 0.105133
vt 0.325483 0.102998
vt 0.340253 0.105083
vt 0.339814 0.107178
vt 0.325335 0.105133
vt 0.928955 0.087505
vt 0.943725 0.085419
vt 0.943873 0.087555
vt 0.929394 0.0896
vt 0.943725 0.085419
vt 0.958784 0.085419
vt 0.958636 0.087555
vt 0.943873 0.087555
vt 0.958784 0.085419
vt 0.973554 0.087505
vt 0.973114 0.0896
vt 0.958636 0.087555
vt 0.557861 0.099224
vt 0.572631 0.097138
vt 0.572779 0.099274
vt 0.558301 0.101318
vt 0.572631 0.097138
vt 0.58769 0.097138
vt 0.587542 0.099274
vt 0.572779 0.099274
vt 0.58769 0.097138
vt 0.60246 0.099224
vt 0.602021 0.101318
vt 0.587542 0.099274
vt 0.418701 0.093365
vt 0.433471 0.091279
vt 0.433619 0.093414
vt 0.419141 0.095459
vt 0.433471 0.091279
vt 0.44853 0.091279
vt 0.448382 0.093414
vt 0.433619 0.093414
vt 0.44853 0.091279
vt 0.4633 0.093365
vt 0.46286 0.095459
vt 0.448382 0.093414
vt 0.279541 0.099224
vt 0.294311 0.097138
vt 0.294459 0.099274
vt 0.27998 0.101318
vt 0.294311 0.097138
vt 0.30937 0.097138
vt 0.309222 0.099274
vt 0.294459 0.099274
vt 0.30937 0.097138
vt 0.32414 0.099224
vt 0.3237 0.101318
vt 0.309222 0.099274
vt 0.202881 0.105083
vt 0.217651 0.102998
vt 0.217799 0.105133
vt 0.20332 0.107178
vt 0.217651 0.102998
vt 0.23271 0.102998
vt 0.232561 0.105133
vt 0.217799 0.105133
vt 0.23271 0.102998
vt 0.24748 0.105083
vt 0.24704 0.107178
vt 0.232561 0.105133
vt 0.186768 0.093365
vt 0.201537 0.091279
vt 0.201686 0.093414
vt 0.187207 0.095459
vt 0.201537 0.091279
vt 0.216596 0.091279
vt 0.216448 0.093414
vt 0.201686 0.093414
vt 0.216596 0.091279
vt 0.231366 0.093365
vt 0.230927 0.095459
vt 0.216448 0.093414
vt 0.434814 0.105083
vt 0.449584 0.102998
vt 0.449733 0.105133
vt 0.435254 0.107178
vt 0.449584 0.102998
vt 0.464643 0.102998
vt 0.464495 0.105133
vt 0.449733 0.105133
vt 0.464643 0.102998
vt 0.479413 0.105083
vt 0.478974 0.107178
vt 0.464495 0.105133
vt 0.325928 0.069927
vt 0.340698 0.067841
vt 0.340846 0.069977
vt 0.326367 0.072021
vt 0.340698 0.067841
vt 0.355757 0.067841
vt 0.355608 0.069977
vt 0.340846 0.069977
vt 0.355757 0.067841
vt 0.370526 0.069927
vt 0.370087 0.072021
vt 0.355608 0.069977
vt 0.743408 0.150576
vt 0.757321 0.146432
vt 0.75776 0.148526
vt 0.744122 0.152588
vt 0.757321 0.146432
vt 0.772091 0.14432
vt 0.772239 0.146455
vt 0.75776 0.148526
vt 0.537646 0.54616
vt 0.552125 0.54904
vt 0.551136 0.552299
vt 0.537312 0.549549
vt 0.552125 0.54904
vt 0.565763 0.554689
vt 0.564158 0.557693
vt 0.551136 0.552299
vt 0.565763 0.554689
vt 0.578038 0.562891
vt 0.575877 0.565523
vt 0.564158 0.557693
vt 0.578038 0.562891
vt 0.588477 0.573329
vt 0.585844 0.57549
vt 0.575877 0.565523
vt 0.588477 0.573329
vt 0.596678 0.585604
vt 0.593674 0.587209
vt 0.585844 0.57549
vt 0.596678 0.585604
vt 0.602327 0.599242
vt 0.599068 0.600231
vt 0.593674 0.587209
vt 0.602327 0.599242
vt 0.605207 0.613721
vt 0.601818 0.614055
vt 0.599068 0.600231
vt 0.605207 0.613721
vt 0.605207 0.628484
vt 0.601818 0.62815
vt 0.601818 0.614055
vt 0.605207 0.628484
vt 0.602327 0.642962
vt 0.599068 0.641974
vt 0.601818 0.62815
vt 0.602327 0.642962
vt 0.596678 0.656601
vt 0.593674 0.654996
vt 0.599068 0.641974
vt 0.596678 0.656601
vt 0.588477 0.668875
vt 0.585844 0.666715
vt 0.593674 0.654996
vt 0.588477 0.668875
vt 0.578038 0.679314
vt 0.575877 0.676681
vt 0.585844 0.666715
vt 0.578038 0.679314
vt 0.565763 0.687516
vt 0.564158 0.684512
vt 0.575877 0.676681
vt 0.565763 0.687516
vt 0.552125 0.693165
vt 0.551136 0.689906
vt 0.564158 0.684512
vt 0.552125 0.693165
vt 0.537646 0.696045
vt 0.537312 0.692656
vt 0.551136 0.689906
vt 0.537646 0.696045
vt 0.522884 0.696045
vt 0.523217 0.692656
vt 0.537312 0.692656
vt 0.522884 0.696045
vt 0.508405 0.693165
vt 0.509394 0.689906
vt 0.523217 0.692656
vt 0.508405 0.693165
vt 0.494766 0.687516
vt 0.496372 0.684512
vt 0.509394 0.689906
vt 0.494766 0.687516
vt 0.482492 0.679314
vt 0.484652 0.676681
vt 0.496372 0.684512
vt 0.482492 0.679314
vt 0.472053 0.668875
vt 0.474686 0.666715
vt 0.484652 0.676681
vt 0.472053 0.668875
vt 0.463852 0.656601
vt 0.466855 0.654996
vt 0.474686 0.666715
vt 0.463852 0.656601
vt 0.458202 0.642962
vt 0.461461 0.641974
vt 0.466855 0.654996
vt 0.458202 0.642962
vt 0.455322 0.628484
vt 0.458712 0.62815
vt 0.461461 0.641974
vt 0.455322 0.628484
vt 0.455322 0.613721
vt 0.458712 0.614055
vt 0.458712 0.62815
vt 0.455322 0.613721
vt 0.458202 0.599242
vt 0.461461 0.600231
vt 0.458712 0.614055
vt 0.458202 0.599242
vt 0.463852 0.585604
vt 0.466855 0.587209
vt 0.461461 0.600231
vt 0.463852 0.585604
vt 0.472053 0.573329
vt 0.474686 0.57549
vt 0.466855 0.587209
vt 0.472053 0.573329
vt 0.482492 0.562891
vt 0.484652 0.565523
vt 0.474686 0.57549
vt 0.482492 0.562891
vt 0.494766 0.554689
vt 0.496372 0.557693
vt 0.484652 0.565523
vt 0.494766 0.554689
vt 0.508405 0.54904
vt 0.509394 0.552299
vt 0.496372 0.557693
vt 0.508405 0.54904
vt 0.522884 0.54616
vt 0.523217 0.549549
vt 0.509394 0.552299
vt 0.522884 0.54616
vt 0.537646 0.54616
vt 0.537312 0.549549
vt 0.523217 0.549549
vn 0 0 -1
vn 0.703702 0.069309 -0.707107
vn 0.676659 0.205262 -0.707107
vn 0.623613 0.333328 -0.707107
vn 0.546601 0.448584 -0.707107
vn 0.448584 0.546601 -0.707107
vn 0.333328 0.623613 -0.707107
vn 0.205262 0.676659 -0.707107
vn 0.069309 0.703702 -0.707107
vn -0.069309 0.703702 -0.707107
vn -0.205262 0.676659 -0.707107
vn -0.333328 0.623613 -0.707107
vn -0.448584 0.546601 -0.707107
vn -0.546601 0.448584 -0.707107
vn -0.623613 0.333328 -0.707107
vn -0.676659 0.205262 -0.707107
vn -0.703702 0.069309 -0.707107
vn -0.703702 -0.069309 -0.707107
vn -0.676659 -0.205262 -0.707107
vn -0.623613 -0.333328 -0.707107
vn -0.546601 -0.448584 -0.707107
vn -0.448584 -0.546601 -0.707107
vn -0.333328 -0.623613 -0.707107
vn -0.205262 -0.676659 -0.707107
vn -0.069309 -0.703702 -0.707107
vn 0.069309 -0.703702 -0.707107
vn 0.205262 -0.676659 -0.707107
vn 0.333328 -0.623613 -0.707107
vn 0.448584 -0.546601 -0.707107
vn 0.546601 -0.448584 -0.707107
vn 0.623613 -0.333328 -0.707107
vn 0.676659 -0.205262 -0.707107
vn 0.703702 -0.069309 -0.707107
vn 0.995185 0.098017 0
vn 0.95694 0.290285 0
vn 0.881921 0.471397 0
vn 0.77301 0.634393 0
vn 0.634393 0.77301 0
vn 0.471397 0.881921 0
vn 0.290285 0.95694 0
vn 0.098017 0.995185 0
vn -0.098017 0.995185 0
vn -0.290285 0.95694 0
vn -0.471397 0.881921 0
vn -0.634393 0.77301 0
vn -0.77301 0.634393 0
vn -0.881921 0.471397 0
vn -0.95694 0.290285 0
vn -0.995185 0.098017 0
vn -0.995185 -0.098017 0
vn -0.95694 -0.290285 0
vn -0.881921 -0.471397 0
vn -0.77301 -0.634393 0
vn -0.634393 -0.77301 0
vn -0.471397 -0.881921 0
vn -0.290285 -0.95694 0
vn -0.098017 -0.995185 0
vn 0.098017 -0.995185 0
vn 0.290285 -0.95694 0
vn 0.471397 -0.881921 0
vn 0.634393 -0.77301 0
vn 0.77301 -0.634393 0
vn 0.881921 -0.471397 0
vn 0.95694 -0.290285 0
vn 0.995185 -0.098017 0
vn 0.703702 0.069309 0.707107
vn 0.676659 0.205262 0.707107
vn 0.623613 0.333328 0.707107
vn 0.546601 0.448584 0.707107
vn 0.448584 0.546601 0.707107
vn 0.333328 0.623613 0.707107
vn 0.205262 0.676659 0.707107
vn 0.069309 0.703702 0.707107
vn -0.069309 0.703702 0.707107
vn -0.205262 0.676659 0.707107
vn -0.333328 0.623613 0.707107
vn -0.448584 0.546601 0.707107
vn -0.546601 0.448584 0.707107
vn -0.623613 0.333328 0.707107
vn -0.676659 0.205262 0.707107
vn -0.703702 0.069309 0.707107
vn -0.703702 -0.069309 0.707107
vn -0.676659 -0.205262 0.707107
vn -0.623613 -0.333328 0.707107
vn -0.546601 -0.448584 0.707107
vn -0.448584 -0.546601 0.707107
vn -0.333328 -0.623613 0.707107
vn -0.205262 -0.676659 0.707107
vn -0.069309 -0.703702 0.707107
vn 0.069309 -0.703702 0.707107
vn 0.205262 -0.676659 0.707107
vn 0.333328 -0.623613 0.707107
vn 0.448584 -0.546601 0.707107
vn 0.546601 -0.448584 0.707107
vn 0.623613 -0.333328 0.707107
vn 0.676659 -0.205262 0.707107
vn 0.703702 -0.069309 0.707107
vn 0 0 1
f 769/2817/738 770/2818/738 802/2819/738 801/2820/738
f 770/2821/738 771/2822/738 803/2823/738 802/2824/738
f 771/2825/738 772/2826/738 804/2827/738 803/2828/738
f 772/2829/738 773/2830/738 805/2831/738 804/2832/738
f 773/2833/738 774/2834/738 806/2835/738 805/2836/738
f 774/2837/738 775/2838/738 807/2839/738 806/2840/738
f 775/2841/738 776/2842/738 808/2843/738 807/2844/738
f 776/2845/738 777/2846/738 809/2847/738 808/2848/738
f 777/2849/738 778/2850/738 810/2851/738 809/2852/738
f 778/2853/738 779/2854/738 811/2855/738 810/2856/738
f 779/2857/738 780/2858/738 812/2859/738 811/2860/738
f 780/2861/738 781/2862/738 813/2863/738 812/2864/738
f 781/2865/738 782/2866/738 814/2867/738 813/2868/738
f 782/2869/738 783/2870/738 815/2871/738 814/2872/738
f 783/2873/738 784/2874/738 816/2875/738 815/2876/738
f 784/2877/738 785/2878/738 817/2879/738 816/2880/738
f 785/2881/738 786/2882/738 818/2883/738 817/2884/738
f 786/2885/738 787/2886/738 819/2887/738 818/2888/738
f 787/2889/738 788/2890/738 820/2891/738 819/2892/738
f 788/2893/738 789/2894/738 821/2895/738 820/2896/738
f 789/2897/738 790/2898/738 822/2899/738 821/2900/738
f 790/2901/738 791/2902/738 823/2903/738 822/2904/738
f 791/2905/738 792/2906/738 824/2907/738 823/2908/738
f 792/2909/738 793/2910/738 825/2911/738 824/2912/738
f 793/2913/738 794/2914/738 826/2915/738 825/2916/738
f 794/2917/738 795/2918/738 827/2919/738 826/2920/738
f 795/2921/738 796/2922/738 828/2923/738 827/2924/738
f 796/2925/738 797/2926/738 829/2927/738 828/2928/738
f 797/2929/738 798/2930/738 830/2931/738 829/2932/738
f 798/2933/738 799/2934/738 831/2935/738 830/2936/738
f 799/2937/738 800/2938/738 832/2939/738 831/2940/738
f 800/2941/738 769/2942/738 801/2943/738 832/2944/738
f 801/2945/739 802/2946/740 834/2947/740 833/2948/739
f 802/2949/740 803/2950/741 835/2951/741 834/2952/740
f 803/2953/741 804/2954/742 836/2955/742 835/2956/741
f 804/2957/742 805/2958/743 837/2959/743 836/2960/742
f 805/2961/743 806/2962/744 838/2963/744 837/2964/743
f 806/2965/744 807/2966/745 839/2967/745 838/2968/744
f 807/2969/745 808/2970/746 840/2971/746 839/2972/745
f 808/2973/746 809/2974/747 841/2975/747 840/2976/746
f 809/2977/747 810/2978/748 842/2979/748 841/2980/747
f 810/2981/748 811/2982/749 843/2983/749 842/2984/748
f 811/2985/749 812/2986/750 844/2987/750 843/2988/749
f 812/2989/750 813/2990/751 845/2991/751 844/2992/750
f 813/2993/751 814/2994/752 846/2995/752 845/2996/751
f 814/2997/752 815/2998/753 847/2999/753 846/3000/752
f 815/3001/753 816/3002/754 848/3003/754 847/3004/753
f 816/3005/754 817/3006/755 849/3007/755 848/3008/754
f 817/3009/755 818/3010/756 850/3011/756 849/3012/755
f 818/3013/756 819/3014/757 851/3015/757 850/3016/756
f 819/3017/757 820/3018/758 852/3019/758 851/3020/757
f 820/3021/758 821/3022/759 853/3023/759 852/3024/758
f 821/3025/759 822/3026/760 854/3027/760 853/3028/759
f 822/3029/760 823/3030/761 855/3031/761 854/3032/760
f 823/3033/761 824/3034/762 856/3035/762 855/3036/761
f 824/3037/762 825/3038/763 857/3039/763 856/3040/762
f 825/3041/763 826/3042/764 858/3043/764 857/3044/763
f 826/3045/764 827/3046/765 859/3047/765 858/3048/764
f 827/3049/765 828/3050/766 860/3051/766 859/3052/765
f 828/3053/766 829/3054/767 861/3055/767 860/3056/766
f 829/3057/767 830/3058/768 862/3059/768 861/3060/767
f 830/3061/768 831/3062/769 863/3063/769 862/3064/768
f 831/3065/769 832/3066/770 864/3067/770 863/3068/769
f 832/3069/770 801/3070/739 833/3071/739 864/3072/770
f 833/3073/771 834/3074/772 866/3075/772 865/3076/771
f 834/3077/772 835/3078/773 867/3079/773 866/3080/772
f 835/3081/773 836/3082/774 868/3083/774 867/3084/773
f 836/3085/774 837/3086/775 869/3087/775 868/3088/774
f 837/3089/775 838/3090/776 870/3091/776 869/3092/775
f 838/3093/776 839/3094/777 871/3095/777 870/3096/776
f 839/3097/777 840/3098/778 872/3099/778 871/3100/777
f 840/3101/778 841/3102/779 873/3103/779 872/3104/778
f 841/3105/779 842/3106/780 874/3107/780 873/3108/779
f 842/3109/780 843/3110/781 875/3111/781 874/3112/780
f 843/3113/781 844/3114/782 876/3115/782 875/3116/781
f 844/3117/782 845/3118/783 877/3119/783 876/3120/782
f 845/3121/783 846/3122/784 878/3123/784 877/3124/783
f 846/3125/784 847/3126/785 879/3127/785 878/3128/784
f 847/3129/785 848/3130/786 880/3131/786 879/3132/785
f 848/3133/786 849/3134/787 881/3135/787 880/3136/786
f 849/3137/787 850/3138/788 882/3139/788 881/3140/787
f 850/3141/788 851/3142/789 883/3143/789 882/3144/788
f 851/3145/789 852/3146/790 884/3147/790 883/3148/789
f 852/3149/790 853/3150/791 885/3151/791 884/3152/790
f 853/3153/791 854/3154/792 886/3155/792 885/3156/791
f 854/3157/792 855/3158/793 887/3159/793 886/3160/792
f 855/3161/793 856/3162/794 888/3163/794 887/3164/793
f 856/3165/794 857/3166/795 889/3167/795 888/3168/794
f 857/3169/795 858/3170/796 890/3171/796 889/3172/795
f 858/3173/796 859/3174/797 891/3175/797 890/3176/796
f 859/3177/797 860/3178/798 892/3179/798 891/3180/797
f 860/3181/798 861/3182/799 893/3183/799 892/3184/798
f 861/3185/799 862/3186/800 894/3187/800 893/3188/799
f 862/3189/800 863/3190/801 895/3191/801 894/3192/800
f 863/3193/801 864/3194/802 896/3195/802 895/3196/801
f 864/3197/802 833/3198/771 865/3199/771 896/3200/802
f 865/3201/803 866/3202/804 898/3203/804 897/3204/803
f 866/3205/804 867/3206/805 899/3207/805 898/3208/804
f 867/3209/805 868/3210/806 900/3211/806 899/3212/805
f 868/3213/806 869/3214/807 901/3215/807 900/3216/806
f 869/3217/807 870/3218/808 902/3219/808 901/3220/807
f 870/3221/808 871/3222/809 903/3223/809 902/3224/808
f 871/3225/809 872/3226/810 904/3227/810 903/3228/809
f 872/3229/810 873/3230/811 905/3231/811 904/3232/810
f 873/3233/811 874/3234/812 906/3235/812 905/3236/811
f 874/3237/812 875/3238/813 907/3239/813 906/3240/812
f 875/3241/813 876/3242/814 908/3243/814 907/3244/813
f 876/3245/814 877/3246/815 909/3247/815 908/3248/814
f 877/3249/815 878/3250/816 910/3251/816 909/3252/815
f 878/3253/816 879/3254/817 911/3255/817 910/3256/816
f 879/3257/817 880/3258/818 912/3259/818 911/3260/817
f 880/3261/818 881/3262/819 913/3263/819 912/3264/818
f 881/3265/819 882/3266/820 914/3267/820 913/3268/819
f 882/3269/820 883/3270/821 915/3271/821 914/3272/820
f 883/3273/821 884/3274/822 916/3275/822 915/3276/821
f 884/3277/822 885/3278/823 917/3279/823 916/3280/822
f 885/3281/823 886/3282/824 918/3283/824 917/3284/823
f 886/3285/824 887/3286/825 919/3287/825 918/3288/824
f 887/3289/825 888/3290/826 920/3291/826 919/3292/825
f 888/3293/826 889/3294/827 921/3295/827 920/3296/826
f 889/3297/827 890/3298/828 922/3299/828 921/3300/827
f 890/3301/828 891/3302/829 923/3303/829 922/3304/828
f 891/3305/829 892/3306/830 924/3307/830 923/3308/829
f 892/3309/830 893/3310/831 925/3311/831 924/3312/830
f 893/3313/831 894/3314/832 926/3315/832 925/3316/831
f 894/3317/832 895/3318/833 927/3319/833 926/3320/832
f 895/3321/833 896/3322/834 928/3323/834 927/3324/833
f 896/3325/834 865/3326/803 897/3327/803 928/3328/834
f 897/3329/835 898/3330/835 930/3331/835 929/3332/835
f 898/3333/835 899/3334/835 931/3335/835 930/3336/835
f 899/3337/835 900/3338/835 932/3339/835 931/3340/835
f 900/3341/835 901/3342/835 933/3343/835 932/3344/835
f 901/3345/835 902/3346/835 934/3347/835 933/3348/835
f 902/3349/835 903/3350/835 935/3351/835 934/3352/835
f 903/3353/835 904/3354/835 936/3355/835 935/3356/835
f 904/3357/835 905/3358/835 937/3359/835 936/3360/835
f 905/3361/835 906/3362/835 938/3363/835 937/3364/835
f 906/3365/835 907/3366/835 939/3367/835 938/3368/835
f 907/3369/835 908/3370/835 940/3371/835 939/3372/835
f 908/3373/835 909/3374/835 941/3375/835 940/3376/835
f 909/3377/835 910/3378/835 942/3379/835 941/3380/835
f 910/3381/835 911/3382/835 943/3383/835 942/3384/835
f 911/3385/835 912/3386/835 944/3387/835 943/3388/835
f 912/3389/835 913/3390/835 945/3391/835 944/3392/835
f 913/3393/835 914/3394/835 946/3395/835 945/3396/835
f 914/3397/835 915/3398/835 947/3399/835 946/3400/835
f 915/3401/835 916/3402/835 948/3403/835 947/3404/835
f 916/3405/835 917/3406/835 949/3407/835 948/3408/835
f 917/3409/835 918/3410/835 950/3411/835 949/3412/835
f 918/3413/835 919/3414/835 951/3415/835 950/3416/835
f 919/3417/835 920/3418/835 952/3419/835 951/3420/835
f 920/3421/835 921/3422/835 953/3423/835 952/3424/835
f 921/3425/835 922/3426/835 954/3427/835 953/3428/835
f 922/3429/835 923/3430/835 955/3431/835 954/3432/835
f 923/3433/835 924/3434/835 956/3435/835 955/3436/835
f 924/3437/835 925/3438/835 957/3439/835 956/3440/835
f 925/3441/835 926/3442/835 958/3443/835 957/3444/835
f 926/3445/835 927/3446/835 959/3447/835 958/3448/835
f 927/3449/835 928/3450/835 960/3451/835 959/3452/835
f 928/3453/835 897/3454/835 929/3455/835 960/3456/835
f 961/3457/738 962/3458/738 994/3459/738 993/3460/738
f 962/3461/738 963/3462/738 995/3463/738 994/3464/738
f 963/3465/738 964/3466/738 996/3467/738 995/3468/738
f 964/3469/738 965/3470/738 997/3471/738 996/3472/738
f 965/3473/738 966/3474/738 998/3475/738 997/3476/738
f 966/3477/738 967/3478/738 999/3479/738 998/3480/738
f 967/3481/738 968/3482/738 1000/3483/738 999/3484/738
f 968/3485/738 969/3486/738 1001/3487/738 1000/3488/738
f 969/3489/738 970/3490/738 1002/3491/738 1001/3492/738
f 970/3493/738 971/3494/738 1003/3495/738 1002/3496/738
f 971/3497/738 972/3498/738 1004/3499/738 1003/3500/738
f 972/3501/738 973/3502/738 1005/3503/738 1004/3504/738
f 973/3505/738 974/3506/738 1006/3507/738 1005/3508/738
f 974/3509/738 975/3510/738 1007/3511/738 1006/3512/738
f 975/3513/738 976/3514/738 1008/3515/738 1007/3516/738
f 976/3517/738 977/3518/738 1009/3519/738 1008/3520/738
f 977/3521/738 978/3522/738 1010/3523/738 1009/3524/738
f 978/3525/738 979/3526/738 1011/3527/738 1010/3528/738
f 979/3529/738 980/3530/738 1012/3531/738 1011/3532/738
f 980/3533/738 981/3534/738 1013/3535/738 1012/3536/738
f 981/3537/738 982/3538/738 1014/3539/738 1013/3540/738
f 982/3541/738 983/3542/738 1015/3543/738 1014/3544/738
f 983/3545/738 984/3546/738 1016/3547/738 1015/3548/738
f 984/3549/738 985/3550/738 1017/3551/738 1016/3552/738
f 985/3553/738 986/3554/738 1018/3555/738 1017/3556/738
f 986/3557/738 987/3558/738 1019/3559/738 1018/3560/738
f 987/3561/738 988/3562/738 1020/3563/738 1019/3564/738
f 988/3565/738 989/3566/738 1021/3567/738 1020/3568/738
f 989/3569/738 990/3570/738 1022/3571/738 1021/3572/738
f 990/3573/738 991/3574/738 1023/3575/738 1022/3576/738
f 991/3577/738 992/3578/738 1024/3579/738 1023/3580/738
f 992/3581/738 961/3582/738 993/3583/738 1024/3584/738
f 993/3585/739 994/3586/740 1026/3587/740 1025/3588/739
f 994/3589/740 995/3590/741 1027/3591/741 1026/3592/740
f 995/3593/741 996/3594/742 1028/3595/742 1027/3596/741
f 996/3597/742 997/3598/743 1029/3599/743 1028/3600/742
f 997/3601/743 998/3602/744 1030/3603/744 1029/3604/743
f 998/3605/744 999/3606/745 1031/3607/745 1030/3608/744
f 999/3609/745 1000/3610/746 1032/3611/746 1031/3612/745
f 1000/3613/746 1001/3614/747 1033/3615/747 1032/3616/746
f 1001/3617/747 1002/3618/748 1034/3619/748 1033/3620/747
f 1002/3621/748 1003/3622/749 1035/3623/749 1034/3624/748
f 1003/3625/749 1004/3626/750 1036/3627/750 1035/3628/749
f 1004/3629/750 1005/3630/751 1037/3631/751 1036/3632/750
f 1005/3633/751 1006/3634/752 1038/3635/752 1037/3636/751
f 1006/3637/752 1007/3638/753 1039/3639/753 1038/3640/752
f 1007/3641/753 1008/3642/754 1040/3643/754 1039/3644/753
f 1008/3645/754 1009/3646/755 1041/3647/755 1040/3648/754
f 1009/3649/755 1010/3650/756 1042/3651/756 1041/3652/755
f 1010/3653/756 1011/3654/757 1043/3655/757 1042/3656/756
f 1011/3657/757 1012/3658/758 1044/3659/758 1043/3660/757
f 1012/3661/758 1013/3662/759 1045/3663/759 1044/3664/758
f 1013/3665/759 1014/3666/760 1046/3667/760 1045/3668/759
f 1014/3669/760 1015/3670/761 1047/3671/761 1046/3672/760
f 1015/3673/761 1016/3674/762 1048/3675/762 1047/3676/761
f 1016/3677/762 1017/3678/763 1049/3679/763 1048/3680/762
f 1017/3681/763 1018/3682/764 1050/3683/764 1049/3684/763
f 1018/3685/764 1019/3686/765 1051/3687/765 1050/3688/764
f 1019/3689/765 1020/3690/766 1052/3691/766 1051/3692/765
f 1020/3693/766 1021/3694/767 1053/3695/767 1052/3696/766
f 1021/3697/767 1022/3698/768 1054/3699/768 1053/3700/767
f 1022/3701/768 1023/3702/769 1055/3703/769 1054/3704/768
f 1023/3705/769 1024/3706/770 1056/3707/770 1055/3708/769
f 1024/3709/770 993/3710/739 1025/3711/739 1056/3712/770
f 1025/3713/771 1026/3714/772 1058/3715/772 1057/3716/771
f 1026/3717/772 1027/3718/773 1059/3719/773 1058/3720/772
f 1027/3721/773 1028/3722/774 1060/3723/774 1059/3724/773
f 1028/3725/774 1029/3726/775 1061/3727/775 1060/3728/774
f 1029/3729/775 1030/3730/776 1062/3731/776 1061/3732/775
f 1030/3733/776 1031/3734/777 1063/3735/777 1062/3736/776
f 1031/3737/777 1032/3738/778 1064/3739/778 1063/3740/777
f 1032/3741/778 1033/3742/779 1065/3743/779 1064/3744/778
f 1033/3745/779 1034/3746/780 1066/3747/780 1065/3748/779
f 1034/3749/780 1035/3750/781 1067/3751/781 1066/3752/780
f 1035/3753/781 1036/3754/782 1068/3755/782 1067/3756/781
f 1036/3757/782 1037/3758/783 1069/3759/783 1068/3760/782
f 1037/3761/783 1038/3762/784 1070/3763/784 1069/3764/783
f 1038/3765/784 1039/3766/785 1071/3767/785 1070/3768/784
f 1039/3769/785 1040/3770/786 1072/3771/786 1071/3772/785
f 1040/3773/786 1041/3774/787 1073/3775/787 1072/3776/786
f 1041/3777/787 1042/3778/788 1074/3779/788 1073/3780/787
f 1042/3781/788 1043/3782/789 1075/3783/789 1074/3784/788
f 1043/3785/789 1044/3786/790 1076/3787/790 1075/3788/789
f 1044/3789/790 1045/3790/791 1077/3791/791 1076/3792/790
f 1045/3793/791 1046/3794/792 1078/3795/792 1077/3796/791
f 1046/3797/792 1047/3798/793 1079/3799/793 1078/3800/792
f 1047/3801/793 1048/3802/794 1080/3803/794 1079/3804/793
f 1048/3805/794 1049/3806/795 1081/3807/795 1080/3808/794
f 1049/3809/795 1050/3810/796 1082/3811/796 1081/3812/795
f 1050/3813/796 1051/3814/797 1083/3815/797 1082/3816/796
f 1051/3817/797 1052/3818/798 1084/3819/798 1083/3820/797
f 1052/3821/798 1053/3822/799 1085/3823/799 1084/3824/798
f 1053/3825/799 1054/3826/800 1086/3827/800 1085/3828/799
f 1054/3829/800 1055/3830/801 1087/3831/801 1086/3832/800
f 1055/3833/801 1056/3834/802 1088/3835/802 1087/3836/801
f 1056/3837/802 1025/3838/771 1057/3839/771 1088/3840/802
f 1057/3841/803 1058/3842/804 1090/3843/804 1089/3844/803
f 1058/3845/804 1059/3846/805 1091/3847/805 1090/3848/804
f 1059/3849/805 1060/3850/806 1092/3851/806 1091/3852/805
f 1060/3853/806 1061/3854/807 1093/3855/807 1092/3856/806
f 1061/3857/807 1062/3858/808 1094/3859/808 1093/3860/807
f 1062/3861/808 1063/3862/809 1095/3863/809 1094/3864/808
f 1063/3865/809 1064/3866/810 1096/3867/810 1095/3868/809
f 1064/3869/810 1065/3870/811 1097/3871/811 1096/3872/810
f 1065/3873/811 1066/3874/812 1098/3875/812 1097/3876/811
f 1066/3877/812 1067/3878/813 1099/3879/813 1098/3880/812
f 1067/3881/813 1068/3882/814 1100/3883/814 1099/3884/813
f 1068/3885/814 1069/3886/815 1101/3887/815 1100/3888/814
f 1069/3889/815 1070/3890/816 1102/3891/816 1101/3892/815
f 1070/3893/816 1071/3894/817 1103/3895/817 1102/3896/816
f 1071/3897/817 1072/3898/818 1104/3899/818 1103/3900/817
f 1072/3901/818 1073/3902/819 1105/3903/819 1104/3904/818
f 1073/3905/819 1074/3906/820 1106/3907/820 1105/3908/819
f 1074/3909/820 1075/3910/821 1107/3911/821 1106/3912/820
f 1075/3913/821 1076/3914/822 1108/3915/822 1107/3916/821
f 1076/3917/822 1077/3918/823 1109/3919/823 1108/3920/822
f 1077/3921/823 1078/3922/824 1110/3923/824 1109/3924/823
f 1078/3925/824 1079/3926/825 1111/3927/825 1110/3928/824
f 1079/3929/825 1080/3930/826 1112/3931/826 1111/3932/825
f 1080/3933/826 1081/3934/827 1113/3935/827 1112/3936/826
f 1081/3937/827 1082/3938/828 1114/3939/828 1113/3940/827
f 1082/3941/828 1083/3942/829 1115/3943/829 1114/3944/828
f 1083/3945/829 1084/3946/830 1116/3947/830 1115/3948/829
f 1084/3949/830 1085/3950/831 1117/3951/831 1116/3952/830
f 1085/3953/831 1086/3954/832 1118/3955/832 1117/3956/831
f 1086/3957/832 1087/3958/833 1119/3959/833 1118/3960/832
f 1087/3961/833 1088/3962/834 1120/3963/834 1119/3964/833
f 1088/3965/834 1057/3966/803 1089/3967/803 1120/3968/834
f 1089/3969/835 1090/3970/835 1122/3971/835 1121/3972/835
f 1090/3973/835 1091/3974/835 1123/3975/835 1122/3976/835
f 1091/3977/835 1092/3978/835 1124/3979/835 1123/3980/835
f 1092/3981/835 1093/3982/835 1125/3983/835 1124/3984/835
f 1093/3985/835 1094/3986/835 1126/3987/835 1125/3988/835
f 1094/3989/835 1095/3990/835 1127/3991/835 1126/3992/835
f 1095/3993/835 1096/3994/835 1128/3995/835 1127/3996/835
f 1096/3997/835 1097/3998/835 1129/3999/835 1128/4000/835
f 1097/4001/835 1098/4002/835 1130/4003/835 1129/4004/835
f 1098/4005/835 1099/4006/835 1131/4007/835 1130/4008/835
f 1099/4009/835 1100/4010/835 1132/4011/835 1131/4012/835
f 1100/4013/835 1101/4014/835 1133/4015/835 1132/4016/835
f 1101/4017/835 1102/4018/835 1134/4019/835 1133/4020/835
f 1102/4021/835 1103/4022/835 1135/4023/835 1134/4024/835
f 1103/4025/835 1104/4026/835 1136/4027/835 1135/4028/835
f 1104/4029/835 1105/4030/835 1137/4031/835 1136/4032/835
f 1105/4033/835 1106/4034/835 1138/4035/835 1137/4036/835
f 1106/4037/835 1107/4038/835 1139/4039/835 1138/4040/835
f 1107/4041/835 1108/4042/835 1140/4043/835 1139/4044/835
f 1108/4045/835 1109/4046/835 1141/4047/835 1140/4048/835
f 1109/4049/835 1110/4050/835 1142/4051/835 1141/4052/835
f 1110/4053/835 1111/4054/835 1143/4055/835 1142/4056/835
f 1111/4057/835 1112/4058/835 1144/4059/835 1143/4060/835
f 1112/4061/835 1113/4062/835 1145/4063/835 1144/4064/835
f 1113/4065/835 1114/4066/835 1146/4067/835 1145/4068/835
f 1114/4069/835 1115/4070/835 1147/4071/835 1146/4072/835
f 1115/4073/835 1116/4074/835 1148/4075/835 1147/4076/835
f 1116/4077/835 1117/4078/835 1149/4079/835 1148/4080/835
f 1117/4081/835 1118/4082/835 1150/4083/835 1149/4084/835
f 1118/4085/835 1119/4086/835 1151/4087/835 1150/4088/835
f 1119/4089/835 1120/4090/835 1152/4091/835 1151/4092/835
f 1120/4093/835 1089/4094/835 1121/4095/835 1152/4096/835
f 1153/4097/738 1154/4098/738 1186/4099/738 1185/4100/738
f 1154/4101/738 1155/4102/738 1187/4103/738 1186/4104/738
f 1155/4105/738 1156/4106/738 1188/4107/738 1187/4108/738
f 1156/4109/738 1157/4110/738 1189/4111/738 1188/4112/738
f 1157/4113/738 1158/4114/738 1190/4115/738 1189/4116/738
f 1158/4117/738 1159/4118/738 1191/4119/738 1190/4120/738
f 1159/4121/738 1160/4122/738 1192/4123/738 1191/4124/738
f 1160/4125/738 1161/4126/738 1193/4127/738 1192/4128/738
f 1161/4129/738 1162/4130/738 1194/4131/738 1193/4132/738
f 1162/4133/738 1163/4134/738 1195/4135/738 1194/4136/738
f 1163/4137/738 1164/4138/738 1196/4139/738 1195/4140/738
f 1164/4141/738 1165/4142/738 1197/4143/738 1196/4144/738
f 1165/4145/738 1166/4146/738 1198/4147/738 1197/4148/738
f 1166/4149/738 1167/4150/738 1199/4151/738 1198/4152/738
f 1167/4153/738 1168/4154/738 1200/4155/738 1199/4156/738
f 1168/4157/738 1169/4158/738 1201/4159/738 1200/4160/738
f 1169/4161/738 1170/4162/738 1202/4163/738 1201/4164/738
f 1170/4165/738 1171/4166/738 1203/4167/738 1202/4168/738
f 1171/4169/738 1172/4170/738 1204/4171/738 1203/4172/738
f 1172/4173/738 1173/4174/738 1205/4175/738 1204/4176/738
f 1173/4177/738 1174/4178/738 1206/4179/738 1205/4180/738
f 1174/4181/738 1175/4182/738 1207/4183/738 1206/4184/738
f 1175/4185/738 1176/4186/738 1208/4187/738 1207/4188/738
f 1176/4189/738 1177/4190/738 1209/4191/738 1208/4192/738
f 1177/4193/738 1178/4194/738 1210/4195/738 1209/4196/738
f 1178/4197/738 1179/4198/738 1211/4199/738 1210/4200/738
f 1179/4201/738 1180/4202/738 1212/4203/738 1211/4204/738
f 1180/4205/738 1181/4206/738 1213/4207/738 1212/4208/738
f 1181/4209/738 1182/4210/738 1214/4211/738 1213/4212/738
f 1182/4213/738 1183/4214/738 1215/4215/738 1214/4216/738
f 1183/4217/738 1184/4218/738 1216/4219/738 1215/4220/738
f 1184/4221/738 1153/4222/738 1185/4223/738 1216/4224/738
f 1185/4225/739 1186/4226/740 1218/4227/740 1217/4228/739
f 1186/4229/740 1187/4230/741 1219/4231/741 1218/4232/740
f 1187/4233/741 1188/4234/742 1220/4235/742 1219/4236/741
f 1188/4237/742 1189/4238/743 1221/4239/743 1220/4240/742
f 1189/4241/743 1190/4242/744 1222/4243/744 1221/4244/743
f 1190/4245/744 1191/4246/745 1223/4247/745 1222/4248/744
f 1191/4249/745 1192/4250/746 1224/4251/746 1223/4252/745
f 1192/4253/746 1193/4254/747 1225/4255/747 1224/4256/746
f 1193/4257/747 1194/4258/748 1226/4259/748 1225/4260/747
f 1194/4261/748 1195/4262/749 1227/4263/749 1226/4264/748
f 1195/4265/749 1196/4266/750 1228/4267/750 1227/4268/749
f 1196/4269/750 1197/4270/751 1229/4271/751 1228/4272/750
f 1197/4273/751 1198/4274/752 1230/4275/752 1229/4276/751
f 1198/4277/752 1199/4278/753 1231/4279/753 1230/4280/752
f 1199/4281/753 1200/4282/754 1232/4283/754 1231/4284/753
f 1200/4285/754 1201/4286/755 1233/4287/755 1232/4288/754
f 1201/4289/755 1202/4290/756 1234/4291/756 1233/4292/755
f 1202/4293/756 1203/4294/757 1235/4295/757 1234/4296/756
f 1203/4297/757 1204/4298/758 1236/4299/758 1235/4300/757
f 1204/4301/758 1205/4302/759 1237/4303/759 1236/4304/758
f 1205/4305/759 1206/4306/760 1238/4307/760 1237/4308/759
f 1206/4309/760 1207/4310/761 1239/4311/761 1238/4312/760
f 1207/4313/761 1208/4314/762 1240/4315/762 1239/4316/761
f 1208/4317/762 1209/4318/763 1241/4319/763 1240/4320/762
f 1209/4321/763 1210/4322/764 1242/4323/764 1241/4324/763
f 1210/4325/764 1211/4326/765 1243/4327/765 1242/4328/764
f 1211/4329/765 1212/4330/766 1244/4331/766 1243/4332/765
f 1212/4333/766 1213/4334/767 1245/4335/767 1244/4336/766
f 1213/4337/767 1214/4338/768 1246/4339/768 1245/4340/767
f 1214/4341/768 1215/4342/769 1247/4343/769 1246/4344/768
f 1215/4345/769 1216/4346/770 1248/4347/770 1247/4348/769
f 1216/4349/770 1185/4350/739 1217/4351/739 1248/4352/770
f 1217/4353/771 1218/4354/772 1250/4355/772 1249/4356/771
f 1218/4357/772 1219/4358/773 1251/4359/773 1250/4360/772
f 1219/4361/773 1220/4362/774 1252/4363/774 1251/4364/773
f 1220/4365/774 1221/4366/775 1253/4367/775 1252/4368/774
f 1221/4369/775 1222/4370/776 1254/4371/776 1253/4372/775
f 1222/4373/776 1223/4374/777 1255/4375/777 1254/4376/776
f 1223/4377/777 1224/4378/778 1256/4379/778 1255/4380/777
f 1224/4381/778 1225/4382/779 1257/4383/779 1256/4384/778
f 1225/4385/779 1226/4386/780 1258/4387/780 1257/4388/779
f 1226/4389/780 1227/4390/781 1259/4391/781 1258/4392/780
f 1227/4393/781 1228/4394/782 1260/4395/782 1259/4396/781
f 1228/4397/782 1229/4398/783 1261/4399/783 1260/4400/782
f 1229/4401/783 1230/4402/784 1262/4403/784 1261/4404/783
f 1230/4405/784 1231/4406/785 1263/4407/785 1262/4408/784
f 1231/4409/785 1232/4410/786 1264/4411/786 1263/4412/785
f 1232/4413/786 1233/4414/787 1265/4415/787 1264/4416/786
f 1233/4417/787 1234/4418/788 1266/4419/788 1265/4420/787
f 1234/4421/788 1235/4422/789 1267/4423/789 1266/4424/788
f 1235/4425/789 1236/4426/790 1268/4427/790 1267/4428/789
f 1236/4429/790 1237/4430/791 1269/4431/791 1268/4432/790
f 1237/4433/791 1238/4434/792 1270/4435/792 1269/4436/791
f 1238/4437/792 1239/4438/793 1271/4439/793 1270/4440/792
f 1239/4441/793 1240/4442/794 1272/4443/794 1271/4444/793
f 1240/4445/794 1241/4446/795 1273/4447/795 1272/4448/794
f 1241/4449/795 1242/4450/796 1274/4451/796 1273/4452/795
f 1242/4453/796 1243/4454/797 1275/4455/797 1274/4456/796
f 1243/4457/797 1244/4458/798 1276/4459/798 1275/4460/797
f 1244/4461/798 1245/4462/799 1277/4463/799 1276/4464/798
f 1245/4465/799 1246/4466/800 1278/4467/800 1277/4468/799
f 1246/4469/800 1247/4470/801 1279/4471/801 1278/4472/800
f 1247/4473/801 1248/4474/802 1280/4475/802 1279/4476/801
f 1248/4477/802 1217/4478/771 1249/4479/771 1280/4480/802
f 1249/4481/803 1250/4482/804 1282/4483/804 1281/4484/803
f 1250/4485/804 1251/4486/805 1283/4487/805 1282/4488/804
f 1251/4489/805 1252/4490/806 1284/4491/806 1283/4492/805
f 1252/4493/806 1253/4494/807 1285/4495/807 1284/4496/806
f 1253/4497/807 1254/4498/808 1286/4499/808 1285/4500/807
f 1254/4501/808 1255/4502/809 1287/4503/809 1286/4504/808
f 1255/4505/809 1256/4506/810 1288/4507/810 1287/4508/809
f 1256/4509/810 1257/4510/811 1289/4511/811 1288/4512/810
f 1257/4513/811 1258/4514/812 1290/4515/812 1289/4516/811
f 1258/4517/812 1259/4518/813 1291/4519/813 1290/4520/812
f 1259/4521/813 1260/4522/814 1292/4523/814 1291/4524/813
f 1260/4525/814 1261/4526/815 1293/4527/815 1292/4528/814
f 1261/4529/815 1262/4530/816 1294/4531/816 1293/4532/815
f 1262/4533/816 1263/4534/817 1295/4535/817 1294/4536/816
f 1263/4537/817 1264/4538/818 1296/4539/818 1295/4540/817
f 1264/4541/818 1265/4542/819 1297/4543/819 1296/4544/818
f 1265/4545/819 1266/4546/820 1298/4547/820 1297/4548/819
f 1266/4549/820 1267/4550/821 1299/4551/821 1298/4552/820
f 1267/4553/821 1268/4554/822 1300/4555/822 1299/4556/821
f 1268/4557/822 1269/4558/823 1301/4559/823 1300/4560/822
f 1269/4561/823 1270/4562/824 1302/4563/824 1301/4564/823
f 1270/4565/824 1271/4566/825 1303/4567/825 1302/4568/824
f 1271/4569/825 1272/4570/826 1304/4571/826 1303/4572/825
f 1272/4573/826 1273/4574/827 1305/4575/827 1304/4576/826
f 1273/4577/827 1274/4578/828 1306/4579/828 1305/4580/827
f 1274/4581/828 1275/4582/829 1307/4583/829 1306/4584/828
f 1275/4585/829 1276/4586/830 1308/4587/830 1307/4588/829
f 1276/4589/830 1277/4590/831 1309/4591/831 1308/4592/830
f 1277/4593/831 1278/4594/832 1310/4595/832 1309/4596/831
f 1278/4597/832 1279/4598/833 1311/4599/833 1310/4600/832
f 1279/4601/833 1280/4602/834 1312/4603/834 1311/4604/833
f 1280/4605/834 1249/4606/803 1281/4607/803 1312/4608/834
f 1281/4609/835 1282/4610/835 1314/4611/835 1313/4612/835
f 1282/4613/835 1283/4614/835 1315/4615/835 1314/4616/835
f 1283/4617/835 1284/4618/835 1316/4619/835 1315/4620/835
f 1284/4621/835 1285/4622/835 1317/4623/835 1316/4624/835
f 1285/4625/835 1286/4626/835 1318/4627/835 1317/4628/835
f 1286/4629/835 1287/4630/835 1319/4631/835 1318/4632/835
f 1287/4633/835 1288/4634/835 1320/4635/835 1319/4636/835
f 1288/4637/835 1289/4638/835 1321/4639/835 1320/4640/835
f 1289/4641/835 1290/4642/835 1322/4643/835 1321/4644/835
f 1290/4645/835 1291/4646/835 1323/4647/835 1322/4648/835
f 1291/4649/835 1292/4650/835 1324/4651/835 1323/4652/835
f 1292/4653/835 1293/4654/835 1325/4655/835 1324/4656/835
f 1293/4657/835 1294/4658/835 1326/4659/835 1325/4660/835
f 1294/4661/835 1295/4662/835 1327/4663/835 1326/4664/835
f 1295/4665/835 1296/4666/835 1328/4667/835 1327/4668/835
f 1296/4669/835 1297/4670/835 1329/4671/835 1328/4672/835
f 1297/4673/835 1298/4674/835 1330/4675/835 1329/4676/835
f 1298/4677/835 1299/4678/835 1331/4679/835 1330/4680/835
f 1299/4681/835 1300/4682/835 1332/4683/835 1331/4684/835
f 1300/4685/835 1301/4686/835 1333/4687/835 1332/4688/835
f 1301/4689/835 1302/4690/835 1334/4691/835 1333/4692/835
f 1302/4693/835 1303/4694/835 1335/4695/835 1334/4696/835
f 1303/4697/835 1304/4698/835 1336/4699/835 1335/4700/835
f 1304/4701/835 1305/4702/835 1337/4703/835 1336/4704/835
f 1305/4705/835 1306/4706/835 1338/4707/835 1337/4708/835
f 1306/4709/835 1307/4710/835 1339/4711/835 1338/4712/835
f 1307/4713/835 1308/4714/835 1340/4715/835 1339/4716/835
f 1308/4717/835 1309/4718/835 1341/4719/835 1340/4720/835
f 1309/4721/835 1310/4722/835 1342/4723/835 1341/4724/835
f 1310/4725/835 1311/4726/835 1343/4727/835 1342/4728/835
f 1311/4729/835 1312/4730/835 1344/4731/835 1343/4732/835
f 1312/4733/835 1281/4734/835 1313/4735/835 1344/4736/835
f 1345/4737/738 1346/4738/738 1378/4739/738 1377/4740/738
f 1346/4741/738 1347/4742/738 1379/4743/738 1378/4744/738
f 1347/4745/738 1348/4746/738 1380/4747/738 1379/4748/738
f 1348/4749/738 1349/4750/738 1381/4751/738 1380/4752/738
f 1349/4753/738 1350/4754/738 1382/4755/738 1381/4756/738
f 1350/4757/738 1351/4758/738 1383/4759/738 1382/4760/738
f 1351/4761/738 1352/4762/738 1384/4763/738 1383/4764/738
f 1352/4765/738 1353/4766/738 1385/4767/738 1384/4768/738
f 1353/4769/738 1354/4770/738 1386/4771/738 1385/4772/738
f 1354/4773/738 1355/4774/738 1387/4775/738 1386/4776/738
f 1355/4777/738 1356/4778/738 1388/4779/738 1387/4780/738
f 1356/4781/738 1357/4782/738 1389/4783/738 1388/4784/738
f 1357/4785/738 1358/4786/738 1390/4787/738 1389/4788/738
f 1358/4789/738 1359/4790/738 1391/4791/738 1390/4792/738
f 1359/4793/738 1360/4794/738 1392/4795/738 1391/4796/738
f 1360/4797/738 1361/4798/738 1393/4799/738 1392/4800/738
f 1361/4801/738 1362/4802/738 1394/4803/738 1393/4804/738
f 1362/4805/738 1363/4806/738 1395/4807/738 1394/4808/738
f 1363/4809/738 1364/4810/738 1396/4811/738 1395/4812/738
f 1364/4813/738 1365/4814/738 1397/4815/738 1396/4816/738
f 1365/4817/738 1366/4818/738 1398/4819/738 1397/4820/738
f 1366/4821/738 1367/4822/738 1399/4823/738 1398/4824/738
f 1367/4825/738 1368/4826/738 1400/4827/738 1399/4828/738
f 1368/4829/738 1369/4830/738 1401/4831/738 1400/4832/738
f 1369/4833/738 1370/4834/738 1402/4835/738 1401/4836/738
f 1370/4837/738 1371/4838/738 1403/4839/738 1402/4840/738
f 1371/4841/738 1372/4842/738 1404/4843/738 1403/4844/738
f 1372/4845/738 1373/4846/738 1405/4847/738 1404/4848/738
f 1373/4849/738 1374/4850/738 1406/4851/738 1405/4852/738
f 1374/4853/738 1375/4854/738 1407/4855/738 1406/4856/738
f 1375/4857/738 1376/4858/738 1408/4859/738 1407/4860/738
f 1376/4861/738 1345/4862/738 1377/4863/738 1408/4864/738
f 1377/4865/739 1378/4866/740 1410/4867/740 1409/4868/739
f 1378/4869/740 1379/4870/741 1411/4871/741 1410/4872/740
f 1379/4873/741 1380/4874/742 1412/4875/742 1411/4876/741
f 1380/4877/742 1381/4878/743 1413/4879/743 1412/4880/742
f 1381/4881/743 1382/4882/744 1414/4883/744 1413/4884/743
f 1382/4885/744 1383/4886/745 1415/4887/745 1414/4888/744
f 1383/4889/745 1384/4890/746 1416/4891/746 1415/4892/745
f 1384/4893/746 1385/4894/747 1417/4895/747 1416/4896/746
f 1385/4897/747 1386/4898/748 1418/4899/748 1417/4900/747
f 1386/4901/748 1387/4902/749 1419/4903/749 1418/4904/748
f 1387/4905/749 1388/4906/750 1420/4907/750 1419/4908/749
f 1388/4909/750 1389/4910/751 1421/4911/751 1420/4912/750
f 1389/4913/751 1390/4914/752 1422/4915/752 1421/4916/751
f 1390/4917/752 1391/4918/753 1423/4919/753 1422/4920/752
f 1391/4921/753 1392/4922/754 1424/4923/754 1423/4924/753
f 1392/4925/754 1393/4926/755 1425/4927/755 1424/4928/754
f 1393/4929/755 1394/4930/756 1426/4931/756 1425/4932/755
f 1394/4933/756 1395/4934/757 1427/4935/757 1426/4936/756
f 1395/4937/757 1396/4938/758 1428/4939/758 1427/4940/757
f 1396/4941/758 1397/4942/759 1429/4943/759 1428/4944/758
f 1397/4945/759 1398/4946/760 1430/4947/760 1429/4948/759
f 1398/4949/760 1399/4950/761 1431/4951/761 1430/4952/760
f 1399/4953/761 1400/4954/762 1432/4955/762 1431/4956/761
f 1400/4957/762 1401/4958/763 1433/4959/763 1432/4960/762
f 1401/4961/763 1402/4962/764 1434/4963/764 1433/4964/763
f 1402/4965/764 1403/4966/765 1435/4967/765 1434/4968/764
f 1403/4969/765 1404/4970/766 1436/4971/766 1435/4972/765
f 1404/4973/766 1405/4974/767 1437/4975/767 1436/4976/766
f 1405/4977/767 1406/4978/768 1438/4979/768 1437/4980/767
f 1406/4981/768 1407/4982/769 1439/4983/769 1438/4984/768
f 1407/4985/769 1408/4986/770 1440/4987/770 1439/4988/769
f 1408/4989/770 1377/4990/739 1409/4991/739 1440/4992/770
f 1409/4993/771 1410/4994/772 1442/4995/772 1441/4996/771
f 1410/4997/772 1411/4998/773 1443/4999/773 1442/5000/772
f 1411/5001/773 1412/5002/774 1444/5003/774 1443/5004/773
f 1412/5005/774 1413/5006/775 1445/5007/775 1444/5008/774
f 1413/5009/775 1414/5010/776 1446/5011/776 1445/5012/775
f 1414/5013/776 1415/5014/777 1447/5015/777 1446/5016/776
f 1415/5017/777 1416/5018/778 1448/5019/778 1447/5020/777
f 1416/5021/778 1417/5022/779 1449/5023/779 1448/5024/778
f 1417/5025/779 1418/5026/780 1450/5027/780 1449/5028/779
f 1418/5029/780 1419/5030/781 1451/5031/781 1450/5032/780
f 1419/5033/781 1420/5034/782 1452/5035/782 1451/5036/781
f 1420/5037/782 1421/5038/783 1453/5039/783 1452/5040/782
f 1421/5041/783 1422/5042/784 1454/5043/784 1453/5044/783
f 1422/5045/784 1423/5046/785 1455/5047/785 1454/5048/784
f 1423/5049/785 1424/5050/786 1456/5051/786 1455/5052/785
f 1424/5053/786 1425/5054/787 1457/5055/787 1456/5056/786
f 1425/5057/787 1426/5058/788 1458/5059/788 1457/5060/787
f 1426/5061/788 1427/5062/789 1459/5063/789 1458/5064/788
f 1427/5065/789 1428/5066/790 1460/5067/790 1459/5068/789
f 1428/5069/790 1429/5070/791 1461/5071/791 1460/5072/790
f 1429/5073/791 1430/5074/792 1462/5075/792 1461/5076/791
f 1430/5077/792 1431/5078/793 1463/5079/793 1462/5080/792
f 1431/5081/793 1432/5082/794 1464/5083/794 1463/5084/793
f 1432/5085/794 1433/5086/795 1465/5087/795 1464/5088/794
f 1433/5089/795 1434/5090/796 1466/5091/796 1465/5092/795
f 1434/5093/796 1435/5094/797 1467/5095/797 1466/5096/796
f 1435/5097/797 1436/5098/798 1468/5099/798 1467/5100/797
f 1436/5101/798 1437/5102/799 1469/5103/799 1468/5104/798
f 1437/5105/799 1438/5106/800 1470/5107/800 1469/5108/799
f 1438/5109/800 1439/5110/801 1471/5111/801 1470/5112/800
f 1439/5113/801 1440/5114/802 1472/5115/802 1471/5116/801
f 1440/5117/802 1409/5118/771 1441/5119/771 1472/5120/802
f 1441/5121/803 1442/5122/804 1474/5123/804 1473/5124/803
f 1442/5125/804 1443/5126/805 1475/5127/805 1474/5128/804
f 1443/5129/805 1444/5130/806 1476/5131/806 1475/5132/805
f 1444/5133/806 1445/5134/807 1477/5135/807 1476/5136/806
f 1445/5137/807 1446/5138/808 1478/5139/808 1477/5140/807
f 1446/5141/808 1447/5142/809 1479/5143/809 1478/5144/808
f 1447/5145/809 1448/5146/810 1480/5147/810 1479/5148/809
f 1448/5149/810 1449/5150/811 1481/5151/811 1480/5152/810
f 1449/5153/811 1450/5154/812 1482/5155/812 1481/5156/811
f 1450/5157/812 1451/5158/813 1483/5159/813 1482/5160/812
f 1451/5161/813 1452/5162/814 1484/5163/814 1483/5164/813
f 1452/5165/814 1453/5166/815 1485/5167/815 1484/5168/814
f 1453/5169/815 1454/5170/816 1486/5171/816 1485/5172/815
f 1454/5173/816 1455/5174/817 1487/5175/817 1486/5176/816
f 1455/5177/817 1456/5178/818 1488/5179/818 1487/5180/817
f 1456/5181/818 1457/5182/819 1489/5183/819 1488/5184/818
f 1457/5185/819 1458/5186/820 1490/5187/820 1489/5188/819
f 1458/5189/820 1459/5190/821 1491/5191/821 1490/5192/820
f 1459/5193/821 1460/5194/822 1492/5195/822 1491/5196/821
f 1460/5197/822 1461/5198/823 1493/5199/823 1492/5200/822
f 1461/5201/823 1462/5202/824 1494/5203/824 1493/5204/823
f 1462/5205/824 1463/5206/825 1495/5207/825 1494/5208/824
f 1463/5209/825 1464/5210/826 1496/5211/826 1495/5212/825
f 1464/5213/826 1465/5214/827 1497/5215/827 1496/5216/826
f 1465/5217/827 1466/5218/828 1498/5219/828 1497/5220/827
f 1466/5221/828 1467/5222/829 1499/5223/829 1498/5224/828
f 1467/5225/829 1468/5226/830 1500/5227/830 1499/5228/829
f 1468/5229/830 1469/5230/831 1501/5231/831 1500/5232/830
f 1469/5233/831 1470/5234/832 1502/5235/832 1501/5236/831
f 1470/5237/832 1471/5238/833 1503/5239/833 1502/5240/832
f 1471/5241/833 1472/5242/834 1504/5243/834 1503/5244/833
f 1472/5245/834 1441/5246/803 1473/5247/803 1504/5248/834
f 1473/5249/835 1474/5250/835 1506/5251/835 1505/5252/835
f 1474/5253/835 1475/5254/835 1507/5255/835 1506/5256/835
f 1475/5257/835 1476/5258/835 1508/5259/835 1507/5260/835
f 1476/5261/835 1477/5262/835 1509/5263/835 1508/5264/835
f 1477/5265/835 1478/5266/835 1510/5267/835 1509/5268/835
f 1478/5269/835 1479/5270/835 1511/5271/835 1510/5272/835
f 1479/5273/835 1480/5274/835 1512/5275/835 1511/5276/835
f 1480/5277/835 1481/5278/835 1513/5279/835 1512/5280/835
f 1481/5281/835 1482/5282/835 1514/5283/835 1513/5284/835
f 1482/5285/835 1483/5286/835 1515/5287/835 1514/5288/835
f 1483/5289/835 1484/5290/835 1516/5291/835 1515/5292/835
f 1484/5293/835 1485/5294/835 1517/5295/835 1516/5296/835
f 1485/5297/835 1486/5298/835 1518/5299/835 1517/5300/835
f 1486/5301/835 1487/5302/835 1519/5303/835 1518/5304/835
f 1487/5305/835 1488/5306/835 1520/5307/835 1519/5308/835
f 1488/5309/835 1489/5310/835 1521/5311/835 1520/5312/835
f 1489/5313/835 1490/5314/835 1522/5315/835 1521/5316/835
f 1490/5317/835 1491/5318/835 1523/5319/835 1522/5320/835
f 1491/5321/835 1492/5322/835 1524/5323/835 1523/5324/835
f 1492/5325/835 1493/5326/835 1525/5327/835 1524/5328/835
f 1493/5329/835 1494/5330/835 1526/5331/835 1525/5332/835
f 1494/5333/835 1495/5334/835 1527/5335/835 1526/5336/835
f 1495/5337/835 1496/5338/835 1528/5339/835 1527/5340/835
f 1496/5341/835 1497/5342/835 1529/5343/835 1528/5344/835
f 1497/5345/835 1498/5346/835 1530/5347/835 1529/5348/835
f 1498/5349/835 1499/5350/835 1531/5351/835 1530/5352/835
f 1499/5353/835 1500/5354/835 1532/5355/835 1531/5356/835
f 1500/5357/835 1501/5358/835 1533/5359/835 1532/5360/835
f 1501/5361/835 1502/5362/835 1534/5363/835 1533/5364/835
f 1502/5365/835 1503/5366/835 1535/5367/835 1534/5368/835
f 1503/5369/835 1504/5370/835 1536/5371/835 1535/5372/835
f 1504/5373/835 1473/5374/835 1505/5375/835 1536/5376/835
f 1537/5377/738 1538/5378/738 1570/5379/738 1569/5380/738
f 1538/5381/738 1539/5382/738 1571/5383/738 1570/5384/738
f 1539/5385/738 1540/5386/738 1572/5387/738 1571/5388/738
f 1540/5389/738 1541/5390/738 1573/5391/738 1572/5392/738
f 1541/5393/738 1542/5394/738 1574/5395/738 1573/5396/738
f 1542/5397/738 1543/5398/738 1575/5399/738 1574/5400/738
f 1543/5401/738 1544/5402/738 1576/5403/738 1575/5404/738
f 1544/5405/738 1545/5406/738 1577/5407/738 1576/5408/738
f 1545/5409/738 1546/5410/738 1578/5411/738 1577/5412/738
f 1546/5413/738 1547/5414/738 1579/5415/738 1578/5416/738
f 1547/5417/738 1548/5418/738 1580/5419/738 1579/5420/738
f 1548/5421/738 1549/5422/738 1581/5423/738 1580/5424/738
f 1549/5425/738 1550/5426/738 1582/5427/738 1581/5428/738
f 1550/5429/738 1551/5430/738 1583/5431/738 1582/5432/738
f 1551/5433/738 1552/5434/738 1584/5435/738 1583/5436/738
f 1552/5437/738 1553/5438/738 1585/5439/738 1584/5440/738
f 1553/5441/738 1554/5442/738 1586/5443/738 1585/5444/738
f 1554/5445/738 1555/5446/738 1587/5447/738 1586/5448/738
f 1555/5449/738 1556/5450/738 1588/5451/738 1587/5452/738
f 1556/5453/738 1557/5454/738 1589/5455/738 1588/5456/738
f 1557/5457/738 1558/5458/738 1590/5459/738 1589/5460/738
f 1558/5461/738 1559/5462/738 1591/5463/738 1590/5464/738
f 1559/5465/738 1560/5466/738 1592/5467/738 1591/5468/738
f 1560/5469/738 1561/5470/738 1593/5471/738 1592/5472/738
f 1561/5473/738 1562/5474/738 1594/5475/738 1593/5476/738
f 1562/5477/738 1563/5478/738 1595/5479/738 1594/5480/738
f 1563/5481/738 1564/5482/738 1596/5483/738 1595/5484/738
f 1564/5485/738 1565/5486/738 1597/5487/738 1596/5488/738
f 1565/5489/738 1566/5490/738 1598/5491/738 1597/5492/738
f 1566/5493/738 1567/5494/738 1599/5495/738 1598/5496/738
f 1567/5497/738 1568/5498/738 1600/5499/738 1599/5500/738
f 1568/5501/738 1537/5502/738 1569/5503/738 1600/5504/738
f 1569/5505/739 1570/5506/740 1602/5507/740 1601/5508/739
f 1570/5509/740 1571/5510/741 1603/5511/741 1602/5512/740
f 1571/5513/741 1572/5514/742 1604/5515/742 1603/5516/741
f 1572/5517/742 1573/5518/743 1605/5519/743 1604/5520/742
f 1573/5521/743 1574/5522/744 1606/5523/744 1605/5524/743
f 1574/5525/744 1575/5526/745 1607/5527/745 1606/5528/744
f 1575/5529/745 1576/5530/746 1608/5531/746 1607/5532/745
f 1576/5533/746 1577/5534/747 1609/5535/747 1608/5536/746
f 1577/5537/747 1578/5538/748 1610/5539/748 1609/5540/747
f 1578/5541/748 1579/5542/749 1611/5543/749 1610/5544/748
f 1579/5545/749 1580/5546/750 1612/5547/750 1611/5548/749
f 1580/5549/750 1581/5550/751 1613/5551/751 1612/5552/750
f 1581/5553/751 1582/5554/752 1614/5555/752 1613/5556/751
f 1582/5557/752 1583/5558/753 1615/5559/753 1614/5560/752
f 1583/5561/753 1584/5562/754 1616/5563/754 1615/5564/753
f 1584/5565/754 1585/5566/755 1617/5567/755 1616/5568/754
f 1585/5569/755 1586/5570/756 1618/5571/756 1617/5572/755
f 1586/5573/756 1587/5574/757 1619/5575/757 1618/5576/756
f 1587/5577/757 1588/5578/758 1620/5579/758 1619/5580/757
f 1588/5581/758 1589/5582/759 1621/5583/759 1620/5584/758
f 1589/5585/759 1590/5586/760 1622/5587/760 1621/5588/759
f 1590/5589/760 1591/5590/761 1623/5591/761 1622/5592/760
f 1591/5593/761 1592/5594/762 1624/5595/762 1623/5596/761
f 1592/5597/762 1593/5598/763 1625/5599/763 1624/5600/762
f 1593/5601/763 1594/5602/764 1626/5603/764 1625/5604/763
f 1594/5605/764 1595/5606/765 1627/5607/765 1626/5608/764
f 1595/5609/765 1596/5610/766 1628/5611/766 1627/5612/765
f 1596/5613/766 1597/5614/767 1629/5615/767 1628/5616/766
f 1597/5617/767 1598/5618/768 1630/5619/768 1629/5620/767
f 1598/5621/768 1599/5622/769 1631/5623/769 1630/5624/768
f 1599/5625/769 1600/5626/770 1632/5627/770 1631/5628/769
f 1600/5629/770 1569/5630/739 1601/5631/739 1632/5632/770
f 1601/5633/771 1602/5634/772 1634/5635/772 1633/5636/771
f 1602/5637/772 1603/5638/773 1635/5639/773 1634/5640/772
f 1603/5641/773 1604/5642/774 1636/5643/774 1635/5644/773
f 1604/5645/774 1605/5646/775 1637/5647/775 1636/5648/774
f 1605/5649/775 1606/5650/776 1638/5651/776 1637/5652/775
f 1606/5653/776 1607/5654/777 1639/5655/777 1638/5656/776
f 1607/5657/777 1608/5658/778 1640/5659/778 1639/5660/777
f 1608/5661/778 1609/5662/779 1641/5663/779 1640/5664/778
f 1609/5665/779 1610/5666/780 1642/5667/780 1641/5668/779
f 1610/5669/780 1611/5670/781 1643/5671/781 1642/5672/780
f 1611/5673/781 1612/5674/782 1644/5675/782 1643/5676/781
f 1612/5677/782 1613/5678/783 1645/5679/783 1644/5680/782
f 1613/5681/783 1614/5682/784 1646/5683/784 1645/5684/783
f 1614/5685/784 1615/5686/785 1647/5687/785 1646/5688/784
f 1615/5689/785 1616/5690/786 1648/5691/786 1647/5692/785
f 1616/5693/786 1617/5694/787 1649/5695/787 1648/5696/786
f 1617/5697/787 1618/5698/788 1650/5699/788 1649/5700/787
f 1618/5701/788 1619/5702/789 1651/5703/789 1650/5704/788
f 1619/5705/789 1620/5706/790 1652/5707/790 1651/5708/789
f 1620/5709/790 1621/5710/791 1653/5711/791 1652/5712/790
f 1621/5713/791 1622/5714/792 1654/5715/792 1653/5716/791
f 1622/5717/792 1623/5718/793 1655/5719/793 1654/5720/792
f 1623/5721/793 1624/5722/794 1656/5723/794 1655/5724/793
f 1624/5725/794 1625/5726/795 1657/5727/795 1656/5728/794
f 1625/5729/795 1626/5730/796 1658/5731/796 1657/5732/795
f 1626/5733/796 1627/5734/797 1659/5735/797 1658/5736/796
f 1627/5737/797 1628/5738/798 1660/5739/798 1659/5740/797
f 1628/5741/798 1629/5742/799 1661/5743/799 1660/5744/798
f 1629/5745/799 1630/5746/800 1662/5747/800 1661/5748/799
f 1630/5749/800 1631/5750/801 1663/5751/801 1662/5752/800
f 1631/5753/801 1632/5754/802 1664/5755/802 1663/5756/801
f 1632/5757/802 1601/5758/771 1633/5759/771 1664/5760/802
f 1633/5761/803 1634/5762/804 1666/5763/804 1665/5764/803
f 1634/5765/804 1635/5766/805 1667/5767/805 1666/5768/804
f 1635/5769/805 1636/5770/806 1668/5771/806 1667/5772/805
f 1636/5773/806 1637/5774/807 1669/5775/807 1668/5776/806
f 1637/5777/807 1638/5778/808 1670/5779/808 1669/5780/807
f 1638/5781/808 1639/5782/809 1671/5783/809 1670/5784/808
f 1639/5785/809 1640/5786/810 1672/5787/810 1671/5788/809
f 1640/5789/810 1641/5790/811 1673/5791/811 1672/5792/810
f 1641/5793/811 1642/5794/812 1674/5795/812 1673/5796/811
f 1642/5797/812 1643/5798/813 1675/5799/813 1674/5800/812
f 1643/5801/813 1644/5802/814 1676/5803/814 1675/5804/813
f 1644/5805/814 1645/5806/815 1677/5807/815 1676/5808/814
f 1645/5809/815 1646/5810/816 1678/5811/816 1677/5812/815
f 1646/5813/816 1647/5814/817 1679/5815/817 1678/5816/816
f 1647/5817/817 1648/5818/818 1680/5819/818 1679/5820/817
f 1648/5821/818 1649/5822/819 1681/5823/819 1680/5824/818
f 1649/5825/819 1650/5826/820 1682/5827/820 1681/5828/819
f 1650/5829/820 1651/5830/821 1683/5831/821 1682/5832/820
f 1651/5833/821 1652/5834/822 1684/5835/822 1683/5836/821
f 1652/5837/822 1653/5838/823 1685/5839/823 1684/5840/822
f 1653/5841/823 1654/5842/824 1686/5843/824 1685/5844/823
f 1654/5845/824 1655/5846/825 1687/5847/825 1686/5848/824
f 1655/5849/825 1656/5850/826 1688/5851/826 1687/5852/825
f 1656/5853/826 1657/5854/827 1689/5855/827 1688/5856/826
f 1657/5857/827 1658/5858/828 1690/5859/828 1689/5860/827
f 1658/5861/828 1659/5862/829 1691/5863/829 1690/5864/828
f 1659/5865/829 1660/5866/830 1692/5867/830 1691/5868/829
f 1660/5869/830 1661/5870/831 1693/5871/831 1692/5872/830
f 1661/5873/831 1662/5874/832 1694/5875/832 1693/5876/831
f 1662/5877/832 1663/5878/833 1695/5879/833 1694/5880/832
f 1663/5881/833 1664/5882/834 1696/5883/834 1695/5884/833
f 1664/5885/834 1633/5886/803 1665/5887/803 1696/5888/834
f 1665/5889/835 1666/5890/835 1698/5891/835 1697/5892/835
f 1666/5893/835 1667/5894/835 1699/5895/835 1698/5896/835
f 1667/5897/835 1668/5898/835 1700/5899/835 1699/5900/835
f 1668/5901/835 1669/5902/835 1701/5903/835 1700/5904/835
f 1669/5905/835 1670/5906/835 1702/5907/835 1701/5908/835
f 1670/5909/835 1671/5910/835 1703/5911/835 1702/5912/835
f 1671/5913/835 1672/5914/835 1704/5915/835 1703/5916/835
f 1672/5917/835 1673/5918/835 1705/5919/835 1704/5920/835
f 1673/5921/835 1674/5922/835 1706/5923/835 1705/5924/835
f 1674/5925/835 1675/5926/835 1707/5927/835 1706/5928/835
f 1675/5929/835 1676/5930/835 1708/5931/835 1707/5932/835
f 1676/5933/835 1677/5934/835 1709/5935/835 1708/5936/835
f 1677/5937/835 1678/5938/835 1710/5939/835 1709/5940/835
f 1678/5941/835 1679/5942/835 1711/5943/835 1710/5944/835
f 1679/5945/835 1680/5946/835 1712/5947/835 1711/5948/835
f 1680/5949/835 1681/5950/835 1713/5951/835 1712/5952/835
f 1681/5953/835 1682/5954/835 1714/5955/835 1713/5956/835
f 1682/5957/835 1683/5958/835 1715/5959/835 1714/5960/835
f 1683/5961/835 1684/5962/835 1716/5963/835 1715/5964/835
f 1684/5965/835 1685/5966/835 1717/5967/835 1716/5968/835
f 1685/5969/835 1686/5970/835 1718/5971/835 1717/5972/835
f 1686/5973/835 1687/5974/835 1719/5975/835 1718/5976/835
f 1687/5977/835 1688/5978/835 1720/5979/835 1719/5980/835
f 1688/5981/835 1689/5982/835 1721/5983/835 1720/5984/835
f 1689/5985/835 1690/5986/835 1722/5987/835 1721/5988/835
f 1690/5989/835 1691/5990/835 1723/5991/835 1722/5992/835
f 1691/5993/835 1692/5994/835 1724/5995/835 1723/5996/835
f 1692/5997/835 1693/5998/835 1725/5999/835 1724/6000/835
f 1693/6001/835 1694/6002/835 1726/6003/835 1725/6004/835
f 1694/6005/835 1695/6006/835 1727/6007/835 1726/6008/835
f 1695/6009/835 1696/6010/835 1728/6011/835 1727/6012/835
f 1696/6013/835 1665/6014/835 1697/6015/835 1728/6016/835
f 1729/6017/738 1730/6018/738 1762/6019/738 1761/6020/738
f 1730/6021/738 1731/6022/738 1763/6023/738 1762/6024/738
f 1731/6025/738 1732/6026/738 1764/6027/738 1763/6028/738
f 1732/6029/738 1733/6030/738 1765/6031/738 1764/6032/738
f 1733/6033/738 1734/6034/738 1766/6035/738 1765/6036/738
f 1734/6037/738 1735/6038/738 1767/6039/738 1766/6040/738
f 1735/6041/738 1736/6042/738 1768/6043/738 1767/6044/738
f 1736/6045/738 1737/6046/738 1769/6047/738 1768/6048/738
f 1737/6049/738 1738/6050/738 1770/6051/738 1769/6052/738
f 1738/6053/738 1739/6054/738 1771/6055/738 1770/6056/738
f 1739/6057/738 1740/6058/738 1772/6059/738 1771/6060/738
f 1740/6061/738 1741/6062/738 1773/6063/738 1772/6064/738
f 1741/6065/738 1742/6066/738 1774/6067/738 1773/6068/738
f 1742/6069/738 1743/6070/738 1775/6071/738 1774/6072/738
f 1743/6073/738 1744/6074/738 1776/6075/738 1775/6076/738
f 1744/6077/738 1745/6078/738 1777/6079/738 1776/6080/738
f 1745/6081/738 1746/6082/738 1778/6083/738 1777/6084/738
f 1746/6085/738 1747/6086/738 1779/6087/738 1778/6088/738
f 1747/6089/738 1748/6090/738 1780/6091/738 1779/6092/738
f 1748/6093/738 1749/6094/738 1781/6095/738 1780/6096/738
f 1749/6097/738 1750/6098/738 1782/6099/738 1781/6100/738
f 1750/6101/738 1751/6102/738 1783/6103/738 1782/6104/738
f 1751/6105/738 1752/6106/738 1784/6107/738 1783/6108/738
f 1752/6109/738 1753/6110/738 1785/6111/738 1784/6112/738
f 1753/6113/738 1754/6114/738 1786/6115/738 1785/6116/738
f 1754/6117/738 1755/6118/738 1787/6119/738 1786/6120/738
f 1755/6121/738 1756/6122/738 1788/6123/738 1787/6124/738
f 1756/6125/738 1757/6126/738 1789/6127/738 1788/6128/738
f 1757/6129/738 1758/6130/738 1790/6131/738 1789/6132/738
f 1758/6133/738 1759/6134/738 1791/6135/738 1790/6136/738
f 1759/6137/738 1760/6138/738 1792/6139/738 1791/6140/738
f 1760/6141/738 1729/6142/738 1761/6143/738 1792/6144/738
f 1761/6145/739 1762/6146/740 1794/6147/740 1793/6148/739
f 1762/6149/740 1763/6150/741 1795/6151/741 1794/6152/740
f 1763/6153/741 1764/6154/742 1796/6155/742 1795/6156/741
f 1764/6157/742 1765/6158/743 1797/6159/743 1796/6160/742
f 1765/6161/743 1766/6162/744 1798/6163/744 1797/6164/743
f 1766/6165/744 1767/6166/745 1799/6167/745 1798/6168/744
f 1767/6169/745 1768/6170/746 1800/6171/746 1799/6172/745
f 1768/6173/746 1769/6174/747 1801/6175/747 1800/6176/746
f 1769/6177/747 1770/6178/748 1802/6179/748 1801/6180/747
f 1770/6181/748 1771/6182/749 1803/6183/749 1802/6184/748
f 1771/6185/749 1772/6186/750 1804/6187/750 1803/6188/749
f 1772/6189/750 1773/6190/751 1805/6191/751 1804/6192/750
f 1773/6193/751 1774/6194/752 1806/6195/752 1805/6196/751
f 1774/6197/752 1775/6198/753 1807/6199/753 1806/6200/752
f 1775/6201/753 1776/6202/754 1808/6203/754 1807/6204/753
f 1776/6205/754 1777/6206/755 1809/6207/755 1808/6208/754
f 1777/6209/755 1778/6210/756 1810/6211/756 1809/6212/755
f 1778/6213/756 1779/6214/757 1811/6215/757 1810/6216/756
f 1779/6217/757 1780/6218/758 1812/6219/758 1811/6220/757
f 1780/6221/758 1781/6222/759 1813/6223/759 1812/6224/758
f 1781/6225/759 1782/6226/760 1814/6227/760 1813/6228/759
f 1782/6229/760 1783/6230/761 1815/6231/761 1814/6232/760
f 1783/6233/761 1784/6234/762 1816/6235/762 1815/6236/761
f 1784/6237/762 1785/6238/763 1817/6239/763 1816/6240/762
f 1785/6241/763 1786/6242/764 1818/6243/764 1817/6244/763
f 1786/6245/764 1787/6246/765 1819/6247/765 1818/6248/764
f 1787/6249/765 1788/6250/766 1820/6251/766 1819/6252/765
f 1788/6253/766 1789/6254/767 1821/6255/767 1820/6256/766
f 1789/6257/767 1790/6258/768 1822/6259/768 1821/6260/767
f 1790/6261/768 1791/6262/769 1823/6263/769 1822/6264/768
f 1791/6265/769 1792/6266/770 1824/6267/770 1823/6268/769
f 1792/6269/770 1761/6270/739 1793/6271/739 1824/6272/770
f 1793/6273/771 1794/6274/772 1826/6275/772 1825/6276/771
f 1794/6277/772 1795/6278/773 1827/6279/773 1826/6280/772
f 1795/6281/773 1796/6282/774 1828/6283/774 1827/6284/773
f 1796/6285/774 1797/6286/775 1829/6287/775 1828/6288/774
f 1797/6289/775 1798/6290/776 1830/6291/776 1829/6292/775
f 1798/6293/776 1799/6294/777 1831/6295/777 1830/6296/776
f 1799/6297/777 1800/6298/778 1832/6299/778 1831/6300/777
f 1800/6301/778 1801/6302/779 1833/6303/779 1832/6304/778
f 1801/6305/779 1802/6306/780 1834/6307/780 1833/6308/779
f 1802/6309/780 1803/6310/781 1835/6311/781 1834/6312/780
f 1803/6313/781 1804/6314/782 1836/6315/782 1835/6316/781
f 1804/6317/782 1805/6318/783 1837/6319/783 1836/6320/782
f 1805/6321/783 1806/6322/784 1838/6323/784 1837/6324/783
f 1806/6325/784 1807/6326/785 1839/6327/785 1838/6328/784
f 1807/6329/785 1808/6330/786 1840/6331/786 1839/6332/785
f 1808/6333/786 1809/6334/787 1841/6335/787 1840/6336/786
f 1809/6337/787 1810/6338/788 1842/6339/788 1841/6340/787
f 1810/6341/788 1811/6342/789 1843/6343/789 1842/6344/788
f 1811/6345/789 1812/6346/790 1844/6347/790 1843/6348/789
f 1812/6349/790 1813/6350/791 1845/6351/791 1844/6352/790
f 1813/6353/791 1814/6354/792 1846/6355/792 1845/6356/791
f 1814/6357/792 1815/6358/793 1847/6359/793 1846/6360/792
f 1815/6361/793 1816/6362/794 1848/6363/794 1847/6364/793
f 1816/6365/794 1817/6366/795 1849/6367/795 1848/6368/794
f 1817/6369/795 1818/6370/796 1850/6371/796 1849/6372/795
f 1818/6373/796 1819/6374/797 1851/6375/797 1850/6376/796
f 1819/6377/797 1820/6378/798 1852/6379/798 1851/6380/797
f 1820/6381/798 1821/6382/799 1853/6383/799 1852/6384/798
f 1821/6385/799 1822/6386/800 1854/6387/800 1853/6388/799
f 1822/6389/800 1823/6390/801 1855/6391/801 1854/6392/800
f 1823/6393/801 1824/6394/802 1856/6395/802 1855/6396/801
f 1824/6397/802 1793/6398/771 1825/6399/771 1856/6400/802
f 1825/6401/803 1826/6402/804 1858/6403/804 1857/6404/803
f 1826/6405/804 1827/6406/805 1859/6407/805 1858/6408/804
f 1827/6409/805 1828/6410/806 1860/6411/806 1859/6412/805
f 1828/6413/806 1829/6414/807 1861/6415/807 1860/6416/806
f 1829/6417/807 1830/6418/808 1862/6419/808 1861/6420/807
f 1830/6421/808 1831/6422/809 1863/6423/809 1862/6424/808
f 1831/6425/809 1832/6426/810 1864/6427/810 1863/6428/809
f 1832/6429/810 1833/6430/811 1865/6431/811 1864/6432/810
f 1833/6433/811 1834/6434/812 1866/6435/812 1865/6436/811
f 1834/6437/812 1835/6438/813 1867/6439/813 1866/6440/812
f 1835/6441/813 1836/6442/814 1868/6443/814 1867/6444/813
f 1836/6445/814 1837/6446/815 1869/6447/815 1868/6448/814
f 1837/6449/815 1838/6450/816 1870/6451/816 1869/6452/815
f 1838/6453/816 1839/6454/817 1871/6455/817 1870/6456/816
f 1839/6457/817 1840/6458/818 1872/6459/818 1871/6460/817
f 1840/6461/818 1841/6462/819 1873/6463/819 1872/6464/818
f 1841/6465/819 1842/6466/820 1874/6467/820 1873/6468/819
f 1842/6469/820 1843/6470/821 1875/6471/821 1874/6472/820
f 1843/6473/821 1844/6474/822 1876/6475/822 1875/6476/821
f 1844/6477/822 1845/6478/823 1877/6479/823 1876/6480/822
f 1845/6481/823 1846/6482/824 1878/6483/824 1877/6484/823
f 1846/6485/824 1847/6486/825 1879/6487/825 1878/6488/824
f 1847/6489/825 1848/6490/826 1880/6491/826 1879/6492/825
f 1848/6493/826 1849/6494/827 1881/6495/827 1880/6496/826
f 1849/6497/827 1850/6498/828 1882/6499/828 1881/6500/827
f 1850/6501/828 1851/6502/829 1883/6503/829 1882/6504/828
f 1851/6505/829 1852/6506/830 1884/6507/830 1883/6508/829
f 1852/6509/830 1853/6510/831 1885/6511/831 1884/6512/830
f 1853/6513/831 1854/6514/832 1886/6515/832 1885/6516/831
f 1854/6517/832 1855/6518/833 1887/6519/833 1886/6520/832
f 1855/6521/833 1856/6522/834 1888/6523/834 1887/6524/833
f 1856/6525/834 1825/6526/803 1857/6527/803 1888/6528/834
f 1857/6529/835 1858/6530/835 1890/6531/835 1889/6532/835
f 1858/6533/835 1859/6534/835 1891/6535/835 1890/6536/835
f 1859/6537/835 1860/6538/835 1892/6539/835 1891/6540/835
f 1860/6541/835 1861/6542/835 1893/6543/835 1892/6544/835
f 1861/6545/835 1862/6546/835 1894/6547/835 1893/6548/835
f 1862/6549/835 1863/6550/835 1895/6551/835 1894/6552/835
f 1863/6553/835 1864/6554/835 1896/6555/835 1895/6556/835
f 1864/6557/835 1865/6558/835 1897/6559/835 1896/6560/835
f 1865/6561/835 1866/6562/835 1898/6563/835 1897/6564/835
f 1866/6565/835 1867/6566/835 1899/6567/835 1898/6568/835
f 1867/6569/835 1868/6570/835 1900/6571/835 1899/6572/835
f 1868/6573/835 1869/6574/835 1901/6575/835 1900/6576/835
f 1869/6577/835 1870/6578/835 1902/6579/835 1901/6580/835
f 1870/6581/835 1871/6582/835 1903/6583/835 1902/6584/835
f 1871/6585/835 1872/6586/835 1904/6587/835 1903/6588/835
f 1872/6589/835 1873/6590/835 1905/6591/835 1904/6592/835
f 1873/6593/835 1874/6594/835 1906/6595/835 1905/6596/835
f 1874/6597/835 1875/6598/835 1907/6599/835 1906/6600/835
f 1875/6601/835 1876/6602/835 1908/6603/835 1907/6604/835
f 1876/6605/835 1877/6606/835 1909/6607/835 1908/6608/835
f 1877/6609/835 1878/6610/835 1910/6611/835 1909/6612/835
f 1878/6613/835 1879/6614/835 1911/6615/835 1910/6616/835
f 1879/6617/835 1880/6618/835 1912/6619/835 1911/6620/835
f 1880/6621/835 1881/6622/835 1913/6623/835 1912/6624/835
f 1881/6625/835 1882/6626/835 1914/6627/835 1913/6628/835
f 1882/6629/835 1883/6630/835 1915/6631/835 1914/6632/835
f 1883/6633/835 1884/6634/835 1916/6635/835 1915/6636/835
f 1884/6637/835 1885/6638/835 1917/6639/835 1916/6640/835
f 1885/6641/835 1886/6642/835 1918/6643/835 1917/6644/835
f 1886/6645/835 1887/6646/835 1919/6647/835 1918/6648/835
f 1887/6649/835 1888/6650/835 1920/6651/835 1919/6652/835
f 1888/6653/835 1857/6654/835 1889/6655/835 1920/6656/835
f 1921/6657/738 1922/6658/738 1954/6659/738 1953/6660/738
f 1922/6661/738 1923/6662/738 1955/6663/738 1954/6664/738
f 1923/6665/738 1924/6666/738 1956/6667/738 1955/6668/738
f 1924/6669/738 1925/6670/738 1957/6671/738 1956/6672/738
f 1925/6673/738 1926/6674/738 1958/6675/738 1957/6676/738
f 1926/6677/738 1927/6678/738 1959/6679/738 1958/6680/738
f 1927/6681/738 1928/6682/738 1960/6683/738 1959/6684/738
f 1928/6685/738 1929/6686/738 1961/6687/738 1960/6688/738
f 1929/6689/738 1930/6690/738 1962/6691/738 1961/6692/738
f 1930/6693/738 1931/6694/738 1963/6695/738 1962/6696/738
f 1931/6697/738 1932/6698/738 1964/6699/738 1963/6700/738
f 1932/6701/738 1933/6702/738 1965/6703/738 1964/6704/738
f 1933/6705/738 1934/6706/738 1966/6707/738 1965/6708/738
f 1934/6709/738 1935/6710/738 1967/6711/738 1966/6712/738
f 1935/6713/738 1936/6714/738 1968/6715/738 1967/6716/738
f 1936/6717/738 1937/6718/738 1969/6719/738 1968/6720/738
f 1937/6721/738 1938/6722/738 1970/6723/738 1969/6724/738
f 1938/6725/738 1939/6726/738 1971/6727/738 1970/6728/738
f 1939/6729/738 1940/6730/738 1972/6731/738 1971/6732/738
f 1940/6733/738 1941/6734/738 1973/6735/738 1972/6736/738
f 1941/6737/738 1942/6738/738 1974/6739/738 1973/6740/738
f 1942/6741/738 1943/6742/738 1975/6743/738 1974/6744/738
f 1943/6745/738 1944/6746/738 1976/6747/738 1975/6748/738
f 1944/6749/738 1945/6750/738 1977/6751/738 1976/6752/738
f 1945/6753/738 1946/6754/738 1978/6755/738 1977/6756/738
f 1946/6757/738 1947/6758/738 1979/6759/738 1978/6760/738
f 1947/6761/738 1948/6762/738 1980/6763/738 1979/6764/738
f 1948/6765/738 1949/6766/738 1981/6767/738 1980/6768/738
f 1949/6769/738 1950/6770/738 1982/6771/738 1981/6772/738
f 1950/6773/738 1951/6774/738 1983/6775/738 1982/6776/738
f 1951/6777/738 1952/6778/738 1984/6779/738 1983/6780/738
f 1952/6781/738 1921/6782/738 1953/6783/738 1984/6784/738
f 1953/6785/739 1954/6786/740 1986/6787/740 1985/6788/739
f 1954/6789/740 1955/6790/741 1987/6791/741 1986/6792/740
f 1955/6793/741 1956/6794/742 1988/6795/742 1987/6796/741
f 1956/6797/742 1957/6798/743 1989/6799/743 1988/6800/742
f 1957/6801/743 1958/6802/744 1990/6803/744 1989/6804/743
f 1958/6805/744 1959/6806/745 1991/6807/745 1990/6808/744
f 1959/6809/745 1960/6810/746 1992/6811/746 1991/6812/745
f 1960/6813/746 1961/6814/747 1993/6815/747 1992/6816/746
f 1961/6817/747 1962/6818/748 1994/6819/748 1993/6820/747
f 1962/6821/748 1963/6822/749 1995/6823/749 1994/6824/748
f 1963/6825/749 1964/6826/750 1996/6827/750 1995/6828/749
f 1964/6829/750 1965/6830/751 1997/6831/751 1996/6832/750
f 1965/6833/751 1966/6834/752 1998/6835/752 1997/6836/751
f 1966/6837/752 1967/6838/753 1999/6839/753 1998/6840/752
f 1967/6841/753 1968/6842/754 2000/6843/754 1999/6844/753
f 1968/6845/754 1969/6846/755 2001/6847/755 2000/6848/754
f 1969/6849/755 1970/6850/756 2002/6851/756 2001/6852/755
f 1970/6853/756 1971/6854/757 2003/6855/757 2002/6856/756
f 1971/6857/757 1972/6858/758 2004/6859/758 2003/6860/757
f 1972/6861/758 1973/6862/759 2005/6863/759 2004/6864/758
f 1973/6865/759 1974/6866/760 2006/6867/760 2005/6868/759
f 1974/6869/760 1975/6870/761 2007/6871/761 2006/6872/760
f 1975/6873/761 1976/6874/762 2008/6875/762 2007/6876/761
f 1976/6877/762 1977/6878/763 2009/6879/763 2008/6880/762
f 1977/6881/763 1978/6882/764 2010/6883/764 2009/6884/763
f 1978/6885/764 1979/6886/765 2011/6887/765 2010/6888/764
f 1979/6889/765 1980/6890/766 2012/6891/766 2011/6892/765
f 1980/6893/766 1981/6894/767 2013/6895/767 2012/6896/766
f 1981/6897/767 1982/6898/768 2014/6899/768 2013/6900/767
f 1982/6901/768 1983/6902/769 2015/6903/769 2014/6904/768
f 1983/6905/769 1984/6906/770 2016/6907/770 2015/6908/769
f 1984/6909/770 1953/6910/739 1985/6911/739 2016/6912/770
f 1985/6913/771 1986/6914/772 2018/6915/772 2017/6916/771
f 1986/6917/772 1987/6918/773 2019/6919/773 2018/6920/772
f 1987/6921/773 1988/6922/774 2020/6923/774 2019/6924/773
f 1988/6925/774 1989/6926/775 2021/6927/775 2020/6928/774
f 1989/6929/775 1990/6930/776 2022/6931/776 2021/6932/775
f 1990/6933/776 1991/6934/777 2023/6935/777 2022/6936/776
f 1991/6937/777 1992/6938/778 2024/6939/778 2023/6940/777
f 1992/6941/778 1993/6942/779 2025/6943/779 2024/6944/778
f 1993/6945/779 1994/6946/780 2026/6947/780 2025/6948/779
f 1994/6949/780 1995/6950/781 2027/6951/781 2026/6952/780
f 1995/6953/781 1996/6954/782 2028/6955/782 2027/6956/781
f 1996/6957/782 1997/6958/783 2029/6959/783 2028/6960/782
f 1997/6961/783 1998/6962/784 2030/6963/784 2029/6964/783
f 1998/6965/784 1999/6966/785 2031/6967/785 2030/6968/784
f 1999/6969/785 2000/6970/786 2032/6971/786 2031/6972/785
f 2000/6973/786 2001/6974/787 2033/6975/787 2032/6976/786
f 2001/6977/787 2002/6978/788 2034/6979/788 2033/6980/787
f 2002/6981/788 2003/6982/789 2035/6983/789 2034/6984/788
f 2003/6985/789 2004/6986/790 2036/6987/790 2035/6988/789
f 2004/6989/790 2005/6990/791 2037/6991/791 2036/6992/790
f 2005/6993/791 2006/6994/792 2038/6995/792 2037/6996/791
f 2006/6997/792 2007/6998/793 2039/6999/793 2038/7000/792
f 2007/7001/793 2008/7002/794 2040/7003/794 2039/7004/793
f 2008/7005/794 2009/7006/795 2041/7007/795 2040/7008/794
f 2009/7009/795 2010/7010/796 2042/7011/796 2041/7012/795
f 2010/7013/796 2011/7014/797 2043/7015/797 2042/7016/796
f 2011/7017/797 2012/7018/798 2044/7019/798 2043/7020/797
f 2012/7021/798 2013/7022/799 2045/7023/799 2044/7024/798
f 2013/7025/799 2014/7026/800 2046/7027/800 2045/7028/799
f 2014/7029/800 2015/7030/801 2047/7031/801 2046/7032/800
f 2015/7033/801 2016/7034/802 2048/7035/802 2047/7036/801
f 2016/7037/802 1985/7038/771 2017/7039/771 2048/7040/802
f 2017/7041/803 2018/7042/804 2050/7043/804 2049/7044/803
f 2018/7045/804 2019/7046/805 2051/7047/805 2050/7048/804
f 2019/7049/805 2020/7050/806 2052/7051/806 2051/7052/805
f 2020/7053/806 2021/7054/807 2053/7055/807 2052/7056/806
f 2021/7057/807 2022/7058/808 2054/7059/808 2053/7060/807
f 2022/7061/808 2023/7062/809 2055/7063/809 2054/7064/808
f 2023/7065/809 2024/7066/810 2056/7067/810 2055/7068/809
f 2024/7069/810 2025/7070/811 2057/7071/811 2056/7072/810
f 2025/7073/811 2026/7074/812 2058/7075/812 2057/7076/811
f 2026/7077/812 2027/7078/813 2059/7079/813 2058/7080/812
f 2027/7081/813 2028/7082/814 2060/7083/814 2059/7084/813
f 2028/7085/814 2029/7086/815 2061/7087/815 2060/7088/814
f 2029/7089/815 2030/7090/816 2062/7091/816 2061/7092/815
f 2030/7093/816 2031/7094/817 2063/7095/817 2062/7096/816
f 2031/7097/817 2032/7098/818 2064/7099/818 2063/7100/817
f 2032/7101/818 2033/7102/819 2065/7103/819 2064/7104/818
f 2033/7105/819 2034/7106/820 2066/7107/820 2065/7108/819
f 2034/7109/820 2035/7110/821 2067/7111/821 2066/7112/820
f 2035/7113/821 2036/7114/822 2068/7115/822 2067/7116/821
f 2036/7117/822 2037/7118/823 2069/7119/823 2068/7120/822
f 2037/7121/823 2038/7122/824 2070/7123/824 2069/7124/823
f 2038/7125/824 2039/7126/825 2071/7127/825 2070/7128/824
f 2039/7129/825 2040/7130/826 2072/7131/826 2071/7132/825
f 2040/7133/826 2041/7134/827 2073/7135/827 2072/7136/826
f 2041/7137/827 2042/7138/828 2074/7139/828 2073/7140/827
f 2042/7141/828 2043/7142/829 2075/7143/829 2074/7144/828
f 2043/7145/829 2044/7146/830 2076/7147/830 2075/7148/829
f 2044/7149/830 2045/7150/831 2077/7151/831 2076/7152/830
f 2045/7153/831 2046/7154/832 2078/7155/832 2077/7156/831
f 2046/7157/832 2047/7158/833 2079/7159/833 2078/7160/832
f 2047/7161/833 2048/7162/834 2080/7163/834 2079/7164/833
f 2048/7165/834 2017/7166/803 2049/7167/803 2080/7168/834
f 2049/7169/835 2050/7170/835 2082/7171/835 2081/7172/835
f 2050/7173/835 2051/7174/835 2083/7175/835 2082/7176/835
f 2051/7177/835 2052/7178/835 2084/7179/835 2083/7180/835
f 2052/7181/835 2053/7182/835 2085/7183/835 2084/7184/835
f 2053/7185/835 2054/7186/835 2086/7187/835 2085/7188/835
f 2054/7189/835 2055/7190/835 2087/7191/835 2086/7192/835
f 2055/7193/835 2056/7194/835 2088/7195/835 2087/7196/835
f 2056/7197/835 2057/7198/835 2089/7199/835 2088/7200/835
f 2057/7201/835 2058/7202/835 2090/7203/835 2089/7204/835
f 2058/7205/835 2059/7206/835 2091/7207/835 2090/7208/835
f 2059/7209/835 2060/7210/835 2092/7211/835 2091/7212/835
f 2060/7213/835 2061/7214/835 2093/7215/835 2092/7216/835
f 2061/7217/835 2062/7218/835 2094/7219/835 2093/7220/835
f 2062/7221/835 2063/7222/835 2095/7223/835 2094/7224/835
f 2063/7225/835 2064/7226/835 2096/7227/835 2095/7228/835
f 2064/7229/835 2065/7230/835 2097/7231/835 2096/7232/835
f 2065/7233/835 2066/7234/835 2098/7235/835 2097/7236/835
f 2066/7237/835 2067/7238/835 2099/7239/835 2098/7240/835
f 2067/7241/835 2068/7242/835 2100/7243/835 2099/7244/835
f 2068/7245/835 2069/7246/835 2101/7247/835 2100/7248/835
f 2069/7249/835 2070/7250/835 2102/7251/835 2101/7252/835
f 2070/7253/835 2071/7254/835 2103/7255/835 2102/7256/835
f 2071/7257/835 2072/7258/835 2104/7259/835 2103/7260/835
f 2072/7261/835 2073/7262/835 2105/7263/835 2104/7264/835
f 2073/7265/835 2074/7266/835 2106/7267/835 2105/7268/835
f 2074/7269/835 2075/7270/835 2107/7271/835 2106/7272/835
f 2075/7273/835 2076/7274/835 2108/7275/835 2107/7276/835
f 2076/7277/835 2077/7278/835 2109/7279/835 2108/7280/835
f 2077/7281/835 2078/7282/835 2110/7283/835 2109/7284/835
f 2078/7285/835 2079/7286/835 2111/7287/835 2110/7288/835
f 2079/7289/835 2080/7290/835 2112/7291/835 2111/7292/835
f 2080/7293/835 2049/7294/835 2081/7295/835 2112/7296/835
f 2113/7297/738 2114/7298/738 2146/7299/738 2145/7300/738
f 2114/7301/738 2115/7302/738 2147/7303/738 2146/7304/738
f 2115/7305/738 2116/7306/738 2148/7307/738 2147/7308/738
f 2116/7309/738 2117/7310/738 2149/7311/738 2148/7312/738
f 2117/7313/738 2118/7314/738 2150/7315/738 2149/7316/738
f 2118/7317/738 2119/7318/738 2151/7319/738 2150/7320/738
f 2119/7321/738 2120/7322/738 2152/7323/738 2151/7324/738
f 2120/7325/738 2121/7326/738 2153/7327/738 2152/7328/738
f 2121/7329/738 2122/7330/738 2154/7331/738 2153/7332/738
f 2122/7333/738 2123/7334/738 2155/7335/738 2154/7336/738
f 2123/7337/738 2124/7338/738 2156/7339/738 2155/7340/738
f 2124/7341/738 2125/7342/738 2157/7343/738 2156/7344/738
f 2125/7345/738 2126/7346/738 2158/7347/738 2157/7348/738
f 2126/7349/738 2127/7350/738 2159/7351/738 2158/7352/738
f 2127/7353/738 2128/7354/738 2160/7355/738 2159/7356/738
f 2128/7357/738 2129/7358/738 2161/7359/738 2160/7360/738
f 2129/7361/738 2130/7362/738 2162/7363/738 2161/7364/738
f 2130/7365/738 2131/7366/738 2163/7367/738 2162/7368/738
f 2131/7369/738 2132/7370/738 2164/7371/738 2163/7372/738
f 2132/7373/738 2133/7374/738 2165/7375/738 2164/7376/738
f 2133/7377/738 2134/7378/738 2166/7379/738 2165/7380/738
f 2134/7381/738 2135/7382/738 2167/7383/738 2166/7384/738
f 2135/7385/738 2136/7386/738 2168/7387/738 2167/7388/738
f 2136/7389/738 2137/7390/738 2169/7391/738 2168/7392/738
f 2137/7393/738 2138/7394/738 2170/7395/738 2169/7396/738
f 2138/7397/738 2139/7398/738 2171/7399/738 2170/7400/738
f 2139/7401/738 2140/7402/738 2172/7403/738 2171/7404/738
f 2140/7405/738 2141/7406/738 2173/7407/738 2172/7408/738
f 2141/7409/738 2142/7410/738 2174/7411/738 2173/7412/738
f 2142/7413/738 2143/7414/738 2175/7415/738 2174/7416/738
f 2143/7417/738 2144/7418/738 2176/7419/738 2175/7420/738
f 2144/7421/738 2113/7422/738 2145/7423/738 2176/7424/738
f 2145/7425/739 2146/7426/740 2178/7427/740 2177/7428/739
f 2146/7429/740 2147/7430/741 2179/7431/741 2178/7432/740
f 2147/7433/741 2148/7434/742 2180/7435/742 2179/7436/741
f 2148/7437/742 2149/7438/743 2181/7439/743 2180/7440/742
f 2149/7441/743 2150/7442/744 2182/7443/744 2181/7444/743
f 2150/7445/744 2151/7446/745 2183/7447/745 2182/7448/744
f 2151/7449/745 2152/7450/746 2184/7451/746 2183/7452/745
f 2152/7453/746 2153/7454/747 2185/7455/747 2184/7456/746
f 2153/7457/747 2154/7458/748 2186/7459/748 2185/7460/747
f 2154/7461/748 2155/7462/749 2187/7463/749 2186/7464/748
f 2155/7465/749 2156/7466/750 2188/7467/750 2187/7468/749
f 2156/7469/750 2157/7470/751 2189/7471/751 2188/7472/750
f 2157/7473/751 2158/7474/752 2190/7475/752 2189/7476/751
f 2158/7477/752 2159/7478/753 2191/7479/753 2190/7480/752
f 2159/7481/753 2160/7482/754 2192/7483/754 2191/7484/753
f 2160/7485/754 2161/7486/755 2193/7487/755 2192/7488/754
f 2161/7489/755 2162/7490/756 2194/7491/756 2193/7492/755
f 2162/7493/756 2163/7494/757 2195/7495/757 2194/7496/756
f 2163/7497/757 2164/7498/758 2196/7499/758 2195/7500/757
f 2164/7501/758 2165/7502/759 2197/7503/759 2196/7504/758
f 2165/7505/759 2166/7506/760 2198/7507/760 2197/7508/759
f 2166/7509/760 2167/7510/761 2199/7511/761 2198/7512/760
f 2167/7513/761 2168/7514/762 2200/7515/762 2199/7516/761
f 2168/7517/762 2169/7518/763 2201/7519/763 2200/7520/762
f 2169/7521/763 2170/7522/764 2202/7523/764 2201/7524/763
f 2170/7525/764 2171/7526/765 2203/7527/765 2202/7528/764
f 2171/7529/765 2172/7530/766 2204/7531/766 2203/7532/765
f 2172/7533/766 2173/7534/767 2205/7535/767 2204/7536/766
f 2173/7537/767 2174/7538/768 2206/7539/768 2205/7540/767
f 2174/7541/768 2175/7542/769 2207/7543/769 2206/7544/768
f 2175/7545/769 2176/7546/770 2208/7547/770 2207/7548/769
f 2176/7549/770 2145/7550/739 2177/7551/739 2208/7552/770
f 2177/7553/771 2178/7554/772 2210/7555/772 2209/7556/771
f 2178/7557/772 2179/7558/773 2211/7559/773 2210/7560/772
f 2179/7561/773 2180/7562/774 2212/7563/774 2211/7564/773
f 2180/7565/774 2181/7566/775 2213/7567/775 2212/7568/774
f 2181/7569/775 2182/7570/776 2214/7571/776 2213/7572/775
f 2182/7573/776 2183/7574/777 2215/7575/777 2214/7576/776
f 2183/7577/777 2184/7578/778 2216/7579/778 2215/7580/777
f 2184/7581/778 2185/7582/779 2217/7583/779 2216/7584/778
f 2185/7585/779 2186/7586/780 2218/7587/780 2217/7588/779
f 2186/7589/780 2187/7590/781 2219/7591/781 2218/7592/780
f 2187/7593/781 2188/7594/782 2220/7595/782 2219/7596/781
f 2188/7597/782 2189/7598/783 2221/7599/783 2220/7600/782
f 2189/7601/783 2190/7602/784 2222/7603/784 2221/7604/783
f 2190/7605/784 2191/7606/785 2223/7607/785 2222/7608/784
f 2191/7609/785 2192/7610/786 2224/7611/786 2223/7612/785
f 2192/7613/786 2193/7614/787 2225/7615/787 2224/7616/786
f 2193/7617/787 2194/7618/788 2226/7619/788 2225/7620/787
f 2194/7621/788 2195/7622/789 2227/7623/789 2226/7624/788
f 2195/7625/789 2196/7626/790 2228/7627/790 2227/7628/789
f 2196/7629/790 2197/7630/791 2229/7631/791 2228/7632/790
f 2197/7633/791 2198/7634/792 2230/7635/792 2229/7636/791
f 2198/7637/792 2199/7638/793 2231/7639/793 2230/7640/792
f 2199/7641/793 2200/7642/794 2232/7643/794 2231/7644/793
f 2200/7645/794 2201/7646/795 2233/7647/795 2232/7648/794
f 2201/7649/795 2202/7650/796 2234/7651/796 2233/7652/795
f 2202/7653/796 2203/7654/797 2235/7655/797 2234/7656/796
f 2203/7657/797 2204/7658/798 2236/7659/798 2235/7660/797
f 2204/7661/798 2205/7662/799 2237/7663/799 2236/7664/798
f 2205/7665/799 2206/7666/800 2238/7667/800 2237/7668/799
f 2206/7669/800 2207/7670/801 2239/7671/801 2238/7672/800
f 2207/7673/801 2208/7674/802 2240/7675/802 2239/7676/801
f 2208/7677/802 2177/7678/771 2209/7679/771 2240/7680/802
f 2209/7681/803 2210/7682/804 2242/7683/804 2241/7684/803
f 2210/7685/804 2211/7686/805 2243/7687/805 2242/7688/804
f 2211/7689/805 2212/7690/806 2244/7691/806 2243/7692/805
f 2212/7693/806 2213/7694/807 2245/7695/807 2244/7696/806
f 2213/7697/807 2214/7698/808 2246/7699/808 2245/7700/807
f 2214/7701/808 2215/7702/809 2247/7703/809 2246/7704/808
f 2215/7705/809 2216/7706/810 2248/7707/810 2247/7708/809
f 2216/7709/810 2217/7710/811 2249/7711/811 2248/7712/810
f 2217/7713/811 2218/7714/812 2250/7715/812 2249/7716/811
f 2218/7717/812 2219/7718/813 2251/7719/813 2250/7720/812
f 2219/7721/813 2220/7722/814 2252/7723/814 2251/7724/813
f 2220/7725/814 2221/7726/815 2253/7727/815 2252/7728/814
f 2221/7729/815 2222/7730/816 2254/7731/816 2253/7732/815
f 2222/7733/816 2223/7734/817 2255/7735/817 2254/7736/816
f 2223/7737/817 2224/7738/818 2256/7739/818 2255/7740/817
f 2224/7741/818 2225/7742/819 2257/7743/819 2256/7744/818
f 2225/7745/819 2226/7746/820 2258/7747/820 2257/7748/819
f 2226/7749/820 2227/7750/821 2259/7751/821 2258/7752/820
f 2227/7753/821 2228/7754/822 2260/7755/822 2259/7756/821
f 2228/7757/822 2229/7758/823 2261/7759/823 2260/7760/822
f 2229/7761/823 2230/7762/824 2262/7763/824 2261/7764/823
f 2230/7765/824 2231/7766/825 2263/7767/825 2262/7768/824
f 2231/7769/825 2232/7770/826 2264/7771/826 2263/7772/825
f 2232/7773/826 2233/7774/827 2265/7775/827 2264/7776/826
f 2233/7777/827 2234/7778/828 2266/7779/828 2265/7780/827
f 2234/7781/828 2235/7782/829 2267/7783/829 2266/7784/828
f 2235/7785/829 2236/7786/830 2268/7787/830 2267/7788/829
f 2236/7789/830 2237/7790/831 2269/7791/831 2268/7792/830
f 2237/7793/831 2238/7794/832 2270/7795/832 2269/7796/831
f 2238/7797/832 2239/7798/833 2271/7799/833 2270/7800/832
f 2239/7801/833 2240/7802/834 2272/7803/834 2271/7804/833
f 2240/7805/834 2209/7806/803 2241/7807/803 2272/7808/834
f 2241/7809/835 2242/7810/835 2274/7811/835 2273/7812/835
f 2242/7813/835 2243/7814/835 2275/7815/835 2274/7816/835
f 2243/7817/835 2244/7818/835 2276/7819/835 2275/7820/835
f 2244/7821/835 2245/7822/835 2277/7823/835 2276/7824/835
f 2245/7825/835 2246/7826/835 2278/7827/835 2277/7828/835
f 2246/7829/835 2247/7830/835 2279/7831/835 2278/7832/835
f 2247/7833/835 2248/7834/835 2280/7835/835 2279/7836/835
f 2248/7837/835 2249/7838/835 2281/7839/835 2280/7840/835
f 2249/7841/835 2250/7842/835 2282/7843/835 2281/7844/835
f 2250/7845/835 2251/7846/835 2283/7847/835 2282/7848/835
f 2251/7849/835 2252/7850/835 2284/7851/835 2283/7852/835
f 2252/7853/835 2253/7854/835 2285/7855/835 2284/7856/835
f 2253/7857/835 2254/7858/835 2286/7859/835 2285/7860/835
f 2254/7861/835 2255/7862/835 2287/7863/835 2286/7864/835
f 2255/7865/835 2256/7866/835 2288/7867/835 2287/7868/835
f 2256/7869/835 2257/7870/835 2289/7871/835 2288/7872/835
f 2257/7873/835 2258/7874/835 2290/7875/835 2289/7876/835
f 2258/7877/835 2259/7878/835 2291/7879/835 2290/7880/835
f 2259/7881/835 2260/7882/835 2292/7883/835 2291/7884/835
f 2260/7885/835 2261/7886/835 2293/7887/835 2292/7888/835
f 2261/7889/835 2262/7890/835 2294/7891/835 2293/7892/835
f 2262/7893/835 2263/7894/835 2295/7895/835 2294/7896/835
f 2263/7897/835 2264/7898/835 2296/7899/835 2295/7900/835
f 2264/7901/835 2265/7902/835 2297/7903/835 2296/7904/835
f 2265/7905/835 2266/7906/835 2298/7907/835 2297/7908/835
f 2266/7909/835 2267/7910/835 2299/7911/835 2298/7912/835
f 2267/7913/835 2268/7914/835 2300/7915/835 2299/7916/835
f 2268/7917/835 2269/7918/835 2301/7919/835 2300/7920/835
f 2269/7921/835 2270/7922/835 2302/7923/835 2301/7924/835
f 2270/7925/835 2271/7926/835 2303/7927/835 2302/7928/835
f 2271/7929/835 2272/7930/835 2304/7931/835 2303/7932/835
f 2272/7933/835 2241/7934/835 2273/7935/835 2304/7936/835
o tank_lugN
usemtl underground_fuel_tank
v 0.46875 0.4 -1.775
v 0.53125 0.4 -1.775
v 0.53125 0.4 -2.0375
v 0.46875 0.4 -2.0375
v 0.4625 0.40625 -1.76875
v 0.5375 0.40625 -1.76875
v 0.5375 0.40625 -2.04375
v 0.4625 0.40625 -2.04375
v 0.4625 0.59375 -1.76875
v 0.5375 0.59375 -1.76875
v 0.5375 0.59375 -2.04375
v 0.4625 0.59375 -2.04375
v 0.46875 0.6 -1.775
v 0.53125 0.6 -1.775
v 0.53125 0.6 -2.0375
v 0.46875 0.6 -2.0375
v 0.46875 0.4 -1.775
v 0.53125 0.4 -1.775
v 0.53125 0.4 -2.0375
v 0.46875 0.4 -2.0375
v 0.46875 0.6 -1.775
v 0.53125 0.6 -1.775
v 0.53125 0.6 -2.0375
v 0.46875 0.6 -2.0375
vt 0.483533 0.046584
vt 0.487317 0.046584
vt 0.487695 0.047119
vt 0.483154 0.047119
vt 0.524817 0.047119
vt 0.508923 0.047119
vt 0.508545 0.046584
vt 0.525195 0.046584
vt 0.661145 0.047119
vt 0.657361 0.047119
vt 0.656982 0.046584
vt 0.661523 0.046584
vt 0.527478 0.046584
vt 0.543372 0.046584
vt 0.54375 0.047119
vt 0.5271 0.047119
vt 0.757568 0.114502
vt 0.757568 0.109961
vt 0.768921 0.109961
vt 0.768921 0.114502
vt 0.225879 0.209229
vt 0.209229 0.209229
vt 0.209229 0.197876
vt 0.225879 0.197876
vt 0.770752 0.114502
vt 0.770752 0.109961
vt 0.782104 0.109961
vt 0.782104 0.114502
vt 0.227783 0.197876
vt 0.244434 0.197876
vt 0.244434 0.209229
vt 0.227783 0.209229
vt 0.494043 0.047119
vt 0.489502 0.047119
vt 0.48988 0.046584
vt 0.493665 0.046584
vt 0.562305 0.047119
vt 0.545654 0.047119
vt 0.546033 0.046584
vt 0.561926 0.046584
vt 0.66333 0.046584
vt 0.667871 0.046584
vt 0.667493 0.047119
vt 0.663708 0.047119
vt 0.564209 0.046584
vt 0.580859 0.046584
vt 0.580481 0.047119
vt 0.564587 0.047119
vt 0.872583 0.062378
vt 0.872583 0.066162
vt 0.856689 0.066162
vt 0.856689 0.066162
vt 0.856689 0.062378
vt 0.872583 0.062378
vt 0.874268 0.062378
vt 0.890161 0.062378
vt 0.890161 0.066162
vt 0.890161 0.066162
vt 0.874268 0.066162
vt 0.874268 0.062378
vn 0 -0.707107 0.707107
vn 0.707107 -0.707107 0
vn 0 -0.707107 -0.707107
vn -0.707107 -0.707107 0
vn 0 0 1
vn 1 0 0
vn 0 0 -1
vn -1 0 0
vn 0 0.707107 0.707107
vn 0.707107 0.707107 0
vn 0 0.707107 -0.707107
vn -0.707107 0.707107 0
vn 0 -1 0
vn 0 1 0
f 2305/7937/836 2306/7938/836 2310/7939/836 2309/7940/836
f 2306/7941/837 2307/7942/837 2311/7943/837 2310/7944/837
f 2307/7945/838 2308/7946/838 2312/7947/838 2311/7948/838
f 2308/7949/839 2305/7950/839 2309/7951/839 2312/7952/839
f 2309/7953/840 2310/7954/840 2314/7955/840 2313/7956/840
f 2310/7957/841 2311/7958/841 2315/7959/841 2314/7960/841
f 2311/7961/842 2312/7962/842 2316/7963/842 2315/7964/842
f 2312/7965/843 2309/7966/843 2313/7967/843 2316/7968/843
f 2313/7969/844 2314/7970/844 2318/7971/844 2317/7972/844
f 2314/7973/845 2315/7974/845 2319/7975/845 2318/7976/845
f 2315/7977/846 2316/7978/846 2320/7979/846 2319/7980/846
f 2316/7981/847 2313/7982/847 2317/7983/847 2320/7984/847
f 2322/7985/848 2321/7986/848 2324/7987/848
f 2324/7988/848 2323/7989/848 2322/7990/848
f 2328/7991/849 2325/7992/849 2326/7993/849
f 2326/7994/849 2327/7995/849 2328/7996/849
o tank_lugS
usemtl underground_fuel_tank
v 0.46875 0.4 3.0375
v 0.53125 0.4 3.0375
v 0.53125 0.4 2.775
v 0.46875 0.4 2.775
v 0.4625 0.40625 3.04375
v 0.5375 0.40625 3.04375
v 0.5375 0.40625 2.76875
v 0.4625 0.40625 2.76875
v 0.4625 0.59375 3.04375
v 0.5375 0.59375 3.04375
v 0.5375 0.59375 2.76875
v 0.4625 0.59375 2.76875
v 0.46875 0.6 3.0375
v 0.53125 0.6 3.0375
v 0.53125 0.6 2.775
v 0.46875 0.6 2.775
v 0.46875 0.4 3.0375
v 0.53125 0.4 3.0375
v 0.53125 0.4 2.775
v 0.46875 0.4 2.775
v 0.46875 0.6 3.0375
v 0.53125 0.6 3.0375
v 0.53125 0.6 2.775
v 0.46875 0.6 2.775
vt 0.670056 0.046584
vt 0.67384 0.046584
vt 0.674219 0.047119
vt 0.669678 0.047119
vt 0.599036 0.047119
vt 0.583142 0.047119
vt 0.582764 0.046584
vt 0.599414 0.046584
vt 0.500012 0.047119
vt 0.496228 0.047119
vt 0.49585 0.046584
vt 0.500391 0.046584
vt 0.601697 0.046584
vt 0.61759 0.046584
vt 0.617969 0.047119
vt 0.601318 0.047119
vt 0.783936 0.114502
vt 0.783936 0.109961
vt 0.795288 0.109961
vt 0.795288 0.114502
vt 0.262988 0.209229
vt 0.246338 0.209229
vt 0.246338 0.197876
vt 0.262988 0.197876
vt 0.797119 0.114502
vt 0.797119 0.109961
vt 0.808472 0.109961
vt 0.808472 0.114502
vt 0.264893 0.197876
vt 0.281543 0.197876
vt 0.281543 0.209229
vt 0.264893 0.209229
vt 0.680566 0.047119
vt 0.676025 0.047119
vt 0.676404 0.046584
vt 0.680188 0.046584
vt 0.636523 0.047119
vt 0.619873 0.047119
vt 0.620251 0.046584
vt 0.636145 0.046584
vt 0.502197 0.046584
vt 0.506738 0.046584
vt 0.50636 0.047119
vt 0.502576 0.047119
vt 0.638428 0.046584
vt 0.655078 0.046584
vt 0.6547 0.047119
vt 0.638806 0.047119
vt 0.907739 0.062378
vt 0.907739 0.066162
vt 0.891846 0.066162
vt 0.891846 0.066162
vt 0.891846 0.062378
vt 0.907739 0.062378
vt 0.909424 0.062378
vt 0.925317 0.062378
vt 0.925317 0.066162
vt 0.925317 0.066162
vt 0.909424 0.066162
vt 0.909424 0.062378
vn 0 -0.707107 0.707107
vn 0.707107 -0.707107 0
vn 0 -0.707107 -0.707107
vn -0.707107 -0.707107 0
vn 0 0 1
vn 1 0 0
vn 0 0 -1
vn -1 0 0
vn 0 0.707107 0.707107
vn 0.707107 0.707107 0
vn 0 0.707107 -0.707107
vn -0.707107 0.707107 0
vn 0 -1 0
vn 0 1 0
f 2329/7997/850 2330/7998/850 2334/7999/850 2333/8000/850
f 2330/8001/851 2331/8002/851 2335/8003/851 2334/8004/851
f 2331/8005/852 2332/8006/852 2336/8007/852 2335/8008/852
f 2332/8009/853 2329/8010/853 2333/8011/853 2336/8012/853
f 2333/8013/854 2334/8014/854 2338/8015/854 2337/8016/854
f 2334/8017/855 2335/8018/855 2339/8019/855 2338/8020/855
f 2335/8021/856 2336/8022/856 2340/8023/856 2339/8024/856
f 2336/8025/857 2333/8026/857 2337/8027/857 2340/8028/857
f 2337/8029/858 2338/8030/858 2342/8031/858 2341/8032/858
f 2338/8033/859 2339/8034/859 2343/8035/859 2342/8036/859
f 2339/8037/860 2340/8038/860 2344/8039/860 2343/8040/860
f 2340/8041/861 2337/8042/861 2341/8043/861 2344/8044/861
f 2346/8045/862 2345/8046/862 2348/8047/862
f 2348/8048/862 2347/8049/862 2346/8050/862
f 2352/8051/863 2349/8052/863 2350/8053/863
f 2350/8054/863 2351/8055/863 2352/8056/863
o tank_collar
usemtl underground_fuel_tank
v 0.995722 0.34375 0.565263
v 0.96194 0.34375 0.691342
v 0.896677 0.34375 0.804381
v 0.804381 0.34375 0.896677
v 0.691342 0.34375 0.96194
v 0.565263 0.34375 0.995722
v 0.434737 0.34375 0.995722
v 0.308658 0.34375 0.96194
v 0.195619 0.34375 0.896677
v 0.103323 0.34375 0.804381
v 0.03806 0.34375 0.691342
v 0.004278 0.34375 0.565263
v 0.004278 0.34375 0.434737
v 0.03806 0.34375 0.308658
v 0.103323 0.34375 0.195619
v 0.195619 0.34375 0.103323
v 0.308658 0.34375 0.03806
v 0.434737 0.34375 0.004278
v 0.565263 0.34375 0.004278
v 0.691342 0.34375 0.03806
v 0.804381 0.34375 0.103323
v 0.896677 0.34375 0.195619
v 0.96194 0.34375 0.308658
v 0.995722 0.34375 0.434737
v 0.995722 0.625 0.565263
v 0.96194 0.625 0.691342
v 0.896677 0.625 0.804381
v 0.804381 0.625 0.896677
v 0.691342 0.625 0.96194
v 0.565263 0.625 0.995722
v 0.434737 0.625 0.995722
v 0.308658 0.625 0.96194
v 0.195619 0.625 0.896677
v 0.103323 0.625 0.804381
v 0.03806 0.625 0.691342
v 0.004278 0.625 0.565263
v 0.004278 0.625 0.434737
v 0.03806 0.625 0.308658
v 0.103323 0.625 0.195619
v 0.195619 0.625 0.103323
v 0.308658 0.625 0.03806
v 0.434737 0.625 0.004278
v 0.565263 0.625 0.004278
v 0.691342 0.625 0.03806
v 0.804381 0.625 0.103323
v 0.896677 0.625 0.195619
v 0.96194 0.625 0.308658
v 0.995722 0.625 0.434737
vt 0.475769 0.124665
vt 0.475769 0.132568
vt 0.45874 0.132568
vt 0.45874 0.124665
vt 0.531433 0.124665
vt 0.531433 0.132568
vt 0.514404 0.132568
vt 0.514404 0.124665
vt 0.494324 0.124665
vt 0.494324 0.132568
vt 0.477295 0.132568
vt 0.477295 0.124665
vt 0.512878 0.124665
vt 0.512878 0.132568
vt 0.49585 0.132568
vt 0.49585 0.124665
vt 0.549988 0.124665
vt 0.549988 0.132568
vt 0.532959 0.132568
vt 0.532959 0.124665
vt 0.420105 0.124665
vt 0.420105 0.132568
vt 0.403076 0.132568
vt 0.403076 0.124665
vt 0.605652 0.124665
vt 0.605652 0.132568
vt 0.588623 0.132568
vt 0.588623 0.124665
vt 0.365967 0.132568
vt 0.365967 0.124665
vt 0.382996 0.124665
vt 0.382996 0.132568
vt 0.551514 0.132568
vt 0.551514 0.124665
vt 0.568542 0.124665
vt 0.568542 0.132568
vt 0.440186 0.132568
vt 0.440186 0.124665
vt 0.457214 0.124665
vt 0.457214 0.132568
vt 0.625732 0.132568
vt 0.625732 0.124665
vt 0.642761 0.124665
vt 0.642761 0.132568
vt 0.310303 0.132568
vt 0.310303 0.124665
vt 0.327332 0.124665
vt 0.327332 0.132568
vt 0.681396 0.132568
vt 0.681396 0.124665
vt 0.698425 0.124665
vt 0.698425 0.132568
vt 0.384521 0.132568
vt 0.384521 0.124665
vt 0.40155 0.124665
vt 0.40155 0.132568
vt 0.699951 0.132568
vt 0.699951 0.124665
vt 0.71698 0.124665
vt 0.71698 0.132568
vt 0.291748 0.132568
vt 0.291748 0.124665
vt 0.308777 0.124665
vt 0.308777 0.132568
vt 0.679871 0.124665
vt 0.679871 0.132568
vt 0.662842 0.132568
vt 0.662842 0.124665
vt 0.624207 0.124665
vt 0.624207 0.132568
vt 0.607178 0.132568
vt 0.607178 0.124665
vt 0.735535 0.124665
vt 0.735535 0.132568
vt 0.718506 0.132568
vt 0.718506 0.124665
vt 0.587097 0.124665
vt 0.587097 0.132568
vt 0.570068 0.132568
vt 0.570068 0.124665
vt 0.364441 0.124665
vt 0.364441 0.132568
vt 0.347412 0.132568
vt 0.347412 0.124665
vt 0.345886 0.124665
vt 0.345886 0.132568
vt 0.328857 0.132568
vt 0.328857 0.124665
vt 0.661316 0.124665
vt 0.661316 0.132568
vt 0.644287 0.132568
vt 0.644287 0.124665
vt 0.43866 0.124665
vt 0.43866 0.132568
vt 0.421631 0.132568
vt 0.421631 0.124665
vn 0.991445 0 0.130526
vn 0.92388 0 0.382683
vn 0.793353 0 0.608761
vn 0.608761 0 0.793353
vn 0.382683 0 0.92388
vn 0.130526 0 0.991445
vn -0.130526 0 0.991445
vn -0.382683 0 0.92388
vn -0.608761 0 0.793353
vn -0.793353 0 0.608761
vn -0.92388 0 0.382683
vn -0.991445 0 0.130526
vn -0.991445 0 -0.130526
vn -0.92388 0 -0.382683
vn -0.793353 0 -0.608761
vn -0.608761 0 -0.793353
vn -0.382683 0 -0.92388
vn -0.130526 0 -0.991445
vn 0.130526 0 -0.991445
vn 0.382683 0 -0.92388
vn 0.608761 0 -0.793353
vn 0.793353 0 -0.608761
vn 0.92388 0 -0.382683
vn 0.991445 0 -0.130526
f 2377/8057/864 2378/8058/865 2354/8059/865 2353/8060/864
f 2378/8061/865 2379/8062/866 2355/8063/866 2354/8064/865
f 2379/8065/866 2380/8066/867 2356/8067/867 2355/8068/866
f 2380/8069/867 2381/8070/868 2357/8071/868 2356/8072/867
f 2381/8073/868 2382/8074/869 2358/8075/869 2357/8076/868
f 2382/8077/869 2383/8078/870 2359/8079/870 2358/8080/869
f 2383/8081/870 2384/8082/871 2360/8083/871 2359/8084/870
f 2384/8085/871 2385/8086/872 2361/8087/872 2360/8088/871
f 2385/8089/872 2386/8090/873 2362/8091/873 2361/8092/872
f 2386/8093/873 2387/8094/874 2363/8095/874 2362/8096/873
f 2387/8097/874 2388/8098/875 2364/8099/875 2363/8100/874
f 2388/8101/875 2389/8102/876 2365/8103/876 2364/8104/875
f 2389/8105/876 2390/8106/877 2366/8107/877 2365/8108/876
f 2390/8109/877 2391/8110/878 2367/8111/878 2366/8112/877
f 2391/8113/878 2392/8114/879 2368/8115/879 2367/8116/878
f 2392/8117/879 2393/8118/880 2369/8119/880 2368/8120/879
f 2393/8121/880 2394/8122/881 2370/8123/881 2369/8124/880
f 2394/8125/881 2395/8126/882 2371/8127/882 2370/8128/881
f 2395/8129/882 2396/8130/883 2372/8131/883 2371/8132/882
f 2396/8133/883 2397/8134/884 2373/8135/884 2372/8136/883
f 2397/8137/884 2398/8138/885 2374/8139/885 2373/8140/884
f 2398/8141/885 2399/8142/886 2375/8143/886 2374/8144/885
f 2399/8145/886 2400/8146/887 2376/8147/887 2375/8148/886
f 2400/8149/887 2377/8150/864 2353/8151/864 2376/8152/887
o tank_lid
usemtl underground_fuel_tank
v 0.5 0.625 0.5
v 0.5 0.625 0.5
v 0.5 0.625 0.5
v 0.5 0.625 0.5
v 0.5 0.625 0.5
v 0.5 0.625 0.5
v 0.5 0.625 0.5
v 0.5 0.625 0.5
v 0.5 0.625 0.5
v 0.5 0.625 0.5
v 0.5 0.625 0.5
v 0.5 0.625 0.5
v 0.5 0.625 0.5
v 0.5 0.625 0.5
v 0.5 0.625 0.5
v 0.5 0.625 0.5
v 0.5 0.625 0.5
v 0.5 0.625 0.5
v 0.5 0.625 0.5
v 0.5 0.625 0.5
v 0.5 0.625 0.5
v 0.5 0.625 0.5
v 0.5 0.625 0.5
v 0.5 0.625 0.5
v 1.094867 0.625 0.578316
v 1.054328 0.625 0.72961
v 0.976012 0.625 0.865257
v 0.865257 0.625 0.976012
v 0.72961 0.625 1.054328
v 0.578316 0.625 1.094867
v 0.421684 0.625 1.094867
v 0.27039 0.625 1.054328
v 0.134743 0.625 0.976012
v 0.023988 0.625 0.865257
v -0.054328 0.625 0.72961
v -0.094867 0.625 0.578316
v -0.094867 0.625 0.421684
v -0.054328 0.625 0.27039
v 0.023988 0.625 0.134743
v 0.134743 0.625 0.023988
v 0.27039 0.625 -0.054328
v 0.421684 0.625 -0.094867
v 0.578316 0.625 -0.094867
v 0.72961 0.625 -0.054328
v 0.865257 0.625 0.023988
v 0.976012 0.625 0.134743
v 1.054328 0.625 0.27039
v 1.094867 0.625 0.421684
v 1.094867 0.678125 0.578316
v 1.054328 0.678125 0.72961
v 0.976012 0.678125 0.865257
v 0.865257 0.678125 0.976012
v 0.72961 0.678125 1.054328
v 0.578316 0.678125 1.094867
v 0.421684 0.678125 1.094867
v 0.27039 0.678125 1.054328
v 0.134743 0.678125 0.976012
v 0.023988 0.678125 0.865257
v -0.054328 0.678125 0.72961
v -0.094867 0.678125 0.578316
v -0.094867 0.678125 0.421684
v -0.054328 0.678125 0.27039
v 0.023988 0.678125 0.134743
v 0.134743 0.678125 0.023988
v 0.27039 0.678125 -0.054328
v 0.421684 0.678125 -0.094867
v 0.578316 0.678125 -0.094867
v 0.72961 0.678125 -0.054328
v 0.865257 0.678125 0.023988
v 0.976012 0.678125 0.134743
v 1.054328 0.678125 0.27039
v 1.094867 0.678125 0.421684
v 1.073179 0.7 0.57546
v 1.034118 0.7 0.721239
v 0.958657 0.7 0.85194
v 0.85194 0.7 0.958657
v 0.721239 0.7 1.034118
v 0.57546 0.7 1.073179
v 0.42454 0.7 1.073179
v 0.278761 0.7 1.034118
v 0.14806 0.7 0.958657
v 0.041343 0.7 0.85194
v -0.034118 0.7 0.721239
v -0.073179 0.7 0.57546
v -0.073179 0.7 0.42454
v -0.034118 0.7 0.278761
v 0.041343 0.7 0.14806
v 0.14806 0.7 0.041343
v 0.278761 0.7 -0.034118
v 0.42454 0.7 -0.073179
v 0.57546 0.7 -0.073179
v 0.721239 0.7 -0.034118
v 0.85194 0.7 0.041343
v 0.958657 0.7 0.14806
v 1.034118 0.7 0.278761
v 1.073179 0.7 0.42454
v 0.5 0.7 0.5
v 0.5 0.7 0.5
v 0.5 0.7 0.5
v 0.5 0.7 0.5
v 0.5 0.7 0.5
v 0.5 0.7 0.5
v 0.5 0.7 0.5
v 0.5 0.7 0.5
v 0.5 0.7 0.5
v 0.5 0.7 0.5
v 0.5 0.7 0.5
v 0.5 0.7 0.5
v 0.5 0.7 0.5
v 0.5 0.7 0.5
v 0.5 0.7 0.5
v 0.5 0.7 0.5
v 0.5 0.7 0.5
v 0.5 0.7 0.5
v 0.5 0.7 0.5
v 0.5 0.7 0.5
v 0.5 0.7 0.5
v 0.5 0.7 0.5
v 0.5 0.7 0.5
v 0.5 0.7 0.5
vt 0.958252 0.040283
vt 0.958252 0.040283
vt 0.962994 0.040283
vt 0.535773 0.217158
vt 0.533319 0.226318
vt 0.499756 0.212416
vt 0.831787 0.040283
vt 0.831787 0.040283
vt 0.845689 0.040283
vt 0.389276 0.243008
vt 0.384534 0.251221
vt 0.355713 0.229106
vt 0.676514 0.040283
vt 0.676514 0.040283
vt 0.698629 0.040283
vt 0.776754 0.469958
vt 0.78346 0.476664
vt 0.754639 0.498779
vt 0.419189 0.040283
vt 0.419189 0.040283
vt 0.44801 0.040283
vt 0.41969 0.229106
vt 0.424432 0.237319
vt 0.390869 0.251221
vt 0.14624 0.040283
vt 0.14624 0.040283
vt 0.179803 0.040283
vt 0.495721 0.212416
vt 0.498176 0.221577
vt 0.462158 0.226318
vt 0.849854 0.042236
vt 0.849854 0.042236
vt 0.885871 0.042236
vt 0.432258 0.199745
vt 0.432258 0.209229
vt 0.39624 0.204487
vt 0.887451 0.042236
vt 0.887451 0.042236
vt 0.923469 0.042236
vt 0.648566 0.217158
vt 0.646112 0.226318
vt 0.612549 0.212416
vt 0.181396 0.040283
vt 0.181396 0.040283
vt 0.214959 0.040283
vt 0.459588 0.243008
vt 0.454846 0.251221
vt 0.426025 0.229106
vt 0.449951 0.040283
vt 0.449951 0.040283
vt 0.478772 0.040283
vt 0.814221 0.492073
vt 0.807516 0.498779
vt 0.7854 0.469958
vt 0.628662 0.040283
vt 0.628662 0.040283
vt 0.650777 0.040283
vt 0.254986 0.251221
vt 0.250244 0.243008
vt 0.283807 0.229106
vt 0.816162 0.040283
vt 0.816162 0.040283
vt 0.830064 0.040283
vt 0.427015 0.226318
vt 0.424561 0.217158
vt 0.460578 0.212416
vt 0.939209 0.040283
vt 0.939209 0.040283
vt 0.943951 0.040283
vt 0.358643 0.209229
vt 0.358643 0.199745
vt 0.39466 0.204487
vt 0.950298 0.040283
vt 0.950298 0.040283
vt 0.945557 0.040283
vt 0.537354 0.221577
vt 0.539808 0.212416
vt 0.573371 0.226318
vt 0.861314 0.040283
vt 0.861314 0.040283
vt 0.847412 0.040283
vt 0.461182 0.237319
vt 0.465923 0.229106
vt 0.494744 0.251221
vt 0.722555 0.040283
vt 0.722555 0.040283
vt 0.700439 0.040283
vt 0.846924 0.476664
vt 0.85363 0.469958
vt 0.875745 0.498779
vt 0.509534 0.040283
vt 0.509534 0.040283
vt 0.480713 0.040283
vt 0.290142 0.251221
vt 0.2854 0.243008
vt 0.318963 0.229106
vt 0.250116 0.040283
vt 0.250116 0.040283
vt 0.216553 0.040283
vt 0.652601 0.226318
vt 0.650146 0.217158
vt 0.686164 0.212416
vt 0.961066 0.042236
vt 0.961066 0.042236
vt 0.925049 0.042236
vt 0.471436 0.209229
vt 0.471436 0.199745
vt 0.507453 0.204487
vt 0.848273 0.042236
vt 0.848273 0.042236
vt 0.812256 0.042236
vt 0.687744 0.221577
vt 0.690199 0.212416
vt 0.723761 0.226318
vt 0.144647 0.040283
vt 0.144647 0.040283
vt 0.111084 0.040283
vt 0.496338 0.237319
vt 0.50108 0.229106
vt 0.529901 0.251221
vt 0.417249 0.040283
vt 0.417249 0.040283
vt 0.388428 0.040283
vt 0.816162 0.476664
vt 0.822868 0.469958
vt 0.844983 0.498779
vt 0.674703 0.040283
vt 0.674703 0.040283
vt 0.652588 0.040283
vt 0.349378 0.229106
vt 0.354119 0.237319
vt 0.320557 0.251221
vt 0.876939 0.040283
vt 0.876939 0.040283
vt 0.863037 0.040283
vt 0.608514 0.212416
vt 0.610969 0.221577
vt 0.574951 0.226318
vt 0.956646 0.040283
vt 0.956646 0.040283
vt 0.951904 0.040283
vt 0.469855 0.199745
vt 0.469855 0.209229
vt 0.433838 0.204487
vt 0.669189 0.057086
vt 0.678673 0.057086
vt 0.678673 0.060303
vt 0.669189 0.060303
vt 0.68042 0.057086
vt 0.689903 0.057086
vt 0.689903 0.060303
vt 0.68042 0.060303
vt 0.511963 0.057086
vt 0.521446 0.057086
vt 0.521446 0.060303
vt 0.511963 0.060303
vt 0.500732 0.057086
vt 0.510216 0.057086
vt 0.510216 0.060303
vt 0.500732 0.060303
vt 0.532677 0.060303
vt 0.523193 0.060303
vt 0.523193 0.057086
vt 0.532677 0.057086
vt 0.487755 0.060303
vt 0.478271 0.060303
vt 0.478271 0.057086
vt 0.487755 0.057086
vt 0.555138 0.060303
vt 0.545654 0.060303
vt 0.545654 0.057086
vt 0.555138 0.057086
vt 0.656212 0.060303
vt 0.646729 0.060303
vt 0.646729 0.057086
vt 0.656212 0.057086
vt 0.588829 0.060303
vt 0.579346 0.060303
vt 0.579346 0.057086
vt 0.588829 0.057086
vt 0.476525 0.060303
vt 0.467041 0.060303
vt 0.467041 0.057086
vt 0.476525 0.057086
vt 0.566368 0.060303
vt 0.556885 0.060303
vt 0.556885 0.057086
vt 0.566368 0.057086
vt 0.442833 0.060303
vt 0.43335 0.060303
vt 0.43335 0.057086
vt 0.442833 0.057086
vt 0.543907 0.060303
vt 0.534424 0.060303
vt 0.534424 0.057086
vt 0.543907 0.057086
vt 0.667443 0.060303
vt 0.657959 0.060303
vt 0.657959 0.057086
vt 0.667443 0.057086
vt 0.60006 0.060303
vt 0.590576 0.060303
vt 0.590576 0.057086
vt 0.60006 0.057086
vt 0.465294 0.060303
vt 0.455811 0.060303
vt 0.455811 0.057086
vt 0.465294 0.057086
vt 0.61129 0.060303
vt 0.601807 0.060303
vt 0.601807 0.057086
vt 0.61129 0.057086
vt 0.577599 0.060303
vt 0.568115 0.060303
vt 0.568115 0.057086
vt 0.577599 0.057086
vt 0.622521 0.060303
vt 0.613037 0.060303
vt 0.613037 0.057086
vt 0.622521 0.057086
vt 0.69165 0.057086
vt 0.701134 0.057086
vt 0.701134 0.060303
vt 0.69165 0.060303
vt 0.44458 0.057086
vt 0.454064 0.057086
vt 0.454064 0.060303
vt 0.44458 0.060303
vt 0.635498 0.057086
vt 0.644982 0.057086
vt 0.644982 0.060303
vt 0.635498 0.060303
vt 0.624268 0.057086
vt 0.633751 0.057086
vt 0.633751 0.060303
vt 0.624268 0.060303
vt 0.489502 0.057086
vt 0.498985 0.057086
vt 0.498985 0.060303
vt 0.489502 0.060303
vt 0.852164 0.130704
vt 0.861139 0.128991
vt 0.861659 0.130791
vt 0.852343 0.132568
vt 0.861139 0.128991
vt 0.869494 0.125682
vt 0.870329 0.127357
vt 0.861659 0.130791
vt 0.741943 0.224732
vt 0.749177 0.219213
vt 0.750446 0.22059
vt 0.742939 0.226318
vt 0.749177 0.219213
vt 0.755268 0.212453
vt 0.756768 0.213575
vt 0.750446 0.22059
vt 0.738223 0.109313
vt 0.746975 0.1118
vt 0.746632 0.113641
vt 0.737549 0.11106
vt 0.746975 0.1118
vt 0.756036 0.112629
vt 0.756036 0.114502
vt 0.746632 0.113641
vt 0.283447 0.207467
vt 0.291691 0.203615
vt 0.292637 0.205231
vt 0.284082 0.209229
vt 0.291691 0.203615
vt 0.299082 0.198308
vt 0.300308 0.199724
vt 0.292637 0.205231
vt 0.355526 0.209229
vt 0.347965 0.204167
vt 0.348858 0.20252
vt 0.356705 0.207774
vt 0.347965 0.204167
vt 0.3396 0.200587
vt 0.340176 0.198806
vt 0.348858 0.20252
vt 0.431054 0.060303
vt 0.422111 0.058623
vt 0.422285 0.056758
vt 0.431566 0.058501
vt 0.422111 0.058623
vt 0.413012 0.058623
vt 0.412842 0.056758
vt 0.422285 0.056758
vt 0.841233 0.127475
vt 0.832302 0.129212
vt 0.831775 0.127415
vt 0.841045 0.125612
vt 0.832302 0.129212
vt 0.823845 0.132568
vt 0.822998 0.130898
vt 0.831775 0.127415
vt 0.740166 0.21404
vt 0.732932 0.219559
vt 0.731663 0.218181
vt 0.73917 0.212453
vt 0.732932 0.219559
vt 0.726842 0.226318
vt 0.725342 0.225197
vt 0.731663 0.218181
vt 0.735342 0.114502
vt 0.72659 0.112015
vt 0.726933 0.110173
vt 0.736016 0.112755
vt 0.72659 0.112015
vt 0.717529 0.111185
vt 0.717529 0.109313
vt 0.726933 0.110173
vt 0.318863 0.20007
vt 0.310619 0.203922
vt 0.309672 0.202305
vt 0.318228 0.198308
vt 0.310619 0.203922
vt 0.303228 0.209229
vt 0.302002 0.207813
vt 0.309672 0.202305
vt 0.321736 0.198806
vt 0.329297 0.203867
vt 0.328404 0.205514
vt 0.320557 0.20026
vt 0.329297 0.203867
vt 0.337662 0.207447
vt 0.337085 0.209229
vt 0.328404 0.205514
vt 0.402127 0.056744
vt 0.411106 0.058438
vt 0.41093 0.060303
vt 0.401611 0.058545
vt 0.843178 0.130704
vt 0.852164 0.130704
vt 0.852343 0.132568
vt 0.843018 0.132568
vt 0.893799 0.040283
vt 0.893799 0.040283
vt 0.907194 0.040283
vt 0.834152 0.226318
vt 0.831787 0.217492
vt 0.866491 0.212923
vt 0.770264 0.040283
vt 0.770264 0.040283
vt 0.791573 0.040283
vt 0.773368 0.251221
vt 0.768799 0.243307
vt 0.801138 0.229912
vt 0.540771 0.040283
vt 0.540771 0.040283
vt 0.568542 0.040283
vt 0.743835 0.274544
vt 0.737373 0.281006
vt 0.716064 0.253236
vt 0.354248 0.040283
vt 0.354248 0.040283
vt 0.386587 0.040283
vt 0.835318 0.243307
vt 0.830749 0.251221
vt 0.802979 0.229912
vt 0.962646 0.042236
vt 0.962646 0.042236
vt 0.997351 0.042236
vt 0.82987 0.217492
vt 0.827505 0.226318
vt 0.795166 0.212923
vt 0.001221 0.040283
vt 0.001221 0.040283
vt 0.035925 0.040283
vt 0.580358 0.200091
vt 0.580358 0.209229
vt 0.545654 0.20466
vt 0.285889 0.040283
vt 0.285889 0.040283
vt 0.318228 0.040283
vt 0.97399 0.212923
vt 0.976355 0.221749
vt 0.94165 0.226318
vt 0.570068 0.040283
vt 0.570068 0.040283
vt 0.597839 0.040283
vt 0.72821 0.229912
vt 0.732779 0.237825
vt 0.700439 0.251221
vt 0.724365 0.040283
vt 0.724365 0.040283
vt 0.745674 0.040283
vt 0.76667 0.253236
vt 0.773132 0.259697
vt 0.745361 0.281006
vt 0.878662 0.040283
vt 0.878662 0.040283
vt 0.892057 0.040283
vt 0.698599 0.243307
vt 0.69403 0.251221
vt 0.66626 0.229912
vt 0.9646 0.040283
vt 0.9646 0.040283
vt 0.969169 0.040283
vt 0.793249 0.217492
vt 0.790884 0.226318
vt 0.758545 0.212923
vt 0.975516 0.040283
vt 0.975516 0.040283
vt 0.970947 0.040283
vt 0.543737 0.200091
vt 0.543737 0.209229
vt 0.509033 0.20466
vt 0.922331 0.040283
vt 0.922331 0.040283
vt 0.908936 0.040283
vt 0.900747 0.212923
vt 0.903112 0.221749
vt 0.868408 0.226318
vt 0.814522 0.040283
vt 0.814522 0.040283
vt 0.793213 0.040283
vt 0.762389 0.229912
vt 0.766958 0.237825
vt 0.734619 0.251221
vt 0.627136 0.040283
vt 0.627136 0.040283
vt 0.599365 0.040283
vt 0.825264 0.253236
vt 0.831725 0.259697
vt 0.803955 0.281006
vt 0.352408 0.040283
vt 0.352408 0.040283
vt 0.320068 0.040283
vt 0.5979 0.237825
vt 0.602469 0.229912
vt 0.63024 0.251221
vt 0.072546 0.040283
vt 0.072546 0.040283
vt 0.037842 0.040283
vt 0.001221 0.20466
vt 0.003586 0.195833
vt 0.035925 0.209229
vt 0.109167 0.040283
vt 0.109167 0.040283
vt 0.074463 0.040283
vt 0.618896 0.209229
vt 0.618896 0.200091
vt 0.653601 0.20466
vt 0.284048 0.040283
vt 0.284048 0.040283
vt 0.251709 0.040283
vt 0.040207 0.209229
vt 0.037842 0.200402
vt 0.072546 0.195833
vt 0.539245 0.040283
vt 0.539245 0.040283
vt 0.511475 0.040283
vt 0.841727 0.251221
vt 0.837158 0.243307
vt 0.869497 0.229912
vt 0.768623 0.040283
vt 0.768623 0.040283
vt 0.747314 0.040283
vt 0.78112 0.281006
vt 0.774658 0.274544
vt 0.802428 0.253236
vt 0.937468 0.040283
vt 0.937468 0.040283
vt 0.924072 0.040283
vt 0.63208 0.237825
vt 0.636649 0.229912
vt 0.664419 0.251221
vt 0.981864 0.040283
vt 0.981864 0.040283
vt 0.977295 0.040283
vt 0.905029 0.221749
vt 0.907394 0.212923
vt 0.939733 0.226318
vt 0.983643 0.040283
vt 0.983643 0.040283
vt 0.988211 0.040283
vt 0.582275 0.209229
vt 0.582275 0.200091
vt 0.61698 0.20466
vn 0 0 0
vn 0 -1 0
vn 0.991445 0 0.130526
vn 0.92388 0 0.382683
vn 0.793353 0 0.608761
vn 0.608761 0 0.793353
vn 0.382683 0 0.92388
vn 0.130526 0 0.991445
vn -0.130526 0 0.991445
vn -0.382683 0 0.92388
vn -0.608761 0 0.793353
vn -0.793353 0 0.608761
vn -0.92388 0 0.382683
vn -0.991445 0 0.130526
vn -0.991445 0 -0.130526
vn -0.92388 0 -0.382683
vn -0.793353 0 -0.608761
vn -0.608761 0 -0.793353
vn -0.382683 0 -0.92388
vn -0.130526 0 -0.991445
vn 0.130526 0 -0.991445
vn 0.382683 0 -0.92388
vn 0.608761 0 -0.793353
vn 0.793353 0 -0.608761
vn 0.92388 0 -0.382683
vn 0.991445 0 -0.130526
vn 0.701057 0.707107 0.092296
vn 0.653281 0.707107 0.270598
vn 0.560986 0.707107 0.430459
vn 0.430459 0.707107 0.560986
vn 0.270598 0.707107 0.653281
vn 0.092296 0.707107 0.701057
vn -0.092296 0.707107 0.701057
vn -0.270598 0.707107 0.653281
vn -0.430459 0.707107 0.560986
vn -0.560986 0.707107 0.430459
vn -0.653281 0.707107 0.270598
vn -0.701057 0.707107 0.092296
vn -0.701057 0.707107 -0.092296
vn -0.653281 0.707107 -0.270598
vn -0.560986 0.707107 -0.430459
vn -0.430459 0.707107 -0.560986
vn -0.270598 0.707107 -0.653281
vn -0.092296 0.707107 -0.701057
vn 0.092296 0.707107 -0.701057
vn 0.270598 0.707107 -0.653281
vn 0.430459 0.707107 -0.560986
vn 0.560986 0.707107 -0.430459
vn 0.653281 0.707107 -0.270598
vn 0.701057 0.707107 -0.092296
vn 0 1 0
f 2402/8153/888 2401/8154/888 2425/8155/888
f 2425/8156/889 2426/8157/889 2402/8158/889
f 2403/8159/888 2402/8160/888 2426/8161/888
f 2426/8162/889 2427/8163/889 2403/8164/889
f 2404/8165/888 2403/8166/888 2427/8167/888
f 2427/8168/889 2428/8169/889 2404/8170/889
f 2405/8171/888 2404/8172/888 2428/8173/888
f 2428/8174/889 2429/8175/889 2405/8176/889
f 2406/8177/888 2405/8178/888 2429/8179/888
f 2429/8180/889 2430/8181/889 2406/8182/889
f 2407/8183/888 2406/8184/888 2430/8185/888
f 2430/8186/889 2431/8187/889 2407/8188/889
f 2408/8189/888 2407/8190/888 2431/8191/888
f 2431/8192/889 2432/8193/889 2408/8194/889
f 2409/8195/888 2408/8196/888 2432/8197/888
f 2432/8198/889 2433/8199/889 2409/8200/889
f 2410/8201/888 2409/8202/888 2433/8203/888
f 2433/8204/889 2434/8205/889 2410/8206/889
f 2411/8207/888 2410/8208/888 2434/8209/888
f 2434/8210/889 2435/8211/889 2411/8212/889
f 2412/8213/888 2411/8214/888 2435/8215/888
f 2435/8216/889 2436/8217/889 2412/8218/889
f 2413/8219/888 2412/8220/888 2436/8221/888
f 2436/8222/889 2437/8223/889 2413/8224/889
f 2414/8225/888 2413/8226/888 2437/8227/888
f 2437/8228/889 2438/8229/889 2414/8230/889
f 2415/8231/888 2414/8232/888 2438/8233/888
f 2438/8234/889 2439/8235/889 2415/8236/889
f 2416/8237/888 2415/8238/888 2439/8239/888
f 2439/8240/889 2440/8241/889 2416/8242/889
f 2417/8243/888 2416/8244/888 2440/8245/888
f 2440/8246/889 2441/8247/889 2417/8248/889
f 2418/8249/888 2417/8250/888 2441/8251/888
f 2441/8252/889 2442/8253/889 2418/8254/889
f 2419/8255/888 2418/8256/888 2442/8257/888
f 2442/8258/889 2443/8259/889 2419/8260/889
f 2420/8261/888 2419/8262/888 2443/8263/888
f 2443/8264/889 2444/8265/889 2420/8266/889
f 2421/8267/888 2420/8268/888 2444/8269/888
f 2444/8270/889 2445/8271/889 2421/8272/889
f 2422/8273/888 2421/8274/888 2445/8275/888
f 2445/8276/889 2446/8277/889 2422/8278/889
f 2423/8279/888 2422/8280/888 2446/8281/888
f 2446/8282/889 2447/8283/889 2423/8284/889
f 2424/8285/888 2423/8286/888 2447/8287/888
f 2447/8288/889 2448/8289/889 2424/8290/889
f 2401/8291/888 2424/8292/888 2448/8293/888
f 2448/8294/889 2425/8295/889 2401/8296/889
f 2449/8297/890 2450/8298/891 2426/8299/891 2425/8300/890
f 2450/8301/891 2451/8302/892 2427/8303/892 2426/8304/891
f 2451/8305/892 2452/8306/893 2428/8307/893 2427/8308/892
f 2452/8309/893 2453/8310/894 2429/8311/894 2428/8312/893
f 2453/8313/894 2454/8314/895 2430/8315/895 2429/8316/894
f 2454/8317/895 2455/8318/896 2431/8319/896 2430/8320/895
f 2455/8321/896 2456/8322/897 2432/8323/897 2431/8324/896
f 2456/8325/897 2457/8326/898 2433/8327/898 2432/8328/897
f 2457/8329/898 2458/8330/899 2434/8331/899 2433/8332/898
f 2458/8333/899 2459/8334/900 2435/8335/900 2434/8336/899
f 2459/8337/900 2460/8338/901 2436/8339/901 2435/8340/900
f 2460/8341/901 2461/8342/902 2437/8343/902 2436/8344/901
f 2461/8345/902 2462/8346/903 2438/8347/903 2437/8348/902
f 2462/8349/903 2463/8350/904 2439/8351/904 2438/8352/903
f 2463/8353/904 2464/8354/905 2440/8355/905 2439/8356/904
f 2464/8357/905 2465/8358/906 2441/8359/906 2440/8360/905
f 2465/8361/906 2466/8362/907 2442/8363/907 2441/8364/906
f 2466/8365/907 2467/8366/908 2443/8367/908 2442/8368/907
f 2467/8369/908 2468/8370/909 2444/8371/909 2443/8372/908
f 2468/8373/909 2469/8374/910 2445/8375/910 2444/8376/909
f 2469/8377/910 2470/8378/911 2446/8379/911 2445/8380/910
f 2470/8381/911 2471/8382/912 2447/8383/912 2446/8384/911
f 2471/8385/912 2472/8386/913 2448/8387/913 2447/8388/912
f 2472/8389/913 2449/8390/890 2425/8391/890 2448/8392/913
f 2473/8393/914 2474/8394/915 2450/8395/915 2449/8396/914
f 2474/8397/915 2475/8398/916 2451/8399/916 2450/8400/915
f 2475/8401/916 2476/8402/917 2452/8403/917 2451/8404/916
f 2476/8405/917 2477/8406/918 2453/8407/918 2452/8408/917
f 2477/8409/918 2478/8410/919 2454/8411/919 2453/8412/918
f 2478/8413/919 2479/8414/920 2455/8415/920 2454/8416/919
f 2479/8417/920 2480/8418/921 2456/8419/921 2455/8420/920
f 2480/8421/921 2481/8422/922 2457/8423/922 2456/8424/921
f 2481/8425/922 2482/8426/923 2458/8427/923 2457/8428/922
f 2482/8429/923 2483/8430/924 2459/8431/924 2458/8432/923
f 2483/8433/924 2484/8434/925 2460/8435/925 2459/8436/924
f 2484/8437/925 2485/8438/926 2461/8439/926 2460/8440/925
f 2485/8441/926 2486/8442/927 2462/8443/927 2461/8444/926
f 2486/8445/927 2487/8446/928 2463/8447/928 2462/8448/927
f 2487/8449/928 2488/8450/929 2464/8451/929 2463/8452/928
f 2488/8453/929 2489/8454/930 2465/8455/930 2464/8456/929
f 2489/8457/930 2490/8458/931 2466/8459/931 2465/8460/930
f 2490/8461/931 2491/8462/932 2467/8463/932 2466/8464/931
f 2491/8465/932 2492/8466/933 2468/8467/933 2467/8468/932
f 2492/8469/933 2493/8470/934 2469/8471/934 2468/8472/933
f 2493/8473/934 2494/8474/935 2470/8475/935 2469/8476/934
f 2494/8477/935 2495/8478/936 2471/8479/936 2470/8480/935
f 2495/8481/936 2496/8482/937 2472/8483/937 2471/8484/936
f 2496/8485/937 2473/8486/914 2449/8487/914 2472/8488/937
f 2497/8489/888 2498/8490/888 2474/8491/888
f 2474/8492/938 2473/8493/938 2497/8494/938
f 2498/8495/888 2499/8496/888 2475/8497/888
f 2475/8498/938 2474/8499/938 2498/8500/938
f 2499/8501/888 2500/8502/888 2476/8503/888
f 2476/8504/938 2475/8505/938 2499/8506/938
f 2500/8507/888 2501/8508/888 2477/8509/888
f 2477/8510/938 2476/8511/938 2500/8512/938
f 2501/8513/888 2502/8514/888 2478/8515/888
f 2478/8516/938 2477/8517/938 2501/8518/938
f 2502/8519/888 2503/8520/888 2479/8521/888
f 2479/8522/938 2478/8523/938 2502/8524/938
f 2503/8525/888 2504/8526/888 2480/8527/888
f 2480/8528/938 2479/8529/938 2503/8530/938
f 2504/8531/888 2505/8532/888 2481/8533/888
f 2481/8534/938 2480/8535/938 2504/8536/938
f 2505/8537/888 2506/8538/888 2482/8539/888
f 2482/8540/938 2481/8541/938 2505/8542/938
f 2506/8543/888 2507/8544/888 2483/8545/888
f 2483/8546/938 2482/8547/938 2506/8548/938
f 2507/8549/888 2508/8550/888 2484/8551/888
f 2484/8552/938 2483/8553/938 2507/8554/938
f 2508/8555/888 2509/8556/888 2485/8557/888
f 2485/8558/938 2484/8559/938 2508/8560/938
f 2509/8561/888 2510/8562/888 2486/8563/888
f 2486/8564/938 2485/8565/938 2509/8566/938
f 2510/8567/888 2511/8568/888 2487/8569/888
f 2487/8570/938 2486/8571/938 2510/8572/938
f 2511/8573/888 2512/8574/888 2488/8575/888
f 2488/8576/938 2487/8577/938 2511/8578/938
f 2512/8579/888 2513/8580/888 2489/8581/888
f 2489/8582/938 2488/8583/938 2512/8584/938
f 2513/8585/888 2514/8586/888 2490/8587/888
f 2490/8588/938 2489/8589/938 2513/8590/938
f 2514/8591/888 2515/8592/888 2491/8593/888
f 2491/8594/938 2490/8595/938 2514/8596/938
f 2515/8597/888 2516/8598/888 2492/8599/888
f 2492/8600/938 2491/8601/938 2515/8602/938
f 2516/8603/888 2517/8604/888 2493/8605/888
f 2493/8606/938 2492/8607/938 2516/8608/938
f 2517/8609/888 2518/8610/888 2494/8611/888
f 2494/8612/938 2493/8613/938 2517/8614/938
f 2518/8615/888 2519/8616/888 2495/8617/888
f 2495/8618/938 2494/8619/938 2518/8620/938
f 2519/8621/888 2520/8622/888 2496/8623/888
f 2496/8624/938 2495/8625/938 2519/8626/938
f 2520/8627/888 2497/8628/888 2473/8629/888
f 2473/8630/938 2496/8631/938 2520/8632/938
o tank_lid_bolts
usemtl underground_fuel_tank
v 1.053992 0.7 0.629225
v 1.031259 0.7 0.6161
v 1.008526 0.7 0.629225
v 1.008526 0.7 0.655475
v 1.031259 0.7 0.6686
v 1.053992 0.7 0.655475
v 1.053992 0.72125 0.629225
v 1.031259 0.72125 0.6161
v 1.008526 0.72125 0.629225
v 1.008526 0.72125 0.655475
v 1.031259 0.72125 0.6686
v 1.053992 0.72125 0.655475
v 1.053992 0.7 0.629225
v 1.031259 0.7 0.6161
v 1.008526 0.7 0.629225
v 1.008526 0.7 0.655475
v 1.031259 0.7 0.6686
v 1.053992 0.7 0.655475
v 1.053992 0.72125 0.629225
v 1.031259 0.72125 0.6161
v 1.008526 0.72125 0.629225
v 1.008526 0.72125 0.655475
v 1.031259 0.72125 0.6686
v 1.053992 0.72125 0.655475
v 0.911642 0.7 0.875784
v 0.888909 0.7 0.862659
v 0.866176 0.7 0.875784
v 0.866176 0.7 0.902034
v 0.888909 0.7 0.915159
v 0.911642 0.7 0.902034
v 0.911642 0.72125 0.875784
v 0.888909 0.72125 0.862659
v 0.866176 0.72125 0.875784
v 0.866176 0.72125 0.902034
v 0.888909 0.72125 0.915159
v 0.911642 0.72125 0.902034
v 0.911642 0.7 0.875784
v 0.888909 0.7 0.862659
v 0.866176 0.7 0.875784
v 0.866176 0.7 0.902034
v 0.888909 0.7 0.915159
v 0.911642 0.7 0.902034
v 0.911642 0.72125 0.875784
v 0.888909 0.72125 0.862659
v 0.866176 0.72125 0.875784
v 0.866176 0.72125 0.902034
v 0.888909 0.72125 0.915159
v 0.911642 0.72125 0.902034
v 0.665084 0.7 1.018134
v 0.64235 0.7 1.005009
v 0.619617 0.7 1.018134
v 0.619617 0.7 1.044384
v 0.64235 0.7 1.057509
v 0.665084 0.7 1.044384
v 0.665084 0.72125 1.018134
v 0.64235 0.72125 1.005009
v 0.619617 0.72125 1.018134
v 0.619617 0.72125 1.044384
v 0.64235 0.72125 1.057509
v 0.665084 0.72125 1.044384
v 0.665084 0.7 1.018134
v 0.64235 0.7 1.005009
v 0.619617 0.7 1.018134
v 0.619617 0.7 1.044384
v 0.64235 0.7 1.057509
v 0.665084 0.7 1.044384
v 0.665084 0.72125 1.018134
v 0.64235 0.72125 1.005009
v 0.619617 0.72125 1.018134
v 0.619617 0.72125 1.044384
v 0.64235 0.72125 1.057509
v 0.665084 0.72125 1.044384
v 0.380383 0.7 1.018134
v 0.35765 0.7 1.005009
v 0.334916 0.7 1.018134
v 0.334916 0.7 1.044384
v 0.35765 0.7 1.057509
v 0.380383 0.7 1.044384
v 0.380383 0.72125 1.018134
v 0.35765 0.72125 1.005009
v 0.334916 0.72125 1.018134
v 0.334916 0.72125 1.044384
v 0.35765 0.72125 1.057509
v 0.380383 0.72125 1.044384
v 0.380383 0.7 1.018134
v 0.35765 0.7 1.005009
v 0.334916 0.7 1.018134
v 0.334916 0.7 1.044384
v 0.35765 0.7 1.057509
v 0.380383 0.7 1.044384
v 0.380383 0.72125 1.018134
v 0.35765 0.72125 1.005009
v 0.334916 0.72125 1.018134
v 0.334916 0.72125 1.044384
v 0.35765 0.72125 1.057509
v 0.380383 0.72125 1.044384
v 0.133824 0.7 0.875784
v 0.111091 0.7 0.862659
v 0.088358 0.7 0.875784
v 0.088358 0.7 0.902034
v 0.111091 0.7 0.915159
v 0.133824 0.7 0.902034
v 0.133824 0.72125 0.875784
v 0.111091 0.72125 0.862659
v 0.088358 0.72125 0.875784
v 0.088358 0.72125 0.902034
v 0.111091 0.72125 0.915159
v 0.133824 0.72125 0.902034
v 0.133824 0.7 0.875784
v 0.111091 0.7 0.862659
v 0.088358 0.7 0.875784
v 0.088358 0.7 0.902034
v 0.111091 0.7 0.915159
v 0.133824 0.7 0.902034
v 0.133824 0.72125 0.875784
v 0.111091 0.72125 0.862659
v 0.088358 0.72125 0.875784
v 0.088358 0.72125 0.902034
v 0.111091 0.72125 0.915159
v 0.133824 0.72125 0.902034
v -0.008526 0.7 0.629225
v -0.031259 0.7 0.6161
v -0.053992 0.7 0.629225
v -0.053992 0.7 0.655475
v -0.031259 0.7 0.6686
v -0.008526 0.7 0.655475
v -0.008526 0.72125 0.629225
v -0.031259 0.72125 0.6161
v -0.053992 0.72125 0.629225
v -0.053992 0.72125 0.655475
v -0.031259 0.72125 0.6686
v -0.008526 0.72125 0.655475
v -0.008526 0.7 0.629225
v -0.031259 0.7 0.6161
v -0.053992 0.7 0.629225
v -0.053992 0.7 0.655475
v -0.031259 0.7 0.6686
v -0.008526 0.7 0.655475
v -0.008526 0.72125 0.629225
v -0.031259 0.72125 0.6161
v -0.053992 0.72125 0.629225
v -0.053992 0.72125 0.655475
v -0.031259 0.72125 0.6686
v -0.008526 0.72125 0.655475
v -0.008526 0.7 0.344525
v -0.031259 0.7 0.3314
v -0.053992 0.7 0.344525
v -0.053992 0.7 0.370775
v -0.031259 0.7 0.3839
v -0.008526 0.7 0.370775
v -0.008526 0.72125 0.344525
v -0.031259 0.72125 0.3314
v -0.053992 0.72125 0.344525
v -0.053992 0.72125 0.370775
v -0.031259 0.72125 0.3839
v -0.008526 0.72125 0.370775
v -0.008526 0.7 0.344525
v -0.031259 0.7 0.3314
v -0.053992 0.7 0.344525
v -0.053992 0.7 0.370775
v -0.031259 0.7 0.3839
v -0.008526 0.7 0.370775
v -0.008526 0.72125 0.344525
v -0.031259 0.72125 0.3314
v -0.053992 0.72125 0.344525
v -0.053992 0.72125 0.370775
v -0.031259 0.72125 0.3839
v -0.008526 0.72125 0.370775
v 0.133824 0.7 0.097966
v 0.111091 0.7 0.084841
v 0.088358 0.7 0.097966
v 0.088358 0.7 0.124216
v 0.111091 0.7 0.137341
v 0.133824 0.7 0.124216
v 0.133824 0.72125 0.097966
v 0.111091 0.72125 0.084841
v 0.088358 0.72125 0.097966
v 0.088358 0.72125 0.124216
v 0.111091 0.72125 0.137341
v 0.133824 0.72125 0.124216
v 0.133824 0.7 0.097966
v 0.111091 0.7 0.084841
v 0.088358 0.7 0.097966
v 0.088358 0.7 0.124216
v 0.111091 0.7 0.137341
v 0.133824 0.7 0.124216
v 0.133824 0.72125 0.097966
v 0.111091 0.72125 0.084841
v 0.088358 0.72125 0.097966
v 0.088358 0.72125 0.124216
v 0.111091 0.72125 0.137341
v 0.133824 0.72125 0.124216
v 0.380383 0.7 -0.044384
v 0.35765 0.7 -0.057509
v 0.334916 0.7 -0.044384
v 0.334916 0.7 -0.018134
v 0.35765 0.7 -0.005009
v 0.380383 0.7 -0.018134
v 0.380383 0.72125 -0.044384
v 0.35765 0.72125 -0.057509
v 0.334916 0.72125 -0.044384
v 0.334916 0.72125 -0.018134
v 0.35765 0.72125 -0.005009
v 0.380383 0.72125 -0.018134
v 0.380383 0.7 -0.044384
v 0.35765 0.7 -0.057509
v 0.334916 0.7 -0.044384
v 0.334916 0.7 -0.018134
v 0.35765 0.7 -0.005009
v 0.380383 0.7 -0.018134
v 0.380383 0.72125 -0.044384
v 0.35765 0.72125 -0.057509
v 0.334916 0.72125 -0.044384
v 0.334916 0.72125 -0.018134
v 0.35765 0.72125 -0.005009
v 0.380383 0.72125 -0.018134
v 0.665084 0.7 -0.044384
v 0.64235 0.7 -0.057509
v 0.619617 0.7 -0.044384
v 0.619617 0.7 -0.018134
v 0.64235 0.7 -0.005009
v 0.665084 0.7 -0.018134
v 0.665084 0.72125 -0.044384
v 0.64235 0.72125 -0.057509
v 0.619617 0.72125 -0.044384
v 0.619617 0.72125 -0.018134
v 0.64235 0.72125 -0.005009
v 0.665084 0.72125 -0.018134
v 0.665084 0.7 -0.044384
v 0.64235 0.7 -0.057509
v 0.619617 0.7 -0.044384
v 0.619617 0.7 -0.018134
v 0.64235 0.7 -0.005009
v 0.665084 0.7 -0.018134
v 0.665084 0.72125 -0.044384
v 0.64235 0.72125 -0.057509
v 0.619617 0.72125 -0.044384
v 0.619617 0.72125 -0.018134
v 0.64235 0.72125 -0.005009
v 0.665084 0.72125 -0.018134
v 0.911642 0.7 0.097966
v 0.888909 0.7 0.084841
v 0.866176 0.7 0.097966
v 0.866176 0.7 0.124216
v 0.888909 0.7 0.137341
v 0.911642 0.7 0.124216
v 0.911642 0.72125 0.097966
v 0.888909 0.72125 0.084841
v 0.866176 0.72125 0.097966
v 0.866176 0.72125 0.124216
v 0.888909 0.72125 0.137341
v 0.911642 0.72125 0.124216
v 0.911642 0.7 0.097966
v 0.888909 0.7 0.084841
v 0.866176 0.7 0.097966
v 0.866176 0.7 0.124216
v 0.888909 0.7 0.137341
v 0.911642 0.7 0.124216
v 0.911642 0.72125 0.097966
v 0.888909 0.72125 0.084841
v 0.866176 0.72125 0.097966
v 0.866176 0.72125 0.124216
v 0.888909 0.72125 0.137341
v 0.911642 0.72125 0.124216
v 1.053992 0.7 0.344525
v 1.031259 0.7 0.3314
v 1.008526 0.7 0.344525
v 1.008526 0.7 0.370775
v 1.031259 0.7 0.3839
v 1.053992 0.7 0.370775
v 1.053992 0.72125 0.344525
v 1.031259 0.72125 0.3314
v 1.008526 0.72125 0.344525
v 1.008526 0.72125 0.370775
v 1.031259 0.72125 0.3839
v 1.053992 0.72125 0.370775
v 1.053992 0.7 0.344525
v 1.031259 0.7 0.3314
v 1.008526 0.7 0.344525
v 1.008526 0.7 0.370775
v 1.031259 0.7 0.3839
v 1.053992 0.7 0.370775
v 1.053992 0.72125 0.344525
v 1.031259 0.72125 0.3314
v 1.008526 0.72125 0.344525
v 1.008526 0.72125 0.370775
v 1.031259 0.72125 0.3839
v 1.053992 0.72125 0.370775
vt 0.231814 0.047119
vt 0.230225 0.047119
vt 0.230225 0.045833
vt 0.231814 0.045833
vt 0.0354 0.045833
vt 0.03699 0.045833
vt 0.03699 0.047119
vt 0.0354 0.047119
vt 0.05249 0.045833
vt 0.05408 0.045833
vt 0.05408 0.047119
vt 0.05249 0.047119
vt 0.055908 0.045833
vt 0.057498 0.045833
vt 0.057498 0.047119
vt 0.055908 0.047119
vt 0.060916 0.047119
vt 0.059326 0.047119
vt 0.059326 0.045833
vt 0.060916 0.045833
vt 0.064333 0.047119
vt 0.062744 0.047119
vt 0.062744 0.045833
vt 0.064333 0.045833
vt 0.054932 0.053555
vt 0.055726 0.052179
vt 0.057316 0.052179
vt 0.055726 0.054932
vt 0.054932 0.053555
vt 0.057316 0.052179
vt 0.057316 0.054932
vt 0.055726 0.054932
vt 0.057316 0.052179
vt 0.057316 0.052179
vt 0.05811 0.053555
vt 0.057316 0.054932
vt 0.062198 0.054932
vt 0.060609 0.054932
vt 0.059814 0.053555
vt 0.062198 0.054932
vt 0.059814 0.053555
vt 0.060609 0.052179
vt 0.062198 0.054932
vt 0.060609 0.052179
vt 0.062198 0.052179
vt 0.062198 0.052179
vt 0.062993 0.053555
vt 0.062198 0.054932
vt 0.067751 0.047119
vt 0.066162 0.047119
vt 0.066162 0.045833
vt 0.067751 0.045833
vt 0.038818 0.045833
vt 0.040408 0.045833
vt 0.040408 0.047119
vt 0.038818 0.047119
vt 0.06958 0.045833
vt 0.071169 0.045833
vt 0.071169 0.047119
vt 0.06958 0.047119
vt 0.989014 0.04925
vt 0.990603 0.04925
vt 0.990603 0.050537
vt 0.989014 0.050537
vt 0.043826 0.047119
vt 0.042236 0.047119
vt 0.042236 0.045833
vt 0.043826 0.045833
vt 0.074587 0.047119
vt 0.072998 0.047119
vt 0.072998 0.045833
vt 0.074587 0.045833
vt 0.133057 0.053555
vt 0.133851 0.052179
vt 0.135441 0.052179
vt 0.133851 0.054932
vt 0.133057 0.053555
vt 0.135441 0.052179
vt 0.135441 0.054932
vt 0.133851 0.054932
vt 0.135441 0.052179
vt 0.135441 0.052179
vt 0.136235 0.053555
vt 0.135441 0.054932
vt 0.140323 0.054932
vt 0.138734 0.054932
vt 0.137939 0.053555
vt 0.140323 0.054932
vt 0.137939 0.053555
vt 0.138734 0.052179
vt 0.140323 0.054932
vt 0.138734 0.052179
vt 0.140323 0.052179
vt 0.140323 0.052179
vt 0.141118 0.053555
vt 0.140323 0.054932
vt 0.078005 0.047119
vt 0.076416 0.047119
vt 0.076416 0.045833
vt 0.078005 0.045833
vt 0.182373 0.045833
vt 0.183962 0.045833
vt 0.183962 0.047119
vt 0.182373 0.047119
vt 0.992432 0.04925
vt 0.994021 0.04925
vt 0.994021 0.050537
vt 0.992432 0.050537
vt 0.216553 0.045833
vt 0.218142 0.045833
vt 0.218142 0.047119
vt 0.216553 0.047119
vt 0.18738 0.047119
vt 0.185791 0.047119
vt 0.185791 0.045833
vt 0.18738 0.045833
vt 0.997439 0.050537
vt 0.99585 0.050537
vt 0.99585 0.04925
vt 0.997439 0.04925
vt 0.142822 0.053555
vt 0.143617 0.052179
vt 0.145206 0.052179
vt 0.143617 0.054932
vt 0.142822 0.053555
vt 0.145206 0.052179
vt 0.145206 0.054932
vt 0.143617 0.054932
vt 0.145206 0.052179
vt 0.145206 0.052179
vt 0.146001 0.053555
vt 0.145206 0.054932
vt 0.150089 0.054932
vt 0.1485 0.054932
vt 0.147705 0.053555
vt 0.150089 0.054932
vt 0.147705 0.053555
vt 0.1485 0.052179
vt 0.150089 0.054932
vt 0.1485 0.052179
vt 0.150089 0.052179
vt 0.150089 0.052179
vt 0.150884 0.053555
vt 0.150089 0.054932
vt 0.081423 0.047119
vt 0.079834 0.047119
vt 0.079834 0.045833
vt 0.081423 0.045833
vt 0.083252 0.045833
vt 0.084841 0.045833
vt 0.084841 0.047119
vt 0.083252 0.047119
vt 0.001221 0.045833
vt 0.00281 0.045833
vt 0.00281 0.047119
vt 0.001221 0.047119
vt 0.189209 0.045833
vt 0.190798 0.045833
vt 0.190798 0.047119
vt 0.189209 0.047119
vt 0.22156 0.047119
vt 0.219971 0.047119
vt 0.219971 0.045833
vt 0.22156 0.045833
vt 0.006228 0.047119
vt 0.004639 0.047119
vt 0.004639 0.045833
vt 0.006228 0.045833
vt 0.152588 0.053555
vt 0.153383 0.052179
vt 0.154972 0.052179
vt 0.153383 0.054932
vt 0.152588 0.053555
vt 0.154972 0.052179
vt 0.154972 0.054932
vt 0.153383 0.054932
vt 0.154972 0.052179
vt 0.154972 0.052179
vt 0.155767 0.053555
vt 0.154972 0.054932
vt 0.159855 0.054932
vt 0.158265 0.054932
vt 0.157471 0.053555
vt 0.159855 0.054932
vt 0.157471 0.053555
vt 0.158265 0.052179
vt 0.159855 0.054932
vt 0.158265 0.052179
vt 0.159855 0.052179
vt 0.159855 0.052179
vt 0.160649 0.053555
vt 0.159855 0.054932
vt 0.194216 0.047119
vt 0.192627 0.047119
vt 0.192627 0.045833
vt 0.194216 0.045833
vt 0.008057 0.045833
vt 0.009646 0.045833
vt 0.009646 0.047119
vt 0.008057 0.047119
vt 0.08667 0.045833
vt 0.088259 0.045833
vt 0.088259 0.047119
vt 0.08667 0.047119
vt 0.196045 0.045833
vt 0.197634 0.045833
vt 0.197634 0.047119
vt 0.196045 0.047119
vt 0.091677 0.047119
vt 0.090088 0.047119
vt 0.090088 0.045833
vt 0.091677 0.045833
vt 0.095095 0.047119
vt 0.093506 0.047119
vt 0.093506 0.045833
vt 0.095095 0.045833
vt 0.162354 0.053555
vt 0.163148 0.052179
vt 0.164738 0.052179
vt 0.163148 0.054932
vt 0.162354 0.053555
vt 0.164738 0.052179
vt 0.164738 0.054932
vt 0.163148 0.054932
vt 0.164738 0.052179
vt 0.164738 0.052179
vt 0.165532 0.053555
vt 0.164738 0.054932
vt 0.16962 0.054932
vt 0.168031 0.054932
vt 0.167236 0.053555
vt 0.16962 0.054932
vt 0.167236 0.053555
vt 0.168031 0.052179
vt 0.16962 0.054932
vt 0.168031 0.052179
vt 0.16962 0.052179
vt 0.16962 0.052179
vt 0.170415 0.053555
vt 0.16962 0.054932
vt 0.224978 0.047119
vt 0.223389 0.047119
vt 0.223389 0.045833
vt 0.224978 0.045833
vt 0.233643 0.045833
vt 0.235232 0.045833
vt 0.235232 0.047119
vt 0.233643 0.047119
vt 0.096924 0.045833
vt 0.098513 0.045833
vt 0.098513 0.047119
vt 0.096924 0.047119
vt 0.100342 0.045833
vt 0.101931 0.045833
vt 0.101931 0.047119
vt 0.100342 0.047119
vt 0.013064 0.047119
vt 0.011475 0.047119
vt 0.011475 0.045833
vt 0.013064 0.045833
vt 0.105349 0.047119
vt 0.10376 0.047119
vt 0.10376 0.045833
vt 0.105349 0.045833
vt 0.064697 0.053555
vt 0.065492 0.052179
vt 0.067081 0.052179
vt 0.065492 0.054932
vt 0.064697 0.053555
vt 0.067081 0.052179
vt 0.067081 0.054932
vt 0.065492 0.054932
vt 0.067081 0.052179
vt 0.067081 0.052179
vt 0.067876 0.053555
vt 0.067081 0.054932
vt 0.071964 0.054932
vt 0.070375 0.054932
vt 0.06958 0.053555
vt 0.071964 0.054932
vt 0.06958 0.053555
vt 0.070375 0.052179
vt 0.071964 0.054932
vt 0.070375 0.052179
vt 0.071964 0.052179
vt 0.071964 0.052179
vt 0.072759 0.053555
vt 0.071964 0.054932
vt 0.108767 0.047119
vt 0.107178 0.047119
vt 0.107178 0.045833
vt 0.108767 0.045833
vt 0.110596 0.045833
vt 0.112185 0.045833
vt 0.112185 0.047119
vt 0.110596 0.047119
vt 0.114014 0.045833
vt 0.115603 0.045833
vt 0.115603 0.047119
vt 0.114014 0.047119
vt 0.117432 0.045833
vt 0.119021 0.045833
vt 0.119021 0.047119
vt 0.117432 0.047119
vt 0.122439 0.047119
vt 0.12085 0.047119
vt 0.12085 0.045833
vt 0.122439 0.045833
vt 0.125857 0.047119
vt 0.124268 0.047119
vt 0.124268 0.045833
vt 0.125857 0.045833
vt 0.074463 0.053555
vt 0.075258 0.052179
vt 0.076847 0.052179
vt 0.075258 0.054932
vt 0.074463 0.053555
vt 0.076847 0.052179
vt 0.076847 0.054932
vt 0.075258 0.054932
vt 0.076847 0.052179
vt 0.076847 0.052179
vt 0.077642 0.053555
vt 0.076847 0.054932
vt 0.08173 0.054932
vt 0.08014 0.054932
vt 0.079346 0.053555
vt 0.08173 0.054932
vt 0.079346 0.053555
vt 0.08014 0.052179
vt 0.08173 0.054932
vt 0.08014 0.052179
vt 0.08173 0.052179
vt 0.08173 0.052179
vt 0.082524 0.053555
vt 0.08173 0.054932
vt 0.129275 0.047119
vt 0.127686 0.047119
vt 0.127686 0.045833
vt 0.129275 0.045833
vt 0.199463 0.045833
vt 0.201052 0.045833
vt 0.201052 0.047119
vt 0.199463 0.047119
vt 0.131104 0.045833
vt 0.132693 0.045833
vt 0.132693 0.047119
vt 0.131104 0.047119
vt 0.134521 0.045833
vt 0.136111 0.045833
vt 0.136111 0.047119
vt 0.134521 0.047119
vt 0.047244 0.047119
vt 0.045654 0.047119
vt 0.045654 0.045833
vt 0.047244 0.045833
vt 0.139529 0.047119
vt 0.137939 0.047119
vt 0.137939 0.045833
vt 0.139529 0.045833
vt 0.172119 0.053555
vt 0.172914 0.052179
vt 0.174503 0.052179
vt 0.172914 0.054932
vt 0.172119 0.053555
vt 0.174503 0.052179
vt 0.174503 0.054932
vt 0.172914 0.054932
vt 0.174503 0.052179
vt 0.174503 0.052179
vt 0.175298 0.053555
vt 0.174503 0.054932
vt 0.179386 0.054932
vt 0.177797 0.054932
vt 0.177002 0.053555
vt 0.179386 0.054932
vt 0.177002 0.053555
vt 0.177797 0.052179
vt 0.179386 0.054932
vt 0.177797 0.052179
vt 0.179386 0.052179
vt 0.179386 0.052179
vt 0.180181 0.053555
vt 0.179386 0.054932
vt 0.228396 0.047119
vt 0.226807 0.047119
vt 0.226807 0.045833
vt 0.228396 0.045833
vt 0.202881 0.045833
vt 0.20447 0.045833
vt 0.20447 0.047119
vt 0.202881 0.047119
vt 0.014893 0.045833
vt 0.016482 0.045833
vt 0.016482 0.047119
vt 0.014893 0.047119
vt 0.141357 0.045833
vt 0.142947 0.045833
vt 0.142947 0.047119
vt 0.141357 0.047119
vt 0.146365 0.047119
vt 0.144775 0.047119
vt 0.144775 0.045833
vt 0.146365 0.045833
vt 0.0199 0.047119
vt 0.018311 0.047119
vt 0.018311 0.045833
vt 0.0199 0.045833
vt 0.181885 0.053555
vt 0.182679 0.052179
vt 0.184269 0.052179
vt 0.182679 0.054932
vt 0.181885 0.053555
vt 0.184269 0.052179
vt 0.184269 0.054932
vt 0.182679 0.054932
vt 0.184269 0.052179
vt 0.184269 0.052179
vt 0.185063 0.053555
vt 0.184269 0.054932
vt 0.189152 0.054932
vt 0.187562 0.054932
vt 0.186768 0.053555
vt 0.189152 0.054932
vt 0.186768 0.053555
vt 0.187562 0.052179
vt 0.189152 0.054932
vt 0.187562 0.052179
vt 0.189152 0.052179
vt 0.189152 0.052179
vt 0.189946 0.053555
vt 0.189152 0.054932
vt 0.207888 0.047119
vt 0.206299 0.047119
vt 0.206299 0.045833
vt 0.207888 0.045833
vt 0.148193 0.045833
vt 0.149783 0.045833
vt 0.149783 0.047119
vt 0.148193 0.047119
vt 0.021729 0.045833
vt 0.023318 0.045833
vt 0.023318 0.047119
vt 0.021729 0.047119
vt 0.209717 0.045833
vt 0.211306 0.045833
vt 0.211306 0.047119
vt 0.209717 0.047119
vt 0.153201 0.047119
vt 0.151611 0.047119
vt 0.151611 0.045833
vt 0.153201 0.045833
vt 0.026736 0.047119
vt 0.025146 0.047119
vt 0.025146 0.045833
vt 0.026736 0.045833
vt 0.19165 0.053555
vt 0.192445 0.052179
vt 0.194034 0.052179
vt 0.192445 0.054932
vt 0.19165 0.053555
vt 0.194034 0.052179
vt 0.194034 0.054932
vt 0.192445 0.054932
vt 0.194034 0.052179
vt 0.194034 0.052179
vt 0.194829 0.053555
vt 0.194034 0.054932
vt 0.198917 0.054932
vt 0.197328 0.054932
vt 0.196533 0.053555
vt 0.198917 0.054932
vt 0.196533 0.053555
vt 0.197328 0.052179
vt 0.198917 0.054932
vt 0.197328 0.052179
vt 0.198917 0.052179
vt 0.198917 0.052179
vt 0.199712 0.053555
vt 0.198917 0.054932
vt 0.214724 0.047119
vt 0.213135 0.047119
vt 0.213135 0.045833
vt 0.214724 0.045833
vt 0.155029 0.045833
vt 0.156619 0.045833
vt 0.156619 0.047119
vt 0.155029 0.047119
vt 0.158447 0.045833
vt 0.160037 0.045833
vt 0.160037 0.047119
vt 0.158447 0.047119
vt 0.161865 0.045833
vt 0.163455 0.045833
vt 0.163455 0.047119
vt 0.161865 0.047119
vt 0.166873 0.047119
vt 0.165283 0.047119
vt 0.165283 0.045833
vt 0.166873 0.045833
vt 0.170291 0.047119
vt 0.168701 0.047119
vt 0.168701 0.045833
vt 0.170291 0.045833
vt 0.201416 0.053555
vt 0.202211 0.052179
vt 0.2038 0.052179
vt 0.202211 0.054932
vt 0.201416 0.053555
vt 0.2038 0.052179
vt 0.2038 0.054932
vt 0.202211 0.054932
vt 0.2038 0.052179
vt 0.2038 0.052179
vt 0.204595 0.053555
vt 0.2038 0.054932
vt 0.208683 0.054932
vt 0.207094 0.054932
vt 0.206299 0.053555
vt 0.208683 0.054932
vt 0.206299 0.053555
vt 0.207094 0.052179
vt 0.208683 0.054932
vt 0.207094 0.052179
vt 0.208683 0.052179
vt 0.208683 0.052179
vt 0.209478 0.053555
vt 0.208683 0.054932
vt 0.173708 0.047119
vt 0.172119 0.047119
vt 0.172119 0.045833
vt 0.173708 0.045833
vt 0.028564 0.045833
vt 0.030154 0.045833
vt 0.030154 0.047119
vt 0.028564 0.047119
vt 0.175537 0.045833
vt 0.177126 0.045833
vt 0.177126 0.047119
vt 0.175537 0.047119
vt 0.178955 0.045833
vt 0.180544 0.045833
vt 0.180544 0.047119
vt 0.178955 0.047119
vt 0.033572 0.047119
vt 0.031982 0.047119
vt 0.031982 0.045833
vt 0.033572 0.045833
vt 0.050662 0.047119
vt 0.049072 0.047119
vt 0.049072 0.045833
vt 0.050662 0.045833
vt 0.084229 0.053555
vt 0.085023 0.052179
vt 0.086613 0.052179
vt 0.085023 0.054932
vt 0.084229 0.053555
vt 0.086613 0.052179
vt 0.086613 0.054932
vt 0.085023 0.054932
vt 0.086613 0.052179
vt 0.086613 0.052179
vt 0.087407 0.053555
vt 0.086613 0.054932
vt 0.091495 0.054932
vt 0.089906 0.054932
vt 0.089111 0.053555
vt 0.091495 0.054932
vt 0.089111 0.053555
vt 0.089906 0.052179
vt 0.091495 0.054932
vt 0.089906 0.052179
vt 0.091495 0.052179
vt 0.091495 0.052179
vt 0.09229 0.053555
vt 0.091495 0.054932
vn 0.5 0 -0.866025
vn -0.5 0 -0.866025
vn -1 0 0
vn -0.5 0 0.866025
vn 0.5 0 0.866025
vn 1 0 0
vn 0 -1 0
vn 0 1 0
f 2521/8633/939 2522/8634/939 2528/8635/939 2527/8636/939
f 2522/8637/940 2523/8638/940 2529/8639/940 2528/8640/940
f 2523/8641/941 2524/8642/941 2530/8643/941 2529/8644/941
f 2524/8645/942 2525/8646/942 2531/8647/942 2530/8648/942
f 2525/8649/943 2526/8650/943 2532/8651/943 2531/8652/943
f 2526/8653/944 2521/8654/944 2527/8655/944 2532/8656/944
f 2534/8657/945 2533/8658/945 2538/8659/945
f 2535/8660/945 2534/8661/945 2538/8662/945
f 2536/8663/945 2535/8664/945 2538/8665/945
f 2538/8666/945 2537/8667/945 2536/8668/945
f 2544/8669/946 2539/8670/946 2540/8671/946
f 2544/8672/946 2540/8673/946 2541/8674/946
f 2544/8675/946 2541/8676/946 2542/8677/946
f 2542/8678/946 2543/8679/946 2544/8680/946
f 2545/8681/939 2546/8682/939 2552/8683/939 2551/8684/939
f 2546/8685/940 2547/8686/940 2553/8687/940 2552/8688/940
f 2547/8689/941 2548/8690/941 2554/8691/941 2553/8692/941
f 2548/8693/942 2549/8694/942 2555/8695/942 2554/8696/942
f 2549/8697/943 2550/8698/943 2556/8699/943 2555/8700/943
f 2550/8701/944 2545/8702/944 2551/8703/944 2556/8704/944
f 2558/8705/945 2557/8706/945 2562/8707/945
f 2559/8708/945 2558/8709/945 2562/8710/945
f 2560/8711/945 2559/8712/945 2562/8713/945
f 2562/8714/945 2561/8715/945 2560/8716/945
f 2568/8717/946 2563/8718/946 2564/8719/946
f 2568/8720/946 2564/8721/946 2565/8722/946
f 2568/8723/946 2565/8724/946 2566/8725/946
f 2566/8726/946 2567/8727/946 2568/8728/946
f 2569/8729/939 2570/8730/939 2576/8731/939 2575/8732/939
f 2570/8733/940 2571/8734/940 2577/8735/940 2576/8736/940
f 2571/8737/941 2572/8738/941 2578/8739/941 2577/8740/941
f 2572/8741/942 2573/8742/942 2579/8743/942 2578/8744/942
f 2573/8745/943 2574/8746/943 2580/8747/943 2579/8748/943
f 2574/8749/944 2569/8750/944 2575/8751/944 2580/8752/944
f 2582/8753/945 2581/8754/945 2586/8755/945
f 2583/8756/945 2582/8757/945 2586/8758/945
f 2584/8759/945 2583/8760/945 2586/8761/945
f 2586/8762/945 2585/8763/945 2584/8764/945
f 2592/8765/946 2587/8766/946 2588/8767/946
f 2592/8768/946 2588/8769/946 2589/8770/946
f 2592/8771/946 2589/8772/946 2590/8773/946
f 2590/8774/946 2591/8775/946 2592/8776/946
f 2593/8777/939 2594/8778/939 2600/8779/939 2599/8780/939
f 2594/8781/940 2595/8782/940 2601/8783/940 2600/8784/940
f 2595/8785/941 2596/8786/941 2602/8787/941 2601/8788/941
f 2596/8789/942 2597/8790/942 2603/8791/942 2602/8792/942
f 2597/8793/943 2598/8794/943 2604/8795/943 2603/8796/943
f 2598/8797/944 2593/8798/944 2599/8799/944 2604/8800/944
f 2606/8801/945 2605/8802/945 2610/8803/945
f 2607/8804/945 2606/8805/945 2610/8806/945
f 2608/8807/945 2607/8808/945 2610/8809/945
f 2610/8810/945 2609/8811/945 2608/8812/945
f 2616/8813/946 2611/8814/946 2612/8815/946
f 2616/8816/946 2612/8817/946 2613/8818/946
f 2616/8819/946 2613/8820/946 2614/8821/946
f 2614/8822/946 2615/8823/946 2616/8824/946
f 2617/8825/939 2618/8826/939 2624/8827/939 2623/8828/939
f 2618/8829/940 2619/8830/940 2625/8831/940 2624/8832/940
f 2619/8833/941 2620/8834/941 2626/8835/941 2625/8836/941
f 2620/8837/942 2621/8838/942 2627/8839/942 2626/8840/942
f 2621/8841/943 2622/8842/943 2628/8843/943 2627/8844/943
f 2622/8845/944 2617/8846/944 2623/8847/944 2628/8848/944
f 2630/8849/945 2629/8850/945 2634/8851/945
f 2631/8852/945 2630/8853/945 2634/8854/945
f 2632/8855/945 2631/8856/945 2634/8857/945
f 2634/8858/945 2633/8859/945 2632/8860/945
f 2640/8861/946 2635/8862/946 2636/8863/946
f 2640/8864/946 2636/8865/946 2637/8866/946
f 2640/8867/946 2637/8868/946 2638/8869/946
f 2638/8870/946 2639/8871/946 2640/8872/946
f 2641/8873/939 2642/8874/939 2648/8875/939 2647/8876/939
f 2642/8877/940 2643/8878/940 2649/8879/940 2648/8880/940
f 2643/8881/941 2644/8882/941 2650/8883/941 2649/8884/941
f 2644/8885/942 2645/8886/942 2651/8887/942 2650/8888/942
f 2645/8889/943 2646/8890/943 2652/8891/943 2651/8892/943
f 2646/8893/944 2641/8894/944 2647/8895/944 2652/8896/944
f 2654/8897/945 2653/8898/945 2658/8899/945
f 2655/8900/945 2654/8901/945 2658/8902/945
f 2656/8903/945 2655/8904/945 2658/8905/945
f 2658/8906/945 2657/8907/945 2656/8908/945
f 2664/8909/946 2659/8910/946 2660/8911/946
f 2664/8912/946 2660/8913/946 2661/8914/946
f 2664/8915/946 2661/8916/946 2662/8917/946
f 2662/8918/946 2663/8919/946 2664/8920/946
f 2665/8921/939 2666/8922/939 2672/8923/939 2671/8924/939
f 2666/8925/940 2667/8926/940 2673/8927/940 2672/8928/940
f 2667/8929/941 2668/8930/941 2674/8931/941 2673/8932/941
f 2668/8933/942 2669/8934/942 2675/8935/942 2674/8936/942
f 2669/8937/943 2670/8938/943 2676/8939/943 2675/8940/943
f 2670/8941/944 2665/8942/944 2671/8943/944 2676/8944/944
f 2678/8945/945 2677/8946/945 2682/8947/945
f 2679/8948/945 2678/8949/945 2682/8950/945
f 2680/8951/945 2679/8952/945 2682/8953/945
f 2682/8954/945 2681/8955/945 2680/8956/945
f 2688/8957/946 2683/8958/946 2684/8959/946
f 2688/8960/946 2684/8961/946 2685/8962/946
f 2688/8963/946 2685/8964/946 2686/8965/946
f 2686/8966/946 2687/8967/946 2688/8968/946
f 2689/8969/939 2690/8970/939 2696/8971/939 2695/8972/939
f 2690/8973/940 2691/8974/940 2697/8975/940 2696/8976/940
f 2691/8977/941 2692/8978/941 2698/8979/941 2697/8980/941
f 2692/8981/942 2693/8982/942 2699/8983/942 2698/8984/942
f 2693/8985/943 2694/8986/943 2700/8987/943 2699/8988/943
f 2694/8989/944 2689/8990/944 2695/8991/944 2700/8992/944
f 2702/8993/945 2701/8994/945 2706/8995/945
f 2703/8996/945 2702/8997/945 2706/8998/945
f 2704/8999/945 2703/9000/945 2706/9001/945
f 2706/9002/945 2705/9003/945 2704/9004/945
f 2712/9005/946 2707/9006/946 2708/9007/946
f 2712/9008/946 2708/9009/946 2709/9010/946
f 2712/9011/946 2709/9012/946 2710/9013/946
f 2710/9014/946 2711/9015/946 2712/9016/946
f 2713/9017/939 2714/9018/939 2720/9019/939 2719/9020/939
f 2714/9021/940 2715/9022/940 2721/9023/940 2720/9024/940
f 2715/9025/941 2716/9026/941 2722/9027/941 2721/9028/941
f 2716/9029/942 2717/9030/942 2723/9031/942 2722/9032/942
f 2717/9033/943 2718/9034/943 2724/9035/943 2723/9036/943
f 2718/9037/944 2713/9038/944 2719/9039/944 2724/9040/944
f 2726/9041/945 2725/9042/945 2730/9043/945
f 2727/9044/945 2726/9045/945 2730/9046/945
f 2728/9047/945 2727/9048/945 2730/9049/945
f 2730/9050/945 2729/9051/945 2728/9052/945
f 2736/9053/946 2731/9054/946 2732/9055/946
f 2736/9056/946 2732/9057/946 2733/9058/946
f 2736/9059/946 2733/9060/946 2734/9061/946
f 2734/9062/946 2735/9063/946 2736/9064/946
f 2737/9065/939 2738/9066/939 2744/9067/939 2743/9068/939
f 2738/9069/940 2739/9070/940 2745/9071/940 2744/9072/940
f 2739/9073/941 2740/9074/941 2746/9075/941 2745/9076/941
f 2740/9077/942 2741/9078/942 2747/9079/942 2746/9080/942
f 2741/9081/943 2742/9082/943 2748/9083/943 2747/9084/943
f 2742/9085/944 2737/9086/944 2743/9087/944 2748/9088/944
f 2750/9089/945 2749/9090/945 2754/9091/945
f 2751/9092/945 2750/9093/945 2754/9094/945
f 2752/9095/945 2751/9096/945 2754/9097/945
f 2754/9098/945 2753/9099/945 2752/9100/945
f 2760/9101/946 2755/9102/946 2756/9103/946
f 2760/9104/946 2756/9105/946 2757/9106/946
f 2760/9107/946 2757/9108/946 2758/9109/946
f 2758/9110/946 2759/9111/946 2760/9112/946
f 2761/9113/939 2762/9114/939 2768/9115/939 2767/9116/939
f 2762/9117/940 2763/9118/940 2769/9119/940 2768/9120/940
f 2763/9121/941 2764/9122/941 2770/9123/941 2769/9124/941
f 2764/9125/942 2765/9126/942 2771/9127/942 2770/9128/942
f 2765/9129/943 2766/9130/943 2772/9131/943 2771/9132/943
f 2766/9133/944 2761/9134/944 2767/9135/944 2772/9136/944
f 2774/9137/945 2773/9138/945 2778/9139/945
f 2775/9140/945 2774/9141/945 2778/9142/945
f 2776/9143/945 2775/9144/945 2778/9145/945
f 2778/9146/945 2777/9147/945 2776/9148/945
f 2784/9149/946 2779/9150/946 2780/9151/946
f 2784/9152/946 2780/9153/946 2781/9154/946
f 2784/9155/946 2781/9156/946 2782/9157/946
f 2782/9158/946 2783/9159/946 2784/9160/946
f 2785/9161/939 2786/9162/939 2792/9163/939 2791/9164/939
f 2786/9165/940 2787/9166/940 2793/9167/940 2792/9168/940
f 2787/9169/941 2788/9170/941 2794/9171/941 2793/9172/941
f 2788/9173/942 2789/9174/942 2795/9175/942 2794/9176/942
f 2789/9177/943 2790/9178/943 2796/9179/943 2795/9180/943
f 2790/9181/944 2785/9182/944 2791/9183/944 2796/9184/944
f 2798/9185/945 2797/9186/945 2802/9187/945
f 2799/9188/945 2798/9189/945 2802/9190/945
f 2800/9191/945 2799/9192/945 2802/9193/945
f 2802/9194/945 2801/9195/945 2800/9196/945
f 2808/9197/946 2803/9198/946 2804/9199/946
f 2808/9200/946 2804/9201/946 2805/9202/946
f 2808/9203/946 2805/9204/946 2806/9205/946
f 2806/9206/946 2807/9207/946 2808/9208/946
o tank_base_flange
usemtl underground_fuel_tank
v 0.1425 0.7 0.8575
v 0.8575 0.7 0.8575
v 0.8575 0.7 0.1425
v 0.1425 0.7 0.1425
v 0.1375 0.705 0.8625
v 0.8625 0.705 0.8625
v 0.8625 0.705 0.1375
v 0.1375 0.705 0.1375
v 0.1375 0.73875 0.8625
v 0.8625 0.73875 0.8625
v 0.8625 0.73875 0.1375
v 0.1375 0.73875 0.1375
v 0.1425 0.74375 0.8575
v 0.8575 0.74375 0.8575
v 0.8575 0.74375 0.1425
v 0.1425 0.74375 0.1425
v 0.1425 0.7 0.8575
v 0.8575 0.7 0.8575
v 0.8575 0.7 0.1425
v 0.1425 0.7 0.1425
v 0.1425 0.74375 0.8575
v 0.8575 0.74375 0.8575
v 0.8575 0.74375 0.1425
v 0.1425 0.74375 0.1425
vt 0.682676 0.046691
vt 0.725967 0.046691
vt 0.72627 0.047119
vt 0.682373 0.047119
vt 0.817275 0.044189
vt 0.773984 0.044189
vt 0.773682 0.043761
vt 0.817578 0.043761
vt 0.771377 0.047119
vt 0.728086 0.047119
vt 0.727783 0.046691
vt 0.77168 0.046691
vt 0.819395 0.043761
vt 0.862686 0.043761
vt 0.862988 0.044189
vt 0.819092 0.044189
vt 0.289307 0.052888
vt 0.333203 0.052888
vt 0.333203 0.054932
vt 0.289307 0.054932
vt 0.378613 0.054932
vt 0.334717 0.054932
vt 0.334717 0.052888
vt 0.378613 0.052888
vt 0.380127 0.052888
vt 0.424023 0.052888
vt 0.424023 0.054932
vt 0.380127 0.054932
vt 0.425537 0.052888
vt 0.469434 0.052888
vt 0.469434 0.054932
vt 0.425537 0.054932
vt 0.81709 0.047119
vt 0.773193 0.047119
vt 0.773496 0.046691
vt 0.816787 0.046691
vt 0.8625 0.047119
vt 0.818604 0.047119
vt 0.818906 0.046691
vt 0.862197 0.046691
vt 0.864014 0.046691
vt 0.90791 0.046691
vt 0.907607 0.047119
vt 0.864316 0.047119
vt 0.909424 0.046691
vt 0.95332 0.046691
vt 0.953018 0.047119
vt 0.909727 0.047119
vt 0.09041 0.501387
vt 0.09041 0.544678
vt 0.047119 0.544678
vt 0.047119 0.544678
vt 0.047119 0.501387
vt 0.09041 0.501387
vt 0.092041 0.501387
vt 0.135332 0.501387
vt 0.135332 0.544678
vt 0.135332 0.544678
vt 0.092041 0.544678
vt 0.092041 0.501387
vn 0 -0.707107 0.707107
vn 0.707107 -0.707107 0
vn 0 -0.707107 -0.707107
vn -0.707107 -0.707107 0
vn 0 0 1
vn 1 0 0
vn 0 0 -1
vn -1 0 0
vn 0 0.707107 0.707107
vn 0.707107 0.707107 0
vn 0 0.707107 -0.707107
vn -0.707107 0.707107 0
vn 0 -1 0
vn 0 1 0
f 2809/9209/947 2810/9210/947 2814/9211/947 2813/9212/947
f 2810/9213/948 2811/9214/948 2815/9215/948 2814/9216/948
f 2811/9217/949 2812/9218/949 2816/9219/949 2815/9220/949
f 2812/9221/950 2809/9222/950 2813/9223/950 2816/9224/950
f 2813/9225/951 2814/9226/951 2818/9227/951 2817/9228/951
f 2814/9229/952 2815/9230/952 2819/9231/952 2818/9232/952
f 2815/9233/953 2816/9234/953 2820/9235/953 2819/9236/953
f 2816/9237/954 2813/9238/954 2817/9239/954 2820/9240/954
f 2817/9241/955 2818/9242/955 2822/9243/955 2821/9244/955
f 2818/9245/956 2819/9246/956 2823/9247/956 2822/9248/956
f 2819/9249/957 2820/9250/957 2824/9251/957 2823/9252/957
f 2820/9253/958 2817/9254/958 2821/9255/958 2824/9256/958
f 2826/9257/959 2825/9258/959 2828/9259/959
f 2828/9260/959 2827/9261/959 2826/9262/959
f 2832/9263/960 2829/9264/960 2830/9265/960
f 2830/9266/960 2831/9267/960 2832/9268/960
o tank_flange_bolts
usemtl underground_fuel_tank
v 0.209151 0.74375 0.175
v 0.1875 0.74375 0.1625
v 0.165849 0.74375 0.175
v 0.165849 0.74375 0.2
v 0.1875 0.74375 0.2125
v 0.209151 0.74375 0.2
v 0.209151 0.76375 0.175
v 0.1875 0.76375 0.1625
v 0.165849 0.76375 0.175
v 0.165849 0.76375 0.2
v 0.1875 0.76375 0.2125
v 0.209151 0.76375 0.2
v 0.209151 0.74375 0.175
v 0.1875 0.74375 0.1625
v 0.165849 0.74375 0.175
v 0.165849 0.74375 0.2
v 0.1875 0.74375 0.2125
v 0.209151 0.74375 0.2
v 0.209151 0.76375 0.175
v 0.1875 0.76375 0.1625
v 0.165849 0.76375 0.175
v 0.165849 0.76375 0.2
v 0.1875 0.76375 0.2125
v 0.209151 0.76375 0.2
v 0.209151 0.74375 0.8
v 0.1875 0.74375 0.7875
v 0.165849 0.74375 0.8
v 0.165849 0.74375 0.825
v 0.1875 0.74375 0.8375
v 0.209151 0.74375 0.825
v 0.209151 0.76375 0.8
v 0.1875 0.76375 0.7875
v 0.165849 0.76375 0.8
v 0.165849 0.76375 0.825
v 0.1875 0.76375 0.8375
v 0.209151 0.76375 0.825
v 0.209151 0.74375 0.8
v 0.1875 0.74375 0.7875
v 0.165849 0.74375 0.8
v 0.165849 0.74375 0.825
v 0.1875 0.74375 0.8375
v 0.209151 0.74375 0.825
v 0.209151 0.76375 0.8
v 0.1875 0.76375 0.7875
v 0.165849 0.76375 0.8
v 0.165849 0.76375 0.825
v 0.1875 0.76375 0.8375
v 0.209151 0.76375 0.825
v 0.834151 0.74375 0.175
v 0.8125 0.74375 0.1625
v 0.790849 0.74375 0.175
v 0.790849 0.74375 0.2
v 0.8125 0.74375 0.2125
v 0.834151 0.74375 0.2
v 0.834151 0.76375 0.175
v 0.8125 0.76375 0.1625
v 0.790849 0.76375 0.175
v 0.790849 0.76375 0.2
v 0.8125 0.76375 0.2125
v 0.834151 0.76375 0.2
v 0.834151 0.74375 0.175
v 0.8125 0.74375 0.1625
v 0.790849 0.74375 0.175
v 0.790849 0.74375 0.2
v 0.8125 0.74375 0.2125
v 0.834151 0.74375 0.2
v 0.834151 0.76375 0.175
v 0.8125 0.76375 0.1625
v 0.790849 0.76375 0.175
v 0.790849 0.76375 0.2
v 0.8125 0.76375 0.2125
v 0.834151 0.76375 0.2
v 0.834151 0.74375 0.8
v 0.8125 0.74375 0.7875
v 0.790849 0.74375 0.8
v 0.790849 0.74375 0.825
v 0.8125 0.74375 0.8375
v 0.834151 0.74375 0.825
v 0.834151 0.76375 0.8
v 0.8125 0.76375 0.7875
v 0.790849 0.76375 0.8
v 0.790849 0.76375 0.825
v 0.8125 0.76375 0.8375
v 0.834151 0.76375 0.825
v 0.834151 0.74375 0.8
v 0.8125 0.74375 0.7875
v 0.790849 0.74375 0.8
v 0.790849 0.74375 0.825
v 0.8125 0.74375 0.8375
v 0.834151 0.74375 0.825
v 0.834151 0.76375 0.8
v 0.8125 0.76375 0.7875
v 0.790849 0.76375 0.8
v 0.790849 0.76375 0.825
v 0.8125 0.76375 0.8375
v 0.834151 0.76375 0.825
vt 0.470996 0.047119
vt 0.469482 0.047119
vt 0.469482 0.045908
vt 0.470996 0.045908
vt 0.401123 0.045908
vt 0.402637 0.045908
vt 0.402637 0.047119
vt 0.401123 0.047119
vt 0.404541 0.045908
vt 0.406055 0.045908
vt 0.406055 0.047119
vt 0.404541 0.047119
vt 0.407959 0.045908
vt 0.409473 0.045908
vt 0.409473 0.047119
vt 0.407959 0.047119
vt 0.457324 0.047119
vt 0.455811 0.047119
vt 0.455811 0.045908
vt 0.457324 0.045908
vt 0.412891 0.047119
vt 0.411377 0.047119
vt 0.411377 0.045908
vt 0.412891 0.045908
vt 0.250244 0.053621
vt 0.251001 0.05231
vt 0.252515 0.05231
vt 0.251001 0.054932
vt 0.250244 0.053621
vt 0.252515 0.05231
vt 0.252515 0.054932
vt 0.251001 0.054932
vt 0.252515 0.05231
vt 0.252515 0.05231
vt 0.253271 0.053621
vt 0.252515 0.054932
vt 0.257397 0.054932
vt 0.255884 0.054932
vt 0.255127 0.053621
vt 0.257397 0.054932
vt 0.255127 0.053621
vt 0.255884 0.05231
vt 0.257397 0.054932
vt 0.255884 0.05231
vt 0.257397 0.05231
vt 0.257397 0.05231
vt 0.258154 0.053621
vt 0.257397 0.054932
vt 0.460742 0.047119
vt 0.459229 0.047119
vt 0.459229 0.045908
vt 0.460742 0.045908
vt 0.414795 0.045908
vt 0.416309 0.045908
vt 0.416309 0.047119
vt 0.414795 0.047119
vt 0.418213 0.045908
vt 0.419727 0.045908
vt 0.419727 0.047119
vt 0.418213 0.047119
vt 0.421631 0.045908
vt 0.423145 0.045908
vt 0.423145 0.047119
vt 0.421631 0.047119
vt 0.474414 0.047119
vt 0.4729 0.047119
vt 0.4729 0.045908
vt 0.474414 0.045908
vt 0.426563 0.047119
vt 0.425049 0.047119
vt 0.425049 0.045908
vt 0.426563 0.045908
vt 0.26001 0.053621
vt 0.260767 0.05231
vt 0.26228 0.05231
vt 0.260767 0.054932
vt 0.26001 0.053621
vt 0.26228 0.05231
vt 0.26228 0.054932
vt 0.260767 0.054932
vt 0.26228 0.05231
vt 0.26228 0.05231
vt 0.263037 0.053621
vt 0.26228 0.054932
vt 0.267163 0.054932
vt 0.265649 0.054932
vt 0.264893 0.053621
vt 0.267163 0.054932
vt 0.264893 0.053621
vt 0.265649 0.05231
vt 0.267163 0.054932
vt 0.265649 0.05231
vt 0.267163 0.05231
vt 0.267163 0.05231
vt 0.26792 0.053621
vt 0.267163 0.054932
vt 0.42998 0.047119
vt 0.428467 0.047119
vt 0.428467 0.045908
vt 0.42998 0.045908
vt 0.476318 0.045908
vt 0.477832 0.045908
vt 0.477832 0.047119
vt 0.476318 0.047119
vt 0.431885 0.045908
vt 0.433398 0.045908
vt 0.433398 0.047119
vt 0.431885 0.047119
vt 0.462646 0.045908
vt 0.46416 0.045908
vt 0.46416 0.047119
vt 0.462646 0.047119
vt 0.436816 0.047119
vt 0.435303 0.047119
vt 0.435303 0.045908
vt 0.436816 0.045908
vt 0.440234 0.047119
vt 0.438721 0.047119
vt 0.438721 0.045908
vt 0.440234 0.045908
vt 0.269775 0.053621
vt 0.270532 0.05231
vt 0.272046 0.05231
vt 0.270532 0.054932
vt 0.269775 0.053621
vt 0.272046 0.05231
vt 0.272046 0.054932
vt 0.270532 0.054932
vt 0.272046 0.05231
vt 0.272046 0.05231
vt 0.272803 0.053621
vt 0.272046 0.054932
vt 0.276929 0.054932
vt 0.275415 0.054932
vt 0.274658 0.053621
vt 0.276929 0.054932
vt 0.274658 0.053621
vt 0.275415 0.05231
vt 0.276929 0.054932
vt 0.275415 0.05231
vt 0.276929 0.05231
vt 0.276929 0.05231
vt 0.277686 0.053621
vt 0.276929 0.054932
vt 0.443652 0.047119
vt 0.442139 0.047119
vt 0.442139 0.045908
vt 0.443652 0.045908
vt 0.466064 0.045908
vt 0.467578 0.045908
vt 0.467578 0.047119
vt 0.466064 0.047119
vt 0.445557 0.045908
vt 0.44707 0.045908
vt 0.44707 0.047119
vt 0.445557 0.047119
vt 0.479736 0.045908
vt 0.48125 0.045908
vt 0.48125 0.047119
vt 0.479736 0.047119
vt 0.450488 0.047119
vt 0.448975 0.047119
vt 0.448975 0.045908
vt 0.450488 0.045908
vt 0.453906 0.047119
vt 0.452393 0.047119
vt 0.452393 0.045908
vt 0.453906 0.045908
vt 0.279541 0.053621
vt 0.280298 0.05231
vt 0.281812 0.05231
vt 0.280298 0.054932
vt 0.279541 0.053621
vt 0.281812 0.05231
vt 0.281812 0.054932
vt 0.280298 0.054932
vt 0.281812 0.05231
vt 0.281812 0.05231
vt 0.282568 0.053621
vt 0.281812 0.054932
vt 0.286694 0.054932
vt 0.285181 0.054932
vt 0.284424 0.053621
vt 0.286694 0.054932
vt 0.284424 0.053621
vt 0.285181 0.05231
vt 0.286694 0.054932
vt 0.285181 0.05231
vt 0.286694 0.05231
vt 0.286694 0.05231
vt 0.287451 0.053621
vt 0.286694 0.054932
vn 0.5 0 -0.866025
vn -0.5 0 -0.866025
vn -1 0 0
vn -0.5 0 0.866025
vn 0.5 0 0.866025
vn 1 0 0
vn 0 -1 0
vn 0 1 0
f 2833/9269/961 2834/9270/961 2840/9271/961 2839/9272/961
f 2834/9273/962 2835/9274/962 2841/9275/962 2840/9276/962
f 2835/9277/963 2836/9278/963 2842/9279/963 2841/9280/963
f 2836/9281/964 2837/9282/964 2843/9283/964 2842/9284/964
f 2837/9285/965 2838/9286/965 2844/9287/965 2843/9288/965
f 2838/9289/966 2833/9290/966 2839/9291/966 2844/9292/966
f 2846/9293/967 2845/9294/967 2850/9295/967
f 2847/9296/967 2846/9297/967 2850/9298/967
f 2848/9299/967 2847/9300/967 2850/9301/967
f 2850/9302/967 2849/9303/967 2848/9304/967
f 2856/9305/968 2851/9306/968 2852/9307/968
f 2856/9308/968 2852/9309/968 2853/9310/968
f 2856/9311/968 2853/9312/968 2854/9313/968
f 2854/9314/968 2855/9315/968 2856/9316/968
f 2857/9317/961 2858/9318/961 2864/9319/961 2863/9320/961
f 2858/9321/962 2859/9322/962 2865/9323/962 2864/9324/962
f 2859/9325/963 2860/9326/963 2866/9327/963 2865/9328/963
f 2860/9329/964 2861/9330/964 2867/9331/964 2866/9332/964
f 2861/9333/965 2862/9334/965 2868/9335/965 2867/9336/965
f 2862/9337/966 2857/9338/966 2863/9339/966 2868/9340/966
f 2870/9341/967 2869/9342/967 2874/9343/967
f 2871/9344/967 2870/9345/967 2874/9346/967
f 2872/9347/967 2871/9348/967 2874/9349/967
f 2874/9350/967 2873/9351/967 2872/9352/967
f 2880/9353/968 2875/9354/968 2876/9355/968
f 2880/9356/968 2876/9357/968 2877/9358/968
f 2880/9359/968 2877/9360/968 2878/9361/968
f 2878/9362/968 2879/9363/968 2880/9364/968
f 2881/9365/961 2882/9366/961 2888/9367/961 2887/9368/961
f 2882/9369/962 2883/9370/962 2889/9371/962 2888/9372/962
f 2883/9373/963 2884/9374/963 2890/9375/963 2889/9376/963
f 2884/9377/964 2885/9378/964 2891/9379/964 2890/9380/964
f 2885/9381/965 2886/9382/965 2892/9383/965 2891/9384/965
f 2886/9385/966 2881/9386/966 2887/9387/966 2892/9388/966
f 2894/9389/967 2893/9390/967 2898/9391/967
f 2895/9392/967 2894/9393/967 2898/9394/967
f 2896/9395/967 2895/9396/967 2898/9397/967
f 2898/9398/967 2897/9399/967 2896/9400/967
f 2904/9401/968 2899/9402/968 2900/9403/968
f 2904/9404/968 2900/9405/968 2901/9406/968
f 2904/9407/968 2901/9408/968 2902/9409/968
f 2902/9410/968 2903/9411/968 2904/9412/968
f 2905/9413/961 2906/9414/961 2912/9415/961 2911/9416/961
f 2906/9417/962 2907/9418/962 2913/9419/962 2912/9420/962
f 2907/9421/963 2908/9422/963 2914/9423/963 2913/9424/963
f 2908/9425/964 2909/9426/964 2915/9427/964 2914/9428/964
f 2909/9429/965 2910/9430/965 2916/9431/965 2915/9432/965
f 2910/9433/966 2905/9434/966 2911/9435/966 2916/9436/966
f 2918/9437/967 2917/9438/967 2922/9439/967
f 2919/9440/967 2918/9441/967 2922/9442/967
f 2920/9443/967 2919/9444/967 2922/9445/967
f 2922/9446/967 2921/9447/967 2920/9448/967
f 2928/9449/968 2923/9450/968 2924/9451/968
f 2928/9452/968 2924/9453/968 2925/9454/968
f 2928/9455/968 2925/9456/968 2926/9457/968
f 2926/9458/968 2927/9459/968 2928/9460/968
o tank_riser
usemtl underground_fuel_tank
v 0.24125 0.74375 0.75875
v 0.75875 0.74375 0.75875
v 0.75875 0.74375 0.24125
v 0.24125 0.74375 0.24125
v 0.2375 0.7475 0.7625
v 0.7625 0.7475 0.7625
v 0.7625 0.7475 0.2375
v 0.2375 0.7475 0.2375
v 0.2375 0.95875 0.7625
v 0.7625 0.95875 0.7625
v 0.7625 0.95875 0.2375
v 0.2375 0.95875 0.2375
v 0.24125 0.9625 0.75875
v 0.75875 0.9625 0.75875
v 0.75875 0.9625 0.24125
v 0.24125 0.9625 0.24125
v 0.24125 0.74375 0.75875
v 0.75875 0.74375 0.75875
v 0.75875 0.74375 0.24125
v 0.24125 0.74375 0.24125
v 0.24125 0.9625 0.75875
v 0.75875 0.9625 0.75875
v 0.75875 0.9625 0.24125
v 0.24125 0.9625 0.24125
vt 0.576643 0.041915
vt 0.607976 0.041915
vt 0.608203 0.042236
vt 0.576416 0.042236
vt 0.405828 0.042236
vt 0.374495 0.042236
vt 0.374268 0.041915
vt 0.406055 0.041915
vt 0.641667 0.042236
vt 0.610334 0.042236
vt 0.610107 0.041915
vt 0.641895 0.041915
vt 0.408186 0.041915
vt 0.439519 0.041915
vt 0.439746 0.042236
vt 0.407959 0.042236
vt 0.074463 0.196438
vt 0.10625 0.196438
vt 0.10625 0.209229
vt 0.074463 0.209229
vt 0.139941 0.209229
vt 0.108154 0.209229
vt 0.108154 0.196438
vt 0.139941 0.196438
vt 0.141846 0.196438
vt 0.173633 0.196438
vt 0.173633 0.209229
vt 0.141846 0.209229
vt 0.175537 0.196438
vt 0.207324 0.196438
vt 0.207324 0.209229
vt 0.175537 0.209229
vt 0.675586 0.042236
vt 0.643799 0.042236
vt 0.644026 0.041915
vt 0.675359 0.041915
vt 0.709277 0.042236
vt 0.67749 0.042236
vt 0.677717 0.041915
vt 0.70905 0.041915
vt 0.711182 0.041915
vt 0.742969 0.041915
vt 0.742742 0.042236
vt 0.711409 0.042236
vt 0.744873 0.041915
vt 0.77666 0.041915
vt 0.776433 0.042236
vt 0.7451 0.042236
vt 0.456382 0.467446
vt 0.456382 0.498779
vt 0.425049 0.498779
vt 0.425049 0.498779
vt 0.425049 0.467446
vt 0.456382 0.467446
vt 0.458252 0.467446
vt 0.489585 0.467446
vt 0.489585 0.498779
vt 0.489585 0.498779
vt 0.458252 0.498779
vt 0.458252 0.467446
vn 0 -0.707107 0.707107
vn 0.707107 -0.707107 0
vn 0 -0.707107 -0.707107
vn -0.707107 -0.707107 0
vn 0 0 1
vn 1 0 0
vn 0 0 -1
vn -1 0 0
vn 0 0.707107 0.707107
vn 0.707107 0.707107 0
vn 0 0.707107 -0.707107
vn -0.707107 0.707107 0
vn 0 -1 0
vn 0 1 0
f 2929/9461/969 2930/9462/969 2934/9463/969 2933/9464/969
f 2930/9465/970 2931/9466/970 2935/9467/970 2934/9468/970
f 2931/9469/971 2932/9470/971 2936/9471/971 2935/9472/971
f 2932/9473/972 2929/9474/972 2933/9475/972 2936/9476/972
f 2933/9477/973 2934/9478/973 2938/9479/973 2937/9480/973
f 2934/9481/974 2935/9482/974 2939/9483/974 2938/9484/974
f 2935/9485/975 2936/9486/975 2940/9487/975 2939/9488/975
f 2936/9489/976 2933/9490/976 2937/9491/976 2940/9492/976
f 2937/9493/977 2938/9494/977 2942/9495/977 2941/9496/977
f 2938/9497/978 2939/9498/978 2943/9499/978 2942/9500/978
f 2939/9501/979 2940/9502/979 2944/9503/979 2943/9504/979
f 2940/9505/980 2937/9506/980 2941/9507/980 2944/9508/980
f 2946/9509/981 2945/9510/981 2948/9511/981
f 2948/9512/981 2947/9513/981 2946/9514/981
f 2952/9515/982 2949/9516/982 2950/9517/982
f 2950/9518/982 2951/9519/982 2952/9520/982
o tank_port_plate
usemtl underground_fuel_tank
v 0.16125 0.9625 0.83875
v 0.83875 0.9625 0.83875
v 0.83875 0.9625 0.16125
v 0.16125 0.9625 0.16125
v 0.15625 0.9675 0.84375
v 0.84375 0.9675 0.84375
v 0.84375 0.9675 0.15625
v 0.15625 0.9675 0.15625
v 0.15625 0.995 0.84375
v 0.84375 0.995 0.84375
v 0.84375 0.995 0.15625
v 0.15625 0.995 0.15625
v 0.16125 1 0.83875
v 0.83875 1 0.83875
v 0.83875 1 0.16125
v 0.16125 1 0.16125
v 0.245 0.9625 0.245
v 0.755 0.9625 0.245
v 0.755 0.9625 0.755
v 0.245 0.9625 0.755
v 0.25 0.9675 0.25
v 0.75 0.9675 0.25
v 0.75 0.9675 0.75
v 0.25 0.9675 0.75
v 0.25 0.995 0.25
v 0.75 0.995 0.25
v 0.75 0.995 0.75
v 0.25 0.995 0.75
v 0.245 1 0.245
v 0.755 1 0.245
v 0.755 1 0.755
v 0.245 1 0.755
v 0.16125 0.9625 0.83875
v 0.83875 0.9625 0.83875
v 0.83875 0.9625 0.16125
v 0.16125 0.9625 0.16125
v 0.245 0.9625 0.245
v 0.755 0.9625 0.245
v 0.755 0.9625 0.755
v 0.245 0.9625 0.755
v 0.16125 1 0.83875
v 0.83875 1 0.83875
v 0.83875 1 0.16125
v 0.16125 1 0.16125
v 0.245 1 0.245
v 0.755 1 0.245
v 0.755 1 0.755
v 0.245 1 0.755
vt 0.305723 0.043761
vt 0.346743 0.043761
vt 0.347046 0.044189
vt 0.30542 0.044189
vt 0.996157 0.047119
vt 0.955137 0.047119
vt 0.954834 0.046691
vt 0.99646 0.046691
vt 0.3902 0.044189
vt 0.34918 0.044189
vt 0.348877 0.043761
vt 0.390503 0.043761
vt 0.001523 0.043761
vt 0.042544 0.043761
vt 0.042847 0.044189
vt 0.001221 0.044189
vt 0.949463 0.053267
vt 0.991089 0.053267
vt 0.991089 0.054932
vt 0.949463 0.054932
vt 0.042847 0.050537
vt 0.001221 0.050537
vt 0.001221 0.048872
vt 0.042847 0.048872
vt 0.044678 0.048872
vt 0.086304 0.048872
vt 0.086304 0.050537
vt 0.044678 0.050537
vt 0.088135 0.048872
vt 0.129761 0.048872
vt 0.129761 0.050537
vt 0.088135 0.050537
vt 0.597534 0.044189
vt 0.555908 0.044189
vt 0.556211 0.043761
vt 0.597231 0.043761
vt 0.086304 0.044189
vt 0.044678 0.044189
vt 0.04498 0.043761
vt 0.086001 0.043761
vt 0.599365 0.043761
vt 0.640991 0.043761
vt 0.640688 0.044189
vt 0.599668 0.044189
vt 0.088135 0.043761
vt 0.129761 0.043761
vt 0.129458 0.044189
vt 0.088438 0.044189
vt 0.864502 0.043761
vt 0.895381 0.043761
vt 0.895078 0.044189
vt 0.864805 0.044189
vt 0.642822 0.043761
vt 0.673701 0.043761
vt 0.673398 0.044189
vt 0.643125 0.044189
vt 0.928096 0.044189
vt 0.897217 0.044189
vt 0.89752 0.043761
vt 0.927793 0.043761
vt 0.706416 0.044189
vt 0.675537 0.044189
vt 0.67584 0.043761
vt 0.706113 0.043761
vt 0.30542 0.048872
vt 0.335693 0.048872
vt 0.335693 0.050537
vt 0.30542 0.050537
vt 0.337158 0.048872
vt 0.367432 0.048872
vt 0.367432 0.050537
vt 0.337158 0.050537
vt 0.368896 0.048872
vt 0.39917 0.048872
vt 0.39917 0.050537
vt 0.368896 0.050537
vt 0.430908 0.050537
vt 0.400635 0.050537
vt 0.400635 0.048872
vt 0.430908 0.048872
vt 0.42291 0.044189
vt 0.392637 0.044189
vt 0.392334 0.043761
vt 0.423213 0.043761
vt 0.425352 0.043761
vt 0.455625 0.043761
vt 0.455928 0.044189
vt 0.425049 0.044189
vt 0.458066 0.043761
vt 0.48834 0.043761
vt 0.488643 0.044189
vt 0.457764 0.044189
vt 0.521055 0.044189
vt 0.490781 0.044189
vt 0.490479 0.043761
vt 0.521357 0.043761
vt 0.830999 0.508728
vt 0.825928 0.503657
vt 0.866948 0.503657
vt 0.861877 0.508728
vt 0.830999 0.508728
vt 0.866948 0.503657
vt 0.861877 0.508728
vt 0.866948 0.503657
vt 0.866948 0.544678
vt 0.861877 0.539607
vt 0.861877 0.508728
vt 0.866948 0.544678
vt 0.861877 0.539607
vt 0.866948 0.544678
vt 0.825928 0.544678
vt 0.830999 0.539607
vt 0.861877 0.539607
vt 0.825928 0.544678
vt 0.830999 0.508728
vt 0.830999 0.539607
vt 0.825928 0.544678
vt 0.825928 0.544678
vt 0.825928 0.503657
vt 0.830999 0.508728
vt 0.909917 0.544678
vt 0.868896 0.544678
vt 0.873967 0.539607
vt 0.909917 0.544678
vt 0.873967 0.539607
vt 0.904846 0.539607
vt 0.909917 0.503657
vt 0.909917 0.544678
vt 0.904846 0.539607
vt 0.909917 0.503657
vt 0.904846 0.539607
vt 0.904846 0.508728
vt 0.868896 0.503657
vt 0.909917 0.503657
vt 0.904846 0.508728
vt 0.868896 0.503657
vt 0.904846 0.508728
vt 0.873967 0.508728
vt 0.868896 0.503657
vt 0.873967 0.508728
vt 0.873967 0.539607
vt 0.873967 0.539607
vt 0.868896 0.544678
vt 0.868896 0.503657
vn 0 -0.707107 0.707107
vn 0.707107 -0.707107 0
vn 0 -0.707107 -0.707107
vn -0.707107 -0.707107 0
vn 0 0 1
vn 1 0 0
vn 0 0 -1
vn -1 0 0
vn 0 0.707107 0.707107
vn 0.707107 0.707107 0
vn 0 0.707107 -0.707107
vn -0.707107 0.707107 0
vn 0 -1 0
vn 0 1 0
f 2953/9521/983 2954/9522/983 2958/9523/983 2957/9524/983
f 2954/9525/984 2955/9526/984 2959/9527/984 2958/9528/984
f 2955/9529/985 2956/9530/985 2960/9531/985 2959/9532/985
f 2956/9533/986 2953/9534/986 2957/9535/986 2960/9536/986
f 2957/9537/987 2958/9538/987 2962/9539/987 2961/9540/987
f 2958/9541/988 2959/9542/988 2963/9543/988 2962/9544/988
f 2959/9545/989 2960/9546/989 2964/9547/989 2963/9548/989
f 2960/9549/990 2957/9550/990 2961/9551/990 2964/9552/990
f 2961/9553/991 2962/9554/991 2966/9555/991 2965/9556/991
f 2962/9557/992 2963/9558/992 2967/9559/992 2966/9560/992
f 2963/9561/993 2964/9562/993 2968/9563/993 2967/9564/993
f 2964/9565/994 2961/9566/994 2965/9567/994 2968/9568/994
f 2969/9569/983 2970/9570/983 2974/9571/983 2973/9572/983
f 2970/9573/986 2971/9574/986 2975/9575/986 2974/9576/986
f 2971/9577/985 2972/9578/985 2976/9579/985 2975/9580/985
f 2972/9581/984 2969/9582/984 2973/9583/984 2976/9584/984
f 2973/9585/987 2974/9586/987 2978/9587/987 2977/9588/987
f 2974/9589/990 2975/9590/990 2979/9591/990 2978/9592/990
f 2975/9593/989 2976/9594/989 2980/9595/989 2979/9596/989
f 2976/9597/988 2973/9598/988 2977/9599/988 2980/9600/988
f 2977/9601/991 2978/9602/991 2982/9603/991 2981/9604/991
f 2978/9605/994 2979/9606/994 2983/9607/994 2982/9608/994
f 2979/9609/993 2980/9610/993 2984/9611/993 2983/9612/993
f 2980/9613/992 2977/9614/992 2981/9615/992 2984/9616/992
f 2990/9617/995 2987/9618/995 2986/9619/995
f 2991/9620/995 2990/9621/995 2986/9622/995
f 2991/9623/995 2986/9624/995 2985/9625/995
f 2992/9626/995 2991/9627/995 2985/9628/995
f 2992/9629/995 2985/9630/995 2988/9631/995
f 2989/9632/995 2992/9633/995 2988/9634/995
f 2990/9635/995 2989/9636/995 2988/9637/995
f 2988/9638/995 2987/9639/995 2990/9640/995
f 2994/9641/996 2995/9642/996 2998/9643/996
f 2994/9644/996 2998/9645/996 2999/9646/996
f 2993/9647/996 2994/9648/996 2999/9649/996
f 2993/9650/996 2999/9651/996 3000/9652/996
f 2996/9653/996 2993/9654/996 3000/9655/996
f 2996/9656/996 3000/9657/996 2997/9658/996
f 2996/9659/996 2997/9660/996 2998/9661/996
f 2998/9662/996 2995/9663/996 2996/9664/996
o tank_port_throat
usemtl underground_fuel_tank
v 0.25 0.9 0.75
v 0.75 0.9 0.75
v 0.75 0.9 0.25
v 0.25 0.9 0.25
v 0.25 0.965625 0.75
v 0.75 0.965625 0.75
v 0.75 0.965625 0.25
v 0.25 0.965625 0.25
v 0.25 0.9 0.75
v 0.75 0.9 0.75
v 0.75 0.9 0.25
v 0.25 0.9 0.25
v 0.25 0.965625 0.75
v 0.75 0.965625 0.75
v 0.75 0.965625 0.25
v 0.25 0.965625 0.25
vt 0.165283 0.062189
vt 0.195557 0.062189
vt 0.195557 0.066162
vt 0.165283 0.066162
vt 0.227295 0.066162
vt 0.197021 0.066162
vt 0.197021 0.062189
vt 0.227295 0.062189
vt 0.22876 0.062189
vt 0.259033 0.062189
vt 0.259033 0.066162
vt 0.22876 0.066162
vt 0.260498 0.062189
vt 0.290771 0.062189
vt 0.290771 0.066162
vt 0.260498 0.066162
vt 0.657959 0.468506
vt 0.657959 0.498779
vt 0.627686 0.498779
vt 0.627686 0.498779
vt 0.627686 0.468506
vt 0.657959 0.468506
vt 0.659424 0.468506
vt 0.689697 0.468506
vt 0.689697 0.498779
vt 0.689697 0.498779
vt 0.659424 0.498779
vt 0.659424 0.468506
vn 0 0 1
vn 1 0 0
vn 0 0 -1
vn -1 0 0
vn 0 -1 0
vn 0 1 0
f 3001/9665/997 3002/9666/997 3006/9667/997 3005/9668/997
f 3002/9669/998 3003/9670/998 3007/9671/998 3006/9672/998
f 3003/9673/999 3004/9674/999 3008/9675/999 3007/9676/999
f 3004/9677/1000 3001/9678/1000 3005/9679/1000 3008/9680/1000
f 3010/9681/1001 3009/9682/1001 3012/9683/1001
f 3012/9684/1001 3011/9685/1001 3010/9686/1001
f 3016/9687/1002 3013/9688/1002 3014/9689/1002
f 3014/9690/1002 3015/9691/1002 3016/9692/1002
o tank_port_studs
usemtl underground_fuel_tank
v 0.232108 1 0.7775
v 0.209375 1 0.764375
v 0.186642 1 0.7775
v 0.186642 1 0.80375
v 0.209375 1 0.816875
v 0.232108 1 0.80375
v 0.232108 1.02 0.7775
v 0.209375 1.02 0.764375
v 0.186642 1.02 0.7775
v 0.186642 1.02 0.80375
v 0.209375 1.02 0.816875
v 0.232108 1.02 0.80375
v 0.232108 1 0.7775
v 0.209375 1 0.764375
v 0.186642 1 0.7775
v 0.186642 1 0.80375
v 0.209375 1 0.816875
v 0.232108 1 0.80375
v 0.232108 1.02 0.7775
v 0.209375 1.02 0.764375
v 0.186642 1.02 0.7775
v 0.186642 1.02 0.80375
v 0.209375 1.02 0.816875
v 0.232108 1.02 0.80375
v 0.232108 1 0.19625
v 0.209375 1 0.183125
v 0.186642 1 0.19625
v 0.186642 1 0.2225
v 0.209375 1 0.235625
v 0.232108 1 0.2225
v 0.232108 1.02 0.19625
v 0.209375 1.02 0.183125
v 0.186642 1.02 0.19625
v 0.186642 1.02 0.2225
v 0.209375 1.02 0.235625
v 0.232108 1.02 0.2225
v 0.232108 1 0.19625
v 0.209375 1 0.183125
v 0.186642 1 0.19625
v 0.186642 1 0.2225
v 0.209375 1 0.235625
v 0.232108 1 0.2225
v 0.232108 1.02 0.19625
v 0.209375 1.02 0.183125
v 0.186642 1.02 0.19625
v 0.186642 1.02 0.2225
v 0.209375 1.02 0.235625
v 0.232108 1.02 0.2225
v 0.813358 1 0.7775
v 0.790625 1 0.764375
v 0.767892 1 0.7775
v 0.767892 1 0.80375
v 0.790625 1 0.816875
v 0.813358 1 0.80375
v 0.813358 1.02 0.7775
v 0.790625 1.02 0.764375
v 0.767892 1.02 0.7775
v 0.767892 1.02 0.80375
v 0.790625 1.02 0.816875
v 0.813358 1.02 0.80375
v 0.813358 1 0.7775
v 0.790625 1 0.764375
v 0.767892 1 0.7775
v 0.767892 1 0.80375
v 0.790625 1 0.816875
v 0.813358 1 0.80375
v 0.813358 1.02 0.7775
v 0.790625 1.02 0.764375
v 0.767892 1.02 0.7775
v 0.767892 1.02 0.80375
v 0.790625 1.02 0.816875
v 0.813358 1.02 0.80375
v 0.813358 1 0.19625
v 0.790625 1 0.183125
v 0.767892 1 0.19625
v 0.767892 1 0.2225
v 0.790625 1 0.235625
v 0.813358 1 0.2225
v 0.813358 1.02 0.19625
v 0.790625 1.02 0.183125
v 0.767892 1.02 0.19625
v 0.767892 1.02 0.2225
v 0.790625 1.02 0.235625
v 0.813358 1.02 0.2225
v 0.813358 1 0.19625
v 0.790625 1 0.183125
v 0.767892 1 0.19625
v 0.767892 1 0.2225
v 0.790625 1 0.235625
v 0.813358 1 0.2225
v 0.813358 1.02 0.19625
v 0.790625 1.02 0.183125
v 0.767892 1.02 0.19625
v 0.767892 1.02 0.2225
v 0.790625 1.02 0.235625
v 0.813358 1.02 0.2225
vt 0.293337 0.047119
vt 0.291748 0.047119
vt 0.291748 0.045908
vt 0.293337 0.045908
vt 0.360107 0.045908
vt 0.361697 0.045908
vt 0.361697 0.047119
vt 0.360107 0.047119
vt 0.295166 0.045908
vt 0.296755 0.045908
vt 0.296755 0.047119
vt 0.295166 0.047119
vt 0.346436 0.045908
vt 0.348025 0.045908
vt 0.348025 0.047119
vt 0.346436 0.047119
vt 0.300173 0.047119
vt 0.298584 0.047119
vt 0.298584 0.045908
vt 0.300173 0.045908
vt 0.303591 0.047119
vt 0.302002 0.047119
vt 0.302002 0.045908
vt 0.303591 0.045908
vt 0.211182 0.053555
vt 0.211976 0.052179
vt 0.213566 0.052179
vt 0.211976 0.054932
vt 0.211182 0.053555
vt 0.213566 0.052179
vt 0.213566 0.054932
vt 0.211976 0.054932
vt 0.213566 0.052179
vt 0.213566 0.052179
vt 0.21436 0.053555
vt 0.213566 0.054932
vt 0.218448 0.054932
vt 0.216859 0.054932
vt 0.216064 0.053555
vt 0.218448 0.054932
vt 0.216064 0.053555
vt 0.216859 0.052179
vt 0.218448 0.054932
vt 0.216859 0.052179
vt 0.218448 0.052179
vt 0.218448 0.052179
vt 0.219243 0.053555
vt 0.218448 0.054932
vt 0.307009 0.047119
vt 0.30542 0.047119
vt 0.30542 0.045908
vt 0.307009 0.045908
vt 0.349854 0.045908
vt 0.351443 0.045908
vt 0.351443 0.047119
vt 0.349854 0.047119
vt 0.308838 0.045908
vt 0.310427 0.045908
vt 0.310427 0.047119
vt 0.308838 0.047119
vt 0.363525 0.045908
vt 0.365115 0.045908
vt 0.365115 0.047119
vt 0.363525 0.047119
vt 0.313845 0.047119
vt 0.312256 0.047119
vt 0.312256 0.045908
vt 0.313845 0.045908
vt 0.317263 0.047119
vt 0.315674 0.047119
vt 0.315674 0.045908
vt 0.317263 0.045908
vt 0.220947 0.053555
vt 0.221742 0.052179
vt 0.223331 0.052179
vt 0.221742 0.054932
vt 0.220947 0.053555
vt 0.223331 0.052179
vt 0.223331 0.054932
vt 0.221742 0.054932
vt 0.223331 0.052179
vt 0.223331 0.052179
vt 0.224126 0.053555
vt 0.223331 0.054932
vt 0.228214 0.054932
vt 0.226625 0.054932
vt 0.22583 0.053555
vt 0.228214 0.054932
vt 0.22583 0.053555
vt 0.226625 0.052179
vt 0.228214 0.054932
vt 0.226625 0.052179
vt 0.228214 0.052179
vt 0.228214 0.052179
vt 0.229009 0.053555
vt 0.228214 0.054932
vt 0.368533 0.047119
vt 0.366943 0.047119
vt 0.366943 0.045908
vt 0.368533 0.045908
vt 0.319092 0.045908
vt 0.320681 0.045908
vt 0.320681 0.047119
vt 0.319092 0.047119
vt 0.32251 0.045908
vt 0.324099 0.045908
vt 0.324099 0.047119
vt 0.32251 0.047119
vt 0.325928 0.045908
vt 0.327517 0.045908
vt 0.327517 0.047119
vt 0.325928 0.047119
vt 0.354861 0.047119
vt 0.353271 0.047119
vt 0.353271 0.045908
vt 0.354861 0.045908
vt 0.330935 0.047119
vt 0.329346 0.047119
vt 0.329346 0.045908
vt 0.330935 0.045908
vt 0.230713 0.053555
vt 0.231508 0.052179
vt 0.233097 0.052179
vt 0.231508 0.054932
vt 0.230713 0.053555
vt 0.233097 0.052179
vt 0.233097 0.054932
vt 0.231508 0.054932
vt 0.233097 0.052179
vt 0.233097 0.052179
vt 0.233892 0.053555
vt 0.233097 0.054932
vt 0.23798 0.054932
vt 0.23639 0.054932
vt 0.235596 0.053555
vt 0.23798 0.054932
vt 0.235596 0.053555
vt 0.23639 0.052179
vt 0.23798 0.054932
vt 0.23639 0.052179
vt 0.23798 0.052179
vt 0.23798 0.052179
vt 0.238774 0.053555
vt 0.23798 0.054932
vt 0.358279 0.047119
vt 0.356689 0.047119
vt 0.356689 0.045908
vt 0.358279 0.045908
vt 0.332764 0.045908
vt 0.334353 0.045908
vt 0.334353 0.047119
vt 0.332764 0.047119
vt 0.336182 0.045908
vt 0.337771 0.045908
vt 0.337771 0.047119
vt 0.336182 0.047119
vt 0.3396 0.045908
vt 0.341189 0.045908
vt 0.341189 0.047119
vt 0.3396 0.047119
vt 0.371951 0.047119
vt 0.370361 0.047119
vt 0.370361 0.045908
vt 0.371951 0.045908
vt 0.344607 0.047119
vt 0.343018 0.047119
vt 0.343018 0.045908
vt 0.344607 0.045908
vt 0.240479 0.053555
vt 0.241273 0.052179
vt 0.242863 0.052179
vt 0.241273 0.054932
vt 0.240479 0.053555
vt 0.242863 0.052179
vt 0.242863 0.054932
vt 0.241273 0.054932
vt 0.242863 0.052179
vt 0.242863 0.052179
vt 0.243657 0.053555
vt 0.242863 0.054932
vt 0.247745 0.054932
vt 0.246156 0.054932
vt 0.245361 0.053555
vt 0.247745 0.054932
vt 0.245361 0.053555
vt 0.246156 0.052179
vt 0.247745 0.054932
vt 0.246156 0.052179
vt 0.247745 0.052179
vt 0.247745 0.052179
vt 0.24854 0.053555
vt 0.247745 0.054932
vn 0.5 0 -0.866025
vn -0.5 0 -0.866025
vn -1 0 0
vn -0.5 0 0.866025
vn 0.5 0 0.866025
vn 1 0 0
vn 0 -1 0
vn 0 1 0
f 3017/9693/1003 3018/9694/1003 3024/9695/1003 3023/9696/1003
f 3018/9697/1004 3019/9698/1004 3025/9699/1004 3024/9700/1004
f 3019/9701/1005 3020/9702/1005 3026/9703/1005 3025/9704/1005
f 3020/9705/1006 3021/9706/1006 3027/9707/1006 3026/9708/1006
f 3021/9709/1007 3022/9710/1007 3028/9711/1007 3027/9712/1007
f 3022/9713/1008 3017/9714/1008 3023/9715/1008 3028/9716/1008
f 3030/9717/1009 3029/9718/1009 3034/9719/1009
f 3031/9720/1009 3030/9721/1009 3034/9722/1009
f 3032/9723/1009 3031/9724/1009 3034/9725/1009
f 3034/9726/1009 3033/9727/1009 3032/9728/1009
f 3040/9729/1010 3035/9730/1010 3036/9731/1010
f 3040/9732/1010 3036/9733/1010 3037/9734/1010
f 3040/9735/1010 3037/9736/1010 3038/9737/1010
f 3038/9738/1010 3039/9739/1010 3040/9740/1010
f 3041/9741/1003 3042/9742/1003 3048/9743/1003 3047/9744/1003
f 3042/9745/1004 3043/9746/1004 3049/9747/1004 3048/9748/1004
f 3043/9749/1005 3044/9750/1005 3050/9751/1005 3049/9752/1005
f 3044/9753/1006 3045/9754/1006 3051/9755/1006 3050/9756/1006
f 3045/9757/1007 3046/9758/1007 3052/9759/1007 3051/9760/1007
f 3046/9761/1008 3041/9762/1008 3047/9763/1008 3052/9764/1008
f 3054/9765/1009 3053/9766/1009 3058/9767/1009
f 3055/9768/1009 3054/9769/1009 3058/9770/1009
f 3056/9771/1009 3055/9772/1009 3058/9773/1009
f 3058/9774/1009 3057/9775/1009 3056/9776/1009
f 3064/9777/1010 3059/9778/1010 3060/9779/1010
f 3064/9780/1010 3060/9781/1010 3061/9782/1010
f 3064/9783/1010 3061/9784/1010 3062/9785/1010
f 3062/9786/1010 3063/9787/1010 3064/9788/1010
f 3065/9789/1003 3066/9790/1003 3072/9791/1003 3071/9792/1003
f 3066/9793/1004 3067/9794/1004 3073/9795/1004 3072/9796/1004
f 3067/9797/1005 3068/9798/1005 3074/9799/1005 3073/9800/1005
f 3068/9801/1006 3069/9802/1006 3075/9803/1006 3074/9804/1006
f 3069/9805/1007 3070/9806/1007 3076/9807/1007 3075/9808/1007
f 3070/9809/1008 3065/9810/1008 3071/9811/1008 3076/9812/1008
f 3078/9813/1009 3077/9814/1009 3082/9815/1009
f 3079/9816/1009 3078/9817/1009 3082/9818/1009
f 3080/9819/1009 3079/9820/1009 3082/9821/1009
f 3082/9822/1009 3081/9823/1009 3080/9824/1009
f 3088/9825/1010 3083/9826/1010 3084/9827/1010
f 3088/9828/1010 3084/9829/1010 3085/9830/1010
f 3088/9831/1010 3085/9832/1010 3086/9833/1010
f 3086/9834/1010 3087/9835/1010 3088/9836/1010
f 3089/9837/1003 3090/9838/1003 3096/9839/1003 3095/9840/1003
f 3090/9841/1004 3091/9842/1004 3097/9843/1004 3096/9844/1004
f 3091/9845/1005 3092/9846/1005 3098/9847/1005 3097/9848/1005
f 3092/9849/1006 3093/9850/1006 3099/9851/1006 3098/9852/1006
f 3093/9853/1007 3094/9854/1007 3100/9855/1007 3099/9856/1007
f 3094/9857/1008 3089/9858/1008 3095/9859/1008 3100/9860/1008
f 3102/9861/1009 3101/9862/1009 3106/9863/1009
f 3103/9864/1009 3102/9865/1009 3106/9866/1009
f 3104/9867/1009 3103/9868/1009 3106/9869/1009
f 3106/9870/1009 3105/9871/1009 3104/9872/1009
f 3112/9873/1010 3107/9874/1010 3108/9875/1010
f 3112/9876/1010 3108/9877/1010 3109/9878/1010
f 3112/9879/1010 3109/9880/1010 3110/9881/1010
f 3110/9882/1010 3111/9883/1010 3112/9884/1010
o tank_fill_collar
usemtl underground_fuel_tank
v 0.709884 0.3375 3.533242
v 0.689339 0.3375 3.596473
v 0.65026 0.3375 3.65026
v 0.596473 0.3375 3.689339
v 0.533242 0.3375 3.709884
v 0.466758 0.3375 3.709884
v 0.403527 0.3375 3.689339
v 0.34974 0.3375 3.65026
v 0.310661 0.3375 3.596473
v 0.290116 0.3375 3.533242
v 0.290116 0.3375 3.466758
v 0.310661 0.3375 3.403527
v 0.34974 0.3375 3.34974
v 0.403527 0.3375 3.310661
v 0.466758 0.3375 3.290116
v 0.533242 0.3375 3.290116
v 0.596473 0.3375 3.310661
v 0.65026 0.3375 3.34974
v 0.689339 0.3375 3.403527
v 0.709884 0.3375 3.466758
v 0.709884 0.5375 3.533242
v 0.689339 0.5375 3.596473
v 0.65026 0.5375 3.65026
v 0.596473 0.5375 3.689339
v 0.533242 0.5375 3.709884
v 0.466758 0.5375 3.709884
v 0.403527 0.5375 3.689339
v 0.34974 0.5375 3.65026
v 0.310661 0.5375 3.596473
v 0.290116 0.5375 3.533242
v 0.290116 0.5375 3.466758
v 0.310661 0.5375 3.403527
v 0.34974 0.5375 3.34974
v 0.403527 0.5375 3.310661
v 0.466758 0.5375 3.290116
v 0.533242 0.5375 3.290116
v 0.596473 0.5375 3.310661
v 0.65026 0.5375 3.34974
v 0.689339 0.5375 3.403527
v 0.709884 0.5375 3.466758
v 0.5 0.5375 3.5
vt 0.894678 0.067996
vt 0.894678 0.072021
vt 0.882568 0.072021
vt 0.882568 0.067996
vt 0.976709 0.067996
vt 0.976709 0.072021
vt 0.9646 0.072021
vt 0.9646 0.067996
vt 0.990381 0.067996
vt 0.990381 0.072021
vt 0.978271 0.072021
vt 0.978271 0.067996
vt 0.01333 0.062137
vt 0.01333 0.066162
vt 0.001221 0.066162
vt 0.001221 0.062137
vt 0.122705 0.062137
vt 0.122705 0.066162
vt 0.110596 0.066162
vt 0.110596 0.062137
vt 0.014893 0.066162
vt 0.014893 0.062137
vt 0.027002 0.062137
vt 0.027002 0.066162
vt 0.137939 0.066162
vt 0.137939 0.062137
vt 0.150049 0.062137
vt 0.150049 0.066162
vt 0.909912 0.072021
vt 0.909912 0.067996
vt 0.922021 0.067996
vt 0.922021 0.072021
vt 0.923584 0.072021
vt 0.923584 0.067996
vt 0.935693 0.067996
vt 0.935693 0.072021
vt 0.028564 0.066162
vt 0.028564 0.062137
vt 0.040674 0.062137
vt 0.040674 0.066162
vt 0.89624 0.072021
vt 0.89624 0.067996
vt 0.90835 0.067996
vt 0.90835 0.072021
vt 0.151611 0.066162
vt 0.151611 0.062137
vt 0.163721 0.062137
vt 0.163721 0.066162
vt 0.937256 0.072021
vt 0.937256 0.067996
vt 0.949365 0.067996
vt 0.949365 0.072021
vt 0.042236 0.066162
vt 0.042236 0.062137
vt 0.054346 0.062137
vt 0.054346 0.066162
vt 0.109033 0.062137
vt 0.109033 0.066162
vt 0.096924 0.066162
vt 0.096924 0.062137
vt 0.136377 0.062137
vt 0.136377 0.066162
vt 0.124268 0.066162
vt 0.124268 0.062137
vt 0.068018 0.062137
vt 0.068018 0.066162
vt 0.055908 0.066162
vt 0.055908 0.062137
vt 0.081689 0.062137
vt 0.081689 0.066162
vt 0.06958 0.066162
vt 0.06958 0.062137
vt 0.963037 0.067996
vt 0.963037 0.072021
vt 0.950928 0.072021
vt 0.950928 0.067996
vt 0.095361 0.062137
vt 0.095361 0.066162
vt 0.083252 0.066162
vt 0.083252 0.062137
vt 0.851801 0.279762
vt 0.847972 0.281006
vt 0.84596 0.268298
vt 0.855058 0.277396
vt 0.851801 0.279762
vt 0.84596 0.268298
vt 0.857424 0.274139
vt 0.855058 0.277396
vt 0.84596 0.268298
vt 0.858668 0.270311
vt 0.857424 0.274139
vt 0.84596 0.268298
vt 0.858668 0.266285
vt 0.858668 0.270311
vt 0.84596 0.268298
vt 0.857424 0.262457
vt 0.858668 0.266285
vt 0.84596 0.268298
vt 0.855058 0.2592
vt 0.857424 0.262457
vt 0.84596 0.268298
vt 0.851801 0.256834
vt 0.855058 0.2592
vt 0.84596 0.268298
vt 0.847972 0.25559
vt 0.851801 0.256834
vt 0.84596 0.268298
vt 0.843947 0.25559
vt 0.847972 0.25559
vt 0.84596 0.268298
vt 0.840119 0.256834
vt 0.843947 0.25559
vt 0.84596 0.268298
vt 0.836862 0.2592
vt 0.840119 0.256834
vt 0.84596 0.268298
vt 0.834496 0.262457
vt 0.836862 0.2592
vt 0.84596 0.268298
vt 0.833252 0.266285
vt 0.834496 0.262457
vt 0.84596 0.268298
vt 0.833252 0.270311
vt 0.833252 0.266285
vt 0.84596 0.268298
vt 0.834496 0.274139
vt 0.833252 0.270311
vt 0.84596 0.268298
vt 0.836862 0.277396
vt 0.834496 0.274139
vt 0.84596 0.268298
vt 0.840119 0.279762
vt 0.836862 0.277396
vt 0.84596 0.268298
vt 0.843947 0.281006
vt 0.840119 0.279762
vt 0.84596 0.268298
vt 0.847972 0.281006
vt 0.843947 0.281006
vt 0.84596 0.268298
vn 0.987688 0 0.156434
vn 0.891007 0 0.45399
vn 0.707107 0 0.707107
vn 0.45399 0 0.891007
vn 0.156434 0 0.987688
vn -0.156434 0 0.987688
vn -0.45399 0 0.891007
vn -0.707107 0 0.707107
vn -0.891007 0 0.45399
vn -0.987688 0 0.156434
vn -0.987688 0 -0.156434
vn -0.891007 0 -0.45399
vn -0.707107 0 -0.707107
vn -0.45399 0 -0.891007
vn -0.156434 0 -0.987688
vn 0.156434 0 -0.987688
vn 0.45399 0 -0.891007
vn 0.707107 0 -0.707107
vn 0.891007 0 -0.45399
vn 0.987688 0 -0.156434
vn 0 1 0
f 3133/9885/1011 3134/9886/1012 3114/9887/1012 3113/9888/1011
f 3134/9889/1012 3135/9890/1013 3115/9891/1013 3114/9892/1012
f 3135/9893/1013 3136/9894/1014 3116/9895/1014 3115/9896/1013
f 3136/9897/1014 3137/9898/1015 3117/9899/1015 3116/9900/1014
f 3137/9901/1015 3138/9902/1016 3118/9903/1016 3117/9904/1015
f 3138/9905/1016 3139/9906/1017 3119/9907/1017 3118/9908/1016
f 3139/9909/1017 3140/9910/1018 3120/9911/1018 3119/9912/1017
f 3140/9913/1018 3141/9914/1019 3121/9915/1019 3120/9916/1018
f 3141/9917/1019 3142/9918/1020 3122/9919/1020 3121/9920/1019
f 3142/9921/1020 3143/9922/1021 3123/9923/1021 3122/9924/1020
f 3143/9925/1021 3144/9926/1022 3124/9927/1022 3123/9928/1021
f 3144/9929/1022 3145/9930/1023 3125/9931/1023 3124/9932/1022
f 3145/9933/1023 3146/9934/1024 3126/9935/1024 3125/9936/1023
f 3146/9937/1024 3147/9938/1025 3127/9939/1025 3126/9940/1024
f 3147/9941/1025 3148/9942/1026 3128/9943/1026 3127/9944/1025
f 3148/9945/1026 3149/9946/1027 3129/9947/1027 3128/9948/1026
f 3149/9949/1027 3150/9950/1028 3130/9951/1028 3129/9952/1027
f 3150/9953/1028 3151/9954/1029 3131/9955/1029 3130/9956/1028
f 3151/9957/1029 3152/9958/1030 3132/9959/1030 3131/9960/1029
f 3152/9961/1030 3133/9962/1011 3113/9963/1011 3132/9964/1030
f 3134/9965/1031 3133/9966/1031 3153/9967/1031
f 3135/9968/1031 3134/9969/1031 3153/9970/1031
f 3136/9971/1031 3135/9972/1031 3153/9973/1031
f 3137/9974/1031 3136/9975/1031 3153/9976/1031
f 3138/9977/1031 3137/9978/1031 3153/9979/1031
f 3139/9980/1031 3138/9981/1031 3153/9982/1031
f 3140/9983/1031 3139/9984/1031 3153/9985/1031
f 3141/9986/1031 3140/9987/1031 3153/9988/1031
f 3142/9989/1031 3141/9990/1031 3153/9991/1031
f 3143/9992/1031 3142/9993/1031 3153/9994/1031
f 3144/9995/1031 3143/9996/1031 3153/9997/1031
f 3145/9998/1031 3144/9999/1031 3153/10000/1031
f 3146/10001/1031 3145/10002/1031 3153/10003/1031
f 3147/10004/1031 3146/10005/1031 3153/10006/1031
f 3148/10007/1031 3147/10008/1031 3153/10009/1031
f 3149/10010/1031 3148/10011/1031 3153/10012/1031
f 3150/10013/1031 3149/10014/1031 3153/10015/1031
f 3151/10016/1031 3150/10017/1031 3153/10018/1031
f 3152/10019/1031 3151/10020/1031 3153/10021/1031
f 3133/10022/1031 3152/10023/1031 3153/10024/1031
o tank_fill_riser
usemtl underground_fuel_tank
v 0.659378 0.5375 3.531702
v 0.635114 0.5375 3.59028
v 0.59028 0.5375 3.635114
v 0.531702 0.5375 3.659378
v 0.468298 0.5375 3.659378
v 0.40972 0.5375 3.635114
v 0.364886 0.5375 3.59028
v 0.340622 0.5375 3.531702
v 0.340622 0.5375 3.468298
v 0.364886 0.5375 3.40972
v 0.40972 0.5375 3.364886
v 0.468298 0.5375 3.340622
v 0.531702 0.5375 3.340622
v 0.59028 0.5375 3.364886
v 0.635114 0.5375 3.40972
v 0.659378 0.5375 3.468298
v 0.659378 0.9625 3.531702
v 0.635114 0.9625 3.59028
v 0.59028 0.9625 3.635114
v 0.531702 0.9625 3.659378
v 0.468298 0.9625 3.659378
v 0.40972 0.9625 3.635114
v 0.364886 0.9625 3.59028
v 0.340622 0.9625 3.531702
v 0.340622 0.9625 3.468298
v 0.364886 0.9625 3.40972
v 0.40972 0.9625 3.364886
v 0.468298 0.9625 3.340622
v 0.531702 0.9625 3.340622
v 0.59028 0.9625 3.364886
v 0.635114 0.9625 3.40972
v 0.659378 0.9625 3.468298
vt 0.472266 0.062323
vt 0.472266 0.066162
vt 0.446533 0.066162
vt 0.446533 0.062323
vt 0.691016 0.062323
vt 0.691016 0.066162
vt 0.665283 0.066162
vt 0.665283 0.062323
vt 0.499609 0.062323
vt 0.499609 0.066162
vt 0.473877 0.066162
vt 0.473877 0.062323
vt 0.608984 0.062323
vt 0.608984 0.066162
vt 0.583252 0.066162
vt 0.583252 0.062323
vt 0.419189 0.066162
vt 0.419189 0.062323
vt 0.444922 0.062323
vt 0.444922 0.066162
vt 0.802002 0.066162
vt 0.802002 0.062323
vt 0.827734 0.062323
vt 0.827734 0.066162
vt 0.501221 0.066162
vt 0.501221 0.062323
vt 0.526953 0.062323
vt 0.526953 0.066162
vt 0.692627 0.066162
vt 0.692627 0.062323
vt 0.718359 0.062323
vt 0.718359 0.066162
vt 0.719971 0.066162
vt 0.719971 0.062323
vt 0.745703 0.062323
vt 0.745703 0.066162
vt 0.829346 0.066162
vt 0.829346 0.062323
vt 0.855078 0.062323
vt 0.855078 0.066162
vt 0.610596 0.066162
vt 0.610596 0.062323
vt 0.636328 0.062323
vt 0.636328 0.066162
vt 0.581641 0.062323
vt 0.581641 0.066162
vt 0.555908 0.066162
vt 0.555908 0.062323
vt 0.554297 0.062323
vt 0.554297 0.066162
vt 0.528564 0.066162
vt 0.528564 0.062323
vt 0.663672 0.062323
vt 0.663672 0.066162
vt 0.637939 0.066162
vt 0.637939 0.062323
vt 0.773047 0.062323
vt 0.773047 0.066162
vt 0.747314 0.066162
vt 0.747314 0.062323
vt 0.800391 0.062323
vt 0.800391 0.066162
vt 0.774658 0.066162
vt 0.774658 0.062323
vn 0.980785 0 0.19509
vn 0.83147 0 0.55557
vn 0.55557 0 0.83147
vn 0.19509 0 0.980785
vn -0.19509 0 0.980785
vn -0.55557 0 0.83147
vn -0.83147 0 0.55557
vn -0.980785 0 0.19509
vn -0.980785 0 -0.19509
vn -0.83147 0 -0.55557
vn -0.55557 0 -0.83147
vn -0.19509 0 -0.980785
vn 0.19509 0 -0.980785
vn 0.55557 0 -0.83147
vn 0.83147 0 -0.55557
vn 0.980785 0 -0.19509
f 3170/10025/1032 3171/10026/1033 3155/10027/1033 3154/10028/1032
f 3171/10029/1033 3172/10030/1034 3156/10031/1034 3155/10032/1033
f 3172/10033/1034 3173/10034/1035 3157/10035/1035 3156/10036/1034
f 3173/10037/1035 3174/10038/1036 3158/10039/1036 3157/10040/1035
f 3174/10041/1036 3175/10042/1037 3159/10043/1037 3158/10044/1036
f 3175/10045/1037 3176/10046/1038 3160/10047/1038 3159/10048/1037
f 3176/10049/1038 3177/10050/1039 3161/10051/1039 3160/10052/1038
f 3177/10053/1039 3178/10054/1040 3162/10055/1040 3161/10056/1039
f 3178/10057/1040 3179/10058/1041 3163/10059/1041 3162/10060/1040
f 3179/10061/1041 3180/10062/1042 3164/10063/1042 3163/10064/1041
f 3180/10065/1042 3181/10066/1043 3165/10067/1043 3164/10068/1042
f 3181/10069/1043 3182/10070/1044 3166/10071/1044 3165/10072/1043
f 3182/10073/1044 3183/10074/1045 3167/10075/1045 3166/10076/1044
f 3183/10077/1045 3184/10078/1046 3168/10079/1046 3167/10080/1045
f 3184/10081/1046 3185/10082/1047 3169/10083/1047 3168/10084/1046
f 3185/10085/1047 3170/10086/1032 3154/10087/1032 3169/10088/1047
o tank_fill_neck
usemtl underground_fuel_tank
v 0.24125 0.925 3.75875
v 0.75875 0.925 3.75875
v 0.75875 0.925 3.24125
v 0.24125 0.925 3.24125
v 0.2375 0.92875 3.7625
v 0.7625 0.92875 3.7625
v 0.7625 0.92875 3.2375
v 0.2375 0.92875 3.2375
v 0.2375 0.95875 3.7625
v 0.7625 0.95875 3.7625
v 0.7625 0.95875 3.2375
v 0.2375 0.95875 3.2375
v 0.24125 0.9625 3.75875
v 0.75875 0.9625 3.75875
v 0.75875 0.9625 3.24125
v 0.24125 0.9625 3.24125
v 0.24125 0.925 3.75875
v 0.75875 0.925 3.75875
v 0.75875 0.925 3.24125
v 0.24125 0.925 3.24125
v 0.24125 0.9625 3.75875
v 0.75875 0.9625 3.75875
v 0.75875 0.9625 3.24125
v 0.24125 0.9625 3.24125
vt 0.307112 0.041915
vt 0.338445 0.041915
vt 0.338672 0.042236
vt 0.306885 0.042236
vt 0.47321 0.042236
vt 0.441877 0.042236
vt 0.44165 0.041915
vt 0.473438 0.041915
vt 0.372136 0.042236
vt 0.340803 0.042236
vt 0.340576 0.041915
vt 0.372363 0.041915
vt 0.475569 0.041915
vt 0.506902 0.041915
vt 0.507129 0.042236
vt 0.475342 0.042236
vt 0.88208 0.053115
vt 0.913867 0.053115
vt 0.913867 0.054932
vt 0.88208 0.054932
vt 0.846484 0.054932
vt 0.814697 0.054932
vt 0.814697 0.053115
vt 0.846484 0.053115
vt 0.915771 0.053115
vt 0.947559 0.053115
vt 0.947559 0.054932
vt 0.915771 0.054932
vt 0.848389 0.053115
vt 0.880176 0.053115
vt 0.880176 0.054932
vt 0.848389 0.054932
vt 0.810352 0.042236
vt 0.778564 0.042236
vt 0.778792 0.041915
vt 0.810125 0.041915
vt 0.54082 0.042236
vt 0.509033 0.042236
vt 0.50926 0.041915
vt 0.540593 0.041915
vt 0.273193 0.041915
vt 0.30498 0.041915
vt 0.304753 0.042236
vt 0.27342 0.042236
vt 0.542725 0.041915
vt 0.574512 0.041915
vt 0.574285 0.042236
vt 0.542952 0.042236
vt 0.522788 0.467446
vt 0.522788 0.498779
vt 0.491455 0.498779
vt 0.491455 0.498779
vt 0.491455 0.467446
vt 0.522788 0.467446
vt 0.524658 0.467446
vt 0.555991 0.467446
vt 0.555991 0.498779
vt 0.555991 0.498779
vt 0.524658 0.498779
vt 0.524658 0.467446
vn 0 -0.707107 0.707107
vn 0.707107 -0.707107 0
vn 0 -0.707107 -0.707107
vn -0.707107 -0.707107 0
vn 0 0 1
vn 1 0 0
vn 0 0 -1
vn -1 0 0
vn 0 0.707107 0.707107
vn 0.707107 0.707107 0
vn 0 0.707107 -0.707107
vn -0.707107 0.707107 0
vn 0 -1 0
vn 0 1 0
f 3186/10089/1048 3187/10090/1048 3191/10091/1048 3190/10092/1048
f 3187/10093/1049 3188/10094/1049 3192/10095/1049 3191/10096/1049
f 3188/10097/1050 3189/10098/1050 3193/10099/1050 3192/10100/1050
f 3189/10101/1051 3186/10102/1051 3190/10103/1051 3193/10104/1051
f 3190/10105/1052 3191/10106/1052 3195/10107/1052 3194/10108/1052
f 3191/10109/1053 3192/10110/1053 3196/10111/1053 3195/10112/1053
f 3192/10113/1054 3193/10114/1054 3197/10115/1054 3196/10116/1054
f 3193/10117/1055 3190/10118/1055 3194/10119/1055 3197/10120/1055
f 3194/10121/1056 3195/10122/1056 3199/10123/1056 3198/10124/1056
f 3195/10125/1057 3196/10126/1057 3200/10127/1057 3199/10128/1057
f 3196/10129/1058 3197/10130/1058 3201/10131/1058 3200/10132/1058
f 3197/10133/1059 3194/10134/1059 3198/10135/1059 3201/10136/1059
f 3203/10137/1060 3202/10138/1060 3205/10139/1060
f 3205/10140/1060 3204/10141/1060 3203/10142/1060
f 3209/10143/1061 3206/10144/1061 3207/10145/1061
f 3207/10146/1061 3208/10147/1061 3209/10148/1061
o tank_fill_plate
usemtl underground_fuel_tank
v 0.16125 0.9625 3.83875
v 0.83875 0.9625 3.83875
v 0.83875 0.9625 3.16125
v 0.16125 0.9625 3.16125
v 0.15625 0.9675 3.84375
v 0.84375 0.9675 3.84375
v 0.84375 0.9675 3.15625
v 0.15625 0.9675 3.15625
v 0.15625 0.995 3.84375
v 0.84375 0.995 3.84375
v 0.84375 0.995 3.15625
v 0.15625 0.995 3.15625
v 0.16125 1 3.83875
v 0.83875 1 3.83875
v 0.83875 1 3.16125
v 0.16125 1 3.16125
v 0.245 0.9625 3.245
v 0.755 0.9625 3.245
v 0.755 0.9625 3.755
v 0.245 0.9625 3.755
v 0.25 0.9675 3.25
v 0.75 0.9675 3.25
v 0.75 0.9675 3.75
v 0.25 0.9675 3.75
v 0.25 0.995 3.25
v 0.75 0.995 3.25
v 0.75 0.995 3.75
v 0.25 0.995 3.75
v 0.245 1 3.245
v 0.755 1 3.245
v 0.755 1 3.755
v 0.245 1 3.755
v 0.16125 0.9625 3.83875
v 0.83875 0.9625 3.83875
v 0.83875 0.9625 3.16125
v 0.16125 0.9625 3.16125
v 0.245 0.9625 3.245
v 0.755 0.9625 3.245
v 0.755 0.9625 3.755
v 0.245 0.9625 3.755
v 0.16125 1 3.83875
v 0.83875 1 3.83875
v 0.83875 1 3.16125
v 0.16125 1 3.16125
v 0.245 1 3.245
v 0.755 1 3.245
v 0.755 1 3.755
v 0.245 1 3.755
vt 0.001523 0.041808
vt 0.042544 0.041808
vt 0.042847 0.042236
vt 0.001221 0.042236
vt 0.172915 0.044189
vt 0.131895 0.044189
vt 0.131592 0.043761
vt 0.173218 0.043761
vt 0.086001 0.042236
vt 0.04498 0.042236
vt 0.044678 0.041808
vt 0.086304 0.041808
vt 0.175352 0.043761
vt 0.216372 0.043761
vt 0.216675 0.044189
vt 0.175049 0.044189
vt 0.131592 0.048872
vt 0.173218 0.048872
vt 0.173218 0.050537
vt 0.131592 0.050537
vt 0.216675 0.050537
vt 0.175049 0.050537
vt 0.175049 0.048872
vt 0.216675 0.048872
vt 0.218506 0.048872
vt 0.260132 0.048872
vt 0.260132 0.050537
vt 0.218506 0.050537
vt 0.261963 0.048872
vt 0.303589 0.048872
vt 0.303589 0.050537
vt 0.261963 0.050537
vt 0.129761 0.042236
vt 0.088135 0.042236
vt 0.088438 0.041808
vt 0.129458 0.041808
vt 0.260132 0.044189
vt 0.218506 0.044189
vt 0.218809 0.043761
vt 0.259829 0.043761
vt 0.131592 0.041808
vt 0.173218 0.041808
vt 0.172915 0.042236
vt 0.131895 0.042236
vt 0.261963 0.043761
vt 0.303589 0.043761
vt 0.303286 0.044189
vt 0.262266 0.044189
vt 0.175049 0.041808
vt 0.205928 0.041808
vt 0.205625 0.042236
vt 0.175352 0.042236
vt 0.708252 0.043761
vt 0.739131 0.043761
vt 0.738828 0.044189
vt 0.708555 0.044189
vt 0.238643 0.042236
vt 0.207764 0.042236
vt 0.208066 0.041808
vt 0.23834 0.041808
vt 0.771846 0.044189
vt 0.740967 0.044189
vt 0.74127 0.043761
vt 0.771543 0.043761
vt 0.432373 0.048872
vt 0.462646 0.048872
vt 0.462646 0.050537
vt 0.432373 0.050537
vt 0.464111 0.048872
vt 0.494385 0.048872
vt 0.494385 0.050537
vt 0.464111 0.050537
vt 0.49585 0.048872
vt 0.526123 0.048872
vt 0.526123 0.050537
vt 0.49585 0.050537
vt 0.557861 0.050537
vt 0.527588 0.050537
vt 0.527588 0.048872
vt 0.557861 0.048872
vt 0.55377 0.044189
vt 0.523496 0.044189
vt 0.523193 0.043761
vt 0.554072 0.043761
vt 0.930234 0.043761
vt 0.960508 0.043761
vt 0.960811 0.044189
vt 0.929932 0.044189
vt 0.240781 0.041808
vt 0.271055 0.041808
vt 0.271357 0.042236
vt 0.240479 0.042236
vt 0.993223 0.044189
vt 0.962949 0.044189
vt 0.962646 0.043761
vt 0.993525 0.043761
vt 0.745061 0.508728
vt 0.73999 0.503657
vt 0.781011 0.503657
vt 0.77594 0.508728
vt 0.745061 0.508728
vt 0.781011 0.503657
vt 0.77594 0.508728
vt 0.781011 0.503657
vt 0.781011 0.544678
vt 0.77594 0.539607
vt 0.77594 0.508728
vt 0.781011 0.544678
vt 0.77594 0.539607
vt 0.781011 0.544678
vt 0.73999 0.544678
vt 0.745061 0.539607
vt 0.77594 0.539607
vt 0.73999 0.544678
vt 0.745061 0.508728
vt 0.745061 0.539607
vt 0.73999 0.544678
vt 0.73999 0.544678
vt 0.73999 0.503657
vt 0.745061 0.508728
vt 0.823979 0.544678
vt 0.782959 0.544678
vt 0.78803 0.539607
vt 0.823979 0.544678
vt 0.78803 0.539607
vt 0.818909 0.539607
vt 0.823979 0.503657
vt 0.823979 0.544678
vt 0.818909 0.539607
vt 0.823979 0.503657
vt 0.818909 0.539607
vt 0.818909 0.508728
vt 0.782959 0.503657
vt 0.823979 0.503657
vt 0.818909 0.508728
vt 0.782959 0.503657
vt 0.818909 0.508728
vt 0.78803 0.508728
vt 0.782959 0.503657
vt 0.78803 0.508728
vt 0.78803 0.539607
vt 0.78803 0.539607
vt 0.782959 0.544678
vt 0.782959 0.503657
vn 0 -0.707107 0.707107
vn 0.707107 -0.707107 0
vn 0 -0.707107 -0.707107
vn -0.707107 -0.707107 0
vn 0 0 1
vn 1 0 0
vn 0 0 -1
vn -1 0 0
vn 0 0.707107 0.707107
vn 0.707107 0.707107 0
vn 0 0.707107 -0.707107
vn -0.707107 0.707107 0
vn 0 -1 0
vn 0 1 0
f 3210/10149/1062 3211/10150/1062 3215/10151/1062 3214/10152/1062
f 3211/10153/1063 3212/10154/1063 3216/10155/1063 3215/10156/1063
f 3212/10157/1064 3213/10158/1064 3217/10159/1064 3216/10160/1064
f 3213/10161/1065 3210/10162/1065 3214/10163/1065 3217/10164/1065
f 3214/10165/1066 3215/10166/1066 3219/10167/1066 3218/10168/1066
f 3215/10169/1067 3216/10170/1067 3220/10171/1067 3219/10172/1067
f 3216/10173/1068 3217/10174/1068 3221/10175/1068 3220/10176/1068
f 3217/10177/1069 3214/10178/1069 3218/10179/1069 3221/10180/1069
f 3218/10181/1070 3219/10182/1070 3223/10183/1070 3222/10184/1070
f 3219/10185/1071 3220/10186/1071 3224/10187/1071 3223/10188/1071
f 3220/10189/1072 3221/10190/1072 3225/10191/1072 3224/10192/1072
f 3221/10193/1073 3218/10194/1073 3222/10195/1073 3225/10196/1073
f 3226/10197/1062 3227/10198/1062 3231/10199/1062 3230/10200/1062
f 3227/10201/1065 3228/10202/1065 3232/10203/1065 3231/10204/1065
f 3228/10205/1064 3229/10206/1064 3233/10207/1064 3232/10208/1064
f 3229/10209/1063 3226/10210/1063 3230/10211/1063 3233/10212/1063
f 3230/10213/1066 3231/10214/1066 3235/10215/1066 3234/10216/1066
f 3231/10217/1069 3232/10218/1069 3236/10219/1069 3235/10220/1069
f 3232/10221/1068 3233/10222/1068 3237/10223/1068 3236/10224/1068
f 3233/10225/1067 3230/10226/1067 3234/10227/1067 3237/10228/1067
f 3234/10229/1070 3235/10230/1070 3239/10231/1070 3238/10232/1070
f 3235/10233/1073 3236/10234/1073 3240/10235/1073 3239/10236/1073
f 3236/10237/1072 3237/10238/1072 3241/10239/1072 3240/10240/1072
f 3237/10241/1071 3234/10242/1071 3238/10243/1071 3241/10244/1071
f 3247/10245/1074 3244/10246/1074 3243/10247/1074
f 3248/10248/1074 3247/10249/1074 3243/10250/1074
f 3248/10251/1074 3243/10252/1074 3242/10253/1074
f 3249/10254/1074 3248/10255/1074 3242/10256/1074
f 3249/10257/1074 3242/10258/1074 3245/10259/1074
f 3246/10260/1074 3249/10261/1074 3245/10262/1074
f 3247/10263/1074 3246/10264/1074 3245/10265/1074
f 3245/10266/1074 3244/10267/1074 3247/10268/1074
f 3251/10269/1075 3252/10270/1075 3255/10271/1075
f 3251/10272/1075 3255/10273/1075 3256/10274/1075
f 3250/10275/1075 3251/10276/1075 3256/10277/1075
f 3250/10278/1075 3256/10279/1075 3257/10280/1075
f 3253/10281/1075 3250/10282/1075 3257/10283/1075
f 3253/10284/1075 3257/10285/1075 3254/10286/1075
f 3253/10287/1075 3254/10288/1075 3255/10289/1075
f 3255/10290/1075 3252/10291/1075 3253/10292/1075
o tank_fill_throat
usemtl underground_fuel_tank
v 0.25 0.9 3.75
v 0.75 0.9 3.75
v 0.75 0.9 3.25
v 0.25 0.9 3.25
v 0.25 0.965625 3.75
v 0.75 0.965625 3.75
v 0.75 0.965625 3.25
v 0.25 0.965625 3.25
v 0.25 0.9 3.75
v 0.75 0.9 3.75
v 0.75 0.9 3.25
v 0.25 0.9 3.25
v 0.25 0.965625 3.75
v 0.75 0.965625 3.75
v 0.75 0.965625 3.25
v 0.25 0.965625 3.25
vt 0.292236 0.062189
vt 0.32251 0.062189
vt 0.32251 0.066162
vt 0.292236 0.066162
vt 0.354248 0.066162
vt 0.323975 0.066162
vt 0.323975 0.062189
vt 0.354248 0.062189
vt 0.355713 0.062189
vt 0.385986 0.062189
vt 0.385986 0.066162
vt 0.355713 0.066162
vt 0.387451 0.062189
vt 0.417725 0.062189
vt 0.417725 0.066162
vt 0.387451 0.066162
vt 0.721436 0.468506
vt 0.721436 0.498779
vt 0.691162 0.498779
vt 0.691162 0.498779
vt 0.691162 0.468506
vt 0.721436 0.468506
vt 0.7229 0.468506
vt 0.753174 0.468506
vt 0.753174 0.498779
vt 0.753174 0.498779
vt 0.7229 0.498779
vt 0.7229 0.468506
vn 0 0 1
vn 1 0 0
vn 0 0 -1
vn -1 0 0
vn 0 -1 0
vn 0 1 0
f 3258/10293/1076 3259/10294/1076 3263/10295/1076 3262/10296/1076
f 3259/10297/1077 3260/10298/1077 3264/10299/1077 3263/10300/1077
f 3260/10301/1078 3261/10302/1078 3265/10303/1078 3264/10304/1078
f 3261/10305/1079 3258/10306/1079 3262/10307/1079 3265/10308/1079
f 3267/10309/1080 3266/10310/1080 3269/10311/1080
f 3269/10312/1080 3268/10313/1080 3267/10314/1080
f 3273/10315/1081 3270/10316/1081 3271/10317/1081
f 3271/10318/1081 3272/10319/1081 3273/10320/1081
o tank_fill_studs
usemtl underground_fuel_tank
v 0.232108 1 3.7775
v 0.209375 1 3.764375
v 0.186642 1 3.7775
v 0.186642 1 3.80375
v 0.209375 1 3.816875
v 0.232108 1 3.80375
v 0.232108 1.02 3.7775
v 0.209375 1.02 3.764375
v 0.186642 1.02 3.7775
v 0.186642 1.02 3.80375
v 0.209375 1.02 3.816875
v 0.232108 1.02 3.80375
v 0.232108 1 3.7775
v 0.209375 1 3.764375
v 0.186642 1 3.7775
v 0.186642 1 3.80375
v 0.209375 1 3.816875
v 0.232108 1 3.80375
v 0.232108 1.02 3.7775
v 0.209375 1.02 3.764375
v 0.186642 1.02 3.7775
v 0.186642 1.02 3.80375
v 0.209375 1.02 3.816875
v 0.232108 1.02 3.80375
v 0.232108 1 3.19625
v 0.209375 1 3.183125
v 0.186642 1 3.19625
v 0.186642 1 3.2225
v 0.209375 1 3.235625
v 0.232108 1 3.2225
v 0.232108 1.02 3.19625
v 0.209375 1.02 3.183125
v 0.186642 1.02 3.19625
v 0.186642 1.02 3.2225
v 0.209375 1.02 3.235625
v 0.232108 1.02 3.2225
v 0.232108 1 3.19625
v 0.209375 1 3.183125
v 0.186642 1 3.19625
v 0.186642 1 3.2225
v 0.209375 1 3.235625
v 0.232108 1 3.2225
v 0.232108 1.02 3.19625
v 0.209375 1.02 3.183125
v 0.186642 1.02 3.19625
v 0.186642 1.02 3.2225
v 0.209375 1.02 3.235625
v 0.232108 1.02 3.2225
v 0.813358 1 3.7775
v 0.790625 1 3.764375
v 0.767892 1 3.7775
v 0.767892 1 3.80375
v 0.790625 1 3.816875
v 0.813358 1 3.80375
v 0.813358 1.02 3.7775
v 0.790625 1.02 3.764375
v 0.767892 1.02 3.7775
v 0.767892 1.02 3.80375
v 0.790625 1.02 3.816875
v 0.813358 1.02 3.80375
v 0.813358 1 3.7775
v 0.790625 1 3.764375
v 0.767892 1 3.7775
v 0.767892 1 3.80375
v 0.790625 1 3.816875
v 0.813358 1 3.80375
v 0.813358 1.02 3.7775
v 0.790625 1.02 3.764375
v 0.767892 1.02 3.7775
v 0.767892 1.02 3.80375
v 0.790625 1.02 3.816875
v 0.813358 1.02 3.80375
v 0.813358 1 3.19625
v 0.790625 1 3.183125
v 0.767892 1 3.19625
v 0.767892 1 3.2225
v 0.790625 1 3.235625
v 0.813358 1 3.2225
v 0.813358 1.02 3.19625
v 0.790625 1.02 3.183125
v 0.767892 1.02 3.19625
v 0.767892 1.02 3.2225
v 0.790625 1.02 3.235625
v 0.813358 1.02 3.2225
v 0.813358 1 3.19625
v 0.790625 1 3.183125
v 0.767892 1 3.19625
v 0.767892 1 3.2225
v 0.790625 1 3.235625
v 0.813358 1 3.2225
v 0.813358 1.02 3.19625
v 0.790625 1.02 3.183125
v 0.767892 1.02 3.19625
v 0.767892 1.02 3.2225
v 0.790625 1.02 3.235625
v 0.813358 1.02 3.2225
vt 0.375369 0.047119
vt 0.373779 0.047119
vt 0.373779 0.045908
vt 0.375369 0.045908
vt 0.237061 0.045908
vt 0.23865 0.045908
vt 0.23865 0.047119
vt 0.237061 0.047119
vt 0.240479 0.045908
vt 0.242068 0.045908
vt 0.242068 0.047119
vt 0.240479 0.047119
vt 0.243896 0.045908
vt 0.245486 0.045908
vt 0.245486 0.047119
vt 0.243896 0.047119
vt 0.378787 0.047119
vt 0.377197 0.047119
vt 0.377197 0.045908
vt 0.378787 0.045908
vt 0.248904 0.047119
vt 0.247314 0.047119
vt 0.247314 0.045908
vt 0.248904 0.045908
vt 0.093994 0.053555
vt 0.094789 0.052179
vt 0.096378 0.052179
vt 0.094789 0.054932
vt 0.093994 0.053555
vt 0.096378 0.052179
vt 0.096378 0.054932
vt 0.094789 0.054932
vt 0.096378 0.052179
vt 0.096378 0.052179
vt 0.097173 0.053555
vt 0.096378 0.054932
vt 0.101261 0.054932
vt 0.099672 0.054932
vt 0.098877 0.053555
vt 0.101261 0.054932
vt 0.098877 0.053555
vt 0.099672 0.052179
vt 0.101261 0.054932
vt 0.099672 0.052179
vt 0.101261 0.052179
vt 0.101261 0.052179
vt 0.102056 0.053555
vt 0.101261 0.054932
vt 0.382205 0.047119
vt 0.380615 0.047119
vt 0.380615 0.045908
vt 0.382205 0.045908
vt 0.250732 0.045908
vt 0.252322 0.045908
vt 0.252322 0.047119
vt 0.250732 0.047119
vt 0.25415 0.045908
vt 0.25574 0.045908
vt 0.25574 0.047119
vt 0.25415 0.047119
vt 0.257568 0.045908
vt 0.259158 0.045908
vt 0.259158 0.047119
vt 0.257568 0.047119
vt 0.385623 0.047119
vt 0.384033 0.047119
vt 0.384033 0.045908
vt 0.385623 0.045908
vt 0.262576 0.047119
vt 0.260986 0.047119
vt 0.260986 0.045908
vt 0.262576 0.045908
vt 0.10376 0.053555
vt 0.104554 0.052179
vt 0.106144 0.052179
vt 0.104554 0.054932
vt 0.10376 0.053555
vt 0.106144 0.052179
vt 0.106144 0.054932
vt 0.104554 0.054932
vt 0.106144 0.052179
vt 0.106144 0.052179
vt 0.106938 0.053555
vt 0.106144 0.054932
vt 0.111027 0.054932
vt 0.109437 0.054932
vt 0.108643 0.053555
vt 0.111027 0.054932
vt 0.108643 0.053555
vt 0.109437 0.052179
vt 0.111027 0.054932
vt 0.109437 0.052179
vt 0.111027 0.052179
vt 0.111027 0.052179
vt 0.111821 0.053555
vt 0.111027 0.054932
vt 0.265994 0.047119
vt 0.264404 0.047119
vt 0.264404 0.045908
vt 0.265994 0.045908
vt 0.387451 0.045908
vt 0.389041 0.045908
vt 0.389041 0.047119
vt 0.387451 0.047119
vt 0.267822 0.045908
vt 0.269412 0.045908
vt 0.269412 0.047119
vt 0.267822 0.047119
vt 0.390869 0.045908
vt 0.392458 0.045908
vt 0.392458 0.047119
vt 0.390869 0.047119
vt 0.27283 0.047119
vt 0.27124 0.047119
vt 0.27124 0.045908
vt 0.27283 0.045908
vt 0.276248 0.047119
vt 0.274658 0.047119
vt 0.274658 0.045908
vt 0.276248 0.045908
vt 0.113525 0.053555
vt 0.11432 0.052179
vt 0.115909 0.052179
vt 0.11432 0.054932
vt 0.113525 0.053555
vt 0.115909 0.052179
vt 0.115909 0.054932
vt 0.11432 0.054932
vt 0.115909 0.052179
vt 0.115909 0.052179
vt 0.116704 0.053555
vt 0.115909 0.054932
vt 0.120792 0.054932
vt 0.119203 0.054932
vt 0.118408 0.053555
vt 0.120792 0.054932
vt 0.118408 0.053555
vt 0.119203 0.052179
vt 0.120792 0.054932
vt 0.119203 0.052179
vt 0.120792 0.052179
vt 0.120792 0.052179
vt 0.121587 0.053555
vt 0.120792 0.054932
vt 0.279666 0.047119
vt 0.278076 0.047119
vt 0.278076 0.045908
vt 0.279666 0.045908
vt 0.394287 0.045908
vt 0.395876 0.045908
vt 0.395876 0.047119
vt 0.394287 0.047119
vt 0.281494 0.045908
vt 0.283083 0.045908
vt 0.283083 0.047119
vt 0.281494 0.047119
vt 0.397705 0.045908
vt 0.399294 0.045908
vt 0.399294 0.047119
vt 0.397705 0.047119
vt 0.286501 0.047119
vt 0.284912 0.047119
vt 0.284912 0.045908
vt 0.286501 0.045908
vt 0.289919 0.047119
vt 0.28833 0.047119
vt 0.28833 0.045908
vt 0.289919 0.045908
vt 0.123291 0.053555
vt 0.124086 0.052179
vt 0.125675 0.052179
vt 0.124086 0.054932
vt 0.123291 0.053555
vt 0.125675 0.052179
vt 0.125675 0.054932
vt 0.124086 0.054932
vt 0.125675 0.052179
vt 0.125675 0.052179
vt 0.12647 0.053555
vt 0.125675 0.054932
vt 0.130558 0.054932
vt 0.128969 0.054932
vt 0.128174 0.053555
vt 0.130558 0.054932
vt 0.128174 0.053555
vt 0.128969 0.052179
vt 0.130558 0.054932
vt 0.128969 0.052179
vt 0.130558 0.052179
vt 0.130558 0.052179
vt 0.131353 0.053555
vt 0.130558 0.054932
vn 0.5 0 -0.866025
vn -0.5 0 -0.866025
vn -1 0 0
vn -0.5 0 0.866025
vn 0.5 0 0.866025
vn 1 0 0
vn 0 -1 0
vn 0 1 0
f 3274/10321/1082 3275/10322/1082 3281/10323/1082 3280/10324/1082
f 3275/10325/1083 3276/10326/1083 3282/10327/1083 3281/10328/1083
f 3276/10329/1084 3277/10330/1084 3283/10331/1084 3282/10332/1084
f 3277/10333/1085 3278/10334/1085 3284/10335/1085 3283/10336/1085
f 3278/10337/1086 3279/10338/1086 3285/10339/1086 3284/10340/1086
f 3279/10341/1087 3274/10342/1087 3280/10343/1087 3285/10344/1087
f 3287/10345/1088 3286/10346/1088 3291/10347/1088
f 3288/10348/1088 3287/10349/1088 3291/10350/1088
f 3289/10351/1088 3288/10352/1088 3291/10353/1088
f 3291/10354/1088 3290/10355/1088 3289/10356/1088
f 3297/10357/1089 3292/10358/1089 3293/10359/1089
f 3297/10360/1089 3293/10361/1089 3294/10362/1089
f 3297/10363/1089 3294/10364/1089 3295/10365/1089
f 3295/10366/1089 3296/10367/1089 3297/10368/1089
f 3298/10369/1082 3299/10370/1082 3305/10371/1082 3304/10372/1082
f 3299/10373/1083 3300/10374/1083 3306/10375/1083 3305/10376/1083
f 3300/10377/1084 3301/10378/1084 3307/10379/1084 3306/10380/1084
f 3301/10381/1085 3302/10382/1085 3308/10383/1085 3307/10384/1085
f 3302/10385/1086 3303/10386/1086 3309/10387/1086 3308/10388/1086
f 3303/10389/1087 3298/10390/1087 3304/10391/1087 3309/10392/1087
f 3311/10393/1088 3310/10394/1088 3315/10395/1088
f 3312/10396/1088 3311/10397/1088 3315/10398/1088
f 3313/10399/1088 3312/10400/1088 3315/10401/1088
f 3315/10402/1088 3314/10403/1088 3313/10404/1088
f 3321/10405/1089 3316/10406/1089 3317/10407/1089
f 3321/10408/1089 3317/10409/1089 3318/10410/1089
f 3321/10411/1089 3318/10412/1089 3319/10413/1089
f 3319/10414/1089 3320/10415/1089 3321/10416/1089
f 3322/10417/1082 3323/10418/1082 3329/10419/1082 3328/10420/1082
f 3323/10421/1083 3324/10422/1083 3330/10423/1083 3329/10424/1083
f 3324/10425/1084 3325/10426/1084 3331/10427/1084 3330/10428/1084
f 3325/10429/1085 3326/10430/1085 3332/10431/1085 3331/10432/1085
f 3326/10433/1086 3327/10434/1086 3333/10435/1086 3332/10436/1086
f 3327/10437/1087 3322/10438/1087 3328/10439/1087 3333/10440/1087
f 3335/10441/1088 3334/10442/1088 3339/10443/1088
f 3336/10444/1088 3335/10445/1088 3339/10446/1088
f 3337/10447/1088 3336/10448/1088 3339/10449/1088
f 3339/10450/1088 3338/10451/1088 3337/10452/1088
f 3345/10453/1089 3340/10454/1089 3341/10455/1089
f 3345/10456/1089 3341/10457/1089 3342/10458/1089
f 3345/10459/1089 3342/10460/1089 3343/10461/1089
f 3343/10462/1089 3344/10463/1089 3345/10464/1089
f 3346/10465/1082 3347/10466/1082 3353/10467/1082 3352/10468/1082
f 3347/10469/1083 3348/10470/1083 3354/10471/1083 3353/10472/1083
f 3348/10473/1084 3349/10474/1084 3355/10475/1084 3354/10476/1084
f 3349/10477/1085 3350/10478/1085 3356/10479/1085 3355/10480/1085
f 3350/10481/1086 3351/10482/1086 3357/10483/1086 3356/10484/1086
f 3351/10485/1087 3346/10486/1087 3352/10487/1087 3357/10488/1087
f 3359/10489/1088 3358/10490/1088 3363/10491/1088
f 3360/10492/1088 3359/10493/1088 3363/10494/1088
f 3361/10495/1088 3360/10496/1088 3363/10497/1088
f 3363/10498/1088 3362/10499/1088 3361/10500/1088
f 3369/10501/1089 3364/10502/1089 3365/10503/1089
f 3369/10504/1089 3365/10505/1089 3366/10506/1089
f 3369/10507/1089 3366/10508/1089 3367/10509/1089
f 3367/10510/1089 3368/10511/1089 3369/10512/1089
o label_gasoline_label
usemtl underground_fuel_tank
v 1.670419 -1.041818 -1.425
v 1.697259 -0.897005 -1.425
v 1.697259 -0.897005 -1.0125
v 1.670419 -1.041818 -1.0125
v 1.649194 -1.036526 -1.425
v 1.675547 -0.894339 -1.425
v 1.697259 -0.897005 -1.425
v 1.670419 -1.041818 -1.425
v 1.649194 -1.036526 -1.0125
v 1.675547 -0.894339 -1.0125
v 1.697259 -0.897005 -1.0125
v 1.670419 -1.041818 -1.0125
v 1.697259 -0.897005 -1.425
v 1.70625 -0.75 -1.425
v 1.70625 -0.75 -1.0125
v 1.697259 -0.897005 -1.0125
v 1.675547 -0.894339 -1.425
v 1.684375 -0.75 -1.425
v 1.70625 -0.75 -1.425
v 1.697259 -0.897005 -1.425
v 1.675547 -0.894339 -1.0125
v 1.684375 -0.75 -1.0125
v 1.70625 -0.75 -1.0125
v 1.697259 -0.897005 -1.0125
v 1.70625 -0.75 -1.425
v 1.697259 -0.602995 -1.425
v 1.697259 -0.602995 -1.0125
v 1.70625 -0.75 -1.0125
v 1.684375 -0.75 -1.425
v 1.675547 -0.605661 -1.425
v 1.697259 -0.602995 -1.425
v 1.70625 -0.75 -1.425
v 1.684375 -0.75 -1.0125
v 1.675547 -0.605661 -1.0125
v 1.697259 -0.602995 -1.0125
v 1.70625 -0.75 -1.0125
v 1.697259 -0.602995 -1.425
v 1.670419 -0.458182 -1.425
v 1.670419 -0.458182 -1.0125
v 1.697259 -0.602995 -1.0125
v 1.675547 -0.605661 -1.425
v 1.649194 -0.463474 -1.425
v 1.670419 -0.458182 -1.425
v 1.697259 -0.602995 -1.425
v 1.675547 -0.605661 -1.0125
v 1.649194 -0.463474 -1.0125
v 1.670419 -0.458182 -1.0125
v 1.697259 -0.602995 -1.0125
v 1.649194 -1.036526 -1.425
v 1.670419 -1.041818 -1.425
v 1.670419 -1.041818 -1.0125
v 1.649194 -1.036526 -1.0125
v 1.649194 -0.463474 -1.425
v 1.670419 -0.458182 -1.425
v 1.670419 -0.458182 -1.0125
v 1.649194 -0.463474 -1.0125
v 1.670419 -1.041818 2.0125
v 1.697259 -0.897005 2.0125
v 1.697259 -0.897005 2.425
v 1.670419 -1.041818 2.425
v 1.649194 -1.036526 2.0125
v 1.675547 -0.894339 2.0125
v 1.697259 -0.897005 2.0125
v 1.670419 -1.041818 2.0125
v 1.649194 -1.036526 2.425
v 1.675547 -0.894339 2.425
v 1.697259 -0.897005 2.425
v 1.670419 -1.041818 2.425
v 1.697259 -0.897005 2.0125
v 1.70625 -0.75 2.0125
v 1.70625 -0.75 2.425
v 1.697259 -0.897005 2.425
v 1.675547 -0.894339 2.0125
v 1.684375 -0.75 2.0125
v 1.70625 -0.75 2.0125
v 1.697259 -0.897005 2.0125
v 1.675547 -0.894339 2.425
v 1.684375 -0.75 2.425
v 1.70625 -0.75 2.425
v 1.697259 -0.897005 2.425
v 1.70625 -0.75 2.0125
v 1.697259 -0.602995 2.0125
v 1.697259 -0.602995 2.425
v 1.70625 -0.75 2.425
v 1.684375 -0.75 2.0125
v 1.675547 -0.605661 2.0125
v 1.697259 -0.602995 2.0125
v 1.70625 -0.75 2.0125
v 1.684375 -0.75 2.425
v 1.675547 -0.605661 2.425
v 1.697259 -0.602995 2.425
v 1.70625 -0.75 2.425
v 1.697259 -0.602995 2.0125
v 1.670419 -0.458182 2.0125
v 1.670419 -0.458182 2.425
v 1.697259 -0.602995 2.425
v 1.675547 -0.605661 2.0125
v 1.649194 -0.463474 2.0125
v 1.670419 -0.458182 2.0125
v 1.697259 -0.602995 2.0125
v 1.675547 -0.605661 2.425
v 1.649194 -0.463474 2.425
v 1.670419 -0.458182 2.425
v 1.697259 -0.602995 2.425
v 1.649194 -1.036526 2.0125
v 1.670419 -1.041818 2.0125
v 1.670419 -1.041818 2.425
v 1.649194 -1.036526 2.425
v 1.649194 -0.463474 2.0125
v 1.670419 -0.458182 2.0125
v 1.670419 -0.458182 2.425
v 1.649194 -0.463474 2.425
v -0.670419 -0.458182 -1.425
v -0.697259 -0.602995 -1.425
v -0.697259 -0.602995 -1.0125
v -0.670419 -0.458182 -1.0125
v -0.649194 -0.463474 -1.425
v -0.675547 -0.605661 -1.425
v -0.697259 -0.602995 -1.425
v -0.670419 -0.458182 -1.425
v -0.649194 -0.463474 -1.0125
v -0.675547 -0.605661 -1.0125
v -0.697259 -0.602995 -1.0125
v -0.670419 -0.458182 -1.0125
v -0.697259 -0.602995 -1.425
v -0.70625 -0.75 -1.425
v -0.70625 -0.75 -1.0125
v -0.697259 -0.602995 -1.0125
v -0.675547 -0.605661 -1.425
v -0.684375 -0.75 -1.425
v -0.70625 -0.75 -1.425
v -0.697259 -0.602995 -1.425
v -0.675547 -0.605661 -1.0125
v -0.684375 -0.75 -1.0125
v -0.70625 -0.75 -1.0125
v -0.697259 -0.602995 -1.0125
v -0.70625 -0.75 -1.425
v -0.697259 -0.897005 -1.425
v -0.697259 -0.897005 -1.0125
v -0.70625 -0.75 -1.0125
v -0.684375 -0.75 -1.425
v -0.675547 -0.894339 -1.425
v -0.697259 -0.897005 -1.425
v -0.70625 -0.75 -1.425
v -0.684375 -0.75 -1.0125
v -0.675547 -0.894339 -1.0125
v -0.697259 -0.897005 -1.0125
v -0.70625 -0.75 -1.0125
v -0.697259 -0.897005 -1.425
v -0.670419 -1.041818 -1.425
v -0.670419 -1.041818 -1.0125
v -0.697259 -0.897005 -1.0125
v -0.675547 -0.894339 -1.425
v -0.649194 -1.036526 -1.425
v -0.670419 -1.041818 -1.425
v -0.697259 -0.897005 -1.425
v -0.675547 -0.894339 -1.0125
v -0.649194 -1.036526 -1.0125
v -0.670419 -1.041818 -1.0125
v -0.697259 -0.897005 -1.0125
v -0.649194 -0.463474 -1.425
v -0.670419 -0.458182 -1.425
v -0.670419 -0.458182 -1.0125
v -0.649194 -0.463474 -1.0125
v -0.649194 -1.036526 -1.425
v -0.670419 -1.041818 -1.425
v -0.670419 -1.041818 -1.0125
v -0.649194 -1.036526 -1.0125
v -0.670419 -0.458182 2.0125
v -0.697259 -0.602995 2.0125
v -0.697259 -0.602995 2.425
v -0.670419 -0.458182 2.425
v -0.649194 -0.463474 2.0125
v -0.675547 -0.605661 2.0125
v -0.697259 -0.602995 2.0125
v -0.670419 -0.458182 2.0125
v -0.649194 -0.463474 2.425
v -0.675547 -0.605661 2.425
v -0.697259 -0.602995 2.425
v -0.670419 -0.458182 2.425
v -0.697259 -0.602995 2.0125
v -0.70625 -0.75 2.0125
v -0.70625 -0.75 2.425
v -0.697259 -0.602995 2.425
v -0.675547 -0.605661 2.0125
v -0.684375 -0.75 2.0125
v -0.70625 -0.75 2.0125
v -0.697259 -0.602995 2.0125
v -0.675547 -0.605661 2.425
v -0.684375 -0.75 2.425
v -0.70625 -0.75 2.425
v -0.697259 -0.602995 2.425
v -0.70625 -0.75 2.0125
v -0.697259 -0.897005 2.0125
v -0.697259 -0.897005 2.425
v -0.70625 -0.75 2.425
v -0.684375 -0.75 2.0125
v -0.675547 -0.894339 2.0125
v -0.697259 -0.897005 2.0125
v -0.70625 -0.75 2.0125
v -0.684375 -0.75 2.425
v -0.675547 -0.894339 2.425
v -0.697259 -0.897005 2.425
v -0.70625 -0.75 2.425
v -0.697259 -0.897005 2.0125
v -0.670419 -1.041818 2.0125
v -0.670419 -1.041818 2.425
v -0.697259 -0.897005 2.425
v -0.675547 -0.894339 2.0125
v -0.649194 -1.036526 2.0125
v -0.670419 -1.041818 2.0125
v -0.697259 -0.897005 2.0125
v -0.675547 -0.894339 2.425
v -0.649194 -1.036526 2.425
v -0.670419 -1.041818 2.425
v -0.697259 -0.897005 2.425
v -0.649194 -0.463474 2.0125
v -0.670419 -0.458182 2.0125
v -0.670419 -0.458182 2.425
v -0.649194 -0.463474 2.425
v -0.649194 -1.036526 2.0125
v -0.670419 -1.041818 2.0125
v -0.670419 -1.041818 2.425
v -0.649194 -1.036526 2.425
vt 0.216064 0.194092
vt 0.216064 0.185174
vt 0.24104 0.185174
vt 0.24104 0.194092
vt 0.875076 0.057393
vt 0.883685 0.058988
vt 0.883524 0.060303
vt 0.874756 0.058678
vt 0.885498 0.059018
vt 0.894266 0.057393
vt 0.894427 0.058707
vt 0.885818 0.060303
vt 0.001221 0.194092
vt 0.001221 0.185174
vt 0.026196 0.185174
vt 0.026196 0.194092
vt 0.471109 0.053073
vt 0.479848 0.053607
vt 0.479848 0.054932
vt 0.470947 0.054387
vt 0.481689 0.053617
vt 0.49059 0.053073
vt 0.49059 0.054397
vt 0.481851 0.054932
vt 0.655518 0.209229
vt 0.655518 0.200311
vt 0.680493 0.200311
vt 0.680493 0.209229
vt 0.492432 0.053607
vt 0.501171 0.053073
vt 0.501332 0.054387
vt 0.492432 0.054932
vt 0.503174 0.053073
vt 0.512075 0.053617
vt 0.511913 0.054932
vt 0.503174 0.054397
vt 0.24292 0.194092
vt 0.24292 0.185174
vt 0.267896 0.185174
vt 0.267896 0.194092
vt 0.788818 0.058988
vt 0.797427 0.057393
vt 0.797748 0.058678
vt 0.78898 0.060303
vt 0.799722 0.057393
vt 0.80849 0.059018
vt 0.80817 0.060303
vt 0.799561 0.058707
vt 0.559326 0.050537
vt 0.559326 0.049213
vt 0.584302 0.049213
vt 0.584302 0.050537
vt 0.611157 0.049213
vt 0.611157 0.050537
vt 0.586182 0.050537
vt 0.586182 0.049213
vt 0.269775 0.194092
vt 0.269775 0.185174
vt 0.294751 0.185174
vt 0.294751 0.194092
vt 0.896561 0.057393
vt 0.90517 0.058988
vt 0.905008 0.060303
vt 0.89624 0.058678
vt 0.906982 0.059018
vt 0.91575 0.057393
vt 0.915912 0.058707
vt 0.907303 0.060303
vt 0.028076 0.194092
vt 0.028076 0.185174
vt 0.053052 0.185174
vt 0.053052 0.194092
vt 0.514077 0.053073
vt 0.522817 0.053607
vt 0.522817 0.054932
vt 0.513916 0.054387
vt 0.524658 0.053617
vt 0.533559 0.053073
vt 0.533559 0.054397
vt 0.52482 0.054932
vt 0.682373 0.209229
vt 0.682373 0.200311
vt 0.707349 0.200311
vt 0.707349 0.209229
vt 0.5354 0.053607
vt 0.54414 0.053073
vt 0.544301 0.054387
vt 0.5354 0.054932
vt 0.546143 0.053073
vt 0.555043 0.053617
vt 0.554882 0.054932
vt 0.546143 0.054397
vt 0.296631 0.194092
vt 0.296631 0.185174
vt 0.321606 0.185174
vt 0.321606 0.194092
vt 0.810303 0.058988
vt 0.818912 0.057393
vt 0.819232 0.058678
vt 0.810464 0.060303
vt 0.821206 0.057393
vt 0.829974 0.059018
vt 0.829654 0.060303
vt 0.821045 0.058707
vt 0.613037 0.050537
vt 0.613037 0.049213
vt 0.638013 0.049213
vt 0.638013 0.050537
vt 0.664868 0.049213
vt 0.664868 0.050537
vt 0.639893 0.050537
vt 0.639893 0.049213
vt 0.323486 0.194092
vt 0.323486 0.185174
vt 0.348462 0.185174
vt 0.348462 0.194092
vt 0.969302 0.060303
vt 0.960693 0.058707
vt 0.960855 0.057393
vt 0.969623 0.059018
vt 0.980365 0.058678
vt 0.971597 0.060303
vt 0.971436 0.058988
vt 0.980045 0.057393
vt 0.054932 0.194092
vt 0.054932 0.185174
vt 0.079907 0.185174
vt 0.079907 0.194092
vt 0.737499 0.054932
vt 0.72876 0.054397
vt 0.72876 0.053073
vt 0.73766 0.053617
vt 0.748403 0.054387
vt 0.739502 0.054932
vt 0.739502 0.053607
vt 0.748241 0.053073
vt 0.709229 0.209229
vt 0.709229 0.200311
vt 0.734204 0.200311
vt 0.734204 0.209229
vt 0.565785 0.054397
vt 0.557046 0.054932
vt 0.556885 0.053617
vt 0.565785 0.053073
vt 0.576528 0.054932
vt 0.567627 0.054387
vt 0.567788 0.053073
vt 0.576528 0.053607
vt 0.736084 0.209229
vt 0.736084 0.200311
vt 0.76106 0.200311
vt 0.76106 0.209229
vt 0.71181 0.058707
vt 0.703201 0.060303
vt 0.702881 0.059018
vt 0.711649 0.057393
vt 0.722391 0.060303
vt 0.713623 0.058678
vt 0.713943 0.057393
vt 0.722552 0.058988
vt 0.666748 0.050537
vt 0.666748 0.049213
vt 0.691724 0.049213
vt 0.691724 0.050537
vt 0.718579 0.049213
vt 0.718579 0.050537
vt 0.693604 0.050537
vt 0.693604 0.049213
vt 0.350342 0.194092
vt 0.350342 0.185174
vt 0.375317 0.185174
vt 0.375317 0.194092
vt 0.990787 0.060303
vt 0.982178 0.058707
vt 0.982339 0.057393
vt 0.991107 0.059018
vt 0.01015 0.053307
vt 0.001382 0.054932
vt 0.001221 0.053617
vt 0.00983 0.052021
vt 0.081787 0.194092
vt 0.081787 0.185174
vt 0.106763 0.185174
vt 0.106763 0.194092
vt 0.758983 0.054932
vt 0.750244 0.054397
vt 0.750244 0.053073
vt 0.759145 0.053617
vt 0.769887 0.054387
vt 0.760986 0.054932
vt 0.760986 0.053607
vt 0.769726 0.053073
vt 0.762939 0.209229
vt 0.762939 0.200311
vt 0.787915 0.200311
vt 0.787915 0.209229
vt 0.58727 0.054397
vt 0.578531 0.054932
vt 0.578369 0.053617
vt 0.58727 0.053073
vt 0.598012 0.054932
vt 0.589111 0.054387
vt 0.589273 0.053073
vt 0.598012 0.053607
vt 0.789795 0.209229
vt 0.789795 0.200311
vt 0.814771 0.200311
vt 0.814771 0.209229
vt 0.733295 0.058707
vt 0.724686 0.060303
vt 0.724365 0.059018
vt 0.733133 0.057393
vt 0.743875 0.060303
vt 0.735107 0.058678
vt 0.735428 0.057393
vt 0.744037 0.058988
vt 0.720459 0.050537
vt 0.720459 0.049213
vt 0.745435 0.049213
vt 0.745435 0.050537
vt 0.77229 0.049213
vt 0.77229 0.050537
vt 0.747314 0.050537
vt 0.747314 0.049213
vn 0.983255 -0.182236 0
vn 0 0 -1
vn 0 0 1
vn 0.998135 -0.061049 0
vn 0.998135 0.061049 0
vn 0.983255 0.182236 0
vn -0.241922 -0.970296 0
vn -0.241922 0.970296 0
vn -0.983255 0.182236 0
vn -0.998135 0.061049 0
vn -0.998135 -0.061049 0
vn -0.983255 -0.182236 0
vn 0.241922 0.970296 0
vn 0.241922 -0.970296 0
f 3370/10513/1090 3371/10514/1090 3372/10515/1090 3373/10516/1090
f 3374/10517/1091 3375/10518/1091 3376/10519/1091 3377/10520/1091
f 3381/10521/1092 3380/10522/1092 3379/10523/1092 3378/10524/1092
f 3382/10525/1093 3383/10526/1093 3384/10527/1093 3385/10528/1093
f 3386/10529/1091 3387/10530/1091 3388/10531/1091 3389/10532/1091
f 3393/10533/1092 3392/10534/1092 3391/10535/1092 3390/10536/1092
f 3394/10537/1094 3395/10538/1094 3396/10539/1094 3397/10540/1094
f 3398/10541/1091 3399/10542/1091 3400/10543/1091 3401/10544/1091
f 3405/10545/1092 3404/10546/1092 3403/10547/1092 3402/10548/1092
f 3406/10549/1095 3407/10550/1095 3408/10551/1095 3409/10552/1095
f 3410/10553/1091 3411/10554/1091 3412/10555/1091 3413/10556/1091
f 3417/10557/1092 3416/10558/1092 3415/10559/1092 3414/10560/1092
f 3418/10561/1096 3419/10562/1096 3420/10563/1096 3421/10564/1096
f 3425/10565/1097 3424/10566/1097 3423/10567/1097 3422/10568/1097
f 3426/10569/1090 3427/10570/1090 3428/10571/1090 3429/10572/1090
f 3430/10573/1091 3431/10574/1091 3432/10575/1091 3433/10576/1091
f 3437/10577/1092 3436/10578/1092 3435/10579/1092 3434/10580/1092
f 3438/10581/1093 3439/10582/1093 3440/10583/1093 3441/10584/1093
f 3442/10585/1091 3443/10586/1091 3444/10587/1091 3445/10588/1091
f 3449/10589/1092 3448/10590/1092 3447/10591/1092 3446/10592/1092
f 3450/10593/1094 3451/10594/1094 3452/10595/1094 3453/10596/1094
f 3454/10597/1091 3455/10598/1091 3456/10599/1091 3457/10600/1091
f 3461/10601/1092 3460/10602/1092 3459/10603/1092 3458/10604/1092
f 3462/10605/1095 3463/10606/1095 3464/10607/1095 3465/10608/1095
f 3466/10609/1091 3467/10610/1091 3468/10611/1091 3469/10612/1091
f 3473/10613/1092 3472/10614/1092 3471/10615/1092 3470/10616/1092
f 3474/10617/1096 3475/10618/1096 3476/10619/1096 3477/10620/1096
f 3481/10621/1097 3480/10622/1097 3479/10623/1097 3478/10624/1097
f 3482/10625/1098 3483/10626/1098 3484/10627/1098 3485/10628/1098
f 3486/10629/1091 3487/10630/1091 3488/10631/1091 3489/10632/1091
f 3493/10633/1092 3492/10634/1092 3491/10635/1092 3490/10636/1092
f 3494/10637/1099 3495/10638/1099 3496/10639/1099 3497/10640/1099
f 3498/10641/1091 3499/10642/1091 3500/10643/1091 3501/10644/1091
f 3505/10645/1092 3504/10646/1092 3503/10647/1092 3502/10648/1092
f 3506/10649/1100 3507/10650/1100 3508/10651/1100 3509/10652/1100
f 3510/10653/1091 3511/10654/1091 3512/10655/1091 3513/10656/1091
f 3517/10657/1092 3516/10658/1092 3515/10659/1092 3514/10660/1092
f 3518/10661/1101 3519/10662/1101 3520/10663/1101 3521/10664/1101
f 3522/10665/1091 3523/10666/1091 3524/10667/1091 3525/10668/1091
f 3529/10669/1092 3528/10670/1092 3527/10671/1092 3526/10672/1092
f 3530/10673/1102 3531/10674/1102 3532/10675/1102 3533/10676/1102
f 3537/10677/1103 3536/10678/1103 3535/10679/1103 3534/10680/1103
f 3538/10681/1098 3539/10682/1098 3540/10683/1098 3541/10684/1098
f 3542/10685/1091 3543/10686/1091 3544/10687/1091 3545/10688/1091
f 3549/10689/1092 3548/10690/1092 3547/10691/1092 3546/10692/1092
f 3550/10693/1099 3551/10694/1099 3552/10695/1099 3553/10696/1099
f 3554/10697/1091 3555/10698/1091 3556/10699/1091 3557/10700/1091
f 3561/10701/1092 3560/10702/1092 3559/10703/1092 3558/10704/1092
f 3562/10705/1100 3563/10706/1100 3564/10707/1100 3565/10708/1100
f 3566/10709/1091 3567/10710/1091 3568/10711/1091 3569/10712/1091
f 3573/10713/1092 3572/10714/1092 3571/10715/1092 3570/10716/1092
f 3574/10717/1101 3575/10718/1101 3576/10719/1101 3577/10720/1101
f 3578/10721/1091 3579/10722/1091 3580/10723/1091 3581/10724/1091
f 3585/10725/1092 3584/10726/1092 3583/10727/1092 3582/10728/1092
f 3586/10729/1102 3587/10730/1102 3588/10731/1102 3589/10732/1102
f 3593/10733/1103 3592/10734/1103 3591/10735/1103 3590/10736/1103
o label_gasoline_fill_band
usemtl underground_fuel_tank
v 0.659378 0.725 3.531702
v 0.635114 0.725 3.59028
v 0.59028 0.725 3.635114
v 0.531702 0.725 3.659378
v 0.468298 0.725 3.659378
v 0.40972 0.725 3.635114
v 0.364886 0.725 3.59028
v 0.340622 0.725 3.531702
v 0.340622 0.725 3.468298
v 0.364886 0.725 3.40972
v 0.40972 0.725 3.364886
v 0.468298 0.725 3.340622
v 0.531702 0.725 3.340622
v 0.59028 0.725 3.364886
v 0.635114 0.725 3.40972
v 0.659378 0.725 3.468298
v 0.674702 0.725 3.53475
v 0.648106 0.725 3.598961
v 0.598961 0.725 3.648106
v 0.53475 0.725 3.674702
v 0.46525 0.725 3.674702
v 0.401039 0.725 3.648106
v 0.351894 0.725 3.598961
v 0.325298 0.725 3.53475
v 0.325298 0.725 3.46525
v 0.351894 0.725 3.401039
v 0.401039 0.725 3.351894
v 0.46525 0.725 3.325298
v 0.53475 0.725 3.325298
v 0.598961 0.725 3.351894
v 0.648106 0.725 3.401039
v 0.674702 0.725 3.46525
v 0.674702 0.825 3.53475
v 0.648106 0.825 3.598961
v 0.598961 0.825 3.648106
v 0.53475 0.825 3.674702
v 0.46525 0.825 3.674702
v 0.401039 0.825 3.648106
v 0.351894 0.825 3.598961
v 0.325298 0.825 3.53475
v 0.325298 0.825 3.46525
v 0.351894 0.825 3.401039
v 0.401039 0.825 3.351894
v 0.46525 0.825 3.325298
v 0.53475 0.825 3.325298
v 0.598961 0.825 3.351894
v 0.648106 0.825 3.401039
v 0.674702 0.825 3.46525
v 0.659378 0.825 3.531702
v 0.635114 0.825 3.59028
v 0.59028 0.825 3.635114
v 0.531702 0.825 3.659378
v 0.468298 0.825 3.659378
v 0.40972 0.825 3.635114
v 0.364886 0.825 3.59028
v 0.340622 0.825 3.531702
v 0.340622 0.825 3.468298
v 0.364886 0.825 3.40972
v 0.40972 0.825 3.364886
v 0.468298 0.825 3.340622
v 0.531702 0.825 3.340622
v 0.59028 0.825 3.364886
v 0.635114 0.825 3.40972
v 0.659378 0.825 3.468298
vt 0.892493 0.242747
vt 0.890883 0.246635
vt 0.890096 0.246109
vt 0.891565 0.242562
vt 0.890883 0.246635
vt 0.887907 0.24961
vt 0.887382 0.248824
vt 0.890096 0.246109
vt 0.887907 0.24961
vt 0.88402 0.251221
vt 0.883835 0.250293
vt 0.887382 0.248824
vt 0.88402 0.251221
vt 0.879812 0.251221
vt 0.879996 0.250293
vt 0.883835 0.250293
vt 0.879812 0.251221
vt 0.875924 0.24961
vt 0.876449 0.248824
vt 0.879996 0.250293
vt 0.875924 0.24961
vt 0.872948 0.246635
vt 0.873735 0.246109
vt 0.876449 0.248824
vt 0.872948 0.246635
vt 0.871338 0.242747
vt 0.872266 0.242562
vt 0.873735 0.246109
vt 0.871338 0.242747
vt 0.871338 0.238539
vt 0.872266 0.238724
vt 0.872266 0.242562
vt 0.871338 0.238539
vt 0.872948 0.234651
vt 0.873735 0.235177
vt 0.872266 0.238724
vt 0.872948 0.234651
vt 0.875924 0.231676
vt 0.876449 0.232462
vt 0.873735 0.235177
vt 0.875924 0.231676
vt 0.879812 0.230065
vt 0.879996 0.230993
vt 0.876449 0.232462
vt 0.879812 0.230065
vt 0.88402 0.230065
vt 0.883835 0.230993
vt 0.879996 0.230993
vt 0.88402 0.230065
vt 0.887907 0.231676
vt 0.887382 0.232462
vt 0.883835 0.230993
vt 0.887907 0.231676
vt 0.890883 0.234651
vt 0.890096 0.235177
vt 0.887382 0.232462
vt 0.890883 0.234651
vt 0.892493 0.238539
vt 0.891565 0.238724
vt 0.890096 0.235177
vt 0.892493 0.238539
vt 0.892493 0.242747
vt 0.891565 0.242562
vt 0.891565 0.238724
vt 0.816357 0.110294
vt 0.816357 0.114502
vt 0.810303 0.114502
vt 0.810303 0.110294
vt 0.988232 0.110294
vt 0.988232 0.114502
vt 0.982178 0.114502
vt 0.982178 0.110294
vt 0.996045 0.110294
vt 0.996045 0.114502
vt 0.98999 0.114502
vt 0.98999 0.110294
vt 0.956982 0.110294
vt 0.956982 0.114502
vt 0.950928 0.114502
vt 0.950928 0.110294
vt 0.966553 0.114502
vt 0.966553 0.110294
vt 0.972607 0.110294
vt 0.972607 0.114502
vt 0.857178 0.114502
vt 0.857178 0.110294
vt 0.863232 0.110294
vt 0.863232 0.114502
vt 0.86499 0.114502
vt 0.86499 0.110294
vt 0.871045 0.110294
vt 0.871045 0.114502
vt 0.872803 0.114502
vt 0.872803 0.110294
vt 0.878857 0.110294
vt 0.878857 0.114502
vt 0.818115 0.114502
vt 0.818115 0.110294
vt 0.82417 0.110294
vt 0.82417 0.114502
vt 0.001221 0.107178
vt 0.001221 0.10297
vt 0.007275 0.10297
vt 0.007275 0.107178
vt 0.009033 0.107178
vt 0.009033 0.10297
vt 0.015088 0.10297
vt 0.015088 0.107178
vt 0.941357 0.110294
vt 0.941357 0.114502
vt 0.935303 0.114502
vt 0.935303 0.110294
vt 0.0229 0.10297
vt 0.0229 0.107178
vt 0.016846 0.107178
vt 0.016846 0.10297
vt 0.88667 0.110294
vt 0.88667 0.114502
vt 0.880615 0.114502
vt 0.880615 0.110294
vt 0.831982 0.110294
vt 0.831982 0.114502
vt 0.825928 0.114502
vt 0.825928 0.110294
vt 0.894482 0.110294
vt 0.894482 0.114502
vt 0.888428 0.114502
vt 0.888428 0.110294
vt 0.895215 0.242562
vt 0.896684 0.246109
vt 0.895897 0.246635
vt 0.894287 0.242747
vt 0.896684 0.246109
vt 0.899399 0.248824
vt 0.898873 0.24961
vt 0.895897 0.246635
vt 0.899399 0.248824
vt 0.902945 0.250293
vt 0.902761 0.251221
vt 0.898873 0.24961
vt 0.902945 0.250293
vt 0.906784 0.250293
vt 0.906969 0.251221
vt 0.902761 0.251221
vt 0.906784 0.250293
vt 0.910331 0.248824
vt 0.910857 0.24961
vt 0.906969 0.251221
vt 0.910331 0.248824
vt 0.913046 0.246109
vt 0.913832 0.246635
vt 0.910857 0.24961
vt 0.913046 0.246109
vt 0.914515 0.242562
vt 0.915442 0.242747
vt 0.913832 0.246635
vt 0.914515 0.242562
vt 0.914515 0.238724
vt 0.915442 0.238539
vt 0.915442 0.242747
vt 0.914515 0.238724
vt 0.913046 0.235177
vt 0.913832 0.234651
vt 0.915442 0.238539
vt 0.913046 0.235177
vt 0.910331 0.232462
vt 0.910857 0.231676
vt 0.913832 0.234651
vt 0.910331 0.232462
vt 0.906784 0.230993
vt 0.906969 0.230065
vt 0.910857 0.231676
vt 0.906784 0.230993
vt 0.902945 0.230993
vt 0.902761 0.230065
vt 0.906969 0.230065
vt 0.902945 0.230993
vt 0.899399 0.232462
vt 0.898873 0.231676
vt 0.902761 0.230065
vt 0.899399 0.232462
vt 0.896684 0.235177
vt 0.895897 0.234651
vt 0.898873 0.231676
vt 0.896684 0.235177
vt 0.895215 0.238724
vt 0.894287 0.238539
vt 0.895897 0.234651
vt 0.895215 0.238724
vt 0.895215 0.242562
vt 0.894287 0.242747
vt 0.894287 0.238539
vn 0 -1 0
vn 0.980785 0 0.19509
vn 0.83147 0 0.55557
vn 0.55557 0 0.83147
vn 0.19509 0 0.980785
vn -0.19509 0 0.980785
vn -0.55557 0 0.83147
vn -0.83147 0 0.55557
vn -0.980785 0 0.19509
vn -0.980785 0 -0.19509
vn -0.83147 0 -0.55557
vn -0.55557 0 -0.83147
vn -0.19509 0 -0.980785
vn 0.19509 0 -0.980785
vn 0.55557 0 -0.83147
vn 0.83147 0 -0.55557
vn 0.980785 0 -0.19509
vn 0 1 0
f 3610/10737/1104 3611/10738/1104 3595/10739/1104 3594/10740/1104
f 3611/10741/1104 3612/10742/1104 3596/10743/1104 3595/10744/1104
f 3612/10745/1104 3613/10746/1104 3597/10747/1104 3596/10748/1104
f 3613/10749/1104 3614/10750/1104 3598/10751/1104 3597/10752/1104
f 3614/10753/1104 3615/10754/1104 3599/10755/1104 3598/10756/1104
f 3615/10757/1104 3616/10758/1104 3600/10759/1104 3599/10760/1104
f 3616/10761/1104 3617/10762/1104 3601/10763/1104 3600/10764/1104
f 3617/10765/1104 3618/10766/1104 3602/10767/1104 3601/10768/1104
f 3618/10769/1104 3619/10770/1104 3603/10771/1104 3602/10772/1104
f 3619/10773/1104 3620/10774/1104 3604/10775/1104 3603/10776/1104
f 3620/10777/1104 3621/10778/1104 3605/10779/1104 3604/10780/1104
f 3621/10781/1104 3622/10782/1104 3606/10783/1104 3605/10784/1104
f 3622/10785/1104 3623/10786/1104 3607/10787/1104 3606/10788/1104
f 3623/10789/1104 3624/10790/1104 3608/10791/1104 3607/10792/1104
f 3624/10793/1104 3625/10794/1104 3609/10795/1104 3608/10796/1104
f 3625/10797/1104 3610/10798/1104 3594/10799/1104 3609/10800/1104
f 3626/10801/1105 3627/10802/1106 3611/10803/1106 3610/10804/1105
f 3627/10805/1106 3628/10806/1107 3612/10807/1107 3611/10808/1106
f 3628/10809/1107 3629/10810/1108 3613/10811/1108 3612/10812/1107
f 3629/10813/1108 3630/10814/1109 3614/10815/1109 3613/10816/1108
f 3630/10817/1109 3631/10818/1110 3615/10819/1110 3614/10820/1109
f 3631/10821/1110 3632/10822/1111 3616/10823/1111 3615/10824/1110
f 3632/10825/1111 3633/10826/1112 3617/10827/1112 3616/10828/1111
f 3633/10829/1112 3634/10830/1113 3618/10831/1113 3617/10832/1112
f 3634/10833/1113 3635/10834/1114 3619/10835/1114 3618/10836/1113
f 3635/10837/1114 3636/10838/1115 3620/10839/1115 3619/10840/1114
f 3636/10841/1115 3637/10842/1116 3621/10843/1116 3620/10844/1115
f 3637/10845/1116 3638/10846/1117 3622/10847/1117 3621/10848/1116
f 3638/10849/1117 3639/10850/1118 3623/10851/1118 3622/10852/1117
f 3639/10853/1118 3640/10854/1119 3624/10855/1119 3623/10856/1118
f 3640/10857/1119 3641/10858/1120 3625/10859/1120 3624/10860/1119
f 3641/10861/1120 3626/10862/1105 3610/10863/1105 3625/10864/1120
f 3642/10865/1121 3643/10866/1121 3627/10867/1121 3626/10868/1121
f 3643/10869/1121 3644/10870/1121 3628/10871/1121 3627/10872/1121
f 3644/10873/1121 3645/10874/1121 3629/10875/1121 3628/10876/1121
f 3645/10877/1121 3646/10878/1121 3630/10879/1121 3629/10880/1121
f 3646/10881/1121 3647/10882/1121 3631/10883/1121 3630/10884/1121
f 3647/10885/1121 3648/10886/1121 3632/10887/1121 3631/10888/1121
f 3648/10889/1121 3649/10890/1121 3633/10891/1121 3632/10892/1121
f 3649/10893/1121 3650/10894/1121 3634/10895/1121 3633/10896/1121
f 3650/10897/1121 3651/10898/1121 3635/10899/1121 3634/10900/1121
f 3651/10901/1121 3652/10902/1121 3636/10903/1121 3635/10904/1121
f 3652/10905/1121 3653/10906/1121 3637/10907/1121 3636/10908/1121
f 3653/10909/1121 3654/10910/1121 3638/10911/1121 3637/10912/1121
f 3654/10913/1121 3655/10914/1121 3639/10915/1121 3638/10916/1121
f 3655/10917/1121 3656/10918/1121 3640/10919/1121 3639/10920/1121
f 3656/10921/1121 3657/10922/1121 3641/10923/1121 3640/10924/1121
f 3657/10925/1121 3642/10926/1121 3626/10927/1121 3641/10928/1121
o label_gasoline_band
usemtl underground_fuel_tank
v 0.995722 0.5125 0.565263
v 0.96194 0.5125 0.691342
v 0.896677 0.5125 0.804381
v 0.804381 0.5125 0.896677
v 0.691342 0.5125 0.96194
v 0.565263 0.5125 0.995722
v 0.434737 0.5125 0.995722
v 0.308658 0.5125 0.96194
v 0.195619 0.5125 0.896677
v 0.103323 0.5125 0.804381
v 0.03806 0.5125 0.691342
v 0.004278 0.5125 0.565263
v 0.004278 0.5125 0.434737
v 0.03806 0.5125 0.308658
v 0.103323 0.5125 0.195619
v 0.195619 0.5125 0.103323
v 0.308658 0.5125 0.03806
v 0.434737 0.5125 0.004278
v 0.565263 0.5125 0.004278
v 0.691342 0.5125 0.03806
v 0.804381 0.5125 0.103323
v 0.896677 0.5125 0.195619
v 0.96194 0.5125 0.308658
v 0.995722 0.5125 0.434737
v 1.011214 0.5125 0.567303
v 0.976375 0.5125 0.697321
v 0.909073 0.5125 0.813893
v 0.813893 0.5125 0.909073
v 0.697321 0.5125 0.976375
v 0.567303 0.5125 1.011214
v 0.432697 0.5125 1.011214
v 0.302679 0.5125 0.976375
v 0.186107 0.5125 0.909073
v 0.090927 0.5125 0.813893
v 0.023625 0.5125 0.697321
v -0.011214 0.5125 0.567303
v -0.011214 0.5125 0.432697
v 0.023625 0.5125 0.302679
v 0.090927 0.5125 0.186107
v 0.186107 0.5125 0.090927
v 0.302679 0.5125 0.023625
v 0.432697 0.5125 -0.011214
v 0.567303 0.5125 -0.011214
v 0.697321 0.5125 0.023625
v 0.813893 0.5125 0.090927
v 0.909073 0.5125 0.186107
v 0.976375 0.5125 0.302679
v 1.011214 0.5125 0.432697
v 1.011214 0.575 0.567303
v 0.976375 0.575 0.697321
v 0.909073 0.575 0.813893
v 0.813893 0.575 0.909073
v 0.697321 0.575 0.976375
v 0.567303 0.575 1.011214
v 0.432697 0.575 1.011214
v 0.302679 0.575 0.976375
v 0.186107 0.575 0.909073
v 0.090927 0.575 0.813893
v 0.023625 0.575 0.697321
v -0.011214 0.575 0.567303
v -0.011214 0.575 0.432697
v 0.023625 0.575 0.302679
v 0.090927 0.575 0.186107
v 0.186107 0.575 0.090927
v 0.302679 0.575 0.023625
v 0.432697 0.575 -0.011214
v 0.567303 0.575 -0.011214
v 0.697321 0.575 0.023625
v 0.813893 0.575 0.090927
v 0.909073 0.575 0.186107
v 0.976375 0.575 0.302679
v 1.011214 0.575 0.432697
v 0.995722 0.575 0.565263
v 0.96194 0.575 0.691342
v 0.896677 0.575 0.804381
v 0.804381 0.575 0.896677
v 0.691342 0.575 0.96194
v 0.565263 0.575 0.995722
v 0.434737 0.575 0.995722
v 0.308658 0.575 0.96194
v 0.195619 0.575 0.896677
v 0.103323 0.575 0.804381
v 0.03806 0.575 0.691342
v 0.004278 0.575 0.565263
v 0.004278 0.575 0.434737
v 0.03806 0.575 0.308658
v 0.103323 0.575 0.195619
v 0.195619 0.575 0.103323
v 0.308658 0.575 0.03806
v 0.434737 0.575 0.004278
v 0.565263 0.575 0.004278
v 0.691342 0.575 0.03806
v 0.804381 0.575 0.103323
v 0.896677 0.575 0.195619
v 0.96194 0.575 0.308658
v 0.995722 0.575 0.434737
vt 0.735955 0.63414
vt 0.743827 0.636249
vt 0.743465 0.637124
vt 0.735832 0.635078
vt 0.743827 0.636249
vt 0.750885 0.640324
vt 0.750309 0.641075
vt 0.743465 0.637124
vt 0.750885 0.640324
vt 0.756648 0.646087
vt 0.755898 0.646663
vt 0.750309 0.641075
vt 0.756648 0.646087
vt 0.760723 0.653145
vt 0.759849 0.653507
vt 0.755898 0.646663
vt 0.760723 0.653145
vt 0.762833 0.661018
vt 0.761895 0.661141
vt 0.759849 0.653507
vt 0.762833 0.661018
vt 0.762833 0.669167
vt 0.761895 0.669044
vt 0.761895 0.661141
vt 0.762833 0.669167
vt 0.760723 0.67704
vt 0.759849 0.676678
vt 0.761895 0.669044
vt 0.760723 0.67704
vt 0.756648 0.684098
vt 0.755898 0.683522
vt 0.759849 0.676678
vt 0.756648 0.684098
vt 0.750885 0.689861
vt 0.750309 0.68911
vt 0.755898 0.683522
vt 0.750885 0.689861
vt 0.743827 0.693936
vt 0.743465 0.693062
vt 0.750309 0.68911
vt 0.743827 0.693936
vt 0.735955 0.696045
vt 0.735832 0.695107
vt 0.743465 0.693062
vt 0.735955 0.696045
vt 0.727805 0.696045
vt 0.727929 0.695107
vt 0.735832 0.695107
vt 0.727805 0.696045
vt 0.719933 0.693936
vt 0.720295 0.693062
vt 0.727929 0.695107
vt 0.719933 0.693936
vt 0.712875 0.689861
vt 0.713451 0.68911
vt 0.720295 0.693062
vt 0.712875 0.689861
vt 0.707112 0.684098
vt 0.707863 0.683522
vt 0.713451 0.68911
vt 0.707112 0.684098
vt 0.703037 0.67704
vt 0.703911 0.676678
vt 0.707863 0.683522
vt 0.703037 0.67704
vt 0.700928 0.669167
vt 0.701866 0.669044
vt 0.703911 0.676678
vt 0.700928 0.669167
vt 0.700928 0.661018
vt 0.701866 0.661141
vt 0.701866 0.669044
vt 0.700928 0.661018
vt 0.703037 0.653145
vt 0.703911 0.653507
vt 0.701866 0.661141
vt 0.703037 0.653145
vt 0.707112 0.646087
vt 0.707863 0.646663
vt 0.703911 0.653507
vt 0.707112 0.646087
vt 0.712875 0.640324
vt 0.713451 0.641075
vt 0.707863 0.646663
vt 0.712875 0.640324
vt 0.719933 0.636249
vt 0.720295 0.637124
vt 0.713451 0.641075
vt 0.719933 0.636249
vt 0.727805 0.63414
vt 0.727929 0.635078
vt 0.720295 0.637124
vt 0.727805 0.63414
vt 0.735955 0.63414
vt 0.735832 0.635078
vt 0.727929 0.635078
vt 0.089111 0.056519
vt 0.097261 0.056519
vt 0.097261 0.060303
vt 0.089111 0.060303
vt 0.147705 0.056519
vt 0.155855 0.056519
vt 0.155855 0.060303
vt 0.147705 0.060303
vt 0.050049 0.056519
vt 0.058199 0.056519
vt 0.058199 0.060303
vt 0.050049 0.060303
vt 0.167236 0.056519
vt 0.175386 0.056519
vt 0.175386 0.060303
vt 0.167236 0.060303
vt 0.185152 0.060303
vt 0.177002 0.060303
vt 0.177002 0.056519
vt 0.185152 0.056519
vt 0.038667 0.060303
vt 0.030518 0.060303
vt 0.030518 0.056519
vt 0.038667 0.056519
vt 0.214449 0.060303
vt 0.206299 0.060303
vt 0.206299 0.056519
vt 0.214449 0.056519
vt 0.019136 0.060303
vt 0.010986 0.060303
vt 0.010986 0.056519
vt 0.019136 0.056519
vt 0.39023 0.060303
vt 0.38208 0.060303
vt 0.38208 0.056519
vt 0.39023 0.056519
vt 0.067964 0.060303
vt 0.059814 0.060303
vt 0.059814 0.056519
vt 0.067964 0.056519
vt 0.224214 0.060303
vt 0.216064 0.060303
vt 0.216064 0.056519
vt 0.224214 0.056519
vt 0.974214 0.066162
vt 0.966064 0.066162
vt 0.966064 0.062378
vt 0.974214 0.062378
vt 0.23398 0.060303
vt 0.22583 0.060303
vt 0.22583 0.056519
vt 0.23398 0.056519
vt 0.107027 0.060303
vt 0.098877 0.060303
vt 0.098877 0.056519
vt 0.107027 0.056519
vt 0.243746 0.060303
vt 0.235596 0.060303
vt 0.235596 0.056519
vt 0.243746 0.056519
vt 0.935152 0.066162
vt 0.927002 0.066162
vt 0.927002 0.062378
vt 0.935152 0.062378
vt 0.253511 0.060303
vt 0.245361 0.060303
vt 0.245361 0.056519
vt 0.253511 0.056519
vt 0.263277 0.060303
vt 0.255127 0.060303
vt 0.255127 0.056519
vt 0.263277 0.056519
vt 0.273042 0.060303
vt 0.264893 0.060303
vt 0.264893 0.056519
vt 0.273042 0.056519
vt 0.343018 0.056519
vt 0.351167 0.056519
vt 0.351167 0.060303
vt 0.343018 0.060303
vt 0.936768 0.062378
vt 0.944917 0.062378
vt 0.944917 0.066162
vt 0.936768 0.066162
vt 0.97583 0.062378
vt 0.98398 0.062378
vt 0.98398 0.066162
vt 0.97583 0.066162
vt 0.352783 0.056519
vt 0.360933 0.056519
vt 0.360933 0.060303
vt 0.352783 0.060303
vt 0.108643 0.056519
vt 0.116792 0.056519
vt 0.116792 0.060303
vt 0.108643 0.060303
vt 0.799308 0.695107
vt 0.806942 0.693062
vt 0.807304 0.693936
vt 0.799432 0.696045
vt 0.806942 0.693062
vt 0.813786 0.68911
vt 0.814362 0.689861
vt 0.807304 0.693936
vt 0.813786 0.68911
vt 0.819374 0.683522
vt 0.820125 0.684098
vt 0.814362 0.689861
vt 0.819374 0.683522
vt 0.823326 0.676678
vt 0.8242 0.67704
vt 0.820125 0.684098
vt 0.823326 0.676678
vt 0.825371 0.669044
vt 0.826309 0.669167
vt 0.8242 0.67704
vt 0.825371 0.669044
vt 0.825371 0.661141
vt 0.826309 0.661018
vt 0.826309 0.669167
vt 0.825371 0.661141
vt 0.823326 0.653507
vt 0.8242 0.653145
vt 0.826309 0.661018
vt 0.823326 0.653507
vt 0.819374 0.646663
vt 0.820125 0.646087
vt 0.8242 0.653145
vt 0.819374 0.646663
vt 0.813786 0.641075
vt 0.814362 0.640324
vt 0.820125 0.646087
vt 0.813786 0.641075
vt 0.806942 0.637124
vt 0.807304 0.636249
vt 0.814362 0.640324
vt 0.806942 0.637124
vt 0.799308 0.635078
vt 0.799432 0.63414
vt 0.807304 0.636249
vt 0.799308 0.635078
vt 0.791405 0.635078
vt 0.791282 0.63414
vt 0.799432 0.63414
vt 0.791405 0.635078
vt 0.783772 0.637124
vt 0.78341 0.636249
vt 0.791282 0.63414
vt 0.783772 0.637124
vt 0.776927 0.641075
vt 0.776351 0.640324
vt 0.78341 0.636249
vt 0.776927 0.641075
vt 0.771339 0.646663
vt 0.770589 0.646087
vt 0.776351 0.640324
vt 0.771339 0.646663
vt 0.767388 0.653507
vt 0.766514 0.653145
vt 0.770589 0.646087
vt 0.767388 0.653507
vt 0.765342 0.661141
vt 0.764404 0.661018
vt 0.766514 0.653145
vt 0.765342 0.661141
vt 0.765342 0.669044
vt 0.764404 0.669167
vt 0.764404 0.661018
vt 0.765342 0.669044
vt 0.767388 0.676678
vt 0.766514 0.67704
vt 0.764404 0.669167
vt 0.767388 0.676678
vt 0.771339 0.683522
vt 0.770589 0.684098
vt 0.766514 0.67704
vt 0.771339 0.683522
vt 0.776927 0.68911
vt 0.776351 0.689861
vt 0.770589 0.684098
vt 0.776927 0.68911
vt 0.783772 0.693062
vt 0.78341 0.693936
vt 0.776351 0.689861
vt 0.783772 0.693062
vt 0.791405 0.695107
vt 0.791282 0.696045
vt 0.78341 0.693936
vt 0.791405 0.695107
vt 0.799308 0.695107
vt 0.799432 0.696045
vt 0.791282 0.696045
vn 0 -1 0
vn 0.991445 0 0.130526
vn 0.92388 0 0.382683
vn 0.793353 0 0.608761
vn 0.608761 0 0.793353
vn 0.382683 0 0.92388
vn 0.130526 0 0.991445
vn -0.130526 0 0.991445
vn -0.382683 0 0.92388
vn -0.608761 0 0.793353
vn -0.793353 0 0.608761
vn -0.92388 0 0.382683
vn -0.991445 0 0.130526
vn -0.991445 0 -0.130526
vn -0.92388 0 -0.382683
vn -0.793353 0 -0.608761
vn -0.608761 0 -0.793353
vn -0.382683 0 -0.92388
vn -0.130526 0 -0.991445
vn 0.130526 0 -0.991445
vn 0.382683 0 -0.92388
vn 0.608761 0 -0.793353
vn 0.793353 0 -0.608761
vn 0.92388 0 -0.382683
vn 0.991445 0 -0.130526
vn 0 1 0
f 3682/10929/1122 3683/10930/1122 3659/10931/1122 3658/10932/1122
f 3683/10933/1122 3684/10934/1122 3660/10935/1122 3659/10936/1122
f 3684/10937/1122 3685/10938/1122 3661/10939/1122 3660/10940/1122
f 3685/10941/1122 3686/10942/1122 3662/10943/1122 3661/10944/1122
f 3686/10945/1122 3687/10946/1122 3663/10947/1122 3662/10948/1122
f 3687/10949/1122 3688/10950/1122 3664/10951/1122 3663/10952/1122
f 3688/10953/1122 3689/10954/1122 3665/10955/1122 3664/10956/1122
f 3689/10957/1122 3690/10958/1122 3666/10959/1122 3665/10960/1122
f 3690/10961/1122 3691/10962/1122 3667/10963/1122 3666/10964/1122
f 3691/10965/1122 3692/10966/1122 3668/10967/1122 3667/10968/1122
f 3692/10969/1122 3693/10970/1122 3669/10971/1122 3668/10972/1122
f 3693/10973/1122 3694/10974/1122 3670/10975/1122 3669/10976/1122
f 3694/10977/1122 3695/10978/1122 3671/10979/1122 3670/10980/1122
f 3695/10981/1122 3696/10982/1122 3672/10983/1122 3671/10984/1122
f 3696/10985/1122 3697/10986/1122 3673/10987/1122 3672/10988/1122
f 3697/10989/1122 3698/10990/1122 3674/10991/1122 3673/10992/1122
f 3698/10993/1122 3699/10994/1122 3675/10995/1122 3674/10996/1122
f 3699/10997/1122 3700/10998/1122 3676/10999/1122 3675/11000/1122
f 3700/11001/1122 3701/11002/1122 3677/11003/1122 3676/11004/1122
f 3701/11005/1122 3702/11006/1122 3678/11007/1122 3677/11008/1122
f 3702/11009/1122 3703/11010/1122 3679/11011/1122 3678/11012/1122
f 3703/11013/1122 3704/11014/1122 3680/11015/1122 3679/11016/1122
f 3704/11017/1122 3705/11018/1122 3681/11019/1122 3680/11020/1122
f 3705/11021/1122 3682/11022/1122 3658/11023/1122 3681/11024/1122
f 3706/11025/1123 3707/11026/1124 3683/11027/1124 3682/11028/1123
f 3707/11029/1124 3708/11030/1125 3684/11031/1125 3683/11032/1124
f 3708/11033/1125 3709/11034/1126 3685/11035/1126 3684/11036/1125
f 3709/11037/1126 3710/11038/1127 3686/11039/1127 3685/11040/1126
f 3710/11041/1127 3711/11042/1128 3687/11043/1128 3686/11044/1127
f 3711/11045/1128 3712/11046/1129 3688/11047/1129 3687/11048/1128
f 3712/11049/1129 3713/11050/1130 3689/11051/1130 3688/11052/1129
f 3713/11053/1130 3714/11054/1131 3690/11055/1131 3689/11056/1130
f 3714/11057/1131 3715/11058/1132 3691/11059/1132 3690/11060/1131
f 3715/11061/1132 3716/11062/1133 3692/11063/1133 3691/11064/1132
f 3716/11065/1133 3717/11066/1134 3693/11067/1134 3692/11068/1133
f 3717/11069/1134 3718/11070/1135 3694/11071/1135 3693/11072/1134
f 3718/11073/1135 3719/11074/1136 3695/11075/1136 3694/11076/1135
f 3719/11077/1136 3720/11078/1137 3696/11079/1137 3695/11080/1136
f 3720/11081/1137 3721/11082/1138 3697/11083/1138 3696/11084/1137
f 3721/11085/1138 3722/11086/1139 3698/11087/1139 3697/11088/1138
f 3722/11089/1139 3723/11090/1140 3699/11091/1140 3698/11092/1139
f 3723/11093/1140 3724/11094/1141 3700/11095/1141 3699/11096/1140
f 3724/11097/1141 3725/11098/1142 3701/11099/1142 3700/11100/1141
f 3725/11101/1142 3726/11102/1143 3702/11103/1143 3701/11104/1142
f 3726/11105/1143 3727/11106/1144 3703/11107/1144 3702/11108/1143
f 3727/11109/1144 3728/11110/1145 3704/11111/1145 3703/11112/1144
f 3728/11113/1145 3729/11114/1146 3705/11115/1146 3704/11116/1145
f 3729/11117/1146 3706/11118/1123 3682/11119/1123 3705/11120/1146
f 3730/11121/1147 3731/11122/1147 3707/11123/1147 3706/11124/1147
f 3731/11125/1147 3732/11126/1147 3708/11127/1147 3707/11128/1147
f 3732/11129/1147 3733/11130/1147 3709/11131/1147 3708/11132/1147
f 3733/11133/1147 3734/11134/1147 3710/11135/1147 3709/11136/1147
f 3734/11137/1147 3735/11138/1147 3711/11139/1147 3710/11140/1147
f 3735/11141/1147 3736/11142/1147 3712/11143/1147 3711/11144/1147
f 3736/11145/1147 3737/11146/1147 3713/11147/1147 3712/11148/1147
f 3737/11149/1147 3738/11150/1147 3714/11151/1147 3713/11152/1147
f 3738/11153/1147 3739/11154/1147 3715/11155/1147 3714/11156/1147
f 3739/11157/1147 3740/11158/1147 3716/11159/1147 3715/11160/1147
f 3740/11161/1147 3741/11162/1147 3717/11163/1147 3716/11164/1147
f 3741/11165/1147 3742/11166/1147 3718/11167/1147 3717/11168/1147
f 3742/11169/1147 3743/11170/1147 3719/11171/1147 3718/11172/1147
f 3743/11173/1147 3744/11174/1147 3720/11175/1147 3719/11176/1147
f 3744/11177/1147 3745/11178/1147 3721/11179/1147 3720/11180/1147
f 3745/11181/1147 3746/11182/1147 3722/11183/1147 3721/11184/1147
f 3746/11185/1147 3747/11186/1147 3723/11187/1147 3722/11188/1147
f 3747/11189/1147 3748/11190/1147 3724/11191/1147 3723/11192/1147
f 3748/11193/1147 3749/11194/1147 3725/11195/1147 3724/11196/1147
f 3749/11197/1147 3750/11198/1147 3726/11199/1147 3725/11200/1147
f 3750/11201/1147 3751/11202/1147 3727/11203/1147 3726/11204/1147
f 3751/11205/1147 3752/11206/1147 3728/11207/1147 3727/11208/1147
f 3752/11209/1147 3753/11210/1147 3729/11211/1147 3728/11212/1147
f 3753/11213/1147 3730/11214/1147 3706/11215/1147 3729/11216/1147
