# AFL hand_fuel_pump/body_small_drum, generated by tools/build-fuel-containers-v1.mjs
mtllib body_small_drum.mtl
o hand_fuel_pump__body_small_drum__adapter
usemtl fuel_containers
v 0.550928 -0.25925 0.345566
v 0.545943 -0.25925 0.360909
v 0.53646 -0.25925 0.37396
v 0.523409 -0.25925 0.383443
v 0.508066 -0.25925 0.388428
v 0.491934 -0.25925 0.388428
v 0.476591 -0.25925 0.383443
v 0.46354 -0.25925 0.37396
v 0.454057 -0.25925 0.360909
v 0.449072 -0.25925 0.345566
v 0.449072 -0.25925 0.329434
v 0.454057 -0.25925 0.314091
v 0.46354 -0.25925 0.30104
v 0.476591 -0.25925 0.291557
v 0.491934 -0.25925 0.286572
v 0.508066 -0.25925 0.286572
v 0.523409 -0.25925 0.291557
v 0.53646 -0.25925 0.30104
v 0.545943 -0.25925 0.314091
v 0.550928 -0.25925 0.329434
v 0.550928 -0.235812 0.345566
v 0.545943 -0.235812 0.360909
v 0.53646 -0.235812 0.37396
v 0.523409 -0.235812 0.383443
v 0.508066 -0.235812 0.388428
v 0.491934 -0.235812 0.388428
v 0.476591 -0.235812 0.383443
v 0.46354 -0.235812 0.37396
v 0.454057 -0.235812 0.360909
v 0.449072 -0.235812 0.345566
v 0.449072 -0.235812 0.329434
v 0.454057 -0.235812 0.314091
v 0.46354 -0.235812 0.30104
v 0.476591 -0.235812 0.291557
v 0.491934 -0.235812 0.286572
v 0.508066 -0.235812 0.286572
v 0.523409 -0.235812 0.291557
v 0.53646 -0.235812 0.30104
v 0.545943 -0.235812 0.314091
v 0.550928 -0.235812 0.329434
v 0.5 -0.25925 0.3375
v 0.5 -0.235812 0.3375
vt 0.935303 0.174694
vt 0.935303 0.178223
vt 0.930176 0.178223
vt 0.930176 0.174694
vt 0.025146 0.167858
vt 0.025146 0.171387
vt 0.02002 0.171387
vt 0.02002 0.167858
vt 0.244873 0.167858
vt 0.244873 0.171387
vt 0.239746 0.171387
vt 0.239746 0.167858
vt 0.447021 0.167858
vt 0.447021 0.171387
vt 0.441895 0.171387
vt 0.441895 0.167858
vt 0.473389 0.167858
vt 0.473389 0.171387
vt 0.468262 0.171387
vt 0.468262 0.167858
vt 0.10791 0.171387
vt 0.10791 0.167858
vt 0.113037 0.167858
vt 0.113037 0.171387
vt 0.529785 0.171387
vt 0.529785 0.167858
vt 0.534912 0.167858
vt 0.534912 0.171387
vt 0.028809 0.171387
vt 0.028809 0.167858
vt 0.033936 0.167858
vt 0.033936 0.171387
vt 0.037598 0.171387
vt 0.037598 0.167858
vt 0.042725 0.167858
vt 0.042725 0.171387
vt 0.538574 0.171387
vt 0.538574 0.167858
vt 0.543701 0.167858
vt 0.543701 0.171387
vt 0.046387 0.171387
vt 0.046387 0.167858
vt 0.051514 0.167858
vt 0.051514 0.171387
vt 0.248535 0.171387
vt 0.248535 0.167858
vt 0.253662 0.167858
vt 0.253662 0.171387
vt 0.257324 0.171387
vt 0.257324 0.167858
vt 0.262451 0.167858
vt 0.262451 0.171387
vt 0.415527 0.171387
vt 0.415527 0.167858
vt 0.420654 0.167858
vt 0.420654 0.171387
vt 0.27124 0.167858
vt 0.27124 0.171387
vt 0.266113 0.171387
vt 0.266113 0.167858
vt 0.429443 0.167858
vt 0.429443 0.171387
vt 0.424316 0.171387
vt 0.424316 0.167858
vt 0.280029 0.167858
vt 0.280029 0.171387
vt 0.274902 0.171387
vt 0.274902 0.167858
vt 0.36792 0.167858
vt 0.36792 0.171387
vt 0.362793 0.171387
vt 0.362793 0.167858
vt 0.55249 0.167858
vt 0.55249 0.171387
vt 0.547363 0.171387
vt 0.547363 0.167858
vt 0.060303 0.167858
vt 0.060303 0.171387
vt 0.055176 0.171387
vt 0.055176 0.167858
vt 0.216707 0.476653
vt 0.218471 0.465512
vt 0.221828 0.466603
vt 0.216707 0.476653
vt 0.221828 0.466603
vt 0.224683 0.468677
vt 0.216707 0.476653
vt 0.224683 0.468677
vt 0.226757 0.471532
vt 0.216707 0.476653
vt 0.226757 0.471532
vt 0.227847 0.474888
vt 0.216707 0.476653
vt 0.227847 0.474888
vt 0.227847 0.478417
vt 0.216707 0.476653
vt 0.227847 0.478417
vt 0.226757 0.481773
vt 0.216707 0.476653
vt 0.226757 0.481773
vt 0.224683 0.484628
vt 0.216707 0.476653
vt 0.224683 0.484628
vt 0.221828 0.486702
vt 0.216707 0.476653
vt 0.221828 0.486702
vt 0.218471 0.487793
vt 0.216707 0.476653
vt 0.218471 0.487793
vt 0.214942 0.487793
vt 0.216707 0.476653
vt 0.214942 0.487793
vt 0.211586 0.486702
vt 0.216707 0.476653
vt 0.211586 0.486702
vt 0.208731 0.484628
vt 0.216707 0.476653
vt 0.208731 0.484628
vt 0.206657 0.481773
vt 0.216707 0.476653
vt 0.206657 0.481773
vt 0.205566 0.478417
vt 0.216707 0.476653
vt 0.205566 0.478417
vt 0.205566 0.474888
vt 0.216707 0.476653
vt 0.205566 0.474888
vt 0.206657 0.471532
vt 0.216707 0.476653
vt 0.206657 0.471532
vt 0.208731 0.468677
vt 0.216707 0.476653
vt 0.208731 0.468677
vt 0.211586 0.466603
vt 0.216707 0.476653
vt 0.211586 0.466603
vt 0.214942 0.465512
vt 0.216707 0.476653
vt 0.214942 0.465512
vt 0.218471 0.465512
vt 0.32339 0.486702
vt 0.320034 0.487793
vt 0.318269 0.476653
vt 0.326245 0.484628
vt 0.32339 0.486702
vt 0.318269 0.476653
vt 0.328319 0.481773
vt 0.326245 0.484628
vt 0.318269 0.476653
vt 0.32941 0.478417
vt 0.328319 0.481773
vt 0.318269 0.476653
vt 0.32941 0.474888
vt 0.32941 0.478417
vt 0.318269 0.476653
vt 0.328319 0.471532
vt 0.32941 0.474888
vt 0.318269 0.476653
vt 0.326245 0.468677
vt 0.328319 0.471532
vt 0.318269 0.476653
vt 0.32339 0.466603
vt 0.326245 0.468677
vt 0.318269 0.476653
vt 0.320034 0.465512
vt 0.32339 0.466603
vt 0.318269 0.476653
vt 0.316505 0.465512
vt 0.320034 0.465512
vt 0.318269 0.476653
vt 0.313149 0.466603
vt 0.316505 0.465512
vt 0.318269 0.476653
vt 0.310294 0.468677
vt 0.313149 0.466603
vt 0.318269 0.476653
vt 0.308219 0.471532
vt 0.310294 0.468677
vt 0.318269 0.476653
vt 0.307129 0.474888
vt 0.308219 0.471532
vt 0.318269 0.476653
vt 0.307129 0.478417
vt 0.307129 0.474888
vt 0.318269 0.476653
vt 0.308219 0.481773
vt 0.307129 0.478417
vt 0.318269 0.476653
vt 0.310294 0.484628
vt 0.308219 0.481773
vt 0.318269 0.476653
vt 0.313149 0.486702
vt 0.310294 0.484628
vt 0.318269 0.476653
vt 0.316505 0.487793
vt 0.313149 0.486702
vt 0.318269 0.476653
vt 0.320034 0.487793
vt 0.316505 0.487793
vt 0.318269 0.476653
vn 0.987688 0 0.156434
vn 0.891007 0 0.45399
vn 0.707107 0 0.707107
vn 0.45399 0 0.891007
vn 0.156434 0 0.987688
vn -0.156434 0 0.987688
vn -0.45399 0 0.891007
vn -0.707107 0 0.707107
vn -0.891007 0 0.45399
vn -0.987688 0 0.156434
vn -0.987688 0 -0.156434
vn -0.891007 0 -0.45399
vn -0.707107 0 -0.707107
vn -0.45399 0 -0.891007
vn -0.156434 0 -0.987688
vn 0.156434 0 -0.987688
vn 0.45399 0 -0.891007
vn 0.707107 0 -0.707107
vn 0.891007 0 -0.45399
vn 0.987688 0 -0.156434
vn 0 -1 0
vn 0 1 0
f 21/1/1 22/2/2 2/3/2 1/4/1
f 22/5/2 23/6/3 3/7/3 2/8/2
f 23/9/3 24/10/4 4/11/4 3/12/3
f 24/13/4 25/14/5 5/15/5 4/16/4
f 25/17/5 26/18/6 6/19/6 5/20/5
f 26/21/6 27/22/7 7/23/7 6/24/6
f 27/25/7 28/26/8 8/27/8 7/28/7
f 28/29/8 29/30/9 9/31/9 8/32/8
f 29/33/9 30/34/10 10/35/10 9/36/9
f 30/37/10 31/38/11 11/39/11 10/40/10
f 31/41/11 32/42/12 12/43/12 11/44/11
f 32/45/12 33/46/13 13/47/13 12/48/12
f 33/49/13 34/50/14 14/51/14 13/52/13
f 34/53/14 35/54/15 15/55/15 14/56/14
f 35/57/15 36/58/16 16/59/16 15/60/15
f 36/61/16 37/62/17 17/63/17 16/64/16
f 37/65/17 38/66/18 18/67/18 17/68/17
f 38/69/18 39/70/19 19/71/19 18/72/18
f 39/73/19 40/74/20 20/75/20 19/76/19
f 40/77/20 21/78/1 1/79/1 20/80/20
f 41/81/21 1/82/21 2/83/21
f 41/84/21 2/85/21 3/86/21
f 41/87/21 3/88/21 4/89/21
f 41/90/21 4/91/21 5/92/21
f 41/93/21 5/94/21 6/95/21
f 41/96/21 6/97/21 7/98/21
f 41/99/21 7/100/21 8/101/21
f 41/102/21 8/103/21 9/104/21
f 41/105/21 9/106/21 10/107/21
f 41/108/21 10/109/21 11/110/21
f 41/111/21 11/112/21 12/113/21
f 41/114/21 12/115/21 13/116/21
f 41/117/21 13/118/21 14/119/21
f 41/120/21 14/121/21 15/122/21
f 41/123/21 15/124/21 16/125/21
f 41/126/21 16/127/21 17/128/21
f 41/129/21 17/130/21 18/131/21
f 41/132/21 18/133/21 19/134/21
f 41/135/21 19/136/21 20/137/21
f 41/138/21 20/139/21 1/140/21
f 22/141/22 21/142/22 42/143/22
f 23/144/22 22/145/22 42/146/22
f 24/147/22 23/148/22 42/149/22
f 25/150/22 24/151/22 42/152/22
f 26/153/22 25/154/22 42/155/22
f 27/156/22 26/157/22 42/158/22
f 28/159/22 27/160/22 42/161/22
f 29/162/22 28/163/22 42/164/22
f 30/165/22 29/166/22 42/167/22
f 31/168/22 30/169/22 42/170/22
f 32/171/22 31/172/22 42/173/22
f 33/174/22 32/175/22 42/176/22
f 34/177/22 33/178/22 42/179/22
f 35/180/22 34/181/22 42/182/22
f 36/183/22 35/184/22 42/185/22
f 37/186/22 36/187/22 42/188/22
f 38/189/22 37/190/22 42/191/22
f 39/192/22 38/193/22 42/194/22
f 40/195/22 39/196/22 42/197/22
f 21/198/22 40/199/22 42/200/22
o hand_fuel_pump__body_small_drum__nut
usemtl fuel_containers
v 0.539242 -0.235812 0.314844
v 0.5 -0.235812 0.292187
v 0.460758 -0.235812 0.314844
v 0.460758 -0.235812 0.360156
v 0.5 -0.235812 0.382813
v 0.539242 -0.235812 0.360156
v 0.539242 -0.216281 0.314844
v 0.5 -0.216281 0.292187
v 0.460758 -0.216281 0.314844
v 0.460758 -0.216281 0.360156
v 0.5 -0.216281 0.382813
v 0.539242 -0.216281 0.360156
v 0.539242 -0.235812 0.314844
v 0.5 -0.235812 0.292187
v 0.460758 -0.235812 0.314844
v 0.460758 -0.235812 0.360156
v 0.5 -0.235812 0.382813
v 0.539242 -0.235812 0.360156
v 0.539242 -0.216281 0.314844
v 0.5 -0.216281 0.292187
v 0.460758 -0.216281 0.314844
v 0.460758 -0.216281 0.360156
v 0.5 -0.216281 0.382813
v 0.539242 -0.216281 0.360156
vt 0.190088 0.186035
vt 0.180176 0.186035
vt 0.180176 0.181763
vt 0.190088 0.181763
vt 0.275879 0.181763
vt 0.285791 0.181763
vt 0.285791 0.186035
vt 0.275879 0.186035
vt 0.029785 0.181763
vt 0.039697 0.181763
vt 0.039697 0.186035
vt 0.029785 0.186035
vt 0.193848 0.181763
vt 0.20376 0.181763
vt 0.20376 0.186035
vt 0.193848 0.186035
vt 0.217432 0.186035
vt 0.20752 0.186035
vt 0.20752 0.181763
vt 0.217432 0.181763
vt 0.053369 0.186035
vt 0.043457 0.186035
vt 0.043457 0.181763
vt 0.053369 0.181763
vt 0.664551 0.383506
vt 0.669507 0.374922
vt 0.679419 0.374922
vt 0.669507 0.39209
vt 0.664551 0.383506
vt 0.679419 0.374922
vt 0.679419 0.39209
vt 0.669507 0.39209
vt 0.679419 0.374922
vt 0.679419 0.374922
vt 0.684375 0.383506
vt 0.679419 0.39209
vt 0.702856 0.39209
vt 0.692944 0.39209
vt 0.687988 0.383506
vt 0.702856 0.39209
vt 0.687988 0.383506
vt 0.692944 0.374922
vt 0.702856 0.39209
vt 0.692944 0.374922
vt 0.702856 0.374922
vt 0.702856 0.374922
vt 0.707812 0.383506
vt 0.702856 0.39209
vn 0.5 0 -0.866025
vn -0.5 0 -0.866025
vn -1 0 0
vn -0.5 0 0.866025
vn 0.5 0 0.866025
vn 1 0 0
vn 0 -1 0
vn 0 1 0
f 43/201/23 44/202/23 50/203/23 49/204/23
f 44/205/24 45/206/24 51/207/24 50/208/24
f 45/209/25 46/210/25 52/211/25 51/212/25
f 46/213/26 47/214/26 53/215/26 52/216/26
f 47/217/27 48/218/27 54/219/27 53/220/27
f 48/221/28 43/222/28 49/223/28 54/224/28
f 56/225/29 55/226/29 60/227/29
f 57/228/29 56/229/29 60/230/29
f 58/231/29 57/232/29 60/233/29
f 60/234/29 59/235/29 58/236/29
f 66/237/30 61/238/30 62/239/30
f 66/240/30 62/241/30 63/242/30
f 66/243/30 63/244/30 64/245/30
f 64/246/30 65/247/30 66/248/30
o hand_fuel_pump__body_small_drum__suction
usemtl fuel_containers
v 0.52285 -0.4155 0.342715
v 0.518324 -0.4155 0.352113
v 0.510169 -0.4155 0.358616
v 0.5 -0.4155 0.360938
v 0.489831 -0.4155 0.358616
v 0.481676 -0.4155 0.352113
v 0.47715 -0.4155 0.342715
v 0.47715 -0.4155 0.332285
v 0.481676 -0.4155 0.322887
v 0.489831 -0.4155 0.316384
v 0.5 -0.4155 0.314063
v 0.510169 -0.4155 0.316384
v 0.518324 -0.4155 0.322887
v 0.52285 -0.4155 0.332285
v 0.52285 -0.255344 0.342715
v 0.518324 -0.255344 0.352113
v 0.510169 -0.255344 0.358616
v 0.5 -0.255344 0.360938
v 0.489831 -0.255344 0.358616
v 0.481676 -0.255344 0.352113
v 0.47715 -0.255344 0.342715
v 0.47715 -0.255344 0.332285
v 0.481676 -0.255344 0.322887
v 0.489831 -0.255344 0.316384
v 0.5 -0.255344 0.314063
v 0.510169 -0.255344 0.316384
v 0.518324 -0.255344 0.322887
v 0.52285 -0.255344 0.332285
v 0.5 -0.4155 0.3375
vt 0.688843 0.068519
vt 0.688843 0.070801
vt 0.653809 0.070801
vt 0.653809 0.068519
vt 0.726929 0.068519
vt 0.726929 0.070801
vt 0.691895 0.070801
vt 0.691895 0.068519
vt 0.245483 0.068519
vt 0.245483 0.070801
vt 0.210449 0.070801
vt 0.210449 0.068519
vt 0.283569 0.068519
vt 0.283569 0.070801
vt 0.248535 0.070801
vt 0.248535 0.068519
vt 0.72998 0.070801
vt 0.72998 0.068519
vt 0.765015 0.068519
vt 0.765015 0.070801
vt 0.756348 0.07666
vt 0.756348 0.074378
vt 0.791382 0.074378
vt 0.791382 0.07666
vt 0.768066 0.070801
vt 0.768066 0.068519
vt 0.803101 0.068519
vt 0.803101 0.070801
vt 0.794434 0.07666
vt 0.794434 0.074378
vt 0.829468 0.074378
vt 0.829468 0.07666
vt 0.89502 0.07666
vt 0.89502 0.074378
vt 0.930054 0.074378
vt 0.930054 0.07666
vt 0.841187 0.068519
vt 0.841187 0.070801
vt 0.806152 0.070801
vt 0.806152 0.068519
vt 0.144897 0.068519
vt 0.144897 0.070801
vt 0.109863 0.070801
vt 0.109863 0.068519
vt 0.96814 0.074378
vt 0.96814 0.07666
vt 0.933105 0.07666
vt 0.933105 0.074378
vt 0.879272 0.068519
vt 0.879272 0.070801
vt 0.844238 0.070801
vt 0.844238 0.068519
vt 0.917358 0.068519
vt 0.917358 0.070801
vt 0.882324 0.070801
vt 0.882324 0.068519
vt 0.540771 0.294318
vt 0.541912 0.28932
vt 0.543968 0.29031
vt 0.540771 0.294318
vt 0.543968 0.29031
vt 0.545391 0.292093
vt 0.540771 0.294318
vt 0.545391 0.292093
vt 0.545898 0.294318
vt 0.540771 0.294318
vt 0.545898 0.294318
vt 0.545391 0.296542
vt 0.540771 0.294318
vt 0.545391 0.296542
vt 0.543968 0.298326
vt 0.540771 0.294318
vt 0.543968 0.298326
vt 0.541912 0.299316
vt 0.540771 0.294318
vt 0.541912 0.299316
vt 0.539631 0.299316
vt 0.540771 0.294318
vt 0.539631 0.299316
vt 0.537575 0.298326
vt 0.540771 0.294318
vt 0.537575 0.298326
vt 0.536152 0.296542
vt 0.540771 0.294318
vt 0.536152 0.296542
vt 0.535645 0.294318
vt 0.540771 0.294318
vt 0.535645 0.294318
vt 0.536152 0.292093
vt 0.540771 0.294318
vt 0.536152 0.292093
vt 0.537575 0.29031
vt 0.540771 0.294318
vt 0.537575 0.29031
vt 0.539631 0.28932
vt 0.540771 0.294318
vt 0.539631 0.28932
vt 0.541912 0.28932
vn 0.974928 0 0.222521
vn 0.781831 0 0.62349
vn 0.433884 0 0.900969
vn 0 0 1
vn -0.433884 0 0.900969
vn -0.781831 0 0.62349
vn -0.974928 0 0.222521
vn -0.974928 0 -0.222521
vn -0.781831 0 -0.62349
vn -0.433884 0 -0.900969
vn 0 0 -1
vn 0.433884 0 -0.900969
vn 0.781831 0 -0.62349
vn 0.974928 0 -0.222521
vn 0 -1 0
f 81/249/31 82/250/32 68/251/32 67/252/31
f 82/253/32 83/254/33 69/255/33 68/256/32
f 83/257/33 84/258/34 70/259/34 69/260/33
f 84/261/34 85/262/35 71/263/35 70/264/34
f 85/265/35 86/266/36 72/267/36 71/268/35
f 86/269/36 87/270/37 73/271/37 72/272/36
f 87/273/37 88/274/38 74/275/38 73/276/37
f 88/277/38 89/278/39 75/279/39 74/280/38
f 89/281/39 90/282/40 76/283/40 75/284/39
f 90/285/40 91/286/41 77/287/41 76/288/40
f 91/289/41 92/290/42 78/291/42 77/292/41
f 92/293/42 93/294/43 79/295/43 78/296/42
f 93/297/43 94/298/44 80/299/44 79/300/43
f 94/301/44 81/302/31 67/303/31 80/304/44
f 95/305/45 67/306/45 68/307/45
f 95/308/45 68/309/45 69/310/45
f 95/311/45 69/312/45 70/313/45
f 95/314/45 70/315/45 71/316/45
f 95/317/45 71/318/45 72/319/45
f 95/320/45 72/321/45 73/322/45
f 95/323/45 73/324/45 74/325/45
f 95/326/45 74/327/45 75/328/45
f 95/329/45 75/330/45 76/331/45
f 95/332/45 76/333/45 77/334/45
f 95/335/45 77/336/45 78/337/45
f 95/338/45 78/339/45 79/340/45
f 95/341/45 79/342/45 80/343/45
f 95/344/45 80/345/45 67/346/45
o hand_fuel_pump__body_small_drum__column
usemtl fuel_containers
v 0.52742 -0.220187 0.343758
v 0.521989 -0.220187 0.355036
v 0.512203 -0.220187 0.36284
v 0.5 -0.220187 0.365625
v 0.487797 -0.220187 0.36284
v 0.478011 -0.220187 0.355036
v 0.47258 -0.220187 0.343758
v 0.47258 -0.220187 0.331242
v 0.478011 -0.220187 0.319964
v 0.487797 -0.220187 0.31216
v 0.5 -0.220187 0.309375
v 0.512203 -0.220187 0.31216
v 0.521989 -0.220187 0.319964
v 0.52742 -0.220187 0.331242
v 0.52742 -0.07175 0.343758
v 0.521989 -0.07175 0.355036
v 0.512203 -0.07175 0.36284
v 0.5 -0.07175 0.365625
v 0.487797 -0.07175 0.36284
v 0.478011 -0.07175 0.355036
v 0.47258 -0.07175 0.343758
v 0.47258 -0.07175 0.331242
v 0.478011 -0.07175 0.319964
v 0.487797 -0.07175 0.31216
v 0.5 -0.07175 0.309375
v 0.512203 -0.07175 0.31216
v 0.521989 -0.07175 0.319964
v 0.52742 -0.07175 0.331242
vt 0.523193 0.120797
vt 0.523193 0.123535
vt 0.490723 0.123535
vt 0.490723 0.120797
vt 0.360107 0.114938
vt 0.360107 0.117676
vt 0.327637 0.117676
vt 0.327637 0.114938
vt 0.73999 0.120797
vt 0.73999 0.123535
vt 0.70752 0.123535
vt 0.70752 0.120797
vt 0.143311 0.114938
vt 0.143311 0.117676
vt 0.11084 0.117676
vt 0.11084 0.114938
vt 0.508301 0.117676
vt 0.508301 0.114938
vt 0.540771 0.114938
vt 0.540771 0.117676
vt 0.129395 0.123535
vt 0.129395 0.120797
vt 0.161865 0.120797
vt 0.161865 0.123535
vt 0.36377 0.117676
vt 0.36377 0.114938
vt 0.39624 0.114938
vt 0.39624 0.117676
vt 0.526855 0.123535
vt 0.526855 0.120797
vt 0.559326 0.120797
vt 0.559326 0.123535
vt 0.544434 0.117676
vt 0.544434 0.114938
vt 0.576904 0.114938
vt 0.576904 0.117676
vt 0.179443 0.114938
vt 0.179443 0.117676
vt 0.146973 0.117676
vt 0.146973 0.114938
vt 0.848389 0.120797
vt 0.848389 0.123535
vt 0.815918 0.123535
vt 0.815918 0.120797
vt 0.884521 0.120797
vt 0.884521 0.123535
vt 0.852051 0.123535
vt 0.852051 0.120797
vt 0.595459 0.120797
vt 0.595459 0.123535
vt 0.562988 0.123535
vt 0.562988 0.120797
vt 0.432373 0.114938
vt 0.432373 0.117676
vt 0.399902 0.117676
vt 0.399902 0.114938
vn 0.974928 0 0.222521
vn 0.781831 0 0.62349
vn 0.433884 0 0.900969
vn 0 0 1
vn -0.433884 0 0.900969
vn -0.781831 0 0.62349
vn -0.974928 0 0.222521
vn -0.974928 0 -0.222521
vn -0.781831 0 -0.62349
vn -0.433884 0 -0.900969
vn 0 0 -1
vn 0.433884 0 -0.900969
vn 0.781831 0 -0.62349
vn 0.974928 0 -0.222521
f 110/347/46 111/348/47 97/349/47 96/350/46
f 111/351/47 112/352/48 98/353/48 97/354/47
f 112/355/48 113/356/49 99/357/49 98/358/48
f 113/359/49 114/360/50 100/361/50 99/362/49
f 114/363/50 115/364/51 101/365/51 100/366/50
f 115/367/51 116/368/52 102/369/52 101/370/51
f 116/371/52 117/372/53 103/373/53 102/374/52
f 117/375/53 118/376/54 104/377/54 103/378/53
f 118/379/54 119/380/55 105/381/55 104/382/54
f 119/383/55 120/384/56 106/385/56 105/386/55
f 120/387/56 121/388/57 107/389/57 106/390/56
f 121/391/57 122/392/58 108/393/58 107/394/57
f 122/395/58 123/396/59 109/397/59 108/398/58
f 123/399/59 110/400/46 96/401/46 109/402/59
o hand_fuel_pump__body_small_drum__foot
usemtl fuel_containers
v 0.537038 -0.114719 0.343366
v 0.533413 -0.114719 0.354525
v 0.526517 -0.114719 0.364017
v 0.517025 -0.114719 0.370913
v 0.505866 -0.114719 0.374538
v 0.494134 -0.114719 0.374538
v 0.482975 -0.114719 0.370913
v 0.473483 -0.114719 0.364017
v 0.466587 -0.114719 0.354525
v 0.462962 -0.114719 0.343366
v 0.462962 -0.114719 0.331634
v 0.466587 -0.114719 0.320475
v 0.473483 -0.114719 0.310983
v 0.482975 -0.114719 0.304087
v 0.494134 -0.114719 0.300462
v 0.505866 -0.114719 0.300462
v 0.517025 -0.114719 0.304087
v 0.526517 -0.114719 0.310983
v 0.533413 -0.114719 0.320475
v 0.537038 -0.114719 0.331634
v 0.544755 -0.091281 0.344588
v 0.540374 -0.091281 0.358071
v 0.532041 -0.091281 0.369541
v 0.520571 -0.091281 0.377874
v 0.507088 -0.091281 0.382255
v 0.492912 -0.091281 0.382255
v 0.479429 -0.091281 0.377874
v 0.467959 -0.091281 0.369541
v 0.459626 -0.091281 0.358071
v 0.455245 -0.091281 0.344588
v 0.455245 -0.091281 0.330412
v 0.459626 -0.091281 0.316929
v 0.467959 -0.091281 0.305459
v 0.479429 -0.091281 0.297126
v 0.492912 -0.091281 0.292745
v 0.507088 -0.091281 0.292745
v 0.520571 -0.091281 0.297126
v 0.532041 -0.091281 0.305459
v 0.540374 -0.091281 0.316929
v 0.544755 -0.091281 0.330412
v 0.544755 -0.056125 0.344588
v 0.540374 -0.056125 0.358071
v 0.532041 -0.056125 0.369541
v 0.520571 -0.056125 0.377874
v 0.507088 -0.056125 0.382255
v 0.492912 -0.056125 0.382255
v 0.479429 -0.056125 0.377874
v 0.467959 -0.056125 0.369541
v 0.459626 -0.056125 0.358071
v 0.455245 -0.056125 0.344588
v 0.455245 -0.056125 0.330412
v 0.459626 -0.056125 0.316929
v 0.467959 -0.056125 0.305459
v 0.479429 -0.056125 0.297126
v 0.492912 -0.056125 0.292745
v 0.507088 -0.056125 0.292745
v 0.520571 -0.056125 0.297126
v 0.532041 -0.056125 0.305459
v 0.540374 -0.056125 0.316929
v 0.544755 -0.056125 0.330412
v 0.5 -0.114719 0.3375
vt 0.060832 0.161465
vt 0.060519 0.164551
vt 0.055176 0.163739
vt 0.055435 0.161186
vt 0.686067 0.183011
vt 0.68538 0.186035
vt 0.680176 0.184579
vt 0.680744 0.182076
vt 0.163793 0.190999
vt 0.162567 0.193848
vt 0.157715 0.191468
vt 0.15873 0.189111
vt 0.837397 0.236535
vt 0.835247 0.23877
vt 0.831543 0.234834
vt 0.833323 0.232985
vt 0.298855 0.147778
vt 0.298855 0.150879
vt 0.293457 0.150612
vt 0.293457 0.148045
vt 0.719436 0.23877
vt 0.717285 0.236535
vt 0.72136 0.232985
vt 0.723139 0.234834
vt 0.246832 0.193848
vt 0.245605 0.190999
vt 0.250669 0.189111
vt 0.251684 0.191468
vt 0.817582 0.186035
vt 0.816895 0.183011
vt 0.822217 0.182076
vt 0.822786 0.184579
vt 0.913888 0.171387
vt 0.913574 0.168301
vt 0.918971 0.168022
vt 0.919231 0.170575
vt 0.740723 0.157715
vt 0.740723 0.154614
vt 0.74612 0.154881
vt 0.74612 0.157447
vt 0.028809 0.164271
vt 0.029122 0.161186
vt 0.034465 0.161997
vt 0.034206 0.164551
vt 0.689941 0.1851
vt 0.690628 0.182076
vt 0.695833 0.183532
vt 0.695264 0.186035
vt 0.23584 0.191959
vt 0.237066 0.189111
vt 0.241918 0.19149
vt 0.240903 0.193848
vt 0.840332 0.235219
vt 0.842483 0.232985
vt 0.846186 0.23692
vt 0.844406 0.23877
vt 0.971191 0.157715
vt 0.971191 0.154614
vt 0.976589 0.154881
vt 0.976589 0.157447
vt 0.747356 0.232985
vt 0.749507 0.235219
vt 0.745432 0.23877
vt 0.743652 0.23692
vt 0.269989 0.189111
vt 0.271215 0.191959
vt 0.266151 0.193848
vt 0.265137 0.19149
vt 0.714677 0.182076
vt 0.715364 0.1851
vt 0.710041 0.186035
vt 0.709473 0.183532
vt 0.025363 0.161186
vt 0.025676 0.164271
vt 0.020279 0.164551
vt 0.02002 0.161997
vt 0.754909 0.154614
vt 0.754909 0.157715
vt 0.749512 0.157447
vt 0.749512 0.154881
vt 0.548218 0.154614
vt 0.548218 0.157715
vt 0.540527 0.157715
vt 0.540527 0.154614
vt 0.15271 0.147778
vt 0.15271 0.150879
vt 0.14502 0.150879
vt 0.14502 0.147778
vt 0.163452 0.147778
vt 0.163452 0.150879
vt 0.155762 0.150879
vt 0.155762 0.147778
vt 0.55896 0.154614
vt 0.55896 0.157715
vt 0.55127 0.157715
vt 0.55127 0.154614
vt 0.279663 0.147778
vt 0.279663 0.150879
vt 0.271973 0.150879
vt 0.271973 0.147778
vt 0.445801 0.157715
vt 0.445801 0.154614
vt 0.453491 0.154614
vt 0.453491 0.157715
vt 0.562012 0.157715
vt 0.562012 0.154614
vt 0.569702 0.154614
vt 0.569702 0.157715
vt 0.572754 0.157715
vt 0.572754 0.154614
vt 0.580444 0.154614
vt 0.580444 0.157715
vt 0.404785 0.157715
vt 0.404785 0.154614
vt 0.412476 0.154614
vt 0.412476 0.157715
vt 0.583496 0.157715
vt 0.583496 0.154614
vt 0.591187 0.154614
vt 0.591187 0.157715
vt 0.594238 0.157715
vt 0.594238 0.154614
vt 0.601929 0.154614
vt 0.601929 0.157715
vt 0.60498 0.157715
vt 0.60498 0.154614
vt 0.612671 0.154614
vt 0.612671 0.157715
vt 0.615723 0.157715
vt 0.615723 0.154614
vt 0.623413 0.154614
vt 0.623413 0.157715
vt 0.626465 0.157715
vt 0.626465 0.154614
vt 0.634155 0.154614
vt 0.634155 0.157715
vt 0.957397 0.154614
vt 0.957397 0.157715
vt 0.949707 0.157715
vt 0.949707 0.154614
vt 0.174194 0.147778
vt 0.174194 0.150879
vt 0.166504 0.150879
vt 0.166504 0.147778
vt 0.644897 0.154614
vt 0.644897 0.157715
vt 0.637207 0.157715
vt 0.637207 0.154614
vt 0.65564 0.154614
vt 0.65564 0.157715
vt 0.647949 0.157715
vt 0.647949 0.154614
vt 0.363647 0.147778
vt 0.363647 0.150879
vt 0.355957 0.150879
vt 0.355957 0.147778
vt 0.666382 0.154614
vt 0.666382 0.157715
vt 0.658691 0.157715
vt 0.658691 0.154614
vt 0.323044 0.362503
vt 0.324327 0.354401
vt 0.326768 0.355194
vt 0.323044 0.362503
vt 0.326768 0.355194
vt 0.328844 0.356703
vt 0.323044 0.362503
vt 0.328844 0.356703
vt 0.330353 0.358779
vt 0.323044 0.362503
vt 0.330353 0.358779
vt 0.331146 0.36122
vt 0.323044 0.362503
vt 0.331146 0.36122
vt 0.331146 0.363787
vt 0.323044 0.362503
vt 0.331146 0.363787
vt 0.330353 0.366227
vt 0.323044 0.362503
vt 0.330353 0.366227
vt 0.328844 0.368304
vt 0.323044 0.362503
vt 0.328844 0.368304
vt 0.326768 0.369812
vt 0.323044 0.362503
vt 0.326768 0.369812
vt 0.324327 0.370605
vt 0.323044 0.362503
vt 0.324327 0.370605
vt 0.32176 0.370605
vt 0.323044 0.362503
vt 0.32176 0.370605
vt 0.319319 0.369812
vt 0.323044 0.362503
vt 0.319319 0.369812
vt 0.317243 0.368304
vt 0.323044 0.362503
vt 0.317243 0.368304
vt 0.315734 0.366227
vt 0.323044 0.362503
vt 0.315734 0.366227
vt 0.314941 0.363787
vt 0.323044 0.362503
vt 0.314941 0.363787
vt 0.314941 0.36122
vt 0.323044 0.362503
vt 0.314941 0.36122
vt 0.315734 0.358779
vt 0.323044 0.362503
vt 0.315734 0.358779
vt 0.317243 0.356703
vt 0.323044 0.362503
vt 0.317243 0.356703
vt 0.319319 0.355194
vt 0.323044 0.362503
vt 0.319319 0.355194
vt 0.32176 0.354401
vt 0.323044 0.362503
vt 0.32176 0.354401
vt 0.324327 0.354401
vn 0.979917 -0.125198 0.155204
vn 0.883996 -0.125198 0.450418
vn 0.845283 -0.316228 0.430693
vn 0.937003 -0.316228 0.148407
vn 0.701543 -0.125198 0.701543
vn 0.67082 -0.316228 0.67082
vn 0.450418 -0.125198 0.883996
vn 0.430693 -0.316228 0.845283
vn 0.155204 -0.125198 0.979917
vn 0.148407 -0.316228 0.937003
vn -0.155204 -0.125198 0.979917
vn -0.148407 -0.316228 0.937003
vn -0.450418 -0.125198 0.883996
vn -0.430693 -0.316228 0.845283
vn -0.701543 -0.125198 0.701543
vn -0.67082 -0.316228 0.67082
vn -0.883996 -0.125198 0.450418
vn -0.845283 -0.316228 0.430693
vn -0.979917 -0.125198 0.155204
vn -0.937003 -0.316228 0.148407
vn -0.979917 -0.125198 -0.155204
vn -0.937003 -0.316228 -0.148407
vn -0.883996 -0.125198 -0.450418
vn -0.845283 -0.316228 -0.430693
vn -0.701543 -0.125198 -0.701543
vn -0.67082 -0.316228 -0.67082
vn -0.450418 -0.125198 -0.883996
vn -0.430693 -0.316228 -0.845283
vn -0.155204 -0.125198 -0.979917
vn -0.148407 -0.316228 -0.937003
vn 0.155204 -0.125198 -0.979917
vn 0.148407 -0.316228 -0.937003
vn 0.450418 -0.125198 -0.883996
vn 0.430693 -0.316228 -0.845283
vn 0.701543 -0.125198 -0.701543
vn 0.67082 -0.316228 -0.67082
vn 0.883996 -0.125198 -0.450418
vn 0.845283 -0.316228 -0.430693
vn 0.979917 -0.125198 -0.155204
vn 0.937003 -0.316228 -0.148407
vn 0.987688 0 0.156434
vn 0.891007 0 0.45399
vn 0.707107 0 0.707107
vn 0.45399 0 0.891007
vn 0.156434 0 0.987688
vn -0.156434 0 0.987688
vn -0.45399 0 0.891007
vn -0.707107 0 0.707107
vn -0.891007 0 0.45399
vn -0.987688 0 0.156434
vn -0.987688 0 -0.156434
vn -0.891007 0 -0.45399
vn -0.707107 0 -0.707107
vn -0.45399 0 -0.891007
vn -0.156434 0 -0.987688
vn 0.156434 0 -0.987688
vn 0.45399 0 -0.891007
vn 0.707107 0 -0.707107
vn 0.891007 0 -0.45399
vn 0.987688 0 -0.156434
vn 0 -1 0
f 144/403/60 145/404/61 125/405/62 124/406/63
f 145/407/61 146/408/64 126/409/65 125/410/62
f 146/411/64 147/412/66 127/413/67 126/414/65
f 147/415/66 148/416/68 128/417/69 127/418/67
f 148/419/68 149/420/70 129/421/71 128/422/69
f 149/423/70 150/424/72 130/425/73 129/426/71
f 150/427/72 151/428/74 131/429/75 130/430/73
f 151/431/74 152/432/76 132/433/77 131/434/75
f 152/435/76 153/436/78 133/437/79 132/438/77
f 153/439/78 154/440/80 134/441/81 133/442/79
f 154/443/80 155/444/82 135/445/83 134/446/81
f 155/447/82 156/448/84 136/449/85 135/450/83
f 156/451/84 157/452/86 137/453/87 136/454/85
f 157/455/86 158/456/88 138/457/89 137/458/87
f 158/459/88 159/460/90 139/461/91 138/462/89
f 159/463/90 160/464/92 140/465/93 139/466/91
f 160/467/92 161/468/94 141/469/95 140/470/93
f 161/471/94 162/472/96 142/473/97 141/474/95
f 162/475/96 163/476/98 143/477/99 142/478/97
f 163/479/98 144/480/60 124/481/63 143/482/99
f 164/483/100 165/484/101 145/485/61 144/486/60
f 165/487/101 166/488/102 146/489/64 145/490/61
f 166/491/102 167/492/103 147/493/66 146/494/64
f 167/495/103 168/496/104 148/497/68 147/498/66
f 168/499/104 169/500/105 149/501/70 148/502/68
f 169/503/105 170/504/106 150/505/72 149/506/70
f 170/507/106 171/508/107 151/509/74 150/510/72
f 171/511/107 172/512/108 152/513/76 151/514/74
f 172/515/108 173/516/109 153/517/78 152/518/76
f 173/519/109 174/520/110 154/521/80 153/522/78
f 174/523/110 175/524/111 155/525/82 154/526/80
f 175/527/111 176/528/112 156/529/84 155/530/82
f 176/531/112 177/532/113 157/533/86 156/534/84
f 177/535/113 178/536/114 158/537/88 157/538/86
f 178/539/114 179/540/115 159/541/90 158/542/88
f 179/543/115 180/544/116 160/545/92 159/546/90
f 180/547/116 181/548/117 161/549/94 160/550/92
f 181/551/117 182/552/118 162/553/96 161/554/94
f 182/555/118 183/556/119 163/557/98 162/558/96
f 183/559/119 164/560/100 144/561/60 163/562/98
f 184/563/120 124/564/120 125/565/120
f 184/566/120 125/567/120 126/568/120
f 184/569/120 126/570/120 127/571/120
f 184/572/120 127/573/120 128/574/120
f 184/575/120 128/576/120 129/577/120
f 184/578/120 129/579/120 130/580/120
f 184/581/120 130/582/120 131/583/120
f 184/584/120 131/585/120 132/586/120
f 184/587/120 132/588/120 133/589/120
f 184/590/120 133/591/120 134/592/120
f 184/593/120 134/594/120 135/595/120
f 184/596/120 135/597/120 136/598/120
f 184/599/120 136/600/120 137/601/120
f 184/602/120 137/603/120 138/604/120
f 184/605/120 138/606/120 139/607/120
f 184/608/120 139/609/120 140/610/120
f 184/611/120 140/612/120 141/613/120
f 184/614/120 141/615/120 142/616/120
f 184/617/120 142/618/120 143/619/120
f 184/620/120 143/621/120 124/622/120
o hand_fuel_pump__body_small_drum__housing
usemtl fuel_containers
v 0.445313 0.087841 0.347559
v 0.445313 0.083365 0.367174
v 0.445313 0.074635 0.3853
v 0.445313 0.062092 0.401029
v 0.445313 0.046362 0.413573
v 0.445313 0.028236 0.422302
v 0.445313 0.008622 0.426779
v 0.445313 -0.011497 0.426779
v 0.445313 -0.031111 0.422302
v 0.445313 -0.049237 0.413573
v 0.445313 -0.064967 0.401029
v 0.445313 -0.07751 0.3853
v 0.445313 -0.08624 0.367174
v 0.445313 -0.090716 0.347559
v 0.445313 -0.090716 0.327441
v 0.445313 -0.08624 0.307826
v 0.445313 -0.07751 0.2897
v 0.445313 -0.064967 0.273971
v 0.445313 -0.049237 0.261427
v 0.445313 -0.031111 0.252698
v 0.445313 -0.011497 0.248221
v 0.445313 0.008622 0.248221
v 0.445313 0.028236 0.252698
v 0.445313 0.046362 0.261427
v 0.445313 0.062092 0.273971
v 0.445313 0.074635 0.2897
v 0.445313 0.083365 0.307826
v 0.445313 0.087841 0.327441
v 0.554688 0.087841 0.347559
v 0.554688 0.083365 0.367174
v 0.554688 0.074635 0.3853
v 0.554688 0.062092 0.401029
v 0.554688 0.046362 0.413573
v 0.554688 0.028236 0.422302
v 0.554688 0.008622 0.426779
v 0.554688 -0.011497 0.426779
v 0.554688 -0.031111 0.422302
v 0.554688 -0.049237 0.413573
v 0.554688 -0.064967 0.401029
v 0.554688 -0.07751 0.3853
v 0.554688 -0.08624 0.367174
v 0.554688 -0.090716 0.347559
v 0.554688 -0.090716 0.327441
v 0.554688 -0.08624 0.307826
v 0.554688 -0.07751 0.2897
v 0.554688 -0.064967 0.273971
v 0.554688 -0.049237 0.261427
v 0.554688 -0.031111 0.252698
v 0.554688 -0.011497 0.248221
v 0.554688 0.008622 0.248221
v 0.554688 0.028236 0.252698
v 0.554688 0.046362 0.261427
v 0.554688 0.062092 0.273971
v 0.554688 0.074635 0.2897
v 0.554688 0.083365 0.307826
v 0.554688 0.087841 0.327441
v 0.445313 -0.001437 0.3375
v 0.554688 -0.001437 0.3375
vt 0.319336 0.322851
vt 0.319336 0.327252
vt 0.29541 0.327252
vt 0.29541 0.322851
vt 0.319336 0.327252
vt 0.319336 0.331543
vt 0.29541 0.331543
vt 0.29541 0.327252
vt 0.972656 0.276898
vt 0.972656 0.281271
vt 0.94873 0.281271
vt 0.94873 0.276898
vt 0.972656 0.281271
vt 0.972656 0.285645
vt 0.94873 0.285645
vt 0.94873 0.281271
vt 0.40918 0.264203
vt 0.40918 0.268576
vt 0.385254 0.268576
vt 0.385254 0.264203
vt 0.40918 0.268576
vt 0.40918 0.272949
vt 0.385254 0.272949
vt 0.385254 0.268576
vt 0.57666 0.272949
vt 0.57666 0.268576
vt 0.600586 0.268576
vt 0.600586 0.272949
vt 0.57666 0.268576
vt 0.57666 0.264203
vt 0.600586 0.264203
vt 0.600586 0.268576
vt 0.412598 0.272949
vt 0.412598 0.268576
vt 0.436523 0.268576
vt 0.436523 0.272949
vt 0.412598 0.268576
vt 0.412598 0.264203
vt 0.436523 0.264203
vt 0.436523 0.268576
vt 0.757324 0.285645
vt 0.757324 0.281271
vt 0.78125 0.281271
vt 0.78125 0.285645
vt 0.757324 0.281271
vt 0.757324 0.276898
vt 0.78125 0.276898
vt 0.78125 0.281271
vt 0.593262 0.285645
vt 0.593262 0.281271
vt 0.617188 0.281271
vt 0.617188 0.285645
vt 0.593262 0.281271
vt 0.593262 0.276898
vt 0.617188 0.276898
vt 0.617188 0.281271
vt 0.620605 0.285645
vt 0.620605 0.281271
vt 0.644531 0.281271
vt 0.644531 0.285645
vt 0.620605 0.281271
vt 0.620605 0.276898
vt 0.644531 0.276898
vt 0.644531 0.281271
vt 0.521973 0.272949
vt 0.521973 0.268576
vt 0.545898 0.268576
vt 0.545898 0.272949
vt 0.521973 0.268576
vt 0.521973 0.264203
vt 0.545898 0.264203
vt 0.545898 0.268576
vt 0.29248 0.285645
vt 0.29248 0.281271
vt 0.316406 0.281271
vt 0.316406 0.285645
vt 0.29248 0.281271
vt 0.29248 0.276898
vt 0.316406 0.276898
vt 0.316406 0.281271
vt 0.217773 0.264203
vt 0.217773 0.268576
vt 0.193848 0.268576
vt 0.193848 0.264203
vt 0.217773 0.268576
vt 0.217773 0.272949
vt 0.193848 0.272949
vt 0.193848 0.268576
vt 0.463867 0.264203
vt 0.463867 0.268576
vt 0.439941 0.268576
vt 0.439941 0.264203
vt 0.463867 0.268576
vt 0.463867 0.272949
vt 0.439941 0.272949
vt 0.439941 0.268576
vt 0.398438 0.276898
vt 0.398438 0.281271
vt 0.374512 0.281271
vt 0.374512 0.276898
vt 0.398438 0.281271
vt 0.398438 0.285645
vt 0.374512 0.285645
vt 0.374512 0.281271
vt 0.683594 0.189447
vt 0.683594 0.193848
vt 0.659668 0.193848
vt 0.659668 0.189447
vt 0.319336 0.318561
vt 0.319336 0.322851
vt 0.29541 0.322851
vt 0.29541 0.318561
vt 0.841311 0.70034
vt 0.840332 0.69605
vt 0.859862 0.693849
vt 0.843221 0.704305
vt 0.841311 0.70034
vt 0.859862 0.693849
vt 0.845965 0.707746
vt 0.843221 0.704305
vt 0.859862 0.693849
vt 0.849406 0.71049
vt 0.845965 0.707746
vt 0.859862 0.693849
vt 0.853371 0.7124
vt 0.849406 0.71049
vt 0.859862 0.693849
vt 0.857661 0.713379
vt 0.853371 0.7124
vt 0.859862 0.693849
vt 0.862062 0.713379
vt 0.857661 0.713379
vt 0.859862 0.693849
vt 0.866353 0.7124
vt 0.862062 0.713379
vt 0.859862 0.693849
vt 0.870318 0.71049
vt 0.866353 0.7124
vt 0.859862 0.693849
vt 0.873759 0.707746
vt 0.870318 0.71049
vt 0.859862 0.693849
vt 0.876503 0.704305
vt 0.873759 0.707746
vt 0.859862 0.693849
vt 0.878412 0.70034
vt 0.876503 0.704305
vt 0.859862 0.693849
vt 0.879392 0.69605
vt 0.878412 0.70034
vt 0.859862 0.693849
vt 0.879392 0.691649
vt 0.879392 0.69605
vt 0.859862 0.693849
vt 0.878412 0.687358
vt 0.879392 0.691649
vt 0.859862 0.693849
vt 0.876503 0.683393
vt 0.878412 0.687358
vt 0.859862 0.693849
vt 0.873759 0.679952
vt 0.876503 0.683393
vt 0.859862 0.693849
vt 0.870318 0.677208
vt 0.873759 0.679952
vt 0.859862 0.693849
vt 0.866353 0.675299
vt 0.870318 0.677208
vt 0.859862 0.693849
vt 0.862062 0.674319
vt 0.866353 0.675299
vt 0.859862 0.693849
vt 0.857661 0.674319
vt 0.862062 0.674319
vt 0.859862 0.693849
vt 0.853371 0.675299
vt 0.857661 0.674319
vt 0.859862 0.693849
vt 0.849406 0.677208
vt 0.853371 0.675299
vt 0.859862 0.693849
vt 0.845965 0.679952
vt 0.849406 0.677208
vt 0.859862 0.693849
vt 0.843221 0.683393
vt 0.845965 0.679952
vt 0.859862 0.693849
vt 0.841311 0.687358
vt 0.843221 0.683393
vt 0.859862 0.693849
vt 0.840332 0.691649
vt 0.841311 0.687358
vt 0.859862 0.693849
vt 0.840332 0.69605
vt 0.840332 0.691649
vt 0.859862 0.693849
vt 0.901854 0.693849
vt 0.921384 0.69605
vt 0.920404 0.70034
vt 0.901854 0.693849
vt 0.920404 0.70034
vt 0.918495 0.704305
vt 0.901854 0.693849
vt 0.918495 0.704305
vt 0.915751 0.707746
vt 0.901854 0.693849
vt 0.915751 0.707746
vt 0.91231 0.71049
vt 0.901854 0.693849
vt 0.91231 0.71049
vt 0.908345 0.7124
vt 0.901854 0.693849
vt 0.908345 0.7124
vt 0.904054 0.713379
vt 0.901854 0.693849
vt 0.904054 0.713379
vt 0.899653 0.713379
vt 0.901854 0.693849
vt 0.899653 0.713379
vt 0.895363 0.7124
vt 0.901854 0.693849
vt 0.895363 0.7124
vt 0.891398 0.71049
vt 0.901854 0.693849
vt 0.891398 0.71049
vt 0.887957 0.707746
vt 0.901854 0.693849
vt 0.887957 0.707746
vt 0.885213 0.704305
vt 0.901854 0.693849
vt 0.885213 0.704305
vt 0.883304 0.70034
vt 0.901854 0.693849
vt 0.883304 0.70034
vt 0.882324 0.69605
vt 0.901854 0.693849
vt 0.882324 0.69605
vt 0.882324 0.691649
vt 0.901854 0.693849
vt 0.882324 0.691649
vt 0.883304 0.687358
vt 0.901854 0.693849
vt 0.883304 0.687358
vt 0.885213 0.683393
vt 0.901854 0.693849
vt 0.885213 0.683393
vt 0.887957 0.679952
vt 0.901854 0.693849
vt 0.887957 0.679952
vt 0.891398 0.677208
vt 0.901854 0.693849
vt 0.891398 0.677208
vt 0.895363 0.675299
vt 0.901854 0.693849
vt 0.895363 0.675299
vt 0.899653 0.674319
vt 0.901854 0.693849
vt 0.899653 0.674319
vt 0.904054 0.674319
vt 0.901854 0.693849
vt 0.904054 0.674319
vt 0.908345 0.675299
vt 0.901854 0.693849
vt 0.908345 0.675299
vt 0.91231 0.677208
vt 0.901854 0.693849
vt 0.91231 0.677208
vt 0.915751 0.679952
vt 0.901854 0.693849
vt 0.915751 0.679952
vt 0.918495 0.683393
vt 0.901854 0.693849
vt 0.918495 0.683393
vt 0.920404 0.687358
vt 0.901854 0.693849
vt 0.920404 0.687358
vt 0.921384 0.691649
vt 0.901854 0.693849
vt 0.921384 0.691649
vt 0.921384 0.69605
vn 0 0.993712 0.111964
vn 0 0.943883 0.330279
vn 0 0.846724 0.532032
vn 0 0.707107 0.707107
vn 0 0.532032 0.846724
vn 0 0.330279 0.943883
vn 0 0.111964 0.993712
vn 0 -0.111964 0.993712
vn 0 -0.330279 0.943883
vn 0 -0.532032 0.846724
vn 0 -0.707107 0.707107
vn 0 -0.846724 0.532032
vn 0 -0.943883 0.330279
vn 0 -0.993712 0.111964
vn 0 -0.993712 -0.111964
vn 0 -0.943883 -0.330279
vn 0 -0.846724 -0.532032
vn 0 -0.707107 -0.707107
vn 0 -0.532032 -0.846724
vn 0 -0.330279 -0.943883
vn 0 -0.111964 -0.993712
vn 0 0.111964 -0.993712
vn 0 0.330279 -0.943883
vn 0 0.532032 -0.846724
vn 0 0.707107 -0.707107
vn 0 0.846724 -0.532032
vn 0 0.943883 -0.330279
vn 0 0.993712 -0.111964
vn -1 0 0
vn 1 0 0
f 185/623/121 186/624/122 214/625/122 213/626/121
f 186/627/122 187/628/123 215/629/123 214/630/122
f 187/631/123 188/632/124 216/633/124 215/634/123
f 188/635/124 189/636/125 217/637/125 216/638/124
f 189/639/125 190/640/126 218/641/126 217/642/125
f 190/643/126 191/644/127 219/645/127 218/646/126
f 191/647/127 192/648/128 220/649/128 219/650/127
f 192/651/128 193/652/129 221/653/129 220/654/128
f 193/655/129 194/656/130 222/657/130 221/658/129
f 194/659/130 195/660/131 223/661/131 222/662/130
f 195/663/131 196/664/132 224/665/132 223/666/131
f 196/667/132 197/668/133 225/669/133 224/670/132
f 197/671/133 198/672/134 226/673/134 225/674/133
f 198/675/134 199/676/135 227/677/135 226/678/134
f 199/679/135 200/680/136 228/681/136 227/682/135
f 200/683/136 201/684/137 229/685/137 228/686/136
f 201/687/137 202/688/138 230/689/138 229/690/137
f 202/691/138 203/692/139 231/693/139 230/694/138
f 203/695/139 204/696/140 232/697/140 231/698/139
f 204/699/140 205/700/141 233/701/141 232/702/140
f 205/703/141 206/704/142 234/705/142 233/706/141
f 206/707/142 207/708/143 235/709/143 234/710/142
f 207/711/143 208/712/144 236/713/144 235/714/143
f 208/715/144 209/716/145 237/717/145 236/718/144
f 209/719/145 210/720/146 238/721/146 237/722/145
f 210/723/146 211/724/147 239/725/147 238/726/146
f 211/727/147 212/728/148 240/729/148 239/730/147
f 212/731/148 185/732/121 213/733/121 240/734/148
f 186/735/149 185/736/149 241/737/149
f 187/738/149 186/739/149 241/740/149
f 188/741/149 187/742/149 241/743/149
f 189/744/149 188/745/149 241/746/149
f 190/747/149 189/748/149 241/749/149
f 191/750/149 190/751/149 241/752/149
f 192/753/149 191/754/149 241/755/149
f 193/756/149 192/757/149 241/758/149
f 194/759/149 193/760/149 241/761/149
f 195/762/149 194/763/149 241/764/149
f 196/765/149 195/766/149 241/767/149
f 197/768/149 196/769/149 241/770/149
f 198/771/149 197/772/149 241/773/149
f 199/774/149 198/775/149 241/776/149
f 200/777/149 199/778/149 241/779/149
f 201/780/149 200/781/149 241/782/149
f 202/783/149 201/784/149 241/785/149
f 203/786/149 202/787/149 241/788/149
f 204/789/149 203/790/149 241/791/149
f 205/792/149 204/793/149 241/794/149
f 206/795/149 205/796/149 241/797/149
f 207/798/149 206/799/149 241/800/149
f 208/801/149 207/802/149 241/803/149
f 209/804/149 208/805/149 241/806/149
f 210/807/149 209/808/149 241/809/149
f 211/810/149 210/811/149 241/812/149
f 212/813/149 211/814/149 241/815/149
f 185/816/149 212/817/149 241/818/149
f 242/819/150 213/820/150 214/821/150
f 242/822/150 214/823/150 215/824/150
f 242/825/150 215/826/150 216/827/150
f 242/828/150 216/829/150 217/830/150
f 242/831/150 217/832/150 218/833/150
f 242/834/150 218/835/150 219/836/150
f 242/837/150 219/838/150 220/839/150
f 242/840/150 220/841/150 221/842/150
f 242/843/150 221/844/150 222/845/150
f 242/846/150 222/847/150 223/848/150
f 242/849/150 223/850/150 224/851/150
f 242/852/150 224/853/150 225/854/150
f 242/855/150 225/856/150 226/857/150
f 242/858/150 226/859/150 227/860/150
f 242/861/150 227/862/150 228/863/150
f 242/864/150 228/865/150 229/866/150
f 242/867/150 229/868/150 230/869/150
f 242/870/150 230/871/150 231/872/150
f 242/873/150 231/874/150 232/875/150
f 242/876/150 232/877/150 233/878/150
f 242/879/150 233/880/150 234/881/150
f 242/882/150 234/883/150 235/884/150
f 242/885/150 235/886/150 236/887/150
f 242/888/150 236/889/150 237/890/150
f 242/891/150 237/892/150 238/893/150
f 242/894/150 238/895/150 239/896/150
f 242/897/150 239/898/150 240/899/150
f 242/900/150 240/901/150 213/902/150
o hand_fuel_pump__body_small_drum__covers
usemtl fuel_containers
v 0.439063 0.096381 0.348522
v 0.439063 0.091476 0.370012
v 0.439063 0.081912 0.389872
v 0.439063 0.068168 0.407106
v 0.439063 0.050934 0.420849
v 0.439063 0.031074 0.430414
v 0.439063 0.009584 0.435319
v 0.439063 -0.012459 0.435319
v 0.439063 -0.033949 0.430414
v 0.439063 -0.053809 0.420849
v 0.439063 -0.071043 0.407106
v 0.439063 -0.084787 0.389872
v 0.439063 -0.094351 0.370012
v 0.439063 -0.099256 0.348522
v 0.439063 -0.099256 0.326478
v 0.439063 -0.094351 0.304988
v 0.439063 -0.084787 0.285128
v 0.439063 -0.071043 0.267894
v 0.439063 -0.053809 0.254151
v 0.439063 -0.033949 0.244586
v 0.439063 -0.012459 0.239681
v 0.439063 0.009584 0.239681
v 0.439063 0.031074 0.244586
v 0.439063 0.050934 0.254151
v 0.439063 0.068168 0.267894
v 0.439063 0.081912 0.285128
v 0.439063 0.091476 0.304988
v 0.439063 0.096381 0.326478
v 0.451562 0.096381 0.348522
v 0.451562 0.091476 0.370012
v 0.451562 0.081912 0.389872
v 0.451562 0.068168 0.407106
v 0.451562 0.050934 0.420849
v 0.451562 0.031074 0.430414
v 0.451562 0.009584 0.435319
v 0.451562 -0.012459 0.435319
v 0.451562 -0.033949 0.430414
v 0.451562 -0.053809 0.420849
v 0.451562 -0.071043 0.407106
v 0.451562 -0.084787 0.389872
v 0.451562 -0.094351 0.370012
v 0.451562 -0.099256 0.348522
v 0.451562 -0.099256 0.326478
v 0.451562 -0.094351 0.304988
v 0.451562 -0.084787 0.285128
v 0.451562 -0.071043 0.267894
v 0.451562 -0.053809 0.254151
v 0.451562 -0.033949 0.244586
v 0.451562 -0.012459 0.239681
v 0.451562 0.009584 0.239681
v 0.451562 0.031074 0.244586
v 0.451562 0.050934 0.254151
v 0.451562 0.068168 0.267894
v 0.451562 0.081912 0.285128
v 0.451562 0.091476 0.304988
v 0.451562 0.096381 0.326478
v 0.439063 -0.001437 0.3375
v 0.451562 -0.001437 0.3375
v 0.548438 0.096381 0.348522
v 0.548438 0.091476 0.370012
v 0.548438 0.081912 0.389872
v 0.548438 0.068168 0.407106
v 0.548438 0.050934 0.420849
v 0.548438 0.031074 0.430414
v 0.548438 0.009584 0.435319
v 0.548438 -0.012459 0.435319
v 0.548438 -0.033949 0.430414
v 0.548438 -0.053809 0.420849
v 0.548438 -0.071043 0.407106
v 0.548438 -0.084787 0.389872
v 0.548438 -0.094351 0.370012
v 0.548438 -0.099256 0.348522
v 0.548438 -0.099256 0.326478
v 0.548438 -0.094351 0.304988
v 0.548438 -0.084787 0.285128
v 0.548438 -0.071043 0.267894
v 0.548438 -0.053809 0.254151
v 0.548438 -0.033949 0.244586
v 0.548438 -0.012459 0.239681
v 0.548438 0.009584 0.239681
v 0.548438 0.031074 0.244586
v 0.548438 0.050934 0.254151
v 0.548438 0.068168 0.267894
v 0.548438 0.081912 0.285128
v 0.548438 0.091476 0.304988
v 0.548438 0.096381 0.326478
v 0.560937 0.096381 0.348522
v 0.560937 0.091476 0.370012
v 0.560937 0.081912 0.389872
v 0.560937 0.068168 0.407106
v 0.560937 0.050934 0.420849
v 0.560937 0.031074 0.430414
v 0.560937 0.009584 0.435319
v 0.560937 -0.012459 0.435319
v 0.560937 -0.033949 0.430414
v 0.560937 -0.053809 0.420849
v 0.560937 -0.071043 0.407106
v 0.560937 -0.084787 0.389872
v 0.560937 -0.094351 0.370012
v 0.560937 -0.099256 0.348522
v 0.560937 -0.099256 0.326478
v 0.560937 -0.094351 0.304988
v 0.560937 -0.084787 0.285128
v 0.560937 -0.071043 0.267894
v 0.560937 -0.053809 0.254151
v 0.560937 -0.033949 0.244586
v 0.560937 -0.012459 0.239681
v 0.560937 0.009584 0.239681
v 0.560937 0.031074 0.244586
v 0.560937 0.050934 0.254151
v 0.560937 0.068168 0.267894
v 0.560937 0.081912 0.285128
v 0.560937 0.091476 0.304988
v 0.560937 0.096381 0.326478
v 0.548438 -0.001437 0.3375
v 0.560937 -0.001437 0.3375
v 0.560937 0.029212 0.343597
v 0.560937 0.024546 0.354862
v 0.560937 0.015924 0.363483
v 0.560937 0.004659 0.36815
v 0.560937 -0.007534 0.36815
v 0.560937 -0.018799 0.363483
v 0.560937 -0.027421 0.354862
v 0.560937 -0.032087 0.343597
v 0.560937 -0.032087 0.331403
v 0.560937 -0.027421 0.320138
v 0.560937 -0.018799 0.311517
v 0.560937 -0.007534 0.30685
v 0.560937 0.004659 0.30685
v 0.560937 0.015924 0.311517
v 0.560937 0.024546 0.320138
v 0.560937 0.029212 0.331403
v 0.578125 0.029212 0.343597
v 0.578125 0.024546 0.354862
v 0.578125 0.015924 0.363483
v 0.578125 0.004659 0.36815
v 0.578125 -0.007534 0.36815
v 0.578125 -0.018799 0.363483
v 0.578125 -0.027421 0.354862
v 0.578125 -0.032087 0.343597
v 0.578125 -0.032087 0.331403
v 0.578125 -0.027421 0.320138
v 0.578125 -0.018799 0.311517
v 0.578125 -0.007534 0.30685
v 0.578125 0.004659 0.30685
v 0.578125 0.015924 0.311517
v 0.578125 0.024546 0.320138
v 0.578125 0.029212 0.331403
v 0.578125 -0.001437 0.3375
vt 0.664369 0.114941
vt 0.669191 0.114941
vt 0.669191 0.117676
vt 0.664369 0.117676
vt 0.669191 0.114941
vt 0.673892 0.114941
vt 0.673892 0.117676
vt 0.669191 0.117676
vt 0.901855 0.114941
vt 0.906647 0.114941
vt 0.906647 0.117676
vt 0.901855 0.117676
vt 0.906647 0.114941
vt 0.911439 0.114941
vt 0.911439 0.117676
vt 0.906647 0.117676
vt 0.16748 0.109082
vt 0.172272 0.109082
vt 0.172272 0.111816
vt 0.16748 0.111816
vt 0.172272 0.109082
vt 0.177064 0.109082
vt 0.177064 0.111816
vt 0.172272 0.111816
vt 0.888001 0.111816
vt 0.88321 0.111816
vt 0.88321 0.109082
vt 0.888001 0.109082
vt 0.88321 0.111816
vt 0.878418 0.111816
vt 0.878418 0.109082
vt 0.88321 0.109082
vt 0.989564 0.111816
vt 0.984772 0.111816
vt 0.984772 0.109082
vt 0.989564 0.109082
vt 0.984772 0.111816
vt 0.97998 0.111816
vt 0.97998 0.109082
vt 0.984772 0.109082
vt 0.189759 0.111816
vt 0.184967 0.111816
vt 0.184967 0.109082
vt 0.189759 0.109082
vt 0.184967 0.111816
vt 0.180176 0.111816
vt 0.180176 0.109082
vt 0.184967 0.109082
vt 0.08722 0.105957
vt 0.082428 0.105957
vt 0.082428 0.103223
vt 0.08722 0.103223
vt 0.082428 0.105957
vt 0.077637 0.105957
vt 0.077637 0.103223
vt 0.082428 0.103223
vt 0.659486 0.111816
vt 0.654694 0.111816
vt 0.654694 0.109082
vt 0.659486 0.109082
vt 0.654694 0.111816
vt 0.649902 0.111816
vt 0.649902 0.109082
vt 0.654694 0.109082
vt 0.900696 0.111816
vt 0.895905 0.111816
vt 0.895905 0.109082
vt 0.900696 0.109082
vt 0.895905 0.111816
vt 0.891113 0.111816
vt 0.891113 0.109082
vt 0.895905 0.109082
vt 0.809876 0.117676
vt 0.805085 0.117676
vt 0.805085 0.114941
vt 0.809876 0.114941
vt 0.805085 0.117676
vt 0.800293 0.117676
vt 0.800293 0.114941
vt 0.805085 0.114941
vt 0.903809 0.109082
vt 0.9086 0.109082
vt 0.9086 0.111816
vt 0.903809 0.111816
vt 0.9086 0.109082
vt 0.913392 0.109082
vt 0.913392 0.111816
vt 0.9086 0.111816
vt 0.662598 0.109082
vt 0.667389 0.109082
vt 0.667389 0.111816
vt 0.662598 0.111816
vt 0.667389 0.109082
vt 0.672181 0.109082
vt 0.672181 0.111816
vt 0.667389 0.111816
vt 0.675293 0.109082
vt 0.680085 0.109082
vt 0.680085 0.111816
vt 0.675293 0.111816
vt 0.680085 0.109082
vt 0.684876 0.109082
vt 0.684876 0.111816
vt 0.680085 0.111816
vt 0.030762 0.103223
vt 0.035584 0.103223
vt 0.035584 0.105957
vt 0.030762 0.105957
vt 0.659668 0.114941
vt 0.664369 0.114941
vt 0.664369 0.117676
vt 0.659668 0.117676
vt 0.35224 0.712306
vt 0.347539 0.713379
vt 0.345128 0.691981
vt 0.356585 0.710214
vt 0.35224 0.712306
vt 0.345128 0.691981
vt 0.360355 0.707207
vt 0.356585 0.710214
vt 0.345128 0.691981
vt 0.363361 0.703437
vt 0.360355 0.707207
vt 0.345128 0.691981
vt 0.365453 0.699093
vt 0.363361 0.703437
vt 0.345128 0.691981
vt 0.366526 0.694392
vt 0.365453 0.699093
vt 0.345128 0.691981
vt 0.366526 0.68957
vt 0.366526 0.694392
vt 0.345128 0.691981
vt 0.365453 0.684869
vt 0.366526 0.68957
vt 0.345128 0.691981
vt 0.363361 0.680525
vt 0.365453 0.684869
vt 0.345128 0.691981
vt 0.360355 0.676755
vt 0.363361 0.680525
vt 0.345128 0.691981
vt 0.356585 0.673748
vt 0.360355 0.676755
vt 0.345128 0.691981
vt 0.35224 0.671656
vt 0.356585 0.673748
vt 0.345128 0.691981
vt 0.347539 0.670583
vt 0.35224 0.671656
vt 0.345128 0.691981
vt 0.342717 0.670583
vt 0.347539 0.670583
vt 0.345128 0.691981
vt 0.338016 0.671656
vt 0.342717 0.670583
vt 0.345128 0.691981
vt 0.333672 0.673748
vt 0.338016 0.671656
vt 0.345128 0.691981
vt 0.329902 0.676755
vt 0.333672 0.673748
vt 0.345128 0.691981
vt 0.326896 0.680525
vt 0.329902 0.676755
vt 0.345128 0.691981
vt 0.324803 0.684869
vt 0.326896 0.680525
vt 0.345128 0.691981
vt 0.32373 0.68957
vt 0.324803 0.684869
vt 0.345128 0.691981
vt 0.32373 0.694392
vt 0.32373 0.68957
vt 0.345128 0.691981
vt 0.324803 0.699093
vt 0.32373 0.694392
vt 0.345128 0.691981
vt 0.326896 0.703437
vt 0.324803 0.699093
vt 0.345128 0.691981
vt 0.329902 0.707207
vt 0.326896 0.703437
vt 0.345128 0.691981
vt 0.333672 0.710214
vt 0.329902 0.707207
vt 0.345128 0.691981
vt 0.338016 0.712306
vt 0.333672 0.710214
vt 0.345128 0.691981
vt 0.342717 0.713379
vt 0.338016 0.712306
vt 0.345128 0.691981
vt 0.347539 0.713379
vt 0.342717 0.713379
vt 0.345128 0.691981
vt 0.391027 0.691981
vt 0.393438 0.670583
vt 0.398139 0.671656
vt 0.391027 0.691981
vt 0.398139 0.671656
vt 0.402483 0.673748
vt 0.391027 0.691981
vt 0.402483 0.673748
vt 0.406253 0.676755
vt 0.391027 0.691981
vt 0.406253 0.676755
vt 0.409259 0.680525
vt 0.391027 0.691981
vt 0.409259 0.680525
vt 0.411352 0.684869
vt 0.391027 0.691981
vt 0.411352 0.684869
vt 0.412425 0.68957
vt 0.391027 0.691981
vt 0.412425 0.68957
vt 0.412425 0.694392
vt 0.391027 0.691981
vt 0.412425 0.694392
vt 0.411352 0.699093
vt 0.391027 0.691981
vt 0.411352 0.699093
vt 0.409259 0.703437
vt 0.391027 0.691981
vt 0.409259 0.703437
vt 0.406253 0.707207
vt 0.391027 0.691981
vt 0.406253 0.707207
vt 0.402483 0.710214
vt 0.391027 0.691981
vt 0.402483 0.710214
vt 0.398139 0.712306
vt 0.391027 0.691981
vt 0.398139 0.712306
vt 0.393438 0.713379
vt 0.391027 0.691981
vt 0.393438 0.713379
vt 0.388616 0.713379
vt 0.391027 0.691981
vt 0.388616 0.713379
vt 0.383915 0.712306
vt 0.391027 0.691981
vt 0.383915 0.712306
vt 0.37957 0.710214
vt 0.391027 0.691981
vt 0.37957 0.710214
vt 0.3758 0.707207
vt 0.391027 0.691981
vt 0.3758 0.707207
vt 0.372794 0.703437
vt 0.391027 0.691981
vt 0.372794 0.703437
vt 0.370702 0.699093
vt 0.391027 0.691981
vt 0.370702 0.699093
vt 0.369629 0.694392
vt 0.391027 0.691981
vt 0.369629 0.694392
vt 0.369629 0.68957
vt 0.391027 0.691981
vt 0.369629 0.68957
vt 0.370702 0.684869
vt 0.391027 0.691981
vt 0.370702 0.684869
vt 0.372794 0.680525
vt 0.391027 0.691981
vt 0.372794 0.680525
vt 0.3758 0.676755
vt 0.391027 0.691981
vt 0.3758 0.676755
vt 0.37957 0.673748
vt 0.391027 0.691981
vt 0.37957 0.673748
vt 0.383915 0.671656
vt 0.391027 0.691981
vt 0.383915 0.671656
vt 0.388616 0.670583
vt 0.391027 0.691981
vt 0.388616 0.670583
vt 0.393438 0.670583
vt 0.681947 0.114941
vt 0.686769 0.114941
vt 0.686769 0.117676
vt 0.681947 0.117676
vt 0.686769 0.114941
vt 0.69147 0.114941
vt 0.69147 0.117676
vt 0.686769 0.117676
vt 0.914551 0.114941
vt 0.919342 0.114941
vt 0.919342 0.117676
vt 0.914551 0.117676
vt 0.919342 0.114941
vt 0.924134 0.114941
vt 0.924134 0.117676
vt 0.919342 0.117676
vt 0.192871 0.109082
vt 0.197663 0.109082
vt 0.197663 0.111816
vt 0.192871 0.111816
vt 0.197663 0.109082
vt 0.202454 0.109082
vt 0.202454 0.111816
vt 0.197663 0.111816
vt 0.926087 0.111816
vt 0.921295 0.111816
vt 0.921295 0.109082
vt 0.926087 0.109082
vt 0.921295 0.111816
vt 0.916504 0.111816
vt 0.916504 0.109082
vt 0.921295 0.109082
vt 0.012025 0.105957
vt 0.007233 0.105957
vt 0.007233 0.103223
vt 0.012025 0.103223
vt 0.007233 0.105957
vt 0.002441 0.105957
vt 0.002441 0.103223
vt 0.007233 0.103223
vt 0.21515 0.111816
vt 0.210358 0.111816
vt 0.210358 0.109082
vt 0.21515 0.109082
vt 0.210358 0.111816
vt 0.205566 0.111816
vt 0.205566 0.109082
vt 0.210358 0.109082
vt 0.099915 0.105957
vt 0.095124 0.105957
vt 0.095124 0.103223
vt 0.099915 0.103223
vt 0.095124 0.105957
vt 0.090332 0.105957
vt 0.090332 0.103223
vt 0.095124 0.103223
vt 0.697571 0.111816
vt 0.69278 0.111816
vt 0.69278 0.109082
vt 0.697571 0.109082
vt 0.69278 0.111816
vt 0.687988 0.111816
vt 0.687988 0.109082
vt 0.69278 0.109082
vt 0.938782 0.111816
vt 0.933991 0.111816
vt 0.933991 0.109082
vt 0.938782 0.109082
vt 0.933991 0.111816
vt 0.929199 0.111816
vt 0.929199 0.109082
vt 0.933991 0.109082
vt 0.822571 0.117676
vt 0.81778 0.117676
vt 0.81778 0.114941
vt 0.822571 0.114941
vt 0.81778 0.117676
vt 0.812988 0.117676
vt 0.812988 0.114941
vt 0.81778 0.114941
vt 0.941895 0.109082
vt 0.946686 0.109082
vt 0.946686 0.111816
vt 0.941895 0.111816
vt 0.946686 0.109082
vt 0.951478 0.109082
vt 0.951478 0.111816
vt 0.946686 0.111816
vt 0.700684 0.109082
vt 0.705475 0.109082
vt 0.705475 0.111816
vt 0.700684 0.111816
vt 0.705475 0.109082
vt 0.710267 0.109082
vt 0.710267 0.111816
vt 0.705475 0.111816
vt 0.713379 0.109082
vt 0.71817 0.109082
vt 0.71817 0.111816
vt 0.713379 0.111816
vt 0.71817 0.109082
vt 0.722962 0.109082
vt 0.722962 0.111816
vt 0.71817 0.111816
vt 0.038574 0.103223
vt 0.043396 0.103223
vt 0.043396 0.105957
vt 0.038574 0.105957
vt 0.677246 0.114941
vt 0.681947 0.114941
vt 0.681947 0.117676
vt 0.677246 0.117676
vt 0.444037 0.712306
vt 0.439336 0.713379
vt 0.436925 0.691981
vt 0.448382 0.710214
vt 0.444037 0.712306
vt 0.436925 0.691981
vt 0.452151 0.707207
vt 0.448382 0.710214
vt 0.436925 0.691981
vt 0.455158 0.703437
vt 0.452151 0.707207
vt 0.436925 0.691981
vt 0.45725 0.699093
vt 0.455158 0.703437
vt 0.436925 0.691981
vt 0.458323 0.694392
vt 0.45725 0.699093
vt 0.436925 0.691981
vt 0.458323 0.68957
vt 0.458323 0.694392
vt 0.436925 0.691981
vt 0.45725 0.684869
vt 0.458323 0.68957
vt 0.436925 0.691981
vt 0.455158 0.680525
vt 0.45725 0.684869
vt 0.436925 0.691981
vt 0.452151 0.676755
vt 0.455158 0.680525
vt 0.436925 0.691981
vt 0.448382 0.673748
vt 0.452151 0.676755
vt 0.436925 0.691981
vt 0.444037 0.671656
vt 0.448382 0.673748
vt 0.436925 0.691981
vt 0.439336 0.670583
vt 0.444037 0.671656
vt 0.436925 0.691981
vt 0.434514 0.670583
vt 0.439336 0.670583
vt 0.436925 0.691981
vt 0.429813 0.671656
vt 0.434514 0.670583
vt 0.436925 0.691981
vt 0.425469 0.673748
vt 0.429813 0.671656
vt 0.436925 0.691981
vt 0.421699 0.676755
vt 0.425469 0.673748
vt 0.436925 0.691981
vt 0.418692 0.680525
vt 0.421699 0.676755
vt 0.436925 0.691981
vt 0.4166 0.684869
vt 0.418692 0.680525
vt 0.436925 0.691981
vt 0.415527 0.68957
vt 0.4166 0.684869
vt 0.436925 0.691981
vt 0.415527 0.694392
vt 0.415527 0.68957
vt 0.436925 0.691981
vt 0.4166 0.699093
vt 0.415527 0.694392
vt 0.436925 0.691981
vt 0.418692 0.703437
vt 0.4166 0.699093
vt 0.436925 0.691981
vt 0.421699 0.707207
vt 0.418692 0.703437
vt 0.436925 0.691981
vt 0.425469 0.710214
vt 0.421699 0.707207
vt 0.436925 0.691981
vt 0.429813 0.712306
vt 0.425469 0.710214
vt 0.436925 0.691981
vt 0.434514 0.713379
vt 0.429813 0.712306
vt 0.436925 0.691981
vt 0.439336 0.713379
vt 0.434514 0.713379
vt 0.436925 0.691981
vt 0.482824 0.691981
vt 0.485235 0.670583
vt 0.489936 0.671656
vt 0.482824 0.691981
vt 0.489936 0.671656
vt 0.49428 0.673748
vt 0.482824 0.691981
vt 0.49428 0.673748
vt 0.49805 0.676755
vt 0.482824 0.691981
vt 0.49805 0.676755
vt 0.501056 0.680525
vt 0.482824 0.691981
vt 0.501056 0.680525
vt 0.503148 0.684869
vt 0.482824 0.691981
vt 0.503148 0.684869
vt 0.504221 0.68957
vt 0.482824 0.691981
vt 0.504221 0.68957
vt 0.504221 0.694392
vt 0.482824 0.691981
vt 0.504221 0.694392
vt 0.503148 0.699093
vt 0.482824 0.691981
vt 0.503148 0.699093
vt 0.501056 0.703437
vt 0.482824 0.691981
vt 0.501056 0.703437
vt 0.49805 0.707207
vt 0.482824 0.691981
vt 0.49805 0.707207
vt 0.49428 0.710214
vt 0.482824 0.691981
vt 0.49428 0.710214
vt 0.489936 0.712306
vt 0.482824 0.691981
vt 0.489936 0.712306
vt 0.485235 0.713379
vt 0.482824 0.691981
vt 0.485235 0.713379
vt 0.480413 0.713379
vt 0.482824 0.691981
vt 0.480413 0.713379
vt 0.475712 0.712306
vt 0.482824 0.691981
vt 0.475712 0.712306
vt 0.471367 0.710214
vt 0.482824 0.691981
vt 0.471367 0.710214
vt 0.467597 0.707207
vt 0.482824 0.691981
vt 0.467597 0.707207
vt 0.464591 0.703437
vt 0.482824 0.691981
vt 0.464591 0.703437
vt 0.462499 0.699093
vt 0.482824 0.691981
vt 0.462499 0.699093
vt 0.461426 0.694392
vt 0.482824 0.691981
vt 0.461426 0.694392
vt 0.461426 0.68957
vt 0.482824 0.691981
vt 0.461426 0.68957
vt 0.462499 0.684869
vt 0.482824 0.691981
vt 0.462499 0.684869
vt 0.464591 0.680525
vt 0.482824 0.691981
vt 0.464591 0.680525
vt 0.467597 0.676755
vt 0.482824 0.691981
vt 0.467597 0.676755
vt 0.471367 0.673748
vt 0.482824 0.691981
vt 0.471367 0.673748
vt 0.475712 0.671656
vt 0.482824 0.691981
vt 0.475712 0.671656
vt 0.480413 0.670583
vt 0.482824 0.691981
vt 0.480413 0.670583
vt 0.485235 0.670583
vt 0.824561 0.09743
vt 0.824561 0.100098
vt 0.820801 0.100098
vt 0.820801 0.09743
vt 0.735693 0.09743
vt 0.735693 0.100098
vt 0.731934 0.100098
vt 0.731934 0.09743
vt 0.831396 0.09743
vt 0.831396 0.100098
vt 0.827637 0.100098
vt 0.827637 0.09743
vt 0.834473 0.100098
vt 0.834473 0.09743
vt 0.838232 0.09743
vt 0.838232 0.100098
vt 0.841309 0.100098
vt 0.841309 0.09743
vt 0.845068 0.09743
vt 0.845068 0.100098
vt 0.561035 0.100098
vt 0.561035 0.09743
vt 0.564795 0.09743
vt 0.564795 0.100098
vt 0.622559 0.100098
vt 0.622559 0.09743
vt 0.626318 0.09743
vt 0.626318 0.100098
vt 0.73877 0.100098
vt 0.73877 0.09743
vt 0.742529 0.09743
vt 0.742529 0.100098
vt 0.629395 0.100098
vt 0.629395 0.09743
vt 0.633154 0.09743
vt 0.633154 0.100098
vt 0.567871 0.100098
vt 0.567871 0.09743
vt 0.571631 0.09743
vt 0.571631 0.100098
vt 0.848145 0.100098
vt 0.848145 0.09743
vt 0.851904 0.09743
vt 0.851904 0.100098
vt 0.85874 0.09743
vt 0.85874 0.100098
vt 0.85498 0.100098
vt 0.85498 0.09743
vt 0.865576 0.09743
vt 0.865576 0.100098
vt 0.861816 0.100098
vt 0.861816 0.09743
vt 0.872412 0.09743
vt 0.872412 0.100098
vt 0.868652 0.100098
vt 0.868652 0.09743
vt 0.879248 0.09743
vt 0.879248 0.100098
vt 0.875488 0.100098
vt 0.875488 0.09743
vt 0.749365 0.09743
vt 0.749365 0.100098
vt 0.745605 0.100098
vt 0.745605 0.09743
vt 0.789419 0.343393
vt 0.796124 0.344727
vt 0.795103 0.347191
vt 0.789419 0.343393
vt 0.795103 0.347191
vt 0.793217 0.349077
vt 0.789419 0.343393
vt 0.793217 0.349077
vt 0.790753 0.350098
vt 0.789419 0.343393
vt 0.790753 0.350098
vt 0.788086 0.350098
vt 0.789419 0.343393
vt 0.788086 0.350098
vt 0.785622 0.349077
vt 0.789419 0.343393
vt 0.785622 0.349077
vt 0.783736 0.347191
vt 0.789419 0.343393
vt 0.783736 0.347191
vt 0.782715 0.344727
vt 0.789419 0.343393
vt 0.782715 0.344727
vt 0.782715 0.342059
vt 0.789419 0.343393
vt 0.782715 0.342059
vt 0.783736 0.339595
vt 0.789419 0.343393
vt 0.783736 0.339595
vt 0.785622 0.337709
vt 0.789419 0.343393
vt 0.785622 0.337709
vt 0.788086 0.336688
vt 0.789419 0.343393
vt 0.788086 0.336688
vt 0.790753 0.336688
vt 0.789419 0.343393
vt 0.790753 0.336688
vt 0.793217 0.337709
vt 0.789419 0.343393
vt 0.793217 0.337709
vt 0.795103 0.339595
vt 0.789419 0.343393
vt 0.795103 0.339595
vt 0.796124 0.342059
vt 0.789419 0.343393
vt 0.796124 0.342059
vt 0.796124 0.344727
vn 0 0.993712 0.111964
vn 0 0.943883 0.330279
vn 0 0.846724 0.532032
vn 0 0.707107 0.707107
vn 0 0.532032 0.846724
vn 0 0.330279 0.943883
vn 0 0.111964 0.993712
vn 0 -0.111964 0.993712
vn 0 -0.330279 0.943883
vn 0 -0.532032 0.846724
vn 0 -0.707107 0.707107
vn 0 -0.846724 0.532032
vn 0 -0.943883 0.330279
vn 0 -0.993712 0.111964
vn 0 -0.993712 -0.111964
vn 0 -0.943883 -0.330279
vn 0 -0.846724 -0.532032
vn 0 -0.707107 -0.707107
vn 0 -0.532032 -0.846724
vn 0 -0.330279 -0.943883
vn 0 -0.111964 -0.993712
vn 0 0.111964 -0.993712
vn 0 0.330279 -0.943883
vn 0 0.532032 -0.846724
vn 0 0.707107 -0.707107
vn 0 0.846724 -0.532032
vn 0 0.943883 -0.330279
vn 0 0.993712 -0.111964
vn -1 0 0
vn 1 0 0
vn 0 0.980785 0.19509
vn 0 0.83147 0.55557
vn 0 0.55557 0.83147
vn 0 0.19509 0.980785
vn 0 -0.19509 0.980785
vn 0 -0.55557 0.83147
vn 0 -0.83147 0.55557
vn 0 -0.980785 0.19509
vn 0 -0.980785 -0.19509
vn 0 -0.83147 -0.55557
vn 0 -0.55557 -0.83147
vn 0 -0.19509 -0.980785
vn 0 0.19509 -0.980785
vn 0 0.55557 -0.83147
vn 0 0.83147 -0.55557
vn 0 0.980785 -0.19509
f 243/903/151 244/904/152 272/905/152 271/906/151
f 244/907/152 245/908/153 273/909/153 272/910/152
f 245/911/153 246/912/154 274/913/154 273/914/153
f 246/915/154 247/916/155 275/917/155 274/918/154
f 247/919/155 248/920/156 276/921/156 275/922/155
f 248/923/156 249/924/157 277/925/157 276/926/156
f 249/927/157 250/928/158 278/929/158 277/930/157
f 250/931/158 251/932/159 279/933/159 278/934/158
f 251/935/159 252/936/160 280/937/160 279/938/159
f 252/939/160 253/940/161 281/941/161 280/942/160
f 253/943/161 254/944/162 282/945/162 281/946/161
f 254/947/162 255/948/163 283/949/163 282/950/162
f 255/951/163 256/952/164 284/953/164 283/954/163
f 256/955/164 257/956/165 285/957/165 284/958/164
f 257/959/165 258/960/166 286/961/166 285/962/165
f 258/963/166 259/964/167 287/965/167 286/966/166
f 259/967/167 260/968/168 288/969/168 287/970/167
f 260/971/168 261/972/169 289/973/169 288/974/168
f 261/975/169 262/976/170 290/977/170 289/978/169
f 262/979/170 263/980/171 291/981/171 290/982/170
f 263/983/171 264/984/172 292/985/172 291/986/171
f 264/987/172 265/988/173 293/989/173 292/990/172
f 265/991/173 266/992/174 294/993/174 293/994/173
f 266/995/174 267/996/175 295/997/175 294/998/174
f 267/999/175 268/1000/176 296/1001/176 295/1002/175
f 268/1003/176 269/1004/177 297/1005/177 296/1006/176
f 269/1007/177 270/1008/178 298/1009/178 297/1010/177
f 270/1011/178 243/1012/151 271/1013/151 298/1014/178
f 244/1015/179 243/1016/179 299/1017/179
f 245/1018/179 244/1019/179 299/1020/179
f 246/1021/179 245/1022/179 299/1023/179
f 247/1024/179 246/1025/179 299/1026/179
f 248/1027/179 247/1028/179 299/1029/179
f 249/1030/179 248/1031/179 299/1032/179
f 250/1033/179 249/1034/179 299/1035/179
f 251/1036/179 250/1037/179 299/1038/179
f 252/1039/179 251/1040/179 299/1041/179
f 253/1042/179 252/1043/179 299/1044/179
f 254/1045/179 253/1046/179 299/1047/179
f 255/1048/179 254/1049/179 299/1050/179
f 256/1051/179 255/1052/179 299/1053/179
f 257/1054/179 256/1055/179 299/1056/179
f 258/1057/179 257/1058/179 299/1059/179
f 259/1060/179 258/1061/179 299/1062/179
f 260/1063/179 259/1064/179 299/1065/179
f 261/1066/179 260/1067/179 299/1068/179
f 262/1069/179 261/1070/179 299/1071/179
f 263/1072/179 262/1073/179 299/1074/179
f 264/1075/179 263/1076/179 299/1077/179
f 265/1078/179 264/1079/179 299/1080/179
f 266/1081/179 265/1082/179 299/1083/179
f 267/1084/179 266/1085/179 299/1086/179
f 268/1087/179 267/1088/179 299/1089/179
f 269/1090/179 268/1091/179 299/1092/179
f 270/1093/179 269/1094/179 299/1095/179
f 243/1096/179 270/1097/179 299/1098/179
f 300/1099/180 271/1100/180 272/1101/180
f 300/1102/180 272/1103/180 273/1104/180
f 300/1105/180 273/1106/180 274/1107/180
f 300/1108/180 274/1109/180 275/1110/180
f 300/1111/180 275/1112/180 276/1113/180
f 300/1114/180 276/1115/180 277/1116/180
f 300/1117/180 277/1118/180 278/1119/180
f 300/1120/180 278/1121/180 279/1122/180
f 300/1123/180 279/1124/180 280/1125/180
f 300/1126/180 280/1127/180 281/1128/180
f 300/1129/180 281/1130/180 282/1131/180
f 300/1132/180 282/1133/180 283/1134/180
f 300/1135/180 283/1136/180 284/1137/180
f 300/1138/180 284/1139/180 285/1140/180
f 300/1141/180 285/1142/180 286/1143/180
f 300/1144/180 286/1145/180 287/1146/180
f 300/1147/180 287/1148/180 288/1149/180
f 300/1150/180 288/1151/180 289/1152/180
f 300/1153/180 289/1154/180 290/1155/180
f 300/1156/180 290/1157/180 291/1158/180
f 300/1159/180 291/1160/180 292/1161/180
f 300/1162/180 292/1163/180 293/1164/180
f 300/1165/180 293/1166/180 294/1167/180
f 300/1168/180 294/1169/180 295/1170/180
f 300/1171/180 295/1172/180 296/1173/180
f 300/1174/180 296/1175/180 297/1176/180
f 300/1177/180 297/1178/180 298/1179/180
f 300/1180/180 298/1181/180 271/1182/180
f 301/1183/151 302/1184/152 330/1185/152 329/1186/151
f 302/1187/152 303/1188/153 331/1189/153 330/1190/152
f 303/1191/153 304/1192/154 332/1193/154 331/1194/153
f 304/1195/154 305/1196/155 333/1197/155 332/1198/154
f 305/1199/155 306/1200/156 334/1201/156 333/1202/155
f 306/1203/156 307/1204/157 335/1205/157 334/1206/156
f 307/1207/157 308/1208/158 336/1209/158 335/1210/157
f 308/1211/158 309/1212/159 337/1213/159 336/1214/158
f 309/1215/159 310/1216/160 338/1217/160 337/1218/159
f 310/1219/160 311/1220/161 339/1221/161 338/1222/160
f 311/1223/161 312/1224/162 340/1225/162 339/1226/161
f 312/1227/162 313/1228/163 341/1229/163 340/1230/162
f 313/1231/163 314/1232/164 342/1233/164 341/1234/163
f 314/1235/164 315/1236/165 343/1237/165 342/1238/164
f 315/1239/165 316/1240/166 344/1241/166 343/1242/165
f 316/1243/166 317/1244/167 345/1245/167 344/1246/166
f 317/1247/167 318/1248/168 346/1249/168 345/1250/167
f 318/1251/168 319/1252/169 347/1253/169 346/1254/168
f 319/1255/169 320/1256/170 348/1257/170 347/1258/169
f 320/1259/170 321/1260/171 349/1261/171 348/1262/170
f 321/1263/171 322/1264/172 350/1265/172 349/1266/171
f 322/1267/172 323/1268/173 351/1269/173 350/1270/172
f 323/1271/173 324/1272/174 352/1273/174 351/1274/173
f 324/1275/174 325/1276/175 353/1277/175 352/1278/174
f 325/1279/175 326/1280/176 354/1281/176 353/1282/175
f 326/1283/176 327/1284/177 355/1285/177 354/1286/176
f 327/1287/177 328/1288/178 356/1289/178 355/1290/177
f 328/1291/178 301/1292/151 329/1293/151 356/1294/178
f 302/1295/179 301/1296/179 357/1297/179
f 303/1298/179 302/1299/179 357/1300/179
f 304/1301/179 303/1302/179 357/1303/179
f 305/1304/179 304/1305/179 357/1306/179
f 306/1307/179 305/1308/179 357/1309/179
f 307/1310/179 306/1311/179 357/1312/179
f 308/1313/179 307/1314/179 357/1315/179
f 309/1316/179 308/1317/179 357/1318/179
f 310/1319/179 309/1320/179 357/1321/179
f 311/1322/179 310/1323/179 357/1324/179
f 312/1325/179 311/1326/179 357/1327/179
f 313/1328/179 312/1329/179 357/1330/179
f 314/1331/179 313/1332/179 357/1333/179
f 315/1334/179 314/1335/179 357/1336/179
f 316/1337/179 315/1338/179 357/1339/179
f 317/1340/179 316/1341/179 357/1342/179
f 318/1343/179 317/1344/179 357/1345/179
f 319/1346/179 318/1347/179 357/1348/179
f 320/1349/179 319/1350/179 357/1351/179
f 321/1352/179 320/1353/179 357/1354/179
f 322/1355/179 321/1356/179 357/1357/179
f 323/1358/179 322/1359/179 357/1360/179
f 324/1361/179 323/1362/179 357/1363/179
f 325/1364/179 324/1365/179 357/1366/179
f 326/1367/179 325/1368/179 357/1369/179
f 327/1370/179 326/1371/179 357/1372/179
f 328/1373/179 327/1374/179 357/1375/179
f 301/1376/179 328/1377/179 357/1378/179
f 358/1379/180 329/1380/180 330/1381/180
f 358/1382/180 330/1383/180 331/1384/180
f 358/1385/180 331/1386/180 332/1387/180
f 358/1388/180 332/1389/180 333/1390/180
f 358/1391/180 333/1392/180 334/1393/180
f 358/1394/180 334/1395/180 335/1396/180
f 358/1397/180 335/1398/180 336/1399/180
f 358/1400/180 336/1401/180 337/1402/180
f 358/1403/180 337/1404/180 338/1405/180
f 358/1406/180 338/1407/180 339/1408/180
f 358/1409/180 339/1410/180 340/1411/180
f 358/1412/180 340/1413/180 341/1414/180
f 358/1415/180 341/1416/180 342/1417/180
f 358/1418/180 342/1419/180 343/1420/180
f 358/1421/180 343/1422/180 344/1423/180
f 358/1424/180 344/1425/180 345/1426/180
f 358/1427/180 345/1428/180 346/1429/180
f 358/1430/180 346/1431/180 347/1432/180
f 358/1433/180 347/1434/180 348/1435/180
f 358/1436/180 348/1437/180 349/1438/180
f 358/1439/180 349/1440/180 350/1441/180
f 358/1442/180 350/1443/180 351/1444/180
f 358/1445/180 351/1446/180 352/1447/180
f 358/1448/180 352/1449/180 353/1450/180
f 358/1451/180 353/1452/180 354/1453/180
f 358/1454/180 354/1455/180 355/1456/180
f 358/1457/180 355/1458/180 356/1459/180
f 358/1460/180 356/1461/180 329/1462/180
f 359/1463/181 360/1464/182 376/1465/182 375/1466/181
f 360/1467/182 361/1468/183 377/1469/183 376/1470/182
f 361/1471/183 362/1472/184 378/1473/184 377/1474/183
f 362/1475/184 363/1476/185 379/1477/185 378/1478/184
f 363/1479/185 364/1480/186 380/1481/186 379/1482/185
f 364/1483/186 365/1484/187 381/1485/187 380/1486/186
f 365/1487/187 366/1488/188 382/1489/188 381/1490/187
f 366/1491/188 367/1492/189 383/1493/189 382/1494/188
f 367/1495/189 368/1496/190 384/1497/190 383/1498/189
f 368/1499/190 369/1500/191 385/1501/191 384/1502/190
f 369/1503/191 370/1504/192 386/1505/192 385/1506/191
f 370/1507/192 371/1508/193 387/1509/193 386/1510/192
f 371/1511/193 372/1512/194 388/1513/194 387/1514/193
f 372/1515/194 373/1516/195 389/1517/195 388/1518/194
f 373/1519/195 374/1520/196 390/1521/196 389/1522/195
f 374/1523/196 359/1524/181 375/1525/181 390/1526/196
f 391/1527/180 375/1528/180 376/1529/180
f 391/1530/180 376/1531/180 377/1532/180
f 391/1533/180 377/1534/180 378/1535/180
f 391/1536/180 378/1537/180 379/1538/180
f 391/1539/180 379/1540/180 380/1541/180
f 391/1542/180 380/1543/180 381/1544/180
f 391/1545/180 381/1546/180 382/1547/180
f 391/1548/180 382/1549/180 383/1550/180
f 391/1551/180 383/1552/180 384/1553/180
f 391/1554/180 384/1555/180 385/1556/180
f 391/1557/180 385/1558/180 386/1559/180
f 391/1560/180 386/1561/180 387/1562/180
f 391/1563/180 387/1564/180 388/1565/180
f 391/1566/180 388/1567/180 389/1568/180
f 391/1569/180 389/1570/180 390/1571/180
f 391/1572/180 390/1573/180 375/1574/180
o hand_fuel_pump__body_small_drum__cover_bolts
usemtl fuel_containers
v 0.432812 0.059162 0.394668
v 0.432812 0.051043 0.399356
v 0.432812 0.042924 0.394668
v 0.432812 0.042924 0.385293
v 0.432812 0.051043 0.380606
v 0.432812 0.059162 0.385293
v 0.439063 0.059162 0.394668
v 0.439063 0.051043 0.399356
v 0.439063 0.042924 0.394668
v 0.439063 0.042924 0.385293
v 0.439063 0.051043 0.380606
v 0.439063 0.059162 0.385293
v 0.432812 0.051043 0.389981
v 0.432812 -0.045799 0.394668
v 0.432812 -0.053918 0.399356
v 0.432812 -0.062037 0.394668
v 0.432812 -0.062037 0.385293
v 0.432812 -0.053918 0.380606
v 0.432812 -0.045799 0.385293
v 0.439063 -0.045799 0.394668
v 0.439063 -0.053918 0.399356
v 0.439063 -0.062037 0.394668
v 0.439063 -0.062037 0.385293
v 0.439063 -0.053918 0.380606
v 0.439063 -0.045799 0.385293
v 0.432812 -0.053918 0.389981
v 0.432812 -0.045799 0.289707
v 0.432812 -0.053918 0.294394
v 0.432812 -0.062037 0.289707
v 0.432812 -0.062037 0.280332
v 0.432812 -0.053918 0.275644
v 0.432812 -0.045799 0.280332
v 0.439063 -0.045799 0.289707
v 0.439063 -0.053918 0.294394
v 0.439063 -0.062037 0.289707
v 0.439063 -0.062037 0.280332
v 0.439063 -0.053918 0.275644
v 0.439063 -0.045799 0.280332
v 0.432812 -0.053918 0.285019
v 0.432812 0.059162 0.289707
v 0.432812 0.051043 0.294394
v 0.432812 0.042924 0.289707
v 0.432812 0.042924 0.280332
v 0.432812 0.051043 0.275644
v 0.432812 0.059162 0.280332
v 0.439063 0.059162 0.289707
v 0.439063 0.051043 0.294394
v 0.439063 0.042924 0.289707
v 0.439063 0.042924 0.280332
v 0.439063 0.051043 0.275644
v 0.439063 0.059162 0.280332
v 0.432812 0.051043 0.285019
v 0.560937 0.059162 0.394668
v 0.560937 0.051043 0.399356
v 0.560937 0.042924 0.394668
v 0.560937 0.042924 0.385293
v 0.560937 0.051043 0.380606
v 0.560937 0.059162 0.385293
v 0.567187 0.059162 0.394668
v 0.567187 0.051043 0.399356
v 0.567187 0.042924 0.394668
v 0.567187 0.042924 0.385293
v 0.567187 0.051043 0.380606
v 0.567187 0.059162 0.385293
v 0.567187 0.051043 0.389981
v 0.560937 -0.045799 0.394668
v 0.560937 -0.053918 0.399356
v 0.560937 -0.062037 0.394668
v 0.560937 -0.062037 0.385293
v 0.560937 -0.053918 0.380606
v 0.560937 -0.045799 0.385293
v 0.567187 -0.045799 0.394668
v 0.567187 -0.053918 0.399356
v 0.567187 -0.062037 0.394668
v 0.567187 -0.062037 0.385293
v 0.567187 -0.053918 0.380606
v 0.567187 -0.045799 0.385293
v 0.567187 -0.053918 0.389981
v 0.560937 -0.045799 0.289707
v 0.560937 -0.053918 0.294394
v 0.560937 -0.062037 0.289707
v 0.560937 -0.062037 0.280332
v 0.560937 -0.053918 0.275644
v 0.560937 -0.045799 0.280332
v 0.567187 -0.045799 0.289707
v 0.567187 -0.053918 0.294394
v 0.567187 -0.062037 0.289707
v 0.567187 -0.062037 0.280332
v 0.567187 -0.053918 0.275644
v 0.567187 -0.045799 0.280332
v 0.567187 -0.053918 0.285019
v 0.560937 0.059162 0.289707
v 0.560937 0.051043 0.294394
v 0.560937 0.042924 0.289707
v 0.560937 0.042924 0.280332
v 0.560937 0.051043 0.275644
v 0.560937 0.059162 0.280332
v 0.567187 0.059162 0.289707
v 0.567187 0.051043 0.294394
v 0.567187 0.042924 0.289707
v 0.567187 0.042924 0.280332
v 0.567187 0.051043 0.275644
v 0.567187 0.059162 0.280332
v 0.567187 0.051043 0.285019
vt 0.693848 0.041113
vt 0.695898 0.041113
vt 0.695898 0.04248
vt 0.693848 0.04248
vt 0.49668 0.04248
vt 0.494629 0.04248
vt 0.494629 0.041113
vt 0.49668 0.041113
vt 0.227148 0.04248
vt 0.225098 0.04248
vt 0.225098 0.041113
vt 0.227148 0.041113
vt 0.835547 0.047363
vt 0.833496 0.047363
vt 0.833496 0.045996
vt 0.835547 0.045996
vt 0.839355 0.045996
vt 0.841406 0.045996
vt 0.841406 0.047363
vt 0.839355 0.047363
vt 0.230957 0.041113
vt 0.233008 0.041113
vt 0.233008 0.04248
vt 0.230957 0.04248
vt 0.633496 0.176447
vt 0.632471 0.178223
vt 0.631445 0.176447
vt 0.632471 0.174671
vt 0.633496 0.176447
vt 0.631445 0.176447
vt 0.63042 0.174671
vt 0.632471 0.174671
vt 0.631445 0.176447
vt 0.629395 0.176447
vt 0.63042 0.174671
vt 0.631445 0.176447
vt 0.63042 0.178223
vt 0.629395 0.176447
vt 0.631445 0.176447
vt 0.632471 0.178223
vt 0.63042 0.178223
vt 0.631445 0.176447
vt 0.500488 0.041113
vt 0.502539 0.041113
vt 0.502539 0.04248
vt 0.500488 0.04248
vt 0.847266 0.047363
vt 0.845215 0.047363
vt 0.845215 0.045996
vt 0.847266 0.045996
vt 0.238867 0.04248
vt 0.236816 0.04248
vt 0.236816 0.041113
vt 0.238867 0.041113
vt 0.68418 0.04248
vt 0.682129 0.04248
vt 0.682129 0.041113
vt 0.68418 0.041113
vt 0.851074 0.045996
vt 0.853125 0.045996
vt 0.853125 0.047363
vt 0.851074 0.047363
vt 0.242676 0.041113
vt 0.244727 0.041113
vt 0.244727 0.04248
vt 0.242676 0.04248
vt 0.641309 0.176447
vt 0.640283 0.178223
vt 0.639258 0.176447
vt 0.640283 0.174671
vt 0.641309 0.176447
vt 0.639258 0.176447
vt 0.638232 0.174671
vt 0.640283 0.174671
vt 0.639258 0.176447
vt 0.637207 0.176447
vt 0.638232 0.174671
vt 0.639258 0.176447
vt 0.638232 0.178223
vt 0.637207 0.176447
vt 0.639258 0.176447
vt 0.640283 0.178223
vt 0.638232 0.178223
vt 0.639258 0.176447
vt 0.506348 0.041113
vt 0.508398 0.041113
vt 0.508398 0.04248
vt 0.506348 0.04248
vt 0.858984 0.047363
vt 0.856934 0.047363
vt 0.856934 0.045996
vt 0.858984 0.045996
vt 0.250586 0.04248
vt 0.248535 0.04248
vt 0.248535 0.041113
vt 0.250586 0.041113
vt 0.864844 0.047363
vt 0.862793 0.047363
vt 0.862793 0.045996
vt 0.864844 0.045996
vt 0.646973 0.041113
vt 0.649023 0.041113
vt 0.649023 0.04248
vt 0.646973 0.04248
vt 0.254395 0.041113
vt 0.256445 0.041113
vt 0.256445 0.04248
vt 0.254395 0.04248
vt 0.695996 0.176447
vt 0.694971 0.178223
vt 0.693945 0.176447
vt 0.694971 0.174671
vt 0.695996 0.176447
vt 0.693945 0.176447
vt 0.69292 0.174671
vt 0.694971 0.174671
vt 0.693945 0.176447
vt 0.691895 0.176447
vt 0.69292 0.174671
vt 0.693945 0.176447
vt 0.69292 0.178223
vt 0.691895 0.176447
vt 0.693945 0.176447
vt 0.694971 0.178223
vt 0.69292 0.178223
vt 0.693945 0.176447
vt 0.868652 0.045996
vt 0.870703 0.045996
vt 0.870703 0.047363
vt 0.868652 0.047363
vt 0.876563 0.047363
vt 0.874512 0.047363
vt 0.874512 0.045996
vt 0.876563 0.045996
vt 0.882422 0.047363
vt 0.880371 0.047363
vt 0.880371 0.045996
vt 0.882422 0.045996
vt 0.514258 0.04248
vt 0.512207 0.04248
vt 0.512207 0.041113
vt 0.514258 0.041113
vt 0.518066 0.041113
vt 0.520117 0.041113
vt 0.520117 0.04248
vt 0.518066 0.04248
vt 0.88623 0.045996
vt 0.888281 0.045996
vt 0.888281 0.047363
vt 0.88623 0.047363
vt 0.774121 0.176447
vt 0.773096 0.178223
vt 0.77207 0.176447
vt 0.773096 0.174671
vt 0.774121 0.176447
vt 0.77207 0.176447
vt 0.771045 0.174671
vt 0.773096 0.174671
vt 0.77207 0.176447
vt 0.77002 0.176447
vt 0.771045 0.174671
vt 0.77207 0.176447
vt 0.771045 0.178223
vt 0.77002 0.176447
vt 0.77207 0.176447
vt 0.773096 0.178223
vt 0.771045 0.178223
vt 0.77207 0.176447
vt 0.699707 0.041113
vt 0.701758 0.041113
vt 0.701758 0.04248
vt 0.699707 0.04248
vt 0.525977 0.04248
vt 0.523926 0.04248
vt 0.523926 0.041113
vt 0.525977 0.041113
vt 0.262305 0.04248
vt 0.260254 0.04248
vt 0.260254 0.041113
vt 0.262305 0.041113
vt 0.894141 0.047363
vt 0.89209 0.047363
vt 0.89209 0.045996
vt 0.894141 0.045996
vt 0.897949 0.045996
vt 0.9 0.045996
vt 0.9 0.047363
vt 0.897949 0.047363
vt 0.266113 0.041113
vt 0.268164 0.041113
vt 0.268164 0.04248
vt 0.266113 0.04248
vt 0.64707 0.176447
vt 0.648096 0.174671
vt 0.649121 0.176447
vt 0.64707 0.176447
vt 0.649121 0.176447
vt 0.648096 0.178223
vt 0.64707 0.176447
vt 0.648096 0.178223
vt 0.646045 0.178223
vt 0.64707 0.176447
vt 0.646045 0.178223
vt 0.64502 0.176447
vt 0.64707 0.176447
vt 0.64502 0.176447
vt 0.646045 0.174671
vt 0.64707 0.176447
vt 0.646045 0.174671
vt 0.648096 0.174671
vt 0.529785 0.041113
vt 0.531836 0.041113
vt 0.531836 0.04248
vt 0.529785 0.04248
vt 0.905859 0.047363
vt 0.903809 0.047363
vt 0.903809 0.045996
vt 0.905859 0.045996
vt 0.274023 0.04248
vt 0.271973 0.04248
vt 0.271973 0.041113
vt 0.274023 0.041113
vt 0.690039 0.04248
vt 0.687988 0.04248
vt 0.687988 0.041113
vt 0.690039 0.041113
vt 0.909668 0.045996
vt 0.911719 0.045996
vt 0.911719 0.047363
vt 0.909668 0.047363
vt 0.277832 0.041113
vt 0.279883 0.041113
vt 0.279883 0.04248
vt 0.277832 0.04248
vt 0.654883 0.176447
vt 0.655908 0.174671
vt 0.656934 0.176447
vt 0.654883 0.176447
vt 0.656934 0.176447
vt 0.655908 0.178223
vt 0.654883 0.176447
vt 0.655908 0.178223
vt 0.653857 0.178223
vt 0.654883 0.176447
vt 0.653857 0.178223
vt 0.652832 0.176447
vt 0.654883 0.176447
vt 0.652832 0.176447
vt 0.653857 0.174671
vt 0.654883 0.176447
vt 0.653857 0.174671
vt 0.655908 0.174671
vt 0.535645 0.041113
vt 0.537695 0.041113
vt 0.537695 0.04248
vt 0.535645 0.04248
vt 0.917578 0.047363
vt 0.915527 0.047363
vt 0.915527 0.045996
vt 0.917578 0.045996
vt 0.285742 0.04248
vt 0.283691 0.04248
vt 0.283691 0.041113
vt 0.285742 0.041113
vt 0.923438 0.047363
vt 0.921387 0.047363
vt 0.921387 0.045996
vt 0.923438 0.045996
vt 0.652832 0.041113
vt 0.654883 0.041113
vt 0.654883 0.04248
vt 0.652832 0.04248
vt 0.289551 0.041113
vt 0.291602 0.041113
vt 0.291602 0.04248
vt 0.289551 0.04248
vt 0.701758 0.176447
vt 0.702783 0.174671
vt 0.703809 0.176447
vt 0.701758 0.176447
vt 0.703809 0.176447
vt 0.702783 0.178223
vt 0.701758 0.176447
vt 0.702783 0.178223
vt 0.700732 0.178223
vt 0.701758 0.176447
vt 0.700732 0.178223
vt 0.699707 0.176447
vt 0.701758 0.176447
vt 0.699707 0.176447
vt 0.700732 0.174671
vt 0.701758 0.176447
vt 0.700732 0.174671
vt 0.702783 0.174671
vt 0.927246 0.045996
vt 0.929297 0.045996
vt 0.929297 0.047363
vt 0.927246 0.047363
vt 0.935156 0.047363
vt 0.933105 0.047363
vt 0.933105 0.045996
vt 0.935156 0.045996
vt 0.941016 0.047363
vt 0.938965 0.047363
vt 0.938965 0.045996
vt 0.941016 0.045996
vt 0.543555 0.04248
vt 0.541504 0.04248
vt 0.541504 0.041113
vt 0.543555 0.041113
vt 0.547363 0.041113
vt 0.549414 0.041113
vt 0.549414 0.04248
vt 0.547363 0.04248
vt 0.944824 0.045996
vt 0.946875 0.045996
vt 0.946875 0.047363
vt 0.944824 0.047363
vt 0.779883 0.176447
vt 0.780908 0.174671
vt 0.781934 0.176447
vt 0.779883 0.176447
vt 0.781934 0.176447
vt 0.780908 0.178223
vt 0.779883 0.176447
vt 0.780908 0.178223
vt 0.778857 0.178223
vt 0.779883 0.176447
vt 0.778857 0.178223
vt 0.777832 0.176447
vt 0.779883 0.176447
vt 0.777832 0.176447
vt 0.778857 0.174671
vt 0.779883 0.176447
vt 0.778857 0.174671
vt 0.780908 0.174671
vn 0 0.5 0.866025
vn 0 -0.5 0.866025
vn 0 -1 0
vn 0 -0.5 -0.866025
vn 0 0.5 -0.866025
vn 0 1 0
vn -1 0 0
vn 1 0 0
f 392/1575/197 393/1576/197 399/1577/197 398/1578/197
f 393/1579/198 394/1580/198 400/1581/198 399/1582/198
f 394/1583/199 395/1584/199 401/1585/199 400/1586/199
f 395/1587/200 396/1588/200 402/1589/200 401/1590/200
f 396/1591/201 397/1592/201 403/1593/201 402/1594/201
f 397/1595/202 392/1596/202 398/1597/202 403/1598/202
f 393/1599/203 392/1600/203 404/1601/203
f 394/1602/203 393/1603/203 404/1604/203
f 395/1605/203 394/1606/203 404/1607/203
f 396/1608/203 395/1609/203 404/1610/203
f 397/1611/203 396/1612/203 404/1613/203
f 392/1614/203 397/1615/203 404/1616/203
f 405/1617/197 406/1618/197 412/1619/197 411/1620/197
f 406/1621/198 407/1622/198 413/1623/198 412/1624/198
f 407/1625/199 408/1626/199 414/1627/199 413/1628/199
f 408/1629/200 409/1630/200 415/1631/200 414/1632/200
f 409/1633/201 410/1634/201 416/1635/201 415/1636/201
f 410/1637/202 405/1638/202 411/1639/202 416/1640/202
f 406/1641/203 405/1642/203 417/1643/203
f 407/1644/203 406/1645/203 417/1646/203
f 408/1647/203 407/1648/203 417/1649/203
f 409/1650/203 408/1651/203 417/1652/203
f 410/1653/203 409/1654/203 417/1655/203
f 405/1656/203 410/1657/203 417/1658/203
f 418/1659/197 419/1660/197 425/1661/197 424/1662/197
f 419/1663/198 420/1664/198 426/1665/198 425/1666/198
f 420/1667/199 421/1668/199 427/1669/199 426/1670/199
f 421/1671/200 422/1672/200 428/1673/200 427/1674/200
f 422/1675/201 423/1676/201 429/1677/201 428/1678/201
f 423/1679/202 418/1680/202 424/1681/202 429/1682/202
f 419/1683/203 418/1684/203 430/1685/203
f 420/1686/203 419/1687/203 430/1688/203
f 421/1689/203 420/1690/203 430/1691/203
f 422/1692/203 421/1693/203 430/1694/203
f 423/1695/203 422/1696/203 430/1697/203
f 418/1698/203 423/1699/203 430/1700/203
f 431/1701/197 432/1702/197 438/1703/197 437/1704/197
f 432/1705/198 433/1706/198 439/1707/198 438/1708/198
f 433/1709/199 434/1710/199 440/1711/199 439/1712/199
f 434/1713/200 435/1714/200 441/1715/200 440/1716/200
f 435/1717/201 436/1718/201 442/1719/201 441/1720/201
f 436/1721/202 431/1722/202 437/1723/202 442/1724/202
f 432/1725/203 431/1726/203 443/1727/203
f 433/1728/203 432/1729/203 443/1730/203
f 434/1731/203 433/1732/203 443/1733/203
f 435/1734/203 434/1735/203 443/1736/203
f 436/1737/203 435/1738/203 443/1739/203
f 431/1740/203 436/1741/203 443/1742/203
f 444/1743/197 445/1744/197 451/1745/197 450/1746/197
f 445/1747/198 446/1748/198 452/1749/198 451/1750/198
f 446/1751/199 447/1752/199 453/1753/199 452/1754/199
f 447/1755/200 448/1756/200 454/1757/200 453/1758/200
f 448/1759/201 449/1760/201 455/1761/201 454/1762/201
f 449/1763/202 444/1764/202 450/1765/202 455/1766/202
f 456/1767/204 450/1768/204 451/1769/204
f 456/1770/204 451/1771/204 452/1772/204
f 456/1773/204 452/1774/204 453/1775/204
f 456/1776/204 453/1777/204 454/1778/204
f 456/1779/204 454/1780/204 455/1781/204
f 456/1782/204 455/1783/204 450/1784/204
f 457/1785/197 458/1786/197 464/1787/197 463/1788/197
f 458/1789/198 459/1790/198 465/1791/198 464/1792/198
f 459/1793/199 460/1794/199 466/1795/199 465/1796/199
f 460/1797/200 461/1798/200 467/1799/200 466/1800/200
f 461/1801/201 462/1802/201 468/1803/201 467/1804/201
f 462/1805/202 457/1806/202 463/1807/202 468/1808/202
f 469/1809/204 463/1810/204 464/1811/204
f 469/1812/204 464/1813/204 465/1814/204
f 469/1815/204 465/1816/204 466/1817/204
f 469/1818/204 466/1819/204 467/1820/204
f 469/1821/204 467/1822/204 468/1823/204
f 469/1824/204 468/1825/204 463/1826/204
f 470/1827/197 471/1828/197 477/1829/197 476/1830/197
f 471/1831/198 472/1832/198 478/1833/198 477/1834/198
f 472/1835/199 473/1836/199 479/1837/199 478/1838/199
f 473/1839/200 474/1840/200 480/1841/200 479/1842/200
f 474/1843/201 475/1844/201 481/1845/201 480/1846/201
f 475/1847/202 470/1848/202 476/1849/202 481/1850/202
f 482/1851/204 476/1852/204 477/1853/204
f 482/1854/204 477/1855/204 478/1856/204
f 482/1857/204 478/1858/204 479/1859/204
f 482/1860/204 479/1861/204 480/1862/204
f 482/1863/204 480/1864/204 481/1865/204
f 482/1866/204 481/1867/204 476/1868/204
f 483/1869/197 484/1870/197 490/1871/197 489/1872/197
f 484/1873/198 485/1874/198 491/1875/198 490/1876/198
f 485/1877/199 486/1878/199 492/1879/199 491/1880/199
f 486/1881/200 487/1882/200 493/1883/200 492/1884/200
f 487/1885/201 488/1886/201 494/1887/201 493/1888/201
f 488/1889/202 483/1890/202 489/1891/202 494/1892/202
f 495/1893/204 489/1894/204 490/1895/204
f 495/1896/204 490/1897/204 491/1898/204
f 495/1899/204 491/1900/204 492/1901/204
f 495/1902/204 492/1903/204 493/1904/204
f 495/1905/204 493/1906/204 494/1907/204
f 495/1908/204 494/1909/204 489/1910/204
o hand_fuel_pump__body_small_drum__outlet_boss
usemtl fuel_containers
v 0.532182 0.068875 0.343901
v 0.527283 0.068875 0.35573
v 0.51823 0.068875 0.364783
v 0.506401 0.068875 0.369682
v 0.493599 0.068875 0.369682
v 0.48177 0.068875 0.364783
v 0.472717 0.068875 0.35573
v 0.467818 0.068875 0.343901
v 0.467818 0.068875 0.331099
v 0.472717 0.068875 0.31927
v 0.48177 0.068875 0.310217
v 0.493599 0.068875 0.305318
v 0.506401 0.068875 0.305318
v 0.51823 0.068875 0.310217
v 0.527283 0.068875 0.31927
v 0.532182 0.068875 0.331099
v 0.532182 0.096219 0.343901
v 0.527283 0.096219 0.35573
v 0.51823 0.096219 0.364783
v 0.506401 0.096219 0.369682
v 0.493599 0.096219 0.369682
v 0.48177 0.096219 0.364783
v 0.472717 0.096219 0.35573
v 0.467818 0.096219 0.343901
v 0.467818 0.096219 0.331099
v 0.472717 0.096219 0.31927
v 0.48177 0.096219 0.310217
v 0.493599 0.096219 0.305318
v 0.506401 0.096219 0.305318
v 0.51823 0.096219 0.310217
v 0.527283 0.096219 0.31927
v 0.532182 0.096219 0.331099
v 0.5 0.096219 0.3375
vt 0.106079 0.120735
vt 0.106079 0.123535
vt 0.100098 0.123535
vt 0.100098 0.120735
vt 0.733032 0.12757
vt 0.733032 0.130371
vt 0.727051 0.130371
vt 0.727051 0.12757
vt 0.69397 0.12757
vt 0.69397 0.130371
vt 0.687988 0.130371
vt 0.687988 0.12757
vt 0.869751 0.12757
vt 0.869751 0.130371
vt 0.86377 0.130371
vt 0.86377 0.12757
vt 0.922363 0.130371
vt 0.922363 0.12757
vt 0.928345 0.12757
vt 0.928345 0.130371
vt 0.561035 0.130371
vt 0.561035 0.12757
vt 0.567017 0.12757
vt 0.567017 0.130371
vt 0.109863 0.123535
vt 0.109863 0.120735
vt 0.115845 0.120735
vt 0.115845 0.123535
vt 0.570801 0.130371
vt 0.570801 0.12757
vt 0.576782 0.12757
vt 0.576782 0.130371
vt 0.932129 0.130371
vt 0.932129 0.12757
vt 0.93811 0.12757
vt 0.93811 0.130371
vt 0.580566 0.130371
vt 0.580566 0.12757
vt 0.586548 0.12757
vt 0.586548 0.130371
vt 0.941895 0.130371
vt 0.941895 0.12757
vt 0.947876 0.12757
vt 0.947876 0.130371
vt 0.654907 0.12757
vt 0.654907 0.130371
vt 0.648926 0.130371
vt 0.648926 0.12757
vt 0.742798 0.12757
vt 0.742798 0.130371
vt 0.736816 0.130371
vt 0.736816 0.12757
vt 0.752563 0.12757
vt 0.752563 0.130371
vt 0.746582 0.130371
vt 0.746582 0.12757
vt 0.12561 0.120735
vt 0.12561 0.123535
vt 0.119629 0.123535
vt 0.119629 0.120735
vt 0.596313 0.12757
vt 0.596313 0.130371
vt 0.590332 0.130371
vt 0.590332 0.12757
vt 0.561321 0.349026
vt 0.558733 0.350098
vt 0.557333 0.343058
vt 0.563301 0.347046
vt 0.561321 0.349026
vt 0.557333 0.343058
vt 0.564373 0.344458
vt 0.563301 0.347046
vt 0.557333 0.343058
vt 0.564373 0.341658
vt 0.564373 0.344458
vt 0.557333 0.343058
vt 0.563301 0.33907
vt 0.564373 0.341658
vt 0.557333 0.343058
vt 0.561321 0.33709
vt 0.563301 0.33907
vt 0.557333 0.343058
vt 0.558733 0.336018
vt 0.561321 0.33709
vt 0.557333 0.343058
vt 0.555932 0.336018
vt 0.558733 0.336018
vt 0.557333 0.343058
vt 0.553345 0.33709
vt 0.555932 0.336018
vt 0.557333 0.343058
vt 0.551365 0.33907
vt 0.553345 0.33709
vt 0.557333 0.343058
vt 0.550293 0.341658
vt 0.551365 0.33907
vt 0.557333 0.343058
vt 0.550293 0.344458
vt 0.550293 0.341658
vt 0.557333 0.343058
vt 0.551365 0.347046
vt 0.550293 0.344458
vt 0.557333 0.343058
vt 0.553345 0.349026
vt 0.551365 0.347046
vt 0.557333 0.343058
vt 0.555932 0.350098
vt 0.553345 0.349026
vt 0.557333 0.343058
vt 0.558733 0.350098
vt 0.555932 0.350098
vt 0.557333 0.343058
vn 0.980785 0 0.19509
vn 0.83147 0 0.55557
vn 0.55557 0 0.83147
vn 0.19509 0 0.980785
vn -0.19509 0 0.980785
vn -0.55557 0 0.83147
vn -0.83147 0 0.55557
vn -0.980785 0 0.19509
vn -0.980785 0 -0.19509
vn -0.83147 0 -0.55557
vn -0.55557 0 -0.83147
vn -0.19509 0 -0.980785
vn 0.19509 0 -0.980785
vn 0.55557 0 -0.83147
vn 0.83147 0 -0.55557
vn 0.980785 0 -0.19509
vn 0 1 0
f 512/1911/205 513/1912/206 497/1913/206 496/1914/205
f 513/1915/206 514/1916/207 498/1917/207 497/1918/206
f 514/1919/207 515/1920/208 499/1921/208 498/1922/207
f 515/1923/208 516/1924/209 500/1925/209 499/1926/208
f 516/1927/209 517/1928/210 501/1929/210 500/1930/209
f 517/1931/210 518/1932/211 502/1933/211 501/1934/210
f 518/1935/211 519/1936/212 503/1937/212 502/1938/211
f 519/1939/212 520/1940/213 504/1941/213 503/1942/212
f 520/1943/213 521/1944/214 505/1945/214 504/1946/213
f 521/1947/214 522/1948/215 506/1949/215 505/1950/214
f 522/1951/215 523/1952/216 507/1953/216 506/1954/215
f 523/1955/216 524/1956/217 508/1957/217 507/1958/216
f 524/1959/217 525/1960/218 509/1961/218 508/1962/217
f 525/1963/218 526/1964/219 510/1965/219 509/1966/218
f 526/1967/219 527/1968/220 511/1969/220 510/1970/219
f 527/1971/220 512/1972/205 496/1973/205 511/1974/220
f 513/1975/221 512/1976/221 528/1977/221
f 514/1978/221 513/1979/221 528/1980/221
f 515/1981/221 514/1982/221 528/1983/221
f 516/1984/221 515/1985/221 528/1986/221
f 517/1987/221 516/1988/221 528/1989/221
f 518/1990/221 517/1991/221 528/1992/221
f 519/1993/221 518/1994/221 528/1995/221
f 520/1996/221 519/1997/221 528/1998/221
f 521/1999/221 520/2000/221 528/2001/221
f 522/2002/221 521/2003/221 528/2004/221
f 523/2005/221 522/2006/221 528/2007/221
f 524/2008/221 523/2009/221 528/2010/221
f 525/2011/221 524/2012/221 528/2013/221
f 526/2014/221 525/2015/221 528/2016/221
f 527/2017/221 526/2018/221 528/2019/221
f 512/2020/221 527/2021/221 528/2022/221
o hand_fuel_pump__body_small_drum__discharge
usemtl fuel_containers
v 0.495132 0.072781 0.316173
v 0.486361 0.072781 0.320397
v 0.480291 0.072781 0.328009
v 0.478125 0.072781 0.3375
v 0.480291 0.072781 0.346991
v 0.486361 0.072781 0.354603
v 0.495132 0.072781 0.358827
v 0.504868 0.072781 0.358827
v 0.513639 0.072781 0.354603
v 0.519709 0.072781 0.346991
v 0.521875 0.072781 0.3375
v 0.519709 0.072781 0.328009
v 0.513639 0.072781 0.320397
v 0.504868 0.072781 0.316173
v 0.495132 0.083202 0.316213
v 0.486361 0.083459 0.320429
v 0.480291 0.083922 0.328026
v 0.478125 0.0845 0.3375
v 0.480291 0.085078 0.346974
v 0.486361 0.085541 0.354571
v 0.495132 0.085798 0.358787
v 0.504868 0.085798 0.358787
v 0.513639 0.085541 0.354571
v 0.519709 0.085078 0.346974
v 0.521875 0.0845 0.3375
v 0.519709 0.083922 0.328026
v 0.513639 0.083459 0.320429
v 0.504868 0.083202 0.316213
v 0.495132 0.08909 0.315569
v 0.486361 0.090184 0.319649
v 0.480291 0.092154 0.327001
v 0.478125 0.09461 0.336169
v 0.480291 0.097067 0.345337
v 0.486361 0.099037 0.352689
v 0.495132 0.10013 0.356769
v 0.504868 0.10013 0.356769
v 0.513639 0.099037 0.352689
v 0.519709 0.097067 0.345337
v 0.521875 0.09461 0.336169
v 0.519709 0.092154 0.327001
v 0.513639 0.090184 0.319649
v 0.504868 0.08909 0.315569
v 0.495132 0.093368 0.313797
v 0.486361 0.09548 0.317455
v 0.480291 0.099286 0.324047
v 0.478125 0.104031 0.332267
v 0.480291 0.108777 0.340486
v 0.486361 0.112583 0.347078
v 0.495132 0.114695 0.350736
v 0.504868 0.114695 0.350736
v 0.513639 0.112583 0.347078
v 0.519709 0.108777 0.340486
v 0.521875 0.104031 0.332267
v 0.519709 0.099286 0.324047
v 0.513639 0.09548 0.317455
v 0.504868 0.093368 0.313797
v 0.495132 0.097041 0.310979
v 0.486361 0.100028 0.313966
v 0.480291 0.10541 0.319348
v 0.478125 0.112121 0.326059
v 0.480291 0.118833 0.33277
v 0.486361 0.124215 0.338152
v 0.495132 0.127202 0.341139
v 0.504868 0.127202 0.341139
v 0.513639 0.124215 0.338152
v 0.519709 0.118833 0.33277
v 0.521875 0.112121 0.326059
v 0.519709 0.10541 0.319348
v 0.513639 0.100028 0.313966
v 0.504868 0.097041 0.310979
v 0.495132 0.09986 0.307305
v 0.486361 0.103518 0.309417
v 0.480291 0.110109 0.313223
v 0.478125 0.118329 0.317969
v 0.480291 0.126549 0.322714
v 0.486361 0.13314 0.32652
v 0.495132 0.136798 0.328632
v 0.504868 0.136798 0.328632
v 0.513639 0.13314 0.32652
v 0.519709 0.126549 0.322714
v 0.521875 0.118329 0.317969
v 0.519709 0.110109 0.313223
v 0.513639 0.103518 0.309417
v 0.504868 0.09986 0.307305
v 0.495132 0.101632 0.303028
v 0.486361 0.105712 0.304121
v 0.480291 0.113064 0.306091
v 0.478125 0.122231 0.308548
v 0.480291 0.131399 0.311004
v 0.486361 0.138751 0.312974
v 0.495132 0.142831 0.314067
v 0.504868 0.142831 0.314067
v 0.513639 0.138751 0.312974
v 0.519709 0.131399 0.311004
v 0.521875 0.122231 0.308548
v 0.519709 0.113064 0.306091
v 0.513639 0.105712 0.304121
v 0.504868 0.101632 0.303028
v 0.495132 0.102237 0.298258
v 0.486361 0.106461 0.298294
v 0.480291 0.114072 0.298358
v 0.478125 0.123563 0.298438
v 0.480291 0.133053 0.298517
v 0.486361 0.140664 0.298581
v 0.495132 0.144888 0.298617
v 0.504868 0.144888 0.298617
v 0.513639 0.140664 0.298581
v 0.519709 0.133053 0.298517
v 0.521875 0.123563 0.298438
v 0.519709 0.114072 0.298358
v 0.513639 0.106461 0.298294
v 0.504868 0.102237 0.298258
v 0.495132 0.102237 0.150162
v 0.486361 0.10646 0.15013
v 0.480291 0.114072 0.150072
v 0.478125 0.123563 0.15
v 0.480291 0.133053 0.149928
v 0.486361 0.140665 0.14987
v 0.495132 0.144888 0.149838
v 0.504868 0.144888 0.149838
v 0.513639 0.140665 0.14987
v 0.519709 0.133053 0.149928
v 0.521875 0.123563 0.15
v 0.519709 0.114072 0.150072
v 0.513639 0.10646 0.15013
v 0.504868 0.102237 0.150162
v 0.495132 0.101765 0.146421
v 0.486361 0.105845 0.145327
v 0.480291 0.113197 0.143357
v 0.478125 0.122365 0.140901
v 0.480291 0.131532 0.138444
v 0.486361 0.138884 0.136474
v 0.495132 0.142964 0.135381
v 0.504868 0.142964 0.135381
v 0.513639 0.138884 0.136474
v 0.519709 0.131532 0.138444
v 0.521875 0.122365 0.140901
v 0.519709 0.113197 0.143357
v 0.513639 0.105845 0.145327
v 0.504868 0.101765 0.146421
v 0.495132 0.100383 0.143085
v 0.486361 0.104041 0.140973
v 0.480291 0.110633 0.137167
v 0.478125 0.118852 0.132422
v 0.480291 0.127072 0.127676
v 0.486361 0.133664 0.123871
v 0.495132 0.137322 0.121759
v 0.504868 0.137322 0.121759
v 0.513639 0.133664 0.123871
v 0.519709 0.127072 0.127676
v 0.521875 0.118852 0.132422
v 0.519709 0.110633 0.137167
v 0.513639 0.104041 0.140973
v 0.504868 0.100383 0.143085
v 0.495132 0.098185 0.140221
v 0.486361 0.101172 0.137234
v 0.480291 0.106554 0.131852
v 0.478125 0.113265 0.125141
v 0.480291 0.119977 0.118429
v 0.486361 0.125359 0.113047
v 0.495132 0.128346 0.110061
v 0.504868 0.128346 0.110061
v 0.513639 0.125359 0.113047
v 0.519709 0.119977 0.118429
v 0.521875 0.113265 0.125141
v 0.519709 0.106554 0.131852
v 0.513639 0.101172 0.137234
v 0.504868 0.098185 0.140221
v 0.495132 0.095321 0.138023
v 0.486361 0.097433 0.134365
v 0.480291 0.101239 0.127773
v 0.478125 0.105984 0.119554
v 0.480291 0.11073 0.111334
v 0.486361 0.114536 0.104743
v 0.495132 0.116648 0.101084
v 0.504868 0.116648 0.101084
v 0.513639 0.114536 0.104743
v 0.519709 0.11073 0.111334
v 0.521875 0.105984 0.119554
v 0.519709 0.101239 0.127773
v 0.513639 0.097433 0.134365
v 0.504868 0.095321 0.138023
v 0.495132 0.091986 0.136642
v 0.486361 0.093079 0.132561
v 0.480291 0.095049 0.125209
v 0.478125 0.097505 0.116042
v 0.480291 0.099962 0.106874
v 0.486361 0.101932 0.099522
v 0.495132 0.103025 0.095442
v 0.504868 0.103025 0.095442
v 0.513639 0.101932 0.099522
v 0.519709 0.099962 0.106874
v 0.521875 0.097505 0.116042
v 0.519709 0.095049 0.125209
v 0.513639 0.093079 0.132561
v 0.504868 0.091986 0.136642
v 0.495132 0.087829 0.136162
v 0.486361 0.087943 0.13194
v 0.480291 0.088149 0.124331
v 0.478125 0.088406 0.114844
v 0.480291 0.088663 0.105356
v 0.486361 0.088869 0.097747
v 0.495132 0.088983 0.093525
v 0.504868 0.088983 0.093525
v 0.513639 0.088869 0.097747
v 0.519709 0.088663 0.105356
v 0.521875 0.088406 0.114844
v 0.519709 0.088149 0.124331
v 0.513639 0.087943 0.13194
v 0.504868 0.087829 0.136162
v 0.495132 0.05325 0.13617
v 0.486361 0.05325 0.131946
v 0.480291 0.05325 0.124335
v 0.478125 0.05325 0.114844
v 0.480291 0.05325 0.105353
v 0.486361 0.05325 0.097741
v 0.495132 0.05325 0.093517
v 0.504868 0.05325 0.093517
v 0.513639 0.05325 0.097741
v 0.519709 0.05325 0.105353
v 0.521875 0.05325 0.114844
v 0.519709 0.05325 0.124335
v 0.513639 0.05325 0.131946
v 0.504868 0.05325 0.13617
v 0.5 0.072781 0.3375
v 0.5 0.05325 0.114844
vt 0.908784 0.09212
vt 0.908568 0.094238
vt 0.906247 0.094004
vt 0.906519 0.091892
vt 0.402895 0.135085
vt 0.402719 0.137207
vt 0.400304 0.137012
vt 0.40058 0.134901
vt 0.896734 0.303884
vt 0.898851 0.303954
vt 0.898807 0.306489
vt 0.896696 0.306295
vt 0.241162 0.318432
vt 0.243279 0.318502
vt 0.243228 0.321162
vt 0.241117 0.320968
vt 0.934099 0.183914
vt 0.933916 0.186035
vt 0.931152 0.185794
vt 0.931435 0.183684
vt 0.524265 0.148768
vt 0.523985 0.150879
vt 0.521168 0.150502
vt 0.521504 0.148399
vt 0.328613 0.059082
vt 0.328613 0.056952
vt 0.331454 0.056952
vt 0.331454 0.059082
vt 0.489049 0.150879
vt 0.48877 0.148768
vt 0.491531 0.148399
vt 0.491866 0.150502
vt 0.862 0.186035
vt 0.861816 0.183914
vt 0.86448 0.183684
vt 0.864764 0.185794
vt 0.292107 0.331473
vt 0.28999 0.331543
vt 0.289945 0.329007
vt 0.292056 0.328813
vt 0.94475 0.314872
vt 0.942633 0.314941
vt 0.942594 0.312531
vt 0.944705 0.312336
vt 0.426446 0.137207
vt 0.42627 0.135085
vt 0.428585 0.134901
vt 0.428861 0.137012
vt 0.850314 0.094238
vt 0.850098 0.09212
vt 0.852363 0.091892
vt 0.852635 0.094004
vt 0.991699 0.064941
vt 0.991699 0.062812
vt 0.993975 0.062812
vt 0.993975 0.064941
vt 0.906519 0.091892
vt 0.906247 0.094004
vt 0.904785 0.093781
vt 0.905239 0.0917
vt 0.40058 0.134901
vt 0.400304 0.137012
vt 0.398519 0.136689
vt 0.399122 0.134647
vt 0.896696 0.306295
vt 0.898807 0.306489
vt 0.898479 0.308677
vt 0.896442 0.308076
vt 0.241117 0.320968
vt 0.243228 0.321162
vt 0.242827 0.323757
vt 0.24079 0.323155
vt 0.931435 0.183684
vt 0.931152 0.185794
vt 0.928228 0.185219
vt 0.928838 0.183179
vt 0.521504 0.148399
vt 0.521168 0.150502
vt 0.518066 0.149897
vt 0.518583 0.147831
vt 0.331454 0.059082
vt 0.331454 0.056952
vt 0.334613 0.056952
vt 0.334613 0.059082
vt 0.491866 0.150502
vt 0.491531 0.148399
vt 0.494451 0.147831
vt 0.494968 0.149897
vt 0.864764 0.185794
vt 0.86448 0.183684
vt 0.867078 0.183179
vt 0.867688 0.185219
vt 0.292056 0.328813
vt 0.289945 0.329007
vt 0.289618 0.32682
vt 0.291655 0.326219
vt 0.944705 0.312336
vt 0.942594 0.312531
vt 0.94234 0.31075
vt 0.944378 0.310149
vt 0.428861 0.137012
vt 0.428585 0.134901
vt 0.430043 0.134647
vt 0.430646 0.136689
vt 0.852635 0.094004
vt 0.852363 0.091892
vt 0.853643 0.0917
vt 0.854096 0.093781
vt 0.993975 0.064941
vt 0.993975 0.062812
vt 0.995269 0.062812
vt 0.995269 0.064941
vt 0.343891 0.134165
vt 0.345353 0.135713
vt 0.344402 0.136517
vt 0.343122 0.134814
vt 0.399122 0.134647
vt 0.398519 0.136689
vt 0.396973 0.136051
vt 0.397974 0.134173
vt 0.896442 0.308076
vt 0.898479 0.308677
vt 0.897596 0.310715
vt 0.895773 0.309619
vt 0.24079 0.323155
vt 0.242827 0.323757
vt 0.241729 0.32629
vt 0.239906 0.325194
vt 0.928838 0.183179
vt 0.928228 0.185219
vt 0.925293 0.183997
vt 0.926301 0.182122
vt 0.986041 0.233114
vt 0.987504 0.234661
vt 0.984888 0.236872
vt 0.983608 0.235169
vt 0.384796 0.056952
vt 0.384796 0.059082
vt 0.381348 0.059082
vt 0.381348 0.056952
vt 0.967972 0.237222
vt 0.96651 0.23877
vt 0.964077 0.236714
vt 0.965356 0.235012
vt 0.867688 0.185219
vt 0.867078 0.183179
vt 0.869615 0.182122
vt 0.870623 0.183997
vt 0.291655 0.326219
vt 0.289618 0.32682
vt 0.288734 0.324781
vt 0.290557 0.323685
vt 0.944378 0.310149
vt 0.94234 0.31075
vt 0.941672 0.309207
vt 0.943495 0.30811
vt 0.430646 0.136689
vt 0.430043 0.134647
vt 0.431191 0.134173
vt 0.432192 0.136051
vt 0.379533 0.135659
vt 0.37807 0.137207
vt 0.377302 0.136558
vt 0.378581 0.134855
vt 0.85418 0.04248
vt 0.852051 0.04248
vt 0.852051 0.041468
vt 0.85418 0.041468
vt 0.343122 0.134814
vt 0.344402 0.136517
vt 0.343365 0.137207
vt 0.342285 0.135372
vt 0.650121 0.182069
vt 0.651715 0.183478
vt 0.650496 0.184615
vt 0.649215 0.182913
vt 0.895773 0.309619
vt 0.897596 0.310715
vt 0.896217 0.312466
vt 0.894729 0.310944
vt 0.239906 0.325194
vt 0.241729 0.32629
vt 0.240015 0.328466
vt 0.238527 0.326944
vt 0.310183 0.232503
vt 0.311777 0.233912
vt 0.309462 0.236071
vt 0.308181 0.23437
vt 0.983608 0.235169
vt 0.984888 0.236872
vt 0.982037 0.23877
vt 0.980957 0.236934
vt 0.398468 0.056952
vt 0.398468 0.059082
vt 0.39502 0.059082
vt 0.39502 0.056952
vt 0.965356 0.235012
vt 0.964077 0.236714
vt 0.961426 0.234949
vt 0.962506 0.233114
vt 0.370371 0.237361
vt 0.368777 0.23877
vt 0.366775 0.236903
vt 0.368055 0.235201
vt 0.290557 0.323685
vt 0.288734 0.324781
vt 0.287355 0.323031
vt 0.288843 0.321509
vt 0.943495 0.30811
vt 0.941672 0.309207
vt 0.940628 0.307881
vt 0.942115 0.30636
vt 0.659527 0.184626
vt 0.657933 0.186035
vt 0.657028 0.185191
vt 0.658308 0.183489
vt 0.378581 0.134855
vt 0.377302 0.136558
vt 0.376465 0.136001
vt 0.377545 0.134165
vt 0.86004 0.04248
vt 0.85791 0.04248
vt 0.85791 0.041468
vt 0.86004 0.041468
vt 0.033686 0.09164
vt 0.034433 0.093634
vt 0.033244 0.094005
vt 0.032726 0.091939
vt 0.649215 0.182913
vt 0.650496 0.184615
vt 0.64905 0.185487
vt 0.648142 0.183561
vt 0.894729 0.310944
vt 0.896217 0.312466
vt 0.894436 0.313809
vt 0.893381 0.311961
vt 0.238527 0.326944
vt 0.240015 0.328466
vt 0.237801 0.330136
vt 0.236746 0.328287
vt 0.308181 0.23437
vt 0.309462 0.236071
vt 0.306715 0.237728
vt 0.305807 0.235802
vt 0.274236 0.174567
vt 0.274982 0.176561
vt 0.271713 0.177581
vt 0.271195 0.175516
vt 0.243195 0.056952
vt 0.243195 0.059082
vt 0.239746 0.059082
vt 0.239746 0.056952
vt 0.232013 0.176228
vt 0.231267 0.178223
vt 0.228226 0.177274
vt 0.228744 0.175208
vt 0.368055 0.235201
vt 0.366775 0.236903
vt 0.364401 0.235471
vt 0.365309 0.233545
vt 0.288843 0.321509
vt 0.287355 0.323031
vt 0.285574 0.321688
vt 0.286629 0.31984
vt 0.942115 0.30636
vt 0.940628 0.307881
vt 0.93928 0.306865
vt 0.940334 0.305016
vt 0.658308 0.183489
vt 0.657028 0.185191
vt 0.655954 0.184543
vt 0.656862 0.182617
vt 0.010995 0.092244
vt 0.010249 0.094238
vt 0.009289 0.093939
vt 0.009806 0.091873
vt 0.901055 0.04248
vt 0.898926 0.04248
vt 0.898926 0.041468
vt 0.901055 0.041468
vt 0.032726 0.091939
vt 0.033244 0.094005
vt 0.03202 0.094238
vt 0.031738 0.092128
vt 0.648142 0.183561
vt 0.64905 0.185487
vt 0.647476 0.186035
vt 0.646973 0.183968
vt 0.893381 0.311961
vt 0.894436 0.313809
vt 0.892375 0.314653
vt 0.891821 0.3126
vt 0.236746 0.328287
vt 0.237801 0.330136
vt 0.235239 0.331185
vt 0.234685 0.329132
vt 0.305807 0.235802
vt 0.306715 0.237728
vt 0.303726 0.23877
vt 0.303223 0.236702
vt 0.271195 0.175516
vt 0.271713 0.177581
vt 0.268349 0.178223
vt 0.268066 0.176112
vt 0.270538 0.056952
vt 0.270538 0.059082
vt 0.26709 0.059082
vt 0.26709 0.056952
vt 0.228744 0.175208
vt 0.228226 0.177274
vt 0.225098 0.176677
vt 0.22538 0.174567
vt 0.365309 0.233545
vt 0.364401 0.235471
vt 0.361816 0.234571
vt 0.362319 0.232503
vt 0.286629 0.31984
vt 0.285574 0.321688
vt 0.283513 0.320843
vt 0.284067 0.31879
vt 0.940334 0.305016
vt 0.93928 0.306865
vt 0.937719 0.306225
vt 0.938273 0.304172
vt 0.656862 0.182617
vt 0.655954 0.184543
vt 0.654785 0.184136
vt 0.655288 0.182069
vt 0.009806 0.091873
vt 0.009289 0.093939
vt 0.008301 0.09375
vt 0.008583 0.09164
vt 0.871759 0.04248
vt 0.869629 0.04248
vt 0.869629 0.041468
vt 0.871759 0.041468
vt 0.609204 0.062754
vt 0.609443 0.06487
vt 0.608168 0.064941
vt 0.608161 0.062812
vt 0.606302 0.09198
vt 0.606729 0.094065
vt 0.605048 0.094238
vt 0.605035 0.092109
vt 0.891821 0.3126
vt 0.892375 0.314653
vt 0.890174 0.314941
vt 0.890137 0.312818
vt 0.234685 0.329132
vt 0.235239 0.331185
vt 0.23252 0.331543
vt 0.232484 0.32942
vt 0.178112 0.155301
vt 0.178539 0.157385
vt 0.175412 0.157715
vt 0.175399 0.155585
vt 0.396759 0.080208
vt 0.396998 0.082324
vt 0.393618 0.08252
vt 0.39361 0.08039
vt 0.142115 0.056952
vt 0.142115 0.059082
vt 0.138735 0.059082
vt 0.138735 0.056952
vt 0.482935 0.080404
vt 0.482696 0.08252
vt 0.479548 0.082338
vt 0.479555 0.080208
vt 0.358227 0.154885
vt 0.3578 0.15697
vt 0.355087 0.156685
vt 0.3551 0.154556
vt 0.284067 0.31879
vt 0.283513 0.320843
vt 0.281312 0.320555
vt 0.281348 0.318432
vt 0.938273 0.304172
vt 0.937719 0.306225
vt 0.936035 0.306007
vt 0.936072 0.303884
vt 0.56669 0.091866
vt 0.566263 0.093951
vt 0.564996 0.093822
vt 0.565009 0.091692
vt 0.647529 0.062825
vt 0.64729 0.064941
vt 0.646247 0.064884
vt 0.646254 0.062754
vt 0.873613 0.062812
vt 0.873613 0.064941
vt 0.87257 0.064941
vt 0.87257 0.062812
vt 0.608161 0.062812
vt 0.608168 0.064941
vt 0.575758 0.064941
vt 0.575765 0.062812
vt 0.605035 0.092109
vt 0.605048 0.094238
vt 0.57267 0.094238
vt 0.572684 0.092109
vt 0.890137 0.312818
vt 0.890174 0.314941
vt 0.857929 0.314941
vt 0.857925 0.312818
vt 0.232484 0.32942
vt 0.23252 0.331543
vt 0.200243 0.331543
vt 0.200239 0.32942
vt 0.175399 0.155585
vt 0.175412 0.157715
vt 0.142941 0.157715
vt 0.142955 0.155585
vt 0.39361 0.08039
vt 0.393618 0.08252
vt 0.361073 0.08252
vt 0.36108 0.08039
vt 0.138735 0.056952
vt 0.138735 0.059082
vt 0.10619 0.059082
vt 0.10619 0.056952
vt 0.479555 0.080208
vt 0.479548 0.082338
vt 0.447017 0.082338
vt 0.44701 0.080208
vt 0.3551 0.154556
vt 0.355087 0.156685
vt 0.322642 0.156685
vt 0.322629 0.154555
vt 0.281348 0.318432
vt 0.281312 0.320555
vt 0.249067 0.320555
vt 0.249071 0.318432
vt 0.936072 0.303884
vt 0.936035 0.306007
vt 0.903824 0.306007
vt 0.903827 0.303884
vt 0.565009 0.091692
vt 0.564996 0.093822
vt 0.532645 0.093822
vt 0.532631 0.091692
vt 0.646254 0.062754
vt 0.646247 0.064884
vt 0.613851 0.064884
vt 0.613844 0.062754
vt 0.87257 0.062812
vt 0.87257 0.064941
vt 0.840174 0.064941
vt 0.840174 0.062812
vt 0.575765 0.062812
vt 0.575758 0.064941
vt 0.574707 0.064883
vt 0.574946 0.062767
vt 0.572684 0.092109
vt 0.57267 0.094238
vt 0.571197 0.094088
vt 0.57163 0.092003
vt 0.857925 0.312818
vt 0.857929 0.314941
vt 0.855957 0.314682
vt 0.85647 0.312629
vt 0.200239 0.32942
vt 0.200243 0.331543
vt 0.197754 0.331214
vt 0.198267 0.329161
vt 0.142955 0.155585
vt 0.142941 0.157715
vt 0.140002 0.157408
vt 0.140435 0.155323
vt 0.36108 0.08039
vt 0.361073 0.08252
vt 0.35791 0.082337
vt 0.358149 0.080221
vt 0.10619 0.056952
vt 0.10619 0.059082
vt 0.103027 0.059082
vt 0.103027 0.056952
vt 0.44701 0.080208
vt 0.447017 0.082338
vt 0.444087 0.082507
vt 0.443848 0.080391
vt 0.322629 0.154555
vt 0.322642 0.156685
vt 0.320122 0.156947
vt 0.319689 0.154862
vt 0.249071 0.318432
vt 0.249067 0.320555
vt 0.247095 0.320815
vt 0.246582 0.318761
vt 0.903827 0.303884
vt 0.903824 0.306007
vt 0.902369 0.306196
vt 0.901855 0.304143
vt 0.532631 0.091692
vt 0.532645 0.093822
vt 0.531591 0.093928
vt 0.531158 0.091843
vt 0.613844 0.062754
vt 0.613851 0.064884
vt 0.613032 0.064929
vt 0.612793 0.062813
vt 0.840174 0.062812
vt 0.840174 0.064941
vt 0.839355 0.064941
vt 0.839355 0.062812
vt 0.266271 0.064941
vt 0.26416 0.064659
vt 0.264352 0.063654
vt 0.266418 0.064171
vt 0.57163 0.092003
vt 0.571197 0.094088
vt 0.569824 0.093646
vt 0.570665 0.091692
vt 0.115814 0.23877
vt 0.11377 0.238196
vt 0.114533 0.236355
vt 0.116372 0.237426
vt 0.275971 0.26123
vt 0.273926 0.260657
vt 0.274896 0.258319
vt 0.276735 0.25939
vt 0.140435 0.155323
vt 0.140002 0.157408
vt 0.137207 0.156509
vt 0.138047 0.154555
vt 0.842912 0.176112
vt 0.84263 0.178223
vt 0.839483 0.177623
vt 0.840001 0.175557
vt 0.297659 0.056952
vt 0.297659 0.059082
vt 0.294434 0.059082
vt 0.294434 0.056952
vt 0.852395 0.174674
vt 0.852678 0.176785
vt 0.849767 0.17734
vt 0.849249 0.175274
vt 0.319689 0.154862
vt 0.320122 0.156947
vt 0.317735 0.157715
vt 0.316895 0.155761
vt 0.352524 0.260657
vt 0.350479 0.26123
vt 0.349715 0.25939
vt 0.351554 0.258319
vt 0.073187 0.238196
vt 0.071142 0.23877
vt 0.070584 0.237426
vt 0.072423 0.236355
vt 0.531158 0.091843
vt 0.531591 0.093928
vt 0.530626 0.094238
vt 0.529785 0.092284
vt 0.27837 0.064659
vt 0.276259 0.064941
vt 0.276113 0.064171
vt 0.278178 0.063654
vt 0.214532 0.037598
vt 0.212402 0.037598
vt 0.212402 0.036808
vt 0.214532 0.036808
vt 0.266418 0.064171
vt 0.264352 0.063654
vt 0.264657 0.062676
vt 0.266651 0.063422
vt 0.562909 0.186035
vt 0.561035 0.185028
vt 0.56184 0.183825
vt 0.563475 0.185189
vt 0.116372 0.237426
vt 0.114533 0.236355
vt 0.115748 0.234764
vt 0.117259 0.236264
vt 0.276735 0.25939
vt 0.274896 0.258319
vt 0.276439 0.256299
vt 0.277949 0.257799
vt 0.164471 0.249512
vt 0.162598 0.248504
vt 0.164236 0.246056
vt 0.165872 0.24742
vt 0.840001 0.175557
vt 0.839483 0.177623
vt 0.836426 0.176669
vt 0.837172 0.174674
vt 0.318167 0.056952
vt 0.318167 0.059082
vt 0.314941 0.059082
vt 0.314941 0.056952
vt 0.849249 0.175274
vt 0.849767 0.17734
vt 0.846938 0.178223
vt 0.846191 0.176228
vt 0.245016 0.248504
vt 0.243142 0.249512
vt 0.241742 0.24742
vt 0.243377 0.246056
vt 0.351554 0.258319
vt 0.349715 0.25939
vt 0.3485 0.257799
vt 0.350011 0.256299
vt 0.072423 0.236355
vt 0.070584 0.237426
vt 0.069697 0.236264
vt 0.071208 0.234764
vt 0.572885 0.185028
vt 0.571011 0.186035
vt 0.570445 0.185189
vt 0.57208 0.183825
vt 0.278178 0.063654
vt 0.276113 0.064171
vt 0.275879 0.063422
vt 0.277873 0.062676
vt 0.237969 0.037598
vt 0.23584 0.037598
vt 0.23584 0.036808
vt 0.237969 0.036808
vt 0.214238 0.105957
vt 0.212402 0.104877
vt 0.21297 0.104025
vt 0.214672 0.105304
vt 0.563475 0.185189
vt 0.56184 0.183825
vt 0.562889 0.182802
vt 0.564213 0.184469
vt 0.117259 0.236264
vt 0.115748 0.234764
vt 0.117332 0.233531
vt 0.118415 0.235364
vt 0.277949 0.257799
vt 0.276439 0.256299
vt 0.27845 0.254732
vt 0.279533 0.256565
vt 0.165872 0.24742
vt 0.164236 0.246056
vt 0.166372 0.243972
vt 0.167696 0.245639
vt 0.539884 0.227169
vt 0.538804 0.229004
vt 0.536138 0.227229
vt 0.537418 0.225526
vt 0.425589 0.056952
vt 0.425589 0.059082
vt 0.422363 0.059082
vt 0.422363 0.056952
vt 0.558336 0.223614
vt 0.559416 0.225449
vt 0.556949 0.227091
vt 0.555669 0.225389
vt 0.243377 0.246056
vt 0.241742 0.24742
vt 0.239918 0.245639
vt 0.241242 0.243972
vt 0.350011 0.256299
vt 0.3485 0.257799
vt 0.346917 0.256565
vt 0.348 0.254732
vt 0.071208 0.234764
vt 0.069697 0.236264
vt 0.068541 0.235364
vt 0.069625 0.233531
vt 0.57208 0.183825
vt 0.570445 0.185189
vt 0.569707 0.184469
vt 0.571031 0.182802
vt 0.221038 0.104877
vt 0.219203 0.105957
vt 0.218768 0.105304
vt 0.22047 0.104025
vt 0.191094 0.037598
vt 0.188965 0.037598
vt 0.188965 0.036808
vt 0.191094 0.036808
vt 0.214672 0.105304
vt 0.21297 0.104025
vt 0.21363 0.103243
vt 0.215178 0.104705
vt 0.564213 0.184469
vt 0.562889 0.182802
vt 0.56411 0.182026
vt 0.565072 0.183924
vt 0.118415 0.235364
vt 0.117332 0.233531
vt 0.119176 0.232739
vt 0.119761 0.234786
vt 0.279533 0.256565
vt 0.27845 0.254732
vt 0.280791 0.253727
vt 0.281377 0.255774
vt 0.167696 0.245639
vt 0.166372 0.243972
vt 0.168859 0.242393
vt 0.169821 0.244291
vt 0.537418 0.225526
vt 0.536138 0.227229
vt 0.533691 0.225162
vt 0.535154 0.223614
vt 0.432425 0.056952
vt 0.432425 0.059082
vt 0.429199 0.059082
vt 0.429199 0.056952
vt 0.555669 0.225389
vt 0.556949 0.227091
vt 0.554685 0.229004
vt 0.553223 0.227456
vt 0.241242 0.243972
vt 0.239918 0.245639
vt 0.237793 0.244291
vt 0.238755 0.242393
vt 0.348 0.254732
vt 0.346917 0.256565
vt 0.345073 0.255774
vt 0.345659 0.253727
vt 0.069625 0.233531
vt 0.068541 0.235364
vt 0.067195 0.234786
vt 0.067781 0.232739
vt 0.571031 0.182802
vt 0.569707 0.184469
vt 0.568848 0.183924
vt 0.56981 0.182026
vt 0.22047 0.104025
vt 0.218768 0.105304
vt 0.218262 0.104705
vt 0.21981 0.103243
vt 0.155938 0.037598
vt 0.153809 0.037598
vt 0.153809 0.036808
vt 0.155938 0.036808
vt 0.388654 0.150879
vt 0.388184 0.148802
vt 0.389299 0.14862
vt 0.389557 0.150734
vt 0.439461 0.088379
vt 0.438965 0.086308
vt 0.440472 0.086111
vt 0.440583 0.088238
vt 0.119761 0.234786
vt 0.119176 0.232739
vt 0.121154 0.232443
vt 0.121261 0.234568
vt 0.281377 0.255774
vt 0.280791 0.253727
vt 0.283248 0.253353
vt 0.283355 0.255478
vt 0.199232 0.105957
vt 0.19873 0.103887
vt 0.201584 0.103488
vt 0.2017 0.105615
vt 0.494157 0.178223
vt 0.493652 0.176154
vt 0.496694 0.175585
vt 0.496986 0.177694
vt 0.214505 0.056952
vt 0.214505 0.059082
vt 0.211412 0.059082
vt 0.211412 0.056952
vt 0.548647 0.176154
vt 0.548143 0.178223
vt 0.545313 0.177694
vt 0.545606 0.175585
vt 0.141076 0.103887
vt 0.140575 0.105957
vt 0.138107 0.105615
vt 0.138223 0.103488
vt 0.345659 0.253727
vt 0.345073 0.255774
vt 0.343094 0.255478
vt 0.343202 0.253353
vt 0.067781 0.232739
vt 0.067195 0.234786
vt 0.065695 0.234568
vt 0.065802 0.232443
vt 0.371991 0.086308
vt 0.371495 0.088379
vt 0.370373 0.088238
vt 0.370484 0.086111
vt 0.384369 0.148802
vt 0.383899 0.150879
vt 0.382996 0.150734
vt 0.383254 0.14862
vt 0.815594 0.062812
vt 0.815594 0.064941
vt 0.814681 0.064941
vt 0.814681 0.062812
vt 0.389557 0.150734
vt 0.389299 0.14862
vt 0.396832 0.147791
vt 0.397065 0.149907
vt 0.440583 0.088238
vt 0.440472 0.086111
vt 0.448097 0.085877
vt 0.448163 0.088005
vt 0.121261 0.234568
vt 0.121154 0.232443
vt 0.1288 0.232297
vt 0.128851 0.234424
vt 0.283355 0.255478
vt 0.283248 0.253353
vt 0.290949 0.253204
vt 0.291001 0.255331
vt 0.2017 0.105615
vt 0.201584 0.103488
vt 0.209364 0.103227
vt 0.209436 0.105355
vt 0.496986 0.177694
vt 0.496694 0.175585
vt 0.504434 0.174604
vt 0.504702 0.176716
vt 0.211412 0.056952
vt 0.211412 0.059082
vt 0.203613 0.059082
vt 0.203613 0.056952
vt 0.545606 0.175585
vt 0.545313 0.177694
vt 0.537598 0.176716
vt 0.537865 0.174604
vt 0.138223 0.103488
vt 0.138107 0.105615
vt 0.130371 0.105355
vt 0.130442 0.103227
vt 0.343202 0.253353
vt 0.343094 0.255478
vt 0.335449 0.255331
vt 0.335501 0.253204
vt 0.065802 0.232443
vt 0.065695 0.234568
vt 0.058105 0.234424
vt 0.058157 0.232297
vt 0.370484 0.086111
vt 0.370373 0.088238
vt 0.362793 0.088005
vt 0.362859 0.085877
vt 0.383254 0.14862
vt 0.382996 0.150734
vt 0.375488 0.149907
vt 0.375721 0.147791
vt 0.814681 0.062812
vt 0.814681 0.064941
vt 0.807129 0.064941
vt 0.807129 0.062812
vt 0.029634 0.277238
vt 0.031552 0.276314
vt 0.032617 0.280979
vt 0.028306 0.278903
vt 0.029634 0.277238
vt 0.032617 0.280979
vt 0.027832 0.280979
vt 0.028306 0.278903
vt 0.032617 0.280979
vt 0.028306 0.283056
vt 0.027832 0.280979
vt 0.032617 0.280979
vt 0.029634 0.284721
vt 0.028306 0.283056
vt 0.032617 0.280979
vt 0.031552 0.285645
vt 0.029634 0.284721
vt 0.032617 0.280979
vt 0.033682 0.285645
vt 0.031552 0.285645
vt 0.032617 0.280979
vt 0.035601 0.284721
vt 0.033682 0.285645
vt 0.032617 0.280979
vt 0.036928 0.283056
vt 0.035601 0.284721
vt 0.032617 0.280979
vt 0.037402 0.280979
vt 0.036928 0.283056
vt 0.032617 0.280979
vt 0.036928 0.278903
vt 0.037402 0.280979
vt 0.032617 0.280979
vt 0.035601 0.277238
vt 0.036928 0.278903
vt 0.032617 0.280979
vt 0.033682 0.276314
vt 0.035601 0.277238
vt 0.032617 0.280979
vt 0.031552 0.276314
vt 0.033682 0.276314
vt 0.032617 0.280979
vt 0.045312 0.280979
vt 0.044248 0.285645
vt 0.042329 0.284721
vt 0.045312 0.280979
vt 0.042329 0.284721
vt 0.041001 0.283056
vt 0.045312 0.280979
vt 0.041001 0.283056
vt 0.040527 0.280979
vt 0.045312 0.280979
vt 0.040527 0.280979
vt 0.041001 0.278903
vt 0.045312 0.280979
vt 0.041001 0.278903
vt 0.042329 0.277238
vt 0.045312 0.280979
vt 0.042329 0.277238
vt 0.044248 0.276314
vt 0.045312 0.280979
vt 0.044248 0.276314
vt 0.046377 0.276314
vt 0.045312 0.280979
vt 0.046377 0.276314
vt 0.048296 0.277238
vt 0.045312 0.280979
vt 0.048296 0.277238
vt 0.049624 0.278903
vt 0.045312 0.280979
vt 0.049624 0.278903
vt 0.050098 0.280979
vt 0.045312 0.280979
vt 0.050098 0.280979
vt 0.049624 0.283056
vt 0.045312 0.280979
vt 0.049624 0.283056
vt 0.048296 0.284721
vt 0.045312 0.280979
vt 0.048296 0.284721
vt 0.046377 0.285645
vt 0.045312 0.280979
vt 0.046377 0.285645
vt 0.044248 0.285645
vn -0.223664 0.003504 -0.97466
vn -0.626095 0.00227 -0.779744
vn -0.630765 -0.033648 -0.775244
vn -0.225896 -0.03751 -0.973429
vn -0.903101 0.000796 -0.429426
vn -0.906365 -0.021234 -0.421962
vn -0.999984 0.000172 0.005631
vn -0.999916 0.001689 0.01283
vn -0.898704 0.000725 0.438555
vn -0.896212 0.030608 0.442568
vn -0.620629 0.001916 0.784102
vn -0.617883 0.057021 0.7842
vn -0.221238 0.002836 0.975216
vn -0.220089 0.072666 0.97277
vn 0.221238 0.002836 0.975216
vn 0.220089 0.072666 0.97277
vn 0.620629 0.001916 0.784102
vn 0.617883 0.057021 0.7842
vn 0.898704 0.000725 0.438555
vn 0.896212 0.030608 0.442568
vn 0.999984 0.000172 0.005631
vn 0.999916 0.001689 0.01283
vn 0.903101 0.000796 -0.429426
vn 0.906365 -0.021234 -0.421962
vn 0.626095 0.00227 -0.779744
vn 0.630765 -0.033648 -0.775244
vn 0.223664 0.003504 -0.97466
vn 0.225896 -0.03751 -0.973429
vn -0.64308 -0.18432 -0.743286
vn -0.232889 -0.227177 -0.945597
vn -0.912965 -0.101592 -0.39519
vn -0.999699 0.007064 0.02348
vn -0.893079 0.119091 0.433851
vn -0.615128 0.210449 0.759822
vn -0.219084 0.261574 0.93999
vn 0.219084 0.261574 0.93999
vn 0.615128 0.210449 0.759822
vn 0.893079 0.119091 0.433851
vn 0.999699 0.007064 0.02348
vn 0.912965 -0.101592 -0.39519
vn 0.64308 -0.18432 -0.743286
vn 0.232889 -0.227177 -0.945597
vn -0.646357 -0.381517 -0.660808
vn -0.235006 -0.485997 -0.841771
vn -0.914581 -0.202201 -0.350223
vn -0.999616 0.013859 0.024005
vn -0.891979 0.226038 0.39151
vn -0.613899 0.394692 0.683627
vn -0.218559 0.487912 0.845088
vn 0.218559 0.487912 0.845088
vn 0.613899 0.394692 0.683627
vn 0.891979 0.226038 0.39151
vn 0.999616 0.013859 0.024005
vn 0.914581 -0.202201 -0.350223
vn 0.646357 -0.381517 -0.660808
vn 0.235006 -0.485997 -0.841771
vn -0.646357 -0.539547 -0.539547
vn -0.235006 -0.687303 -0.687303
vn -0.914581 -0.285956 -0.285956
vn -0.999616 0.0196 0.0196
vn -0.891979 0.319666 0.319666
vn -0.613899 0.558179 0.558179
vn -0.218559 0.690012 0.690012
vn 0.218559 0.690012 0.690012
vn 0.613899 0.558179 0.558179
vn 0.891979 0.319666 0.319666
vn 0.999616 0.0196 0.0196
vn 0.914581 -0.285956 -0.285956
vn 0.646357 -0.539547 -0.539547
vn 0.235006 -0.687303 -0.687303
vn -0.646357 -0.660808 -0.381517
vn -0.235006 -0.841771 -0.485997
vn -0.914581 -0.350223 -0.202201
vn -0.999616 0.024005 0.013859
vn -0.891979 0.39151 0.226038
vn -0.613899 0.683627 0.394692
vn -0.218559 0.845088 0.487912
vn 0.218559 0.845088 0.487912
vn 0.613899 0.683627 0.394692
vn 0.891979 0.39151 0.226038
vn 0.999616 0.024005 0.013859
vn 0.914581 -0.350223 -0.202201
vn 0.646357 -0.660808 -0.381517
vn 0.235006 -0.841771 -0.485997
vn -0.64592 -0.737997 -0.195312
vn -0.234719 -0.940041 -0.247448
vn -0.914365 -0.391263 -0.10416
vn -0.999628 0.026317 0.00717
vn -0.892136 0.436265 0.117324
vn -0.61408 0.762095 0.205223
vn -0.218637 0.942196 0.253897
vn 0.218637 0.942196 0.253897
vn 0.61408 0.762095 0.205223
vn 0.892136 0.436265 0.117324
vn 0.999628 0.026317 0.00717
vn 0.914365 -0.391263 -0.10416
vn 0.64592 -0.737997 -0.195312
vn 0.234719 -0.940041 -0.247448
vn -0.624388 -0.781105 -0.003849
vn -0.222921 -0.974828 -0.004068
vn -0.901685 -0.432385 -0.002653
vn -0.999998 0.00182 0.000233
vn -0.90026 0.435327 0.004602
vn -0.622611 0.782478 0.009133
vn -0.222131 0.974943 0.012029
vn 0.222131 0.974943 0.012029
vn 0.622611 0.782478 0.009133
vn 0.90026 0.435327 0.004602
vn 0.999998 0.00182 0.000233
vn 0.901685 -0.432385 -0.002653
vn 0.624388 -0.781105 -0.003849
vn 0.222921 -0.974828 -0.004068
vn -0.624397 -0.781101 0.003196
vn -0.222925 -0.97483 0.003243
vn -0.901692 -0.432373 0.002299
vn -0.999998 0.001837 -0.000234
vn -0.900254 0.435344 -0.00427
vn -0.622603 0.782491 -0.008546
vn -0.222127 0.974952 -0.011306
vn 0.222127 0.974952 -0.011306
vn 0.622603 0.782491 -0.008546
vn 0.900254 0.435344 -0.00427
vn 0.999998 0.001837 -0.000234
vn 0.901692 -0.432373 0.002299
vn 0.624397 -0.781101 0.003196
vn 0.222925 -0.97483 0.003243
vn -0.650461 -0.73432 0.194099
vn -0.237873 -0.939455 0.24666
vn -0.916294 -0.387035 0.102998
vn -0.999539 0.029287 -0.007967
vn -0.891316 0.437828 -0.117738
vn -0.613333 0.762663 -0.20535
vn -0.21835 0.942269 -0.253875
vn 0.21835 0.942269 -0.253875
vn 0.613333 0.762663 -0.20535
vn 0.891316 0.437828 -0.117738
vn 0.999539 0.029287 -0.007967
vn 0.916294 -0.387035 0.102998
vn 0.650461 -0.73432 0.194099
vn 0.237873 -0.939455 0.24666
vn -0.65101 -0.657373 0.379535
vn -0.238275 -0.841082 0.485599
vn -0.916531 -0.346378 0.199981
vn -0.999526 0.026669 -0.015398
vn -0.891167 0.392895 -0.226838
vn -0.613167 0.68412 -0.394977
vn -0.218279 0.845142 -0.487943
vn 0.218279 0.845142 -0.487943
vn 0.613167 0.68412 -0.394977
vn 0.891167 0.392895 -0.226838
vn 0.999526 0.026669 -0.015398
vn 0.916531 -0.346378 0.199981
vn 0.65101 -0.657373 0.379535
vn 0.238275 -0.841082 0.485599
vn -0.65101 -0.536743 0.536743
vn -0.238275 -0.68674 0.68674
vn -0.916531 -0.282816 0.282816
vn -0.999526 0.021775 -0.021775
vn -0.891167 0.320797 -0.320797
vn -0.613167 0.558581 -0.558581
vn -0.218279 0.690056 -0.690056
vn 0.218279 0.690056 -0.690056
vn 0.613167 0.558581 -0.558581
vn 0.891167 0.320797 -0.320797
vn 0.999526 0.021775 -0.021775
vn 0.916531 -0.282816 0.282816
vn 0.65101 -0.536743 0.536743
vn 0.238275 -0.68674 0.68674
vn -0.65101 -0.379535 0.657373
vn -0.238275 -0.485599 0.841082
vn -0.916531 -0.199981 0.346378
vn -0.999526 0.015398 -0.026669
vn -0.891167 0.226838 -0.392895
vn -0.613167 0.394977 -0.68412
vn -0.218279 0.487943 -0.845142
vn 0.218279 0.487943 -0.845142
vn 0.613167 0.394977 -0.68412
vn 0.891167 0.226838 -0.392895
vn 0.999526 0.015398 -0.026669
vn 0.916531 -0.199981 0.346378
vn 0.65101 -0.379535 0.657373
vn 0.238275 -0.485599 0.841082
vn -0.64905 -0.188632 0.736989
vn -0.236855 -0.235974 0.942452
vn -0.915681 -0.101786 0.388804
vn -0.999573 0.007943 -0.028115
vn -0.891692 0.118511 -0.436852
vn -0.613745 0.207557 -0.761733
vn -0.218525 0.257081 -0.941359
vn 0.218525 0.257081 -0.941359
vn 0.613745 0.207557 -0.761733
vn 0.891692 0.118511 -0.436852
vn 0.999573 0.007943 -0.028115
vn 0.915681 -0.101786 0.388804
vn 0.64905 -0.188632 0.736989
vn 0.236855 -0.235974 0.942452
vn -0.626806 -0.012214 0.77908
vn -0.22402 -0.012629 0.974503
vn -0.903538 -0.008502 0.428423
vn -0.99998 0.000834 -0.006333
vn -0.898563 0.014656 -0.438599
vn -0.620578 0.028541 -0.783625
vn -0.221241 0.037206 -0.974509
vn 0.221241 0.037206 -0.974509
vn 0.620578 0.028541 -0.783625
vn 0.898563 0.014656 -0.438599
vn 0.99998 0.000834 -0.006333
vn 0.903538 -0.008502 0.428423
vn 0.626806 -0.012214 0.77908
vn 0.22402 -0.012629 0.974503
vn -0.623831 0.000138 0.78156
vn -0.222665 0.00021 0.974895
vn -0.901266 0.00005 0.433267
vn -1 0.000011 -0.000834
vn -0.900614 0.00005 -0.43462
vn -0.623019 0.000135 -0.782206
vn -0.222305 0.000203 -0.974977
vn 0.222305 0.000203 -0.974977
vn 0.623019 0.000135 -0.782206
vn 0.900614 0.00005 -0.43462
vn 1 0.000011 -0.000834
vn 0.901266 0.00005 0.433267
vn 0.623831 0.000138 0.78156
vn 0.222665 0.00021 0.974895
vn 0 -1 0
f 529/2023/222 530/2024/223 544/2025/224 543/2026/225
f 530/2027/223 531/2028/226 545/2029/227 544/2030/224
f 531/2031/226 532/2032/228 546/2033/229 545/2034/227
f 532/2035/228 533/2036/230 547/2037/231 546/2038/229
f 533/2039/230 534/2040/232 548/2041/233 547/2042/231
f 534/2043/232 535/2044/234 549/2045/235 548/2046/233
f 535/2047/234 536/2048/236 550/2049/237 549/2050/235
f 536/2051/236 537/2052/238 551/2053/239 550/2054/237
f 537/2055/238 538/2056/240 552/2057/241 551/2058/239
f 538/2059/240 539/2060/242 553/2061/243 552/2062/241
f 539/2063/242 540/2064/244 554/2065/245 553/2066/243
f 540/2067/244 541/2068/246 555/2069/247 554/2070/245
f 541/2071/246 542/2072/248 556/2073/249 555/2074/247
f 542/2075/248 529/2076/222 543/2077/225 556/2078/249
f 543/2079/225 544/2080/224 558/2081/250 557/2082/251
f 544/2083/224 545/2084/227 559/2085/252 558/2086/250
f 545/2087/227 546/2088/229 560/2089/253 559/2090/252
f 546/2091/229 547/2092/231 561/2093/254 560/2094/253
f 547/2095/231 548/2096/233 562/2097/255 561/2098/254
f 548/2099/233 549/2100/235 563/2101/256 562/2102/255
f 549/2103/235 550/2104/237 564/2105/257 563/2106/256
f 550/2107/237 551/2108/239 565/2109/258 564/2110/257
f 551/2111/239 552/2112/241 566/2113/259 565/2114/258
f 552/2115/241 553/2116/243 567/2117/260 566/2118/259
f 553/2119/243 554/2120/245 568/2121/261 567/2122/260
f 554/2123/245 555/2124/247 569/2125/262 568/2126/261
f 555/2127/247 556/2128/249 570/2129/263 569/2130/262
f 556/2131/249 543/2132/225 557/2133/251 570/2134/263
f 557/2135/251 558/2136/250 572/2137/264 571/2138/265
f 558/2139/250 559/2140/252 573/2141/266 572/2142/264
f 559/2143/252 560/2144/253 574/2145/267 573/2146/266
f 560/2147/253 561/2148/254 575/2149/268 574/2150/267
f 561/2151/254 562/2152/255 576/2153/269 575/2154/268
f 562/2155/255 563/2156/256 577/2157/270 576/2158/269
f 563/2159/256 564/2160/257 578/2161/271 577/2162/270
f 564/2163/257 565/2164/258 579/2165/272 578/2166/271
f 565/2167/258 566/2168/259 580/2169/273 579/2170/272
f 566/2171/259 567/2172/260 581/2173/274 580/2174/273
f 567/2175/260 568/2176/261 582/2177/275 581/2178/274
f 568/2179/261 569/2180/262 583/2181/276 582/2182/275
f 569/2183/262 570/2184/263 584/2185/277 583/2186/276
f 570/2187/263 557/2188/251 571/2189/265 584/2190/277
f 571/2191/265 572/2192/264 586/2193/278 585/2194/279
f 572/2195/264 573/2196/266 587/2197/280 586/2198/278
f 573/2199/266 574/2200/267 588/2201/281 587/2202/280
f 574/2203/267 575/2204/268 589/2205/282 588/2206/281
f 575/2207/268 576/2208/269 590/2209/283 589/2210/282
f 576/2211/269 577/2212/270 591/2213/284 590/2214/283
f 577/2215/270 578/2216/271 592/2217/285 591/2218/284
f 578/2219/271 579/2220/272 593/2221/286 592/2222/285
f 579/2223/272 580/2224/273 594/2225/287 593/2226/286
f 580/2227/273 581/2228/274 595/2229/288 594/2230/287
f 581/2231/274 582/2232/275 596/2233/289 595/2234/288
f 582/2235/275 583/2236/276 597/2237/290 596/2238/289
f 583/2239/276 584/2240/277 598/2241/291 597/2242/290
f 584/2243/277 571/2244/265 585/2245/279 598/2246/291
f 585/2247/279 586/2248/278 600/2249/292 599/2250/293
f 586/2251/278 587/2252/280 601/2253/294 600/2254/292
f 587/2255/280 588/2256/281 602/2257/295 601/2258/294
f 588/2259/281 589/2260/282 603/2261/296 602/2262/295
f 589/2263/282 590/2264/283 604/2265/297 603/2266/296
f 590/2267/283 591/2268/284 605/2269/298 604/2270/297
f 591/2271/284 592/2272/285 606/2273/299 605/2274/298
f 592/2275/285 593/2276/286 607/2277/300 606/2278/299
f 593/2279/286 594/2280/287 608/2281/301 607/2282/300
f 594/2283/287 595/2284/288 609/2285/302 608/2286/301
f 595/2287/288 596/2288/289 610/2289/303 609/2290/302
f 596/2291/289 597/2292/290 611/2293/304 610/2294/303
f 597/2295/290 598/2296/291 612/2297/305 611/2298/304
f 598/2299/291 585/2300/279 599/2301/293 612/2302/305
f 599/2303/293 600/2304/292 614/2305/306 613/2306/307
f 600/2307/292 601/2308/294 615/2309/308 614/2310/306
f 601/2311/294 602/2312/295 616/2313/309 615/2314/308
f 602/2315/295 603/2316/296 617/2317/310 616/2318/309
f 603/2319/296 604/2320/297 618/2321/311 617/2322/310
f 604/2323/297 605/2324/298 619/2325/312 618/2326/311
f 605/2327/298 606/2328/299 620/2329/313 619/2330/312
f 606/2331/299 607/2332/300 621/2333/314 620/2334/313
f 607/2335/300 608/2336/301 622/2337/315 621/2338/314
f 608/2339/301 609/2340/302 623/2341/316 622/2342/315
f 609/2343/302 610/2344/303 624/2345/317 623/2346/316
f 610/2347/303 611/2348/304 625/2349/318 624/2350/317
f 611/2351/304 612/2352/305 626/2353/319 625/2354/318
f 612/2355/305 599/2356/293 613/2357/307 626/2358/319
f 613/2359/307 614/2360/306 628/2361/320 627/2362/321
f 614/2363/306 615/2364/308 629/2365/322 628/2366/320
f 615/2367/308 616/2368/309 630/2369/323 629/2370/322
f 616/2371/309 617/2372/310 631/2373/324 630/2374/323
f 617/2375/310 618/2376/311 632/2377/325 631/2378/324
f 618/2379/311 619/2380/312 633/2381/326 632/2382/325
f 619/2383/312 620/2384/313 634/2385/327 633/2386/326
f 620/2387/313 621/2388/314 635/2389/328 634/2390/327
f 621/2391/314 622/2392/315 636/2393/329 635/2394/328
f 622/2395/315 623/2396/316 637/2397/330 636/2398/329
f 623/2399/316 624/2400/317 638/2401/331 637/2402/330
f 624/2403/317 625/2404/318 639/2405/332 638/2406/331
f 625/2407/318 626/2408/319 640/2409/333 639/2410/332
f 626/2411/319 613/2412/307 627/2413/321 640/2414/333
f 627/2415/321 628/2416/320 642/2417/334 641/2418/335
f 628/2419/320 629/2420/322 643/2421/336 642/2422/334
f 629/2423/322 630/2424/323 644/2425/337 643/2426/336
f 630/2427/323 631/2428/324 645/2429/338 644/2430/337
f 631/2431/324 632/2432/325 646/2433/339 645/2434/338
f 632/2435/325 633/2436/326 647/2437/340 646/2438/339
f 633/2439/326 634/2440/327 648/2441/341 647/2442/340
f 634/2443/327 635/2444/328 649/2445/342 648/2446/341
f 635/2447/328 636/2448/329 650/2449/343 649/2450/342
f 636/2451/329 637/2452/330 651/2453/344 650/2454/343
f 637/2455/330 638/2456/331 652/2457/345 651/2458/344
f 638/2459/331 639/2460/332 653/2461/346 652/2462/345
f 639/2463/332 640/2464/333 654/2465/347 653/2466/346
f 640/2467/333 627/2468/321 641/2469/335 654/2470/347
f 641/2471/335 642/2472/334 656/2473/348 655/2474/349
f 642/2475/334 643/2476/336 657/2477/350 656/2478/348
f 643/2479/336 644/2480/337 658/2481/351 657/2482/350
f 644/2483/337 645/2484/338 659/2485/352 658/2486/351
f 645/2487/338 646/2488/339 660/2489/353 659/2490/352
f 646/2491/339 647/2492/340 661/2493/354 660/2494/353
f 647/2495/340 648/2496/341 662/2497/355 661/2498/354
f 648/2499/341 649/2500/342 663/2501/356 662/2502/355
f 649/2503/342 650/2504/343 664/2505/357 663/2506/356
f 650/2507/343 651/2508/344 665/2509/358 664/2510/357
f 651/2511/344 652/2512/345 666/2513/359 665/2514/358
f 652/2515/345 653/2516/346 667/2517/360 666/2518/359
f 653/2519/346 654/2520/347 668/2521/361 667/2522/360
f 654/2523/347 641/2524/335 655/2525/349 668/2526/361
f 655/2527/349 656/2528/348 670/2529/362 669/2530/363
f 656/2531/348 657/2532/350 671/2533/364 670/2534/362
f 657/2535/350 658/2536/351 672/2537/365 671/2538/364
f 658/2539/351 659/2540/352 673/2541/366 672/2542/365
f 659/2543/352 660/2544/353 674/2545/367 673/2546/366
f 660/2547/353 661/2548/354 675/2549/368 674/2550/367
f 661/2551/354 662/2552/355 676/2553/369 675/2554/368
f 662/2555/355 663/2556/356 677/2557/370 676/2558/369
f 663/2559/356 664/2560/357 678/2561/371 677/2562/370
f 664/2563/357 665/2564/358 679/2565/372 678/2566/371
f 665/2567/358 666/2568/359 680/2569/373 679/2570/372
f 666/2571/359 667/2572/360 681/2573/374 680/2574/373
f 667/2575/360 668/2576/361 682/2577/375 681/2578/374
f 668/2579/361 655/2580/349 669/2581/363 682/2582/375
f 669/2583/363 670/2584/362 684/2585/376 683/2586/377
f 670/2587/362 671/2588/364 685/2589/378 684/2590/376
f 671/2591/364 672/2592/365 686/2593/379 685/2594/378
f 672/2595/365 673/2596/366 687/2597/380 686/2598/379
f 673/2599/366 674/2600/367 688/2601/381 687/2602/380
f 674/2603/367 675/2604/368 689/2605/382 688/2606/381
f 675/2607/368 676/2608/369 690/2609/383 689/2610/382
f 676/2611/369 677/2612/370 691/2613/384 690/2614/383
f 677/2615/370 678/2616/371 692/2617/385 691/2618/384
f 678/2619/371 679/2620/372 693/2621/386 692/2622/385
f 679/2623/372 680/2624/373 694/2625/387 693/2626/386
f 680/2627/373 681/2628/374 695/2629/388 694/2630/387
f 681/2631/374 682/2632/375 696/2633/389 695/2634/388
f 682/2635/375 669/2636/363 683/2637/377 696/2638/389
f 683/2639/377 684/2640/376 698/2641/390 697/2642/391
f 684/2643/376 685/2644/378 699/2645/392 698/2646/390
f 685/2647/378 686/2648/379 700/2649/393 699/2650/392
f 686/2651/379 687/2652/380 701/2653/394 700/2654/393
f 687/2655/380 688/2656/381 702/2657/395 701/2658/394
f 688/2659/381 689/2660/382 703/2661/396 702/2662/395
f 689/2663/382 690/2664/383 704/2665/397 703/2666/396
f 690/2667/383 691/2668/384 705/2669/398 704/2670/397
f 691/2671/384 692/2672/385 706/2673/399 705/2674/398
f 692/2675/385 693/2676/386 707/2677/400 706/2678/399
f 693/2679/386 694/2680/387 708/2681/401 707/2682/400
f 694/2683/387 695/2684/388 709/2685/402 708/2686/401
f 695/2687/388 696/2688/389 710/2689/403 709/2690/402
f 696/2691/389 683/2692/377 697/2693/391 710/2694/403
f 697/2695/391 698/2696/390 712/2697/404 711/2698/405
f 698/2699/390 699/2700/392 713/2701/406 712/2702/404
f 699/2703/392 700/2704/393 714/2705/407 713/2706/406
f 700/2707/393 701/2708/394 715/2709/408 714/2710/407
f 701/2711/394 702/2712/395 716/2713/409 715/2714/408
f 702/2715/395 703/2716/396 717/2717/410 716/2718/409
f 703/2719/396 704/2720/397 718/2721/411 717/2722/410
f 704/2723/397 705/2724/398 719/2725/412 718/2726/411
f 705/2727/398 706/2728/399 720/2729/413 719/2730/412
f 706/2731/399 707/2732/400 721/2733/414 720/2734/413
f 707/2735/400 708/2736/401 722/2737/415 721/2738/414
f 708/2739/401 709/2740/402 723/2741/416 722/2742/415
f 709/2743/402 710/2744/403 724/2745/417 723/2746/416
f 710/2747/403 697/2748/391 711/2749/405 724/2750/417
f 711/2751/405 712/2752/404 726/2753/418 725/2754/419
f 712/2755/404 713/2756/406 727/2757/420 726/2758/418
f 713/2759/406 714/2760/407 728/2761/421 727/2762/420
f 714/2763/407 715/2764/408 729/2765/422 728/2766/421
f 715/2767/408 716/2768/409 730/2769/423 729/2770/422
f 716/2771/409 717/2772/410 731/2773/424 730/2774/423
f 717/2775/410 718/2776/411 732/2777/425 731/2778/424
f 718/2779/411 719/2780/412 733/2781/426 732/2782/425
f 719/2783/412 720/2784/413 734/2785/427 733/2786/426
f 720/2787/413 721/2788/414 735/2789/428 734/2790/427
f 721/2791/414 722/2792/415 736/2793/429 735/2794/428
f 722/2795/415 723/2796/416 737/2797/430 736/2798/429
f 723/2799/416 724/2800/417 738/2801/431 737/2802/430
f 724/2803/417 711/2804/405 725/2805/419 738/2806/431
f 725/2807/419 726/2808/418 740/2809/432 739/2810/433
f 726/2811/418 727/2812/420 741/2813/434 740/2814/432
f 727/2815/420 728/2816/421 742/2817/435 741/2818/434
f 728/2819/421 729/2820/422 743/2821/436 742/2822/435
f 729/2823/422 730/2824/423 744/2825/437 743/2826/436
f 730/2827/423 731/2828/424 745/2829/438 744/2830/437
f 731/2831/424 732/2832/425 746/2833/439 745/2834/438
f 732/2835/425 733/2836/426 747/2837/440 746/2838/439
f 733/2839/426 734/2840/427 748/2841/441 747/2842/440
f 734/2843/427 735/2844/428 749/2845/442 748/2846/441
f 735/2847/428 736/2848/429 750/2849/443 749/2850/442
f 736/2851/429 737/2852/430 751/2853/444 750/2854/443
f 737/2855/430 738/2856/431 752/2857/445 751/2858/444
f 738/2859/431 725/2860/419 739/2861/433 752/2862/445
f 530/2863/446 529/2864/446 753/2865/446
f 531/2866/446 530/2867/446 753/2868/446
f 532/2869/446 531/2870/446 753/2871/446
f 533/2872/446 532/2873/446 753/2874/446
f 534/2875/446 533/2876/446 753/2877/446
f 535/2878/446 534/2879/446 753/2880/446
f 536/2881/446 535/2882/446 753/2883/446
f 537/2884/446 536/2885/446 753/2886/446
f 538/2887/446 537/2888/446 753/2889/446
f 539/2890/446 538/2891/446 753/2892/446
f 540/2893/446 539/2894/446 753/2895/446
f 541/2896/446 540/2897/446 753/2898/446
f 542/2899/446 541/2900/446 753/2901/446
f 529/2902/446 542/2903/446 753/2904/446
f 754/2905/446 739/2906/446 740/2907/446
f 754/2908/446 740/2909/446 741/2910/446
f 754/2911/446 741/2912/446 742/2913/446
f 754/2914/446 742/2915/446 743/2916/446
f 754/2917/446 743/2918/446 744/2919/446
f 754/2920/446 744/2921/446 745/2922/446
f 754/2923/446 745/2924/446 746/2925/446
f 754/2926/446 746/2927/446 747/2928/446
f 754/2929/446 747/2930/446 748/2931/446
f 754/2932/446 748/2933/446 749/2934/446
f 754/2935/446 749/2936/446 750/2937/446
f 754/2938/446 750/2939/446 751/2940/446
f 754/2941/446 751/2942/446 752/2943/446
f 754/2944/446 752/2945/446 739/2946/446
o hand_fuel_pump__body_small_drum__barb
usemtl fuel_containers
v 0.525897 0.033719 0.120754
v 0.520767 0.033719 0.131405
v 0.511525 0.033719 0.138776
v 0.5 0.033719 0.141406
v 0.488475 0.033719 0.138776
v 0.479233 0.033719 0.131405
v 0.474103 0.033719 0.120754
v 0.474103 0.033719 0.108933
v 0.479233 0.033719 0.098282
v 0.488475 0.033719 0.090912
v 0.5 0.033719 0.088281
v 0.511525 0.033719 0.090912
v 0.520767 0.033719 0.098282
v 0.525897 0.033719 0.108933
v 0.525897 0.057156 0.120754
v 0.520767 0.057156 0.131405
v 0.511525 0.057156 0.138776
v 0.5 0.057156 0.141406
v 0.488475 0.057156 0.138776
v 0.479233 0.057156 0.131405
v 0.474103 0.057156 0.120754
v 0.474103 0.057156 0.108933
v 0.479233 0.057156 0.098282
v 0.488475 0.057156 0.090912
v 0.5 0.057156 0.088281
v 0.511525 0.057156 0.090912
v 0.520767 0.057156 0.098282
v 0.525897 0.057156 0.108933
v 0.5 0.033719 0.114844
v 0.5 0.057156 0.114844
vt 0.490967 0.091652
vt 0.490967 0.094238
vt 0.48584 0.094238
vt 0.48584 0.091652
vt 0.218506 0.091652
vt 0.218506 0.094238
vt 0.213379 0.094238
vt 0.213379 0.091652
vt 0.341553 0.091652
vt 0.341553 0.094238
vt 0.336426 0.094238
vt 0.336426 0.091652
vt 0.350342 0.091652
vt 0.350342 0.094238
vt 0.345215 0.094238
vt 0.345215 0.091652
vt 0.494629 0.094238
vt 0.494629 0.091652
vt 0.499756 0.091652
vt 0.499756 0.094238
vt 0.063965 0.094238
vt 0.063965 0.091652
vt 0.069092 0.091652
vt 0.069092 0.094238
vt 0.503418 0.094238
vt 0.503418 0.091652
vt 0.508545 0.091652
vt 0.508545 0.094238
vt 0.222168 0.094238
vt 0.222168 0.091652
vt 0.227295 0.091652
vt 0.227295 0.094238
vt 0.406738 0.094238
vt 0.406738 0.091652
vt 0.411865 0.091652
vt 0.411865 0.094238
vt 0.236084 0.091652
vt 0.236084 0.094238
vt 0.230957 0.094238
vt 0.230957 0.091652
vt 0.359131 0.091652
vt 0.359131 0.094238
vt 0.354004 0.094238
vt 0.354004 0.091652
vt 0.420654 0.091652
vt 0.420654 0.094238
vt 0.415527 0.094238
vt 0.415527 0.091652
vt 0.077881 0.091652
vt 0.077881 0.094238
vt 0.072754 0.094238
vt 0.072754 0.091652
vt 0.244873 0.091652
vt 0.244873 0.094238
vt 0.239746 0.094238
vt 0.239746 0.091652
vt 0.184033 0.309277
vt 0.185326 0.303612
vt 0.187656 0.304734
vt 0.184033 0.309277
vt 0.187656 0.304734
vt 0.189268 0.306755
vt 0.184033 0.309277
vt 0.189268 0.306755
vt 0.189844 0.309277
vt 0.184033 0.309277
vt 0.189844 0.309277
vt 0.189268 0.311798
vt 0.184033 0.309277
vt 0.189268 0.311798
vt 0.187656 0.313819
vt 0.184033 0.309277
vt 0.187656 0.313819
vt 0.185326 0.314941
vt 0.184033 0.309277
vt 0.185326 0.314941
vt 0.18274 0.314941
vt 0.184033 0.309277
vt 0.18274 0.314941
vt 0.18041 0.313819
vt 0.184033 0.309277
vt 0.18041 0.313819
vt 0.178798 0.311798
vt 0.184033 0.309277
vt 0.178798 0.311798
vt 0.178223 0.309277
vt 0.184033 0.309277
vt 0.178223 0.309277
vt 0.178798 0.306755
vt 0.184033 0.309277
vt 0.178798 0.306755
vt 0.18041 0.304734
vt 0.184033 0.309277
vt 0.18041 0.304734
vt 0.18274 0.303612
vt 0.184033 0.309277
vt 0.18274 0.303612
vt 0.185326 0.303612
vt 0.202304 0.313819
vt 0.199975 0.314941
vt 0.198682 0.309277
vt 0.203917 0.311798
vt 0.202304 0.313819
vt 0.198682 0.309277
vt 0.204492 0.309277
vt 0.203917 0.311798
vt 0.198682 0.309277
vt 0.203917 0.306755
vt 0.204492 0.309277
vt 0.198682 0.309277
vt 0.202304 0.304734
vt 0.203917 0.306755
vt 0.198682 0.309277
vt 0.199975 0.303612
vt 0.202304 0.304734
vt 0.198682 0.309277
vt 0.197389 0.303612
vt 0.199975 0.303612
vt 0.198682 0.309277
vt 0.195059 0.304734
vt 0.197389 0.303612
vt 0.198682 0.309277
vt 0.193447 0.306755
vt 0.195059 0.304734
vt 0.198682 0.309277
vt 0.192871 0.309277
vt 0.193447 0.306755
vt 0.198682 0.309277
vt 0.193447 0.311798
vt 0.192871 0.309277
vt 0.198682 0.309277
vt 0.195059 0.313819
vt 0.193447 0.311798
vt 0.198682 0.309277
vt 0.197389 0.314941
vt 0.195059 0.313819
vt 0.198682 0.309277
vt 0.199975 0.314941
vt 0.197389 0.314941
vt 0.198682 0.309277
vn 0.974928 0 0.222521
vn 0.781831 0 0.62349
vn 0.433884 0 0.900969
vn 0 0 1
vn -0.433884 0 0.900969
vn -0.781831 0 0.62349
vn -0.974928 0 0.222521
vn -0.974928 0 -0.222521
vn -0.781831 0 -0.62349
vn -0.433884 0 -0.900969
vn 0 0 -1
vn 0.433884 0 -0.900969
vn 0.781831 0 -0.62349
vn 0.974928 0 -0.222521
vn 0 -1 0
vn 0 1 0
f 769/2947/447 770/2948/448 756/2949/448 755/2950/447
f 770/2951/448 771/2952/449 757/2953/449 756/2954/448
f 771/2955/449 772/2956/450 758/2957/450 757/2958/449
f 772/2959/450 773/2960/451 759/2961/451 758/2962/450
f 773/2963/451 774/2964/452 760/2965/452 759/2966/451
f 774/2967/452 775/2968/453 761/2969/453 760/2970/452
f 775/2971/453 776/2972/454 762/2973/454 761/2974/453
f 776/2975/454 777/2976/455 763/2977/455 762/2978/454
f 777/2979/455 778/2980/456 764/2981/456 763/2982/455
f 778/2983/456 779/2984/457 765/2985/457 764/2986/456
f 779/2987/457 780/2988/458 766/2989/458 765/2990/457
f 780/2991/458 781/2992/459 767/2993/459 766/2994/458
f 781/2995/459 782/2996/460 768/2997/460 767/2998/459
f 782/2999/460 769/3000/447 755/3001/447 768/3002/460
f 783/3003/461 755/3004/461 756/3005/461
f 783/3006/461 756/3007/461 757/3008/461
f 783/3009/461 757/3010/461 758/3011/461
f 783/3012/461 758/3013/461 759/3014/461
f 783/3015/461 759/3016/461 760/3017/461
f 783/3018/461 760/3019/461 761/3020/461
f 783/3021/461 761/3022/461 762/3023/461
f 783/3024/461 762/3025/461 763/3026/461
f 783/3027/461 763/3028/461 764/3029/461
f 783/3030/461 764/3031/461 765/3032/461
f 783/3033/461 765/3034/461 766/3035/461
f 783/3036/461 766/3037/461 767/3038/461
f 783/3039/461 767/3040/461 768/3041/461
f 783/3042/461 768/3043/461 755/3044/461
f 770/3045/462 769/3046/462 784/3047/462
f 771/3048/462 770/3049/462 784/3050/462
f 772/3051/462 771/3052/462 784/3053/462
f 773/3054/462 772/3055/462 784/3056/462
f 774/3057/462 773/3058/462 784/3059/462
f 775/3060/462 774/3061/462 784/3062/462
f 776/3063/462 775/3064/462 784/3065/462
f 777/3066/462 776/3067/462 784/3068/462
f 778/3069/462 777/3070/462 784/3071/462
f 779/3072/462 778/3073/462 784/3074/462
f 780/3075/462 779/3076/462 784/3077/462
f 781/3078/462 780/3079/462 784/3080/462
f 782/3081/462 781/3082/462 784/3083/462
f 769/3084/462 782/3085/462 784/3086/462
