# AFL Power Outlets V1 6-outlet strip (off), generated by tools/build-power-outlets-v1.mjs
mtllib off.mtl
o strip6_shell
usemtl strip
v 0.671 0 0.43479
v 0.669209 0 0.428106
v 0.664894 0 0.423791
v 0.65821 0 0.422
v 0.34179 0 0.422
v 0.335106 0 0.423791
v 0.330791 0 0.428106
v 0.329 0 0.43479
v 0.329 0 0.56521
v 0.330791 0 0.571894
v 0.335106 0 0.576209
v 0.34179 0 0.578
v 0.65821 0 0.578
v 0.664894 0 0.576209
v 0.669209 0 0.571894
v 0.671 0 0.56521
v 0.677 0.006 0.434
v 0.674588 0.006 0.425
v 0.668 0.006 0.418412
v 0.659 0.006 0.416
v 0.341 0.006 0.416
v 0.332 0.006 0.418412
v 0.325412 0.006 0.425
v 0.323 0.006 0.434
v 0.323 0.006 0.566
v 0.325412 0.006 0.575
v 0.332 0.006 0.581588
v 0.341 0.006 0.584
v 0.659 0.006 0.584
v 0.668 0.006 0.581588
v 0.674588 0.006 0.575
v 0.677 0.006 0.566
v 0.677 0.048 0.434
v 0.674588 0.048 0.425
v 0.668 0.048 0.418412
v 0.659 0.048 0.416
v 0.341 0.048 0.416
v 0.332 0.048 0.418412
v 0.325412 0.048 0.425
v 0.323 0.048 0.434
v 0.323 0.048 0.566
v 0.325412 0.048 0.575
v 0.332 0.048 0.581588
v 0.341 0.048 0.584
v 0.659 0.048 0.584
v 0.668 0.048 0.581588
v 0.674588 0.048 0.575
v 0.677 0.048 0.566
v 0.671 0.054 0.43479
v 0.669209 0.054 0.428106
v 0.664894 0.054 0.423791
v 0.65821 0.054 0.422
v 0.34179 0.054 0.422
v 0.335106 0.054 0.423791
v 0.330791 0.054 0.428106
v 0.329 0.054 0.43479
v 0.329 0.054 0.56521
v 0.330791 0.054 0.571894
v 0.335106 0.054 0.576209
v 0.34179 0.054 0.578
v 0.65821 0.054 0.578
v 0.664894 0.054 0.576209
v 0.669209 0.054 0.571894
v 0.671 0.054 0.56521
v 0.671 0 0.43479
v 0.669209 0 0.428106
v 0.664894 0 0.423791
v 0.65821 0 0.422
v 0.34179 0 0.422
v 0.335106 0 0.423791
v 0.330791 0 0.428106
v 0.329 0 0.43479
v 0.329 0 0.56521
v 0.330791 0 0.571894
v 0.335106 0 0.576209
v 0.34179 0 0.578
v 0.65821 0 0.578
v 0.664894 0 0.576209
v 0.669209 0 0.571894
v 0.671 0 0.56521
v 0.671 0.054 0.43479
v 0.669209 0.054 0.428106
v 0.664894 0.054 0.423791
v 0.65821 0.054 0.422
v 0.34179 0.054 0.422
v 0.335106 0.054 0.423791
v 0.330791 0.054 0.428106
v 0.329 0.054 0.43479
v 0.329 0.054 0.56521
v 0.330791 0.054 0.571894
v 0.335106 0.054 0.576209
v 0.34179 0.054 0.578
v 0.65821 0.054 0.578
v 0.664894 0.054 0.576209
v 0.669209 0.054 0.571894
v 0.671 0.054 0.56521
vt 0.256576 0.278797
vt 0.248747 0.280273
vt 0.245117 0.270974
vt 0.255659 0.268986
vt 0.212081 0.301758
vt 0.208008 0.295997
vt 0.214945 0.288815
vt 0.221165 0.297611
vt 0.814851 0.549805
vt 0.807187 0.547629
vt 0.808983 0.537941
vt 0.819303 0.54087
vt 0.807187 0.547629
vt 0.444351 0.514854
vt 0.444336 0.505001
vt 0.808983 0.537941
vt 0.630861 0.298923
vt 0.623379 0.301758
vt 0.618164 0.293242
vt 0.628238 0.289424
vt 0.240697 0.295997
vt 0.236623 0.301758
vt 0.227539 0.297611
vt 0.233759 0.288815
vt 0.723356 0.268986
vt 0.731186 0.270463
vt 0.730268 0.280273
vt 0.719727 0.278285
vt 0.731186 0.270463
vt 0.881346 0.270463
vt 0.882248 0.280273
vt 0.730268 0.280273
vt 0.022461 0.270464
vt 0.030322 0.268974
vt 0.033975 0.278268
vt 0.02339 0.280273
vt 0.256154 0.288815
vt 0.260228 0.294576
vt 0.25329 0.301758
vt 0.24707 0.292961
vt 0.009335 0.450314
vt 0.016999 0.452489
vt 0.015203 0.462178
vt 0.004883 0.459249
vt 0.016999 0.452489
vt 0.379834 0.485265
vt 0.37985 0.495117
vt 0.015203 0.462178
vt 0.637695 0.29226
vt 0.645177 0.289424
vt 0.650392 0.29794
vt 0.640318 0.301758
vt 0.266602 0.294576
vt 0.270675 0.288815
vt 0.279759 0.292961
vt 0.273539 0.301758
vt 0.973682 0.301758
vt 0.96582 0.300268
vt 0.966749 0.290459
vt 0.977334 0.292464
vt 0.406736 0.278797
vt 0.256576 0.278797
vt 0.255659 0.268986
vt 0.407638 0.268986
vt 0.004883 0.245117
vt 0.004883 0.234344
vt 0.053445 0.234344
vt 0.053445 0.245117
vt 0.551758 0.245117
vt 0.551758 0.234344
vt 0.60032 0.234344
vt 0.60032 0.245117
vt 0.452148 0.262695
vt 0.452148 0.251922
vt 0.500711 0.251922
vt 0.500711 0.262695
vt 0.004883 0.665305
vt 0.37257 0.665305
vt 0.37257 0.713867
vt 0.004883 0.713867
vt 0.506836 0.262695
vt 0.506836 0.251922
vt 0.555398 0.251922
vt 0.555398 0.262695
vt 0.655008 0.234344
vt 0.655008 0.245117
vt 0.606445 0.245117
vt 0.606445 0.234344
vt 0.108133 0.234344
vt 0.108133 0.245117
vt 0.05957 0.245117
vt 0.05957 0.234344
vt 0.629883 0.610617
vt 0.782508 0.610617
vt 0.782508 0.65918
vt 0.629883 0.65918
vt 0.16282 0.234344
vt 0.16282 0.245117
vt 0.114258 0.245117
vt 0.114258 0.234344
vt 0.709695 0.234344
vt 0.709695 0.245117
vt 0.661133 0.245117
vt 0.661133 0.234344
vt 0.561523 0.262695
vt 0.561523 0.251922
vt 0.610086 0.251922
vt 0.610086 0.262695
vt 0.379883 0.665305
vt 0.74757 0.665305
vt 0.74757 0.713867
vt 0.379883 0.713867
vt 0.616211 0.262695
vt 0.616211 0.251922
vt 0.664773 0.251922
vt 0.664773 0.262695
vt 0.71582 0.245117
vt 0.71582 0.234344
vt 0.764383 0.234344
vt 0.764383 0.245117
vt 0.168945 0.245117
vt 0.168945 0.234344
vt 0.217508 0.234344
vt 0.217508 0.245117
vt 0.942664 0.65918
vt 0.790039 0.65918
vt 0.790039 0.610617
vt 0.942664 0.610617
vt 0.015425 0.262695
vt 0.004883 0.260707
vt 0.008513 0.251408
vt 0.016342 0.252885
vt 0.383789 0.297611
vt 0.390009 0.288815
vt 0.396947 0.295997
vt 0.392873 0.301758
vt 0.385742 0.486182
vt 0.396062 0.483254
vt 0.397859 0.492942
vt 0.390194 0.495117
vt 0.396062 0.483254
vt 0.760709 0.450314
vt 0.760694 0.460166
vt 0.397859 0.492942
vt 0.581724 0.289424
vt 0.591798 0.293242
vt 0.586584 0.301758
vt 0.579102 0.298923
vt 0.29307 0.288815
vt 0.29929 0.297611
vt 0.290206 0.301758
vt 0.286133 0.295997
vt 0.075195 0.270974
vt 0.085737 0.268986
vt 0.086654 0.278797
vt 0.078825 0.280273
vt 0.085737 0.268986
vt 0.237716 0.268986
vt 0.236815 0.278797
vt 0.086654 0.278797
vt 0.058546 0.268974
vt 0.069131 0.27098
vt 0.065478 0.280273
vt 0.057617 0.278784
vt 0.416478 0.292961
vt 0.410258 0.301758
vt 0.40332 0.294576
vt 0.407394 0.288815
vt 0.37985 0.408467
vt 0.36953 0.411396
vt 0.367734 0.401708
vt 0.375398 0.399533
vt 0.36953 0.411396
vt 0.004883 0.444336
vt 0.004898 0.434484
vt 0.367734 0.401708
vt 0.608707 0.301758
vt 0.598633 0.29794
vt 0.603848 0.289424
vt 0.61133 0.29226
vt 0.311884 0.301758
vt 0.305664 0.292961
vt 0.314748 0.288815
vt 0.318822 0.294576
vt 0.016397 0.278268
vt 0.005812 0.280273
vt 0.004883 0.270464
vt 0.012744 0.268974
vt 0.167404 0.262695
vt 0.015425 0.262695
vt 0.016342 0.252885
vt 0.166502 0.252885
vt 0.398249 0.821802
vt 0.40032 0.829531
vt 0.40032 0.980329
vt 0.39326 0.816813
vt 0.398249 0.821802
vt 0.40032 0.980329
vt 0.385532 0.814742
vt 0.39326 0.816813
vt 0.40032 0.980329
vt 0.019671 0.814742
vt 0.385532 0.814742
vt 0.40032 0.980329
vt 0.011943 0.816813
vt 0.019671 0.814742
vt 0.40032 0.980329
vt 0.006954 0.821802
vt 0.011943 0.816813
vt 0.40032 0.980329
vt 0.004883 0.829531
vt 0.006954 0.821802
vt 0.40032 0.980329
vt 0.004883 0.980329
vt 0.004883 0.829531
vt 0.40032 0.980329
vt 0.006954 0.988057
vt 0.004883 0.980329
vt 0.40032 0.980329
vt 0.011943 0.993046
vt 0.006954 0.988057
vt 0.40032 0.980329
vt 0.019671 0.995117
vt 0.011943 0.993046
vt 0.40032 0.980329
vt 0.385532 0.995117
vt 0.019671 0.995117
vt 0.40032 0.980329
vt 0.39326 0.993046
vt 0.385532 0.995117
vt 0.40032 0.980329
vt 0.40032 0.980329
vt 0.398249 0.988057
vt 0.39326 0.993046
vt 0.407227 0.980329
vt 0.407227 0.829531
vt 0.409297 0.821802
vt 0.407227 0.980329
vt 0.409297 0.821802
vt 0.414286 0.816813
vt 0.407227 0.980329
vt 0.414286 0.816813
vt 0.422015 0.814742
vt 0.407227 0.980329
vt 0.422015 0.814742
vt 0.787876 0.814742
vt 0.407227 0.980329
vt 0.787876 0.814742
vt 0.795604 0.816813
vt 0.407227 0.980329
vt 0.795604 0.816813
vt 0.800593 0.821802
vt 0.407227 0.980329
vt 0.800593 0.821802
vt 0.802664 0.829531
vt 0.407227 0.980329
vt 0.802664 0.829531
vt 0.802664 0.980329
vt 0.407227 0.980329
vt 0.802664 0.980329
vt 0.800593 0.988057
vt 0.407227 0.980329
vt 0.800593 0.988057
vt 0.795604 0.993046
vt 0.407227 0.980329
vt 0.795604 0.993046
vt 0.787876 0.995117
vt 0.407227 0.980329
vt 0.787876 0.995117
vt 0.422015 0.995117
vt 0.407227 0.980329
vt 0.422015 0.995117
vt 0.414286 0.993046
vt 0.414286 0.993046
vt 0.409297 0.988057
vt 0.407227 0.980329
vn 0.706364 -0.707769 -0.010674
vn 0.604066 -0.719246 -0.343205
vn 0.343205 -0.719246 -0.604066
vn 0.004569 -0.7074 -0.706799
vn -0.004569 -0.7074 -0.706799
vn -0.343205 -0.719246 -0.604066
vn -0.604066 -0.719246 -0.343205
vn -0.706364 -0.707769 -0.010674
vn -0.706364 -0.707769 0.010674
vn -0.604066 -0.719246 0.343205
vn -0.343205 -0.719246 0.604066
vn -0.004569 -0.7074 0.706799
vn 0.004569 -0.7074 0.706799
vn 0.343205 -0.719246 0.604066
vn 0.604066 -0.719246 0.343205
vn 0.706364 -0.707769 0.010674
vn 0.999854 0 -0.017101
vn 0.866025 0 -0.5
vn 0.5 0 -0.866025
vn 0.007375 0 -0.999973
vn -0.007375 0 -0.999973
vn -0.5 0 -0.866025
vn -0.866025 0 -0.5
vn -0.999854 0 -0.017101
vn -0.999854 0 0.017101
vn -0.866025 0 0.5
vn -0.5 0 0.866025
vn -0.007375 0 0.999973
vn 0.007375 0 0.999973
vn 0.5 0 0.866025
vn 0.866025 0 0.5
vn 0.999854 0 0.017101
vn 0.706364 0.707769 -0.010674
vn 0.604066 0.719246 -0.343205
vn 0.343205 0.719246 -0.604066
vn 0.004569 0.7074 -0.706799
vn -0.004569 0.7074 -0.706799
vn -0.343205 0.719246 -0.604066
vn -0.604066 0.719246 -0.343205
vn -0.706364 0.707769 -0.010674
vn -0.706364 0.707769 0.010674
vn -0.604066 0.719246 0.343205
vn -0.343205 0.719246 0.604066
vn -0.004569 0.7074 0.706799
vn 0.004569 0.7074 0.706799
vn 0.343205 0.719246 0.604066
vn 0.604066 0.719246 0.343205
vn 0.706364 0.707769 0.010674
vn 0 -1 0
vn 0 1 0
f 1/1/1 2/2/2 18/3/2 17/4/1
f 2/5/2 3/6/3 19/7/3 18/8/2
f 3/9/3 4/10/4 20/11/4 19/12/3
f 4/13/4 5/14/5 21/15/5 20/16/4
f 5/17/5 6/18/6 22/19/6 21/20/5
f 6/21/6 7/22/7 23/23/7 22/24/6
f 7/25/7 8/26/8 24/27/8 23/28/7
f 8/29/8 9/30/9 25/31/9 24/32/8
f 9/33/9 10/34/10 26/35/10 25/36/9
f 10/37/10 11/38/11 27/39/11 26/40/10
f 11/41/11 12/42/12 28/43/12 27/44/11
f 12/45/12 13/46/13 29/47/13 28/48/12
f 13/49/13 14/50/14 30/51/14 29/52/13
f 14/53/14 15/54/15 31/55/15 30/56/14
f 15/57/15 16/58/16 32/59/16 31/60/15
f 16/61/16 1/62/1 17/63/1 32/64/16
f 17/65/17 18/66/18 34/67/18 33/68/17
f 18/69/18 19/70/19 35/71/19 34/72/18
f 19/73/19 20/74/20 36/75/20 35/76/19
f 20/77/20 21/78/21 37/79/21 36/80/20
f 21/81/21 22/82/22 38/83/22 37/84/21
f 22/85/22 23/86/23 39/87/23 38/88/22
f 23/89/23 24/90/24 40/91/24 39/92/23
f 24/93/24 25/94/25 41/95/25 40/96/24
f 25/97/25 26/98/26 42/99/26 41/100/25
f 26/101/26 27/102/27 43/103/27 42/104/26
f 27/105/27 28/106/28 44/107/28 43/108/27
f 28/109/28 29/110/29 45/111/29 44/112/28
f 29/113/29 30/114/30 46/115/30 45/116/29
f 30/117/30 31/118/31 47/119/31 46/120/30
f 31/121/31 32/122/32 48/123/32 47/124/31
f 32/125/32 17/126/17 33/127/17 48/128/32
f 33/129/33 34/130/34 50/131/34 49/132/33
f 34/133/34 35/134/35 51/135/35 50/136/34
f 35/137/35 36/138/36 52/139/36 51/140/35
f 36/141/36 37/142/37 53/143/37 52/144/36
f 37/145/37 38/146/38 54/147/38 53/148/37
f 38/149/38 39/150/39 55/151/39 54/152/38
f 39/153/39 40/154/40 56/155/40 55/156/39
f 40/157/40 41/158/41 57/159/41 56/160/40
f 41/161/41 42/162/42 58/163/42 57/164/41
f 42/165/42 43/166/43 59/167/43 58/168/42
f 43/169/43 44/170/44 60/171/44 59/172/43
f 44/173/44 45/174/45 61/175/45 60/176/44
f 45/177/45 46/178/46 62/179/46 61/180/45
f 46/181/46 47/182/47 63/183/47 62/184/46
f 47/185/47 48/186/48 64/187/48 63/188/47
f 48/189/48 33/190/33 49/191/33 64/192/48
f 66/193/49 65/194/49 80/195/49
f 67/196/49 66/197/49 80/198/49
f 68/199/49 67/200/49 80/201/49
f 69/202/49 68/203/49 80/204/49
f 70/205/49 69/206/49 80/207/49
f 71/208/49 70/209/49 80/210/49
f 72/211/49 71/212/49 80/213/49
f 73/214/49 72/215/49 80/216/49
f 74/217/49 73/218/49 80/219/49
f 75/220/49 74/221/49 80/222/49
f 76/223/49 75/224/49 80/225/49
f 77/226/49 76/227/49 80/228/49
f 78/229/49 77/230/49 80/231/49
f 80/232/49 79/233/49 78/234/49
f 96/235/50 81/236/50 82/237/50
f 96/238/50 82/239/50 83/240/50
f 96/241/50 83/242/50 84/243/50
f 96/244/50 84/245/50 85/246/50
f 96/247/50 85/248/50 86/249/50
f 96/250/50 86/251/50 87/252/50
f 96/253/50 87/254/50 88/255/50
f 96/256/50 88/257/50 89/258/50
f 96/259/50 89/260/50 90/261/50
f 96/262/50 90/263/50 91/264/50
f 96/265/50 91/266/50 92/267/50
f 96/268/50 92/269/50 93/270/50
f 96/271/50 93/272/50 94/273/50
f 94/274/50 95/275/50 96/276/50
o strip6_face_a0
usemtl strip
v 0.396183 0.0525 0.44315
v 0.390241 0.0525 0.448619
v 0.386317 0.0525 0.455869
v 0.38496 0.0525 0.464
v 0.386317 0.0525 0.472131
v 0.390241 0.0525 0.479381
v 0.396183 0.0525 0.48485
v 0.423817 0.0525 0.48485
v 0.429759 0.0525 0.479381
v 0.433683 0.0525 0.472131
v 0.43504 0.0525 0.464
v 0.433683 0.0525 0.455869
v 0.429759 0.0525 0.448619
v 0.423817 0.0525 0.44315
v 0.39589 0.05325 0.4424
v 0.389641 0.05325 0.448152
v 0.385598 0.05325 0.455622
v 0.3842 0.05325 0.464
v 0.385598 0.05325 0.472378
v 0.389641 0.05325 0.479848
v 0.39589 0.05325 0.4856
v 0.42411 0.05325 0.4856
v 0.430359 0.05325 0.479848
v 0.434402 0.05325 0.472378
v 0.4358 0.05325 0.464
v 0.434402 0.05325 0.455622
v 0.430359 0.05325 0.448152
v 0.42411 0.05325 0.4424
v 0.39589 0.05655 0.4424
v 0.389641 0.05655 0.448152
v 0.385598 0.05655 0.455622
v 0.3842 0.05655 0.464
v 0.385598 0.05655 0.472378
v 0.389641 0.05655 0.479848
v 0.39589 0.05655 0.4856
v 0.42411 0.05655 0.4856
v 0.430359 0.05655 0.479848
v 0.434402 0.05655 0.472378
v 0.4358 0.05655 0.464
v 0.434402 0.05655 0.455622
v 0.430359 0.05655 0.448152
v 0.42411 0.05655 0.4424
v 0.396183 0.0573 0.44315
v 0.390241 0.0573 0.448619
v 0.386317 0.0573 0.455869
v 0.38496 0.0573 0.464
v 0.386317 0.0573 0.472131
v 0.390241 0.0573 0.479381
v 0.396183 0.0573 0.48485
v 0.423817 0.0573 0.48485
v 0.429759 0.0573 0.479381
v 0.433683 0.0573 0.472131
v 0.43504 0.0573 0.464
v 0.433683 0.0573 0.455869
v 0.429759 0.0573 0.448619
v 0.423817 0.0573 0.44315
v 0.40265 0.0525 0.476225
v 0.3983 0.0525 0.476225
v 0.3983 0.0525 0.462275
v 0.40265 0.0525 0.462275
v 0.4019 0.05325 0.475475
v 0.39905 0.05325 0.475475
v 0.39905 0.05325 0.463025
v 0.4019 0.05325 0.463025
v 0.4019 0.05655 0.475475
v 0.39905 0.05655 0.475475
v 0.39905 0.05655 0.463025
v 0.4019 0.05655 0.463025
v 0.40265 0.0573 0.476225
v 0.3983 0.0573 0.476225
v 0.3983 0.0573 0.462275
v 0.40265 0.0573 0.462275
v 0.4217 0.0525 0.4751
v 0.41735 0.0525 0.4751
v 0.41735 0.0525 0.4634
v 0.4217 0.0525 0.4634
v 0.42095 0.05325 0.47435
v 0.4181 0.05325 0.47435
v 0.4181 0.05325 0.46415
v 0.42095 0.05325 0.46415
v 0.42095 0.05655 0.47435
v 0.4181 0.05655 0.47435
v 0.4181 0.05655 0.46415
v 0.42095 0.05655 0.46415
v 0.4217 0.0573 0.4751
v 0.41735 0.0573 0.4751
v 0.41735 0.0573 0.4634
v 0.4217 0.0573 0.4634
v 0.405222 0.0525 0.45485
v 0.405569 0.0525 0.45266
v 0.406231 0.0525 0.451361
v 0.407261 0.0525 0.450331
v 0.40856 0.0525 0.449669
v 0.41 0.0525 0.449441
v 0.41144 0.0525 0.449669
v 0.412739 0.0525 0.450331
v 0.413769 0.0525 0.451361
v 0.414431 0.0525 0.45266
v 0.414778 0.0525 0.45485
v 0.4061 0.05325 0.4541
v 0.406291 0.05325 0.452895
v 0.406845 0.05325 0.451808
v 0.407708 0.05325 0.450945
v 0.408795 0.05325 0.450391
v 0.41 0.05325 0.4502
v 0.411205 0.05325 0.450391
v 0.412292 0.05325 0.450945
v 0.413155 0.05325 0.451808
v 0.413709 0.05325 0.452895
v 0.4139 0.05325 0.4541
v 0.4061 0.05655 0.4541
v 0.406291 0.05655 0.452895
v 0.406845 0.05655 0.451808
v 0.407708 0.05655 0.450945
v 0.408795 0.05655 0.450391
v 0.41 0.05655 0.4502
v 0.411205 0.05655 0.450391
v 0.412292 0.05655 0.450945
v 0.413155 0.05655 0.451808
v 0.413709 0.05655 0.452895
v 0.4139 0.05655 0.4541
v 0.405222 0.0573 0.45485
v 0.405569 0.0573 0.45266
v 0.406231 0.0573 0.451361
v 0.407261 0.0573 0.450331
v 0.40856 0.0573 0.449669
v 0.41 0.0573 0.449441
v 0.41144 0.0573 0.449669
v 0.412739 0.0573 0.450331
v 0.413769 0.0573 0.451361
v 0.414431 0.0573 0.45266
v 0.414778 0.0573 0.45485
v 0.396183 0.0525 0.44315
v 0.390241 0.0525 0.448619
v 0.386317 0.0525 0.455869
v 0.38496 0.0525 0.464
v 0.386317 0.0525 0.472131
v 0.390241 0.0525 0.479381
v 0.396183 0.0525 0.48485
v 0.423817 0.0525 0.48485
v 0.429759 0.0525 0.479381
v 0.433683 0.0525 0.472131
v 0.43504 0.0525 0.464
v 0.433683 0.0525 0.455869
v 0.429759 0.0525 0.448619
v 0.423817 0.0525 0.44315
v 0.40265 0.0525 0.476225
v 0.3983 0.0525 0.476225
v 0.3983 0.0525 0.462275
v 0.40265 0.0525 0.462275
v 0.4217 0.0525 0.4751
v 0.41735 0.0525 0.4751
v 0.41735 0.0525 0.4634
v 0.4217 0.0525 0.4634
v 0.405222 0.0525 0.45485
v 0.405569 0.0525 0.45266
v 0.406231 0.0525 0.451361
v 0.407261 0.0525 0.450331
v 0.40856 0.0525 0.449669
v 0.41 0.0525 0.449441
v 0.41144 0.0525 0.449669
v 0.412739 0.0525 0.450331
v 0.413769 0.0525 0.451361
v 0.414431 0.0525 0.45266
v 0.414778 0.0525 0.45485
v 0.396183 0.0573 0.44315
v 0.390241 0.0573 0.448619
v 0.386317 0.0573 0.455869
v 0.38496 0.0573 0.464
v 0.386317 0.0573 0.472131
v 0.390241 0.0573 0.479381
v 0.396183 0.0573 0.48485
v 0.423817 0.0573 0.48485
v 0.429759 0.0573 0.479381
v 0.433683 0.0573 0.472131
v 0.43504 0.0573 0.464
v 0.433683 0.0573 0.455869
v 0.429759 0.0573 0.448619
v 0.423817 0.0573 0.44315
v 0.40265 0.0573 0.476225
v 0.3983 0.0573 0.476225
v 0.3983 0.0573 0.462275
v 0.40265 0.0573 0.462275
v 0.4217 0.0573 0.4751
v 0.41735 0.0573 0.4751
v 0.41735 0.0573 0.4634
v 0.4217 0.0573 0.4634
v 0.405222 0.0573 0.45485
v 0.405569 0.0573 0.45266
v 0.406231 0.0573 0.451361
v 0.407261 0.0573 0.450331
v 0.40856 0.0573 0.449669
v 0.41 0.0573 0.449441
v 0.41144 0.0573 0.449669
v 0.412739 0.0573 0.450331
v 0.413769 0.0573 0.451361
v 0.414431 0.0573 0.45266
v 0.414778 0.0573 0.45485
vt 0.310558 0.19977
vt 0.318084 0.205192
vt 0.317485 0.206272
vt 0.30957 0.20057
vt 0.318084 0.205192
vt 0.326848 0.208772
vt 0.326516 0.209961
vt 0.317485 0.206272
vt 0.723918 0.096281
vt 0.73332 0.097398
vt 0.73332 0.098633
vt 0.723633 0.097482
vt 0.73332 0.097398
vt 0.742721 0.096281
vt 0.743007 0.097482
vt 0.73332 0.098633
vt 0.075195 0.208772
vt 0.08396 0.205192
vt 0.084558 0.206272
vt 0.075528 0.209961
vt 0.08396 0.205192
vt 0.091485 0.19977
vt 0.092473 0.20057
vt 0.084558 0.206272
vt 0.747409 0.06225
vt 0.77936 0.06225
vt 0.779699 0.063477
vt 0.74707 0.063477
vt 0.068048 0.227539
vt 0.060522 0.222117
vt 0.061121 0.221037
vt 0.069036 0.226739
vt 0.060522 0.222117
vt 0.051758 0.218537
vt 0.05209 0.217348
vt 0.061121 0.221037
vt 0.361862 0.098633
vt 0.35246 0.097516
vt 0.35246 0.096281
vt 0.362147 0.097432
vt 0.35246 0.097516
vt 0.343059 0.098633
vt 0.342773 0.097432
vt 0.35246 0.096281
vt 0.092473 0.218537
vt 0.083709 0.222117
vt 0.08311 0.221037
vt 0.092141 0.217348
vt 0.083709 0.222117
vt 0.076183 0.227539
vt 0.075195 0.226739
vt 0.08311 0.221037
vt 0.46686 0.040039
vt 0.434909 0.040039
vt 0.43457 0.038813
vt 0.467199 0.038813
vt 0.426758 0.143645
vt 0.436579 0.143645
vt 0.436579 0.147461
vt 0.426758 0.147461
vt 0.768555 0.153411
vt 0.778376 0.153411
vt 0.778376 0.157227
vt 0.768555 0.157227
vt 0.743164 0.143645
vt 0.752985 0.143645
vt 0.752985 0.147461
vt 0.743164 0.147461
vt 0.381836 0.153411
vt 0.391657 0.153411
vt 0.391657 0.157227
vt 0.381836 0.157227
vt 0.97168 0.143645
vt 0.981501 0.143645
vt 0.981501 0.147461
vt 0.97168 0.147461
vt 0.444336 0.143645
vt 0.454157 0.143645
vt 0.454157 0.147461
vt 0.444336 0.147461
vt 0.356445 0.163177
vt 0.389074 0.163177
vt 0.389074 0.166992
vt 0.356445 0.166992
vt 0.471735 0.147461
vt 0.461914 0.147461
vt 0.461914 0.143645
vt 0.471735 0.143645
vt 0.321344 0.157227
vt 0.311523 0.157227
vt 0.311523 0.153411
vt 0.321344 0.153411
vt 0.155329 0.147461
vt 0.145508 0.147461
vt 0.145508 0.143645
vt 0.155329 0.143645
vt 0.840876 0.147461
vt 0.831055 0.147461
vt 0.831055 0.143645
vt 0.840876 0.143645
vt 0.014704 0.137695
vt 0.004883 0.137695
vt 0.004883 0.13388
vt 0.014704 0.13388
vt 0.409235 0.157227
vt 0.399414 0.157227
vt 0.399414 0.153411
vt 0.409235 0.153411
vt 0.395508 0.163177
vt 0.428136 0.163177
vt 0.428136 0.166992
vt 0.395508 0.166992
vt 0.21582 0.209161
vt 0.223735 0.203459
vt 0.224334 0.204539
vt 0.216808 0.209961
vt 0.223735 0.203459
vt 0.232766 0.19977
vt 0.233098 0.200959
vt 0.224334 0.204539
vt 0.317383 0.097432
vt 0.32707 0.096281
vt 0.32707 0.097516
vt 0.317668 0.098633
vt 0.32707 0.096281
vt 0.336757 0.097432
vt 0.336471 0.098633
vt 0.32707 0.097516
vt 0.263028 0.19977
vt 0.272058 0.203459
vt 0.27146 0.204539
vt 0.262695 0.200959
vt 0.272058 0.203459
vt 0.279973 0.209161
vt 0.278985 0.209961
vt 0.27146 0.204539
vt 0.818761 0.063477
vt 0.786133 0.063477
vt 0.786471 0.06225
vt 0.818423 0.06225
vt 0.916692 0.235726
vt 0.908777 0.241428
vt 0.908179 0.240348
vt 0.915704 0.234926
vt 0.908777 0.241428
vt 0.899747 0.245117
vt 0.899414 0.243928
vt 0.908179 0.240348
vt 0.616054 0.097482
vt 0.606367 0.098633
vt 0.606367 0.097398
vt 0.615768 0.096281
vt 0.606367 0.098633
vt 0.59668 0.097482
vt 0.596965 0.096281
vt 0.606367 0.097398
vt 0.537453 0.227539
vt 0.528423 0.22385
vt 0.529021 0.22277
vt 0.537786 0.22635
vt 0.528423 0.22385
vt 0.520508 0.218148
vt 0.521496 0.217348
vt 0.529021 0.22277
vt 0.891602 0.046625
vt 0.92423 0.046625
vt 0.923892 0.047852
vt 0.89194 0.047852
vt 0.338037 0.055664
vt 0.333008 0.055664
vt 0.333875 0.054438
vt 0.33717 0.054438
vt 0.528825 0.040039
vt 0.512695 0.040039
vt 0.513563 0.038813
vt 0.527958 0.038813
vt 0.532227 0.054438
vt 0.537256 0.054438
vt 0.536389 0.055664
vt 0.533094 0.055664
vt 0.90332 0.06225
vt 0.91945 0.06225
vt 0.918583 0.063477
vt 0.904188 0.063477
vt 0.864258 0.12793
vt 0.864258 0.124634
vt 0.868073 0.124634
vt 0.868073 0.12793
vt 0.527091 0.166992
vt 0.512695 0.166992
vt 0.512695 0.163177
vt 0.527091 0.163177
vt 0.874023 0.12793
vt 0.874023 0.124634
vt 0.877839 0.124634
vt 0.877839 0.12793
vt 0.53418 0.163177
vt 0.548575 0.163177
vt 0.548575 0.166992
vt 0.53418 0.166992
vt 0.810438 0.046625
vt 0.813733 0.046625
vt 0.8146 0.047852
vt 0.80957 0.047852
vt 0.94202 0.063477
vt 0.927625 0.063477
vt 0.926758 0.06225
vt 0.942887 0.06225
vt 0.540295 0.032227
vt 0.537 0.032227
vt 0.536133 0.031
vt 0.541162 0.031
vt 0.790906 0.054438
vt 0.805302 0.054438
vt 0.806169 0.055664
vt 0.790039 0.055664
vt 0.552881 0.032227
vt 0.547852 0.032227
vt 0.548719 0.031
vt 0.552014 0.031
vt 0.807473 0.040039
vt 0.793945 0.040039
vt 0.794813 0.038813
vt 0.806606 0.038813
vt 0.821289 0.046625
vt 0.826319 0.046625
vt 0.825452 0.047852
vt 0.822156 0.047852
vt 0.813477 0.038813
vt 0.827005 0.038813
vt 0.826137 0.040039
vt 0.814344 0.040039
vt 0.883789 0.12793
vt 0.883789 0.124634
vt 0.887605 0.124634
vt 0.887605 0.12793
vt 0.911208 0.166992
vt 0.899414 0.166992
vt 0.899414 0.163177
vt 0.911208 0.163177
vt 0.893555 0.12793
vt 0.893555 0.124634
vt 0.89737 0.124634
vt 0.89737 0.12793
vt 0.918945 0.163177
vt 0.930739 0.163177
vt 0.930739 0.166992
vt 0.918945 0.166992
vt 0.833875 0.046625
vt 0.83717 0.046625
vt 0.838037 0.047852
vt 0.833008 0.047852
vt 0.158169 0.055664
vt 0.146375 0.055664
vt 0.145508 0.054438
vt 0.159036 0.054438
vt 0.563733 0.032227
vt 0.560438 0.032227
vt 0.55957 0.031
vt 0.5646 0.031
vt 0.833875 0.038813
vt 0.845669 0.038813
vt 0.846536 0.040039
vt 0.833008 0.040039
vt 0.321494 0.088867
vt 0.318963 0.088575
vt 0.319241 0.087373
vt 0.320634 0.087533
vt 0.318963 0.088575
vt 0.317383 0.088017
vt 0.317918 0.086906
vt 0.319241 0.087373
vt 0.472105 0.118164
vt 0.470785 0.117133
vt 0.471648 0.116252
vt 0.472754 0.117114
vt 0.470785 0.117133
vt 0.469727 0.115834
vt 0.470762 0.115164
vt 0.471648 0.116252
vt 0.03418 0.062273
vt 0.035844 0.062085
vt 0.035844 0.06332
vt 0.034451 0.063477
vt 0.035844 0.062085
vt 0.037509 0.062273
vt 0.037238 0.063477
vt 0.035844 0.06332
vt 0.538086 0.117494
vt 0.539144 0.116195
vt 0.540008 0.117077
vt 0.539122 0.118164
vt 0.539144 0.116195
vt 0.540465 0.115164
vt 0.541113 0.116214
vt 0.540008 0.117077
vt 0.446289 0.087756
vt 0.447869 0.087198
vt 0.448147 0.0884
vt 0.446824 0.088867
vt 0.447869 0.087198
vt 0.4504 0.086906
vt 0.44954 0.088239
vt 0.448147 0.0884
vt 0.18976 0.032227
vt 0.178711 0.032227
vt 0.179726 0.031
vt 0.188745 0.031
vt 0.391602 0.071289
vt 0.391602 0.069878
vt 0.395417 0.069878
vt 0.395417 0.071289
vt 0.577148 0.071289
vt 0.577148 0.069878
vt 0.580964 0.069878
vt 0.580964 0.071289
vt 0.586914 0.071289
vt 0.586914 0.069878
vt 0.59073 0.069878
vt 0.59073 0.071289
vt 0.870117 0.071289
vt 0.870117 0.069878
vt 0.873933 0.069878
vt 0.873933 0.071289
vt 0.069336 0.071289
vt 0.069336 0.069878
vt 0.073152 0.069878
vt 0.073152 0.071289
vt 0.59668 0.071289
vt 0.59668 0.069878
vt 0.600495 0.069878
vt 0.600495 0.071289
vt 0.082917 0.069878
vt 0.082917 0.071289
vt 0.079102 0.071289
vt 0.079102 0.069878
vt 0.922761 0.069878
vt 0.922761 0.071289
vt 0.918945 0.071289
vt 0.918945 0.069878
vt 0.092683 0.069878
vt 0.092683 0.071289
vt 0.088867 0.071289
vt 0.088867 0.069878
vt 0.610261 0.069878
vt 0.610261 0.071289
vt 0.606445 0.071289
vt 0.606445 0.069878
vt 0.196289 0.13388
vt 0.205308 0.13388
vt 0.205308 0.137695
vt 0.196289 0.137695
vt 0.414384 0.088239
vt 0.412991 0.0884
vt 0.412713 0.087198
vt 0.415244 0.086906
vt 0.412991 0.0884
vt 0.411668 0.088867
vt 0.411133 0.087756
vt 0.412713 0.087198
vt 0.316504 0.116214
vt 0.315398 0.117077
vt 0.314535 0.116195
vt 0.315855 0.115164
vt 0.315398 0.117077
vt 0.314512 0.118164
vt 0.313477 0.117494
vt 0.314535 0.116195
vt 0.941535 0.071289
vt 0.940141 0.071132
vt 0.940141 0.069898
vt 0.941806 0.070086
vt 0.940141 0.071132
vt 0.938748 0.071289
vt 0.938477 0.070086
vt 0.940141 0.069898
vt 0.27545 0.115164
vt 0.276336 0.116252
vt 0.275472 0.117133
vt 0.274414 0.115834
vt 0.276336 0.116252
vt 0.277441 0.117114
vt 0.276793 0.118164
vt 0.275472 0.117133
vt 0.517137 0.086906
vt 0.518459 0.087373
vt 0.518181 0.088575
vt 0.516602 0.088017
vt 0.518459 0.087373
vt 0.519852 0.087533
vt 0.520713 0.088867
vt 0.518181 0.088575
vt 0.355508 0.031
vt 0.364526 0.031
vt 0.365542 0.032227
vt 0.354492 0.032227
vt 0.33716 0.5626
vt 0.344031 0.556277
vt 0.375983 0.556277
vt 0.332624 0.570983
vt 0.33716 0.5626
vt 0.375983 0.556277
vt 0.332624 0.589786
vt 0.331055 0.580384
vt 0.332624 0.570983
vt 0.33716 0.598168
vt 0.332624 0.589786
vt 0.332624 0.570983
vt 0.344031 0.604492
vt 0.33716 0.598168
vt 0.332624 0.570983
vt 0.346479 0.59452
vt 0.351508 0.59452
vt 0.344031 0.604492
vt 0.346479 0.59452
vt 0.344031 0.604492
vt 0.332624 0.570983
vt 0.346479 0.57839
vt 0.346479 0.59452
vt 0.332624 0.570983
vt 0.351508 0.57839
vt 0.346479 0.57839
vt 0.332624 0.570983
vt 0.354482 0.569805
vt 0.351508 0.57839
vt 0.332624 0.570983
vt 0.354883 0.567273
vt 0.354482 0.569805
vt 0.332624 0.570983
vt 0.355648 0.565771
vt 0.354883 0.567273
vt 0.332624 0.570983
vt 0.35684 0.564579
vt 0.355648 0.565771
vt 0.332624 0.570983
vt 0.358342 0.563814
vt 0.35684 0.564579
vt 0.332624 0.570983
vt 0.358342 0.563814
vt 0.332624 0.570983
vt 0.375983 0.556277
vt 0.360007 0.56355
vt 0.358342 0.563814
vt 0.375983 0.556277
vt 0.361672 0.563814
vt 0.360007 0.56355
vt 0.375983 0.556277
vt 0.363173 0.564579
vt 0.361672 0.563814
vt 0.375983 0.556277
vt 0.364365 0.565771
vt 0.363173 0.564579
vt 0.375983 0.556277
vt 0.36513 0.567273
vt 0.364365 0.565771
vt 0.375983 0.556277
vt 0.365531 0.569805
vt 0.36513 0.567273
vt 0.375983 0.556277
vt 0.351508 0.57839
vt 0.354482 0.569805
vt 0.365531 0.569805
vt 0.351508 0.59452
vt 0.351508 0.57839
vt 0.365531 0.569805
vt 0.351508 0.59452
vt 0.365531 0.569805
vt 0.375983 0.556277
vt 0.375983 0.604492
vt 0.344031 0.604492
vt 0.351508 0.59452
vt 0.382853 0.598168
vt 0.375983 0.604492
vt 0.351508 0.59452
vt 0.373535 0.593219
vt 0.382853 0.598168
vt 0.351508 0.59452
vt 0.368505 0.593219
vt 0.373535 0.593219
vt 0.351508 0.59452
vt 0.368505 0.579691
vt 0.368505 0.593219
vt 0.351508 0.59452
vt 0.368505 0.579691
vt 0.351508 0.59452
vt 0.375983 0.556277
vt 0.373535 0.579691
vt 0.368505 0.579691
vt 0.375983 0.556277
vt 0.373535 0.593219
vt 0.373535 0.579691
vt 0.375983 0.556277
vt 0.382853 0.598168
vt 0.373535 0.593219
vt 0.375983 0.556277
vt 0.38739 0.589786
vt 0.382853 0.598168
vt 0.375983 0.556277
vt 0.388959 0.580384
vt 0.38739 0.589786
vt 0.375983 0.556277
vt 0.38739 0.570983
vt 0.388959 0.580384
vt 0.375983 0.556277
vt 0.375983 0.556277
vt 0.382853 0.5626
vt 0.38739 0.570983
vt 0.73075 0.556277
vt 0.762701 0.556277
vt 0.769572 0.5626
vt 0.73075 0.556277
vt 0.769572 0.5626
vt 0.774109 0.570983
vt 0.774109 0.570983
vt 0.775678 0.580384
vt 0.774109 0.589786
vt 0.774109 0.570983
vt 0.774109 0.589786
vt 0.769572 0.598168
vt 0.774109 0.570983
vt 0.769572 0.598168
vt 0.762701 0.604492
vt 0.762701 0.604492
vt 0.755224 0.59452
vt 0.760254 0.59452
vt 0.774109 0.570983
vt 0.762701 0.604492
vt 0.760254 0.59452
vt 0.774109 0.570983
vt 0.760254 0.59452
vt 0.760254 0.57839
vt 0.774109 0.570983
vt 0.760254 0.57839
vt 0.755224 0.57839
vt 0.774109 0.570983
vt 0.755224 0.57839
vt 0.75225 0.569805
vt 0.774109 0.570983
vt 0.75225 0.569805
vt 0.751849 0.567273
vt 0.774109 0.570983
vt 0.751849 0.567273
vt 0.751084 0.565771
vt 0.774109 0.570983
vt 0.751084 0.565771
vt 0.749892 0.564579
vt 0.774109 0.570983
vt 0.749892 0.564579
vt 0.74839 0.563814
vt 0.73075 0.556277
vt 0.774109 0.570983
vt 0.74839 0.563814
vt 0.73075 0.556277
vt 0.74839 0.563814
vt 0.746726 0.56355
vt 0.73075 0.556277
vt 0.746726 0.56355
vt 0.745061 0.563814
vt 0.73075 0.556277
vt 0.745061 0.563814
vt 0.743559 0.564579
vt 0.73075 0.556277
vt 0.743559 0.564579
vt 0.742367 0.565771
vt 0.73075 0.556277
vt 0.742367 0.565771
vt 0.741602 0.567273
vt 0.73075 0.556277
vt 0.741602 0.567273
vt 0.741201 0.569805
vt 0.741201 0.569805
vt 0.75225 0.569805
vt 0.755224 0.57839
vt 0.741201 0.569805
vt 0.755224 0.57839
vt 0.755224 0.59452
vt 0.73075 0.556277
vt 0.741201 0.569805
vt 0.755224 0.59452
vt 0.755224 0.59452
vt 0.762701 0.604492
vt 0.73075 0.604492
vt 0.755224 0.59452
vt 0.73075 0.604492
vt 0.723879 0.598168
vt 0.755224 0.59452
vt 0.723879 0.598168
vt 0.733197 0.593219
vt 0.755224 0.59452
vt 0.733197 0.593219
vt 0.738227 0.593219
vt 0.755224 0.59452
vt 0.738227 0.593219
vt 0.738227 0.579691
vt 0.73075 0.556277
vt 0.755224 0.59452
vt 0.738227 0.579691
vt 0.73075 0.556277
vt 0.738227 0.579691
vt 0.733197 0.579691
vt 0.73075 0.556277
vt 0.733197 0.579691
vt 0.733197 0.593219
vt 0.73075 0.556277
vt 0.733197 0.593219
vt 0.723879 0.598168
vt 0.73075 0.556277
vt 0.723879 0.598168
vt 0.719342 0.589786
vt 0.73075 0.556277
vt 0.719342 0.589786
vt 0.717773 0.580384
vt 0.73075 0.556277
vt 0.717773 0.580384
vt 0.719342 0.570983
vt 0.719342 0.570983
vt 0.723879 0.5626
vt 0.73075 0.556277
vn -0.11221 -0.72419 -0.68041
vn -0.554501 -0.711946 -0.430885
vn -0.664179 -0.711946 -0.228032
vn -0.702234 -0.711946 0
vn -0.664179 -0.711946 0.228032
vn -0.554501 -0.711946 0.430885
vn -0.11221 -0.72419 0.68041
vn 0.11221 -0.72419 0.68041
vn 0.554501 -0.711946 0.430885
vn 0.664179 -0.711946 0.228032
vn 0.702234 -0.711946 0
vn 0.664179 -0.711946 -0.228032
vn 0.554501 -0.711946 -0.430885
vn 0.11221 -0.72419 -0.68041
vn -0.677234 0 -0.735768
vn -0.789108 0 -0.614254
vn -0.945809 0 -0.324724
vn -1 0 0
vn -0.945809 0 0.324724
vn -0.789108 0 0.614254
vn -0.677234 0 0.735768
vn 0 0 1
vn 0.677234 0 0.735768
vn 0.789108 0 0.614254
vn 0.945809 0 0.324724
vn 1 0 0
vn 0.945809 0 -0.324724
vn 0.789108 0 -0.614254
vn 0.677234 0 -0.735768
vn 0 0 -1
vn -0.11221 0.72419 -0.68041
vn -0.554501 0.711946 -0.430885
vn -0.664179 0.711946 -0.228032
vn -0.702234 0.711946 0
vn -0.664179 0.711946 0.228032
vn -0.554501 0.711946 0.430885
vn -0.11221 0.72419 0.68041
vn 0.11221 0.72419 0.68041
vn 0.554501 0.711946 0.430885
vn 0.664179 0.711946 0.228032
vn 0.702234 0.711946 0
vn 0.664179 0.711946 -0.228032
vn 0.554501 0.711946 -0.430885
vn 0.11221 0.72419 -0.68041
vn 0 -0.707107 -0.707107
vn 0.707107 -0.707107 0
vn 0 -0.707107 0.707107
vn -0.707107 -0.707107 0
vn 0 0.707107 -0.707107
vn 0.707107 0.707107 0
vn 0 0.707107 0.707107
vn -0.707107 0.707107 0
vn 0.698401 -0.707107 0.110616
vn 0.672527 -0.711405 0.203987
vn 0.568507 -0.711473 0.413045
vn 0.413045 -0.711473 0.568507
vn 0.21715 -0.711473 0.66832
vn 0 -0.711473 0.702714
vn -0.21715 -0.711473 0.66832
vn -0.413045 -0.711473 0.568507
vn -0.568507 -0.711473 0.413045
vn -0.672527 -0.711405 0.203987
vn -0.698401 -0.707107 0.110616
vn 0.987688 0 0.156434
vn 0.951057 0 0.309017
vn 0.809017 0 0.587785
vn 0.587785 0 0.809017
vn 0.309017 0 0.951057
vn -0.309017 0 0.951057
vn -0.587785 0 0.809017
vn -0.809017 0 0.587785
vn -0.951057 0 0.309017
vn -0.987688 0 0.156434
vn 0.698401 0.707107 0.110616
vn 0.672527 0.711405 0.203987
vn 0.568507 0.711473 0.413045
vn 0.413045 0.711473 0.568507
vn 0.21715 0.711473 0.66832
vn 0 0.711473 0.702714
vn -0.21715 0.711473 0.66832
vn -0.413045 0.711473 0.568507
vn -0.568507 0.711473 0.413045
vn -0.672527 0.711405 0.203987
vn -0.698401 0.707107 0.110616
vn 0 -1 0
vn 0 1 0
f 97/277/51 98/278/52 112/279/52 111/280/51
f 98/281/52 99/282/53 113/283/53 112/284/52
f 99/285/53 100/286/54 114/287/54 113/288/53
f 100/289/54 101/290/55 115/291/55 114/292/54
f 101/293/55 102/294/56 116/295/56 115/296/55
f 102/297/56 103/298/57 117/299/57 116/300/56
f 103/301/57 104/302/58 118/303/58 117/304/57
f 104/305/58 105/306/59 119/307/59 118/308/58
f 105/309/59 106/310/60 120/311/60 119/312/59
f 106/313/60 107/314/61 121/315/61 120/316/60
f 107/317/61 108/318/62 122/319/62 121/320/61
f 108/321/62 109/322/63 123/323/63 122/324/62
f 109/325/63 110/326/64 124/327/64 123/328/63
f 110/329/64 97/330/51 111/331/51 124/332/64
f 111/333/65 112/334/66 126/335/66 125/336/65
f 112/337/66 113/338/67 127/339/67 126/340/66
f 113/341/67 114/342/68 128/343/68 127/344/67
f 114/345/68 115/346/69 129/347/69 128/348/68
f 115/349/69 116/350/70 130/351/70 129/352/69
f 116/353/70 117/354/71 131/355/71 130/356/70
f 117/357/72 118/358/72 132/359/72 131/360/72
f 118/361/73 119/362/74 133/363/74 132/364/73
f 119/365/74 120/366/75 134/367/75 133/368/74
f 120/369/75 121/370/76 135/371/76 134/372/75
f 121/373/76 122/374/77 136/375/77 135/376/76
f 122/377/77 123/378/78 137/379/78 136/380/77
f 123/381/78 124/382/79 138/383/79 137/384/78
f 124/385/80 111/386/80 125/387/80 138/388/80
f 125/389/81 126/390/82 140/391/82 139/392/81
f 126/393/82 127/394/83 141/395/83 140/396/82
f 127/397/83 128/398/84 142/399/84 141/400/83
f 128/401/84 129/402/85 143/403/85 142/404/84
f 129/405/85 130/406/86 144/407/86 143/408/85
f 130/409/86 131/410/87 145/411/87 144/412/86
f 131/413/87 132/414/88 146/415/88 145/416/87
f 132/417/88 133/418/89 147/419/89 146/420/88
f 133/421/89 134/422/90 148/423/90 147/424/89
f 134/425/90 135/426/91 149/427/91 148/428/90
f 135/429/91 136/430/92 150/431/92 149/432/91
f 136/433/92 137/434/93 151/435/93 150/436/92
f 137/437/93 138/438/94 152/439/94 151/440/93
f 138/441/94 125/442/81 139/443/81 152/444/94
f 153/445/95 154/446/95 158/447/95 157/448/95
f 154/449/96 155/450/96 159/451/96 158/452/96
f 155/453/97 156/454/97 160/455/97 159/456/97
f 156/457/98 153/458/98 157/459/98 160/460/98
f 157/461/80 158/462/80 162/463/80 161/464/80
f 158/465/76 159/466/76 163/467/76 162/468/76
f 159/469/72 160/470/72 164/471/72 163/472/72
f 160/473/68 157/474/68 161/475/68 164/476/68
f 161/477/99 162/478/99 166/479/99 165/480/99
f 162/481/100 163/482/100 167/483/100 166/484/100
f 163/485/101 164/486/101 168/487/101 167/488/101
f 164/489/102 161/490/102 165/491/102 168/492/102
f 169/493/95 170/494/95 174/495/95 173/496/95
f 170/497/96 171/498/96 175/499/96 174/500/96
f 171/501/97 172/502/97 176/503/97 175/504/97
f 172/505/98 169/506/98 173/507/98 176/508/98
f 173/509/80 174/510/80 178/511/80 177/512/80
f 174/513/76 175/514/76 179/515/76 178/516/76
f 175/517/72 176/518/72 180/519/72 179/520/72
f 176/521/68 173/522/68 177/523/68 180/524/68
f 177/525/99 178/526/99 182/527/99 181/528/99
f 178/529/100 179/530/100 183/531/100 182/532/100
f 179/533/101 180/534/101 184/535/101 183/536/101
f 180/537/102 177/538/102 181/539/102 184/540/102
f 185/541/103 186/542/104 197/543/104 196/544/103
f 186/545/104 187/546/105 198/547/105 197/548/104
f 187/549/105 188/550/106 199/551/106 198/552/105
f 188/553/106 189/554/107 200/555/107 199/556/106
f 189/557/107 190/558/108 201/559/108 200/560/107
f 190/561/108 191/562/109 202/563/109 201/564/108
f 191/565/109 192/566/110 203/567/110 202/568/109
f 192/569/110 193/570/111 204/571/111 203/572/110
f 193/573/111 194/574/112 205/575/112 204/576/111
f 194/577/112 195/578/113 206/579/113 205/580/112
f 195/581/95 185/582/95 196/583/95 206/584/95
f 196/585/114 197/586/115 208/587/115 207/588/114
f 197/589/115 198/590/116 209/591/116 208/592/115
f 198/593/116 199/594/117 210/595/117 209/596/116
f 199/597/117 200/598/118 211/599/118 210/600/117
f 200/601/118 201/602/72 212/603/72 211/604/118
f 201/605/72 202/606/119 213/607/119 212/608/72
f 202/609/119 203/610/120 214/611/120 213/612/119
f 203/613/120 204/614/121 215/615/121 214/616/120
f 204/617/121 205/618/122 216/619/122 215/620/121
f 205/621/122 206/622/123 217/623/123 216/624/122
f 206/625/80 196/626/80 207/627/80 217/628/80
f 207/629/124 208/630/125 219/631/125 218/632/124
f 208/633/125 209/634/126 220/635/126 219/636/125
f 209/637/126 210/638/127 221/639/127 220/640/126
f 210/641/127 211/642/128 222/643/128 221/644/127
f 211/645/128 212/646/129 223/647/129 222/648/128
f 212/649/129 213/650/130 224/651/130 223/652/129
f 213/653/130 214/654/131 225/655/131 224/656/130
f 214/657/131 215/658/132 226/659/132 225/660/131
f 215/661/132 216/662/133 227/663/133 226/664/132
f 216/665/133 217/666/134 228/667/134 227/668/133
f 217/669/99 207/670/99 218/671/99 228/672/99
f 230/673/135 229/674/135 242/675/135
f 231/676/135 230/677/135 242/678/135
f 233/679/135 232/680/135 231/681/135
f 234/682/135 233/683/135 231/684/135
f 235/685/135 234/686/135 231/687/135
f 244/688/135 243/689/135 235/690/135
f 244/691/135 235/692/135 231/693/135
f 245/694/135 244/695/135 231/696/135
f 246/697/135 245/698/135 231/699/135
f 251/700/135 246/701/135 231/702/135
f 252/703/135 251/704/135 231/705/135
f 253/706/135 252/707/135 231/708/135
f 254/709/135 253/710/135 231/711/135
f 255/712/135 254/713/135 231/714/135
f 255/715/135 231/716/135 242/717/135
f 256/718/135 255/719/135 242/720/135
f 257/721/135 256/722/135 242/723/135
f 258/724/135 257/725/135 242/726/135
f 259/727/135 258/728/135 242/729/135
f 260/730/135 259/731/135 242/732/135
f 261/733/135 260/734/135 242/735/135
f 246/736/135 251/737/135 261/738/135
f 243/739/135 246/740/135 261/741/135
f 243/742/135 261/743/135 242/744/135
f 236/745/135 235/746/135 243/747/135
f 237/748/135 236/749/135 243/750/135
f 247/751/135 237/752/135 243/753/135
f 248/754/135 247/755/135 243/756/135
f 249/757/135 248/758/135 243/759/135
f 249/760/135 243/761/135 242/762/135
f 250/763/135 249/764/135 242/765/135
f 247/766/135 250/767/135 242/768/135
f 237/769/135 247/770/135 242/771/135
f 238/772/135 237/773/135 242/774/135
f 239/775/135 238/776/135 242/777/135
f 240/778/135 239/779/135 242/780/135
f 242/781/135 241/782/135 240/783/135
f 275/784/136 262/785/136 263/786/136
f 275/787/136 263/788/136 264/789/136
f 264/790/136 265/791/136 266/792/136
f 264/793/136 266/794/136 267/795/136
f 264/796/136 267/797/136 268/798/136
f 268/799/136 276/800/136 277/801/136
f 264/802/136 268/803/136 277/804/136
f 264/805/136 277/806/136 278/807/136
f 264/808/136 278/809/136 279/810/136
f 264/811/136 279/812/136 284/813/136
f 264/814/136 284/815/136 285/816/136
f 264/817/136 285/818/136 286/819/136
f 264/820/136 286/821/136 287/822/136
f 264/823/136 287/824/136 288/825/136
f 275/826/136 264/827/136 288/828/136
f 275/829/136 288/830/136 289/831/136
f 275/832/136 289/833/136 290/834/136
f 275/835/136 290/836/136 291/837/136
f 275/838/136 291/839/136 292/840/136
f 275/841/136 292/842/136 293/843/136
f 275/844/136 293/845/136 294/846/136
f 294/847/136 284/848/136 279/849/136
f 294/850/136 279/851/136 276/852/136
f 275/853/136 294/854/136 276/855/136
f 276/856/136 268/857/136 269/858/136
f 276/859/136 269/860/136 270/861/136
f 276/862/136 270/863/136 280/864/136
f 276/865/136 280/866/136 281/867/136
f 276/868/136 281/869/136 282/870/136
f 275/871/136 276/872/136 282/873/136
f 275/874/136 282/875/136 283/876/136
f 275/877/136 283/878/136 280/879/136
f 275/880/136 280/881/136 270/882/136
f 275/883/136 270/884/136 271/885/136
f 275/886/136 271/887/136 272/888/136
f 275/889/136 272/890/136 273/891/136
f 273/892/136 274/893/136 275/894/136
o strip6_face_a1
usemtl strip
v 0.477183 0.0525 0.44315
v 0.471241 0.0525 0.448619
v 0.467317 0.0525 0.455869
v 0.46596 0.0525 0.464
v 0.467317 0.0525 0.472131
v 0.471241 0.0525 0.479381
v 0.477183 0.0525 0.48485
v 0.504817 0.0525 0.48485
v 0.510759 0.0525 0.479381
v 0.514683 0.0525 0.472131
v 0.51604 0.0525 0.464
v 0.514683 0.0525 0.455869
v 0.510759 0.0525 0.448619
v 0.504817 0.0525 0.44315
v 0.47689 0.05325 0.4424
v 0.470641 0.05325 0.448152
v 0.466598 0.05325 0.455622
v 0.4652 0.05325 0.464
v 0.466598 0.05325 0.472378
v 0.470641 0.05325 0.479848
v 0.47689 0.05325 0.4856
v 0.50511 0.05325 0.4856
v 0.511359 0.05325 0.479848
v 0.515402 0.05325 0.472378
v 0.5168 0.05325 0.464
v 0.515402 0.05325 0.455622
v 0.511359 0.05325 0.448152
v 0.50511 0.05325 0.4424
v 0.47689 0.05655 0.4424
v 0.470641 0.05655 0.448152
v 0.466598 0.05655 0.455622
v 0.4652 0.05655 0.464
v 0.466598 0.05655 0.472378
v 0.470641 0.05655 0.479848
v 0.47689 0.05655 0.4856
v 0.50511 0.05655 0.4856
v 0.511359 0.05655 0.479848
v 0.515402 0.05655 0.472378
v 0.5168 0.05655 0.464
v 0.515402 0.05655 0.455622
v 0.511359 0.05655 0.448152
v 0.50511 0.05655 0.4424
v 0.477183 0.0573 0.44315
v 0.471241 0.0573 0.448619
v 0.467317 0.0573 0.455869
v 0.46596 0.0573 0.464
v 0.467317 0.0573 0.472131
v 0.471241 0.0573 0.479381
v 0.477183 0.0573 0.48485
v 0.504817 0.0573 0.48485
v 0.510759 0.0573 0.479381
v 0.514683 0.0573 0.472131
v 0.51604 0.0573 0.464
v 0.514683 0.0573 0.455869
v 0.510759 0.0573 0.448619
v 0.504817 0.0573 0.44315
v 0.48365 0.0525 0.476225
v 0.4793 0.0525 0.476225
v 0.4793 0.0525 0.462275
v 0.48365 0.0525 0.462275
v 0.4829 0.05325 0.475475
v 0.48005 0.05325 0.475475
v 0.48005 0.05325 0.463025
v 0.4829 0.05325 0.463025
v 0.4829 0.05655 0.475475
v 0.48005 0.05655 0.475475
v 0.48005 0.05655 0.463025
v 0.4829 0.05655 0.463025
v 0.48365 0.0573 0.476225
v 0.4793 0.0573 0.476225
v 0.4793 0.0573 0.462275
v 0.48365 0.0573 0.462275
v 0.5027 0.0525 0.4751
v 0.49835 0.0525 0.4751
v 0.49835 0.0525 0.4634
v 0.5027 0.0525 0.4634
v 0.50195 0.05325 0.47435
v 0.4991 0.05325 0.47435
v 0.4991 0.05325 0.46415
v 0.50195 0.05325 0.46415
v 0.50195 0.05655 0.47435
v 0.4991 0.05655 0.47435
v 0.4991 0.05655 0.46415
v 0.50195 0.05655 0.46415
v 0.5027 0.0573 0.4751
v 0.49835 0.0573 0.4751
v 0.49835 0.0573 0.4634
v 0.5027 0.0573 0.4634
v 0.486222 0.0525 0.45485
v 0.486569 0.0525 0.45266
v 0.487231 0.0525 0.451361
v 0.488261 0.0525 0.450331
v 0.48956 0.0525 0.449669
v 0.491 0.0525 0.449441
v 0.49244 0.0525 0.449669
v 0.493739 0.0525 0.450331
v 0.494769 0.0525 0.451361
v 0.495431 0.0525 0.45266
v 0.495778 0.0525 0.45485
v 0.4871 0.05325 0.4541
v 0.487291 0.05325 0.452895
v 0.487845 0.05325 0.451808
v 0.488708 0.05325 0.450945
v 0.489795 0.05325 0.450391
v 0.491 0.05325 0.4502
v 0.492205 0.05325 0.450391
v 0.493292 0.05325 0.450945
v 0.494155 0.05325 0.451808
v 0.494709 0.05325 0.452895
v 0.4949 0.05325 0.4541
v 0.4871 0.05655 0.4541
v 0.487291 0.05655 0.452895
v 0.487845 0.05655 0.451808
v 0.488708 0.05655 0.450945
v 0.489795 0.05655 0.450391
v 0.491 0.05655 0.4502
v 0.492205 0.05655 0.450391
v 0.493292 0.05655 0.450945
v 0.494155 0.05655 0.451808
v 0.494709 0.05655 0.452895
v 0.4949 0.05655 0.4541
v 0.486222 0.0573 0.45485
v 0.486569 0.0573 0.45266
v 0.487231 0.0573 0.451361
v 0.488261 0.0573 0.450331
v 0.48956 0.0573 0.449669
v 0.491 0.0573 0.449441
v 0.49244 0.0573 0.449669
v 0.493739 0.0573 0.450331
v 0.494769 0.0573 0.451361
v 0.495431 0.0573 0.45266
v 0.495778 0.0573 0.45485
v 0.477183 0.0525 0.44315
v 0.471241 0.0525 0.448619
v 0.467317 0.0525 0.455869
v 0.46596 0.0525 0.464
v 0.467317 0.0525 0.472131
v 0.471241 0.0525 0.479381
v 0.477183 0.0525 0.48485
v 0.504817 0.0525 0.48485
v 0.510759 0.0525 0.479381
v 0.514683 0.0525 0.472131
v 0.51604 0.0525 0.464
v 0.514683 0.0525 0.455869
v 0.510759 0.0525 0.448619
v 0.504817 0.0525 0.44315
v 0.48365 0.0525 0.476225
v 0.4793 0.0525 0.476225
v 0.4793 0.0525 0.462275
v 0.48365 0.0525 0.462275
v 0.5027 0.0525 0.4751
v 0.49835 0.0525 0.4751
v 0.49835 0.0525 0.4634
v 0.5027 0.0525 0.4634
v 0.486222 0.0525 0.45485
v 0.486569 0.0525 0.45266
v 0.487231 0.0525 0.451361
v 0.488261 0.0525 0.450331
v 0.48956 0.0525 0.449669
v 0.491 0.0525 0.449441
v 0.49244 0.0525 0.449669
v 0.493739 0.0525 0.450331
v 0.494769 0.0525 0.451361
v 0.495431 0.0525 0.45266
v 0.495778 0.0525 0.45485
v 0.477183 0.0573 0.44315
v 0.471241 0.0573 0.448619
v 0.467317 0.0573 0.455869
v 0.46596 0.0573 0.464
v 0.467317 0.0573 0.472131
v 0.471241 0.0573 0.479381
v 0.477183 0.0573 0.48485
v 0.504817 0.0573 0.48485
v 0.510759 0.0573 0.479381
v 0.514683 0.0573 0.472131
v 0.51604 0.0573 0.464
v 0.514683 0.0573 0.455869
v 0.510759 0.0573 0.448619
v 0.504817 0.0573 0.44315
v 0.48365 0.0573 0.476225
v 0.4793 0.0573 0.476225
v 0.4793 0.0573 0.462275
v 0.48365 0.0573 0.462275
v 0.5027 0.0573 0.4751
v 0.49835 0.0573 0.4751
v 0.49835 0.0573 0.4634
v 0.5027 0.0573 0.4634
v 0.486222 0.0573 0.45485
v 0.486569 0.0573 0.45266
v 0.487231 0.0573 0.451361
v 0.488261 0.0573 0.450331
v 0.48956 0.0573 0.449669
v 0.491 0.0573 0.449441
v 0.49244 0.0573 0.449669
v 0.493739 0.0573 0.450331
v 0.494769 0.0573 0.451361
v 0.495431 0.0573 0.45266
v 0.495778 0.0573 0.45485
vt 0.638683 0.217348
vt 0.646209 0.22277
vt 0.64561 0.22385
vt 0.637695 0.218148
vt 0.646209 0.22277
vt 0.654973 0.22635
vt 0.654641 0.227539
vt 0.64561 0.22385
vt 0.233684 0.086515
vt 0.243085 0.087632
vt 0.243085 0.088867
vt 0.233398 0.087716
vt 0.243085 0.087632
vt 0.252487 0.086515
vt 0.252772 0.087716
vt 0.243085 0.088867
vt 0.801758 0.22635
vt 0.810522 0.22277
vt 0.811121 0.22385
vt 0.80209 0.227539
vt 0.810522 0.22277
vt 0.818048 0.217348
vt 0.819036 0.218148
vt 0.811121 0.22385
vt 0.317721 0.038813
vt 0.349673 0.038813
vt 0.350011 0.040039
vt 0.317383 0.040039
vt 0.255548 0.227539
vt 0.248022 0.222117
vt 0.248621 0.221037
vt 0.256536 0.226739
vt 0.248022 0.222117
vt 0.239258 0.218537
vt 0.23959 0.217348
vt 0.248621 0.221037
vt 0.150924 0.088867
vt 0.141523 0.08775
vt 0.141523 0.086515
vt 0.15121 0.087666
vt 0.141523 0.08775
vt 0.132121 0.088867
vt 0.131836 0.087666
vt 0.141523 0.086515
vt 0.186223 0.200959
vt 0.177459 0.204539
vt 0.17686 0.203459
vt 0.185891 0.19977
vt 0.177459 0.204539
vt 0.169933 0.209961
vt 0.168945 0.209161
vt 0.17686 0.203459
vt 0.115298 0.040039
vt 0.083346 0.040039
vt 0.083008 0.038813
vt 0.115636 0.038813
vt 0.786133 0.153411
vt 0.795954 0.153411
vt 0.795954 0.157227
vt 0.786133 0.157227
vt 0.803711 0.153411
vt 0.813532 0.153411
vt 0.813532 0.157227
vt 0.803711 0.157227
vt 0.760742 0.143645
vt 0.770563 0.143645
vt 0.770563 0.147461
vt 0.760742 0.147461
vt 0.821289 0.153411
vt 0.83111 0.153411
vt 0.83111 0.157227
vt 0.821289 0.157227
vt 0.479492 0.143645
vt 0.489313 0.143645
vt 0.489313 0.147461
vt 0.479492 0.147461
vt 0.163086 0.143645
vt 0.172907 0.143645
vt 0.172907 0.147461
vt 0.163086 0.147461
vt 0.239258 0.163177
vt 0.271886 0.163177
vt 0.271886 0.166992
vt 0.239258 0.166992
vt 0.788141 0.147461
vt 0.77832 0.147461
vt 0.77832 0.143645
vt 0.788141 0.143645
vt 0.602594 0.157227
vt 0.592773 0.157227
vt 0.592773 0.153411
vt 0.602594 0.153411
vt 0.190485 0.147461
vt 0.180664 0.147461
vt 0.180664 0.143645
vt 0.190485 0.143645
vt 0.848688 0.157227
vt 0.838867 0.157227
vt 0.838867 0.153411
vt 0.848688 0.153411
vt 0.032282 0.137695
vt 0.022461 0.137695
vt 0.022461 0.13388
vt 0.032282 0.13388
vt 0.426813 0.157227
vt 0.416992 0.157227
vt 0.416992 0.153411
vt 0.426813 0.153411
vt 0.833008 0.174895
vt 0.865636 0.174895
vt 0.865636 0.178711
vt 0.833008 0.178711
vt 0.942383 0.226739
vt 0.950298 0.221037
vt 0.950896 0.222117
vt 0.943371 0.227539
vt 0.950298 0.221037
vt 0.959328 0.217348
vt 0.959661 0.218537
vt 0.950896 0.222117
vt 0.749023 0.097432
vt 0.75871 0.096281
vt 0.75871 0.097516
vt 0.749309 0.098633
vt 0.75871 0.096281
vt 0.768397 0.097432
vt 0.768112 0.098633
vt 0.75871 0.097516
vt 0.61459 0.217348
vt 0.623621 0.221037
vt 0.623022 0.222117
vt 0.614258 0.218537
vt 0.623621 0.221037
vt 0.631536 0.226739
vt 0.630548 0.227539
vt 0.623022 0.222117
vt 0.70548 0.055664
vt 0.672852 0.055664
vt 0.67319 0.054438
vt 0.705142 0.054438
vt 0.373723 0.218148
vt 0.365808 0.22385
vt 0.36521 0.22277
vt 0.372735 0.217348
vt 0.365808 0.22385
vt 0.356778 0.227539
vt 0.356445 0.22635
vt 0.36521 0.22277
vt 0.100429 0.087716
vt 0.090742 0.088867
vt 0.090742 0.087632
vt 0.100143 0.086515
vt 0.090742 0.088867
vt 0.081055 0.087716
vt 0.08134 0.086515
vt 0.090742 0.087632
vt 0.209328 0.209961
vt 0.200298 0.206272
vt 0.200896 0.205192
vt 0.209661 0.208772
vt 0.200298 0.206272
vt 0.192383 0.20057
vt 0.193371 0.19977
vt 0.200896 0.205192
vt 0.12207 0.038813
vt 0.154699 0.038813
vt 0.15436 0.040039
vt 0.122409 0.040039
vt 0.423975 0.047852
vt 0.418945 0.047852
vt 0.419812 0.046625
vt 0.423108 0.046625
vt 0.829606 0.055664
vt 0.813477 0.055664
vt 0.814344 0.054438
vt 0.828739 0.054438
vt 0.879883 0.046625
vt 0.884912 0.046625
vt 0.884045 0.047852
vt 0.88075 0.047852
vt 0.836914 0.054438
vt 0.853044 0.054438
vt 0.852177 0.055664
vt 0.837781 0.055664
vt 0.961914 0.12793
vt 0.961914 0.124634
vt 0.96573 0.124634
vt 0.96573 0.12793
vt 0.570059 0.166992
vt 0.555664 0.166992
vt 0.555664 0.163177
vt 0.570059 0.163177
vt 0.97168 0.12793
vt 0.97168 0.124634
vt 0.975495 0.124634
vt 0.975495 0.12793
vt 0.577148 0.163177
vt 0.591544 0.163177
vt 0.591544 0.166992
vt 0.577148 0.166992
vt 0.431531 0.046625
vt 0.434827 0.046625
vt 0.435694 0.047852
vt 0.430664 0.047852
vt 0.875614 0.055664
vt 0.861219 0.055664
vt 0.860352 0.054438
vt 0.876481 0.054438
vt 0.58717 0.032227
vt 0.583875 0.032227
vt 0.583008 0.031
vt 0.588037 0.031
vt 0.537 0.038813
vt 0.551395 0.038813
vt 0.552262 0.040039
vt 0.536133 0.040039
vt 0.623194 0.032227
vt 0.618164 0.032227
vt 0.619031 0.031
vt 0.622327 0.031
vt 0.065286 0.047852
vt 0.051758 0.047852
vt 0.052625 0.046625
vt 0.064419 0.046625
vt 0.500977 0.046625
vt 0.506006 0.046625
vt 0.505139 0.047852
vt 0.501844 0.047852
vt 0.852539 0.038813
vt 0.866067 0.038813
vt 0.8652 0.040039
vt 0.853406 0.040039
vt 0.004883 0.118164
vt 0.004883 0.114869
vt 0.008698 0.114869
vt 0.008698 0.118164
vt 0.95027 0.166992
vt 0.938477 0.166992
vt 0.938477 0.163177
vt 0.95027 0.163177
vt 0.014648 0.118164
vt 0.014648 0.114869
vt 0.018464 0.114869
vt 0.018464 0.118164
vt 0.958008 0.163177
vt 0.969802 0.163177
vt 0.969802 0.166992
vt 0.958008 0.166992
vt 0.513563 0.046625
vt 0.516858 0.046625
vt 0.517725 0.047852
vt 0.512695 0.047852
vt 0.08395 0.047852
vt 0.072156 0.047852
vt 0.071289 0.046625
vt 0.084817 0.046625
vt 0.634045 0.032227
vt 0.63075 0.032227
vt 0.629883 0.031
vt 0.634912 0.031
vt 0.872938 0.038813
vt 0.884731 0.038813
vt 0.885598 0.040039
vt 0.87207 0.040039
vt 0.6379 0.088867
vt 0.635369 0.088575
vt 0.635647 0.087373
vt 0.63704 0.087533
vt 0.635369 0.088575
vt 0.633789 0.088017
vt 0.634324 0.086906
vt 0.635647 0.087373
vt 0.384215 0.118164
vt 0.382894 0.117133
vt 0.383758 0.116252
vt 0.384863 0.117114
vt 0.382894 0.117133
vt 0.381836 0.115834
vt 0.382872 0.115164
vt 0.383758 0.116252
vt 0.977539 0.070086
vt 0.979204 0.069898
vt 0.979204 0.071132
vt 0.97781 0.071289
vt 0.979204 0.069898
vt 0.980869 0.070086
vt 0.980597 0.071289
vt 0.979204 0.071132
vt 0.52832 0.117494
vt 0.529379 0.116195
vt 0.530242 0.117077
vt 0.529356 0.118164
vt 0.529379 0.116195
vt 0.530699 0.115164
vt 0.531347 0.116214
vt 0.530242 0.117077
vt 0.52832 0.087756
vt 0.5299 0.087198
vt 0.530178 0.0884
vt 0.528856 0.088867
vt 0.5299 0.087198
vt 0.532431 0.086906
vt 0.531571 0.088239
vt 0.530178 0.0884
vt 0.312807 0.032227
vt 0.301758 0.032227
vt 0.302773 0.031
vt 0.311792 0.031
vt 0.157227 0.071289
vt 0.157227 0.069878
vt 0.161042 0.069878
vt 0.161042 0.071289
vt 0.616211 0.071289
vt 0.616211 0.069878
vt 0.620027 0.069878
vt 0.620027 0.071289
vt 0.166992 0.071289
vt 0.166992 0.069878
vt 0.170808 0.069878
vt 0.170808 0.071289
vt 0.625977 0.071289
vt 0.625977 0.069878
vt 0.629792 0.069878
vt 0.629792 0.071289
vt 0.44043 0.071289
vt 0.44043 0.069878
vt 0.444245 0.069878
vt 0.444245 0.071289
vt 0.401367 0.071289
vt 0.401367 0.069878
vt 0.405183 0.069878
vt 0.405183 0.071289
vt 0.639558 0.069878
vt 0.639558 0.071289
vt 0.635742 0.071289
vt 0.635742 0.069878
vt 0.649323 0.069878
vt 0.649323 0.071289
vt 0.645508 0.071289
vt 0.645508 0.069878
vt 0.659089 0.069878
vt 0.659089 0.071289
vt 0.655273 0.071289
vt 0.655273 0.069878
vt 0.180573 0.069878
vt 0.180573 0.071289
vt 0.176758 0.071289
vt 0.176758 0.069878
vt 0.290039 0.13388
vt 0.299058 0.13388
vt 0.299058 0.137695
vt 0.290039 0.137695
vt 0.590165 0.088239
vt 0.588772 0.0884
vt 0.588494 0.087198
vt 0.591025 0.086906
vt 0.588772 0.0884
vt 0.587449 0.088867
vt 0.586914 0.087756
vt 0.588494 0.087198
vt 0.433691 0.116214
vt 0.432586 0.117077
vt 0.431722 0.116195
vt 0.433043 0.115164
vt 0.432586 0.117077
vt 0.4317 0.118164
vt 0.430664 0.117494
vt 0.431722 0.116195
vt 0.990363 0.071289
vt 0.988969 0.071132
vt 0.988969 0.069898
vt 0.990634 0.070086
vt 0.988969 0.071132
vt 0.987576 0.071289
vt 0.987305 0.070086
vt 0.988969 0.069898
vt 0.412169 0.115164
vt 0.413054 0.116252
vt 0.412191 0.117133
vt 0.411133 0.115834
vt 0.413054 0.116252
vt 0.41416 0.117114
vt 0.413512 0.118164
vt 0.412191 0.117133
vt 0.353074 0.086906
vt 0.354397 0.087373
vt 0.354119 0.088575
vt 0.352539 0.088017
vt 0.354397 0.087373
vt 0.35579 0.087533
vt 0.35665 0.088867
vt 0.354119 0.088575
vt 0.320351 0.046625
vt 0.32937 0.046625
vt 0.330385 0.047852
vt 0.319336 0.047852
vt 0.143801 0.5626
vt 0.150672 0.556277
vt 0.182623 0.556277
vt 0.139264 0.570983
vt 0.143801 0.5626
vt 0.182623 0.556277
vt 0.139264 0.589786
vt 0.137695 0.580384
vt 0.139264 0.570983
vt 0.143801 0.598168
vt 0.139264 0.589786
vt 0.139264 0.570983
vt 0.150672 0.604492
vt 0.143801 0.598168
vt 0.139264 0.570983
vt 0.153119 0.59452
vt 0.158149 0.59452
vt 0.150672 0.604492
vt 0.153119 0.59452
vt 0.150672 0.604492
vt 0.139264 0.570983
vt 0.153119 0.57839
vt 0.153119 0.59452
vt 0.139264 0.570983
vt 0.158149 0.57839
vt 0.153119 0.57839
vt 0.139264 0.570983
vt 0.161123 0.569805
vt 0.158149 0.57839
vt 0.139264 0.570983
vt 0.161524 0.567273
vt 0.161123 0.569805
vt 0.139264 0.570983
vt 0.162289 0.565771
vt 0.161524 0.567273
vt 0.139264 0.570983
vt 0.163481 0.564579
vt 0.162289 0.565771
vt 0.139264 0.570983
vt 0.164983 0.563814
vt 0.163481 0.564579
vt 0.139264 0.570983
vt 0.164983 0.563814
vt 0.139264 0.570983
vt 0.182623 0.556277
vt 0.166647 0.56355
vt 0.164983 0.563814
vt 0.182623 0.556277
vt 0.168312 0.563814
vt 0.166647 0.56355
vt 0.182623 0.556277
vt 0.169814 0.564579
vt 0.168312 0.563814
vt 0.182623 0.556277
vt 0.171006 0.565771
vt 0.169814 0.564579
vt 0.182623 0.556277
vt 0.171771 0.567273
vt 0.171006 0.565771
vt 0.182623 0.556277
vt 0.172172 0.569805
vt 0.171771 0.567273
vt 0.182623 0.556277
vt 0.158149 0.57839
vt 0.161123 0.569805
vt 0.172172 0.569805
vt 0.158149 0.59452
vt 0.158149 0.57839
vt 0.172172 0.569805
vt 0.158149 0.59452
vt 0.172172 0.569805
vt 0.182623 0.556277
vt 0.182623 0.604492
vt 0.150672 0.604492
vt 0.158149 0.59452
vt 0.189494 0.598168
vt 0.182623 0.604492
vt 0.158149 0.59452
vt 0.180176 0.593219
vt 0.189494 0.598168
vt 0.158149 0.59452
vt 0.175146 0.593219
vt 0.180176 0.593219
vt 0.158149 0.59452
vt 0.175146 0.579691
vt 0.175146 0.593219
vt 0.158149 0.59452
vt 0.175146 0.579691
vt 0.158149 0.59452
vt 0.182623 0.556277
vt 0.180176 0.579691
vt 0.175146 0.579691
vt 0.182623 0.556277
vt 0.180176 0.593219
vt 0.180176 0.579691
vt 0.182623 0.556277
vt 0.189494 0.598168
vt 0.180176 0.593219
vt 0.182623 0.556277
vt 0.194031 0.589786
vt 0.189494 0.598168
vt 0.182623 0.556277
vt 0.195599 0.580384
vt 0.194031 0.589786
vt 0.182623 0.556277
vt 0.194031 0.570983
vt 0.195599 0.580384
vt 0.182623 0.556277
vt 0.182623 0.556277
vt 0.189494 0.5626
vt 0.194031 0.570983
vt 0.408484 0.556277
vt 0.440436 0.556277
vt 0.447306 0.5626
vt 0.408484 0.556277
vt 0.447306 0.5626
vt 0.451843 0.570983
vt 0.451843 0.570983
vt 0.453412 0.580384
vt 0.451843 0.589786
vt 0.451843 0.570983
vt 0.451843 0.589786
vt 0.447306 0.598168
vt 0.451843 0.570983
vt 0.447306 0.598168
vt 0.440436 0.604492
vt 0.440436 0.604492
vt 0.432958 0.59452
vt 0.437988 0.59452
vt 0.451843 0.570983
vt 0.440436 0.604492
vt 0.437988 0.59452
vt 0.451843 0.570983
vt 0.437988 0.59452
vt 0.437988 0.57839
vt 0.451843 0.570983
vt 0.437988 0.57839
vt 0.432958 0.57839
vt 0.451843 0.570983
vt 0.432958 0.57839
vt 0.429985 0.569805
vt 0.451843 0.570983
vt 0.429985 0.569805
vt 0.429584 0.567273
vt 0.451843 0.570983
vt 0.429584 0.567273
vt 0.428818 0.565771
vt 0.451843 0.570983
vt 0.428818 0.565771
vt 0.427627 0.564579
vt 0.451843 0.570983
vt 0.427627 0.564579
vt 0.426125 0.563814
vt 0.408484 0.556277
vt 0.451843 0.570983
vt 0.426125 0.563814
vt 0.408484 0.556277
vt 0.426125 0.563814
vt 0.42446 0.56355
vt 0.408484 0.556277
vt 0.42446 0.56355
vt 0.422795 0.563814
vt 0.408484 0.556277
vt 0.422795 0.563814
vt 0.421293 0.564579
vt 0.408484 0.556277
vt 0.421293 0.564579
vt 0.420101 0.565771
vt 0.408484 0.556277
vt 0.420101 0.565771
vt 0.419336 0.567273
vt 0.408484 0.556277
vt 0.419336 0.567273
vt 0.418935 0.569805
vt 0.418935 0.569805
vt 0.429985 0.569805
vt 0.432958 0.57839
vt 0.418935 0.569805
vt 0.432958 0.57839
vt 0.432958 0.59452
vt 0.408484 0.556277
vt 0.418935 0.569805
vt 0.432958 0.59452
vt 0.432958 0.59452
vt 0.440436 0.604492
vt 0.408484 0.604492
vt 0.432958 0.59452
vt 0.408484 0.604492
vt 0.401614 0.598168
vt 0.432958 0.59452
vt 0.401614 0.598168
vt 0.410932 0.593219
vt 0.432958 0.59452
vt 0.410932 0.593219
vt 0.415961 0.593219
vt 0.432958 0.59452
vt 0.415961 0.593219
vt 0.415961 0.579691
vt 0.408484 0.556277
vt 0.432958 0.59452
vt 0.415961 0.579691
vt 0.408484 0.556277
vt 0.415961 0.579691
vt 0.410932 0.579691
vt 0.408484 0.556277
vt 0.410932 0.579691
vt 0.410932 0.593219
vt 0.408484 0.556277
vt 0.410932 0.593219
vt 0.401614 0.598168
vt 0.408484 0.556277
vt 0.401614 0.598168
vt 0.397077 0.589786
vt 0.408484 0.556277
vt 0.397077 0.589786
vt 0.395508 0.580384
vt 0.408484 0.556277
vt 0.395508 0.580384
vt 0.397077 0.570983
vt 0.397077 0.570983
vt 0.401614 0.5626
vt 0.408484 0.556277
vn -0.11221 -0.72419 -0.68041
vn -0.554501 -0.711946 -0.430885
vn -0.664179 -0.711946 -0.228032
vn -0.702234 -0.711946 0
vn -0.664179 -0.711946 0.228032
vn -0.554501 -0.711946 0.430885
vn -0.11221 -0.72419 0.68041
vn 0.11221 -0.72419 0.68041
vn 0.554501 -0.711946 0.430885
vn 0.664179 -0.711946 0.228032
vn 0.702234 -0.711946 0
vn 0.664179 -0.711946 -0.228032
vn 0.554501 -0.711946 -0.430885
vn 0.11221 -0.72419 -0.68041
vn -0.677234 0 -0.735768
vn -0.789108 0 -0.614254
vn -0.945809 0 -0.324724
vn -1 0 0
vn -0.945809 0 0.324724
vn -0.789108 0 0.614254
vn -0.677234 0 0.735768
vn 0 0 1
vn 0.677234 0 0.735768
vn 0.789108 0 0.614254
vn 0.945809 0 0.324724
vn 1 0 0
vn 0.945809 0 -0.324724
vn 0.789108 0 -0.614254
vn 0.677234 0 -0.735768
vn 0 0 -1
vn -0.11221 0.72419 -0.68041
vn -0.554501 0.711946 -0.430885
vn -0.664179 0.711946 -0.228032
vn -0.702234 0.711946 0
vn -0.664179 0.711946 0.228032
vn -0.554501 0.711946 0.430885
vn -0.11221 0.72419 0.68041
vn 0.11221 0.72419 0.68041
vn 0.554501 0.711946 0.430885
vn 0.664179 0.711946 0.228032
vn 0.702234 0.711946 0
vn 0.664179 0.711946 -0.228032
vn 0.554501 0.711946 -0.430885
vn 0.11221 0.72419 -0.68041
vn 0 -0.707107 -0.707107
vn 0.707107 -0.707107 0
vn 0 -0.707107 0.707107
vn -0.707107 -0.707107 0
vn 0 0.707107 -0.707107
vn 0.707107 0.707107 0
vn 0 0.707107 0.707107
vn -0.707107 0.707107 0
vn 0.698401 -0.707107 0.110616
vn 0.672527 -0.711405 0.203987
vn 0.568507 -0.711473 0.413045
vn 0.413045 -0.711473 0.568507
vn 0.21715 -0.711473 0.66832
vn 0 -0.711473 0.702714
vn -0.21715 -0.711473 0.66832
vn -0.413045 -0.711473 0.568507
vn -0.568507 -0.711473 0.413045
vn -0.672527 -0.711405 0.203987
vn -0.698401 -0.707107 0.110616
vn 0.987688 0 0.156434
vn 0.951057 0 0.309017
vn 0.809017 0 0.587785
vn 0.587785 0 0.809017
vn 0.309017 0 0.951057
vn -0.309017 0 0.951057
vn -0.587785 0 0.809017
vn -0.809017 0 0.587785
vn -0.951057 0 0.309017
vn -0.987688 0 0.156434
vn 0.698401 0.707107 0.110616
vn 0.672527 0.711405 0.203987
vn 0.568507 0.711473 0.413045
vn 0.413045 0.711473 0.568507
vn 0.21715 0.711473 0.66832
vn 0 0.711473 0.702714
vn -0.21715 0.711473 0.66832
vn -0.413045 0.711473 0.568507
vn -0.568507 0.711473 0.413045
vn -0.672527 0.711405 0.203987
vn -0.698401 0.707107 0.110616
vn 0 -1 0
vn 0 1 0
f 295/895/137 296/896/138 310/897/138 309/898/137
f 296/899/138 297/900/139 311/901/139 310/902/138
f 297/903/139 298/904/140 312/905/140 311/906/139
f 298/907/140 299/908/141 313/909/141 312/910/140
f 299/911/141 300/912/142 314/913/142 313/914/141
f 300/915/142 301/916/143 315/917/143 314/918/142
f 301/919/143 302/920/144 316/921/144 315/922/143
f 302/923/144 303/924/145 317/925/145 316/926/144
f 303/927/145 304/928/146 318/929/146 317/930/145
f 304/931/146 305/932/147 319/933/147 318/934/146
f 305/935/147 306/936/148 320/937/148 319/938/147
f 306/939/148 307/940/149 321/941/149 320/942/148
f 307/943/149 308/944/150 322/945/150 321/946/149
f 308/947/150 295/948/137 309/949/137 322/950/150
f 309/951/151 310/952/152 324/953/152 323/954/151
f 310/955/152 311/956/153 325/957/153 324/958/152
f 311/959/153 312/960/154 326/961/154 325/962/153
f 312/963/154 313/964/155 327/965/155 326/966/154
f 313/967/155 314/968/156 328/969/156 327/970/155
f 314/971/156 315/972/157 329/973/157 328/974/156
f 315/975/158 316/976/158 330/977/158 329/978/158
f 316/979/159 317/980/160 331/981/160 330/982/159
f 317/983/160 318/984/161 332/985/161 331/986/160
f 318/987/161 319/988/162 333/989/162 332/990/161
f 319/991/162 320/992/163 334/993/163 333/994/162
f 320/995/163 321/996/164 335/997/164 334/998/163
f 321/999/164 322/1000/165 336/1001/165 335/1002/164
f 322/1003/166 309/1004/166 323/1005/166 336/1006/166
f 323/1007/167 324/1008/168 338/1009/168 337/1010/167
f 324/1011/168 325/1012/169 339/1013/169 338/1014/168
f 325/1015/169 326/1016/170 340/1017/170 339/1018/169
f 326/1019/170 327/1020/171 341/1021/171 340/1022/170
f 327/1023/171 328/1024/172 342/1025/172 341/1026/171
f 328/1027/172 329/1028/173 343/1029/173 342/1030/172
f 329/1031/173 330/1032/174 344/1033/174 343/1034/173
f 330/1035/174 331/1036/175 345/1037/175 344/1038/174
f 331/1039/175 332/1040/176 346/1041/176 345/1042/175
f 332/1043/176 333/1044/177 347/1045/177 346/1046/176
f 333/1047/177 334/1048/178 348/1049/178 347/1050/177
f 334/1051/178 335/1052/179 349/1053/179 348/1054/178
f 335/1055/179 336/1056/180 350/1057/180 349/1058/179
f 336/1059/180 323/1060/167 337/1061/167 350/1062/180
f 351/1063/181 352/1064/181 356/1065/181 355/1066/181
f 352/1067/182 353/1068/182 357/1069/182 356/1070/182
f 353/1071/183 354/1072/183 358/1073/183 357/1074/183
f 354/1075/184 351/1076/184 355/1077/184 358/1078/184
f 355/1079/166 356/1080/166 360/1081/166 359/1082/166
f 356/1083/162 357/1084/162 361/1085/162 360/1086/162
f 357/1087/158 358/1088/158 362/1089/158 361/1090/158
f 358/1091/154 355/1092/154 359/1093/154 362/1094/154
f 359/1095/185 360/1096/185 364/1097/185 363/1098/185
f 360/1099/186 361/1100/186 365/1101/186 364/1102/186
f 361/1103/187 362/1104/187 366/1105/187 365/1106/187
f 362/1107/188 359/1108/188 363/1109/188 366/1110/188
f 367/1111/181 368/1112/181 372/1113/181 371/1114/181
f 368/1115/182 369/1116/182 373/1117/182 372/1118/182
f 369/1119/183 370/1120/183 374/1121/183 373/1122/183
f 370/1123/184 367/1124/184 371/1125/184 374/1126/184
f 371/1127/166 372/1128/166 376/1129/166 375/1130/166
f 372/1131/162 373/1132/162 377/1133/162 376/1134/162
f 373/1135/158 374/1136/158 378/1137/158 377/1138/158
f 374/1139/154 371/1140/154 375/1141/154 378/1142/154
f 375/1143/185 376/1144/185 380/1145/185 379/1146/185
f 376/1147/186 377/1148/186 381/1149/186 380/1150/186
f 377/1151/187 378/1152/187 382/1153/187 381/1154/187
f 378/1155/188 375/1156/188 379/1157/188 382/1158/188
f 383/1159/189 384/1160/190 395/1161/190 394/1162/189
f 384/1163/190 385/1164/191 396/1165/191 395/1166/190
f 385/1167/191 386/1168/192 397/1169/192 396/1170/191
f 386/1171/192 387/1172/193 398/1173/193 397/1174/192
f 387/1175/193 388/1176/194 399/1177/194 398/1178/193
f 388/1179/194 389/1180/195 400/1181/195 399/1182/194
f 389/1183/195 390/1184/196 401/1185/196 400/1186/195
f 390/1187/196 391/1188/197 402/1189/197 401/1190/196
f 391/1191/197 392/1192/198 403/1193/198 402/1194/197
f 392/1195/198 393/1196/199 404/1197/199 403/1198/198
f 393/1199/181 383/1200/181 394/1201/181 404/1202/181
f 394/1203/200 395/1204/201 406/1205/201 405/1206/200
f 395/1207/201 396/1208/202 407/1209/202 406/1210/201
f 396/1211/202 397/1212/203 408/1213/203 407/1214/202
f 397/1215/203 398/1216/204 409/1217/204 408/1218/203
f 398/1219/204 399/1220/158 410/1221/158 409/1222/204
f 399/1223/158 400/1224/205 411/1225/205 410/1226/158
f 400/1227/205 401/1228/206 412/1229/206 411/1230/205
f 401/1231/206 402/1232/207 413/1233/207 412/1234/206
f 402/1235/207 403/1236/208 414/1237/208 413/1238/207
f 403/1239/208 404/1240/209 415/1241/209 414/1242/208
f 404/1243/166 394/1244/166 405/1245/166 415/1246/166
f 405/1247/210 406/1248/211 417/1249/211 416/1250/210
f 406/1251/211 407/1252/212 418/1253/212 417/1254/211
f 407/1255/212 408/1256/213 419/1257/213 418/1258/212
f 408/1259/213 409/1260/214 420/1261/214 419/1262/213
f 409/1263/214 410/1264/215 421/1265/215 420/1266/214
f 410/1267/215 411/1268/216 422/1269/216 421/1270/215
f 411/1271/216 412/1272/217 423/1273/217 422/1274/216
f 412/1275/217 413/1276/218 424/1277/218 423/1278/217
f 413/1279/218 414/1280/219 425/1281/219 424/1282/218
f 414/1283/219 415/1284/220 426/1285/220 425/1286/219
f 415/1287/185 405/1288/185 416/1289/185 426/1290/185
f 428/1291/221 427/1292/221 440/1293/221
f 429/1294/221 428/1295/221 440/1296/221
f 431/1297/221 430/1298/221 429/1299/221
f 432/1300/221 431/1301/221 429/1302/221
f 433/1303/221 432/1304/221 429/1305/221
f 442/1306/221 441/1307/221 433/1308/221
f 442/1309/221 433/1310/221 429/1311/221
f 443/1312/221 442/1313/221 429/1314/221
f 444/1315/221 443/1316/221 429/1317/221
f 449/1318/221 444/1319/221 429/1320/221
f 450/1321/221 449/1322/221 429/1323/221
f 451/1324/221 450/1325/221 429/1326/221
f 452/1327/221 451/1328/221 429/1329/221
f 453/1330/221 452/1331/221 429/1332/221
f 453/1333/221 429/1334/221 440/1335/221
f 454/1336/221 453/1337/221 440/1338/221
f 455/1339/221 454/1340/221 440/1341/221
f 456/1342/221 455/1343/221 440/1344/221
f 457/1345/221 456/1346/221 440/1347/221
f 458/1348/221 457/1349/221 440/1350/221
f 459/1351/221 458/1352/221 440/1353/221
f 444/1354/221 449/1355/221 459/1356/221
f 441/1357/221 444/1358/221 459/1359/221
f 441/1360/221 459/1361/221 440/1362/221
f 434/1363/221 433/1364/221 441/1365/221
f 435/1366/221 434/1367/221 441/1368/221
f 445/1369/221 435/1370/221 441/1371/221
f 446/1372/221 445/1373/221 441/1374/221
f 447/1375/221 446/1376/221 441/1377/221
f 447/1378/221 441/1379/221 440/1380/221
f 448/1381/221 447/1382/221 440/1383/221
f 445/1384/221 448/1385/221 440/1386/221
f 435/1387/221 445/1388/221 440/1389/221
f 436/1390/221 435/1391/221 440/1392/221
f 437/1393/221 436/1394/221 440/1395/221
f 438/1396/221 437/1397/221 440/1398/221
f 440/1399/221 439/1400/221 438/1401/221
f 473/1402/222 460/1403/222 461/1404/222
f 473/1405/222 461/1406/222 462/1407/222
f 462/1408/222 463/1409/222 464/1410/222
f 462/1411/222 464/1412/222 465/1413/222
f 462/1414/222 465/1415/222 466/1416/222
f 466/1417/222 474/1418/222 475/1419/222
f 462/1420/222 466/1421/222 475/1422/222
f 462/1423/222 475/1424/222 476/1425/222
f 462/1426/222 476/1427/222 477/1428/222
f 462/1429/222 477/1430/222 482/1431/222
f 462/1432/222 482/1433/222 483/1434/222
f 462/1435/222 483/1436/222 484/1437/222
f 462/1438/222 484/1439/222 485/1440/222
f 462/1441/222 485/1442/222 486/1443/222
f 473/1444/222 462/1445/222 486/1446/222
f 473/1447/222 486/1448/222 487/1449/222
f 473/1450/222 487/1451/222 488/1452/222
f 473/1453/222 488/1454/222 489/1455/222
f 473/1456/222 489/1457/222 490/1458/222
f 473/1459/222 490/1460/222 491/1461/222
f 473/1462/222 491/1463/222 492/1464/222
f 492/1465/222 482/1466/222 477/1467/222
f 492/1468/222 477/1469/222 474/1470/222
f 473/1471/222 492/1472/222 474/1473/222
f 474/1474/222 466/1475/222 467/1476/222
f 474/1477/222 467/1478/222 468/1479/222
f 474/1480/222 468/1481/222 478/1482/222
f 474/1483/222 478/1484/222 479/1485/222
f 474/1486/222 479/1487/222 480/1488/222
f 473/1489/222 474/1490/222 480/1491/222
f 473/1492/222 480/1493/222 481/1494/222
f 473/1495/222 481/1496/222 478/1497/222
f 473/1498/222 478/1499/222 468/1500/222
f 473/1501/222 468/1502/222 469/1503/222
f 473/1504/222 469/1505/222 470/1506/222
f 473/1507/222 470/1508/222 471/1509/222
f 471/1510/222 472/1511/222 473/1512/222
o strip6_face_a2
usemtl strip
v 0.558183 0.0525 0.44315
v 0.552241 0.0525 0.448619
v 0.548317 0.0525 0.455869
v 0.54696 0.0525 0.464
v 0.548317 0.0525 0.472131
v 0.552241 0.0525 0.479381
v 0.558183 0.0525 0.48485
v 0.585817 0.0525 0.48485
v 0.591759 0.0525 0.479381
v 0.595683 0.0525 0.472131
v 0.59704 0.0525 0.464
v 0.595683 0.0525 0.455869
v 0.591759 0.0525 0.448619
v 0.585817 0.0525 0.44315
v 0.55789 0.05325 0.4424
v 0.551641 0.05325 0.448152
v 0.547598 0.05325 0.455622
v 0.5462 0.05325 0.464
v 0.547598 0.05325 0.472378
v 0.551641 0.05325 0.479848
v 0.55789 0.05325 0.4856
v 0.58611 0.05325 0.4856
v 0.592359 0.05325 0.479848
v 0.596402 0.05325 0.472378
v 0.5978 0.05325 0.464
v 0.596402 0.05325 0.455622
v 0.592359 0.05325 0.448152
v 0.58611 0.05325 0.4424
v 0.55789 0.05655 0.4424
v 0.551641 0.05655 0.448152
v 0.547598 0.05655 0.455622
v 0.5462 0.05655 0.464
v 0.547598 0.05655 0.472378
v 0.551641 0.05655 0.479848
v 0.55789 0.05655 0.4856
v 0.58611 0.05655 0.4856
v 0.592359 0.05655 0.479848
v 0.596402 0.05655 0.472378
v 0.5978 0.05655 0.464
v 0.596402 0.05655 0.455622
v 0.592359 0.05655 0.448152
v 0.58611 0.05655 0.4424
v 0.558183 0.0573 0.44315
v 0.552241 0.0573 0.448619
v 0.548317 0.0573 0.455869
v 0.54696 0.0573 0.464
v 0.548317 0.0573 0.472131
v 0.552241 0.0573 0.479381
v 0.558183 0.0573 0.48485
v 0.585817 0.0573 0.48485
v 0.591759 0.0573 0.479381
v 0.595683 0.0573 0.472131
v 0.59704 0.0573 0.464
v 0.595683 0.0573 0.455869
v 0.591759 0.0573 0.448619
v 0.585817 0.0573 0.44315
v 0.56465 0.0525 0.476225
v 0.5603 0.0525 0.476225
v 0.5603 0.0525 0.462275
v 0.56465 0.0525 0.462275
v 0.5639 0.05325 0.475475
v 0.56105 0.05325 0.475475
v 0.56105 0.05325 0.463025
v 0.5639 0.05325 0.463025
v 0.5639 0.05655 0.475475
v 0.56105 0.05655 0.475475
v 0.56105 0.05655 0.463025
v 0.5639 0.05655 0.463025
v 0.56465 0.0573 0.476225
v 0.5603 0.0573 0.476225
v 0.5603 0.0573 0.462275
v 0.56465 0.0573 0.462275
v 0.5837 0.0525 0.4751
v 0.57935 0.0525 0.4751
v 0.57935 0.0525 0.4634
v 0.5837 0.0525 0.4634
v 0.58295 0.05325 0.47435
v 0.5801 0.05325 0.47435
v 0.5801 0.05325 0.46415
v 0.58295 0.05325 0.46415
v 0.58295 0.05655 0.47435
v 0.5801 0.05655 0.47435
v 0.5801 0.05655 0.46415
v 0.58295 0.05655 0.46415
v 0.5837 0.0573 0.4751
v 0.57935 0.0573 0.4751
v 0.57935 0.0573 0.4634
v 0.5837 0.0573 0.4634
v 0.567222 0.0525 0.45485
v 0.567569 0.0525 0.45266
v 0.568231 0.0525 0.451361
v 0.569261 0.0525 0.450331
v 0.57056 0.0525 0.449669
v 0.572 0.0525 0.449441
v 0.57344 0.0525 0.449669
v 0.574739 0.0525 0.450331
v 0.575769 0.0525 0.451361
v 0.576431 0.0525 0.45266
v 0.576778 0.0525 0.45485
v 0.5681 0.05325 0.4541
v 0.568291 0.05325 0.452895
v 0.568845 0.05325 0.451808
v 0.569708 0.05325 0.450945
v 0.570795 0.05325 0.450391
v 0.572 0.05325 0.4502
v 0.573205 0.05325 0.450391
v 0.574292 0.05325 0.450945
v 0.575155 0.05325 0.451808
v 0.575709 0.05325 0.452895
v 0.5759 0.05325 0.4541
v 0.5681 0.05655 0.4541
v 0.568291 0.05655 0.452895
v 0.568845 0.05655 0.451808
v 0.569708 0.05655 0.450945
v 0.570795 0.05655 0.450391
v 0.572 0.05655 0.4502
v 0.573205 0.05655 0.450391
v 0.574292 0.05655 0.450945
v 0.575155 0.05655 0.451808
v 0.575709 0.05655 0.452895
v 0.5759 0.05655 0.4541
v 0.567222 0.0573 0.45485
v 0.567569 0.0573 0.45266
v 0.568231 0.0573 0.451361
v 0.569261 0.0573 0.450331
v 0.57056 0.0573 0.449669
v 0.572 0.0573 0.449441
v 0.57344 0.0573 0.449669
v 0.574739 0.0573 0.450331
v 0.575769 0.0573 0.451361
v 0.576431 0.0573 0.45266
v 0.576778 0.0573 0.45485
v 0.558183 0.0525 0.44315
v 0.552241 0.0525 0.448619
v 0.548317 0.0525 0.455869
v 0.54696 0.0525 0.464
v 0.548317 0.0525 0.472131
v 0.552241 0.0525 0.479381
v 0.558183 0.0525 0.48485
v 0.585817 0.0525 0.48485
v 0.591759 0.0525 0.479381
v 0.595683 0.0525 0.472131
v 0.59704 0.0525 0.464
v 0.595683 0.0525 0.455869
v 0.591759 0.0525 0.448619
v 0.585817 0.0525 0.44315
v 0.56465 0.0525 0.476225
v 0.5603 0.0525 0.476225
v 0.5603 0.0525 0.462275
v 0.56465 0.0525 0.462275
v 0.5837 0.0525 0.4751
v 0.57935 0.0525 0.4751
v 0.57935 0.0525 0.4634
v 0.5837 0.0525 0.4634
v 0.567222 0.0525 0.45485
v 0.567569 0.0525 0.45266
v 0.568231 0.0525 0.451361
v 0.569261 0.0525 0.450331
v 0.57056 0.0525 0.449669
v 0.572 0.0525 0.449441
v 0.57344 0.0525 0.449669
v 0.574739 0.0525 0.450331
v 0.575769 0.0525 0.451361
v 0.576431 0.0525 0.45266
v 0.576778 0.0525 0.45485
v 0.558183 0.0573 0.44315
v 0.552241 0.0573 0.448619
v 0.548317 0.0573 0.455869
v 0.54696 0.0573 0.464
v 0.548317 0.0573 0.472131
v 0.552241 0.0573 0.479381
v 0.558183 0.0573 0.48485
v 0.585817 0.0573 0.48485
v 0.591759 0.0573 0.479381
v 0.595683 0.0573 0.472131
v 0.59704 0.0573 0.464
v 0.595683 0.0573 0.455869
v 0.591759 0.0573 0.448619
v 0.585817 0.0573 0.44315
v 0.56465 0.0573 0.476225
v 0.5603 0.0573 0.476225
v 0.5603 0.0573 0.462275
v 0.56465 0.0573 0.462275
v 0.5837 0.0573 0.4751
v 0.57935 0.0573 0.4751
v 0.57935 0.0573 0.4634
v 0.5837 0.0573 0.4634
v 0.567222 0.0573 0.45485
v 0.567569 0.0573 0.45266
v 0.568231 0.0573 0.451361
v 0.569261 0.0573 0.450331
v 0.57056 0.0573 0.449669
v 0.572 0.0573 0.449441
v 0.57344 0.0573 0.449669
v 0.574739 0.0573 0.450331
v 0.575769 0.0573 0.451361
v 0.576431 0.0573 0.45266
v 0.576778 0.0573 0.45485
vt 0.732433 0.217348
vt 0.739959 0.22277
vt 0.73936 0.22385
vt 0.731445 0.218148
vt 0.739959 0.22277
vt 0.748723 0.22635
vt 0.748391 0.227539
vt 0.73936 0.22385
vt 0.030559 0.086515
vt 0.03996 0.087632
vt 0.03996 0.088867
vt 0.030273 0.087716
vt 0.03996 0.087632
vt 0.049362 0.086515
vt 0.049647 0.087716
vt 0.03996 0.088867
vt 0.145508 0.22635
vt 0.154272 0.22277
vt 0.154871 0.22385
vt 0.14584 0.227539
vt 0.154272 0.22277
vt 0.161798 0.217348
vt 0.162786 0.218148
vt 0.154871 0.22385
vt 0.470065 0.054438
vt 0.502017 0.054438
vt 0.502355 0.055664
vt 0.469727 0.055664
vt 0.278985 0.227539
vt 0.27146 0.222117
vt 0.272058 0.221037
vt 0.279973 0.226739
vt 0.27146 0.222117
vt 0.262695 0.218537
vt 0.263028 0.217348
vt 0.272058 0.221037
vt 0.412643 0.098633
vt 0.403242 0.097516
vt 0.403242 0.096281
vt 0.412929 0.097432
vt 0.403242 0.097516
vt 0.39384 0.098633
vt 0.393555 0.097432
vt 0.403242 0.096281
vt 0.139348 0.200959
vt 0.130584 0.204539
vt 0.129985 0.203459
vt 0.139016 0.19977
vt 0.130584 0.204539
vt 0.123058 0.209961
vt 0.12207 0.209161
vt 0.129985 0.203459
vt 0.62311 0.063477
vt 0.591159 0.063477
vt 0.59082 0.06225
vt 0.623449 0.06225
vt 0.49707 0.143645
vt 0.506891 0.143645
vt 0.506891 0.147461
vt 0.49707 0.147461
vt 0.856445 0.153411
vt 0.866266 0.153411
vt 0.866266 0.157227
vt 0.856445 0.157227
vt 0.848633 0.143645
vt 0.858454 0.143645
vt 0.858454 0.147461
vt 0.848633 0.147461
vt 0.198242 0.143645
vt 0.208063 0.143645
vt 0.208063 0.147461
vt 0.198242 0.147461
vt 0.795898 0.143645
vt 0.805719 0.143645
vt 0.805719 0.147461
vt 0.795898 0.147461
vt 0.21582 0.143645
vt 0.225641 0.143645
vt 0.225641 0.147461
vt 0.21582 0.147461
vt 0.950195 0.174895
vt 0.982824 0.174895
vt 0.982824 0.178711
vt 0.950195 0.178711
vt 0.524469 0.147461
vt 0.514648 0.147461
vt 0.514648 0.143645
vt 0.524469 0.143645
vt 0.883844 0.157227
vt 0.874023 0.157227
vt 0.874023 0.153411
vt 0.883844 0.153411
vt 0.901422 0.157227
vt 0.891602 0.157227
vt 0.891602 0.153411
vt 0.901422 0.153411
vt 0.620172 0.157227
vt 0.610352 0.157227
vt 0.610352 0.153411
vt 0.620172 0.153411
vt 0.04986 0.137695
vt 0.040039 0.137695
vt 0.040039 0.13388
vt 0.04986 0.13388
vt 0.286188 0.157227
vt 0.276367 0.157227
vt 0.276367 0.153411
vt 0.286188 0.153411
vt 0.004883 0.163177
vt 0.037511 0.163177
vt 0.037511 0.166992
vt 0.004883 0.166992
vt 0.450195 0.226739
vt 0.45811 0.221037
vt 0.458709 0.222117
vt 0.451183 0.227539
vt 0.45811 0.221037
vt 0.467141 0.217348
vt 0.467473 0.218537
vt 0.458709 0.222117
vt 0.774414 0.097432
vt 0.784101 0.096281
vt 0.784101 0.097516
vt 0.7747 0.098633
vt 0.784101 0.096281
vt 0.793788 0.097432
vt 0.793502 0.098633
vt 0.784101 0.097516
vt 0.544278 0.217348
vt 0.553308 0.221037
vt 0.55271 0.222117
vt 0.543945 0.218537
vt 0.553308 0.221037
vt 0.561223 0.226739
vt 0.560235 0.227539
vt 0.55271 0.222117
vt 0.963292 0.047852
vt 0.930664 0.047852
vt 0.931002 0.046625
vt 0.962954 0.046625
vt 0.303411 0.20057
vt 0.295496 0.206272
vt 0.294897 0.205192
vt 0.302423 0.19977
vt 0.295496 0.206272
vt 0.286465 0.209961
vt 0.286133 0.208772
vt 0.294897 0.205192
vt 0.920741 0.097482
vt 0.911054 0.098633
vt 0.911054 0.097398
vt 0.920456 0.096281
vt 0.911054 0.098633
vt 0.901367 0.097482
vt 0.901653 0.096281
vt 0.911054 0.097398
vt 0.865578 0.227539
vt 0.856548 0.22385
vt 0.857146 0.22277
vt 0.865911 0.22635
vt 0.856548 0.22385
vt 0.848633 0.218148
vt 0.849621 0.217348
vt 0.857146 0.22277
vt 0.161133 0.038813
vt 0.193761 0.038813
vt 0.193423 0.040039
vt 0.161471 0.040039
vt 0.291162 0.055664
vt 0.286133 0.055664
vt 0.287 0.054438
vt 0.290295 0.054438
vt 0.966325 0.063477
vt 0.950195 0.063477
vt 0.951063 0.06225
vt 0.965458 0.06225
vt 0.508789 0.054438
vt 0.513819 0.054438
vt 0.512952 0.055664
vt 0.509656 0.055664
vt 0.973633 0.06225
vt 0.989762 0.06225
vt 0.988895 0.063477
vt 0.9745 0.063477
vt 0.786133 0.12793
vt 0.786133 0.124634
vt 0.789948 0.124634
vt 0.789948 0.12793
vt 0.613028 0.166992
vt 0.598633 0.166992
vt 0.598633 0.163177
vt 0.613028 0.163177
vt 0.795898 0.12793
vt 0.795898 0.124634
vt 0.799714 0.124634
vt 0.799714 0.12793
vt 0.620117 0.163177
vt 0.634513 0.163177
vt 0.634513 0.166992
vt 0.620117 0.166992
vt 0.775281 0.046625
vt 0.778577 0.046625
vt 0.779444 0.047852
vt 0.774414 0.047852
vt 0.574833 0.040039
vt 0.560438 0.040039
vt 0.55957 0.038813
vt 0.5757 0.038813
vt 0.49342 0.032227
vt 0.490125 0.032227
vt 0.489258 0.031
vt 0.494287 0.031
vt 0.00575 0.054438
vt 0.020145 0.054438
vt 0.021013 0.055664
vt 0.004883 0.055664
vt 0.435694 0.032227
vt 0.430664 0.032227
vt 0.431531 0.031
vt 0.434827 0.031
vt 0.90513 0.040039
vt 0.891602 0.040039
vt 0.892469 0.038813
vt 0.904262 0.038813
vt 0.442383 0.031
vt 0.447413 0.031
vt 0.446545 0.032227
vt 0.44325 0.032227
vt 0.911133 0.038813
vt 0.924661 0.038813
vt 0.923794 0.040039
vt 0.912 0.040039
vt 0.74707 0.12793
vt 0.74707 0.124634
vt 0.750886 0.124634
vt 0.750886 0.12793
vt 0.989333 0.166992
vt 0.977539 0.166992
vt 0.977539 0.163177
vt 0.989333 0.163177
vt 0.756836 0.12793
vt 0.756836 0.124634
vt 0.760652 0.124634
vt 0.760652 0.12793
vt 0.004883 0.153411
vt 0.016677 0.153411
vt 0.016677 0.157227
vt 0.004883 0.157227
vt 0.740125 0.046625
vt 0.74342 0.046625
vt 0.744287 0.047852
vt 0.739258 0.047852
vt 0.103481 0.047852
vt 0.091688 0.047852
vt 0.09082 0.046625
vt 0.104348 0.046625
vt 0.458264 0.032227
vt 0.454969 0.032227
vt 0.454102 0.031
vt 0.459131 0.031
vt 0.165906 0.054438
vt 0.1777 0.054438
vt 0.178567 0.055664
vt 0.165039 0.055664
vt 0.286338 0.088867
vt 0.283806 0.088575
vt 0.284084 0.087373
vt 0.285477 0.087533
vt 0.283806 0.088575
vt 0.282227 0.088017
vt 0.282762 0.086906
vt 0.284084 0.087373
vt 0.559996 0.118164
vt 0.558675 0.117133
vt 0.559539 0.116252
vt 0.560644 0.117114
vt 0.558675 0.117133
vt 0.557617 0.115834
vt 0.558653 0.115164
vt 0.559539 0.116252
vt 0.043945 0.062273
vt 0.04561 0.062085
vt 0.04561 0.06332
vt 0.044217 0.063477
vt 0.04561 0.062085
vt 0.047275 0.062273
vt 0.047004 0.063477
vt 0.04561 0.06332
vt 0.567383 0.117494
vt 0.568441 0.116195
vt 0.569304 0.117077
vt 0.568419 0.118164
vt 0.568441 0.116195
vt 0.569762 0.115164
vt 0.57041 0.116214
vt 0.569304 0.117077
vt 0.329102 0.087756
vt 0.330681 0.087198
vt 0.330959 0.0884
vt 0.329637 0.088867
vt 0.330681 0.087198
vt 0.333213 0.086906
vt 0.332352 0.088239
vt 0.330959 0.0884
vt 0.207339 0.032227
vt 0.196289 0.032227
vt 0.197304 0.031
vt 0.206323 0.031
vt 0.186523 0.071289
vt 0.186523 0.069878
vt 0.190339 0.069878
vt 0.190339 0.071289
vt 0.665039 0.071289
vt 0.665039 0.069878
vt 0.668855 0.069878
vt 0.668855 0.071289
vt 0.674805 0.071289
vt 0.674805 0.069878
vt 0.67862 0.069878
vt 0.67862 0.071289
vt 0.68457 0.071289
vt 0.68457 0.069878
vt 0.688386 0.069878
vt 0.688386 0.071289
vt 0.098633 0.071289
vt 0.098633 0.069878
vt 0.102448 0.069878
vt 0.102448 0.071289
vt 0.694336 0.071289
vt 0.694336 0.069878
vt 0.698152 0.069878
vt 0.698152 0.071289
vt 0.200105 0.069878
vt 0.200105 0.071289
vt 0.196289 0.071289
vt 0.196289 0.069878
vt 0.883698 0.069878
vt 0.883698 0.071289
vt 0.879883 0.071289
vt 0.879883 0.069878
vt 0.707917 0.069878
vt 0.707917 0.071289
vt 0.704102 0.071289
vt 0.704102 0.069878
vt 0.20987 0.069878
vt 0.20987 0.071289
vt 0.206055 0.071289
vt 0.206055 0.069878
vt 0.211914 0.13388
vt 0.220933 0.13388
vt 0.220933 0.137695
vt 0.211914 0.137695
vt 0.367509 0.088239
vt 0.366116 0.0884
vt 0.365838 0.087198
vt 0.368369 0.086906
vt 0.366116 0.0884
vt 0.364793 0.088867
vt 0.364258 0.087756
vt 0.365838 0.087198
vt 0.580176 0.116214
vt 0.57907 0.117077
vt 0.578207 0.116195
vt 0.579527 0.115164
vt 0.57907 0.117077
vt 0.578184 0.118164
vt 0.577148 0.117494
vt 0.578207 0.116195
vt 0.056769 0.063477
vt 0.055376 0.06332
vt 0.055376 0.062085
vt 0.057041 0.062273
vt 0.055376 0.06332
vt 0.053982 0.063477
vt 0.053711 0.062273
vt 0.055376 0.062085
vt 0.324278 0.115164
vt 0.325164 0.116252
vt 0.3243 0.117133
vt 0.323242 0.115834
vt 0.325164 0.116252
vt 0.326269 0.117114
vt 0.325621 0.118164
vt 0.3243 0.117133
vt 0.271043 0.086906
vt 0.272366 0.087373
vt 0.272088 0.088575
vt 0.270508 0.088017
vt 0.272366 0.087373
vt 0.273759 0.087533
vt 0.274619 0.088867
vt 0.272088 0.088575
vt 0.214883 0.031
vt 0.223901 0.031
vt 0.224917 0.032227
vt 0.213867 0.032227
vt 0.53052 0.5626
vt 0.53739 0.556277
vt 0.569342 0.556277
vt 0.525983 0.570983
vt 0.53052 0.5626
vt 0.569342 0.556277
vt 0.525983 0.589786
vt 0.524414 0.580384
vt 0.525983 0.570983
vt 0.53052 0.598168
vt 0.525983 0.589786
vt 0.525983 0.570983
vt 0.53739 0.604492
vt 0.53052 0.598168
vt 0.525983 0.570983
vt 0.539838 0.59452
vt 0.544868 0.59452
vt 0.53739 0.604492
vt 0.539838 0.59452
vt 0.53739 0.604492
vt 0.525983 0.570983
vt 0.539838 0.57839
vt 0.539838 0.59452
vt 0.525983 0.570983
vt 0.544868 0.57839
vt 0.539838 0.57839
vt 0.525983 0.570983
vt 0.547841 0.569805
vt 0.544868 0.57839
vt 0.525983 0.570983
vt 0.548242 0.567273
vt 0.547841 0.569805
vt 0.525983 0.570983
vt 0.549008 0.565771
vt 0.548242 0.567273
vt 0.525983 0.570983
vt 0.5502 0.564579
vt 0.549008 0.565771
vt 0.525983 0.570983
vt 0.551701 0.563814
vt 0.5502 0.564579
vt 0.525983 0.570983
vt 0.551701 0.563814
vt 0.525983 0.570983
vt 0.569342 0.556277
vt 0.553366 0.56355
vt 0.551701 0.563814
vt 0.569342 0.556277
vt 0.555031 0.563814
vt 0.553366 0.56355
vt 0.569342 0.556277
vt 0.556533 0.564579
vt 0.555031 0.563814
vt 0.569342 0.556277
vt 0.557725 0.565771
vt 0.556533 0.564579
vt 0.569342 0.556277
vt 0.55849 0.567273
vt 0.557725 0.565771
vt 0.569342 0.556277
vt 0.558891 0.569805
vt 0.55849 0.567273
vt 0.569342 0.556277
vt 0.544868 0.57839
vt 0.547841 0.569805
vt 0.558891 0.569805
vt 0.544868 0.59452
vt 0.544868 0.57839
vt 0.558891 0.569805
vt 0.544868 0.59452
vt 0.558891 0.569805
vt 0.569342 0.556277
vt 0.569342 0.604492
vt 0.53739 0.604492
vt 0.544868 0.59452
vt 0.576212 0.598168
vt 0.569342 0.604492
vt 0.544868 0.59452
vt 0.566894 0.593219
vt 0.576212 0.598168
vt 0.544868 0.59452
vt 0.561865 0.593219
vt 0.566894 0.593219
vt 0.544868 0.59452
vt 0.561865 0.579691
vt 0.561865 0.593219
vt 0.544868 0.59452
vt 0.561865 0.579691
vt 0.544868 0.59452
vt 0.569342 0.556277
vt 0.566894 0.579691
vt 0.561865 0.579691
vt 0.569342 0.556277
vt 0.566894 0.593219
vt 0.566894 0.579691
vt 0.569342 0.556277
vt 0.576212 0.598168
vt 0.566894 0.593219
vt 0.569342 0.556277
vt 0.580749 0.589786
vt 0.576212 0.598168
vt 0.569342 0.556277
vt 0.582318 0.580384
vt 0.580749 0.589786
vt 0.569342 0.556277
vt 0.580749 0.570983
vt 0.582318 0.580384
vt 0.569342 0.556277
vt 0.569342 0.556277
vt 0.576212 0.5626
vt 0.580749 0.570983
vt 0.601843 0.556277
vt 0.633795 0.556277
vt 0.640666 0.5626
vt 0.601843 0.556277
vt 0.640666 0.5626
vt 0.645202 0.570983
vt 0.645202 0.570983
vt 0.646771 0.580384
vt 0.645202 0.589786
vt 0.645202 0.570983
vt 0.645202 0.589786
vt 0.640666 0.598168
vt 0.645202 0.570983
vt 0.640666 0.598168
vt 0.633795 0.604492
vt 0.633795 0.604492
vt 0.626318 0.59452
vt 0.631347 0.59452
vt 0.645202 0.570983
vt 0.633795 0.604492
vt 0.631347 0.59452
vt 0.645202 0.570983
vt 0.631347 0.59452
vt 0.631347 0.57839
vt 0.645202 0.570983
vt 0.631347 0.57839
vt 0.626318 0.57839
vt 0.645202 0.570983
vt 0.626318 0.57839
vt 0.623344 0.569805
vt 0.645202 0.570983
vt 0.623344 0.569805
vt 0.622943 0.567273
vt 0.645202 0.570983
vt 0.622943 0.567273
vt 0.622178 0.565771
vt 0.645202 0.570983
vt 0.622178 0.565771
vt 0.620986 0.564579
vt 0.645202 0.570983
vt 0.620986 0.564579
vt 0.619484 0.563814
vt 0.601843 0.556277
vt 0.645202 0.570983
vt 0.619484 0.563814
vt 0.601843 0.556277
vt 0.619484 0.563814
vt 0.617819 0.56355
vt 0.601843 0.556277
vt 0.617819 0.56355
vt 0.616154 0.563814
vt 0.601843 0.556277
vt 0.616154 0.563814
vt 0.614653 0.564579
vt 0.601843 0.556277
vt 0.614653 0.564579
vt 0.613461 0.565771
vt 0.601843 0.556277
vt 0.613461 0.565771
vt 0.612696 0.567273
vt 0.601843 0.556277
vt 0.612696 0.567273
vt 0.612295 0.569805
vt 0.612295 0.569805
vt 0.623344 0.569805
vt 0.626318 0.57839
vt 0.612295 0.569805
vt 0.626318 0.57839
vt 0.626318 0.59452
vt 0.601843 0.556277
vt 0.612295 0.569805
vt 0.626318 0.59452
vt 0.626318 0.59452
vt 0.633795 0.604492
vt 0.601843 0.604492
vt 0.626318 0.59452
vt 0.601843 0.604492
vt 0.594973 0.598168
vt 0.626318 0.59452
vt 0.594973 0.598168
vt 0.604291 0.593219
vt 0.626318 0.59452
vt 0.604291 0.593219
vt 0.609321 0.593219
vt 0.626318 0.59452
vt 0.609321 0.593219
vt 0.609321 0.579691
vt 0.601843 0.556277
vt 0.626318 0.59452
vt 0.609321 0.579691
vt 0.601843 0.556277
vt 0.609321 0.579691
vt 0.604291 0.579691
vt 0.601843 0.556277
vt 0.604291 0.579691
vt 0.604291 0.593219
vt 0.601843 0.556277
vt 0.604291 0.593219
vt 0.594973 0.598168
vt 0.601843 0.556277
vt 0.594973 0.598168
vt 0.590436 0.589786
vt 0.601843 0.556277
vt 0.590436 0.589786
vt 0.588867 0.580384
vt 0.601843 0.556277
vt 0.588867 0.580384
vt 0.590436 0.570983
vt 0.590436 0.570983
vt 0.594973 0.5626
vt 0.601843 0.556277
vn -0.11221 -0.72419 -0.68041
vn -0.554501 -0.711946 -0.430885
vn -0.664179 -0.711946 -0.228032
vn -0.702234 -0.711946 0
vn -0.664179 -0.711946 0.228032
vn -0.554501 -0.711946 0.430885
vn -0.11221 -0.72419 0.68041
vn 0.11221 -0.72419 0.68041
vn 0.554501 -0.711946 0.430885
vn 0.664179 -0.711946 0.228032
vn 0.702234 -0.711946 0
vn 0.664179 -0.711946 -0.228032
vn 0.554501 -0.711946 -0.430885
vn 0.11221 -0.72419 -0.68041
vn -0.677234 0 -0.735768
vn -0.789108 0 -0.614254
vn -0.945809 0 -0.324724
vn -1 0 0
vn -0.945809 0 0.324724
vn -0.789108 0 0.614254
vn -0.677234 0 0.735768
vn 0 0 1
vn 0.677234 0 0.735768
vn 0.789108 0 0.614254
vn 0.945809 0 0.324724
vn 1 0 0
vn 0.945809 0 -0.324724
vn 0.789108 0 -0.614254
vn 0.677234 0 -0.735768
vn 0 0 -1
vn -0.11221 0.72419 -0.68041
vn -0.554501 0.711946 -0.430885
vn -0.664179 0.711946 -0.228032
vn -0.702234 0.711946 0
vn -0.664179 0.711946 0.228032
vn -0.554501 0.711946 0.430885
vn -0.11221 0.72419 0.68041
vn 0.11221 0.72419 0.68041
vn 0.554501 0.711946 0.430885
vn 0.664179 0.711946 0.228032
vn 0.702234 0.711946 0
vn 0.664179 0.711946 -0.228032
vn 0.554501 0.711946 -0.430885
vn 0.11221 0.72419 -0.68041
vn 0 -0.707107 -0.707107
vn 0.707107 -0.707107 0
vn 0 -0.707107 0.707107
vn -0.707107 -0.707107 0
vn 0 0.707107 -0.707107
vn 0.707107 0.707107 0
vn 0 0.707107 0.707107
vn -0.707107 0.707107 0
vn 0.698401 -0.707107 0.110616
vn 0.672527 -0.711405 0.203987
vn 0.568507 -0.711473 0.413045
vn 0.413045 -0.711473 0.568507
vn 0.21715 -0.711473 0.66832
vn 0 -0.711473 0.702714
vn -0.21715 -0.711473 0.66832
vn -0.413045 -0.711473 0.568507
vn -0.568507 -0.711473 0.413045
vn -0.672527 -0.711405 0.203987
vn -0.698401 -0.707107 0.110616
vn 0.987688 0 0.156434
vn 0.951057 0 0.309017
vn 0.809017 0 0.587785
vn 0.587785 0 0.809017
vn 0.309017 0 0.951057
vn -0.309017 0 0.951057
vn -0.587785 0 0.809017
vn -0.809017 0 0.587785
vn -0.951057 0 0.309017
vn -0.987688 0 0.156434
vn 0.698401 0.707107 0.110616
vn 0.672527 0.711405 0.203987
vn 0.568507 0.711473 0.413045
vn 0.413045 0.711473 0.568507
vn 0.21715 0.711473 0.66832
vn 0 0.711473 0.702714
vn -0.21715 0.711473 0.66832
vn -0.413045 0.711473 0.568507
vn -0.568507 0.711473 0.413045
vn -0.672527 0.711405 0.203987
vn -0.698401 0.707107 0.110616
vn 0 -1 0
vn 0 1 0
f 493/1513/223 494/1514/224 508/1515/224 507/1516/223
f 494/1517/224 495/1518/225 509/1519/225 508/1520/224
f 495/1521/225 496/1522/226 510/1523/226 509/1524/225
f 496/1525/226 497/1526/227 511/1527/227 510/1528/226
f 497/1529/227 498/1530/228 512/1531/228 511/1532/227
f 498/1533/228 499/1534/229 513/1535/229 512/1536/228
f 499/1537/229 500/1538/230 514/1539/230 513/1540/229
f 500/1541/230 501/1542/231 515/1543/231 514/1544/230
f 501/1545/231 502/1546/232 516/1547/232 515/1548/231
f 502/1549/232 503/1550/233 517/1551/233 516/1552/232
f 503/1553/233 504/1554/234 518/1555/234 517/1556/233
f 504/1557/234 505/1558/235 519/1559/235 518/1560/234
f 505/1561/235 506/1562/236 520/1563/236 519/1564/235
f 506/1565/236 493/1566/223 507/1567/223 520/1568/236
f 507/1569/237 508/1570/238 522/1571/238 521/1572/237
f 508/1573/238 509/1574/239 523/1575/239 522/1576/238
f 509/1577/239 510/1578/240 524/1579/240 523/1580/239
f 510/1581/240 511/1582/241 525/1583/241 524/1584/240
f 511/1585/241 512/1586/242 526/1587/242 525/1588/241
f 512/1589/242 513/1590/243 527/1591/243 526/1592/242
f 513/1593/244 514/1594/244 528/1595/244 527/1596/244
f 514/1597/245 515/1598/246 529/1599/246 528/1600/245
f 515/1601/246 516/1602/247 530/1603/247 529/1604/246
f 516/1605/247 517/1606/248 531/1607/248 530/1608/247
f 517/1609/248 518/1610/249 532/1611/249 531/1612/248
f 518/1613/249 519/1614/250 533/1615/250 532/1616/249
f 519/1617/250 520/1618/251 534/1619/251 533/1620/250
f 520/1621/252 507/1622/252 521/1623/252 534/1624/252
f 521/1625/253 522/1626/254 536/1627/254 535/1628/253
f 522/1629/254 523/1630/255 537/1631/255 536/1632/254
f 523/1633/255 524/1634/256 538/1635/256 537/1636/255
f 524/1637/256 525/1638/257 539/1639/257 538/1640/256
f 525/1641/257 526/1642/258 540/1643/258 539/1644/257
f 526/1645/258 527/1646/259 541/1647/259 540/1648/258
f 527/1649/259 528/1650/260 542/1651/260 541/1652/259
f 528/1653/260 529/1654/261 543/1655/261 542/1656/260
f 529/1657/261 530/1658/262 544/1659/262 543/1660/261
f 530/1661/262 531/1662/263 545/1663/263 544/1664/262
f 531/1665/263 532/1666/264 546/1667/264 545/1668/263
f 532/1669/264 533/1670/265 547/1671/265 546/1672/264
f 533/1673/265 534/1674/266 548/1675/266 547/1676/265
f 534/1677/266 521/1678/253 535/1679/253 548/1680/266
f 549/1681/267 550/1682/267 554/1683/267 553/1684/267
f 550/1685/268 551/1686/268 555/1687/268 554/1688/268
f 551/1689/269 552/1690/269 556/1691/269 555/1692/269
f 552/1693/270 549/1694/270 553/1695/270 556/1696/270
f 553/1697/252 554/1698/252 558/1699/252 557/1700/252
f 554/1701/248 555/1702/248 559/1703/248 558/1704/248
f 555/1705/244 556/1706/244 560/1707/244 559/1708/244
f 556/1709/240 553/1710/240 557/1711/240 560/1712/240
f 557/1713/271 558/1714/271 562/1715/271 561/1716/271
f 558/1717/272 559/1718/272 563/1719/272 562/1720/272
f 559/1721/273 560/1722/273 564/1723/273 563/1724/273
f 560/1725/274 557/1726/274 561/1727/274 564/1728/274
f 565/1729/267 566/1730/267 570/1731/267 569/1732/267
f 566/1733/268 567/1734/268 571/1735/268 570/1736/268
f 567/1737/269 568/1738/269 572/1739/269 571/1740/269
f 568/1741/270 565/1742/270 569/1743/270 572/1744/270
f 569/1745/252 570/1746/252 574/1747/252 573/1748/252
f 570/1749/248 571/1750/248 575/1751/248 574/1752/248
f 571/1753/244 572/1754/244 576/1755/244 575/1756/244
f 572/1757/240 569/1758/240 573/1759/240 576/1760/240
f 573/1761/271 574/1762/271 578/1763/271 577/1764/271
f 574/1765/272 575/1766/272 579/1767/272 578/1768/272
f 575/1769/273 576/1770/273 580/1771/273 579/1772/273
f 576/1773/274 573/1774/274 577/1775/274 580/1776/274
f 581/1777/275 582/1778/276 593/1779/276 592/1780/275
f 582/1781/276 583/1782/277 594/1783/277 593/1784/276
f 583/1785/277 584/1786/278 595/1787/278 594/1788/277
f 584/1789/278 585/1790/279 596/1791/279 595/1792/278
f 585/1793/279 586/1794/280 597/1795/280 596/1796/279
f 586/1797/280 587/1798/281 598/1799/281 597/1800/280
f 587/1801/281 588/1802/282 599/1803/282 598/1804/281
f 588/1805/282 589/1806/283 600/1807/283 599/1808/282
f 589/1809/283 590/1810/284 601/1811/284 600/1812/283
f 590/1813/284 591/1814/285 602/1815/285 601/1816/284
f 591/1817/267 581/1818/267 592/1819/267 602/1820/267
f 592/1821/286 593/1822/287 604/1823/287 603/1824/286
f 593/1825/287 594/1826/288 605/1827/288 604/1828/287
f 594/1829/288 595/1830/289 606/1831/289 605/1832/288
f 595/1833/289 596/1834/290 607/1835/290 606/1836/289
f 596/1837/290 597/1838/244 608/1839/244 607/1840/290
f 597/1841/244 598/1842/291 609/1843/291 608/1844/244
f 598/1845/291 599/1846/292 610/1847/292 609/1848/291
f 599/1849/292 600/1850/293 611/1851/293 610/1852/292
f 600/1853/293 601/1854/294 612/1855/294 611/1856/293
f 601/1857/294 602/1858/295 613/1859/295 612/1860/294
f 602/1861/252 592/1862/252 603/1863/252 613/1864/252
f 603/1865/296 604/1866/297 615/1867/297 614/1868/296
f 604/1869/297 605/1870/298 616/1871/298 615/1872/297
f 605/1873/298 606/1874/299 617/1875/299 616/1876/298
f 606/1877/299 607/1878/300 618/1879/300 617/1880/299
f 607/1881/300 608/1882/301 619/1883/301 618/1884/300
f 608/1885/301 609/1886/302 620/1887/302 619/1888/301
f 609/1889/302 610/1890/303 621/1891/303 620/1892/302
f 610/1893/303 611/1894/304 622/1895/304 621/1896/303
f 611/1897/304 612/1898/305 623/1899/305 622/1900/304
f 612/1901/305 613/1902/306 624/1903/306 623/1904/305
f 613/1905/271 603/1906/271 614/1907/271 624/1908/271
f 626/1909/307 625/1910/307 638/1911/307
f 627/1912/307 626/1913/307 638/1914/307
f 629/1915/307 628/1916/307 627/1917/307
f 630/1918/307 629/1919/307 627/1920/307
f 631/1921/307 630/1922/307 627/1923/307
f 640/1924/307 639/1925/307 631/1926/307
f 640/1927/307 631/1928/307 627/1929/307
f 641/1930/307 640/1931/307 627/1932/307
f 642/1933/307 641/1934/307 627/1935/307
f 647/1936/307 642/1937/307 627/1938/307
f 648/1939/307 647/1940/307 627/1941/307
f 649/1942/307 648/1943/307 627/1944/307
f 650/1945/307 649/1946/307 627/1947/307
f 651/1948/307 650/1949/307 627/1950/307
f 651/1951/307 627/1952/307 638/1953/307
f 652/1954/307 651/1955/307 638/1956/307
f 653/1957/307 652/1958/307 638/1959/307
f 654/1960/307 653/1961/307 638/1962/307
f 655/1963/307 654/1964/307 638/1965/307
f 656/1966/307 655/1967/307 638/1968/307
f 657/1969/307 656/1970/307 638/1971/307
f 642/1972/307 647/1973/307 657/1974/307
f 639/1975/307 642/1976/307 657/1977/307
f 639/1978/307 657/1979/307 638/1980/307
f 632/1981/307 631/1982/307 639/1983/307
f 633/1984/307 632/1985/307 639/1986/307
f 643/1987/307 633/1988/307 639/1989/307
f 644/1990/307 643/1991/307 639/1992/307
f 645/1993/307 644/1994/307 639/1995/307
f 645/1996/307 639/1997/307 638/1998/307
f 646/1999/307 645/2000/307 638/2001/307
f 643/2002/307 646/2003/307 638/2004/307
f 633/2005/307 643/2006/307 638/2007/307
f 634/2008/307 633/2009/307 638/2010/307
f 635/2011/307 634/2012/307 638/2013/307
f 636/2014/307 635/2015/307 638/2016/307
f 638/2017/307 637/2018/307 636/2019/307
f 671/2020/308 658/2021/308 659/2022/308
f 671/2023/308 659/2024/308 660/2025/308
f 660/2026/308 661/2027/308 662/2028/308
f 660/2029/308 662/2030/308 663/2031/308
f 660/2032/308 663/2033/308 664/2034/308
f 664/2035/308 672/2036/308 673/2037/308
f 660/2038/308 664/2039/308 673/2040/308
f 660/2041/308 673/2042/308 674/2043/308
f 660/2044/308 674/2045/308 675/2046/308
f 660/2047/308 675/2048/308 680/2049/308
f 660/2050/308 680/2051/308 681/2052/308
f 660/2053/308 681/2054/308 682/2055/308
f 660/2056/308 682/2057/308 683/2058/308
f 660/2059/308 683/2060/308 684/2061/308
f 671/2062/308 660/2063/308 684/2064/308
f 671/2065/308 684/2066/308 685/2067/308
f 671/2068/308 685/2069/308 686/2070/308
f 671/2071/308 686/2072/308 687/2073/308
f 671/2074/308 687/2075/308 688/2076/308
f 671/2077/308 688/2078/308 689/2079/308
f 671/2080/308 689/2081/308 690/2082/308
f 690/2083/308 680/2084/308 675/2085/308
f 690/2086/308 675/2087/308 672/2088/308
f 671/2089/308 690/2090/308 672/2091/308
f 672/2092/308 664/2093/308 665/2094/308
f 672/2095/308 665/2096/308 666/2097/308
f 672/2098/308 666/2099/308 676/2100/308
f 672/2101/308 676/2102/308 677/2103/308
f 672/2104/308 677/2105/308 678/2106/308
f 671/2107/308 672/2108/308 678/2109/308
f 671/2110/308 678/2111/308 679/2112/308
f 671/2113/308 679/2114/308 676/2115/308
f 671/2116/308 676/2117/308 666/2118/308
f 671/2119/308 666/2120/308 667/2121/308
f 671/2122/308 667/2123/308 668/2124/308
f 671/2125/308 668/2126/308 669/2127/308
f 669/2128/308 670/2129/308 671/2130/308
o strip6_face_b0
usemtl strip
v 0.423817 0.0525 0.55685
v 0.429759 0.0525 0.551381
v 0.433683 0.0525 0.544131
v 0.43504 0.0525 0.536
v 0.433683 0.0525 0.527869
v 0.429759 0.0525 0.520619
v 0.423817 0.0525 0.51515
v 0.396183 0.0525 0.51515
v 0.390241 0.0525 0.520619
v 0.386317 0.0525 0.527869
v 0.38496 0.0525 0.536
v 0.386317 0.0525 0.544131
v 0.390241 0.0525 0.551381
v 0.396183 0.0525 0.55685
v 0.42411 0.05325 0.5576
v 0.430359 0.05325 0.551848
v 0.434402 0.05325 0.544378
v 0.4358 0.05325 0.536
v 0.434402 0.05325 0.527622
v 0.430359 0.05325 0.520152
v 0.42411 0.05325 0.5144
v 0.39589 0.05325 0.5144
v 0.389641 0.05325 0.520152
v 0.385598 0.05325 0.527622
v 0.3842 0.05325 0.536
v 0.385598 0.05325 0.544378
v 0.389641 0.05325 0.551848
v 0.39589 0.05325 0.5576
v 0.42411 0.05655 0.5576
v 0.430359 0.05655 0.551848
v 0.434402 0.05655 0.544378
v 0.4358 0.05655 0.536
v 0.434402 0.05655 0.527622
v 0.430359 0.05655 0.520152
v 0.42411 0.05655 0.5144
v 0.39589 0.05655 0.5144
v 0.389641 0.05655 0.520152
v 0.385598 0.05655 0.527622
v 0.3842 0.05655 0.536
v 0.385598 0.05655 0.544378
v 0.389641 0.05655 0.551848
v 0.39589 0.05655 0.5576
v 0.423817 0.0573 0.55685
v 0.429759 0.0573 0.551381
v 0.433683 0.0573 0.544131
v 0.43504 0.0573 0.536
v 0.433683 0.0573 0.527869
v 0.429759 0.0573 0.520619
v 0.423817 0.0573 0.51515
v 0.396183 0.0573 0.51515
v 0.390241 0.0573 0.520619
v 0.386317 0.0573 0.527869
v 0.38496 0.0573 0.536
v 0.386317 0.0573 0.544131
v 0.390241 0.0573 0.551381
v 0.396183 0.0573 0.55685
v 0.41735 0.0525 0.523775
v 0.4217 0.0525 0.523775
v 0.4217 0.0525 0.537725
v 0.41735 0.0525 0.537725
v 0.4181 0.05325 0.524525
v 0.42095 0.05325 0.524525
v 0.42095 0.05325 0.536975
v 0.4181 0.05325 0.536975
v 0.4181 0.05655 0.524525
v 0.42095 0.05655 0.524525
v 0.42095 0.05655 0.536975
v 0.4181 0.05655 0.536975
v 0.41735 0.0573 0.523775
v 0.4217 0.0573 0.523775
v 0.4217 0.0573 0.537725
v 0.41735 0.0573 0.537725
v 0.3983 0.0525 0.5249
v 0.40265 0.0525 0.5249
v 0.40265 0.0525 0.5366
v 0.3983 0.0525 0.5366
v 0.39905 0.05325 0.52565
v 0.4019 0.05325 0.52565
v 0.4019 0.05325 0.53585
v 0.39905 0.05325 0.53585
v 0.39905 0.05655 0.52565
v 0.4019 0.05655 0.52565
v 0.4019 0.05655 0.53585
v 0.39905 0.05655 0.53585
v 0.3983 0.0573 0.5249
v 0.40265 0.0573 0.5249
v 0.40265 0.0573 0.5366
v 0.3983 0.0573 0.5366
v 0.414778 0.0525 0.54515
v 0.414431 0.0525 0.54734
v 0.413769 0.0525 0.548639
v 0.412739 0.0525 0.549669
v 0.41144 0.0525 0.550331
v 0.41 0.0525 0.550559
v 0.40856 0.0525 0.550331
v 0.407261 0.0525 0.549669
v 0.406231 0.0525 0.548639
v 0.405569 0.0525 0.54734
v 0.405222 0.0525 0.54515
v 0.4139 0.05325 0.5459
v 0.413709 0.05325 0.547105
v 0.413155 0.05325 0.548192
v 0.412292 0.05325 0.549055
v 0.411205 0.05325 0.549609
v 0.41 0.05325 0.5498
v 0.408795 0.05325 0.549609
v 0.407708 0.05325 0.549055
v 0.406845 0.05325 0.548192
v 0.406291 0.05325 0.547105
v 0.4061 0.05325 0.5459
v 0.4139 0.05655 0.5459
v 0.413709 0.05655 0.547105
v 0.413155 0.05655 0.548192
v 0.412292 0.05655 0.549055
v 0.411205 0.05655 0.549609
v 0.41 0.05655 0.5498
v 0.408795 0.05655 0.549609
v 0.407708 0.05655 0.549055
v 0.406845 0.05655 0.548192
v 0.406291 0.05655 0.547105
v 0.4061 0.05655 0.5459
v 0.414778 0.0573 0.54515
v 0.414431 0.0573 0.54734
v 0.413769 0.0573 0.548639
v 0.412739 0.0573 0.549669
v 0.41144 0.0573 0.550331
v 0.41 0.0573 0.550559
v 0.40856 0.0573 0.550331
v 0.407261 0.0573 0.549669
v 0.406231 0.0573 0.548639
v 0.405569 0.0573 0.54734
v 0.405222 0.0573 0.54515
v 0.423817 0.0525 0.55685
v 0.429759 0.0525 0.551381
v 0.433683 0.0525 0.544131
v 0.43504 0.0525 0.536
v 0.433683 0.0525 0.527869
v 0.429759 0.0525 0.520619
v 0.423817 0.0525 0.51515
v 0.396183 0.0525 0.51515
v 0.390241 0.0525 0.520619
v 0.386317 0.0525 0.527869
v 0.38496 0.0525 0.536
v 0.386317 0.0525 0.544131
v 0.390241 0.0525 0.551381
v 0.396183 0.0525 0.55685
v 0.41735 0.0525 0.523775
v 0.4217 0.0525 0.523775
v 0.4217 0.0525 0.537725
v 0.41735 0.0525 0.537725
v 0.3983 0.0525 0.5249
v 0.40265 0.0525 0.5249
v 0.40265 0.0525 0.5366
v 0.3983 0.0525 0.5366
v 0.414778 0.0525 0.54515
v 0.414431 0.0525 0.54734
v 0.413769 0.0525 0.548639
v 0.412739 0.0525 0.549669
v 0.41144 0.0525 0.550331
v 0.41 0.0525 0.550559
v 0.40856 0.0525 0.550331
v 0.407261 0.0525 0.549669
v 0.406231 0.0525 0.548639
v 0.405569 0.0525 0.54734
v 0.405222 0.0525 0.54515
v 0.423817 0.0573 0.55685
v 0.429759 0.0573 0.551381
v 0.433683 0.0573 0.544131
v 0.43504 0.0573 0.536
v 0.433683 0.0573 0.527869
v 0.429759 0.0573 0.520619
v 0.423817 0.0573 0.51515
v 0.396183 0.0573 0.51515
v 0.390241 0.0573 0.520619
v 0.386317 0.0573 0.527869
v 0.38496 0.0573 0.536
v 0.386317 0.0573 0.544131
v 0.390241 0.0573 0.551381
v 0.396183 0.0573 0.55685
v 0.41735 0.0573 0.523775
v 0.4217 0.0573 0.523775
v 0.4217 0.0573 0.537725
v 0.41735 0.0573 0.537725
v 0.3983 0.0573 0.5249
v 0.40265 0.0573 0.5249
v 0.40265 0.0573 0.5366
v 0.3983 0.0573 0.5366
v 0.414778 0.0573 0.54515
v 0.414431 0.0573 0.54734
v 0.413769 0.0573 0.548639
v 0.412739 0.0573 0.549669
v 0.41144 0.0573 0.550331
v 0.41 0.0573 0.550559
v 0.40856 0.0573 0.550331
v 0.407261 0.0573 0.549669
v 0.406231 0.0573 0.548639
v 0.405569 0.0573 0.54734
v 0.405222 0.0573 0.54515
vt 0.677423 0.227539
vt 0.669897 0.222117
vt 0.670496 0.221037
vt 0.678411 0.226739
vt 0.669897 0.222117
vt 0.661133 0.218537
vt 0.661465 0.217348
vt 0.670496 0.221037
vt 0.818893 0.098633
vt 0.809492 0.097516
vt 0.809492 0.096281
vt 0.819179 0.097432
vt 0.809492 0.097516
vt 0.80009 0.098633
vt 0.799805 0.097432
vt 0.809492 0.096281
vt 0.139348 0.218537
vt 0.130584 0.222117
vt 0.129985 0.221037
vt 0.139016 0.217348
vt 0.130584 0.222117
vt 0.123058 0.227539
vt 0.12207 0.226739
vt 0.129985 0.221037
vt 0.857485 0.063477
vt 0.825534 0.063477
vt 0.825195 0.06225
vt 0.857824 0.06225
vt 0.474621 0.19977
vt 0.482146 0.205192
vt 0.481548 0.206272
vt 0.473633 0.20057
vt 0.482146 0.205192
vt 0.490911 0.208772
vt 0.490578 0.209961
vt 0.481548 0.206272
vt 0.419231 0.096281
vt 0.428632 0.097398
vt 0.428632 0.098633
vt 0.418945 0.097482
vt 0.428632 0.097398
vt 0.438034 0.096281
vt 0.438319 0.097482
vt 0.428632 0.098633
vt 0.40332 0.208772
vt 0.412085 0.205192
vt 0.412683 0.206272
vt 0.403653 0.209961
vt 0.412085 0.205192
vt 0.41961 0.19977
vt 0.420598 0.20057
vt 0.412683 0.206272
vt 0.473971 0.038813
vt 0.505923 0.038813
vt 0.506261 0.040039
vt 0.473633 0.040039
vt 0.542047 0.147461
vt 0.532227 0.147461
vt 0.532227 0.143645
vt 0.542047 0.143645
vt 0.444391 0.157227
vt 0.43457 0.157227
vt 0.43457 0.153411
vt 0.444391 0.153411
vt 0.067438 0.137695
vt 0.057617 0.137695
vt 0.057617 0.13388
vt 0.067438 0.13388
vt 0.919001 0.157227
vt 0.90918 0.157227
vt 0.90918 0.153411
vt 0.919001 0.153411
vt 0.559626 0.147461
vt 0.549805 0.147461
vt 0.549805 0.143645
vt 0.559626 0.143645
vt 0.936579 0.157227
vt 0.926758 0.157227
vt 0.926758 0.153411
vt 0.936579 0.153411
vt 0.43457 0.163177
vt 0.467199 0.163177
vt 0.467199 0.166992
vt 0.43457 0.166992
vt 0.075195 0.13388
vt 0.085016 0.13388
vt 0.085016 0.137695
vt 0.075195 0.137695
vt 0.452148 0.153411
vt 0.461969 0.153411
vt 0.461969 0.157227
vt 0.452148 0.157227
vt 0.567383 0.143645
vt 0.577204 0.143645
vt 0.577204 0.147461
vt 0.567383 0.147461
vt 0.62793 0.153411
vt 0.637751 0.153411
vt 0.637751 0.157227
vt 0.62793 0.157227
vt 0.163086 0.13388
vt 0.172907 0.13388
vt 0.172907 0.137695
vt 0.163086 0.137695
vt 0.293945 0.153411
vt 0.303766 0.153411
vt 0.303766 0.157227
vt 0.293945 0.157227
vt 0.473633 0.163177
vt 0.506261 0.163177
vt 0.506261 0.166992
vt 0.473633 0.166992
vt 0.397161 0.218148
vt 0.389246 0.22385
vt 0.388647 0.22277
vt 0.396173 0.217348
vt 0.389246 0.22385
vt 0.380215 0.227539
vt 0.379883 0.22635
vt 0.388647 0.22277
vt 0.844569 0.097482
vt 0.834882 0.098633
vt 0.834882 0.097398
vt 0.844284 0.096281
vt 0.834882 0.098633
vt 0.825195 0.097482
vt 0.825481 0.096281
vt 0.834882 0.097398
vt 0.939797 0.245117
vt 0.930766 0.241428
vt 0.931365 0.240348
vt 0.94013 0.243928
vt 0.930766 0.241428
vt 0.922852 0.235726
vt 0.923839 0.234926
vt 0.931365 0.240348
vt 0.864258 0.06225
vt 0.896886 0.06225
vt 0.896548 0.063477
vt 0.864596 0.063477
vt 0.49707 0.209161
vt 0.504985 0.203459
vt 0.505584 0.204539
vt 0.498058 0.209961
vt 0.504985 0.203459
vt 0.514016 0.19977
vt 0.514348 0.200959
vt 0.505584 0.204539
vt 0.368164 0.097432
vt 0.377851 0.096281
vt 0.377851 0.097516
vt 0.36845 0.098633
vt 0.377851 0.096281
vt 0.387538 0.097432
vt 0.387252 0.098633
vt 0.377851 0.097516
vt 0.14584 0.19977
vt 0.154871 0.203459
vt 0.154272 0.204539
vt 0.145508 0.200959
vt 0.154871 0.203459
vt 0.162786 0.209161
vt 0.161798 0.209961
vt 0.154272 0.204539
vt 0.037511 0.040039
vt 0.004883 0.040039
vt 0.005221 0.038813
vt 0.037173 0.038813
vt 0.571289 0.031
vt 0.576319 0.031
vt 0.575452 0.032227
vt 0.572156 0.032227
vt 0.02832 0.054438
vt 0.04445 0.054438
vt 0.043583 0.055664
vt 0.029188 0.055664
vt 0.849756 0.047852
vt 0.844727 0.047852
vt 0.845594 0.046625
vt 0.848889 0.046625
vt 0.899919 0.055664
vt 0.883789 0.055664
vt 0.884656 0.054438
vt 0.899052 0.054438
vt 0.90332 0.12793
vt 0.90332 0.124634
vt 0.907136 0.124634
vt 0.907136 0.12793
vt 0.641602 0.163177
vt 0.655997 0.163177
vt 0.655997 0.166992
vt 0.641602 0.166992
vt 0.913086 0.12793
vt 0.913086 0.124634
vt 0.916902 0.124634
vt 0.916902 0.12793
vt 0.677481 0.166992
vt 0.663086 0.166992
vt 0.663086 0.163177
vt 0.677481 0.163177
vt 0.860608 0.047852
vt 0.857313 0.047852
vt 0.856445 0.046625
vt 0.861475 0.046625
vt 0.908094 0.054438
vt 0.922489 0.054438
vt 0.923356 0.055664
vt 0.907227 0.055664
vt 0.345594 0.054438
vt 0.348889 0.054438
vt 0.349756 0.055664
vt 0.344727 0.055664
vt 0.06702 0.055664
vt 0.052625 0.055664
vt 0.051758 0.054438
vt 0.067888 0.054438
vt 0.356445 0.054438
vt 0.361475 0.054438
vt 0.360608 0.055664
vt 0.357312 0.055664
vt 0.930664 0.038813
vt 0.944192 0.038813
vt 0.943325 0.040039
vt 0.931531 0.040039
vt 0.548975 0.055664
vt 0.543945 0.055664
vt 0.544813 0.054438
vt 0.548108 0.054438
vt 0.963723 0.040039
vt 0.950195 0.040039
vt 0.951063 0.038813
vt 0.962856 0.038813
vt 0.922852 0.12793
vt 0.922852 0.124634
vt 0.926667 0.124634
vt 0.926667 0.12793
vt 0.024414 0.153411
vt 0.036208 0.153411
vt 0.036208 0.157227
vt 0.024414 0.157227
vt 0.932617 0.12793
vt 0.932617 0.124634
vt 0.936433 0.124634
vt 0.936433 0.12793
vt 0.055739 0.157227
vt 0.043945 0.157227
vt 0.043945 0.153411
vt 0.055739 0.153411
vt 0.872327 0.047852
vt 0.869031 0.047852
vt 0.868164 0.046625
vt 0.873194 0.046625
vt 0.111219 0.046625
vt 0.123012 0.046625
vt 0.12388 0.047852
vt 0.110352 0.047852
vt 0.369031 0.054438
vt 0.372327 0.054438
vt 0.373194 0.055664
vt 0.368164 0.055664
vt 0.197231 0.055664
vt 0.185438 0.055664
vt 0.18457 0.054438
vt 0.198098 0.054438
vt 0.668945 0.086906
vt 0.671476 0.087198
vt 0.671199 0.0884
vt 0.669806 0.088239
vt 0.671476 0.087198
vt 0.673056 0.087756
vt 0.672521 0.088867
vt 0.671199 0.0884
vt 0.284828 0.115164
vt 0.286149 0.116195
vt 0.285285 0.117077
vt 0.28418 0.116214
vt 0.286149 0.116195
vt 0.287207 0.117494
vt 0.286171 0.118164
vt 0.285285 0.117077
vt 0.066806 0.063289
vt 0.065141 0.063477
vt 0.065141 0.062243
vt 0.066535 0.062085
vt 0.065141 0.063477
vt 0.063477 0.063289
vt 0.063748 0.062085
vt 0.065141 0.062243
vt 0.589941 0.115834
vt 0.588883 0.117133
vt 0.58802 0.116252
vt 0.588905 0.115164
vt 0.588883 0.117133
vt 0.587562 0.118164
vt 0.586914 0.117114
vt 0.58802 0.116252
vt 0.309775 0.088017
vt 0.308195 0.088575
vt 0.307917 0.087373
vt 0.30924 0.086906
vt 0.308195 0.088575
vt 0.305664 0.088867
vt 0.306524 0.087533
vt 0.307917 0.087373
vt 0.231445 0.031
vt 0.242495 0.031
vt 0.241479 0.032227
vt 0.232461 0.032227
vt 0.717683 0.069878
vt 0.717683 0.071289
vt 0.713867 0.071289
vt 0.713867 0.069878
vt 0.112214 0.069878
vt 0.112214 0.071289
vt 0.108398 0.071289
vt 0.108398 0.069878
vt 0.932527 0.069878
vt 0.932527 0.071289
vt 0.928711 0.071289
vt 0.928711 0.069878
vt 0.12198 0.069878
vt 0.12198 0.071289
vt 0.118164 0.071289
vt 0.118164 0.069878
vt 0.723633 0.071289
vt 0.723633 0.069878
vt 0.727448 0.069878
vt 0.727448 0.071289
vt 0.12793 0.071289
vt 0.12793 0.069878
vt 0.131745 0.069878
vt 0.131745 0.071289
vt 0.889648 0.071289
vt 0.889648 0.069878
vt 0.893464 0.069878
vt 0.893464 0.071289
vt 0.733398 0.071289
vt 0.733398 0.069878
vt 0.737214 0.069878
vt 0.737214 0.071289
vt 0.743164 0.071289
vt 0.743164 0.069878
vt 0.74698 0.069878
vt 0.74698 0.071289
vt 0.411133 0.071289
vt 0.411133 0.069878
vt 0.414948 0.069878
vt 0.414948 0.071289
vt 0.227539 0.13388
vt 0.236558 0.13388
vt 0.236558 0.137695
vt 0.227539 0.137695
vt 0.599493 0.087533
vt 0.600886 0.087373
vt 0.601164 0.088575
vt 0.598633 0.088867
vt 0.600886 0.087373
vt 0.602208 0.086906
vt 0.602744 0.088017
vt 0.601164 0.088575
vt 0.293945 0.117114
vt 0.295051 0.116252
vt 0.295914 0.117133
vt 0.294593 0.118164
vt 0.295051 0.116252
vt 0.295937 0.115164
vt 0.296972 0.115834
vt 0.295914 0.117133
vt 0.948514 0.069898
vt 0.949907 0.070055
vt 0.949907 0.071289
vt 0.948242 0.071101
vt 0.949907 0.070055
vt 0.9513 0.069898
vt 0.951572 0.071101
vt 0.949907 0.071289
vt 0.598671 0.118164
vt 0.597785 0.117077
vt 0.598649 0.116195
vt 0.599707 0.117494
vt 0.597785 0.117077
vt 0.59668 0.116214
vt 0.597328 0.115164
vt 0.598649 0.116195
vt 0.461583 0.088867
vt 0.460261 0.0884
vt 0.460539 0.087198
vt 0.462119 0.087756
vt 0.460261 0.0884
vt 0.458868 0.088239
vt 0.458008 0.086906
vt 0.460539 0.087198
vt 0.382104 0.032227
vt 0.373086 0.032227
vt 0.37207 0.031
vt 0.38312 0.031
vt 0.811179 0.597219
vt 0.827154 0.604492
vt 0.795203 0.604492
vt 0.809514 0.596955
vt 0.811179 0.597219
vt 0.795203 0.604492
vt 0.808012 0.59619
vt 0.809514 0.596955
vt 0.795203 0.604492
vt 0.80682 0.594998
vt 0.808012 0.59619
vt 0.795203 0.604492
vt 0.806055 0.593496
vt 0.80682 0.594998
vt 0.795203 0.604492
vt 0.805654 0.590964
vt 0.806055 0.593496
vt 0.795203 0.604492
vt 0.80268 0.581078
vt 0.805654 0.590964
vt 0.795203 0.604492
vt 0.797651 0.581078
vt 0.80268 0.581078
vt 0.795203 0.604492
vt 0.797651 0.56755
vt 0.797651 0.581078
vt 0.795203 0.604492
vt 0.805654 0.590964
vt 0.80268 0.581078
vt 0.80268 0.56755
vt 0.816703 0.590964
vt 0.805654 0.590964
vt 0.80268 0.56755
vt 0.819677 0.582379
vt 0.824707 0.582379
vt 0.816703 0.590964
vt 0.819677 0.582379
vt 0.816703 0.590964
vt 0.80268 0.56755
vt 0.819677 0.566249
vt 0.819677 0.582379
vt 0.80268 0.56755
vt 0.819677 0.566249
vt 0.80268 0.56755
vt 0.797651 0.56755
vt 0.816302 0.593496
vt 0.816703 0.590964
vt 0.824707 0.582379
vt 0.815537 0.594998
vt 0.816302 0.593496
vt 0.824707 0.582379
vt 0.827154 0.604492
vt 0.811179 0.597219
vt 0.812843 0.596955
vt 0.827154 0.604492
vt 0.812843 0.596955
vt 0.814345 0.59619
vt 0.827154 0.604492
vt 0.814345 0.59619
vt 0.815537 0.594998
vt 0.827154 0.604492
vt 0.815537 0.594998
vt 0.824707 0.582379
vt 0.827154 0.604492
vt 0.824707 0.582379
vt 0.824707 0.566249
vt 0.834025 0.598168
vt 0.827154 0.604492
vt 0.824707 0.566249
vt 0.838562 0.589786
vt 0.834025 0.598168
vt 0.824707 0.566249
vt 0.840131 0.580384
vt 0.838562 0.589786
vt 0.824707 0.566249
vt 0.838562 0.570983
vt 0.840131 0.580384
vt 0.824707 0.566249
vt 0.834025 0.5626
vt 0.838562 0.570983
vt 0.824707 0.566249
vt 0.834025 0.5626
vt 0.824707 0.566249
vt 0.819677 0.566249
vt 0.834025 0.5626
vt 0.819677 0.566249
vt 0.797651 0.56755
vt 0.827154 0.556277
vt 0.834025 0.5626
vt 0.797651 0.56755
vt 0.795203 0.556277
vt 0.827154 0.556277
vt 0.797651 0.56755
vt 0.795203 0.556277
vt 0.797651 0.56755
vt 0.795203 0.604492
vt 0.788332 0.5626
vt 0.795203 0.556277
vt 0.795203 0.604492
vt 0.783796 0.570983
vt 0.788332 0.5626
vt 0.795203 0.604492
vt 0.782227 0.580384
vt 0.783796 0.570983
vt 0.795203 0.604492
vt 0.783796 0.589786
vt 0.782227 0.580384
vt 0.795203 0.604492
vt 0.795203 0.604492
vt 0.788332 0.598168
vt 0.783796 0.589786
vt 0.891608 0.604492
vt 0.859656 0.604492
vt 0.875632 0.597219
vt 0.891608 0.604492
vt 0.875632 0.597219
vt 0.877297 0.596955
vt 0.891608 0.604492
vt 0.877297 0.596955
vt 0.878798 0.59619
vt 0.891608 0.604492
vt 0.878798 0.59619
vt 0.87999 0.594998
vt 0.891608 0.604492
vt 0.87999 0.594998
vt 0.880755 0.593496
vt 0.891608 0.604492
vt 0.880755 0.593496
vt 0.881156 0.590964
vt 0.891608 0.604492
vt 0.881156 0.590964
vt 0.88413 0.581078
vt 0.891608 0.604492
vt 0.88413 0.581078
vt 0.88916 0.581078
vt 0.891608 0.604492
vt 0.88916 0.581078
vt 0.88916 0.56755
vt 0.88413 0.56755
vt 0.88413 0.581078
vt 0.881156 0.590964
vt 0.88413 0.56755
vt 0.881156 0.590964
vt 0.870107 0.590964
vt 0.870107 0.590964
vt 0.862104 0.582379
vt 0.867133 0.582379
vt 0.88413 0.56755
vt 0.870107 0.590964
vt 0.867133 0.582379
vt 0.88413 0.56755
vt 0.867133 0.582379
vt 0.867133 0.566249
vt 0.88916 0.56755
vt 0.88413 0.56755
vt 0.867133 0.566249
vt 0.862104 0.582379
vt 0.870107 0.590964
vt 0.870508 0.593496
vt 0.862104 0.582379
vt 0.870508 0.593496
vt 0.871273 0.594998
vt 0.873967 0.596955
vt 0.875632 0.597219
vt 0.859656 0.604492
vt 0.872465 0.59619
vt 0.873967 0.596955
vt 0.859656 0.604492
vt 0.871273 0.594998
vt 0.872465 0.59619
vt 0.859656 0.604492
vt 0.862104 0.582379
vt 0.871273 0.594998
vt 0.859656 0.604492
vt 0.862104 0.566249
vt 0.862104 0.582379
vt 0.859656 0.604492
vt 0.862104 0.566249
vt 0.859656 0.604492
vt 0.852785 0.598168
vt 0.862104 0.566249
vt 0.852785 0.598168
vt 0.848249 0.589786
vt 0.862104 0.566249
vt 0.848249 0.589786
vt 0.84668 0.580384
vt 0.862104 0.566249
vt 0.84668 0.580384
vt 0.848249 0.570983
vt 0.862104 0.566249
vt 0.848249 0.570983
vt 0.852785 0.5626
vt 0.867133 0.566249
vt 0.862104 0.566249
vt 0.852785 0.5626
vt 0.88916 0.56755
vt 0.867133 0.566249
vt 0.852785 0.5626
vt 0.88916 0.56755
vt 0.852785 0.5626
vt 0.859656 0.556277
vt 0.88916 0.56755
vt 0.859656 0.556277
vt 0.891608 0.556277
vt 0.891608 0.604492
vt 0.88916 0.56755
vt 0.891608 0.556277
vt 0.891608 0.604492
vt 0.891608 0.556277
vt 0.898478 0.5626
vt 0.891608 0.604492
vt 0.898478 0.5626
vt 0.903015 0.570983
vt 0.891608 0.604492
vt 0.903015 0.570983
vt 0.904584 0.580384
vt 0.891608 0.604492
vt 0.904584 0.580384
vt 0.903015 0.589786
vt 0.903015 0.589786
vt 0.898478 0.598168
vt 0.891608 0.604492
vn 0.11221 -0.72419 0.68041
vn 0.554501 -0.711946 0.430885
vn 0.664179 -0.711946 0.228032
vn 0.702234 -0.711946 0
vn 0.664179 -0.711946 -0.228032
vn 0.554501 -0.711946 -0.430885
vn 0.11221 -0.72419 -0.68041
vn -0.11221 -0.72419 -0.68041
vn -0.554501 -0.711946 -0.430885
vn -0.664179 -0.711946 -0.228032
vn -0.702234 -0.711946 0
vn -0.664179 -0.711946 0.228032
vn -0.554501 -0.711946 0.430885
vn -0.11221 -0.72419 0.68041
vn 0.677234 0 0.735768
vn 0.789108 0 0.614254
vn 0.945809 0 0.324724
vn 1 0 0
vn 0.945809 0 -0.324724
vn 0.789108 0 -0.614254
vn 0.677234 0 -0.735768
vn 0 0 -1
vn -0.677234 0 -0.735768
vn -0.789108 0 -0.614254
vn -0.945809 0 -0.324724
vn -1 0 0
vn -0.945809 0 0.324724
vn -0.789108 0 0.614254
vn -0.677234 0 0.735768
vn 0 0 1
vn 0.11221 0.72419 0.68041
vn 0.554501 0.711946 0.430885
vn 0.664179 0.711946 0.228032
vn 0.702234 0.711946 0
vn 0.664179 0.711946 -0.228032
vn 0.554501 0.711946 -0.430885
vn 0.11221 0.72419 -0.68041
vn -0.11221 0.72419 -0.68041
vn -0.554501 0.711946 -0.430885
vn -0.664179 0.711946 -0.228032
vn -0.702234 0.711946 0
vn -0.664179 0.711946 0.228032
vn -0.554501 0.711946 0.430885
vn -0.11221 0.72419 0.68041
vn 0 -0.707107 0.707107
vn -0.707107 -0.707107 0
vn 0 -0.707107 -0.707107
vn 0.707107 -0.707107 0
vn 0 0.707107 0.707107
vn -0.707107 0.707107 0
vn 0 0.707107 -0.707107
vn 0.707107 0.707107 0
vn -0.698401 -0.707107 -0.110616
vn -0.672527 -0.711405 -0.203987
vn -0.568507 -0.711473 -0.413045
vn -0.413045 -0.711473 -0.568507
vn -0.21715 -0.711473 -0.66832
vn 0 -0.711473 -0.702714
vn 0.21715 -0.711473 -0.66832
vn 0.413045 -0.711473 -0.568507
vn 0.568507 -0.711473 -0.413045
vn 0.672527 -0.711405 -0.203987
vn 0.698401 -0.707107 -0.110616
vn -0.987688 0 -0.156434
vn -0.951057 0 -0.309017
vn -0.809017 0 -0.587785
vn -0.587785 0 -0.809017
vn -0.309017 0 -0.951057
vn 0.309017 0 -0.951057
vn 0.587785 0 -0.809017
vn 0.809017 0 -0.587785
vn 0.951057 0 -0.309017
vn 0.987688 0 -0.156434
vn -0.698401 0.707107 -0.110616
vn -0.672527 0.711405 -0.203987
vn -0.568507 0.711473 -0.413045
vn -0.413045 0.711473 -0.568507
vn -0.21715 0.711473 -0.66832
vn 0 0.711473 -0.702714
vn 0.21715 0.711473 -0.66832
vn 0.413045 0.711473 -0.568507
vn 0.568507 0.711473 -0.413045
vn 0.672527 0.711405 -0.203987
vn 0.698401 0.707107 -0.110616
vn 0 -1 0
vn 0 1 0
f 691/2131/309 692/2132/310 706/2133/310 705/2134/309
f 692/2135/310 693/2136/311 707/2137/311 706/2138/310
f 693/2139/311 694/2140/312 708/2141/312 707/2142/311
f 694/2143/312 695/2144/313 709/2145/313 708/2146/312
f 695/2147/313 696/2148/314 710/2149/314 709/2150/313
f 696/2151/314 697/2152/315 711/2153/315 710/2154/314
f 697/2155/315 698/2156/316 712/2157/316 711/2158/315
f 698/2159/316 699/2160/317 713/2161/317 712/2162/316
f 699/2163/317 700/2164/318 714/2165/318 713/2166/317
f 700/2167/318 701/2168/319 715/2169/319 714/2170/318
f 701/2171/319 702/2172/320 716/2173/320 715/2174/319
f 702/2175/320 703/2176/321 717/2177/321 716/2178/320
f 703/2179/321 704/2180/322 718/2181/322 717/2182/321
f 704/2183/322 691/2184/309 705/2185/309 718/2186/322
f 705/2187/323 706/2188/324 720/2189/324 719/2190/323
f 706/2191/324 707/2192/325 721/2193/325 720/2194/324
f 707/2195/325 708/2196/326 722/2197/326 721/2198/325
f 708/2199/326 709/2200/327 723/2201/327 722/2202/326
f 709/2203/327 710/2204/328 724/2205/328 723/2206/327
f 710/2207/328 711/2208/329 725/2209/329 724/2210/328
f 711/2211/330 712/2212/330 726/2213/330 725/2214/330
f 712/2215/331 713/2216/332 727/2217/332 726/2218/331
f 713/2219/332 714/2220/333 728/2221/333 727/2222/332
f 714/2223/333 715/2224/334 729/2225/334 728/2226/333
f 715/2227/334 716/2228/335 730/2229/335 729/2230/334
f 716/2231/335 717/2232/336 731/2233/336 730/2234/335
f 717/2235/336 718/2236/337 732/2237/337 731/2238/336
f 718/2239/338 705/2240/338 719/2241/338 732/2242/338
f 719/2243/339 720/2244/340 734/2245/340 733/2246/339
f 720/2247/340 721/2248/341 735/2249/341 734/2250/340
f 721/2251/341 722/2252/342 736/2253/342 735/2254/341
f 722/2255/342 723/2256/343 737/2257/343 736/2258/342
f 723/2259/343 724/2260/344 738/2261/344 737/2262/343
f 724/2263/344 725/2264/345 739/2265/345 738/2266/344
f 725/2267/345 726/2268/346 740/2269/346 739/2270/345
f 726/2271/346 727/2272/347 741/2273/347 740/2274/346
f 727/2275/347 728/2276/348 742/2277/348 741/2278/347
f 728/2279/348 729/2280/349 743/2281/349 742/2282/348
f 729/2283/349 730/2284/350 744/2285/350 743/2286/349
f 730/2287/350 731/2288/351 745/2289/351 744/2290/350
f 731/2291/351 732/2292/352 746/2293/352 745/2294/351
f 732/2295/352 719/2296/339 733/2297/339 746/2298/352
f 747/2299/353 748/2300/353 752/2301/353 751/2302/353
f 748/2303/354 749/2304/354 753/2305/354 752/2306/354
f 749/2307/355 750/2308/355 754/2309/355 753/2310/355
f 750/2311/356 747/2312/356 751/2313/356 754/2314/356
f 751/2315/338 752/2316/338 756/2317/338 755/2318/338
f 752/2319/334 753/2320/334 757/2321/334 756/2322/334
f 753/2323/330 754/2324/330 758/2325/330 757/2326/330
f 754/2327/326 751/2328/326 755/2329/326 758/2330/326
f 755/2331/357 756/2332/357 760/2333/357 759/2334/357
f 756/2335/358 757/2336/358 761/2337/358 760/2338/358
f 757/2339/359 758/2340/359 762/2341/359 761/2342/359
f 758/2343/360 755/2344/360 759/2345/360 762/2346/360
f 763/2347/353 764/2348/353 768/2349/353 767/2350/353
f 764/2351/354 765/2352/354 769/2353/354 768/2354/354
f 765/2355/355 766/2356/355 770/2357/355 769/2358/355
f 766/2359/356 763/2360/356 767/2361/356 770/2362/356
f 767/2363/338 768/2364/338 772/2365/338 771/2366/338
f 768/2367/334 769/2368/334 773/2369/334 772/2370/334
f 769/2371/330 770/2372/330 774/2373/330 773/2374/330
f 770/2375/326 767/2376/326 771/2377/326 774/2378/326
f 771/2379/357 772/2380/357 776/2381/357 775/2382/357
f 772/2383/358 773/2384/358 777/2385/358 776/2386/358
f 773/2387/359 774/2388/359 778/2389/359 777/2390/359
f 774/2391/360 771/2392/360 775/2393/360 778/2394/360
f 779/2395/361 780/2396/362 791/2397/362 790/2398/361
f 780/2399/362 781/2400/363 792/2401/363 791/2402/362
f 781/2403/363 782/2404/364 793/2405/364 792/2406/363
f 782/2407/364 783/2408/365 794/2409/365 793/2410/364
f 783/2411/365 784/2412/366 795/2413/366 794/2414/365
f 784/2415/366 785/2416/367 796/2417/367 795/2418/366
f 785/2419/367 786/2420/368 797/2421/368 796/2422/367
f 786/2423/368 787/2424/369 798/2425/369 797/2426/368
f 787/2427/369 788/2428/370 799/2429/370 798/2430/369
f 788/2431/370 789/2432/371 800/2433/371 799/2434/370
f 789/2435/353 779/2436/353 790/2437/353 800/2438/353
f 790/2439/372 791/2440/373 802/2441/373 801/2442/372
f 791/2443/373 792/2444/374 803/2445/374 802/2446/373
f 792/2447/374 793/2448/375 804/2449/375 803/2450/374
f 793/2451/375 794/2452/376 805/2453/376 804/2454/375
f 794/2455/376 795/2456/330 806/2457/330 805/2458/376
f 795/2459/330 796/2460/377 807/2461/377 806/2462/330
f 796/2463/377 797/2464/378 808/2465/378 807/2466/377
f 797/2467/378 798/2468/379 809/2469/379 808/2470/378
f 798/2471/379 799/2472/380 810/2473/380 809/2474/379
f 799/2475/380 800/2476/381 811/2477/381 810/2478/380
f 800/2479/338 790/2480/338 801/2481/338 811/2482/338
f 801/2483/382 802/2484/383 813/2485/383 812/2486/382
f 802/2487/383 803/2488/384 814/2489/384 813/2490/383
f 803/2491/384 804/2492/385 815/2493/385 814/2494/384
f 804/2495/385 805/2496/386 816/2497/386 815/2498/385
f 805/2499/386 806/2500/387 817/2501/387 816/2502/386
f 806/2503/387 807/2504/388 818/2505/388 817/2506/387
f 807/2507/388 808/2508/389 819/2509/389 818/2510/388
f 808/2511/389 809/2512/390 820/2513/390 819/2514/389
f 809/2515/390 810/2516/391 821/2517/391 820/2518/390
f 810/2519/391 811/2520/392 822/2521/392 821/2522/391
f 811/2523/357 801/2524/357 812/2525/357 822/2526/357
f 850/2527/393 823/2528/393 836/2529/393
f 851/2530/393 850/2531/393 836/2532/393
f 852/2533/393 851/2534/393 836/2535/393
f 853/2536/393 852/2537/393 836/2538/393
f 854/2539/393 853/2540/393 836/2541/393
f 855/2542/393 854/2543/393 836/2544/393
f 843/2545/393 855/2546/393 836/2547/393
f 844/2548/393 843/2549/393 836/2550/393
f 841/2551/393 844/2552/393 836/2553/393
f 855/2554/393 843/2555/393 842/2556/393
f 845/2557/393 855/2558/393 842/2559/393
f 840/2560/393 839/2561/393 845/2562/393
f 840/2563/393 845/2564/393 842/2565/393
f 837/2566/393 840/2567/393 842/2568/393
f 837/2569/393 842/2570/393 841/2571/393
f 846/2572/393 845/2573/393 839/2574/393
f 847/2575/393 846/2576/393 839/2577/393
f 823/2578/393 850/2579/393 849/2580/393
f 823/2581/393 849/2582/393 848/2583/393
f 823/2584/393 848/2585/393 847/2586/393
f 823/2587/393 847/2588/393 839/2589/393
f 823/2590/393 839/2591/393 838/2592/393
f 824/2593/393 823/2594/393 838/2595/393
f 825/2596/393 824/2597/393 838/2598/393
f 826/2599/393 825/2600/393 838/2601/393
f 827/2602/393 826/2603/393 838/2604/393
f 828/2605/393 827/2606/393 838/2607/393
f 828/2608/393 838/2609/393 837/2610/393
f 828/2611/393 837/2612/393 841/2613/393
f 829/2614/393 828/2615/393 841/2616/393
f 830/2617/393 829/2618/393 841/2619/393
f 830/2620/393 841/2621/393 836/2622/393
f 831/2623/393 830/2624/393 836/2625/393
f 832/2626/393 831/2627/393 836/2628/393
f 833/2629/393 832/2630/393 836/2631/393
f 834/2632/393 833/2633/393 836/2634/393
f 836/2635/393 835/2636/393 834/2637/393
f 869/2638/394 856/2639/394 883/2640/394
f 869/2641/394 883/2642/394 884/2643/394
f 869/2644/394 884/2645/394 885/2646/394
f 869/2647/394 885/2648/394 886/2649/394
f 869/2650/394 886/2651/394 887/2652/394
f 869/2653/394 887/2654/394 888/2655/394
f 869/2656/394 888/2657/394 876/2658/394
f 869/2659/394 876/2660/394 877/2661/394
f 869/2662/394 877/2663/394 874/2664/394
f 875/2665/394 876/2666/394 888/2667/394
f 875/2668/394 888/2669/394 878/2670/394
f 878/2671/394 872/2672/394 873/2673/394
f 875/2674/394 878/2675/394 873/2676/394
f 875/2677/394 873/2678/394 870/2679/394
f 874/2680/394 875/2681/394 870/2682/394
f 872/2683/394 878/2684/394 879/2685/394
f 872/2686/394 879/2687/394 880/2688/394
f 882/2689/394 883/2690/394 856/2691/394
f 881/2692/394 882/2693/394 856/2694/394
f 880/2695/394 881/2696/394 856/2697/394
f 872/2698/394 880/2699/394 856/2700/394
f 871/2701/394 872/2702/394 856/2703/394
f 871/2704/394 856/2705/394 857/2706/394
f 871/2707/394 857/2708/394 858/2709/394
f 871/2710/394 858/2711/394 859/2712/394
f 871/2713/394 859/2714/394 860/2715/394
f 871/2716/394 860/2717/394 861/2718/394
f 870/2719/394 871/2720/394 861/2721/394
f 874/2722/394 870/2723/394 861/2724/394
f 874/2725/394 861/2726/394 862/2727/394
f 874/2728/394 862/2729/394 863/2730/394
f 869/2731/394 874/2732/394 863/2733/394
f 869/2734/394 863/2735/394 864/2736/394
f 869/2737/394 864/2738/394 865/2739/394
f 869/2740/394 865/2741/394 866/2742/394
f 869/2743/394 866/2744/394 867/2745/394
f 867/2746/394 868/2747/394 869/2748/394
o strip6_face_b1
usemtl strip
v 0.504817 0.0525 0.55685
v 0.510759 0.0525 0.551381
v 0.514683 0.0525 0.544131
v 0.51604 0.0525 0.536
v 0.514683 0.0525 0.527869
v 0.510759 0.0525 0.520619
v 0.504817 0.0525 0.51515
v 0.477183 0.0525 0.51515
v 0.471241 0.0525 0.520619
v 0.467317 0.0525 0.527869
v 0.46596 0.0525 0.536
v 0.467317 0.0525 0.544131
v 0.471241 0.0525 0.551381
v 0.477183 0.0525 0.55685
v 0.50511 0.05325 0.5576
v 0.511359 0.05325 0.551848
v 0.515402 0.05325 0.544378
v 0.5168 0.05325 0.536
v 0.515402 0.05325 0.527622
v 0.511359 0.05325 0.520152
v 0.50511 0.05325 0.5144
v 0.47689 0.05325 0.5144
v 0.470641 0.05325 0.520152
v 0.466598 0.05325 0.527622
v 0.4652 0.05325 0.536
v 0.466598 0.05325 0.544378
v 0.470641 0.05325 0.551848
v 0.47689 0.05325 0.5576
v 0.50511 0.05655 0.5576
v 0.511359 0.05655 0.551848
v 0.515402 0.05655 0.544378
v 0.5168 0.05655 0.536
v 0.515402 0.05655 0.527622
v 0.511359 0.05655 0.520152
v 0.50511 0.05655 0.5144
v 0.47689 0.05655 0.5144
v 0.470641 0.05655 0.520152
v 0.466598 0.05655 0.527622
v 0.4652 0.05655 0.536
v 0.466598 0.05655 0.544378
v 0.470641 0.05655 0.551848
v 0.47689 0.05655 0.5576
v 0.504817 0.0573 0.55685
v 0.510759 0.0573 0.551381
v 0.514683 0.0573 0.544131
v 0.51604 0.0573 0.536
v 0.514683 0.0573 0.527869
v 0.510759 0.0573 0.520619
v 0.504817 0.0573 0.51515
v 0.477183 0.0573 0.51515
v 0.471241 0.0573 0.520619
v 0.467317 0.0573 0.527869
v 0.46596 0.0573 0.536
v 0.467317 0.0573 0.544131
v 0.471241 0.0573 0.551381
v 0.477183 0.0573 0.55685
v 0.49835 0.0525 0.523775
v 0.5027 0.0525 0.523775
v 0.5027 0.0525 0.537725
v 0.49835 0.0525 0.537725
v 0.4991 0.05325 0.524525
v 0.50195 0.05325 0.524525
v 0.50195 0.05325 0.536975
v 0.4991 0.05325 0.536975
v 0.4991 0.05655 0.524525
v 0.50195 0.05655 0.524525
v 0.50195 0.05655 0.536975
v 0.4991 0.05655 0.536975
v 0.49835 0.0573 0.523775
v 0.5027 0.0573 0.523775
v 0.5027 0.0573 0.537725
v 0.49835 0.0573 0.537725
v 0.4793 0.0525 0.5249
v 0.48365 0.0525 0.5249
v 0.48365 0.0525 0.5366
v 0.4793 0.0525 0.5366
v 0.48005 0.05325 0.52565
v 0.4829 0.05325 0.52565
v 0.4829 0.05325 0.53585
v 0.48005 0.05325 0.53585
v 0.48005 0.05655 0.52565
v 0.4829 0.05655 0.52565
v 0.4829 0.05655 0.53585
v 0.48005 0.05655 0.53585
v 0.4793 0.0573 0.5249
v 0.48365 0.0573 0.5249
v 0.48365 0.0573 0.5366
v 0.4793 0.0573 0.5366
v 0.495778 0.0525 0.54515
v 0.495431 0.0525 0.54734
v 0.494769 0.0525 0.548639
v 0.493739 0.0525 0.549669
v 0.49244 0.0525 0.550331
v 0.491 0.0525 0.550559
v 0.48956 0.0525 0.550331
v 0.488261 0.0525 0.549669
v 0.487231 0.0525 0.548639
v 0.486569 0.0525 0.54734
v 0.486222 0.0525 0.54515
v 0.4949 0.05325 0.5459
v 0.494709 0.05325 0.547105
v 0.494155 0.05325 0.548192
v 0.493292 0.05325 0.549055
v 0.492205 0.05325 0.549609
v 0.491 0.05325 0.5498
v 0.489795 0.05325 0.549609
v 0.488708 0.05325 0.549055
v 0.487845 0.05325 0.548192
v 0.487291 0.05325 0.547105
v 0.4871 0.05325 0.5459
v 0.4949 0.05655 0.5459
v 0.494709 0.05655 0.547105
v 0.494155 0.05655 0.548192
v 0.493292 0.05655 0.549055
v 0.492205 0.05655 0.549609
v 0.491 0.05655 0.5498
v 0.489795 0.05655 0.549609
v 0.488708 0.05655 0.549055
v 0.487845 0.05655 0.548192
v 0.487291 0.05655 0.547105
v 0.4871 0.05655 0.5459
v 0.495778 0.0573 0.54515
v 0.495431 0.0573 0.54734
v 0.494769 0.0573 0.548639
v 0.493739 0.0573 0.549669
v 0.49244 0.0573 0.550331
v 0.491 0.0573 0.550559
v 0.48956 0.0573 0.550331
v 0.488261 0.0573 0.549669
v 0.487231 0.0573 0.548639
v 0.486569 0.0573 0.54734
v 0.486222 0.0573 0.54515
v 0.504817 0.0525 0.55685
v 0.510759 0.0525 0.551381
v 0.514683 0.0525 0.544131
v 0.51604 0.0525 0.536
v 0.514683 0.0525 0.527869
v 0.510759 0.0525 0.520619
v 0.504817 0.0525 0.51515
v 0.477183 0.0525 0.51515
v 0.471241 0.0525 0.520619
v 0.467317 0.0525 0.527869
v 0.46596 0.0525 0.536
v 0.467317 0.0525 0.544131
v 0.471241 0.0525 0.551381
v 0.477183 0.0525 0.55685
v 0.49835 0.0525 0.523775
v 0.5027 0.0525 0.523775
v 0.5027 0.0525 0.537725
v 0.49835 0.0525 0.537725
v 0.4793 0.0525 0.5249
v 0.48365 0.0525 0.5249
v 0.48365 0.0525 0.5366
v 0.4793 0.0525 0.5366
v 0.495778 0.0525 0.54515
v 0.495431 0.0525 0.54734
v 0.494769 0.0525 0.548639
v 0.493739 0.0525 0.549669
v 0.49244 0.0525 0.550331
v 0.491 0.0525 0.550559
v 0.48956 0.0525 0.550331
v 0.488261 0.0525 0.549669
v 0.487231 0.0525 0.548639
v 0.486569 0.0525 0.54734
v 0.486222 0.0525 0.54515
v 0.504817 0.0573 0.55685
v 0.510759 0.0573 0.551381
v 0.514683 0.0573 0.544131
v 0.51604 0.0573 0.536
v 0.514683 0.0573 0.527869
v 0.510759 0.0573 0.520619
v 0.504817 0.0573 0.51515
v 0.477183 0.0573 0.51515
v 0.471241 0.0573 0.520619
v 0.467317 0.0573 0.527869
v 0.46596 0.0573 0.536
v 0.467317 0.0573 0.544131
v 0.471241 0.0573 0.551381
v 0.477183 0.0573 0.55685
v 0.49835 0.0573 0.523775
v 0.5027 0.0573 0.523775
v 0.5027 0.0573 0.537725
v 0.49835 0.0573 0.537725
v 0.4793 0.0573 0.5249
v 0.48365 0.0573 0.5249
v 0.48365 0.0573 0.5366
v 0.4793 0.0573 0.5366
v 0.495778 0.0573 0.54515
v 0.495431 0.0573 0.54734
v 0.494769 0.0573 0.548639
v 0.493739 0.0573 0.549669
v 0.49244 0.0573 0.550331
v 0.491 0.0573 0.550559
v 0.48956 0.0573 0.550331
v 0.488261 0.0573 0.549669
v 0.487231 0.0573 0.548639
v 0.486569 0.0573 0.54734
v 0.486222 0.0573 0.54515
vt 0.021173 0.209961
vt 0.013647 0.204539
vt 0.014246 0.203459
vt 0.022161 0.209161
vt 0.013647 0.204539
vt 0.004883 0.200959
vt 0.005215 0.19977
vt 0.014246 0.203459
vt 0.717331 0.098633
vt 0.707929 0.097516
vt 0.707929 0.096281
vt 0.717616 0.097432
vt 0.707929 0.097516
vt 0.698528 0.098633
vt 0.698242 0.097432
vt 0.707929 0.096281
vt 0.842473 0.218537
vt 0.833709 0.222117
vt 0.83311 0.221037
vt 0.842141 0.217348
vt 0.833709 0.222117
vt 0.826183 0.227539
vt 0.825195 0.226739
vt 0.83311 0.221037
vt 0.388735 0.040039
vt 0.356784 0.040039
vt 0.356445 0.038813
vt 0.389074 0.038813
vt 0.685558 0.217348
vt 0.693084 0.22277
vt 0.692485 0.22385
vt 0.68457 0.218148
vt 0.693084 0.22277
vt 0.701848 0.22635
vt 0.701516 0.227539
vt 0.692485 0.22385
vt 0.444621 0.096281
vt 0.454023 0.097398
vt 0.454023 0.098633
vt 0.444336 0.097482
vt 0.454023 0.097398
vt 0.463424 0.096281
vt 0.46371 0.097482
vt 0.454023 0.098633
vt 0.754883 0.22635
vt 0.763647 0.22277
vt 0.764246 0.22385
vt 0.755215 0.227539
vt 0.763647 0.22277
vt 0.771173 0.217348
vt 0.772161 0.218148
vt 0.764246 0.22385
vt 0.200534 0.038813
vt 0.232485 0.038813
vt 0.232824 0.040039
vt 0.200195 0.040039
vt 0.954157 0.157227
vt 0.944336 0.157227
vt 0.944336 0.153411
vt 0.954157 0.153411
vt 0.971735 0.157227
vt 0.961914 0.157227
vt 0.961914 0.153411
vt 0.971735 0.153411
vt 0.876032 0.147461
vt 0.866211 0.147461
vt 0.866211 0.143645
vt 0.876032 0.143645
vt 0.989313 0.157227
vt 0.979492 0.157227
vt 0.979492 0.153411
vt 0.989313 0.153411
vt 0.89361 0.147461
vt 0.883789 0.147461
vt 0.883789 0.143645
vt 0.89361 0.143645
vt 0.243219 0.147461
vt 0.233398 0.147461
vt 0.233398 0.143645
vt 0.243219 0.143645
vt 0.043945 0.163177
vt 0.076574 0.163177
vt 0.076574 0.166992
vt 0.043945 0.166992
vt 0.901367 0.143645
vt 0.911188 0.143645
vt 0.911188 0.147461
vt 0.901367 0.147461
vt 0.469727 0.153411
vt 0.479547 0.153411
vt 0.479547 0.157227
vt 0.469727 0.157227
vt 0.584961 0.143645
vt 0.594782 0.143645
vt 0.594782 0.147461
vt 0.584961 0.147461
vt 0.250977 0.143645
vt 0.260797 0.143645
vt 0.260797 0.147461
vt 0.250977 0.147461
vt 0.092773 0.13388
vt 0.102594 0.13388
vt 0.102594 0.137695
vt 0.092773 0.137695
vt 0.645508 0.153411
vt 0.655329 0.153411
vt 0.655329 0.157227
vt 0.645508 0.157227
vt 0.083008 0.163177
vt 0.115636 0.163177
vt 0.115636 0.166992
vt 0.083008 0.166992
vt 0.069036 0.20057
vt 0.061121 0.206272
vt 0.060522 0.205192
vt 0.068048 0.19977
vt 0.061121 0.206272
vt 0.05209 0.209961
vt 0.051758 0.208772
vt 0.060522 0.205192
vt 0.86996 0.097482
vt 0.860273 0.098633
vt 0.860273 0.097398
vt 0.869674 0.096281
vt 0.860273 0.098633
vt 0.850586 0.097482
vt 0.850871 0.096281
vt 0.860273 0.097398
vt 0.982766 0.227539
vt 0.973735 0.22385
vt 0.974334 0.22277
vt 0.983098 0.22635
vt 0.973735 0.22385
vt 0.96582 0.218148
vt 0.966808 0.217348
vt 0.974334 0.22277
vt 0.633789 0.054438
vt 0.666417 0.054438
vt 0.666079 0.055664
vt 0.634127 0.055664
vt 0.708008 0.226739
vt 0.715923 0.221037
vt 0.716521 0.222117
vt 0.708996 0.227539
vt 0.715923 0.221037
vt 0.724953 0.217348
vt 0.725286 0.218537
vt 0.716521 0.222117
vt 0.106445 0.087666
vt 0.116132 0.086515
vt 0.116132 0.08775
vt 0.106731 0.088867
vt 0.116132 0.086515
vt 0.125819 0.087666
vt 0.125534 0.088867
vt 0.116132 0.08775
vt 0.591153 0.217348
vt 0.600183 0.221037
vt 0.599585 0.222117
vt 0.59082 0.218537
vt 0.600183 0.221037
vt 0.608098 0.226739
vt 0.60711 0.227539
vt 0.599585 0.222117
vt 0.662511 0.063477
vt 0.629883 0.063477
vt 0.630221 0.06225
vt 0.662173 0.06225
vt 0.641602 0.031
vt 0.646631 0.031
vt 0.645764 0.032227
vt 0.642469 0.032227
vt 0.583008 0.038813
vt 0.599137 0.038813
vt 0.59827 0.040039
vt 0.583875 0.040039
vt 0.529444 0.047852
vt 0.524414 0.047852
vt 0.525281 0.046625
vt 0.528577 0.046625
vt 0.946794 0.055664
vt 0.930664 0.055664
vt 0.931531 0.054438
vt 0.945927 0.054438
vt 0.024414 0.118164
vt 0.024414 0.114869
vt 0.02823 0.114869
vt 0.02823 0.118164
vt 0.68457 0.163177
vt 0.698966 0.163177
vt 0.698966 0.166992
vt 0.68457 0.166992
vt 0.03418 0.118164
vt 0.03418 0.114869
vt 0.037995 0.114869
vt 0.037995 0.118164
vt 0.72045 0.166992
vt 0.706055 0.166992
vt 0.706055 0.163177
vt 0.72045 0.163177
vt 0.540295 0.047852
vt 0.537 0.047852
vt 0.536133 0.046625
vt 0.541162 0.046625
vt 0.607313 0.038813
vt 0.621708 0.038813
vt 0.622575 0.040039
vt 0.606445 0.040039
vt 0.654188 0.031
vt 0.657483 0.031
vt 0.65835 0.032227
vt 0.65332 0.032227
vt 0.969364 0.055664
vt 0.954969 0.055664
vt 0.954102 0.054438
vt 0.970231 0.054438
vt 0.594727 0.031
vt 0.599756 0.031
vt 0.598889 0.032227
vt 0.595594 0.032227
vt 0.129883 0.046625
vt 0.143411 0.046625
vt 0.142544 0.047852
vt 0.13075 0.047852
vt 0.447412 0.047852
vt 0.442383 0.047852
vt 0.44325 0.046625
vt 0.446545 0.046625
vt 0.721536 0.047852
vt 0.708008 0.047852
vt 0.708875 0.046625
vt 0.720669 0.046625
vt 0.981445 0.12793
vt 0.981445 0.124634
vt 0.985261 0.124634
vt 0.985261 0.12793
vt 0.063477 0.153411
vt 0.07527 0.153411
vt 0.07527 0.157227
vt 0.063477 0.157227
vt 0.991211 0.12793
vt 0.991211 0.124634
vt 0.995027 0.124634
vt 0.995027 0.12793
vt 0.094802 0.157227
vt 0.083008 0.157227
vt 0.083008 0.153411
vt 0.094802 0.153411
vt 0.458264 0.047852
vt 0.454969 0.047852
vt 0.454102 0.046625
vt 0.459131 0.046625
vt 0.150281 0.046625
vt 0.162075 0.046625
vt 0.162942 0.047852
vt 0.149414 0.047852
vt 0.38075 0.054438
vt 0.384045 0.054438
vt 0.384912 0.055664
vt 0.379883 0.055664
vt 0.181606 0.047852
vt 0.169813 0.047852
vt 0.168945 0.046625
vt 0.182473 0.046625
vt 0.469727 0.086906
vt 0.472258 0.087198
vt 0.47198 0.0884
vt 0.470587 0.088239
vt 0.472258 0.087198
vt 0.473838 0.087756
vt 0.473302 0.088867
vt 0.47198 0.0884
vt 0.450843 0.115164
vt 0.452164 0.116195
vt 0.451301 0.117077
vt 0.450195 0.116214
vt 0.452164 0.116195
vt 0.453222 0.117494
vt 0.452187 0.118164
vt 0.451301 0.117077
vt 0.008212 0.063289
vt 0.006548 0.063477
vt 0.006548 0.062243
vt 0.007941 0.062085
vt 0.006548 0.063477
vt 0.004883 0.063289
vt 0.005154 0.062085
vt 0.006548 0.062243
vt 0.462988 0.115834
vt 0.46193 0.117133
vt 0.461066 0.116252
vt 0.461952 0.115164
vt 0.46193 0.117133
vt 0.460609 0.118164
vt 0.459961 0.117114
vt 0.461066 0.116252
vt 0.485556 0.088017
vt 0.483976 0.088575
vt 0.483699 0.087373
vt 0.485021 0.086906
vt 0.483976 0.088575
vt 0.481445 0.088867
vt 0.482306 0.087533
vt 0.483699 0.087373
vt 0.389648 0.031
vt 0.400698 0.031
vt 0.399683 0.032227
vt 0.390664 0.032227
vt 0.219636 0.069878
vt 0.219636 0.071289
vt 0.21582 0.071289
vt 0.21582 0.069878
vt 0.756745 0.069878
vt 0.756745 0.071289
vt 0.75293 0.071289
vt 0.75293 0.069878
vt 0.229402 0.069878
vt 0.229402 0.071289
vt 0.225586 0.071289
vt 0.225586 0.069878
vt 0.766511 0.069878
vt 0.766511 0.071289
vt 0.762695 0.071289
vt 0.762695 0.069878
vt 0.420898 0.071289
vt 0.420898 0.069878
vt 0.424714 0.069878
vt 0.424714 0.071289
vt 0.450195 0.071289
vt 0.450195 0.069878
vt 0.454011 0.069878
vt 0.454011 0.071289
vt 0.831055 0.071289
vt 0.831055 0.069878
vt 0.83487 0.069878
vt 0.83487 0.071289
vt 0.430664 0.071289
vt 0.430664 0.069878
vt 0.43448 0.069878
vt 0.43448 0.071289
vt 0.772461 0.071289
vt 0.772461 0.069878
vt 0.776277 0.069878
vt 0.776277 0.071289
vt 0.235352 0.071289
vt 0.235352 0.069878
vt 0.239167 0.069878
vt 0.239167 0.071289
vt 0.305664 0.13388
vt 0.314683 0.13388
vt 0.314683 0.137695
vt 0.305664 0.137695
vt 0.540899 0.087533
vt 0.542292 0.087373
vt 0.54257 0.088575
vt 0.540039 0.088867
vt 0.542292 0.087373
vt 0.543615 0.086906
vt 0.54415 0.088017
vt 0.54257 0.088575
vt 0.391602 0.117114
vt 0.392707 0.116252
vt 0.39357 0.117133
vt 0.39225 0.118164
vt 0.392707 0.116252
vt 0.393593 0.115164
vt 0.394629 0.115834
vt 0.39357 0.117133
vt 0.024685 0.062085
vt 0.026079 0.062243
vt 0.026079 0.063477
vt 0.024414 0.063289
vt 0.026079 0.062243
vt 0.027472 0.062085
vt 0.027744 0.063289
vt 0.026079 0.063477
vt 0.481483 0.118164
vt 0.480598 0.117077
vt 0.481461 0.116195
vt 0.482519 0.117494
vt 0.480598 0.117077
vt 0.479492 0.116214
vt 0.48014 0.115164
vt 0.481461 0.116195
vt 0.344396 0.088867
vt 0.343074 0.0884
vt 0.343351 0.087198
vt 0.344931 0.087756
vt 0.343074 0.0884
vt 0.341681 0.088239
vt 0.34082 0.086906
vt 0.343351 0.087198
vt 0.294214 0.032227
vt 0.285195 0.032227
vt 0.28418 0.031
vt 0.295229 0.031
vt 0.488913 0.597219
vt 0.504889 0.604492
vt 0.472937 0.604492
vt 0.487248 0.596955
vt 0.488913 0.597219
vt 0.472937 0.604492
vt 0.485746 0.59619
vt 0.487248 0.596955
vt 0.472937 0.604492
vt 0.484555 0.594998
vt 0.485746 0.59619
vt 0.472937 0.604492
vt 0.483789 0.593496
vt 0.484555 0.594998
vt 0.472937 0.604492
vt 0.483388 0.590964
vt 0.483789 0.593496
vt 0.472937 0.604492
vt 0.480415 0.581078
vt 0.483388 0.590964
vt 0.472937 0.604492
vt 0.475385 0.581078
vt 0.480415 0.581078
vt 0.472937 0.604492
vt 0.475385 0.56755
vt 0.475385 0.581078
vt 0.472937 0.604492
vt 0.483388 0.590964
vt 0.480415 0.581078
vt 0.480415 0.56755
vt 0.494438 0.590964
vt 0.483388 0.590964
vt 0.480415 0.56755
vt 0.497411 0.582379
vt 0.502441 0.582379
vt 0.494438 0.590964
vt 0.497411 0.582379
vt 0.494438 0.590964
vt 0.480415 0.56755
vt 0.497411 0.566249
vt 0.497411 0.582379
vt 0.480415 0.56755
vt 0.497411 0.566249
vt 0.480415 0.56755
vt 0.475385 0.56755
vt 0.494037 0.593496
vt 0.494438 0.590964
vt 0.502441 0.582379
vt 0.493271 0.594998
vt 0.494037 0.593496
vt 0.502441 0.582379
vt 0.504889 0.604492
vt 0.488913 0.597219
vt 0.490578 0.596955
vt 0.504889 0.604492
vt 0.490578 0.596955
vt 0.49208 0.59619
vt 0.504889 0.604492
vt 0.49208 0.59619
vt 0.493271 0.594998
vt 0.504889 0.604492
vt 0.493271 0.594998
vt 0.502441 0.582379
vt 0.504889 0.604492
vt 0.502441 0.582379
vt 0.502441 0.566249
vt 0.511759 0.598168
vt 0.504889 0.604492
vt 0.502441 0.566249
vt 0.516296 0.589786
vt 0.511759 0.598168
vt 0.502441 0.566249
vt 0.517865 0.580384
vt 0.516296 0.589786
vt 0.502441 0.566249
vt 0.516296 0.570983
vt 0.517865 0.580384
vt 0.502441 0.566249
vt 0.511759 0.5626
vt 0.516296 0.570983
vt 0.502441 0.566249
vt 0.511759 0.5626
vt 0.502441 0.566249
vt 0.497411 0.566249
vt 0.511759 0.5626
vt 0.497411 0.566249
vt 0.475385 0.56755
vt 0.504889 0.556277
vt 0.511759 0.5626
vt 0.475385 0.56755
vt 0.472937 0.556277
vt 0.504889 0.556277
vt 0.475385 0.56755
vt 0.472937 0.556277
vt 0.475385 0.56755
vt 0.472937 0.604492
vt 0.466067 0.5626
vt 0.472937 0.556277
vt 0.472937 0.604492
vt 0.46153 0.570983
vt 0.466067 0.5626
vt 0.472937 0.604492
vt 0.459961 0.580384
vt 0.46153 0.570983
vt 0.472937 0.604492
vt 0.46153 0.589786
vt 0.459961 0.580384
vt 0.472937 0.604492
vt 0.472937 0.604492
vt 0.466067 0.598168
vt 0.46153 0.589786
vt 0.247076 0.604492
vt 0.215125 0.604492
vt 0.231101 0.597219
vt 0.247076 0.604492
vt 0.231101 0.597219
vt 0.232765 0.596955
vt 0.247076 0.604492
vt 0.232765 0.596955
vt 0.234267 0.59619
vt 0.247076 0.604492
vt 0.234267 0.59619
vt 0.235459 0.594998
vt 0.247076 0.604492
vt 0.235459 0.594998
vt 0.236224 0.593496
vt 0.247076 0.604492
vt 0.236224 0.593496
vt 0.236625 0.590964
vt 0.247076 0.604492
vt 0.236625 0.590964
vt 0.239599 0.581078
vt 0.247076 0.604492
vt 0.239599 0.581078
vt 0.244629 0.581078
vt 0.247076 0.604492
vt 0.244629 0.581078
vt 0.244629 0.56755
vt 0.239599 0.56755
vt 0.239599 0.581078
vt 0.236625 0.590964
vt 0.239599 0.56755
vt 0.236625 0.590964
vt 0.225576 0.590964
vt 0.225576 0.590964
vt 0.217572 0.582379
vt 0.222602 0.582379
vt 0.239599 0.56755
vt 0.225576 0.590964
vt 0.222602 0.582379
vt 0.239599 0.56755
vt 0.222602 0.582379
vt 0.222602 0.566249
vt 0.244629 0.56755
vt 0.239599 0.56755
vt 0.222602 0.566249
vt 0.217572 0.582379
vt 0.225576 0.590964
vt 0.225977 0.593496
vt 0.217572 0.582379
vt 0.225977 0.593496
vt 0.226742 0.594998
vt 0.229436 0.596955
vt 0.231101 0.597219
vt 0.215125 0.604492
vt 0.227934 0.59619
vt 0.229436 0.596955
vt 0.215125 0.604492
vt 0.226742 0.594998
vt 0.227934 0.59619
vt 0.215125 0.604492
vt 0.217572 0.582379
vt 0.226742 0.594998
vt 0.215125 0.604492
vt 0.217572 0.566249
vt 0.217572 0.582379
vt 0.215125 0.604492
vt 0.217572 0.566249
vt 0.215125 0.604492
vt 0.208254 0.598168
vt 0.217572 0.566249
vt 0.208254 0.598168
vt 0.203717 0.589786
vt 0.217572 0.566249
vt 0.203717 0.589786
vt 0.202148 0.580384
vt 0.217572 0.566249
vt 0.202148 0.580384
vt 0.203717 0.570983
vt 0.217572 0.566249
vt 0.203717 0.570983
vt 0.208254 0.5626
vt 0.222602 0.566249
vt 0.217572 0.566249
vt 0.208254 0.5626
vt 0.244629 0.56755
vt 0.222602 0.566249
vt 0.208254 0.5626
vt 0.244629 0.56755
vt 0.208254 0.5626
vt 0.215125 0.556277
vt 0.244629 0.56755
vt 0.215125 0.556277
vt 0.247076 0.556277
vt 0.247076 0.604492
vt 0.244629 0.56755
vt 0.247076 0.556277
vt 0.247076 0.604492
vt 0.247076 0.556277
vt 0.253947 0.5626
vt 0.247076 0.604492
vt 0.253947 0.5626
vt 0.258484 0.570983
vt 0.247076 0.604492
vt 0.258484 0.570983
vt 0.260053 0.580384
vt 0.247076 0.604492
vt 0.260053 0.580384
vt 0.258484 0.589786
vt 0.258484 0.589786
vt 0.253947 0.598168
vt 0.247076 0.604492
vn 0.11221 -0.72419 0.68041
vn 0.554501 -0.711946 0.430885
vn 0.664179 -0.711946 0.228032
vn 0.702234 -0.711946 0
vn 0.664179 -0.711946 -0.228032
vn 0.554501 -0.711946 -0.430885
vn 0.11221 -0.72419 -0.68041
vn -0.11221 -0.72419 -0.68041
vn -0.554501 -0.711946 -0.430885
vn -0.664179 -0.711946 -0.228032
vn -0.702234 -0.711946 0
vn -0.664179 -0.711946 0.228032
vn -0.554501 -0.711946 0.430885
vn -0.11221 -0.72419 0.68041
vn 0.677234 0 0.735768
vn 0.789108 0 0.614254
vn 0.945809 0 0.324724
vn 1 0 0
vn 0.945809 0 -0.324724
vn 0.789108 0 -0.614254
vn 0.677234 0 -0.735768
vn 0 0 -1
vn -0.677234 0 -0.735768
vn -0.789108 0 -0.614254
vn -0.945809 0 -0.324724
vn -1 0 0
vn -0.945809 0 0.324724
vn -0.789108 0 0.614254
vn -0.677234 0 0.735768
vn 0 0 1
vn 0.11221 0.72419 0.68041
vn 0.554501 0.711946 0.430885
vn 0.664179 0.711946 0.228032
vn 0.702234 0.711946 0
vn 0.664179 0.711946 -0.228032
vn 0.554501 0.711946 -0.430885
vn 0.11221 0.72419 -0.68041
vn -0.11221 0.72419 -0.68041
vn -0.554501 0.711946 -0.430885
vn -0.664179 0.711946 -0.228032
vn -0.702234 0.711946 0
vn -0.664179 0.711946 0.228032
vn -0.554501 0.711946 0.430885
vn -0.11221 0.72419 0.68041
vn 0 -0.707107 0.707107
vn -0.707107 -0.707107 0
vn 0 -0.707107 -0.707107
vn 0.707107 -0.707107 0
vn 0 0.707107 0.707107
vn -0.707107 0.707107 0
vn 0 0.707107 -0.707107
vn 0.707107 0.707107 0
vn -0.698401 -0.707107 -0.110616
vn -0.672527 -0.711405 -0.203987
vn -0.568507 -0.711473 -0.413045
vn -0.413045 -0.711473 -0.568507
vn -0.21715 -0.711473 -0.66832
vn 0 -0.711473 -0.702714
vn 0.21715 -0.711473 -0.66832
vn 0.413045 -0.711473 -0.568507
vn 0.568507 -0.711473 -0.413045
vn 0.672527 -0.711405 -0.203987
vn 0.698401 -0.707107 -0.110616
vn -0.987688 0 -0.156434
vn -0.951057 0 -0.309017
vn -0.809017 0 -0.587785
vn -0.587785 0 -0.809017
vn -0.309017 0 -0.951057
vn 0.309017 0 -0.951057
vn 0.587785 0 -0.809017
vn 0.809017 0 -0.587785
vn 0.951057 0 -0.309017
vn 0.987688 0 -0.156434
vn -0.698401 0.707107 -0.110616
vn -0.672527 0.711405 -0.203987
vn -0.568507 0.711473 -0.413045
vn -0.413045 0.711473 -0.568507
vn -0.21715 0.711473 -0.66832
vn 0 0.711473 -0.702714
vn 0.21715 0.711473 -0.66832
vn 0.413045 0.711473 -0.568507
vn 0.568507 0.711473 -0.413045
vn 0.672527 0.711405 -0.203987
vn 0.698401 0.707107 -0.110616
vn 0 -1 0
vn 0 1 0
f 889/2749/395 890/2750/396 904/2751/396 903/2752/395
f 890/2753/396 891/2754/397 905/2755/397 904/2756/396
f 891/2757/397 892/2758/398 906/2759/398 905/2760/397
f 892/2761/398 893/2762/399 907/2763/399 906/2764/398
f 893/2765/399 894/2766/400 908/2767/400 907/2768/399
f 894/2769/400 895/2770/401 909/2771/401 908/2772/400
f 895/2773/401 896/2774/402 910/2775/402 909/2776/401
f 896/2777/402 897/2778/403 911/2779/403 910/2780/402
f 897/2781/403 898/2782/404 912/2783/404 911/2784/403
f 898/2785/404 899/2786/405 913/2787/405 912/2788/404
f 899/2789/405 900/2790/406 914/2791/406 913/2792/405
f 900/2793/406 901/2794/407 915/2795/407 914/2796/406
f 901/2797/407 902/2798/408 916/2799/408 915/2800/407
f 902/2801/408 889/2802/395 903/2803/395 916/2804/408
f 903/2805/409 904/2806/410 918/2807/410 917/2808/409
f 904/2809/410 905/2810/411 919/2811/411 918/2812/410
f 905/2813/411 906/2814/412 920/2815/412 919/2816/411
f 906/2817/412 907/2818/413 921/2819/413 920/2820/412
f 907/2821/413 908/2822/414 922/2823/414 921/2824/413
f 908/2825/414 909/2826/415 923/2827/415 922/2828/414
f 909/2829/416 910/2830/416 924/2831/416 923/2832/416
f 910/2833/417 911/2834/418 925/2835/418 924/2836/417
f 911/2837/418 912/2838/419 926/2839/419 925/2840/418
f 912/2841/419 913/2842/420 927/2843/420 926/2844/419
f 913/2845/420 914/2846/421 928/2847/421 927/2848/420
f 914/2849/421 915/2850/422 929/2851/422 928/2852/421
f 915/2853/422 916/2854/423 930/2855/423 929/2856/422
f 916/2857/424 903/2858/424 917/2859/424 930/2860/424
f 917/2861/425 918/2862/426 932/2863/426 931/2864/425
f 918/2865/426 919/2866/427 933/2867/427 932/2868/426
f 919/2869/427 920/2870/428 934/2871/428 933/2872/427
f 920/2873/428 921/2874/429 935/2875/429 934/2876/428
f 921/2877/429 922/2878/430 936/2879/430 935/2880/429
f 922/2881/430 923/2882/431 937/2883/431 936/2884/430
f 923/2885/431 924/2886/432 938/2887/432 937/2888/431
f 924/2889/432 925/2890/433 939/2891/433 938/2892/432
f 925/2893/433 926/2894/434 940/2895/434 939/2896/433
f 926/2897/434 927/2898/435 941/2899/435 940/2900/434
f 927/2901/435 928/2902/436 942/2903/436 941/2904/435
f 928/2905/436 929/2906/437 943/2907/437 942/2908/436
f 929/2909/437 930/2910/438 944/2911/438 943/2912/437
f 930/2913/438 917/2914/425 931/2915/425 944/2916/438
f 945/2917/439 946/2918/439 950/2919/439 949/2920/439
f 946/2921/440 947/2922/440 951/2923/440 950/2924/440
f 947/2925/441 948/2926/441 952/2927/441 951/2928/441
f 948/2929/442 945/2930/442 949/2931/442 952/2932/442
f 949/2933/424 950/2934/424 954/2935/424 953/2936/424
f 950/2937/420 951/2938/420 955/2939/420 954/2940/420
f 951/2941/416 952/2942/416 956/2943/416 955/2944/416
f 952/2945/412 949/2946/412 953/2947/412 956/2948/412
f 953/2949/443 954/2950/443 958/2951/443 957/2952/443
f 954/2953/444 955/2954/444 959/2955/444 958/2956/444
f 955/2957/445 956/2958/445 960/2959/445 959/2960/445
f 956/2961/446 953/2962/446 957/2963/446 960/2964/446
f 961/2965/439 962/2966/439 966/2967/439 965/2968/439
f 962/2969/440 963/2970/440 967/2971/440 966/2972/440
f 963/2973/441 964/2974/441 968/2975/441 967/2976/441
f 964/2977/442 961/2978/442 965/2979/442 968/2980/442
f 965/2981/424 966/2982/424 970/2983/424 969/2984/424
f 966/2985/420 967/2986/420 971/2987/420 970/2988/420
f 967/2989/416 968/2990/416 972/2991/416 971/2992/416
f 968/2993/412 965/2994/412 969/2995/412 972/2996/412
f 969/2997/443 970/2998/443 974/2999/443 973/3000/443
f 970/3001/444 971/3002/444 975/3003/444 974/3004/444
f 971/3005/445 972/3006/445 976/3007/445 975/3008/445
f 972/3009/446 969/3010/446 973/3011/446 976/3012/446
f 977/3013/447 978/3014/448 989/3015/448 988/3016/447
f 978/3017/448 979/3018/449 990/3019/449 989/3020/448
f 979/3021/449 980/3022/450 991/3023/450 990/3024/449
f 980/3025/450 981/3026/451 992/3027/451 991/3028/450
f 981/3029/451 982/3030/452 993/3031/452 992/3032/451
f 982/3033/452 983/3034/453 994/3035/453 993/3036/452
f 983/3037/453 984/3038/454 995/3039/454 994/3040/453
f 984/3041/454 985/3042/455 996/3043/455 995/3044/454
f 985/3045/455 986/3046/456 997/3047/456 996/3048/455
f 986/3049/456 987/3050/457 998/3051/457 997/3052/456
f 987/3053/439 977/3054/439 988/3055/439 998/3056/439
f 988/3057/458 989/3058/459 1000/3059/459 999/3060/458
f 989/3061/459 990/3062/460 1001/3063/460 1000/3064/459
f 990/3065/460 991/3066/461 1002/3067/461 1001/3068/460
f 991/3069/461 992/3070/462 1003/3071/462 1002/3072/461
f 992/3073/462 993/3074/416 1004/3075/416 1003/3076/462
f 993/3077/416 994/3078/463 1005/3079/463 1004/3080/416
f 994/3081/463 995/3082/464 1006/3083/464 1005/3084/463
f 995/3085/464 996/3086/465 1007/3087/465 1006/3088/464
f 996/3089/465 997/3090/466 1008/3091/466 1007/3092/465
f 997/3093/466 998/3094/467 1009/3095/467 1008/3096/466
f 998/3097/424 988/3098/424 999/3099/424 1009/3100/424
f 999/3101/468 1000/3102/469 1011/3103/469 1010/3104/468
f 1000/3105/469 1001/3106/470 1012/3107/470 1011/3108/469
f 1001/3109/470 1002/3110/471 1013/3111/471 1012/3112/470
f 1002/3113/471 1003/3114/472 1014/3115/472 1013/3116/471
f 1003/3117/472 1004/3118/473 1015/3119/473 1014/3120/472
f 1004/3121/473 1005/3122/474 1016/3123/474 1015/3124/473
f 1005/3125/474 1006/3126/475 1017/3127/475 1016/3128/474
f 1006/3129/475 1007/3130/476 1018/3131/476 1017/3132/475
f 1007/3133/476 1008/3134/477 1019/3135/477 1018/3136/476
f 1008/3137/477 1009/3138/478 1020/3139/478 1019/3140/477
f 1009/3141/443 999/3142/443 1010/3143/443 1020/3144/443
f 1048/3145/479 1021/3146/479 1034/3147/479
f 1049/3148/479 1048/3149/479 1034/3150/479
f 1050/3151/479 1049/3152/479 1034/3153/479
f 1051/3154/479 1050/3155/479 1034/3156/479
f 1052/3157/479 1051/3158/479 1034/3159/479
f 1053/3160/479 1052/3161/479 1034/3162/479
f 1041/3163/479 1053/3164/479 1034/3165/479
f 1042/3166/479 1041/3167/479 1034/3168/479
f 1039/3169/479 1042/3170/479 1034/3171/479
f 1053/3172/479 1041/3173/479 1040/3174/479
f 1043/3175/479 1053/3176/479 1040/3177/479
f 1038/3178/479 1037/3179/479 1043/3180/479
f 1038/3181/479 1043/3182/479 1040/3183/479
f 1035/3184/479 1038/3185/479 1040/3186/479
f 1035/3187/479 1040/3188/479 1039/3189/479
f 1044/3190/479 1043/3191/479 1037/3192/479
f 1045/3193/479 1044/3194/479 1037/3195/479
f 1021/3196/479 1048/3197/479 1047/3198/479
f 1021/3199/479 1047/3200/479 1046/3201/479
f 1021/3202/479 1046/3203/479 1045/3204/479
f 1021/3205/479 1045/3206/479 1037/3207/479
f 1021/3208/479 1037/3209/479 1036/3210/479
f 1022/3211/479 1021/3212/479 1036/3213/479
f 1023/3214/479 1022/3215/479 1036/3216/479
f 1024/3217/479 1023/3218/479 1036/3219/479
f 1025/3220/479 1024/3221/479 1036/3222/479
f 1026/3223/479 1025/3224/479 1036/3225/479
f 1026/3226/479 1036/3227/479 1035/3228/479
f 1026/3229/479 1035/3230/479 1039/3231/479
f 1027/3232/479 1026/3233/479 1039/3234/479
f 1028/3235/479 1027/3236/479 1039/3237/479
f 1028/3238/479 1039/3239/479 1034/3240/479
f 1029/3241/479 1028/3242/479 1034/3243/479
f 1030/3244/479 1029/3245/479 1034/3246/479
f 1031/3247/479 1030/3248/479 1034/3249/479
f 1032/3250/479 1031/3251/479 1034/3252/479
f 1034/3253/479 1033/3254/479 1032/3255/479
f 1067/3256/480 1054/3257/480 1081/3258/480
f 1067/3259/480 1081/3260/480 1082/3261/480
f 1067/3262/480 1082/3263/480 1083/3264/480
f 1067/3265/480 1083/3266/480 1084/3267/480
f 1067/3268/480 1084/3269/480 1085/3270/480
f 1067/3271/480 1085/3272/480 1086/3273/480
f 1067/3274/480 1086/3275/480 1074/3276/480
f 1067/3277/480 1074/3278/480 1075/3279/480
f 1067/3280/480 1075/3281/480 1072/3282/480
f 1073/3283/480 1074/3284/480 1086/3285/480
f 1073/3286/480 1086/3287/480 1076/3288/480
f 1076/3289/480 1070/3290/480 1071/3291/480
f 1073/3292/480 1076/3293/480 1071/3294/480
f 1073/3295/480 1071/3296/480 1068/3297/480
f 1072/3298/480 1073/3299/480 1068/3300/480
f 1070/3301/480 1076/3302/480 1077/3303/480
f 1070/3304/480 1077/3305/480 1078/3306/480
f 1080/3307/480 1081/3308/480 1054/3309/480
f 1079/3310/480 1080/3311/480 1054/3312/480
f 1078/3313/480 1079/3314/480 1054/3315/480
f 1070/3316/480 1078/3317/480 1054/3318/480
f 1069/3319/480 1070/3320/480 1054/3321/480
f 1069/3322/480 1054/3323/480 1055/3324/480
f 1069/3325/480 1055/3326/480 1056/3327/480
f 1069/3328/480 1056/3329/480 1057/3330/480
f 1069/3331/480 1057/3332/480 1058/3333/480
f 1069/3334/480 1058/3335/480 1059/3336/480
f 1068/3337/480 1069/3338/480 1059/3339/480
f 1072/3340/480 1068/3341/480 1059/3342/480
f 1072/3343/480 1059/3344/480 1060/3345/480
f 1072/3346/480 1060/3347/480 1061/3348/480
f 1067/3349/480 1072/3350/480 1061/3351/480
f 1067/3352/480 1061/3353/480 1062/3354/480
f 1067/3355/480 1062/3356/480 1063/3357/480
f 1067/3358/480 1063/3359/480 1064/3360/480
f 1067/3361/480 1064/3362/480 1065/3363/480
f 1065/3364/480 1066/3365/480 1067/3366/480
o strip6_face_b2
usemtl strip
v 0.585817 0.0525 0.55685
v 0.591759 0.0525 0.551381
v 0.595683 0.0525 0.544131
v 0.59704 0.0525 0.536
v 0.595683 0.0525 0.527869
v 0.591759 0.0525 0.520619
v 0.585817 0.0525 0.51515
v 0.558183 0.0525 0.51515
v 0.552241 0.0525 0.520619
v 0.548317 0.0525 0.527869
v 0.54696 0.0525 0.536
v 0.548317 0.0525 0.544131
v 0.552241 0.0525 0.551381
v 0.558183 0.0525 0.55685
v 0.58611 0.05325 0.5576
v 0.592359 0.05325 0.551848
v 0.596402 0.05325 0.544378
v 0.5978 0.05325 0.536
v 0.596402 0.05325 0.527622
v 0.592359 0.05325 0.520152
v 0.58611 0.05325 0.5144
v 0.55789 0.05325 0.5144
v 0.551641 0.05325 0.520152
v 0.547598 0.05325 0.527622
v 0.5462 0.05325 0.536
v 0.547598 0.05325 0.544378
v 0.551641 0.05325 0.551848
v 0.55789 0.05325 0.5576
v 0.58611 0.05655 0.5576
v 0.592359 0.05655 0.551848
v 0.596402 0.05655 0.544378
v 0.5978 0.05655 0.536
v 0.596402 0.05655 0.527622
v 0.592359 0.05655 0.520152
v 0.58611 0.05655 0.5144
v 0.55789 0.05655 0.5144
v 0.551641 0.05655 0.520152
v 0.547598 0.05655 0.527622
v 0.5462 0.05655 0.536
v 0.547598 0.05655 0.544378
v 0.551641 0.05655 0.551848
v 0.55789 0.05655 0.5576
v 0.585817 0.0573 0.55685
v 0.591759 0.0573 0.551381
v 0.595683 0.0573 0.544131
v 0.59704 0.0573 0.536
v 0.595683 0.0573 0.527869
v 0.591759 0.0573 0.520619
v 0.585817 0.0573 0.51515
v 0.558183 0.0573 0.51515
v 0.552241 0.0573 0.520619
v 0.548317 0.0573 0.527869
v 0.54696 0.0573 0.536
v 0.548317 0.0573 0.544131
v 0.552241 0.0573 0.551381
v 0.558183 0.0573 0.55685
v 0.57935 0.0525 0.523775
v 0.5837 0.0525 0.523775
v 0.5837 0.0525 0.537725
v 0.57935 0.0525 0.537725
v 0.5801 0.05325 0.524525
v 0.58295 0.05325 0.524525
v 0.58295 0.05325 0.536975
v 0.5801 0.05325 0.536975
v 0.5801 0.05655 0.524525
v 0.58295 0.05655 0.524525
v 0.58295 0.05655 0.536975
v 0.5801 0.05655 0.536975
v 0.57935 0.0573 0.523775
v 0.5837 0.0573 0.523775
v 0.5837 0.0573 0.537725
v 0.57935 0.0573 0.537725
v 0.5603 0.0525 0.5249
v 0.56465 0.0525 0.5249
v 0.56465 0.0525 0.5366
v 0.5603 0.0525 0.5366
v 0.56105 0.05325 0.52565
v 0.5639 0.05325 0.52565
v 0.5639 0.05325 0.53585
v 0.56105 0.05325 0.53585
v 0.56105 0.05655 0.52565
v 0.5639 0.05655 0.52565
v 0.5639 0.05655 0.53585
v 0.56105 0.05655 0.53585
v 0.5603 0.0573 0.5249
v 0.56465 0.0573 0.5249
v 0.56465 0.0573 0.5366
v 0.5603 0.0573 0.5366
v 0.576778 0.0525 0.54515
v 0.576431 0.0525 0.54734
v 0.575769 0.0525 0.548639
v 0.574739 0.0525 0.549669
v 0.57344 0.0525 0.550331
v 0.572 0.0525 0.550559
v 0.57056 0.0525 0.550331
v 0.569261 0.0525 0.549669
v 0.568231 0.0525 0.548639
v 0.567569 0.0525 0.54734
v 0.567222 0.0525 0.54515
v 0.5759 0.05325 0.5459
v 0.575709 0.05325 0.547105
v 0.575155 0.05325 0.548192
v 0.574292 0.05325 0.549055
v 0.573205 0.05325 0.549609
v 0.572 0.05325 0.5498
v 0.570795 0.05325 0.549609
v 0.569708 0.05325 0.549055
v 0.568845 0.05325 0.548192
v 0.568291 0.05325 0.547105
v 0.5681 0.05325 0.5459
v 0.5759 0.05655 0.5459
v 0.575709 0.05655 0.547105
v 0.575155 0.05655 0.548192
v 0.574292 0.05655 0.549055
v 0.573205 0.05655 0.549609
v 0.572 0.05655 0.5498
v 0.570795 0.05655 0.549609
v 0.569708 0.05655 0.549055
v 0.568845 0.05655 0.548192
v 0.568291 0.05655 0.547105
v 0.5681 0.05655 0.5459
v 0.576778 0.0573 0.54515
v 0.576431 0.0573 0.54734
v 0.575769 0.0573 0.548639
v 0.574739 0.0573 0.549669
v 0.57344 0.0573 0.550331
v 0.572 0.0573 0.550559
v 0.57056 0.0573 0.550331
v 0.569261 0.0573 0.549669
v 0.568231 0.0573 0.548639
v 0.567569 0.0573 0.54734
v 0.567222 0.0573 0.54515
v 0.585817 0.0525 0.55685
v 0.591759 0.0525 0.551381
v 0.595683 0.0525 0.544131
v 0.59704 0.0525 0.536
v 0.595683 0.0525 0.527869
v 0.591759 0.0525 0.520619
v 0.585817 0.0525 0.51515
v 0.558183 0.0525 0.51515
v 0.552241 0.0525 0.520619
v 0.548317 0.0525 0.527869
v 0.54696 0.0525 0.536
v 0.548317 0.0525 0.544131
v 0.552241 0.0525 0.551381
v 0.558183 0.0525 0.55685
v 0.57935 0.0525 0.523775
v 0.5837 0.0525 0.523775
v 0.5837 0.0525 0.537725
v 0.57935 0.0525 0.537725
v 0.5603 0.0525 0.5249
v 0.56465 0.0525 0.5249
v 0.56465 0.0525 0.5366
v 0.5603 0.0525 0.5366
v 0.576778 0.0525 0.54515
v 0.576431 0.0525 0.54734
v 0.575769 0.0525 0.548639
v 0.574739 0.0525 0.549669
v 0.57344 0.0525 0.550331
v 0.572 0.0525 0.550559
v 0.57056 0.0525 0.550331
v 0.569261 0.0525 0.549669
v 0.568231 0.0525 0.548639
v 0.567569 0.0525 0.54734
v 0.567222 0.0525 0.54515
v 0.585817 0.0573 0.55685
v 0.591759 0.0573 0.551381
v 0.595683 0.0573 0.544131
v 0.59704 0.0573 0.536
v 0.595683 0.0573 0.527869
v 0.591759 0.0573 0.520619
v 0.585817 0.0573 0.51515
v 0.558183 0.0573 0.51515
v 0.552241 0.0573 0.520619
v 0.548317 0.0573 0.527869
v 0.54696 0.0573 0.536
v 0.548317 0.0573 0.544131
v 0.552241 0.0573 0.551381
v 0.558183 0.0573 0.55685
v 0.57935 0.0573 0.523775
v 0.5837 0.0573 0.523775
v 0.5837 0.0573 0.537725
v 0.57935 0.0573 0.537725
v 0.5603 0.0573 0.5249
v 0.56465 0.0573 0.5249
v 0.56465 0.0573 0.5366
v 0.5603 0.0573 0.5366
v 0.576778 0.0573 0.54515
v 0.576431 0.0573 0.54734
v 0.575769 0.0573 0.548639
v 0.574739 0.0573 0.549669
v 0.57344 0.0573 0.550331
v 0.572 0.0573 0.550559
v 0.57056 0.0573 0.550331
v 0.569261 0.0573 0.549669
v 0.568231 0.0573 0.548639
v 0.567569 0.0573 0.54734
v 0.567222 0.0573 0.54515
vt 0.443048 0.209961
vt 0.435522 0.204539
vt 0.436121 0.203459
vt 0.444036 0.209161
vt 0.435522 0.204539
vt 0.426758 0.200959
vt 0.42709 0.19977
vt 0.436121 0.203459
vt 0.227096 0.088867
vt 0.217695 0.08775
vt 0.217695 0.086515
vt 0.227382 0.087666
vt 0.217695 0.08775
vt 0.208293 0.088867
vt 0.208008 0.087666
vt 0.217695 0.086515
vt 0.490911 0.218537
vt 0.482146 0.222117
vt 0.481548 0.221037
vt 0.490578 0.217348
vt 0.482146 0.222117
vt 0.474621 0.227539
vt 0.473633 0.226739
vt 0.481548 0.221037
vt 0.076235 0.040039
vt 0.044284 0.040039
vt 0.043945 0.038813
vt 0.076574 0.038813
vt 0.451183 0.19977
vt 0.458709 0.205192
vt 0.45811 0.206272
vt 0.450195 0.20057
vt 0.458709 0.205192
vt 0.467473 0.208772
vt 0.467141 0.209961
vt 0.45811 0.206272
vt 0.005168 0.086515
vt 0.01457 0.087632
vt 0.01457 0.088867
vt 0.004883 0.087716
vt 0.01457 0.087632
vt 0.023971 0.086515
vt 0.024257 0.087716
vt 0.01457 0.088867
vt 0.77832 0.22635
vt 0.787085 0.22277
vt 0.787683 0.22385
vt 0.778653 0.227539
vt 0.787085 0.22277
vt 0.79461 0.217348
vt 0.795598 0.218148
vt 0.787683 0.22385
vt 0.669284 0.06225
vt 0.701235 0.06225
vt 0.701574 0.063477
vt 0.668945 0.063477
vt 0.497126 0.157227
vt 0.487305 0.157227
vt 0.487305 0.153411
vt 0.497126 0.153411
vt 0.014704 0.147461
vt 0.004883 0.147461
vt 0.004883 0.143645
vt 0.014704 0.143645
vt 0.928766 0.147461
vt 0.918945 0.147461
vt 0.918945 0.143645
vt 0.928766 0.143645
vt 0.032282 0.147461
vt 0.022461 0.147461
vt 0.022461 0.143645
vt 0.032282 0.143645
vt 0.120172 0.137695
vt 0.110352 0.137695
vt 0.110352 0.13388
vt 0.120172 0.13388
vt 0.514704 0.157227
vt 0.504883 0.157227
vt 0.504883 0.153411
vt 0.514704 0.153411
vt 0.12207 0.163177
vt 0.154699 0.163177
vt 0.154699 0.166992
vt 0.12207 0.166992
vt 0.602539 0.143645
vt 0.61236 0.143645
vt 0.61236 0.147461
vt 0.602539 0.147461
vt 0.663086 0.153411
vt 0.672907 0.153411
vt 0.672907 0.157227
vt 0.663086 0.157227
vt 0.620117 0.143645
vt 0.629938 0.143645
vt 0.629938 0.147461
vt 0.620117 0.147461
vt 0.040039 0.143645
vt 0.04986 0.143645
vt 0.04986 0.147461
vt 0.040039 0.147461
vt 0.12793 0.13388
vt 0.137751 0.13388
vt 0.137751 0.137695
vt 0.12793 0.137695
vt 0.522461 0.153411
vt 0.532282 0.153411
vt 0.532282 0.157227
vt 0.522461 0.157227
vt 0.161133 0.163177
vt 0.193761 0.163177
vt 0.193761 0.166992
vt 0.161133 0.166992
vt 0.256536 0.20057
vt 0.248621 0.206272
vt 0.248022 0.205192
vt 0.255548 0.19977
vt 0.248621 0.206272
vt 0.23959 0.209961
vt 0.239258 0.208772
vt 0.248022 0.205192
vt 0.075038 0.087716
vt 0.065351 0.088867
vt 0.065351 0.087632
vt 0.074752 0.086515
vt 0.065351 0.088867
vt 0.055664 0.087716
vt 0.05595 0.086515
vt 0.065351 0.087632
vt 0.935891 0.227539
vt 0.92686 0.22385
vt 0.927459 0.22277
vt 0.936223 0.22635
vt 0.92686 0.22385
vt 0.918945 0.218148
vt 0.919933 0.217348
vt 0.927459 0.22277
vt 0.750977 0.054438
vt 0.783605 0.054438
vt 0.783267 0.055664
vt 0.751315 0.055664
vt 0.333008 0.209161
vt 0.340923 0.203459
vt 0.341521 0.204539
vt 0.333996 0.209961
vt 0.340923 0.203459
vt 0.349953 0.19977
vt 0.350286 0.200959
vt 0.341521 0.204539
vt 0.469727 0.097432
vt 0.479413 0.096281
vt 0.479413 0.097516
vt 0.470012 0.098633
vt 0.479413 0.096281
vt 0.4891 0.097432
vt 0.488815 0.098633
vt 0.479413 0.097516
vt 0.567715 0.217348
vt 0.576746 0.221037
vt 0.576147 0.222117
vt 0.567383 0.218537
vt 0.576746 0.221037
vt 0.584661 0.226739
vt 0.583673 0.227539
vt 0.576147 0.222117
vt 0.271886 0.040039
vt 0.239258 0.040039
vt 0.239596 0.038813
vt 0.271548 0.038813
vt 0.46582 0.031
vt 0.47085 0.031
vt 0.469983 0.032227
vt 0.466687 0.032227
vt 0.977539 0.054438
vt 0.993669 0.054438
vt 0.992802 0.055664
vt 0.978406 0.055664
vt 0.756006 0.047852
vt 0.750977 0.047852
vt 0.751844 0.046625
vt 0.755139 0.046625
vt 0.646012 0.040039
vt 0.629883 0.040039
vt 0.63075 0.038813
vt 0.645145 0.038813
vt 0.766602 0.12793
vt 0.766602 0.124634
vt 0.770417 0.124634
vt 0.770417 0.12793
vt 0.727539 0.163177
vt 0.741934 0.163177
vt 0.741934 0.166992
vt 0.727539 0.166992
vt 0.776367 0.12793
vt 0.776367 0.124634
vt 0.780183 0.124634
vt 0.780183 0.12793
vt 0.763419 0.166992
vt 0.749023 0.166992
vt 0.749023 0.163177
vt 0.763419 0.163177
vt 0.766858 0.047852
vt 0.763563 0.047852
vt 0.762695 0.046625
vt 0.767725 0.046625
vt 0.665906 0.031
vt 0.680302 0.031
vt 0.681169 0.032227
vt 0.665039 0.032227
vt 0.478406 0.031
vt 0.481702 0.031
vt 0.482569 0.032227
vt 0.477539 0.032227
vt 0.020145 0.047852
vt 0.00575 0.047852
vt 0.004883 0.046625
vt 0.021013 0.046625
vt 0.297852 0.054438
vt 0.302881 0.054438
vt 0.302014 0.055664
vt 0.298719 0.055664
vt 0.969727 0.038813
vt 0.983255 0.038813
vt 0.982387 0.040039
vt 0.970594 0.040039
vt 0.525537 0.055664
vt 0.520508 0.055664
vt 0.521375 0.054438
vt 0.52467 0.054438
vt 0.018411 0.032227
vt 0.004883 0.032227
vt 0.00575 0.031
vt 0.017544 0.031
vt 0.805664 0.12793
vt 0.805664 0.124634
vt 0.80948 0.124634
vt 0.80948 0.12793
vt 0.102539 0.153411
vt 0.114333 0.153411
vt 0.114333 0.157227
vt 0.102539 0.157227
vt 0.81543 0.12793
vt 0.81543 0.124634
vt 0.819245 0.124634
vt 0.819245 0.12793
vt 0.133864 0.157227
vt 0.12207 0.157227
vt 0.12207 0.153411
vt 0.133864 0.153411
vt 0.790295 0.047852
vt 0.787 0.047852
vt 0.786133 0.046625
vt 0.791162 0.046625
vt 0.204969 0.054438
vt 0.216762 0.054438
vt 0.21763 0.055664
vt 0.204102 0.055664
vt 0.310437 0.054438
vt 0.313733 0.054438
vt 0.3146 0.055664
vt 0.30957 0.055664
vt 0.201137 0.047852
vt 0.189344 0.047852
vt 0.188477 0.046625
vt 0.202005 0.046625
vt 0.493164 0.086906
vt 0.495695 0.087198
vt 0.495417 0.0884
vt 0.494024 0.088239
vt 0.495695 0.087198
vt 0.497275 0.087756
vt 0.49674 0.088867
vt 0.495417 0.0884
vt 0.5485 0.115164
vt 0.54982 0.116195
vt 0.548957 0.117077
vt 0.547852 0.116214
vt 0.54982 0.116195
vt 0.550879 0.117494
vt 0.549843 0.118164
vt 0.548957 0.117077
vt 0.076572 0.063289
vt 0.074907 0.063477
vt 0.074907 0.062243
vt 0.0763 0.062085
vt 0.074907 0.063477
vt 0.073242 0.063289
vt 0.073514 0.062085
vt 0.074907 0.062243
vt 0.609472 0.115834
vt 0.608414 0.117133
vt 0.607551 0.116252
vt 0.608437 0.115164
vt 0.608414 0.117133
vt 0.607093 0.118164
vt 0.606445 0.117114
vt 0.607551 0.116252
vt 0.508994 0.088017
vt 0.507414 0.088575
vt 0.507136 0.087373
vt 0.508458 0.086906
vt 0.507414 0.088575
vt 0.504883 0.088867
vt 0.505743 0.087533
vt 0.507136 0.087373
vt 0.249023 0.031
vt 0.260073 0.031
vt 0.259058 0.032227
vt 0.250039 0.032227
vt 0.248933 0.069878
vt 0.248933 0.071289
vt 0.245117 0.071289
vt 0.245117 0.069878
vt 0.786042 0.069878
vt 0.786042 0.071289
vt 0.782227 0.071289
vt 0.782227 0.069878
vt 0.90323 0.069878
vt 0.90323 0.071289
vt 0.899414 0.071289
vt 0.899414 0.069878
vt 0.258698 0.069878
vt 0.258698 0.071289
vt 0.254883 0.071289
vt 0.254883 0.069878
vt 0.791992 0.071289
vt 0.791992 0.069878
vt 0.795808 0.069878
vt 0.795808 0.071289
vt 0.137695 0.071289
vt 0.137695 0.069878
vt 0.141511 0.069878
vt 0.141511 0.071289
vt 0.801758 0.071289
vt 0.801758 0.069878
vt 0.805573 0.069878
vt 0.805573 0.071289
vt 0.811523 0.071289
vt 0.811523 0.069878
vt 0.815339 0.069878
vt 0.815339 0.071289
vt 0.821289 0.071289
vt 0.821289 0.069878
vt 0.825105 0.069878
vt 0.825105 0.071289
vt 0.264648 0.071289
vt 0.264648 0.069878
vt 0.268464 0.069878
vt 0.268464 0.071289
vt 0.243164 0.13388
vt 0.252183 0.13388
vt 0.252183 0.137695
vt 0.243164 0.137695
vt 0.552618 0.087533
vt 0.554011 0.087373
vt 0.554289 0.088575
vt 0.551758 0.088867
vt 0.554011 0.087373
vt 0.555333 0.086906
vt 0.555869 0.088017
vt 0.554289 0.088575
vt 0.333008 0.117114
vt 0.334113 0.116252
vt 0.334977 0.117133
vt 0.333656 0.118164
vt 0.334113 0.116252
vt 0.334999 0.115164
vt 0.336035 0.115834
vt 0.334977 0.117133
vt 0.958279 0.069898
vt 0.959673 0.070055
vt 0.959673 0.071289
vt 0.958008 0.071101
vt 0.959673 0.070055
vt 0.961066 0.069898
vt 0.961337 0.071101
vt 0.959673 0.071289
vt 0.442421 0.118164
vt 0.441535 0.117077
vt 0.442399 0.116195
vt 0.443457 0.117494
vt 0.441535 0.117077
vt 0.44043 0.116214
vt 0.441078 0.115164
vt 0.442399 0.116195
vt 0.567052 0.088867
vt 0.56573 0.0884
vt 0.566008 0.087198
vt 0.567588 0.087756
vt 0.56573 0.0884
vt 0.564337 0.088239
vt 0.563477 0.086906
vt 0.566008 0.087198
vt 0.276636 0.032227
vt 0.267617 0.032227
vt 0.266602 0.031
vt 0.277651 0.031
vt 0.295554 0.597219
vt 0.311529 0.604492
vt 0.279578 0.604492
vt 0.293889 0.596955
vt 0.295554 0.597219
vt 0.279578 0.604492
vt 0.292387 0.59619
vt 0.293889 0.596955
vt 0.279578 0.604492
vt 0.291195 0.594998
vt 0.292387 0.59619
vt 0.279578 0.604492
vt 0.29043 0.593496
vt 0.291195 0.594998
vt 0.279578 0.604492
vt 0.290029 0.590964
vt 0.29043 0.593496
vt 0.279578 0.604492
vt 0.287055 0.581078
vt 0.290029 0.590964
vt 0.279578 0.604492
vt 0.282026 0.581078
vt 0.287055 0.581078
vt 0.279578 0.604492
vt 0.282026 0.56755
vt 0.282026 0.581078
vt 0.279578 0.604492
vt 0.290029 0.590964
vt 0.287055 0.581078
vt 0.287055 0.56755
vt 0.301078 0.590964
vt 0.290029 0.590964
vt 0.287055 0.56755
vt 0.304052 0.582379
vt 0.309082 0.582379
vt 0.301078 0.590964
vt 0.304052 0.582379
vt 0.301078 0.590964
vt 0.287055 0.56755
vt 0.304052 0.566249
vt 0.304052 0.582379
vt 0.287055 0.56755
vt 0.304052 0.566249
vt 0.287055 0.56755
vt 0.282026 0.56755
vt 0.300677 0.593496
vt 0.301078 0.590964
vt 0.309082 0.582379
vt 0.299912 0.594998
vt 0.300677 0.593496
vt 0.309082 0.582379
vt 0.311529 0.604492
vt 0.295554 0.597219
vt 0.297218 0.596955
vt 0.311529 0.604492
vt 0.297218 0.596955
vt 0.29872 0.59619
vt 0.311529 0.604492
vt 0.29872 0.59619
vt 0.299912 0.594998
vt 0.311529 0.604492
vt 0.299912 0.594998
vt 0.309082 0.582379
vt 0.311529 0.604492
vt 0.309082 0.582379
vt 0.309082 0.566249
vt 0.3184 0.598168
vt 0.311529 0.604492
vt 0.309082 0.566249
vt 0.322937 0.589786
vt 0.3184 0.598168
vt 0.309082 0.566249
vt 0.324506 0.580384
vt 0.322937 0.589786
vt 0.309082 0.566249
vt 0.322937 0.570983
vt 0.324506 0.580384
vt 0.309082 0.566249
vt 0.3184 0.5626
vt 0.322937 0.570983
vt 0.309082 0.566249
vt 0.3184 0.5626
vt 0.309082 0.566249
vt 0.304052 0.566249
vt 0.3184 0.5626
vt 0.304052 0.566249
vt 0.282026 0.56755
vt 0.311529 0.556277
vt 0.3184 0.5626
vt 0.282026 0.56755
vt 0.279578 0.556277
vt 0.311529 0.556277
vt 0.282026 0.56755
vt 0.279578 0.556277
vt 0.282026 0.56755
vt 0.279578 0.604492
vt 0.272707 0.5626
vt 0.279578 0.556277
vt 0.279578 0.604492
vt 0.268171 0.570983
vt 0.272707 0.5626
vt 0.279578 0.604492
vt 0.266602 0.580384
vt 0.268171 0.570983
vt 0.279578 0.604492
vt 0.268171 0.589786
vt 0.266602 0.580384
vt 0.279578 0.604492
vt 0.279578 0.604492
vt 0.272707 0.598168
vt 0.268171 0.589786
vt 0.698248 0.604492
vt 0.666297 0.604492
vt 0.682272 0.597219
vt 0.698248 0.604492
vt 0.682272 0.597219
vt 0.683937 0.596955
vt 0.698248 0.604492
vt 0.683937 0.596955
vt 0.685439 0.59619
vt 0.698248 0.604492
vt 0.685439 0.59619
vt 0.686631 0.594998
vt 0.698248 0.604492
vt 0.686631 0.594998
vt 0.687396 0.593496
vt 0.698248 0.604492
vt 0.687396 0.593496
vt 0.687797 0.590964
vt 0.698248 0.604492
vt 0.687797 0.590964
vt 0.690771 0.581078
vt 0.698248 0.604492
vt 0.690771 0.581078
vt 0.695801 0.581078
vt 0.698248 0.604492
vt 0.695801 0.581078
vt 0.695801 0.56755
vt 0.690771 0.56755
vt 0.690771 0.581078
vt 0.687797 0.590964
vt 0.690771 0.56755
vt 0.687797 0.590964
vt 0.676748 0.590964
vt 0.676748 0.590964
vt 0.668744 0.582379
vt 0.673774 0.582379
vt 0.690771 0.56755
vt 0.676748 0.590964
vt 0.673774 0.582379
vt 0.690771 0.56755
vt 0.673774 0.582379
vt 0.673774 0.566249
vt 0.695801 0.56755
vt 0.690771 0.56755
vt 0.673774 0.566249
vt 0.668744 0.582379
vt 0.676748 0.590964
vt 0.677149 0.593496
vt 0.668744 0.582379
vt 0.677149 0.593496
vt 0.677914 0.594998
vt 0.680608 0.596955
vt 0.682272 0.597219
vt 0.666297 0.604492
vt 0.679106 0.59619
vt 0.680608 0.596955
vt 0.666297 0.604492
vt 0.677914 0.594998
vt 0.679106 0.59619
vt 0.666297 0.604492
vt 0.668744 0.582379
vt 0.677914 0.594998
vt 0.666297 0.604492
vt 0.668744 0.566249
vt 0.668744 0.582379
vt 0.666297 0.604492
vt 0.668744 0.566249
vt 0.666297 0.604492
vt 0.659426 0.598168
vt 0.668744 0.566249
vt 0.659426 0.598168
vt 0.654889 0.589786
vt 0.668744 0.566249
vt 0.654889 0.589786
vt 0.65332 0.580384
vt 0.668744 0.566249
vt 0.65332 0.580384
vt 0.654889 0.570983
vt 0.668744 0.566249
vt 0.654889 0.570983
vt 0.659426 0.5626
vt 0.673774 0.566249
vt 0.668744 0.566249
vt 0.659426 0.5626
vt 0.695801 0.56755
vt 0.673774 0.566249
vt 0.659426 0.5626
vt 0.695801 0.56755
vt 0.659426 0.5626
vt 0.666297 0.556277
vt 0.695801 0.56755
vt 0.666297 0.556277
vt 0.698248 0.556277
vt 0.698248 0.604492
vt 0.695801 0.56755
vt 0.698248 0.556277
vt 0.698248 0.604492
vt 0.698248 0.556277
vt 0.705119 0.5626
vt 0.698248 0.604492
vt 0.705119 0.5626
vt 0.709656 0.570983
vt 0.698248 0.604492
vt 0.709656 0.570983
vt 0.711224 0.580384
vt 0.698248 0.604492
vt 0.711224 0.580384
vt 0.709656 0.589786
vt 0.709656 0.589786
vt 0.705119 0.598168
vt 0.698248 0.604492
vn 0.11221 -0.72419 0.68041
vn 0.554501 -0.711946 0.430885
vn 0.664179 -0.711946 0.228032
vn 0.702234 -0.711946 0
vn 0.664179 -0.711946 -0.228032
vn 0.554501 -0.711946 -0.430885
vn 0.11221 -0.72419 -0.68041
vn -0.11221 -0.72419 -0.68041
vn -0.554501 -0.711946 -0.430885
vn -0.664179 -0.711946 -0.228032
vn -0.702234 -0.711946 0
vn -0.664179 -0.711946 0.228032
vn -0.554501 -0.711946 0.430885
vn -0.11221 -0.72419 0.68041
vn 0.677234 0 0.735768
vn 0.789108 0 0.614254
vn 0.945809 0 0.324724
vn 1 0 0
vn 0.945809 0 -0.324724
vn 0.789108 0 -0.614254
vn 0.677234 0 -0.735768
vn 0 0 -1
vn -0.677234 0 -0.735768
vn -0.789108 0 -0.614254
vn -0.945809 0 -0.324724
vn -1 0 0
vn -0.945809 0 0.324724
vn -0.789108 0 0.614254
vn -0.677234 0 0.735768
vn 0 0 1
vn 0.11221 0.72419 0.68041
vn 0.554501 0.711946 0.430885
vn 0.664179 0.711946 0.228032
vn 0.702234 0.711946 0
vn 0.664179 0.711946 -0.228032
vn 0.554501 0.711946 -0.430885
vn 0.11221 0.72419 -0.68041
vn -0.11221 0.72419 -0.68041
vn -0.554501 0.711946 -0.430885
vn -0.664179 0.711946 -0.228032
vn -0.702234 0.711946 0
vn -0.664179 0.711946 0.228032
vn -0.554501 0.711946 0.430885
vn -0.11221 0.72419 0.68041
vn 0 -0.707107 0.707107
vn -0.707107 -0.707107 0
vn 0 -0.707107 -0.707107
vn 0.707107 -0.707107 0
vn 0 0.707107 0.707107
vn -0.707107 0.707107 0
vn 0 0.707107 -0.707107
vn 0.707107 0.707107 0
vn -0.698401 -0.707107 -0.110616
vn -0.672527 -0.711405 -0.203987
vn -0.568507 -0.711473 -0.413045
vn -0.413045 -0.711473 -0.568507
vn -0.21715 -0.711473 -0.66832
vn 0 -0.711473 -0.702714
vn 0.21715 -0.711473 -0.66832
vn 0.413045 -0.711473 -0.568507
vn 0.568507 -0.711473 -0.413045
vn 0.672527 -0.711405 -0.203987
vn 0.698401 -0.707107 -0.110616
vn -0.987688 0 -0.156434
vn -0.951057 0 -0.309017
vn -0.809017 0 -0.587785
vn -0.587785 0 -0.809017
vn -0.309017 0 -0.951057
vn 0.309017 0 -0.951057
vn 0.587785 0 -0.809017
vn 0.809017 0 -0.587785
vn 0.951057 0 -0.309017
vn 0.987688 0 -0.156434
vn -0.698401 0.707107 -0.110616
vn -0.672527 0.711405 -0.203987
vn -0.568507 0.711473 -0.413045
vn -0.413045 0.711473 -0.568507
vn -0.21715 0.711473 -0.66832
vn 0 0.711473 -0.702714
vn 0.21715 0.711473 -0.66832
vn 0.413045 0.711473 -0.568507
vn 0.568507 0.711473 -0.413045
vn 0.672527 0.711405 -0.203987
vn 0.698401 0.707107 -0.110616
vn 0 -1 0
vn 0 1 0
f 1087/3367/481 1088/3368/482 1102/3369/482 1101/3370/481
f 1088/3371/482 1089/3372/483 1103/3373/483 1102/3374/482
f 1089/3375/483 1090/3376/484 1104/3377/484 1103/3378/483
f 1090/3379/484 1091/3380/485 1105/3381/485 1104/3382/484
f 1091/3383/485 1092/3384/486 1106/3385/486 1105/3386/485
f 1092/3387/486 1093/3388/487 1107/3389/487 1106/3390/486
f 1093/3391/487 1094/3392/488 1108/3393/488 1107/3394/487
f 1094/3395/488 1095/3396/489 1109/3397/489 1108/3398/488
f 1095/3399/489 1096/3400/490 1110/3401/490 1109/3402/489
f 1096/3403/490 1097/3404/491 1111/3405/491 1110/3406/490
f 1097/3407/491 1098/3408/492 1112/3409/492 1111/3410/491
f 1098/3411/492 1099/3412/493 1113/3413/493 1112/3414/492
f 1099/3415/493 1100/3416/494 1114/3417/494 1113/3418/493
f 1100/3419/494 1087/3420/481 1101/3421/481 1114/3422/494
f 1101/3423/495 1102/3424/496 1116/3425/496 1115/3426/495
f 1102/3427/496 1103/3428/497 1117/3429/497 1116/3430/496
f 1103/3431/497 1104/3432/498 1118/3433/498 1117/3434/497
f 1104/3435/498 1105/3436/499 1119/3437/499 1118/3438/498
f 1105/3439/499 1106/3440/500 1120/3441/500 1119/3442/499
f 1106/3443/500 1107/3444/501 1121/3445/501 1120/3446/500
f 1107/3447/502 1108/3448/502 1122/3449/502 1121/3450/502
f 1108/3451/503 1109/3452/504 1123/3453/504 1122/3454/503
f 1109/3455/504 1110/3456/505 1124/3457/505 1123/3458/504
f 1110/3459/505 1111/3460/506 1125/3461/506 1124/3462/505
f 1111/3463/506 1112/3464/507 1126/3465/507 1125/3466/506
f 1112/3467/507 1113/3468/508 1127/3469/508 1126/3470/507
f 1113/3471/508 1114/3472/509 1128/3473/509 1127/3474/508
f 1114/3475/510 1101/3476/510 1115/3477/510 1128/3478/510
f 1115/3479/511 1116/3480/512 1130/3481/512 1129/3482/511
f 1116/3483/512 1117/3484/513 1131/3485/513 1130/3486/512
f 1117/3487/513 1118/3488/514 1132/3489/514 1131/3490/513
f 1118/3491/514 1119/3492/515 1133/3493/515 1132/3494/514
f 1119/3495/515 1120/3496/516 1134/3497/516 1133/3498/515
f 1120/3499/516 1121/3500/517 1135/3501/517 1134/3502/516
f 1121/3503/517 1122/3504/518 1136/3505/518 1135/3506/517
f 1122/3507/518 1123/3508/519 1137/3509/519 1136/3510/518
f 1123/3511/519 1124/3512/520 1138/3513/520 1137/3514/519
f 1124/3515/520 1125/3516/521 1139/3517/521 1138/3518/520
f 1125/3519/521 1126/3520/522 1140/3521/522 1139/3522/521
f 1126/3523/522 1127/3524/523 1141/3525/523 1140/3526/522
f 1127/3527/523 1128/3528/524 1142/3529/524 1141/3530/523
f 1128/3531/524 1115/3532/511 1129/3533/511 1142/3534/524
f 1143/3535/525 1144/3536/525 1148/3537/525 1147/3538/525
f 1144/3539/526 1145/3540/526 1149/3541/526 1148/3542/526
f 1145/3543/527 1146/3544/527 1150/3545/527 1149/3546/527
f 1146/3547/528 1143/3548/528 1147/3549/528 1150/3550/528
f 1147/3551/510 1148/3552/510 1152/3553/510 1151/3554/510
f 1148/3555/506 1149/3556/506 1153/3557/506 1152/3558/506
f 1149/3559/502 1150/3560/502 1154/3561/502 1153/3562/502
f 1150/3563/498 1147/3564/498 1151/3565/498 1154/3566/498
f 1151/3567/529 1152/3568/529 1156/3569/529 1155/3570/529
f 1152/3571/530 1153/3572/530 1157/3573/530 1156/3574/530
f 1153/3575/531 1154/3576/531 1158/3577/531 1157/3578/531
f 1154/3579/532 1151/3580/532 1155/3581/532 1158/3582/532
f 1159/3583/525 1160/3584/525 1164/3585/525 1163/3586/525
f 1160/3587/526 1161/3588/526 1165/3589/526 1164/3590/526
f 1161/3591/527 1162/3592/527 1166/3593/527 1165/3594/527
f 1162/3595/528 1159/3596/528 1163/3597/528 1166/3598/528
f 1163/3599/510 1164/3600/510 1168/3601/510 1167/3602/510
f 1164/3603/506 1165/3604/506 1169/3605/506 1168/3606/506
f 1165/3607/502 1166/3608/502 1170/3609/502 1169/3610/502
f 1166/3611/498 1163/3612/498 1167/3613/498 1170/3614/498
f 1167/3615/529 1168/3616/529 1172/3617/529 1171/3618/529
f 1168/3619/530 1169/3620/530 1173/3621/530 1172/3622/530
f 1169/3623/531 1170/3624/531 1174/3625/531 1173/3626/531
f 1170/3627/532 1167/3628/532 1171/3629/532 1174/3630/532
f 1175/3631/533 1176/3632/534 1187/3633/534 1186/3634/533
f 1176/3635/534 1177/3636/535 1188/3637/535 1187/3638/534
f 1177/3639/535 1178/3640/536 1189/3641/536 1188/3642/535
f 1178/3643/536 1179/3644/537 1190/3645/537 1189/3646/536
f 1179/3647/537 1180/3648/538 1191/3649/538 1190/3650/537
f 1180/3651/538 1181/3652/539 1192/3653/539 1191/3654/538
f 1181/3655/539 1182/3656/540 1193/3657/540 1192/3658/539
f 1182/3659/540 1183/3660/541 1194/3661/541 1193/3662/540
f 1183/3663/541 1184/3664/542 1195/3665/542 1194/3666/541
f 1184/3667/542 1185/3668/543 1196/3669/543 1195/3670/542
f 1185/3671/525 1175/3672/525 1186/3673/525 1196/3674/525
f 1186/3675/544 1187/3676/545 1198/3677/545 1197/3678/544
f 1187/3679/545 1188/3680/546 1199/3681/546 1198/3682/545
f 1188/3683/546 1189/3684/547 1200/3685/547 1199/3686/546
f 1189/3687/547 1190/3688/548 1201/3689/548 1200/3690/547
f 1190/3691/548 1191/3692/502 1202/3693/502 1201/3694/548
f 1191/3695/502 1192/3696/549 1203/3697/549 1202/3698/502
f 1192/3699/549 1193/3700/550 1204/3701/550 1203/3702/549
f 1193/3703/550 1194/3704/551 1205/3705/551 1204/3706/550
f 1194/3707/551 1195/3708/552 1206/3709/552 1205/3710/551
f 1195/3711/552 1196/3712/553 1207/3713/553 1206/3714/552
f 1196/3715/510 1186/3716/510 1197/3717/510 1207/3718/510
f 1197/3719/554 1198/3720/555 1209/3721/555 1208/3722/554
f 1198/3723/555 1199/3724/556 1210/3725/556 1209/3726/555
f 1199/3727/556 1200/3728/557 1211/3729/557 1210/3730/556
f 1200/3731/557 1201/3732/558 1212/3733/558 1211/3734/557
f 1201/3735/558 1202/3736/559 1213/3737/559 1212/3738/558
f 1202/3739/559 1203/3740/560 1214/3741/560 1213/3742/559
f 1203/3743/560 1204/3744/561 1215/3745/561 1214/3746/560
f 1204/3747/561 1205/3748/562 1216/3749/562 1215/3750/561
f 1205/3751/562 1206/3752/563 1217/3753/563 1216/3754/562
f 1206/3755/563 1207/3756/564 1218/3757/564 1217/3758/563
f 1207/3759/529 1197/3760/529 1208/3761/529 1218/3762/529
f 1246/3763/565 1219/3764/565 1232/3765/565
f 1247/3766/565 1246/3767/565 1232/3768/565
f 1248/3769/565 1247/3770/565 1232/3771/565
f 1249/3772/565 1248/3773/565 1232/3774/565
f 1250/3775/565 1249/3776/565 1232/3777/565
f 1251/3778/565 1250/3779/565 1232/3780/565
f 1239/3781/565 1251/3782/565 1232/3783/565
f 1240/3784/565 1239/3785/565 1232/3786/565
f 1237/3787/565 1240/3788/565 1232/3789/565
f 1251/3790/565 1239/3791/565 1238/3792/565
f 1241/3793/565 1251/3794/565 1238/3795/565
f 1236/3796/565 1235/3797/565 1241/3798/565
f 1236/3799/565 1241/3800/565 1238/3801/565
f 1233/3802/565 1236/3803/565 1238/3804/565
f 1233/3805/565 1238/3806/565 1237/3807/565
f 1242/3808/565 1241/3809/565 1235/3810/565
f 1243/3811/565 1242/3812/565 1235/3813/565
f 1219/3814/565 1246/3815/565 1245/3816/565
f 1219/3817/565 1245/3818/565 1244/3819/565
f 1219/3820/565 1244/3821/565 1243/3822/565
f 1219/3823/565 1243/3824/565 1235/3825/565
f 1219/3826/565 1235/3827/565 1234/3828/565
f 1220/3829/565 1219/3830/565 1234/3831/565
f 1221/3832/565 1220/3833/565 1234/3834/565
f 1222/3835/565 1221/3836/565 1234/3837/565
f 1223/3838/565 1222/3839/565 1234/3840/565
f 1224/3841/565 1223/3842/565 1234/3843/565
f 1224/3844/565 1234/3845/565 1233/3846/565
f 1224/3847/565 1233/3848/565 1237/3849/565
f 1225/3850/565 1224/3851/565 1237/3852/565
f 1226/3853/565 1225/3854/565 1237/3855/565
f 1226/3856/565 1237/3857/565 1232/3858/565
f 1227/3859/565 1226/3860/565 1232/3861/565
f 1228/3862/565 1227/3863/565 1232/3864/565
f 1229/3865/565 1228/3866/565 1232/3867/565
f 1230/3868/565 1229/3869/565 1232/3870/565
f 1232/3871/565 1231/3872/565 1230/3873/565
f 1265/3874/566 1252/3875/566 1279/3876/566
f 1265/3877/566 1279/3878/566 1280/3879/566
f 1265/3880/566 1280/3881/566 1281/3882/566
f 1265/3883/566 1281/3884/566 1282/3885/566
f 1265/3886/566 1282/3887/566 1283/3888/566
f 1265/3889/566 1283/3890/566 1284/3891/566
f 1265/3892/566 1284/3893/566 1272/3894/566
f 1265/3895/566 1272/3896/566 1273/3897/566
f 1265/3898/566 1273/3899/566 1270/3900/566
f 1271/3901/566 1272/3902/566 1284/3903/566
f 1271/3904/566 1284/3905/566 1274/3906/566
f 1274/3907/566 1268/3908/566 1269/3909/566
f 1271/3910/566 1274/3911/566 1269/3912/566
f 1271/3913/566 1269/3914/566 1266/3915/566
f 1270/3916/566 1271/3917/566 1266/3918/566
f 1268/3919/566 1274/3920/566 1275/3921/566
f 1268/3922/566 1275/3923/566 1276/3924/566
f 1278/3925/566 1279/3926/566 1252/3927/566
f 1277/3928/566 1278/3929/566 1252/3930/566
f 1276/3931/566 1277/3932/566 1252/3933/566
f 1268/3934/566 1276/3935/566 1252/3936/566
f 1267/3937/566 1268/3938/566 1252/3939/566
f 1267/3940/566 1252/3941/566 1253/3942/566
f 1267/3943/566 1253/3944/566 1254/3945/566
f 1267/3946/566 1254/3947/566 1255/3948/566
f 1267/3949/566 1255/3950/566 1256/3951/566
f 1267/3952/566 1256/3953/566 1257/3954/566
f 1266/3955/566 1267/3956/566 1257/3957/566
f 1270/3958/566 1266/3959/566 1257/3960/566
f 1270/3961/566 1257/3962/566 1258/3963/566
f 1270/3964/566 1258/3965/566 1259/3966/566
f 1265/3967/566 1270/3968/566 1259/3969/566
f 1265/3970/566 1259/3971/566 1260/3972/566
f 1265/3973/566 1260/3974/566 1261/3975/566
f 1265/3976/566 1261/3977/566 1262/3978/566
f 1265/3979/566 1262/3980/566 1263/3981/566
f 1263/3982/566 1264/3983/566 1265/3984/566
o strip6_bezel
usemtl strip
v 0.6509 0.0525 0.459579
v 0.65056 0.0525 0.458311
v 0.649689 0.0525 0.45744
v 0.648421 0.0525 0.4571
v 0.621579 0.0525 0.4571
v 0.620311 0.0525 0.45744
v 0.61944 0.0525 0.458311
v 0.6191 0.0525 0.459579
v 0.6191 0.0525 0.480421
v 0.61944 0.0525 0.481689
v 0.620311 0.0525 0.48256
v 0.621579 0.0525 0.4829
v 0.648421 0.0525 0.4829
v 0.649689 0.0525 0.48256
v 0.65056 0.0525 0.481689
v 0.6509 0.0525 0.480421
v 0.6515 0.0531 0.4595
v 0.651098 0.0531 0.458
v 0.65 0.0531 0.456902
v 0.6485 0.0531 0.4565
v 0.6215 0.0531 0.4565
v 0.62 0.0531 0.456902
v 0.618902 0.0531 0.458
v 0.6185 0.0531 0.4595
v 0.6185 0.0531 0.4805
v 0.618902 0.0531 0.482
v 0.62 0.0531 0.483098
v 0.6215 0.0531 0.4835
v 0.6485 0.0531 0.4835
v 0.65 0.0531 0.483098
v 0.651098 0.0531 0.482
v 0.6515 0.0531 0.4805
v 0.6515 0.0555 0.4595
v 0.651098 0.0555 0.458
v 0.65 0.0555 0.456902
v 0.6485 0.0555 0.4565
v 0.6215 0.0555 0.4565
v 0.62 0.0555 0.456902
v 0.618902 0.0555 0.458
v 0.6185 0.0555 0.4595
v 0.6185 0.0555 0.4805
v 0.618902 0.0555 0.482
v 0.62 0.0555 0.483098
v 0.6215 0.0555 0.4835
v 0.6485 0.0555 0.4835
v 0.65 0.0555 0.483098
v 0.651098 0.0555 0.482
v 0.6515 0.0555 0.4805
v 0.6509 0.0561 0.459579
v 0.65056 0.0561 0.458311
v 0.649689 0.0561 0.45744
v 0.648421 0.0561 0.4571
v 0.621579 0.0561 0.4571
v 0.620311 0.0561 0.45744
v 0.61944 0.0561 0.458311
v 0.6191 0.0561 0.459579
v 0.6191 0.0561 0.480421
v 0.61944 0.0561 0.481689
v 0.620311 0.0561 0.48256
v 0.621579 0.0561 0.4829
v 0.648421 0.0561 0.4829
v 0.649689 0.0561 0.48256
v 0.65056 0.0561 0.481689
v 0.6509 0.0561 0.480421
v 0.64955 0.0525 0.479229
v 0.649247 0.0525 0.480361
v 0.648361 0.0525 0.481247
v 0.647229 0.0525 0.48155
v 0.622771 0.0525 0.48155
v 0.621639 0.0525 0.481247
v 0.620753 0.0525 0.480361
v 0.62045 0.0525 0.479229
v 0.62045 0.0525 0.460771
v 0.620753 0.0525 0.459639
v 0.621639 0.0525 0.458753
v 0.622771 0.0525 0.45845
v 0.647229 0.0525 0.45845
v 0.648361 0.0525 0.458753
v 0.649247 0.0525 0.459639
v 0.64955 0.0525 0.460771
v 0.64895 0.0531 0.47915
v 0.648709 0.0531 0.48005
v 0.64805 0.0531 0.480709
v 0.64715 0.0531 0.48095
v 0.62285 0.0531 0.48095
v 0.62195 0.0531 0.480709
v 0.621291 0.0531 0.48005
v 0.62105 0.0531 0.47915
v 0.62105 0.0531 0.46085
v 0.621291 0.0531 0.45995
v 0.62195 0.0531 0.459291
v 0.62285 0.0531 0.45905
v 0.64715 0.0531 0.45905
v 0.64805 0.0531 0.459291
v 0.648709 0.0531 0.45995
v 0.64895 0.0531 0.46085
v 0.64895 0.0555 0.47915
v 0.648709 0.0555 0.48005
v 0.64805 0.0555 0.480709
v 0.64715 0.0555 0.48095
v 0.62285 0.0555 0.48095
v 0.62195 0.0555 0.480709
v 0.621291 0.0555 0.48005
v 0.62105 0.0555 0.47915
v 0.62105 0.0555 0.46085
v 0.621291 0.0555 0.45995
v 0.62195 0.0555 0.459291
v 0.62285 0.0555 0.45905
v 0.64715 0.0555 0.45905
v 0.64805 0.0555 0.459291
v 0.648709 0.0555 0.45995
v 0.64895 0.0555 0.46085
v 0.64955 0.0561 0.479229
v 0.649247 0.0561 0.480361
v 0.648361 0.0561 0.481247
v 0.647229 0.0561 0.48155
v 0.622771 0.0561 0.48155
v 0.621639 0.0561 0.481247
v 0.620753 0.0561 0.480361
v 0.62045 0.0561 0.479229
v 0.62045 0.0561 0.460771
v 0.620753 0.0561 0.459639
v 0.621639 0.0561 0.458753
v 0.622771 0.0561 0.45845
v 0.647229 0.0561 0.45845
v 0.648361 0.0561 0.458753
v 0.649247 0.0561 0.459639
v 0.64955 0.0561 0.460771
v 0.6509 0.0525 0.459579
v 0.65056 0.0525 0.458311
v 0.649689 0.0525 0.45744
v 0.648421 0.0525 0.4571
v 0.621579 0.0525 0.4571
v 0.620311 0.0525 0.45744
v 0.61944 0.0525 0.458311
v 0.6191 0.0525 0.459579
v 0.6191 0.0525 0.480421
v 0.61944 0.0525 0.481689
v 0.620311 0.0525 0.48256
v 0.621579 0.0525 0.4829
v 0.648421 0.0525 0.4829
v 0.649689 0.0525 0.48256
v 0.65056 0.0525 0.481689
v 0.6509 0.0525 0.480421
v 0.64955 0.0525 0.479229
v 0.649247 0.0525 0.480361
v 0.648361 0.0525 0.481247
v 0.647229 0.0525 0.48155
v 0.622771 0.0525 0.48155
v 0.621639 0.0525 0.481247
v 0.620753 0.0525 0.480361
v 0.62045 0.0525 0.479229
v 0.62045 0.0525 0.460771
v 0.620753 0.0525 0.459639
v 0.621639 0.0525 0.458753
v 0.622771 0.0525 0.45845
v 0.647229 0.0525 0.45845
v 0.648361 0.0525 0.458753
v 0.649247 0.0525 0.459639
v 0.64955 0.0525 0.460771
v 0.6509 0.0561 0.459579
v 0.65056 0.0561 0.458311
v 0.649689 0.0561 0.45744
v 0.648421 0.0561 0.4571
v 0.621579 0.0561 0.4571
v 0.620311 0.0561 0.45744
v 0.61944 0.0561 0.458311
v 0.6191 0.0561 0.459579
v 0.6191 0.0561 0.480421
v 0.61944 0.0561 0.481689
v 0.620311 0.0561 0.48256
v 0.621579 0.0561 0.4829
v 0.648421 0.0561 0.4829
v 0.649689 0.0561 0.48256
v 0.65056 0.0561 0.481689
v 0.6509 0.0561 0.480421
v 0.64955 0.0561 0.479229
v 0.649247 0.0561 0.480361
v 0.648361 0.0561 0.481247
v 0.647229 0.0561 0.48155
v 0.622771 0.0561 0.48155
v 0.621639 0.0561 0.481247
v 0.620753 0.0561 0.480361
v 0.62045 0.0561 0.479229
v 0.62045 0.0561 0.460771
v 0.620753 0.0561 0.459639
v 0.621639 0.0561 0.458753
v 0.622771 0.0561 0.45845
v 0.647229 0.0561 0.45845
v 0.648361 0.0561 0.458753
v 0.649247 0.0561 0.459639
v 0.64955 0.0561 0.460771
vt 0.481341 0.063196
vt 0.479855 0.063477
vt 0.479492 0.062547
vt 0.481249 0.062215
vt 0.995045 0.088045
vt 0.993882 0.088867
vt 0.993164 0.088173
vt 0.99463 0.087137
vt 0.337899 0.178711
vt 0.336445 0.178298
vt 0.336625 0.177329
vt 0.338345 0.177817
vt 0.336445 0.178298
vt 0.305666 0.175518
vt 0.305664 0.174533
vt 0.336625 0.177329
vt 0.295887 0.078564
vt 0.294467 0.079102
vt 0.293945 0.07825
vt 0.295624 0.077614
vt 0.029039 0.077371
vt 0.030201 0.078193
vt 0.029786 0.079102
vt 0.02832 0.078065
vt 0.31384 0.062215
vt 0.315325 0.062495
vt 0.315234 0.063477
vt 0.313477 0.063145
vt 0.315325 0.062495
vt 0.339322 0.062495
vt 0.339412 0.063477
vt 0.315234 0.063477
vt 0.239258 0.062496
vt 0.24075 0.062213
vt 0.241115 0.063142
vt 0.239351 0.063477
vt 0.004883 0.078193
vt 0.006045 0.077371
vt 0.006764 0.078065
vt 0.005297 0.079102
vt 0.579547 0.174533
vt 0.581001 0.174945
vt 0.580822 0.175914
vt 0.579102 0.175426
vt 0.581001 0.174945
vt 0.611781 0.177726
vt 0.611782 0.178711
vt 0.580822 0.175914
vt 0.286133 0.078152
vt 0.287553 0.077614
vt 0.288074 0.078465
vt 0.286395 0.079102
vt 0.08417 0.079102
vt 0.083008 0.07828
vt 0.083422 0.077371
vt 0.084889 0.078408
vt 0.2095 0.063477
vt 0.208008 0.063194
vt 0.208101 0.062213
vt 0.209865 0.062547
vt 0.505337 0.063196
vt 0.481341 0.063196
vt 0.481249 0.062215
vt 0.505428 0.062215
vt 0.827148 0.088867
vt 0.827148 0.087072
vt 0.829923 0.087072
vt 0.829923 0.088867
vt 0.69043 0.088867
vt 0.69043 0.087072
vt 0.693205 0.087072
vt 0.693205 0.088867
vt 0.758789 0.088867
vt 0.758789 0.087072
vt 0.761564 0.087072
vt 0.761564 0.088867
vt 0.700195 0.115389
vt 0.731414 0.115389
vt 0.731414 0.118164
vt 0.700195 0.118164
vt 0.768555 0.088867
vt 0.768555 0.087072
vt 0.77133 0.087072
vt 0.77133 0.088867
vt 0.908048 0.087072
vt 0.908048 0.088867
vt 0.905273 0.088867
vt 0.905273 0.087072
vt 0.781095 0.087072
vt 0.781095 0.088867
vt 0.77832 0.088867
vt 0.77832 0.087072
vt 0.004883 0.105623
vt 0.029164 0.105623
vt 0.029164 0.108398
vt 0.004883 0.108398
vt 0.868986 0.087072
vt 0.868986 0.088867
vt 0.866211 0.088867
vt 0.866211 0.087072
vt 0.878752 0.087072
vt 0.878752 0.088867
vt 0.875977 0.088867
vt 0.875977 0.087072
vt 0.885742 0.088867
vt 0.885742 0.087072
vt 0.888517 0.087072
vt 0.888517 0.088867
vt 0.737305 0.115389
vt 0.768523 0.115389
vt 0.768523 0.118164
vt 0.737305 0.118164
vt 0.788086 0.088867
vt 0.788086 0.087072
vt 0.790861 0.087072
vt 0.790861 0.088867
vt 0.700195 0.088867
vt 0.700195 0.087072
vt 0.70297 0.087072
vt 0.70297 0.088867
vt 0.895508 0.088867
vt 0.895508 0.087072
vt 0.898283 0.087072
vt 0.898283 0.088867
vt 0.060414 0.108398
vt 0.036133 0.108398
vt 0.036133 0.105623
vt 0.060414 0.105623
vt 0.38164 0.063477
vt 0.379883 0.063145
vt 0.380246 0.062215
vt 0.381732 0.062495
vt 0.037599 0.079102
vt 0.036133 0.078065
vt 0.036851 0.077371
vt 0.038014 0.078193
vt 0.344727 0.177817
vt 0.346447 0.177329
vt 0.346626 0.178298
vt 0.345172 0.178711
vt 0.346447 0.177329
vt 0.377407 0.174533
vt 0.377406 0.175518
vt 0.346626 0.178298
vt 0.278583 0.077614
vt 0.280262 0.07825
vt 0.27974 0.079102
vt 0.27832 0.078564
vt 0.09082 0.078408
vt 0.092286 0.077371
vt 0.092701 0.07828
vt 0.091539 0.079102
vt 0.280273 0.062547
vt 0.28203 0.062215
vt 0.282122 0.063196
vt 0.280636 0.063477
vt 0.28203 0.062215
vt 0.306209 0.062215
vt 0.306119 0.063196
vt 0.282122 0.063196
vt 0.215913 0.062213
vt 0.217677 0.062547
vt 0.217312 0.063477
vt 0.21582 0.063194
vt 0.01311 0.077371
vt 0.014576 0.078408
vt 0.013858 0.079102
vt 0.012695 0.07828
vt 0.57272 0.175426
vt 0.571 0.175914
vt 0.57082 0.174945
vt 0.572274 0.174533
vt 0.571 0.175914
vt 0.540039 0.178711
vt 0.540041 0.177726
vt 0.57082 0.174945
vt 0.256562 0.079102
vt 0.254883 0.078465
vt 0.255404 0.077614
vt 0.256824 0.078152
vt 0.045826 0.078065
vt 0.04436 0.079102
vt 0.043945 0.078193
vt 0.045108 0.077371
vt 0.186427 0.063142
vt 0.184663 0.063477
vt 0.18457 0.062496
vt 0.186062 0.062213
vt 0.405818 0.063477
vt 0.38164 0.063477
vt 0.381732 0.062495
vt 0.405728 0.062495
vt 0.772228 0.031047
vt 0.773554 0.031297
vt 0.773191 0.032227
vt 0.772137 0.032028
vt 0.130297 0.077571
vt 0.131481 0.078408
vt 0.130762 0.079102
vt 0.129883 0.07848
vt 0.49907 0.134794
vt 0.497772 0.135162
vt 0.497593 0.134193
vt 0.498625 0.1339
vt 0.497772 0.135162
vt 0.469727 0.137695
vt 0.469728 0.13671
vt 0.497593 0.134193
vt 0.154587 0.063477
vt 0.15332 0.062997
vt 0.153842 0.062145
vt 0.154849 0.062527
vt 0.162731 0.078265
vt 0.161547 0.079102
vt 0.161133 0.078193
vt 0.162012 0.077571
vt 0.949335 0.031977
vt 0.94801 0.032227
vt 0.947918 0.031245
vt 0.948972 0.031047
vt 0.94801 0.032227
vt 0.926758 0.032227
vt 0.926848 0.031245
vt 0.947918 0.031245
vt 0.72887 0.032227
vt 0.727539 0.031974
vt 0.727904 0.031045
vt 0.728963 0.031246
vt 0.224816 0.079102
vt 0.223633 0.078265
vt 0.224351 0.077571
vt 0.225231 0.078193
vt 0.581055 0.136802
vt 0.582352 0.136434
vt 0.582532 0.137402
vt 0.5815 0.137695
vt 0.582352 0.136434
vt 0.610398 0.1339
vt 0.610396 0.134885
vt 0.582532 0.137402
vt 0.122333 0.062145
vt 0.123599 0.062625
vt 0.123078 0.063477
vt 0.12207 0.063095
vt 0.168945 0.078408
vt 0.170129 0.077571
vt 0.170543 0.07848
vt 0.169664 0.079102
vt 0.688477 0.031297
vt 0.689807 0.031045
vt 0.6899 0.032026
vt 0.688842 0.032227
vt 0.750977 0.031047
vt 0.772228 0.031047
vt 0.772137 0.032028
vt 0.751067 0.032028
vt 0.076017 0.023337
vt 0.076017 0.024414
vt 0.073242 0.024414
vt 0.073242 0.023337
vt 0.20297 0.023337
vt 0.20297 0.024414
vt 0.200195 0.024414
vt 0.200195 0.023337
vt 0.083008 0.024414
vt 0.083008 0.023337
vt 0.085783 0.023337
vt 0.085783 0.024414
vt 0.844727 0.115389
vt 0.872823 0.115389
vt 0.872823 0.118164
vt 0.844727 0.118164
vt 0.092773 0.024414
vt 0.092773 0.023337
vt 0.095548 0.023337
vt 0.095548 0.024414
vt 0.209961 0.024414
vt 0.209961 0.023337
vt 0.212736 0.023337
vt 0.212736 0.024414
vt 0.19043 0.024414
vt 0.19043 0.023337
vt 0.193205 0.023337
vt 0.193205 0.024414
vt 0.088542 0.108398
vt 0.067383 0.108398
vt 0.067383 0.105623
vt 0.088542 0.105623
vt 0.219727 0.024414
vt 0.219727 0.023337
vt 0.222502 0.023337
vt 0.222502 0.024414
vt 0.102539 0.024414
vt 0.102539 0.023337
vt 0.105314 0.023337
vt 0.105314 0.024414
vt 0.112305 0.024414
vt 0.112305 0.023337
vt 0.11508 0.023337
vt 0.11508 0.024414
vt 0.879883 0.115389
vt 0.90798 0.115389
vt 0.90798 0.118164
vt 0.879883 0.118164
vt 0.12207 0.024414
vt 0.12207 0.023337
vt 0.124845 0.023337
vt 0.124845 0.024414
vt 0.134611 0.023337
vt 0.134611 0.024414
vt 0.131836 0.024414
vt 0.131836 0.023337
vt 0.144377 0.023337
vt 0.144377 0.024414
vt 0.141602 0.024414
vt 0.141602 0.023337
vt 0.094727 0.105623
vt 0.115886 0.105623
vt 0.115886 0.108398
vt 0.094727 0.108398
vt 0.889324 0.031245
vt 0.890378 0.031047
vt 0.890741 0.031977
vt 0.889416 0.032227
vt 0.137695 0.078193
vt 0.138575 0.077571
vt 0.139293 0.078265
vt 0.13811 0.079102
vt 0.433062 0.1339
vt 0.434094 0.134193
vt 0.433915 0.135162
vt 0.432617 0.134794
vt 0.434094 0.134193
vt 0.461959 0.13671
vt 0.46196 0.137695
vt 0.433915 0.135162
vt 0.168945 0.062527
vt 0.169953 0.062145
vt 0.170474 0.062997
vt 0.169208 0.063477
vt 0.208887 0.079102
vt 0.208008 0.07848
vt 0.208422 0.077571
vt 0.209606 0.078408
vt 0.978269 0.032227
vt 0.977215 0.032028
vt 0.977306 0.031047
vt 0.978632 0.031297
vt 0.977215 0.032028
vt 0.956145 0.032028
vt 0.956055 0.031047
vt 0.977306 0.031047
vt 0.72115 0.032026
vt 0.720092 0.032227
vt 0.719727 0.031297
vt 0.721057 0.031045
vt 0.115856 0.07848
vt 0.114976 0.079102
vt 0.114258 0.078408
vt 0.115441 0.077571
vt 0.572843 0.137695
vt 0.571811 0.137402
vt 0.571991 0.136434
vt 0.573289 0.136802
vt 0.571811 0.137402
vt 0.543947 0.134885
vt 0.543945 0.1339
vt 0.571991 0.136434
vt 0.178287 0.063095
vt 0.177279 0.063477
vt 0.176758 0.062625
vt 0.178024 0.062145
vt 0.122789 0.077571
vt 0.123668 0.078193
vt 0.123254 0.079102
vt 0.12207 0.078265
vt 0.696654 0.031045
vt 0.697713 0.031246
vt 0.69762 0.032227
vt 0.696289 0.031974
vt 0.868254 0.031245
vt 0.889324 0.031245
vt 0.889416 0.032227
vt 0.868164 0.032227
vt 0.334227 0.318248
vt 0.33462 0.319715
vt 0.33462 0.343813
vt 0.333221 0.317241
vt 0.334227 0.318248
vt 0.33462 0.343813
vt 0.300718 0.316848
vt 0.331754 0.316848
vt 0.333221 0.317241
vt 0.299251 0.317241
vt 0.300718 0.316848
vt 0.333221 0.317241
vt 0.298245 0.318248
vt 0.299251 0.317241
vt 0.333221 0.317241
vt 0.297852 0.343813
vt 0.297852 0.319715
vt 0.298245 0.318248
vt 0.298245 0.34528
vt 0.297852 0.343813
vt 0.298245 0.318248
vt 0.299251 0.346287
vt 0.298245 0.34528
vt 0.298245 0.318248
vt 0.331754 0.34668
vt 0.300718 0.34668
vt 0.299251 0.346287
vt 0.330376 0.345119
vt 0.331754 0.34668
vt 0.299251 0.346287
vt 0.302096 0.345119
vt 0.330376 0.345119
vt 0.299251 0.346287
vt 0.300788 0.344768
vt 0.302096 0.345119
vt 0.299251 0.346287
vt 0.299763 0.343743
vt 0.300788 0.344768
vt 0.299251 0.346287
vt 0.299413 0.342435
vt 0.299763 0.343743
vt 0.299251 0.346287
vt 0.299413 0.342435
vt 0.299251 0.346287
vt 0.298245 0.318248
vt 0.299413 0.321093
vt 0.299413 0.342435
vt 0.298245 0.318248
vt 0.299763 0.319785
vt 0.299413 0.321093
vt 0.298245 0.318248
vt 0.300788 0.31876
vt 0.299763 0.319785
vt 0.298245 0.318248
vt 0.302096 0.318409
vt 0.300788 0.31876
vt 0.298245 0.318248
vt 0.302096 0.318409
vt 0.298245 0.318248
vt 0.333221 0.317241
vt 0.330376 0.318409
vt 0.302096 0.318409
vt 0.333221 0.317241
vt 0.331684 0.31876
vt 0.330376 0.318409
vt 0.333221 0.317241
vt 0.332709 0.319785
vt 0.331684 0.31876
vt 0.333221 0.317241
vt 0.333059 0.321093
vt 0.332709 0.319785
vt 0.333221 0.317241
vt 0.333059 0.321093
vt 0.333221 0.317241
vt 0.33462 0.343813
vt 0.333059 0.342435
vt 0.333059 0.321093
vt 0.33462 0.343813
vt 0.332709 0.343743
vt 0.333059 0.342435
vt 0.33462 0.343813
vt 0.331684 0.344768
vt 0.332709 0.343743
vt 0.33462 0.343813
vt 0.331754 0.34668
vt 0.330376 0.345119
vt 0.331684 0.344768
vt 0.331754 0.34668
vt 0.331684 0.344768
vt 0.33462 0.343813
vt 0.333221 0.346287
vt 0.331754 0.34668
vt 0.33462 0.343813
vt 0.33462 0.343813
vt 0.334227 0.34528
vt 0.333221 0.346287
vt 0.34082 0.343813
vt 0.34082 0.319715
vt 0.341213 0.318248
vt 0.34082 0.343813
vt 0.341213 0.318248
vt 0.34222 0.317241
vt 0.34222 0.317241
vt 0.343687 0.316848
vt 0.374723 0.316848
vt 0.34222 0.317241
vt 0.374723 0.316848
vt 0.376189 0.317241
vt 0.34222 0.317241
vt 0.376189 0.317241
vt 0.377196 0.318248
vt 0.377196 0.318248
vt 0.377589 0.319715
vt 0.377589 0.343813
vt 0.377196 0.318248
vt 0.377589 0.343813
vt 0.377196 0.34528
vt 0.377196 0.318248
vt 0.377196 0.34528
vt 0.376189 0.346287
vt 0.376189 0.346287
vt 0.374723 0.34668
vt 0.343687 0.34668
vt 0.376189 0.346287
vt 0.343687 0.34668
vt 0.345065 0.345119
vt 0.376189 0.346287
vt 0.345065 0.345119
vt 0.373344 0.345119
vt 0.376189 0.346287
vt 0.373344 0.345119
vt 0.374653 0.344768
vt 0.376189 0.346287
vt 0.374653 0.344768
vt 0.375678 0.343743
vt 0.376189 0.346287
vt 0.375678 0.343743
vt 0.376028 0.342435
vt 0.377196 0.318248
vt 0.376189 0.346287
vt 0.376028 0.342435
vt 0.377196 0.318248
vt 0.376028 0.342435
vt 0.376028 0.321093
vt 0.377196 0.318248
vt 0.376028 0.321093
vt 0.375678 0.319785
vt 0.377196 0.318248
vt 0.375678 0.319785
vt 0.374653 0.31876
vt 0.377196 0.318248
vt 0.374653 0.31876
vt 0.373344 0.318409
vt 0.34222 0.317241
vt 0.377196 0.318248
vt 0.373344 0.318409
vt 0.34222 0.317241
vt 0.373344 0.318409
vt 0.345065 0.318409
vt 0.34222 0.317241
vt 0.345065 0.318409
vt 0.343757 0.31876
vt 0.34222 0.317241
vt 0.343757 0.31876
vt 0.342732 0.319785
vt 0.34222 0.317241
vt 0.342732 0.319785
vt 0.342381 0.321093
vt 0.34082 0.343813
vt 0.34222 0.317241
vt 0.342381 0.321093
vt 0.34082 0.343813
vt 0.342381 0.321093
vt 0.342381 0.342435
vt 0.34082 0.343813
vt 0.342381 0.342435
vt 0.342732 0.343743
vt 0.34082 0.343813
vt 0.342732 0.343743
vt 0.343757 0.344768
vt 0.343757 0.344768
vt 0.345065 0.345119
vt 0.343687 0.34668
vt 0.34082 0.343813
vt 0.343757 0.344768
vt 0.343687 0.34668
vt 0.34082 0.343813
vt 0.343687 0.34668
vt 0.34222 0.346287
vt 0.34222 0.346287
vt 0.341213 0.34528
vt 0.34082 0.343813
vn 0.706285 -0.707831 -0.011744
vn 0.603013 -0.719252 -0.345039
vn 0.345039 -0.719252 -0.603013
vn 0.009257 -0.707686 -0.706467
vn -0.009257 -0.707686 -0.706467
vn -0.345039 -0.719252 -0.603013
vn -0.603013 -0.719252 -0.345039
vn -0.706285 -0.707831 -0.011744
vn -0.706285 -0.707831 0.011744
vn -0.603013 -0.719252 0.345039
vn -0.345039 -0.719252 0.603013
vn -0.009257 -0.707686 0.706467
vn 0.009257 -0.707686 0.706467
vn 0.345039 -0.719252 0.603013
vn 0.603013 -0.719252 0.345039
vn 0.706285 -0.707831 0.011744
vn 0.99984 0 -0.01786
vn 0.866025 0 -0.5
vn 0.5 0 -0.866025
vn 0.014101 0 -0.999901
vn -0.014101 0 -0.999901
vn -0.5 0 -0.866025
vn -0.866025 0 -0.5
vn -0.99984 0 -0.01786
vn -0.99984 0 0.01786
vn -0.866025 0 0.5
vn -0.5 0 0.866025
vn -0.014101 0 0.999901
vn 0.014101 0 0.999901
vn 0.5 0 0.866025
vn 0.866025 0 0.5
vn 0.99984 0 0.01786
vn 0.706285 0.707831 -0.011744
vn 0.603013 0.719252 -0.345039
vn 0.345039 0.719252 -0.603013
vn 0.009257 0.707686 -0.706467
vn -0.009257 0.707686 -0.706467
vn -0.345039 0.719252 -0.603013
vn -0.603013 0.719252 -0.345039
vn -0.706285 0.707831 -0.011744
vn -0.706285 0.707831 0.011744
vn -0.603013 0.719252 0.345039
vn -0.345039 0.719252 0.603013
vn -0.009257 0.707686 0.706467
vn 0.009257 0.707686 0.706467
vn 0.345039 0.719252 0.603013
vn 0.603013 0.719252 0.345039
vn 0.706285 0.707831 0.011744
vn -0.706419 -0.707724 -0.009914
vn -0.599889 -0.71925 -0.350445
vn -0.350445 -0.71925 -0.599889
vn -0.007573 -0.707585 -0.706588
vn 0.007573 -0.707585 -0.706588
vn 0.350445 -0.71925 -0.599889
vn 0.599889 -0.71925 -0.350445
vn 0.706419 -0.707724 -0.009914
vn 0.706419 -0.707724 0.009914
vn 0.599889 -0.71925 0.350445
vn 0.350445 -0.71925 0.599889
vn 0.007573 -0.707585 0.706588
vn -0.007573 -0.707585 0.706588
vn -0.350445 -0.71925 0.599889
vn -0.599889 -0.71925 0.350445
vn -0.706419 -0.707724 0.009914
vn -0.999921 0 -0.012559
vn -0.009569 0 -0.999954
vn 0.009569 0 -0.999954
vn 0.999921 0 -0.012559
vn 0.999921 0 0.012559
vn 0.009569 0 0.999954
vn -0.009569 0 0.999954
vn -0.999921 0 0.012559
vn -0.706419 0.707724 -0.009914
vn -0.599889 0.71925 -0.350445
vn -0.350445 0.71925 -0.599889
vn -0.007573 0.707585 -0.706588
vn 0.007573 0.707585 -0.706588
vn 0.350445 0.71925 -0.599889
vn 0.599889 0.71925 -0.350445
vn 0.706419 0.707724 -0.009914
vn 0.706419 0.707724 0.009914
vn 0.599889 0.71925 0.350445
vn 0.350445 0.71925 0.599889
vn 0.007573 0.707585 0.706588
vn -0.007573 0.707585 0.706588
vn -0.350445 0.71925 0.599889
vn -0.599889 0.71925 0.350445
vn -0.706419 0.707724 0.009914
vn 0 -1 0
vn 0 1 0
f 1285/3985/567 1286/3986/568 1302/3987/568 1301/3988/567
f 1286/3989/568 1287/3990/569 1303/3991/569 1302/3992/568
f 1287/3993/569 1288/3994/570 1304/3995/570 1303/3996/569
f 1288/3997/570 1289/3998/571 1305/3999/571 1304/4000/570
f 1289/4001/571 1290/4002/572 1306/4003/572 1305/4004/571
f 1290/4005/572 1291/4006/573 1307/4007/573 1306/4008/572
f 1291/4009/573 1292/4010/574 1308/4011/574 1307/4012/573
f 1292/4013/574 1293/4014/575 1309/4015/575 1308/4016/574
f 1293/4017/575 1294/4018/576 1310/4019/576 1309/4020/575
f 1294/4021/576 1295/4022/577 1311/4023/577 1310/4024/576
f 1295/4025/577 1296/4026/578 1312/4027/578 1311/4028/577
f 1296/4029/578 1297/4030/579 1313/4031/579 1312/4032/578
f 1297/4033/579 1298/4034/580 1314/4035/580 1313/4036/579
f 1298/4037/580 1299/4038/581 1315/4039/581 1314/4040/580
f 1299/4041/581 1300/4042/582 1316/4043/582 1315/4044/581
f 1300/4045/582 1285/4046/567 1301/4047/567 1316/4048/582
f 1301/4049/583 1302/4050/584 1318/4051/584 1317/4052/583
f 1302/4053/584 1303/4054/585 1319/4055/585 1318/4056/584
f 1303/4057/585 1304/4058/586 1320/4059/586 1319/4060/585
f 1304/4061/586 1305/4062/587 1321/4063/587 1320/4064/586
f 1305/4065/587 1306/4066/588 1322/4067/588 1321/4068/587
f 1306/4069/588 1307/4070/589 1323/4071/589 1322/4072/588
f 1307/4073/589 1308/4074/590 1324/4075/590 1323/4076/589
f 1308/4077/590 1309/4078/591 1325/4079/591 1324/4080/590
f 1309/4081/591 1310/4082/592 1326/4083/592 1325/4084/591
f 1310/4085/592 1311/4086/593 1327/4087/593 1326/4088/592
f 1311/4089/593 1312/4090/594 1328/4091/594 1327/4092/593
f 1312/4093/594 1313/4094/595 1329/4095/595 1328/4096/594
f 1313/4097/595 1314/4098/596 1330/4099/596 1329/4100/595
f 1314/4101/596 1315/4102/597 1331/4103/597 1330/4104/596
f 1315/4105/597 1316/4106/598 1332/4107/598 1331/4108/597
f 1316/4109/598 1301/4110/583 1317/4111/583 1332/4112/598
f 1317/4113/599 1318/4114/600 1334/4115/600 1333/4116/599
f 1318/4117/600 1319/4118/601 1335/4119/601 1334/4120/600
f 1319/4121/601 1320/4122/602 1336/4123/602 1335/4124/601
f 1320/4125/602 1321/4126/603 1337/4127/603 1336/4128/602
f 1321/4129/603 1322/4130/604 1338/4131/604 1337/4132/603
f 1322/4133/604 1323/4134/605 1339/4135/605 1338/4136/604
f 1323/4137/605 1324/4138/606 1340/4139/606 1339/4140/605
f 1324/4141/606 1325/4142/607 1341/4143/607 1340/4144/606
f 1325/4145/607 1326/4146/608 1342/4147/608 1341/4148/607
f 1326/4149/608 1327/4150/609 1343/4151/609 1342/4152/608
f 1327/4153/609 1328/4154/610 1344/4155/610 1343/4156/609
f 1328/4157/610 1329/4158/611 1345/4159/611 1344/4160/610
f 1329/4161/611 1330/4162/612 1346/4163/612 1345/4164/611
f 1330/4165/612 1331/4166/613 1347/4167/613 1346/4168/612
f 1331/4169/613 1332/4170/614 1348/4171/614 1347/4172/613
f 1332/4173/614 1317/4174/599 1333/4175/599 1348/4176/614
f 1349/4177/615 1350/4178/616 1366/4179/616 1365/4180/615
f 1350/4181/616 1351/4182/617 1367/4183/617 1366/4184/616
f 1351/4185/617 1352/4186/618 1368/4187/618 1367/4188/617
f 1352/4189/618 1353/4190/619 1369/4191/619 1368/4192/618
f 1353/4193/619 1354/4194/620 1370/4195/620 1369/4196/619
f 1354/4197/620 1355/4198/621 1371/4199/621 1370/4200/620
f 1355/4201/621 1356/4202/622 1372/4203/622 1371/4204/621
f 1356/4205/622 1357/4206/623 1373/4207/623 1372/4208/622
f 1357/4209/623 1358/4210/624 1374/4211/624 1373/4212/623
f 1358/4213/624 1359/4214/625 1375/4215/625 1374/4216/624
f 1359/4217/625 1360/4218/626 1376/4219/626 1375/4220/625
f 1360/4221/626 1361/4222/627 1377/4223/627 1376/4224/626
f 1361/4225/627 1362/4226/628 1378/4227/628 1377/4228/627
f 1362/4229/628 1363/4230/629 1379/4231/629 1378/4232/628
f 1363/4233/629 1364/4234/630 1380/4235/630 1379/4236/629
f 1364/4237/630 1349/4238/615 1365/4239/615 1380/4240/630
f 1365/4241/631 1366/4242/589 1382/4243/589 1381/4244/631
f 1366/4245/589 1367/4246/588 1383/4247/588 1382/4248/589
f 1367/4249/588 1368/4250/632 1384/4251/632 1383/4252/588
f 1368/4253/632 1369/4254/633 1385/4255/633 1384/4256/632
f 1369/4257/633 1370/4258/585 1386/4259/585 1385/4260/633
f 1370/4261/585 1371/4262/584 1387/4263/584 1386/4264/585
f 1371/4265/584 1372/4266/634 1388/4267/634 1387/4268/584
f 1372/4269/634 1373/4270/635 1389/4271/635 1388/4272/634
f 1373/4273/635 1374/4274/597 1390/4275/597 1389/4276/635
f 1374/4277/597 1375/4278/596 1391/4279/596 1390/4280/597
f 1375/4281/596 1376/4282/636 1392/4283/636 1391/4284/596
f 1376/4285/636 1377/4286/637 1393/4287/637 1392/4288/636
f 1377/4289/637 1378/4290/593 1394/4291/593 1393/4292/637
f 1378/4293/593 1379/4294/592 1395/4295/592 1394/4296/593
f 1379/4297/592 1380/4298/638 1396/4299/638 1395/4300/592
f 1380/4301/638 1365/4302/631 1381/4303/631 1396/4304/638
f 1381/4305/639 1382/4306/640 1398/4307/640 1397/4308/639
f 1382/4309/640 1383/4310/641 1399/4311/641 1398/4312/640
f 1383/4313/641 1384/4314/642 1400/4315/642 1399/4316/641
f 1384/4317/642 1385/4318/643 1401/4319/643 1400/4320/642
f 1385/4321/643 1386/4322/644 1402/4323/644 1401/4324/643
f 1386/4325/644 1387/4326/645 1403/4327/645 1402/4328/644
f 1387/4329/645 1388/4330/646 1404/4331/646 1403/4332/645
f 1388/4333/646 1389/4334/647 1405/4335/647 1404/4336/646
f 1389/4337/647 1390/4338/648 1406/4339/648 1405/4340/647
f 1390/4341/648 1391/4342/649 1407/4343/649 1406/4344/648
f 1391/4345/649 1392/4346/650 1408/4347/650 1407/4348/649
f 1392/4349/650 1393/4350/651 1409/4351/651 1408/4352/650
f 1393/4353/651 1394/4354/652 1410/4355/652 1409/4356/651
f 1394/4357/652 1395/4358/653 1411/4359/653 1410/4360/652
f 1395/4361/653 1396/4362/654 1412/4363/654 1411/4364/653
f 1396/4365/654 1381/4366/639 1397/4367/639 1412/4368/654
f 1414/4369/655 1413/4370/655 1428/4371/655
f 1415/4372/655 1414/4373/655 1428/4374/655
f 1417/4375/655 1416/4376/655 1415/4377/655
f 1418/4378/655 1417/4379/655 1415/4380/655
f 1419/4381/655 1418/4382/655 1415/4383/655
f 1421/4384/655 1420/4385/655 1419/4386/655
f 1422/4387/655 1421/4388/655 1419/4389/655
f 1423/4390/655 1422/4391/655 1419/4392/655
f 1425/4393/655 1424/4394/655 1423/4395/655
f 1432/4396/655 1425/4397/655 1423/4398/655
f 1433/4399/655 1432/4400/655 1423/4401/655
f 1434/4402/655 1433/4403/655 1423/4404/655
f 1435/4405/655 1434/4406/655 1423/4407/655
f 1436/4408/655 1435/4409/655 1423/4410/655
f 1436/4411/655 1423/4412/655 1419/4413/655
f 1437/4414/655 1436/4415/655 1419/4416/655
f 1438/4417/655 1437/4418/655 1419/4419/655
f 1439/4420/655 1438/4421/655 1419/4422/655
f 1440/4423/655 1439/4424/655 1419/4425/655
f 1440/4426/655 1419/4427/655 1415/4428/655
f 1441/4429/655 1440/4430/655 1415/4431/655
f 1442/4432/655 1441/4433/655 1415/4434/655
f 1443/4435/655 1442/4436/655 1415/4437/655
f 1444/4438/655 1443/4439/655 1415/4440/655
f 1444/4441/655 1415/4442/655 1428/4443/655
f 1429/4444/655 1444/4445/655 1428/4446/655
f 1430/4447/655 1429/4448/655 1428/4449/655
f 1431/4450/655 1430/4451/655 1428/4452/655
f 1425/4453/655 1432/4454/655 1431/4455/655
f 1425/4456/655 1431/4457/655 1428/4458/655
f 1426/4459/655 1425/4460/655 1428/4461/655
f 1428/4462/655 1427/4463/655 1426/4464/655
f 1460/4465/656 1445/4466/656 1446/4467/656
f 1460/4468/656 1446/4469/656 1447/4470/656
f 1447/4471/656 1448/4472/656 1449/4473/656
f 1447/4474/656 1449/4475/656 1450/4476/656
f 1447/4477/656 1450/4478/656 1451/4479/656
f 1451/4480/656 1452/4481/656 1453/4482/656
f 1451/4483/656 1453/4484/656 1454/4485/656
f 1451/4486/656 1454/4487/656 1455/4488/656
f 1455/4489/656 1456/4490/656 1457/4491/656
f 1455/4492/656 1457/4493/656 1464/4494/656
f 1455/4495/656 1464/4496/656 1465/4497/656
f 1455/4498/656 1465/4499/656 1466/4500/656
f 1455/4501/656 1466/4502/656 1467/4503/656
f 1455/4504/656 1467/4505/656 1468/4506/656
f 1451/4507/656 1455/4508/656 1468/4509/656
f 1451/4510/656 1468/4511/656 1469/4512/656
f 1451/4513/656 1469/4514/656 1470/4515/656
f 1451/4516/656 1470/4517/656 1471/4518/656
f 1451/4519/656 1471/4520/656 1472/4521/656
f 1447/4522/656 1451/4523/656 1472/4524/656
f 1447/4525/656 1472/4526/656 1473/4527/656
f 1447/4528/656 1473/4529/656 1474/4530/656
f 1447/4531/656 1474/4532/656 1475/4533/656
f 1447/4534/656 1475/4535/656 1476/4536/656
f 1460/4537/656 1447/4538/656 1476/4539/656
f 1460/4540/656 1476/4541/656 1461/4542/656
f 1460/4543/656 1461/4544/656 1462/4545/656
f 1460/4546/656 1462/4547/656 1463/4548/656
f 1463/4549/656 1464/4550/656 1457/4551/656
f 1460/4552/656 1463/4553/656 1457/4554/656
f 1460/4555/656 1457/4556/656 1458/4557/656
f 1458/4558/656 1459/4559/656 1460/4560/656
o strip6_rocker_off
usemtl strip
v 0.6224 0.0537 0.4595
v 0.6476 0.0537 0.4595
v 0.6476 0.059927 0.4595
v 0.635157 0.058959 0.4595
v 0.6224 0.055416 0.4595
v 0.6215 0.0528 0.4604
v 0.6485 0.0528 0.4604
v 0.6485 0.0609 0.4604
v 0.635 0.05985 0.4604
v 0.6215 0.0561 0.4604
v 0.6215 0.0528 0.4796
v 0.6485 0.0528 0.4796
v 0.6485 0.0609 0.4796
v 0.635 0.05985 0.4796
v 0.6215 0.0561 0.4796
v 0.6224 0.0537 0.4805
v 0.6476 0.0537 0.4805
v 0.6476 0.059927 0.4805
v 0.635157 0.058959 0.4805
v 0.6224 0.055416 0.4805
v 0.6224 0.0537 0.4595
v 0.6476 0.0537 0.4595
v 0.6476 0.059927 0.4595
v 0.635157 0.058959 0.4595
v 0.6224 0.055416 0.4595
v 0.6224 0.0537 0.4805
v 0.6476 0.0537 0.4805
v 0.6476 0.059927 0.4805
v 0.635157 0.058959 0.4805
v 0.6224 0.055416 0.4805
vt 0.638736 0.07763
vt 0.667873 0.07763
vt 0.668914 0.079102
vt 0.637695 0.079102
vt 0.044986 0.069817
vt 0.052186 0.069817
vt 0.053311 0.071289
vt 0.043945 0.071289
vt 0.201415 0.096171
vt 0.215779 0.097158
vt 0.215779 0.098633
vt 0.200195 0.097562
vt 0.215779 0.097158
vt 0.231016 0.096111
vt 0.231904 0.097525
vt 0.215779 0.098633
vt 0.835752 0.07763
vt 0.837736 0.07763
vt 0.838777 0.079102
vt 0.834961 0.079102
vt 0.500977 0.32448
vt 0.532195 0.32448
vt 0.532195 0.34668
vt 0.500977 0.34668
vt 0.520508 0.209961
vt 0.520508 0.200595
vt 0.542708 0.200595
vt 0.542708 0.209961
vt 0.383789 0.32448
vt 0.399372 0.32448
vt 0.399372 0.34668
vt 0.383789 0.34668
vt 0.399372 0.32448
vt 0.415497 0.32448
vt 0.415497 0.34668
vt 0.399372 0.34668
vt 0.618164 0.178711
vt 0.618164 0.174895
vt 0.640364 0.174895
vt 0.640364 0.178711
vt 0.854492 0.07763
vt 0.885711 0.07763
vt 0.88467 0.079102
vt 0.855533 0.079102
vt 0.749023 0.07763
vt 0.758389 0.07763
vt 0.757264 0.079102
vt 0.750064 0.079102
vt 0.004883 0.097181
vt 0.020466 0.096111
vt 0.020466 0.097586
vt 0.006103 0.098573
vt 0.020466 0.096111
vt 0.036591 0.097219
vt 0.035703 0.098633
vt 0.020466 0.097586
vt 0.844727 0.07763
vt 0.848542 0.07763
vt 0.847502 0.079102
vt 0.845518 0.079102
vt 0.727539 0.202761
vt 0.756677 0.202761
vt 0.756677 0.204745
vt 0.727539 0.209961
vt 0.727539 0.202761
vt 0.756677 0.204745
vt 0.756677 0.204745
vt 0.741927 0.208842
vt 0.727539 0.209961
vt 0.762695 0.204745
vt 0.762695 0.202761
vt 0.791833 0.202761
vt 0.762695 0.204745
vt 0.791833 0.202761
vt 0.791833 0.209961
vt 0.791833 0.209961
vt 0.777445 0.208842
vt 0.762695 0.204745
vn 0 -0.707107 -0.707107
vn 0.707107 0 -0.707107
vn -0.054832 0.704978 -0.707107
vn -0.123882 0.694489 -0.708758
vn -0.189253 0.68131 -0.707107
vn -0.707107 0 -0.707107
vn 0 -1 0
vn 1 0 0
vn -0.077544 0.996989 0
vn -0.175033 0.984563 0
vn -0.267644 0.963518 0
vn -1 0 0
vn 0 -0.707107 0.707107
vn 0.707107 0 0.707107
vn -0.054832 0.704978 0.707107
vn -0.123882 0.694489 0.708758
vn -0.189253 0.68131 0.707107
vn -0.707107 0 0.707107
vn 0 0 -1
vn 0 0 1
f 1477/4561/657 1478/4562/657 1483/4563/657 1482/4564/657
f 1478/4565/658 1479/4566/658 1484/4567/658 1483/4568/658
f 1479/4569/659 1480/4570/660 1485/4571/660 1484/4572/659
f 1480/4573/660 1481/4574/661 1486/4575/661 1485/4576/660
f 1481/4577/662 1477/4578/662 1482/4579/662 1486/4580/662
f 1482/4581/663 1483/4582/663 1488/4583/663 1487/4584/663
f 1483/4585/664 1484/4586/664 1489/4587/664 1488/4588/664
f 1484/4589/665 1485/4590/666 1490/4591/666 1489/4592/665
f 1485/4593/666 1486/4594/667 1491/4595/667 1490/4596/666
f 1486/4597/668 1482/4598/668 1487/4599/668 1491/4600/668
f 1487/4601/669 1488/4602/669 1493/4603/669 1492/4604/669
f 1488/4605/670 1489/4606/670 1494/4607/670 1493/4608/670
f 1489/4609/671 1490/4610/672 1495/4611/672 1494/4612/671
f 1490/4613/672 1491/4614/673 1496/4615/673 1495/4616/672
f 1491/4617/674 1487/4618/674 1492/4619/674 1496/4620/674
f 1498/4621/675 1497/4622/675 1501/4623/675
f 1499/4624/675 1498/4625/675 1501/4626/675
f 1501/4627/675 1500/4628/675 1499/4629/675
f 1506/4630/676 1502/4631/676 1503/4632/676
f 1506/4633/676 1503/4634/676 1504/4635/676
f 1504/4636/676 1505/4637/676 1506/4638/676
o strip6_button
usemtl strip
v 0.636502 0.0525 0.542581
v 0.639209 0.0525 0.541277
v 0.641082 0.0525 0.538929
v 0.64175 0.0525 0.536
v 0.641082 0.0525 0.533071
v 0.639209 0.0525 0.530723
v 0.636502 0.0525 0.529419
v 0.633498 0.0525 0.529419
v 0.630791 0.0525 0.530723
v 0.628918 0.0525 0.533071
v 0.62825 0.0525 0.536
v 0.628918 0.0525 0.538929
v 0.630791 0.0525 0.541277
v 0.633498 0.0525 0.542581
v 0.636502 0.0573 0.542581
v 0.639209 0.0573 0.541277
v 0.641082 0.0573 0.538929
v 0.64175 0.0573 0.536
v 0.641082 0.0573 0.533071
v 0.639209 0.0573 0.530723
v 0.636502 0.0573 0.529419
v 0.633498 0.0573 0.529419
v 0.630791 0.0573 0.530723
v 0.628918 0.0573 0.533071
v 0.62825 0.0573 0.536
v 0.628918 0.0573 0.538929
v 0.630791 0.0573 0.541277
v 0.633498 0.0573 0.542581
v 0.635 0.0525 0.536
v 0.635 0.0573 0.536
vt 0.543945 0.12793
vt 0.543945 0.124456
vt 0.549495 0.124456
vt 0.549495 0.12793
vt 0.59082 0.12793
vt 0.59082 0.124456
vt 0.59637 0.124456
vt 0.59637 0.12793
vt 0.473633 0.12793
vt 0.473633 0.124456
vt 0.479183 0.124456
vt 0.479183 0.12793
vt 0.415039 0.12793
vt 0.415039 0.124456
vt 0.420589 0.124456
vt 0.420589 0.12793
vt 0.696289 0.12793
vt 0.696289 0.124456
vt 0.701839 0.124456
vt 0.701839 0.12793
vt 0.426758 0.12793
vt 0.426758 0.124456
vt 0.432308 0.124456
vt 0.432308 0.12793
vt 0.649414 0.12793
vt 0.649414 0.124456
vt 0.654964 0.124456
vt 0.654964 0.12793
vt 0.666683 0.124456
vt 0.666683 0.12793
vt 0.661133 0.12793
vt 0.661133 0.124456
vt 0.561214 0.124456
vt 0.561214 0.12793
vt 0.555664 0.12793
vt 0.555664 0.124456
vt 0.490902 0.124456
vt 0.490902 0.12793
vt 0.485352 0.12793
vt 0.485352 0.124456
vt 0.572933 0.124456
vt 0.572933 0.12793
vt 0.567383 0.12793
vt 0.567383 0.124456
vt 0.444027 0.124456
vt 0.444027 0.12793
vt 0.438477 0.12793
vt 0.438477 0.124456
vt 0.678402 0.124456
vt 0.678402 0.12793
vt 0.672852 0.12793
vt 0.672852 0.124456
vt 0.69012 0.124456
vt 0.69012 0.12793
vt 0.68457 0.12793
vt 0.68457 0.124456
vt 0.105444 0.300251
vt 0.102315 0.301758
vt 0.100578 0.294149
vt 0.10761 0.297535
vt 0.105444 0.300251
vt 0.100578 0.294149
vt 0.108383 0.294149
vt 0.10761 0.297535
vt 0.100578 0.294149
vt 0.10761 0.290762
vt 0.108383 0.294149
vt 0.100578 0.294149
vt 0.105444 0.288047
vt 0.10761 0.290762
vt 0.100578 0.294149
vt 0.102315 0.28654
vt 0.105444 0.288047
vt 0.100578 0.294149
vt 0.098841 0.28654
vt 0.102315 0.28654
vt 0.100578 0.294149
vt 0.095712 0.288047
vt 0.098841 0.28654
vt 0.100578 0.294149
vt 0.093546 0.290762
vt 0.095712 0.288047
vt 0.100578 0.294149
vt 0.092773 0.294149
vt 0.093546 0.290762
vt 0.100578 0.294149
vt 0.093546 0.297535
vt 0.092773 0.294149
vt 0.100578 0.294149
vt 0.095712 0.300251
vt 0.093546 0.297535
vt 0.100578 0.294149
vt 0.098841 0.301758
vt 0.095712 0.300251
vt 0.100578 0.294149
vt 0.102315 0.301758
vt 0.098841 0.301758
vt 0.100578 0.294149
vt 0.079094 0.294149
vt 0.077357 0.301758
vt 0.074228 0.300251
vt 0.079094 0.294149
vt 0.074228 0.300251
vt 0.072062 0.297535
vt 0.079094 0.294149
vt 0.072062 0.297535
vt 0.071289 0.294149
vt 0.079094 0.294149
vt 0.071289 0.294149
vt 0.072062 0.290762
vt 0.079094 0.294149
vt 0.072062 0.290762
vt 0.074228 0.288047
vt 0.079094 0.294149
vt 0.074228 0.288047
vt 0.077357 0.28654
vt 0.079094 0.294149
vt 0.077357 0.28654
vt 0.08083 0.28654
vt 0.079094 0.294149
vt 0.08083 0.28654
vt 0.08396 0.288047
vt 0.079094 0.294149
vt 0.08396 0.288047
vt 0.086126 0.290762
vt 0.079094 0.294149
vt 0.086126 0.290762
vt 0.086898 0.294149
vt 0.079094 0.294149
vt 0.086898 0.294149
vt 0.086126 0.297535
vt 0.079094 0.294149
vt 0.086126 0.297535
vt 0.08396 0.300251
vt 0.079094 0.294149
vt 0.08396 0.300251
vt 0.08083 0.301758
vt 0.079094 0.294149
vt 0.08083 0.301758
vt 0.077357 0.301758
vn 0.433884 0 0.900969
vn 0.62349 0 0.781831
vn 0.900969 0 0.433884
vn 1 0 0
vn 0.900969 0 -0.433884
vn 0.62349 0 -0.781831
vn 0.222521 0 -0.974928
vn -0.222521 0 -0.974928
vn -0.62349 0 -0.781831
vn -0.900969 0 -0.433884
vn -1 0 0
vn -0.900969 0 0.433884
vn -0.62349 0 0.781831
vn -0.433884 0 0.900969
vn 0 0 -1
vn 0 -1 0
vn 0 1 0
f 1507/4639/677 1508/4640/678 1522/4641/678 1521/4642/677
f 1508/4643/678 1509/4644/679 1523/4645/679 1522/4646/678
f 1509/4647/679 1510/4648/680 1524/4649/680 1523/4650/679
f 1510/4651/680 1511/4652/681 1525/4653/681 1524/4654/680
f 1511/4655/681 1512/4656/682 1526/4657/682 1525/4658/681
f 1512/4659/682 1513/4660/683 1527/4661/683 1526/4662/682
f 1513/4663/683 1514/4664/684 1528/4665/684 1527/4666/683
f 1514/4667/684 1515/4668/685 1529/4669/685 1528/4670/684
f 1515/4671/685 1516/4672/686 1530/4673/686 1529/4674/685
f 1516/4675/686 1517/4676/687 1531/4677/687 1530/4678/686
f 1517/4679/687 1518/4680/688 1532/4681/688 1531/4682/687
f 1518/4683/688 1519/4684/689 1533/4685/689 1532/4686/688
f 1519/4687/689 1520/4688/690 1534/4689/690 1533/4690/689
f 1534/4691/691 1521/4692/691 1507/4693/691 1520/4694/691
f 1508/4695/692 1507/4696/692 1535/4697/692
f 1509/4698/692 1508/4699/692 1535/4700/692
f 1510/4701/692 1509/4702/692 1535/4703/692
f 1511/4704/692 1510/4705/692 1535/4706/692
f 1512/4707/692 1511/4708/692 1535/4709/692
f 1513/4710/692 1512/4711/692 1535/4712/692
f 1514/4713/692 1513/4714/692 1535/4715/692
f 1515/4716/692 1514/4717/692 1535/4718/692
f 1516/4719/692 1515/4720/692 1535/4721/692
f 1517/4722/692 1516/4723/692 1535/4724/692
f 1518/4725/692 1517/4726/692 1535/4727/692
f 1519/4728/692 1518/4729/692 1535/4730/692
f 1520/4731/692 1519/4732/692 1535/4733/692
f 1507/4734/692 1520/4735/692 1535/4736/692
f 1536/4737/693 1521/4738/693 1522/4739/693
f 1536/4740/693 1522/4741/693 1523/4742/693
f 1536/4743/693 1523/4744/693 1524/4745/693
f 1536/4746/693 1524/4747/693 1525/4748/693
f 1536/4749/693 1525/4750/693 1526/4751/693
f 1536/4752/693 1526/4753/693 1527/4754/693
f 1536/4755/693 1527/4756/693 1528/4757/693
f 1536/4758/693 1528/4759/693 1529/4760/693
f 1536/4761/693 1529/4762/693 1530/4763/693
f 1536/4764/693 1530/4765/693 1531/4766/693
f 1536/4767/693 1531/4768/693 1532/4769/693
f 1536/4770/693 1532/4771/693 1533/4772/693
f 1536/4773/693 1533/4774/693 1534/4775/693
f 1536/4776/693 1534/4777/693 1521/4778/693
o strip6_grommet
usemtl strip
v 0.6725 0.029003 0.508774
v 0.6725 0.032611 0.507036
v 0.6725 0.035109 0.503905
v 0.6725 0.036 0.5
v 0.6725 0.035109 0.496095
v 0.6725 0.032611 0.492964
v 0.6725 0.029003 0.491226
v 0.6725 0.024997 0.491226
v 0.6725 0.021389 0.492964
v 0.6725 0.018891 0.496095
v 0.6725 0.018 0.5
v 0.6725 0.018891 0.503905
v 0.6725 0.021389 0.507036
v 0.6725 0.024997 0.508774
v 0.6905 0.029003 0.508774
v 0.6905 0.032611 0.507036
v 0.6905 0.035109 0.503905
v 0.6905 0.036 0.5
v 0.6905 0.035109 0.496095
v 0.6905 0.032611 0.492964
v 0.6905 0.029003 0.491226
v 0.6905 0.024997 0.491226
v 0.6905 0.021389 0.492964
v 0.6905 0.018891 0.496095
v 0.6905 0.018 0.5
v 0.6905 0.018891 0.503905
v 0.6905 0.021389 0.507036
v 0.6905 0.024997 0.508774
v 0.6725 0.027 0.5
v 0.6905 0.027 0.5
vt 0.80957 0.192383
vt 0.80957 0.187752
vt 0.830383 0.187752
vt 0.830383 0.192383
vt 0.891602 0.192383
vt 0.891602 0.187752
vt 0.912414 0.187752
vt 0.912414 0.192383
vt 0.836914 0.192383
vt 0.836914 0.187752
vt 0.857727 0.187752
vt 0.857727 0.192383
vt 0.918945 0.192383
vt 0.918945 0.187752
vt 0.939758 0.187752
vt 0.939758 0.192383
vt 0.196289 0.178711
vt 0.196289 0.17408
vt 0.217102 0.17408
vt 0.217102 0.178711
vt 0.563477 0.192383
vt 0.563477 0.187752
vt 0.584289 0.187752
vt 0.584289 0.192383
vt 0.114258 0.178711
vt 0.114258 0.17408
vt 0.13507 0.17408
vt 0.13507 0.178711
vt 0.107727 0.17408
vt 0.107727 0.178711
vt 0.086914 0.178711
vt 0.086914 0.17408
vt 0.967102 0.187752
vt 0.967102 0.192383
vt 0.946289 0.192383
vt 0.946289 0.187752
vt 0.994445 0.187752
vt 0.994445 0.192383
vt 0.973633 0.192383
vt 0.973633 0.187752
vt 0.271789 0.17408
vt 0.271789 0.178711
vt 0.250977 0.178711
vt 0.250977 0.17408
vt 0.638977 0.187752
vt 0.638977 0.192383
vt 0.618164 0.192383
vt 0.618164 0.187752
vt 0.693664 0.187752
vt 0.693664 0.192383
vt 0.672852 0.192383
vt 0.672852 0.187752
vt 0.244445 0.17408
vt 0.244445 0.178711
vt 0.223633 0.178711
vt 0.223633 0.17408
vt 0.880523 0.336534
vt 0.878208 0.34668
vt 0.874035 0.34467
vt 0.880523 0.336534
vt 0.874035 0.34467
vt 0.871148 0.341049
vt 0.880523 0.336534
vt 0.871148 0.341049
vt 0.870117 0.336534
vt 0.880523 0.336534
vt 0.870117 0.336534
vt 0.871148 0.332019
vt 0.880523 0.336534
vt 0.871148 0.332019
vt 0.874035 0.328398
vt 0.880523 0.336534
vt 0.874035 0.328398
vt 0.878208 0.326389
vt 0.880523 0.336534
vt 0.878208 0.326389
vt 0.882839 0.326389
vt 0.880523 0.336534
vt 0.882839 0.326389
vt 0.887012 0.328398
vt 0.880523 0.336534
vt 0.887012 0.328398
vt 0.889899 0.332019
vt 0.880523 0.336534
vt 0.889899 0.332019
vt 0.89093 0.336534
vt 0.880523 0.336534
vt 0.89093 0.336534
vt 0.889899 0.341049
vt 0.880523 0.336534
vt 0.889899 0.341049
vt 0.887012 0.34467
vt 0.880523 0.336534
vt 0.887012 0.34467
vt 0.882839 0.34668
vt 0.880523 0.336534
vt 0.882839 0.34668
vt 0.878208 0.34668
vt 0.914355 0.34467
vt 0.910183 0.34668
vt 0.907867 0.336534
vt 0.917243 0.341049
vt 0.914355 0.34467
vt 0.907867 0.336534
vt 0.918273 0.336534
vt 0.917243 0.341049
vt 0.907867 0.336534
vt 0.917243 0.332019
vt 0.918273 0.336534
vt 0.907867 0.336534
vt 0.914355 0.328398
vt 0.917243 0.332019
vt 0.907867 0.336534
vt 0.910183 0.326389
vt 0.914355 0.328398
vt 0.907867 0.336534
vt 0.905552 0.326389
vt 0.910183 0.326389
vt 0.907867 0.336534
vt 0.901379 0.328398
vt 0.905552 0.326389
vt 0.907867 0.336534
vt 0.898491 0.332019
vt 0.901379 0.328398
vt 0.907867 0.336534
vt 0.897461 0.336534
vt 0.898491 0.332019
vt 0.907867 0.336534
vt 0.898491 0.341049
vt 0.897461 0.336534
vt 0.907867 0.336534
vt 0.901379 0.34467
vt 0.898491 0.341049
vt 0.907867 0.336534
vt 0.905552 0.34668
vt 0.901379 0.34467
vt 0.907867 0.336534
vt 0.910183 0.34668
vt 0.905552 0.34668
vt 0.907867 0.336534
vn 0 0.433884 0.900969
vn 0 0.62349 0.781831
vn 0 0.900969 0.433884
vn 0 1 0
vn 0 0.900969 -0.433884
vn 0 0.62349 -0.781831
vn 0 0.222521 -0.974928
vn 0 -0.222521 -0.974928
vn 0 -0.62349 -0.781831
vn 0 -0.900969 -0.433884
vn 0 -1 0
vn 0 -0.900969 0.433884
vn 0 -0.62349 0.781831
vn 0 -0.433884 0.900969
vn 0 0 -1
vn -1 0 0
vn 1 0 0
f 1551/4779/694 1552/4780/695 1538/4781/695 1537/4782/694
f 1552/4783/695 1553/4784/696 1539/4785/696 1538/4786/695
f 1553/4787/696 1554/4788/697 1540/4789/697 1539/4790/696
f 1554/4791/697 1555/4792/698 1541/4793/698 1540/4794/697
f 1555/4795/698 1556/4796/699 1542/4797/699 1541/4798/698
f 1556/4799/699 1557/4800/700 1543/4801/700 1542/4802/699
f 1557/4803/700 1558/4804/701 1544/4805/701 1543/4806/700
f 1558/4807/701 1559/4808/702 1545/4809/702 1544/4810/701
f 1559/4811/702 1560/4812/703 1546/4813/703 1545/4814/702
f 1560/4815/703 1561/4816/704 1547/4817/704 1546/4818/703
f 1561/4819/704 1562/4820/705 1548/4821/705 1547/4822/704
f 1562/4823/705 1563/4824/706 1549/4825/706 1548/4826/705
f 1563/4827/706 1564/4828/707 1550/4829/707 1549/4830/706
f 1550/4831/708 1537/4832/708 1551/4833/708 1564/4834/708
f 1565/4835/709 1537/4836/709 1538/4837/709
f 1565/4838/709 1538/4839/709 1539/4840/709
f 1565/4841/709 1539/4842/709 1540/4843/709
f 1565/4844/709 1540/4845/709 1541/4846/709
f 1565/4847/709 1541/4848/709 1542/4849/709
f 1565/4850/709 1542/4851/709 1543/4852/709
f 1565/4853/709 1543/4854/709 1544/4855/709
f 1565/4856/709 1544/4857/709 1545/4858/709
f 1565/4859/709 1545/4860/709 1546/4861/709
f 1565/4862/709 1546/4863/709 1547/4864/709
f 1565/4865/709 1547/4866/709 1548/4867/709
f 1565/4868/709 1548/4869/709 1549/4870/709
f 1565/4871/709 1549/4872/709 1550/4873/709
f 1565/4874/709 1550/4875/709 1537/4876/709
f 1552/4877/710 1551/4878/710 1566/4879/710
f 1553/4880/710 1552/4881/710 1566/4882/710
f 1554/4883/710 1553/4884/710 1566/4885/710
f 1555/4886/710 1554/4887/710 1566/4888/710
f 1556/4889/710 1555/4890/710 1566/4891/710
f 1557/4892/710 1556/4893/710 1566/4894/710
f 1558/4895/710 1557/4896/710 1566/4897/710
f 1559/4898/710 1558/4899/710 1566/4900/710
f 1560/4901/710 1559/4902/710 1566/4903/710
f 1561/4904/710 1560/4905/710 1566/4906/710
f 1562/4907/710 1561/4908/710 1566/4909/710
f 1563/4910/710 1562/4911/710 1566/4912/710
f 1564/4913/710 1563/4914/710 1566/4915/710
f 1551/4916/710 1564/4917/710 1566/4918/710
