# AFL Store roof V1 rooftop unit, generated by tools/build-store-roof-v1.mjs
mtllib unit.mtl
o curb
usemtl rtu
v 0.244 0 0.916
v 1.806 0 0.916
v 1.806 0 0.084
v 0.244 0 0.084
v 0.24 0.004 0.92
v 1.81 0.004 0.92
v 1.81 0.004 0.08
v 0.24 0.004 0.08
v 0.24 0.347 0.92
v 1.81 0.347 0.92
v 1.81 0.347 0.08
v 0.24 0.347 0.08
v 0.244 0.351 0.916
v 1.806 0.351 0.916
v 1.806 0.351 0.084
v 0.244 0.351 0.084
v 0.244 0 0.916
v 1.806 0 0.916
v 1.806 0 0.084
v 0.244 0 0.084
v 0.244 0.351 0.916
v 1.806 0.351 0.916
v 1.806 0.351 0.084
v 0.244 0.351 0.084
vt 0.338604 0.595773
vt 0.52165 0.595773
vt 0.522119 0.596436
vt 0.338135 0.596436
vt 0.807197 0.596436
vt 0.709697 0.596436
vt 0.709229 0.595773
vt 0.807666 0.595773
vt 0.707197 0.596436
vt 0.52415 0.596436
vt 0.523682 0.595773
vt 0.707666 0.595773
vt 0.138408 0.595773
vt 0.235908 0.595773
vt 0.236377 0.596436
vt 0.137939 0.596436
vt 0.114502 0.732021
vt 0.298486 0.732021
vt 0.298486 0.772217
vt 0.114502 0.772217
vt 0.584033 0.772217
vt 0.485596 0.772217
vt 0.485596 0.732021
vt 0.584033 0.732021
vt 0.300049 0.732021
vt 0.484033 0.732021
vt 0.484033 0.772217
vt 0.300049 0.772217
vt 0.585693 0.732021
vt 0.684131 0.732021
vt 0.684131 0.772217
vt 0.585693 0.772217
vt 0.185205 0.593994
vt 0.001221 0.593994
vt 0.001689 0.593331
vt 0.184736 0.593331
vt 0.907764 0.596436
vt 0.809326 0.596436
vt 0.809795 0.595773
vt 0.907295 0.595773
vt 0.186768 0.593331
vt 0.370752 0.593331
vt 0.370283 0.593994
vt 0.187236 0.593994
vt 0.238037 0.595773
vt 0.336475 0.595773
vt 0.336006 0.596436
vt 0.238506 0.596436
vt 0.684268 0.884521
vt 0.501221 0.884521
vt 0.501221 0.787021
vt 0.501221 0.787021
vt 0.684268 0.787021
vt 0.684268 0.884521
vt 0.868838 0.787021
vt 0.868838 0.884521
vt 0.685791 0.884521
vt 0.685791 0.884521
vt 0.685791 0.787021
vt 0.868838 0.787021
vn 0 -0.707107 0.707107
vn 0.707107 -0.707107 0
vn 0 -0.707107 -0.707107
vn -0.707107 -0.707107 0
vn 0 0 1
vn 1 0 0
vn 0 0 -1
vn -1 0 0
vn 0 0.707107 0.707107
vn 0.707107 0.707107 0
vn 0 0.707107 -0.707107
vn -0.707107 0.707107 0
vn 0 -1 0
vn 0 1 0
f 1/1/1 2/2/1 6/3/1 5/4/1
f 2/5/2 3/6/2 7/7/2 6/8/2
f 3/9/3 4/10/3 8/11/3 7/12/3
f 4/13/4 1/14/4 5/15/4 8/16/4
f 5/17/5 6/18/5 10/19/5 9/20/5
f 6/21/6 7/22/6 11/23/6 10/24/6
f 7/25/7 8/26/7 12/27/7 11/28/7
f 8/29/8 5/30/8 9/31/8 12/32/8
f 9/33/9 10/34/9 14/35/9 13/36/9
f 10/37/10 11/38/10 15/39/10 14/40/10
f 11/41/11 12/42/11 16/43/11 15/44/11
f 12/45/12 9/46/12 13/47/12 16/48/12
f 18/49/13 17/50/13 20/51/13
f 20/52/13 19/53/13 18/54/13
f 24/55/14 21/56/14 22/57/14
f 22/58/14 23/59/14 24/60/14
o rail
usemtl rtu
v 0.203 0.35 0.972
v 1.847 0.35 0.972
v 1.847 0.35 0.028
v 0.203 0.35 0.028
v 0.2 0.353 0.975
v 1.85 0.353 0.975
v 1.85 0.353 0.025
v 0.2 0.353 0.025
v 0.2 0.427 0.975
v 1.85 0.427 0.975
v 1.85 0.427 0.025
v 0.2 0.427 0.025
v 0.203 0.43 0.972
v 1.847 0.43 0.972
v 1.847 0.43 0.028
v 0.203 0.43 0.028
v 0.203 0.35 0.972
v 1.847 0.35 0.972
v 1.847 0.35 0.028
v 0.203 0.35 0.028
v 0.203 0.43 0.972
v 1.847 0.43 0.972
v 1.847 0.43 0.028
v 0.203 0.43 0.028
vt 0.532822 0.591056
vt 0.725479 0.591056
vt 0.72583 0.591553
vt 0.532471 0.591553
vt 0.673721 0.593994
vt 0.563096 0.593994
vt 0.562744 0.593497
vt 0.674072 0.593497
vt 0.920791 0.591553
vt 0.728135 0.591553
vt 0.727783 0.591056
vt 0.921143 0.591056
vt 0.298447 0.591056
vt 0.409072 0.591056
vt 0.409424 0.591553
vt 0.298096 0.591553
vt 0.426514 0.683467
vt 0.619873 0.683467
vt 0.619873 0.692139
vt 0.426514 0.692139
vt 0.928467 0.692139
vt 0.817139 0.692139
vt 0.817139 0.683467
vt 0.928467 0.683467
vt 0.621826 0.683467
vt 0.815186 0.683467
vt 0.815186 0.692139
vt 0.621826 0.692139
vt 0.001221 0.669307
vt 0.112549 0.669307
vt 0.112549 0.677979
vt 0.001221 0.677979
vt 0.994873 0.593994
vt 0.801514 0.593994
vt 0.801865 0.593497
vt 0.994521 0.593497
vt 0.787354 0.593994
vt 0.676025 0.593994
vt 0.676377 0.593497
vt 0.787002 0.593497
vt 0.103271 0.591056
vt 0.296631 0.591056
vt 0.296279 0.591553
vt 0.103623 0.591553
vt 0.411377 0.591056
vt 0.522705 0.591056
vt 0.522354 0.591553
vt 0.411729 0.591553
vt 0.582549 0.998779
vt 0.389893 0.998779
vt 0.389893 0.888154
vt 0.389893 0.888154
vt 0.582549 0.888154
vt 0.582549 0.998779
vt 0.776885 0.888154
vt 0.776885 0.998779
vt 0.584229 0.998779
vt 0.584229 0.998779
vt 0.584229 0.888154
vt 0.776885 0.888154
vn 0 -0.707107 0.707107
vn 0.707107 -0.707107 0
vn 0 -0.707107 -0.707107
vn -0.707107 -0.707107 0
vn 0 0 1
vn 1 0 0
vn 0 0 -1
vn -1 0 0
vn 0 0.707107 0.707107
vn 0.707107 0.707107 0
vn 0 0.707107 -0.707107
vn -0.707107 0.707107 0
vn 0 -1 0
vn 0 1 0
f 25/61/15 26/62/15 30/63/15 29/64/15
f 26/65/16 27/66/16 31/67/16 30/68/16
f 27/69/17 28/70/17 32/71/17 31/72/17
f 28/73/18 25/74/18 29/75/18 32/76/18
f 29/77/19 30/78/19 34/79/19 33/80/19
f 30/81/20 31/82/20 35/83/20 34/84/20
f 31/85/21 32/86/21 36/87/21 35/88/21
f 32/89/22 29/90/22 33/91/22 36/92/22
f 33/93/23 34/94/23 38/95/23 37/96/23
f 34/97/24 35/98/24 39/99/24 38/100/24
f 35/101/25 36/102/25 40/103/25 39/104/25
f 36/105/26 33/106/26 37/107/26 40/108/26
f 42/109/27 41/110/27 44/111/27
f 44/112/27 43/113/27 42/114/27
f 48/115/28 45/116/28 46/117/28
f 46/118/28 47/119/28 48/120/28
o cabinet
usemtl rtu
v 0.21 0.429 0.965
v 1.84 0.429 0.965
v 1.84 0.429 0.035
v 0.21 0.429 0.035
v 0.204 0.435 0.971
v 1.846 0.435 0.971
v 1.846 0.435 0.029
v 0.204 0.435 0.029
v 0.204 1.394 0.971
v 1.846 1.394 0.971
v 1.846 1.394 0.029
v 0.204 1.394 0.029
v 0.21 1.4 0.965
v 1.84 1.4 0.965
v 1.84 1.4 0.035
v 0.21 1.4 0.035
v 0.21 0.429 0.965
v 1.84 0.429 0.965
v 1.84 0.429 0.035
v 0.21 0.429 0.035
v 0.21 1.4 0.965
v 1.84 1.4 0.965
v 1.84 1.4 0.035
v 0.21 1.4 0.035
vt 0.390596 0.625715
vt 0.581611 0.625715
vt 0.582314 0.626709
vt 0.389893 0.626709
vt 0.888252 0.626709
vt 0.779268 0.626709
vt 0.778564 0.625715
vt 0.888955 0.625715
vt 0.775947 0.626709
vt 0.584932 0.626709
vt 0.584229 0.625715
vt 0.77665 0.625715
vt 0.001924 0.622785
vt 0.110908 0.622785
vt 0.111611 0.623779
vt 0.001221 0.623779
vt 0.001221 0.886396
vt 0.193643 0.886396
vt 0.193643 0.998779
vt 0.001221 0.998779
vt 0.778564 0.998779
vt 0.778564 0.888389
vt 0.890947 0.888389
vt 0.890947 0.998779
vt 0.195557 0.886396
vt 0.387979 0.886396
vt 0.387979 0.998779
vt 0.195557 0.998779
vt 0.113604 0.774131
vt 0.113604 0.884521
vt 0.001221 0.884521
vt 0.001221 0.774131
vt 0.193643 0.626709
vt 0.001221 0.626709
vt 0.001924 0.625715
vt 0.192939 0.625715
vt 0.223916 0.623779
vt 0.113525 0.623779
vt 0.114229 0.622785
vt 0.223213 0.622785
vt 0.195557 0.625715
vt 0.387979 0.625715
vt 0.387275 0.626709
vt 0.19626 0.626709
vt 0.22583 0.622785
vt 0.336221 0.622785
vt 0.335518 0.623779
vt 0.226533 0.623779
vt 0.306494 0.884521
vt 0.115479 0.884521
vt 0.115479 0.775537
vt 0.115479 0.775537
vt 0.306494 0.775537
vt 0.306494 0.884521
vt 0.499365 0.775537
vt 0.499365 0.884521
vt 0.30835 0.884521
vt 0.30835 0.884521
vt 0.30835 0.775537
vt 0.499365 0.775537
vn 0 -0.707107 0.707107
vn 0.707107 -0.707107 0
vn 0 -0.707107 -0.707107
vn -0.707107 -0.707107 0
vn 0 0 1
vn 1 0 0
vn 0 0 -1
vn -1 0 0
vn 0 0.707107 0.707107
vn 0.707107 0.707107 0
vn 0 0.707107 -0.707107
vn -0.707107 0.707107 0
vn 0 -1 0
vn 0 1 0
f 49/121/29 50/122/29 54/123/29 53/124/29
f 50/125/30 51/126/30 55/127/30 54/128/30
f 51/129/31 52/130/31 56/131/31 55/132/31
f 52/133/32 49/134/32 53/135/32 56/136/32
f 53/137/33 54/138/33 58/139/33 57/140/33
f 54/141/34 55/142/34 59/143/34 58/144/34
f 55/145/35 56/146/35 60/147/35 59/148/35
f 56/149/36 53/150/36 57/151/36 60/152/36
f 57/153/37 58/154/37 62/155/37 61/156/37
f 58/157/38 59/158/38 63/159/38 62/160/38
f 59/161/39 60/162/39 64/163/39 63/164/39
f 60/165/40 57/166/40 61/167/40 64/168/40
f 66/169/41 65/170/41 68/171/41
f 68/172/41 67/173/41 66/174/41
f 72/175/42 69/176/42 70/177/42
f 70/178/42 71/179/42 72/180/42
o louvre_f_490
usemtl rtu
v 1.401 0.49 0.03
v 1.795 0.49 0.03
v 1.795 0.49 0.024
v 1.401 0.49 0.024
v 1.4 0.491 0.031
v 1.796 0.491 0.031
v 1.796 0.491 0.023
v 1.4 0.491 0.023
v 1.4 0.507 0.031
v 1.796 0.507 0.031
v 1.796 0.507 0.023
v 1.4 0.507 0.023
v 1.401 0.508 0.03
v 1.795 0.508 0.03
v 1.795 0.508 0.024
v 1.401 0.508 0.024
v 1.401 0.49 0.03
v 1.795 0.49 0.03
v 1.795 0.49 0.024
v 1.401 0.49 0.024
v 1.401 0.508 0.03
v 1.795 0.508 0.03
v 1.795 0.508 0.024
v 1.401 0.508 0.024
vt 0.919795 0.567461
vt 0.965967 0.567461
vt 0.966084 0.567627
vt 0.919678 0.567627
vt 0.24374 0.548096
vt 0.243037 0.548096
vt 0.24292 0.54793
vt 0.243857 0.54793
vt 0.683252 0.575439
vt 0.63708 0.575439
vt 0.636963 0.575274
vt 0.683369 0.575274
vt 0.285029 0.565508
vt 0.285732 0.565508
vt 0.28585 0.565674
vt 0.284912 0.565674
vt 0.786377 0.64876
vt 0.832783 0.64876
vt 0.832783 0.650635
vt 0.786377 0.650635
vt 0.338135 0.623779
vt 0.338135 0.622842
vt 0.34001 0.622842
vt 0.34001 0.623779
vt 0.834717 0.64876
vt 0.881123 0.64876
vt 0.881123 0.650635
vt 0.834717 0.650635
vt 0.343428 0.622842
vt 0.343428 0.623779
vt 0.341553 0.623779
vt 0.341553 0.622842
vt 0.731709 0.575439
vt 0.685303 0.575439
vt 0.68542 0.575274
vt 0.731592 0.575274
vt 0.527549 0.553955
vt 0.526611 0.553955
vt 0.526729 0.553789
vt 0.527432 0.553789
vt 0.888916 0.565508
vt 0.935322 0.565508
vt 0.935205 0.565674
vt 0.889033 0.565674
vt 0.287354 0.565508
vt 0.288291 0.565508
vt 0.288174 0.565674
vt 0.287471 0.565674
vt 0.926299 0.611084
vt 0.880127 0.611084
vt 0.880127 0.610381
vt 0.880127 0.610381
vt 0.926299 0.610381
vt 0.926299 0.611084
vt 0.97415 0.610381
vt 0.97415 0.611084
vt 0.927979 0.611084
vt 0.927979 0.611084
vt 0.927979 0.610381
vt 0.97415 0.610381
vn 0 -0.707107 0.707107
vn 0.707107 -0.707107 0
vn 0 -0.707107 -0.707107
vn -0.707107 -0.707107 0
vn 0 0 1
vn 1 0 0
vn 0 0 -1
vn -1 0 0
vn 0 0.707107 0.707107
vn 0.707107 0.707107 0
vn 0 0.707107 -0.707107
vn -0.707107 0.707107 0
vn 0 -1 0
vn 0 1 0
f 73/181/43 74/182/43 78/183/43 77/184/43
f 74/185/44 75/186/44 79/187/44 78/188/44
f 75/189/45 76/190/45 80/191/45 79/192/45
f 76/193/46 73/194/46 77/195/46 80/196/46
f 77/197/47 78/198/47 82/199/47 81/200/47
f 78/201/48 79/202/48 83/203/48 82/204/48
f 79/205/49 80/206/49 84/207/49 83/208/49
f 80/209/50 77/210/50 81/211/50 84/212/50
f 81/213/51 82/214/51 86/215/51 85/216/51
f 82/217/52 83/218/52 87/219/52 86/220/52
f 83/221/53 84/222/53 88/223/53 87/224/53
f 84/225/54 81/226/54 85/227/54 88/228/54
f 90/229/55 89/230/55 92/231/55
f 92/232/55 91/233/55 90/234/55
f 96/235/56 93/236/56 94/237/56
f 94/238/56 95/239/56 96/240/56
o louvre_b_490
usemtl rtu
v 1.401 0.49 0.976
v 1.795 0.49 0.976
v 1.795 0.49 0.97
v 1.401 0.49 0.97
v 1.4 0.491 0.977
v 1.796 0.491 0.977
v 1.796 0.491 0.969
v 1.4 0.491 0.969
v 1.4 0.507 0.977
v 1.796 0.507 0.977
v 1.796 0.507 0.969
v 1.4 0.507 0.969
v 1.401 0.508 0.976
v 1.795 0.508 0.976
v 1.795 0.508 0.97
v 1.401 0.508 0.97
v 1.401 0.49 0.976
v 1.795 0.49 0.976
v 1.795 0.49 0.97
v 1.401 0.49 0.97
v 1.401 0.508 0.976
v 1.795 0.508 0.976
v 1.795 0.508 0.97
v 1.401 0.508 0.97
vt 0.001338 0.565508
vt 0.04751 0.565508
vt 0.047627 0.565674
vt 0.001221 0.565674
vt 0.246182 0.548096
vt 0.245479 0.548096
vt 0.245361 0.54793
vt 0.246299 0.54793
vt 0.983545 0.565674
vt 0.937373 0.565674
vt 0.937256 0.565508
vt 0.983662 0.565508
vt 0.289912 0.565508
vt 0.290615 0.565508
vt 0.290732 0.565674
vt 0.289795 0.565674
vt 0.883057 0.64876
vt 0.929463 0.64876
vt 0.929463 0.650635
vt 0.883057 0.650635
vt 0.344971 0.623779
vt 0.344971 0.622842
vt 0.346846 0.622842
vt 0.346846 0.623779
vt 0.931396 0.64876
vt 0.977803 0.64876
vt 0.977803 0.650635
vt 0.931396 0.650635
vt 0.350264 0.622842
vt 0.350264 0.623779
vt 0.348389 0.623779
vt 0.348389 0.622842
vt 0.780049 0.575439
vt 0.733643 0.575439
vt 0.73376 0.575274
vt 0.779932 0.575274
vt 0.52999 0.553955
vt 0.529053 0.553955
vt 0.52917 0.553789
vt 0.529873 0.553789
vt 0.781982 0.575274
vt 0.828389 0.575274
vt 0.828271 0.575439
vt 0.7821 0.575439
vt 0.292236 0.565508
vt 0.293174 0.565508
vt 0.293057 0.565674
vt 0.292354 0.565674
vt 0.047393 0.608643
vt 0.001221 0.608643
vt 0.001221 0.607939
vt 0.001221 0.607939
vt 0.047393 0.607939
vt 0.047393 0.608643
vt 0.095244 0.607939
vt 0.095244 0.608643
vt 0.049072 0.608643
vt 0.049072 0.608643
vt 0.049072 0.607939
vt 0.095244 0.607939
vn 0 -0.707107 0.707107
vn 0.707107 -0.707107 0
vn 0 -0.707107 -0.707107
vn -0.707107 -0.707107 0
vn 0 0 1
vn 1 0 0
vn 0 0 -1
vn -1 0 0
vn 0 0.707107 0.707107
vn 0.707107 0.707107 0
vn 0 0.707107 -0.707107
vn -0.707107 0.707107 0
vn 0 -1 0
vn 0 1 0
f 97/241/57 98/242/57 102/243/57 101/244/57
f 98/245/58 99/246/58 103/247/58 102/248/58
f 99/249/59 100/250/59 104/251/59 103/252/59
f 100/253/60 97/254/60 101/255/60 104/256/60
f 101/257/61 102/258/61 106/259/61 105/260/61
f 102/261/62 103/262/62 107/263/62 106/264/62
f 103/265/63 104/266/63 108/267/63 107/268/63
f 104/269/64 101/270/64 105/271/64 108/272/64
f 105/273/65 106/274/65 110/275/65 109/276/65
f 106/277/66 107/278/66 111/279/66 110/280/66
f 107/281/67 108/282/67 112/283/67 111/284/67
f 108/285/68 105/286/68 109/287/68 112/288/68
f 114/289/69 113/290/69 116/291/69
f 116/292/69 115/293/69 114/294/69
f 120/295/70 117/296/70 118/297/70
f 118/298/70 119/299/70 120/300/70
o louvre_e_490
usemtl rtu
v 1.845 0.49 0.91
v 1.851 0.49 0.91
v 1.851 0.49 0.09
v 1.845 0.49 0.09
v 1.844 0.491 0.911
v 1.852 0.491 0.911
v 1.852 0.491 0.089
v 1.844 0.491 0.089
v 1.844 0.507 0.911
v 1.852 0.507 0.911
v 1.852 0.507 0.089
v 1.844 0.507 0.089
v 1.845 0.508 0.91
v 1.851 0.508 0.91
v 1.851 0.508 0.09
v 1.845 0.508 0.09
v 1.845 0.49 0.91
v 1.851 0.49 0.91
v 1.851 0.49 0.09
v 1.845 0.49 0.09
v 1.845 0.508 0.91
v 1.851 0.508 0.91
v 1.851 0.508 0.09
v 1.845 0.508 0.09
vt 0.294795 0.565508
vt 0.295498 0.565508
vt 0.295615 0.565674
vt 0.294678 0.565674
vt 0.639912 0.587158
vt 0.543818 0.587158
vt 0.543701 0.586992
vt 0.640029 0.586992
vt 0.532314 0.553955
vt 0.531611 0.553955
vt 0.531494 0.553789
vt 0.532432 0.553789
vt 0.641963 0.586992
vt 0.738057 0.586992
vt 0.738174 0.587158
vt 0.641846 0.587158
vt 0.351807 0.623779
vt 0.351807 0.622842
vt 0.353682 0.622842
vt 0.353682 0.623779
vt 0.482314 0.667725
vt 0.385986 0.667725
vt 0.385986 0.66585
vt 0.482314 0.66585
vt 0.355225 0.623779
vt 0.355225 0.622842
vt 0.3571 0.622842
vt 0.3571 0.623779
vt 0.484131 0.66585
vt 0.580459 0.66585
vt 0.580459 0.667725
vt 0.484131 0.667725
vt 0.534873 0.553955
vt 0.533936 0.553955
vt 0.534053 0.553789
vt 0.534756 0.553789
vt 0.836318 0.587158
vt 0.73999 0.587158
vt 0.740107 0.586992
vt 0.836201 0.586992
vt 0.297119 0.565508
vt 0.298057 0.565508
vt 0.297939 0.565674
vt 0.297236 0.565674
vt 0.001221 0.551836
vt 0.097549 0.551836
vt 0.097432 0.552002
vt 0.001338 0.552002
vt 0.946924 0.623076
vt 0.946924 0.623779
vt 0.85083 0.623779
vt 0.85083 0.623779
vt 0.85083 0.623076
vt 0.946924 0.623076
vt 0.001221 0.620146
vt 0.097314 0.620146
vt 0.097314 0.62085
vt 0.097314 0.62085
vt 0.001221 0.62085
vt 0.001221 0.620146
vn 0 -0.707107 0.707107
vn 0.707107 -0.707107 0
vn 0 -0.707107 -0.707107
vn -0.707107 -0.707107 0
vn 0 0 1
vn 1 0 0
vn 0 0 -1
vn -1 0 0
vn 0 0.707107 0.707107
vn 0.707107 0.707107 0
vn 0 0.707107 -0.707107
vn -0.707107 0.707107 0
vn 0 -1 0
vn 0 1 0
f 121/301/71 122/302/71 126/303/71 125/304/71
f 122/305/72 123/306/72 127/307/72 126/308/72
f 123/309/73 124/310/73 128/311/73 127/312/73
f 124/313/74 121/314/74 125/315/74 128/316/74
f 125/317/75 126/318/75 130/319/75 129/320/75
f 126/321/76 127/322/76 131/323/76 130/324/76
f 127/325/77 128/326/77 132/327/77 131/328/77
f 128/329/78 125/330/78 129/331/78 132/332/78
f 129/333/79 130/334/79 134/335/79 133/336/79
f 130/337/80 131/338/80 135/339/80 134/340/80
f 131/341/81 132/342/81 136/343/81 135/344/81
f 132/345/82 129/346/82 133/347/82 136/348/82
f 138/349/83 137/350/83 140/351/83
f 140/352/83 139/353/83 138/354/83
f 144/355/84 141/356/84 142/357/84
f 142/358/84 143/359/84 144/360/84
o louvre_f_524
usemtl rtu
v 1.401 0.524 0.03
v 1.795 0.524 0.03
v 1.795 0.524 0.024
v 1.401 0.524 0.024
v 1.4 0.525 0.031
v 1.796 0.525 0.031
v 1.796 0.525 0.023
v 1.4 0.525 0.023
v 1.4 0.541 0.031
v 1.796 0.541 0.031
v 1.796 0.541 0.023
v 1.4 0.541 0.023
v 1.401 0.542 0.03
v 1.795 0.542 0.03
v 1.795 0.542 0.024
v 1.401 0.542 0.024
v 1.401 0.524 0.03
v 1.795 0.524 0.03
v 1.795 0.524 0.024
v 1.401 0.524 0.024
v 1.401 0.542 0.03
v 1.795 0.542 0.03
v 1.795 0.542 0.024
v 1.401 0.542 0.024
vt 0.001338 0.563555
vt 0.04751 0.563555
vt 0.047627 0.563721
vt 0.001221 0.563721
vt 0.300381 0.565674
vt 0.299678 0.565674
vt 0.299561 0.565508
vt 0.300498 0.565508
vt 0.876611 0.575439
vt 0.830439 0.575439
vt 0.830322 0.575274
vt 0.876729 0.575274
vt 0.302119 0.565508
vt 0.302822 0.565508
vt 0.302939 0.565674
vt 0.302002 0.565674
vt 0.001221 0.645342
vt 0.047627 0.645342
vt 0.047627 0.647217
vt 0.001221 0.647217
vt 0.358643 0.623779
vt 0.358643 0.622842
vt 0.360518 0.622842
vt 0.360518 0.623779
vt 0.049561 0.645342
vt 0.095967 0.645342
vt 0.095967 0.647217
vt 0.049561 0.647217
vt 0.363936 0.622842
vt 0.363936 0.623779
vt 0.362061 0.623779
vt 0.362061 0.622842
vt 0.095967 0.565674
vt 0.049561 0.565674
vt 0.049678 0.565508
vt 0.09585 0.565508
vt 0.537314 0.553955
vt 0.536377 0.553955
vt 0.536494 0.553789
vt 0.537197 0.553789
vt 0.049561 0.563555
vt 0.095967 0.563555
vt 0.09585 0.563721
vt 0.049678 0.563721
vt 0.304443 0.565508
vt 0.305381 0.565508
vt 0.305264 0.565674
vt 0.304561 0.565674
vt 0.143096 0.608643
vt 0.096924 0.608643
vt 0.096924 0.607939
vt 0.096924 0.607939
vt 0.143096 0.607939
vt 0.143096 0.608643
vt 0.190947 0.607939
vt 0.190947 0.608643
vt 0.144775 0.608643
vt 0.144775 0.608643
vt 0.144775 0.607939
vt 0.190947 0.607939
vn 0 -0.707107 0.707107
vn 0.707107 -0.707107 0
vn 0 -0.707107 -0.707107
vn -0.707107 -0.707107 0
vn 0 0 1
vn 1 0 0
vn 0 0 -1
vn -1 0 0
vn 0 0.707107 0.707107
vn 0.707107 0.707107 0
vn 0 0.707107 -0.707107
vn -0.707107 0.707107 0
vn 0 -1 0
vn 0 1 0
f 145/361/85 146/362/85 150/363/85 149/364/85
f 146/365/86 147/366/86 151/367/86 150/368/86
f 147/369/87 148/370/87 152/371/87 151/372/87
f 148/373/88 145/374/88 149/375/88 152/376/88
f 149/377/89 150/378/89 154/379/89 153/380/89
f 150/381/90 151/382/90 155/383/90 154/384/90
f 151/385/91 152/386/91 156/387/91 155/388/91
f 152/389/92 149/390/92 153/391/92 156/392/92
f 153/393/93 154/394/93 158/395/93 157/396/93
f 154/397/94 155/398/94 159/399/94 158/400/94
f 155/401/95 156/402/95 160/403/95 159/404/95
f 156/405/96 153/406/96 157/407/96 160/408/96
f 162/409/97 161/410/97 164/411/97
f 164/412/97 163/413/97 162/414/97
f 168/415/98 165/416/98 166/417/98
f 166/418/98 167/419/98 168/420/98
o louvre_b_524
usemtl rtu
v 1.401 0.524 0.976
v 1.795 0.524 0.976
v 1.795 0.524 0.97
v 1.401 0.524 0.97
v 1.4 0.525 0.977
v 1.796 0.525 0.977
v 1.796 0.525 0.969
v 1.4 0.525 0.969
v 1.4 0.541 0.977
v 1.796 0.541 0.977
v 1.796 0.541 0.969
v 1.4 0.541 0.969
v 1.401 0.542 0.976
v 1.795 0.542 0.976
v 1.795 0.542 0.97
v 1.401 0.542 0.97
v 1.401 0.524 0.976
v 1.795 0.524 0.976
v 1.795 0.524 0.97
v 1.401 0.524 0.97
v 1.401 0.542 0.976
v 1.795 0.542 0.976
v 1.795 0.542 0.97
v 1.401 0.542 0.97
vt 0.492061 0.557696
vt 0.538232 0.557696
vt 0.53835 0.557861
vt 0.491943 0.557861
vt 0.307705 0.565674
vt 0.307002 0.565674
vt 0.306885 0.565508
vt 0.307822 0.565508
vt 0.144189 0.563721
vt 0.098018 0.563721
vt 0.0979 0.563555
vt 0.144307 0.563555
vt 0.309443 0.565508
vt 0.310146 0.565508
vt 0.310264 0.565674
vt 0.309326 0.565674
vt 0.0979 0.645342
vt 0.144307 0.645342
vt 0.144307 0.647217
vt 0.0979 0.647217
vt 0.365479 0.623779
vt 0.365479 0.622842
vt 0.367354 0.622842
vt 0.367354 0.623779
vt 0.14624 0.645342
vt 0.192646 0.645342
vt 0.192646 0.647217
vt 0.14624 0.647217
vt 0.370771 0.622842
vt 0.370771 0.623779
vt 0.368896 0.623779
vt 0.368896 0.622842
vt 0.144307 0.565674
vt 0.0979 0.565674
vt 0.098018 0.565508
vt 0.144189 0.565508
vt 0.539756 0.553955
vt 0.538818 0.553955
vt 0.538936 0.553789
vt 0.539639 0.553789
vt 0.878662 0.575274
vt 0.925068 0.575274
vt 0.924951 0.575439
vt 0.878779 0.575439
vt 0.311768 0.565508
vt 0.312705 0.565508
vt 0.312588 0.565674
vt 0.311885 0.565674
vt 0.238799 0.608643
vt 0.192627 0.608643
vt 0.192627 0.607939
vt 0.192627 0.607939
vt 0.238799 0.607939
vt 0.238799 0.608643
vt 0.28665 0.607939
vt 0.28665 0.608643
vt 0.240479 0.608643
vt 0.240479 0.608643
vt 0.240479 0.607939
vt 0.28665 0.607939
vn 0 -0.707107 0.707107
vn 0.707107 -0.707107 0
vn 0 -0.707107 -0.707107
vn -0.707107 -0.707107 0
vn 0 0 1
vn 1 0 0
vn 0 0 -1
vn -1 0 0
vn 0 0.707107 0.707107
vn 0.707107 0.707107 0
vn 0 0.707107 -0.707107
vn -0.707107 0.707107 0
vn 0 -1 0
vn 0 1 0
f 169/421/99 170/422/99 174/423/99 173/424/99
f 170/425/100 171/426/100 175/427/100 174/428/100
f 171/429/101 172/430/101 176/431/101 175/432/101
f 172/433/102 169/434/102 173/435/102 176/436/102
f 173/437/103 174/438/103 178/439/103 177/440/103
f 174/441/104 175/442/104 179/443/104 178/444/104
f 175/445/105 176/446/105 180/447/105 179/448/105
f 176/449/106 173/450/106 177/451/106 180/452/106
f 177/453/107 178/454/107 182/455/107 181/456/107
f 178/457/108 179/458/108 183/459/108 182/460/108
f 179/461/109 180/462/109 184/463/109 183/464/109
f 180/465/110 177/466/110 181/467/110 184/468/110
f 186/469/111 185/470/111 188/471/111
f 188/472/111 187/473/111 186/474/111
f 192/475/112 189/476/112 190/477/112
f 190/478/112 191/479/112 192/480/112
o louvre_e_524
usemtl rtu
v 1.845 0.524 0.91
v 1.851 0.524 0.91
v 1.851 0.524 0.09
v 1.845 0.524 0.09
v 1.844 0.525 0.911
v 1.852 0.525 0.911
v 1.852 0.525 0.089
v 1.844 0.525 0.089
v 1.844 0.541 0.911
v 1.852 0.541 0.911
v 1.852 0.541 0.089
v 1.844 0.541 0.089
v 1.845 0.542 0.91
v 1.851 0.542 0.91
v 1.851 0.542 0.09
v 1.845 0.542 0.09
v 1.845 0.524 0.91
v 1.851 0.524 0.91
v 1.851 0.524 0.09
v 1.845 0.524 0.09
v 1.845 0.542 0.91
v 1.851 0.542 0.91
v 1.851 0.542 0.09
v 1.845 0.542 0.09
vt 0.314326 0.565508
vt 0.315029 0.565508
vt 0.315146 0.565674
vt 0.314209 0.565674
vt 0.097432 0.589111
vt 0.001338 0.589111
vt 0.001221 0.588946
vt 0.097549 0.588946
vt 0.54208 0.553955
vt 0.541377 0.553955
vt 0.54126 0.553789
vt 0.542197 0.553789
vt 0.528682 0.561602
vt 0.624775 0.561602
vt 0.624893 0.561768
vt 0.528564 0.561768
vt 0.372314 0.623779
vt 0.372314 0.622842
vt 0.374189 0.622842
vt 0.374189 0.623779
vt 0.678604 0.667725
vt 0.582275 0.667725
vt 0.582275 0.66585
vt 0.678604 0.66585
vt 0.375732 0.623779
vt 0.375732 0.622842
vt 0.377607 0.622842
vt 0.377607 0.623779
vt 0.68042 0.66585
vt 0.776748 0.66585
vt 0.776748 0.667725
vt 0.68042 0.667725
vt 0.485557 0.561768
vt 0.484619 0.561768
vt 0.484736 0.561602
vt 0.485439 0.561602
vt 0.508193 0.589111
vt 0.411865 0.589111
vt 0.411982 0.588946
vt 0.508076 0.588946
vt 0.487061 0.561602
vt 0.487998 0.561602
vt 0.487881 0.561768
vt 0.487178 0.561768
vt 0.838135 0.586992
vt 0.934463 0.586992
vt 0.934346 0.587158
vt 0.838252 0.587158
vt 0.194971 0.620146
vt 0.194971 0.62085
vt 0.098877 0.62085
vt 0.098877 0.62085
vt 0.098877 0.620146
vt 0.194971 0.620146
vt 0.196533 0.620146
vt 0.292627 0.620146
vt 0.292627 0.62085
vt 0.292627 0.62085
vt 0.196533 0.62085
vt 0.196533 0.620146
vn 0 -0.707107 0.707107
vn 0.707107 -0.707107 0
vn 0 -0.707107 -0.707107
vn -0.707107 -0.707107 0
vn 0 0 1
vn 1 0 0
vn 0 0 -1
vn -1 0 0
vn 0 0.707107 0.707107
vn 0.707107 0.707107 0
vn 0 0.707107 -0.707107
vn -0.707107 0.707107 0
vn 0 -1 0
vn 0 1 0
f 193/481/113 194/482/113 198/483/113 197/484/113
f 194/485/114 195/486/114 199/487/114 198/488/114
f 195/489/115 196/490/115 200/491/115 199/492/115
f 196/493/116 193/494/116 197/495/116 200/496/116
f 197/497/117 198/498/117 202/499/117 201/500/117
f 198/501/118 199/502/118 203/503/118 202/504/118
f 199/505/119 200/506/119 204/507/119 203/508/119
f 200/509/120 197/510/120 201/511/120 204/512/120
f 201/513/121 202/514/121 206/515/121 205/516/121
f 202/517/122 203/518/122 207/519/122 206/520/122
f 203/521/123 204/522/123 208/523/123 207/524/123
f 204/525/124 201/526/124 205/527/124 208/528/124
f 210/529/125 209/530/125 212/531/125
f 212/532/125 211/533/125 210/534/125
f 216/535/126 213/536/126 214/537/126
f 214/538/126 215/539/126 216/540/126
o louvre_f_558
usemtl rtu
v 1.401 0.558 0.03
v 1.795 0.558 0.03
v 1.795 0.558 0.024
v 1.401 0.558 0.024
v 1.4 0.559 0.031
v 1.796 0.559 0.031
v 1.796 0.559 0.023
v 1.4 0.559 0.023
v 1.4 0.575 0.031
v 1.796 0.575 0.031
v 1.796 0.575 0.023
v 1.4 0.575 0.023
v 1.401 0.576 0.03
v 1.795 0.576 0.03
v 1.795 0.576 0.024
v 1.401 0.576 0.024
v 1.401 0.558 0.03
v 1.795 0.558 0.03
v 1.795 0.558 0.024
v 1.401 0.558 0.024
v 1.401 0.576 0.03
v 1.795 0.576 0.03
v 1.795 0.576 0.024
v 1.401 0.576 0.024
vt 0.146357 0.563555
vt 0.192529 0.563555
vt 0.192646 0.563721
vt 0.14624 0.563721
vt 0.317471 0.565674
vt 0.316768 0.565674
vt 0.31665 0.565508
vt 0.317588 0.565508
vt 0.586572 0.557861
vt 0.5404 0.557861
vt 0.540283 0.557696
vt 0.586689 0.557696
vt 0.489619 0.561602
vt 0.490322 0.561602
vt 0.490439 0.561768
vt 0.489502 0.561768
vt 0.19458 0.645342
vt 0.240986 0.645342
vt 0.240986 0.647217
vt 0.19458 0.647217
vt 0.37915 0.623779
vt 0.37915 0.622842
vt 0.381025 0.622842
vt 0.381025 0.623779
vt 0.24292 0.645342
vt 0.289326 0.645342
vt 0.289326 0.647217
vt 0.24292 0.647217
vt 0.384443 0.622842
vt 0.384443 0.623779
vt 0.382568 0.623779
vt 0.382568 0.622842
vt 0.973408 0.575439
vt 0.927002 0.575439
vt 0.927119 0.575274
vt 0.973291 0.575274
vt 0.320029 0.565674
vt 0.319092 0.565674
vt 0.319209 0.565508
vt 0.319912 0.565508
vt 0.19458 0.563555
vt 0.240986 0.563555
vt 0.240869 0.563721
vt 0.194697 0.563721
vt 0.321533 0.565508
vt 0.322471 0.565508
vt 0.322354 0.565674
vt 0.32165 0.565674
vt 0.334502 0.608643
vt 0.28833 0.608643
vt 0.28833 0.607939
vt 0.28833 0.607939
vt 0.334502 0.607939
vt 0.334502 0.608643
vt 0.382354 0.607939
vt 0.382354 0.608643
vt 0.336182 0.608643
vt 0.336182 0.608643
vt 0.336182 0.607939
vt 0.382354 0.607939
vn 0 -0.707107 0.707107
vn 0.707107 -0.707107 0
vn 0 -0.707107 -0.707107
vn -0.707107 -0.707107 0
vn 0 0 1
vn 1 0 0
vn 0 0 -1
vn -1 0 0
vn 0 0.707107 0.707107
vn 0.707107 0.707107 0
vn 0 0.707107 -0.707107
vn -0.707107 0.707107 0
vn 0 -1 0
vn 0 1 0
f 217/541/127 218/542/127 222/543/127 221/544/127
f 218/545/128 219/546/128 223/547/128 222/548/128
f 219/549/129 220/550/129 224/551/129 223/552/129
f 220/553/130 217/554/130 221/555/130 224/556/130
f 221/557/131 222/558/131 226/559/131 225/560/131
f 222/561/132 223/562/132 227/563/132 226/564/132
f 223/565/133 224/566/133 228/567/133 227/568/133
f 224/569/134 221/570/134 225/571/134 228/572/134
f 225/573/135 226/574/135 230/575/135 229/576/135
f 226/577/136 227/578/136 231/579/136 230/580/136
f 227/581/137 228/582/137 232/583/137 231/584/137
f 228/585/138 225/586/138 229/587/138 232/588/138
f 234/589/139 233/590/139 236/591/139
f 236/592/139 235/593/139 234/594/139
f 240/595/140 237/596/140 238/597/140
f 238/598/140 239/599/140 240/600/140
o louvre_b_558
usemtl rtu
v 1.401 0.558 0.976
v 1.795 0.558 0.976
v 1.795 0.558 0.97
v 1.401 0.558 0.97
v 1.4 0.559 0.977
v 1.796 0.559 0.977
v 1.796 0.559 0.969
v 1.4 0.559 0.969
v 1.4 0.575 0.977
v 1.796 0.575 0.977
v 1.796 0.575 0.969
v 1.4 0.575 0.969
v 1.401 0.576 0.976
v 1.795 0.576 0.976
v 1.795 0.576 0.97
v 1.401 0.576 0.97
v 1.401 0.558 0.976
v 1.795 0.558 0.976
v 1.795 0.558 0.97
v 1.401 0.558 0.97
v 1.401 0.576 0.976
v 1.795 0.576 0.976
v 1.795 0.576 0.97
v 1.401 0.576 0.97
vt 0.001338 0.573321
vt 0.04751 0.573321
vt 0.047627 0.573486
vt 0.001221 0.573486
vt 0.324795 0.565674
vt 0.324092 0.565674
vt 0.323975 0.565508
vt 0.324912 0.565508
vt 0.289209 0.563721
vt 0.243037 0.563721
vt 0.24292 0.563555
vt 0.289326 0.563555
vt 0.492061 0.561602
vt 0.492764 0.561602
vt 0.492881 0.561768
vt 0.491943 0.561768
vt 0.29126 0.645342
vt 0.337666 0.645342
vt 0.337666 0.647217
vt 0.29126 0.647217
vt 0.385986 0.623779
vt 0.385986 0.622842
vt 0.387861 0.622842
vt 0.387861 0.623779
vt 0.3396 0.645342
vt 0.386006 0.645342
vt 0.386006 0.647217
vt 0.3396 0.647217
vt 0.391279 0.622842
vt 0.391279 0.623779
vt 0.389404 0.623779
vt 0.389404 0.622842
vt 0.337666 0.563721
vt 0.29126 0.563721
vt 0.291377 0.563555
vt 0.337549 0.563555
vt 0.327354 0.565674
vt 0.326416 0.565674
vt 0.326533 0.565508
vt 0.327236 0.565508
vt 0.049561 0.573321
vt 0.095967 0.573321
vt 0.09585 0.573486
vt 0.049678 0.573486
vt 0.328857 0.565508
vt 0.329795 0.565508
vt 0.329678 0.565674
vt 0.328975 0.565674
vt 0.430205 0.608643
vt 0.384033 0.608643
vt 0.384033 0.607939
vt 0.384033 0.607939
vt 0.430205 0.607939
vt 0.430205 0.608643
vt 0.478057 0.607939
vt 0.478057 0.608643
vt 0.431885 0.608643
vt 0.431885 0.608643
vt 0.431885 0.607939
vt 0.478057 0.607939
vn 0 -0.707107 0.707107
vn 0.707107 -0.707107 0
vn 0 -0.707107 -0.707107
vn -0.707107 -0.707107 0
vn 0 0 1
vn 1 0 0
vn 0 0 -1
vn -1 0 0
vn 0 0.707107 0.707107
vn 0.707107 0.707107 0
vn 0 0.707107 -0.707107
vn -0.707107 0.707107 0
vn 0 -1 0
vn 0 1 0
f 241/601/141 242/602/141 246/603/141 245/604/141
f 242/605/142 243/606/142 247/607/142 246/608/142
f 243/609/143 244/610/143 248/611/143 247/612/143
f 244/613/144 241/614/144 245/615/144 248/616/144
f 245/617/145 246/618/145 250/619/145 249/620/145
f 246/621/146 247/622/146 251/623/146 250/624/146
f 247/625/147 248/626/147 252/627/147 251/628/147
f 248/629/148 245/630/148 249/631/148 252/632/148
f 249/633/149 250/634/149 254/635/149 253/636/149
f 250/637/150 251/638/150 255/639/150 254/640/150
f 251/641/151 252/642/151 256/643/151 255/644/151
f 252/645/152 249/646/152 253/647/152 256/648/152
f 258/649/153 257/650/153 260/651/153
f 260/652/153 259/653/153 258/654/153
f 264/655/154 261/656/154 262/657/154
f 262/658/154 263/659/154 264/660/154
o louvre_e_558
usemtl rtu
v 1.845 0.558 0.91
v 1.851 0.558 0.91
v 1.851 0.558 0.09
v 1.845 0.558 0.09
v 1.844 0.559 0.911
v 1.852 0.559 0.911
v 1.852 0.559 0.089
v 1.844 0.559 0.089
v 1.844 0.575 0.911
v 1.852 0.575 0.911
v 1.852 0.575 0.089
v 1.844 0.575 0.089
v 1.845 0.576 0.91
v 1.851 0.576 0.91
v 1.851 0.576 0.09
v 1.845 0.576 0.09
v 1.845 0.558 0.91
v 1.851 0.558 0.91
v 1.851 0.558 0.09
v 1.845 0.558 0.09
v 1.845 0.576 0.91
v 1.851 0.576 0.91
v 1.851 0.576 0.09
v 1.845 0.576 0.09
vt 0.543818 0.553789
vt 0.544521 0.553789
vt 0.544639 0.553955
vt 0.543701 0.553955
vt 0.097432 0.585205
vt 0.001338 0.585205
vt 0.001221 0.585039
vt 0.097549 0.585039
vt 0.546963 0.553955
vt 0.54626 0.553955
vt 0.546143 0.553789
vt 0.54708 0.553789
vt 0.626826 0.561602
vt 0.72292 0.561602
vt 0.723037 0.561768
vt 0.626709 0.561768
vt 0.392822 0.623779
vt 0.392822 0.622842
vt 0.394697 0.622842
vt 0.394697 0.623779
vt 0.874893 0.667725
vt 0.778564 0.667725
vt 0.778564 0.66585
vt 0.874893 0.66585
vt 0.39624 0.623779
vt 0.39624 0.622842
vt 0.398115 0.622842
vt 0.398115 0.623779
vt 0.876709 0.66585
vt 0.973037 0.66585
vt 0.973037 0.667725
vt 0.876709 0.667725
vt 0.495322 0.561768
vt 0.494385 0.561768
vt 0.494502 0.561602
vt 0.495205 0.561602
vt 0.195693 0.585205
vt 0.099365 0.585205
vt 0.099482 0.585039
vt 0.195576 0.585039
vt 0.331299 0.565508
vt 0.332236 0.565508
vt 0.332119 0.565674
vt 0.331416 0.565674
vt 0.19751 0.585039
vt 0.293838 0.585039
vt 0.293721 0.585205
vt 0.197627 0.585205
vt 0.390283 0.620146
vt 0.390283 0.62085
vt 0.294189 0.62085
vt 0.294189 0.62085
vt 0.294189 0.620146
vt 0.390283 0.620146
vt 0.391846 0.620146
vt 0.487939 0.620146
vt 0.487939 0.62085
vt 0.487939 0.62085
vt 0.391846 0.62085
vt 0.391846 0.620146
vn 0 -0.707107 0.707107
vn 0.707107 -0.707107 0
vn 0 -0.707107 -0.707107
vn -0.707107 -0.707107 0
vn 0 0 1
vn 1 0 0
vn 0 0 -1
vn -1 0 0
vn 0 0.707107 0.707107
vn 0.707107 0.707107 0
vn 0 0.707107 -0.707107
vn -0.707107 0.707107 0
vn 0 -1 0
vn 0 1 0
f 265/661/155 266/662/155 270/663/155 269/664/155
f 266/665/156 267/666/156 271/667/156 270/668/156
f 267/669/157 268/670/157 272/671/157 271/672/157
f 268/673/158 265/674/158 269/675/158 272/676/158
f 269/677/159 270/678/159 274/679/159 273/680/159
f 270/681/160 271/682/160 275/683/160 274/684/160
f 271/685/161 272/686/161 276/687/161 275/688/161
f 272/689/162 269/690/162 273/691/162 276/692/162
f 273/693/163 274/694/163 278/695/163 277/696/163
f 274/697/164 275/698/164 279/699/164 278/700/164
f 275/701/165 276/702/165 280/703/165 279/704/165
f 276/705/166 273/706/166 277/707/166 280/708/166
f 282/709/167 281/710/167 284/711/167
f 284/712/167 283/713/167 282/714/167
f 288/715/168 285/716/168 286/717/168
f 286/718/168 287/719/168 288/720/168
o louvre_f_592
usemtl rtu
v 1.401 0.592 0.03
v 1.795 0.592 0.03
v 1.795 0.592 0.024
v 1.401 0.592 0.024
v 1.4 0.593 0.031
v 1.796 0.593 0.031
v 1.796 0.593 0.023
v 1.4 0.593 0.023
v 1.4 0.609 0.031
v 1.796 0.609 0.031
v 1.796 0.609 0.023
v 1.4 0.609 0.023
v 1.401 0.61 0.03
v 1.795 0.61 0.03
v 1.795 0.61 0.024
v 1.401 0.61 0.024
v 1.401 0.592 0.03
v 1.795 0.592 0.03
v 1.795 0.592 0.024
v 1.401 0.592 0.024
v 1.401 0.61 0.03
v 1.795 0.61 0.03
v 1.795 0.61 0.024
v 1.401 0.61 0.024
vt 0.339717 0.563555
vt 0.385889 0.563555
vt 0.386006 0.563721
vt 0.3396 0.563721
vt 0.248623 0.548096
vt 0.24792 0.548096
vt 0.247803 0.54793
vt 0.24874 0.54793
vt 0.144189 0.573486
vt 0.098018 0.573486
vt 0.0979 0.573321
vt 0.144307 0.573321
vt 0.333857 0.565508
vt 0.334561 0.565508
vt 0.334678 0.565674
vt 0.33374 0.565674
vt 0.387939 0.645342
vt 0.434346 0.645342
vt 0.434346 0.647217
vt 0.387939 0.647217
vt 0.399658 0.623779
vt 0.399658 0.622842
vt 0.401533 0.622842
vt 0.401533 0.623779
vt 0.436279 0.645342
vt 0.482686 0.645342
vt 0.482686 0.647217
vt 0.436279 0.647217
vt 0.404951 0.622842
vt 0.404951 0.623779
vt 0.403076 0.623779
vt 0.403076 0.622842
vt 0.482686 0.553955
vt 0.436279 0.553955
vt 0.436396 0.553789
vt 0.482568 0.553789
vt 0.337119 0.565674
vt 0.336182 0.565674
vt 0.336299 0.565508
vt 0.337002 0.565508
vt 0.387939 0.563555
vt 0.434346 0.563555
vt 0.434229 0.563721
vt 0.388057 0.563721
vt 0.338623 0.565508
vt 0.339561 0.565508
vt 0.339443 0.565674
vt 0.33874 0.565674
vt 0.525908 0.608643
vt 0.479736 0.608643
vt 0.479736 0.607939
vt 0.479736 0.607939
vt 0.525908 0.607939
vt 0.525908 0.608643
vt 0.57376 0.607939
vt 0.57376 0.608643
vt 0.527588 0.608643
vt 0.527588 0.608643
vt 0.527588 0.607939
vt 0.57376 0.607939
vn 0 -0.707107 0.707107
vn 0.707107 -0.707107 0
vn 0 -0.707107 -0.707107
vn -0.707107 -0.707107 0
vn 0 0 1
vn 1 0 0
vn 0 0 -1
vn -1 0 0
vn 0 0.707107 0.707107
vn 0.707107 0.707107 0
vn 0 0.707107 -0.707107
vn -0.707107 0.707107 0
vn 0 -1 0
vn 0 1 0
f 289/721/169 290/722/169 294/723/169 293/724/169
f 290/725/170 291/726/170 295/727/170 294/728/170
f 291/729/171 292/730/171 296/731/171 295/732/171
f 292/733/172 289/734/172 293/735/172 296/736/172
f 293/737/173 294/738/173 298/739/173 297/740/173
f 294/741/174 295/742/174 299/743/174 298/744/174
f 295/745/175 296/746/175 300/747/175 299/748/175
f 296/749/176 293/750/176 297/751/176 300/752/176
f 297/753/177 298/754/177 302/755/177 301/756/177
f 298/757/178 299/758/178 303/759/178 302/760/178
f 299/761/179 300/762/179 304/763/179 303/764/179
f 300/765/180 297/766/180 301/767/180 304/768/180
f 306/769/181 305/770/181 308/771/181
f 308/772/181 307/773/181 306/774/181
f 312/775/182 309/776/182 310/777/182
f 310/778/182 311/779/182 312/780/182
o louvre_b_592
usemtl rtu
v 1.401 0.592 0.976
v 1.795 0.592 0.976
v 1.795 0.592 0.97
v 1.401 0.592 0.97
v 1.4 0.593 0.977
v 1.796 0.593 0.977
v 1.796 0.593 0.969
v 1.4 0.593 0.969
v 1.4 0.609 0.977
v 1.796 0.609 0.977
v 1.796 0.609 0.969
v 1.4 0.609 0.969
v 1.401 0.61 0.976
v 1.795 0.61 0.976
v 1.795 0.61 0.97
v 1.401 0.61 0.97
v 1.401 0.592 0.976
v 1.795 0.592 0.976
v 1.795 0.592 0.97
v 1.401 0.592 0.97
v 1.401 0.61 0.976
v 1.795 0.61 0.976
v 1.795 0.61 0.97
v 1.401 0.61 0.97
vt 0.146357 0.573321
vt 0.192529 0.573321
vt 0.192646 0.573486
vt 0.14624 0.573486
vt 0.251064 0.548096
vt 0.250361 0.548096
vt 0.250244 0.54793
vt 0.251182 0.54793
vt 0.482568 0.563721
vt 0.436396 0.563721
vt 0.436279 0.563555
vt 0.482686 0.563555
vt 0.341182 0.565508
vt 0.341885 0.565508
vt 0.342002 0.565674
vt 0.341064 0.565674
vt 0.484619 0.645342
vt 0.531025 0.645342
vt 0.531025 0.647217
vt 0.484619 0.647217
vt 0.406494 0.623779
vt 0.406494 0.622842
vt 0.408369 0.622842
vt 0.408369 0.623779
vt 0.532959 0.645342
vt 0.579365 0.645342
vt 0.579365 0.647217
vt 0.532959 0.647217
vt 0.411787 0.622842
vt 0.411787 0.623779
vt 0.409912 0.623779
vt 0.409912 0.622842
vt 0.434346 0.561768
vt 0.387939 0.561768
vt 0.388057 0.561602
vt 0.434229 0.561602
vt 0.344443 0.565674
vt 0.343506 0.565674
vt 0.343623 0.565508
vt 0.344326 0.565508
vt 0.19458 0.573321
vt 0.240986 0.573321
vt 0.240869 0.573486
vt 0.194697 0.573486
vt 0.345947 0.565508
vt 0.346885 0.565508
vt 0.346768 0.565674
vt 0.346064 0.565674
vt 0.621611 0.608643
vt 0.575439 0.608643
vt 0.575439 0.607939
vt 0.575439 0.607939
vt 0.621611 0.607939
vt 0.621611 0.608643
vt 0.669463 0.607939
vt 0.669463 0.608643
vt 0.623291 0.608643
vt 0.623291 0.608643
vt 0.623291 0.607939
vt 0.669463 0.607939
vn 0 -0.707107 0.707107
vn 0.707107 -0.707107 0
vn 0 -0.707107 -0.707107
vn -0.707107 -0.707107 0
vn 0 0 1
vn 1 0 0
vn 0 0 -1
vn -1 0 0
vn 0 0.707107 0.707107
vn 0.707107 0.707107 0
vn 0 0.707107 -0.707107
vn -0.707107 0.707107 0
vn 0 -1 0
vn 0 1 0
f 313/781/183 314/782/183 318/783/183 317/784/183
f 314/785/184 315/786/184 319/787/184 318/788/184
f 315/789/185 316/790/185 320/791/185 319/792/185
f 316/793/186 313/794/186 317/795/186 320/796/186
f 317/797/187 318/798/187 322/799/187 321/800/187
f 318/801/188 319/802/188 323/803/188 322/804/188
f 319/805/189 320/806/189 324/807/189 323/808/189
f 320/809/190 317/810/190 321/811/190 324/812/190
f 321/813/191 322/814/191 326/815/191 325/816/191
f 322/817/192 323/818/192 327/819/192 326/820/192
f 323/821/193 324/822/193 328/823/193 327/824/193
f 324/825/194 321/826/194 325/827/194 328/828/194
f 330/829/195 329/830/195 332/831/195
f 332/832/195 331/833/195 330/834/195
f 336/835/196 333/836/196 334/837/196
f 334/838/196 335/839/196 336/840/196
o louvre_e_592
usemtl rtu
v 1.845 0.592 0.91
v 1.851 0.592 0.91
v 1.851 0.592 0.09
v 1.845 0.592 0.09
v 1.844 0.593 0.911
v 1.852 0.593 0.911
v 1.852 0.593 0.089
v 1.844 0.593 0.089
v 1.844 0.609 0.911
v 1.852 0.609 0.911
v 1.852 0.609 0.089
v 1.844 0.609 0.089
v 1.845 0.61 0.91
v 1.851 0.61 0.91
v 1.851 0.61 0.09
v 1.845 0.61 0.09
v 1.845 0.592 0.91
v 1.851 0.592 0.91
v 1.851 0.592 0.09
v 1.845 0.592 0.09
v 1.845 0.61 0.91
v 1.851 0.61 0.91
v 1.851 0.61 0.09
v 1.845 0.61 0.09
vt 0.348506 0.565508
vt 0.349209 0.565508
vt 0.349326 0.565674
vt 0.348389 0.565674
vt 0.391865 0.585205
vt 0.295771 0.585205
vt 0.295654 0.585039
vt 0.391982 0.585039
vt 0.35165 0.565674
vt 0.350947 0.565674
vt 0.35083 0.565508
vt 0.351768 0.565508
vt 0.724971 0.561602
vt 0.821064 0.561602
vt 0.821182 0.561768
vt 0.724854 0.561768
vt 0.41333 0.623779
vt 0.41333 0.622842
vt 0.415205 0.622842
vt 0.415205 0.623779
vt 0.097549 0.660889
vt 0.001221 0.660889
vt 0.001221 0.659014
vt 0.097549 0.659014
vt 0.416748 0.623779
vt 0.416748 0.622842
vt 0.418623 0.622842
vt 0.418623 0.623779
vt 0.099365 0.659014
vt 0.195693 0.659014
vt 0.195693 0.660889
vt 0.099365 0.660889
vt 0.497764 0.561768
vt 0.496826 0.561768
vt 0.496943 0.561602
vt 0.497646 0.561602
vt 0.490127 0.585205
vt 0.393799 0.585205
vt 0.393916 0.585039
vt 0.49001 0.585039
vt 0.499268 0.561602
vt 0.500205 0.561602
vt 0.500088 0.561768
vt 0.499385 0.561768
vt 0.491943 0.585039
vt 0.588271 0.585039
vt 0.588154 0.585205
vt 0.492061 0.585205
vt 0.585596 0.620146
vt 0.585596 0.62085
vt 0.489502 0.62085
vt 0.489502 0.62085
vt 0.489502 0.620146
vt 0.585596 0.620146
vt 0.587158 0.620146
vt 0.683252 0.620146
vt 0.683252 0.62085
vt 0.683252 0.62085
vt 0.587158 0.62085
vt 0.587158 0.620146
vn 0 -0.707107 0.707107
vn 0.707107 -0.707107 0
vn 0 -0.707107 -0.707107
vn -0.707107 -0.707107 0
vn 0 0 1
vn 1 0 0
vn 0 0 -1
vn -1 0 0
vn 0 0.707107 0.707107
vn 0.707107 0.707107 0
vn 0 0.707107 -0.707107
vn -0.707107 0.707107 0
vn 0 -1 0
vn 0 1 0
f 337/841/197 338/842/197 342/843/197 341/844/197
f 338/845/198 339/846/198 343/847/198 342/848/198
f 339/849/199 340/850/199 344/851/199 343/852/199
f 340/853/200 337/854/200 341/855/200 344/856/200
f 341/857/201 342/858/201 346/859/201 345/860/201
f 342/861/202 343/862/202 347/863/202 346/864/202
f 343/865/203 344/866/203 348/867/203 347/868/203
f 344/869/204 341/870/204 345/871/204 348/872/204
f 345/873/205 346/874/205 350/875/205 349/876/205
f 346/877/206 347/878/206 351/879/206 350/880/206
f 347/881/207 348/882/207 352/883/207 351/884/207
f 348/885/208 345/886/208 349/887/208 352/888/208
f 354/889/209 353/890/209 356/891/209
f 356/892/209 355/893/209 354/894/209
f 360/895/210 357/896/210 358/897/210
f 358/898/210 359/899/210 360/900/210
o louvre_f_626
usemtl rtu
v 1.401 0.626 0.03
v 1.795 0.626 0.03
v 1.795 0.626 0.024
v 1.401 0.626 0.024
v 1.4 0.627 0.031
v 1.796 0.627 0.031
v 1.796 0.627 0.023
v 1.4 0.627 0.023
v 1.4 0.643 0.031
v 1.796 0.643 0.031
v 1.796 0.643 0.023
v 1.4 0.643 0.023
v 1.401 0.644 0.03
v 1.795 0.644 0.03
v 1.795 0.644 0.024
v 1.401 0.644 0.024
v 1.401 0.626 0.03
v 1.795 0.626 0.03
v 1.795 0.626 0.024
v 1.401 0.626 0.024
v 1.401 0.644 0.03
v 1.795 0.644 0.03
v 1.795 0.644 0.024
v 1.401 0.644 0.024
vt 0.243037 0.573321
vt 0.289209 0.573321
vt 0.289326 0.573486
vt 0.24292 0.573486
vt 0.354092 0.565674
vt 0.353389 0.565674
vt 0.353271 0.565508
vt 0.354209 0.565508
vt 0.634912 0.557861
vt 0.58874 0.557861
vt 0.588623 0.557696
vt 0.635029 0.557696
vt 0.35583 0.565508
vt 0.356533 0.565508
vt 0.35665 0.565674
vt 0.355713 0.565674
vt 0.581299 0.645342
vt 0.627705 0.645342
vt 0.627705 0.647217
vt 0.581299 0.647217
vt 0.420166 0.623779
vt 0.420166 0.622842
vt 0.422041 0.622842
vt 0.422041 0.623779
vt 0.629639 0.645342
vt 0.676045 0.645342
vt 0.676045 0.647217
vt 0.629639 0.647217
vt 0.425459 0.622842
vt 0.425459 0.623779
vt 0.423584 0.623779
vt 0.423584 0.622842
vt 0.337666 0.573486
vt 0.29126 0.573486
vt 0.291377 0.573321
vt 0.337549 0.573321
vt 0.502646 0.561768
vt 0.501709 0.561768
vt 0.501826 0.561602
vt 0.502529 0.561602
vt 0.3396 0.573321
vt 0.386006 0.573321
vt 0.385889 0.573486
vt 0.339717 0.573486
vt 0.358154 0.565508
vt 0.359092 0.565508
vt 0.358975 0.565674
vt 0.358271 0.565674
vt 0.717314 0.608643
vt 0.671143 0.608643
vt 0.671143 0.607939
vt 0.671143 0.607939
vt 0.717314 0.607939
vt 0.717314 0.608643
vt 0.765166 0.607939
vt 0.765166 0.608643
vt 0.718994 0.608643
vt 0.718994 0.608643
vt 0.718994 0.607939
vt 0.765166 0.607939
vn 0 -0.707107 0.707107
vn 0.707107 -0.707107 0
vn 0 -0.707107 -0.707107
vn -0.707107 -0.707107 0
vn 0 0 1
vn 1 0 0
vn 0 0 -1
vn -1 0 0
vn 0 0.707107 0.707107
vn 0.707107 0.707107 0
vn 0 0.707107 -0.707107
vn -0.707107 0.707107 0
vn 0 -1 0
vn 0 1 0
f 361/901/211 362/902/211 366/903/211 365/904/211
f 362/905/212 363/906/212 367/907/212 366/908/212
f 363/909/213 364/910/213 368/911/213 367/912/213
f 364/913/214 361/914/214 365/915/214 368/916/214
f 365/917/215 366/918/215 370/919/215 369/920/215
f 366/921/216 367/922/216 371/923/216 370/924/216
f 367/925/217 368/926/217 372/927/217 371/928/217
f 368/929/218 365/930/218 369/931/218 372/932/218
f 369/933/219 370/934/219 374/935/219 373/936/219
f 370/937/220 371/938/220 375/939/220 374/940/220
f 371/941/221 372/942/221 376/943/221 375/944/221
f 372/945/222 369/946/222 373/947/222 376/948/222
f 378/949/223 377/950/223 380/951/223
f 380/952/223 379/953/223 378/954/223
f 384/955/224 381/956/224 382/957/224
f 382/958/224 383/959/224 384/960/224
o louvre_b_626
usemtl rtu
v 1.401 0.626 0.976
v 1.795 0.626 0.976
v 1.795 0.626 0.97
v 1.401 0.626 0.97
v 1.4 0.627 0.977
v 1.796 0.627 0.977
v 1.796 0.627 0.969
v 1.4 0.627 0.969
v 1.4 0.643 0.977
v 1.796 0.643 0.977
v 1.796 0.643 0.969
v 1.4 0.643 0.969
v 1.401 0.644 0.976
v 1.795 0.644 0.976
v 1.795 0.644 0.97
v 1.401 0.644 0.97
v 1.401 0.626 0.976
v 1.795 0.626 0.976
v 1.795 0.626 0.97
v 1.401 0.626 0.97
v 1.401 0.644 0.976
v 1.795 0.644 0.976
v 1.795 0.644 0.97
v 1.401 0.644 0.97
vt 0.388057 0.573321
vt 0.434229 0.573321
vt 0.434346 0.573486
vt 0.387939 0.573486
vt 0.361416 0.565674
vt 0.360713 0.565674
vt 0.360596 0.565508
vt 0.361533 0.565508
vt 0.482568 0.573486
vt 0.436396 0.573486
vt 0.436279 0.573321
vt 0.482686 0.573321
vt 0.363154 0.565508
vt 0.363857 0.565508
vt 0.363975 0.565674
vt 0.363037 0.565674
vt 0.677979 0.645342
vt 0.724385 0.645342
vt 0.724385 0.647217
vt 0.677979 0.647217
vt 0.427002 0.623779
vt 0.427002 0.622842
vt 0.428877 0.622842
vt 0.428877 0.623779
vt 0.726318 0.645342
vt 0.772725 0.645342
vt 0.772725 0.647217
vt 0.726318 0.647217
vt 0.432295 0.622842
vt 0.432295 0.623779
vt 0.43042 0.623779
vt 0.43042 0.622842
vt 0.531025 0.573486
vt 0.484619 0.573486
vt 0.484736 0.573321
vt 0.530908 0.573321
vt 0.505088 0.561768
vt 0.50415 0.561768
vt 0.504268 0.561602
vt 0.504971 0.561602
vt 0.532959 0.573321
vt 0.579365 0.573321
vt 0.579248 0.573486
vt 0.533076 0.573486
vt 0.365479 0.565508
vt 0.366416 0.565508
vt 0.366299 0.565674
vt 0.365596 0.565674
vt 0.813018 0.608643
vt 0.766846 0.608643
vt 0.766846 0.607939
vt 0.766846 0.607939
vt 0.813018 0.607939
vt 0.813018 0.608643
vt 0.860869 0.607939
vt 0.860869 0.608643
vt 0.814697 0.608643
vt 0.814697 0.608643
vt 0.814697 0.607939
vt 0.860869 0.607939
vn 0 -0.707107 0.707107
vn 0.707107 -0.707107 0
vn 0 -0.707107 -0.707107
vn -0.707107 -0.707107 0
vn 0 0 1
vn 1 0 0
vn 0 0 -1
vn -1 0 0
vn 0 0.707107 0.707107
vn 0.707107 0.707107 0
vn 0 0.707107 -0.707107
vn -0.707107 0.707107 0
vn 0 -1 0
vn 0 1 0
f 385/961/225 386/962/225 390/963/225 389/964/225
f 386/965/226 387/966/226 391/967/226 390/968/226
f 387/969/227 388/970/227 392/971/227 391/972/227
f 388/973/228 385/974/228 389/975/228 392/976/228
f 389/977/229 390/978/229 394/979/229 393/980/229
f 390/981/230 391/982/230 395/983/230 394/984/230
f 391/985/231 392/986/231 396/987/231 395/988/231
f 392/989/232 389/990/232 393/991/232 396/992/232
f 393/993/233 394/994/233 398/995/233 397/996/233
f 394/997/234 395/998/234 399/999/234 398/1000/234
f 395/1001/235 396/1002/235 400/1003/235 399/1004/235
f 396/1005/236 393/1006/236 397/1007/236 400/1008/236
f 402/1009/237 401/1010/237 404/1011/237
f 404/1012/237 403/1013/237 402/1014/237
f 408/1015/238 405/1016/238 406/1017/238
f 406/1018/238 407/1019/238 408/1020/238
o louvre_e_626
usemtl rtu
v 1.845 0.626 0.91
v 1.851 0.626 0.91
v 1.851 0.626 0.09
v 1.845 0.626 0.09
v 1.844 0.627 0.911
v 1.852 0.627 0.911
v 1.852 0.627 0.089
v 1.844 0.627 0.089
v 1.844 0.643 0.911
v 1.852 0.643 0.911
v 1.852 0.643 0.089
v 1.844 0.643 0.089
v 1.845 0.644 0.91
v 1.851 0.644 0.91
v 1.851 0.644 0.09
v 1.845 0.644 0.09
v 1.845 0.626 0.91
v 1.851 0.626 0.91
v 1.851 0.626 0.09
v 1.845 0.626 0.09
v 1.845 0.644 0.91
v 1.851 0.644 0.91
v 1.851 0.644 0.09
v 1.845 0.644 0.09
vt 0.368037 0.565508
vt 0.36874 0.565508
vt 0.368857 0.565674
vt 0.36792 0.565674
vt 0.686299 0.585205
vt 0.590205 0.585205
vt 0.590088 0.585039
vt 0.686416 0.585039
vt 0.549404 0.553955
vt 0.548701 0.553955
vt 0.548584 0.553789
vt 0.549521 0.553789
vt 0.823115 0.561602
vt 0.919209 0.561602
vt 0.919326 0.561768
vt 0.822998 0.561768
vt 0.433838 0.623779
vt 0.433838 0.622842
vt 0.435713 0.622842
vt 0.435713 0.623779
vt 0.293838 0.660889
vt 0.19751 0.660889
vt 0.19751 0.659014
vt 0.293838 0.659014
vt 0.437256 0.623779
vt 0.437256 0.622842
vt 0.439131 0.622842
vt 0.439131 0.623779
vt 0.295654 0.659014
vt 0.391982 0.659014
vt 0.391982 0.660889
vt 0.295654 0.660889
vt 0.507529 0.561768
vt 0.506592 0.561768
vt 0.506709 0.561602
vt 0.507412 0.561602
vt 0.249404 0.587158
vt 0.153076 0.587158
vt 0.153193 0.586992
vt 0.249287 0.586992
vt 0.509033 0.561602
vt 0.509971 0.561602
vt 0.509854 0.561768
vt 0.50915 0.561768
vt 0.688232 0.585039
vt 0.784561 0.585039
vt 0.784443 0.585205
vt 0.68835 0.585205
vt 0.780908 0.620146
vt 0.780908 0.62085
vt 0.684814 0.62085
vt 0.684814 0.62085
vt 0.684814 0.620146
vt 0.780908 0.620146
vt 0.782471 0.620146
vt 0.878564 0.620146
vt 0.878564 0.62085
vt 0.878564 0.62085
vt 0.782471 0.62085
vt 0.782471 0.620146
vn 0 -0.707107 0.707107
vn 0.707107 -0.707107 0
vn 0 -0.707107 -0.707107
vn -0.707107 -0.707107 0
vn 0 0 1
vn 1 0 0
vn 0 0 -1
vn -1 0 0
vn 0 0.707107 0.707107
vn 0.707107 0.707107 0
vn 0 0.707107 -0.707107
vn -0.707107 0.707107 0
vn 0 -1 0
vn 0 1 0
f 409/1021/239 410/1022/239 414/1023/239 413/1024/239
f 410/1025/240 411/1026/240 415/1027/240 414/1028/240
f 411/1029/241 412/1030/241 416/1031/241 415/1032/241
f 412/1033/242 409/1034/242 413/1035/242 416/1036/242
f 413/1037/243 414/1038/243 418/1039/243 417/1040/243
f 414/1041/244 415/1042/244 419/1043/244 418/1044/244
f 415/1045/245 416/1046/245 420/1047/245 419/1048/245
f 416/1049/246 413/1050/246 417/1051/246 420/1052/246
f 417/1053/247 418/1054/247 422/1055/247 421/1056/247
f 418/1057/248 419/1058/248 423/1059/248 422/1060/248
f 419/1061/249 420/1062/249 424/1063/249 423/1064/249
f 420/1065/250 417/1066/250 421/1067/250 424/1068/250
f 426/1069/251 425/1070/251 428/1071/251
f 428/1072/251 427/1073/251 426/1074/251
f 432/1075/252 429/1076/252 430/1077/252
f 430/1078/252 431/1079/252 432/1080/252
o louvre_f_660
usemtl rtu
v 1.401 0.66 0.03
v 1.795 0.66 0.03
v 1.795 0.66 0.024
v 1.401 0.66 0.024
v 1.4 0.661 0.031
v 1.796 0.661 0.031
v 1.796 0.661 0.023
v 1.4 0.661 0.023
v 1.4 0.677 0.031
v 1.796 0.677 0.031
v 1.796 0.677 0.023
v 1.4 0.677 0.023
v 1.401 0.678 0.03
v 1.795 0.678 0.03
v 1.795 0.678 0.024
v 1.401 0.678 0.024
v 1.401 0.66 0.03
v 1.795 0.66 0.03
v 1.795 0.66 0.024
v 1.401 0.66 0.024
v 1.401 0.678 0.03
v 1.795 0.678 0.03
v 1.795 0.678 0.024
v 1.401 0.678 0.024
vt 0.581416 0.573321
vt 0.627588 0.573321
vt 0.627705 0.573486
vt 0.581299 0.573486
vt 0.371182 0.565674
vt 0.370479 0.565674
vt 0.370361 0.565508
vt 0.371299 0.565508
vt 0.683252 0.557861
vt 0.63708 0.557861
vt 0.636963 0.557696
vt 0.683369 0.557696
vt 0.37292 0.565508
vt 0.373623 0.565508
vt 0.37374 0.565674
vt 0.372803 0.565674
vt 0.774658 0.645342
vt 0.821064 0.645342
vt 0.821064 0.647217
vt 0.774658 0.647217
vt 0.440674 0.623779
vt 0.440674 0.622842
vt 0.442549 0.622842
vt 0.442549 0.623779
vt 0.822998 0.645342
vt 0.869404 0.645342
vt 0.869404 0.647217
vt 0.822998 0.647217
vt 0.445967 0.622842
vt 0.445967 0.623779
vt 0.444092 0.623779
vt 0.444092 0.622842
vt 0.731709 0.557861
vt 0.685303 0.557861
vt 0.68542 0.557696
vt 0.731592 0.557696
vt 0.376182 0.565674
vt 0.375244 0.565674
vt 0.375361 0.565508
vt 0.376064 0.565508
vt 0.484619 0.563555
vt 0.531025 0.563555
vt 0.530908 0.563721
vt 0.484736 0.563721
vt 0.377686 0.565508
vt 0.378623 0.565508
vt 0.378506 0.565674
vt 0.377803 0.565674
vt 0.908721 0.608643
vt 0.862549 0.608643
vt 0.862549 0.607939
vt 0.862549 0.607939
vt 0.908721 0.607939
vt 0.908721 0.608643
vt 0.956572 0.607939
vt 0.956572 0.608643
vt 0.9104 0.608643
vt 0.9104 0.608643
vt 0.9104 0.607939
vt 0.956572 0.607939
vn 0 -0.707107 0.707107
vn 0.707107 -0.707107 0
vn 0 -0.707107 -0.707107
vn -0.707107 -0.707107 0
vn 0 0 1
vn 1 0 0
vn 0 0 -1
vn -1 0 0
vn 0 0.707107 0.707107
vn 0.707107 0.707107 0
vn 0 0.707107 -0.707107
vn -0.707107 0.707107 0
vn 0 -1 0
vn 0 1 0
f 433/1081/253 434/1082/253 438/1083/253 437/1084/253
f 434/1085/254 435/1086/254 439/1087/254 438/1088/254
f 435/1089/255 436/1090/255 440/1091/255 439/1092/255
f 436/1093/256 433/1094/256 437/1095/256 440/1096/256
f 437/1097/257 438/1098/257 442/1099/257 441/1100/257
f 438/1101/258 439/1102/258 443/1103/258 442/1104/258
f 439/1105/259 440/1106/259 444/1107/259 443/1108/259
f 440/1109/260 437/1110/260 441/1111/260 444/1112/260
f 441/1113/261 442/1114/261 446/1115/261 445/1116/261
f 442/1117/262 443/1118/262 447/1119/262 446/1120/262
f 443/1121/263 444/1122/263 448/1123/263 447/1124/263
f 444/1125/264 441/1126/264 445/1127/264 448/1128/264
f 450/1129/265 449/1130/265 452/1131/265
f 452/1132/265 451/1133/265 450/1134/265
f 456/1135/266 453/1136/266 454/1137/266
f 454/1138/266 455/1139/266 456/1140/266
o louvre_b_660
usemtl rtu
v 1.401 0.66 0.976
v 1.795 0.66 0.976
v 1.795 0.66 0.97
v 1.401 0.66 0.97
v 1.4 0.661 0.977
v 1.796 0.661 0.977
v 1.796 0.661 0.969
v 1.4 0.661 0.969
v 1.4 0.677 0.977
v 1.796 0.677 0.977
v 1.796 0.677 0.969
v 1.4 0.677 0.969
v 1.401 0.678 0.976
v 1.795 0.678 0.976
v 1.795 0.678 0.97
v 1.401 0.678 0.97
v 1.401 0.66 0.976
v 1.795 0.66 0.976
v 1.795 0.66 0.97
v 1.401 0.66 0.97
v 1.401 0.678 0.976
v 1.795 0.678 0.976
v 1.795 0.678 0.97
v 1.401 0.678 0.97
vt 0.629756 0.573321
vt 0.675928 0.573321
vt 0.676045 0.573486
vt 0.629639 0.573486
vt 0.380947 0.565674
vt 0.380244 0.565674
vt 0.380127 0.565508
vt 0.381064 0.565508
vt 0.779932 0.557861
vt 0.73376 0.557861
vt 0.733643 0.557696
vt 0.780049 0.557696
vt 0.382686 0.565508
vt 0.383389 0.565508
vt 0.383506 0.565674
vt 0.382568 0.565674
vt 0.871338 0.645342
vt 0.917744 0.645342
vt 0.917744 0.647217
vt 0.871338 0.647217
vt 0.44751 0.623779
vt 0.44751 0.622842
vt 0.449385 0.622842
vt 0.449385 0.623779
vt 0.919678 0.645342
vt 0.966084 0.645342
vt 0.966084 0.647217
vt 0.919678 0.647217
vt 0.452803 0.622842
vt 0.452803 0.623779
vt 0.450928 0.623779
vt 0.450928 0.622842
vt 0.579365 0.563721
vt 0.532959 0.563721
vt 0.533076 0.563555
vt 0.579248 0.563555
vt 0.385947 0.565674
vt 0.38501 0.565674
vt 0.385127 0.565508
vt 0.38583 0.565508
vt 0.677979 0.573321
vt 0.724385 0.573321
vt 0.724268 0.573486
vt 0.678096 0.573486
vt 0.387451 0.565508
vt 0.388389 0.565508
vt 0.388271 0.565674
vt 0.387568 0.565674
vt 0.047393 0.606201
vt 0.001221 0.606201
vt 0.001221 0.605498
vt 0.001221 0.605498
vt 0.047393 0.605498
vt 0.047393 0.606201
vt 0.095244 0.605498
vt 0.095244 0.606201
vt 0.049072 0.606201
vt 0.049072 0.606201
vt 0.049072 0.605498
vt 0.095244 0.605498
vn 0 -0.707107 0.707107
vn 0.707107 -0.707107 0
vn 0 -0.707107 -0.707107
vn -0.707107 -0.707107 0
vn 0 0 1
vn 1 0 0
vn 0 0 -1
vn -1 0 0
vn 0 0.707107 0.707107
vn 0.707107 0.707107 0
vn 0 0.707107 -0.707107
vn -0.707107 0.707107 0
vn 0 -1 0
vn 0 1 0
f 457/1141/267 458/1142/267 462/1143/267 461/1144/267
f 458/1145/268 459/1146/268 463/1147/268 462/1148/268
f 459/1149/269 460/1150/269 464/1151/269 463/1152/269
f 460/1153/270 457/1154/270 461/1155/270 464/1156/270
f 461/1157/271 462/1158/271 466/1159/271 465/1160/271
f 462/1161/272 463/1162/272 467/1163/272 466/1164/272
f 463/1165/273 464/1166/273 468/1167/273 467/1168/273
f 464/1169/274 461/1170/274 465/1171/274 468/1172/274
f 465/1173/275 466/1174/275 470/1175/275 469/1176/275
f 466/1177/276 467/1178/276 471/1179/276 470/1180/276
f 467/1181/277 468/1182/277 472/1183/277 471/1184/277
f 468/1185/278 465/1186/278 469/1187/278 472/1188/278
f 474/1189/279 473/1190/279 476/1191/279
f 476/1192/279 475/1193/279 474/1194/279
f 480/1195/280 477/1196/280 478/1197/280
f 478/1198/280 479/1199/280 480/1200/280
o louvre_e_660
usemtl rtu
v 1.845 0.66 0.91
v 1.851 0.66 0.91
v 1.851 0.66 0.09
v 1.845 0.66 0.09
v 1.844 0.661 0.911
v 1.852 0.661 0.911
v 1.852 0.661 0.089
v 1.844 0.661 0.089
v 1.844 0.677 0.911
v 1.852 0.677 0.911
v 1.852 0.677 0.089
v 1.844 0.677 0.089
v 1.845 0.678 0.91
v 1.851 0.678 0.91
v 1.851 0.678 0.09
v 1.845 0.678 0.09
v 1.845 0.66 0.91
v 1.851 0.66 0.91
v 1.851 0.66 0.09
v 1.845 0.66 0.09
v 1.845 0.678 0.91
v 1.851 0.678 0.91
v 1.851 0.678 0.09
v 1.845 0.678 0.09
vt 0.551143 0.553789
vt 0.551846 0.553789
vt 0.551963 0.553955
vt 0.551025 0.553955
vt 0.882588 0.585205
vt 0.786494 0.585205
vt 0.786377 0.585039
vt 0.882705 0.585039
vt 0.554287 0.553955
vt 0.553584 0.553955
vt 0.553467 0.553789
vt 0.554404 0.553789
vt 0.709834 0.565508
vt 0.805928 0.565508
vt 0.806045 0.565674
vt 0.709717 0.565674
vt 0.454346 0.623779
vt 0.454346 0.622842
vt 0.456221 0.622842
vt 0.456221 0.623779
vt 0.490127 0.660889
vt 0.393799 0.660889
vt 0.393799 0.659014
vt 0.490127 0.659014
vt 0.457764 0.623779
vt 0.457764 0.622842
vt 0.459639 0.622842
vt 0.459639 0.623779
vt 0.491943 0.659014
vt 0.588271 0.659014
vt 0.588271 0.660889
vt 0.491943 0.660889
vt 0.512412 0.561768
vt 0.511475 0.561768
vt 0.511592 0.561602
vt 0.512295 0.561602
vt 0.98085 0.585205
vt 0.884521 0.585205
vt 0.884639 0.585039
vt 0.980732 0.585039
vt 0.555908 0.553789
vt 0.556846 0.553789
vt 0.556729 0.553955
vt 0.556025 0.553955
vt 0.099365 0.551836
vt 0.195693 0.551836
vt 0.195576 0.552002
vt 0.099482 0.552002
vt 0.976221 0.620146
vt 0.976221 0.62085
vt 0.880127 0.62085
vt 0.880127 0.62085
vt 0.880127 0.620146
vt 0.976221 0.620146
vt 0.001221 0.617705
vt 0.097314 0.617705
vt 0.097314 0.618408
vt 0.097314 0.618408
vt 0.001221 0.618408
vt 0.001221 0.617705
vn 0 -0.707107 0.707107
vn 0.707107 -0.707107 0
vn 0 -0.707107 -0.707107
vn -0.707107 -0.707107 0
vn 0 0 1
vn 1 0 0
vn 0 0 -1
vn -1 0 0
vn 0 0.707107 0.707107
vn 0.707107 0.707107 0
vn 0 0.707107 -0.707107
vn -0.707107 0.707107 0
vn 0 -1 0
vn 0 1 0
f 481/1201/281 482/1202/281 486/1203/281 485/1204/281
f 482/1205/282 483/1206/282 487/1207/282 486/1208/282
f 483/1209/283 484/1210/283 488/1211/283 487/1212/283
f 484/1213/284 481/1214/284 485/1215/284 488/1216/284
f 485/1217/285 486/1218/285 490/1219/285 489/1220/285
f 486/1221/286 487/1222/286 491/1223/286 490/1224/286
f 487/1225/287 488/1226/287 492/1227/287 491/1228/287
f 488/1229/288 485/1230/288 489/1231/288 492/1232/288
f 489/1233/289 490/1234/289 494/1235/289 493/1236/289
f 490/1237/290 491/1238/290 495/1239/290 494/1240/290
f 491/1241/291 492/1242/291 496/1243/291 495/1244/291
f 492/1245/292 489/1246/292 493/1247/292 496/1248/292
f 498/1249/293 497/1250/293 500/1251/293
f 500/1252/293 499/1253/293 498/1254/293
f 504/1255/294 501/1256/294 502/1257/294
f 502/1258/294 503/1259/294 504/1260/294
o louvre_f_694
usemtl rtu
v 1.401 0.694 0.03
v 1.795 0.694 0.03
v 1.795 0.694 0.024
v 1.401 0.694 0.024
v 1.4 0.695 0.031
v 1.796 0.695 0.031
v 1.796 0.695 0.023
v 1.4 0.695 0.023
v 1.4 0.711 0.031
v 1.796 0.711 0.031
v 1.796 0.711 0.023
v 1.4 0.711 0.023
v 1.401 0.712 0.03
v 1.795 0.712 0.03
v 1.795 0.712 0.024
v 1.401 0.712 0.024
v 1.401 0.694 0.03
v 1.795 0.694 0.03
v 1.795 0.694 0.024
v 1.401 0.694 0.024
v 1.401 0.712 0.03
v 1.795 0.712 0.03
v 1.795 0.712 0.024
v 1.401 0.712 0.024
vt 0.581416 0.563555
vt 0.627588 0.563555
vt 0.627705 0.563721
vt 0.581299 0.563721
vt 0.390713 0.565674
vt 0.39001 0.565674
vt 0.389893 0.565508
vt 0.39083 0.565508
vt 0.828271 0.557861
vt 0.7821 0.557861
vt 0.781982 0.557696
vt 0.828389 0.557696
vt 0.392451 0.565508
vt 0.393154 0.565508
vt 0.393271 0.565674
vt 0.392334 0.565674
vt 0.587158 0.63167
vt 0.633564 0.63167
vt 0.633564 0.633545
vt 0.587158 0.633545
vt 0.789307 0.623779
vt 0.789307 0.622842
vt 0.791182 0.622842
vt 0.791182 0.623779
vt 0.635498 0.63167
vt 0.681904 0.63167
vt 0.681904 0.633545
vt 0.635498 0.633545
vt 0.7946 0.622842
vt 0.7946 0.623779
vt 0.792725 0.623779
vt 0.792725 0.622842
vt 0.243916 0.550049
vt 0.19751 0.550049
vt 0.197627 0.549883
vt 0.243799 0.549883
vt 0.395713 0.565674
vt 0.394775 0.565674
vt 0.394893 0.565508
vt 0.395596 0.565508
vt 0.629639 0.563555
vt 0.676045 0.563555
vt 0.675928 0.563721
vt 0.629756 0.563721
vt 0.397217 0.565508
vt 0.398154 0.565508
vt 0.398037 0.565674
vt 0.397334 0.565674
vt 0.143096 0.606201
vt 0.096924 0.606201
vt 0.096924 0.605498
vt 0.096924 0.605498
vt 0.143096 0.605498
vt 0.143096 0.606201
vt 0.190947 0.605498
vt 0.190947 0.606201
vt 0.144775 0.606201
vt 0.144775 0.606201
vt 0.144775 0.605498
vt 0.190947 0.605498
vn 0 -0.707107 0.707107
vn 0.707107 -0.707107 0
vn 0 -0.707107 -0.707107
vn -0.707107 -0.707107 0
vn 0 0 1
vn 1 0 0
vn 0 0 -1
vn -1 0 0
vn 0 0.707107 0.707107
vn 0.707107 0.707107 0
vn 0 0.707107 -0.707107
vn -0.707107 0.707107 0
vn 0 -1 0
vn 0 1 0
f 505/1261/295 506/1262/295 510/1263/295 509/1264/295
f 506/1265/296 507/1266/296 511/1267/296 510/1268/296
f 507/1269/297 508/1270/297 512/1271/297 511/1272/297
f 508/1273/298 505/1274/298 509/1275/298 512/1276/298
f 509/1277/299 510/1278/299 514/1279/299 513/1280/299
f 510/1281/300 511/1282/300 515/1283/300 514/1284/300
f 511/1285/301 512/1286/301 516/1287/301 515/1288/301
f 512/1289/302 509/1290/302 513/1291/302 516/1292/302
f 513/1293/303 514/1294/303 518/1295/303 517/1296/303
f 514/1297/304 515/1298/304 519/1299/304 518/1300/304
f 515/1301/305 516/1302/305 520/1303/305 519/1304/305
f 516/1305/306 513/1306/306 517/1307/306 520/1308/306
f 522/1309/307 521/1310/307 524/1311/307
f 524/1312/307 523/1313/307 522/1314/307
f 528/1315/308 525/1316/308 526/1317/308
f 526/1318/308 527/1319/308 528/1320/308
o louvre_b_694
usemtl rtu
v 1.401 0.694 0.976
v 1.795 0.694 0.976
v 1.795 0.694 0.97
v 1.401 0.694 0.97
v 1.4 0.695 0.977
v 1.796 0.695 0.977
v 1.796 0.695 0.969
v 1.4 0.695 0.969
v 1.4 0.711 0.977
v 1.796 0.711 0.977
v 1.796 0.711 0.969
v 1.4 0.711 0.969
v 1.401 0.712 0.976
v 1.795 0.712 0.976
v 1.795 0.712 0.97
v 1.401 0.712 0.97
v 1.401 0.694 0.976
v 1.795 0.694 0.976
v 1.795 0.694 0.97
v 1.401 0.694 0.97
v 1.401 0.712 0.976
v 1.795 0.712 0.976
v 1.795 0.712 0.97
v 1.401 0.712 0.97
vt 0.830439 0.557696
vt 0.876611 0.557696
vt 0.876729 0.557861
vt 0.830322 0.557861
vt 0.400479 0.565674
vt 0.399775 0.565674
vt 0.399658 0.565508
vt 0.400596 0.565508
vt 0.924951 0.557861
vt 0.878779 0.557861
vt 0.878662 0.557696
vt 0.925068 0.557696
vt 0.402217 0.565508
vt 0.40292 0.565508
vt 0.403037 0.565674
vt 0.4021 0.565674
vt 0.683838 0.63167
vt 0.730244 0.63167
vt 0.730244 0.633545
vt 0.683838 0.633545
vt 0.796143 0.623779
vt 0.796143 0.622842
vt 0.798018 0.622842
vt 0.798018 0.623779
vt 0.732178 0.63167
vt 0.778584 0.63167
vt 0.778584 0.633545
vt 0.732178 0.633545
vt 0.801436 0.622842
vt 0.801436 0.623779
vt 0.799561 0.623779
vt 0.799561 0.622842
vt 0.724385 0.563721
vt 0.677979 0.563721
vt 0.678096 0.563555
vt 0.724268 0.563555
vt 0.405479 0.565674
vt 0.404541 0.565674
vt 0.404658 0.565508
vt 0.405361 0.565508
vt 0.927002 0.557696
vt 0.973408 0.557696
vt 0.973291 0.557861
vt 0.927119 0.557861
vt 0.406982 0.565508
vt 0.40792 0.565508
vt 0.407803 0.565674
vt 0.4071 0.565674
vt 0.238799 0.606201
vt 0.192627 0.606201
vt 0.192627 0.605498
vt 0.192627 0.605498
vt 0.238799 0.605498
vt 0.238799 0.606201
vt 0.28665 0.605498
vt 0.28665 0.606201
vt 0.240479 0.606201
vt 0.240479 0.606201
vt 0.240479 0.605498
vt 0.28665 0.605498
vn 0 -0.707107 0.707107
vn 0.707107 -0.707107 0
vn 0 -0.707107 -0.707107
vn -0.707107 -0.707107 0
vn 0 0 1
vn 1 0 0
vn 0 0 -1
vn -1 0 0
vn 0 0.707107 0.707107
vn 0.707107 0.707107 0
vn 0 0.707107 -0.707107
vn -0.707107 0.707107 0
vn 0 -1 0
vn 0 1 0
f 529/1321/309 530/1322/309 534/1323/309 533/1324/309
f 530/1325/310 531/1326/310 535/1327/310 534/1328/310
f 531/1329/311 532/1330/311 536/1331/311 535/1332/311
f 532/1333/312 529/1334/312 533/1335/312 536/1336/312
f 533/1337/313 534/1338/313 538/1339/313 537/1340/313
f 534/1341/314 535/1342/314 539/1343/314 538/1344/314
f 535/1345/315 536/1346/315 540/1347/315 539/1348/315
f 536/1349/316 533/1350/316 537/1351/316 540/1352/316
f 537/1353/317 538/1354/317 542/1355/317 541/1356/317
f 538/1357/318 539/1358/318 543/1359/318 542/1360/318
f 539/1361/319 540/1362/319 544/1363/319 543/1364/319
f 540/1365/320 537/1366/320 541/1367/320 544/1368/320
f 546/1369/321 545/1370/321 548/1371/321
f 548/1372/321 547/1373/321 546/1374/321
f 552/1375/322 549/1376/322 550/1377/322
f 550/1378/322 551/1379/322 552/1380/322
o louvre_e_694
usemtl rtu
v 1.845 0.694 0.91
v 1.851 0.694 0.91
v 1.851 0.694 0.09
v 1.845 0.694 0.09
v 1.844 0.695 0.911
v 1.852 0.695 0.911
v 1.852 0.695 0.089
v 1.844 0.695 0.089
v 1.844 0.711 0.911
v 1.852 0.711 0.911
v 1.852 0.711 0.089
v 1.844 0.711 0.089
v 1.845 0.712 0.91
v 1.851 0.712 0.91
v 1.851 0.712 0.09
v 1.845 0.712 0.09
v 1.845 0.694 0.91
v 1.851 0.694 0.91
v 1.851 0.694 0.09
v 1.845 0.694 0.09
v 1.845 0.712 0.91
v 1.851 0.712 0.91
v 1.851 0.712 0.09
v 1.845 0.712 0.09
vt 0.409541 0.565508
vt 0.410244 0.565508
vt 0.410361 0.565674
vt 0.409424 0.565674
vt 0.097432 0.583252
vt 0.001338 0.583252
vt 0.001221 0.583086
vt 0.097549 0.583086
vt 0.412686 0.565674
vt 0.411982 0.565674
vt 0.411865 0.565508
vt 0.412803 0.565508
vt 0.001338 0.559649
vt 0.097432 0.559649
vt 0.097549 0.559814
vt 0.001221 0.559814
vt 0.802979 0.623779
vt 0.802979 0.622842
vt 0.804854 0.622842
vt 0.804854 0.623779
vt 0.290908 0.633545
vt 0.19458 0.633545
vt 0.19458 0.63167
vt 0.290908 0.63167
vt 0.806396 0.623779
vt 0.806396 0.622842
vt 0.808271 0.622842
vt 0.808271 0.623779
vt 0.292725 0.63167
vt 0.389053 0.63167
vt 0.389053 0.633545
vt 0.292725 0.633545
vt 0.559287 0.553955
vt 0.55835 0.553955
vt 0.558467 0.553789
vt 0.55917 0.553789
vt 0.195693 0.583252
vt 0.099365 0.583252
vt 0.099482 0.583086
vt 0.195576 0.583086
vt 0.560791 0.553789
vt 0.561729 0.553789
vt 0.561611 0.553955
vt 0.560908 0.553955
vt 0.19751 0.583086
vt 0.293838 0.583086
vt 0.293721 0.583252
vt 0.197627 0.583252
vt 0.194971 0.617705
vt 0.194971 0.618408
vt 0.098877 0.618408
vt 0.098877 0.618408
vt 0.098877 0.617705
vt 0.194971 0.617705
vt 0.196533 0.617705
vt 0.292627 0.617705
vt 0.292627 0.618408
vt 0.292627 0.618408
vt 0.196533 0.618408
vt 0.196533 0.617705
vn 0 -0.707107 0.707107
vn 0.707107 -0.707107 0
vn 0 -0.707107 -0.707107
vn -0.707107 -0.707107 0
vn 0 0 1
vn 1 0 0
vn 0 0 -1
vn -1 0 0
vn 0 0.707107 0.707107
vn 0.707107 0.707107 0
vn 0 0.707107 -0.707107
vn -0.707107 0.707107 0
vn 0 -1 0
vn 0 1 0
f 553/1381/323 554/1382/323 558/1383/323 557/1384/323
f 554/1385/324 555/1386/324 559/1387/324 558/1388/324
f 555/1389/325 556/1390/325 560/1391/325 559/1392/325
f 556/1393/326 553/1394/326 557/1395/326 560/1396/326
f 557/1397/327 558/1398/327 562/1399/327 561/1400/327
f 558/1401/328 559/1402/328 563/1403/328 562/1404/328
f 559/1405/329 560/1406/329 564/1407/329 563/1408/329
f 560/1409/330 557/1410/330 561/1411/330 564/1412/330
f 561/1413/331 562/1414/331 566/1415/331 565/1416/331
f 562/1417/332 563/1418/332 567/1419/332 566/1420/332
f 563/1421/333 564/1422/333 568/1423/333 567/1424/333
f 564/1425/334 561/1426/334 565/1427/334 568/1428/334
f 570/1429/335 569/1430/335 572/1431/335
f 572/1432/335 571/1433/335 570/1434/335
f 576/1435/336 573/1436/336 574/1437/336
f 574/1438/336 575/1439/336 576/1440/336
o louvre_f_728
usemtl rtu
v 1.401 0.728 0.03
v 1.795 0.728 0.03
v 1.795 0.728 0.024
v 1.401 0.728 0.024
v 1.4 0.729 0.031
v 1.796 0.729 0.031
v 1.796 0.729 0.023
v 1.4 0.729 0.023
v 1.4 0.745 0.031
v 1.796 0.745 0.031
v 1.796 0.745 0.023
v 1.4 0.745 0.023
v 1.401 0.746 0.03
v 1.795 0.746 0.03
v 1.795 0.746 0.024
v 1.401 0.746 0.024
v 1.401 0.728 0.03
v 1.795 0.728 0.03
v 1.795 0.728 0.024
v 1.401 0.728 0.024
v 1.401 0.746 0.03
v 1.795 0.746 0.03
v 1.795 0.746 0.024
v 1.401 0.746 0.024
vt 0.726436 0.563555
vt 0.772607 0.563555
vt 0.772725 0.563721
vt 0.726318 0.563721
vt 0.415127 0.565674
vt 0.414424 0.565674
vt 0.414307 0.565508
vt 0.415244 0.565508
vt 0.772607 0.573486
vt 0.726436 0.573486
vt 0.726318 0.573321
vt 0.772725 0.573321
vt 0.416865 0.565508
vt 0.417568 0.565508
vt 0.417686 0.565674
vt 0.416748 0.565674
vt 0.001221 0.641924
vt 0.047627 0.641924
vt 0.047627 0.643799
vt 0.001221 0.643799
vt 0.461182 0.623779
vt 0.461182 0.622842
vt 0.463057 0.622842
vt 0.463057 0.623779
vt 0.049561 0.641924
vt 0.095967 0.641924
vt 0.095967 0.643799
vt 0.049561 0.643799
vt 0.466475 0.622842
vt 0.466475 0.623779
vt 0.4646 0.623779
vt 0.4646 0.622842
vt 0.821064 0.573486
vt 0.774658 0.573486
vt 0.774775 0.573321
vt 0.820947 0.573321
vt 0.420127 0.565674
vt 0.419189 0.565674
vt 0.419307 0.565508
vt 0.42001 0.565508
vt 0.822998 0.573321
vt 0.869404 0.573321
vt 0.869287 0.573486
vt 0.823115 0.573486
vt 0.421631 0.565508
vt 0.422568 0.565508
vt 0.422451 0.565674
vt 0.421748 0.565674
vt 0.334502 0.606201
vt 0.28833 0.606201
vt 0.28833 0.605498
vt 0.28833 0.605498
vt 0.334502 0.605498
vt 0.334502 0.606201
vt 0.382354 0.605498
vt 0.382354 0.606201
vt 0.336182 0.606201
vt 0.336182 0.606201
vt 0.336182 0.605498
vt 0.382354 0.605498
vn 0 -0.707107 0.707107
vn 0.707107 -0.707107 0
vn 0 -0.707107 -0.707107
vn -0.707107 -0.707107 0
vn 0 0 1
vn 1 0 0
vn 0 0 -1
vn -1 0 0
vn 0 0.707107 0.707107
vn 0.707107 0.707107 0
vn 0 0.707107 -0.707107
vn -0.707107 0.707107 0
vn 0 -1 0
vn 0 1 0
f 577/1441/337 578/1442/337 582/1443/337 581/1444/337
f 578/1445/338 579/1446/338 583/1447/338 582/1448/338
f 579/1449/339 580/1450/339 584/1451/339 583/1452/339
f 580/1453/340 577/1454/340 581/1455/340 584/1456/340
f 581/1457/341 582/1458/341 586/1459/341 585/1460/341
f 582/1461/342 583/1462/342 587/1463/342 586/1464/342
f 583/1465/343 584/1466/343 588/1467/343 587/1468/343
f 584/1469/344 581/1470/344 585/1471/344 588/1472/344
f 585/1473/345 586/1474/345 590/1475/345 589/1476/345
f 586/1477/346 587/1478/346 591/1479/346 590/1480/346
f 587/1481/347 588/1482/347 592/1483/347 591/1484/347
f 588/1485/348 585/1486/348 589/1487/348 592/1488/348
f 594/1489/349 593/1490/349 596/1491/349
f 596/1492/349 595/1493/349 594/1494/349
f 600/1495/350 597/1496/350 598/1497/350
f 598/1498/350 599/1499/350 600/1500/350
o louvre_b_728
usemtl rtu
v 1.401 0.728 0.976
v 1.795 0.728 0.976
v 1.795 0.728 0.97
v 1.401 0.728 0.97
v 1.4 0.729 0.977
v 1.796 0.729 0.977
v 1.796 0.729 0.969
v 1.4 0.729 0.969
v 1.4 0.745 0.977
v 1.796 0.745 0.977
v 1.796 0.745 0.969
v 1.4 0.745 0.969
v 1.401 0.746 0.976
v 1.795 0.746 0.976
v 1.795 0.746 0.97
v 1.401 0.746 0.97
v 1.401 0.728 0.976
v 1.795 0.728 0.976
v 1.795 0.728 0.97
v 1.401 0.728 0.97
v 1.401 0.746 0.976
v 1.795 0.746 0.976
v 1.795 0.746 0.97
v 1.401 0.746 0.97
vt 0.001338 0.555742
vt 0.04751 0.555742
vt 0.047627 0.555908
vt 0.001221 0.555908
vt 0.424893 0.565674
vt 0.424189 0.565674
vt 0.424072 0.565508
vt 0.42501 0.565508
vt 0.09585 0.555908
vt 0.049678 0.555908
vt 0.049561 0.555742
vt 0.095967 0.555742
vt 0.426631 0.565508
vt 0.427334 0.565508
vt 0.427451 0.565674
vt 0.426514 0.565674
vt 0.0979 0.641924
vt 0.144307 0.641924
vt 0.144307 0.643799
vt 0.0979 0.643799
vt 0.468018 0.623779
vt 0.468018 0.622842
vt 0.469893 0.622842
vt 0.469893 0.623779
vt 0.14624 0.641924
vt 0.192646 0.641924
vt 0.192646 0.643799
vt 0.14624 0.643799
vt 0.473311 0.622842
vt 0.473311 0.623779
vt 0.471436 0.623779
vt 0.471436 0.622842
vt 0.917744 0.573486
vt 0.871338 0.573486
vt 0.871455 0.573321
vt 0.917627 0.573321
vt 0.429893 0.565674
vt 0.428955 0.565674
vt 0.429072 0.565508
vt 0.429775 0.565508
vt 0.919678 0.573321
vt 0.966084 0.573321
vt 0.965967 0.573486
vt 0.919795 0.573486
vt 0.431396 0.565508
vt 0.432334 0.565508
vt 0.432217 0.565674
vt 0.431514 0.565674
vt 0.430205 0.606201
vt 0.384033 0.606201
vt 0.384033 0.605498
vt 0.384033 0.605498
vt 0.430205 0.605498
vt 0.430205 0.606201
vt 0.478057 0.605498
vt 0.478057 0.606201
vt 0.431885 0.606201
vt 0.431885 0.606201
vt 0.431885 0.605498
vt 0.478057 0.605498
vn 0 -0.707107 0.707107
vn 0.707107 -0.707107 0
vn 0 -0.707107 -0.707107
vn -0.707107 -0.707107 0
vn 0 0 1
vn 1 0 0
vn 0 0 -1
vn -1 0 0
vn 0 0.707107 0.707107
vn 0.707107 0.707107 0
vn 0 0.707107 -0.707107
vn -0.707107 0.707107 0
vn 0 -1 0
vn 0 1 0
f 601/1501/351 602/1502/351 606/1503/351 605/1504/351
f 602/1505/352 603/1506/352 607/1507/352 606/1508/352
f 603/1509/353 604/1510/353 608/1511/353 607/1512/353
f 604/1513/354 601/1514/354 605/1515/354 608/1516/354
f 605/1517/355 606/1518/355 610/1519/355 609/1520/355
f 606/1521/356 607/1522/356 611/1523/356 610/1524/356
f 607/1525/357 608/1526/357 612/1527/357 611/1528/357
f 608/1529/358 605/1530/358 609/1531/358 612/1532/358
f 609/1533/359 610/1534/359 614/1535/359 613/1536/359
f 610/1537/360 611/1538/360 615/1539/360 614/1540/360
f 611/1541/361 612/1542/361 616/1543/361 615/1544/361
f 612/1545/362 609/1546/362 613/1547/362 616/1548/362
f 618/1549/363 617/1550/363 620/1551/363
f 620/1552/363 619/1553/363 618/1554/363
f 624/1555/364 621/1556/364 622/1557/364
f 622/1558/364 623/1559/364 624/1560/364
o louvre_e_728
usemtl rtu
v 1.845 0.728 0.91
v 1.851 0.728 0.91
v 1.851 0.728 0.09
v 1.845 0.728 0.09
v 1.844 0.729 0.911
v 1.852 0.729 0.911
v 1.852 0.729 0.089
v 1.844 0.729 0.089
v 1.844 0.745 0.911
v 1.852 0.745 0.911
v 1.852 0.745 0.089
v 1.844 0.745 0.089
v 1.845 0.746 0.91
v 1.851 0.746 0.91
v 1.851 0.746 0.09
v 1.845 0.746 0.09
v 1.845 0.728 0.91
v 1.851 0.728 0.91
v 1.851 0.728 0.09
v 1.845 0.728 0.09
v 1.845 0.746 0.91
v 1.851 0.746 0.91
v 1.851 0.746 0.09
v 1.845 0.746 0.09
vt 0.433955 0.565508
vt 0.434658 0.565508
vt 0.434775 0.565674
vt 0.433838 0.565674
vt 0.391865 0.583252
vt 0.295771 0.583252
vt 0.295654 0.583086
vt 0.391982 0.583086
vt 0.4371 0.565674
vt 0.436396 0.565674
vt 0.436279 0.565508
vt 0.437217 0.565508
vt 0.099482 0.559649
vt 0.195576 0.559649
vt 0.195693 0.559814
vt 0.099365 0.559814
vt 0.474854 0.623779
vt 0.474854 0.622842
vt 0.476729 0.622842
vt 0.476729 0.623779
vt 0.686416 0.660889
vt 0.590088 0.660889
vt 0.590088 0.659014
vt 0.686416 0.659014
vt 0.478271 0.623779
vt 0.478271 0.622842
vt 0.480146 0.622842
vt 0.480146 0.623779
vt 0.688232 0.659014
vt 0.784561 0.659014
vt 0.784561 0.660889
vt 0.688232 0.660889
vt 0.56417 0.553955
vt 0.563232 0.553955
vt 0.56335 0.553789
vt 0.564053 0.553789
vt 0.490127 0.583252
vt 0.393799 0.583252
vt 0.393916 0.583086
vt 0.49001 0.583086
vt 0.513916 0.561602
vt 0.514854 0.561602
vt 0.514736 0.561768
vt 0.514033 0.561768
vt 0.19751 0.551836
vt 0.293838 0.551836
vt 0.293721 0.552002
vt 0.197627 0.552002
vt 0.390283 0.617705
vt 0.390283 0.618408
vt 0.294189 0.618408
vt 0.294189 0.618408
vt 0.294189 0.617705
vt 0.390283 0.617705
vt 0.391846 0.617705
vt 0.487939 0.617705
vt 0.487939 0.618408
vt 0.487939 0.618408
vt 0.391846 0.618408
vt 0.391846 0.617705
vn 0 -0.707107 0.707107
vn 0.707107 -0.707107 0
vn 0 -0.707107 -0.707107
vn -0.707107 -0.707107 0
vn 0 0 1
vn 1 0 0
vn 0 0 -1
vn -1 0 0
vn 0 0.707107 0.707107
vn 0.707107 0.707107 0
vn 0 0.707107 -0.707107
vn -0.707107 0.707107 0
vn 0 -1 0
vn 0 1 0
f 625/1561/365 626/1562/365 630/1563/365 629/1564/365
f 626/1565/366 627/1566/366 631/1567/366 630/1568/366
f 627/1569/367 628/1570/367 632/1571/367 631/1572/367
f 628/1573/368 625/1574/368 629/1575/368 632/1576/368
f 629/1577/369 630/1578/369 634/1579/369 633/1580/369
f 630/1581/370 631/1582/370 635/1583/370 634/1584/370
f 631/1585/371 632/1586/371 636/1587/371 635/1588/371
f 632/1589/372 629/1590/372 633/1591/372 636/1592/372
f 633/1593/373 634/1594/373 638/1595/373 637/1596/373
f 634/1597/374 635/1598/374 639/1599/374 638/1600/374
f 635/1601/375 636/1602/375 640/1603/375 639/1604/375
f 636/1605/376 633/1606/376 637/1607/376 640/1608/376
f 642/1609/377 641/1610/377 644/1611/377
f 644/1612/377 643/1613/377 642/1614/377
f 648/1615/378 645/1616/378 646/1617/378
f 646/1618/378 647/1619/378 648/1620/378
o louvre_f_762
usemtl rtu
v 1.401 0.762 0.03
v 1.795 0.762 0.03
v 1.795 0.762 0.024
v 1.401 0.762 0.024
v 1.4 0.763 0.031
v 1.796 0.763 0.031
v 1.796 0.763 0.023
v 1.4 0.763 0.023
v 1.4 0.779 0.031
v 1.796 0.779 0.031
v 1.796 0.779 0.023
v 1.4 0.779 0.023
v 1.401 0.78 0.03
v 1.795 0.78 0.03
v 1.795 0.78 0.024
v 1.401 0.78 0.024
v 1.401 0.762 0.03
v 1.795 0.762 0.03
v 1.795 0.762 0.024
v 1.401 0.762 0.024
v 1.401 0.78 0.03
v 1.795 0.78 0.03
v 1.795 0.78 0.024
v 1.401 0.78 0.024
vt 0.001338 0.571367
vt 0.04751 0.571367
vt 0.047627 0.571533
vt 0.001221 0.571533
vt 0.439541 0.565674
vt 0.438838 0.565674
vt 0.438721 0.565508
vt 0.439658 0.565508
vt 0.144189 0.555908
vt 0.098018 0.555908
vt 0.0979 0.555742
vt 0.144307 0.555742
vt 0.441279 0.565508
vt 0.441982 0.565508
vt 0.4421 0.565674
vt 0.441162 0.565674
vt 0.19458 0.641924
vt 0.240986 0.641924
vt 0.240986 0.643799
vt 0.19458 0.643799
vt 0.481689 0.623779
vt 0.481689 0.622842
vt 0.483564 0.622842
vt 0.483564 0.623779
vt 0.24292 0.641924
vt 0.289326 0.641924
vt 0.289326 0.643799
vt 0.24292 0.643799
vt 0.486982 0.622842
vt 0.486982 0.623779
vt 0.485107 0.623779
vt 0.485107 0.622842
vt 0.192646 0.555908
vt 0.14624 0.555908
vt 0.146357 0.555742
vt 0.192529 0.555742
vt 0.566611 0.553955
vt 0.565674 0.553955
vt 0.565791 0.553789
vt 0.566494 0.553789
vt 0.19458 0.555742
vt 0.240986 0.555742
vt 0.240869 0.555908
vt 0.194697 0.555908
vt 0.443604 0.565508
vt 0.444541 0.565508
vt 0.444424 0.565674
vt 0.443721 0.565674
vt 0.525908 0.606201
vt 0.479736 0.606201
vt 0.479736 0.605498
vt 0.479736 0.605498
vt 0.525908 0.605498
vt 0.525908 0.606201
vt 0.57376 0.605498
vt 0.57376 0.606201
vt 0.527588 0.606201
vt 0.527588 0.606201
vt 0.527588 0.605498
vt 0.57376 0.605498
vn 0 -0.707107 0.707107
vn 0.707107 -0.707107 0
vn 0 -0.707107 -0.707107
vn -0.707107 -0.707107 0
vn 0 0 1
vn 1 0 0
vn 0 0 -1
vn -1 0 0
vn 0 0.707107 0.707107
vn 0.707107 0.707107 0
vn 0 0.707107 -0.707107
vn -0.707107 0.707107 0
vn 0 -1 0
vn 0 1 0
f 649/1621/379 650/1622/379 654/1623/379 653/1624/379
f 650/1625/380 651/1626/380 655/1627/380 654/1628/380
f 651/1629/381 652/1630/381 656/1631/381 655/1632/381
f 652/1633/382 649/1634/382 653/1635/382 656/1636/382
f 653/1637/383 654/1638/383 658/1639/383 657/1640/383
f 654/1641/384 655/1642/384 659/1643/384 658/1644/384
f 655/1645/385 656/1646/385 660/1647/385 659/1648/385
f 656/1649/386 653/1650/386 657/1651/386 660/1652/386
f 657/1653/387 658/1654/387 662/1655/387 661/1656/387
f 658/1657/388 659/1658/388 663/1659/388 662/1660/388
f 659/1661/389 660/1662/389 664/1663/389 663/1664/389
f 660/1665/390 657/1666/390 661/1667/390 664/1668/390
f 666/1669/391 665/1670/391 668/1671/391
f 668/1672/391 667/1673/391 666/1674/391
f 672/1675/392 669/1676/392 670/1677/392
f 670/1678/392 671/1679/392 672/1680/392
o louvre_b_762
usemtl rtu
v 1.401 0.762 0.976
v 1.795 0.762 0.976
v 1.795 0.762 0.97
v 1.401 0.762 0.97
v 1.4 0.763 0.977
v 1.796 0.763 0.977
v 1.796 0.763 0.969
v 1.4 0.763 0.969
v 1.4 0.779 0.977
v 1.796 0.779 0.977
v 1.796 0.779 0.969
v 1.4 0.779 0.969
v 1.401 0.78 0.976
v 1.795 0.78 0.976
v 1.795 0.78 0.97
v 1.401 0.78 0.97
v 1.401 0.762 0.976
v 1.795 0.762 0.976
v 1.795 0.762 0.97
v 1.401 0.762 0.97
v 1.401 0.78 0.976
v 1.795 0.78 0.976
v 1.795 0.78 0.97
v 1.401 0.78 0.97
vt 0.049678 0.571367
vt 0.09585 0.571367
vt 0.095967 0.571533
vt 0.049561 0.571533
vt 0.446865 0.565674
vt 0.446162 0.565674
vt 0.446045 0.565508
vt 0.446982 0.565508
vt 0.289209 0.555908
vt 0.243037 0.555908
vt 0.24292 0.555742
vt 0.289326 0.555742
vt 0.448604 0.565508
vt 0.449307 0.565508
vt 0.449424 0.565674
vt 0.448486 0.565674
vt 0.29126 0.641924
vt 0.337666 0.641924
vt 0.337666 0.643799
vt 0.29126 0.643799
vt 0.488525 0.623779
vt 0.488525 0.622842
vt 0.4904 0.622842
vt 0.4904 0.623779
vt 0.3396 0.641924
vt 0.386006 0.641924
vt 0.386006 0.643799
vt 0.3396 0.643799
vt 0.493818 0.622842
vt 0.493818 0.623779
vt 0.491943 0.623779
vt 0.491943 0.622842
vt 0.821064 0.563721
vt 0.774658 0.563721
vt 0.774775 0.563555
vt 0.820947 0.563555
vt 0.569053 0.553955
vt 0.568115 0.553955
vt 0.568232 0.553789
vt 0.568936 0.553789
vt 0.29126 0.555742
vt 0.337666 0.555742
vt 0.337549 0.555908
vt 0.291377 0.555908
vt 0.450928 0.565508
vt 0.451865 0.565508
vt 0.451748 0.565674
vt 0.451045 0.565674
vt 0.621611 0.606201
vt 0.575439 0.606201
vt 0.575439 0.605498
vt 0.575439 0.605498
vt 0.621611 0.605498
vt 0.621611 0.606201
vt 0.669463 0.605498
vt 0.669463 0.606201
vt 0.623291 0.606201
vt 0.623291 0.606201
vt 0.623291 0.605498
vt 0.669463 0.605498
vn 0 -0.707107 0.707107
vn 0.707107 -0.707107 0
vn 0 -0.707107 -0.707107
vn -0.707107 -0.707107 0
vn 0 0 1
vn 1 0 0
vn 0 0 -1
vn -1 0 0
vn 0 0.707107 0.707107
vn 0.707107 0.707107 0
vn 0 0.707107 -0.707107
vn -0.707107 0.707107 0
vn 0 -1 0
vn 0 1 0
f 673/1681/393 674/1682/393 678/1683/393 677/1684/393
f 674/1685/394 675/1686/394 679/1687/394 678/1688/394
f 675/1689/395 676/1690/395 680/1691/395 679/1692/395
f 676/1693/396 673/1694/396 677/1695/396 680/1696/396
f 677/1697/397 678/1698/397 682/1699/397 681/1700/397
f 678/1701/398 679/1702/398 683/1703/398 682/1704/398
f 679/1705/399 680/1706/399 684/1707/399 683/1708/399
f 680/1709/400 677/1710/400 681/1711/400 684/1712/400
f 681/1713/401 682/1714/401 686/1715/401 685/1716/401
f 682/1717/402 683/1718/402 687/1719/402 686/1720/402
f 683/1721/403 684/1722/403 688/1723/403 687/1724/403
f 684/1725/404 681/1726/404 685/1727/404 688/1728/404
f 690/1729/405 689/1730/405 692/1731/405
f 692/1732/405 691/1733/405 690/1734/405
f 696/1735/406 693/1736/406 694/1737/406
f 694/1738/406 695/1739/406 696/1740/406
o louvre_e_762
usemtl rtu
v 1.845 0.762 0.91
v 1.851 0.762 0.91
v 1.851 0.762 0.09
v 1.845 0.762 0.09
v 1.844 0.763 0.911
v 1.852 0.763 0.911
v 1.852 0.763 0.089
v 1.844 0.763 0.089
v 1.844 0.779 0.911
v 1.852 0.779 0.911
v 1.852 0.779 0.089
v 1.844 0.779 0.089
v 1.845 0.78 0.91
v 1.851 0.78 0.91
v 1.851 0.78 0.09
v 1.845 0.78 0.09
v 1.845 0.762 0.91
v 1.851 0.762 0.91
v 1.851 0.762 0.09
v 1.845 0.762 0.09
v 1.845 0.78 0.91
v 1.851 0.78 0.91
v 1.851 0.78 0.09
v 1.845 0.78 0.09
vt 0.453486 0.565508
vt 0.454189 0.565508
vt 0.454307 0.565674
vt 0.453369 0.565674
vt 0.588154 0.583252
vt 0.492061 0.583252
vt 0.491943 0.583086
vt 0.588271 0.583086
vt 0.456631 0.565674
vt 0.455928 0.565674
vt 0.455811 0.565508
vt 0.456748 0.565508
vt 0.197627 0.559649
vt 0.293721 0.559649
vt 0.293838 0.559814
vt 0.19751 0.559814
vt 0.495361 0.623779
vt 0.495361 0.622842
vt 0.497236 0.622842
vt 0.497236 0.623779
vt 0.882705 0.660889
vt 0.786377 0.660889
vt 0.786377 0.659014
vt 0.882705 0.659014
vt 0.498779 0.623779
vt 0.498779 0.622842
vt 0.500654 0.622842
vt 0.500654 0.623779
vt 0.884521 0.659014
vt 0.98085 0.659014
vt 0.98085 0.660889
vt 0.884521 0.660889
vt 0.517295 0.561768
vt 0.516357 0.561768
vt 0.516475 0.561602
vt 0.517178 0.561602
vt 0.606338 0.589111
vt 0.51001 0.589111
vt 0.510127 0.588946
vt 0.606221 0.588946
vt 0.458252 0.565508
vt 0.459189 0.565508
vt 0.459072 0.565674
vt 0.458369 0.565674
vt 0.295654 0.551836
vt 0.391982 0.551836
vt 0.391865 0.552002
vt 0.295771 0.552002
vt 0.585596 0.617705
vt 0.585596 0.618408
vt 0.489502 0.618408
vt 0.489502 0.618408
vt 0.489502 0.617705
vt 0.585596 0.617705
vt 0.587158 0.617705
vt 0.683252 0.617705
vt 0.683252 0.618408
vt 0.683252 0.618408
vt 0.587158 0.618408
vt 0.587158 0.617705
vn 0 -0.707107 0.707107
vn 0.707107 -0.707107 0
vn 0 -0.707107 -0.707107
vn -0.707107 -0.707107 0
vn 0 0 1
vn 1 0 0
vn 0 0 -1
vn -1 0 0
vn 0 0.707107 0.707107
vn 0.707107 0.707107 0
vn 0 0.707107 -0.707107
vn -0.707107 0.707107 0
vn 0 -1 0
vn 0 1 0
f 697/1741/407 698/1742/407 702/1743/407 701/1744/407
f 698/1745/408 699/1746/408 703/1747/408 702/1748/408
f 699/1749/409 700/1750/409 704/1751/409 703/1752/409
f 700/1753/410 697/1754/410 701/1755/410 704/1756/410
f 701/1757/411 702/1758/411 706/1759/411 705/1760/411
f 702/1761/412 703/1762/412 707/1763/412 706/1764/412
f 703/1765/413 704/1766/413 708/1767/413 707/1768/413
f 704/1769/414 701/1770/414 705/1771/414 708/1772/414
f 705/1773/415 706/1774/415 710/1775/415 709/1776/415
f 706/1777/416 707/1778/416 711/1779/416 710/1780/416
f 707/1781/417 708/1782/417 712/1783/417 711/1784/417
f 708/1785/418 705/1786/418 709/1787/418 712/1788/418
f 714/1789/419 713/1790/419 716/1791/419
f 716/1792/419 715/1793/419 714/1794/419
f 720/1795/420 717/1796/420 718/1797/420
f 718/1798/420 719/1799/420 720/1800/420
o louvre_f_796
usemtl rtu
v 1.401 0.796 0.03
v 1.795 0.796 0.03
v 1.795 0.796 0.024
v 1.401 0.796 0.024
v 1.4 0.797 0.031
v 1.796 0.797 0.031
v 1.796 0.797 0.023
v 1.4 0.797 0.023
v 1.4 0.813 0.031
v 1.796 0.813 0.031
v 1.796 0.813 0.023
v 1.4 0.813 0.023
v 1.401 0.814 0.03
v 1.795 0.814 0.03
v 1.795 0.814 0.024
v 1.401 0.814 0.024
v 1.401 0.796 0.03
v 1.795 0.796 0.03
v 1.795 0.796 0.024
v 1.401 0.796 0.024
v 1.401 0.814 0.03
v 1.795 0.814 0.03
v 1.795 0.814 0.024
v 1.401 0.814 0.024
vt 0.339717 0.555742
vt 0.385889 0.555742
vt 0.386006 0.555908
vt 0.3396 0.555908
vt 0.461514 0.565674
vt 0.460811 0.565674
vt 0.460693 0.565508
vt 0.461631 0.565508
vt 0.144189 0.571533
vt 0.098018 0.571533
vt 0.0979 0.571367
vt 0.144307 0.571367
vt 0.463252 0.565508
vt 0.463955 0.565508
vt 0.464072 0.565674
vt 0.463135 0.565674
vt 0.387939 0.641924
vt 0.434346 0.641924
vt 0.434346 0.643799
vt 0.387939 0.643799
vt 0.502197 0.623779
vt 0.502197 0.622842
vt 0.504072 0.622842
vt 0.504072 0.623779
vt 0.436279 0.641924
vt 0.482686 0.641924
vt 0.482686 0.643799
vt 0.436279 0.643799
vt 0.50749 0.622842
vt 0.50749 0.623779
vt 0.505615 0.623779
vt 0.505615 0.622842
vt 0.192646 0.571533
vt 0.14624 0.571533
vt 0.146357 0.571367
vt 0.192529 0.571367
vt 0.466514 0.565674
vt 0.465576 0.565674
vt 0.465693 0.565508
vt 0.466396 0.565508
vt 0.822998 0.563555
vt 0.869404 0.563555
vt 0.869287 0.563721
vt 0.823115 0.563721
vt 0.468018 0.565508
vt 0.468955 0.565508
vt 0.468838 0.565674
vt 0.468135 0.565674
vt 0.717314 0.606201
vt 0.671143 0.606201
vt 0.671143 0.605498
vt 0.671143 0.605498
vt 0.717314 0.605498
vt 0.717314 0.606201
vt 0.765166 0.605498
vt 0.765166 0.606201
vt 0.718994 0.606201
vt 0.718994 0.606201
vt 0.718994 0.605498
vt 0.765166 0.605498
vn 0 -0.707107 0.707107
vn 0.707107 -0.707107 0
vn 0 -0.707107 -0.707107
vn -0.707107 -0.707107 0
vn 0 0 1
vn 1 0 0
vn 0 0 -1
vn -1 0 0
vn 0 0.707107 0.707107
vn 0.707107 0.707107 0
vn 0 0.707107 -0.707107
vn -0.707107 0.707107 0
vn 0 -1 0
vn 0 1 0
f 721/1801/421 722/1802/421 726/1803/421 725/1804/421
f 722/1805/422 723/1806/422 727/1807/422 726/1808/422
f 723/1809/423 724/1810/423 728/1811/423 727/1812/423
f 724/1813/424 721/1814/424 725/1815/424 728/1816/424
f 725/1817/425 726/1818/425 730/1819/425 729/1820/425
f 726/1821/426 727/1822/426 731/1823/426 730/1824/426
f 727/1825/427 728/1826/427 732/1827/427 731/1828/427
f 728/1829/428 725/1830/428 729/1831/428 732/1832/428
f 729/1833/429 730/1834/429 734/1835/429 733/1836/429
f 730/1837/430 731/1838/430 735/1839/430 734/1840/430
f 731/1841/431 732/1842/431 736/1843/431 735/1844/431
f 732/1845/432 729/1846/432 733/1847/432 736/1848/432
f 738/1849/433 737/1850/433 740/1851/433
f 740/1852/433 739/1853/433 738/1854/433
f 744/1855/434 741/1856/434 742/1857/434
f 742/1858/434 743/1859/434 744/1860/434
o louvre_b_796
usemtl rtu
v 1.401 0.796 0.976
v 1.795 0.796 0.976
v 1.795 0.796 0.97
v 1.401 0.796 0.97
v 1.4 0.797 0.977
v 1.796 0.797 0.977
v 1.796 0.797 0.969
v 1.4 0.797 0.969
v 1.4 0.813 0.977
v 1.796 0.813 0.977
v 1.796 0.813 0.969
v 1.4 0.813 0.969
v 1.401 0.814 0.976
v 1.795 0.814 0.976
v 1.795 0.814 0.97
v 1.401 0.814 0.97
v 1.401 0.796 0.976
v 1.795 0.796 0.976
v 1.795 0.796 0.97
v 1.401 0.796 0.97
v 1.401 0.814 0.976
v 1.795 0.814 0.976
v 1.795 0.814 0.97
v 1.401 0.814 0.97
vt 0.194697 0.571367
vt 0.240869 0.571367
vt 0.240986 0.571533
vt 0.19458 0.571533
vt 0.471279 0.565674
vt 0.470576 0.565674
vt 0.470459 0.565508
vt 0.471396 0.565508
vt 0.434229 0.555908
vt 0.388057 0.555908
vt 0.387939 0.555742
vt 0.434346 0.555742
vt 0.473018 0.565508
vt 0.473721 0.565508
vt 0.473838 0.565674
vt 0.4729 0.565674
vt 0.484619 0.641924
vt 0.531025 0.641924
vt 0.531025 0.643799
vt 0.484619 0.643799
vt 0.509033 0.623779
vt 0.509033 0.622842
vt 0.510908 0.622842
vt 0.510908 0.623779
vt 0.532959 0.641924
vt 0.579365 0.641924
vt 0.579365 0.643799
vt 0.532959 0.643799
vt 0.514326 0.622842
vt 0.514326 0.623779
vt 0.512451 0.623779
vt 0.512451 0.622842
vt 0.917744 0.563721
vt 0.871338 0.563721
vt 0.871455 0.563555
vt 0.917627 0.563555
vt 0.476279 0.565674
vt 0.475342 0.565674
vt 0.475459 0.565508
vt 0.476162 0.565508
vt 0.436279 0.555742
vt 0.482686 0.555742
vt 0.482568 0.555908
vt 0.436396 0.555908
vt 0.477783 0.565508
vt 0.478721 0.565508
vt 0.478604 0.565674
vt 0.4779 0.565674
vt 0.813018 0.606201
vt 0.766846 0.606201
vt 0.766846 0.605498
vt 0.766846 0.605498
vt 0.813018 0.605498
vt 0.813018 0.606201
vt 0.860869 0.605498
vt 0.860869 0.606201
vt 0.814697 0.606201
vt 0.814697 0.606201
vt 0.814697 0.605498
vt 0.860869 0.605498
vn 0 -0.707107 0.707107
vn 0.707107 -0.707107 0
vn 0 -0.707107 -0.707107
vn -0.707107 -0.707107 0
vn 0 0 1
vn 1 0 0
vn 0 0 -1
vn -1 0 0
vn 0 0.707107 0.707107
vn 0.707107 0.707107 0
vn 0 0.707107 -0.707107
vn -0.707107 0.707107 0
vn 0 -1 0
vn 0 1 0
f 745/1861/435 746/1862/435 750/1863/435 749/1864/435
f 746/1865/436 747/1866/436 751/1867/436 750/1868/436
f 747/1869/437 748/1870/437 752/1871/437 751/1872/437
f 748/1873/438 745/1874/438 749/1875/438 752/1876/438
f 749/1877/439 750/1878/439 754/1879/439 753/1880/439
f 750/1881/440 751/1882/440 755/1883/440 754/1884/440
f 751/1885/441 752/1886/441 756/1887/441 755/1888/441
f 752/1889/442 749/1890/442 753/1891/442 756/1892/442
f 753/1893/443 754/1894/443 758/1895/443 757/1896/443
f 754/1897/444 755/1898/444 759/1899/444 758/1900/444
f 755/1901/445 756/1902/445 760/1903/445 759/1904/445
f 756/1905/446 753/1906/446 757/1907/446 760/1908/446
f 762/1909/447 761/1910/447 764/1911/447
f 764/1912/447 763/1913/447 762/1914/447
f 768/1915/448 765/1916/448 766/1917/448
f 766/1918/448 767/1919/448 768/1920/448
o louvre_e_796
usemtl rtu
v 1.845 0.796 0.91
v 1.851 0.796 0.91
v 1.851 0.796 0.09
v 1.845 0.796 0.09
v 1.844 0.797 0.911
v 1.852 0.797 0.911
v 1.852 0.797 0.089
v 1.844 0.797 0.089
v 1.844 0.813 0.911
v 1.852 0.813 0.911
v 1.852 0.813 0.089
v 1.844 0.813 0.089
v 1.845 0.814 0.91
v 1.851 0.814 0.91
v 1.851 0.814 0.09
v 1.845 0.814 0.09
v 1.845 0.796 0.91
v 1.851 0.796 0.91
v 1.851 0.796 0.09
v 1.845 0.796 0.09
v 1.845 0.814 0.91
v 1.851 0.814 0.91
v 1.851 0.814 0.09
v 1.845 0.814 0.09
vt 0.480342 0.565508
vt 0.481045 0.565508
vt 0.481162 0.565674
vt 0.480225 0.565674
vt 0.686299 0.583252
vt 0.590205 0.583252
vt 0.590088 0.583086
vt 0.686416 0.583086
vt 0.571377 0.553955
vt 0.570674 0.553955
vt 0.570557 0.553789
vt 0.571494 0.553789
vt 0.68835 0.583086
vt 0.784443 0.583086
vt 0.784561 0.583252
vt 0.688232 0.583252
vt 0.515869 0.623779
vt 0.515869 0.622842
vt 0.517744 0.622842
vt 0.517744 0.623779
vt 0.097549 0.657471
vt 0.001221 0.657471
vt 0.001221 0.655596
vt 0.097549 0.655596
vt 0.519287 0.623779
vt 0.519287 0.622842
vt 0.521162 0.622842
vt 0.521162 0.623779
vt 0.099365 0.655596
vt 0.195693 0.655596
vt 0.195693 0.657471
vt 0.099365 0.657471
vt 0.483604 0.565674
vt 0.482666 0.565674
vt 0.482783 0.565508
vt 0.483486 0.565508
vt 0.882705 0.583252
vt 0.786377 0.583252
vt 0.786494 0.583086
vt 0.882588 0.583086
vt 0.572998 0.553789
vt 0.573936 0.553789
vt 0.573818 0.553955
vt 0.573115 0.553955
vt 0.884521 0.583086
vt 0.98085 0.583086
vt 0.980732 0.583252
vt 0.884639 0.583252
vt 0.780908 0.617705
vt 0.780908 0.618408
vt 0.684814 0.618408
vt 0.684814 0.618408
vt 0.684814 0.617705
vt 0.780908 0.617705
vt 0.782471 0.617705
vt 0.878564 0.617705
vt 0.878564 0.618408
vt 0.878564 0.618408
vt 0.782471 0.618408
vt 0.782471 0.617705
vn 0 -0.707107 0.707107
vn 0.707107 -0.707107 0
vn 0 -0.707107 -0.707107
vn -0.707107 -0.707107 0
vn 0 0 1
vn 1 0 0
vn 0 0 -1
vn -1 0 0
vn 0 0.707107 0.707107
vn 0.707107 0.707107 0
vn 0 0.707107 -0.707107
vn -0.707107 0.707107 0
vn 0 -1 0
vn 0 1 0
f 769/1921/449 770/1922/449 774/1923/449 773/1924/449
f 770/1925/450 771/1926/450 775/1927/450 774/1928/450
f 771/1929/451 772/1930/451 776/1931/451 775/1932/451
f 772/1933/452 769/1934/452 773/1935/452 776/1936/452
f 773/1937/453 774/1938/453 778/1939/453 777/1940/453
f 774/1941/454 775/1942/454 779/1943/454 778/1944/454
f 775/1945/455 776/1946/455 780/1947/455 779/1948/455
f 776/1949/456 773/1950/456 777/1951/456 780/1952/456
f 777/1953/457 778/1954/457 782/1955/457 781/1956/457
f 778/1957/458 779/1958/458 783/1959/458 782/1960/458
f 779/1961/459 780/1962/459 784/1963/459 783/1964/459
f 780/1965/460 777/1966/460 781/1967/460 784/1968/460
f 786/1969/461 785/1970/461 788/1971/461
f 788/1972/461 787/1973/461 786/1974/461
f 792/1975/462 789/1976/462 790/1977/462
f 790/1978/462 791/1979/462 792/1980/462
o louvre_f_830
usemtl rtu
v 1.401 0.83 0.03
v 1.795 0.83 0.03
v 1.795 0.83 0.024
v 1.401 0.83 0.024
v 1.4 0.831 0.031
v 1.796 0.831 0.031
v 1.796 0.831 0.023
v 1.4 0.831 0.023
v 1.4 0.847 0.031
v 1.796 0.847 0.031
v 1.796 0.847 0.023
v 1.4 0.847 0.023
v 1.401 0.848 0.03
v 1.795 0.848 0.03
v 1.795 0.848 0.024
v 1.401 0.848 0.024
v 1.401 0.83 0.03
v 1.795 0.83 0.03
v 1.795 0.83 0.024
v 1.401 0.83 0.024
v 1.401 0.848 0.03
v 1.795 0.848 0.03
v 1.795 0.848 0.024
v 1.401 0.848 0.024
vt 0.484736 0.555742
vt 0.530908 0.555742
vt 0.531025 0.555908
vt 0.484619 0.555908
vt 0.485928 0.565674
vt 0.485225 0.565674
vt 0.485107 0.565508
vt 0.486045 0.565508
vt 0.289209 0.571533
vt 0.243037 0.571533
vt 0.24292 0.571367
vt 0.289326 0.571367
vt 0.575557 0.553789
vt 0.57626 0.553789
vt 0.576377 0.553955
vt 0.575439 0.553955
vt 0.780518 0.63167
vt 0.826924 0.63167
vt 0.826924 0.633545
vt 0.780518 0.633545
vt 0.809814 0.623779
vt 0.809814 0.622842
vt 0.811689 0.622842
vt 0.811689 0.623779
vt 0.828857 0.63167
vt 0.875264 0.63167
vt 0.875264 0.633545
vt 0.828857 0.633545
vt 0.815107 0.622842
vt 0.815107 0.623779
vt 0.813232 0.623779
vt 0.813232 0.622842
vt 0.579365 0.555908
vt 0.532959 0.555908
vt 0.533076 0.555742
vt 0.579248 0.555742
vt 0.578818 0.553955
vt 0.577881 0.553955
vt 0.577998 0.553789
vt 0.578701 0.553789
vt 0.919678 0.563555
vt 0.966084 0.563555
vt 0.965967 0.563721
vt 0.919795 0.563721
vt 0.487549 0.565508
vt 0.488486 0.565508
vt 0.488369 0.565674
vt 0.487666 0.565674
vt 0.908721 0.606201
vt 0.862549 0.606201
vt 0.862549 0.605498
vt 0.862549 0.605498
vt 0.908721 0.605498
vt 0.908721 0.606201
vt 0.956572 0.605498
vt 0.956572 0.606201
vt 0.9104 0.606201
vt 0.9104 0.606201
vt 0.9104 0.605498
vt 0.956572 0.605498
vn 0 -0.707107 0.707107
vn 0.707107 -0.707107 0
vn 0 -0.707107 -0.707107
vn -0.707107 -0.707107 0
vn 0 0 1
vn 1 0 0
vn 0 0 -1
vn -1 0 0
vn 0 0.707107 0.707107
vn 0.707107 0.707107 0
vn 0 0.707107 -0.707107
vn -0.707107 0.707107 0
vn 0 -1 0
vn 0 1 0
f 793/1981/463 794/1982/463 798/1983/463 797/1984/463
f 794/1985/464 795/1986/464 799/1987/464 798/1988/464
f 795/1989/465 796/1990/465 800/1991/465 799/1992/465
f 796/1993/466 793/1994/466 797/1995/466 800/1996/466
f 797/1997/467 798/1998/467 802/1999/467 801/2000/467
f 798/2001/468 799/2002/468 803/2003/468 802/2004/468
f 799/2005/469 800/2006/469 804/2007/469 803/2008/469
f 800/2009/470 797/2010/470 801/2011/470 804/2012/470
f 801/2013/471 802/2014/471 806/2015/471 805/2016/471
f 802/2017/472 803/2018/472 807/2019/472 806/2020/472
f 803/2021/473 804/2022/473 808/2023/473 807/2024/473
f 804/2025/474 801/2026/474 805/2027/474 808/2028/474
f 810/2029/475 809/2030/475 812/2031/475
f 812/2032/475 811/2033/475 810/2034/475
f 816/2035/476 813/2036/476 814/2037/476
f 814/2038/476 815/2039/476 816/2040/476
o louvre_b_830
usemtl rtu
v 1.401 0.83 0.976
v 1.795 0.83 0.976
v 1.795 0.83 0.97
v 1.401 0.83 0.97
v 1.4 0.831 0.977
v 1.796 0.831 0.977
v 1.796 0.831 0.969
v 1.4 0.831 0.969
v 1.4 0.847 0.977
v 1.796 0.847 0.977
v 1.796 0.847 0.969
v 1.4 0.847 0.969
v 1.401 0.848 0.976
v 1.795 0.848 0.976
v 1.795 0.848 0.97
v 1.401 0.848 0.97
v 1.401 0.83 0.976
v 1.795 0.83 0.976
v 1.795 0.83 0.97
v 1.401 0.83 0.97
v 1.401 0.848 0.976
v 1.795 0.848 0.976
v 1.795 0.848 0.97
v 1.401 0.848 0.97
vt 0.245967 0.549883
vt 0.292139 0.549883
vt 0.292256 0.550049
vt 0.24585 0.550049
vt 0.490811 0.565674
vt 0.490107 0.565674
vt 0.48999 0.565508
vt 0.490928 0.565508
vt 0.337549 0.571533
vt 0.291377 0.571533
vt 0.29126 0.571367
vt 0.337666 0.571367
vt 0.580439 0.553789
vt 0.581143 0.553789
vt 0.58126 0.553955
vt 0.580322 0.553955
vt 0.877197 0.63167
vt 0.923604 0.63167
vt 0.923604 0.633545
vt 0.877197 0.633545
vt 0.81665 0.623779
vt 0.81665 0.622842
vt 0.818525 0.622842
vt 0.818525 0.623779
vt 0.925537 0.63167
vt 0.971943 0.63167
vt 0.971943 0.633545
vt 0.925537 0.633545
vt 0.821943 0.622842
vt 0.821943 0.623779
vt 0.820068 0.623779
vt 0.820068 0.622842
vt 0.047627 0.561768
vt 0.001221 0.561768
vt 0.001338 0.561602
vt 0.04751 0.561602
vt 0.583701 0.553955
vt 0.582764 0.553955
vt 0.582881 0.553789
vt 0.583584 0.553789
vt 0.3396 0.571367
vt 0.386006 0.571367
vt 0.385889 0.571533
vt 0.339717 0.571533
vt 0.492432 0.565508
vt 0.493369 0.565508
vt 0.493252 0.565674
vt 0.492549 0.565674
vt 0.047393 0.60376
vt 0.001221 0.60376
vt 0.001221 0.603057
vt 0.001221 0.603057
vt 0.047393 0.603057
vt 0.047393 0.60376
vt 0.095244 0.603057
vt 0.095244 0.60376
vt 0.049072 0.60376
vt 0.049072 0.60376
vt 0.049072 0.603057
vt 0.095244 0.603057
vn 0 -0.707107 0.707107
vn 0.707107 -0.707107 0
vn 0 -0.707107 -0.707107
vn -0.707107 -0.707107 0
vn 0 0 1
vn 1 0 0
vn 0 0 -1
vn -1 0 0
vn 0 0.707107 0.707107
vn 0.707107 0.707107 0
vn 0 0.707107 -0.707107
vn -0.707107 0.707107 0
vn 0 -1 0
vn 0 1 0
f 817/2041/477 818/2042/477 822/2043/477 821/2044/477
f 818/2045/478 819/2046/478 823/2047/478 822/2048/478
f 819/2049/479 820/2050/479 824/2051/479 823/2052/479
f 820/2053/480 817/2054/480 821/2055/480 824/2056/480
f 821/2057/481 822/2058/481 826/2059/481 825/2060/481
f 822/2061/482 823/2062/482 827/2063/482 826/2064/482
f 823/2065/483 824/2066/483 828/2067/483 827/2068/483
f 824/2069/484 821/2070/484 825/2071/484 828/2072/484
f 825/2073/485 826/2074/485 830/2075/485 829/2076/485
f 826/2077/486 827/2078/486 831/2079/486 830/2080/486
f 827/2081/487 828/2082/487 832/2083/487 831/2084/487
f 828/2085/488 825/2086/488 829/2087/488 832/2088/488
f 834/2089/489 833/2090/489 836/2091/489
f 836/2092/489 835/2093/489 834/2094/489
f 840/2095/490 837/2096/490 838/2097/490
f 838/2098/490 839/2099/490 840/2100/490
o louvre_e_830
usemtl rtu
v 1.845 0.83 0.91
v 1.851 0.83 0.91
v 1.851 0.83 0.09
v 1.845 0.83 0.09
v 1.844 0.831 0.911
v 1.852 0.831 0.911
v 1.852 0.831 0.089
v 1.844 0.831 0.089
v 1.844 0.847 0.911
v 1.852 0.847 0.911
v 1.852 0.847 0.089
v 1.844 0.847 0.089
v 1.845 0.848 0.91
v 1.851 0.848 0.91
v 1.851 0.848 0.09
v 1.845 0.848 0.09
v 1.845 0.83 0.91
v 1.851 0.83 0.91
v 1.851 0.83 0.09
v 1.845 0.83 0.09
v 1.845 0.848 0.91
v 1.851 0.848 0.91
v 1.851 0.848 0.09
v 1.845 0.848 0.09
vt 0.099482 0.586992
vt 0.100186 0.586992
vt 0.100303 0.587158
vt 0.099365 0.587158
vt 0.195576 0.589111
vt 0.099482 0.589111
vt 0.099365 0.588946
vt 0.195693 0.588946
vt 0.586025 0.553955
vt 0.585322 0.553955
vt 0.585205 0.553789
vt 0.586143 0.553789
vt 0.295771 0.559649
vt 0.391865 0.559649
vt 0.391982 0.559814
vt 0.295654 0.559814
vt 0.823486 0.623779
vt 0.823486 0.622842
vt 0.825361 0.622842
vt 0.825361 0.623779
vt 0.487197 0.633545
vt 0.390869 0.633545
vt 0.390869 0.63167
vt 0.487197 0.63167
vt 0.826904 0.623779
vt 0.826904 0.622842
vt 0.828779 0.622842
vt 0.828779 0.623779
vt 0.489014 0.63167
vt 0.585342 0.63167
vt 0.585342 0.633545
vt 0.489014 0.633545
vt 0.495811 0.565674
vt 0.494873 0.565674
vt 0.49499 0.565508
vt 0.495693 0.565508
vt 0.097549 0.581299
vt 0.001221 0.581299
vt 0.001338 0.581133
vt 0.097432 0.581133
vt 0.497314 0.565508
vt 0.498252 0.565508
vt 0.498135 0.565674
vt 0.497432 0.565674
vt 0.393799 0.551836
vt 0.490127 0.551836
vt 0.49001 0.552002
vt 0.393916 0.552002
vt 0.976221 0.617705
vt 0.976221 0.618408
vt 0.880127 0.618408
vt 0.880127 0.618408
vt 0.880127 0.617705
vt 0.976221 0.617705
vt 0.001221 0.615264
vt 0.097314 0.615264
vt 0.097314 0.615967
vt 0.097314 0.615967
vt 0.001221 0.615967
vt 0.001221 0.615264
vn 0 -0.707107 0.707107
vn 0.707107 -0.707107 0
vn 0 -0.707107 -0.707107
vn -0.707107 -0.707107 0
vn 0 0 1
vn 1 0 0
vn 0 0 -1
vn -1 0 0
vn 0 0.707107 0.707107
vn 0.707107 0.707107 0
vn 0 0.707107 -0.707107
vn -0.707107 0.707107 0
vn 0 -1 0
vn 0 1 0
f 841/2101/491 842/2102/491 846/2103/491 845/2104/491
f 842/2105/492 843/2106/492 847/2107/492 846/2108/492
f 843/2109/493 844/2110/493 848/2111/493 847/2112/493
f 844/2113/494 841/2114/494 845/2115/494 848/2116/494
f 845/2117/495 846/2118/495 850/2119/495 849/2120/495
f 846/2121/496 847/2122/496 851/2123/496 850/2124/496
f 847/2125/497 848/2126/497 852/2127/497 851/2128/497
f 848/2129/498 845/2130/498 849/2131/498 852/2132/498
f 849/2133/499 850/2134/499 854/2135/499 853/2136/499
f 850/2137/500 851/2138/500 855/2139/500 854/2140/500
f 851/2141/501 852/2142/501 856/2143/501 855/2144/501
f 852/2145/502 849/2146/502 853/2147/502 856/2148/502
f 858/2149/503 857/2150/503 860/2151/503
f 860/2152/503 859/2153/503 858/2154/503
f 864/2155/504 861/2156/504 862/2157/504
f 862/2158/504 863/2159/504 864/2160/504
o louvre_f_864
usemtl rtu
v 1.401 0.864 0.03
v 1.795 0.864 0.03
v 1.795 0.864 0.024
v 1.401 0.864 0.024
v 1.4 0.865 0.031
v 1.796 0.865 0.031
v 1.796 0.865 0.023
v 1.4 0.865 0.023
v 1.4 0.881 0.031
v 1.796 0.881 0.031
v 1.796 0.881 0.023
v 1.4 0.881 0.023
v 1.401 0.882 0.03
v 1.795 0.882 0.03
v 1.795 0.882 0.024
v 1.401 0.882 0.024
v 1.401 0.864 0.03
v 1.795 0.864 0.03
v 1.795 0.864 0.024
v 1.401 0.864 0.024
v 1.401 0.882 0.03
v 1.795 0.882 0.03
v 1.795 0.882 0.024
v 1.401 0.882 0.024
vt 0.388057 0.571367
vt 0.434229 0.571367
vt 0.434346 0.571533
vt 0.387939 0.571533
vt 0.500576 0.565674
vt 0.499873 0.565674
vt 0.499756 0.565508
vt 0.500693 0.565508
vt 0.627588 0.555908
vt 0.581416 0.555908
vt 0.581299 0.555742
vt 0.627705 0.555742
vt 0.502314 0.565508
vt 0.503018 0.565508
vt 0.503135 0.565674
vt 0.502197 0.565674
vt 0.581299 0.641924
vt 0.627705 0.641924
vt 0.627705 0.643799
vt 0.581299 0.643799
vt 0.522705 0.623779
vt 0.522705 0.622842
vt 0.52458 0.622842
vt 0.52458 0.623779
vt 0.629639 0.641924
vt 0.676045 0.641924
vt 0.676045 0.643799
vt 0.629639 0.643799
vt 0.527998 0.622842
vt 0.527998 0.623779
vt 0.526123 0.623779
vt 0.526123 0.622842
vt 0.676045 0.555908
vt 0.629639 0.555908
vt 0.629756 0.555742
vt 0.675928 0.555742
vt 0.588584 0.553955
vt 0.587646 0.553955
vt 0.587764 0.553789
vt 0.588467 0.553789
vt 0.436279 0.571367
vt 0.482686 0.571367
vt 0.482568 0.571533
vt 0.436396 0.571533
vt 0.504639 0.565508
vt 0.505576 0.565508
vt 0.505459 0.565674
vt 0.504756 0.565674
vt 0.143096 0.60376
vt 0.096924 0.60376
vt 0.096924 0.603057
vt 0.096924 0.603057
vt 0.143096 0.603057
vt 0.143096 0.60376
vt 0.190947 0.603057
vt 0.190947 0.60376
vt 0.144775 0.60376
vt 0.144775 0.60376
vt 0.144775 0.603057
vt 0.190947 0.603057
vn 0 -0.707107 0.707107
vn 0.707107 -0.707107 0
vn 0 -0.707107 -0.707107
vn -0.707107 -0.707107 0
vn 0 0 1
vn 1 0 0
vn 0 0 -1
vn -1 0 0
vn 0 0.707107 0.707107
vn 0.707107 0.707107 0
vn 0 0.707107 -0.707107
vn -0.707107 0.707107 0
vn 0 -1 0
vn 0 1 0
f 865/2161/505 866/2162/505 870/2163/505 869/2164/505
f 866/2165/506 867/2166/506 871/2167/506 870/2168/506
f 867/2169/507 868/2170/507 872/2171/507 871/2172/507
f 868/2173/508 865/2174/508 869/2175/508 872/2176/508
f 869/2177/509 870/2178/509 874/2179/509 873/2180/509
f 870/2181/510 871/2182/510 875/2183/510 874/2184/510
f 871/2185/511 872/2186/511 876/2187/511 875/2188/511
f 872/2189/512 869/2190/512 873/2191/512 876/2192/512
f 873/2193/513 874/2194/513 878/2195/513 877/2196/513
f 874/2197/514 875/2198/514 879/2199/514 878/2200/514
f 875/2201/515 876/2202/515 880/2203/515 879/2204/515
f 876/2205/516 873/2206/516 877/2207/516 880/2208/516
f 882/2209/517 881/2210/517 884/2211/517
f 884/2212/517 883/2213/517 882/2214/517
f 888/2215/518 885/2216/518 886/2217/518
f 886/2218/518 887/2219/518 888/2220/518
o louvre_b_864
usemtl rtu
v 1.401 0.864 0.976
v 1.795 0.864 0.976
v 1.795 0.864 0.97
v 1.401 0.864 0.97
v 1.4 0.865 0.977
v 1.796 0.865 0.977
v 1.796 0.865 0.969
v 1.4 0.865 0.969
v 1.4 0.881 0.977
v 1.796 0.881 0.977
v 1.796 0.881 0.969
v 1.4 0.881 0.969
v 1.401 0.882 0.976
v 1.795 0.882 0.976
v 1.795 0.882 0.97
v 1.401 0.882 0.97
v 1.401 0.864 0.976
v 1.795 0.864 0.976
v 1.795 0.864 0.97
v 1.401 0.864 0.97
v 1.401 0.882 0.976
v 1.795 0.882 0.976
v 1.795 0.882 0.97
v 1.401 0.882 0.97
vt 0.484736 0.571367
vt 0.530908 0.571367
vt 0.531025 0.571533
vt 0.484619 0.571533
vt 0.5079 0.565674
vt 0.507197 0.565674
vt 0.50708 0.565508
vt 0.508018 0.565508
vt 0.724268 0.555908
vt 0.678096 0.555908
vt 0.677979 0.555742
vt 0.724385 0.555742
vt 0.509639 0.565508
vt 0.510342 0.565508
vt 0.510459 0.565674
vt 0.509521 0.565674
vt 0.677979 0.641924
vt 0.724385 0.641924
vt 0.724385 0.643799
vt 0.677979 0.643799
vt 0.529541 0.623779
vt 0.529541 0.622842
vt 0.531416 0.622842
vt 0.531416 0.623779
vt 0.726318 0.641924
vt 0.772725 0.641924
vt 0.772725 0.643799
vt 0.726318 0.643799
vt 0.534834 0.622842
vt 0.534834 0.623779
vt 0.532959 0.623779
vt 0.532959 0.622842
vt 0.772725 0.555908
vt 0.726318 0.555908
vt 0.726436 0.555742
vt 0.772607 0.555742
vt 0.591025 0.553955
vt 0.590088 0.553955
vt 0.590205 0.553789
vt 0.590908 0.553789
vt 0.774658 0.555742
vt 0.821064 0.555742
vt 0.820947 0.555908
vt 0.774775 0.555908
vt 0.511963 0.565508
vt 0.5129 0.565508
vt 0.512783 0.565674
vt 0.51208 0.565674
vt 0.238799 0.60376
vt 0.192627 0.60376
vt 0.192627 0.603057
vt 0.192627 0.603057
vt 0.238799 0.603057
vt 0.238799 0.60376
vt 0.28665 0.603057
vt 0.28665 0.60376
vt 0.240479 0.60376
vt 0.240479 0.60376
vt 0.240479 0.603057
vt 0.28665 0.603057
vn 0 -0.707107 0.707107
vn 0.707107 -0.707107 0
vn 0 -0.707107 -0.707107
vn -0.707107 -0.707107 0
vn 0 0 1
vn 1 0 0
vn 0 0 -1
vn -1 0 0
vn 0 0.707107 0.707107
vn 0.707107 0.707107 0
vn 0 0.707107 -0.707107
vn -0.707107 0.707107 0
vn 0 -1 0
vn 0 1 0
f 889/2221/519 890/2222/519 894/2223/519 893/2224/519
f 890/2225/520 891/2226/520 895/2227/520 894/2228/520
f 891/2229/521 892/2230/521 896/2231/521 895/2232/521
f 892/2233/522 889/2234/522 893/2235/522 896/2236/522
f 893/2237/523 894/2238/523 898/2239/523 897/2240/523
f 894/2241/524 895/2242/524 899/2243/524 898/2244/524
f 895/2245/525 896/2246/525 900/2247/525 899/2248/525
f 896/2249/526 893/2250/526 897/2251/526 900/2252/526
f 897/2253/527 898/2254/527 902/2255/527 901/2256/527
f 898/2257/528 899/2258/528 903/2259/528 902/2260/528
f 899/2261/529 900/2262/529 904/2263/529 903/2264/529
f 900/2265/530 897/2266/530 901/2267/530 904/2268/530
f 906/2269/531 905/2270/531 908/2271/531
f 908/2272/531 907/2273/531 906/2274/531
f 912/2275/532 909/2276/532 910/2277/532
f 910/2278/532 911/2279/532 912/2280/532
o louvre_e_864
usemtl rtu
v 1.845 0.864 0.91
v 1.851 0.864 0.91
v 1.851 0.864 0.09
v 1.845 0.864 0.09
v 1.844 0.865 0.911
v 1.852 0.865 0.911
v 1.852 0.865 0.089
v 1.844 0.865 0.089
v 1.844 0.881 0.911
v 1.852 0.881 0.911
v 1.852 0.881 0.089
v 1.844 0.881 0.089
v 1.845 0.882 0.91
v 1.851 0.882 0.91
v 1.851 0.882 0.09
v 1.845 0.882 0.09
v 1.845 0.864 0.91
v 1.851 0.864 0.91
v 1.851 0.864 0.09
v 1.845 0.864 0.09
v 1.845 0.882 0.91
v 1.851 0.882 0.91
v 1.851 0.882 0.09
v 1.845 0.882 0.09
vt 0.592646 0.553789
vt 0.59335 0.553789
vt 0.593467 0.553955
vt 0.592529 0.553955
vt 0.195576 0.581299
vt 0.099482 0.581299
vt 0.099365 0.581133
vt 0.195693 0.581133
vt 0.515225 0.565674
vt 0.514521 0.565674
vt 0.514404 0.565508
vt 0.515342 0.565508
vt 0.197627 0.581133
vt 0.293721 0.581133
vt 0.293838 0.581299
vt 0.19751 0.581299
vt 0.536377 0.623779
vt 0.536377 0.622842
vt 0.538252 0.622842
vt 0.538252 0.623779
vt 0.293838 0.657471
vt 0.19751 0.657471
vt 0.19751 0.655596
vt 0.293838 0.655596
vt 0.539795 0.623779
vt 0.539795 0.622842
vt 0.54167 0.622842
vt 0.54167 0.623779
vt 0.295654 0.655596
vt 0.391982 0.655596
vt 0.391982 0.657471
vt 0.295654 0.657471
vt 0.517783 0.565674
vt 0.516846 0.565674
vt 0.516963 0.565508
vt 0.517666 0.565508
vt 0.704482 0.589111
vt 0.608154 0.589111
vt 0.608271 0.588946
vt 0.704365 0.588946
vt 0.984619 0.553789
vt 0.985557 0.553789
vt 0.985439 0.553955
vt 0.984736 0.553955
vt 0.295654 0.581133
vt 0.391982 0.581133
vt 0.391865 0.581299
vt 0.295771 0.581299
vt 0.194971 0.615264
vt 0.194971 0.615967
vt 0.098877 0.615967
vt 0.098877 0.615967
vt 0.098877 0.615264
vt 0.194971 0.615264
vt 0.196533 0.615264
vt 0.292627 0.615264
vt 0.292627 0.615967
vt 0.292627 0.615967
vt 0.196533 0.615967
vt 0.196533 0.615264
vn 0 -0.707107 0.707107
vn 0.707107 -0.707107 0
vn 0 -0.707107 -0.707107
vn -0.707107 -0.707107 0
vn 0 0 1
vn 1 0 0
vn 0 0 -1
vn -1 0 0
vn 0 0.707107 0.707107
vn 0.707107 0.707107 0
vn 0 0.707107 -0.707107
vn -0.707107 0.707107 0
vn 0 -1 0
vn 0 1 0
f 913/2281/533 914/2282/533 918/2283/533 917/2284/533
f 914/2285/534 915/2286/534 919/2287/534 918/2288/534
f 915/2289/535 916/2290/535 920/2291/535 919/2292/535
f 916/2293/536 913/2294/536 917/2295/536 920/2296/536
f 917/2297/537 918/2298/537 922/2299/537 921/2300/537
f 918/2301/538 919/2302/538 923/2303/538 922/2304/538
f 919/2305/539 920/2306/539 924/2307/539 923/2308/539
f 920/2309/540 917/2310/540 921/2311/540 924/2312/540
f 921/2313/541 922/2314/541 926/2315/541 925/2316/541
f 922/2317/542 923/2318/542 927/2319/542 926/2320/542
f 923/2321/543 924/2322/543 928/2323/543 927/2324/543
f 924/2325/544 921/2326/544 925/2327/544 928/2328/544
f 930/2329/545 929/2330/545 932/2331/545
f 932/2332/545 931/2333/545 930/2334/545
f 936/2335/546 933/2336/546 934/2337/546
f 934/2338/546 935/2339/546 936/2340/546
o louvre_f_898
usemtl rtu
v 1.401 0.898 0.03
v 1.795 0.898 0.03
v 1.795 0.898 0.024
v 1.401 0.898 0.024
v 1.4 0.899 0.031
v 1.796 0.899 0.031
v 1.796 0.899 0.023
v 1.4 0.899 0.023
v 1.4 0.915 0.031
v 1.796 0.915 0.031
v 1.796 0.915 0.023
v 1.4 0.915 0.023
v 1.401 0.916 0.03
v 1.795 0.916 0.03
v 1.795 0.916 0.024
v 1.401 0.916 0.024
v 1.401 0.898 0.03
v 1.795 0.898 0.03
v 1.795 0.898 0.024
v 1.401 0.898 0.024
v 1.401 0.916 0.03
v 1.795 0.916 0.03
v 1.795 0.916 0.024
v 1.401 0.916 0.024
vt 0.049678 0.561602
vt 0.09585 0.561602
vt 0.095967 0.561768
vt 0.049561 0.561768
vt 0.520107 0.565674
vt 0.519404 0.565674
vt 0.519287 0.565508
vt 0.520225 0.565508
vt 0.579248 0.571533
vt 0.533076 0.571533
vt 0.532959 0.571367
vt 0.579365 0.571367
vt 0.521846 0.565508
vt 0.522549 0.565508
vt 0.522666 0.565674
vt 0.521729 0.565674
vt 0.774658 0.641924
vt 0.821064 0.641924
vt 0.821064 0.643799
vt 0.774658 0.643799
vt 0.543213 0.623779
vt 0.543213 0.622842
vt 0.545088 0.622842
vt 0.545088 0.623779
vt 0.822998 0.641924
vt 0.869404 0.641924
vt 0.869404 0.643799
vt 0.822998 0.643799
vt 0.548506 0.622842
vt 0.548506 0.623779
vt 0.546631 0.623779
vt 0.546631 0.622842
vt 0.869404 0.555908
vt 0.822998 0.555908
vt 0.823115 0.555742
vt 0.869287 0.555742
vt 0.525107 0.565674
vt 0.52417 0.565674
vt 0.524287 0.565508
vt 0.52499 0.565508
vt 0.0979 0.561602
vt 0.144307 0.561602
vt 0.144189 0.561768
vt 0.098018 0.561768
vt 0.526611 0.565508
vt 0.527549 0.565508
vt 0.527432 0.565674
vt 0.526729 0.565674
vt 0.334502 0.60376
vt 0.28833 0.60376
vt 0.28833 0.603057
vt 0.28833 0.603057
vt 0.334502 0.603057
vt 0.334502 0.60376
vt 0.382354 0.603057
vt 0.382354 0.60376
vt 0.336182 0.60376
vt 0.336182 0.60376
vt 0.336182 0.603057
vt 0.382354 0.603057
vn 0 -0.707107 0.707107
vn 0.707107 -0.707107 0
vn 0 -0.707107 -0.707107
vn -0.707107 -0.707107 0
vn 0 0 1
vn 1 0 0
vn 0 0 -1
vn -1 0 0
vn 0 0.707107 0.707107
vn 0.707107 0.707107 0
vn 0 0.707107 -0.707107
vn -0.707107 0.707107 0
vn 0 -1 0
vn 0 1 0
f 937/2341/547 938/2342/547 942/2343/547 941/2344/547
f 938/2345/548 939/2346/548 943/2347/548 942/2348/548
f 939/2349/549 940/2350/549 944/2351/549 943/2352/549
f 940/2353/550 937/2354/550 941/2355/550 944/2356/550
f 941/2357/551 942/2358/551 946/2359/551 945/2360/551
f 942/2361/552 943/2362/552 947/2363/552 946/2364/552
f 943/2365/553 944/2366/553 948/2367/553 947/2368/553
f 944/2369/554 941/2370/554 945/2371/554 948/2372/554
f 945/2373/555 946/2374/555 950/2375/555 949/2376/555
f 946/2377/556 947/2378/556 951/2379/556 950/2380/556
f 947/2381/557 948/2382/557 952/2383/557 951/2384/557
f 948/2385/558 945/2386/558 949/2387/558 952/2388/558
f 954/2389/559 953/2390/559 956/2391/559
f 956/2392/559 955/2393/559 954/2394/559
f 960/2395/560 957/2396/560 958/2397/560
f 958/2398/560 959/2399/560 960/2400/560
o louvre_b_898
usemtl rtu
v 1.401 0.898 0.976
v 1.795 0.898 0.976
v 1.795 0.898 0.97
v 1.401 0.898 0.97
v 1.4 0.899 0.977
v 1.796 0.899 0.977
v 1.796 0.899 0.969
v 1.4 0.899 0.969
v 1.4 0.915 0.977
v 1.796 0.915 0.977
v 1.796 0.915 0.969
v 1.4 0.915 0.969
v 1.401 0.916 0.976
v 1.795 0.916 0.976
v 1.795 0.916 0.97
v 1.401 0.916 0.97
v 1.401 0.898 0.976
v 1.795 0.898 0.976
v 1.795 0.898 0.97
v 1.401 0.898 0.97
v 1.401 0.916 0.976
v 1.795 0.916 0.976
v 1.795 0.916 0.97
v 1.401 0.916 0.97
vt 0.871455 0.555742
vt 0.917627 0.555742
vt 0.917744 0.555908
vt 0.871338 0.555908
vt 0.529873 0.565674
vt 0.52917 0.565674
vt 0.529053 0.565508
vt 0.52999 0.565508
vt 0.192529 0.561768
vt 0.146357 0.561768
vt 0.14624 0.561602
vt 0.192646 0.561602
vt 0.531611 0.565508
vt 0.532314 0.565508
vt 0.532432 0.565674
vt 0.531494 0.565674
vt 0.871338 0.641924
vt 0.917744 0.641924
vt 0.917744 0.643799
vt 0.871338 0.643799
vt 0.550049 0.623779
vt 0.550049 0.622842
vt 0.551924 0.622842
vt 0.551924 0.623779
vt 0.919678 0.641924
vt 0.966084 0.641924
vt 0.966084 0.643799
vt 0.919678 0.643799
vt 0.555342 0.622842
vt 0.555342 0.623779
vt 0.553467 0.623779
vt 0.553467 0.622842
vt 0.240986 0.561768
vt 0.19458 0.561768
vt 0.194697 0.561602
vt 0.240869 0.561602
vt 0.534873 0.565674
vt 0.533936 0.565674
vt 0.534053 0.565508
vt 0.534756 0.565508
vt 0.581299 0.571367
vt 0.627705 0.571367
vt 0.627588 0.571533
vt 0.581416 0.571533
vt 0.536377 0.565508
vt 0.537314 0.565508
vt 0.537197 0.565674
vt 0.536494 0.565674
vt 0.430205 0.60376
vt 0.384033 0.60376
vt 0.384033 0.603057
vt 0.384033 0.603057
vt 0.430205 0.603057
vt 0.430205 0.60376
vt 0.478057 0.603057
vt 0.478057 0.60376
vt 0.431885 0.60376
vt 0.431885 0.60376
vt 0.431885 0.603057
vt 0.478057 0.603057
vn 0 -0.707107 0.707107
vn 0.707107 -0.707107 0
vn 0 -0.707107 -0.707107
vn -0.707107 -0.707107 0
vn 0 0 1
vn 1 0 0
vn 0 0 -1
vn -1 0 0
vn 0 0.707107 0.707107
vn 0.707107 0.707107 0
vn 0 0.707107 -0.707107
vn -0.707107 0.707107 0
vn 0 -1 0
vn 0 1 0
f 961/2401/561 962/2402/561 966/2403/561 965/2404/561
f 962/2405/562 963/2406/562 967/2407/562 966/2408/562
f 963/2409/563 964/2410/563 968/2411/563 967/2412/563
f 964/2413/564 961/2414/564 965/2415/564 968/2416/564
f 965/2417/565 966/2418/565 970/2419/565 969/2420/565
f 966/2421/566 967/2422/566 971/2423/566 970/2424/566
f 967/2425/567 968/2426/567 972/2427/567 971/2428/567
f 968/2429/568 965/2430/568 969/2431/568 972/2432/568
f 969/2433/569 970/2434/569 974/2435/569 973/2436/569
f 970/2437/570 971/2438/570 975/2439/570 974/2440/570
f 971/2441/571 972/2442/571 976/2443/571 975/2444/571
f 972/2445/572 969/2446/572 973/2447/572 976/2448/572
f 978/2449/573 977/2450/573 980/2451/573
f 980/2452/573 979/2453/573 978/2454/573
f 984/2455/574 981/2456/574 982/2457/574
f 982/2458/574 983/2459/574 984/2460/574
o louvre_e_898
usemtl rtu
v 1.845 0.898 0.91
v 1.851 0.898 0.91
v 1.851 0.898 0.09
v 1.845 0.898 0.09
v 1.844 0.899 0.911
v 1.852 0.899 0.911
v 1.852 0.899 0.089
v 1.844 0.899 0.089
v 1.844 0.915 0.911
v 1.852 0.915 0.911
v 1.852 0.915 0.089
v 1.844 0.915 0.089
v 1.845 0.916 0.91
v 1.851 0.916 0.91
v 1.851 0.916 0.09
v 1.845 0.916 0.09
v 1.845 0.898 0.91
v 1.851 0.898 0.91
v 1.851 0.898 0.09
v 1.845 0.898 0.09
v 1.845 0.916 0.91
v 1.851 0.916 0.91
v 1.851 0.916 0.09
v 1.845 0.916 0.09
vt 0.595088 0.553789
vt 0.595791 0.553789
vt 0.595908 0.553955
vt 0.594971 0.553955
vt 0.49001 0.581299
vt 0.393916 0.581299
vt 0.393799 0.581133
vt 0.490127 0.581133
vt 0.598232 0.553955
vt 0.597529 0.553955
vt 0.597412 0.553789
vt 0.59835 0.553789
vt 0.393916 0.559649
vt 0.49001 0.559649
vt 0.490127 0.559814
vt 0.393799 0.559814
vt 0.556885 0.623779
vt 0.556885 0.622842
vt 0.55876 0.622842
vt 0.55876 0.623779
vt 0.490127 0.657471
vt 0.393799 0.657471
vt 0.393799 0.655596
vt 0.490127 0.655596
vt 0.560303 0.623779
vt 0.560303 0.622842
vt 0.562178 0.622842
vt 0.562178 0.623779
vt 0.491943 0.655596
vt 0.588271 0.655596
vt 0.588271 0.657471
vt 0.491943 0.657471
vt 0.600791 0.553955
vt 0.599854 0.553955
vt 0.599971 0.553789
vt 0.600674 0.553789
vt 0.588271 0.581299
vt 0.491943 0.581299
vt 0.492061 0.581133
vt 0.588154 0.581133
vt 0.538818 0.565508
vt 0.539756 0.565508
vt 0.539639 0.565674
vt 0.538936 0.565674
vt 0.590088 0.581133
vt 0.686416 0.581133
vt 0.686299 0.581299
vt 0.590205 0.581299
vt 0.390283 0.615264
vt 0.390283 0.615967
vt 0.294189 0.615967
vt 0.294189 0.615967
vt 0.294189 0.615264
vt 0.390283 0.615264
vt 0.391846 0.615264
vt 0.487939 0.615264
vt 0.487939 0.615967
vt 0.487939 0.615967
vt 0.391846 0.615967
vt 0.391846 0.615264
vn 0 -0.707107 0.707107
vn 0.707107 -0.707107 0
vn 0 -0.707107 -0.707107
vn -0.707107 -0.707107 0
vn 0 0 1
vn 1 0 0
vn 0 0 -1
vn -1 0 0
vn 0 0.707107 0.707107
vn 0.707107 0.707107 0
vn 0 0.707107 -0.707107
vn -0.707107 0.707107 0
vn 0 -1 0
vn 0 1 0
f 985/2461/575 986/2462/575 990/2463/575 989/2464/575
f 986/2465/576 987/2466/576 991/2467/576 990/2468/576
f 987/2469/577 988/2470/577 992/2471/577 991/2472/577
f 988/2473/578 985/2474/578 989/2475/578 992/2476/578
f 989/2477/579 990/2478/579 994/2479/579 993/2480/579
f 990/2481/580 991/2482/580 995/2483/580 994/2484/580
f 991/2485/581 992/2486/581 996/2487/581 995/2488/581
f 992/2489/582 989/2490/582 993/2491/582 996/2492/582
f 993/2493/583 994/2494/583 998/2495/583 997/2496/583
f 994/2497/584 995/2498/584 999/2499/584 998/2500/584
f 995/2501/585 996/2502/585 1000/2503/585 999/2504/585
f 996/2505/586 993/2506/586 997/2507/586 1000/2508/586
f 1002/2509/587 1001/2510/587 1004/2511/587
f 1004/2512/587 1003/2513/587 1002/2514/587
f 1008/2515/588 1005/2516/588 1006/2517/588
f 1006/2518/588 1007/2519/588 1008/2520/588
o louvre_f_932
usemtl rtu
v 1.401 0.932 0.03
v 1.795 0.932 0.03
v 1.795 0.932 0.024
v 1.401 0.932 0.024
v 1.4 0.933 0.031
v 1.796 0.933 0.031
v 1.796 0.933 0.023
v 1.4 0.933 0.023
v 1.4 0.949 0.031
v 1.796 0.949 0.031
v 1.796 0.949 0.023
v 1.4 0.949 0.023
v 1.401 0.95 0.03
v 1.795 0.95 0.03
v 1.795 0.95 0.024
v 1.401 0.95 0.024
v 1.401 0.932 0.03
v 1.795 0.932 0.03
v 1.795 0.932 0.024
v 1.401 0.932 0.024
v 1.401 0.95 0.03
v 1.795 0.95 0.03
v 1.795 0.95 0.024
v 1.401 0.95 0.024
vt 0.646357 0.553789
vt 0.692529 0.553789
vt 0.692646 0.553955
vt 0.64624 0.553955
vt 0.54208 0.565674
vt 0.541377 0.565674
vt 0.54126 0.565508
vt 0.542197 0.565508
vt 0.965967 0.555908
vt 0.919795 0.555908
vt 0.919678 0.555742
vt 0.966084 0.555742
vt 0.543818 0.565508
vt 0.544521 0.565508
vt 0.544639 0.565674
vt 0.543701 0.565674
vt 0.001221 0.638506
vt 0.047627 0.638506
vt 0.047627 0.640381
vt 0.001221 0.640381
vt 0.563721 0.623779
vt 0.563721 0.622842
vt 0.565596 0.622842
vt 0.565596 0.623779
vt 0.049561 0.638506
vt 0.095967 0.638506
vt 0.095967 0.640381
vt 0.049561 0.640381
vt 0.569014 0.622842
vt 0.569014 0.623779
vt 0.567139 0.623779
vt 0.567139 0.622842
vt 0.676045 0.571533
vt 0.629639 0.571533
vt 0.629756 0.571367
vt 0.675928 0.571367
vt 0.54708 0.565674
vt 0.546143 0.565674
vt 0.54626 0.565508
vt 0.546963 0.565508
vt 0.001221 0.553789
vt 0.047627 0.553789
vt 0.04751 0.553955
vt 0.001338 0.553955
vt 0.548584 0.565508
vt 0.549521 0.565508
vt 0.549404 0.565674
vt 0.548701 0.565674
vt 0.525908 0.60376
vt 0.479736 0.60376
vt 0.479736 0.603057
vt 0.479736 0.603057
vt 0.525908 0.603057
vt 0.525908 0.60376
vt 0.57376 0.603057
vt 0.57376 0.60376
vt 0.527588 0.60376
vt 0.527588 0.60376
vt 0.527588 0.603057
vt 0.57376 0.603057
vn 0 -0.707107 0.707107
vn 0.707107 -0.707107 0
vn 0 -0.707107 -0.707107
vn -0.707107 -0.707107 0
vn 0 0 1
vn 1 0 0
vn 0 0 -1
vn -1 0 0
vn 0 0.707107 0.707107
vn 0.707107 0.707107 0
vn 0 0.707107 -0.707107
vn -0.707107 0.707107 0
vn 0 -1 0
vn 0 1 0
f 1009/2521/589 1010/2522/589 1014/2523/589 1013/2524/589
f 1010/2525/590 1011/2526/590 1015/2527/590 1014/2528/590
f 1011/2529/591 1012/2530/591 1016/2531/591 1015/2532/591
f 1012/2533/592 1009/2534/592 1013/2535/592 1016/2536/592
f 1013/2537/593 1014/2538/593 1018/2539/593 1017/2540/593
f 1014/2541/594 1015/2542/594 1019/2543/594 1018/2544/594
f 1015/2545/595 1016/2546/595 1020/2547/595 1019/2548/595
f 1016/2549/596 1013/2550/596 1017/2551/596 1020/2552/596
f 1017/2553/597 1018/2554/597 1022/2555/597 1021/2556/597
f 1018/2557/598 1019/2558/598 1023/2559/598 1022/2560/598
f 1019/2561/599 1020/2562/599 1024/2563/599 1023/2564/599
f 1020/2565/600 1017/2566/600 1021/2567/600 1024/2568/600
f 1026/2569/601 1025/2570/601 1028/2571/601
f 1028/2572/601 1027/2573/601 1026/2574/601
f 1032/2575/602 1029/2576/602 1030/2577/602
f 1030/2578/602 1031/2579/602 1032/2580/602
o louvre_b_932
usemtl rtu
v 1.401 0.932 0.976
v 1.795 0.932 0.976
v 1.795 0.932 0.97
v 1.401 0.932 0.97
v 1.4 0.933 0.977
v 1.796 0.933 0.977
v 1.796 0.933 0.969
v 1.4 0.933 0.969
v 1.4 0.949 0.977
v 1.796 0.949 0.977
v 1.796 0.949 0.969
v 1.4 0.949 0.969
v 1.401 0.95 0.976
v 1.795 0.95 0.976
v 1.795 0.95 0.97
v 1.401 0.95 0.97
v 1.401 0.932 0.976
v 1.795 0.932 0.976
v 1.795 0.932 0.97
v 1.401 0.932 0.97
v 1.401 0.95 0.976
v 1.795 0.95 0.976
v 1.795 0.95 0.97
v 1.401 0.95 0.97
vt 0.049678 0.553789
vt 0.09585 0.553789
vt 0.095967 0.553955
vt 0.049561 0.553955
vt 0.551846 0.565674
vt 0.551143 0.565674
vt 0.551025 0.565508
vt 0.551963 0.565508
vt 0.144189 0.553955
vt 0.098018 0.553955
vt 0.0979 0.553789
vt 0.144307 0.553789
vt 0.553584 0.565508
vt 0.554287 0.565508
vt 0.554404 0.565674
vt 0.553467 0.565674
vt 0.0979 0.638506
vt 0.144307 0.638506
vt 0.144307 0.640381
vt 0.0979 0.640381
vt 0.570557 0.623779
vt 0.570557 0.622842
vt 0.572432 0.622842
vt 0.572432 0.623779
vt 0.14624 0.638506
vt 0.192646 0.638506
vt 0.192646 0.640381
vt 0.14624 0.640381
vt 0.57585 0.622842
vt 0.57585 0.623779
vt 0.573975 0.623779
vt 0.573975 0.622842
vt 0.724385 0.571533
vt 0.677979 0.571533
vt 0.678096 0.571367
vt 0.724268 0.571367
vt 0.556846 0.565674
vt 0.555908 0.565674
vt 0.556025 0.565508
vt 0.556729 0.565508
vt 0.294189 0.549883
vt 0.340596 0.549883
vt 0.340479 0.550049
vt 0.294307 0.550049
vt 0.55835 0.565508
vt 0.559287 0.565508
vt 0.55917 0.565674
vt 0.558467 0.565674
vt 0.621611 0.60376
vt 0.575439 0.60376
vt 0.575439 0.603057
vt 0.575439 0.603057
vt 0.621611 0.603057
vt 0.621611 0.60376
vt 0.669463 0.603057
vt 0.669463 0.60376
vt 0.623291 0.60376
vt 0.623291 0.60376
vt 0.623291 0.603057
vt 0.669463 0.603057
vn 0 -0.707107 0.707107
vn 0.707107 -0.707107 0
vn 0 -0.707107 -0.707107
vn -0.707107 -0.707107 0
vn 0 0 1
vn 1 0 0
vn 0 0 -1
vn -1 0 0
vn 0 0.707107 0.707107
vn 0.707107 0.707107 0
vn 0 0.707107 -0.707107
vn -0.707107 0.707107 0
vn 0 -1 0
vn 0 1 0
f 1033/2581/603 1034/2582/603 1038/2583/603 1037/2584/603
f 1034/2585/604 1035/2586/604 1039/2587/604 1038/2588/604
f 1035/2589/605 1036/2590/605 1040/2591/605 1039/2592/605
f 1036/2593/606 1033/2594/606 1037/2595/606 1040/2596/606
f 1037/2597/607 1038/2598/607 1042/2599/607 1041/2600/607
f 1038/2601/608 1039/2602/608 1043/2603/608 1042/2604/608
f 1039/2605/609 1040/2606/609 1044/2607/609 1043/2608/609
f 1040/2609/610 1037/2610/610 1041/2611/610 1044/2612/610
f 1041/2613/611 1042/2614/611 1046/2615/611 1045/2616/611
f 1042/2617/612 1043/2618/612 1047/2619/612 1046/2620/612
f 1043/2621/613 1044/2622/613 1048/2623/613 1047/2624/613
f 1044/2625/614 1041/2626/614 1045/2627/614 1048/2628/614
f 1050/2629/615 1049/2630/615 1052/2631/615
f 1052/2632/615 1051/2633/615 1050/2634/615
f 1056/2635/616 1053/2636/616 1054/2637/616
f 1054/2638/616 1055/2639/616 1056/2640/616
o louvre_e_932
usemtl rtu
v 1.845 0.932 0.91
v 1.851 0.932 0.91
v 1.851 0.932 0.09
v 1.845 0.932 0.09
v 1.844 0.933 0.911
v 1.852 0.933 0.911
v 1.852 0.933 0.089
v 1.844 0.933 0.089
v 1.844 0.949 0.911
v 1.852 0.949 0.911
v 1.852 0.949 0.089
v 1.844 0.949 0.089
v 1.845 0.95 0.91
v 1.851 0.95 0.91
v 1.851 0.95 0.09
v 1.845 0.95 0.09
v 1.845 0.932 0.91
v 1.851 0.932 0.91
v 1.851 0.932 0.09
v 1.845 0.932 0.09
v 1.845 0.95 0.91
v 1.851 0.95 0.91
v 1.851 0.95 0.09
v 1.845 0.95 0.09
vt 0.560908 0.565508
vt 0.561611 0.565508
vt 0.561729 0.565674
vt 0.560791 0.565674
vt 0.784443 0.581299
vt 0.68835 0.581299
vt 0.688232 0.581133
vt 0.784561 0.581133
vt 0.603115 0.553955
vt 0.602412 0.553955
vt 0.602295 0.553789
vt 0.603232 0.553789
vt 0.492061 0.559649
vt 0.588154 0.559649
vt 0.588271 0.559814
vt 0.491943 0.559814
vt 0.577393 0.623779
vt 0.577393 0.622842
vt 0.579268 0.622842
vt 0.579268 0.623779
vt 0.686416 0.657471
vt 0.590088 0.657471
vt 0.590088 0.655596
vt 0.686416 0.655596
vt 0.580811 0.623779
vt 0.580811 0.622842
vt 0.582686 0.622842
vt 0.582686 0.623779
vt 0.688232 0.655596
vt 0.784561 0.655596
vt 0.784561 0.657471
vt 0.688232 0.657471
vt 0.56417 0.565674
vt 0.563232 0.565674
vt 0.56335 0.565508
vt 0.564053 0.565508
vt 0.882705 0.581299
vt 0.786377 0.581299
vt 0.786494 0.581133
vt 0.882588 0.581133
vt 0.565674 0.565508
vt 0.566611 0.565508
vt 0.566494 0.565674
vt 0.565791 0.565674
vt 0.884521 0.581133
vt 0.98085 0.581133
vt 0.980732 0.581299
vt 0.884639 0.581299
vt 0.585596 0.615264
vt 0.585596 0.615967
vt 0.489502 0.615967
vt 0.489502 0.615967
vt 0.489502 0.615264
vt 0.585596 0.615264
vt 0.587158 0.615264
vt 0.683252 0.615264
vt 0.683252 0.615967
vt 0.683252 0.615967
vt 0.587158 0.615967
vt 0.587158 0.615264
vn 0 -0.707107 0.707107
vn 0.707107 -0.707107 0
vn 0 -0.707107 -0.707107
vn -0.707107 -0.707107 0
vn 0 0 1
vn 1 0 0
vn 0 0 -1
vn -1 0 0
vn 0 0.707107 0.707107
vn 0.707107 0.707107 0
vn 0 0.707107 -0.707107
vn -0.707107 0.707107 0
vn 0 -1 0
vn 0 1 0
f 1057/2641/617 1058/2642/617 1062/2643/617 1061/2644/617
f 1058/2645/618 1059/2646/618 1063/2647/618 1062/2648/618
f 1059/2649/619 1060/2650/619 1064/2651/619 1063/2652/619
f 1060/2653/620 1057/2654/620 1061/2655/620 1064/2656/620
f 1061/2657/621 1062/2658/621 1066/2659/621 1065/2660/621
f 1062/2661/622 1063/2662/622 1067/2663/622 1066/2664/622
f 1063/2665/623 1064/2666/623 1068/2667/623 1067/2668/623
f 1064/2669/624 1061/2670/624 1065/2671/624 1068/2672/624
f 1065/2673/625 1066/2674/625 1070/2675/625 1069/2676/625
f 1066/2677/626 1067/2678/626 1071/2679/626 1070/2680/626
f 1067/2681/627 1068/2682/627 1072/2683/627 1071/2684/627
f 1068/2685/628 1065/2686/628 1069/2687/628 1072/2688/628
f 1074/2689/629 1073/2690/629 1076/2691/629
f 1076/2692/629 1075/2693/629 1074/2694/629
f 1080/2695/630 1077/2696/630 1078/2697/630
f 1078/2698/630 1079/2699/630 1080/2700/630
o louvre_f_966
usemtl rtu
v 1.401 0.966 0.03
v 1.795 0.966 0.03
v 1.795 0.966 0.024
v 1.401 0.966 0.024
v 1.4 0.967 0.031
v 1.796 0.967 0.031
v 1.796 0.967 0.023
v 1.4 0.967 0.023
v 1.4 0.983 0.031
v 1.796 0.983 0.031
v 1.796 0.983 0.023
v 1.4 0.983 0.023
v 1.401 0.984 0.03
v 1.795 0.984 0.03
v 1.795 0.984 0.024
v 1.401 0.984 0.024
v 1.401 0.966 0.03
v 1.795 0.966 0.03
v 1.795 0.966 0.024
v 1.401 0.966 0.024
v 1.401 0.984 0.03
v 1.795 0.984 0.03
v 1.795 0.984 0.024
v 1.401 0.984 0.024
vt 0.243037 0.561602
vt 0.289209 0.561602
vt 0.289326 0.561768
vt 0.24292 0.561768
vt 0.568936 0.565674
vt 0.568232 0.565674
vt 0.568115 0.565508
vt 0.569053 0.565508
vt 0.772607 0.571533
vt 0.726436 0.571533
vt 0.726318 0.571367
vt 0.772725 0.571367
vt 0.570674 0.565508
vt 0.571377 0.565508
vt 0.571494 0.565674
vt 0.570557 0.565674
vt 0.19458 0.638506
vt 0.240986 0.638506
vt 0.240986 0.640381
vt 0.19458 0.640381
vt 0.584229 0.623779
vt 0.584229 0.622842
vt 0.586104 0.622842
vt 0.586104 0.623779
vt 0.24292 0.638506
vt 0.289326 0.638506
vt 0.289326 0.640381
vt 0.24292 0.640381
vt 0.589521 0.622842
vt 0.589521 0.623779
vt 0.587646 0.623779
vt 0.587646 0.622842
vt 0.388936 0.550049
vt 0.342529 0.550049
vt 0.342646 0.549883
vt 0.388818 0.549883
vt 0.573936 0.565674
vt 0.572998 0.565674
vt 0.573115 0.565508
vt 0.573818 0.565508
vt 0.29126 0.561602
vt 0.337666 0.561602
vt 0.337549 0.561768
vt 0.291377 0.561768
vt 0.252686 0.54793
vt 0.253623 0.54793
vt 0.253506 0.548096
vt 0.252803 0.548096
vt 0.717314 0.60376
vt 0.671143 0.60376
vt 0.671143 0.603057
vt 0.671143 0.603057
vt 0.717314 0.603057
vt 0.717314 0.60376
vt 0.765166 0.603057
vt 0.765166 0.60376
vt 0.718994 0.60376
vt 0.718994 0.60376
vt 0.718994 0.603057
vt 0.765166 0.603057
vn 0 -0.707107 0.707107
vn 0.707107 -0.707107 0
vn 0 -0.707107 -0.707107
vn -0.707107 -0.707107 0
vn 0 0 1
vn 1 0 0
vn 0 0 -1
vn -1 0 0
vn 0 0.707107 0.707107
vn 0.707107 0.707107 0
vn 0 0.707107 -0.707107
vn -0.707107 0.707107 0
vn 0 -1 0
vn 0 1 0
f 1081/2701/631 1082/2702/631 1086/2703/631 1085/2704/631
f 1082/2705/632 1083/2706/632 1087/2707/632 1086/2708/632
f 1083/2709/633 1084/2710/633 1088/2711/633 1087/2712/633
f 1084/2713/634 1081/2714/634 1085/2715/634 1088/2716/634
f 1085/2717/635 1086/2718/635 1090/2719/635 1089/2720/635
f 1086/2721/636 1087/2722/636 1091/2723/636 1090/2724/636
f 1087/2725/637 1088/2726/637 1092/2727/637 1091/2728/637
f 1088/2729/638 1085/2730/638 1089/2731/638 1092/2732/638
f 1089/2733/639 1090/2734/639 1094/2735/639 1093/2736/639
f 1090/2737/640 1091/2738/640 1095/2739/640 1094/2740/640
f 1091/2741/641 1092/2742/641 1096/2743/641 1095/2744/641
f 1092/2745/642 1089/2746/642 1093/2747/642 1096/2748/642
f 1098/2749/643 1097/2750/643 1100/2751/643
f 1100/2752/643 1099/2753/643 1098/2754/643
f 1104/2755/644 1101/2756/644 1102/2757/644
f 1102/2758/644 1103/2759/644 1104/2760/644
o louvre_b_966
usemtl rtu
v 1.401 0.966 0.976
v 1.795 0.966 0.976
v 1.795 0.966 0.97
v 1.401 0.966 0.97
v 1.4 0.967 0.977
v 1.796 0.967 0.977
v 1.796 0.967 0.969
v 1.4 0.967 0.969
v 1.4 0.983 0.977
v 1.796 0.983 0.977
v 1.796 0.983 0.969
v 1.4 0.983 0.969
v 1.401 0.984 0.976
v 1.795 0.984 0.976
v 1.795 0.984 0.97
v 1.401 0.984 0.97
v 1.401 0.966 0.976
v 1.795 0.966 0.976
v 1.795 0.966 0.97
v 1.401 0.966 0.97
v 1.401 0.984 0.976
v 1.795 0.984 0.976
v 1.795 0.984 0.97
v 1.401 0.984 0.97
vt 0.774775 0.571367
vt 0.820947 0.571367
vt 0.821064 0.571533
vt 0.774658 0.571533
vt 0.57626 0.565674
vt 0.575557 0.565674
vt 0.575439 0.565508
vt 0.576377 0.565508
vt 0.869287 0.571533
vt 0.823115 0.571533
vt 0.822998 0.571367
vt 0.869404 0.571367
vt 0.577998 0.565508
vt 0.578701 0.565508
vt 0.578818 0.565674
vt 0.577881 0.565674
vt 0.29126 0.638506
vt 0.337666 0.638506
vt 0.337666 0.640381
vt 0.29126 0.640381
vt 0.591064 0.623779
vt 0.591064 0.622842
vt 0.592939 0.622842
vt 0.592939 0.623779
vt 0.3396 0.638506
vt 0.386006 0.638506
vt 0.386006 0.640381
vt 0.3396 0.640381
vt 0.596357 0.622842
vt 0.596357 0.623779
vt 0.594482 0.623779
vt 0.594482 0.622842
vt 0.740986 0.553955
vt 0.69458 0.553955
vt 0.694697 0.553789
vt 0.740869 0.553789
vt 0.58126 0.565674
vt 0.580322 0.565674
vt 0.580439 0.565508
vt 0.581143 0.565508
vt 0.871338 0.571367
vt 0.917744 0.571367
vt 0.917627 0.571533
vt 0.871455 0.571533
vt 0.255127 0.54793
vt 0.256064 0.54793
vt 0.255947 0.548096
vt 0.255244 0.548096
vt 0.813018 0.60376
vt 0.766846 0.60376
vt 0.766846 0.603057
vt 0.766846 0.603057
vt 0.813018 0.603057
vt 0.813018 0.60376
vt 0.860869 0.603057
vt 0.860869 0.60376
vt 0.814697 0.60376
vt 0.814697 0.60376
vt 0.814697 0.603057
vt 0.860869 0.603057
vn 0 -0.707107 0.707107
vn 0.707107 -0.707107 0
vn 0 -0.707107 -0.707107
vn -0.707107 -0.707107 0
vn 0 0 1
vn 1 0 0
vn 0 0 -1
vn -1 0 0
vn 0 0.707107 0.707107
vn 0.707107 0.707107 0
vn 0 0.707107 -0.707107
vn -0.707107 0.707107 0
vn 0 -1 0
vn 0 1 0
f 1105/2761/645 1106/2762/645 1110/2763/645 1109/2764/645
f 1106/2765/646 1107/2766/646 1111/2767/646 1110/2768/646
f 1107/2769/647 1108/2770/647 1112/2771/647 1111/2772/647
f 1108/2773/648 1105/2774/648 1109/2775/648 1112/2776/648
f 1109/2777/649 1110/2778/649 1114/2779/649 1113/2780/649
f 1110/2781/650 1111/2782/650 1115/2783/650 1114/2784/650
f 1111/2785/651 1112/2786/651 1116/2787/651 1115/2788/651
f 1112/2789/652 1109/2790/652 1113/2791/652 1116/2792/652
f 1113/2793/653 1114/2794/653 1118/2795/653 1117/2796/653
f 1114/2797/654 1115/2798/654 1119/2799/654 1118/2800/654
f 1115/2801/655 1116/2802/655 1120/2803/655 1119/2804/655
f 1116/2805/656 1113/2806/656 1117/2807/656 1120/2808/656
f 1122/2809/657 1121/2810/657 1124/2811/657
f 1124/2812/657 1123/2813/657 1122/2814/657
f 1128/2815/658 1125/2816/658 1126/2817/658
f 1126/2818/658 1127/2819/658 1128/2820/658
o louvre_e_966
usemtl rtu
v 1.845 0.966 0.91
v 1.851 0.966 0.91
v 1.851 0.966 0.09
v 1.845 0.966 0.09
v 1.844 0.967 0.911
v 1.852 0.967 0.911
v 1.852 0.967 0.089
v 1.844 0.967 0.089
v 1.844 0.983 0.911
v 1.852 0.983 0.911
v 1.852 0.983 0.089
v 1.844 0.983 0.089
v 1.845 0.984 0.91
v 1.851 0.984 0.91
v 1.851 0.984 0.09
v 1.845 0.984 0.09
v 1.845 0.966 0.91
v 1.851 0.966 0.91
v 1.851 0.966 0.09
v 1.845 0.966 0.09
v 1.845 0.984 0.91
v 1.851 0.984 0.91
v 1.851 0.984 0.09
v 1.845 0.984 0.09
vt 0.604854 0.553789
vt 0.605557 0.553789
vt 0.605674 0.553955
vt 0.604736 0.553955
vt 0.097432 0.579346
vt 0.001338 0.579346
vt 0.001221 0.57918
vt 0.097549 0.57918
vt 0.583584 0.565674
vt 0.582881 0.565674
vt 0.582764 0.565508
vt 0.583701 0.565508
vt 0.590205 0.559649
vt 0.686299 0.559649
vt 0.686416 0.559814
vt 0.590088 0.559814
vt 0.5979 0.623779
vt 0.5979 0.622842
vt 0.599775 0.622842
vt 0.599775 0.623779
vt 0.882705 0.657471
vt 0.786377 0.657471
vt 0.786377 0.655596
vt 0.882705 0.655596
vt 0.601318 0.623779
vt 0.601318 0.622842
vt 0.603193 0.622842
vt 0.603193 0.623779
vt 0.884521 0.655596
vt 0.98085 0.655596
vt 0.98085 0.657471
vt 0.884521 0.657471
vt 0.519736 0.561768
vt 0.518799 0.561768
vt 0.518916 0.561602
vt 0.519619 0.561602
vt 0.802627 0.589111
vt 0.706299 0.589111
vt 0.706416 0.588946
vt 0.80251 0.588946
vt 0.52124 0.561602
vt 0.522178 0.561602
vt 0.522061 0.561768
vt 0.521357 0.561768
vt 0.099365 0.57918
vt 0.195693 0.57918
vt 0.195576 0.579346
vt 0.099482 0.579346
vt 0.780908 0.615264
vt 0.780908 0.615967
vt 0.684814 0.615967
vt 0.684814 0.615967
vt 0.684814 0.615264
vt 0.780908 0.615264
vt 0.782471 0.615264
vt 0.878564 0.615264
vt 0.878564 0.615967
vt 0.878564 0.615967
vt 0.782471 0.615967
vt 0.782471 0.615264
vn 0 -0.707107 0.707107
vn 0.707107 -0.707107 0
vn 0 -0.707107 -0.707107
vn -0.707107 -0.707107 0
vn 0 0 1
vn 1 0 0
vn 0 0 -1
vn -1 0 0
vn 0 0.707107 0.707107
vn 0.707107 0.707107 0
vn 0 0.707107 -0.707107
vn -0.707107 0.707107 0
vn 0 -1 0
vn 0 1 0
f 1129/2821/659 1130/2822/659 1134/2823/659 1133/2824/659
f 1130/2825/660 1131/2826/660 1135/2827/660 1134/2828/660
f 1131/2829/661 1132/2830/661 1136/2831/661 1135/2832/661
f 1132/2833/662 1129/2834/662 1133/2835/662 1136/2836/662
f 1133/2837/663 1134/2838/663 1138/2839/663 1137/2840/663
f 1134/2841/664 1135/2842/664 1139/2843/664 1138/2844/664
f 1135/2845/665 1136/2846/665 1140/2847/665 1139/2848/665
f 1136/2849/666 1133/2850/666 1137/2851/666 1140/2852/666
f 1137/2853/667 1138/2854/667 1142/2855/667 1141/2856/667
f 1138/2857/668 1139/2858/668 1143/2859/668 1142/2860/668
f 1139/2861/669 1140/2862/669 1144/2863/669 1143/2864/669
f 1140/2865/670 1137/2866/670 1141/2867/670 1144/2868/670
f 1146/2869/671 1145/2870/671 1148/2871/671
f 1148/2872/671 1147/2873/671 1146/2874/671
f 1152/2875/672 1149/2876/672 1150/2877/672
f 1150/2878/672 1151/2879/672 1152/2880/672
o louvre_f_1000
usemtl rtu
v 1.401 1 0.03
v 1.795 1 0.03
v 1.795 1 0.024
v 1.401 1 0.024
v 1.4 1.001 0.031
v 1.796 1.001 0.031
v 1.796 1.001 0.023
v 1.4 1.001 0.023
v 1.4 1.017 0.031
v 1.796 1.017 0.031
v 1.796 1.017 0.023
v 1.4 1.017 0.023
v 1.401 1.018 0.03
v 1.795 1.018 0.03
v 1.795 1.018 0.024
v 1.401 1.018 0.024
v 1.401 1 0.03
v 1.795 1 0.03
v 1.795 1 0.024
v 1.401 1 0.024
v 1.401 1.018 0.03
v 1.795 1.018 0.03
v 1.795 1.018 0.024
v 1.401 1.018 0.024
vt 0.251338 0.586992
vt 0.29751 0.586992
vt 0.297627 0.587158
vt 0.251221 0.587158
vt 0.586025 0.565674
vt 0.585322 0.565674
vt 0.585205 0.565508
vt 0.586143 0.565508
vt 0.965967 0.571533
vt 0.919795 0.571533
vt 0.919678 0.571367
vt 0.966084 0.571367
vt 0.101924 0.586992
vt 0.102627 0.586992
vt 0.102744 0.587158
vt 0.101807 0.587158
vt 0.387939 0.638506
vt 0.434346 0.638506
vt 0.434346 0.640381
vt 0.387939 0.640381
vt 0.604736 0.623779
vt 0.604736 0.622842
vt 0.606611 0.622842
vt 0.606611 0.623779
vt 0.436279 0.638506
vt 0.482686 0.638506
vt 0.482686 0.640381
vt 0.436279 0.640381
vt 0.610029 0.622842
vt 0.610029 0.623779
vt 0.608154 0.623779
vt 0.608154 0.622842
vt 0.437275 0.550049
vt 0.390869 0.550049
vt 0.390986 0.549883
vt 0.437158 0.549883
vt 0.588584 0.565674
vt 0.587646 0.565674
vt 0.587764 0.565508
vt 0.588467 0.565508
vt 0.436279 0.561602
vt 0.482686 0.561602
vt 0.482568 0.561768
vt 0.436396 0.561768
vt 0.257568 0.54793
vt 0.258506 0.54793
vt 0.258389 0.548096
vt 0.257686 0.548096
vt 0.908721 0.60376
vt 0.862549 0.60376
vt 0.862549 0.603057
vt 0.862549 0.603057
vt 0.908721 0.603057
vt 0.908721 0.60376
vt 0.956572 0.603057
vt 0.956572 0.60376
vt 0.9104 0.60376
vt 0.9104 0.60376
vt 0.9104 0.603057
vt 0.956572 0.603057
vn 0 -0.707107 0.707107
vn 0.707107 -0.707107 0
vn 0 -0.707107 -0.707107
vn -0.707107 -0.707107 0
vn 0 0 1
vn 1 0 0
vn 0 0 -1
vn -1 0 0
vn 0 0.707107 0.707107
vn 0.707107 0.707107 0
vn 0 0.707107 -0.707107
vn -0.707107 0.707107 0
vn 0 -1 0
vn 0 1 0
f 1153/2881/673 1154/2882/673 1158/2883/673 1157/2884/673
f 1154/2885/674 1155/2886/674 1159/2887/674 1158/2888/674
f 1155/2889/675 1156/2890/675 1160/2891/675 1159/2892/675
f 1156/2893/676 1153/2894/676 1157/2895/676 1160/2896/676
f 1157/2897/677 1158/2898/677 1162/2899/677 1161/2900/677
f 1158/2901/678 1159/2902/678 1163/2903/678 1162/2904/678
f 1159/2905/679 1160/2906/679 1164/2907/679 1163/2908/679
f 1160/2909/680 1157/2910/680 1161/2911/680 1164/2912/680
f 1161/2913/681 1162/2914/681 1166/2915/681 1165/2916/681
f 1162/2917/682 1163/2918/682 1167/2919/682 1166/2920/682
f 1163/2921/683 1164/2922/683 1168/2923/683 1167/2924/683
f 1164/2925/684 1161/2926/684 1165/2927/684 1168/2928/684
f 1170/2929/685 1169/2930/685 1172/2931/685
f 1172/2932/685 1171/2933/685 1170/2934/685
f 1176/2935/686 1173/2936/686 1174/2937/686
f 1174/2938/686 1175/2939/686 1176/2940/686
o louvre_b_1000
usemtl rtu
v 1.401 1 0.976
v 1.795 1 0.976
v 1.795 1 0.97
v 1.401 1 0.97
v 1.4 1.001 0.977
v 1.796 1.001 0.977
v 1.796 1.001 0.969
v 1.4 1.001 0.969
v 1.4 1.017 0.977
v 1.796 1.017 0.977
v 1.796 1.017 0.969
v 1.4 1.017 0.969
v 1.401 1.018 0.976
v 1.795 1.018 0.976
v 1.795 1.018 0.97
v 1.401 1.018 0.97
v 1.401 1 0.976
v 1.795 1 0.976
v 1.795 1 0.97
v 1.401 1 0.97
v 1.401 1.018 0.976
v 1.795 1.018 0.976
v 1.795 1.018 0.97
v 1.401 1.018 0.97
vt 0.001338 0.569414
vt 0.04751 0.569414
vt 0.047627 0.56958
vt 0.001221 0.56958
vt 0.590908 0.565674
vt 0.590205 0.565674
vt 0.590088 0.565508
vt 0.591025 0.565508
vt 0.34585 0.587158
vt 0.299678 0.587158
vt 0.299561 0.586992
vt 0.345967 0.586992
vt 0.104365 0.586992
vt 0.105068 0.586992
vt 0.105186 0.587158
vt 0.104248 0.587158
vt 0.484619 0.638506
vt 0.531025 0.638506
vt 0.531025 0.640381
vt 0.484619 0.640381
vt 0.611572 0.623779
vt 0.611572 0.622842
vt 0.613447 0.622842
vt 0.613447 0.623779
vt 0.532959 0.638506
vt 0.579365 0.638506
vt 0.579365 0.640381
vt 0.532959 0.640381
vt 0.616865 0.622842
vt 0.616865 0.623779
vt 0.61499 0.623779
vt 0.61499 0.622842
vt 0.789326 0.553955
vt 0.74292 0.553955
vt 0.743037 0.553789
vt 0.789209 0.553789
vt 0.593467 0.565674
vt 0.592529 0.565674
vt 0.592646 0.565508
vt 0.59335 0.565508
vt 0.14624 0.565508
vt 0.192646 0.565508
vt 0.192529 0.565674
vt 0.146357 0.565674
vt 0.26001 0.54793
vt 0.260947 0.54793
vt 0.26083 0.548096
vt 0.260127 0.548096
vt 0.047393 0.601318
vt 0.001221 0.601318
vt 0.001221 0.600615
vt 0.001221 0.600615
vt 0.047393 0.600615
vt 0.047393 0.601318
vt 0.095244 0.600615
vt 0.095244 0.601318
vt 0.049072 0.601318
vt 0.049072 0.601318
vt 0.049072 0.600615
vt 0.095244 0.600615
vn 0 -0.707107 0.707107
vn 0.707107 -0.707107 0
vn 0 -0.707107 -0.707107
vn -0.707107 -0.707107 0
vn 0 0 1
vn 1 0 0
vn 0 0 -1
vn -1 0 0
vn 0 0.707107 0.707107
vn 0.707107 0.707107 0
vn 0 0.707107 -0.707107
vn -0.707107 0.707107 0
vn 0 -1 0
vn 0 1 0
f 1177/2941/687 1178/2942/687 1182/2943/687 1181/2944/687
f 1178/2945/688 1179/2946/688 1183/2947/688 1182/2948/688
f 1179/2949/689 1180/2950/689 1184/2951/689 1183/2952/689
f 1180/2953/690 1177/2954/690 1181/2955/690 1184/2956/690
f 1181/2957/691 1182/2958/691 1186/2959/691 1185/2960/691
f 1182/2961/692 1183/2962/692 1187/2963/692 1186/2964/692
f 1183/2965/693 1184/2966/693 1188/2967/693 1187/2968/693
f 1184/2969/694 1181/2970/694 1185/2971/694 1188/2972/694
f 1185/2973/695 1186/2974/695 1190/2975/695 1189/2976/695
f 1186/2977/696 1187/2978/696 1191/2979/696 1190/2980/696
f 1187/2981/697 1188/2982/697 1192/2983/697 1191/2984/697
f 1188/2985/698 1185/2986/698 1189/2987/698 1192/2988/698
f 1194/2989/699 1193/2990/699 1196/2991/699
f 1196/2992/699 1195/2993/699 1194/2994/699
f 1200/2995/700 1197/2996/700 1198/2997/700
f 1198/2998/700 1199/2999/700 1200/3000/700
o louvre_e_1000
usemtl rtu
v 1.845 1 0.91
v 1.851 1 0.91
v 1.851 1 0.09
v 1.845 1 0.09
v 1.844 1.001 0.911
v 1.852 1.001 0.911
v 1.852 1.001 0.089
v 1.844 1.001 0.089
v 1.844 1.017 0.911
v 1.852 1.017 0.911
v 1.852 1.017 0.089
v 1.844 1.017 0.089
v 1.845 1.018 0.91
v 1.851 1.018 0.91
v 1.851 1.018 0.09
v 1.845 1.018 0.09
v 1.845 1 0.91
v 1.851 1 0.91
v 1.851 1 0.09
v 1.845 1 0.09
v 1.845 1.018 0.91
v 1.851 1.018 0.91
v 1.851 1.018 0.09
v 1.845 1.018 0.09
vt 0.106807 0.586992
vt 0.10751 0.586992
vt 0.107627 0.587158
vt 0.106689 0.587158
vt 0.293721 0.579346
vt 0.197627 0.579346
vt 0.19751 0.57918
vt 0.293838 0.57918
vt 0.109951 0.587158
vt 0.109248 0.587158
vt 0.109131 0.586992
vt 0.110068 0.586992
vt 0.68835 0.559649
vt 0.784443 0.559649
vt 0.784561 0.559814
vt 0.688232 0.559814
vt 0.618408 0.623779
vt 0.618408 0.622842
vt 0.620283 0.622842
vt 0.620283 0.623779
vt 0.097549 0.654053
vt 0.001221 0.654053
vt 0.001221 0.652178
vt 0.097549 0.652178
vt 0.621826 0.623779
vt 0.621826 0.622842
vt 0.623701 0.622842
vt 0.623701 0.623779
vt 0.099365 0.652178
vt 0.195693 0.652178
vt 0.195693 0.654053
vt 0.099365 0.654053
vt 0.608115 0.553955
vt 0.607178 0.553955
vt 0.607295 0.553789
vt 0.607998 0.553789
vt 0.391982 0.579346
vt 0.295654 0.579346
vt 0.295771 0.57918
vt 0.391865 0.57918
vt 0.987061 0.553789
vt 0.987998 0.553789
vt 0.987881 0.553955
vt 0.987178 0.553955
vt 0.393799 0.57918
vt 0.490127 0.57918
vt 0.49001 0.579346
vt 0.393916 0.579346
vt 0.976221 0.615264
vt 0.976221 0.615967
vt 0.880127 0.615967
vt 0.880127 0.615967
vt 0.880127 0.615264
vt 0.976221 0.615264
vt 0.001221 0.612822
vt 0.097314 0.612822
vt 0.097314 0.613525
vt 0.097314 0.613525
vt 0.001221 0.613525
vt 0.001221 0.612822
vn 0 -0.707107 0.707107
vn 0.707107 -0.707107 0
vn 0 -0.707107 -0.707107
vn -0.707107 -0.707107 0
vn 0 0 1
vn 1 0 0
vn 0 0 -1
vn -1 0 0
vn 0 0.707107 0.707107
vn 0.707107 0.707107 0
vn 0 0.707107 -0.707107
vn -0.707107 0.707107 0
vn 0 -1 0
vn 0 1 0
f 1201/3001/701 1202/3002/701 1206/3003/701 1205/3004/701
f 1202/3005/702 1203/3006/702 1207/3007/702 1206/3008/702
f 1203/3009/703 1204/3010/703 1208/3011/703 1207/3012/703
f 1204/3013/704 1201/3014/704 1205/3015/704 1208/3016/704
f 1205/3017/705 1206/3018/705 1210/3019/705 1209/3020/705
f 1206/3021/706 1207/3022/706 1211/3023/706 1210/3024/706
f 1207/3025/707 1208/3026/707 1212/3027/707 1211/3028/707
f 1208/3029/708 1205/3030/708 1209/3031/708 1212/3032/708
f 1209/3033/709 1210/3034/709 1214/3035/709 1213/3036/709
f 1210/3037/710 1211/3038/710 1215/3039/710 1214/3040/710
f 1211/3041/711 1212/3042/711 1216/3043/711 1215/3044/711
f 1212/3045/712 1209/3046/712 1213/3047/712 1216/3048/712
f 1218/3049/713 1217/3050/713 1220/3051/713
f 1220/3052/713 1219/3053/713 1218/3054/713
f 1224/3055/714 1221/3056/714 1222/3057/714
f 1222/3058/714 1223/3059/714 1224/3060/714
o louvre_f_1034
usemtl rtu
v 1.401 1.034 0.03
v 1.795 1.034 0.03
v 1.795 1.034 0.024
v 1.401 1.034 0.024
v 1.4 1.035 0.031
v 1.796 1.035 0.031
v 1.796 1.035 0.023
v 1.4 1.035 0.023
v 1.4 1.051 0.031
v 1.796 1.051 0.031
v 1.796 1.051 0.023
v 1.4 1.051 0.023
v 1.401 1.052 0.03
v 1.795 1.052 0.03
v 1.795 1.052 0.024
v 1.401 1.052 0.024
v 1.401 1.034 0.03
v 1.795 1.034 0.03
v 1.795 1.034 0.024
v 1.401 1.034 0.024
v 1.401 1.052 0.03
v 1.795 1.052 0.03
v 1.795 1.052 0.024
v 1.401 1.052 0.024
vt 0.439326 0.549883
vt 0.485498 0.549883
vt 0.485615 0.550049
vt 0.439209 0.550049
vt 0.263271 0.548096
vt 0.262568 0.548096
vt 0.262451 0.54793
vt 0.263389 0.54793
vt 0.533838 0.550049
vt 0.487666 0.550049
vt 0.487549 0.549883
vt 0.533955 0.549883
vt 0.609736 0.553789
vt 0.610439 0.553789
vt 0.610557 0.553955
vt 0.609619 0.553955
vt 0.581299 0.638506
vt 0.627705 0.638506
vt 0.627705 0.640381
vt 0.581299 0.640381
vt 0.625244 0.623779
vt 0.625244 0.622842
vt 0.627119 0.622842
vt 0.627119 0.623779
vt 0.629639 0.638506
vt 0.676045 0.638506
vt 0.676045 0.640381
vt 0.629639 0.640381
vt 0.630537 0.622842
vt 0.630537 0.623779
vt 0.628662 0.623779
vt 0.628662 0.622842
vt 0.095967 0.56958
vt 0.049561 0.56958
vt 0.049678 0.569414
vt 0.09585 0.569414
vt 0.595908 0.565674
vt 0.594971 0.565674
vt 0.595088 0.565508
vt 0.595791 0.565508
vt 0.0979 0.569414
vt 0.144307 0.569414
vt 0.144189 0.56958
vt 0.098018 0.56958
vt 0.597412 0.565508
vt 0.59835 0.565508
vt 0.598232 0.565674
vt 0.597529 0.565674
vt 0.143096 0.601318
vt 0.096924 0.601318
vt 0.096924 0.600615
vt 0.096924 0.600615
vt 0.143096 0.600615
vt 0.143096 0.601318
vt 0.190947 0.600615
vt 0.190947 0.601318
vt 0.144775 0.601318
vt 0.144775 0.601318
vt 0.144775 0.600615
vt 0.190947 0.600615
vn 0 -0.707107 0.707107
vn 0.707107 -0.707107 0
vn 0 -0.707107 -0.707107
vn -0.707107 -0.707107 0
vn 0 0 1
vn 1 0 0
vn 0 0 -1
vn -1 0 0
vn 0 0.707107 0.707107
vn 0.707107 0.707107 0
vn 0 0.707107 -0.707107
vn -0.707107 0.707107 0
vn 0 -1 0
vn 0 1 0
f 1225/3061/715 1226/3062/715 1230/3063/715 1229/3064/715
f 1226/3065/716 1227/3066/716 1231/3067/716 1230/3068/716
f 1227/3069/717 1228/3070/717 1232/3071/717 1231/3072/717
f 1228/3073/718 1225/3074/718 1229/3075/718 1232/3076/718
f 1229/3077/719 1230/3078/719 1234/3079/719 1233/3080/719
f 1230/3081/720 1231/3082/720 1235/3083/720 1234/3084/720
f 1231/3085/721 1232/3086/721 1236/3087/721 1235/3088/721
f 1232/3089/722 1229/3090/722 1233/3091/722 1236/3092/722
f 1233/3093/723 1234/3094/723 1238/3095/723 1237/3096/723
f 1234/3097/724 1235/3098/724 1239/3099/724 1238/3100/724
f 1235/3101/725 1236/3102/725 1240/3103/725 1239/3104/725
f 1236/3105/726 1233/3106/726 1237/3107/726 1240/3108/726
f 1242/3109/727 1241/3110/727 1244/3111/727
f 1244/3112/727 1243/3113/727 1242/3114/727
f 1248/3115/728 1245/3116/728 1246/3117/728
f 1246/3118/728 1247/3119/728 1248/3120/728
o louvre_b_1034
usemtl rtu
v 1.401 1.034 0.976
v 1.795 1.034 0.976
v 1.795 1.034 0.97
v 1.401 1.034 0.97
v 1.4 1.035 0.977
v 1.796 1.035 0.977
v 1.796 1.035 0.969
v 1.4 1.035 0.969
v 1.4 1.051 0.977
v 1.796 1.051 0.977
v 1.796 1.051 0.969
v 1.4 1.051 0.969
v 1.401 1.052 0.976
v 1.795 1.052 0.976
v 1.795 1.052 0.97
v 1.401 1.052 0.97
v 1.401 1.034 0.976
v 1.795 1.034 0.976
v 1.795 1.034 0.97
v 1.401 1.034 0.97
v 1.401 1.052 0.976
v 1.795 1.052 0.976
v 1.795 1.052 0.97
v 1.401 1.052 0.97
vt 0.536006 0.549883
vt 0.582178 0.549883
vt 0.582295 0.550049
vt 0.535889 0.550049
vt 0.265713 0.548096
vt 0.26501 0.548096
vt 0.264893 0.54793
vt 0.26583 0.54793
vt 0.630518 0.550049
vt 0.584346 0.550049
vt 0.584229 0.549883
vt 0.630635 0.549883
vt 0.612178 0.553789
vt 0.612881 0.553789
vt 0.612998 0.553955
vt 0.612061 0.553955
vt 0.677979 0.638506
vt 0.724385 0.638506
vt 0.724385 0.640381
vt 0.677979 0.640381
vt 0.63208 0.623779
vt 0.63208 0.622842
vt 0.633955 0.622842
vt 0.633955 0.623779
vt 0.726318 0.638506
vt 0.772725 0.638506
vt 0.772725 0.640381
vt 0.726318 0.640381
vt 0.637373 0.622842
vt 0.637373 0.623779
vt 0.635498 0.623779
vt 0.635498 0.622842
vt 0.394307 0.587158
vt 0.3479 0.587158
vt 0.348018 0.586992
vt 0.394189 0.586992
vt 0.600791 0.565674
vt 0.599854 0.565674
vt 0.599971 0.565508
vt 0.600674 0.565508
vt 0.14624 0.569414
vt 0.192646 0.569414
vt 0.192529 0.56958
vt 0.146357 0.56958
vt 0.602295 0.565508
vt 0.603232 0.565508
vt 0.603115 0.565674
vt 0.602412 0.565674
vt 0.238799 0.601318
vt 0.192627 0.601318
vt 0.192627 0.600615
vt 0.192627 0.600615
vt 0.238799 0.600615
vt 0.238799 0.601318
vt 0.28665 0.600615
vt 0.28665 0.601318
vt 0.240479 0.601318
vt 0.240479 0.601318
vt 0.240479 0.600615
vt 0.28665 0.600615
vn 0 -0.707107 0.707107
vn 0.707107 -0.707107 0
vn 0 -0.707107 -0.707107
vn -0.707107 -0.707107 0
vn 0 0 1
vn 1 0 0
vn 0 0 -1
vn -1 0 0
vn 0 0.707107 0.707107
vn 0.707107 0.707107 0
vn 0 0.707107 -0.707107
vn -0.707107 0.707107 0
vn 0 -1 0
vn 0 1 0
f 1249/3121/729 1250/3122/729 1254/3123/729 1253/3124/729
f 1250/3125/730 1251/3126/730 1255/3127/730 1254/3128/730
f 1251/3129/731 1252/3130/731 1256/3131/731 1255/3132/731
f 1252/3133/732 1249/3134/732 1253/3135/732 1256/3136/732
f 1253/3137/733 1254/3138/733 1258/3139/733 1257/3140/733
f 1254/3141/734 1255/3142/734 1259/3143/734 1258/3144/734
f 1255/3145/735 1256/3146/735 1260/3147/735 1259/3148/735
f 1256/3149/736 1253/3150/736 1257/3151/736 1260/3152/736
f 1257/3153/737 1258/3154/737 1262/3155/737 1261/3156/737
f 1258/3157/738 1259/3158/738 1263/3159/738 1262/3160/738
f 1259/3161/739 1260/3162/739 1264/3163/739 1263/3164/739
f 1260/3165/740 1257/3166/740 1261/3167/740 1264/3168/740
f 1266/3169/741 1265/3170/741 1268/3171/741
f 1268/3172/741 1267/3173/741 1266/3174/741
f 1272/3175/742 1269/3176/742 1270/3177/742
f 1270/3178/742 1271/3179/742 1272/3180/742
o louvre_e_1034
usemtl rtu
v 1.845 1.034 0.91
v 1.851 1.034 0.91
v 1.851 1.034 0.09
v 1.845 1.034 0.09
v 1.844 1.035 0.911
v 1.852 1.035 0.911
v 1.852 1.035 0.089
v 1.844 1.035 0.089
v 1.844 1.051 0.911
v 1.852 1.051 0.911
v 1.852 1.051 0.089
v 1.844 1.051 0.089
v 1.845 1.052 0.91
v 1.851 1.052 0.91
v 1.851 1.052 0.09
v 1.845 1.052 0.09
v 1.845 1.034 0.91
v 1.851 1.034 0.91
v 1.851 1.034 0.09
v 1.845 1.034 0.09
v 1.845 1.052 0.91
v 1.851 1.052 0.91
v 1.851 1.052 0.09
v 1.845 1.052 0.09
vt 0.604854 0.565508
vt 0.605557 0.565508
vt 0.605674 0.565674
vt 0.604736 0.565674
vt 0.588154 0.579346
vt 0.492061 0.579346
vt 0.491943 0.57918
vt 0.588271 0.57918
vt 0.607998 0.565674
vt 0.607295 0.565674
vt 0.607178 0.565508
vt 0.608115 0.565508
vt 0.786494 0.559649
vt 0.882588 0.559649
vt 0.882705 0.559814
vt 0.786377 0.559814
vt 0.638916 0.623779
vt 0.638916 0.622842
vt 0.640791 0.622842
vt 0.640791 0.623779
vt 0.293838 0.654053
vt 0.19751 0.654053
vt 0.19751 0.652178
vt 0.293838 0.652178
vt 0.642334 0.623779
vt 0.642334 0.622842
vt 0.644209 0.622842
vt 0.644209 0.623779
vt 0.295654 0.652178
vt 0.391982 0.652178
vt 0.391982 0.654053
vt 0.295654 0.654053
vt 0.524619 0.561768
vt 0.523682 0.561768
vt 0.523799 0.561602
vt 0.524502 0.561602
vt 0.900771 0.589111
vt 0.804443 0.589111
vt 0.804561 0.588946
vt 0.900654 0.588946
vt 0.526123 0.561602
vt 0.527061 0.561602
vt 0.526943 0.561768
vt 0.52624 0.561768
vt 0.590088 0.57918
vt 0.686416 0.57918
vt 0.686299 0.579346
vt 0.590205 0.579346
vt 0.194971 0.612822
vt 0.194971 0.613525
vt 0.098877 0.613525
vt 0.098877 0.613525
vt 0.098877 0.612822
vt 0.194971 0.612822
vt 0.196533 0.612822
vt 0.292627 0.612822
vt 0.292627 0.613525
vt 0.292627 0.613525
vt 0.196533 0.613525
vt 0.196533 0.612822
vn 0 -0.707107 0.707107
vn 0.707107 -0.707107 0
vn 0 -0.707107 -0.707107
vn -0.707107 -0.707107 0
vn 0 0 1
vn 1 0 0
vn 0 0 -1
vn -1 0 0
vn 0 0.707107 0.707107
vn 0.707107 0.707107 0
vn 0 0.707107 -0.707107
vn -0.707107 0.707107 0
vn 0 -1 0
vn 0 1 0
f 1273/3181/743 1274/3182/743 1278/3183/743 1277/3184/743
f 1274/3185/744 1275/3186/744 1279/3187/744 1278/3188/744
f 1275/3189/745 1276/3190/745 1280/3191/745 1279/3192/745
f 1276/3193/746 1273/3194/746 1277/3195/746 1280/3196/746
f 1277/3197/747 1278/3198/747 1282/3199/747 1281/3200/747
f 1278/3201/748 1279/3202/748 1283/3203/748 1282/3204/748
f 1279/3205/749 1280/3206/749 1284/3207/749 1283/3208/749
f 1280/3209/750 1277/3210/750 1281/3211/750 1284/3212/750
f 1281/3213/751 1282/3214/751 1286/3215/751 1285/3216/751
f 1282/3217/752 1283/3218/752 1287/3219/752 1286/3220/752
f 1283/3221/753 1284/3222/753 1288/3223/753 1287/3224/753
f 1284/3225/754 1281/3226/754 1285/3227/754 1288/3228/754
f 1290/3229/755 1289/3230/755 1292/3231/755
f 1292/3232/755 1291/3233/755 1290/3234/755
f 1296/3235/756 1293/3236/756 1294/3237/756
f 1294/3238/756 1295/3239/756 1296/3240/756
o louvre_f_1068
usemtl rtu
v 1.401 1.068 0.03
v 1.795 1.068 0.03
v 1.795 1.068 0.024
v 1.401 1.068 0.024
v 1.4 1.069 0.031
v 1.796 1.069 0.031
v 1.796 1.069 0.023
v 1.4 1.069 0.023
v 1.4 1.085 0.031
v 1.796 1.085 0.031
v 1.796 1.085 0.023
v 1.4 1.085 0.023
v 1.401 1.086 0.03
v 1.795 1.086 0.03
v 1.795 1.086 0.024
v 1.401 1.086 0.024
v 1.401 1.068 0.03
v 1.795 1.068 0.03
v 1.795 1.068 0.024
v 1.401 1.068 0.024
v 1.401 1.086 0.03
v 1.795 1.086 0.03
v 1.795 1.086 0.024
v 1.401 1.086 0.024
vt 0.791377 0.553789
vt 0.837549 0.553789
vt 0.837666 0.553955
vt 0.79126 0.553955
vt 0.610439 0.565674
vt 0.609736 0.565674
vt 0.609619 0.565508
vt 0.610557 0.565508
vt 0.192529 0.548096
vt 0.146357 0.548096
vt 0.14624 0.54793
vt 0.192646 0.54793
vt 0.614619 0.553789
vt 0.615322 0.553789
vt 0.615439 0.553955
vt 0.614502 0.553955
vt 0.774658 0.638506
vt 0.821064 0.638506
vt 0.821064 0.640381
vt 0.774658 0.640381
vt 0.645752 0.623779
vt 0.645752 0.622842
vt 0.647627 0.622842
vt 0.647627 0.623779
vt 0.822998 0.638506
vt 0.869404 0.638506
vt 0.869404 0.640381
vt 0.822998 0.640381
vt 0.651045 0.622842
vt 0.651045 0.623779
vt 0.64917 0.623779
vt 0.64917 0.622842
vt 0.342061 0.589111
vt 0.295654 0.589111
vt 0.295771 0.588946
vt 0.341943 0.588946
vt 0.11251 0.587158
vt 0.111572 0.587158
vt 0.111689 0.586992
vt 0.112393 0.586992
vt 0.39624 0.586992
vt 0.442646 0.586992
vt 0.442529 0.587158
vt 0.396357 0.587158
vt 0.612061 0.565508
vt 0.612998 0.565508
vt 0.612881 0.565674
vt 0.612178 0.565674
vt 0.334502 0.601318
vt 0.28833 0.601318
vt 0.28833 0.600615
vt 0.28833 0.600615
vt 0.334502 0.600615
vt 0.334502 0.601318
vt 0.382354 0.600615
vt 0.382354 0.601318
vt 0.336182 0.601318
vt 0.336182 0.601318
vt 0.336182 0.600615
vt 0.382354 0.600615
vn 0 -0.707107 0.707107
vn 0.707107 -0.707107 0
vn 0 -0.707107 -0.707107
vn -0.707107 -0.707107 0
vn 0 0 1
vn 1 0 0
vn 0 0 -1
vn -1 0 0
vn 0 0.707107 0.707107
vn 0.707107 0.707107 0
vn 0 0.707107 -0.707107
vn -0.707107 0.707107 0
vn 0 -1 0
vn 0 1 0
f 1297/3241/757 1298/3242/757 1302/3243/757 1301/3244/757
f 1298/3245/758 1299/3246/758 1303/3247/758 1302/3248/758
f 1299/3249/759 1300/3250/759 1304/3251/759 1303/3252/759
f 1300/3253/760 1297/3254/760 1301/3255/760 1304/3256/760
f 1301/3257/761 1302/3258/761 1306/3259/761 1305/3260/761
f 1302/3261/762 1303/3262/762 1307/3263/762 1306/3264/762
f 1303/3265/763 1304/3266/763 1308/3267/763 1307/3268/763
f 1304/3269/764 1301/3270/764 1305/3271/764 1308/3272/764
f 1305/3273/765 1306/3274/765 1310/3275/765 1309/3276/765
f 1306/3277/766 1307/3278/766 1311/3279/766 1310/3280/766
f 1307/3281/767 1308/3282/767 1312/3283/767 1311/3284/767
f 1308/3285/768 1305/3286/768 1309/3287/768 1312/3288/768
f 1314/3289/769 1313/3290/769 1316/3291/769
f 1316/3292/769 1315/3293/769 1314/3294/769
f 1320/3295/770 1317/3296/770 1318/3297/770
f 1318/3298/770 1319/3299/770 1320/3300/770
o louvre_b_1068
usemtl rtu
v 1.401 1.068 0.976
v 1.795 1.068 0.976
v 1.795 1.068 0.97
v 1.401 1.068 0.97
v 1.4 1.069 0.977
v 1.796 1.069 0.977
v 1.796 1.069 0.969
v 1.4 1.069 0.969
v 1.4 1.085 0.977
v 1.796 1.085 0.977
v 1.796 1.085 0.969
v 1.4 1.085 0.969
v 1.401 1.086 0.976
v 1.795 1.086 0.976
v 1.795 1.086 0.97
v 1.401 1.086 0.97
v 1.401 1.068 0.976
v 1.795 1.068 0.976
v 1.795 1.068 0.97
v 1.401 1.068 0.97
v 1.401 1.086 0.976
v 1.795 1.086 0.976
v 1.795 1.086 0.97
v 1.401 1.086 0.97
vt 0.194697 0.569414
vt 0.240869 0.569414
vt 0.240986 0.56958
vt 0.19458 0.56958
vt 0.615322 0.565674
vt 0.614619 0.565674
vt 0.614502 0.565508
vt 0.615439 0.565508
vt 0.982568 0.553955
vt 0.936396 0.553955
vt 0.936279 0.553789
vt 0.982686 0.553789
vt 0.617061 0.553789
vt 0.617764 0.553789
vt 0.617881 0.553955
vt 0.616943 0.553955
vt 0.871338 0.638506
vt 0.917744 0.638506
vt 0.917744 0.640381
vt 0.871338 0.640381
vt 0.652588 0.623779
vt 0.652588 0.622842
vt 0.654463 0.622842
vt 0.654463 0.623779
vt 0.919678 0.638506
vt 0.966084 0.638506
vt 0.966084 0.640381
vt 0.919678 0.640381
vt 0.657881 0.622842
vt 0.657881 0.623779
vt 0.656006 0.623779
vt 0.656006 0.622842
vt 0.289326 0.56958
vt 0.24292 0.56958
vt 0.243037 0.569414
vt 0.289209 0.569414
vt 0.114951 0.587158
vt 0.114014 0.587158
vt 0.114131 0.586992
vt 0.114834 0.586992
vt 0.29126 0.569414
vt 0.337666 0.569414
vt 0.337549 0.56958
vt 0.291377 0.56958
vt 0.616943 0.565508
vt 0.617881 0.565508
vt 0.617764 0.565674
vt 0.617061 0.565674
vt 0.430205 0.601318
vt 0.384033 0.601318
vt 0.384033 0.600615
vt 0.384033 0.600615
vt 0.430205 0.600615
vt 0.430205 0.601318
vt 0.478057 0.600615
vt 0.478057 0.601318
vt 0.431885 0.601318
vt 0.431885 0.601318
vt 0.431885 0.600615
vt 0.478057 0.600615
vn 0 -0.707107 0.707107
vn 0.707107 -0.707107 0
vn 0 -0.707107 -0.707107
vn -0.707107 -0.707107 0
vn 0 0 1
vn 1 0 0
vn 0 0 -1
vn -1 0 0
vn 0 0.707107 0.707107
vn 0.707107 0.707107 0
vn 0 0.707107 -0.707107
vn -0.707107 0.707107 0
vn 0 -1 0
vn 0 1 0
f 1321/3301/771 1322/3302/771 1326/3303/771 1325/3304/771
f 1322/3305/772 1323/3306/772 1327/3307/772 1326/3308/772
f 1323/3309/773 1324/3310/773 1328/3311/773 1327/3312/773
f 1324/3313/774 1321/3314/774 1325/3315/774 1328/3316/774
f 1325/3317/775 1326/3318/775 1330/3319/775 1329/3320/775
f 1326/3321/776 1327/3322/776 1331/3323/776 1330/3324/776
f 1327/3325/777 1328/3326/777 1332/3327/777 1331/3328/777
f 1328/3329/778 1325/3330/778 1329/3331/778 1332/3332/778
f 1329/3333/779 1330/3334/779 1334/3335/779 1333/3336/779
f 1330/3337/780 1331/3338/780 1335/3339/780 1334/3340/780
f 1331/3341/781 1332/3342/781 1336/3343/781 1335/3344/781
f 1332/3345/782 1329/3346/782 1333/3347/782 1336/3348/782
f 1338/3349/783 1337/3350/783 1340/3351/783
f 1340/3352/783 1339/3353/783 1338/3354/783
f 1344/3355/784 1341/3356/784 1342/3357/784
f 1342/3358/784 1343/3359/784 1344/3360/784
o louvre_e_1068
usemtl rtu
v 1.845 1.068 0.91
v 1.851 1.068 0.91
v 1.851 1.068 0.09
v 1.845 1.068 0.09
v 1.844 1.069 0.911
v 1.852 1.069 0.911
v 1.852 1.069 0.089
v 1.844 1.069 0.089
v 1.844 1.085 0.911
v 1.852 1.085 0.911
v 1.852 1.085 0.089
v 1.844 1.085 0.089
v 1.845 1.086 0.91
v 1.851 1.086 0.91
v 1.851 1.086 0.09
v 1.845 1.086 0.09
v 1.845 1.068 0.91
v 1.851 1.068 0.91
v 1.851 1.068 0.09
v 1.845 1.068 0.09
v 1.845 1.086 0.91
v 1.851 1.086 0.91
v 1.851 1.086 0.09
v 1.845 1.086 0.09
vt 0.267451 0.54793
vt 0.268154 0.54793
vt 0.268271 0.548096
vt 0.267334 0.548096
vt 0.784443 0.579346
vt 0.68835 0.579346
vt 0.688232 0.57918
vt 0.784561 0.57918
vt 0.620205 0.565674
vt 0.619502 0.565674
vt 0.619385 0.565508
vt 0.620322 0.565508
vt 0.492061 0.551836
vt 0.588154 0.551836
vt 0.588271 0.552002
vt 0.491943 0.552002
vt 0.659424 0.623779
vt 0.659424 0.622842
vt 0.661299 0.622842
vt 0.661299 0.623779
vt 0.490127 0.654053
vt 0.393799 0.654053
vt 0.393799 0.652178
vt 0.490127 0.652178
vt 0.662842 0.623779
vt 0.662842 0.622842
vt 0.664717 0.622842
vt 0.664717 0.623779
vt 0.491943 0.652178
vt 0.588271 0.652178
vt 0.588271 0.654053
vt 0.491943 0.654053
vt 0.542197 0.587158
vt 0.54126 0.587158
vt 0.541377 0.586992
vt 0.54208 0.586992
vt 0.097549 0.587158
vt 0.001221 0.587158
vt 0.001338 0.586992
vt 0.097432 0.586992
vt 0.621826 0.565508
vt 0.622764 0.565508
vt 0.622646 0.565674
vt 0.621943 0.565674
vt 0.786377 0.57918
vt 0.882705 0.57918
vt 0.882588 0.579346
vt 0.786494 0.579346
vt 0.390283 0.612822
vt 0.390283 0.613525
vt 0.294189 0.613525
vt 0.294189 0.613525
vt 0.294189 0.612822
vt 0.390283 0.612822
vt 0.391846 0.612822
vt 0.487939 0.612822
vt 0.487939 0.613525
vt 0.487939 0.613525
vt 0.391846 0.613525
vt 0.391846 0.612822
vn 0 -0.707107 0.707107
vn 0.707107 -0.707107 0
vn 0 -0.707107 -0.707107
vn -0.707107 -0.707107 0
vn 0 0 1
vn 1 0 0
vn 0 0 -1
vn -1 0 0
vn 0 0.707107 0.707107
vn 0.707107 0.707107 0
vn 0 0.707107 -0.707107
vn -0.707107 0.707107 0
vn 0 -1 0
vn 0 1 0
f 1345/3361/785 1346/3362/785 1350/3363/785 1349/3364/785
f 1346/3365/786 1347/3366/786 1351/3367/786 1350/3368/786
f 1347/3369/787 1348/3370/787 1352/3371/787 1351/3372/787
f 1348/3373/788 1345/3374/788 1349/3375/788 1352/3376/788
f 1349/3377/789 1350/3378/789 1354/3379/789 1353/3380/789
f 1350/3381/790 1351/3382/790 1355/3383/790 1354/3384/790
f 1351/3385/791 1352/3386/791 1356/3387/791 1355/3388/791
f 1352/3389/792 1349/3390/792 1353/3391/792 1356/3392/792
f 1353/3393/793 1354/3394/793 1358/3395/793 1357/3396/793
f 1354/3397/794 1355/3398/794 1359/3399/794 1358/3400/794
f 1355/3401/795 1356/3402/795 1360/3403/795 1359/3404/795
f 1356/3405/796 1353/3406/796 1357/3407/796 1360/3408/796
f 1362/3409/797 1361/3410/797 1364/3411/797
f 1364/3412/797 1363/3413/797 1362/3414/797
f 1368/3415/798 1365/3416/798 1366/3417/798
f 1366/3418/798 1367/3419/798 1368/3420/798
o louvre_f_1102
usemtl rtu
v 1.401 1.102 0.03
v 1.795 1.102 0.03
v 1.795 1.102 0.024
v 1.401 1.102 0.024
v 1.4 1.103 0.031
v 1.796 1.103 0.031
v 1.796 1.103 0.023
v 1.4 1.103 0.023
v 1.4 1.119 0.031
v 1.796 1.119 0.031
v 1.796 1.119 0.023
v 1.4 1.119 0.023
v 1.401 1.12 0.03
v 1.795 1.12 0.03
v 1.795 1.12 0.024
v 1.401 1.12 0.024
v 1.401 1.102 0.03
v 1.795 1.102 0.03
v 1.795 1.102 0.024
v 1.401 1.102 0.024
v 1.401 1.12 0.03
v 1.795 1.12 0.03
v 1.795 1.12 0.024
v 1.401 1.12 0.024
vt 0.146357 0.553789
vt 0.192529 0.553789
vt 0.192646 0.553955
vt 0.14624 0.553955
vt 0.625088 0.565674
vt 0.624385 0.565674
vt 0.624268 0.565508
vt 0.625205 0.565508
vt 0.678857 0.550049
vt 0.632686 0.550049
vt 0.632568 0.549883
vt 0.678975 0.549883
vt 0.269893 0.54793
vt 0.270596 0.54793
vt 0.270713 0.548096
vt 0.269775 0.548096
vt 0.001221 0.635088
vt 0.047627 0.635088
vt 0.047627 0.636963
vt 0.001221 0.636963
vt 0.66626 0.623779
vt 0.66626 0.622842
vt 0.668135 0.622842
vt 0.668135 0.623779
vt 0.049561 0.635088
vt 0.095967 0.635088
vt 0.095967 0.636963
vt 0.049561 0.636963
vt 0.671553 0.622842
vt 0.671553 0.623779
vt 0.669678 0.623779
vt 0.669678 0.622842
vt 0.386006 0.56958
vt 0.3396 0.56958
vt 0.339717 0.569414
vt 0.385889 0.569414
vt 0.117393 0.587158
vt 0.116455 0.587158
vt 0.116572 0.586992
vt 0.117275 0.586992
vt 0.387939 0.569414
vt 0.434346 0.569414
vt 0.434229 0.56958
vt 0.388057 0.56958
vt 0.626709 0.565508
vt 0.627646 0.565508
vt 0.627529 0.565674
vt 0.626826 0.565674
vt 0.525908 0.601318
vt 0.479736 0.601318
vt 0.479736 0.600615
vt 0.479736 0.600615
vt 0.525908 0.600615
vt 0.525908 0.601318
vt 0.57376 0.600615
vt 0.57376 0.601318
vt 0.527588 0.601318
vt 0.527588 0.601318
vt 0.527588 0.600615
vt 0.57376 0.600615
vn 0 -0.707107 0.707107
vn 0.707107 -0.707107 0
vn 0 -0.707107 -0.707107
vn -0.707107 -0.707107 0
vn 0 0 1
vn 1 0 0
vn 0 0 -1
vn -1 0 0
vn 0 0.707107 0.707107
vn 0.707107 0.707107 0
vn 0 0.707107 -0.707107
vn -0.707107 0.707107 0
vn 0 -1 0
vn 0 1 0
f 1369/3421/799 1370/3422/799 1374/3423/799 1373/3424/799
f 1370/3425/800 1371/3426/800 1375/3427/800 1374/3428/800
f 1371/3429/801 1372/3430/801 1376/3431/801 1375/3432/801
f 1372/3433/802 1369/3434/802 1373/3435/802 1376/3436/802
f 1373/3437/803 1374/3438/803 1378/3439/803 1377/3440/803
f 1374/3441/804 1375/3442/804 1379/3443/804 1378/3444/804
f 1375/3445/805 1376/3446/805 1380/3447/805 1379/3448/805
f 1376/3449/806 1373/3450/806 1377/3451/806 1380/3452/806
f 1377/3453/807 1378/3454/807 1382/3455/807 1381/3456/807
f 1378/3457/808 1379/3458/808 1383/3459/808 1382/3460/808
f 1379/3461/809 1380/3462/809 1384/3463/809 1383/3464/809
f 1380/3465/810 1377/3466/810 1381/3467/810 1384/3468/810
f 1386/3469/811 1385/3470/811 1388/3471/811
f 1388/3472/811 1387/3473/811 1386/3474/811
f 1392/3475/812 1389/3476/812 1390/3477/812
f 1390/3478/812 1391/3479/812 1392/3480/812
o louvre_b_1102
usemtl rtu
v 1.401 1.102 0.976
v 1.795 1.102 0.976
v 1.795 1.102 0.97
v 1.401 1.102 0.97
v 1.4 1.103 0.977
v 1.796 1.103 0.977
v 1.796 1.103 0.969
v 1.4 1.103 0.969
v 1.4 1.119 0.977
v 1.796 1.119 0.977
v 1.796 1.119 0.969
v 1.4 1.119 0.969
v 1.401 1.12 0.976
v 1.795 1.12 0.976
v 1.795 1.12 0.97
v 1.401 1.12 0.97
v 1.401 1.102 0.976
v 1.795 1.102 0.976
v 1.795 1.102 0.97
v 1.401 1.102 0.97
v 1.401 1.12 0.976
v 1.795 1.12 0.976
v 1.795 1.12 0.97
v 1.401 1.12 0.97
vt 0.681025 0.549883
vt 0.727197 0.549883
vt 0.727314 0.550049
vt 0.680908 0.550049
vt 0.629971 0.565674
vt 0.629268 0.565674
vt 0.62915 0.565508
vt 0.630088 0.565508
vt 0.775537 0.550049
vt 0.729365 0.550049
vt 0.729248 0.549883
vt 0.775654 0.549883
vt 0.272334 0.54793
vt 0.273037 0.54793
vt 0.273154 0.548096
vt 0.272217 0.548096
vt 0.0979 0.635088
vt 0.144307 0.635088
vt 0.144307 0.636963
vt 0.0979 0.636963
vt 0.673096 0.623779
vt 0.673096 0.622842
vt 0.674971 0.622842
vt 0.674971 0.623779
vt 0.14624 0.635088
vt 0.192646 0.635088
vt 0.192646 0.636963
vt 0.14624 0.636963
vt 0.678389 0.622842
vt 0.678389 0.623779
vt 0.676514 0.623779
vt 0.676514 0.622842
vt 0.240986 0.553955
vt 0.19458 0.553955
vt 0.194697 0.553789
vt 0.240869 0.553789
vt 0.119834 0.587158
vt 0.118896 0.587158
vt 0.119014 0.586992
vt 0.119717 0.586992
vt 0.436279 0.569414
vt 0.482686 0.569414
vt 0.482568 0.56958
vt 0.436396 0.56958
vt 0.631592 0.565508
vt 0.632529 0.565508
vt 0.632412 0.565674
vt 0.631709 0.565674
vt 0.621611 0.601318
vt 0.575439 0.601318
vt 0.575439 0.600615
vt 0.575439 0.600615
vt 0.621611 0.600615
vt 0.621611 0.601318
vt 0.669463 0.600615
vt 0.669463 0.601318
vt 0.623291 0.601318
vt 0.623291 0.601318
vt 0.623291 0.600615
vt 0.669463 0.600615
vn 0 -0.707107 0.707107
vn 0.707107 -0.707107 0
vn 0 -0.707107 -0.707107
vn -0.707107 -0.707107 0
vn 0 0 1
vn 1 0 0
vn 0 0 -1
vn -1 0 0
vn 0 0.707107 0.707107
vn 0.707107 0.707107 0
vn 0 0.707107 -0.707107
vn -0.707107 0.707107 0
vn 0 -1 0
vn 0 1 0
f 1393/3481/813 1394/3482/813 1398/3483/813 1397/3484/813
f 1394/3485/814 1395/3486/814 1399/3487/814 1398/3488/814
f 1395/3489/815 1396/3490/815 1400/3491/815 1399/3492/815
f 1396/3493/816 1393/3494/816 1397/3495/816 1400/3496/816
f 1397/3497/817 1398/3498/817 1402/3499/817 1401/3500/817
f 1398/3501/818 1399/3502/818 1403/3503/818 1402/3504/818
f 1399/3505/819 1400/3506/819 1404/3507/819 1403/3508/819
f 1400/3509/820 1397/3510/820 1401/3511/820 1404/3512/820
f 1401/3513/821 1402/3514/821 1406/3515/821 1405/3516/821
f 1402/3517/822 1403/3518/822 1407/3519/822 1406/3520/822
f 1403/3521/823 1404/3522/823 1408/3523/823 1407/3524/823
f 1404/3525/824 1401/3526/824 1405/3527/824 1408/3528/824
f 1410/3529/825 1409/3530/825 1412/3531/825
f 1412/3532/825 1411/3533/825 1410/3534/825
f 1416/3535/826 1413/3536/826 1414/3537/826
f 1414/3538/826 1415/3539/826 1416/3540/826
o louvre_e_1102
usemtl rtu
v 1.845 1.102 0.91
v 1.851 1.102 0.91
v 1.851 1.102 0.09
v 1.845 1.102 0.09
v 1.844 1.103 0.911
v 1.852 1.103 0.911
v 1.852 1.103 0.089
v 1.844 1.103 0.089
v 1.844 1.119 0.911
v 1.852 1.119 0.911
v 1.852 1.119 0.089
v 1.844 1.119 0.089
v 1.845 1.12 0.91
v 1.851 1.12 0.91
v 1.851 1.12 0.09
v 1.845 1.12 0.09
v 1.845 1.102 0.91
v 1.851 1.102 0.91
v 1.851 1.102 0.09
v 1.845 1.102 0.09
v 1.845 1.12 0.91
v 1.851 1.12 0.91
v 1.851 1.12 0.09
v 1.845 1.12 0.09
vt 0.274775 0.54793
vt 0.275479 0.54793
vt 0.275596 0.548096
vt 0.274658 0.548096
vt 0.686299 0.552002
vt 0.590205 0.552002
vt 0.590088 0.551836
vt 0.686416 0.551836
vt 0.27792 0.548096
vt 0.277217 0.548096
vt 0.2771 0.54793
vt 0.278037 0.54793
vt 0.68835 0.551836
vt 0.784443 0.551836
vt 0.784561 0.552002
vt 0.688232 0.552002
vt 0.679932 0.623779
vt 0.679932 0.622842
vt 0.681807 0.622842
vt 0.681807 0.623779
vt 0.686416 0.654053
vt 0.590088 0.654053
vt 0.590088 0.652178
vt 0.686416 0.652178
vt 0.68335 0.623779
vt 0.68335 0.622842
vt 0.685225 0.622842
vt 0.685225 0.623779
vt 0.688232 0.652178
vt 0.784561 0.652178
vt 0.784561 0.654053
vt 0.688232 0.654053
vt 0.620322 0.553955
vt 0.619385 0.553955
vt 0.619502 0.553789
vt 0.620205 0.553789
vt 0.98085 0.579346
vt 0.884521 0.579346
vt 0.884639 0.57918
vt 0.980732 0.57918
vt 0.634033 0.565508
vt 0.634971 0.565508
vt 0.634854 0.565674
vt 0.63415 0.565674
vt 0.001221 0.577227
vt 0.097549 0.577227
vt 0.097432 0.577393
vt 0.001338 0.577393
vt 0.585596 0.612822
vt 0.585596 0.613525
vt 0.489502 0.613525
vt 0.489502 0.613525
vt 0.489502 0.612822
vt 0.585596 0.612822
vt 0.587158 0.612822
vt 0.683252 0.612822
vt 0.683252 0.613525
vt 0.683252 0.613525
vt 0.587158 0.613525
vt 0.587158 0.612822
vn 0 -0.707107 0.707107
vn 0.707107 -0.707107 0
vn 0 -0.707107 -0.707107
vn -0.707107 -0.707107 0
vn 0 0 1
vn 1 0 0
vn 0 0 -1
vn -1 0 0
vn 0 0.707107 0.707107
vn 0.707107 0.707107 0
vn 0 0.707107 -0.707107
vn -0.707107 0.707107 0
vn 0 -1 0
vn 0 1 0
f 1417/3541/827 1418/3542/827 1422/3543/827 1421/3544/827
f 1418/3545/828 1419/3546/828 1423/3547/828 1422/3548/828
f 1419/3549/829 1420/3550/829 1424/3551/829 1423/3552/829
f 1420/3553/830 1417/3554/830 1421/3555/830 1424/3556/830
f 1421/3557/831 1422/3558/831 1426/3559/831 1425/3560/831
f 1422/3561/832 1423/3562/832 1427/3563/832 1426/3564/832
f 1423/3565/833 1424/3566/833 1428/3567/833 1427/3568/833
f 1424/3569/834 1421/3570/834 1425/3571/834 1428/3572/834
f 1425/3573/835 1426/3574/835 1430/3575/835 1429/3576/835
f 1426/3577/836 1427/3578/836 1431/3579/836 1430/3580/836
f 1427/3581/837 1428/3582/837 1432/3583/837 1431/3584/837
f 1428/3585/838 1425/3586/838 1429/3587/838 1432/3588/838
f 1434/3589/839 1433/3590/839 1436/3591/839
f 1436/3592/839 1435/3593/839 1434/3594/839
f 1440/3595/840 1437/3596/840 1438/3597/840
f 1438/3598/840 1439/3599/840 1440/3600/840
o louvre_f_1136
usemtl rtu
v 1.401 1.136 0.03
v 1.795 1.136 0.03
v 1.795 1.136 0.024
v 1.401 1.136 0.024
v 1.4 1.137 0.031
v 1.796 1.137 0.031
v 1.796 1.137 0.023
v 1.4 1.137 0.023
v 1.4 1.153 0.031
v 1.796 1.153 0.031
v 1.796 1.153 0.023
v 1.4 1.153 0.023
v 1.401 1.154 0.03
v 1.795 1.154 0.03
v 1.795 1.154 0.024
v 1.401 1.154 0.024
v 1.401 1.136 0.03
v 1.795 1.136 0.03
v 1.795 1.136 0.024
v 1.401 1.136 0.024
v 1.401 1.154 0.03
v 1.795 1.154 0.03
v 1.795 1.154 0.024
v 1.401 1.154 0.024
vt 0.339717 0.561602
vt 0.385889 0.561602
vt 0.386006 0.561768
vt 0.3396 0.561768
vt 0.637295 0.565674
vt 0.636592 0.565674
vt 0.636475 0.565508
vt 0.637412 0.565508
vt 0.530908 0.56958
vt 0.484736 0.56958
vt 0.484619 0.569414
vt 0.531025 0.569414
vt 0.621943 0.553789
vt 0.622646 0.553789
vt 0.622764 0.553955
vt 0.621826 0.553955
vt 0.19458 0.635088
vt 0.240986 0.635088
vt 0.240986 0.636963
vt 0.19458 0.636963
vt 0.686768 0.623779
vt 0.686768 0.622842
vt 0.688643 0.622842
vt 0.688643 0.623779
vt 0.24292 0.635088
vt 0.289326 0.635088
vt 0.289326 0.636963
vt 0.24292 0.636963
vt 0.692061 0.622842
vt 0.692061 0.623779
vt 0.690186 0.623779
vt 0.690186 0.622842
vt 0.823994 0.550049
vt 0.777588 0.550049
vt 0.777705 0.549883
vt 0.823877 0.549883
vt 0.625205 0.553955
vt 0.624268 0.553955
vt 0.624385 0.553789
vt 0.625088 0.553789
vt 0.8396 0.553789
vt 0.886006 0.553789
vt 0.885889 0.553955
vt 0.839717 0.553955
vt 0.279541 0.54793
vt 0.280479 0.54793
vt 0.280361 0.548096
vt 0.279658 0.548096
vt 0.717314 0.601318
vt 0.671143 0.601318
vt 0.671143 0.600615
vt 0.671143 0.600615
vt 0.717314 0.600615
vt 0.717314 0.601318
vt 0.765166 0.600615
vt 0.765166 0.601318
vt 0.718994 0.601318
vt 0.718994 0.601318
vt 0.718994 0.600615
vt 0.765166 0.600615
vn 0 -0.707107 0.707107
vn 0.707107 -0.707107 0
vn 0 -0.707107 -0.707107
vn -0.707107 -0.707107 0
vn 0 0 1
vn 1 0 0
vn 0 0 -1
vn -1 0 0
vn 0 0.707107 0.707107
vn 0.707107 0.707107 0
vn 0 0.707107 -0.707107
vn -0.707107 0.707107 0
vn 0 -1 0
vn 0 1 0
f 1441/3601/841 1442/3602/841 1446/3603/841 1445/3604/841
f 1442/3605/842 1443/3606/842 1447/3607/842 1446/3608/842
f 1443/3609/843 1444/3610/843 1448/3611/843 1447/3612/843
f 1444/3613/844 1441/3614/844 1445/3615/844 1448/3616/844
f 1445/3617/845 1446/3618/845 1450/3619/845 1449/3620/845
f 1446/3621/846 1447/3622/846 1451/3623/846 1450/3624/846
f 1447/3625/847 1448/3626/847 1452/3627/847 1451/3628/847
f 1448/3629/848 1445/3630/848 1449/3631/848 1452/3632/848
f 1449/3633/849 1450/3634/849 1454/3635/849 1453/3636/849
f 1450/3637/850 1451/3638/850 1455/3639/850 1454/3640/850
f 1451/3641/851 1452/3642/851 1456/3643/851 1455/3644/851
f 1452/3645/852 1449/3646/852 1453/3647/852 1456/3648/852
f 1458/3649/853 1457/3650/853 1460/3651/853
f 1460/3652/853 1459/3653/853 1458/3654/853
f 1464/3655/854 1461/3656/854 1462/3657/854
f 1462/3658/854 1463/3659/854 1464/3660/854
o louvre_b_1136
usemtl rtu
v 1.401 1.136 0.976
v 1.795 1.136 0.976
v 1.795 1.136 0.97
v 1.401 1.136 0.97
v 1.4 1.137 0.977
v 1.796 1.137 0.977
v 1.796 1.137 0.969
v 1.4 1.137 0.969
v 1.4 1.153 0.977
v 1.796 1.153 0.977
v 1.796 1.153 0.969
v 1.4 1.153 0.969
v 1.401 1.154 0.976
v 1.795 1.154 0.976
v 1.795 1.154 0.97
v 1.401 1.154 0.97
v 1.401 1.136 0.976
v 1.795 1.136 0.976
v 1.795 1.136 0.97
v 1.401 1.136 0.97
v 1.401 1.154 0.976
v 1.795 1.154 0.976
v 1.795 1.154 0.97
v 1.401 1.154 0.97
vt 0.826045 0.549883
vt 0.872217 0.549883
vt 0.872334 0.550049
vt 0.825928 0.550049
vt 0.639736 0.565674
vt 0.639033 0.565674
vt 0.638916 0.565508
vt 0.639854 0.565508
vt 0.934229 0.553955
vt 0.888057 0.553955
vt 0.887939 0.553789
vt 0.934346 0.553789
vt 0.626826 0.553789
vt 0.627529 0.553789
vt 0.627646 0.553955
vt 0.626709 0.553955
vt 0.29126 0.635088
vt 0.337666 0.635088
vt 0.337666 0.636963
vt 0.29126 0.636963
vt 0.693604 0.623779
vt 0.693604 0.622842
vt 0.695479 0.622842
vt 0.695479 0.623779
vt 0.3396 0.635088
vt 0.386006 0.635088
vt 0.386006 0.636963
vt 0.3396 0.636963
vt 0.698896 0.622842
vt 0.698896 0.623779
vt 0.697021 0.623779
vt 0.697021 0.622842
vt 0.289326 0.553955
vt 0.24292 0.553955
vt 0.243037 0.553789
vt 0.289209 0.553789
vt 0.630088 0.553955
vt 0.62915 0.553955
vt 0.629268 0.553789
vt 0.629971 0.553789
vt 0.874268 0.549883
vt 0.920674 0.549883
vt 0.920557 0.550049
vt 0.874385 0.550049
vt 0.281982 0.54793
vt 0.28292 0.54793
vt 0.282803 0.548096
vt 0.2821 0.548096
vt 0.813018 0.601318
vt 0.766846 0.601318
vt 0.766846 0.600615
vt 0.766846 0.600615
vt 0.813018 0.600615
vt 0.813018 0.601318
vt 0.860869 0.600615
vt 0.860869 0.601318
vt 0.814697 0.601318
vt 0.814697 0.601318
vt 0.814697 0.600615
vt 0.860869 0.600615
vn 0 -0.707107 0.707107
vn 0.707107 -0.707107 0
vn 0 -0.707107 -0.707107
vn -0.707107 -0.707107 0
vn 0 0 1
vn 1 0 0
vn 0 0 -1
vn -1 0 0
vn 0 0.707107 0.707107
vn 0.707107 0.707107 0
vn 0 0.707107 -0.707107
vn -0.707107 0.707107 0
vn 0 -1 0
vn 0 1 0
f 1465/3661/855 1466/3662/855 1470/3663/855 1469/3664/855
f 1466/3665/856 1467/3666/856 1471/3667/856 1470/3668/856
f 1467/3669/857 1468/3670/857 1472/3671/857 1471/3672/857
f 1468/3673/858 1465/3674/858 1469/3675/858 1472/3676/858
f 1469/3677/859 1470/3678/859 1474/3679/859 1473/3680/859
f 1470/3681/860 1471/3682/860 1475/3683/860 1474/3684/860
f 1471/3685/861 1472/3686/861 1476/3687/861 1475/3688/861
f 1472/3689/862 1469/3690/862 1473/3691/862 1476/3692/862
f 1473/3693/863 1474/3694/863 1478/3695/863 1477/3696/863
f 1474/3697/864 1475/3698/864 1479/3699/864 1478/3700/864
f 1475/3701/865 1476/3702/865 1480/3703/865 1479/3704/865
f 1476/3705/866 1473/3706/866 1477/3707/866 1480/3708/866
f 1482/3709/867 1481/3710/867 1484/3711/867
f 1484/3712/867 1483/3713/867 1482/3714/867
f 1488/3715/868 1485/3716/868 1486/3717/868
f 1486/3718/868 1487/3719/868 1488/3720/868
o louvre_e_1136
usemtl rtu
v 1.845 1.136 0.91
v 1.851 1.136 0.91
v 1.851 1.136 0.09
v 1.845 1.136 0.09
v 1.844 1.137 0.911
v 1.852 1.137 0.911
v 1.852 1.137 0.089
v 1.844 1.137 0.089
v 1.844 1.153 0.911
v 1.852 1.153 0.911
v 1.852 1.153 0.089
v 1.844 1.153 0.089
v 1.845 1.154 0.91
v 1.851 1.154 0.91
v 1.851 1.154 0.09
v 1.845 1.154 0.09
v 1.845 1.136 0.91
v 1.851 1.136 0.91
v 1.851 1.136 0.09
v 1.845 1.136 0.09
v 1.845 1.154 0.91
v 1.851 1.154 0.91
v 1.851 1.154 0.09
v 1.845 1.154 0.09
vt 0.284541 0.54793
vt 0.285244 0.54793
vt 0.285361 0.548096
vt 0.284424 0.548096
vt 0.882588 0.552002
vt 0.786494 0.552002
vt 0.786377 0.551836
vt 0.882705 0.551836
vt 0.287686 0.548096
vt 0.286982 0.548096
vt 0.286865 0.54793
vt 0.287803 0.54793
vt 0.884639 0.559649
vt 0.980732 0.559649
vt 0.98085 0.559814
vt 0.884521 0.559814
vt 0.700439 0.623779
vt 0.700439 0.622842
vt 0.702314 0.622842
vt 0.702314 0.623779
vt 0.882705 0.654053
vt 0.786377 0.654053
vt 0.786377 0.652178
vt 0.882705 0.652178
vt 0.703857 0.623779
vt 0.703857 0.622842
vt 0.705732 0.622842
vt 0.705732 0.623779
vt 0.884521 0.652178
vt 0.98085 0.652178
vt 0.98085 0.654053
vt 0.884521 0.654053
vt 0.632529 0.553955
vt 0.631592 0.553955
vt 0.631709 0.553789
vt 0.632412 0.553789
vt 0.097549 0.557861
vt 0.001221 0.557861
vt 0.001338 0.557696
vt 0.097432 0.557696
vt 0.641357 0.565508
vt 0.642295 0.565508
vt 0.642178 0.565674
vt 0.641475 0.565674
vt 0.099365 0.577227
vt 0.195693 0.577227
vt 0.195576 0.577393
vt 0.099482 0.577393
vt 0.780908 0.612822
vt 0.780908 0.613525
vt 0.684814 0.613525
vt 0.684814 0.613525
vt 0.684814 0.612822
vt 0.780908 0.612822
vt 0.782471 0.612822
vt 0.878564 0.612822
vt 0.878564 0.613525
vt 0.878564 0.613525
vt 0.782471 0.613525
vt 0.782471 0.612822
vn 0 -0.707107 0.707107
vn 0.707107 -0.707107 0
vn 0 -0.707107 -0.707107
vn -0.707107 -0.707107 0
vn 0 0 1
vn 1 0 0
vn 0 0 -1
vn -1 0 0
vn 0 0.707107 0.707107
vn 0.707107 0.707107 0
vn 0 0.707107 -0.707107
vn -0.707107 0.707107 0
vn 0 -1 0
vn 0 1 0
f 1489/3721/869 1490/3722/869 1494/3723/869 1493/3724/869
f 1490/3725/870 1491/3726/870 1495/3727/870 1494/3728/870
f 1491/3729/871 1492/3730/871 1496/3731/871 1495/3732/871
f 1492/3733/872 1489/3734/872 1493/3735/872 1496/3736/872
f 1493/3737/873 1494/3738/873 1498/3739/873 1497/3740/873
f 1494/3741/874 1495/3742/874 1499/3743/874 1498/3744/874
f 1495/3745/875 1496/3746/875 1500/3747/875 1499/3748/875
f 1496/3749/876 1493/3750/876 1497/3751/876 1500/3752/876
f 1497/3753/877 1498/3754/877 1502/3755/877 1501/3756/877
f 1498/3757/878 1499/3758/878 1503/3759/878 1502/3760/878
f 1499/3761/879 1500/3762/879 1504/3763/879 1503/3764/879
f 1500/3765/880 1497/3766/880 1501/3767/880 1504/3768/880
f 1506/3769/881 1505/3770/881 1508/3771/881
f 1508/3772/881 1507/3773/881 1506/3774/881
f 1512/3775/882 1509/3776/882 1510/3777/882
f 1510/3778/882 1511/3779/882 1512/3780/882
o louvre_f_1170
usemtl rtu
v 1.401 1.17 0.03
v 1.795 1.17 0.03
v 1.795 1.17 0.024
v 1.401 1.17 0.024
v 1.4 1.171 0.031
v 1.796 1.171 0.031
v 1.796 1.171 0.023
v 1.4 1.171 0.023
v 1.4 1.187 0.031
v 1.796 1.187 0.031
v 1.796 1.187 0.023
v 1.4 1.187 0.023
v 1.401 1.188 0.03
v 1.795 1.188 0.03
v 1.795 1.188 0.024
v 1.401 1.188 0.024
v 1.401 1.17 0.03
v 1.795 1.17 0.03
v 1.795 1.17 0.024
v 1.401 1.17 0.024
v 1.401 1.188 0.03
v 1.795 1.188 0.03
v 1.795 1.188 0.024
v 1.401 1.188 0.024
vt 0.444697 0.586992
vt 0.490869 0.586992
vt 0.490986 0.587158
vt 0.44458 0.587158
vt 0.393154 0.589111
vt 0.392451 0.589111
vt 0.392334 0.588946
vt 0.393271 0.588946
vt 0.579248 0.56958
vt 0.533076 0.56958
vt 0.532959 0.569414
vt 0.579365 0.569414
vt 0.121455 0.586992
vt 0.122158 0.586992
vt 0.122275 0.587158
vt 0.121338 0.587158
vt 0.387939 0.635088
vt 0.434346 0.635088
vt 0.434346 0.636963
vt 0.387939 0.636963
vt 0.707275 0.623779
vt 0.707275 0.622842
vt 0.70915 0.622842
vt 0.70915 0.623779
vt 0.436279 0.635088
vt 0.482686 0.635088
vt 0.482686 0.636963
vt 0.436279 0.636963
vt 0.712568 0.622842
vt 0.712568 0.623779
vt 0.710693 0.623779
vt 0.710693 0.622842
vt 0.240986 0.565674
vt 0.19458 0.565674
vt 0.194697 0.565508
vt 0.240869 0.565508
vt 0.644736 0.565674
vt 0.643799 0.565674
vt 0.643916 0.565508
vt 0.644619 0.565508
vt 0.581299 0.569414
vt 0.627705 0.569414
vt 0.627588 0.56958
vt 0.581416 0.56958
vt 0.289307 0.54793
vt 0.290244 0.54793
vt 0.290127 0.548096
vt 0.289424 0.548096
vt 0.908721 0.601318
vt 0.862549 0.601318
vt 0.862549 0.600615
vt 0.862549 0.600615
vt 0.908721 0.600615
vt 0.908721 0.601318
vt 0.956572 0.600615
vt 0.956572 0.601318
vt 0.9104 0.601318
vt 0.9104 0.601318
vt 0.9104 0.600615
vt 0.956572 0.600615
vn 0 -0.707107 0.707107
vn 0.707107 -0.707107 0
vn 0 -0.707107 -0.707107
vn -0.707107 -0.707107 0
vn 0 0 1
vn 1 0 0
vn 0 0 -1
vn -1 0 0
vn 0 0.707107 0.707107
vn 0.707107 0.707107 0
vn 0 0.707107 -0.707107
vn -0.707107 0.707107 0
vn 0 -1 0
vn 0 1 0
f 1513/3781/883 1514/3782/883 1518/3783/883 1517/3784/883
f 1514/3785/884 1515/3786/884 1519/3787/884 1518/3788/884
f 1515/3789/885 1516/3790/885 1520/3791/885 1519/3792/885
f 1516/3793/886 1513/3794/886 1517/3795/886 1520/3796/886
f 1517/3797/887 1518/3798/887 1522/3799/887 1521/3800/887
f 1518/3801/888 1519/3802/888 1523/3803/888 1522/3804/888
f 1519/3805/889 1520/3806/889 1524/3807/889 1523/3808/889
f 1520/3809/890 1517/3810/890 1521/3811/890 1524/3812/890
f 1521/3813/891 1522/3814/891 1526/3815/891 1525/3816/891
f 1522/3817/892 1523/3818/892 1527/3819/892 1526/3820/892
f 1523/3821/893 1524/3822/893 1528/3823/893 1527/3824/893
f 1524/3825/894 1521/3826/894 1525/3827/894 1528/3828/894
f 1530/3829/895 1529/3830/895 1532/3831/895
f 1532/3832/895 1531/3833/895 1530/3834/895
f 1536/3835/896 1533/3836/896 1534/3837/896
f 1534/3838/896 1535/3839/896 1536/3840/896
o louvre_b_1170
usemtl rtu
v 1.401 1.17 0.976
v 1.795 1.17 0.976
v 1.795 1.17 0.97
v 1.401 1.17 0.97
v 1.4 1.171 0.977
v 1.796 1.171 0.977
v 1.796 1.171 0.969
v 1.4 1.171 0.969
v 1.4 1.187 0.977
v 1.796 1.187 0.977
v 1.796 1.187 0.969
v 1.4 1.187 0.969
v 1.401 1.188 0.976
v 1.795 1.188 0.976
v 1.795 1.188 0.97
v 1.401 1.188 0.97
v 1.401 1.17 0.976
v 1.795 1.17 0.976
v 1.795 1.17 0.97
v 1.401 1.17 0.97
v 1.401 1.188 0.976
v 1.795 1.188 0.976
v 1.795 1.188 0.97
v 1.401 1.188 0.97
vt 0.629756 0.569414
vt 0.675928 0.569414
vt 0.676045 0.56958
vt 0.629639 0.56958
vt 0.395596 0.589111
vt 0.394893 0.589111
vt 0.394775 0.588946
vt 0.395713 0.588946
vt 0.539209 0.587158
vt 0.493037 0.587158
vt 0.49292 0.586992
vt 0.539326 0.586992
vt 0.123896 0.586992
vt 0.1246 0.586992
vt 0.124717 0.587158
vt 0.123779 0.587158
vt 0.484619 0.635088
vt 0.531025 0.635088
vt 0.531025 0.636963
vt 0.484619 0.636963
vt 0.714111 0.623779
vt 0.714111 0.622842
vt 0.715986 0.622842
vt 0.715986 0.623779
vt 0.532959 0.635088
vt 0.579365 0.635088
vt 0.579365 0.636963
vt 0.532959 0.636963
vt 0.719404 0.622842
vt 0.719404 0.623779
vt 0.717529 0.623779
vt 0.717529 0.622842
vt 0.240986 0.548096
vt 0.19458 0.548096
vt 0.194697 0.54793
vt 0.240869 0.54793
vt 0.647178 0.565674
vt 0.64624 0.565674
vt 0.646357 0.565508
vt 0.647061 0.565508
vt 0.677979 0.569414
vt 0.724385 0.569414
vt 0.724268 0.56958
vt 0.678096 0.56958
vt 0.291748 0.54793
vt 0.292686 0.54793
vt 0.292568 0.548096
vt 0.291865 0.548096
vt 0.047393 0.598877
vt 0.001221 0.598877
vt 0.001221 0.598174
vt 0.001221 0.598174
vt 0.047393 0.598174
vt 0.047393 0.598877
vt 0.095244 0.598174
vt 0.095244 0.598877
vt 0.049072 0.598877
vt 0.049072 0.598877
vt 0.049072 0.598174
vt 0.095244 0.598174
vn 0 -0.707107 0.707107
vn 0.707107 -0.707107 0
vn 0 -0.707107 -0.707107
vn -0.707107 -0.707107 0
vn 0 0 1
vn 1 0 0
vn 0 0 -1
vn -1 0 0
vn 0 0.707107 0.707107
vn 0.707107 0.707107 0
vn 0 0.707107 -0.707107
vn -0.707107 0.707107 0
vn 0 -1 0
vn 0 1 0
f 1537/3841/897 1538/3842/897 1542/3843/897 1541/3844/897
f 1538/3845/898 1539/3846/898 1543/3847/898 1542/3848/898
f 1539/3849/899 1540/3850/899 1544/3851/899 1543/3852/899
f 1540/3853/900 1537/3854/900 1541/3855/900 1544/3856/900
f 1541/3857/901 1542/3858/901 1546/3859/901 1545/3860/901
f 1542/3861/902 1543/3862/902 1547/3863/902 1546/3864/902
f 1543/3865/903 1544/3866/903 1548/3867/903 1547/3868/903
f 1544/3869/904 1541/3870/904 1545/3871/904 1548/3872/904
f 1545/3873/905 1546/3874/905 1550/3875/905 1549/3876/905
f 1546/3877/906 1547/3878/906 1551/3879/906 1550/3880/906
f 1547/3881/907 1548/3882/907 1552/3883/907 1551/3884/907
f 1548/3885/908 1545/3886/908 1549/3887/908 1552/3888/908
f 1554/3889/909 1553/3890/909 1556/3891/909
f 1556/3892/909 1555/3893/909 1554/3894/909
f 1560/3895/910 1557/3896/910 1558/3897/910
f 1558/3898/910 1559/3899/910 1560/3900/910
o louvre_e_1170
usemtl rtu
v 1.845 1.17 0.91
v 1.851 1.17 0.91
v 1.851 1.17 0.09
v 1.845 1.17 0.09
v 1.844 1.171 0.911
v 1.852 1.171 0.911
v 1.852 1.171 0.089
v 1.844 1.171 0.089
v 1.844 1.187 0.911
v 1.852 1.187 0.911
v 1.852 1.187 0.089
v 1.844 1.187 0.089
v 1.845 1.188 0.91
v 1.851 1.188 0.91
v 1.851 1.188 0.09
v 1.845 1.188 0.09
v 1.845 1.17 0.91
v 1.851 1.17 0.91
v 1.851 1.17 0.09
v 1.845 1.17 0.09
v 1.845 1.188 0.91
v 1.851 1.188 0.91
v 1.851 1.188 0.09
v 1.845 1.188 0.09
vt 0.648799 0.565508
vt 0.649502 0.565508
vt 0.649619 0.565674
vt 0.648682 0.565674
vt 0.293721 0.577393
vt 0.197627 0.577393
vt 0.19751 0.577227
vt 0.293838 0.577227
vt 0.398037 0.589111
vt 0.397334 0.589111
vt 0.397217 0.588946
vt 0.398154 0.588946
vt 0.295771 0.577227
vt 0.391865 0.577227
vt 0.391982 0.577393
vt 0.295654 0.577393
vt 0.720947 0.623779
vt 0.720947 0.622842
vt 0.722822 0.622842
vt 0.722822 0.623779
vt 0.097549 0.650635
vt 0.001221 0.650635
vt 0.001221 0.64876
vt 0.097549 0.64876
vt 0.724365 0.623779
vt 0.724365 0.622842
vt 0.72624 0.622842
vt 0.72624 0.623779
vt 0.099365 0.64876
vt 0.195693 0.64876
vt 0.195693 0.650635
vt 0.099365 0.650635
vt 0.634971 0.553955
vt 0.634033 0.553955
vt 0.63415 0.553789
vt 0.634854 0.553789
vt 0.195693 0.557861
vt 0.099365 0.557861
vt 0.099482 0.557696
vt 0.195576 0.557696
vt 0.636475 0.553789
vt 0.637412 0.553789
vt 0.637295 0.553955
vt 0.636592 0.553955
vt 0.393799 0.577227
vt 0.490127 0.577227
vt 0.49001 0.577393
vt 0.393916 0.577393
vt 0.976221 0.612822
vt 0.976221 0.613525
vt 0.880127 0.613525
vt 0.880127 0.613525
vt 0.880127 0.612822
vt 0.976221 0.612822
vt 0.001221 0.610381
vt 0.097314 0.610381
vt 0.097314 0.611084
vt 0.097314 0.611084
vt 0.001221 0.611084
vt 0.001221 0.610381
vn 0 -0.707107 0.707107
vn 0.707107 -0.707107 0
vn 0 -0.707107 -0.707107
vn -0.707107 -0.707107 0
vn 0 0 1
vn 1 0 0
vn 0 0 -1
vn -1 0 0
vn 0 0.707107 0.707107
vn 0.707107 0.707107 0
vn 0 0.707107 -0.707107
vn -0.707107 0.707107 0
vn 0 -1 0
vn 0 1 0
f 1561/3901/911 1562/3902/911 1566/3903/911 1565/3904/911
f 1562/3905/912 1563/3906/912 1567/3907/912 1566/3908/912
f 1563/3909/913 1564/3910/913 1568/3911/913 1567/3912/913
f 1564/3913/914 1561/3914/914 1565/3915/914 1568/3916/914
f 1565/3917/915 1566/3918/915 1570/3919/915 1569/3920/915
f 1566/3921/916 1567/3922/916 1571/3923/916 1570/3924/916
f 1567/3925/917 1568/3926/917 1572/3927/917 1571/3928/917
f 1568/3929/918 1565/3930/918 1569/3931/918 1572/3932/918
f 1569/3933/919 1570/3934/919 1574/3935/919 1573/3936/919
f 1570/3937/920 1571/3938/920 1575/3939/920 1574/3940/920
f 1571/3941/921 1572/3942/921 1576/3943/921 1575/3944/921
f 1572/3945/922 1569/3946/922 1573/3947/922 1576/3948/922
f 1578/3949/923 1577/3950/923 1580/3951/923
f 1580/3952/923 1579/3953/923 1578/3954/923
f 1584/3955/924 1581/3956/924 1582/3957/924
f 1582/3958/924 1583/3959/924 1584/3960/924
o louvre_f_1204
usemtl rtu
v 1.401 1.204 0.03
v 1.795 1.204 0.03
v 1.795 1.204 0.024
v 1.401 1.204 0.024
v 1.4 1.205 0.031
v 1.796 1.205 0.031
v 1.796 1.205 0.023
v 1.4 1.205 0.023
v 1.4 1.221 0.031
v 1.796 1.221 0.031
v 1.796 1.221 0.023
v 1.4 1.221 0.023
v 1.401 1.222 0.03
v 1.795 1.222 0.03
v 1.795 1.222 0.024
v 1.401 1.222 0.024
v 1.401 1.204 0.03
v 1.795 1.204 0.03
v 1.795 1.204 0.024
v 1.401 1.204 0.024
v 1.401 1.222 0.03
v 1.795 1.222 0.03
v 1.795 1.222 0.024
v 1.401 1.222 0.024
vt 0.726436 0.569414
vt 0.772607 0.569414
vt 0.772725 0.56958
vt 0.726318 0.56958
vt 0.651943 0.565674
vt 0.65124 0.565674
vt 0.651123 0.565508
vt 0.652061 0.565508
vt 0.820947 0.56958
vt 0.774775 0.56958
vt 0.774658 0.569414
vt 0.821064 0.569414
vt 0.126338 0.586992
vt 0.127041 0.586992
vt 0.127158 0.587158
vt 0.126221 0.587158
vt 0.581299 0.635088
vt 0.627705 0.635088
vt 0.627705 0.636963
vt 0.581299 0.636963
vt 0.727783 0.623779
vt 0.727783 0.622842
vt 0.729658 0.622842
vt 0.729658 0.623779
vt 0.629639 0.635088
vt 0.676045 0.635088
vt 0.676045 0.636963
vt 0.629639 0.636963
vt 0.733076 0.622842
vt 0.733076 0.623779
vt 0.731201 0.623779
vt 0.731201 0.622842
vt 0.869404 0.56958
vt 0.822998 0.56958
vt 0.823115 0.569414
vt 0.869287 0.569414
vt 0.639854 0.553955
vt 0.638916 0.553955
vt 0.639033 0.553789
vt 0.639736 0.553789
vt 0.871338 0.569414
vt 0.917744 0.569414
vt 0.917627 0.56958
vt 0.871455 0.56958
vt 0.653564 0.565508
vt 0.654502 0.565508
vt 0.654385 0.565674
vt 0.653682 0.565674
vt 0.143096 0.598877
vt 0.096924 0.598877
vt 0.096924 0.598174
vt 0.096924 0.598174
vt 0.143096 0.598174
vt 0.143096 0.598877
vt 0.190947 0.598174
vt 0.190947 0.598877
vt 0.144775 0.598877
vt 0.144775 0.598877
vt 0.144775 0.598174
vt 0.190947 0.598174
vn 0 -0.707107 0.707107
vn 0.707107 -0.707107 0
vn 0 -0.707107 -0.707107
vn -0.707107 -0.707107 0
vn 0 0 1
vn 1 0 0
vn 0 0 -1
vn -1 0 0
vn 0 0.707107 0.707107
vn 0.707107 0.707107 0
vn 0 0.707107 -0.707107
vn -0.707107 0.707107 0
vn 0 -1 0
vn 0 1 0
f 1585/3961/925 1586/3962/925 1590/3963/925 1589/3964/925
f 1586/3965/926 1587/3966/926 1591/3967/926 1590/3968/926
f 1587/3969/927 1588/3970/927 1592/3971/927 1591/3972/927
f 1588/3973/928 1585/3974/928 1589/3975/928 1592/3976/928
f 1589/3977/929 1590/3978/929 1594/3979/929 1593/3980/929
f 1590/3981/930 1591/3982/930 1595/3983/930 1594/3984/930
f 1591/3985/931 1592/3986/931 1596/3987/931 1595/3988/931
f 1592/3989/932 1589/3990/932 1593/3991/932 1596/3992/932
f 1593/3993/933 1594/3994/933 1598/3995/933 1597/3996/933
f 1594/3997/934 1595/3998/934 1599/3999/934 1598/4000/934
f 1595/4001/935 1596/4002/935 1600/4003/935 1599/4004/935
f 1596/4005/936 1593/4006/936 1597/4007/936 1600/4008/936
f 1602/4009/937 1601/4010/937 1604/4011/937
f 1604/4012/937 1603/4013/937 1602/4014/937
f 1608/4015/938 1605/4016/938 1606/4017/938
f 1606/4018/938 1607/4019/938 1608/4020/938
o louvre_b_1204
usemtl rtu
v 1.401 1.204 0.976
v 1.795 1.204 0.976
v 1.795 1.204 0.97
v 1.401 1.204 0.97
v 1.4 1.205 0.977
v 1.796 1.205 0.977
v 1.796 1.205 0.969
v 1.4 1.205 0.969
v 1.4 1.221 0.977
v 1.796 1.221 0.977
v 1.796 1.221 0.969
v 1.4 1.221 0.969
v 1.401 1.222 0.976
v 1.795 1.222 0.976
v 1.795 1.222 0.97
v 1.401 1.222 0.97
v 1.401 1.204 0.976
v 1.795 1.204 0.976
v 1.795 1.204 0.97
v 1.401 1.204 0.97
v 1.401 1.222 0.976
v 1.795 1.222 0.976
v 1.795 1.222 0.97
v 1.401 1.222 0.97
vt 0.919795 0.569414
vt 0.965967 0.569414
vt 0.966084 0.56958
vt 0.919678 0.56958
vt 0.656826 0.565674
vt 0.656123 0.565674
vt 0.656006 0.565508
vt 0.656943 0.565508
vt 0.04751 0.567627
vt 0.001338 0.567627
vt 0.001221 0.567461
vt 0.047627 0.567461
vt 0.128779 0.586992
vt 0.129482 0.586992
vt 0.1296 0.587158
vt 0.128662 0.587158
vt 0.677979 0.635088
vt 0.724385 0.635088
vt 0.724385 0.636963
vt 0.677979 0.636963
vt 0.734619 0.623779
vt 0.734619 0.622842
vt 0.736494 0.622842
vt 0.736494 0.623779
vt 0.726318 0.635088
vt 0.772725 0.635088
vt 0.772725 0.636963
vt 0.726318 0.636963
vt 0.739912 0.622842
vt 0.739912 0.623779
vt 0.738037 0.623779
vt 0.738037 0.622842
vt 0.095967 0.567627
vt 0.049561 0.567627
vt 0.049678 0.567461
vt 0.09585 0.567461
vt 0.642295 0.553955
vt 0.641357 0.553955
vt 0.641475 0.553789
vt 0.642178 0.553789
vt 0.0979 0.567461
vt 0.144307 0.567461
vt 0.144189 0.567627
vt 0.098018 0.567627
vt 0.658447 0.565508
vt 0.659385 0.565508
vt 0.659268 0.565674
vt 0.658564 0.565674
vt 0.238799 0.598877
vt 0.192627 0.598877
vt 0.192627 0.598174
vt 0.192627 0.598174
vt 0.238799 0.598174
vt 0.238799 0.598877
vt 0.28665 0.598174
vt 0.28665 0.598877
vt 0.240479 0.598877
vt 0.240479 0.598877
vt 0.240479 0.598174
vt 0.28665 0.598174
vn 0 -0.707107 0.707107
vn 0.707107 -0.707107 0
vn 0 -0.707107 -0.707107
vn -0.707107 -0.707107 0
vn 0 0 1
vn 1 0 0
vn 0 0 -1
vn -1 0 0
vn 0 0.707107 0.707107
vn 0.707107 0.707107 0
vn 0 0.707107 -0.707107
vn -0.707107 0.707107 0
vn 0 -1 0
vn 0 1 0
f 1609/4021/939 1610/4022/939 1614/4023/939 1613/4024/939
f 1610/4025/940 1611/4026/940 1615/4027/940 1614/4028/940
f 1611/4029/941 1612/4030/941 1616/4031/941 1615/4032/941
f 1612/4033/942 1609/4034/942 1613/4035/942 1616/4036/942
f 1613/4037/943 1614/4038/943 1618/4039/943 1617/4040/943
f 1614/4041/944 1615/4042/944 1619/4043/944 1618/4044/944
f 1615/4045/945 1616/4046/945 1620/4047/945 1619/4048/945
f 1616/4049/946 1613/4050/946 1617/4051/946 1620/4052/946
f 1617/4053/947 1618/4054/947 1622/4055/947 1621/4056/947
f 1618/4057/948 1619/4058/948 1623/4059/948 1622/4060/948
f 1619/4061/949 1620/4062/949 1624/4063/949 1623/4064/949
f 1620/4065/950 1617/4066/950 1621/4067/950 1624/4068/950
f 1626/4069/951 1625/4070/951 1628/4071/951
f 1628/4072/951 1627/4073/951 1626/4074/951
f 1632/4075/952 1629/4076/952 1630/4077/952
f 1630/4078/952 1631/4079/952 1632/4080/952
o louvre_e_1204
usemtl rtu
v 1.845 1.204 0.91
v 1.851 1.204 0.91
v 1.851 1.204 0.09
v 1.845 1.204 0.09
v 1.844 1.205 0.911
v 1.852 1.205 0.911
v 1.852 1.205 0.089
v 1.844 1.205 0.089
v 1.844 1.221 0.911
v 1.852 1.221 0.911
v 1.852 1.221 0.089
v 1.844 1.221 0.089
v 1.845 1.222 0.91
v 1.851 1.222 0.91
v 1.851 1.222 0.09
v 1.845 1.222 0.09
v 1.845 1.204 0.91
v 1.851 1.204 0.91
v 1.851 1.204 0.09
v 1.845 1.204 0.09
v 1.845 1.222 0.91
v 1.851 1.222 0.91
v 1.851 1.222 0.09
v 1.845 1.222 0.09
vt 0.399775 0.588946
vt 0.400479 0.588946
vt 0.400596 0.589111
vt 0.399658 0.589111
vt 0.588154 0.577393
vt 0.492061 0.577393
vt 0.491943 0.577227
vt 0.588271 0.577227
vt 0.661709 0.565674
vt 0.661006 0.565674
vt 0.660889 0.565508
vt 0.661826 0.565508
vt 0.197627 0.557696
vt 0.293721 0.557696
vt 0.293838 0.557861
vt 0.19751 0.557861
vt 0.741455 0.623779
vt 0.741455 0.622842
vt 0.74333 0.622842
vt 0.74333 0.623779
vt 0.293838 0.650635
vt 0.19751 0.650635
vt 0.19751 0.64876
vt 0.293838 0.64876
vt 0.744873 0.623779
vt 0.744873 0.622842
vt 0.746748 0.622842
vt 0.746748 0.623779
vt 0.295654 0.64876
vt 0.391982 0.64876
vt 0.391982 0.650635
vt 0.295654 0.650635
vt 0.644736 0.553955
vt 0.643799 0.553955
vt 0.643916 0.553789
vt 0.644619 0.553789
vt 0.686416 0.577393
vt 0.590088 0.577393
vt 0.590205 0.577227
vt 0.686299 0.577227
vt 0.66333 0.565508
vt 0.664268 0.565508
vt 0.66415 0.565674
vt 0.663447 0.565674
vt 0.884521 0.551836
vt 0.98085 0.551836
vt 0.980732 0.552002
vt 0.884639 0.552002
vt 0.194971 0.610381
vt 0.194971 0.611084
vt 0.098877 0.611084
vt 0.098877 0.611084
vt 0.098877 0.610381
vt 0.194971 0.610381
vt 0.196533 0.610381
vt 0.292627 0.610381
vt 0.292627 0.611084
vt 0.292627 0.611084
vt 0.196533 0.611084
vt 0.196533 0.610381
vn 0 -0.707107 0.707107
vn 0.707107 -0.707107 0
vn 0 -0.707107 -0.707107
vn -0.707107 -0.707107 0
vn 0 0 1
vn 1 0 0
vn 0 0 -1
vn -1 0 0
vn 0 0.707107 0.707107
vn 0.707107 0.707107 0
vn 0 0.707107 -0.707107
vn -0.707107 0.707107 0
vn 0 -1 0
vn 0 1 0
f 1633/4081/953 1634/4082/953 1638/4083/953 1637/4084/953
f 1634/4085/954 1635/4086/954 1639/4087/954 1638/4088/954
f 1635/4089/955 1636/4090/955 1640/4091/955 1639/4092/955
f 1636/4093/956 1633/4094/956 1637/4095/956 1640/4096/956
f 1637/4097/957 1638/4098/957 1642/4099/957 1641/4100/957
f 1638/4101/958 1639/4102/958 1643/4103/958 1642/4104/958
f 1639/4105/959 1640/4106/959 1644/4107/959 1643/4108/959
f 1640/4109/960 1637/4110/960 1641/4111/960 1644/4112/960
f 1641/4113/961 1642/4114/961 1646/4115/961 1645/4116/961
f 1642/4117/962 1643/4118/962 1647/4119/962 1646/4120/962
f 1643/4121/963 1644/4122/963 1648/4123/963 1647/4124/963
f 1644/4125/964 1641/4126/964 1645/4127/964 1648/4128/964
f 1650/4129/965 1649/4130/965 1652/4131/965
f 1652/4132/965 1651/4133/965 1650/4134/965
f 1656/4135/966 1653/4136/966 1654/4137/966
f 1654/4138/966 1655/4139/966 1656/4140/966
o louvre_f_1238
usemtl rtu
v 1.401 1.238 0.03
v 1.795 1.238 0.03
v 1.795 1.238 0.024
v 1.401 1.238 0.024
v 1.4 1.239 0.031
v 1.796 1.239 0.031
v 1.796 1.239 0.023
v 1.4 1.239 0.023
v 1.4 1.255 0.031
v 1.796 1.255 0.031
v 1.796 1.255 0.023
v 1.4 1.255 0.023
v 1.401 1.256 0.03
v 1.795 1.256 0.03
v 1.795 1.256 0.024
v 1.401 1.256 0.024
v 1.401 1.238 0.03
v 1.795 1.238 0.03
v 1.795 1.238 0.024
v 1.401 1.238 0.024
v 1.401 1.256 0.03
v 1.795 1.256 0.03
v 1.795 1.256 0.024
v 1.401 1.256 0.024
vt 0.146357 0.567461
vt 0.192529 0.567461
vt 0.192646 0.567627
vt 0.14624 0.567627
vt 0.666592 0.565674
vt 0.665889 0.565674
vt 0.665771 0.565508
vt 0.666709 0.565508
vt 0.240869 0.567627
vt 0.194697 0.567627
vt 0.19458 0.567461
vt 0.240986 0.567461
vt 0.131221 0.586992
vt 0.131924 0.586992
vt 0.132041 0.587158
vt 0.131104 0.587158
vt 0.774658 0.635088
vt 0.821064 0.635088
vt 0.821064 0.636963
vt 0.774658 0.636963
vt 0.748291 0.623779
vt 0.748291 0.622842
vt 0.750166 0.622842
vt 0.750166 0.623779
vt 0.822998 0.635088
vt 0.869404 0.635088
vt 0.869404 0.636963
vt 0.822998 0.636963
vt 0.753584 0.622842
vt 0.753584 0.623779
vt 0.751709 0.623779
vt 0.751709 0.622842
vt 0.969014 0.550049
vt 0.922607 0.550049
vt 0.922725 0.549883
vt 0.968896 0.549883
vt 0.66915 0.565674
vt 0.668213 0.565674
vt 0.66833 0.565508
vt 0.669033 0.565508
vt 0.24292 0.567461
vt 0.289326 0.567461
vt 0.289209 0.567627
vt 0.243037 0.567627
vt 0.670654 0.565508
vt 0.671592 0.565508
vt 0.671475 0.565674
vt 0.670771 0.565674
vt 0.334502 0.598877
vt 0.28833 0.598877
vt 0.28833 0.598174
vt 0.28833 0.598174
vt 0.334502 0.598174
vt 0.334502 0.598877
vt 0.382354 0.598174
vt 0.382354 0.598877
vt 0.336182 0.598877
vt 0.336182 0.598877
vt 0.336182 0.598174
vt 0.382354 0.598174
vn 0 -0.707107 0.707107
vn 0.707107 -0.707107 0
vn 0 -0.707107 -0.707107
vn -0.707107 -0.707107 0
vn 0 0 1
vn 1 0 0
vn 0 0 -1
vn -1 0 0
vn 0 0.707107 0.707107
vn 0.707107 0.707107 0
vn 0 0.707107 -0.707107
vn -0.707107 0.707107 0
vn 0 -1 0
vn 0 1 0
f 1657/4141/967 1658/4142/967 1662/4143/967 1661/4144/967
f 1658/4145/968 1659/4146/968 1663/4147/968 1662/4148/968
f 1659/4149/969 1660/4150/969 1664/4151/969 1663/4152/969
f 1660/4153/970 1657/4154/970 1661/4155/970 1664/4156/970
f 1661/4157/971 1662/4158/971 1666/4159/971 1665/4160/971
f 1662/4161/972 1663/4162/972 1667/4163/972 1666/4164/972
f 1663/4165/973 1664/4166/973 1668/4167/973 1667/4168/973
f 1664/4169/974 1661/4170/974 1665/4171/974 1668/4172/974
f 1665/4173/975 1666/4174/975 1670/4175/975 1669/4176/975
f 1666/4177/976 1667/4178/976 1671/4179/976 1670/4180/976
f 1667/4181/977 1668/4182/977 1672/4183/977 1671/4184/977
f 1668/4185/978 1665/4186/978 1669/4187/978 1672/4188/978
f 1674/4189/979 1673/4190/979 1676/4191/979
f 1676/4192/979 1675/4193/979 1674/4194/979
f 1680/4195/980 1677/4196/980 1678/4197/980
f 1678/4198/980 1679/4199/980 1680/4200/980
o louvre_b_1238
usemtl rtu
v 1.401 1.238 0.976
v 1.795 1.238 0.976
v 1.795 1.238 0.97
v 1.401 1.238 0.97
v 1.4 1.239 0.977
v 1.796 1.239 0.977
v 1.796 1.239 0.969
v 1.4 1.239 0.969
v 1.4 1.255 0.977
v 1.796 1.255 0.977
v 1.796 1.255 0.969
v 1.4 1.255 0.969
v 1.401 1.256 0.976
v 1.795 1.256 0.976
v 1.795 1.256 0.97
v 1.401 1.256 0.97
v 1.401 1.238 0.976
v 1.795 1.238 0.976
v 1.795 1.238 0.97
v 1.401 1.238 0.97
v 1.401 1.256 0.976
v 1.795 1.256 0.976
v 1.795 1.256 0.97
v 1.401 1.256 0.97
vt 0.291377 0.567461
vt 0.337549 0.567461
vt 0.337666 0.567627
vt 0.29126 0.567627
vt 0.673916 0.565674
vt 0.673213 0.565674
vt 0.673096 0.565508
vt 0.674033 0.565508
vt 0.385889 0.567627
vt 0.339717 0.567627
vt 0.3396 0.567461
vt 0.386006 0.567461
vt 0.133662 0.586992
vt 0.134365 0.586992
vt 0.134482 0.587158
vt 0.133545 0.587158
vt 0.871338 0.635088
vt 0.917744 0.635088
vt 0.917744 0.636963
vt 0.871338 0.636963
vt 0.755127 0.623779
vt 0.755127 0.622842
vt 0.757002 0.622842
vt 0.757002 0.623779
vt 0.919678 0.635088
vt 0.966084 0.635088
vt 0.966084 0.636963
vt 0.919678 0.636963
vt 0.76042 0.622842
vt 0.76042 0.623779
vt 0.758545 0.623779
vt 0.758545 0.622842
vt 0.337666 0.553955
vt 0.29126 0.553955
vt 0.291377 0.553789
vt 0.337549 0.553789
vt 0.676475 0.565674
vt 0.675537 0.565674
vt 0.675654 0.565508
vt 0.676357 0.565508
vt 0.387939 0.567461
vt 0.434346 0.567461
vt 0.434229 0.567627
vt 0.388057 0.567627
vt 0.677979 0.565508
vt 0.678916 0.565508
vt 0.678799 0.565674
vt 0.678096 0.565674
vt 0.430205 0.598877
vt 0.384033 0.598877
vt 0.384033 0.598174
vt 0.384033 0.598174
vt 0.430205 0.598174
vt 0.430205 0.598877
vt 0.478057 0.598174
vt 0.478057 0.598877
vt 0.431885 0.598877
vt 0.431885 0.598877
vt 0.431885 0.598174
vt 0.478057 0.598174
vn 0 -0.707107 0.707107
vn 0.707107 -0.707107 0
vn 0 -0.707107 -0.707107
vn -0.707107 -0.707107 0
vn 0 0 1
vn 1 0 0
vn 0 0 -1
vn -1 0 0
vn 0 0.707107 0.707107
vn 0.707107 0.707107 0
vn 0 0.707107 -0.707107
vn -0.707107 0.707107 0
vn 0 -1 0
vn 0 1 0
f 1681/4201/981 1682/4202/981 1686/4203/981 1685/4204/981
f 1682/4205/982 1683/4206/982 1687/4207/982 1686/4208/982
f 1683/4209/983 1684/4210/983 1688/4211/983 1687/4212/983
f 1684/4213/984 1681/4214/984 1685/4215/984 1688/4216/984
f 1685/4217/985 1686/4218/985 1690/4219/985 1689/4220/985
f 1686/4221/986 1687/4222/986 1691/4223/986 1690/4224/986
f 1687/4225/987 1688/4226/987 1692/4227/987 1691/4228/987
f 1688/4229/988 1685/4230/988 1689/4231/988 1692/4232/988
f 1689/4233/989 1690/4234/989 1694/4235/989 1693/4236/989
f 1690/4237/990 1691/4238/990 1695/4239/990 1694/4240/990
f 1691/4241/991 1692/4242/991 1696/4243/991 1695/4244/991
f 1692/4245/992 1689/4246/992 1693/4247/992 1696/4248/992
f 1698/4249/993 1697/4250/993 1700/4251/993
f 1700/4252/993 1699/4253/993 1698/4254/993
f 1704/4255/994 1701/4256/994 1702/4257/994
f 1702/4258/994 1703/4259/994 1704/4260/994
o louvre_e_1238
usemtl rtu
v 1.845 1.238 0.91
v 1.851 1.238 0.91
v 1.851 1.238 0.09
v 1.845 1.238 0.09
v 1.844 1.239 0.911
v 1.852 1.239 0.911
v 1.852 1.239 0.089
v 1.844 1.239 0.089
v 1.844 1.255 0.911
v 1.852 1.255 0.911
v 1.852 1.255 0.089
v 1.844 1.255 0.089
v 1.845 1.256 0.91
v 1.851 1.256 0.91
v 1.851 1.256 0.09
v 1.845 1.256 0.09
v 1.845 1.238 0.91
v 1.851 1.238 0.91
v 1.851 1.238 0.09
v 1.845 1.238 0.09
v 1.845 1.256 0.91
v 1.851 1.256 0.91
v 1.851 1.256 0.09
v 1.845 1.256 0.09
vt 0.402217 0.588946
vt 0.40292 0.588946
vt 0.403037 0.589111
vt 0.4021 0.589111
vt 0.293721 0.589111
vt 0.197627 0.589111
vt 0.19751 0.588946
vt 0.293838 0.588946
vt 0.68124 0.565674
vt 0.680537 0.565674
vt 0.68042 0.565508
vt 0.681357 0.565508
vt 0.295771 0.557696
vt 0.391865 0.557696
vt 0.391982 0.557861
vt 0.295654 0.557861
vt 0.761963 0.623779
vt 0.761963 0.622842
vt 0.763838 0.622842
vt 0.763838 0.623779
vt 0.490127 0.650635
vt 0.393799 0.650635
vt 0.393799 0.64876
vt 0.490127 0.64876
vt 0.765381 0.623779
vt 0.765381 0.622842
vt 0.767256 0.622842
vt 0.767256 0.623779
vt 0.491943 0.64876
vt 0.588271 0.64876
vt 0.588271 0.650635
vt 0.491943 0.650635
vt 0.295127 0.548096
vt 0.294189 0.548096
vt 0.294307 0.54793
vt 0.29501 0.54793
vt 0.490127 0.557861
vt 0.393799 0.557861
vt 0.393916 0.557696
vt 0.49001 0.557696
vt 0.296631 0.54793
vt 0.297568 0.54793
vt 0.297451 0.548096
vt 0.296748 0.548096
vt 0.001221 0.549883
vt 0.097549 0.549883
vt 0.097432 0.550049
vt 0.001338 0.550049
vt 0.390283 0.610381
vt 0.390283 0.611084
vt 0.294189 0.611084
vt 0.294189 0.611084
vt 0.294189 0.610381
vt 0.390283 0.610381
vt 0.391846 0.610381
vt 0.487939 0.610381
vt 0.487939 0.611084
vt 0.487939 0.611084
vt 0.391846 0.611084
vt 0.391846 0.610381
vn 0 -0.707107 0.707107
vn 0.707107 -0.707107 0
vn 0 -0.707107 -0.707107
vn -0.707107 -0.707107 0
vn 0 0 1
vn 1 0 0
vn 0 0 -1
vn -1 0 0
vn 0 0.707107 0.707107
vn 0.707107 0.707107 0
vn 0 0.707107 -0.707107
vn -0.707107 0.707107 0
vn 0 -1 0
vn 0 1 0
f 1705/4261/995 1706/4262/995 1710/4263/995 1709/4264/995
f 1706/4265/996 1707/4266/996 1711/4267/996 1710/4268/996
f 1707/4269/997 1708/4270/997 1712/4271/997 1711/4272/997
f 1708/4273/998 1705/4274/998 1709/4275/998 1712/4276/998
f 1709/4277/999 1710/4278/999 1714/4279/999 1713/4280/999
f 1710/4281/1000 1711/4282/1000 1715/4283/1000 1714/4284/1000
f 1711/4285/1001 1712/4286/1001 1716/4287/1001 1715/4288/1001
f 1712/4289/1002 1709/4290/1002 1713/4291/1002 1716/4292/1002
f 1713/4293/1003 1714/4294/1003 1718/4295/1003 1717/4296/1003
f 1714/4297/1004 1715/4298/1004 1719/4299/1004 1718/4300/1004
f 1715/4301/1005 1716/4302/1005 1720/4303/1005 1719/4304/1005
f 1716/4305/1006 1713/4306/1006 1717/4307/1006 1720/4308/1006
f 1722/4309/1007 1721/4310/1007 1724/4311/1007
f 1724/4312/1007 1723/4313/1007 1722/4314/1007
f 1728/4315/1008 1725/4316/1008 1726/4317/1008
f 1726/4318/1008 1727/4319/1008 1728/4320/1008
o louvre_f_1272
usemtl rtu
v 1.401 1.272 0.03
v 1.795 1.272 0.03
v 1.795 1.272 0.024
v 1.401 1.272 0.024
v 1.4 1.273 0.031
v 1.796 1.273 0.031
v 1.796 1.273 0.023
v 1.4 1.273 0.023
v 1.4 1.289 0.031
v 1.796 1.289 0.031
v 1.796 1.289 0.023
v 1.4 1.289 0.023
v 1.401 1.29 0.03
v 1.795 1.29 0.03
v 1.795 1.29 0.024
v 1.401 1.29 0.024
v 1.401 1.272 0.03
v 1.795 1.272 0.03
v 1.795 1.272 0.024
v 1.401 1.272 0.024
v 1.401 1.29 0.03
v 1.795 1.29 0.03
v 1.795 1.29 0.024
v 1.401 1.29 0.024
vt 0.436396 0.567461
vt 0.482568 0.567461
vt 0.482686 0.567627
vt 0.436279 0.567627
vt 0.683682 0.565674
vt 0.682979 0.565674
vt 0.682861 0.565508
vt 0.683799 0.565508
vt 0.530908 0.567627
vt 0.484736 0.567627
vt 0.484619 0.567461
vt 0.531025 0.567461
vt 0.136104 0.586992
vt 0.136807 0.586992
vt 0.136924 0.587158
vt 0.135986 0.587158
vt 0.19751 0.628252
vt 0.243916 0.628252
vt 0.243916 0.630127
vt 0.19751 0.630127
vt 0.830322 0.623779
vt 0.830322 0.622842
vt 0.832197 0.622842
vt 0.832197 0.623779
vt 0.24585 0.628252
vt 0.292256 0.628252
vt 0.292256 0.630127
vt 0.24585 0.630127
vt 0.835615 0.622842
vt 0.835615 0.623779
vt 0.83374 0.623779
vt 0.83374 0.622842
vt 0.579365 0.567627
vt 0.532959 0.567627
vt 0.533076 0.567461
vt 0.579248 0.567461
vt 0.139365 0.587158
vt 0.138428 0.587158
vt 0.138545 0.586992
vt 0.139248 0.586992
vt 0.581299 0.567461
vt 0.627705 0.567461
vt 0.627588 0.567627
vt 0.581416 0.567627
vt 0.685303 0.565508
vt 0.68624 0.565508
vt 0.686123 0.565674
vt 0.68542 0.565674
vt 0.525908 0.598877
vt 0.479736 0.598877
vt 0.479736 0.598174
vt 0.479736 0.598174
vt 0.525908 0.598174
vt 0.525908 0.598877
vt 0.57376 0.598174
vt 0.57376 0.598877
vt 0.527588 0.598877
vt 0.527588 0.598877
vt 0.527588 0.598174
vt 0.57376 0.598174
vn 0 -0.707107 0.707107
vn 0.707107 -0.707107 0
vn 0 -0.707107 -0.707107
vn -0.707107 -0.707107 0
vn 0 0 1
vn 1 0 0
vn 0 0 -1
vn -1 0 0
vn 0 0.707107 0.707107
vn 0.707107 0.707107 0
vn 0 0.707107 -0.707107
vn -0.707107 0.707107 0
vn 0 -1 0
vn 0 1 0
f 1729/4321/1009 1730/4322/1009 1734/4323/1009 1733/4324/1009
f 1730/4325/1010 1731/4326/1010 1735/4327/1010 1734/4328/1010
f 1731/4329/1011 1732/4330/1011 1736/4331/1011 1735/4332/1011
f 1732/4333/1012 1729/4334/1012 1733/4335/1012 1736/4336/1012
f 1733/4337/1013 1734/4338/1013 1738/4339/1013 1737/4340/1013
f 1734/4341/1014 1735/4342/1014 1739/4343/1014 1738/4344/1014
f 1735/4345/1015 1736/4346/1015 1740/4347/1015 1739/4348/1015
f 1736/4349/1016 1733/4350/1016 1737/4351/1016 1740/4352/1016
f 1737/4353/1017 1738/4354/1017 1742/4355/1017 1741/4356/1017
f 1738/4357/1018 1739/4358/1018 1743/4359/1018 1742/4360/1018
f 1739/4361/1019 1740/4362/1019 1744/4363/1019 1743/4364/1019
f 1740/4365/1020 1737/4366/1020 1741/4367/1020 1744/4368/1020
f 1746/4369/1021 1745/4370/1021 1748/4371/1021
f 1748/4372/1021 1747/4373/1021 1746/4374/1021
f 1752/4375/1022 1749/4376/1022 1750/4377/1022
f 1750/4378/1022 1751/4379/1022 1752/4380/1022
o louvre_b_1272
usemtl rtu
v 1.401 1.272 0.976
v 1.795 1.272 0.976
v 1.795 1.272 0.97
v 1.401 1.272 0.97
v 1.4 1.273 0.977
v 1.796 1.273 0.977
v 1.796 1.273 0.969
v 1.4 1.273 0.969
v 1.4 1.289 0.977
v 1.796 1.289 0.977
v 1.796 1.289 0.969
v 1.4 1.289 0.969
v 1.401 1.29 0.976
v 1.795 1.29 0.976
v 1.795 1.29 0.97
v 1.401 1.29 0.97
v 1.401 1.272 0.976
v 1.795 1.272 0.976
v 1.795 1.272 0.97
v 1.401 1.272 0.97
v 1.401 1.29 0.976
v 1.795 1.29 0.976
v 1.795 1.29 0.97
v 1.401 1.29 0.97
vt 0.629756 0.567461
vt 0.675928 0.567461
vt 0.676045 0.567627
vt 0.629639 0.567627
vt 0.688564 0.565674
vt 0.687861 0.565674
vt 0.687744 0.565508
vt 0.688682 0.565508
vt 0.390283 0.589111
vt 0.344111 0.589111
vt 0.343994 0.588946
vt 0.3904 0.588946
vt 0.140986 0.586992
vt 0.141689 0.586992
vt 0.141807 0.587158
vt 0.140869 0.587158
vt 0.294189 0.628252
vt 0.340596 0.628252
vt 0.340596 0.630127
vt 0.294189 0.630127
vt 0.837158 0.623779
vt 0.837158 0.622842
vt 0.839033 0.622842
vt 0.839033 0.623779
vt 0.342529 0.628252
vt 0.388936 0.628252
vt 0.388936 0.630127
vt 0.342529 0.630127
vt 0.842451 0.622842
vt 0.842451 0.623779
vt 0.840576 0.623779
vt 0.840576 0.622842
vt 0.724385 0.567627
vt 0.677979 0.567627
vt 0.678096 0.567461
vt 0.724268 0.567461
vt 0.144248 0.587158
vt 0.143311 0.587158
vt 0.143428 0.586992
vt 0.144131 0.586992
vt 0.726318 0.567461
vt 0.772725 0.567461
vt 0.772607 0.567627
vt 0.726436 0.567627
vt 0.690186 0.565508
vt 0.691123 0.565508
vt 0.691006 0.565674
vt 0.690303 0.565674
vt 0.621611 0.598877
vt 0.575439 0.598877
vt 0.575439 0.598174
vt 0.575439 0.598174
vt 0.621611 0.598174
vt 0.621611 0.598877
vt 0.669463 0.598174
vt 0.669463 0.598877
vt 0.623291 0.598877
vt 0.623291 0.598877
vt 0.623291 0.598174
vt 0.669463 0.598174
vn 0 -0.707107 0.707107
vn 0.707107 -0.707107 0
vn 0 -0.707107 -0.707107
vn -0.707107 -0.707107 0
vn 0 0 1
vn 1 0 0
vn 0 0 -1
vn -1 0 0
vn 0 0.707107 0.707107
vn 0.707107 0.707107 0
vn 0 0.707107 -0.707107
vn -0.707107 0.707107 0
vn 0 -1 0
vn 0 1 0
f 1753/4381/1023 1754/4382/1023 1758/4383/1023 1757/4384/1023
f 1754/4385/1024 1755/4386/1024 1759/4387/1024 1758/4388/1024
f 1755/4389/1025 1756/4390/1025 1760/4391/1025 1759/4392/1025
f 1756/4393/1026 1753/4394/1026 1757/4395/1026 1760/4396/1026
f 1757/4397/1027 1758/4398/1027 1762/4399/1027 1761/4400/1027
f 1758/4401/1028 1759/4402/1028 1763/4403/1028 1762/4404/1028
f 1759/4405/1029 1760/4406/1029 1764/4407/1029 1763/4408/1029
f 1760/4409/1030 1757/4410/1030 1761/4411/1030 1764/4412/1030
f 1761/4413/1031 1762/4414/1031 1766/4415/1031 1765/4416/1031
f 1762/4417/1032 1763/4418/1032 1767/4419/1032 1766/4420/1032
f 1763/4421/1033 1764/4422/1033 1768/4423/1033 1767/4424/1033
f 1764/4425/1034 1761/4426/1034 1765/4427/1034 1768/4428/1034
f 1770/4429/1035 1769/4430/1035 1772/4431/1035
f 1772/4432/1035 1771/4433/1035 1770/4434/1035
f 1776/4435/1036 1773/4436/1036 1774/4437/1036
f 1774/4438/1036 1775/4439/1036 1776/4440/1036
o louvre_e_1272
usemtl rtu
v 1.845 1.272 0.91
v 1.851 1.272 0.91
v 1.851 1.272 0.09
v 1.845 1.272 0.09
v 1.844 1.273 0.911
v 1.852 1.273 0.911
v 1.852 1.273 0.089
v 1.844 1.273 0.089
v 1.844 1.289 0.911
v 1.852 1.289 0.911
v 1.852 1.289 0.089
v 1.844 1.289 0.089
v 1.845 1.29 0.91
v 1.851 1.29 0.91
v 1.851 1.29 0.09
v 1.845 1.29 0.09
v 1.845 1.272 0.91
v 1.851 1.272 0.91
v 1.851 1.272 0.09
v 1.845 1.272 0.09
v 1.845 1.29 0.91
v 1.851 1.29 0.91
v 1.851 1.29 0.09
v 1.845 1.29 0.09
vt 0.692744 0.565508
vt 0.693447 0.565508
vt 0.693564 0.565674
vt 0.692627 0.565674
vt 0.784443 0.577393
vt 0.68835 0.577393
vt 0.688232 0.577227
vt 0.784561 0.577227
vt 0.695889 0.565674
vt 0.695186 0.565674
vt 0.695068 0.565508
vt 0.696006 0.565508
vt 0.786494 0.577227
vt 0.882588 0.577227
vt 0.882705 0.577393
vt 0.786377 0.577393
vt 0.843994 0.623779
vt 0.843994 0.622842
vt 0.845869 0.622842
vt 0.845869 0.623779
vt 0.097549 0.630127
vt 0.001221 0.630127
vt 0.001221 0.628252
vt 0.097549 0.628252
vt 0.847412 0.623779
vt 0.847412 0.622842
vt 0.849287 0.622842
vt 0.849287 0.623779
vt 0.099365 0.628252
vt 0.195693 0.628252
vt 0.195693 0.630127
vt 0.099365 0.630127
vt 0.698447 0.565674
vt 0.69751 0.565674
vt 0.697627 0.565508
vt 0.69833 0.565508
vt 0.98085 0.577393
vt 0.884521 0.577393
vt 0.884639 0.577227
vt 0.980732 0.577227
vt 0.699951 0.565508
vt 0.700889 0.565508
vt 0.700771 0.565674
vt 0.700068 0.565674
vt 0.001221 0.575274
vt 0.097549 0.575274
vt 0.097432 0.575439
vt 0.001338 0.575439
vt 0.585596 0.610381
vt 0.585596 0.611084
vt 0.489502 0.611084
vt 0.489502 0.611084
vt 0.489502 0.610381
vt 0.585596 0.610381
vt 0.587158 0.610381
vt 0.683252 0.610381
vt 0.683252 0.611084
vt 0.683252 0.611084
vt 0.587158 0.611084
vt 0.587158 0.610381
vn 0 -0.707107 0.707107
vn 0.707107 -0.707107 0
vn 0 -0.707107 -0.707107
vn -0.707107 -0.707107 0
vn 0 0 1
vn 1 0 0
vn 0 0 -1
vn -1 0 0
vn 0 0.707107 0.707107
vn 0.707107 0.707107 0
vn 0 0.707107 -0.707107
vn -0.707107 0.707107 0
vn 0 -1 0
vn 0 1 0
f 1777/4441/1037 1778/4442/1037 1782/4443/1037 1781/4444/1037
f 1778/4445/1038 1779/4446/1038 1783/4447/1038 1782/4448/1038
f 1779/4449/1039 1780/4450/1039 1784/4451/1039 1783/4452/1039
f 1780/4453/1040 1777/4454/1040 1781/4455/1040 1784/4456/1040
f 1781/4457/1041 1782/4458/1041 1786/4459/1041 1785/4460/1041
f 1782/4461/1042 1783/4462/1042 1787/4463/1042 1786/4464/1042
f 1783/4465/1043 1784/4466/1043 1788/4467/1043 1787/4468/1043
f 1784/4469/1044 1781/4470/1044 1785/4471/1044 1788/4472/1044
f 1785/4473/1045 1786/4474/1045 1790/4475/1045 1789/4476/1045
f 1786/4477/1046 1787/4478/1046 1791/4479/1046 1790/4480/1046
f 1787/4481/1047 1788/4482/1047 1792/4483/1047 1791/4484/1047
f 1788/4485/1048 1785/4486/1048 1789/4487/1048 1792/4488/1048
f 1794/4489/1049 1793/4490/1049 1796/4491/1049
f 1796/4492/1049 1795/4493/1049 1794/4494/1049
f 1800/4495/1050 1797/4496/1050 1798/4497/1050
f 1798/4498/1050 1799/4499/1050 1800/4500/1050
o louvre_f_1306
usemtl rtu
v 1.401 1.306 0.03
v 1.795 1.306 0.03
v 1.795 1.306 0.024
v 1.401 1.306 0.024
v 1.4 1.307 0.031
v 1.796 1.307 0.031
v 1.796 1.307 0.023
v 1.4 1.307 0.023
v 1.4 1.323 0.031
v 1.796 1.323 0.031
v 1.796 1.323 0.023
v 1.4 1.323 0.023
v 1.401 1.324 0.03
v 1.795 1.324 0.03
v 1.795 1.324 0.024
v 1.401 1.324 0.024
v 1.401 1.306 0.03
v 1.795 1.306 0.03
v 1.795 1.306 0.024
v 1.401 1.306 0.024
v 1.401 1.324 0.03
v 1.795 1.324 0.03
v 1.795 1.324 0.024
v 1.401 1.324 0.024
vt 0.339717 0.553789
vt 0.385889 0.553789
vt 0.386006 0.553955
vt 0.3396 0.553955
vt 0.703213 0.565674
vt 0.70251 0.565674
vt 0.702393 0.565508
vt 0.70333 0.565508
vt 0.04751 0.548096
vt 0.001338 0.548096
vt 0.001221 0.54793
vt 0.047627 0.54793
vt 0.299189 0.54793
vt 0.299893 0.54793
vt 0.30001 0.548096
vt 0.299072 0.548096
vt 0.001221 0.63167
vt 0.047627 0.63167
vt 0.047627 0.633545
vt 0.001221 0.633545
vt 0.768799 0.623779
vt 0.768799 0.622842
vt 0.770674 0.622842
vt 0.770674 0.623779
vt 0.049561 0.63167
vt 0.095967 0.63167
vt 0.095967 0.633545
vt 0.049561 0.633545
vt 0.774092 0.622842
vt 0.774092 0.623779
vt 0.772217 0.623779
vt 0.772217 0.622842
vt 0.821064 0.567627
vt 0.774658 0.567627
vt 0.774775 0.567461
vt 0.820947 0.567461
vt 0.146689 0.587158
vt 0.145752 0.587158
vt 0.145869 0.586992
vt 0.146572 0.586992
vt 0.387939 0.553789
vt 0.434346 0.553789
vt 0.434229 0.553955
vt 0.388057 0.553955
vt 0.404541 0.588946
vt 0.405479 0.588946
vt 0.405361 0.589111
vt 0.404658 0.589111
vt 0.717314 0.598877
vt 0.671143 0.598877
vt 0.671143 0.598174
vt 0.671143 0.598174
vt 0.717314 0.598174
vt 0.717314 0.598877
vt 0.765166 0.598174
vt 0.765166 0.598877
vt 0.718994 0.598877
vt 0.718994 0.598877
vt 0.718994 0.598174
vt 0.765166 0.598174
vn 0 -0.707107 0.707107
vn 0.707107 -0.707107 0
vn 0 -0.707107 -0.707107
vn -0.707107 -0.707107 0
vn 0 0 1
vn 1 0 0
vn 0 0 -1
vn -1 0 0
vn 0 0.707107 0.707107
vn 0.707107 0.707107 0
vn 0 0.707107 -0.707107
vn -0.707107 0.707107 0
vn 0 -1 0
vn 0 1 0
f 1801/4501/1051 1802/4502/1051 1806/4503/1051 1805/4504/1051
f 1802/4505/1052 1803/4506/1052 1807/4507/1052 1806/4508/1052
f 1803/4509/1053 1804/4510/1053 1808/4511/1053 1807/4512/1053
f 1804/4513/1054 1801/4514/1054 1805/4515/1054 1808/4516/1054
f 1805/4517/1055 1806/4518/1055 1810/4519/1055 1809/4520/1055
f 1806/4521/1056 1807/4522/1056 1811/4523/1056 1810/4524/1056
f 1807/4525/1057 1808/4526/1057 1812/4527/1057 1811/4528/1057
f 1808/4529/1058 1805/4530/1058 1809/4531/1058 1812/4532/1058
f 1809/4533/1059 1810/4534/1059 1814/4535/1059 1813/4536/1059
f 1810/4537/1060 1811/4538/1060 1815/4539/1060 1814/4540/1060
f 1811/4541/1061 1812/4542/1061 1816/4543/1061 1815/4544/1061
f 1812/4545/1062 1809/4546/1062 1813/4547/1062 1816/4548/1062
f 1818/4549/1063 1817/4550/1063 1820/4551/1063
f 1820/4552/1063 1819/4553/1063 1818/4554/1063
f 1824/4555/1064 1821/4556/1064 1822/4557/1064
f 1822/4558/1064 1823/4559/1064 1824/4560/1064
o louvre_b_1306
usemtl rtu
v 1.401 1.306 0.976
v 1.795 1.306 0.976
v 1.795 1.306 0.97
v 1.401 1.306 0.97
v 1.4 1.307 0.977
v 1.796 1.307 0.977
v 1.796 1.307 0.969
v 1.4 1.307 0.969
v 1.4 1.323 0.977
v 1.796 1.323 0.977
v 1.796 1.323 0.969
v 1.4 1.323 0.969
v 1.401 1.324 0.976
v 1.795 1.324 0.976
v 1.795 1.324 0.97
v 1.401 1.324 0.97
v 1.401 1.306 0.976
v 1.795 1.306 0.976
v 1.795 1.306 0.97
v 1.401 1.306 0.97
v 1.401 1.324 0.976
v 1.795 1.324 0.976
v 1.795 1.324 0.97
v 1.401 1.324 0.97
vt 0.823115 0.567461
vt 0.869287 0.567461
vt 0.869404 0.567627
vt 0.822998 0.567627
vt 0.705654 0.565674
vt 0.704951 0.565674
vt 0.704834 0.565508
vt 0.705771 0.565508
vt 0.09585 0.548096
vt 0.049678 0.548096
vt 0.049561 0.54793
vt 0.095967 0.54793
vt 0.301631 0.54793
vt 0.302334 0.54793
vt 0.302451 0.548096
vt 0.301514 0.548096
vt 0.0979 0.63167
vt 0.144307 0.63167
vt 0.144307 0.633545
vt 0.0979 0.633545
vt 0.775635 0.623779
vt 0.775635 0.622842
vt 0.77751 0.622842
vt 0.77751 0.623779
vt 0.14624 0.63167
vt 0.192646 0.63167
vt 0.192646 0.633545
vt 0.14624 0.633545
vt 0.780928 0.622842
vt 0.780928 0.623779
vt 0.779053 0.623779
vt 0.779053 0.622842
vt 0.917744 0.567627
vt 0.871338 0.567627
vt 0.871455 0.567461
vt 0.917627 0.567461
vt 0.149131 0.587158
vt 0.148193 0.587158
vt 0.148311 0.586992
vt 0.149014 0.586992
vt 0.0979 0.54793
vt 0.144307 0.54793
vt 0.144189 0.548096
vt 0.098018 0.548096
vt 0.406982 0.588946
vt 0.40792 0.588946
vt 0.407803 0.589111
vt 0.4071 0.589111
vt 0.813018 0.598877
vt 0.766846 0.598877
vt 0.766846 0.598174
vt 0.766846 0.598174
vt 0.813018 0.598174
vt 0.813018 0.598877
vt 0.860869 0.598174
vt 0.860869 0.598877
vt 0.814697 0.598877
vt 0.814697 0.598877
vt 0.814697 0.598174
vt 0.860869 0.598174
vn 0 -0.707107 0.707107
vn 0.707107 -0.707107 0
vn 0 -0.707107 -0.707107
vn -0.707107 -0.707107 0
vn 0 0 1
vn 1 0 0
vn 0 0 -1
vn -1 0 0
vn 0 0.707107 0.707107
vn 0.707107 0.707107 0
vn 0 0.707107 -0.707107
vn -0.707107 0.707107 0
vn 0 -1 0
vn 0 1 0
f 1825/4561/1065 1826/4562/1065 1830/4563/1065 1829/4564/1065
f 1826/4565/1066 1827/4566/1066 1831/4567/1066 1830/4568/1066
f 1827/4569/1067 1828/4570/1067 1832/4571/1067 1831/4572/1067
f 1828/4573/1068 1825/4574/1068 1829/4575/1068 1832/4576/1068
f 1829/4577/1069 1830/4578/1069 1834/4579/1069 1833/4580/1069
f 1830/4581/1070 1831/4582/1070 1835/4583/1070 1834/4584/1070
f 1831/4585/1071 1832/4586/1071 1836/4587/1071 1835/4588/1071
f 1832/4589/1072 1829/4590/1072 1833/4591/1072 1836/4592/1072
f 1833/4593/1073 1834/4594/1073 1838/4595/1073 1837/4596/1073
f 1834/4597/1074 1835/4598/1074 1839/4599/1074 1838/4600/1074
f 1835/4601/1075 1836/4602/1075 1840/4603/1075 1839/4604/1075
f 1836/4605/1076 1833/4606/1076 1837/4607/1076 1840/4608/1076
f 1842/4609/1077 1841/4610/1077 1844/4611/1077
f 1844/4612/1077 1843/4613/1077 1842/4614/1077
f 1848/4615/1078 1845/4616/1078 1846/4617/1078
f 1846/4618/1078 1847/4619/1078 1848/4620/1078
o louvre_e_1306
usemtl rtu
v 1.845 1.306 0.91
v 1.851 1.306 0.91
v 1.851 1.306 0.09
v 1.845 1.306 0.09
v 1.844 1.307 0.911
v 1.852 1.307 0.911
v 1.852 1.307 0.089
v 1.844 1.307 0.089
v 1.844 1.323 0.911
v 1.852 1.323 0.911
v 1.852 1.323 0.089
v 1.844 1.323 0.089
v 1.845 1.324 0.91
v 1.851 1.324 0.91
v 1.851 1.324 0.09
v 1.845 1.324 0.09
v 1.845 1.306 0.91
v 1.851 1.306 0.91
v 1.851 1.306 0.09
v 1.845 1.306 0.09
v 1.845 1.324 0.91
v 1.851 1.324 0.91
v 1.851 1.324 0.09
v 1.845 1.324 0.09
vt 0.304072 0.54793
vt 0.304775 0.54793
vt 0.304893 0.548096
vt 0.303955 0.548096
vt 0.195576 0.575439
vt 0.099482 0.575439
vt 0.099365 0.575274
vt 0.195693 0.575274
vt 0.708096 0.565674
vt 0.707393 0.565674
vt 0.707275 0.565508
vt 0.708213 0.565508
vt 0.099482 0.549883
vt 0.195576 0.549883
vt 0.195693 0.550049
vt 0.099365 0.550049
vt 0.782471 0.623779
vt 0.782471 0.622842
vt 0.784346 0.622842
vt 0.784346 0.623779
vt 0.686416 0.650635
vt 0.590088 0.650635
vt 0.590088 0.64876
vt 0.686416 0.64876
vt 0.785889 0.623779
vt 0.785889 0.622842
vt 0.787764 0.622842
vt 0.787764 0.623779
vt 0.688232 0.64876
vt 0.784561 0.64876
vt 0.784561 0.650635
vt 0.688232 0.650635
vt 0.410361 0.589111
vt 0.409424 0.589111
vt 0.409541 0.588946
vt 0.410244 0.588946
vt 0.293838 0.575439
vt 0.19751 0.575439
vt 0.197627 0.575274
vt 0.293721 0.575274
vt 0.150635 0.586992
vt 0.151572 0.586992
vt 0.151455 0.587158
vt 0.150752 0.587158
vt 0.295654 0.575274
vt 0.391982 0.575274
vt 0.391865 0.575439
vt 0.295771 0.575439
vt 0.780908 0.610381
vt 0.780908 0.611084
vt 0.684814 0.611084
vt 0.684814 0.611084
vt 0.684814 0.610381
vt 0.780908 0.610381
vt 0.782471 0.610381
vt 0.878564 0.610381
vt 0.878564 0.611084
vt 0.878564 0.611084
vt 0.782471 0.611084
vt 0.782471 0.610381
vn 0 -0.707107 0.707107
vn 0.707107 -0.707107 0
vn 0 -0.707107 -0.707107
vn -0.707107 -0.707107 0
vn 0 0 1
vn 1 0 0
vn 0 0 -1
vn -1 0 0
vn 0 0.707107 0.707107
vn 0.707107 0.707107 0
vn 0 0.707107 -0.707107
vn -0.707107 0.707107 0
vn 0 -1 0
vn 0 1 0
f 1849/4621/1079 1850/4622/1079 1854/4623/1079 1853/4624/1079
f 1850/4625/1080 1851/4626/1080 1855/4627/1080 1854/4628/1080
f 1851/4629/1081 1852/4630/1081 1856/4631/1081 1855/4632/1081
f 1852/4633/1082 1849/4634/1082 1853/4635/1082 1856/4636/1082
f 1853/4637/1083 1854/4638/1083 1858/4639/1083 1857/4640/1083
f 1854/4641/1084 1855/4642/1084 1859/4643/1084 1858/4644/1084
f 1855/4645/1085 1856/4646/1085 1860/4647/1085 1859/4648/1085
f 1856/4649/1086 1853/4650/1086 1857/4651/1086 1860/4652/1086
f 1857/4653/1087 1858/4654/1087 1862/4655/1087 1861/4656/1087
f 1858/4657/1088 1859/4658/1088 1863/4659/1088 1862/4660/1088
f 1859/4661/1089 1860/4662/1089 1864/4663/1089 1863/4664/1089
f 1860/4665/1090 1857/4666/1090 1861/4667/1090 1864/4668/1090
f 1866/4669/1091 1865/4670/1091 1868/4671/1091
f 1868/4672/1091 1867/4673/1091 1866/4674/1091
f 1872/4675/1092 1869/4676/1092 1870/4677/1092
f 1870/4678/1092 1871/4679/1092 1872/4680/1092
o fan_ring
usemtl rtu
v 1.818941 1.398 0.521564
v 1.810527 1.398 0.563863
v 1.794023 1.398 0.603707
v 1.770062 1.398 0.639567
v 1.739567 1.398 0.670062
v 1.703707 1.398 0.694023
v 1.663863 1.398 0.710527
v 1.621564 1.398 0.718941
v 1.578436 1.398 0.718941
v 1.536137 1.398 0.710527
v 1.496293 1.398 0.694023
v 1.460433 1.398 0.670062
v 1.429938 1.398 0.639567
v 1.405977 1.398 0.603707
v 1.389473 1.398 0.563863
v 1.381059 1.398 0.521564
v 1.381059 1.398 0.478436
v 1.389473 1.398 0.436137
v 1.405977 1.398 0.396293
v 1.429938 1.398 0.360433
v 1.460433 1.398 0.329938
v 1.496293 1.398 0.305977
v 1.536137 1.398 0.289473
v 1.578436 1.398 0.281059
v 1.621564 1.398 0.281059
v 1.663863 1.398 0.289473
v 1.703707 1.398 0.305977
v 1.739567 1.398 0.329938
v 1.770062 1.398 0.360433
v 1.794023 1.398 0.396293
v 1.810527 1.398 0.436137
v 1.818941 1.398 0.478436
v 1.833868 1.398 0.523034
v 1.824881 1.398 0.568217
v 1.807251 1.398 0.610778
v 1.781657 1.398 0.649082
v 1.749082 1.398 0.681657
v 1.710778 1.398 0.707251
v 1.668217 1.398 0.724881
v 1.623034 1.398 0.733868
v 1.576966 1.398 0.733868
v 1.531783 1.398 0.724881
v 1.489222 1.398 0.707251
v 1.450918 1.398 0.681657
v 1.418343 1.398 0.649082
v 1.392749 1.398 0.610778
v 1.375119 1.398 0.568217
v 1.366132 1.398 0.523034
v 1.366132 1.398 0.476966
v 1.375119 1.398 0.431783
v 1.392749 1.398 0.389222
v 1.418343 1.398 0.350918
v 1.450918 1.398 0.318343
v 1.489222 1.398 0.292749
v 1.531783 1.398 0.275119
v 1.576966 1.398 0.266132
v 1.623034 1.398 0.266132
v 1.668217 1.398 0.275119
v 1.710778 1.398 0.292749
v 1.749082 1.398 0.318343
v 1.781657 1.398 0.350918
v 1.807251 1.398 0.389222
v 1.824881 1.398 0.431783
v 1.833868 1.398 0.476966
v 1.833868 1.44 0.523034
v 1.824881 1.44 0.568217
v 1.807251 1.44 0.610778
v 1.781657 1.44 0.649082
v 1.749082 1.44 0.681657
v 1.710778 1.44 0.707251
v 1.668217 1.44 0.724881
v 1.623034 1.44 0.733868
v 1.576966 1.44 0.733868
v 1.531783 1.44 0.724881
v 1.489222 1.44 0.707251
v 1.450918 1.44 0.681657
v 1.418343 1.44 0.649082
v 1.392749 1.44 0.610778
v 1.375119 1.44 0.568217
v 1.366132 1.44 0.523034
v 1.366132 1.44 0.476966
v 1.375119 1.44 0.431783
v 1.392749 1.44 0.389222
v 1.418343 1.44 0.350918
v 1.450918 1.44 0.318343
v 1.489222 1.44 0.292749
v 1.531783 1.44 0.275119
v 1.576966 1.44 0.266132
v 1.623034 1.44 0.266132
v 1.668217 1.44 0.275119
v 1.710778 1.44 0.292749
v 1.749082 1.44 0.318343
v 1.781657 1.44 0.350918
v 1.807251 1.44 0.389222
v 1.824881 1.44 0.431783
v 1.833868 1.44 0.476966
v 1.818941 1.44 0.521564
v 1.810527 1.44 0.563863
v 1.794023 1.44 0.603707
v 1.770062 1.44 0.639567
v 1.739567 1.44 0.670062
v 1.703707 1.44 0.694023
v 1.663863 1.44 0.710527
v 1.621564 1.44 0.718941
v 1.578436 1.44 0.718941
v 1.536137 1.44 0.710527
v 1.496293 1.44 0.694023
v 1.460433 1.44 0.670062
v 1.429938 1.44 0.639567
v 1.405977 1.44 0.603707
v 1.389473 1.44 0.563863
v 1.381059 1.44 0.521564
v 1.381059 1.44 0.478436
v 1.389473 1.44 0.436137
v 1.405977 1.44 0.396293
v 1.429938 1.44 0.360433
v 1.460433 1.44 0.329938
v 1.496293 1.44 0.305977
v 1.536137 1.44 0.289473
v 1.578436 1.44 0.281059
v 1.621564 1.44 0.281059
v 1.663863 1.44 0.289473
v 1.703707 1.44 0.305977
v 1.739567 1.44 0.329938
v 1.770062 1.44 0.360433
v 1.794023 1.44 0.396293
v 1.810527 1.44 0.436137
v 1.818941 1.44 0.478436
v 1.818941 1.398 0.521564
v 1.810527 1.398 0.563863
v 1.794023 1.398 0.603707
v 1.770062 1.398 0.639567
v 1.739567 1.398 0.670062
v 1.703707 1.398 0.694023
v 1.663863 1.398 0.710527
v 1.621564 1.398 0.718941
v 1.578436 1.398 0.718941
v 1.536137 1.398 0.710527
v 1.496293 1.398 0.694023
v 1.460433 1.398 0.670062
v 1.429938 1.398 0.639567
v 1.405977 1.398 0.603707
v 1.389473 1.398 0.563863
v 1.381059 1.398 0.521564
v 1.381059 1.398 0.478436
v 1.389473 1.398 0.436137
v 1.405977 1.398 0.396293
v 1.429938 1.398 0.360433
v 1.460433 1.398 0.329938
v 1.496293 1.398 0.305977
v 1.536137 1.398 0.289473
v 1.578436 1.398 0.281059
v 1.621564 1.398 0.281059
v 1.663863 1.398 0.289473
v 1.703707 1.398 0.305977
v 1.739567 1.398 0.329938
v 1.770062 1.398 0.360433
v 1.794023 1.398 0.396293
v 1.810527 1.398 0.436137
v 1.818941 1.398 0.478436
vt 0.031326 0.717404
vt 0.036621 0.718457
vt 0.036111 0.720139
vt 0.031154 0.719153
vt 0.036621 0.718457
vt 0.041609 0.720523
vt 0.04078 0.722073
vt 0.036111 0.720139
vt 0.041609 0.720523
vt 0.046098 0.723522
vt 0.044983 0.724881
vt 0.04078 0.722073
vt 0.046098 0.723522
vt 0.049915 0.72734
vt 0.048556 0.728455
vt 0.044983 0.724881
vt 0.049915 0.72734
vt 0.052914 0.731829
vt 0.051364 0.732657
vt 0.048556 0.728455
vt 0.052914 0.731829
vt 0.05498 0.736816
vt 0.053298 0.737326
vt 0.051364 0.732657
vt 0.05498 0.736816
vt 0.056034 0.742111
vt 0.054284 0.742283
vt 0.053298 0.737326
vt 0.056034 0.742111
vt 0.056034 0.74751
vt 0.054284 0.747337
vt 0.054284 0.742283
vt 0.056034 0.74751
vt 0.05498 0.752805
vt 0.053298 0.752294
vt 0.054284 0.747337
vt 0.05498 0.752805
vt 0.052914 0.757792
vt 0.051364 0.756964
vt 0.053298 0.752294
vt 0.052914 0.757792
vt 0.049915 0.762281
vt 0.048556 0.761166
vt 0.051364 0.756964
vt 0.049915 0.762281
vt 0.046098 0.766098
vt 0.044983 0.76474
vt 0.048556 0.761166
vt 0.046098 0.766098
vt 0.041609 0.769098
vt 0.04078 0.767547
vt 0.044983 0.76474
vt 0.041609 0.769098
vt 0.036621 0.771164
vt 0.036111 0.769481
vt 0.04078 0.767547
vt 0.036621 0.771164
vt 0.031326 0.772217
vt 0.031154 0.770467
vt 0.036111 0.769481
vt 0.031326 0.772217
vt 0.025928 0.772217
vt 0.0261 0.770467
vt 0.031154 0.770467
vt 0.025928 0.772217
vt 0.020633 0.771164
vt 0.021143 0.769481
vt 0.0261 0.770467
vt 0.020633 0.771164
vt 0.015645 0.769098
vt 0.016474 0.767547
vt 0.021143 0.769481
vt 0.015645 0.769098
vt 0.011157 0.766098
vt 0.012272 0.76474
vt 0.016474 0.767547
vt 0.011157 0.766098
vt 0.007339 0.762281
vt 0.008698 0.761166
vt 0.012272 0.76474
vt 0.007339 0.762281
vt 0.00434 0.757792
vt 0.00589 0.756964
vt 0.008698 0.761166
vt 0.00434 0.757792
vt 0.002274 0.752805
vt 0.003956 0.752294
vt 0.00589 0.756964
vt 0.002274 0.752805
vt 0.001221 0.74751
vt 0.00297 0.747337
vt 0.003956 0.752294
vt 0.001221 0.74751
vt 0.001221 0.742111
vt 0.00297 0.742283
vt 0.00297 0.747337
vt 0.001221 0.742111
vt 0.002274 0.736816
vt 0.003956 0.737326
vt 0.00297 0.742283
vt 0.002274 0.736816
vt 0.00434 0.731829
vt 0.00589 0.732657
vt 0.003956 0.737326
vt 0.00434 0.731829
vt 0.007339 0.72734
vt 0.008698 0.728455
vt 0.00589 0.732657
vt 0.007339 0.72734
vt 0.011157 0.723522
vt 0.012272 0.724881
vt 0.008698 0.728455
vt 0.011157 0.723522
vt 0.015645 0.720523
vt 0.016474 0.722073
vt 0.012272 0.724881
vt 0.015645 0.720523
vt 0.020633 0.718457
vt 0.021143 0.720139
vt 0.016474 0.722073
vt 0.020633 0.718457
vt 0.025928 0.717404
vt 0.0261 0.719153
vt 0.021143 0.720139
vt 0.025928 0.717404
vt 0.031326 0.717404
vt 0.031154 0.719153
vt 0.0261 0.719153
vt 0.82341 0.673057
vt 0.828809 0.673057
vt 0.828809 0.677979
vt 0.82341 0.677979
vt 0.828809 0.673057
vt 0.834104 0.673057
vt 0.834104 0.677979
vt 0.828809 0.677979
vt 0.877686 0.673057
vt 0.883058 0.673057
vt 0.883058 0.677979
vt 0.877686 0.677979
vt 0.883058 0.673057
vt 0.888431 0.673057
vt 0.888431 0.677979
vt 0.883058 0.677979
vt 0.953857 0.673057
vt 0.95923 0.673057
vt 0.95923 0.677979
vt 0.953857 0.677979
vt 0.95923 0.673057
vt 0.964603 0.673057
vt 0.964603 0.677979
vt 0.95923 0.677979
vt 0.901126 0.677979
vt 0.895753 0.677979
vt 0.895753 0.673057
vt 0.901126 0.673057
vt 0.895753 0.677979
vt 0.890381 0.677979
vt 0.890381 0.673057
vt 0.895753 0.673057
vt 0.913821 0.677979
vt 0.908449 0.677979
vt 0.908449 0.673057
vt 0.913821 0.673057
vt 0.908449 0.677979
vt 0.903076 0.677979
vt 0.903076 0.673057
vt 0.908449 0.673057
vt 0.977298 0.677979
vt 0.971925 0.677979
vt 0.971925 0.673057
vt 0.977298 0.673057
vt 0.971925 0.677979
vt 0.966553 0.677979
vt 0.966553 0.673057
vt 0.971925 0.673057
vt 0.926517 0.677979
vt 0.921144 0.677979
vt 0.921144 0.673057
vt 0.926517 0.673057
vt 0.921144 0.677979
vt 0.915771 0.677979
vt 0.915771 0.673057
vt 0.921144 0.673057
vt 0.939212 0.677979
vt 0.933839 0.677979
vt 0.933839 0.673057
vt 0.939212 0.673057
vt 0.933839 0.677979
vt 0.928467 0.677979
vt 0.928467 0.673057
vt 0.933839 0.673057
vt 0.951907 0.677979
vt 0.946535 0.677979
vt 0.946535 0.673057
vt 0.951907 0.673057
vt 0.946535 0.677979
vt 0.941162 0.677979
vt 0.941162 0.673057
vt 0.946535 0.673057
vt 0.989993 0.677979
vt 0.984621 0.677979
vt 0.984621 0.673057
vt 0.989993 0.673057
vt 0.984621 0.677979
vt 0.979248 0.677979
vt 0.979248 0.673057
vt 0.984621 0.673057
vt 0.011966 0.667725
vt 0.006593 0.667725
vt 0.006593 0.662803
vt 0.011966 0.662803
vt 0.006593 0.667725
vt 0.001221 0.667725
vt 0.001221 0.662803
vt 0.006593 0.662803
vt 0.86304 0.677979
vt 0.857668 0.677979
vt 0.857668 0.673057
vt 0.86304 0.673057
vt 0.857668 0.677979
vt 0.852295 0.677979
vt 0.852295 0.673057
vt 0.857668 0.673057
vt 0.024661 0.667725
vt 0.019289 0.667725
vt 0.019289 0.662803
vt 0.024661 0.662803
vt 0.019289 0.667725
vt 0.013916 0.667725
vt 0.013916 0.662803
vt 0.019289 0.662803
vt 0.86499 0.673057
vt 0.870363 0.673057
vt 0.870363 0.677979
vt 0.86499 0.677979
vt 0.870363 0.673057
vt 0.875735 0.673057
vt 0.875735 0.677979
vt 0.870363 0.677979
vt 0.026611 0.662803
vt 0.031984 0.662803
vt 0.031984 0.667725
vt 0.026611 0.667725
vt 0.031984 0.662803
vt 0.037357 0.662803
vt 0.037357 0.667725
vt 0.031984 0.667725
vt 0.203369 0.662803
vt 0.208768 0.662803
vt 0.208768 0.667725
vt 0.203369 0.667725
vt 0.818115 0.673057
vt 0.82341 0.673057
vt 0.82341 0.677979
vt 0.818115 0.677979
vt 0.087795 0.770467
vt 0.092752 0.769481
vt 0.093262 0.771164
vt 0.087967 0.772217
vt 0.092752 0.769481
vt 0.097421 0.767547
vt 0.09825 0.769098
vt 0.093262 0.771164
vt 0.097421 0.767547
vt 0.101623 0.76474
vt 0.102738 0.766098
vt 0.09825 0.769098
vt 0.101623 0.76474
vt 0.105197 0.761166
vt 0.106556 0.762281
vt 0.102738 0.766098
vt 0.105197 0.761166
vt 0.108005 0.756964
vt 0.109555 0.757792
vt 0.106556 0.762281
vt 0.108005 0.756964
vt 0.109939 0.752294
vt 0.111621 0.752805
vt 0.109555 0.757792
vt 0.109939 0.752294
vt 0.110925 0.747337
vt 0.112674 0.74751
vt 0.111621 0.752805
vt 0.110925 0.747337
vt 0.110925 0.742283
vt 0.112674 0.742111
vt 0.112674 0.74751
vt 0.110925 0.742283
vt 0.109939 0.737326
vt 0.111621 0.736816
vt 0.112674 0.742111
vt 0.109939 0.737326
vt 0.108005 0.732657
vt 0.109555 0.731829
vt 0.111621 0.736816
vt 0.108005 0.732657
vt 0.105197 0.728455
vt 0.106556 0.72734
vt 0.109555 0.731829
vt 0.105197 0.728455
vt 0.101623 0.724881
vt 0.102738 0.723522
vt 0.106556 0.72734
vt 0.101623 0.724881
vt 0.097421 0.722073
vt 0.09825 0.720523
vt 0.102738 0.723522
vt 0.097421 0.722073
vt 0.092752 0.720139
vt 0.093262 0.718457
vt 0.09825 0.720523
vt 0.092752 0.720139
vt 0.087795 0.719153
vt 0.087967 0.717404
vt 0.093262 0.718457
vt 0.087795 0.719153
vt 0.082741 0.719153
vt 0.082568 0.717404
vt 0.087967 0.717404
vt 0.082741 0.719153
vt 0.077784 0.720139
vt 0.077274 0.718457
vt 0.082568 0.717404
vt 0.077784 0.720139
vt 0.073115 0.722073
vt 0.072286 0.720523
vt 0.077274 0.718457
vt 0.073115 0.722073
vt 0.068912 0.724881
vt 0.067797 0.723522
vt 0.072286 0.720523
vt 0.068912 0.724881
vt 0.065339 0.728455
vt 0.06398 0.72734
vt 0.067797 0.723522
vt 0.065339 0.728455
vt 0.062531 0.732657
vt 0.06098 0.731829
vt 0.06398 0.72734
vt 0.062531 0.732657
vt 0.060597 0.737326
vt 0.058915 0.736816
vt 0.06098 0.731829
vt 0.060597 0.737326
vt 0.059611 0.742283
vt 0.057861 0.742111
vt 0.058915 0.736816
vt 0.059611 0.742283
vt 0.059611 0.747337
vt 0.057861 0.74751
vt 0.057861 0.742111
vt 0.059611 0.747337
vt 0.060597 0.752294
vt 0.058915 0.752805
vt 0.057861 0.74751
vt 0.060597 0.752294
vt 0.062531 0.756964
vt 0.06098 0.757792
vt 0.058915 0.752805
vt 0.062531 0.756964
vt 0.065339 0.761166
vt 0.06398 0.762281
vt 0.06098 0.757792
vt 0.065339 0.761166
vt 0.068912 0.76474
vt 0.067797 0.766098
vt 0.06398 0.762281
vt 0.068912 0.76474
vt 0.073115 0.767547
vt 0.072286 0.769098
vt 0.067797 0.766098
vt 0.073115 0.767547
vt 0.077784 0.769481
vt 0.077274 0.771164
vt 0.072286 0.769098
vt 0.077784 0.769481
vt 0.082741 0.770467
vt 0.082568 0.772217
vt 0.077274 0.771164
vt 0.082741 0.770467
vt 0.087795 0.770467
vt 0.087967 0.772217
vt 0.082568 0.772217
vt 0.84065 0.673057
vt 0.845704 0.673057
vt 0.845704 0.677979
vt 0.84065 0.677979
vt 0.845704 0.673057
vt 0.850661 0.673057
vt 0.850661 0.677979
vt 0.845704 0.677979
vt 0.168213 0.662803
vt 0.173243 0.662803
vt 0.173243 0.667725
vt 0.168213 0.667725
vt 0.173243 0.662803
vt 0.178272 0.662803
vt 0.178272 0.667725
vt 0.173243 0.667725
vt 0.179932 0.662803
vt 0.184961 0.662803
vt 0.184961 0.667725
vt 0.179932 0.667725
vt 0.184961 0.662803
vt 0.189991 0.662803
vt 0.189991 0.667725
vt 0.184961 0.667725
vt 0.039307 0.662803
vt 0.044336 0.662803
vt 0.044336 0.667725
vt 0.039307 0.667725
vt 0.044336 0.662803
vt 0.049366 0.662803
vt 0.049366 0.667725
vt 0.044336 0.667725
vt 0.051025 0.662803
vt 0.056055 0.662803
vt 0.056055 0.667725
vt 0.051025 0.667725
vt 0.056055 0.662803
vt 0.061085 0.662803
vt 0.061085 0.667725
vt 0.056055 0.667725
vt 0.119678 0.667725
vt 0.114649 0.667725
vt 0.114649 0.662803
vt 0.119678 0.662803
vt 0.114649 0.667725
vt 0.109619 0.667725
vt 0.109619 0.662803
vt 0.114649 0.662803
vt 0.131397 0.667725
vt 0.126368 0.667725
vt 0.126368 0.662803
vt 0.131397 0.662803
vt 0.126368 0.667725
vt 0.121338 0.667725
vt 0.121338 0.662803
vt 0.126368 0.662803
vt 0.096241 0.667725
vt 0.091211 0.667725
vt 0.091211 0.662803
vt 0.096241 0.662803
vt 0.091211 0.667725
vt 0.086182 0.667725
vt 0.086182 0.662803
vt 0.091211 0.662803
vt 0.10796 0.667725
vt 0.10293 0.667725
vt 0.10293 0.662803
vt 0.10796 0.662803
vt 0.10293 0.667725
vt 0.0979 0.667725
vt 0.0979 0.662803
vt 0.10293 0.662803
vt 0.143116 0.667725
vt 0.138086 0.667725
vt 0.138086 0.662803
vt 0.143116 0.662803
vt 0.138086 0.667725
vt 0.133057 0.667725
vt 0.133057 0.662803
vt 0.138086 0.662803
vt 0.084522 0.667725
vt 0.079493 0.667725
vt 0.079493 0.662803
vt 0.084522 0.662803
vt 0.079493 0.667725
vt 0.074463 0.667725
vt 0.074463 0.662803
vt 0.079493 0.662803
vt 0.144775 0.662803
vt 0.149805 0.662803
vt 0.149805 0.667725
vt 0.144775 0.667725
vt 0.149805 0.662803
vt 0.154835 0.662803
vt 0.154835 0.667725
vt 0.149805 0.667725
vt 0.062744 0.662803
vt 0.067774 0.662803
vt 0.067774 0.667725
vt 0.062744 0.667725
vt 0.067774 0.662803
vt 0.072803 0.662803
vt 0.072803 0.667725
vt 0.067774 0.667725
vt 0.19165 0.662803
vt 0.19668 0.662803
vt 0.19668 0.667725
vt 0.19165 0.667725
vt 0.19668 0.662803
vt 0.20171 0.662803
vt 0.20171 0.667725
vt 0.19668 0.667725
vt 0.156494 0.662803
vt 0.161524 0.662803
vt 0.161524 0.667725
vt 0.156494 0.667725
vt 0.161524 0.662803
vt 0.166553 0.662803
vt 0.166553 0.667725
vt 0.161524 0.667725
vt 0.210693 0.662803
vt 0.215747 0.662803
vt 0.215747 0.667725
vt 0.210693 0.667725
vt 0.835693 0.673057
vt 0.84065 0.673057
vt 0.84065 0.677979
vt 0.835693 0.677979
vn 0 -1 0
vn 0.995185 0 0.098017
vn 0.95694 0 0.290285
vn 0.881921 0 0.471397
vn 0.77301 0 0.634393
vn 0.634393 0 0.77301
vn 0.471397 0 0.881921
vn 0.290285 0 0.95694
vn 0.098017 0 0.995185
vn -0.098017 0 0.995185
vn -0.290285 0 0.95694
vn -0.471397 0 0.881921
vn -0.634393 0 0.77301
vn -0.77301 0 0.634393
vn -0.881921 0 0.471397
vn -0.95694 0 0.290285
vn -0.995185 0 0.098017
vn -0.995185 0 -0.098017
vn -0.95694 0 -0.290285
vn -0.881921 0 -0.471397
vn -0.77301 0 -0.634393
vn -0.634393 0 -0.77301
vn -0.471397 0 -0.881921
vn -0.290285 0 -0.95694
vn -0.098017 0 -0.995185
vn 0.098017 0 -0.995185
vn 0.290285 0 -0.95694
vn 0.471397 0 -0.881921
vn 0.634393 0 -0.77301
vn 0.77301 0 -0.634393
vn 0.881921 0 -0.471397
vn 0.95694 0 -0.290285
vn 0.995185 0 -0.098017
vn 0 1 0
f 1905/4681/1093 1906/4682/1093 1874/4683/1093 1873/4684/1093
f 1906/4685/1093 1907/4686/1093 1875/4687/1093 1874/4688/1093
f 1907/4689/1093 1908/4690/1093 1876/4691/1093 1875/4692/1093
f 1908/4693/1093 1909/4694/1093 1877/4695/1093 1876/4696/1093
f 1909/4697/1093 1910/4698/1093 1878/4699/1093 1877/4700/1093
f 1910/4701/1093 1911/4702/1093 1879/4703/1093 1878/4704/1093
f 1911/4705/1093 1912/4706/1093 1880/4707/1093 1879/4708/1093
f 1912/4709/1093 1913/4710/1093 1881/4711/1093 1880/4712/1093
f 1913/4713/1093 1914/4714/1093 1882/4715/1093 1881/4716/1093
f 1914/4717/1093 1915/4718/1093 1883/4719/1093 1882/4720/1093
f 1915/4721/1093 1916/4722/1093 1884/4723/1093 1883/4724/1093
f 1916/4725/1093 1917/4726/1093 1885/4727/1093 1884/4728/1093
f 1917/4729/1093 1918/4730/1093 1886/4731/1093 1885/4732/1093
f 1918/4733/1093 1919/4734/1093 1887/4735/1093 1886/4736/1093
f 1919/4737/1093 1920/4738/1093 1888/4739/1093 1887/4740/1093
f 1920/4741/1093 1921/4742/1093 1889/4743/1093 1888/4744/1093
f 1921/4745/1093 1922/4746/1093 1890/4747/1093 1889/4748/1093
f 1922/4749/1093 1923/4750/1093 1891/4751/1093 1890/4752/1093
f 1923/4753/1093 1924/4754/1093 1892/4755/1093 1891/4756/1093
f 1924/4757/1093 1925/4758/1093 1893/4759/1093 1892/4760/1093
f 1925/4761/1093 1926/4762/1093 1894/4763/1093 1893/4764/1093
f 1926/4765/1093 1927/4766/1093 1895/4767/1093 1894/4768/1093
f 1927/4769/1093 1928/4770/1093 1896/4771/1093 1895/4772/1093
f 1928/4773/1093 1929/4774/1093 1897/4775/1093 1896/4776/1093
f 1929/4777/1093 1930/4778/1093 1898/4779/1093 1897/4780/1093
f 1930/4781/1093 1931/4782/1093 1899/4783/1093 1898/4784/1093
f 1931/4785/1093 1932/4786/1093 1900/4787/1093 1899/4788/1093
f 1932/4789/1093 1933/4790/1093 1901/4791/1093 1900/4792/1093
f 1933/4793/1093 1934/4794/1093 1902/4795/1093 1901/4796/1093
f 1934/4797/1093 1935/4798/1093 1903/4799/1093 1902/4800/1093
f 1935/4801/1093 1936/4802/1093 1904/4803/1093 1903/4804/1093
f 1936/4805/1093 1905/4806/1093 1873/4807/1093 1904/4808/1093
f 1937/4809/1094 1938/4810/1095 1906/4811/1095 1905/4812/1094
f 1938/4813/1095 1939/4814/1096 1907/4815/1096 1906/4816/1095
f 1939/4817/1096 1940/4818/1097 1908/4819/1097 1907/4820/1096
f 1940/4821/1097 1941/4822/1098 1909/4823/1098 1908/4824/1097
f 1941/4825/1098 1942/4826/1099 1910/4827/1099 1909/4828/1098
f 1942/4829/1099 1943/4830/1100 1911/4831/1100 1910/4832/1099
f 1943/4833/1100 1944/4834/1101 1912/4835/1101 1911/4836/1100
f 1944/4837/1101 1945/4838/1102 1913/4839/1102 1912/4840/1101
f 1945/4841/1102 1946/4842/1103 1914/4843/1103 1913/4844/1102
f 1946/4845/1103 1947/4846/1104 1915/4847/1104 1914/4848/1103
f 1947/4849/1104 1948/4850/1105 1916/4851/1105 1915/4852/1104
f 1948/4853/1105 1949/4854/1106 1917/4855/1106 1916/4856/1105
f 1949/4857/1106 1950/4858/1107 1918/4859/1107 1917/4860/1106
f 1950/4861/1107 1951/4862/1108 1919/4863/1108 1918/4864/1107
f 1951/4865/1108 1952/4866/1109 1920/4867/1109 1919/4868/1108
f 1952/4869/1109 1953/4870/1110 1921/4871/1110 1920/4872/1109
f 1953/4873/1110 1954/4874/1111 1922/4875/1111 1921/4876/1110
f 1954/4877/1111 1955/4878/1112 1923/4879/1112 1922/4880/1111
f 1955/4881/1112 1956/4882/1113 1924/4883/1113 1923/4884/1112
f 1956/4885/1113 1957/4886/1114 1925/4887/1114 1924/4888/1113
f 1957/4889/1114 1958/4890/1115 1926/4891/1115 1925/4892/1114
f 1958/4893/1115 1959/4894/1116 1927/4895/1116 1926/4896/1115
f 1959/4897/1116 1960/4898/1117 1928/4899/1117 1927/4900/1116
f 1960/4901/1117 1961/4902/1118 1929/4903/1118 1928/4904/1117
f 1961/4905/1118 1962/4906/1119 1930/4907/1119 1929/4908/1118
f 1962/4909/1119 1963/4910/1120 1931/4911/1120 1930/4912/1119
f 1963/4913/1120 1964/4914/1121 1932/4915/1121 1931/4916/1120
f 1964/4917/1121 1965/4918/1122 1933/4919/1122 1932/4920/1121
f 1965/4921/1122 1966/4922/1123 1934/4923/1123 1933/4924/1122
f 1966/4925/1123 1967/4926/1124 1935/4927/1124 1934/4928/1123
f 1967/4929/1124 1968/4930/1125 1936/4931/1125 1935/4932/1124
f 1968/4933/1125 1937/4934/1094 1905/4935/1094 1936/4936/1125
f 1969/4937/1126 1970/4938/1126 1938/4939/1126 1937/4940/1126
f 1970/4941/1126 1971/4942/1126 1939/4943/1126 1938/4944/1126
f 1971/4945/1126 1972/4946/1126 1940/4947/1126 1939/4948/1126
f 1972/4949/1126 1973/4950/1126 1941/4951/1126 1940/4952/1126
f 1973/4953/1126 1974/4954/1126 1942/4955/1126 1941/4956/1126
f 1974/4957/1126 1975/4958/1126 1943/4959/1126 1942/4960/1126
f 1975/4961/1126 1976/4962/1126 1944/4963/1126 1943/4964/1126
f 1976/4965/1126 1977/4966/1126 1945/4967/1126 1944/4968/1126
f 1977/4969/1126 1978/4970/1126 1946/4971/1126 1945/4972/1126
f 1978/4973/1126 1979/4974/1126 1947/4975/1126 1946/4976/1126
f 1979/4977/1126 1980/4978/1126 1948/4979/1126 1947/4980/1126
f 1980/4981/1126 1981/4982/1126 1949/4983/1126 1948/4984/1126
f 1981/4985/1126 1982/4986/1126 1950/4987/1126 1949/4988/1126
f 1982/4989/1126 1983/4990/1126 1951/4991/1126 1950/4992/1126
f 1983/4993/1126 1984/4994/1126 1952/4995/1126 1951/4996/1126
f 1984/4997/1126 1985/4998/1126 1953/4999/1126 1952/5000/1126
f 1985/5001/1126 1986/5002/1126 1954/5003/1126 1953/5004/1126
f 1986/5005/1126 1987/5006/1126 1955/5007/1126 1954/5008/1126
f 1987/5009/1126 1988/5010/1126 1956/5011/1126 1955/5012/1126
f 1988/5013/1126 1989/5014/1126 1957/5015/1126 1956/5016/1126
f 1989/5017/1126 1990/5018/1126 1958/5019/1126 1957/5020/1126
f 1990/5021/1126 1991/5022/1126 1959/5023/1126 1958/5024/1126
f 1991/5025/1126 1992/5026/1126 1960/5027/1126 1959/5028/1126
f 1992/5029/1126 1993/5030/1126 1961/5031/1126 1960/5032/1126
f 1993/5033/1126 1994/5034/1126 1962/5035/1126 1961/5036/1126
f 1994/5037/1126 1995/5038/1126 1963/5039/1126 1962/5040/1126
f 1995/5041/1126 1996/5042/1126 1964/5043/1126 1963/5044/1126
f 1996/5045/1126 1997/5046/1126 1965/5047/1126 1964/5048/1126
f 1997/5049/1126 1998/5050/1126 1966/5051/1126 1965/5052/1126
f 1998/5053/1126 1999/5054/1126 1967/5055/1126 1966/5056/1126
f 1999/5057/1126 2000/5058/1126 1968/5059/1126 1967/5060/1126
f 2000/5061/1126 1969/5062/1126 1937/5063/1126 1968/5064/1126
f 2001/5065/1110 2002/5066/1111 1970/5067/1111 1969/5068/1110
f 2002/5069/1111 2003/5070/1112 1971/5071/1112 1970/5072/1111
f 2003/5073/1112 2004/5074/1113 1972/5075/1113 1971/5076/1112
f 2004/5077/1113 2005/5078/1114 1973/5079/1114 1972/5080/1113
f 2005/5081/1114 2006/5082/1115 1974/5083/1115 1973/5084/1114
f 2006/5085/1115 2007/5086/1116 1975/5087/1116 1974/5088/1115
f 2007/5089/1116 2008/5090/1117 1976/5091/1117 1975/5092/1116
f 2008/5093/1117 2009/5094/1118 1977/5095/1118 1976/5096/1117
f 2009/5097/1118 2010/5098/1119 1978/5099/1119 1977/5100/1118
f 2010/5101/1119 2011/5102/1120 1979/5103/1120 1978/5104/1119
f 2011/5105/1120 2012/5106/1121 1980/5107/1121 1979/5108/1120
f 2012/5109/1121 2013/5110/1122 1981/5111/1122 1980/5112/1121
f 2013/5113/1122 2014/5114/1123 1982/5115/1123 1981/5116/1122
f 2014/5117/1123 2015/5118/1124 1983/5119/1124 1982/5120/1123
f 2015/5121/1124 2016/5122/1125 1984/5123/1125 1983/5124/1124
f 2016/5125/1125 2017/5126/1094 1985/5127/1094 1984/5128/1125
f 2017/5129/1094 2018/5130/1095 1986/5131/1095 1985/5132/1094
f 2018/5133/1095 2019/5134/1096 1987/5135/1096 1986/5136/1095
f 2019/5137/1096 2020/5138/1097 1988/5139/1097 1987/5140/1096
f 2020/5141/1097 2021/5142/1098 1989/5143/1098 1988/5144/1097
f 2021/5145/1098 2022/5146/1099 1990/5147/1099 1989/5148/1098
f 2022/5149/1099 2023/5150/1100 1991/5151/1100 1990/5152/1099
f 2023/5153/1100 2024/5154/1101 1992/5155/1101 1991/5156/1100
f 2024/5157/1101 2025/5158/1102 1993/5159/1102 1992/5160/1101
f 2025/5161/1102 2026/5162/1103 1994/5163/1103 1993/5164/1102
f 2026/5165/1103 2027/5166/1104 1995/5167/1104 1994/5168/1103
f 2027/5169/1104 2028/5170/1105 1996/5171/1105 1995/5172/1104
f 2028/5173/1105 2029/5174/1106 1997/5175/1106 1996/5176/1105
f 2029/5177/1106 2030/5178/1107 1998/5179/1107 1997/5180/1106
f 2030/5181/1107 2031/5182/1108 1999/5183/1108 1998/5184/1107
f 2031/5185/1108 2032/5186/1109 2000/5187/1109 1999/5188/1108
f 2032/5189/1109 2001/5190/1110 1969/5191/1110 2000/5192/1109
o fan_grill
usemtl rtu
v 1.820931 1.424 0.52176
v 1.812441 1.424 0.564443
v 1.795787 1.424 0.60465
v 1.771608 1.424 0.640835
v 1.740835 1.424 0.671608
v 1.70465 1.424 0.695787
v 1.664443 1.424 0.712441
v 1.62176 1.424 0.720931
v 1.57824 1.424 0.720931
v 1.535557 1.424 0.712441
v 1.49535 1.424 0.695787
v 1.459165 1.424 0.671608
v 1.428392 1.424 0.640835
v 1.404213 1.424 0.60465
v 1.387559 1.424 0.564443
v 1.379069 1.424 0.52176
v 1.379069 1.424 0.47824
v 1.387559 1.424 0.435557
v 1.404213 1.424 0.39535
v 1.428392 1.424 0.359165
v 1.459165 1.424 0.328392
v 1.49535 1.424 0.304213
v 1.535557 1.424 0.287559
v 1.57824 1.424 0.279069
v 1.62176 1.424 0.279069
v 1.664443 1.424 0.287559
v 1.70465 1.424 0.304213
v 1.740835 1.424 0.328392
v 1.771608 1.424 0.359165
v 1.795787 1.424 0.39535
v 1.812441 1.424 0.435557
v 1.820931 1.424 0.47824
v 1.820931 1.43 0.52176
v 1.812441 1.43 0.564443
v 1.795787 1.43 0.60465
v 1.771608 1.43 0.640835
v 1.740835 1.43 0.671608
v 1.70465 1.43 0.695787
v 1.664443 1.43 0.712441
v 1.62176 1.43 0.720931
v 1.57824 1.43 0.720931
v 1.535557 1.43 0.712441
v 1.49535 1.43 0.695787
v 1.459165 1.43 0.671608
v 1.428392 1.43 0.640835
v 1.404213 1.43 0.60465
v 1.387559 1.43 0.564443
v 1.379069 1.43 0.52176
v 1.379069 1.43 0.47824
v 1.387559 1.43 0.435557
v 1.404213 1.43 0.39535
v 1.428392 1.43 0.359165
v 1.459165 1.43 0.328392
v 1.49535 1.43 0.304213
v 1.535557 1.43 0.287559
v 1.57824 1.43 0.279069
v 1.62176 1.43 0.279069
v 1.664443 1.43 0.287559
v 1.70465 1.43 0.304213
v 1.740835 1.43 0.328392
v 1.771608 1.43 0.359165
v 1.795787 1.43 0.39535
v 1.812441 1.43 0.435557
v 1.820931 1.43 0.47824
v 1.6 1.424 0.5
v 1.6 1.424 0.5
v 1.6 1.424 0.5
v 1.6 1.424 0.5
v 1.6 1.424 0.5
v 1.6 1.424 0.5
v 1.6 1.424 0.5
v 1.6 1.424 0.5
v 1.6 1.424 0.5
v 1.6 1.424 0.5
v 1.6 1.424 0.5
v 1.6 1.424 0.5
v 1.6 1.424 0.5
v 1.6 1.424 0.5
v 1.6 1.424 0.5
v 1.6 1.424 0.5
v 1.6 1.424 0.5
v 1.6 1.424 0.5
v 1.6 1.424 0.5
v 1.6 1.424 0.5
v 1.6 1.424 0.5
v 1.6 1.424 0.5
v 1.6 1.424 0.5
v 1.6 1.424 0.5
v 1.6 1.424 0.5
v 1.6 1.424 0.5
v 1.6 1.424 0.5
v 1.6 1.424 0.5
v 1.6 1.424 0.5
v 1.6 1.424 0.5
v 1.6 1.424 0.5
v 1.6 1.424 0.5
v 1.6 1.43 0.5
v 1.6 1.43 0.5
v 1.6 1.43 0.5
v 1.6 1.43 0.5
v 1.6 1.43 0.5
v 1.6 1.43 0.5
v 1.6 1.43 0.5
v 1.6 1.43 0.5
v 1.6 1.43 0.5
v 1.6 1.43 0.5
v 1.6 1.43 0.5
v 1.6 1.43 0.5
v 1.6 1.43 0.5
v 1.6 1.43 0.5
v 1.6 1.43 0.5
v 1.6 1.43 0.5
v 1.6 1.43 0.5
v 1.6 1.43 0.5
v 1.6 1.43 0.5
v 1.6 1.43 0.5
v 1.6 1.43 0.5
v 1.6 1.43 0.5
v 1.6 1.43 0.5
v 1.6 1.43 0.5
v 1.6 1.43 0.5
v 1.6 1.43 0.5
v 1.6 1.43 0.5
v 1.6 1.43 0.5
v 1.6 1.43 0.5
v 1.6 1.43 0.5
v 1.6 1.43 0.5
v 1.6 1.43 0.5
vt 0.363049 0.672977
vt 0.362054 0.677979
vt 0.337158 0.670427
vt 0.237054 0.687427
vt 0.235102 0.692139
vt 0.212158 0.679875
vt 0.630121 0.711336
vt 0.627288 0.715576
vt 0.607178 0.699072
vt 0.271143 0.695466
vt 0.274749 0.699072
vt 0.254639 0.715576
vt 0.724944 0.699072
vt 0.727778 0.703312
vt 0.704834 0.715576
vt 0.948969 0.703312
vt 0.950921 0.708024
vt 0.926025 0.715576
vt 0.529046 0.670427
vt 0.530041 0.675429
vt 0.50415 0.677979
vt 0.732677 0.672879
vt 0.732677 0.677979
vt 0.706787 0.675429
vt 0.418713 0.672977
vt 0.417718 0.677979
vt 0.392822 0.670427
vt 0.131585 0.687427
vt 0.129633 0.692139
vt 0.106689 0.679875
vt 0.581293 0.711336
vt 0.57846 0.715576
vt 0.55835 0.699072
vt 0.142913 0.71197
vt 0.139307 0.715576
vt 0.122803 0.695466
vt 0.634425 0.715576
vt 0.631592 0.711336
vt 0.654536 0.699072
vt 0.266844 0.692139
vt 0.264893 0.687427
vt 0.289788 0.679875
vt 0.282489 0.677979
vt 0.281494 0.672977
vt 0.307384 0.670427
vt 0.651123 0.677979
vt 0.651123 0.672879
vt 0.677013 0.675429
vt 0.22583 0.675429
vt 0.226825 0.670427
vt 0.25172 0.677979
vt 0.159424 0.684587
vt 0.161375 0.679875
vt 0.184319 0.692139
vt 0.753662 0.703312
vt 0.756495 0.699072
vt 0.776606 0.715576
vt 0.166748 0.699072
vt 0.170354 0.695466
vt 0.186858 0.715576
vt 0.463527 0.715576
vt 0.460693 0.711336
vt 0.483637 0.699072
vt 0.003172 0.692139
vt 0.001221 0.687427
vt 0.026116 0.679875
vt 0.115497 0.677979
vt 0.114502 0.672977
vt 0.140392 0.670427
vt 0.734619 0.677979
vt 0.734619 0.672879
vt 0.760509 0.675429
vt 0.420654 0.675429
vt 0.421649 0.670427
vt 0.446545 0.677979
vt 0.317627 0.684587
vt 0.319579 0.679875
vt 0.342522 0.692139
vt 0.80249 0.703312
vt 0.805324 0.699072
vt 0.825434 0.715576
vt 0.210693 0.699072
vt 0.2143 0.695466
vt 0.230804 0.715576
vt 0.529632 0.699072
vt 0.532465 0.703312
vt 0.509521 0.715576
vt 0.076899 0.679875
vt 0.07885 0.684587
vt 0.053955 0.692139
vt 0.195061 0.670427
vt 0.196056 0.675429
vt 0.170166 0.677979
vt 0.621349 0.672879
vt 0.621349 0.677979
vt 0.595459 0.675429
vt 0.867551 0.598174
vt 0.872651 0.598174
vt 0.872651 0.598877
vt 0.867551 0.598877
vt 0.872651 0.598174
vt 0.877653 0.598174
vt 0.877653 0.598877
vt 0.872651 0.598877
vt 0.890869 0.598174
vt 0.895945 0.598174
vt 0.895945 0.598877
vt 0.890869 0.598877
vt 0.895945 0.598174
vt 0.90102 0.598174
vt 0.90102 0.598877
vt 0.895945 0.598877
vt 0.87915 0.598174
vt 0.884226 0.598174
vt 0.884226 0.598877
vt 0.87915 0.598877
vt 0.884226 0.598174
vt 0.889301 0.598174
vt 0.889301 0.598877
vt 0.884226 0.598877
vt 0.034809 0.596436
vt 0.029734 0.596436
vt 0.029734 0.595732
vt 0.034809 0.595732
vt 0.029734 0.596436
vt 0.024658 0.596436
vt 0.024658 0.595732
vt 0.029734 0.595732
vt 0.912739 0.598877
vt 0.907663 0.598877
vt 0.907663 0.598174
vt 0.912739 0.598174
vt 0.907663 0.598877
vt 0.902588 0.598877
vt 0.902588 0.598174
vt 0.907663 0.598174
vt 0.011371 0.596436
vt 0.006296 0.596436
vt 0.006296 0.595732
vt 0.011371 0.595732
vt 0.006296 0.596436
vt 0.001221 0.596436
vt 0.001221 0.595732
vt 0.006296 0.595732
vt 0.924457 0.598877
vt 0.919382 0.598877
vt 0.919382 0.598174
vt 0.924457 0.598174
vt 0.919382 0.598877
vt 0.914307 0.598877
vt 0.914307 0.598174
vt 0.919382 0.598174
vt 0.99477 0.598877
vt 0.989695 0.598877
vt 0.989695 0.598174
vt 0.99477 0.598174
vt 0.989695 0.598877
vt 0.984619 0.598877
vt 0.984619 0.598174
vt 0.989695 0.598174
vt 0.936176 0.598877
vt 0.931101 0.598877
vt 0.931101 0.598174
vt 0.936176 0.598174
vt 0.931101 0.598877
vt 0.926025 0.598877
vt 0.926025 0.598174
vt 0.931101 0.598174
vt 0.02309 0.596436
vt 0.018015 0.596436
vt 0.018015 0.595732
vt 0.02309 0.595732
vt 0.018015 0.596436
vt 0.012939 0.596436
vt 0.012939 0.595732
vt 0.018015 0.595732
vt 0.947895 0.598877
vt 0.94282 0.598877
vt 0.94282 0.598174
vt 0.947895 0.598174
vt 0.94282 0.598877
vt 0.937744 0.598877
vt 0.937744 0.598174
vt 0.94282 0.598174
vt 0.959614 0.598877
vt 0.954538 0.598877
vt 0.954538 0.598174
vt 0.959614 0.598174
vt 0.954538 0.598877
vt 0.949463 0.598877
vt 0.949463 0.598174
vt 0.954538 0.598174
vt 0.971332 0.598877
vt 0.966257 0.598877
vt 0.966257 0.598174
vt 0.971332 0.598174
vt 0.966257 0.598877
vt 0.961182 0.598877
vt 0.961182 0.598174
vt 0.966257 0.598174
vt 0.9729 0.598174
vt 0.977976 0.598174
vt 0.977976 0.598877
vt 0.9729 0.598877
vt 0.977976 0.598174
vt 0.983051 0.598174
vt 0.983051 0.598877
vt 0.977976 0.598877
vt 0.036377 0.595732
vt 0.041452 0.595732
vt 0.041452 0.596436
vt 0.036377 0.596436
vt 0.041452 0.595732
vt 0.046528 0.595732
vt 0.046528 0.596436
vt 0.041452 0.596436
vt 0.048096 0.595732
vt 0.053196 0.595732
vt 0.053196 0.596436
vt 0.048096 0.596436
vt 0.862549 0.598174
vt 0.867551 0.598174
vt 0.867551 0.598877
vt 0.862549 0.598877
vt 0.390881 0.670427
vt 0.365985 0.677979
vt 0.36499 0.672977
vt 0.263421 0.679875
vt 0.240477 0.692139
vt 0.238525 0.687427
vt 0.67895 0.699072
vt 0.658839 0.715576
vt 0.656006 0.711336
vt 0.276611 0.695466
vt 0.296722 0.71197
vt 0.293115 0.715576
vt 0.729248 0.699072
vt 0.752192 0.711336
vt 0.749358 0.715576
vt 0.952393 0.703312
vt 0.977288 0.710864
vt 0.975336 0.715576
vt 0.531982 0.670427
vt 0.557873 0.672977
vt 0.556878 0.677979
vt 0.762451 0.675429
vt 0.788342 0.672879
vt 0.788342 0.677979
vt 0.448486 0.677979
vt 0.473382 0.670427
vt 0.474377 0.675429
vt 0.133057 0.692139
vt 0.156 0.679875
vt 0.157952 0.684587
vt 0.582764 0.715576
vt 0.602874 0.699072
vt 0.605707 0.703312
vt 0.144775 0.715576
vt 0.16128 0.695466
vt 0.164886 0.699072
vt 0.68042 0.699072
vt 0.703364 0.711336
vt 0.70053 0.715576
vt 0.29126 0.679875
vt 0.316155 0.687427
vt 0.314203 0.692139
vt 0.309326 0.670427
vt 0.335217 0.672977
vt 0.334222 0.677979
vt 0.678955 0.675429
vt 0.704845 0.672879
vt 0.704845 0.677979
vt 0.253662 0.677979
vt 0.278558 0.670427
vt 0.279552 0.675429
vt 0.185791 0.692139
vt 0.208735 0.679875
vt 0.210686 0.684587
vt 0.778076 0.715576
vt 0.798187 0.699072
vt 0.80102 0.703312
vt 0.188721 0.715576
vt 0.205225 0.695466
vt 0.208831 0.699072
vt 0.508051 0.715576
vt 0.485107 0.703312
vt 0.487941 0.699072
vt 0.052483 0.692139
vt 0.027588 0.684587
vt 0.02954 0.679875
vt 0.168224 0.677979
vt 0.142334 0.675429
vt 0.143329 0.670427
vt 0.816174 0.675429
vt 0.790283 0.677979
vt 0.790283 0.672879
vt 0.502209 0.670427
vt 0.477313 0.677979
vt 0.476318 0.672977
vt 0.36889 0.679875
vt 0.345946 0.692139
vt 0.343994 0.687427
vt 0.849848 0.699072
vt 0.829738 0.715576
vt 0.826904 0.711336
vt 0.252776 0.695466
vt 0.236272 0.715576
vt 0.232666 0.71197
vt 0.556879 0.715576
vt 0.533936 0.703312
vt 0.536769 0.699072
vt 0.105218 0.692139
vt 0.080322 0.684587
vt 0.082274 0.679875
vt 0.223888 0.677979
vt 0.197998 0.675429
vt 0.198993 0.670427
vt 0.649181 0.675429
vt 0.623291 0.677979
vt 0.623291 0.672879
vn 0 -1 0
vn 0.995185 0 0.098017
vn 0.95694 0 0.290285
vn 0.881921 0 0.471397
vn 0.77301 0 0.634393
vn 0.634393 0 0.77301
vn 0.471397 0 0.881921
vn 0.290285 0 0.95694
vn 0.098017 0 0.995185
vn -0.098017 0 0.995185
vn -0.290285 0 0.95694
vn -0.471397 0 0.881921
vn -0.634393 0 0.77301
vn -0.77301 0 0.634393
vn -0.881921 0 0.471397
vn -0.95694 0 0.290285
vn -0.995185 0 0.098017
vn -0.995185 0 -0.098017
vn -0.95694 0 -0.290285
vn -0.881921 0 -0.471397
vn -0.77301 0 -0.634393
vn -0.634393 0 -0.77301
vn -0.471397 0 -0.881921
vn -0.290285 0 -0.95694
vn -0.098017 0 -0.995185
vn 0.098017 0 -0.995185
vn 0.290285 0 -0.95694
vn 0.471397 0 -0.881921
vn 0.634393 0 -0.77301
vn 0.77301 0 -0.634393
vn 0.881921 0 -0.471397
vn 0.95694 0 -0.290285
vn 0.995185 0 -0.098017
vn 0 1 0
f 2033/5193/1127 2034/5194/1127 2097/5195/1127
f 2034/5196/1127 2035/5197/1127 2098/5198/1127
f 2035/5199/1127 2036/5200/1127 2099/5201/1127
f 2036/5202/1127 2037/5203/1127 2100/5204/1127
f 2037/5205/1127 2038/5206/1127 2101/5207/1127
f 2038/5208/1127 2039/5209/1127 2102/5210/1127
f 2039/5211/1127 2040/5212/1127 2103/5213/1127
f 2040/5214/1127 2041/5215/1127 2104/5216/1127
f 2041/5217/1127 2042/5218/1127 2105/5219/1127
f 2042/5220/1127 2043/5221/1127 2106/5222/1127
f 2043/5223/1127 2044/5224/1127 2107/5225/1127
f 2044/5226/1127 2045/5227/1127 2108/5228/1127
f 2045/5229/1127 2046/5230/1127 2109/5231/1127
f 2046/5232/1127 2047/5233/1127 2110/5234/1127
f 2047/5235/1127 2048/5236/1127 2111/5237/1127
f 2048/5238/1127 2049/5239/1127 2112/5240/1127
f 2049/5241/1127 2050/5242/1127 2113/5243/1127
f 2050/5244/1127 2051/5245/1127 2114/5246/1127
f 2051/5247/1127 2052/5248/1127 2115/5249/1127
f 2052/5250/1127 2053/5251/1127 2116/5252/1127
f 2053/5253/1127 2054/5254/1127 2117/5255/1127
f 2054/5256/1127 2055/5257/1127 2118/5258/1127
f 2055/5259/1127 2056/5260/1127 2119/5261/1127
f 2056/5262/1127 2057/5263/1127 2120/5264/1127
f 2057/5265/1127 2058/5266/1127 2121/5267/1127
f 2058/5268/1127 2059/5269/1127 2122/5270/1127
f 2059/5271/1127 2060/5272/1127 2123/5273/1127
f 2060/5274/1127 2061/5275/1127 2124/5276/1127
f 2061/5277/1127 2062/5278/1127 2125/5279/1127
f 2062/5280/1127 2063/5281/1127 2126/5282/1127
f 2063/5283/1127 2064/5284/1127 2127/5285/1127
f 2064/5286/1127 2033/5287/1127 2128/5288/1127
f 2065/5289/1128 2066/5290/1129 2034/5291/1129 2033/5292/1128
f 2066/5293/1129 2067/5294/1130 2035/5295/1130 2034/5296/1129
f 2067/5297/1130 2068/5298/1131 2036/5299/1131 2035/5300/1130
f 2068/5301/1131 2069/5302/1132 2037/5303/1132 2036/5304/1131
f 2069/5305/1132 2070/5306/1133 2038/5307/1133 2037/5308/1132
f 2070/5309/1133 2071/5310/1134 2039/5311/1134 2038/5312/1133
f 2071/5313/1134 2072/5314/1135 2040/5315/1135 2039/5316/1134
f 2072/5317/1135 2073/5318/1136 2041/5319/1136 2040/5320/1135
f 2073/5321/1136 2074/5322/1137 2042/5323/1137 2041/5324/1136
f 2074/5325/1137 2075/5326/1138 2043/5327/1138 2042/5328/1137
f 2075/5329/1138 2076/5330/1139 2044/5331/1139 2043/5332/1138
f 2076/5333/1139 2077/5334/1140 2045/5335/1140 2044/5336/1139
f 2077/5337/1140 2078/5338/1141 2046/5339/1141 2045/5340/1140
f 2078/5341/1141 2079/5342/1142 2047/5343/1142 2046/5344/1141
f 2079/5345/1142 2080/5346/1143 2048/5347/1143 2047/5348/1142
f 2080/5349/1143 2081/5350/1144 2049/5351/1144 2048/5352/1143
f 2081/5353/1144 2082/5354/1145 2050/5355/1145 2049/5356/1144
f 2082/5357/1145 2083/5358/1146 2051/5359/1146 2050/5360/1145
f 2083/5361/1146 2084/5362/1147 2052/5363/1147 2051/5364/1146
f 2084/5365/1147 2085/5366/1148 2053/5367/1148 2052/5368/1147
f 2085/5369/1148 2086/5370/1149 2054/5371/1149 2053/5372/1148
f 2086/5373/1149 2087/5374/1150 2055/5375/1150 2054/5376/1149
f 2087/5377/1150 2088/5378/1151 2056/5379/1151 2055/5380/1150
f 2088/5381/1151 2089/5382/1152 2057/5383/1152 2056/5384/1151
f 2089/5385/1152 2090/5386/1153 2058/5387/1153 2057/5388/1152
f 2090/5389/1153 2091/5390/1154 2059/5391/1154 2058/5392/1153
f 2091/5393/1154 2092/5394/1155 2060/5395/1155 2059/5396/1154
f 2092/5397/1155 2093/5398/1156 2061/5399/1156 2060/5400/1155
f 2093/5401/1156 2094/5402/1157 2062/5403/1157 2061/5404/1156
f 2094/5405/1157 2095/5406/1158 2063/5407/1158 2062/5408/1157
f 2095/5409/1158 2096/5410/1159 2064/5411/1159 2063/5412/1158
f 2096/5413/1159 2065/5414/1128 2033/5415/1128 2064/5416/1159
f 2129/5417/1160 2066/5418/1160 2065/5419/1160
f 2130/5420/1160 2067/5421/1160 2066/5422/1160
f 2131/5423/1160 2068/5424/1160 2067/5425/1160
f 2132/5426/1160 2069/5427/1160 2068/5428/1160
f 2133/5429/1160 2070/5430/1160 2069/5431/1160
f 2134/5432/1160 2071/5433/1160 2070/5434/1160
f 2135/5435/1160 2072/5436/1160 2071/5437/1160
f 2136/5438/1160 2073/5439/1160 2072/5440/1160
f 2137/5441/1160 2074/5442/1160 2073/5443/1160
f 2138/5444/1160 2075/5445/1160 2074/5446/1160
f 2139/5447/1160 2076/5448/1160 2075/5449/1160
f 2140/5450/1160 2077/5451/1160 2076/5452/1160
f 2141/5453/1160 2078/5454/1160 2077/5455/1160
f 2142/5456/1160 2079/5457/1160 2078/5458/1160
f 2143/5459/1160 2080/5460/1160 2079/5461/1160
f 2144/5462/1160 2081/5463/1160 2080/5464/1160
f 2145/5465/1160 2082/5466/1160 2081/5467/1160
f 2146/5468/1160 2083/5469/1160 2082/5470/1160
f 2147/5471/1160 2084/5472/1160 2083/5473/1160
f 2148/5474/1160 2085/5475/1160 2084/5476/1160
f 2149/5477/1160 2086/5478/1160 2085/5479/1160
f 2150/5480/1160 2087/5481/1160 2086/5482/1160
f 2151/5483/1160 2088/5484/1160 2087/5485/1160
f 2152/5486/1160 2089/5487/1160 2088/5488/1160
f 2153/5489/1160 2090/5490/1160 2089/5491/1160
f 2154/5492/1160 2091/5493/1160 2090/5494/1160
f 2155/5495/1160 2092/5496/1160 2091/5497/1160
f 2156/5498/1160 2093/5499/1160 2092/5500/1160
f 2157/5501/1160 2094/5502/1160 2093/5503/1160
f 2158/5504/1160 2095/5505/1160 2094/5506/1160
f 2159/5507/1160 2096/5508/1160 2095/5509/1160
f 2160/5510/1160 2065/5511/1160 2096/5512/1160
o fan_hub
usemtl rtu
v 1.653943 1.429 0.51073
v 1.645731 1.429 0.530556
v 1.630556 1.429 0.545731
v 1.61073 1.429 0.553943
v 1.58927 1.429 0.553943
v 1.569444 1.429 0.545731
v 1.554269 1.429 0.530556
v 1.546057 1.429 0.51073
v 1.546057 1.429 0.48927
v 1.554269 1.429 0.469444
v 1.569444 1.429 0.454269
v 1.58927 1.429 0.446057
v 1.61073 1.429 0.446057
v 1.630556 1.429 0.454269
v 1.645731 1.429 0.469444
v 1.653943 1.429 0.48927
v 1.653943 1.446 0.51073
v 1.645731 1.446 0.530556
v 1.630556 1.446 0.545731
v 1.61073 1.446 0.553943
v 1.58927 1.446 0.553943
v 1.569444 1.446 0.545731
v 1.554269 1.446 0.530556
v 1.546057 1.446 0.51073
v 1.546057 1.446 0.48927
v 1.554269 1.446 0.469444
v 1.569444 1.446 0.454269
v 1.58927 1.446 0.446057
v 1.61073 1.446 0.446057
v 1.630556 1.446 0.454269
v 1.645731 1.446 0.469444
v 1.653943 1.446 0.48927
v 1.629424 1.452 0.505853
v 1.624944 1.452 0.516667
v 1.616667 1.452 0.524944
v 1.605853 1.452 0.529424
v 1.594147 1.452 0.529424
v 1.583333 1.452 0.524944
v 1.575056 1.452 0.516667
v 1.570576 1.452 0.505853
v 1.570576 1.452 0.494147
v 1.575056 1.452 0.483333
v 1.583333 1.452 0.475056
v 1.594147 1.452 0.470576
v 1.605853 1.452 0.470576
v 1.616667 1.452 0.475056
v 1.624944 1.452 0.483333
v 1.629424 1.452 0.494147
v 1.6 1.453 0.5
v 1.6 1.453 0.5
v 1.6 1.453 0.5
v 1.6 1.453 0.5
v 1.6 1.453 0.5
v 1.6 1.453 0.5
v 1.6 1.453 0.5
v 1.6 1.453 0.5
v 1.6 1.453 0.5
v 1.6 1.453 0.5
v 1.6 1.453 0.5
v 1.6 1.453 0.5
v 1.6 1.453 0.5
v 1.6 1.453 0.5
v 1.6 1.453 0.5
v 1.6 1.453 0.5
v 1.6 1.429 0.5
vt 0.324463 0.665732
vt 0.326978 0.665732
vt 0.326978 0.667725
vt 0.324463 0.667725
vt 0.328857 0.665732
vt 0.331372 0.665732
vt 0.331372 0.667725
vt 0.328857 0.667725
vt 0.364014 0.665732
vt 0.366529 0.665732
vt 0.366529 0.667725
vt 0.364014 0.667725
vt 0.370923 0.667725
vt 0.368408 0.667725
vt 0.368408 0.665732
vt 0.370923 0.665732
vt 0.375318 0.667725
vt 0.372803 0.667725
vt 0.372803 0.665732
vt 0.375318 0.665732
vt 0.318189 0.667725
vt 0.315674 0.667725
vt 0.315674 0.665732
vt 0.318189 0.665732
vt 0.353345 0.667725
vt 0.35083 0.667725
vt 0.35083 0.665732
vt 0.353345 0.665732
vt 0.344556 0.667725
vt 0.342041 0.667725
vt 0.342041 0.665732
vt 0.344556 0.665732
vt 0.362134 0.667725
vt 0.359619 0.667725
vt 0.359619 0.665732
vt 0.362134 0.665732
vt 0.322583 0.667725
vt 0.320068 0.667725
vt 0.320068 0.665732
vt 0.322583 0.665732
vt 0.335767 0.667725
vt 0.333252 0.667725
vt 0.333252 0.665732
vt 0.335767 0.665732
vt 0.379712 0.667725
vt 0.377197 0.667725
vt 0.377197 0.665732
vt 0.379712 0.665732
vt 0.381592 0.665732
vt 0.384107 0.665732
vt 0.384107 0.667725
vt 0.381592 0.667725
vt 0.355225 0.665732
vt 0.357739 0.665732
vt 0.357739 0.667725
vt 0.355225 0.667725
vt 0.337646 0.665732
vt 0.340161 0.665732
vt 0.340161 0.667725
vt 0.337646 0.667725
vt 0.346436 0.665732
vt 0.34895 0.665732
vt 0.34895 0.667725
vt 0.346436 0.667725
vt 0.419333 0.689223
vt 0.420601 0.688699
vt 0.422243 0.691179
vt 0.419919 0.692139
vt 0.420601 0.688699
vt 0.421572 0.687731
vt 0.424024 0.689405
vt 0.422243 0.691179
vt 0.421572 0.687731
vt 0.422099 0.686467
vt 0.424991 0.687087
vt 0.424024 0.689405
vt 0.422099 0.686467
vt 0.422102 0.685099
vt 0.424996 0.684579
vt 0.424991 0.687087
vt 0.422102 0.685099
vt 0.42158 0.683835
vt 0.424039 0.682261
vt 0.424996 0.684579
vt 0.591534 0.676025
vt 0.590564 0.675062
vt 0.592192 0.67256
vt 0.59397 0.674326
vt 0.590564 0.675062
vt 0.589297 0.67454
vt 0.589868 0.671605
vt 0.592192 0.67256
vt 0.589297 0.67454
vt 0.587925 0.67454
vt 0.587354 0.671605
vt 0.589868 0.671605
vt 0.587925 0.67454
vt 0.586658 0.675062
vt 0.58503 0.67256
vt 0.587354 0.671605
vt 0.586658 0.675062
vt 0.585688 0.676025
vt 0.583252 0.674326
vt 0.58503 0.67256
vt 0.221002 0.664534
vt 0.220477 0.665801
vt 0.217538 0.665211
vt 0.2185 0.662888
vt 0.220477 0.665801
vt 0.220472 0.667172
vt 0.217529 0.667725
vt 0.217538 0.665211
vt 0.415206 0.686467
vt 0.415728 0.687731
vt 0.413311 0.689405
vt 0.412354 0.687087
vt 0.415728 0.687731
vt 0.416696 0.688699
vt 0.415084 0.691179
vt 0.413311 0.689405
vt 0.416696 0.688699
vt 0.417962 0.689223
vt 0.417405 0.692139
vt 0.415084 0.691179
vt 0.417962 0.689223
vt 0.419333 0.689223
vt 0.419919 0.692139
vt 0.417405 0.692139
vt 0.418651 0.685775
vt 0.420601 0.688699
vt 0.419333 0.689223
vt 0.418651 0.685775
vt 0.421572 0.687731
vt 0.420601 0.688699
vt 0.418651 0.685775
vt 0.422099 0.686467
vt 0.421572 0.687731
vt 0.418651 0.685775
vt 0.422102 0.685099
vt 0.422099 0.686467
vt 0.418651 0.685775
vt 0.42158 0.683835
vt 0.422102 0.685099
vt 0.588611 0.677979
vt 0.590564 0.675062
vt 0.591534 0.676025
vt 0.588611 0.677979
vt 0.589297 0.67454
vt 0.590564 0.675062
vt 0.588611 0.677979
vt 0.587925 0.67454
vt 0.589297 0.67454
vt 0.588611 0.677979
vt 0.586658 0.675062
vt 0.587925 0.67454
vt 0.588611 0.677979
vt 0.585688 0.676025
vt 0.586658 0.675062
vt 0.223908 0.666489
vt 0.220477 0.665801
vt 0.221002 0.664534
vt 0.223908 0.666489
vt 0.220472 0.667172
vt 0.220477 0.665801
vt 0.418651 0.685775
vt 0.415728 0.687731
vt 0.415206 0.686467
vt 0.418651 0.685775
vt 0.416696 0.688699
vt 0.415728 0.687731
vt 0.418651 0.685775
vt 0.417962 0.689223
vt 0.416696 0.688699
vt 0.418651 0.685775
vt 0.419333 0.689223
vt 0.417962 0.689223
vt 0.918187 0.709255
vt 0.919444 0.702933
vt 0.921768 0.703896
vt 0.918187 0.709255
vt 0.921768 0.703896
vt 0.923546 0.705674
vt 0.918187 0.709255
vt 0.923546 0.705674
vt 0.924508 0.707997
vt 0.918187 0.709255
vt 0.924508 0.707997
vt 0.924508 0.710512
vt 0.918187 0.709255
vt 0.924508 0.710512
vt 0.923546 0.712836
vt 0.918187 0.709255
vt 0.923546 0.712836
vt 0.921768 0.714614
vt 0.918187 0.709255
vt 0.921768 0.714614
vt 0.919444 0.715576
vt 0.918187 0.709255
vt 0.919444 0.715576
vt 0.916929 0.715576
vt 0.918187 0.709255
vt 0.916929 0.715576
vt 0.914606 0.714614
vt 0.918187 0.709255
vt 0.914606 0.714614
vt 0.912828 0.712836
vt 0.918187 0.709255
vt 0.912828 0.712836
vt 0.911865 0.710512
vt 0.918187 0.709255
vt 0.911865 0.710512
vt 0.911865 0.707997
vt 0.918187 0.709255
vt 0.911865 0.707997
vt 0.912828 0.705674
vt 0.918187 0.709255
vt 0.912828 0.705674
vt 0.914606 0.703896
vt 0.918187 0.709255
vt 0.914606 0.703896
vt 0.916929 0.702933
vt 0.918187 0.709255
vt 0.916929 0.702933
vt 0.919444 0.702933
vn 0.980785 0 0.19509
vn 0.83147 0 0.55557
vn 0.55557 0 0.83147
vn 0.19509 0 0.980785
vn -0.19509 0 0.980785
vn -0.55557 0 0.83147
vn -0.83147 0 0.55557
vn -0.980785 0 0.19509
vn -0.980785 0 -0.19509
vn -0.83147 0 -0.55557
vn -0.55557 0 -0.83147
vn -0.19509 0 -0.980785
vn 0.19509 0 -0.980785
vn 0.55557 0 -0.83147
vn 0.83147 0 -0.55557
vn 0.980785 0 -0.19509
vn 0.172358 0.984438 0.034284
vn 0.146118 0.984438 0.097633
vn 0.194043 0.972387 0.129655
vn 0.228889 0.972387 0.045529
vn 0.097633 0.984438 0.146118
vn 0.129655 0.972387 0.194043
vn 0.034284 0.984438 0.172358
vn 0.045529 0.972387 0.228889
vn -0.034284 0.984438 0.172358
vn -0.045529 0.972387 0.228889
vn -0.097633 0.984438 0.146118
vn -0.129655 0.972387 0.194043
vn -0.146118 0.984438 0.097633
vn -0.194043 0.972387 0.129655
vn -0.172358 0.984438 0.034284
vn -0.228889 0.972387 0.045529
vn -0.172358 0.984438 -0.034284
vn -0.228889 0.972387 -0.045529
vn -0.146118 0.984438 -0.097633
vn -0.194043 0.972387 -0.129655
vn -0.097633 0.984438 -0.146118
vn -0.129655 0.972387 -0.194043
vn -0.034284 0.984438 -0.172358
vn -0.045529 0.972387 -0.228889
vn 0.034284 0.984438 -0.172358
vn 0.045529 0.972387 -0.228889
vn 0.097633 0.984438 -0.146118
vn 0.129655 0.972387 -0.194043
vn 0.146118 0.984438 -0.097633
vn 0.194043 0.972387 -0.129655
vn 0.172358 0.984438 -0.034284
vn 0.228889 0.972387 -0.045529
vn 0.031381 0.999423 0.012999
vn 0.024018 0.999423 0.024018
vn 0.012999 0.999423 0.031381
vn 0 0.999423 0.033967
vn -0.012999 0.999423 0.031381
vn -0.024018 0.999423 0.024018
vn -0.031381 0.999423 0.012999
vn -0.033967 0.999423 0
vn -0.031381 0.999423 -0.012999
vn -0.024018 0.999423 -0.024018
vn -0.012999 0.999423 -0.031381
vn 0 0.999423 -0.033967
vn 0.012999 0.999423 -0.031381
vn 0.024018 0.999423 -0.024018
vn 0.031381 0.999423 -0.012999
vn 0.033967 0.999423 0
vn 0 -1 0
f 2177/5513/1161 2178/5514/1162 2162/5515/1162 2161/5516/1161
f 2178/5517/1162 2179/5518/1163 2163/5519/1163 2162/5520/1162
f 2179/5521/1163 2180/5522/1164 2164/5523/1164 2163/5524/1163
f 2180/5525/1164 2181/5526/1165 2165/5527/1165 2164/5528/1164
f 2181/5529/1165 2182/5530/1166 2166/5531/1166 2165/5532/1165
f 2182/5533/1166 2183/5534/1167 2167/5535/1167 2166/5536/1166
f 2183/5537/1167 2184/5538/1168 2168/5539/1168 2167/5540/1167
f 2184/5541/1168 2185/5542/1169 2169/5543/1169 2168/5544/1168
f 2185/5545/1169 2186/5546/1170 2170/5547/1170 2169/5548/1169
f 2186/5549/1170 2187/5550/1171 2171/5551/1171 2170/5552/1170
f 2187/5553/1171 2188/5554/1172 2172/5555/1172 2171/5556/1171
f 2188/5557/1172 2189/5558/1173 2173/5559/1173 2172/5560/1172
f 2189/5561/1173 2190/5562/1174 2174/5563/1174 2173/5564/1173
f 2190/5565/1174 2191/5566/1175 2175/5567/1175 2174/5568/1174
f 2191/5569/1175 2192/5570/1176 2176/5571/1176 2175/5572/1175
f 2192/5573/1176 2177/5574/1161 2161/5575/1161 2176/5576/1176
f 2193/5577/1177 2194/5578/1178 2178/5579/1179 2177/5580/1180
f 2194/5581/1178 2195/5582/1181 2179/5583/1182 2178/5584/1179
f 2195/5585/1181 2196/5586/1183 2180/5587/1184 2179/5588/1182
f 2196/5589/1183 2197/5590/1185 2181/5591/1186 2180/5592/1184
f 2197/5593/1185 2198/5594/1187 2182/5595/1188 2181/5596/1186
f 2198/5597/1187 2199/5598/1189 2183/5599/1190 2182/5600/1188
f 2199/5601/1189 2200/5602/1191 2184/5603/1192 2183/5604/1190
f 2200/5605/1191 2201/5606/1193 2185/5607/1194 2184/5608/1192
f 2201/5609/1193 2202/5610/1195 2186/5611/1196 2185/5612/1194
f 2202/5613/1195 2203/5614/1197 2187/5615/1198 2186/5616/1196
f 2203/5617/1197 2204/5618/1199 2188/5619/1200 2187/5620/1198
f 2204/5621/1199 2205/5622/1201 2189/5623/1202 2188/5624/1200
f 2205/5625/1201 2206/5626/1203 2190/5627/1204 2189/5628/1202
f 2206/5629/1203 2207/5630/1205 2191/5631/1206 2190/5632/1204
f 2207/5633/1205 2208/5634/1207 2192/5635/1208 2191/5636/1206
f 2208/5637/1207 2193/5638/1177 2177/5639/1180 2192/5640/1208
f 2209/5641/1209 2194/5642/1178 2193/5643/1177
f 2210/5644/1210 2195/5645/1181 2194/5646/1178
f 2211/5647/1211 2196/5648/1183 2195/5649/1181
f 2212/5650/1212 2197/5651/1185 2196/5652/1183
f 2213/5653/1213 2198/5654/1187 2197/5655/1185
f 2214/5656/1214 2199/5657/1189 2198/5658/1187
f 2215/5659/1215 2200/5660/1191 2199/5661/1189
f 2216/5662/1216 2201/5663/1193 2200/5664/1191
f 2217/5665/1217 2202/5666/1195 2201/5667/1193
f 2218/5668/1218 2203/5669/1197 2202/5670/1195
f 2219/5671/1219 2204/5672/1199 2203/5673/1197
f 2220/5674/1220 2205/5675/1201 2204/5676/1199
f 2221/5677/1221 2206/5678/1203 2205/5679/1201
f 2222/5680/1222 2207/5681/1205 2206/5682/1203
f 2223/5683/1223 2208/5684/1207 2207/5685/1205
f 2224/5686/1224 2193/5687/1177 2208/5688/1207
f 2225/5689/1225 2161/5690/1225 2162/5691/1225
f 2225/5692/1225 2162/5693/1225 2163/5694/1225
f 2225/5695/1225 2163/5696/1225 2164/5697/1225
f 2225/5698/1225 2164/5699/1225 2165/5700/1225
f 2225/5701/1225 2165/5702/1225 2166/5703/1225
f 2225/5704/1225 2166/5705/1225 2167/5706/1225
f 2225/5707/1225 2167/5708/1225 2168/5709/1225
f 2225/5710/1225 2168/5711/1225 2169/5712/1225
f 2225/5713/1225 2169/5714/1225 2170/5715/1225
f 2225/5716/1225 2170/5717/1225 2171/5718/1225
f 2225/5719/1225 2171/5720/1225 2172/5721/1225
f 2225/5722/1225 2172/5723/1225 2173/5724/1225
f 2225/5725/1225 2173/5726/1225 2174/5727/1225
f 2225/5728/1225 2174/5729/1225 2175/5730/1225
f 2225/5731/1225 2175/5732/1225 2176/5733/1225
f 2225/5734/1225 2176/5735/1225 2161/5736/1225
o hood
usemtl rtu
v 0.202388 1.241662 0.149
v 0.018 1.068267 0.149
v 0.018 0.734 0.149
v 0.202 0.734 0.149
v 0.206 1.25 0.153
v 0.014 1.07 0.153
v 0.014 0.73 0.153
v 0.206 0.73 0.153
v 0.206 1.25 0.847
v 0.014 1.07 0.847
v 0.014 0.73 0.847
v 0.206 0.73 0.847
v 0.202388 1.241662 0.851
v 0.018 1.068267 0.851
v 0.018 0.734 0.851
v 0.202 0.734 0.851
v 0.202388 1.241662 0.149
v 0.018 1.068267 0.149
v 0.018 0.734 0.149
v 0.202 0.734 0.149
v 0.202388 1.241662 0.851
v 0.018 1.068267 0.851
v 0.018 0.734 0.851
v 0.202 0.734 0.851
vt 0.498292 0.593347
vt 0.527953 0.593331
vt 0.528156 0.593994
vt 0.497314 0.593978
vt 0.055135 0.595773
vt 0.094307 0.595773
vt 0.094775 0.596436
vt 0.054932 0.596436
vt 0.909893 0.595773
vt 0.931455 0.595773
vt 0.931924 0.596436
vt 0.909424 0.596436
vt 0.372783 0.593331
vt 0.432275 0.593347
vt 0.433252 0.593978
vt 0.372314 0.593994
vt 0.768799 0.772217
vt 0.768799 0.741375
vt 0.850127 0.741375
vt 0.850127 0.772217
vt 0.685791 0.772217
vt 0.685791 0.732373
vt 0.767119 0.732373
vt 0.767119 0.772217
vt 0.851807 0.772217
vt 0.851807 0.749717
vt 0.933135 0.749717
vt 0.933135 0.772217
vt 0.870361 0.884521
vt 0.870361 0.823584
vt 0.951689 0.823584
vt 0.951689 0.884521
vt 0.530029 0.593347
vt 0.560871 0.593331
vt 0.560668 0.593994
vt 0.531007 0.593978
vt 0.096436 0.595773
vt 0.136279 0.595773
vt 0.135811 0.596436
vt 0.096639 0.596436
vt 0.933838 0.595773
vt 0.956338 0.595773
vt 0.955869 0.596436
vt 0.934307 0.596436
vt 0.434814 0.593331
vt 0.495752 0.593347
vt 0.494775 0.593978
vt 0.435283 0.593994
vt 0.973986 0.750609
vt 0.994306 0.772217
vt 0.934814 0.772171
vt 0.934814 0.772171
vt 0.934814 0.750609
vt 0.973986 0.750609
vt 0.001221 0.694014
vt 0.060712 0.693968
vt 0.040393 0.715576
vt 0.040393 0.715576
vt 0.001221 0.715576
vt 0.001221 0.694014
vn -0.496033 0.528306 -0.689089
vn -0.64286 0.235451 -0.728899
vn -0.707107 0 -0.707107
vn 0 -0.707107 -0.707107
vn 0.724526 -0.000273 -0.689247
vn -0.683941 0.729537 0
vn -1 0 0
vn 0 -1 0
vn 1 0 0
vn -0.496033 0.528306 0.689089
vn -0.64286 0.235451 0.728899
vn -0.707107 0 0.707107
vn 0 -0.707107 0.707107
vn 0.724526 -0.000273 0.689247
vn 0 0 -1
vn 0 0 1
f 2226/5737/1226 2227/5738/1227 2231/5739/1227 2230/5740/1226
f 2227/5741/1227 2228/5742/1228 2232/5743/1228 2231/5744/1227
f 2228/5745/1229 2229/5746/1229 2233/5747/1229 2232/5748/1229
f 2229/5749/1230 2226/5750/1230 2230/5751/1230 2233/5752/1230
f 2230/5753/1231 2231/5754/1231 2235/5755/1231 2234/5756/1231
f 2231/5757/1232 2232/5758/1232 2236/5759/1232 2235/5760/1232
f 2232/5761/1233 2233/5762/1233 2237/5763/1233 2236/5764/1233
f 2233/5765/1234 2230/5766/1234 2234/5767/1234 2237/5768/1234
f 2234/5769/1235 2235/5770/1236 2239/5771/1236 2238/5772/1235
f 2235/5773/1236 2236/5774/1237 2240/5775/1237 2239/5776/1236
f 2236/5777/1238 2237/5778/1238 2241/5779/1238 2240/5780/1238
f 2237/5781/1239 2234/5782/1239 2238/5783/1239 2241/5784/1239
f 2243/5785/1240 2242/5786/1240 2245/5787/1240
f 2245/5788/1240 2244/5789/1240 2243/5790/1240
f 2249/5791/1241 2246/5792/1241 2247/5793/1241
f 2247/5794/1241 2248/5795/1241 2249/5796/1241
o hood_louvre
usemtl rtu
v 0.027 0.718 0.838
v 0.191 0.718 0.838
v 0.191 0.718 0.162
v 0.027 0.718 0.162
v 0.026 0.719 0.839
v 0.192 0.719 0.839
v 0.192 0.719 0.161
v 0.026 0.719 0.161
v 0.026 0.73 0.839
v 0.192 0.73 0.839
v 0.192 0.73 0.161
v 0.026 0.73 0.161
v 0.027 0.731 0.838
v 0.191 0.731 0.838
v 0.191 0.731 0.162
v 0.027 0.731 0.162
v 0.027 0.718 0.838
v 0.191 0.718 0.838
v 0.191 0.718 0.162
v 0.027 0.718 0.162
v 0.027 0.731 0.838
v 0.191 0.731 0.838
v 0.191 0.731 0.162
v 0.027 0.731 0.162
vt 0.243037 0.565508
vt 0.262256 0.565508
vt 0.262373 0.565674
vt 0.24292 0.565674
vt 0.887197 0.565674
vt 0.807979 0.565674
vt 0.807861 0.565508
vt 0.887314 0.565508
vt 0.283252 0.565674
vt 0.264033 0.565674
vt 0.263916 0.565508
vt 0.283369 0.565508
vt 0.393916 0.575274
vt 0.473135 0.575274
vt 0.473252 0.575439
vt 0.393799 0.575439
vt 0.767822 0.628838
vt 0.787275 0.628838
vt 0.787275 0.630127
vt 0.767822 0.630127
vt 0.685166 0.630127
vt 0.605713 0.630127
vt 0.605713 0.628838
vt 0.685166 0.628838
vt 0.788818 0.628838
vt 0.808271 0.628838
vt 0.808271 0.630127
vt 0.788818 0.630127
vt 0.686768 0.628838
vt 0.766221 0.628838
vt 0.766221 0.630127
vt 0.686768 0.630127
vt 0.504072 0.553955
vt 0.484619 0.553955
vt 0.484736 0.553789
vt 0.503955 0.553789
vt 0.554307 0.575439
vt 0.474854 0.575439
vt 0.474971 0.575274
vt 0.554189 0.575274
vt 0.505615 0.553789
vt 0.525068 0.553789
vt 0.524951 0.553955
vt 0.505732 0.553955
vt 0.555908 0.575274
vt 0.635361 0.575274
vt 0.635244 0.575439
vt 0.556025 0.575439
vt 0.377803 0.696357
vt 0.377803 0.715576
vt 0.298584 0.715576
vt 0.298584 0.715576
vt 0.298584 0.696357
vt 0.377803 0.696357
vt 0.379639 0.696357
vt 0.458857 0.696357
vt 0.458857 0.715576
vt 0.458857 0.715576
vt 0.379639 0.715576
vt 0.379639 0.696357
vn 0 -0.707107 0.707107
vn 0.707107 -0.707107 0
vn 0 -0.707107 -0.707107
vn -0.707107 -0.707107 0
vn 0 0 1
vn 1 0 0
vn 0 0 -1
vn -1 0 0
vn 0 0.707107 0.707107
vn 0.707107 0.707107 0
vn 0 0.707107 -0.707107
vn -0.707107 0.707107 0
vn 0 -1 0
vn 0 1 0
f 2250/5797/1242 2251/5798/1242 2255/5799/1242 2254/5800/1242
f 2251/5801/1243 2252/5802/1243 2256/5803/1243 2255/5804/1243
f 2252/5805/1244 2253/5806/1244 2257/5807/1244 2256/5808/1244
f 2253/5809/1245 2250/5810/1245 2254/5811/1245 2257/5812/1245
f 2254/5813/1246 2255/5814/1246 2259/5815/1246 2258/5816/1246
f 2255/5817/1247 2256/5818/1247 2260/5819/1247 2259/5820/1247
f 2256/5821/1248 2257/5822/1248 2261/5823/1248 2260/5824/1248
f 2257/5825/1249 2254/5826/1249 2258/5827/1249 2261/5828/1249
f 2258/5829/1250 2259/5830/1250 2263/5831/1250 2262/5832/1250
f 2259/5833/1251 2260/5834/1251 2264/5835/1251 2263/5836/1251
f 2260/5837/1252 2261/5838/1252 2265/5839/1252 2264/5840/1252
f 2261/5841/1253 2258/5842/1253 2262/5843/1253 2265/5844/1253
f 2267/5845/1254 2266/5846/1254 2269/5847/1254
f 2269/5848/1254 2268/5849/1254 2267/5850/1254
f 2273/5851/1255 2270/5852/1255 2271/5853/1255
f 2271/5854/1255 2272/5855/1255 2273/5856/1255
o handle_-36
usemtl rtu
v 0.422 0.87 0.028
v 0.506 0.87 0.028
v 0.506 0.87 0.014
v 0.422 0.87 0.014
v 0.419 0.873 0.031
v 0.509 0.873 0.031
v 0.509 0.873 0.011
v 0.419 0.873 0.011
v 0.419 0.895 0.031
v 0.509 0.895 0.031
v 0.509 0.895 0.011
v 0.419 0.895 0.011
v 0.422 0.898 0.028
v 0.506 0.898 0.028
v 0.506 0.898 0.014
v 0.422 0.898 0.014
v 0.422 0.87 0.028
v 0.506 0.87 0.028
v 0.506 0.87 0.014
v 0.422 0.87 0.014
v 0.422 0.898 0.028
v 0.506 0.898 0.028
v 0.506 0.898 0.014
v 0.422 0.898 0.014
vt 0.038193 0.591056
vt 0.048037 0.591056
vt 0.048389 0.591553
vt 0.037842 0.591553
vt 0.089639 0.591553
vt 0.087998 0.591553
vt 0.087646 0.591056
vt 0.08999 0.591056
vt 0.799502 0.593994
vt 0.789658 0.593994
vt 0.789307 0.593497
vt 0.799854 0.593497
vt 0.091904 0.591056
vt 0.093545 0.591056
vt 0.093896 0.591553
vt 0.091553 0.591553
vt 0.250244 0.665146
vt 0.260791 0.665146
vt 0.260791 0.667725
vt 0.250244 0.667725
vt 0.298096 0.667725
vt 0.298096 0.665381
vt 0.300674 0.665381
vt 0.300674 0.667725
vt 0.262451 0.665146
vt 0.272998 0.665146
vt 0.272998 0.667725
vt 0.262451 0.667725
vt 0.305068 0.665381
vt 0.305068 0.667725
vt 0.30249 0.667725
vt 0.30249 0.665381
vt 0.94585 0.591553
vt 0.935303 0.591553
vt 0.935654 0.591056
vt 0.945498 0.591056
vt 0.971338 0.591553
vt 0.968994 0.591553
vt 0.969346 0.591056
vt 0.970986 0.591056
vt 0.050049 0.591056
vt 0.060596 0.591056
vt 0.060244 0.591553
vt 0.0504 0.591553
vt 0.095459 0.591056
vt 0.097803 0.591056
vt 0.097451 0.591553
vt 0.095811 0.591553
vt 0.439775 0.630127
vt 0.429932 0.630127
vt 0.429932 0.628486
vt 0.429932 0.628486
vt 0.439775 0.628486
vt 0.439775 0.630127
vt 0.451494 0.628486
vt 0.451494 0.630127
vt 0.44165 0.630127
vt 0.44165 0.630127
vt 0.44165 0.628486
vt 0.451494 0.628486
vn 0 -0.707107 0.707107
vn 0.707107 -0.707107 0
vn 0 -0.707107 -0.707107
vn -0.707107 -0.707107 0
vn 0 0 1
vn 1 0 0
vn 0 0 -1
vn -1 0 0
vn 0 0.707107 0.707107
vn 0.707107 0.707107 0
vn 0 0.707107 -0.707107
vn -0.707107 0.707107 0
vn 0 -1 0
vn 0 1 0
f 2274/5857/1256 2275/5858/1256 2279/5859/1256 2278/5860/1256
f 2275/5861/1257 2276/5862/1257 2280/5863/1257 2279/5864/1257
f 2276/5865/1258 2277/5866/1258 2281/5867/1258 2280/5868/1258
f 2277/5869/1259 2274/5870/1259 2278/5871/1259 2281/5872/1259
f 2278/5873/1260 2279/5874/1260 2283/5875/1260 2282/5876/1260
f 2279/5877/1261 2280/5878/1261 2284/5879/1261 2283/5880/1261
f 2280/5881/1262 2281/5882/1262 2285/5883/1262 2284/5884/1262
f 2281/5885/1263 2278/5886/1263 2282/5887/1263 2285/5888/1263
f 2282/5889/1264 2283/5890/1264 2287/5891/1264 2286/5892/1264
f 2283/5893/1265 2284/5894/1265 2288/5895/1265 2287/5896/1265
f 2284/5897/1266 2285/5898/1266 2289/5899/1266 2288/5900/1266
f 2285/5901/1267 2282/5902/1267 2286/5903/1267 2289/5904/1267
f 2291/5905/1268 2290/5906/1268 2293/5907/1268
f 2293/5908/1268 2292/5909/1268 2291/5910/1268
f 2297/5911/1269 2294/5912/1269 2295/5913/1269
f 2295/5914/1269 2296/5915/1269 2297/5916/1269
o handle_344
usemtl rtu
v 0.802 0.87 0.028
v 0.886 0.87 0.028
v 0.886 0.87 0.014
v 0.802 0.87 0.014
v 0.799 0.873 0.031
v 0.889 0.873 0.031
v 0.889 0.873 0.011
v 0.799 0.873 0.011
v 0.799 0.895 0.031
v 0.889 0.895 0.031
v 0.889 0.895 0.011
v 0.799 0.895 0.011
v 0.802 0.898 0.028
v 0.886 0.898 0.028
v 0.886 0.898 0.014
v 0.802 0.898 0.014
v 0.802 0.87 0.028
v 0.886 0.87 0.028
v 0.886 0.87 0.014
v 0.802 0.87 0.014
v 0.802 0.898 0.028
v 0.886 0.898 0.028
v 0.886 0.898 0.014
v 0.802 0.898 0.014
vt 0.001572 0.591056
vt 0.011416 0.591056
vt 0.011768 0.591553
vt 0.001221 0.591553
vt 0.974893 0.591553
vt 0.973252 0.591553
vt 0.9729 0.591056
vt 0.975244 0.591056
vt 0.023623 0.591553
vt 0.013779 0.591553
vt 0.013428 0.591056
vt 0.023975 0.591056
vt 0.977158 0.591056
vt 0.978799 0.591056
vt 0.97915 0.591553
vt 0.976807 0.591553
vt 0.22583 0.665146
vt 0.236377 0.665146
vt 0.236377 0.667725
vt 0.22583 0.667725
vt 0.306885 0.667725
vt 0.306885 0.665381
vt 0.309463 0.665381
vt 0.309463 0.667725
vt 0.238037 0.665146
vt 0.248584 0.665146
vt 0.248584 0.667725
vt 0.238037 0.667725
vt 0.313857 0.665381
vt 0.313857 0.667725
vt 0.311279 0.667725
vt 0.311279 0.665381
vt 0.933643 0.591553
vt 0.923096 0.591553
vt 0.923447 0.591056
vt 0.933291 0.591056
vt 0.530908 0.591553
vt 0.528564 0.591553
vt 0.528916 0.591056
vt 0.530557 0.591056
vt 0.025635 0.591056
vt 0.036182 0.591056
vt 0.03583 0.591553
vt 0.025986 0.591553
vt 0.099365 0.591056
vt 0.101709 0.591056
vt 0.101357 0.591553
vt 0.099717 0.591553
vt 0.416338 0.630127
vt 0.406494 0.630127
vt 0.406494 0.628486
vt 0.406494 0.628486
vt 0.416338 0.628486
vt 0.416338 0.630127
vt 0.428057 0.628486
vt 0.428057 0.630127
vt 0.418213 0.630127
vt 0.418213 0.630127
vt 0.418213 0.628486
vt 0.428057 0.628486
vn 0 -0.707107 0.707107
vn 0.707107 -0.707107 0
vn 0 -0.707107 -0.707107
vn -0.707107 -0.707107 0
vn 0 0 1
vn 1 0 0
vn 0 0 -1
vn -1 0 0
vn 0 0.707107 0.707107
vn 0.707107 0.707107 0
vn 0 0.707107 -0.707107
vn -0.707107 0.707107 0
vn 0 -1 0
vn 0 1 0
f 2298/5917/1270 2299/5918/1270 2303/5919/1270 2302/5920/1270
f 2299/5921/1271 2300/5922/1271 2304/5923/1271 2303/5924/1271
f 2300/5925/1272 2301/5926/1272 2305/5927/1272 2304/5928/1272
f 2301/5929/1273 2298/5930/1273 2302/5931/1273 2305/5932/1273
f 2302/5933/1274 2303/5934/1274 2307/5935/1274 2306/5936/1274
f 2303/5937/1275 2304/5938/1275 2308/5939/1275 2307/5940/1275
f 2304/5941/1276 2305/5942/1276 2309/5943/1276 2308/5944/1276
f 2305/5945/1277 2302/5946/1277 2306/5947/1277 2309/5948/1277
f 2306/5949/1278 2307/5950/1278 2311/5951/1278 2310/5952/1278
f 2307/5953/1279 2308/5954/1279 2312/5955/1279 2311/5956/1279
f 2308/5957/1280 2309/5958/1280 2313/5959/1280 2312/5960/1280
f 2309/5961/1281 2306/5962/1281 2310/5963/1281 2313/5964/1281
f 2315/5965/1282 2314/5966/1282 2317/5967/1282
f 2317/5968/1282 2316/5969/1282 2315/5970/1282
f 2321/5971/1283 2318/5972/1283 2319/5973/1283
f 2319/5974/1283 2320/5975/1283 2321/5976/1283
o disconnect
usemtl rtu
v 0.592 0.51 0.023
v 0.756 0.51 0.023
v 0.756 0.51 -0.077
v 0.592 0.51 -0.077
v 0.584 0.518 0.031
v 0.764 0.518 0.031
v 0.764 0.518 -0.085
v 0.584 0.518 -0.085
v 0.584 0.762 0.031
v 0.764 0.762 0.031
v 0.764 0.762 -0.085
v 0.584 0.762 -0.085
v 0.592 0.77 0.023
v 0.756 0.77 0.023
v 0.756 0.77 -0.077
v 0.592 0.77 -0.077
v 0.592 0.51 0.023
v 0.756 0.51 0.023
v 0.756 0.51 -0.077
v 0.592 0.51 -0.077
v 0.592 0.77 0.023
v 0.756 0.77 0.023
v 0.756 0.77 -0.077
v 0.592 0.77 -0.077
vt 0.469443 0.628801
vt 0.488662 0.628801
vt 0.4896 0.630127
vt 0.468506 0.630127
vt 0.572959 0.630127
vt 0.56124 0.630127
vt 0.560303 0.628801
vt 0.573896 0.628801
vt 0.55751 0.630127
vt 0.538291 0.630127
vt 0.537354 0.628801
vt 0.558447 0.628801
vt 0.576377 0.628801
vt 0.588096 0.628801
vt 0.589033 0.630127
vt 0.575439 0.630127
vt 0.062256 0.715576
vt 0.062256 0.694482
vt 0.09085 0.694482
vt 0.09085 0.715576
vt 0.851318 0.715576
vt 0.851318 0.701982
vt 0.879912 0.701982
vt 0.879912 0.715576
vt 0.092529 0.715576
vt 0.092529 0.694482
vt 0.121123 0.694482
vt 0.121123 0.715576
vt 0.910186 0.701982
vt 0.910186 0.715576
vt 0.881592 0.715576
vt 0.881592 0.701982
vt 0.535498 0.630127
vt 0.514404 0.630127
vt 0.515342 0.628801
vt 0.534561 0.628801
vt 0.466963 0.630127
vt 0.453369 0.630127
vt 0.454307 0.628801
vt 0.466025 0.628801
vt 0.491455 0.628801
vt 0.512549 0.628801
vt 0.511611 0.630127
vt 0.492393 0.630127
vt 0.590576 0.628801
vt 0.60417 0.628801
vt 0.603232 0.630127
vt 0.591514 0.630127
vt 0.38958 0.692139
vt 0.370361 0.692139
vt 0.370361 0.68042
vt 0.370361 0.68042
vt 0.38958 0.68042
vt 0.38958 0.692139
vt 0.410576 0.68042
vt 0.410576 0.692139
vt 0.391357 0.692139
vt 0.391357 0.692139
vt 0.391357 0.68042
vt 0.410576 0.68042
vn 0 -0.707107 0.707107
vn 0.707107 -0.707107 0
vn 0 -0.707107 -0.707107
vn -0.707107 -0.707107 0
vn 0 0 1
vn 1 0 0
vn 0 0 -1
vn -1 0 0
vn 0 0.707107 0.707107
vn 0.707107 0.707107 0
vn 0 0.707107 -0.707107
vn -0.707107 0.707107 0
vn 0 -1 0
vn 0 1 0
f 2322/5977/1284 2323/5978/1284 2327/5979/1284 2326/5980/1284
f 2323/5981/1285 2324/5982/1285 2328/5983/1285 2327/5984/1285
f 2324/5985/1286 2325/5986/1286 2329/5987/1286 2328/5988/1286
f 2325/5989/1287 2322/5990/1287 2326/5991/1287 2329/5992/1287
f 2326/5993/1288 2327/5994/1288 2331/5995/1288 2330/5996/1288
f 2327/5997/1289 2328/5998/1289 2332/5999/1289 2331/6000/1289
f 2328/6001/1290 2329/6002/1290 2333/6003/1290 2332/6004/1290
f 2329/6005/1291 2326/6006/1291 2330/6007/1291 2333/6008/1291
f 2330/6009/1292 2331/6010/1292 2335/6011/1292 2334/6012/1292
f 2331/6013/1293 2332/6014/1293 2336/6015/1293 2335/6016/1293
f 2332/6017/1294 2333/6018/1294 2337/6019/1294 2336/6020/1294
f 2333/6021/1295 2330/6022/1295 2334/6023/1295 2337/6024/1295
f 2339/6025/1296 2338/6026/1296 2341/6027/1296
f 2341/6028/1296 2340/6029/1296 2339/6030/1296
f 2345/6031/1297 2342/6032/1297 2343/6033/1297
f 2343/6034/1297 2344/6035/1297 2345/6036/1297
o disconnect_handle
usemtl rtu
v 0.647 0.6 -0.086
v 0.701 0.6 -0.086
v 0.701 0.6 -0.1
v 0.647 0.6 -0.1
v 0.644 0.603 -0.083
v 0.704 0.603 -0.083
v 0.704 0.603 -0.103
v 0.644 0.603 -0.103
v 0.644 0.687 -0.083
v 0.704 0.687 -0.083
v 0.704 0.687 -0.103
v 0.644 0.687 -0.103
v 0.647 0.69 -0.086
v 0.701 0.69 -0.086
v 0.701 0.69 -0.1
v 0.647 0.69 -0.1
v 0.647 0.6 -0.086
v 0.701 0.6 -0.086
v 0.701 0.6 -0.1
v 0.647 0.6 -0.1
v 0.647 0.69 -0.086
v 0.701 0.69 -0.086
v 0.701 0.69 -0.1
v 0.647 0.69 -0.1
vt 0.062607 0.591056
vt 0.068936 0.591056
vt 0.069287 0.591553
vt 0.062256 0.591553
vt 0.081826 0.591553
vt 0.080186 0.591553
vt 0.079834 0.591056
vt 0.082178 0.591056
vt 0.954189 0.591553
vt 0.947861 0.591553
vt 0.94751 0.591056
vt 0.954541 0.591056
vt 0.965439 0.591056
vt 0.96708 0.591056
vt 0.967432 0.591553
vt 0.965088 0.591553
vt 0.559814 0.677979
vt 0.559814 0.670947
vt 0.569658 0.670947
vt 0.569658 0.677979
vt 0.274658 0.667725
vt 0.274658 0.665381
vt 0.284502 0.665381
vt 0.284502 0.667725
vt 0.571533 0.677979
vt 0.571533 0.670947
vt 0.581377 0.670947
vt 0.581377 0.677979
vt 0.296221 0.665381
vt 0.296221 0.667725
vt 0.286377 0.667725
vt 0.286377 0.665381
vt 0.96333 0.591553
vt 0.956299 0.591553
vt 0.95665 0.591056
vt 0.962979 0.591056
vt 0.527002 0.591553
vt 0.524658 0.591553
vt 0.52501 0.591056
vt 0.52665 0.591056
vt 0.071045 0.591056
vt 0.078076 0.591056
vt 0.077725 0.591553
vt 0.071396 0.591553
vt 0.08374 0.591056
vt 0.086084 0.591056
vt 0.085732 0.591553
vt 0.084092 0.591553
vt 0.397197 0.630127
vt 0.390869 0.630127
vt 0.390869 0.628486
vt 0.390869 0.628486
vt 0.397197 0.628486
vt 0.397197 0.630127
vt 0.40501 0.628486
vt 0.40501 0.630127
vt 0.398682 0.630127
vt 0.398682 0.630127
vt 0.398682 0.628486
vt 0.40501 0.628486
vn 0 -0.707107 0.707107
vn 0.707107 -0.707107 0
vn 0 -0.707107 -0.707107
vn -0.707107 -0.707107 0
vn 0 0 1
vn 1 0 0
vn 0 0 -1
vn -1 0 0
vn 0 0.707107 0.707107
vn 0.707107 0.707107 0
vn 0 0.707107 -0.707107
vn -0.707107 0.707107 0
vn 0 -1 0
vn 0 1 0
f 2346/6037/1298 2347/6038/1298 2351/6039/1298 2350/6040/1298
f 2347/6041/1299 2348/6042/1299 2352/6043/1299 2351/6044/1299
f 2348/6045/1300 2349/6046/1300 2353/6047/1300 2352/6048/1300
f 2349/6049/1301 2346/6050/1301 2350/6051/1301 2353/6052/1301
f 2350/6053/1302 2351/6054/1302 2355/6055/1302 2354/6056/1302
f 2351/6057/1303 2352/6058/1303 2356/6059/1303 2355/6060/1303
f 2352/6061/1304 2353/6062/1304 2357/6063/1304 2356/6064/1304
f 2353/6065/1305 2350/6066/1305 2354/6067/1305 2357/6068/1305
f 2354/6069/1306 2355/6070/1306 2359/6071/1306 2358/6072/1306
f 2355/6073/1307 2356/6074/1307 2360/6075/1307 2359/6076/1307
f 2356/6077/1308 2357/6078/1308 2361/6079/1308 2360/6080/1308
f 2357/6081/1309 2354/6082/1309 2358/6083/1309 2361/6084/1309
f 2363/6085/1310 2362/6086/1310 2365/6087/1310
f 2365/6088/1310 2364/6089/1310 2363/6090/1310
f 2369/6091/1311 2366/6092/1311 2367/6093/1311
f 2367/6094/1311 2368/6095/1311 2369/6096/1311
