# AFL Power Outlets V1 3-outlet strip (lit), generated by tools/build-power-outlets-v1.mjs
mtllib lit.mtl
o strip3_shell
usemtl strip
v 0.644 0 0.47529
v 0.642209 0 0.468606
v 0.637894 0 0.464291
v 0.63121 0 0.4625
v 0.36879 0 0.4625
v 0.362106 0 0.464291
v 0.357791 0 0.468606
v 0.356 0 0.47529
v 0.356 0 0.52471
v 0.357791 0 0.531394
v 0.362106 0 0.535709
v 0.36879 0 0.5375
v 0.63121 0 0.5375
v 0.637894 0 0.535709
v 0.642209 0 0.531394
v 0.644 0 0.52471
v 0.65 0.006 0.4745
v 0.647588 0.006 0.4655
v 0.641 0.006 0.458912
v 0.632 0.006 0.4565
v 0.368 0.006 0.4565
v 0.359 0.006 0.458912
v 0.352412 0.006 0.4655
v 0.35 0.006 0.4745
v 0.35 0.006 0.5255
v 0.352412 0.006 0.5345
v 0.359 0.006 0.541088
v 0.368 0.006 0.5435
v 0.632 0.006 0.5435
v 0.641 0.006 0.541088
v 0.647588 0.006 0.5345
v 0.65 0.006 0.5255
v 0.65 0.048 0.4745
v 0.647588 0.048 0.4655
v 0.641 0.048 0.458912
v 0.632 0.048 0.4565
v 0.368 0.048 0.4565
v 0.359 0.048 0.458912
v 0.352412 0.048 0.4655
v 0.35 0.048 0.4745
v 0.35 0.048 0.5255
v 0.352412 0.048 0.5345
v 0.359 0.048 0.541088
v 0.368 0.048 0.5435
v 0.632 0.048 0.5435
v 0.641 0.048 0.541088
v 0.647588 0.048 0.5345
v 0.65 0.048 0.5255
v 0.644 0.054 0.47529
v 0.642209 0.054 0.468606
v 0.637894 0.054 0.464291
v 0.63121 0.054 0.4625
v 0.36879 0.054 0.4625
v 0.362106 0.054 0.464291
v 0.357791 0.054 0.468606
v 0.356 0.054 0.47529
v 0.356 0.054 0.52471
v 0.357791 0.054 0.531394
v 0.362106 0.054 0.535709
v 0.36879 0.054 0.5375
v 0.63121 0.054 0.5375
v 0.637894 0.054 0.535709
v 0.642209 0.054 0.531394
v 0.644 0.054 0.52471
v 0.644 0 0.47529
v 0.642209 0 0.468606
v 0.637894 0 0.464291
v 0.63121 0 0.4625
v 0.36879 0 0.4625
v 0.362106 0 0.464291
v 0.357791 0 0.468606
v 0.356 0 0.47529
v 0.356 0 0.52471
v 0.357791 0 0.531394
v 0.362106 0 0.535709
v 0.36879 0 0.5375
v 0.63121 0 0.5375
v 0.637894 0 0.535709
v 0.642209 0 0.531394
v 0.644 0 0.52471
v 0.644 0.054 0.47529
v 0.642209 0.054 0.468606
v 0.637894 0.054 0.464291
v 0.63121 0.054 0.4625
v 0.36879 0.054 0.4625
v 0.362106 0.054 0.464291
v 0.357791 0.054 0.468606
v 0.356 0.054 0.47529
v 0.356 0.054 0.52471
v 0.357791 0.054 0.531394
v 0.362106 0.054 0.535709
v 0.36879 0.054 0.5375
v 0.63121 0.054 0.5375
v 0.637894 0.054 0.535709
v 0.642209 0.054 0.531394
v 0.644 0.054 0.52471
vt 0.418376 0.308133
vt 0.410758 0.30957
vt 0.407227 0.300523
vt 0.417483 0.298588
vt 0.422909 0.331055
vt 0.418945 0.32545
vt 0.425695 0.318461
vt 0.431747 0.32702
vt 0.305137 0.452148
vt 0.297679 0.450032
vt 0.299427 0.440605
vt 0.309468 0.443455
vt 0.297679 0.450032
vt 0.004898 0.423584
vt 0.004883 0.413998
vt 0.299427 0.440605
vt 0.642236 0.328296
vt 0.634957 0.331055
vt 0.629883 0.322769
vt 0.639685 0.319055
vt 0.451278 0.32545
vt 0.447315 0.331055
vt 0.438477 0.32702
vt 0.444528 0.318461
vt 0.559196 0.298588
vt 0.566813 0.300025
vt 0.565921 0.30957
vt 0.555664 0.307636
vt 0.566813 0.300025
vt 0.622176 0.300025
vt 0.623053 0.30957
vt 0.565921 0.30957
vt 0.913086 0.32151
vt 0.920735 0.320061
vt 0.924289 0.329103
vt 0.91399 0.331055
vt 0.330128 0.318461
vt 0.334091 0.324067
vt 0.327341 0.331055
vt 0.321289 0.322496
vt 0.319761 0.413998
vt 0.327219 0.416115
vt 0.325471 0.425541
vt 0.31543 0.422692
vt 0.327219 0.416115
vt 0.62 0.442563
vt 0.620015 0.452148
vt 0.325471 0.425541
vt 0.649414 0.321813
vt 0.656694 0.319055
vt 0.661768 0.32734
vt 0.651966 0.331055
vt 0.458008 0.324067
vt 0.461971 0.318461
vt 0.47081 0.322496
vt 0.464758 0.331055
vt 0.868 0.331055
vt 0.860352 0.329605
vt 0.861255 0.320061
vt 0.871554 0.322012
vt 0.473738 0.308133
vt 0.418376 0.308133
vt 0.417483 0.298588
vt 0.474616 0.298588
vt 0.551758 0.291992
vt 0.551758 0.28151
vt 0.599008 0.28151
vt 0.599008 0.291992
vt 0.004883 0.274414
vt 0.004883 0.263932
vt 0.052133 0.263932
vt 0.052133 0.274414
vt 0.333008 0.291992
vt 0.333008 0.28151
vt 0.380258 0.28151
vt 0.380258 0.291992
vt 0.004883 0.619742
vt 0.301883 0.619742
vt 0.301883 0.666992
vt 0.004883 0.666992
vt 0.387695 0.291992
vt 0.387695 0.28151
vt 0.434945 0.28151
vt 0.434945 0.291992
vt 0.10682 0.263932
vt 0.10682 0.274414
vt 0.05957 0.274414
vt 0.05957 0.263932
vt 0.927133 0.28151
vt 0.927133 0.291992
vt 0.879883 0.291992
vt 0.879883 0.28151
vt 0.926758 0.619742
vt 0.984133 0.619742
vt 0.984133 0.666992
vt 0.926758 0.666992
vt 0.98182 0.28151
vt 0.98182 0.291992
vt 0.93457 0.291992
vt 0.93457 0.28151
vt 0.161508 0.263932
vt 0.161508 0.274414
vt 0.114258 0.274414
vt 0.114258 0.263932
vt 0.442383 0.291992
vt 0.442383 0.28151
vt 0.489633 0.28151
vt 0.489633 0.291992
vt 0.30957 0.619742
vt 0.60657 0.619742
vt 0.60657 0.666992
vt 0.30957 0.666992
vt 0.49707 0.291992
vt 0.49707 0.28151
vt 0.54432 0.28151
vt 0.54432 0.291992
vt 0.168945 0.274414
vt 0.168945 0.263932
vt 0.216195 0.263932
vt 0.216195 0.274414
vt 0.606445 0.291992
vt 0.606445 0.28151
vt 0.653695 0.28151
vt 0.653695 0.291992
vt 0.062258 0.612305
vt 0.004883 0.612305
vt 0.004883 0.565055
vt 0.062258 0.565055
vt 0.491702 0.30957
vt 0.481445 0.307636
vt 0.484977 0.298588
vt 0.492595 0.300025
vt 0.18457 0.32702
vt 0.190622 0.318461
vt 0.197372 0.32545
vt 0.193409 0.331055
vt 0.625977 0.443455
vt 0.636018 0.440605
vt 0.637765 0.450032
vt 0.630308 0.452148
vt 0.636018 0.440605
vt 0.930562 0.413998
vt 0.930547 0.423584
vt 0.637765 0.450032
vt 0.593372 0.319055
vt 0.603174 0.322769
vt 0.5981 0.331055
vt 0.59082 0.328296
vt 0.34757 0.318461
vt 0.353622 0.32702
vt 0.344784 0.331055
vt 0.34082 0.32545
vt 0.333008 0.300523
vt 0.343265 0.298588
vt 0.344157 0.308133
vt 0.33654 0.30957
vt 0.343265 0.298588
vt 0.400397 0.298588
vt 0.39952 0.308133
vt 0.344157 0.308133
vt 0.878834 0.320061
vt 0.889133 0.322012
vt 0.885578 0.331055
vt 0.87793 0.329605
vt 0.490341 0.322496
vt 0.484289 0.331055
vt 0.477539 0.324067
vt 0.481502 0.318461
vt 0.309468 0.37777
vt 0.299427 0.38062
vt 0.297679 0.371193
vt 0.305137 0.369077
vt 0.299427 0.38062
vt 0.004883 0.407227
vt 0.004898 0.397641
vt 0.297679 0.371193
vt 0.620154 0.331055
vt 0.610352 0.32734
vt 0.615425 0.319055
vt 0.622705 0.321813
vt 0.366403 0.331055
vt 0.360352 0.322496
vt 0.36919 0.318461
vt 0.373153 0.324067
vt 0.977023 0.329103
vt 0.966724 0.331055
vt 0.96582 0.32151
vt 0.973469 0.320061
vt 0.548834 0.30957
vt 0.491702 0.30957
vt 0.492595 0.300025
vt 0.547957 0.300025
vt 0.326868 0.735971
vt 0.328883 0.74349
vt 0.328883 0.799088
vt 0.322014 0.731116
vt 0.326868 0.735971
vt 0.328883 0.799088
vt 0.314494 0.729102
vt 0.322014 0.731116
vt 0.328883 0.799088
vt 0.019271 0.729102
vt 0.314494 0.729102
vt 0.328883 0.799088
vt 0.011752 0.731116
vt 0.019271 0.729102
vt 0.328883 0.799088
vt 0.006898 0.735971
vt 0.011752 0.731116
vt 0.328883 0.799088
vt 0.004883 0.74349
vt 0.006898 0.735971
vt 0.328883 0.799088
vt 0.004883 0.799088
vt 0.004883 0.74349
vt 0.328883 0.799088
vt 0.006898 0.806608
vt 0.004883 0.799088
vt 0.328883 0.799088
vt 0.011752 0.811462
vt 0.006898 0.806608
vt 0.328883 0.799088
vt 0.019271 0.813477
vt 0.011752 0.811462
vt 0.328883 0.799088
vt 0.314494 0.813477
vt 0.019271 0.813477
vt 0.328883 0.799088
vt 0.322014 0.811462
vt 0.314494 0.813477
vt 0.328883 0.799088
vt 0.328883 0.799088
vt 0.326868 0.806608
vt 0.322014 0.811462
vt 0.334961 0.799088
vt 0.334961 0.74349
vt 0.336976 0.735971
vt 0.334961 0.799088
vt 0.336976 0.735971
vt 0.34183 0.731116
vt 0.334961 0.799088
vt 0.34183 0.731116
vt 0.34935 0.729102
vt 0.334961 0.799088
vt 0.34935 0.729102
vt 0.644572 0.729102
vt 0.334961 0.799088
vt 0.644572 0.729102
vt 0.652092 0.731116
vt 0.334961 0.799088
vt 0.652092 0.731116
vt 0.656946 0.735971
vt 0.334961 0.799088
vt 0.656946 0.735971
vt 0.658961 0.74349
vt 0.334961 0.799088
vt 0.658961 0.74349
vt 0.658961 0.799088
vt 0.334961 0.799088
vt 0.658961 0.799088
vt 0.656946 0.806608
vt 0.334961 0.799088
vt 0.656946 0.806608
vt 0.652092 0.811462
vt 0.334961 0.799088
vt 0.652092 0.811462
vt 0.644572 0.813477
vt 0.334961 0.799088
vt 0.644572 0.813477
vt 0.34935 0.813477
vt 0.334961 0.799088
vt 0.34935 0.813477
vt 0.34183 0.811462
vt 0.34183 0.811462
vt 0.336976 0.806608
vt 0.334961 0.799088
vn 0.705194 -0.708555 -0.025525
vn 0.604066 -0.719246 -0.343205
vn 0.343205 -0.719246 -0.604066
vn 0.005479 -0.707457 -0.706735
vn -0.005479 -0.707457 -0.706735
vn -0.343205 -0.719246 -0.604066
vn -0.604066 -0.719246 -0.343205
vn -0.705194 -0.708555 -0.025525
vn -0.705194 -0.708555 0.025525
vn -0.604066 -0.719246 0.343205
vn -0.343205 -0.719246 0.604066
vn -0.005479 -0.707457 0.706735
vn 0.005479 -0.707457 0.706735
vn 0.343205 -0.719246 0.604066
vn 0.604066 -0.719246 0.343205
vn 0.705194 -0.708555 0.025525
vn 0.999193 0 -0.04016
vn 0.866025 0 -0.5
vn 0.5 0 -0.866025
vn 0.008833 0 -0.999961
vn -0.008833 0 -0.999961
vn -0.5 0 -0.866025
vn -0.866025 0 -0.5
vn -0.999193 0 -0.04016
vn -0.999193 0 0.04016
vn -0.866025 0 0.5
vn -0.5 0 0.866025
vn -0.008833 0 0.999961
vn 0.008833 0 0.999961
vn 0.5 0 0.866025
vn 0.866025 0 0.5
vn 0.999193 0 0.04016
vn 0.705194 0.708555 -0.025525
vn 0.604066 0.719246 -0.343205
vn 0.343205 0.719246 -0.604066
vn 0.005479 0.707457 -0.706735
vn -0.005479 0.707457 -0.706735
vn -0.343205 0.719246 -0.604066
vn -0.604066 0.719246 -0.343205
vn -0.705194 0.708555 -0.025525
vn -0.705194 0.708555 0.025525
vn -0.604066 0.719246 0.343205
vn -0.343205 0.719246 0.604066
vn -0.005479 0.707457 0.706735
vn 0.005479 0.707457 0.706735
vn 0.343205 0.719246 0.604066
vn 0.604066 0.719246 0.343205
vn 0.705194 0.708555 0.025525
vn 0 -1 0
vn 0 1 0
f 1/1/1 2/2/2 18/3/2 17/4/1
f 2/5/2 3/6/3 19/7/3 18/8/2
f 3/9/3 4/10/4 20/11/4 19/12/3
f 4/13/4 5/14/5 21/15/5 20/16/4
f 5/17/5 6/18/6 22/19/6 21/20/5
f 6/21/6 7/22/7 23/23/7 22/24/6
f 7/25/7 8/26/8 24/27/8 23/28/7
f 8/29/8 9/30/9 25/31/9 24/32/8
f 9/33/9 10/34/10 26/35/10 25/36/9
f 10/37/10 11/38/11 27/39/11 26/40/10
f 11/41/11 12/42/12 28/43/12 27/44/11
f 12/45/12 13/46/13 29/47/13 28/48/12
f 13/49/13 14/50/14 30/51/14 29/52/13
f 14/53/14 15/54/15 31/55/15 30/56/14
f 15/57/15 16/58/16 32/59/16 31/60/15
f 16/61/16 1/62/1 17/63/1 32/64/16
f 17/65/17 18/66/18 34/67/18 33/68/17
f 18/69/18 19/70/19 35/71/19 34/72/18
f 19/73/19 20/74/20 36/75/20 35/76/19
f 20/77/20 21/78/21 37/79/21 36/80/20
f 21/81/21 22/82/22 38/83/22 37/84/21
f 22/85/22 23/86/23 39/87/23 38/88/22
f 23/89/23 24/90/24 40/91/24 39/92/23
f 24/93/24 25/94/25 41/95/25 40/96/24
f 25/97/25 26/98/26 42/99/26 41/100/25
f 26/101/26 27/102/27 43/103/27 42/104/26
f 27/105/27 28/106/28 44/107/28 43/108/27
f 28/109/28 29/110/29 45/111/29 44/112/28
f 29/113/29 30/114/30 46/115/30 45/116/29
f 30/117/30 31/118/31 47/119/31 46/120/30
f 31/121/31 32/122/32 48/123/32 47/124/31
f 32/125/32 17/126/17 33/127/17 48/128/32
f 33/129/33 34/130/34 50/131/34 49/132/33
f 34/133/34 35/134/35 51/135/35 50/136/34
f 35/137/35 36/138/36 52/139/36 51/140/35
f 36/141/36 37/142/37 53/143/37 52/144/36
f 37/145/37 38/146/38 54/147/38 53/148/37
f 38/149/38 39/150/39 55/151/39 54/152/38
f 39/153/39 40/154/40 56/155/40 55/156/39
f 40/157/40 41/158/41 57/159/41 56/160/40
f 41/161/41 42/162/42 58/163/42 57/164/41
f 42/165/42 43/166/43 59/167/43 58/168/42
f 43/169/43 44/170/44 60/171/44 59/172/43
f 44/173/44 45/174/45 61/175/45 60/176/44
f 45/177/45 46/178/46 62/179/46 61/180/45
f 46/181/46 47/182/47 63/183/47 62/184/46
f 47/185/47 48/186/48 64/187/48 63/188/47
f 48/189/48 33/190/33 49/191/33 64/192/48
f 66/193/49 65/194/49 80/195/49
f 67/196/49 66/197/49 80/198/49
f 68/199/49 67/200/49 80/201/49
f 69/202/49 68/203/49 80/204/49
f 70/205/49 69/206/49 80/207/49
f 71/208/49 70/209/49 80/210/49
f 72/211/49 71/212/49 80/213/49
f 73/214/49 72/215/49 80/216/49
f 74/217/49 73/218/49 80/219/49
f 75/220/49 74/221/49 80/222/49
f 76/223/49 75/224/49 80/225/49
f 77/226/49 76/227/49 80/228/49
f 78/229/49 77/230/49 80/231/49
f 80/232/49 79/233/49 78/234/49
f 96/235/50 81/236/50 82/237/50
f 96/238/50 82/239/50 83/240/50
f 96/241/50 83/242/50 84/243/50
f 96/244/50 84/245/50 85/246/50
f 96/247/50 85/248/50 86/249/50
f 96/250/50 86/251/50 87/252/50
f 96/253/50 87/254/50 88/255/50
f 96/256/50 88/257/50 89/258/50
f 96/259/50 89/260/50 90/261/50
f 96/262/50 90/263/50 91/264/50
f 96/265/50 91/266/50 92/267/50
f 96/268/50 92/269/50 93/270/50
f 96/271/50 93/272/50 94/273/50
f 94/274/50 95/275/50 96/276/50
o strip3_face_a0
usemtl strip
v 0.399183 0.0525 0.47915
v 0.393241 0.0525 0.484619
v 0.389317 0.0525 0.491869
v 0.38796 0.0525 0.5
v 0.389317 0.0525 0.508131
v 0.393241 0.0525 0.515381
v 0.399183 0.0525 0.52085
v 0.426817 0.0525 0.52085
v 0.432759 0.0525 0.515381
v 0.436683 0.0525 0.508131
v 0.43804 0.0525 0.5
v 0.436683 0.0525 0.491869
v 0.432759 0.0525 0.484619
v 0.426817 0.0525 0.47915
v 0.39889 0.05325 0.4784
v 0.392641 0.05325 0.484152
v 0.388598 0.05325 0.491622
v 0.3872 0.05325 0.5
v 0.388598 0.05325 0.508378
v 0.392641 0.05325 0.515848
v 0.39889 0.05325 0.5216
v 0.42711 0.05325 0.5216
v 0.433359 0.05325 0.515848
v 0.437402 0.05325 0.508378
v 0.4388 0.05325 0.5
v 0.437402 0.05325 0.491622
v 0.433359 0.05325 0.484152
v 0.42711 0.05325 0.4784
v 0.39889 0.05655 0.4784
v 0.392641 0.05655 0.484152
v 0.388598 0.05655 0.491622
v 0.3872 0.05655 0.5
v 0.388598 0.05655 0.508378
v 0.392641 0.05655 0.515848
v 0.39889 0.05655 0.5216
v 0.42711 0.05655 0.5216
v 0.433359 0.05655 0.515848
v 0.437402 0.05655 0.508378
v 0.4388 0.05655 0.5
v 0.437402 0.05655 0.491622
v 0.433359 0.05655 0.484152
v 0.42711 0.05655 0.4784
v 0.399183 0.0573 0.47915
v 0.393241 0.0573 0.484619
v 0.389317 0.0573 0.491869
v 0.38796 0.0573 0.5
v 0.389317 0.0573 0.508131
v 0.393241 0.0573 0.515381
v 0.399183 0.0573 0.52085
v 0.426817 0.0573 0.52085
v 0.432759 0.0573 0.515381
v 0.436683 0.0573 0.508131
v 0.43804 0.0573 0.5
v 0.436683 0.0573 0.491869
v 0.432759 0.0573 0.484619
v 0.426817 0.0573 0.47915
v 0.42035 0.0525 0.498275
v 0.4247 0.0525 0.498275
v 0.4247 0.0525 0.512225
v 0.42035 0.0525 0.512225
v 0.4211 0.05325 0.499025
v 0.42395 0.05325 0.499025
v 0.42395 0.05325 0.511475
v 0.4211 0.05325 0.511475
v 0.4211 0.05655 0.499025
v 0.42395 0.05655 0.499025
v 0.42395 0.05655 0.511475
v 0.4211 0.05655 0.511475
v 0.42035 0.0573 0.498275
v 0.4247 0.0573 0.498275
v 0.4247 0.0573 0.512225
v 0.42035 0.0573 0.512225
v 0.4013 0.0525 0.4994
v 0.40565 0.0525 0.4994
v 0.40565 0.0525 0.5111
v 0.4013 0.0525 0.5111
v 0.40205 0.05325 0.50015
v 0.4049 0.05325 0.50015
v 0.4049 0.05325 0.51035
v 0.40205 0.05325 0.51035
v 0.40205 0.05655 0.50015
v 0.4049 0.05655 0.50015
v 0.4049 0.05655 0.51035
v 0.40205 0.05655 0.51035
v 0.4013 0.0573 0.4994
v 0.40565 0.0573 0.4994
v 0.40565 0.0573 0.5111
v 0.4013 0.0573 0.5111
v 0.408222 0.0525 0.49085
v 0.408569 0.0525 0.48866
v 0.409231 0.0525 0.487361
v 0.410261 0.0525 0.486331
v 0.41156 0.0525 0.485669
v 0.413 0.0525 0.485441
v 0.41444 0.0525 0.485669
v 0.415739 0.0525 0.486331
v 0.416769 0.0525 0.487361
v 0.417431 0.0525 0.48866
v 0.417778 0.0525 0.49085
v 0.4091 0.05325 0.4901
v 0.409291 0.05325 0.488895
v 0.409845 0.05325 0.487808
v 0.410708 0.05325 0.486945
v 0.411795 0.05325 0.486391
v 0.413 0.05325 0.4862
v 0.414205 0.05325 0.486391
v 0.415292 0.05325 0.486945
v 0.416155 0.05325 0.487808
v 0.416709 0.05325 0.488895
v 0.4169 0.05325 0.4901
v 0.4091 0.05655 0.4901
v 0.409291 0.05655 0.488895
v 0.409845 0.05655 0.487808
v 0.410708 0.05655 0.486945
v 0.411795 0.05655 0.486391
v 0.413 0.05655 0.4862
v 0.414205 0.05655 0.486391
v 0.415292 0.05655 0.486945
v 0.416155 0.05655 0.487808
v 0.416709 0.05655 0.488895
v 0.4169 0.05655 0.4901
v 0.408222 0.0573 0.49085
v 0.408569 0.0573 0.48866
v 0.409231 0.0573 0.487361
v 0.410261 0.0573 0.486331
v 0.41156 0.0573 0.485669
v 0.413 0.0573 0.485441
v 0.41444 0.0573 0.485669
v 0.415739 0.0573 0.486331
v 0.416769 0.0573 0.487361
v 0.417431 0.0573 0.48866
v 0.417778 0.0573 0.49085
v 0.399183 0.0525 0.47915
v 0.393241 0.0525 0.484619
v 0.389317 0.0525 0.491869
v 0.38796 0.0525 0.5
v 0.389317 0.0525 0.508131
v 0.393241 0.0525 0.515381
v 0.399183 0.0525 0.52085
v 0.426817 0.0525 0.52085
v 0.432759 0.0525 0.515381
v 0.436683 0.0525 0.508131
v 0.43804 0.0525 0.5
v 0.436683 0.0525 0.491869
v 0.432759 0.0525 0.484619
v 0.426817 0.0525 0.47915
v 0.42035 0.0525 0.498275
v 0.4247 0.0525 0.498275
v 0.4247 0.0525 0.512225
v 0.42035 0.0525 0.512225
v 0.4013 0.0525 0.4994
v 0.40565 0.0525 0.4994
v 0.40565 0.0525 0.5111
v 0.4013 0.0525 0.5111
v 0.408222 0.0525 0.49085
v 0.408569 0.0525 0.48866
v 0.409231 0.0525 0.487361
v 0.410261 0.0525 0.486331
v 0.41156 0.0525 0.485669
v 0.413 0.0525 0.485441
v 0.41444 0.0525 0.485669
v 0.415739 0.0525 0.486331
v 0.416769 0.0525 0.487361
v 0.417431 0.0525 0.48866
v 0.417778 0.0525 0.49085
v 0.399183 0.0573 0.47915
v 0.393241 0.0573 0.484619
v 0.389317 0.0573 0.491869
v 0.38796 0.0573 0.5
v 0.389317 0.0573 0.508131
v 0.393241 0.0573 0.515381
v 0.399183 0.0573 0.52085
v 0.426817 0.0573 0.52085
v 0.432759 0.0573 0.515381
v 0.436683 0.0573 0.508131
v 0.43804 0.0573 0.5
v 0.436683 0.0573 0.491869
v 0.432759 0.0573 0.484619
v 0.426817 0.0573 0.47915
v 0.42035 0.0573 0.498275
v 0.4247 0.0573 0.498275
v 0.4247 0.0573 0.512225
v 0.42035 0.0573 0.512225
v 0.4013 0.0573 0.4994
v 0.40565 0.0573 0.4994
v 0.40565 0.0573 0.5111
v 0.4013 0.0573 0.5111
v 0.408222 0.0573 0.49085
v 0.408569 0.0573 0.48866
v 0.409231 0.0573 0.487361
v 0.410261 0.0573 0.486331
v 0.41156 0.0573 0.485669
v 0.413 0.0573 0.485441
v 0.41444 0.0573 0.485669
v 0.415739 0.0573 0.486331
v 0.416769 0.0573 0.487361
v 0.417431 0.0573 0.48866
v 0.417778 0.0573 0.49085
vt 0.908188 0.264499
vt 0.91551 0.269774
vt 0.914928 0.270825
vt 0.907227 0.265277
vt 0.91551 0.269774
vt 0.924038 0.273257
vt 0.923714 0.274414
vt 0.914928 0.270825
vt 0.356723 0.102204
vt 0.36587 0.103291
vt 0.36587 0.104492
vt 0.356445 0.103372
vt 0.36587 0.103291
vt 0.375018 0.102204
vt 0.375296 0.103372
vt 0.36587 0.104492
vt 0.625977 0.273257
vt 0.634504 0.269774
vt 0.635087 0.270825
vt 0.6263 0.274414
vt 0.634504 0.269774
vt 0.641826 0.264499
vt 0.642788 0.265277
vt 0.635087 0.270825
vt 0.200525 0.042752
vt 0.231613 0.042752
vt 0.231942 0.043945
vt 0.200195 0.043945
vt 0.712139 0.274414
vt 0.704817 0.269139
vt 0.705399 0.268088
vt 0.7131 0.273636
vt 0.704817 0.269139
vt 0.696289 0.265655
vt 0.696613 0.264499
vt 0.705399 0.268088
vt 0.705096 0.104492
vt 0.695949 0.103405
vt 0.695949 0.102204
vt 0.705374 0.103324
vt 0.695949 0.103405
vt 0.686801 0.104492
vt 0.686523 0.103324
vt 0.695949 0.102204
vt 0.736538 0.265655
vt 0.72801 0.269139
vt 0.727428 0.268088
vt 0.736214 0.264499
vt 0.72801 0.269139
vt 0.720688 0.274414
vt 0.719727 0.273636
vt 0.727428 0.268088
vt 0.950363 0.036133
vt 0.919275 0.036133
vt 0.918945 0.03494
vt 0.950692 0.03494
vt 0.342773 0.169139
vt 0.352329 0.169139
vt 0.352329 0.172852
vt 0.342773 0.172852
vt 0.708008 0.159373
vt 0.717563 0.159373
vt 0.717563 0.163086
vt 0.708008 0.163086
vt 0.592773 0.169139
vt 0.602329 0.169139
vt 0.602329 0.172852
vt 0.592773 0.172852
vt 0.567383 0.159373
vt 0.576938 0.159373
vt 0.576938 0.163086
vt 0.567383 0.163086
vt 0.358398 0.169139
vt 0.367954 0.169139
vt 0.367954 0.172852
vt 0.358398 0.172852
vt 0.286133 0.159373
vt 0.295688 0.159373
vt 0.295688 0.163086
vt 0.286133 0.163086
vt 0.395508 0.178905
vt 0.427254 0.178905
vt 0.427254 0.182617
vt 0.395508 0.182617
vt 0.758579 0.172852
vt 0.749023 0.172852
vt 0.749023 0.169139
vt 0.758579 0.169139
vt 0.733188 0.163086
vt 0.723633 0.163086
vt 0.723633 0.159373
vt 0.733188 0.159373
vt 0.076938 0.163086
vt 0.067383 0.163086
vt 0.067383 0.159373
vt 0.076938 0.159373
vt 0.311313 0.163086
vt 0.301758 0.163086
vt 0.301758 0.159373
vt 0.311313 0.159373
vt 0.748813 0.163086
vt 0.739258 0.163086
vt 0.739258 0.159373
vt 0.748813 0.159373
vt 0.774204 0.172852
vt 0.764648 0.172852
vt 0.764648 0.169139
vt 0.774204 0.169139
vt 0.43457 0.178905
vt 0.466317 0.178905
vt 0.466317 0.182617
vt 0.43457 0.182617
vt 0.075195 0.256058
vt 0.082896 0.25051
vt 0.083479 0.251561
vt 0.076157 0.256836
vt 0.082896 0.25051
vt 0.091683 0.246921
vt 0.092006 0.248077
vt 0.083479 0.251561
vt 0.381836 0.103324
vt 0.391261 0.102204
vt 0.391261 0.103405
vt 0.382114 0.104492
vt 0.391261 0.102204
vt 0.400686 0.103324
vt 0.400408 0.104492
vt 0.391261 0.103405
vt 0.602863 0.264499
vt 0.611649 0.268088
vt 0.611067 0.269139
vt 0.602539 0.265655
vt 0.611649 0.268088
vt 0.61935 0.273636
vt 0.618389 0.274414
vt 0.611067 0.269139
vt 0.130379 0.051758
vt 0.098633 0.051758
vt 0.098962 0.050565
vt 0.13005 0.050565
vt 0.467006 0.247699
vt 0.459305 0.253247
vt 0.458723 0.252196
vt 0.466045 0.246921
vt 0.459305 0.253247
vt 0.450519 0.256836
vt 0.450195 0.255679
vt 0.458723 0.252196
vt 0.426077 0.103372
vt 0.416652 0.104492
vt 0.416652 0.103291
vt 0.425799 0.102204
vt 0.416652 0.104492
vt 0.407227 0.103372
vt 0.407504 0.102204
vt 0.416652 0.103291
vt 0.806527 0.274414
vt 0.79774 0.270825
vt 0.798322 0.269774
vt 0.80685 0.273257
vt 0.79774 0.270825
vt 0.790039 0.265277
vt 0.791 0.264499
vt 0.798322 0.269774
vt 0.21582 0.03494
vt 0.247567 0.03494
vt 0.247238 0.036133
vt 0.21615 0.036133
vt 0.985352 0.042752
vt 0.990245 0.042752
vt 0.989402 0.043945
vt 0.986195 0.043945
vt 0.18457 0.027127
vt 0.200264 0.027127
vt 0.19942 0.02832
vt 0.185414 0.02832
vt 0.357433 0.036133
vt 0.352539 0.036133
vt 0.353383 0.03494
vt 0.356589 0.03494
vt 0.223702 0.02832
vt 0.208008 0.02832
vt 0.208852 0.027127
vt 0.222858 0.027127
vt 0.360352 0.133789
vt 0.360352 0.130583
vt 0.364064 0.130583
vt 0.364064 0.133789
vt 0.887695 0.178905
vt 0.901702 0.178905
vt 0.901702 0.182617
vt 0.887695 0.182617
vt 0.370117 0.133789
vt 0.370117 0.130583
vt 0.37383 0.130583
vt 0.37383 0.133789
vt 0.923186 0.182617
vt 0.90918 0.182617
vt 0.90918 0.178905
vt 0.923186 0.178905
vt 0.891745 0.02832
vt 0.888539 0.02832
vt 0.887695 0.027127
vt 0.892589 0.027127
vt 0.630727 0.042752
vt 0.644733 0.042752
vt 0.645577 0.043945
vt 0.629883 0.043945
vt 0.005727 0.03494
vt 0.008933 0.03494
vt 0.009777 0.036133
vt 0.004883 0.036133
vt 0.246295 0.02832
vt 0.232289 0.02832
vt 0.231445 0.027127
vt 0.247139 0.027127
vt 0.016602 0.03494
vt 0.021495 0.03494
vt 0.020652 0.036133
vt 0.017445 0.036133
vt 0.235352 0.019315
vt 0.248514 0.019315
vt 0.24767 0.020508
vt 0.236195 0.020508
vt 0.884777 0.051758
vt 0.879883 0.051758
vt 0.880727 0.050565
vt 0.883933 0.050565
vt 0.182108 0.020508
vt 0.168945 0.020508
vt 0.169789 0.019315
vt 0.181264 0.019315
vt 0.379883 0.133789
vt 0.379883 0.130583
vt 0.383595 0.130583
vt 0.383595 0.133789
vt 0.237305 0.169139
vt 0.24878 0.169139
vt 0.24878 0.172852
vt 0.237305 0.172852
vt 0.389648 0.133789
vt 0.389648 0.130583
vt 0.393361 0.130583
vt 0.393361 0.133789
vt 0.266358 0.172852
vt 0.254883 0.172852
vt 0.254883 0.169139
vt 0.266358 0.169139
vt 0.903464 0.02832
vt 0.900258 0.02832
vt 0.899414 0.027127
vt 0.904308 0.027127
vt 0.56432 0.027127
vt 0.575795 0.027127
vt 0.576639 0.02832
vt 0.563477 0.02832
vt 0.736195 0.050565
vt 0.739402 0.050565
vt 0.740245 0.051758
vt 0.735352 0.051758
vt 0.595327 0.02832
vt 0.583852 0.02832
vt 0.583008 0.027127
vt 0.59617 0.027127
vt 0.40732 0.084961
vt 0.404857 0.084677
vt 0.405128 0.083507
vt 0.406483 0.083663
vt 0.404857 0.084677
vt 0.40332 0.084134
vt 0.403841 0.083052
vt 0.405128 0.083507
vt 0.270869 0.124023
vt 0.269584 0.123021
vt 0.270424 0.122163
vt 0.2715 0.123002
vt 0.269584 0.123021
vt 0.268555 0.121757
vt 0.269563 0.121105
vt 0.270424 0.122163
vt 0.571289 0.058399
vt 0.572909 0.058217
vt 0.572909 0.059418
vt 0.571553 0.05957
vt 0.572909 0.058217
vt 0.574529 0.058399
vt 0.574265 0.05957
vt 0.572909 0.059418
vt 0.385742 0.123372
vt 0.386772 0.122108
vt 0.387612 0.122966
vt 0.38675 0.124023
vt 0.386772 0.122108
vt 0.388057 0.121105
vt 0.388687 0.122126
vt 0.387612 0.122966
vt 0.21582 0.08388
vt 0.217357 0.083337
vt 0.217628 0.084507
vt 0.216341 0.084961
vt 0.217357 0.083337
vt 0.21982 0.083052
vt 0.218983 0.08435
vt 0.217628 0.084507
vt 0.652352 0.02832
vt 0.641602 0.02832
vt 0.642589 0.027127
vt 0.651364 0.027127
vt 0.930664 0.067383
vt 0.930664 0.06601
vt 0.934377 0.06601
vt 0.934377 0.067383
vt 0.754883 0.067383
vt 0.754883 0.06601
vt 0.758595 0.06601
vt 0.758595 0.067383
vt 0.317383 0.05957
vt 0.317383 0.058198
vt 0.321095 0.058198
vt 0.321095 0.05957
vt 0.959961 0.067383
vt 0.959961 0.06601
vt 0.963673 0.06601
vt 0.963673 0.067383
vt 0.969727 0.067383
vt 0.969727 0.06601
vt 0.973439 0.06601
vt 0.973439 0.067383
vt 0.979492 0.067383
vt 0.979492 0.06601
vt 0.983205 0.06601
vt 0.983205 0.067383
vt 0.99297 0.06601
vt 0.99297 0.067383
vt 0.989258 0.067383
vt 0.989258 0.06601
vt 0.389455 0.058198
vt 0.389455 0.05957
vt 0.385742 0.05957
vt 0.385742 0.058198
vt 0.008595 0.058198
vt 0.008595 0.05957
vt 0.004883 0.05957
vt 0.004883 0.058198
vt 0.768361 0.06601
vt 0.768361 0.067383
vt 0.764648 0.067383
vt 0.764648 0.06601
vt 0.051758 0.149608
vt 0.060533 0.149608
vt 0.060533 0.15332
vt 0.051758 0.15332
vt 0.511952 0.08435
vt 0.510597 0.084507
vt 0.510326 0.083337
vt 0.512789 0.083052
vt 0.510597 0.084507
vt 0.50931 0.084961
vt 0.508789 0.08388
vt 0.510326 0.083337
vt 0.125016 0.122126
vt 0.12394 0.122966
vt 0.1231 0.122108
vt 0.124385 0.121105
vt 0.12394 0.122966
vt 0.123078 0.124023
vt 0.12207 0.123372
vt 0.1231 0.122108
vt 0.58403 0.05957
vt 0.582674 0.059418
vt 0.582674 0.058217
vt 0.584294 0.058399
vt 0.582674 0.059418
vt 0.581319 0.05957
vt 0.581055 0.058399
vt 0.582674 0.058217
vt 0.279328 0.121105
vt 0.28019 0.122163
vt 0.27935 0.123021
vt 0.27832 0.121757
vt 0.28019 0.122163
vt 0.281266 0.123002
vt 0.280635 0.124023
vt 0.27935 0.123021
vt 0.157747 0.083052
vt 0.159034 0.083507
vt 0.158764 0.084677
vt 0.157227 0.084134
vt 0.159034 0.083507
vt 0.160389 0.083663
vt 0.161226 0.084961
vt 0.158764 0.084677
vt 0.916027 0.042752
vt 0.924802 0.042752
vt 0.92579 0.043945
vt 0.915039 0.043945
vt 0.135824 0.516858
vt 0.142508 0.510705
vt 0.173596 0.510705
vt 0.131409 0.525014
vt 0.135824 0.516858
vt 0.173596 0.510705
vt 0.131409 0.543308
vt 0.129883 0.534161
vt 0.131409 0.525014
vt 0.135824 0.551464
vt 0.131409 0.543308
vt 0.131409 0.525014
vt 0.142508 0.557617
vt 0.135824 0.551464
vt 0.131409 0.525014
vt 0.14489 0.546648
vt 0.149784 0.546648
vt 0.142508 0.557617
vt 0.14489 0.546648
vt 0.142508 0.557617
vt 0.131409 0.525014
vt 0.14489 0.533486
vt 0.14489 0.546648
vt 0.131409 0.525014
vt 0.149784 0.533486
vt 0.14489 0.533486
vt 0.131409 0.525014
vt 0.152677 0.523867
vt 0.149784 0.533486
vt 0.131409 0.525014
vt 0.153067 0.521404
vt 0.152677 0.523867
vt 0.131409 0.525014
vt 0.153812 0.519942
vt 0.153067 0.521404
vt 0.131409 0.525014
vt 0.154971 0.518783
vt 0.153812 0.519942
vt 0.131409 0.525014
vt 0.156433 0.518038
vt 0.154971 0.518783
vt 0.131409 0.525014
vt 0.156433 0.518038
vt 0.131409 0.525014
vt 0.173596 0.510705
vt 0.158052 0.517782
vt 0.156433 0.518038
vt 0.173596 0.510705
vt 0.159672 0.518038
vt 0.158052 0.517782
vt 0.173596 0.510705
vt 0.161133 0.518783
vt 0.159672 0.518038
vt 0.173596 0.510705
vt 0.162293 0.519942
vt 0.161133 0.518783
vt 0.173596 0.510705
vt 0.163038 0.521404
vt 0.162293 0.519942
vt 0.173596 0.510705
vt 0.163428 0.523867
vt 0.163038 0.521404
vt 0.173596 0.510705
vt 0.149784 0.533486
vt 0.152677 0.523867
vt 0.163428 0.523867
vt 0.149784 0.546648
vt 0.149784 0.533486
vt 0.163428 0.523867
vt 0.149784 0.546648
vt 0.163428 0.523867
vt 0.173596 0.510705
vt 0.173596 0.557617
vt 0.142508 0.557617
vt 0.149784 0.546648
vt 0.180281 0.551464
vt 0.173596 0.557617
vt 0.149784 0.546648
vt 0.166321 0.547914
vt 0.171215 0.547914
vt 0.180281 0.551464
vt 0.166321 0.547914
vt 0.180281 0.551464
vt 0.149784 0.546648
vt 0.166321 0.53222
vt 0.166321 0.547914
vt 0.149784 0.546648
vt 0.166321 0.53222
vt 0.149784 0.546648
vt 0.173596 0.510705
vt 0.171215 0.53222
vt 0.166321 0.53222
vt 0.173596 0.510705
vt 0.171215 0.547914
vt 0.171215 0.53222
vt 0.173596 0.510705
vt 0.180281 0.551464
vt 0.171215 0.547914
vt 0.173596 0.510705
vt 0.184695 0.543308
vt 0.180281 0.551464
vt 0.173596 0.510705
vt 0.186222 0.534161
vt 0.184695 0.543308
vt 0.173596 0.510705
vt 0.184695 0.525014
vt 0.186222 0.534161
vt 0.173596 0.510705
vt 0.173596 0.510705
vt 0.180281 0.516858
vt 0.184695 0.525014
vt 0.205008 0.510705
vt 0.236096 0.510705
vt 0.242781 0.516858
vt 0.205008 0.510705
vt 0.242781 0.516858
vt 0.247195 0.525014
vt 0.247195 0.525014
vt 0.248722 0.534161
vt 0.247195 0.543308
vt 0.247195 0.525014
vt 0.247195 0.543308
vt 0.242781 0.551464
vt 0.247195 0.525014
vt 0.242781 0.551464
vt 0.236096 0.557617
vt 0.236096 0.557617
vt 0.228821 0.546648
vt 0.233715 0.546648
vt 0.247195 0.525014
vt 0.236096 0.557617
vt 0.233715 0.546648
vt 0.247195 0.525014
vt 0.233715 0.546648
vt 0.233715 0.533486
vt 0.247195 0.525014
vt 0.233715 0.533486
vt 0.228821 0.533486
vt 0.247195 0.525014
vt 0.228821 0.533486
vt 0.225928 0.523867
vt 0.247195 0.525014
vt 0.225928 0.523867
vt 0.225538 0.521404
vt 0.247195 0.525014
vt 0.225538 0.521404
vt 0.224793 0.519942
vt 0.247195 0.525014
vt 0.224793 0.519942
vt 0.223633 0.518783
vt 0.247195 0.525014
vt 0.223633 0.518783
vt 0.222172 0.518038
vt 0.205008 0.510705
vt 0.247195 0.525014
vt 0.222172 0.518038
vt 0.205008 0.510705
vt 0.222172 0.518038
vt 0.220552 0.517782
vt 0.205008 0.510705
vt 0.220552 0.517782
vt 0.218933 0.518038
vt 0.205008 0.510705
vt 0.218933 0.518038
vt 0.217471 0.518783
vt 0.205008 0.510705
vt 0.217471 0.518783
vt 0.216312 0.519942
vt 0.205008 0.510705
vt 0.216312 0.519942
vt 0.215567 0.521404
vt 0.205008 0.510705
vt 0.215567 0.521404
vt 0.215177 0.523867
vt 0.215177 0.523867
vt 0.225928 0.523867
vt 0.228821 0.533486
vt 0.215177 0.523867
vt 0.228821 0.533486
vt 0.228821 0.546648
vt 0.205008 0.510705
vt 0.215177 0.523867
vt 0.228821 0.546648
vt 0.228821 0.546648
vt 0.236096 0.557617
vt 0.205008 0.557617
vt 0.228821 0.546648
vt 0.205008 0.557617
vt 0.198324 0.551464
vt 0.198324 0.551464
vt 0.20739 0.547914
vt 0.212284 0.547914
vt 0.228821 0.546648
vt 0.198324 0.551464
vt 0.212284 0.547914
vt 0.228821 0.546648
vt 0.212284 0.547914
vt 0.212284 0.53222
vt 0.205008 0.510705
vt 0.228821 0.546648
vt 0.212284 0.53222
vt 0.205008 0.510705
vt 0.212284 0.53222
vt 0.20739 0.53222
vt 0.205008 0.510705
vt 0.20739 0.53222
vt 0.20739 0.547914
vt 0.205008 0.510705
vt 0.20739 0.547914
vt 0.198324 0.551464
vt 0.205008 0.510705
vt 0.198324 0.551464
vt 0.193909 0.543308
vt 0.205008 0.510705
vt 0.193909 0.543308
vt 0.192383 0.534161
vt 0.205008 0.510705
vt 0.192383 0.534161
vt 0.193909 0.525014
vt 0.193909 0.525014
vt 0.198324 0.516858
vt 0.205008 0.510705
vn -0.11221 -0.72419 -0.68041
vn -0.554501 -0.711946 -0.430885
vn -0.664179 -0.711946 -0.228032
vn -0.702234 -0.711946 0
vn -0.664179 -0.711946 0.228032
vn -0.554501 -0.711946 0.430885
vn -0.11221 -0.72419 0.68041
vn 0.11221 -0.72419 0.68041
vn 0.554501 -0.711946 0.430885
vn 0.664179 -0.711946 0.228032
vn 0.702234 -0.711946 0
vn 0.664179 -0.711946 -0.228032
vn 0.554501 -0.711946 -0.430885
vn 0.11221 -0.72419 -0.68041
vn -0.677234 0 -0.735768
vn -0.789108 0 -0.614254
vn -0.945809 0 -0.324724
vn -1 0 0
vn -0.945809 0 0.324724
vn -0.789108 0 0.614254
vn -0.677234 0 0.735768
vn 0 0 1
vn 0.677234 0 0.735768
vn 0.789108 0 0.614254
vn 0.945809 0 0.324724
vn 1 0 0
vn 0.945809 0 -0.324724
vn 0.789108 0 -0.614254
vn 0.677234 0 -0.735768
vn 0 0 -1
vn -0.11221 0.72419 -0.68041
vn -0.554501 0.711946 -0.430885
vn -0.664179 0.711946 -0.228032
vn -0.702234 0.711946 0
vn -0.664179 0.711946 0.228032
vn -0.554501 0.711946 0.430885
vn -0.11221 0.72419 0.68041
vn 0.11221 0.72419 0.68041
vn 0.554501 0.711946 0.430885
vn 0.664179 0.711946 0.228032
vn 0.702234 0.711946 0
vn 0.664179 0.711946 -0.228032
vn 0.554501 0.711946 -0.430885
vn 0.11221 0.72419 -0.68041
vn 0 -0.707107 0.707107
vn -0.707107 -0.707107 0
vn 0 -0.707107 -0.707107
vn 0.707107 -0.707107 0
vn 0 0.707107 0.707107
vn -0.707107 0.707107 0
vn 0 0.707107 -0.707107
vn 0.707107 0.707107 0
vn 0.698401 -0.707107 0.110616
vn 0.672527 -0.711405 0.203987
vn 0.568507 -0.711473 0.413045
vn 0.413045 -0.711473 0.568507
vn 0.21715 -0.711473 0.66832
vn 0 -0.711473 0.702714
vn -0.21715 -0.711473 0.66832
vn -0.413045 -0.711473 0.568507
vn -0.568507 -0.711473 0.413045
vn -0.672527 -0.711405 0.203987
vn -0.698401 -0.707107 0.110616
vn 0.987688 0 0.156434
vn 0.951057 0 0.309017
vn 0.809017 0 0.587785
vn 0.587785 0 0.809017
vn 0.309017 0 0.951057
vn -0.309017 0 0.951057
vn -0.587785 0 0.809017
vn -0.809017 0 0.587785
vn -0.951057 0 0.309017
vn -0.987688 0 0.156434
vn 0.698401 0.707107 0.110616
vn 0.672527 0.711405 0.203987
vn 0.568507 0.711473 0.413045
vn 0.413045 0.711473 0.568507
vn 0.21715 0.711473 0.66832
vn 0 0.711473 0.702714
vn -0.21715 0.711473 0.66832
vn -0.413045 0.711473 0.568507
vn -0.568507 0.711473 0.413045
vn -0.672527 0.711405 0.203987
vn -0.698401 0.707107 0.110616
vn 0 -1 0
vn 0 1 0
f 97/277/51 98/278/52 112/279/52 111/280/51
f 98/281/52 99/282/53 113/283/53 112/284/52
f 99/285/53 100/286/54 114/287/54 113/288/53
f 100/289/54 101/290/55 115/291/55 114/292/54
f 101/293/55 102/294/56 116/295/56 115/296/55
f 102/297/56 103/298/57 117/299/57 116/300/56
f 103/301/57 104/302/58 118/303/58 117/304/57
f 104/305/58 105/306/59 119/307/59 118/308/58
f 105/309/59 106/310/60 120/311/60 119/312/59
f 106/313/60 107/314/61 121/315/61 120/316/60
f 107/317/61 108/318/62 122/319/62 121/320/61
f 108/321/62 109/322/63 123/323/63 122/324/62
f 109/325/63 110/326/64 124/327/64 123/328/63
f 110/329/64 97/330/51 111/331/51 124/332/64
f 111/333/65 112/334/66 126/335/66 125/336/65
f 112/337/66 113/338/67 127/339/67 126/340/66
f 113/341/67 114/342/68 128/343/68 127/344/67
f 114/345/68 115/346/69 129/347/69 128/348/68
f 115/349/69 116/350/70 130/351/70 129/352/69
f 116/353/70 117/354/71 131/355/71 130/356/70
f 117/357/72 118/358/72 132/359/72 131/360/72
f 118/361/73 119/362/74 133/363/74 132/364/73
f 119/365/74 120/366/75 134/367/75 133/368/74
f 120/369/75 121/370/76 135/371/76 134/372/75
f 121/373/76 122/374/77 136/375/77 135/376/76
f 122/377/77 123/378/78 137/379/78 136/380/77
f 123/381/78 124/382/79 138/383/79 137/384/78
f 124/385/80 111/386/80 125/387/80 138/388/80
f 125/389/81 126/390/82 140/391/82 139/392/81
f 126/393/82 127/394/83 141/395/83 140/396/82
f 127/397/83 128/398/84 142/399/84 141/400/83
f 128/401/84 129/402/85 143/403/85 142/404/84
f 129/405/85 130/406/86 144/407/86 143/408/85
f 130/409/86 131/410/87 145/411/87 144/412/86
f 131/413/87 132/414/88 146/415/88 145/416/87
f 132/417/88 133/418/89 147/419/89 146/420/88
f 133/421/89 134/422/90 148/423/90 147/424/89
f 134/425/90 135/426/91 149/427/91 148/428/90
f 135/429/91 136/430/92 150/431/92 149/432/91
f 136/433/92 137/434/93 151/435/93 150/436/92
f 137/437/93 138/438/94 152/439/94 151/440/93
f 138/441/94 125/442/81 139/443/81 152/444/94
f 153/445/95 154/446/95 158/447/95 157/448/95
f 154/449/96 155/450/96 159/451/96 158/452/96
f 155/453/97 156/454/97 160/455/97 159/456/97
f 156/457/98 153/458/98 157/459/98 160/460/98
f 157/461/72 158/462/72 162/463/72 161/464/72
f 158/465/68 159/466/68 163/467/68 162/468/68
f 159/469/80 160/470/80 164/471/80 163/472/80
f 160/473/76 157/474/76 161/475/76 164/476/76
f 161/477/99 162/478/99 166/479/99 165/480/99
f 162/481/100 163/482/100 167/483/100 166/484/100
f 163/485/101 164/486/101 168/487/101 167/488/101
f 164/489/102 161/490/102 165/491/102 168/492/102
f 169/493/95 170/494/95 174/495/95 173/496/95
f 170/497/96 171/498/96 175/499/96 174/500/96
f 171/501/97 172/502/97 176/503/97 175/504/97
f 172/505/98 169/506/98 173/507/98 176/508/98
f 173/509/72 174/510/72 178/511/72 177/512/72
f 174/513/68 175/514/68 179/515/68 178/516/68
f 175/517/80 176/518/80 180/519/80 179/520/80
f 176/521/76 173/522/76 177/523/76 180/524/76
f 177/525/99 178/526/99 182/527/99 181/528/99
f 178/529/100 179/530/100 183/531/100 182/532/100
f 179/533/101 180/534/101 184/535/101 183/536/101
f 180/537/102 177/538/102 181/539/102 184/540/102
f 185/541/103 186/542/104 197/543/104 196/544/103
f 186/545/104 187/546/105 198/547/105 197/548/104
f 187/549/105 188/550/106 199/551/106 198/552/105
f 188/553/106 189/554/107 200/555/107 199/556/106
f 189/557/107 190/558/108 201/559/108 200/560/107
f 190/561/108 191/562/109 202/563/109 201/564/108
f 191/565/109 192/566/110 203/567/110 202/568/109
f 192/569/110 193/570/111 204/571/111 203/572/110
f 193/573/111 194/574/112 205/575/112 204/576/111
f 194/577/112 195/578/113 206/579/113 205/580/112
f 195/581/97 185/582/97 196/583/97 206/584/97
f 196/585/114 197/586/115 208/587/115 207/588/114
f 197/589/115 198/590/116 209/591/116 208/592/115
f 198/593/116 199/594/117 210/595/117 209/596/116
f 199/597/117 200/598/118 211/599/118 210/600/117
f 200/601/118 201/602/72 212/603/72 211/604/118
f 201/605/72 202/606/119 213/607/119 212/608/72
f 202/609/119 203/610/120 214/611/120 213/612/119
f 203/613/120 204/614/121 215/615/121 214/616/120
f 204/617/121 205/618/122 216/619/122 215/620/121
f 205/621/122 206/622/123 217/623/123 216/624/122
f 206/625/80 196/626/80 207/627/80 217/628/80
f 207/629/124 208/630/125 219/631/125 218/632/124
f 208/633/125 209/634/126 220/635/126 219/636/125
f 209/637/126 210/638/127 221/639/127 220/640/126
f 210/641/127 211/642/128 222/643/128 221/644/127
f 211/645/128 212/646/129 223/647/129 222/648/128
f 212/649/129 213/650/130 224/651/130 223/652/129
f 213/653/130 214/654/131 225/655/131 224/656/130
f 214/657/131 215/658/132 226/659/132 225/660/131
f 215/661/132 216/662/133 227/663/133 226/664/132
f 216/665/133 217/666/134 228/667/134 227/668/133
f 217/669/101 207/670/101 218/671/101 228/672/101
f 230/673/135 229/674/135 242/675/135
f 231/676/135 230/677/135 242/678/135
f 233/679/135 232/680/135 231/681/135
f 234/682/135 233/683/135 231/684/135
f 235/685/135 234/686/135 231/687/135
f 250/688/135 249/689/135 235/690/135
f 250/691/135 235/692/135 231/693/135
f 247/694/135 250/695/135 231/696/135
f 248/697/135 247/698/135 231/699/135
f 251/700/135 248/701/135 231/702/135
f 252/703/135 251/704/135 231/705/135
f 253/706/135 252/707/135 231/708/135
f 254/709/135 253/710/135 231/711/135
f 255/712/135 254/713/135 231/714/135
f 255/715/135 231/716/135 242/717/135
f 256/718/135 255/719/135 242/720/135
f 257/721/135 256/722/135 242/723/135
f 258/724/135 257/725/135 242/726/135
f 259/727/135 258/728/135 242/729/135
f 260/730/135 259/731/135 242/732/135
f 261/733/135 260/734/135 242/735/135
f 248/736/135 251/737/135 261/738/135
f 249/739/135 248/740/135 261/741/135
f 249/742/135 261/743/135 242/744/135
f 236/745/135 235/746/135 249/747/135
f 237/748/135 236/749/135 249/750/135
f 246/751/135 245/752/135 237/753/135
f 246/754/135 237/755/135 249/756/135
f 243/757/135 246/758/135 249/759/135
f 243/760/135 249/761/135 242/762/135
f 244/763/135 243/764/135 242/765/135
f 245/766/135 244/767/135 242/768/135
f 237/769/135 245/770/135 242/771/135
f 238/772/135 237/773/135 242/774/135
f 239/775/135 238/776/135 242/777/135
f 240/778/135 239/779/135 242/780/135
f 242/781/135 241/782/135 240/783/135
f 275/784/136 262/785/136 263/786/136
f 275/787/136 263/788/136 264/789/136
f 264/790/136 265/791/136 266/792/136
f 264/793/136 266/794/136 267/795/136
f 264/796/136 267/797/136 268/798/136
f 268/799/136 282/800/136 283/801/136
f 264/802/136 268/803/136 283/804/136
f 264/805/136 283/806/136 280/807/136
f 264/808/136 280/809/136 281/810/136
f 264/811/136 281/812/136 284/813/136
f 264/814/136 284/815/136 285/816/136
f 264/817/136 285/818/136 286/819/136
f 264/820/136 286/821/136 287/822/136
f 264/823/136 287/824/136 288/825/136
f 275/826/136 264/827/136 288/828/136
f 275/829/136 288/830/136 289/831/136
f 275/832/136 289/833/136 290/834/136
f 275/835/136 290/836/136 291/837/136
f 275/838/136 291/839/136 292/840/136
f 275/841/136 292/842/136 293/843/136
f 275/844/136 293/845/136 294/846/136
f 294/847/136 284/848/136 281/849/136
f 294/850/136 281/851/136 282/852/136
f 275/853/136 294/854/136 282/855/136
f 282/856/136 268/857/136 269/858/136
f 282/859/136 269/860/136 270/861/136
f 270/862/136 278/863/136 279/864/136
f 282/865/136 270/866/136 279/867/136
f 282/868/136 279/869/136 276/870/136
f 275/871/136 282/872/136 276/873/136
f 275/874/136 276/875/136 277/876/136
f 275/877/136 277/878/136 278/879/136
f 275/880/136 278/881/136 270/882/136
f 275/883/136 270/884/136 271/885/136
f 275/886/136 271/887/136 272/888/136
f 275/889/136 272/890/136 273/891/136
f 273/892/136 274/893/136 275/894/136
o strip3_face_a1
usemtl strip
v 0.474183 0.0525 0.47915
v 0.468241 0.0525 0.484619
v 0.464317 0.0525 0.491869
v 0.46296 0.0525 0.5
v 0.464317 0.0525 0.508131
v 0.468241 0.0525 0.515381
v 0.474183 0.0525 0.52085
v 0.501817 0.0525 0.52085
v 0.507759 0.0525 0.515381
v 0.511683 0.0525 0.508131
v 0.51304 0.0525 0.5
v 0.511683 0.0525 0.491869
v 0.507759 0.0525 0.484619
v 0.501817 0.0525 0.47915
v 0.47389 0.05325 0.4784
v 0.467641 0.05325 0.484152
v 0.463598 0.05325 0.491622
v 0.4622 0.05325 0.5
v 0.463598 0.05325 0.508378
v 0.467641 0.05325 0.515848
v 0.47389 0.05325 0.5216
v 0.50211 0.05325 0.5216
v 0.508359 0.05325 0.515848
v 0.512402 0.05325 0.508378
v 0.5138 0.05325 0.5
v 0.512402 0.05325 0.491622
v 0.508359 0.05325 0.484152
v 0.50211 0.05325 0.4784
v 0.47389 0.05655 0.4784
v 0.467641 0.05655 0.484152
v 0.463598 0.05655 0.491622
v 0.4622 0.05655 0.5
v 0.463598 0.05655 0.508378
v 0.467641 0.05655 0.515848
v 0.47389 0.05655 0.5216
v 0.50211 0.05655 0.5216
v 0.508359 0.05655 0.515848
v 0.512402 0.05655 0.508378
v 0.5138 0.05655 0.5
v 0.512402 0.05655 0.491622
v 0.508359 0.05655 0.484152
v 0.50211 0.05655 0.4784
v 0.474183 0.0573 0.47915
v 0.468241 0.0573 0.484619
v 0.464317 0.0573 0.491869
v 0.46296 0.0573 0.5
v 0.464317 0.0573 0.508131
v 0.468241 0.0573 0.515381
v 0.474183 0.0573 0.52085
v 0.501817 0.0573 0.52085
v 0.507759 0.0573 0.515381
v 0.511683 0.0573 0.508131
v 0.51304 0.0573 0.5
v 0.511683 0.0573 0.491869
v 0.507759 0.0573 0.484619
v 0.501817 0.0573 0.47915
v 0.49535 0.0525 0.498275
v 0.4997 0.0525 0.498275
v 0.4997 0.0525 0.512225
v 0.49535 0.0525 0.512225
v 0.4961 0.05325 0.499025
v 0.49895 0.05325 0.499025
v 0.49895 0.05325 0.511475
v 0.4961 0.05325 0.511475
v 0.4961 0.05655 0.499025
v 0.49895 0.05655 0.499025
v 0.49895 0.05655 0.511475
v 0.4961 0.05655 0.511475
v 0.49535 0.0573 0.498275
v 0.4997 0.0573 0.498275
v 0.4997 0.0573 0.512225
v 0.49535 0.0573 0.512225
v 0.4763 0.0525 0.4994
v 0.48065 0.0525 0.4994
v 0.48065 0.0525 0.5111
v 0.4763 0.0525 0.5111
v 0.47705 0.05325 0.50015
v 0.4799 0.05325 0.50015
v 0.4799 0.05325 0.51035
v 0.47705 0.05325 0.51035
v 0.47705 0.05655 0.50015
v 0.4799 0.05655 0.50015
v 0.4799 0.05655 0.51035
v 0.47705 0.05655 0.51035
v 0.4763 0.0573 0.4994
v 0.48065 0.0573 0.4994
v 0.48065 0.0573 0.5111
v 0.4763 0.0573 0.5111
v 0.483222 0.0525 0.49085
v 0.483569 0.0525 0.48866
v 0.484231 0.0525 0.487361
v 0.485261 0.0525 0.486331
v 0.48656 0.0525 0.485669
v 0.488 0.0525 0.485441
v 0.48944 0.0525 0.485669
v 0.490739 0.0525 0.486331
v 0.491769 0.0525 0.487361
v 0.492431 0.0525 0.48866
v 0.492778 0.0525 0.49085
v 0.4841 0.05325 0.4901
v 0.484291 0.05325 0.488895
v 0.484845 0.05325 0.487808
v 0.485708 0.05325 0.486945
v 0.486795 0.05325 0.486391
v 0.488 0.05325 0.4862
v 0.489205 0.05325 0.486391
v 0.490292 0.05325 0.486945
v 0.491155 0.05325 0.487808
v 0.491709 0.05325 0.488895
v 0.4919 0.05325 0.4901
v 0.4841 0.05655 0.4901
v 0.484291 0.05655 0.488895
v 0.484845 0.05655 0.487808
v 0.485708 0.05655 0.486945
v 0.486795 0.05655 0.486391
v 0.488 0.05655 0.4862
v 0.489205 0.05655 0.486391
v 0.490292 0.05655 0.486945
v 0.491155 0.05655 0.487808
v 0.491709 0.05655 0.488895
v 0.4919 0.05655 0.4901
v 0.483222 0.0573 0.49085
v 0.483569 0.0573 0.48866
v 0.484231 0.0573 0.487361
v 0.485261 0.0573 0.486331
v 0.48656 0.0573 0.485669
v 0.488 0.0573 0.485441
v 0.48944 0.0573 0.485669
v 0.490739 0.0573 0.486331
v 0.491769 0.0573 0.487361
v 0.492431 0.0573 0.48866
v 0.492778 0.0573 0.49085
v 0.474183 0.0525 0.47915
v 0.468241 0.0525 0.484619
v 0.464317 0.0525 0.491869
v 0.46296 0.0525 0.5
v 0.464317 0.0525 0.508131
v 0.468241 0.0525 0.515381
v 0.474183 0.0525 0.52085
v 0.501817 0.0525 0.52085
v 0.507759 0.0525 0.515381
v 0.511683 0.0525 0.508131
v 0.51304 0.0525 0.5
v 0.511683 0.0525 0.491869
v 0.507759 0.0525 0.484619
v 0.501817 0.0525 0.47915
v 0.49535 0.0525 0.498275
v 0.4997 0.0525 0.498275
v 0.4997 0.0525 0.512225
v 0.49535 0.0525 0.512225
v 0.4763 0.0525 0.4994
v 0.48065 0.0525 0.4994
v 0.48065 0.0525 0.5111
v 0.4763 0.0525 0.5111
v 0.483222 0.0525 0.49085
v 0.483569 0.0525 0.48866
v 0.484231 0.0525 0.487361
v 0.485261 0.0525 0.486331
v 0.48656 0.0525 0.485669
v 0.488 0.0525 0.485441
v 0.48944 0.0525 0.485669
v 0.490739 0.0525 0.486331
v 0.491769 0.0525 0.487361
v 0.492431 0.0525 0.48866
v 0.492778 0.0525 0.49085
v 0.474183 0.0573 0.47915
v 0.468241 0.0573 0.484619
v 0.464317 0.0573 0.491869
v 0.46296 0.0573 0.5
v 0.464317 0.0573 0.508131
v 0.468241 0.0573 0.515381
v 0.474183 0.0573 0.52085
v 0.501817 0.0573 0.52085
v 0.507759 0.0573 0.515381
v 0.511683 0.0573 0.508131
v 0.51304 0.0573 0.5
v 0.511683 0.0573 0.491869
v 0.507759 0.0573 0.484619
v 0.501817 0.0573 0.47915
v 0.49535 0.0573 0.498275
v 0.4997 0.0573 0.498275
v 0.4997 0.0573 0.512225
v 0.49535 0.0573 0.512225
v 0.4763 0.0573 0.4994
v 0.48065 0.0573 0.4994
v 0.48065 0.0573 0.5111
v 0.4763 0.0573 0.5111
v 0.483222 0.0573 0.49085
v 0.483569 0.0573 0.48866
v 0.484231 0.0573 0.487361
v 0.485261 0.0573 0.486331
v 0.48656 0.0573 0.485669
v 0.488 0.0573 0.485441
v 0.48944 0.0573 0.485669
v 0.490739 0.0573 0.486331
v 0.491769 0.0573 0.487361
v 0.492431 0.0573 0.48866
v 0.492778 0.0573 0.49085
vt 0.427719 0.246921
vt 0.435041 0.252196
vt 0.434459 0.253247
vt 0.426758 0.247699
vt 0.435041 0.252196
vt 0.443569 0.255679
vt 0.443245 0.256836
vt 0.434459 0.253247
vt 0.661411 0.102204
vt 0.670558 0.103291
vt 0.670558 0.104492
vt 0.661133 0.103372
vt 0.670558 0.103291
vt 0.679705 0.102204
vt 0.679983 0.103372
vt 0.670558 0.104492
vt 0.168945 0.255679
vt 0.177473 0.252196
vt 0.178055 0.253247
vt 0.169269 0.256836
vt 0.177473 0.252196
vt 0.184795 0.246921
vt 0.185756 0.247699
vt 0.178055 0.253247
vt 0.239587 0.042752
vt 0.270675 0.042752
vt 0.271004 0.043945
vt 0.239258 0.043945
vt 0.653545 0.256836
vt 0.646223 0.251561
vt 0.646805 0.25051
vt 0.654506 0.256058
vt 0.646223 0.251561
vt 0.637695 0.248077
vt 0.638019 0.246921
vt 0.646805 0.25051
vt 0.730487 0.104492
vt 0.721339 0.103405
vt 0.721339 0.102204
vt 0.730764 0.103324
vt 0.721339 0.103405
vt 0.712192 0.104492
vt 0.711914 0.103324
vt 0.721339 0.102204
vt 0.349819 0.248077
vt 0.341291 0.251561
vt 0.340709 0.25051
vt 0.349495 0.246921
vt 0.341291 0.251561
vt 0.333969 0.256836
vt 0.333008 0.256058
vt 0.340709 0.25051
vt 0.075363 0.043945
vt 0.044275 0.043945
vt 0.043945 0.042752
vt 0.075692 0.042752
vt 0.608398 0.169139
vt 0.617954 0.169139
vt 0.617954 0.172852
vt 0.608398 0.172852
vt 0.848633 0.159373
vt 0.858188 0.159373
vt 0.858188 0.163086
vt 0.848633 0.163086
vt 0.624023 0.169139
vt 0.633579 0.169139
vt 0.633579 0.172852
vt 0.624023 0.172852
vt 0.583008 0.159373
vt 0.592563 0.159373
vt 0.592563 0.163086
vt 0.583008 0.163086
vt 0.577148 0.169139
vt 0.586704 0.169139
vt 0.586704 0.172852
vt 0.577148 0.172852
vt 0.676758 0.159373
vt 0.686313 0.159373
vt 0.686313 0.163086
vt 0.676758 0.163086
vt 0.317383 0.178905
vt 0.349129 0.178905
vt 0.349129 0.182617
vt 0.317383 0.182617
vt 0.092563 0.163086
vt 0.083008 0.163086
vt 0.083008 0.159373
vt 0.092563 0.159373
vt 0.608188 0.163086
vt 0.598633 0.163086
vt 0.598633 0.159373
vt 0.608188 0.159373
vt 0.108188 0.163086
vt 0.098633 0.163086
vt 0.098633 0.159373
vt 0.108188 0.159373
vt 0.326938 0.163086
vt 0.317383 0.163086
vt 0.317383 0.159373
vt 0.326938 0.159373
vt 0.264438 0.163086
vt 0.254883 0.163086
vt 0.254883 0.159373
vt 0.264438 0.159373
vt 0.123813 0.163086
vt 0.114258 0.163086
vt 0.114258 0.159373
vt 0.123813 0.159373
vt 0.950195 0.190623
vt 0.981942 0.190623
vt 0.981942 0.194336
vt 0.950195 0.194336
vt 0.145508 0.256058
vt 0.153209 0.25051
vt 0.153791 0.251561
vt 0.146469 0.256836
vt 0.153209 0.25051
vt 0.161995 0.246921
vt 0.162319 0.248077
vt 0.153791 0.251561
vt 0.584961 0.103324
vt 0.594386 0.102204
vt 0.594386 0.103405
vt 0.585239 0.104492
vt 0.594386 0.102204
vt 0.603811 0.103324
vt 0.603533 0.104492
vt 0.594386 0.103405
vt 0.098956 0.246921
vt 0.107743 0.25051
vt 0.10716 0.251561
vt 0.098633 0.248077
vt 0.107743 0.25051
vt 0.115444 0.256058
vt 0.114483 0.256836
vt 0.10716 0.251561
vt 0.169442 0.051758
vt 0.137695 0.051758
vt 0.138025 0.050565
vt 0.169113 0.050565
vt 0.701381 0.247699
vt 0.69368 0.253247
vt 0.693098 0.252196
vt 0.70042 0.246921
vt 0.69368 0.253247
vt 0.684894 0.256836
vt 0.68457 0.255679
vt 0.693098 0.252196
vt 0.756155 0.103372
vt 0.74673 0.104492
vt 0.74673 0.103291
vt 0.755877 0.102204
vt 0.74673 0.104492
vt 0.737305 0.103372
vt 0.737582 0.102204
vt 0.74673 0.103291
vt 0.630745 0.256836
vt 0.621959 0.253247
vt 0.622541 0.252196
vt 0.631069 0.255679
vt 0.621959 0.253247
vt 0.614258 0.247699
vt 0.615219 0.246921
vt 0.622541 0.252196
vt 0.083008 0.042752
vt 0.114754 0.042752
vt 0.114425 0.043945
vt 0.083337 0.043945
vt 0.12207 0.03494
vt 0.126964 0.03494
vt 0.12612 0.036133
vt 0.122914 0.036133
vt 0.254883 0.027127
vt 0.270577 0.027127
vt 0.269733 0.02832
vt 0.255727 0.02832
vt 0.138683 0.036133
vt 0.133789 0.036133
vt 0.134633 0.03494
vt 0.137839 0.03494
vt 0.294014 0.02832
vt 0.27832 0.02832
vt 0.279164 0.027127
vt 0.29317 0.027127
vt 0.594727 0.133789
vt 0.594727 0.130583
vt 0.598439 0.130583
vt 0.598439 0.133789
vt 0.930664 0.178905
vt 0.94467 0.178905
vt 0.94467 0.182617
vt 0.930664 0.182617
vt 0.604492 0.133789
vt 0.604492 0.130583
vt 0.608205 0.130583
vt 0.608205 0.133789
vt 0.966155 0.182617
vt 0.952148 0.182617
vt 0.952148 0.178905
vt 0.966155 0.178905
vt 0.114402 0.036133
vt 0.111195 0.036133
vt 0.110352 0.03494
vt 0.115245 0.03494
vt 0.302602 0.027127
vt 0.316608 0.027127
vt 0.317452 0.02832
vt 0.301758 0.02832
vt 0.111195 0.019315
vt 0.114402 0.019315
vt 0.115245 0.020508
vt 0.110352 0.020508
vt 0.340045 0.02832
vt 0.326039 0.02832
vt 0.325195 0.027127
vt 0.340889 0.027127
vt 0.192383 0.03494
vt 0.197277 0.03494
vt 0.196433 0.036133
vt 0.193227 0.036133
vt 0.856445 0.042752
vt 0.869608 0.042752
vt 0.868764 0.043945
vt 0.857289 0.043945
vt 0.521495 0.036133
vt 0.516602 0.036133
vt 0.517445 0.03494
vt 0.520652 0.03494
vt 0.326639 0.036133
vt 0.313477 0.036133
vt 0.31432 0.03494
vt 0.325795 0.03494
vt 0.692383 0.133789
vt 0.692383 0.130583
vt 0.696095 0.130583
vt 0.696095 0.133789
vt 0.272461 0.169139
vt 0.283936 0.169139
vt 0.283936 0.172852
vt 0.272461 0.172852
vt 0.702148 0.133789
vt 0.702148 0.130583
vt 0.705861 0.130583
vt 0.705861 0.133789
vt 0.301514 0.172852
vt 0.290039 0.172852
vt 0.290039 0.169139
vt 0.301514 0.169139
vt 0.079245 0.020508
vt 0.076039 0.020508
vt 0.075195 0.019315
vt 0.080089 0.019315
vt 0.333852 0.03494
vt 0.345327 0.03494
vt 0.34617 0.036133
vt 0.333008 0.036133
vt 0.204945 0.03494
vt 0.208152 0.03494
vt 0.208995 0.036133
vt 0.204102 0.036133
vt 0.888295 0.043945
vt 0.87682 0.043945
vt 0.875977 0.042752
vt 0.889139 0.042752
vt 0.50107 0.084961
vt 0.498607 0.084677
vt 0.498878 0.083507
vt 0.500233 0.083663
vt 0.498607 0.084677
vt 0.49707 0.084134
vt 0.497591 0.083052
vt 0.498878 0.083507
vt 0.300166 0.124023
vt 0.298881 0.123021
vt 0.299721 0.122163
vt 0.300797 0.123002
vt 0.298881 0.123021
vt 0.297852 0.121757
vt 0.298859 0.121105
vt 0.299721 0.122163
vt 0.483398 0.058399
vt 0.485018 0.058217
vt 0.485018 0.059418
vt 0.483662 0.05957
vt 0.485018 0.058217
vt 0.486638 0.058399
vt 0.486374 0.05957
vt 0.485018 0.059418
vt 0.131836 0.123372
vt 0.132866 0.122108
vt 0.133706 0.122966
vt 0.132844 0.124023
vt 0.132866 0.122108
vt 0.134151 0.121105
vt 0.134781 0.122126
vt 0.133706 0.122966
vt 0.450195 0.08388
vt 0.451732 0.083337
vt 0.452003 0.084507
vt 0.450716 0.084961
vt 0.451732 0.083337
vt 0.454195 0.083052
vt 0.453358 0.08435
vt 0.452003 0.084507
vt 0.810555 0.02832
vt 0.799805 0.02832
vt 0.800793 0.027127
vt 0.809568 0.027127
vt 0.774414 0.067383
vt 0.774414 0.06601
vt 0.778127 0.06601
vt 0.778127 0.067383
vt 0.901367 0.067383
vt 0.901367 0.06601
vt 0.90508 0.06601
vt 0.90508 0.067383
vt 0.78418 0.067383
vt 0.78418 0.06601
vt 0.787892 0.06601
vt 0.787892 0.067383
vt 0.94043 0.067383
vt 0.94043 0.06601
vt 0.944142 0.06601
vt 0.944142 0.067383
vt 0.793945 0.067383
vt 0.793945 0.06601
vt 0.797658 0.06601
vt 0.797658 0.067383
vt 0.745117 0.067383
vt 0.745117 0.06601
vt 0.74883 0.06601
vt 0.74883 0.067383
vt 0.807423 0.06601
vt 0.807423 0.067383
vt 0.803711 0.067383
vt 0.803711 0.06601
vt 0.817189 0.06601
vt 0.817189 0.067383
vt 0.813477 0.067383
vt 0.813477 0.06601
vt 0.953908 0.06601
vt 0.953908 0.067383
vt 0.950195 0.067383
vt 0.950195 0.06601
vt 0.826955 0.06601
vt 0.826955 0.067383
vt 0.823242 0.067383
vt 0.823242 0.06601
vt 0.129883 0.149608
vt 0.138658 0.149608
vt 0.138658 0.15332
vt 0.129883 0.15332
vt 0.418202 0.08435
vt 0.416847 0.084507
vt 0.416576 0.083337
vt 0.419039 0.083052
vt 0.416847 0.084507
vt 0.41556 0.084961
vt 0.415039 0.08388
vt 0.416576 0.083337
vt 0.291031 0.122126
vt 0.289956 0.122966
vt 0.289116 0.122108
vt 0.290401 0.121105
vt 0.289956 0.122966
vt 0.289094 0.124023
vt 0.288086 0.123372
vt 0.289116 0.122108
vt 0.505905 0.05957
vt 0.504549 0.059418
vt 0.504549 0.058217
vt 0.506169 0.058399
vt 0.504549 0.059418
vt 0.503194 0.05957
vt 0.50293 0.058399
vt 0.504549 0.058217
vt 0.171906 0.121105
vt 0.172768 0.122163
vt 0.171928 0.123021
vt 0.170898 0.121757
vt 0.172768 0.122163
vt 0.173844 0.123002
vt 0.173213 0.124023
vt 0.171928 0.123021
vt 0.427279 0.083052
vt 0.428565 0.083507
vt 0.428295 0.084677
vt 0.426758 0.084134
vt 0.428565 0.083507
vt 0.429921 0.083663
vt 0.430758 0.084961
vt 0.428295 0.084677
vt 0.818371 0.027127
vt 0.827146 0.027127
vt 0.828134 0.02832
vt 0.817383 0.02832
vt 0.825277 0.571545
vt 0.831961 0.565392
vt 0.86305 0.565392
vt 0.820862 0.579701
vt 0.825277 0.571545
vt 0.86305 0.565392
vt 0.820862 0.597996
vt 0.819336 0.588848
vt 0.820862 0.579701
vt 0.825277 0.606152
vt 0.820862 0.597996
vt 0.820862 0.579701
vt 0.831961 0.612305
vt 0.825277 0.606152
vt 0.820862 0.579701
vt 0.834343 0.601336
vt 0.839237 0.601336
vt 0.831961 0.612305
vt 0.834343 0.601336
vt 0.831961 0.612305
vt 0.820862 0.579701
vt 0.834343 0.588173
vt 0.834343 0.601336
vt 0.820862 0.579701
vt 0.839237 0.588173
vt 0.834343 0.588173
vt 0.820862 0.579701
vt 0.84213 0.578555
vt 0.839237 0.588173
vt 0.820862 0.579701
vt 0.84252 0.576091
vt 0.84213 0.578555
vt 0.820862 0.579701
vt 0.843265 0.57463
vt 0.84252 0.576091
vt 0.820862 0.579701
vt 0.844424 0.57347
vt 0.843265 0.57463
vt 0.820862 0.579701
vt 0.845886 0.572726
vt 0.844424 0.57347
vt 0.820862 0.579701
vt 0.845886 0.572726
vt 0.820862 0.579701
vt 0.86305 0.565392
vt 0.847506 0.572469
vt 0.845886 0.572726
vt 0.86305 0.565392
vt 0.849125 0.572726
vt 0.847506 0.572469
vt 0.86305 0.565392
vt 0.850587 0.57347
vt 0.849125 0.572726
vt 0.86305 0.565392
vt 0.851746 0.57463
vt 0.850587 0.57347
vt 0.86305 0.565392
vt 0.852491 0.576091
vt 0.851746 0.57463
vt 0.86305 0.565392
vt 0.852881 0.578555
vt 0.852491 0.576091
vt 0.86305 0.565392
vt 0.839237 0.588173
vt 0.84213 0.578555
vt 0.852881 0.578555
vt 0.839237 0.601336
vt 0.839237 0.588173
vt 0.852881 0.578555
vt 0.839237 0.601336
vt 0.852881 0.578555
vt 0.86305 0.565392
vt 0.86305 0.612305
vt 0.831961 0.612305
vt 0.839237 0.601336
vt 0.869734 0.606152
vt 0.86305 0.612305
vt 0.839237 0.601336
vt 0.855774 0.602602
vt 0.860668 0.602602
vt 0.869734 0.606152
vt 0.855774 0.602602
vt 0.869734 0.606152
vt 0.839237 0.601336
vt 0.855774 0.586908
vt 0.855774 0.602602
vt 0.839237 0.601336
vt 0.855774 0.586908
vt 0.839237 0.601336
vt 0.86305 0.565392
vt 0.860668 0.586908
vt 0.855774 0.586908
vt 0.86305 0.565392
vt 0.860668 0.602602
vt 0.860668 0.586908
vt 0.86305 0.565392
vt 0.869734 0.606152
vt 0.860668 0.602602
vt 0.86305 0.565392
vt 0.874149 0.597996
vt 0.869734 0.606152
vt 0.86305 0.565392
vt 0.875675 0.588848
vt 0.874149 0.597996
vt 0.86305 0.565392
vt 0.874149 0.579701
vt 0.875675 0.588848
vt 0.86305 0.565392
vt 0.86305 0.565392
vt 0.869734 0.571545
vt 0.874149 0.579701
vt 0.894461 0.565392
vt 0.92555 0.565392
vt 0.932234 0.571545
vt 0.894461 0.565392
vt 0.932234 0.571545
vt 0.936649 0.579701
vt 0.936649 0.579701
vt 0.938175 0.588848
vt 0.936649 0.597996
vt 0.936649 0.579701
vt 0.936649 0.597996
vt 0.932234 0.606152
vt 0.936649 0.579701
vt 0.932234 0.606152
vt 0.92555 0.612305
vt 0.92555 0.612305
vt 0.918274 0.601336
vt 0.923168 0.601336
vt 0.936649 0.579701
vt 0.92555 0.612305
vt 0.923168 0.601336
vt 0.936649 0.579701
vt 0.923168 0.601336
vt 0.923168 0.588173
vt 0.936649 0.579701
vt 0.923168 0.588173
vt 0.918274 0.588173
vt 0.936649 0.579701
vt 0.918274 0.588173
vt 0.915381 0.578555
vt 0.936649 0.579701
vt 0.915381 0.578555
vt 0.914991 0.576091
vt 0.936649 0.579701
vt 0.914991 0.576091
vt 0.914246 0.57463
vt 0.936649 0.579701
vt 0.914246 0.57463
vt 0.913087 0.57347
vt 0.936649 0.579701
vt 0.913087 0.57347
vt 0.911625 0.572726
vt 0.894461 0.565392
vt 0.936649 0.579701
vt 0.911625 0.572726
vt 0.894461 0.565392
vt 0.911625 0.572726
vt 0.910006 0.572469
vt 0.894461 0.565392
vt 0.910006 0.572469
vt 0.908386 0.572726
vt 0.894461 0.565392
vt 0.908386 0.572726
vt 0.906924 0.57347
vt 0.894461 0.565392
vt 0.906924 0.57347
vt 0.905765 0.57463
vt 0.894461 0.565392
vt 0.905765 0.57463
vt 0.90502 0.576091
vt 0.894461 0.565392
vt 0.90502 0.576091
vt 0.90463 0.578555
vt 0.90463 0.578555
vt 0.915381 0.578555
vt 0.918274 0.588173
vt 0.90463 0.578555
vt 0.918274 0.588173
vt 0.918274 0.601336
vt 0.894461 0.565392
vt 0.90463 0.578555
vt 0.918274 0.601336
vt 0.918274 0.601336
vt 0.92555 0.612305
vt 0.894461 0.612305
vt 0.918274 0.601336
vt 0.894461 0.612305
vt 0.887777 0.606152
vt 0.887777 0.606152
vt 0.896843 0.602602
vt 0.901737 0.602602
vt 0.918274 0.601336
vt 0.887777 0.606152
vt 0.901737 0.602602
vt 0.918274 0.601336
vt 0.901737 0.602602
vt 0.901737 0.586908
vt 0.894461 0.565392
vt 0.918274 0.601336
vt 0.901737 0.586908
vt 0.894461 0.565392
vt 0.901737 0.586908
vt 0.896843 0.586908
vt 0.894461 0.565392
vt 0.896843 0.586908
vt 0.896843 0.602602
vt 0.894461 0.565392
vt 0.896843 0.602602
vt 0.887777 0.606152
vt 0.894461 0.565392
vt 0.887777 0.606152
vt 0.883362 0.597996
vt 0.894461 0.565392
vt 0.883362 0.597996
vt 0.881836 0.588848
vt 0.894461 0.565392
vt 0.881836 0.588848
vt 0.883362 0.579701
vt 0.883362 0.579701
vt 0.887777 0.571545
vt 0.894461 0.565392
vn -0.11221 -0.72419 -0.68041
vn -0.554501 -0.711946 -0.430885
vn -0.664179 -0.711946 -0.228032
vn -0.702234 -0.711946 0
vn -0.664179 -0.711946 0.228032
vn -0.554501 -0.711946 0.430885
vn -0.11221 -0.72419 0.68041
vn 0.11221 -0.72419 0.68041
vn 0.554501 -0.711946 0.430885
vn 0.664179 -0.711946 0.228032
vn 0.702234 -0.711946 0
vn 0.664179 -0.711946 -0.228032
vn 0.554501 -0.711946 -0.430885
vn 0.11221 -0.72419 -0.68041
vn -0.677234 0 -0.735768
vn -0.789108 0 -0.614254
vn -0.945809 0 -0.324724
vn -1 0 0
vn -0.945809 0 0.324724
vn -0.789108 0 0.614254
vn -0.677234 0 0.735768
vn 0 0 1
vn 0.677234 0 0.735768
vn 0.789108 0 0.614254
vn 0.945809 0 0.324724
vn 1 0 0
vn 0.945809 0 -0.324724
vn 0.789108 0 -0.614254
vn 0.677234 0 -0.735768
vn 0 0 -1
vn -0.11221 0.72419 -0.68041
vn -0.554501 0.711946 -0.430885
vn -0.664179 0.711946 -0.228032
vn -0.702234 0.711946 0
vn -0.664179 0.711946 0.228032
vn -0.554501 0.711946 0.430885
vn -0.11221 0.72419 0.68041
vn 0.11221 0.72419 0.68041
vn 0.554501 0.711946 0.430885
vn 0.664179 0.711946 0.228032
vn 0.702234 0.711946 0
vn 0.664179 0.711946 -0.228032
vn 0.554501 0.711946 -0.430885
vn 0.11221 0.72419 -0.68041
vn 0 -0.707107 0.707107
vn -0.707107 -0.707107 0
vn 0 -0.707107 -0.707107
vn 0.707107 -0.707107 0
vn 0 0.707107 0.707107
vn -0.707107 0.707107 0
vn 0 0.707107 -0.707107
vn 0.707107 0.707107 0
vn 0.698401 -0.707107 0.110616
vn 0.672527 -0.711405 0.203987
vn 0.568507 -0.711473 0.413045
vn 0.413045 -0.711473 0.568507
vn 0.21715 -0.711473 0.66832
vn 0 -0.711473 0.702714
vn -0.21715 -0.711473 0.66832
vn -0.413045 -0.711473 0.568507
vn -0.568507 -0.711473 0.413045
vn -0.672527 -0.711405 0.203987
vn -0.698401 -0.707107 0.110616
vn 0.987688 0 0.156434
vn 0.951057 0 0.309017
vn 0.809017 0 0.587785
vn 0.587785 0 0.809017
vn 0.309017 0 0.951057
vn -0.309017 0 0.951057
vn -0.587785 0 0.809017
vn -0.809017 0 0.587785
vn -0.951057 0 0.309017
vn -0.987688 0 0.156434
vn 0.698401 0.707107 0.110616
vn 0.672527 0.711405 0.203987
vn 0.568507 0.711473 0.413045
vn 0.413045 0.711473 0.568507
vn 0.21715 0.711473 0.66832
vn 0 0.711473 0.702714
vn -0.21715 0.711473 0.66832
vn -0.413045 0.711473 0.568507
vn -0.568507 0.711473 0.413045
vn -0.672527 0.711405 0.203987
vn -0.698401 0.707107 0.110616
vn 0 -1 0
vn 0 1 0
f 295/895/137 296/896/138 310/897/138 309/898/137
f 296/899/138 297/900/139 311/901/139 310/902/138
f 297/903/139 298/904/140 312/905/140 311/906/139
f 298/907/140 299/908/141 313/909/141 312/910/140
f 299/911/141 300/912/142 314/913/142 313/914/141
f 300/915/142 301/916/143 315/917/143 314/918/142
f 301/919/143 302/920/144 316/921/144 315/922/143
f 302/923/144 303/924/145 317/925/145 316/926/144
f 303/927/145 304/928/146 318/929/146 317/930/145
f 304/931/146 305/932/147 319/933/147 318/934/146
f 305/935/147 306/936/148 320/937/148 319/938/147
f 306/939/148 307/940/149 321/941/149 320/942/148
f 307/943/149 308/944/150 322/945/150 321/946/149
f 308/947/150 295/948/137 309/949/137 322/950/150
f 309/951/151 310/952/152 324/953/152 323/954/151
f 310/955/152 311/956/153 325/957/153 324/958/152
f 311/959/153 312/960/154 326/961/154 325/962/153
f 312/963/154 313/964/155 327/965/155 326/966/154
f 313/967/155 314/968/156 328/969/156 327/970/155
f 314/971/156 315/972/157 329/973/157 328/974/156
f 315/975/158 316/976/158 330/977/158 329/978/158
f 316/979/159 317/980/160 331/981/160 330/982/159
f 317/983/160 318/984/161 332/985/161 331/986/160
f 318/987/161 319/988/162 333/989/162 332/990/161
f 319/991/162 320/992/163 334/993/163 333/994/162
f 320/995/163 321/996/164 335/997/164 334/998/163
f 321/999/164 322/1000/165 336/1001/165 335/1002/164
f 322/1003/166 309/1004/166 323/1005/166 336/1006/166
f 323/1007/167 324/1008/168 338/1009/168 337/1010/167
f 324/1011/168 325/1012/169 339/1013/169 338/1014/168
f 325/1015/169 326/1016/170 340/1017/170 339/1018/169
f 326/1019/170 327/1020/171 341/1021/171 340/1022/170
f 327/1023/171 328/1024/172 342/1025/172 341/1026/171
f 328/1027/172 329/1028/173 343/1029/173 342/1030/172
f 329/1031/173 330/1032/174 344/1033/174 343/1034/173
f 330/1035/174 331/1036/175 345/1037/175 344/1038/174
f 331/1039/175 332/1040/176 346/1041/176 345/1042/175
f 332/1043/176 333/1044/177 347/1045/177 346/1046/176
f 333/1047/177 334/1048/178 348/1049/178 347/1050/177
f 334/1051/178 335/1052/179 349/1053/179 348/1054/178
f 335/1055/179 336/1056/180 350/1057/180 349/1058/179
f 336/1059/180 323/1060/167 337/1061/167 350/1062/180
f 351/1063/181 352/1064/181 356/1065/181 355/1066/181
f 352/1067/182 353/1068/182 357/1069/182 356/1070/182
f 353/1071/183 354/1072/183 358/1073/183 357/1074/183
f 354/1075/184 351/1076/184 355/1077/184 358/1078/184
f 355/1079/158 356/1080/158 360/1081/158 359/1082/158
f 356/1083/154 357/1084/154 361/1085/154 360/1086/154
f 357/1087/166 358/1088/166 362/1089/166 361/1090/166
f 358/1091/162 355/1092/162 359/1093/162 362/1094/162
f 359/1095/185 360/1096/185 364/1097/185 363/1098/185
f 360/1099/186 361/1100/186 365/1101/186 364/1102/186
f 361/1103/187 362/1104/187 366/1105/187 365/1106/187
f 362/1107/188 359/1108/188 363/1109/188 366/1110/188
f 367/1111/181 368/1112/181 372/1113/181 371/1114/181
f 368/1115/182 369/1116/182 373/1117/182 372/1118/182
f 369/1119/183 370/1120/183 374/1121/183 373/1122/183
f 370/1123/184 367/1124/184 371/1125/184 374/1126/184
f 371/1127/158 372/1128/158 376/1129/158 375/1130/158
f 372/1131/154 373/1132/154 377/1133/154 376/1134/154
f 373/1135/166 374/1136/166 378/1137/166 377/1138/166
f 374/1139/162 371/1140/162 375/1141/162 378/1142/162
f 375/1143/185 376/1144/185 380/1145/185 379/1146/185
f 376/1147/186 377/1148/186 381/1149/186 380/1150/186
f 377/1151/187 378/1152/187 382/1153/187 381/1154/187
f 378/1155/188 375/1156/188 379/1157/188 382/1158/188
f 383/1159/189 384/1160/190 395/1161/190 394/1162/189
f 384/1163/190 385/1164/191 396/1165/191 395/1166/190
f 385/1167/191 386/1168/192 397/1169/192 396/1170/191
f 386/1171/192 387/1172/193 398/1173/193 397/1174/192
f 387/1175/193 388/1176/194 399/1177/194 398/1178/193
f 388/1179/194 389/1180/195 400/1181/195 399/1182/194
f 389/1183/195 390/1184/196 401/1185/196 400/1186/195
f 390/1187/196 391/1188/197 402/1189/197 401/1190/196
f 391/1191/197 392/1192/198 403/1193/198 402/1194/197
f 392/1195/198 393/1196/199 404/1197/199 403/1198/198
f 393/1199/183 383/1200/183 394/1201/183 404/1202/183
f 394/1203/200 395/1204/201 406/1205/201 405/1206/200
f 395/1207/201 396/1208/202 407/1209/202 406/1210/201
f 396/1211/202 397/1212/203 408/1213/203 407/1214/202
f 397/1215/203 398/1216/204 409/1217/204 408/1218/203
f 398/1219/204 399/1220/158 410/1221/158 409/1222/204
f 399/1223/158 400/1224/205 411/1225/205 410/1226/158
f 400/1227/205 401/1228/206 412/1229/206 411/1230/205
f 401/1231/206 402/1232/207 413/1233/207 412/1234/206
f 402/1235/207 403/1236/208 414/1237/208 413/1238/207
f 403/1239/208 404/1240/209 415/1241/209 414/1242/208
f 404/1243/166 394/1244/166 405/1245/166 415/1246/166
f 405/1247/210 406/1248/211 417/1249/211 416/1250/210
f 406/1251/211 407/1252/212 418/1253/212 417/1254/211
f 407/1255/212 408/1256/213 419/1257/213 418/1258/212
f 408/1259/213 409/1260/214 420/1261/214 419/1262/213
f 409/1263/214 410/1264/215 421/1265/215 420/1266/214
f 410/1267/215 411/1268/216 422/1269/216 421/1270/215
f 411/1271/216 412/1272/217 423/1273/217 422/1274/216
f 412/1275/217 413/1276/218 424/1277/218 423/1278/217
f 413/1279/218 414/1280/219 425/1281/219 424/1282/218
f 414/1283/219 415/1284/220 426/1285/220 425/1286/219
f 415/1287/187 405/1288/187 416/1289/187 426/1290/187
f 428/1291/221 427/1292/221 440/1293/221
f 429/1294/221 428/1295/221 440/1296/221
f 431/1297/221 430/1298/221 429/1299/221
f 432/1300/221 431/1301/221 429/1302/221
f 433/1303/221 432/1304/221 429/1305/221
f 448/1306/221 447/1307/221 433/1308/221
f 448/1309/221 433/1310/221 429/1311/221
f 445/1312/221 448/1313/221 429/1314/221
f 446/1315/221 445/1316/221 429/1317/221
f 449/1318/221 446/1319/221 429/1320/221
f 450/1321/221 449/1322/221 429/1323/221
f 451/1324/221 450/1325/221 429/1326/221
f 452/1327/221 451/1328/221 429/1329/221
f 453/1330/221 452/1331/221 429/1332/221
f 453/1333/221 429/1334/221 440/1335/221
f 454/1336/221 453/1337/221 440/1338/221
f 455/1339/221 454/1340/221 440/1341/221
f 456/1342/221 455/1343/221 440/1344/221
f 457/1345/221 456/1346/221 440/1347/221
f 458/1348/221 457/1349/221 440/1350/221
f 459/1351/221 458/1352/221 440/1353/221
f 446/1354/221 449/1355/221 459/1356/221
f 447/1357/221 446/1358/221 459/1359/221
f 447/1360/221 459/1361/221 440/1362/221
f 434/1363/221 433/1364/221 447/1365/221
f 435/1366/221 434/1367/221 447/1368/221
f 444/1369/221 443/1370/221 435/1371/221
f 444/1372/221 435/1373/221 447/1374/221
f 441/1375/221 444/1376/221 447/1377/221
f 441/1378/221 447/1379/221 440/1380/221
f 442/1381/221 441/1382/221 440/1383/221
f 443/1384/221 442/1385/221 440/1386/221
f 435/1387/221 443/1388/221 440/1389/221
f 436/1390/221 435/1391/221 440/1392/221
f 437/1393/221 436/1394/221 440/1395/221
f 438/1396/221 437/1397/221 440/1398/221
f 440/1399/221 439/1400/221 438/1401/221
f 473/1402/222 460/1403/222 461/1404/222
f 473/1405/222 461/1406/222 462/1407/222
f 462/1408/222 463/1409/222 464/1410/222
f 462/1411/222 464/1412/222 465/1413/222
f 462/1414/222 465/1415/222 466/1416/222
f 466/1417/222 480/1418/222 481/1419/222
f 462/1420/222 466/1421/222 481/1422/222
f 462/1423/222 481/1424/222 478/1425/222
f 462/1426/222 478/1427/222 479/1428/222
f 462/1429/222 479/1430/222 482/1431/222
f 462/1432/222 482/1433/222 483/1434/222
f 462/1435/222 483/1436/222 484/1437/222
f 462/1438/222 484/1439/222 485/1440/222
f 462/1441/222 485/1442/222 486/1443/222
f 473/1444/222 462/1445/222 486/1446/222
f 473/1447/222 486/1448/222 487/1449/222
f 473/1450/222 487/1451/222 488/1452/222
f 473/1453/222 488/1454/222 489/1455/222
f 473/1456/222 489/1457/222 490/1458/222
f 473/1459/222 490/1460/222 491/1461/222
f 473/1462/222 491/1463/222 492/1464/222
f 492/1465/222 482/1466/222 479/1467/222
f 492/1468/222 479/1469/222 480/1470/222
f 473/1471/222 492/1472/222 480/1473/222
f 480/1474/222 466/1475/222 467/1476/222
f 480/1477/222 467/1478/222 468/1479/222
f 468/1480/222 476/1481/222 477/1482/222
f 480/1483/222 468/1484/222 477/1485/222
f 480/1486/222 477/1487/222 474/1488/222
f 473/1489/222 480/1490/222 474/1491/222
f 473/1492/222 474/1493/222 475/1494/222
f 473/1495/222 475/1496/222 476/1497/222
f 473/1498/222 476/1499/222 468/1500/222
f 473/1501/222 468/1502/222 469/1503/222
f 473/1504/222 469/1505/222 470/1506/222
f 473/1507/222 470/1508/222 471/1509/222
f 471/1510/222 472/1511/222 473/1512/222
o strip3_face_a2
usemtl strip
v 0.549183 0.0525 0.47915
v 0.543241 0.0525 0.484619
v 0.539317 0.0525 0.491869
v 0.53796 0.0525 0.5
v 0.539317 0.0525 0.508131
v 0.543241 0.0525 0.515381
v 0.549183 0.0525 0.52085
v 0.576817 0.0525 0.52085
v 0.582759 0.0525 0.515381
v 0.586683 0.0525 0.508131
v 0.58804 0.0525 0.5
v 0.586683 0.0525 0.491869
v 0.582759 0.0525 0.484619
v 0.576817 0.0525 0.47915
v 0.54889 0.05325 0.4784
v 0.542641 0.05325 0.484152
v 0.538598 0.05325 0.491622
v 0.5372 0.05325 0.5
v 0.538598 0.05325 0.508378
v 0.542641 0.05325 0.515848
v 0.54889 0.05325 0.5216
v 0.57711 0.05325 0.5216
v 0.583359 0.05325 0.515848
v 0.587402 0.05325 0.508378
v 0.5888 0.05325 0.5
v 0.587402 0.05325 0.491622
v 0.583359 0.05325 0.484152
v 0.57711 0.05325 0.4784
v 0.54889 0.05655 0.4784
v 0.542641 0.05655 0.484152
v 0.538598 0.05655 0.491622
v 0.5372 0.05655 0.5
v 0.538598 0.05655 0.508378
v 0.542641 0.05655 0.515848
v 0.54889 0.05655 0.5216
v 0.57711 0.05655 0.5216
v 0.583359 0.05655 0.515848
v 0.587402 0.05655 0.508378
v 0.5888 0.05655 0.5
v 0.587402 0.05655 0.491622
v 0.583359 0.05655 0.484152
v 0.57711 0.05655 0.4784
v 0.549183 0.0573 0.47915
v 0.543241 0.0573 0.484619
v 0.539317 0.0573 0.491869
v 0.53796 0.0573 0.5
v 0.539317 0.0573 0.508131
v 0.543241 0.0573 0.515381
v 0.549183 0.0573 0.52085
v 0.576817 0.0573 0.52085
v 0.582759 0.0573 0.515381
v 0.586683 0.0573 0.508131
v 0.58804 0.0573 0.5
v 0.586683 0.0573 0.491869
v 0.582759 0.0573 0.484619
v 0.576817 0.0573 0.47915
v 0.57035 0.0525 0.498275
v 0.5747 0.0525 0.498275
v 0.5747 0.0525 0.512225
v 0.57035 0.0525 0.512225
v 0.5711 0.05325 0.499025
v 0.57395 0.05325 0.499025
v 0.57395 0.05325 0.511475
v 0.5711 0.05325 0.511475
v 0.5711 0.05655 0.499025
v 0.57395 0.05655 0.499025
v 0.57395 0.05655 0.511475
v 0.5711 0.05655 0.511475
v 0.57035 0.0573 0.498275
v 0.5747 0.0573 0.498275
v 0.5747 0.0573 0.512225
v 0.57035 0.0573 0.512225
v 0.5513 0.0525 0.4994
v 0.55565 0.0525 0.4994
v 0.55565 0.0525 0.5111
v 0.5513 0.0525 0.5111
v 0.55205 0.05325 0.50015
v 0.5549 0.05325 0.50015
v 0.5549 0.05325 0.51035
v 0.55205 0.05325 0.51035
v 0.55205 0.05655 0.50015
v 0.5549 0.05655 0.50015
v 0.5549 0.05655 0.51035
v 0.55205 0.05655 0.51035
v 0.5513 0.0573 0.4994
v 0.55565 0.0573 0.4994
v 0.55565 0.0573 0.5111
v 0.5513 0.0573 0.5111
v 0.558222 0.0525 0.49085
v 0.558569 0.0525 0.48866
v 0.559231 0.0525 0.487361
v 0.560261 0.0525 0.486331
v 0.56156 0.0525 0.485669
v 0.563 0.0525 0.485441
v 0.56444 0.0525 0.485669
v 0.565739 0.0525 0.486331
v 0.566769 0.0525 0.487361
v 0.567431 0.0525 0.48866
v 0.567778 0.0525 0.49085
v 0.5591 0.05325 0.4901
v 0.559291 0.05325 0.488895
v 0.559845 0.05325 0.487808
v 0.560708 0.05325 0.486945
v 0.561795 0.05325 0.486391
v 0.563 0.05325 0.4862
v 0.564205 0.05325 0.486391
v 0.565292 0.05325 0.486945
v 0.566155 0.05325 0.487808
v 0.566709 0.05325 0.488895
v 0.5669 0.05325 0.4901
v 0.5591 0.05655 0.4901
v 0.559291 0.05655 0.488895
v 0.559845 0.05655 0.487808
v 0.560708 0.05655 0.486945
v 0.561795 0.05655 0.486391
v 0.563 0.05655 0.4862
v 0.564205 0.05655 0.486391
v 0.565292 0.05655 0.486945
v 0.566155 0.05655 0.487808
v 0.566709 0.05655 0.488895
v 0.5669 0.05655 0.4901
v 0.558222 0.0573 0.49085
v 0.558569 0.0573 0.48866
v 0.559231 0.0573 0.487361
v 0.560261 0.0573 0.486331
v 0.56156 0.0573 0.485669
v 0.563 0.0573 0.485441
v 0.56444 0.0573 0.485669
v 0.565739 0.0573 0.486331
v 0.566769 0.0573 0.487361
v 0.567431 0.0573 0.48866
v 0.567778 0.0573 0.49085
v 0.549183 0.0525 0.47915
v 0.543241 0.0525 0.484619
v 0.539317 0.0525 0.491869
v 0.53796 0.0525 0.5
v 0.539317 0.0525 0.508131
v 0.543241 0.0525 0.515381
v 0.549183 0.0525 0.52085
v 0.576817 0.0525 0.52085
v 0.582759 0.0525 0.515381
v 0.586683 0.0525 0.508131
v 0.58804 0.0525 0.5
v 0.586683 0.0525 0.491869
v 0.582759 0.0525 0.484619
v 0.576817 0.0525 0.47915
v 0.57035 0.0525 0.498275
v 0.5747 0.0525 0.498275
v 0.5747 0.0525 0.512225
v 0.57035 0.0525 0.512225
v 0.5513 0.0525 0.4994
v 0.55565 0.0525 0.4994
v 0.55565 0.0525 0.5111
v 0.5513 0.0525 0.5111
v 0.558222 0.0525 0.49085
v 0.558569 0.0525 0.48866
v 0.559231 0.0525 0.487361
v 0.560261 0.0525 0.486331
v 0.56156 0.0525 0.485669
v 0.563 0.0525 0.485441
v 0.56444 0.0525 0.485669
v 0.565739 0.0525 0.486331
v 0.566769 0.0525 0.487361
v 0.567431 0.0525 0.48866
v 0.567778 0.0525 0.49085
v 0.549183 0.0573 0.47915
v 0.543241 0.0573 0.484619
v 0.539317 0.0573 0.491869
v 0.53796 0.0573 0.5
v 0.539317 0.0573 0.508131
v 0.543241 0.0573 0.515381
v 0.549183 0.0573 0.52085
v 0.576817 0.0573 0.52085
v 0.582759 0.0573 0.515381
v 0.586683 0.0573 0.508131
v 0.58804 0.0573 0.5
v 0.586683 0.0573 0.491869
v 0.582759 0.0573 0.484619
v 0.576817 0.0573 0.47915
v 0.57035 0.0573 0.498275
v 0.5747 0.0573 0.498275
v 0.5747 0.0573 0.512225
v 0.57035 0.0573 0.512225
v 0.5513 0.0573 0.4994
v 0.55565 0.0573 0.4994
v 0.55565 0.0573 0.5111
v 0.5513 0.0573 0.5111
v 0.558222 0.0573 0.49085
v 0.558569 0.0573 0.48866
v 0.559231 0.0573 0.487361
v 0.560261 0.0573 0.486331
v 0.56156 0.0573 0.485669
v 0.563 0.0573 0.485441
v 0.56444 0.0573 0.485669
v 0.565739 0.0573 0.486331
v 0.566769 0.0573 0.487361
v 0.567431 0.0573 0.48866
v 0.567778 0.0573 0.49085
vt 0.005844 0.246921
vt 0.013166 0.252196
vt 0.012584 0.253247
vt 0.004883 0.247699
vt 0.013166 0.252196
vt 0.021694 0.255679
vt 0.02137 0.256836
vt 0.012584 0.253247
vt 0.030551 0.092438
vt 0.039699 0.093525
vt 0.039699 0.094727
vt 0.030273 0.093607
vt 0.039699 0.093525
vt 0.048846 0.092438
vt 0.049124 0.093607
vt 0.039699 0.094727
vt 0.12207 0.255679
vt 0.130598 0.252196
vt 0.13118 0.253247
vt 0.122394 0.256836
vt 0.130598 0.252196
vt 0.13792 0.246921
vt 0.138881 0.247699
vt 0.13118 0.253247
vt 0.950525 0.050565
vt 0.981613 0.050565
vt 0.981942 0.051758
vt 0.950195 0.051758
vt 0.782451 0.274414
vt 0.775129 0.269139
vt 0.775712 0.268088
vt 0.783413 0.273636
vt 0.775129 0.269139
vt 0.766602 0.265655
vt 0.766925 0.264499
vt 0.775712 0.268088
vt 0.45119 0.104492
vt 0.442042 0.103405
vt 0.442042 0.102204
vt 0.451467 0.103324
vt 0.442042 0.103405
vt 0.432895 0.104492
vt 0.432617 0.103324
vt 0.442042 0.102204
vt 0.373256 0.248077
vt 0.364729 0.251561
vt 0.364146 0.25051
vt 0.372933 0.246921
vt 0.364729 0.251561
vt 0.357407 0.256836
vt 0.356445 0.256058
vt 0.364146 0.25051
vt 0.75505 0.036133
vt 0.723962 0.036133
vt 0.723633 0.03494
vt 0.755379 0.03494
vt 0.420898 0.169139
vt 0.430454 0.169139
vt 0.430454 0.172852
vt 0.420898 0.172852
vt 0.864258 0.159373
vt 0.873813 0.159373
vt 0.873813 0.163086
vt 0.864258 0.163086
vt 0.639648 0.169139
vt 0.649204 0.169139
vt 0.649204 0.172852
vt 0.639648 0.172852
vt 0.692383 0.159373
vt 0.701938 0.159373
vt 0.701938 0.163086
vt 0.692383 0.163086
vt 0.655273 0.169139
vt 0.664829 0.169139
vt 0.664829 0.172852
vt 0.655273 0.172852
vt 0.333008 0.159373
vt 0.342563 0.159373
vt 0.342563 0.163086
vt 0.333008 0.163086
vt 0.004883 0.178905
vt 0.036629 0.178905
vt 0.036629 0.182617
vt 0.004883 0.182617
vt 0.789829 0.172852
vt 0.780273 0.172852
vt 0.780273 0.169139
vt 0.789829 0.169139
vt 0.358188 0.163086
vt 0.348633 0.163086
vt 0.348633 0.159373
vt 0.358188 0.159373
vt 0.139438 0.163086
vt 0.129883 0.163086
vt 0.129883 0.159373
vt 0.139438 0.159373
vt 0.280063 0.163086
vt 0.270508 0.163086
vt 0.270508 0.159373
vt 0.280063 0.159373
vt 0.373813 0.163086
vt 0.364258 0.163086
vt 0.364258 0.159373
vt 0.373813 0.159373
vt 0.805454 0.172852
vt 0.795898 0.172852
vt 0.795898 0.169139
vt 0.805454 0.169139
vt 0.043945 0.178905
vt 0.075692 0.178905
vt 0.075692 0.182617
vt 0.043945 0.182617
vt 0.813477 0.273636
vt 0.821178 0.268088
vt 0.82176 0.269139
vt 0.814438 0.274414
vt 0.821178 0.268088
vt 0.829964 0.264499
vt 0.830288 0.265655
vt 0.82176 0.269139
vt 0.915039 0.103324
vt 0.924464 0.102204
vt 0.924464 0.103405
vt 0.915317 0.104492
vt 0.924464 0.102204
vt 0.933889 0.103324
vt 0.933612 0.104492
vt 0.924464 0.103405
vt 0.192706 0.246921
vt 0.201493 0.25051
vt 0.20091 0.251561
vt 0.192383 0.248077
vt 0.201493 0.25051
vt 0.209194 0.256058
vt 0.208233 0.256836
vt 0.20091 0.251561
vt 0.872567 0.051758
vt 0.84082 0.051758
vt 0.84115 0.050565
vt 0.872238 0.050565
vt 0.045131 0.247699
vt 0.03743 0.253247
vt 0.036848 0.252196
vt 0.04417 0.246921
vt 0.03743 0.253247
vt 0.028644 0.256836
vt 0.02832 0.255679
vt 0.036848 0.252196
vt 0.476858 0.103372
vt 0.467433 0.104492
vt 0.467433 0.103291
vt 0.47658 0.102204
vt 0.467433 0.104492
vt 0.458008 0.103372
vt 0.458286 0.102204
vt 0.467433 0.103291
vt 0.607308 0.256836
vt 0.598521 0.253247
vt 0.599104 0.252196
vt 0.607631 0.255679
vt 0.598521 0.253247
vt 0.59082 0.247699
vt 0.591782 0.246921
vt 0.599104 0.252196
vt 0.254883 0.03494
vt 0.286629 0.03494
vt 0.2863 0.036133
vt 0.255212 0.036133
vt 0.981445 0.027127
vt 0.986339 0.027127
vt 0.985495 0.02832
vt 0.982289 0.02832
vt 0.65332 0.042752
vt 0.669014 0.042752
vt 0.66817 0.043945
vt 0.654164 0.043945
vt 0.427745 0.036133
vt 0.422852 0.036133
vt 0.423695 0.03494
vt 0.426902 0.03494
vt 0.629952 0.051758
vt 0.614258 0.051758
vt 0.615102 0.050565
vt 0.629108 0.050565
vt 0.477539 0.133789
vt 0.477539 0.130583
vt 0.481252 0.130583
vt 0.481252 0.133789
vt 0.973633 0.178905
vt 0.987639 0.178905
vt 0.987639 0.182617
vt 0.973633 0.182617
vt 0.487305 0.133789
vt 0.487305 0.130583
vt 0.491017 0.130583
vt 0.491017 0.133789
vt 0.018889 0.172852
vt 0.004883 0.172852
vt 0.004883 0.169139
vt 0.018889 0.169139
vt 0.03237 0.036133
vt 0.029164 0.036133
vt 0.02832 0.03494
vt 0.033214 0.03494
vt 0.212758 0.019315
vt 0.226764 0.019315
vt 0.227608 0.020508
vt 0.211914 0.020508
vt 0.040883 0.03494
vt 0.044089 0.03494
vt 0.044933 0.036133
vt 0.040039 0.036133
vt 0.691608 0.043945
vt 0.677602 0.043945
vt 0.676758 0.042752
vt 0.692452 0.042752
vt 0.004883 0.019315
vt 0.009777 0.019315
vt 0.008933 0.020508
vt 0.005727 0.020508
vt 0.602539 0.027127
vt 0.615702 0.027127
vt 0.614858 0.02832
vt 0.603383 0.02832
vt 0.919933 0.051758
vt 0.915039 0.051758
vt 0.915883 0.050565
vt 0.919089 0.050565
vt 0.635233 0.02832
vt 0.62207 0.02832
vt 0.622914 0.027127
vt 0.634389 0.027127
vt 0.49707 0.133789
vt 0.49707 0.130583
vt 0.500783 0.130583
vt 0.500783 0.133789
vt 0.307617 0.169139
vt 0.319092 0.169139
vt 0.319092 0.172852
vt 0.307617 0.172852
vt 0.506836 0.133789
vt 0.506836 0.130583
vt 0.510548 0.130583
vt 0.510548 0.133789
vt 0.33667 0.172852
vt 0.325195 0.172852
vt 0.325195 0.169139
vt 0.33667 0.169139
vt 0.055808 0.036133
vt 0.052602 0.036133
vt 0.051758 0.03494
vt 0.056652 0.03494
vt 0.716664 0.050565
vt 0.728139 0.050565
vt 0.728983 0.051758
vt 0.71582 0.051758
vt 0.017445 0.019315
vt 0.020652 0.019315
vt 0.021495 0.020508
vt 0.016602 0.020508
vt 0.907827 0.043945
vt 0.896352 0.043945
vt 0.895508 0.042752
vt 0.90867 0.042752
vt 0.524508 0.084961
vt 0.522045 0.084677
vt 0.522315 0.083507
vt 0.523671 0.083663
vt 0.522045 0.084677
vt 0.520508 0.084134
vt 0.521029 0.083052
vt 0.522315 0.083507
vt 0.143916 0.124023
vt 0.142631 0.123021
vt 0.143471 0.122163
vt 0.144547 0.123002
vt 0.142631 0.123021
vt 0.141602 0.121757
vt 0.142609 0.121105
vt 0.143471 0.122163
vt 0.561523 0.058399
vt 0.563143 0.058217
vt 0.563143 0.059418
vt 0.561787 0.05957
vt 0.563143 0.058217
vt 0.564763 0.058399
vt 0.564499 0.05957
vt 0.563143 0.059418
vt 0.073242 0.123372
vt 0.074272 0.122108
vt 0.075112 0.122966
vt 0.07425 0.124023
vt 0.074272 0.122108
vt 0.075557 0.121105
vt 0.076187 0.122126
vt 0.075112 0.122966
vt 0.227539 0.08388
vt 0.229076 0.083337
vt 0.229347 0.084507
vt 0.22806 0.084961
vt 0.229076 0.083337
vt 0.231539 0.083052
vt 0.230702 0.08435
vt 0.229347 0.084507
vt 0.943368 0.043945
vt 0.932617 0.043945
vt 0.933605 0.042752
vt 0.94238 0.042752
vt 0.833008 0.067383
vt 0.833008 0.06601
vt 0.83672 0.06601
vt 0.83672 0.067383
vt 0.618164 0.067383
vt 0.618164 0.06601
vt 0.621877 0.06601
vt 0.621877 0.067383
vt 0.014648 0.05957
vt 0.014648 0.058198
vt 0.018361 0.058198
vt 0.018361 0.05957
vt 0.327148 0.05957
vt 0.327148 0.058198
vt 0.330861 0.058198
vt 0.330861 0.05957
vt 0.024414 0.05957
vt 0.024414 0.058198
vt 0.028127 0.058198
vt 0.028127 0.05957
vt 0.336914 0.05957
vt 0.336914 0.058198
vt 0.340627 0.058198
vt 0.340627 0.05957
vt 0.533986 0.06601
vt 0.533986 0.067383
vt 0.530273 0.067383
vt 0.530273 0.06601
vt 0.037892 0.058198
vt 0.037892 0.05957
vt 0.03418 0.05957
vt 0.03418 0.058198
vt 0.846486 0.06601
vt 0.846486 0.067383
vt 0.842773 0.067383
vt 0.842773 0.06601
vt 0.047658 0.058198
vt 0.047658 0.05957
vt 0.043945 0.05957
vt 0.043945 0.058198
vt 0.145508 0.149608
vt 0.154283 0.149608
vt 0.154283 0.15332
vt 0.145508 0.15332
vt 0.465077 0.08435
vt 0.463722 0.084507
vt 0.463451 0.083337
vt 0.465914 0.083052
vt 0.463722 0.084507
vt 0.462435 0.084961
vt 0.461914 0.08388
vt 0.463451 0.083337
vt 0.183609 0.122126
vt 0.182534 0.122966
vt 0.181694 0.122108
vt 0.182979 0.121105
vt 0.182534 0.122966
vt 0.181672 0.124023
vt 0.180664 0.123372
vt 0.181694 0.122108
vt 0.447312 0.05957
vt 0.445956 0.059418
vt 0.445956 0.058217
vt 0.447576 0.058399
vt 0.445956 0.059418
vt 0.4446 0.05957
vt 0.444336 0.058399
vt 0.445956 0.058217
vt 0.152375 0.121105
vt 0.153237 0.122163
vt 0.152397 0.123021
vt 0.151367 0.121757
vt 0.153237 0.122163
vt 0.154312 0.123002
vt 0.153682 0.124023
vt 0.152397 0.123021
vt 0.122591 0.083052
vt 0.123878 0.083507
vt 0.123607 0.084677
vt 0.12207 0.084134
vt 0.123878 0.083507
vt 0.125233 0.083663
vt 0.12607 0.084961
vt 0.123607 0.084677
vt 0.951183 0.042752
vt 0.959958 0.042752
vt 0.960946 0.043945
vt 0.950195 0.043945
vt 0.010824 0.516858
vt 0.017508 0.510705
vt 0.048596 0.510705
vt 0.006409 0.525014
vt 0.010824 0.516858
vt 0.048596 0.510705
vt 0.006409 0.543308
vt 0.004883 0.534161
vt 0.006409 0.525014
vt 0.010824 0.551464
vt 0.006409 0.543308
vt 0.006409 0.525014
vt 0.017508 0.557617
vt 0.010824 0.551464
vt 0.006409 0.525014
vt 0.01989 0.546648
vt 0.024784 0.546648
vt 0.017508 0.557617
vt 0.01989 0.546648
vt 0.017508 0.557617
vt 0.006409 0.525014
vt 0.01989 0.533486
vt 0.01989 0.546648
vt 0.006409 0.525014
vt 0.024784 0.533486
vt 0.01989 0.533486
vt 0.006409 0.525014
vt 0.027677 0.523867
vt 0.024784 0.533486
vt 0.006409 0.525014
vt 0.028067 0.521404
vt 0.027677 0.523867
vt 0.006409 0.525014
vt 0.028812 0.519942
vt 0.028067 0.521404
vt 0.006409 0.525014
vt 0.029971 0.518783
vt 0.028812 0.519942
vt 0.006409 0.525014
vt 0.031433 0.518038
vt 0.029971 0.518783
vt 0.006409 0.525014
vt 0.031433 0.518038
vt 0.006409 0.525014
vt 0.048596 0.510705
vt 0.033052 0.517782
vt 0.031433 0.518038
vt 0.048596 0.510705
vt 0.034672 0.518038
vt 0.033052 0.517782
vt 0.048596 0.510705
vt 0.036133 0.518783
vt 0.034672 0.518038
vt 0.048596 0.510705
vt 0.037293 0.519942
vt 0.036133 0.518783
vt 0.048596 0.510705
vt 0.038038 0.521404
vt 0.037293 0.519942
vt 0.048596 0.510705
vt 0.038428 0.523867
vt 0.038038 0.521404
vt 0.048596 0.510705
vt 0.024784 0.533486
vt 0.027677 0.523867
vt 0.038428 0.523867
vt 0.024784 0.546648
vt 0.024784 0.533486
vt 0.038428 0.523867
vt 0.024784 0.546648
vt 0.038428 0.523867
vt 0.048596 0.510705
vt 0.048596 0.557617
vt 0.017508 0.557617
vt 0.024784 0.546648
vt 0.055281 0.551464
vt 0.048596 0.557617
vt 0.024784 0.546648
vt 0.041321 0.547914
vt 0.046215 0.547914
vt 0.055281 0.551464
vt 0.041321 0.547914
vt 0.055281 0.551464
vt 0.024784 0.546648
vt 0.041321 0.53222
vt 0.041321 0.547914
vt 0.024784 0.546648
vt 0.041321 0.53222
vt 0.024784 0.546648
vt 0.048596 0.510705
vt 0.046215 0.53222
vt 0.041321 0.53222
vt 0.048596 0.510705
vt 0.046215 0.547914
vt 0.046215 0.53222
vt 0.048596 0.510705
vt 0.055281 0.551464
vt 0.046215 0.547914
vt 0.048596 0.510705
vt 0.059695 0.543308
vt 0.055281 0.551464
vt 0.048596 0.510705
vt 0.061222 0.534161
vt 0.059695 0.543308
vt 0.048596 0.510705
vt 0.059695 0.525014
vt 0.061222 0.534161
vt 0.048596 0.510705
vt 0.048596 0.510705
vt 0.055281 0.516858
vt 0.059695 0.525014
vt 0.080008 0.510705
vt 0.111096 0.510705
vt 0.117781 0.516858
vt 0.080008 0.510705
vt 0.117781 0.516858
vt 0.122195 0.525014
vt 0.122195 0.525014
vt 0.123722 0.534161
vt 0.122195 0.543308
vt 0.122195 0.525014
vt 0.122195 0.543308
vt 0.117781 0.551464
vt 0.122195 0.525014
vt 0.117781 0.551464
vt 0.111096 0.557617
vt 0.111096 0.557617
vt 0.103821 0.546648
vt 0.108715 0.546648
vt 0.122195 0.525014
vt 0.111096 0.557617
vt 0.108715 0.546648
vt 0.122195 0.525014
vt 0.108715 0.546648
vt 0.108715 0.533486
vt 0.122195 0.525014
vt 0.108715 0.533486
vt 0.103821 0.533486
vt 0.122195 0.525014
vt 0.103821 0.533486
vt 0.100928 0.523867
vt 0.122195 0.525014
vt 0.100928 0.523867
vt 0.100538 0.521404
vt 0.122195 0.525014
vt 0.100538 0.521404
vt 0.099793 0.519942
vt 0.122195 0.525014
vt 0.099793 0.519942
vt 0.098633 0.518783
vt 0.122195 0.525014
vt 0.098633 0.518783
vt 0.097172 0.518038
vt 0.080008 0.510705
vt 0.122195 0.525014
vt 0.097172 0.518038
vt 0.080008 0.510705
vt 0.097172 0.518038
vt 0.095552 0.517782
vt 0.080008 0.510705
vt 0.095552 0.517782
vt 0.093933 0.518038
vt 0.080008 0.510705
vt 0.093933 0.518038
vt 0.092471 0.518783
vt 0.080008 0.510705
vt 0.092471 0.518783
vt 0.091312 0.519942
vt 0.080008 0.510705
vt 0.091312 0.519942
vt 0.090567 0.521404
vt 0.080008 0.510705
vt 0.090567 0.521404
vt 0.090177 0.523867
vt 0.090177 0.523867
vt 0.100928 0.523867
vt 0.103821 0.533486
vt 0.090177 0.523867
vt 0.103821 0.533486
vt 0.103821 0.546648
vt 0.080008 0.510705
vt 0.090177 0.523867
vt 0.103821 0.546648
vt 0.103821 0.546648
vt 0.111096 0.557617
vt 0.080008 0.557617
vt 0.103821 0.546648
vt 0.080008 0.557617
vt 0.073324 0.551464
vt 0.073324 0.551464
vt 0.08239 0.547914
vt 0.087284 0.547914
vt 0.103821 0.546648
vt 0.073324 0.551464
vt 0.087284 0.547914
vt 0.103821 0.546648
vt 0.087284 0.547914
vt 0.087284 0.53222
vt 0.080008 0.510705
vt 0.103821 0.546648
vt 0.087284 0.53222
vt 0.080008 0.510705
vt 0.087284 0.53222
vt 0.08239 0.53222
vt 0.080008 0.510705
vt 0.08239 0.53222
vt 0.08239 0.547914
vt 0.080008 0.510705
vt 0.08239 0.547914
vt 0.073324 0.551464
vt 0.080008 0.510705
vt 0.073324 0.551464
vt 0.068909 0.543308
vt 0.080008 0.510705
vt 0.068909 0.543308
vt 0.067383 0.534161
vt 0.080008 0.510705
vt 0.067383 0.534161
vt 0.068909 0.525014
vt 0.068909 0.525014
vt 0.073324 0.516858
vt 0.080008 0.510705
vn -0.11221 -0.72419 -0.68041
vn -0.554501 -0.711946 -0.430885
vn -0.664179 -0.711946 -0.228032
vn -0.702234 -0.711946 0
vn -0.664179 -0.711946 0.228032
vn -0.554501 -0.711946 0.430885
vn -0.11221 -0.72419 0.68041
vn 0.11221 -0.72419 0.68041
vn 0.554501 -0.711946 0.430885
vn 0.664179 -0.711946 0.228032
vn 0.702234 -0.711946 0
vn 0.664179 -0.711946 -0.228032
vn 0.554501 -0.711946 -0.430885
vn 0.11221 -0.72419 -0.68041
vn -0.677234 0 -0.735768
vn -0.789108 0 -0.614254
vn -0.945809 0 -0.324724
vn -1 0 0
vn -0.945809 0 0.324724
vn -0.789108 0 0.614254
vn -0.677234 0 0.735768
vn 0 0 1
vn 0.677234 0 0.735768
vn 0.789108 0 0.614254
vn 0.945809 0 0.324724
vn 1 0 0
vn 0.945809 0 -0.324724
vn 0.789108 0 -0.614254
vn 0.677234 0 -0.735768
vn 0 0 -1
vn -0.11221 0.72419 -0.68041
vn -0.554501 0.711946 -0.430885
vn -0.664179 0.711946 -0.228032
vn -0.702234 0.711946 0
vn -0.664179 0.711946 0.228032
vn -0.554501 0.711946 0.430885
vn -0.11221 0.72419 0.68041
vn 0.11221 0.72419 0.68041
vn 0.554501 0.711946 0.430885
vn 0.664179 0.711946 0.228032
vn 0.702234 0.711946 0
vn 0.664179 0.711946 -0.228032
vn 0.554501 0.711946 -0.430885
vn 0.11221 0.72419 -0.68041
vn 0 -0.707107 0.707107
vn -0.707107 -0.707107 0
vn 0 -0.707107 -0.707107
vn 0.707107 -0.707107 0
vn 0 0.707107 0.707107
vn -0.707107 0.707107 0
vn 0 0.707107 -0.707107
vn 0.707107 0.707107 0
vn 0.698401 -0.707107 0.110616
vn 0.672527 -0.711405 0.203987
vn 0.568507 -0.711473 0.413045
vn 0.413045 -0.711473 0.568507
vn 0.21715 -0.711473 0.66832
vn 0 -0.711473 0.702714
vn -0.21715 -0.711473 0.66832
vn -0.413045 -0.711473 0.568507
vn -0.568507 -0.711473 0.413045
vn -0.672527 -0.711405 0.203987
vn -0.698401 -0.707107 0.110616
vn 0.987688 0 0.156434
vn 0.951057 0 0.309017
vn 0.809017 0 0.587785
vn 0.587785 0 0.809017
vn 0.309017 0 0.951057
vn -0.309017 0 0.951057
vn -0.587785 0 0.809017
vn -0.809017 0 0.587785
vn -0.951057 0 0.309017
vn -0.987688 0 0.156434
vn 0.698401 0.707107 0.110616
vn 0.672527 0.711405 0.203987
vn 0.568507 0.711473 0.413045
vn 0.413045 0.711473 0.568507
vn 0.21715 0.711473 0.66832
vn 0 0.711473 0.702714
vn -0.21715 0.711473 0.66832
vn -0.413045 0.711473 0.568507
vn -0.568507 0.711473 0.413045
vn -0.672527 0.711405 0.203987
vn -0.698401 0.707107 0.110616
vn 0 -1 0
vn 0 1 0
f 493/1513/223 494/1514/224 508/1515/224 507/1516/223
f 494/1517/224 495/1518/225 509/1519/225 508/1520/224
f 495/1521/225 496/1522/226 510/1523/226 509/1524/225
f 496/1525/226 497/1526/227 511/1527/227 510/1528/226
f 497/1529/227 498/1530/228 512/1531/228 511/1532/227
f 498/1533/228 499/1534/229 513/1535/229 512/1536/228
f 499/1537/229 500/1538/230 514/1539/230 513/1540/229
f 500/1541/230 501/1542/231 515/1543/231 514/1544/230
f 501/1545/231 502/1546/232 516/1547/232 515/1548/231
f 502/1549/232 503/1550/233 517/1551/233 516/1552/232
f 503/1553/233 504/1554/234 518/1555/234 517/1556/233
f 504/1557/234 505/1558/235 519/1559/235 518/1560/234
f 505/1561/235 506/1562/236 520/1563/236 519/1564/235
f 506/1565/236 493/1566/223 507/1567/223 520/1568/236
f 507/1569/237 508/1570/238 522/1571/238 521/1572/237
f 508/1573/238 509/1574/239 523/1575/239 522/1576/238
f 509/1577/239 510/1578/240 524/1579/240 523/1580/239
f 510/1581/240 511/1582/241 525/1583/241 524/1584/240
f 511/1585/241 512/1586/242 526/1587/242 525/1588/241
f 512/1589/242 513/1590/243 527/1591/243 526/1592/242
f 513/1593/244 514/1594/244 528/1595/244 527/1596/244
f 514/1597/245 515/1598/246 529/1599/246 528/1600/245
f 515/1601/246 516/1602/247 530/1603/247 529/1604/246
f 516/1605/247 517/1606/248 531/1607/248 530/1608/247
f 517/1609/248 518/1610/249 532/1611/249 531/1612/248
f 518/1613/249 519/1614/250 533/1615/250 532/1616/249
f 519/1617/250 520/1618/251 534/1619/251 533/1620/250
f 520/1621/252 507/1622/252 521/1623/252 534/1624/252
f 521/1625/253 522/1626/254 536/1627/254 535/1628/253
f 522/1629/254 523/1630/255 537/1631/255 536/1632/254
f 523/1633/255 524/1634/256 538/1635/256 537/1636/255
f 524/1637/256 525/1638/257 539/1639/257 538/1640/256
f 525/1641/257 526/1642/258 540/1643/258 539/1644/257
f 526/1645/258 527/1646/259 541/1647/259 540/1648/258
f 527/1649/259 528/1650/260 542/1651/260 541/1652/259
f 528/1653/260 529/1654/261 543/1655/261 542/1656/260
f 529/1657/261 530/1658/262 544/1659/262 543/1660/261
f 530/1661/262 531/1662/263 545/1663/263 544/1664/262
f 531/1665/263 532/1666/264 546/1667/264 545/1668/263
f 532/1669/264 533/1670/265 547/1671/265 546/1672/264
f 533/1673/265 534/1674/266 548/1675/266 547/1676/265
f 534/1677/266 521/1678/253 535/1679/253 548/1680/266
f 549/1681/267 550/1682/267 554/1683/267 553/1684/267
f 550/1685/268 551/1686/268 555/1687/268 554/1688/268
f 551/1689/269 552/1690/269 556/1691/269 555/1692/269
f 552/1693/270 549/1694/270 553/1695/270 556/1696/270
f 553/1697/244 554/1698/244 558/1699/244 557/1700/244
f 554/1701/240 555/1702/240 559/1703/240 558/1704/240
f 555/1705/252 556/1706/252 560/1707/252 559/1708/252
f 556/1709/248 553/1710/248 557/1711/248 560/1712/248
f 557/1713/271 558/1714/271 562/1715/271 561/1716/271
f 558/1717/272 559/1718/272 563/1719/272 562/1720/272
f 559/1721/273 560/1722/273 564/1723/273 563/1724/273
f 560/1725/274 557/1726/274 561/1727/274 564/1728/274
f 565/1729/267 566/1730/267 570/1731/267 569/1732/267
f 566/1733/268 567/1734/268 571/1735/268 570/1736/268
f 567/1737/269 568/1738/269 572/1739/269 571/1740/269
f 568/1741/270 565/1742/270 569/1743/270 572/1744/270
f 569/1745/244 570/1746/244 574/1747/244 573/1748/244
f 570/1749/240 571/1750/240 575/1751/240 574/1752/240
f 571/1753/252 572/1754/252 576/1755/252 575/1756/252
f 572/1757/248 569/1758/248 573/1759/248 576/1760/248
f 573/1761/271 574/1762/271 578/1763/271 577/1764/271
f 574/1765/272 575/1766/272 579/1767/272 578/1768/272
f 575/1769/273 576/1770/273 580/1771/273 579/1772/273
f 576/1773/274 573/1774/274 577/1775/274 580/1776/274
f 581/1777/275 582/1778/276 593/1779/276 592/1780/275
f 582/1781/276 583/1782/277 594/1783/277 593/1784/276
f 583/1785/277 584/1786/278 595/1787/278 594/1788/277
f 584/1789/278 585/1790/279 596/1791/279 595/1792/278
f 585/1793/279 586/1794/280 597/1795/280 596/1796/279
f 586/1797/280 587/1798/281 598/1799/281 597/1800/280
f 587/1801/281 588/1802/282 599/1803/282 598/1804/281
f 588/1805/282 589/1806/283 600/1807/283 599/1808/282
f 589/1809/283 590/1810/284 601/1811/284 600/1812/283
f 590/1813/284 591/1814/285 602/1815/285 601/1816/284
f 591/1817/269 581/1818/269 592/1819/269 602/1820/269
f 592/1821/286 593/1822/287 604/1823/287 603/1824/286
f 593/1825/287 594/1826/288 605/1827/288 604/1828/287
f 594/1829/288 595/1830/289 606/1831/289 605/1832/288
f 595/1833/289 596/1834/290 607/1835/290 606/1836/289
f 596/1837/290 597/1838/244 608/1839/244 607/1840/290
f 597/1841/244 598/1842/291 609/1843/291 608/1844/244
f 598/1845/291 599/1846/292 610/1847/292 609/1848/291
f 599/1849/292 600/1850/293 611/1851/293 610/1852/292
f 600/1853/293 601/1854/294 612/1855/294 611/1856/293
f 601/1857/294 602/1858/295 613/1859/295 612/1860/294
f 602/1861/252 592/1862/252 603/1863/252 613/1864/252
f 603/1865/296 604/1866/297 615/1867/297 614/1868/296
f 604/1869/297 605/1870/298 616/1871/298 615/1872/297
f 605/1873/298 606/1874/299 617/1875/299 616/1876/298
f 606/1877/299 607/1878/300 618/1879/300 617/1880/299
f 607/1881/300 608/1882/301 619/1883/301 618/1884/300
f 608/1885/301 609/1886/302 620/1887/302 619/1888/301
f 609/1889/302 610/1890/303 621/1891/303 620/1892/302
f 610/1893/303 611/1894/304 622/1895/304 621/1896/303
f 611/1897/304 612/1898/305 623/1899/305 622/1900/304
f 612/1901/305 613/1902/306 624/1903/306 623/1904/305
f 613/1905/273 603/1906/273 614/1907/273 624/1908/273
f 626/1909/307 625/1910/307 638/1911/307
f 627/1912/307 626/1913/307 638/1914/307
f 629/1915/307 628/1916/307 627/1917/307
f 630/1918/307 629/1919/307 627/1920/307
f 631/1921/307 630/1922/307 627/1923/307
f 646/1924/307 645/1925/307 631/1926/307
f 646/1927/307 631/1928/307 627/1929/307
f 643/1930/307 646/1931/307 627/1932/307
f 644/1933/307 643/1934/307 627/1935/307
f 647/1936/307 644/1937/307 627/1938/307
f 648/1939/307 647/1940/307 627/1941/307
f 649/1942/307 648/1943/307 627/1944/307
f 650/1945/307 649/1946/307 627/1947/307
f 651/1948/307 650/1949/307 627/1950/307
f 651/1951/307 627/1952/307 638/1953/307
f 652/1954/307 651/1955/307 638/1956/307
f 653/1957/307 652/1958/307 638/1959/307
f 654/1960/307 653/1961/307 638/1962/307
f 655/1963/307 654/1964/307 638/1965/307
f 656/1966/307 655/1967/307 638/1968/307
f 657/1969/307 656/1970/307 638/1971/307
f 644/1972/307 647/1973/307 657/1974/307
f 645/1975/307 644/1976/307 657/1977/307
f 645/1978/307 657/1979/307 638/1980/307
f 632/1981/307 631/1982/307 645/1983/307
f 633/1984/307 632/1985/307 645/1986/307
f 642/1987/307 641/1988/307 633/1989/307
f 642/1990/307 633/1991/307 645/1992/307
f 639/1993/307 642/1994/307 645/1995/307
f 639/1996/307 645/1997/307 638/1998/307
f 640/1999/307 639/2000/307 638/2001/307
f 641/2002/307 640/2003/307 638/2004/307
f 633/2005/307 641/2006/307 638/2007/307
f 634/2008/307 633/2009/307 638/2010/307
f 635/2011/307 634/2012/307 638/2013/307
f 636/2014/307 635/2015/307 638/2016/307
f 638/2017/307 637/2018/307 636/2019/307
f 671/2020/308 658/2021/308 659/2022/308
f 671/2023/308 659/2024/308 660/2025/308
f 660/2026/308 661/2027/308 662/2028/308
f 660/2029/308 662/2030/308 663/2031/308
f 660/2032/308 663/2033/308 664/2034/308
f 664/2035/308 678/2036/308 679/2037/308
f 660/2038/308 664/2039/308 679/2040/308
f 660/2041/308 679/2042/308 676/2043/308
f 660/2044/308 676/2045/308 677/2046/308
f 660/2047/308 677/2048/308 680/2049/308
f 660/2050/308 680/2051/308 681/2052/308
f 660/2053/308 681/2054/308 682/2055/308
f 660/2056/308 682/2057/308 683/2058/308
f 660/2059/308 683/2060/308 684/2061/308
f 671/2062/308 660/2063/308 684/2064/308
f 671/2065/308 684/2066/308 685/2067/308
f 671/2068/308 685/2069/308 686/2070/308
f 671/2071/308 686/2072/308 687/2073/308
f 671/2074/308 687/2075/308 688/2076/308
f 671/2077/308 688/2078/308 689/2079/308
f 671/2080/308 689/2081/308 690/2082/308
f 690/2083/308 680/2084/308 677/2085/308
f 690/2086/308 677/2087/308 678/2088/308
f 671/2089/308 690/2090/308 678/2091/308
f 678/2092/308 664/2093/308 665/2094/308
f 678/2095/308 665/2096/308 666/2097/308
f 666/2098/308 674/2099/308 675/2100/308
f 678/2101/308 666/2102/308 675/2103/308
f 678/2104/308 675/2105/308 672/2106/308
f 671/2107/308 678/2108/308 672/2109/308
f 671/2110/308 672/2111/308 673/2112/308
f 671/2113/308 673/2114/308 674/2115/308
f 671/2116/308 674/2117/308 666/2118/308
f 671/2119/308 666/2120/308 667/2121/308
f 671/2122/308 667/2123/308 668/2124/308
f 671/2125/308 668/2126/308 669/2127/308
f 669/2128/308 670/2129/308 671/2130/308
o strip3_bezel
usemtl strip
v 0.6239 0.0525 0.489579
v 0.62356 0.0525 0.488311
v 0.622689 0.0525 0.48744
v 0.621421 0.0525 0.4871
v 0.594579 0.0525 0.4871
v 0.593311 0.0525 0.48744
v 0.59244 0.0525 0.488311
v 0.5921 0.0525 0.489579
v 0.5921 0.0525 0.510421
v 0.59244 0.0525 0.511689
v 0.593311 0.0525 0.51256
v 0.594579 0.0525 0.5129
v 0.621421 0.0525 0.5129
v 0.622689 0.0525 0.51256
v 0.62356 0.0525 0.511689
v 0.6239 0.0525 0.510421
v 0.6245 0.0531 0.4895
v 0.624098 0.0531 0.488
v 0.623 0.0531 0.486902
v 0.6215 0.0531 0.4865
v 0.5945 0.0531 0.4865
v 0.593 0.0531 0.486902
v 0.591902 0.0531 0.488
v 0.5915 0.0531 0.4895
v 0.5915 0.0531 0.5105
v 0.591902 0.0531 0.512
v 0.593 0.0531 0.513098
v 0.5945 0.0531 0.5135
v 0.6215 0.0531 0.5135
v 0.623 0.0531 0.513098
v 0.624098 0.0531 0.512
v 0.6245 0.0531 0.5105
v 0.6245 0.0555 0.4895
v 0.624098 0.0555 0.488
v 0.623 0.0555 0.486902
v 0.6215 0.0555 0.4865
v 0.5945 0.0555 0.4865
v 0.593 0.0555 0.486902
v 0.591902 0.0555 0.488
v 0.5915 0.0555 0.4895
v 0.5915 0.0555 0.5105
v 0.591902 0.0555 0.512
v 0.593 0.0555 0.513098
v 0.5945 0.0555 0.5135
v 0.6215 0.0555 0.5135
v 0.623 0.0555 0.513098
v 0.624098 0.0555 0.512
v 0.6245 0.0555 0.5105
v 0.6239 0.0561 0.489579
v 0.62356 0.0561 0.488311
v 0.622689 0.0561 0.48744
v 0.621421 0.0561 0.4871
v 0.594579 0.0561 0.4871
v 0.593311 0.0561 0.48744
v 0.59244 0.0561 0.488311
v 0.5921 0.0561 0.489579
v 0.5921 0.0561 0.510421
v 0.59244 0.0561 0.511689
v 0.593311 0.0561 0.51256
v 0.594579 0.0561 0.5129
v 0.621421 0.0561 0.5129
v 0.622689 0.0561 0.51256
v 0.62356 0.0561 0.511689
v 0.6239 0.0561 0.510421
v 0.62255 0.0525 0.509229
v 0.622247 0.0525 0.510361
v 0.621361 0.0525 0.511247
v 0.620229 0.0525 0.51155
v 0.595771 0.0525 0.51155
v 0.594639 0.0525 0.511247
v 0.593753 0.0525 0.510361
v 0.59345 0.0525 0.509229
v 0.59345 0.0525 0.490771
v 0.593753 0.0525 0.489639
v 0.594639 0.0525 0.488753
v 0.595771 0.0525 0.48845
v 0.620229 0.0525 0.48845
v 0.621361 0.0525 0.488753
v 0.622247 0.0525 0.489639
v 0.62255 0.0525 0.490771
v 0.62195 0.0531 0.50915
v 0.621709 0.0531 0.51005
v 0.62105 0.0531 0.510709
v 0.62015 0.0531 0.51095
v 0.59585 0.0531 0.51095
v 0.59495 0.0531 0.510709
v 0.594291 0.0531 0.51005
v 0.59405 0.0531 0.50915
v 0.59405 0.0531 0.49085
v 0.594291 0.0531 0.48995
v 0.59495 0.0531 0.489291
v 0.59585 0.0531 0.48905
v 0.62015 0.0531 0.48905
v 0.62105 0.0531 0.489291
v 0.621709 0.0531 0.48995
v 0.62195 0.0531 0.49085
v 0.62195 0.0555 0.50915
v 0.621709 0.0555 0.51005
v 0.62105 0.0555 0.510709
v 0.62015 0.0555 0.51095
v 0.59585 0.0555 0.51095
v 0.59495 0.0555 0.510709
v 0.594291 0.0555 0.51005
v 0.59405 0.0555 0.50915
v 0.59405 0.0555 0.49085
v 0.594291 0.0555 0.48995
v 0.59495 0.0555 0.489291
v 0.59585 0.0555 0.48905
v 0.62015 0.0555 0.48905
v 0.62105 0.0555 0.489291
v 0.621709 0.0555 0.48995
v 0.62195 0.0555 0.49085
v 0.62255 0.0561 0.509229
v 0.622247 0.0561 0.510361
v 0.621361 0.0561 0.511247
v 0.620229 0.0561 0.51155
v 0.595771 0.0561 0.51155
v 0.594639 0.0561 0.511247
v 0.593753 0.0561 0.510361
v 0.59345 0.0561 0.509229
v 0.59345 0.0561 0.490771
v 0.593753 0.0561 0.489639
v 0.594639 0.0561 0.488753
v 0.595771 0.0561 0.48845
v 0.620229 0.0561 0.48845
v 0.621361 0.0561 0.488753
v 0.622247 0.0561 0.489639
v 0.62255 0.0561 0.490771
v 0.6239 0.0525 0.489579
v 0.62356 0.0525 0.488311
v 0.622689 0.0525 0.48744
v 0.621421 0.0525 0.4871
v 0.594579 0.0525 0.4871
v 0.593311 0.0525 0.48744
v 0.59244 0.0525 0.488311
v 0.5921 0.0525 0.489579
v 0.5921 0.0525 0.510421
v 0.59244 0.0525 0.511689
v 0.593311 0.0525 0.51256
v 0.594579 0.0525 0.5129
v 0.621421 0.0525 0.5129
v 0.622689 0.0525 0.51256
v 0.62356 0.0525 0.511689
v 0.6239 0.0525 0.510421
v 0.62255 0.0525 0.509229
v 0.622247 0.0525 0.510361
v 0.621361 0.0525 0.511247
v 0.620229 0.0525 0.51155
v 0.595771 0.0525 0.51155
v 0.594639 0.0525 0.511247
v 0.593753 0.0525 0.510361
v 0.59345 0.0525 0.509229
v 0.59345 0.0525 0.490771
v 0.593753 0.0525 0.489639
v 0.594639 0.0525 0.488753
v 0.595771 0.0525 0.48845
v 0.620229 0.0525 0.48845
v 0.621361 0.0525 0.488753
v 0.622247 0.0525 0.489639
v 0.62255 0.0525 0.490771
v 0.6239 0.0561 0.489579
v 0.62356 0.0561 0.488311
v 0.622689 0.0561 0.48744
v 0.621421 0.0561 0.4871
v 0.594579 0.0561 0.4871
v 0.593311 0.0561 0.48744
v 0.59244 0.0561 0.488311
v 0.5921 0.0561 0.489579
v 0.5921 0.0561 0.510421
v 0.59244 0.0561 0.511689
v 0.593311 0.0561 0.51256
v 0.594579 0.0561 0.5129
v 0.621421 0.0561 0.5129
v 0.622689 0.0561 0.51256
v 0.62356 0.0561 0.511689
v 0.6239 0.0561 0.510421
v 0.62255 0.0561 0.509229
v 0.622247 0.0561 0.510361
v 0.621361 0.0561 0.511247
v 0.620229 0.0561 0.51155
v 0.595771 0.0561 0.51155
v 0.594639 0.0561 0.511247
v 0.593753 0.0561 0.510361
v 0.59345 0.0561 0.509229
v 0.59345 0.0561 0.490771
v 0.593753 0.0561 0.489639
v 0.594639 0.0561 0.488753
v 0.595771 0.0561 0.48845
v 0.620229 0.0561 0.48845
v 0.621361 0.0561 0.488753
v 0.622247 0.0561 0.489639
v 0.62255 0.0561 0.490771
vt 0.037932 0.051485
vt 0.036486 0.051758
vt 0.036133 0.050853
vt 0.037842 0.050531
vt 0.086791 0.074396
vt 0.08566 0.075195
vt 0.084961 0.07452
vt 0.086387 0.073512
vt 0.532341 0.194336
vt 0.530926 0.193934
vt 0.5311 0.192992
vt 0.532774 0.193467
vt 0.530926 0.193934
vt 0.500978 0.191229
vt 0.500977 0.19027
vt 0.5311 0.192992
vt 0.719662 0.074672
vt 0.718281 0.075195
vt 0.717773 0.074367
vt 0.719407 0.073748
vt 0.05441 0.073512
vt 0.055541 0.074311
vt 0.055137 0.075195
vt 0.053711 0.074187
vt 0.919298 0.058343
vt 0.920744 0.058616
vt 0.920655 0.05957
vt 0.918945 0.059248
vt 0.920744 0.058616
vt 0.944092 0.058616
vt 0.94418 0.05957
vt 0.920655 0.05957
vt 0.801758 0.058616
vt 0.803209 0.058341
vt 0.803565 0.059245
vt 0.801848 0.05957
vt 0.092773 0.074311
vt 0.093905 0.073512
vt 0.094603 0.074187
vt 0.093177 0.075195
vt 0.540472 0.19027
vt 0.541887 0.190672
vt 0.541713 0.191615
vt 0.540039 0.19114
vt 0.541887 0.190672
vt 0.571835 0.193377
vt 0.571836 0.194336
vt 0.541713 0.191615
vt 0.686523 0.074271
vt 0.687905 0.073748
vt 0.688412 0.074576
vt 0.686779 0.075195
vt 0.101717 0.075195
vt 0.100586 0.074396
vt 0.100989 0.073512
vt 0.102416 0.07452
vt 0.771959 0.05957
vt 0.770508 0.059295
vt 0.770598 0.058341
vt 0.772315 0.058666
vt 0.06128 0.051485
vt 0.037932 0.051485
vt 0.037842 0.050531
vt 0.061367 0.050531
vt 0.770508 0.084961
vt 0.770508 0.083214
vt 0.773208 0.083214
vt 0.773208 0.084961
vt 0.682617 0.084961
vt 0.682617 0.083214
vt 0.685317 0.083214
vt 0.685317 0.084961
vt 0.692383 0.084961
vt 0.692383 0.083214
vt 0.695083 0.083214
vt 0.695083 0.084961
vt 0.395508 0.121323
vt 0.425883 0.121323
vt 0.425883 0.124023
vt 0.395508 0.124023
vt 0.702148 0.084961
vt 0.702148 0.083214
vt 0.704848 0.083214
vt 0.704848 0.084961
vt 0.81227 0.083214
vt 0.81227 0.084961
vt 0.80957 0.084961
vt 0.80957 0.083214
vt 0.782973 0.083214
vt 0.782973 0.084961
vt 0.780273 0.084961
vt 0.780273 0.083214
vt 0.676758 0.121323
vt 0.700383 0.121323
vt 0.700383 0.124023
vt 0.676758 0.124023
vt 0.792739 0.083214
vt 0.792739 0.084961
vt 0.790039 0.084961
vt 0.790039 0.083214
vt 0.822036 0.083214
vt 0.822036 0.084961
vt 0.819336 0.084961
vt 0.819336 0.083214
vt 0.711914 0.084961
vt 0.711914 0.083214
vt 0.714614 0.083214
vt 0.714614 0.084961
vt 0.432617 0.121323
vt 0.462992 0.121323
vt 0.462992 0.124023
vt 0.432617 0.124023
vt 0.72168 0.084961
vt 0.72168 0.083214
vt 0.72438 0.083214
vt 0.72438 0.084961
vt 0.65332 0.084961
vt 0.65332 0.083214
vt 0.65602 0.083214
vt 0.65602 0.084961
vt 0.829102 0.084961
vt 0.829102 0.083214
vt 0.831802 0.083214
vt 0.831802 0.084961
vt 0.731633 0.124023
vt 0.708008 0.124023
vt 0.708008 0.121323
vt 0.731633 0.121323
vt 0.006592 0.051758
vt 0.004883 0.051435
vt 0.005236 0.050531
vt 0.006682 0.050803
vt 0.133262 0.075195
vt 0.131836 0.074187
vt 0.132535 0.073512
vt 0.133666 0.074311
vt 0.579102 0.193467
vt 0.580775 0.192992
vt 0.58095 0.193934
vt 0.579535 0.194336
vt 0.580775 0.192992
vt 0.610899 0.19027
vt 0.610897 0.191229
vt 0.58095 0.193934
vt 0.710216 0.073748
vt 0.71185 0.074367
vt 0.711342 0.075195
vt 0.709961 0.074672
vt 0.139648 0.07452
vt 0.141075 0.073512
vt 0.141478 0.074396
vt 0.140347 0.075195
vt 0.825195 0.058666
vt 0.826905 0.058343
vt 0.826994 0.059298
vt 0.825548 0.05957
vt 0.826905 0.058343
vt 0.85043 0.058343
vt 0.850342 0.059298
vt 0.826994 0.059298
vt 0.778411 0.058341
vt 0.780127 0.058666
vt 0.779772 0.05957
vt 0.77832 0.059295
vt 0.108802 0.073512
vt 0.110228 0.07452
vt 0.10953 0.075195
vt 0.108398 0.074396
vt 0.649961 0.19114
vt 0.648288 0.191615
vt 0.648113 0.190672
vt 0.649528 0.19027
vt 0.648288 0.191615
vt 0.618164 0.194336
vt 0.618166 0.193377
vt 0.648113 0.190672
vt 0.69597 0.075195
vt 0.694336 0.074576
vt 0.694843 0.073748
vt 0.696225 0.074271
vt 0.024291 0.074187
vt 0.022864 0.075195
vt 0.022461 0.074311
vt 0.023592 0.073512
vt 0.811377 0.059245
vt 0.809661 0.05957
vt 0.80957 0.058616
vt 0.811022 0.058341
vt 0.030117 0.051758
vt 0.006592 0.051758
vt 0.006682 0.050803
vt 0.03003 0.050803
vt 0.754076 0.01936
vt 0.755365 0.019603
vt 0.755012 0.020508
vt 0.753987 0.020314
vt 0.624427 0.073706
vt 0.625578 0.07452
vt 0.624879 0.075195
vt 0.624023 0.07459
vt 0.291246 0.150497
vt 0.289983 0.150855
vt 0.289808 0.149913
vt 0.290812 0.149628
vt 0.289983 0.150855
vt 0.262695 0.15332
vt 0.262697 0.152362
vt 0.289808 0.149913
vt 0.61549 0.05957
vt 0.614258 0.059103
vt 0.614765 0.058275
vt 0.615745 0.058646
vt 0.680266 0.074381
vt 0.679114 0.075195
vt 0.678711 0.074311
vt 0.679567 0.073706
vt 0.696772 0.020265
vt 0.695482 0.020508
vt 0.695393 0.019553
vt 0.696418 0.01936
vt 0.695482 0.020508
vt 0.674805 0.020508
vt 0.674892 0.019553
vt 0.695393 0.019553
vt 0.599928 0.020508
vt 0.598633 0.020262
vt 0.598988 0.019358
vt 0.600018 0.019553
vt 0.632987 0.075195
vt 0.631836 0.074381
vt 0.632535 0.073706
vt 0.633391 0.074311
vt 0.227539 0.152451
vt 0.228802 0.152093
vt 0.228976 0.153035
vt 0.227972 0.15332
vt 0.228802 0.152093
vt 0.256089 0.149628
vt 0.256088 0.150586
vt 0.228976 0.153035
vt 0.630138 0.058275
vt 0.63137 0.058742
vt 0.630863 0.05957
vt 0.629883 0.059199
vt 0.639648 0.07452
vt 0.6408 0.073706
vt 0.641203 0.07459
vt 0.640347 0.075195
vt 0.629883 0.019604
vt 0.631178 0.019358
vt 0.631268 0.020313
vt 0.630238 0.020508
vt 0.733398 0.01936
vt 0.754076 0.01936
vt 0.753987 0.020314
vt 0.733486 0.020314
vt 0.046645 0.011647
vt 0.046645 0.012695
vt 0.043945 0.012695
vt 0.043945 0.011647
vt 0.902114 0.01946
vt 0.902114 0.020508
vt 0.899414 0.020508
vt 0.899414 0.01946
vt 0.879883 0.020508
vt 0.879883 0.01946
vt 0.882583 0.01946
vt 0.882583 0.020508
vt 0.543945 0.121323
vt 0.571283 0.121323
vt 0.571283 0.124023
vt 0.543945 0.124023
vt 0.90918 0.020508
vt 0.90918 0.01946
vt 0.91188 0.01946
vt 0.91188 0.020508
vt 0.918945 0.020508
vt 0.918945 0.01946
vt 0.921645 0.01946
vt 0.921645 0.020508
vt 0.053711 0.012695
vt 0.053711 0.011647
vt 0.056411 0.011647
vt 0.056411 0.012695
vt 0.877033 0.124023
vt 0.856445 0.124023
vt 0.856445 0.121323
vt 0.877033 0.121323
vt 0.063477 0.012695
vt 0.063477 0.011647
vt 0.066177 0.011647
vt 0.066177 0.012695
vt 0.928711 0.020508
vt 0.928711 0.01946
vt 0.931411 0.01946
vt 0.931411 0.020508
vt 0.938477 0.020508
vt 0.938477 0.01946
vt 0.941177 0.01946
vt 0.941177 0.020508
vt 0.577148 0.121323
vt 0.604486 0.121323
vt 0.604486 0.124023
vt 0.577148 0.124023
vt 0.889648 0.020508
vt 0.889648 0.01946
vt 0.892348 0.01946
vt 0.892348 0.020508
vt 0.950942 0.01946
vt 0.950942 0.020508
vt 0.948242 0.020508
vt 0.948242 0.01946
vt 0.075942 0.011647
vt 0.075942 0.012695
vt 0.073242 0.012695
vt 0.073242 0.011647
vt 0.883789 0.121323
vt 0.904377 0.121323
vt 0.904377 0.124023
vt 0.883789 0.124023
vt 0.81258 0.019553
vt 0.813606 0.01936
vt 0.813959 0.020265
vt 0.81267 0.020508
vt 0.592773 0.074311
vt 0.593629 0.073706
vt 0.594328 0.074381
vt 0.593177 0.075195
vt 0.368597 0.149628
vt 0.369601 0.149913
vt 0.369427 0.150855
vt 0.368164 0.150497
vt 0.369601 0.149913
vt 0.396713 0.152362
vt 0.396714 0.15332
vt 0.369427 0.150855
vt 0.606445 0.058646
vt 0.607426 0.058275
vt 0.607933 0.059103
vt 0.6067 0.05957
vt 0.663942 0.075195
vt 0.663086 0.07459
vt 0.663489 0.073706
vt 0.664641 0.07452
vt 0.725715 0.020508
vt 0.72469 0.020314
vt 0.724779 0.01936
vt 0.726069 0.019603
vt 0.72469 0.020314
vt 0.704189 0.020314
vt 0.704102 0.01936
vt 0.724779 0.01936
vt 0.607831 0.020313
vt 0.606801 0.020508
vt 0.606445 0.019604
vt 0.60774 0.019358
vt 0.649016 0.07459
vt 0.64816 0.075195
vt 0.647461 0.07452
vt 0.648612 0.073706
vt 0.2205 0.15332
vt 0.219496 0.153035
vt 0.219671 0.152093
vt 0.220933 0.152451
vt 0.219496 0.153035
vt 0.192384 0.150586
vt 0.192383 0.149628
vt 0.219671 0.152093
vt 0.60012 0.059199
vt 0.59914 0.05957
vt 0.598633 0.058742
vt 0.599865 0.058275
vt 0.601285 0.073706
vt 0.602141 0.074311
vt 0.601737 0.075195
vt 0.600586 0.074381
vt 0.638051 0.019358
vt 0.639081 0.019553
vt 0.63899 0.020508
vt 0.637695 0.020262
vt 0.79208 0.019553
vt 0.81258 0.019553
vt 0.81267 0.020508
vt 0.791992 0.020508
vt 0.464104 0.379563
vt 0.464486 0.38099
vt 0.464486 0.404438
vt 0.463124 0.378584
vt 0.464104 0.379563
vt 0.464486 0.404438
vt 0.4315 0.378202
vt 0.461697 0.378202
vt 0.463124 0.378584
vt 0.430073 0.378584
vt 0.4315 0.378202
vt 0.463124 0.378584
vt 0.429093 0.379563
vt 0.430073 0.378584
vt 0.463124 0.378584
vt 0.428711 0.404438
vt 0.428711 0.38099
vt 0.429093 0.379563
vt 0.429093 0.405865
vt 0.428711 0.404438
vt 0.429093 0.379563
vt 0.430073 0.406844
vt 0.429093 0.405865
vt 0.429093 0.379563
vt 0.461697 0.407227
vt 0.4315 0.407227
vt 0.430073 0.406844
vt 0.460356 0.405708
vt 0.461697 0.407227
vt 0.430073 0.406844
vt 0.432841 0.405708
vt 0.460356 0.405708
vt 0.430073 0.406844
vt 0.431568 0.405367
vt 0.432841 0.405708
vt 0.430073 0.406844
vt 0.430571 0.40437
vt 0.431568 0.405367
vt 0.430073 0.406844
vt 0.43023 0.403097
vt 0.430571 0.40437
vt 0.430073 0.406844
vt 0.43023 0.403097
vt 0.430073 0.406844
vt 0.429093 0.379563
vt 0.43023 0.382331
vt 0.43023 0.403097
vt 0.429093 0.379563
vt 0.430571 0.381058
vt 0.43023 0.382331
vt 0.429093 0.379563
vt 0.431568 0.380061
vt 0.430571 0.381058
vt 0.429093 0.379563
vt 0.432841 0.37972
vt 0.431568 0.380061
vt 0.429093 0.379563
vt 0.432841 0.37972
vt 0.429093 0.379563
vt 0.463124 0.378584
vt 0.460356 0.37972
vt 0.432841 0.37972
vt 0.463124 0.378584
vt 0.461629 0.380061
vt 0.460356 0.37972
vt 0.463124 0.378584
vt 0.462626 0.381058
vt 0.461629 0.380061
vt 0.463124 0.378584
vt 0.462967 0.382331
vt 0.462626 0.381058
vt 0.463124 0.378584
vt 0.462967 0.382331
vt 0.463124 0.378584
vt 0.464486 0.404438
vt 0.462967 0.403097
vt 0.462967 0.382331
vt 0.464486 0.404438
vt 0.462626 0.40437
vt 0.462967 0.403097
vt 0.464486 0.404438
vt 0.461629 0.405367
vt 0.462626 0.40437
vt 0.464486 0.404438
vt 0.461697 0.407227
vt 0.460356 0.405708
vt 0.461629 0.405367
vt 0.461697 0.407227
vt 0.461629 0.405367
vt 0.464486 0.404438
vt 0.463124 0.406844
vt 0.461697 0.407227
vt 0.464486 0.404438
vt 0.464486 0.404438
vt 0.464104 0.405865
vt 0.463124 0.406844
vt 0.47168 0.404438
vt 0.47168 0.38099
vt 0.472062 0.379563
vt 0.47168 0.404438
vt 0.472062 0.379563
vt 0.473042 0.378584
vt 0.473042 0.378584
vt 0.474469 0.378202
vt 0.504666 0.378202
vt 0.473042 0.378584
vt 0.504666 0.378202
vt 0.506093 0.378584
vt 0.473042 0.378584
vt 0.506093 0.378584
vt 0.507072 0.379563
vt 0.507072 0.379563
vt 0.507455 0.38099
vt 0.507455 0.404438
vt 0.507072 0.379563
vt 0.507455 0.404438
vt 0.507072 0.405865
vt 0.507072 0.379563
vt 0.507072 0.405865
vt 0.506093 0.406844
vt 0.506093 0.406844
vt 0.504666 0.407227
vt 0.474469 0.407227
vt 0.506093 0.406844
vt 0.474469 0.407227
vt 0.47581 0.405708
vt 0.506093 0.406844
vt 0.47581 0.405708
vt 0.503325 0.405708
vt 0.506093 0.406844
vt 0.503325 0.405708
vt 0.504598 0.405367
vt 0.506093 0.406844
vt 0.504598 0.405367
vt 0.505595 0.40437
vt 0.506093 0.406844
vt 0.505595 0.40437
vt 0.505936 0.403097
vt 0.507072 0.379563
vt 0.506093 0.406844
vt 0.505936 0.403097
vt 0.507072 0.379563
vt 0.505936 0.403097
vt 0.505936 0.382331
vt 0.507072 0.379563
vt 0.505936 0.382331
vt 0.505595 0.381058
vt 0.507072 0.379563
vt 0.505595 0.381058
vt 0.504598 0.380061
vt 0.507072 0.379563
vt 0.504598 0.380061
vt 0.503325 0.37972
vt 0.473042 0.378584
vt 0.507072 0.379563
vt 0.503325 0.37972
vt 0.473042 0.378584
vt 0.503325 0.37972
vt 0.47581 0.37972
vt 0.473042 0.378584
vt 0.47581 0.37972
vt 0.474537 0.380061
vt 0.473042 0.378584
vt 0.474537 0.380061
vt 0.47354 0.381058
vt 0.473042 0.378584
vt 0.47354 0.381058
vt 0.473198 0.382331
vt 0.47168 0.404438
vt 0.473042 0.378584
vt 0.473198 0.382331
vt 0.47168 0.404438
vt 0.473198 0.382331
vt 0.473198 0.403097
vt 0.47168 0.404438
vt 0.473198 0.403097
vt 0.47354 0.40437
vt 0.47168 0.404438
vt 0.47354 0.40437
vt 0.474537 0.405367
vt 0.474537 0.405367
vt 0.47581 0.405708
vt 0.474469 0.407227
vt 0.47168 0.404438
vt 0.474537 0.405367
vt 0.474469 0.407227
vt 0.47168 0.404438
vt 0.474469 0.407227
vt 0.473042 0.406844
vt 0.473042 0.406844
vt 0.472062 0.405865
vt 0.47168 0.404438
vn 0.706285 -0.707831 -0.011744
vn 0.603013 -0.719252 -0.345039
vn 0.345039 -0.719252 -0.603013
vn 0.009257 -0.707686 -0.706467
vn -0.009257 -0.707686 -0.706467
vn -0.345039 -0.719252 -0.603013
vn -0.603013 -0.719252 -0.345039
vn -0.706285 -0.707831 -0.011744
vn -0.706285 -0.707831 0.011744
vn -0.603013 -0.719252 0.345039
vn -0.345039 -0.719252 0.603013
vn -0.009257 -0.707686 0.706467
vn 0.009257 -0.707686 0.706467
vn 0.345039 -0.719252 0.603013
vn 0.603013 -0.719252 0.345039
vn 0.706285 -0.707831 0.011744
vn 0.99984 0 -0.01786
vn 0.866025 0 -0.5
vn 0.5 0 -0.866025
vn 0.014101 0 -0.999901
vn -0.014101 0 -0.999901
vn -0.5 0 -0.866025
vn -0.866025 0 -0.5
vn -0.99984 0 -0.01786
vn -0.99984 0 0.01786
vn -0.866025 0 0.5
vn -0.5 0 0.866025
vn -0.014101 0 0.999901
vn 0.014101 0 0.999901
vn 0.5 0 0.866025
vn 0.866025 0 0.5
vn 0.99984 0 0.01786
vn 0.706285 0.707831 -0.011744
vn 0.603013 0.719252 -0.345039
vn 0.345039 0.719252 -0.603013
vn 0.009257 0.707686 -0.706467
vn -0.009257 0.707686 -0.706467
vn -0.345039 0.719252 -0.603013
vn -0.603013 0.719252 -0.345039
vn -0.706285 0.707831 -0.011744
vn -0.706285 0.707831 0.011744
vn -0.603013 0.719252 0.345039
vn -0.345039 0.719252 0.603013
vn -0.009257 0.707686 0.706467
vn 0.009257 0.707686 0.706467
vn 0.345039 0.719252 0.603013
vn 0.603013 0.719252 0.345039
vn 0.706285 0.707831 0.011744
vn -0.706419 -0.707724 -0.009914
vn -0.599889 -0.71925 -0.350445
vn -0.350445 -0.71925 -0.599889
vn -0.007573 -0.707585 -0.706588
vn 0.007573 -0.707585 -0.706588
vn 0.350445 -0.71925 -0.599889
vn 0.599889 -0.71925 -0.350445
vn 0.706419 -0.707724 -0.009914
vn 0.706419 -0.707724 0.009914
vn 0.599889 -0.71925 0.350445
vn 0.350445 -0.71925 0.599889
vn 0.007573 -0.707585 0.706588
vn -0.007573 -0.707585 0.706588
vn -0.350445 -0.71925 0.599889
vn -0.599889 -0.71925 0.350445
vn -0.706419 -0.707724 0.009914
vn -0.999921 0 -0.012559
vn -0.009569 0 -0.999954
vn 0.009569 0 -0.999954
vn 0.999921 0 -0.012559
vn 0.999921 0 0.012559
vn 0.009569 0 0.999954
vn -0.009569 0 0.999954
vn -0.999921 0 0.012559
vn -0.706419 0.707724 -0.009914
vn -0.599889 0.71925 -0.350445
vn -0.350445 0.71925 -0.599889
vn -0.007573 0.707585 -0.706588
vn 0.007573 0.707585 -0.706588
vn 0.350445 0.71925 -0.599889
vn 0.599889 0.71925 -0.350445
vn 0.706419 0.707724 -0.009914
vn 0.706419 0.707724 0.009914
vn 0.599889 0.71925 0.350445
vn 0.350445 0.71925 0.599889
vn 0.007573 0.707585 0.706588
vn -0.007573 0.707585 0.706588
vn -0.350445 0.71925 0.599889
vn -0.599889 0.71925 0.350445
vn -0.706419 0.707724 0.009914
vn 0 -1 0
vn 0 1 0
f 691/2131/309 692/2132/310 708/2133/310 707/2134/309
f 692/2135/310 693/2136/311 709/2137/311 708/2138/310
f 693/2139/311 694/2140/312 710/2141/312 709/2142/311
f 694/2143/312 695/2144/313 711/2145/313 710/2146/312
f 695/2147/313 696/2148/314 712/2149/314 711/2150/313
f 696/2151/314 697/2152/315 713/2153/315 712/2154/314
f 697/2155/315 698/2156/316 714/2157/316 713/2158/315
f 698/2159/316 699/2160/317 715/2161/317 714/2162/316
f 699/2163/317 700/2164/318 716/2165/318 715/2166/317
f 700/2167/318 701/2168/319 717/2169/319 716/2170/318
f 701/2171/319 702/2172/320 718/2173/320 717/2174/319
f 702/2175/320 703/2176/321 719/2177/321 718/2178/320
f 703/2179/321 704/2180/322 720/2181/322 719/2182/321
f 704/2183/322 705/2184/323 721/2185/323 720/2186/322
f 705/2187/323 706/2188/324 722/2189/324 721/2190/323
f 706/2191/324 691/2192/309 707/2193/309 722/2194/324
f 707/2195/325 708/2196/326 724/2197/326 723/2198/325
f 708/2199/326 709/2200/327 725/2201/327 724/2202/326
f 709/2203/327 710/2204/328 726/2205/328 725/2206/327
f 710/2207/328 711/2208/329 727/2209/329 726/2210/328
f 711/2211/329 712/2212/330 728/2213/330 727/2214/329
f 712/2215/330 713/2216/331 729/2217/331 728/2218/330
f 713/2219/331 714/2220/332 730/2221/332 729/2222/331
f 714/2223/332 715/2224/333 731/2225/333 730/2226/332
f 715/2227/333 716/2228/334 732/2229/334 731/2230/333
f 716/2231/334 717/2232/335 733/2233/335 732/2234/334
f 717/2235/335 718/2236/336 734/2237/336 733/2238/335
f 718/2239/336 719/2240/337 735/2241/337 734/2242/336
f 719/2243/337 720/2244/338 736/2245/338 735/2246/337
f 720/2247/338 721/2248/339 737/2249/339 736/2250/338
f 721/2251/339 722/2252/340 738/2253/340 737/2254/339
f 722/2255/340 707/2256/325 723/2257/325 738/2258/340
f 723/2259/341 724/2260/342 740/2261/342 739/2262/341
f 724/2263/342 725/2264/343 741/2265/343 740/2266/342
f 725/2267/343 726/2268/344 742/2269/344 741/2270/343
f 726/2271/344 727/2272/345 743/2273/345 742/2274/344
f 727/2275/345 728/2276/346 744/2277/346 743/2278/345
f 728/2279/346 729/2280/347 745/2281/347 744/2282/346
f 729/2283/347 730/2284/348 746/2285/348 745/2286/347
f 730/2287/348 731/2288/349 747/2289/349 746/2290/348
f 731/2291/349 732/2292/350 748/2293/350 747/2294/349
f 732/2295/350 733/2296/351 749/2297/351 748/2298/350
f 733/2299/351 734/2300/352 750/2301/352 749/2302/351
f 734/2303/352 735/2304/353 751/2305/353 750/2306/352
f 735/2307/353 736/2308/354 752/2309/354 751/2310/353
f 736/2311/354 737/2312/355 753/2313/355 752/2314/354
f 737/2315/355 738/2316/356 754/2317/356 753/2318/355
f 738/2319/356 723/2320/341 739/2321/341 754/2322/356
f 755/2323/357 756/2324/358 772/2325/358 771/2326/357
f 756/2327/358 757/2328/359 773/2329/359 772/2330/358
f 757/2331/359 758/2332/360 774/2333/360 773/2334/359
f 758/2335/360 759/2336/361 775/2337/361 774/2338/360
f 759/2339/361 760/2340/362 776/2341/362 775/2342/361
f 760/2343/362 761/2344/363 777/2345/363 776/2346/362
f 761/2347/363 762/2348/364 778/2349/364 777/2350/363
f 762/2351/364 763/2352/365 779/2353/365 778/2354/364
f 763/2355/365 764/2356/366 780/2357/366 779/2358/365
f 764/2359/366 765/2360/367 781/2361/367 780/2362/366
f 765/2363/367 766/2364/368 782/2365/368 781/2366/367
f 766/2367/368 767/2368/369 783/2369/369 782/2370/368
f 767/2371/369 768/2372/370 784/2373/370 783/2374/369
f 768/2375/370 769/2376/371 785/2377/371 784/2378/370
f 769/2379/371 770/2380/372 786/2381/372 785/2382/371
f 770/2383/372 755/2384/357 771/2385/357 786/2386/372
f 771/2387/373 772/2388/331 788/2389/331 787/2390/373
f 772/2391/331 773/2392/330 789/2393/330 788/2394/331
f 773/2395/330 774/2396/374 790/2397/374 789/2398/330
f 774/2399/374 775/2400/375 791/2401/375 790/2402/374
f 775/2403/375 776/2404/327 792/2405/327 791/2406/375
f 776/2407/327 777/2408/326 793/2409/326 792/2410/327
f 777/2411/326 778/2412/376 794/2413/376 793/2414/326
f 778/2415/376 779/2416/377 795/2417/377 794/2418/376
f 779/2419/377 780/2420/339 796/2421/339 795/2422/377
f 780/2423/339 781/2424/338 797/2425/338 796/2426/339
f 781/2427/338 782/2428/378 798/2429/378 797/2430/338
f 782/2431/378 783/2432/379 799/2433/379 798/2434/378
f 783/2435/379 784/2436/335 800/2437/335 799/2438/379
f 784/2439/335 785/2440/334 801/2441/334 800/2442/335
f 785/2443/334 786/2444/380 802/2445/380 801/2446/334
f 786/2447/380 771/2448/373 787/2449/373 802/2450/380
f 787/2451/381 788/2452/382 804/2453/382 803/2454/381
f 788/2455/382 789/2456/383 805/2457/383 804/2458/382
f 789/2459/383 790/2460/384 806/2461/384 805/2462/383
f 790/2463/384 791/2464/385 807/2465/385 806/2466/384
f 791/2467/385 792/2468/386 808/2469/386 807/2470/385
f 792/2471/386 793/2472/387 809/2473/387 808/2474/386
f 793/2475/387 794/2476/388 810/2477/388 809/2478/387
f 794/2479/388 795/2480/389 811/2481/389 810/2482/388
f 795/2483/389 796/2484/390 812/2485/390 811/2486/389
f 796/2487/390 797/2488/391 813/2489/391 812/2490/390
f 797/2491/391 798/2492/392 814/2493/392 813/2494/391
f 798/2495/392 799/2496/393 815/2497/393 814/2498/392
f 799/2499/393 800/2500/394 816/2501/394 815/2502/393
f 800/2503/394 801/2504/395 817/2505/395 816/2506/394
f 801/2507/395 802/2508/396 818/2509/396 817/2510/395
f 802/2511/396 787/2512/381 803/2513/381 818/2514/396
f 820/2515/397 819/2516/397 834/2517/397
f 821/2518/397 820/2519/397 834/2520/397
f 823/2521/397 822/2522/397 821/2523/397
f 824/2524/397 823/2525/397 821/2526/397
f 825/2527/397 824/2528/397 821/2529/397
f 827/2530/397 826/2531/397 825/2532/397
f 828/2533/397 827/2534/397 825/2535/397
f 829/2536/397 828/2537/397 825/2538/397
f 831/2539/397 830/2540/397 829/2541/397
f 838/2542/397 831/2543/397 829/2544/397
f 839/2545/397 838/2546/397 829/2547/397
f 840/2548/397 839/2549/397 829/2550/397
f 841/2551/397 840/2552/397 829/2553/397
f 842/2554/397 841/2555/397 829/2556/397
f 842/2557/397 829/2558/397 825/2559/397
f 843/2560/397 842/2561/397 825/2562/397
f 844/2563/397 843/2564/397 825/2565/397
f 845/2566/397 844/2567/397 825/2568/397
f 846/2569/397 845/2570/397 825/2571/397
f 846/2572/397 825/2573/397 821/2574/397
f 847/2575/397 846/2576/397 821/2577/397
f 848/2578/397 847/2579/397 821/2580/397
f 849/2581/397 848/2582/397 821/2583/397
f 850/2584/397 849/2585/397 821/2586/397
f 850/2587/397 821/2588/397 834/2589/397
f 835/2590/397 850/2591/397 834/2592/397
f 836/2593/397 835/2594/397 834/2595/397
f 837/2596/397 836/2597/397 834/2598/397
f 831/2599/397 838/2600/397 837/2601/397
f 831/2602/397 837/2603/397 834/2604/397
f 832/2605/397 831/2606/397 834/2607/397
f 834/2608/397 833/2609/397 832/2610/397
f 866/2611/398 851/2612/398 852/2613/398
f 866/2614/398 852/2615/398 853/2616/398
f 853/2617/398 854/2618/398 855/2619/398
f 853/2620/398 855/2621/398 856/2622/398
f 853/2623/398 856/2624/398 857/2625/398
f 857/2626/398 858/2627/398 859/2628/398
f 857/2629/398 859/2630/398 860/2631/398
f 857/2632/398 860/2633/398 861/2634/398
f 861/2635/398 862/2636/398 863/2637/398
f 861/2638/398 863/2639/398 870/2640/398
f 861/2641/398 870/2642/398 871/2643/398
f 861/2644/398 871/2645/398 872/2646/398
f 861/2647/398 872/2648/398 873/2649/398
f 861/2650/398 873/2651/398 874/2652/398
f 857/2653/398 861/2654/398 874/2655/398
f 857/2656/398 874/2657/398 875/2658/398
f 857/2659/398 875/2660/398 876/2661/398
f 857/2662/398 876/2663/398 877/2664/398
f 857/2665/398 877/2666/398 878/2667/398
f 853/2668/398 857/2669/398 878/2670/398
f 853/2671/398 878/2672/398 879/2673/398
f 853/2674/398 879/2675/398 880/2676/398
f 853/2677/398 880/2678/398 881/2679/398
f 853/2680/398 881/2681/398 882/2682/398
f 866/2683/398 853/2684/398 882/2685/398
f 866/2686/398 882/2687/398 867/2688/398
f 866/2689/398 867/2690/398 868/2691/398
f 866/2692/398 868/2693/398 869/2694/398
f 869/2695/398 870/2696/398 863/2697/398
f 866/2698/398 869/2699/398 863/2700/398
f 866/2701/398 863/2702/398 864/2703/398
f 864/2704/398 865/2705/398 866/2706/398
o strip3_rocker_lit
usemtl strip_glow
v 0.5954 0.0537 0.4895
v 0.6206 0.0537 0.4895
v 0.6206 0.055416 0.4895
v 0.607843 0.058959 0.4895
v 0.5954 0.059927 0.4895
v 0.5945 0.0528 0.4904
v 0.6215 0.0528 0.4904
v 0.6215 0.0561 0.4904
v 0.608 0.05985 0.4904
v 0.5945 0.0609 0.4904
v 0.5945 0.0528 0.5096
v 0.6215 0.0528 0.5096
v 0.6215 0.0561 0.5096
v 0.608 0.05985 0.5096
v 0.5945 0.0609 0.5096
v 0.5954 0.0537 0.5105
v 0.6206 0.0537 0.5105
v 0.6206 0.055416 0.5105
v 0.607843 0.058959 0.5105
v 0.5954 0.059927 0.5105
v 0.5954 0.0537 0.4895
v 0.6206 0.0537 0.4895
v 0.6206 0.055416 0.4895
v 0.607843 0.058959 0.4895
v 0.5954 0.059927 0.4895
v 0.5954 0.0537 0.5105
v 0.6206 0.0537 0.5105
v 0.6206 0.055416 0.5105
v 0.607843 0.058959 0.5105
v 0.5954 0.059927 0.5105
vt 0.043005 0.065951
vt 0.071355 0.065951
vt 0.072367 0.067383
vt 0.041992 0.067383
vt 0.294958 0.065951
vt 0.296888 0.065951
vt 0.297658 0.067383
vt 0.293945 0.067383
vt 0.117075 0.102038
vt 0.1319 0.103057
vt 0.1319 0.104492
vt 0.116211 0.103414
vt 0.1319 0.103057
vt 0.145875 0.102096
vt 0.147062 0.10345
vt 0.1319 0.104492
vt 0.781368 0.073763
vt 0.788373 0.073763
vt 0.789386 0.075195
vt 0.780273 0.075195
vt 0.450195 0.340705
vt 0.48057 0.340705
vt 0.48057 0.362305
vt 0.450195 0.362305
vt 0.881836 0.194336
vt 0.881836 0.190623
vt 0.903436 0.190623
vt 0.903436 0.194336
vt 0.338867 0.340705
vt 0.354556 0.340705
vt 0.354556 0.362305
vt 0.338867 0.362305
vt 0.354556 0.340705
vt 0.369718 0.340705
vt 0.369718 0.362305
vt 0.354556 0.362305
vt 0.600586 0.239258
vt 0.600586 0.230145
vt 0.622186 0.230145
vt 0.622186 0.239258
vt 0.079102 0.065951
vt 0.109477 0.065951
vt 0.108464 0.067383
vt 0.080114 0.067383
vt 0.303711 0.065951
vt 0.307423 0.065951
vt 0.306654 0.067383
vt 0.304723 0.067383
vt 0.004883 0.103116
vt 0.020572 0.102038
vt 0.020572 0.103473
vt 0.005747 0.104492
vt 0.020572 0.102038
vt 0.035734 0.10308
vt 0.034547 0.104434
vt 0.020572 0.103473
vt 0.795898 0.073763
vt 0.805011 0.073763
vt 0.803998 0.075195
vt 0.796993 0.075195
vt 0.456055 0.214674
vt 0.484405 0.214674
vt 0.484405 0.22168
vt 0.456055 0.216604
vt 0.456055 0.214674
vt 0.484405 0.22168
vt 0.484405 0.22168
vt 0.470406 0.220591
vt 0.456055 0.216604
vt 0.491211 0.22168
vt 0.491211 0.214674
vt 0.519561 0.214674
vt 0.491211 0.22168
vt 0.519561 0.214674
vt 0.519561 0.216604
vt 0.519561 0.216604
vt 0.50521 0.220591
vt 0.491211 0.22168
vn 0 -0.707107 -0.707107
vn 0.707107 0 -0.707107
vn 0.189253 0.68131 -0.707107
vn 0.123882 0.694489 -0.708758
vn 0.054832 0.704978 -0.707107
vn -0.707107 0 -0.707107
vn 0 -1 0
vn 1 0 0
vn 0.267644 0.963518 0
vn 0.175033 0.984563 0
vn 0.077544 0.996989 0
vn -1 0 0
vn 0 -0.707107 0.707107
vn 0.707107 0 0.707107
vn 0.189253 0.68131 0.707107
vn 0.123882 0.694489 0.708758
vn 0.054832 0.704978 0.707107
vn -0.707107 0 0.707107
vn 0 0 -1
vn 0 0 1
f 883/2707/399 884/2708/399 889/2709/399 888/2710/399
f 884/2711/400 885/2712/400 890/2713/400 889/2714/400
f 885/2715/401 886/2716/402 891/2717/402 890/2718/401
f 886/2719/402 887/2720/403 892/2721/403 891/2722/402
f 887/2723/404 883/2724/404 888/2725/404 892/2726/404
f 888/2727/405 889/2728/405 894/2729/405 893/2730/405
f 889/2731/406 890/2732/406 895/2733/406 894/2734/406
f 890/2735/407 891/2736/408 896/2737/408 895/2738/407
f 891/2739/408 892/2740/409 897/2741/409 896/2742/408
f 892/2743/410 888/2744/410 893/2745/410 897/2746/410
f 893/2747/411 894/2748/411 899/2749/411 898/2750/411
f 894/2751/412 895/2752/412 900/2753/412 899/2754/412
f 895/2755/413 896/2756/414 901/2757/414 900/2758/413
f 896/2759/414 897/2760/415 902/2761/415 901/2762/414
f 897/2763/416 893/2764/416 898/2765/416 902/2766/416
f 904/2767/417 903/2768/417 907/2769/417
f 905/2770/417 904/2771/417 907/2772/417
f 907/2773/417 906/2774/417 905/2775/417
f 912/2776/418 908/2777/418 909/2778/418
f 912/2779/418 909/2780/418 910/2781/418
f 910/2782/418 911/2783/418 912/2784/418
o strip3_button
usemtl strip
v 0.637252 0.0525 0.506581
v 0.639959 0.0525 0.505277
v 0.641832 0.0525 0.502929
v 0.6425 0.0525 0.5
v 0.641832 0.0525 0.497071
v 0.639959 0.0525 0.494723
v 0.637252 0.0525 0.493419
v 0.634248 0.0525 0.493419
v 0.631541 0.0525 0.494723
v 0.629668 0.0525 0.497071
v 0.629 0.0525 0.5
v 0.629668 0.0525 0.502929
v 0.631541 0.0525 0.505277
v 0.634248 0.0525 0.506581
v 0.637252 0.0573 0.506581
v 0.639959 0.0573 0.505277
v 0.641832 0.0573 0.502929
v 0.6425 0.0573 0.5
v 0.641832 0.0573 0.497071
v 0.639959 0.0573 0.494723
v 0.637252 0.0573 0.493419
v 0.634248 0.0573 0.493419
v 0.631541 0.0573 0.494723
v 0.629668 0.0573 0.497071
v 0.629 0.0573 0.5
v 0.629668 0.0573 0.502929
v 0.631541 0.0573 0.505277
v 0.634248 0.0573 0.506581
v 0.63575 0.0525 0.5
v 0.63575 0.0573 0.5
vt 0.536133 0.15332
vt 0.536133 0.149941
vt 0.541533 0.149941
vt 0.541533 0.15332
vt 0.74707 0.15332
vt 0.74707 0.149941
vt 0.75247 0.149941
vt 0.75247 0.15332
vt 0.594727 0.15332
vt 0.594727 0.149941
vt 0.600127 0.149941
vt 0.600127 0.15332
vt 0.606445 0.15332
vt 0.606445 0.149941
vt 0.611845 0.149941
vt 0.611845 0.15332
vt 0.758789 0.15332
vt 0.758789 0.149941
vt 0.764189 0.149941
vt 0.764189 0.15332
vt 0.524414 0.15332
vt 0.524414 0.149941
vt 0.529814 0.149941
vt 0.529814 0.15332
vt 0.770508 0.15332
vt 0.770508 0.149941
vt 0.775908 0.149941
vt 0.775908 0.15332
vt 0.65872 0.149941
vt 0.65872 0.15332
vt 0.65332 0.15332
vt 0.65332 0.149941
vt 0.670439 0.149941
vt 0.670439 0.15332
vt 0.665039 0.15332
vt 0.665039 0.149941
vt 0.647002 0.149941
vt 0.647002 0.15332
vt 0.641602 0.15332
vt 0.641602 0.149941
vt 0.729033 0.149941
vt 0.729033 0.15332
vt 0.723633 0.15332
vt 0.723633 0.149941
vt 0.553252 0.149941
vt 0.553252 0.15332
vt 0.547852 0.15332
vt 0.547852 0.149941
vt 0.682158 0.149941
vt 0.682158 0.15332
vt 0.676758 0.15332
vt 0.676758 0.149941
vt 0.787627 0.149941
vt 0.787627 0.15332
vt 0.782227 0.15332
vt 0.782227 0.149941
vt 0.796508 0.360838
vt 0.793463 0.362305
vt 0.791773 0.354901
vt 0.798615 0.358196
vt 0.796508 0.360838
vt 0.791773 0.354901
vt 0.799367 0.354901
vt 0.798615 0.358196
vt 0.791773 0.354901
vt 0.798615 0.351607
vt 0.799367 0.354901
vt 0.791773 0.354901
vt 0.796508 0.348964
vt 0.798615 0.351607
vt 0.791773 0.354901
vt 0.793463 0.347498
vt 0.796508 0.348964
vt 0.791773 0.354901
vt 0.790084 0.347498
vt 0.793463 0.347498
vt 0.791773 0.354901
vt 0.787039 0.348964
vt 0.790084 0.347498
vt 0.791773 0.354901
vt 0.784932 0.351607
vt 0.787039 0.348964
vt 0.791773 0.354901
vt 0.78418 0.354901
vt 0.784932 0.351607
vt 0.791773 0.354901
vt 0.784932 0.358196
vt 0.78418 0.354901
vt 0.791773 0.354901
vt 0.787039 0.360838
vt 0.784932 0.358196
vt 0.791773 0.354901
vt 0.790084 0.362305
vt 0.787039 0.360838
vt 0.791773 0.354901
vt 0.793463 0.362305
vt 0.790084 0.362305
vt 0.791773 0.354901
vt 0.813258 0.354901
vt 0.811568 0.362305
vt 0.808523 0.360838
vt 0.813258 0.354901
vt 0.808523 0.360838
vt 0.806416 0.358196
vt 0.813258 0.354901
vt 0.806416 0.358196
vt 0.805664 0.354901
vt 0.813258 0.354901
vt 0.805664 0.354901
vt 0.806416 0.351607
vt 0.813258 0.354901
vt 0.806416 0.351607
vt 0.808523 0.348964
vt 0.813258 0.354901
vt 0.808523 0.348964
vt 0.811568 0.347498
vt 0.813258 0.354901
vt 0.811568 0.347498
vt 0.814948 0.347498
vt 0.813258 0.354901
vt 0.814948 0.347498
vt 0.817992 0.348964
vt 0.813258 0.354901
vt 0.817992 0.348964
vt 0.8201 0.351607
vt 0.813258 0.354901
vt 0.8201 0.351607
vt 0.820852 0.354901
vt 0.813258 0.354901
vt 0.820852 0.354901
vt 0.8201 0.358196
vt 0.813258 0.354901
vt 0.8201 0.358196
vt 0.817992 0.360838
vt 0.813258 0.354901
vt 0.817992 0.360838
vt 0.814948 0.362305
vt 0.813258 0.354901
vt 0.814948 0.362305
vt 0.811568 0.362305
vn 0.433884 0 0.900969
vn 0.62349 0 0.781831
vn 0.900969 0 0.433884
vn 1 0 0
vn 0.900969 0 -0.433884
vn 0.62349 0 -0.781831
vn 0.222521 0 -0.974928
vn -0.222521 0 -0.974928
vn -0.62349 0 -0.781831
vn -0.900969 0 -0.433884
vn -1 0 0
vn -0.900969 0 0.433884
vn -0.62349 0 0.781831
vn -0.433884 0 0.900969
vn 0 0 -1
vn 0 -1 0
vn 0 1 0
f 913/2785/419 914/2786/420 928/2787/420 927/2788/419
f 914/2789/420 915/2790/421 929/2791/421 928/2792/420
f 915/2793/421 916/2794/422 930/2795/422 929/2796/421
f 916/2797/422 917/2798/423 931/2799/423 930/2800/422
f 917/2801/423 918/2802/424 932/2803/424 931/2804/423
f 918/2805/424 919/2806/425 933/2807/425 932/2808/424
f 919/2809/425 920/2810/426 934/2811/426 933/2812/425
f 920/2813/426 921/2814/427 935/2815/427 934/2816/426
f 921/2817/427 922/2818/428 936/2819/428 935/2820/427
f 922/2821/428 923/2822/429 937/2823/429 936/2824/428
f 923/2825/429 924/2826/430 938/2827/430 937/2828/429
f 924/2829/430 925/2830/431 939/2831/431 938/2832/430
f 925/2833/431 926/2834/432 940/2835/432 939/2836/431
f 940/2837/433 927/2838/433 913/2839/433 926/2840/433
f 914/2841/434 913/2842/434 941/2843/434
f 915/2844/434 914/2845/434 941/2846/434
f 916/2847/434 915/2848/434 941/2849/434
f 917/2850/434 916/2851/434 941/2852/434
f 918/2853/434 917/2854/434 941/2855/434
f 919/2856/434 918/2857/434 941/2858/434
f 920/2859/434 919/2860/434 941/2861/434
f 921/2862/434 920/2863/434 941/2864/434
f 922/2865/434 921/2866/434 941/2867/434
f 923/2868/434 922/2869/434 941/2870/434
f 924/2871/434 923/2872/434 941/2873/434
f 925/2874/434 924/2875/434 941/2876/434
f 926/2877/434 925/2878/434 941/2879/434
f 913/2880/434 926/2881/434 941/2882/434
f 942/2883/435 927/2884/435 928/2885/435
f 942/2886/435 928/2887/435 929/2888/435
f 942/2889/435 929/2890/435 930/2891/435
f 942/2892/435 930/2893/435 931/2894/435
f 942/2895/435 931/2896/435 932/2897/435
f 942/2898/435 932/2899/435 933/2900/435
f 942/2901/435 933/2902/435 934/2903/435
f 942/2904/435 934/2905/435 935/2906/435
f 942/2907/435 935/2908/435 936/2909/435
f 942/2910/435 936/2911/435 937/2912/435
f 942/2913/435 937/2914/435 938/2915/435
f 942/2916/435 938/2917/435 939/2918/435
f 942/2919/435 939/2920/435 940/2921/435
f 942/2922/435 940/2923/435 927/2924/435
o strip3_led_housing
usemtl strip
v 0.63707 0.0525 0.486926
v 0.639356 0.0525 0.485606
v 0.640676 0.0525 0.48332
v 0.640676 0.0525 0.48068
v 0.639356 0.0525 0.478394
v 0.63707 0.0525 0.477074
v 0.63443 0.0525 0.477074
v 0.632144 0.0525 0.478394
v 0.630824 0.0525 0.48068
v 0.630824 0.0525 0.48332
v 0.632144 0.0525 0.485606
v 0.63443 0.0525 0.486926
v 0.63707 0.0549 0.486926
v 0.639356 0.0549 0.485606
v 0.640676 0.0549 0.48332
v 0.640676 0.0549 0.48068
v 0.639356 0.0549 0.478394
v 0.63707 0.0549 0.477074
v 0.63443 0.0549 0.477074
v 0.632144 0.0549 0.478394
v 0.630824 0.0549 0.48068
v 0.630824 0.0549 0.48332
v 0.632144 0.0549 0.485606
v 0.63443 0.0549 0.486926
v 0.63575 0.0525 0.482
v 0.63575 0.0549 0.482
vt 0.027384 0.114258
vt 0.024414 0.114258
vt 0.024414 0.111558
vt 0.027384 0.111558
vt 0.03715 0.114258
vt 0.03418 0.114258
vt 0.03418 0.111558
vt 0.03715 0.111558
vt 0.982462 0.124023
vt 0.979492 0.124023
vt 0.979492 0.121323
vt 0.982462 0.121323
vt 0.046915 0.114258
vt 0.043945 0.114258
vt 0.043945 0.111558
vt 0.046915 0.111558
vt 0.085978 0.114258
vt 0.083008 0.114258
vt 0.083008 0.111558
vt 0.085978 0.111558
vt 0.911133 0.121323
vt 0.914103 0.121323
vt 0.914103 0.124023
vt 0.911133 0.124023
vt 0.131836 0.111558
vt 0.134806 0.111558
vt 0.134806 0.114258
vt 0.131836 0.114258
vt 0.053711 0.111558
vt 0.056681 0.111558
vt 0.056681 0.114258
vt 0.053711 0.114258
vt 0.989258 0.121323
vt 0.992228 0.121323
vt 0.992228 0.124023
vt 0.989258 0.124023
vt 0.959961 0.121323
vt 0.962931 0.121323
vt 0.962931 0.124023
vt 0.959961 0.124023
vt 0.092773 0.111558
vt 0.095743 0.111558
vt 0.095743 0.114258
vt 0.092773 0.114258
vt 0.923868 0.124023
vt 0.920898 0.124023
vt 0.920898 0.121323
vt 0.923868 0.121323
vt 0.852372 0.321456
vt 0.853857 0.324028
vt 0.848315 0.325513
vt 0.8498 0.319971
vt 0.852372 0.321456
vt 0.848315 0.325513
vt 0.84683 0.319971
vt 0.8498 0.319971
vt 0.848315 0.325513
vt 0.844258 0.321456
vt 0.84683 0.319971
vt 0.848315 0.325513
vt 0.842773 0.324028
vt 0.844258 0.321456
vt 0.848315 0.325513
vt 0.842773 0.326998
vt 0.842773 0.324028
vt 0.848315 0.325513
vt 0.844258 0.32957
vt 0.842773 0.326998
vt 0.848315 0.325513
vt 0.84683 0.331055
vt 0.844258 0.32957
vt 0.848315 0.325513
vt 0.8498 0.331055
vt 0.84683 0.331055
vt 0.848315 0.325513
vt 0.852372 0.32957
vt 0.8498 0.331055
vt 0.848315 0.325513
vt 0.853857 0.326998
vt 0.852372 0.32957
vt 0.848315 0.325513
vt 0.853857 0.324028
vt 0.853857 0.326998
vt 0.848315 0.325513
vt 0.830737 0.325513
vt 0.836279 0.326998
vt 0.834794 0.32957
vt 0.830737 0.325513
vt 0.834794 0.32957
vt 0.832222 0.331055
vt 0.830737 0.325513
vt 0.832222 0.331055
vt 0.829252 0.331055
vt 0.830737 0.325513
vt 0.829252 0.331055
vt 0.82668 0.32957
vt 0.830737 0.325513
vt 0.82668 0.32957
vt 0.825195 0.326998
vt 0.830737 0.325513
vt 0.825195 0.326998
vt 0.825195 0.324028
vt 0.830737 0.325513
vt 0.825195 0.324028
vt 0.82668 0.321456
vt 0.830737 0.325513
vt 0.82668 0.321456
vt 0.829252 0.319971
vt 0.830737 0.325513
vt 0.829252 0.319971
vt 0.832222 0.319971
vt 0.830737 0.325513
vt 0.832222 0.319971
vt 0.834794 0.321456
vt 0.830737 0.325513
vt 0.834794 0.321456
vt 0.836279 0.324028
vt 0.830737 0.325513
vt 0.836279 0.324028
vt 0.836279 0.326998
vn 0.5 0 0.866025
vn 0.707107 0 0.707107
vn 0.965926 0 0.258819
vn 0.965926 0 -0.258819
vn 0.707107 0 -0.707107
vn 0.258819 0 -0.965926
vn -0.258819 0 -0.965926
vn -0.707107 0 -0.707107
vn -0.965926 0 -0.258819
vn -0.965926 0 0.258819
vn -0.707107 0 0.707107
vn -0.5 0 0.866025
vn 0 0 -1
vn 0 -1 0
vn 0 1 0
f 943/2925/436 944/2926/437 956/2927/437 955/2928/436
f 944/2929/437 945/2930/438 957/2931/438 956/2932/437
f 945/2933/438 946/2934/439 958/2935/439 957/2936/438
f 946/2937/439 947/2938/440 959/2939/440 958/2940/439
f 947/2941/440 948/2942/441 960/2943/441 959/2944/440
f 948/2945/441 949/2946/442 961/2947/442 960/2948/441
f 949/2949/442 950/2950/443 962/2951/443 961/2952/442
f 950/2953/443 951/2954/444 963/2955/444 962/2956/443
f 951/2957/444 952/2958/445 964/2959/445 963/2960/444
f 952/2961/445 953/2962/446 965/2963/446 964/2964/445
f 953/2965/446 954/2966/447 966/2967/447 965/2968/446
f 966/2969/448 955/2970/448 943/2971/448 954/2972/448
f 944/2973/449 943/2974/449 967/2975/449
f 945/2976/449 944/2977/449 967/2978/449
f 946/2979/449 945/2980/449 967/2981/449
f 947/2982/449 946/2983/449 967/2984/449
f 948/2985/449 947/2986/449 967/2987/449
f 949/2988/449 948/2989/449 967/2990/449
f 950/2991/449 949/2992/449 967/2993/449
f 951/2994/449 950/2995/449 967/2996/449
f 952/2997/449 951/2998/449 967/2999/449
f 953/3000/449 952/3001/449 967/3002/449
f 954/3003/449 953/3004/449 967/3005/449
f 943/3006/449 954/3007/449 967/3008/449
f 968/3009/450 955/3010/450 956/3011/450
f 968/3012/450 956/3013/450 957/3014/450
f 968/3015/450 957/3016/450 958/3017/450
f 968/3018/450 958/3019/450 959/3020/450
f 968/3021/450 959/3022/450 960/3023/450
f 968/3024/450 960/3025/450 961/3026/450
f 968/3027/450 961/3028/450 962/3029/450
f 968/3030/450 962/3031/450 963/3032/450
f 968/3033/450 963/3034/450 964/3035/450
f 968/3036/450 964/3037/450 965/3038/450
f 968/3039/450 965/3040/450 966/3041/450
f 968/3042/450 966/3043/450 955/3044/450
o strip3_led_lit
usemtl strip_glow
v 0.636643 0.0549 0.485332
v 0.63819 0.0549 0.48444
v 0.639082 0.0549 0.482893
v 0.639082 0.0549 0.481107
v 0.63819 0.0549 0.47956
v 0.636643 0.0549 0.478668
v 0.634857 0.0549 0.478668
v 0.63331 0.0549 0.47956
v 0.632418 0.0549 0.481107
v 0.632418 0.0549 0.482893
v 0.63331 0.0549 0.48444
v 0.634857 0.0549 0.485332
v 0.636643 0.0567 0.485332
v 0.63819 0.0567 0.48444
v 0.639082 0.0567 0.482893
v 0.639082 0.0567 0.481107
v 0.63819 0.0567 0.47956
v 0.636643 0.0567 0.478668
v 0.634857 0.0567 0.478668
v 0.63331 0.0567 0.47956
v 0.632418 0.0567 0.481107
v 0.632418 0.0567 0.482893
v 0.63331 0.0567 0.48444
v 0.634857 0.0567 0.485332
v 0.63575 0.0549 0.482
v 0.63575 0.0567 0.482
vt 0.946289 0.094727
vt 0.946289 0.092717
vt 0.948314 0.092717
vt 0.948314 0.094727
vt 0.760742 0.094727
vt 0.760742 0.092717
vt 0.762767 0.092717
vt 0.762767 0.094727
vt 0.770508 0.094727
vt 0.770508 0.092717
vt 0.772533 0.092717
vt 0.772533 0.094727
vt 0.780273 0.094727
vt 0.780273 0.092717
vt 0.782298 0.092717
vt 0.782298 0.094727
vt 0.65332 0.094727
vt 0.65332 0.092717
vt 0.655345 0.092717
vt 0.655345 0.094727
vt 0.956055 0.094727
vt 0.956055 0.092717
vt 0.95808 0.092717
vt 0.95808 0.094727
vt 0.967845 0.092717
vt 0.967845 0.094727
vt 0.96582 0.094727
vt 0.96582 0.092717
vt 0.977611 0.092717
vt 0.977611 0.094727
vt 0.975586 0.094727
vt 0.975586 0.092717
vt 0.792064 0.092717
vt 0.792064 0.094727
vt 0.790039 0.094727
vt 0.790039 0.092717
vt 0.80183 0.092717
vt 0.80183 0.094727
vt 0.799805 0.094727
vt 0.799805 0.092717
vt 0.811595 0.092717
vt 0.811595 0.094727
vt 0.80957 0.094727
vt 0.80957 0.092717
vt 0.987377 0.092717
vt 0.987377 0.094727
vt 0.985352 0.094727
vt 0.985352 0.092717
vt 0.710595 0.232764
vt 0.7116 0.234504
vt 0.707851 0.235509
vt 0.708855 0.23176
vt 0.710595 0.232764
vt 0.707851 0.235509
vt 0.706846 0.23176
vt 0.708855 0.23176
vt 0.707851 0.235509
vt 0.705106 0.232764
vt 0.706846 0.23176
vt 0.707851 0.235509
vt 0.704102 0.234504
vt 0.705106 0.232764
vt 0.707851 0.235509
vt 0.704102 0.236513
vt 0.704102 0.234504
vt 0.707851 0.235509
vt 0.705106 0.238253
vt 0.704102 0.236513
vt 0.707851 0.235509
vt 0.706846 0.239258
vt 0.705106 0.238253
vt 0.707851 0.235509
vt 0.708855 0.239258
vt 0.706846 0.239258
vt 0.707851 0.235509
vt 0.710595 0.238253
vt 0.708855 0.239258
vt 0.707851 0.235509
vt 0.7116 0.236513
vt 0.710595 0.238253
vt 0.707851 0.235509
vt 0.7116 0.234504
vt 0.7116 0.236513
vt 0.707851 0.235509
vt 0.721522 0.235509
vt 0.725271 0.236513
vt 0.724267 0.238253
vt 0.721522 0.235509
vt 0.724267 0.238253
vt 0.722527 0.239258
vt 0.721522 0.235509
vt 0.722527 0.239258
vt 0.720518 0.239258
vt 0.721522 0.235509
vt 0.720518 0.239258
vt 0.718778 0.238253
vt 0.721522 0.235509
vt 0.718778 0.238253
vt 0.717773 0.236513
vt 0.721522 0.235509
vt 0.717773 0.236513
vt 0.717773 0.234504
vt 0.721522 0.235509
vt 0.717773 0.234504
vt 0.718778 0.232764
vt 0.721522 0.235509
vt 0.718778 0.232764
vt 0.720518 0.23176
vt 0.721522 0.235509
vt 0.720518 0.23176
vt 0.722527 0.23176
vt 0.721522 0.235509
vt 0.722527 0.23176
vt 0.724267 0.232764
vt 0.721522 0.235509
vt 0.724267 0.232764
vt 0.725271 0.234504
vt 0.721522 0.235509
vt 0.725271 0.234504
vt 0.725271 0.236513
vn 0.5 0 0.866025
vn 0.707107 0 0.707107
vn 0.965926 0 0.258819
vn 0.965926 0 -0.258819
vn 0.707107 0 -0.707107
vn 0.258819 0 -0.965926
vn -0.258819 0 -0.965926
vn -0.707107 0 -0.707107
vn -0.965926 0 -0.258819
vn -0.965926 0 0.258819
vn -0.707107 0 0.707107
vn -0.5 0 0.866025
vn 0 0 -1
vn 0 -1 0
vn 0 1 0
f 969/3045/451 970/3046/452 982/3047/452 981/3048/451
f 970/3049/452 971/3050/453 983/3051/453 982/3052/452
f 971/3053/453 972/3054/454 984/3055/454 983/3056/453
f 972/3057/454 973/3058/455 985/3059/455 984/3060/454
f 973/3061/455 974/3062/456 986/3063/456 985/3064/455
f 974/3065/456 975/3066/457 987/3067/457 986/3068/456
f 975/3069/457 976/3070/458 988/3071/458 987/3072/457
f 976/3073/458 977/3074/459 989/3075/459 988/3076/458
f 977/3077/459 978/3078/460 990/3079/460 989/3080/459
f 978/3081/460 979/3082/461 991/3083/461 990/3084/460
f 979/3085/461 980/3086/462 992/3087/462 991/3088/461
f 992/3089/463 981/3090/463 969/3091/463 980/3092/463
f 970/3093/464 969/3094/464 993/3095/464
f 971/3096/464 970/3097/464 993/3098/464
f 972/3099/464 971/3100/464 993/3101/464
f 973/3102/464 972/3103/464 993/3104/464
f 974/3105/464 973/3106/464 993/3107/464
f 975/3108/464 974/3109/464 993/3110/464
f 976/3111/464 975/3112/464 993/3113/464
f 977/3114/464 976/3115/464 993/3116/464
f 978/3117/464 977/3118/464 993/3119/464
f 979/3120/464 978/3121/464 993/3122/464
f 980/3123/464 979/3124/464 993/3125/464
f 969/3126/464 980/3127/464 993/3128/464
f 994/3129/465 981/3130/465 982/3131/465
f 994/3132/465 982/3133/465 983/3134/465
f 994/3135/465 983/3136/465 984/3137/465
f 994/3138/465 984/3139/465 985/3140/465
f 994/3141/465 985/3142/465 986/3143/465
f 994/3144/465 986/3145/465 987/3146/465
f 994/3147/465 987/3148/465 988/3149/465
f 994/3150/465 988/3151/465 989/3152/465
f 994/3153/465 989/3154/465 990/3155/465
f 994/3156/465 990/3157/465 991/3158/465
f 994/3159/465 991/3160/465 992/3161/465
f 994/3162/465 992/3163/465 981/3164/465
o strip3_grommet
usemtl strip
v 0.6455 0.029003 0.508774
v 0.6455 0.032611 0.507036
v 0.6455 0.035109 0.503905
v 0.6455 0.036 0.5
v 0.6455 0.035109 0.496095
v 0.6455 0.032611 0.492964
v 0.6455 0.029003 0.491226
v 0.6455 0.024997 0.491226
v 0.6455 0.021389 0.492964
v 0.6455 0.018891 0.496095
v 0.6455 0.018 0.5
v 0.6455 0.018891 0.503905
v 0.6455 0.021389 0.507036
v 0.6455 0.024997 0.508774
v 0.6635 0.029003 0.508774
v 0.6635 0.032611 0.507036
v 0.6635 0.035109 0.503905
v 0.6635 0.036 0.5
v 0.6635 0.035109 0.496095
v 0.6635 0.032611 0.492964
v 0.6635 0.029003 0.491226
v 0.6635 0.024997 0.491226
v 0.6635 0.021389 0.492964
v 0.6635 0.018891 0.496095
v 0.6635 0.018 0.5
v 0.6635 0.018891 0.503905
v 0.6635 0.021389 0.507036
v 0.6635 0.024997 0.508774
v 0.6455 0.027 0.5
v 0.6635 0.027 0.5
vt 0.581055 0.208008
vt 0.581055 0.203502
vt 0.601305 0.203502
vt 0.601305 0.208008
vt 0.881836 0.208008
vt 0.881836 0.203502
vt 0.902086 0.203502
vt 0.902086 0.208008
vt 0.608398 0.208008
vt 0.608398 0.203502
vt 0.628648 0.203502
vt 0.628648 0.208008
vt 0.635742 0.208008
vt 0.635742 0.203502
vt 0.655992 0.203502
vt 0.655992 0.208008
vt 0.032227 0.194336
vt 0.032227 0.18983
vt 0.052477 0.18983
vt 0.052477 0.194336
vt 0.416992 0.208008
vt 0.416992 0.203502
vt 0.437242 0.203502
vt 0.437242 0.208008
vt 0.90918 0.208008
vt 0.90918 0.203502
vt 0.92943 0.203502
vt 0.92943 0.208008
vt 0.956773 0.203502
vt 0.956773 0.208008
vt 0.936523 0.208008
vt 0.936523 0.203502
vt 0.683336 0.203502
vt 0.683336 0.208008
vt 0.663086 0.208008
vt 0.663086 0.203502
vt 0.765367 0.203502
vt 0.765367 0.208008
vt 0.745117 0.208008
vt 0.745117 0.203502
vt 0.189195 0.18983
vt 0.189195 0.194336
vt 0.168945 0.194336
vt 0.168945 0.18983
vt 0.49193 0.203502
vt 0.49193 0.208008
vt 0.47168 0.208008
vt 0.47168 0.203502
vt 0.546617 0.203502
vt 0.546617 0.208008
vt 0.526367 0.208008
vt 0.526367 0.203502
vt 0.07982 0.18983
vt 0.07982 0.194336
vt 0.05957 0.194336
vt 0.05957 0.18983
vt 0.579461 0.352434
vt 0.577208 0.362305
vt 0.573148 0.36035
vt 0.579461 0.352434
vt 0.573148 0.36035
vt 0.570339 0.356827
vt 0.579461 0.352434
vt 0.570339 0.356827
vt 0.569336 0.352434
vt 0.579461 0.352434
vt 0.569336 0.352434
vt 0.570339 0.34804
vt 0.579461 0.352434
vt 0.570339 0.34804
vt 0.573148 0.344517
vt 0.579461 0.352434
vt 0.573148 0.344517
vt 0.577208 0.342562
vt 0.579461 0.352434
vt 0.577208 0.342562
vt 0.581714 0.342562
vt 0.579461 0.352434
vt 0.581714 0.342562
vt 0.585774 0.344517
vt 0.579461 0.352434
vt 0.585774 0.344517
vt 0.588583 0.34804
vt 0.579461 0.352434
vt 0.588583 0.34804
vt 0.589586 0.352434
vt 0.579461 0.352434
vt 0.589586 0.352434
vt 0.588583 0.356827
vt 0.579461 0.352434
vt 0.588583 0.356827
vt 0.585774 0.36035
vt 0.579461 0.352434
vt 0.585774 0.36035
vt 0.581714 0.362305
vt 0.579461 0.352434
vt 0.581714 0.362305
vt 0.577208 0.362305
vt 0.55843 0.36035
vt 0.55437 0.362305
vt 0.552117 0.352434
vt 0.561239 0.356827
vt 0.55843 0.36035
vt 0.552117 0.352434
vt 0.562242 0.352434
vt 0.561239 0.356827
vt 0.552117 0.352434
vt 0.561239 0.34804
vt 0.562242 0.352434
vt 0.552117 0.352434
vt 0.55843 0.344517
vt 0.561239 0.34804
vt 0.552117 0.352434
vt 0.55437 0.342562
vt 0.55843 0.344517
vt 0.552117 0.352434
vt 0.549864 0.342562
vt 0.55437 0.342562
vt 0.552117 0.352434
vt 0.545804 0.344517
vt 0.549864 0.342562
vt 0.552117 0.352434
vt 0.542995 0.34804
vt 0.545804 0.344517
vt 0.552117 0.352434
vt 0.541992 0.352434
vt 0.542995 0.34804
vt 0.552117 0.352434
vt 0.542995 0.356827
vt 0.541992 0.352434
vt 0.552117 0.352434
vt 0.545804 0.36035
vt 0.542995 0.356827
vt 0.552117 0.352434
vt 0.549864 0.362305
vt 0.545804 0.36035
vt 0.552117 0.352434
vt 0.55437 0.362305
vt 0.549864 0.362305
vt 0.552117 0.352434
vn 0 0.433884 0.900969
vn 0 0.62349 0.781831
vn 0 0.900969 0.433884
vn 0 1 0
vn 0 0.900969 -0.433884
vn 0 0.62349 -0.781831
vn 0 0.222521 -0.974928
vn 0 -0.222521 -0.974928
vn 0 -0.62349 -0.781831
vn 0 -0.900969 -0.433884
vn 0 -1 0
vn 0 -0.900969 0.433884
vn 0 -0.62349 0.781831
vn 0 -0.433884 0.900969
vn 0 0 -1
vn -1 0 0
vn 1 0 0
f 1009/3165/466 1010/3166/467 996/3167/467 995/3168/466
f 1010/3169/467 1011/3170/468 997/3171/468 996/3172/467
f 1011/3173/468 1012/3174/469 998/3175/469 997/3176/468
f 1012/3177/469 1013/3178/470 999/3179/470 998/3180/469
f 1013/3181/470 1014/3182/471 1000/3183/471 999/3184/470
f 1014/3185/471 1015/3186/472 1001/3187/472 1000/3188/471
f 1015/3189/472 1016/3190/473 1002/3191/473 1001/3192/472
f 1016/3193/473 1017/3194/474 1003/3195/474 1002/3196/473
f 1017/3197/474 1018/3198/475 1004/3199/475 1003/3200/474
f 1018/3201/475 1019/3202/476 1005/3203/476 1004/3204/475
f 1019/3205/476 1020/3206/477 1006/3207/477 1005/3208/476
f 1020/3209/477 1021/3210/478 1007/3211/478 1006/3212/477
f 1021/3213/478 1022/3214/479 1008/3215/479 1007/3216/478
f 1008/3217/480 995/3218/480 1009/3219/480 1022/3220/480
f 1023/3221/481 995/3222/481 996/3223/481
f 1023/3224/481 996/3225/481 997/3226/481
f 1023/3227/481 997/3228/481 998/3229/481
f 1023/3230/481 998/3231/481 999/3232/481
f 1023/3233/481 999/3234/481 1000/3235/481
f 1023/3236/481 1000/3237/481 1001/3238/481
f 1023/3239/481 1001/3240/481 1002/3241/481
f 1023/3242/481 1002/3243/481 1003/3244/481
f 1023/3245/481 1003/3246/481 1004/3247/481
f 1023/3248/481 1004/3249/481 1005/3250/481
f 1023/3251/481 1005/3252/481 1006/3253/481
f 1023/3254/481 1006/3255/481 1007/3256/481
f 1023/3257/481 1007/3258/481 1008/3259/481
f 1023/3260/481 1008/3261/481 995/3262/481
f 1010/3263/482 1009/3264/482 1024/3265/482
f 1011/3266/482 1010/3267/482 1024/3268/482
f 1012/3269/482 1011/3270/482 1024/3271/482
f 1013/3272/482 1012/3273/482 1024/3274/482
f 1014/3275/482 1013/3276/482 1024/3277/482
f 1015/3278/482 1014/3279/482 1024/3280/482
f 1016/3281/482 1015/3282/482 1024/3283/482
f 1017/3284/482 1016/3285/482 1024/3286/482
f 1018/3287/482 1017/3288/482 1024/3289/482
f 1019/3290/482 1018/3291/482 1024/3292/482
f 1020/3293/482 1019/3294/482 1024/3295/482
f 1021/3296/482 1020/3297/482 1024/3298/482
f 1022/3299/482 1021/3300/482 1024/3301/482
f 1009/3302/482 1022/3303/482 1024/3304/482
