# AFL jerry_can/open, generated by tools/build-fuel-containers-v1.mjs
mtllib open.mtl
o jerry_can__body__body
usemtl fuel_containers
v 0.700574 0.01575 0.3845
v 0.711048 0.017833 0.3845
v 0.718612 0.022888 0.3845
v 0.723667 0.030452 0.3845
v 0.72575 0.040926 0.3845
v 0.72575 0.532199 0.3845
v 0.723667 0.542673 0.3845
v 0.718612 0.550237 0.3845
v 0.711048 0.555292 0.3845
v 0.700574 0.557375 0.3845
v 0.299426 0.557375 0.3845
v 0.288952 0.555292 0.3845
v 0.281388 0.550237 0.3845
v 0.276333 0.542673 0.3845
v 0.27425 0.532199 0.3845
v 0.27425 0.040926 0.3845
v 0.276333 0.030452 0.3845
v 0.281388 0.022888 0.3845
v 0.288952 0.017833 0.3845
v 0.299426 0.01575 0.3845
v 0.702125 0 0.40025
v 0.717193 0.002997 0.40025
v 0.729967 0.011533 0.40025
v 0.738503 0.024307 0.40025
v 0.7415 0.039375 0.40025
v 0.7415 0.53375 0.40025
v 0.738503 0.548818 0.40025
v 0.729967 0.561592 0.40025
v 0.717193 0.570128 0.40025
v 0.702125 0.573125 0.40025
v 0.297875 0.573125 0.40025
v 0.282807 0.570128 0.40025
v 0.270033 0.561592 0.40025
v 0.261497 0.548818 0.40025
v 0.2585 0.53375 0.40025
v 0.2585 0.039375 0.40025
v 0.261497 0.024307 0.40025
v 0.270033 0.011533 0.40025
v 0.282807 0.002997 0.40025
v 0.297875 0 0.40025
v 0.702125 0 0.59975
v 0.717193 0.002997 0.59975
v 0.729967 0.011533 0.59975
v 0.738503 0.024307 0.59975
v 0.7415 0.039375 0.59975
v 0.7415 0.53375 0.59975
v 0.738503 0.548818 0.59975
v 0.729967 0.561592 0.59975
v 0.717193 0.570128 0.59975
v 0.702125 0.573125 0.59975
v 0.297875 0.573125 0.59975
v 0.282807 0.570128 0.59975
v 0.270033 0.561592 0.59975
v 0.261497 0.548818 0.59975
v 0.2585 0.53375 0.59975
v 0.2585 0.039375 0.59975
v 0.261497 0.024307 0.59975
v 0.270033 0.011533 0.59975
v 0.282807 0.002997 0.59975
v 0.297875 0 0.59975
v 0.700574 0.01575 0.6155
v 0.711048 0.017833 0.6155
v 0.718612 0.022888 0.6155
v 0.723667 0.030452 0.6155
v 0.72575 0.040926 0.6155
v 0.72575 0.532199 0.6155
v 0.723667 0.542673 0.6155
v 0.718612 0.550237 0.6155
v 0.711048 0.555292 0.6155
v 0.700574 0.557375 0.6155
v 0.299426 0.557375 0.6155
v 0.288952 0.555292 0.6155
v 0.281388 0.550237 0.6155
v 0.276333 0.542673 0.6155
v 0.27425 0.532199 0.6155
v 0.27425 0.040926 0.6155
v 0.276333 0.030452 0.6155
v 0.281388 0.022888 0.6155
v 0.288952 0.017833 0.6155
v 0.299426 0.01575 0.6155
v 0.700574 0.01575 0.3845
v 0.711048 0.017833 0.3845
v 0.718612 0.022888 0.3845
v 0.723667 0.030452 0.3845
v 0.72575 0.040926 0.3845
v 0.72575 0.532199 0.3845
v 0.723667 0.542673 0.3845
v 0.718612 0.550237 0.3845
v 0.711048 0.555292 0.3845
v 0.700574 0.557375 0.3845
v 0.299426 0.557375 0.3845
v 0.288952 0.555292 0.3845
v 0.281388 0.550237 0.3845
v 0.276333 0.542673 0.3845
v 0.27425 0.532199 0.3845
v 0.27425 0.040926 0.3845
v 0.276333 0.030452 0.3845
v 0.281388 0.022888 0.3845
v 0.288952 0.017833 0.3845
v 0.299426 0.01575 0.3845
v 0.700574 0.01575 0.6155
v 0.711048 0.017833 0.6155
v 0.718612 0.022888 0.6155
v 0.723667 0.030452 0.6155
v 0.72575 0.040926 0.6155
v 0.72575 0.532199 0.6155
v 0.723667 0.542673 0.6155
v 0.718612 0.550237 0.6155
v 0.711048 0.555292 0.6155
v 0.700574 0.557375 0.6155
v 0.299426 0.557375 0.6155
v 0.288952 0.555292 0.6155
v 0.281388 0.550237 0.6155
v 0.276333 0.542673 0.6155
v 0.27425 0.532199 0.6155
v 0.27425 0.040926 0.6155
v 0.276333 0.030452 0.6155
v 0.281388 0.022888 0.6155
v 0.288952 0.017833 0.6155
v 0.299426 0.01575 0.6155
vt 0.409258 0.206553
vt 0.411549 0.206229
vt 0.412893 0.210959
vt 0.409597 0.211426
vt 0.743652 0.163865
vt 0.743652 0.161875
vt 0.748525 0.16119
vt 0.748525 0.164551
vt 0.720215 0.163865
vt 0.720215 0.161875
vt 0.725087 0.16119
vt 0.725087 0.164551
vt 0.543825 0.215018
vt 0.546116 0.215343
vt 0.545777 0.220215
vt 0.54248 0.219748
vt 0.546116 0.215343
vt 0.653582 0.215343
vt 0.653921 0.220215
vt 0.545777 0.220215
vt 0.653582 0.215343
vt 0.655873 0.215018
vt 0.657217 0.219748
vt 0.653921 0.220215
vt 0.688965 0.163865
vt 0.688965 0.161875
vt 0.693837 0.16119
vt 0.693837 0.164551
vt 0.071777 0.163865
vt 0.071777 0.161875
vt 0.07665 0.16119
vt 0.07665 0.164551
vt 0.12195 0.206229
vt 0.124241 0.206553
vt 0.123902 0.211426
vt 0.120605 0.210959
vt 0.124241 0.206553
vt 0.211992 0.206553
vt 0.212331 0.211426
vt 0.123902 0.211426
vt 0.211992 0.206553
vt 0.214283 0.206229
vt 0.215627 0.210959
vt 0.212331 0.211426
vt 0.313965 0.163865
vt 0.313965 0.161875
vt 0.318837 0.16119
vt 0.318837 0.164551
vt 0.431152 0.163865
vt 0.431152 0.161875
vt 0.436025 0.16119
vt 0.436025 0.164551
vt 0.661989 0.215018
vt 0.66428 0.215343
vt 0.663941 0.220215
vt 0.660645 0.219748
vt 0.66428 0.215343
vt 0.771746 0.215343
vt 0.772085 0.220215
vt 0.663941 0.220215
vt 0.771746 0.215343
vt 0.774037 0.215018
vt 0.775381 0.219748
vt 0.772085 0.220215
vt 0.70459 0.163865
vt 0.70459 0.161875
vt 0.709462 0.16119
vt 0.709462 0.164551
vt 0.728027 0.163865
vt 0.728027 0.161875
vt 0.7329 0.16119
vt 0.7329 0.164551
vt 0.319215 0.206229
vt 0.321507 0.206553
vt 0.321167 0.211426
vt 0.317871 0.210959
vt 0.321507 0.206553
vt 0.409258 0.206553
vt 0.409597 0.211426
vt 0.321167 0.211426
vt 0.746695 0.722473
vt 0.75004 0.722473
vt 0.75004 0.766113
vt 0.746695 0.766113
vt 0.501465 0.164551
vt 0.501465 0.16119
vt 0.545105 0.16119
vt 0.545105 0.164551
vt 0.07959 0.164551
vt 0.07959 0.16119
vt 0.12323 0.16119
vt 0.12323 0.164551
vt 0.335449 0.722473
vt 0.338794 0.722473
vt 0.338794 0.766113
vt 0.335449 0.766113
vt 0.338794 0.722473
vt 0.446418 0.722473
vt 0.446418 0.766113
vt 0.338794 0.766113
vt 0.438965 0.164551
vt 0.438965 0.16119
vt 0.482605 0.16119
vt 0.482605 0.164551
vt 0.54834 0.164551
vt 0.54834 0.16119
vt 0.59198 0.16119
vt 0.59198 0.164551
vt 0.126465 0.164551
vt 0.126465 0.16119
vt 0.170105 0.16119
vt 0.170105 0.164551
vt 0.563965 0.722473
vt 0.567309 0.722473
vt 0.567309 0.766113
vt 0.563965 0.766113
vt 0.567309 0.722473
vt 0.655313 0.722473
vt 0.655313 0.766113
vt 0.567309 0.766113
vt 0.32959 0.164551
vt 0.32959 0.16119
vt 0.37323 0.16119
vt 0.37323 0.164551
vt 0.220215 0.164551
vt 0.220215 0.16119
vt 0.263855 0.16119
vt 0.263855 0.164551
vt 0.595215 0.164551
vt 0.595215 0.16119
vt 0.638855 0.16119
vt 0.638855 0.164551
vt 0.449707 0.722473
vt 0.453052 0.722473
vt 0.453052 0.766113
vt 0.449707 0.766113
vt 0.453052 0.722473
vt 0.560675 0.722473
vt 0.560675 0.766113
vt 0.453052 0.766113
vt 0.376465 0.164551
vt 0.376465 0.16119
vt 0.420105 0.16119
vt 0.420105 0.164551
vt 0.17334 0.164551
vt 0.17334 0.16119
vt 0.21698 0.16119
vt 0.21698 0.164551
vt 0.64209 0.164551
vt 0.64209 0.16119
vt 0.68573 0.16119
vt 0.68573 0.164551
vt 0.26709 0.164551
vt 0.26709 0.16119
vt 0.31073 0.16119
vt 0.31073 0.164551
vt 0.658691 0.722473
vt 0.746695 0.722473
vt 0.746695 0.766113
vt 0.658691 0.766113
vt 0.870534 0.215018
vt 0.873831 0.215485
vt 0.872486 0.220215
vt 0.870195 0.219891
vt 0.73584 0.164551
vt 0.73584 0.16119
vt 0.740712 0.161875
vt 0.740712 0.163865
vt 0.42334 0.164551
vt 0.42334 0.16119
vt 0.428212 0.161875
vt 0.428212 0.163865
vt 0.877441 0.215485
vt 0.880738 0.215018
vt 0.881077 0.219891
vt 0.878786 0.220215
vt 0.880738 0.215018
vt 0.988882 0.215018
vt 0.988543 0.219891
vt 0.881077 0.219891
vt 0.988882 0.215018
vt 0.992178 0.215485
vt 0.990834 0.220215
vt 0.988543 0.219891
vt 0.493652 0.164551
vt 0.493652 0.16119
vt 0.498525 0.161875
vt 0.498525 0.163865
vt 0.063965 0.164551
vt 0.063965 0.16119
vt 0.068837 0.161875
vt 0.068837 0.163865
vt 0.219238 0.206696
vt 0.222534 0.206229
vt 0.222874 0.211101
vt 0.220583 0.211426
vt 0.222534 0.206229
vt 0.310964 0.206229
vt 0.310625 0.211101
vt 0.222874 0.211101
vt 0.310964 0.206229
vt 0.31426 0.206696
vt 0.312916 0.211426
vt 0.310625 0.211101
vt 0.321777 0.164551
vt 0.321777 0.16119
vt 0.32665 0.161875
vt 0.32665 0.163865
vt 0.48584 0.164551
vt 0.48584 0.16119
vt 0.490712 0.161875
vt 0.490712 0.163865
vt 0.002441 0.206696
vt 0.005738 0.206229
vt 0.006077 0.211101
vt 0.003786 0.211426
vt 0.005738 0.206229
vt 0.113882 0.206229
vt 0.113543 0.211101
vt 0.006077 0.211101
vt 0.113882 0.206229
vt 0.117178 0.206696
vt 0.115834 0.211426
vt 0.113543 0.211101
vt 0.712402 0.164551
vt 0.712402 0.16119
vt 0.717275 0.161875
vt 0.717275 0.163865
vt 0.696777 0.164551
vt 0.696777 0.16119
vt 0.70165 0.161875
vt 0.70165 0.163865
vt 0.778809 0.215485
vt 0.782105 0.215018
vt 0.782444 0.219891
vt 0.780153 0.220215
vt 0.782105 0.215018
vt 0.870534 0.215018
vt 0.870195 0.219891
vt 0.782444 0.219891
vt 0.549772 0.994342
vt 0.549316 0.992051
vt 0.549316 0.9043
vt 0.550878 0.995997
vt 0.549772 0.994342
vt 0.549316 0.9043
vt 0.552533 0.997103
vt 0.550878 0.995997
vt 0.549316 0.9043
vt 0.554824 0.997559
vt 0.552533 0.997103
vt 0.549316 0.9043
vt 0.66229 0.997559
vt 0.554824 0.997559
vt 0.549316 0.9043
vt 0.664581 0.997103
vt 0.66229 0.997559
vt 0.549316 0.9043
vt 0.666235 0.995997
vt 0.664581 0.997103
vt 0.549316 0.9043
vt 0.667341 0.994342
vt 0.666235 0.995997
vt 0.549316 0.9043
vt 0.667797 0.992051
vt 0.667341 0.994342
vt 0.549316 0.9043
vt 0.667797 0.9043
vt 0.667797 0.992051
vt 0.549316 0.9043
vt 0.667341 0.902009
vt 0.667797 0.9043
vt 0.549316 0.9043
vt 0.666235 0.900354
vt 0.667341 0.902009
vt 0.549316 0.9043
vt 0.664581 0.899249
vt 0.666235 0.900354
vt 0.549316 0.9043
vt 0.66229 0.898793
vt 0.664581 0.899249
vt 0.549316 0.9043
vt 0.554824 0.898793
vt 0.66229 0.898793
vt 0.549316 0.9043
vt 0.552533 0.899249
vt 0.554824 0.898793
vt 0.549316 0.9043
vt 0.550878 0.900354
vt 0.552533 0.899249
vt 0.549316 0.9043
vt 0.549316 0.9043
vt 0.549772 0.902009
vt 0.550878 0.900354
vt 0.671387 0.992051
vt 0.671387 0.9043
vt 0.671842 0.902009
vt 0.671387 0.992051
vt 0.671842 0.902009
vt 0.672948 0.900354
vt 0.671387 0.992051
vt 0.672948 0.900354
vt 0.674603 0.899249
vt 0.671387 0.992051
vt 0.674603 0.899249
vt 0.676894 0.898793
vt 0.671387 0.992051
vt 0.676894 0.898793
vt 0.78436 0.898793
vt 0.671387 0.992051
vt 0.78436 0.898793
vt 0.786651 0.899249
vt 0.671387 0.992051
vt 0.786651 0.899249
vt 0.788306 0.900354
vt 0.671387 0.992051
vt 0.788306 0.900354
vt 0.789411 0.902009
vt 0.671387 0.992051
vt 0.789411 0.902009
vt 0.789867 0.9043
vt 0.671387 0.992051
vt 0.789867 0.9043
vt 0.789867 0.992051
vt 0.671387 0.992051
vt 0.789867 0.992051
vt 0.789411 0.994342
vt 0.671387 0.992051
vt 0.789411 0.994342
vt 0.788306 0.995997
vt 0.671387 0.992051
vt 0.788306 0.995997
vt 0.786651 0.997103
vt 0.671387 0.992051
vt 0.786651 0.997103
vt 0.78436 0.997559
vt 0.671387 0.992051
vt 0.78436 0.997559
vt 0.676894 0.997559
vt 0.671387 0.992051
vt 0.676894 0.997559
vt 0.674603 0.997103
vt 0.671387 0.992051
vt 0.674603 0.997103
vt 0.672948 0.995997
vt 0.672948 0.995997
vt 0.671842 0.994342
vt 0.671387 0.992051
vn 0.004322 -0.706887 -0.707313
vn 0.263928 -0.648577 -0.713926
vn 0.495126 -0.495126 -0.713933
vn 0.648577 -0.263928 -0.713926
vn 0.706927 -0.003552 -0.707277
vn 0.706927 0.003552 -0.707277
vn 0.648577 0.263928 -0.713926
vn 0.495126 0.495126 -0.713933
vn 0.263928 0.648577 -0.713926
vn 0.004322 0.706887 -0.707313
vn -0.004322 0.706887 -0.707313
vn -0.263928 0.648577 -0.713926
vn -0.495126 0.495126 -0.713933
vn -0.648577 0.263928 -0.713926
vn -0.706927 0.003552 -0.707277
vn -0.706927 -0.003552 -0.707277
vn -0.648577 -0.263928 -0.713926
vn -0.495126 -0.495126 -0.713933
vn -0.263928 -0.648577 -0.713926
vn -0.004322 -0.706887 -0.707313
vn 0.007148 -0.999974 0
vn 0.382683 -0.92388 0
vn 0.707107 -0.707107 0
vn 0.92388 -0.382683 0
vn 0.999983 -0.005883 0
vn 0.999983 0.005883 0
vn 0.92388 0.382683 0
vn 0.707107 0.707107 0
vn 0.382683 0.92388 0
vn 0.007148 0.999974 0
vn -0.007148 0.999974 0
vn -0.382683 0.92388 0
vn -0.707107 0.707107 0
vn -0.92388 0.382683 0
vn -0.999983 0.005883 0
vn -0.999983 -0.005883 0
vn -0.92388 -0.382683 0
vn -0.707107 -0.707107 0
vn -0.382683 -0.92388 0
vn -0.007148 -0.999974 0
vn 0.004322 -0.706887 0.707313
vn 0.263928 -0.648577 0.713926
vn 0.495126 -0.495126 0.713933
vn 0.648577 -0.263928 0.713926
vn 0.706927 -0.003552 0.707277
vn 0.706927 0.003552 0.707277
vn 0.648577 0.263928 0.713926
vn 0.495126 0.495126 0.713933
vn 0.263928 0.648577 0.713926
vn 0.004322 0.706887 0.707313
vn -0.004322 0.706887 0.707313
vn -0.263928 0.648577 0.713926
vn -0.495126 0.495126 0.713933
vn -0.648577 0.263928 0.713926
vn -0.706927 0.003552 0.707277
vn -0.706927 -0.003552 0.707277
vn -0.648577 -0.263928 0.713926
vn -0.495126 -0.495126 0.713933
vn -0.263928 -0.648577 0.713926
vn -0.004322 -0.706887 0.707313
vn 0 0 -1
vn 0 0 1
f 1/1/1 2/2/2 22/3/2 21/4/1
f 2/5/2 3/6/3 23/7/3 22/8/2
f 3/9/3 4/10/4 24/11/4 23/12/3
f 4/13/4 5/14/5 25/15/5 24/16/4
f 5/17/5 6/18/6 26/19/6 25/20/5
f 6/21/6 7/22/7 27/23/7 26/24/6
f 7/25/7 8/26/8 28/27/8 27/28/7
f 8/29/8 9/30/9 29/31/9 28/32/8
f 9/33/9 10/34/10 30/35/10 29/36/9
f 10/37/10 11/38/11 31/39/11 30/40/10
f 11/41/11 12/42/12 32/43/12 31/44/11
f 12/45/12 13/46/13 33/47/13 32/48/12
f 13/49/13 14/50/14 34/51/14 33/52/13
f 14/53/14 15/54/15 35/55/15 34/56/14
f 15/57/15 16/58/16 36/59/16 35/60/15
f 16/61/16 17/62/17 37/63/17 36/64/16
f 17/65/17 18/66/18 38/67/18 37/68/17
f 18/69/18 19/70/19 39/71/19 38/72/18
f 19/73/19 20/74/20 40/75/20 39/76/19
f 20/77/20 1/78/1 21/79/1 40/80/20
f 21/81/21 22/82/22 42/83/22 41/84/21
f 22/85/22 23/86/23 43/87/23 42/88/22
f 23/89/23 24/90/24 44/91/24 43/92/23
f 24/93/24 25/94/25 45/95/25 44/96/24
f 25/97/25 26/98/26 46/99/26 45/100/25
f 26/101/26 27/102/27 47/103/27 46/104/26
f 27/105/27 28/106/28 48/107/28 47/108/27
f 28/109/28 29/110/29 49/111/29 48/112/28
f 29/113/29 30/114/30 50/115/30 49/116/29
f 30/117/30 31/118/31 51/119/31 50/120/30
f 31/121/31 32/122/32 52/123/32 51/124/31
f 32/125/32 33/126/33 53/127/33 52/128/32
f 33/129/33 34/130/34 54/131/34 53/132/33
f 34/133/34 35/134/35 55/135/35 54/136/34
f 35/137/35 36/138/36 56/139/36 55/140/35
f 36/141/36 37/142/37 57/143/37 56/144/36
f 37/145/37 38/146/38 58/147/38 57/148/37
f 38/149/38 39/150/39 59/151/39 58/152/38
f 39/153/39 40/154/40 60/155/40 59/156/39
f 40/157/40 21/158/21 41/159/21 60/160/40
f 41/161/41 42/162/42 62/163/42 61/164/41
f 42/165/42 43/166/43 63/167/43 62/168/42
f 43/169/43 44/170/44 64/171/44 63/172/43
f 44/173/44 45/174/45 65/175/45 64/176/44
f 45/177/45 46/178/46 66/179/46 65/180/45
f 46/181/46 47/182/47 67/183/47 66/184/46
f 47/185/47 48/186/48 68/187/48 67/188/47
f 48/189/48 49/190/49 69/191/49 68/192/48
f 49/193/49 50/194/50 70/195/50 69/196/49
f 50/197/50 51/198/51 71/199/51 70/200/50
f 51/201/51 52/202/52 72/203/52 71/204/51
f 52/205/52 53/206/53 73/207/53 72/208/52
f 53/209/53 54/210/54 74/211/54 73/212/53
f 54/213/54 55/214/55 75/215/55 74/216/54
f 55/217/55 56/218/56 76/219/56 75/220/55
f 56/221/56 57/222/57 77/223/57 76/224/56
f 57/225/57 58/226/58 78/227/58 77/228/57
f 58/229/58 59/230/59 79/231/59 78/232/58
f 59/233/59 60/234/60 80/235/60 79/236/59
f 60/237/60 41/238/41 61/239/41 80/240/60
f 82/241/61 81/242/61 100/243/61
f 83/244/61 82/245/61 100/246/61
f 84/247/61 83/248/61 100/249/61
f 85/250/61 84/251/61 100/252/61
f 86/253/61 85/254/61 100/255/61
f 87/256/61 86/257/61 100/258/61
f 88/259/61 87/260/61 100/261/61
f 89/262/61 88/263/61 100/264/61
f 90/265/61 89/266/61 100/267/61
f 91/268/61 90/269/61 100/270/61
f 92/271/61 91/272/61 100/273/61
f 93/274/61 92/275/61 100/276/61
f 94/277/61 93/278/61 100/279/61
f 95/280/61 94/281/61 100/282/61
f 96/283/61 95/284/61 100/285/61
f 97/286/61 96/287/61 100/288/61
f 98/289/61 97/290/61 100/291/61
f 100/292/61 99/293/61 98/294/61
f 120/295/62 101/296/62 102/297/62
f 120/298/62 102/299/62 103/300/62
f 120/301/62 103/302/62 104/303/62
f 120/304/62 104/305/62 105/306/62
f 120/307/62 105/308/62 106/309/62
f 120/310/62 106/311/62 107/312/62
f 120/313/62 107/314/62 108/315/62
f 120/316/62 108/317/62 109/318/62
f 120/319/62 109/320/62 110/321/62
f 120/322/62 110/323/62 111/324/62
f 120/325/62 111/326/62 112/327/62
f 120/328/62 112/329/62 113/330/62
f 120/331/62 113/332/62 114/333/62
f 120/334/62 114/335/62 115/336/62
f 120/337/62 115/338/62 116/339/62
f 120/340/62 116/341/62 117/342/62
f 120/343/62 117/344/62 118/345/62
f 118/346/62 119/347/62 120/348/62
o jerry_can__body__x_ribs
usemtl fuel_containers
v 0.465665 0.286562 0.61375
v 0.307035 0.09842 0.61375
v 0.347172 0.064579 0.61375
v 0.5 0.245839 0.61375
v 0.652828 0.064579 0.61375
v 0.692965 0.09842 0.61375
v 0.534335 0.286562 0.61375
v 0.692965 0.474705 0.61375
v 0.652828 0.508546 0.61375
v 0.5 0.327286 0.61375
v 0.347172 0.508546 0.61375
v 0.307035 0.474705 0.61375
v 0.465665 0.286562 0.62425
v 0.307035 0.09842 0.62425
v 0.347172 0.064579 0.62425
v 0.5 0.245839 0.62425
v 0.652828 0.064579 0.62425
v 0.692965 0.09842 0.62425
v 0.534335 0.286562 0.62425
v 0.692965 0.474705 0.62425
v 0.652828 0.508546 0.62425
v 0.5 0.327286 0.62425
v 0.347172 0.508546 0.62425
v 0.307035 0.474705 0.62425
v 0.465665 0.286562 0.61375
v 0.307035 0.09842 0.61375
v 0.347172 0.064579 0.61375
v 0.5 0.245839 0.61375
v 0.652828 0.064579 0.61375
v 0.692965 0.09842 0.61375
v 0.534335 0.286562 0.61375
v 0.692965 0.474705 0.61375
v 0.652828 0.508546 0.61375
v 0.5 0.327286 0.61375
v 0.347172 0.508546 0.61375
v 0.307035 0.474705 0.61375
v 0.465665 0.286562 0.62425
v 0.307035 0.09842 0.62425
v 0.347172 0.064579 0.62425
v 0.5 0.245839 0.62425
v 0.652828 0.064579 0.62425
v 0.692965 0.09842 0.62425
v 0.534335 0.286562 0.62425
v 0.692965 0.474705 0.62425
v 0.652828 0.508546 0.62425
v 0.5 0.327286 0.62425
v 0.347172 0.508546 0.62425
v 0.307035 0.474705 0.62425
v 0.465665 0.286562 0.37575
v 0.307035 0.09842 0.37575
v 0.347172 0.064579 0.37575
v 0.5 0.245839 0.37575
v 0.652828 0.064579 0.37575
v 0.692965 0.09842 0.37575
v 0.534335 0.286562 0.37575
v 0.692965 0.474705 0.37575
v 0.652828 0.508546 0.37575
v 0.5 0.327286 0.37575
v 0.347172 0.508546 0.37575
v 0.307035 0.474705 0.37575
v 0.465665 0.286562 0.38625
v 0.307035 0.09842 0.38625
v 0.347172 0.064579 0.38625
v 0.5 0.245839 0.38625
v 0.652828 0.064579 0.38625
v 0.692965 0.09842 0.38625
v 0.534335 0.286562 0.38625
v 0.692965 0.474705 0.38625
v 0.652828 0.508546 0.38625
v 0.5 0.327286 0.38625
v 0.347172 0.508546 0.38625
v 0.307035 0.474705 0.38625
v 0.465665 0.286562 0.37575
v 0.307035 0.09842 0.37575
v 0.347172 0.064579 0.37575
v 0.5 0.245839 0.37575
v 0.652828 0.064579 0.37575
v 0.692965 0.09842 0.37575
v 0.534335 0.286562 0.37575
v 0.692965 0.474705 0.37575
v 0.652828 0.508546 0.37575
v 0.5 0.327286 0.37575
v 0.347172 0.508546 0.37575
v 0.307035 0.474705 0.37575
v 0.465665 0.286562 0.38625
v 0.307035 0.09842 0.38625
v 0.347172 0.064579 0.38625
v 0.5 0.245839 0.38625
v 0.652828 0.064579 0.38625
v 0.692965 0.09842 0.38625
v 0.534335 0.286562 0.38625
v 0.692965 0.474705 0.38625
v 0.652828 0.508546 0.38625
v 0.5 0.327286 0.38625
v 0.347172 0.508546 0.38625
v 0.307035 0.474705 0.38625
vt 0.885254 0.080223
vt 0.939086 0.080223
vt 0.939086 0.08252
vt 0.885254 0.08252
vt 0.621582 0.074363
vt 0.633066 0.074363
vt 0.633066 0.07666
vt 0.621582 0.07666
vt 0.340332 0.074363
vt 0.392196 0.074363
vt 0.392196 0.07666
vt 0.340332 0.07666
vt 0.395996 0.074363
vt 0.44786 0.074363
vt 0.44786 0.07666
vt 0.395996 0.07666
vt 0.63623 0.074363
vt 0.647715 0.074363
vt 0.647715 0.07666
vt 0.63623 0.07666
vt 0.942871 0.080223
vt 0.996704 0.080223
vt 0.996704 0.08252
vt 0.942871 0.08252
vt 0.654785 0.080223
vt 0.708618 0.080223
vt 0.708618 0.08252
vt 0.654785 0.08252
vt 0.562988 0.074363
vt 0.574473 0.074363
vt 0.574473 0.07666
vt 0.562988 0.07666
vt 0.117676 0.074363
vt 0.169539 0.074363
vt 0.169539 0.07666
vt 0.117676 0.07666
vt 0.17334 0.074363
vt 0.225203 0.074363
vt 0.225203 0.07666
vt 0.17334 0.07666
vt 0.577637 0.074363
vt 0.589121 0.074363
vt 0.589121 0.07666
vt 0.577637 0.07666
vt 0.712402 0.080223
vt 0.766235 0.080223
vt 0.766235 0.08252
vt 0.712402 0.08252
vt 0.002441 0.778362
vt 0.009844 0.769582
vt 0.051 0.804282
vt 0.042092 0.811793
vt 0.002441 0.778362
vt 0.051 0.804282
vt 0.009844 0.854004
vt 0.002441 0.845224
vt 0.042092 0.811793
vt 0.009844 0.854004
vt 0.042092 0.811793
vt 0.051 0.804282
vt 0.009844 0.854004
vt 0.051 0.804282
vt 0.092157 0.769582
vt 0.051 0.819304
vt 0.009844 0.854004
vt 0.092157 0.769582
vt 0.099559 0.845224
vt 0.092157 0.854004
vt 0.051 0.819304
vt 0.059909 0.811793
vt 0.099559 0.845224
vt 0.051 0.819304
vt 0.059909 0.811793
vt 0.051 0.819304
vt 0.092157 0.769582
vt 0.092157 0.769582
vt 0.099559 0.778362
vt 0.059909 0.811793
vt 0.151586 0.819304
vt 0.11043 0.854004
vt 0.103027 0.845224
vt 0.151586 0.819304
vt 0.103027 0.845224
vt 0.142678 0.811793
vt 0.142678 0.811793
vt 0.103027 0.778362
vt 0.11043 0.769582
vt 0.151586 0.819304
vt 0.142678 0.811793
vt 0.11043 0.769582
vt 0.192742 0.854004
vt 0.151586 0.819304
vt 0.11043 0.769582
vt 0.192742 0.854004
vt 0.11043 0.769582
vt 0.151586 0.804282
vt 0.151586 0.804282
vt 0.192742 0.769582
vt 0.200145 0.778362
vt 0.151586 0.804282
vt 0.200145 0.778362
vt 0.160494 0.811793
vt 0.192742 0.854004
vt 0.151586 0.804282
vt 0.160494 0.811793
vt 0.160494 0.811793
vt 0.200145 0.845224
vt 0.192742 0.854004
vt 0.002441 0.074363
vt 0.056274 0.074363
vt 0.056274 0.07666
vt 0.002441 0.07666
vt 0.650879 0.074363
vt 0.662363 0.074363
vt 0.662363 0.07666
vt 0.650879 0.07666
vt 0.45166 0.074363
vt 0.503524 0.074363
vt 0.503524 0.07666
vt 0.45166 0.07666
vt 0.507324 0.074363
vt 0.559188 0.074363
vt 0.559188 0.07666
vt 0.507324 0.07666
vt 0.665527 0.074363
vt 0.677012 0.074363
vt 0.677012 0.07666
vt 0.665527 0.07666
vt 0.060059 0.074363
vt 0.113891 0.074363
vt 0.113891 0.07666
vt 0.060059 0.07666
vt 0.77002 0.080223
vt 0.823852 0.080223
vt 0.823852 0.08252
vt 0.77002 0.08252
vt 0.592285 0.074363
vt 0.60377 0.074363
vt 0.60377 0.07666
vt 0.592285 0.07666
vt 0.229004 0.074363
vt 0.280867 0.074363
vt 0.280867 0.07666
vt 0.229004 0.07666
vt 0.284668 0.074363
vt 0.336531 0.074363
vt 0.336531 0.07666
vt 0.284668 0.07666
vt 0.606934 0.074363
vt 0.618418 0.074363
vt 0.618418 0.07666
vt 0.606934 0.07666
vt 0.827637 0.080223
vt 0.881469 0.080223
vt 0.881469 0.08252
vt 0.827637 0.08252
vt 0.203613 0.778362
vt 0.211016 0.769582
vt 0.252172 0.804282
vt 0.243264 0.811793
vt 0.203613 0.778362
vt 0.252172 0.804282
vt 0.211016 0.854004
vt 0.203613 0.845224
vt 0.243264 0.811793
vt 0.211016 0.854004
vt 0.243264 0.811793
vt 0.252172 0.804282
vt 0.211016 0.854004
vt 0.252172 0.804282
vt 0.293328 0.769582
vt 0.252172 0.819304
vt 0.211016 0.854004
vt 0.293328 0.769582
vt 0.300731 0.845224
vt 0.293328 0.854004
vt 0.252172 0.819304
vt 0.26108 0.811793
vt 0.300731 0.845224
vt 0.252172 0.819304
vt 0.26108 0.811793
vt 0.252172 0.819304
vt 0.293328 0.769582
vt 0.293328 0.769582
vt 0.300731 0.778362
vt 0.26108 0.811793
vt 0.352758 0.819304
vt 0.311602 0.854004
vt 0.304199 0.845224
vt 0.352758 0.819304
vt 0.304199 0.845224
vt 0.34385 0.811793
vt 0.34385 0.811793
vt 0.304199 0.778362
vt 0.311602 0.769582
vt 0.352758 0.819304
vt 0.34385 0.811793
vt 0.311602 0.769582
vt 0.393914 0.854004
vt 0.352758 0.819304
vt 0.311602 0.769582
vt 0.393914 0.854004
vt 0.311602 0.769582
vt 0.352758 0.804282
vt 0.352758 0.804282
vt 0.393914 0.769582
vt 0.401317 0.778362
vt 0.352758 0.804282
vt 0.401317 0.778362
vt 0.361666 0.811793
vt 0.393914 0.854004
vt 0.352758 0.804282
vt 0.361666 0.811793
vt 0.361666 0.811793
vt 0.401317 0.845224
vt 0.393914 0.854004
vn -0.764522 0.644597 0
vn -0.644597 -0.764522 0
vn 0.764522 -0.644597 0
vn -0.764522 -0.644597 0
vn 0.644597 -0.764522 0
vn 0.764522 0.644597 0
vn 0.644597 0.764522 0
vn -0.644597 0.764522 0
vn 0 0 -1
vn 0 0 1
f 121/349/63 122/350/63 134/351/63 133/352/63
f 122/353/64 123/354/64 135/355/64 134/356/64
f 123/357/65 124/358/65 136/359/65 135/360/65
f 124/361/66 125/362/66 137/363/66 136/364/66
f 125/365/67 126/366/67 138/367/67 137/368/67
f 126/369/68 127/370/68 139/371/68 138/372/68
f 127/373/65 128/374/65 140/375/65 139/376/65
f 128/377/69 129/378/69 141/379/69 140/380/69
f 129/381/63 130/382/63 142/383/63 141/384/63
f 130/385/68 131/386/68 143/387/68 142/388/68
f 131/389/70 132/390/70 144/391/70 143/392/70
f 132/393/66 121/394/66 133/395/66 144/396/66
f 147/397/71 146/398/71 145/399/71
f 148/400/71 147/401/71 145/402/71
f 150/403/71 149/404/71 148/405/71
f 150/406/71 148/407/71 145/408/71
f 150/409/71 145/410/71 156/411/71
f 151/412/71 150/413/71 156/414/71
f 153/415/71 152/416/71 151/417/71
f 154/418/71 153/419/71 151/420/71
f 154/421/71 151/422/71 156/423/71
f 156/424/71 155/425/71 154/426/71
f 157/427/72 158/428/72 159/429/72
f 157/430/72 159/431/72 160/432/72
f 160/433/72 161/434/72 162/435/72
f 157/436/72 160/437/72 162/438/72
f 168/439/72 157/440/72 162/441/72
f 168/442/72 162/443/72 163/444/72
f 163/445/72 164/446/72 165/447/72
f 163/448/72 165/449/72 166/450/72
f 168/451/72 163/452/72 166/453/72
f 166/454/72 167/455/72 168/456/72
f 169/457/63 170/458/63 182/459/63 181/460/63
f 170/461/64 171/462/64 183/463/64 182/464/64
f 171/465/65 172/466/65 184/467/65 183/468/65
f 172/469/66 173/470/66 185/471/66 184/472/66
f 173/473/67 174/474/67 186/475/67 185/476/67
f 174/477/68 175/478/68 187/479/68 186/480/68
f 175/481/65 176/482/65 188/483/65 187/484/65
f 176/485/69 177/486/69 189/487/69 188/488/69
f 177/489/63 178/490/63 190/491/63 189/492/63
f 178/493/68 179/494/68 191/495/68 190/496/68
f 179/497/70 180/498/70 192/499/70 191/500/70
f 180/501/66 169/502/66 181/503/66 192/504/66
f 195/505/71 194/506/71 193/507/71
f 196/508/71 195/509/71 193/510/71
f 198/511/71 197/512/71 196/513/71
f 198/514/71 196/515/71 193/516/71
f 198/517/71 193/518/71 204/519/71
f 199/520/71 198/521/71 204/522/71
f 201/523/71 200/524/71 199/525/71
f 202/526/71 201/527/71 199/528/71
f 202/529/71 199/530/71 204/531/71
f 204/532/71 203/533/71 202/534/71
f 205/535/72 206/536/72 207/537/72
f 205/538/72 207/539/72 208/540/72
f 208/541/72 209/542/72 210/543/72
f 205/544/72 208/545/72 210/546/72
f 216/547/72 205/548/72 210/549/72
f 216/550/72 210/551/72 211/552/72
f 211/553/72 212/554/72 213/555/72
f 211/556/72 213/557/72 214/558/72
f 216/559/72 211/560/72 214/561/72
f 214/562/72 215/563/72 216/564/72
o jerry_can__body__bead
usemtl fuel_containers
v 0.702125 0.00175 0.493875
v 0.719537 0.005213 0.493875
v 0.734298 0.015077 0.493875
v 0.744162 0.029838 0.493875
v 0.747625 0.04725 0.493875
v 0.747625 0.53375 0.493875
v 0.744162 0.551162 0.493875
v 0.734298 0.565923 0.493875
v 0.719537 0.575787 0.493875
v 0.702125 0.57925 0.493875
v 0.297875 0.57925 0.493875
v 0.280463 0.575787 0.493875
v 0.265702 0.565923 0.493875
v 0.255838 0.551162 0.493875
v 0.252375 0.53375 0.493875
v 0.252375 0.04725 0.493875
v 0.255838 0.029838 0.493875
v 0.265702 0.015077 0.493875
v 0.280463 0.005213 0.493875
v 0.297875 0.00175 0.493875
v 0.702125 0.00175 0.506125
v 0.719537 0.005213 0.506125
v 0.734298 0.015077 0.506125
v 0.744162 0.029838 0.506125
v 0.747625 0.04725 0.506125
v 0.747625 0.53375 0.506125
v 0.744162 0.551162 0.506125
v 0.734298 0.565923 0.506125
v 0.719537 0.575787 0.506125
v 0.702125 0.57925 0.506125
v 0.297875 0.57925 0.506125
v 0.280463 0.575787 0.506125
v 0.265702 0.565923 0.506125
v 0.255838 0.551162 0.506125
v 0.252375 0.53375 0.506125
v 0.252375 0.04725 0.506125
v 0.255838 0.029838 0.506125
v 0.265702 0.015077 0.506125
v 0.280463 0.005213 0.506125
v 0.297875 0.00175 0.506125
v 0.297875 0.00875 0.493875
v 0.284481 0.011414 0.493875
v 0.273126 0.019001 0.493875
v 0.265539 0.030356 0.493875
v 0.262875 0.04375 0.493875
v 0.262875 0.53375 0.493875
v 0.265539 0.547144 0.493875
v 0.273126 0.558499 0.493875
v 0.284481 0.566086 0.493875
v 0.297875 0.56875 0.493875
v 0.702125 0.56875 0.493875
v 0.715519 0.566086 0.493875
v 0.726874 0.558499 0.493875
v 0.734461 0.547144 0.493875
v 0.737125 0.53375 0.493875
v 0.737125 0.04375 0.493875
v 0.734461 0.030356 0.493875
v 0.726874 0.019001 0.493875
v 0.715519 0.011414 0.493875
v 0.702125 0.00875 0.493875
v 0.297875 0.00875 0.506125
v 0.284481 0.011414 0.506125
v 0.273126 0.019001 0.506125
v 0.265539 0.030356 0.506125
v 0.262875 0.04375 0.506125
v 0.262875 0.53375 0.506125
v 0.265539 0.547144 0.506125
v 0.273126 0.558499 0.506125
v 0.284481 0.566086 0.506125
v 0.297875 0.56875 0.506125
v 0.702125 0.56875 0.506125
v 0.715519 0.566086 0.506125
v 0.726874 0.558499 0.506125
v 0.734461 0.547144 0.506125
v 0.737125 0.53375 0.506125
v 0.737125 0.04375 0.506125
v 0.734461 0.030356 0.506125
v 0.726874 0.019001 0.506125
v 0.715519 0.011414 0.506125
v 0.702125 0.00875 0.506125
v 0.702125 0.00175 0.493875
v 0.719537 0.005213 0.493875
v 0.734298 0.015077 0.493875
v 0.744162 0.029838 0.493875
v 0.747625 0.04725 0.493875
v 0.747625 0.53375 0.493875
v 0.744162 0.551162 0.493875
v 0.734298 0.565923 0.493875
v 0.719537 0.575787 0.493875
v 0.702125 0.57925 0.493875
v 0.297875 0.57925 0.493875
v 0.280463 0.575787 0.493875
v 0.265702 0.565923 0.493875
v 0.255838 0.551162 0.493875
v 0.252375 0.53375 0.493875
v 0.252375 0.04725 0.493875
v 0.255838 0.029838 0.493875
v 0.265702 0.015077 0.493875
v 0.280463 0.005213 0.493875
v 0.297875 0.00175 0.493875
v 0.297875 0.00875 0.493875
v 0.284481 0.011414 0.493875
v 0.273126 0.019001 0.493875
v 0.265539 0.030356 0.493875
v 0.262875 0.04375 0.493875
v 0.262875 0.53375 0.493875
v 0.265539 0.547144 0.493875
v 0.273126 0.558499 0.493875
v 0.284481 0.566086 0.493875
v 0.297875 0.56875 0.493875
v 0.702125 0.56875 0.493875
v 0.715519 0.566086 0.493875
v 0.726874 0.558499 0.493875
v 0.734461 0.547144 0.493875
v 0.737125 0.53375 0.493875
v 0.737125 0.04375 0.493875
v 0.734461 0.030356 0.493875
v 0.726874 0.019001 0.493875
v 0.715519 0.011414 0.493875
v 0.702125 0.00875 0.493875
v 0.702125 0.00175 0.506125
v 0.719537 0.005213 0.506125
v 0.734298 0.015077 0.506125
v 0.744162 0.029838 0.506125
v 0.747625 0.04725 0.506125
v 0.747625 0.53375 0.506125
v 0.744162 0.551162 0.506125
v 0.734298 0.565923 0.506125
v 0.719537 0.575787 0.506125
v 0.702125 0.57925 0.506125
v 0.297875 0.57925 0.506125
v 0.280463 0.575787 0.506125
v 0.265702 0.565923 0.506125
v 0.255838 0.551162 0.506125
v 0.252375 0.53375 0.506125
v 0.252375 0.04725 0.506125
v 0.255838 0.029838 0.506125
v 0.265702 0.015077 0.506125
v 0.280463 0.005213 0.506125
v 0.297875 0.00175 0.506125
v 0.297875 0.00875 0.506125
v 0.284481 0.011414 0.506125
v 0.273126 0.019001 0.506125
v 0.265539 0.030356 0.506125
v 0.262875 0.04375 0.506125
v 0.262875 0.53375 0.506125
v 0.265539 0.547144 0.506125
v 0.273126 0.558499 0.506125
v 0.284481 0.566086 0.506125
v 0.297875 0.56875 0.506125
v 0.702125 0.56875 0.506125
v 0.715519 0.566086 0.506125
v 0.726874 0.558499 0.506125
v 0.734461 0.547144 0.506125
v 0.737125 0.53375 0.506125
v 0.737125 0.04375 0.506125
v 0.734461 0.030356 0.506125
v 0.726874 0.019001 0.506125
v 0.715519 0.011414 0.506125
v 0.702125 0.00875 0.506125
vt 0.090445 0.097418
vt 0.09431 0.097418
vt 0.09431 0.100098
vt 0.090445 0.100098
vt 0.396973 0.097418
vt 0.400856 0.097418
vt 0.400856 0.100098
vt 0.396973 0.100098
vt 0.403809 0.097418
vt 0.407692 0.097418
vt 0.407692 0.100098
vt 0.403809 0.100098
vt 0.645996 0.103277
vt 0.649861 0.103277
vt 0.649861 0.105957
vt 0.645996 0.105957
vt 0.649861 0.103277
vt 0.75577 0.103277
vt 0.75577 0.105957
vt 0.649861 0.105957
vt 0.383301 0.097418
vt 0.387184 0.097418
vt 0.387184 0.100098
vt 0.383301 0.100098
vt 0.424316 0.097418
vt 0.4282 0.097418
vt 0.4282 0.100098
vt 0.424316 0.100098
vt 0.444824 0.097418
vt 0.448708 0.097418
vt 0.448708 0.100098
vt 0.444824 0.100098
vt 0.098145 0.097418
vt 0.102009 0.097418
vt 0.102009 0.100098
vt 0.098145 0.100098
vt 0.102009 0.097418
vt 0.190013 0.097418
vt 0.190013 0.100098
vt 0.102009 0.100098
vt 0.410645 0.097418
vt 0.414528 0.097418
vt 0.414528 0.100098
vt 0.410645 0.100098
vt 0.45166 0.097418
vt 0.455544 0.097418
vt 0.455544 0.100098
vt 0.45166 0.100098
vt 0.431152 0.097418
vt 0.435036 0.097418
vt 0.435036 0.100098
vt 0.431152 0.100098
vt 0.532715 0.103277
vt 0.53658 0.103277
vt 0.53658 0.105957
vt 0.532715 0.105957
vt 0.53658 0.103277
vt 0.642489 0.103277
vt 0.642489 0.105957
vt 0.53658 0.105957
vt 0.458496 0.097418
vt 0.46238 0.097418
vt 0.46238 0.100098
vt 0.458496 0.100098
vt 0.41748 0.097418
vt 0.421364 0.097418
vt 0.421364 0.100098
vt 0.41748 0.100098
vt 0.390137 0.097418
vt 0.39402 0.097418
vt 0.39402 0.100098
vt 0.390137 0.100098
vt 0.437988 0.097418
vt 0.441872 0.097418
vt 0.441872 0.100098
vt 0.437988 0.100098
vt 0.002441 0.097418
vt 0.090445 0.097418
vt 0.090445 0.100098
vt 0.002441 0.100098
vt 0.281852 0.097418
vt 0.284824 0.097418
vt 0.284824 0.100098
vt 0.281852 0.100098
vt 0.513184 0.097418
vt 0.516171 0.097418
vt 0.516171 0.100098
vt 0.513184 0.100098
vt 0.479004 0.097418
vt 0.481991 0.097418
vt 0.481991 0.100098
vt 0.479004 0.100098
vt 0.759277 0.103277
vt 0.76225 0.103277
vt 0.76225 0.105957
vt 0.759277 0.105957
vt 0.76225 0.103277
vt 0.868922 0.103277
vt 0.868922 0.105957
vt 0.76225 0.105957
vt 0.540527 0.097418
vt 0.543515 0.097418
vt 0.543515 0.100098
vt 0.540527 0.100098
vt 0.465332 0.097418
vt 0.468319 0.097418
vt 0.468319 0.100098
vt 0.465332 0.100098
vt 0.526855 0.097418
vt 0.529843 0.097418
vt 0.529843 0.100098
vt 0.526855 0.100098
vt 0.288574 0.097418
vt 0.291547 0.097418
vt 0.291547 0.100098
vt 0.288574 0.100098
vt 0.291547 0.097418
vt 0.379551 0.097418
vt 0.379551 0.100098
vt 0.291547 0.100098
vt 0.492676 0.097418
vt 0.495663 0.097418
vt 0.495663 0.100098
vt 0.492676 0.100098
vt 0.533691 0.097418
vt 0.536679 0.097418
vt 0.536679 0.100098
vt 0.533691 0.100098
vt 0.472168 0.097418
vt 0.475155 0.097418
vt 0.475155 0.100098
vt 0.472168 0.100098
vt 0.872559 0.103277
vt 0.875532 0.103277
vt 0.875532 0.105957
vt 0.872559 0.105957
vt 0.875532 0.103277
vt 0.982203 0.103277
vt 0.982203 0.105957
vt 0.875532 0.105957
vt 0.499512 0.097418
vt 0.502499 0.097418
vt 0.502499 0.100098
vt 0.499512 0.100098
vt 0.48584 0.097418
vt 0.488827 0.097418
vt 0.488827 0.100098
vt 0.48584 0.100098
vt 0.52002 0.097418
vt 0.523007 0.097418
vt 0.523007 0.100098
vt 0.52002 0.100098
vt 0.506348 0.097418
vt 0.509335 0.097418
vt 0.509335 0.100098
vt 0.506348 0.100098
vt 0.193848 0.097418
vt 0.281852 0.097418
vt 0.281852 0.100098
vt 0.193848 0.100098
vt 0.290308 0.991414
vt 0.289551 0.987605
vt 0.289551 0.899176
vt 0.295695 0.996801
vt 0.292466 0.994643
vt 0.290308 0.991414
vt 0.299504 0.997559
vt 0.295695 0.996801
vt 0.290308 0.991414
vt 0.405926 0.995262
vt 0.405926 0.997559
vt 0.299504 0.997559
vt 0.298738 0.995262
vt 0.405926 0.995262
vt 0.299504 0.997559
vt 0.295808 0.994679
vt 0.298738 0.995262
vt 0.299504 0.997559
vt 0.295808 0.994679
vt 0.299504 0.997559
vt 0.290308 0.991414
vt 0.293324 0.993019
vt 0.295808 0.994679
vt 0.290308 0.991414
vt 0.291665 0.990535
vt 0.293324 0.993019
vt 0.290308 0.991414
vt 0.291082 0.987605
vt 0.291665 0.990535
vt 0.290308 0.991414
vt 0.291082 0.987605
vt 0.290308 0.991414
vt 0.289551 0.899176
vt 0.291082 0.899176
vt 0.291082 0.987605
vt 0.289551 0.899176
vt 0.291665 0.896246
vt 0.291082 0.899176
vt 0.289551 0.899176
vt 0.293324 0.893762
vt 0.291665 0.896246
vt 0.289551 0.899176
vt 0.405926 0.997559
vt 0.405926 0.995262
vt 0.408856 0.994679
vt 0.405926 0.997559
vt 0.408856 0.994679
vt 0.41134 0.993019
vt 0.409735 0.996801
vt 0.405926 0.997559
vt 0.41134 0.993019
vt 0.409735 0.996801
vt 0.41134 0.993019
vt 0.412999 0.990535
vt 0.412964 0.994643
vt 0.409735 0.996801
vt 0.412999 0.990535
vt 0.412964 0.994643
vt 0.412999 0.990535
vt 0.413582 0.987605
vt 0.415121 0.991414
vt 0.412964 0.994643
vt 0.413582 0.987605
vt 0.415121 0.991414
vt 0.413582 0.987605
vt 0.413582 0.899176
vt 0.415879 0.987605
vt 0.415121 0.991414
vt 0.413582 0.899176
vt 0.415879 0.899176
vt 0.415879 0.987605
vt 0.413582 0.899176
vt 0.415879 0.899176
vt 0.413582 0.899176
vt 0.412999 0.896246
vt 0.415879 0.899176
vt 0.412999 0.896246
vt 0.41134 0.893762
vt 0.415121 0.895367
vt 0.415879 0.899176
vt 0.41134 0.893762
vt 0.415121 0.895367
vt 0.41134 0.893762
vt 0.408856 0.892102
vt 0.412964 0.892138
vt 0.415121 0.895367
vt 0.408856 0.892102
vt 0.412964 0.892138
vt 0.408856 0.892102
vt 0.405926 0.89152
vt 0.409735 0.88998
vt 0.412964 0.892138
vt 0.405926 0.89152
vt 0.409735 0.88998
vt 0.405926 0.89152
vt 0.298738 0.89152
vt 0.405926 0.889223
vt 0.409735 0.88998
vt 0.298738 0.89152
vt 0.299504 0.889223
vt 0.405926 0.889223
vt 0.298738 0.89152
vt 0.299504 0.889223
vt 0.298738 0.89152
vt 0.295808 0.892102
vt 0.299504 0.889223
vt 0.295808 0.892102
vt 0.293324 0.893762
vt 0.295695 0.88998
vt 0.299504 0.889223
vt 0.293324 0.893762
vt 0.295695 0.88998
vt 0.293324 0.893762
vt 0.289551 0.899176
vt 0.292466 0.892138
vt 0.295695 0.88998
vt 0.289551 0.899176
vt 0.289551 0.899176
vt 0.290308 0.895367
vt 0.292466 0.892138
vt 0.419434 0.987605
vt 0.419434 0.899176
vt 0.420191 0.895367
vt 0.420191 0.895367
vt 0.422349 0.892138
vt 0.425578 0.88998
vt 0.420191 0.895367
vt 0.425578 0.88998
vt 0.429387 0.889223
vt 0.429387 0.889223
vt 0.535809 0.889223
vt 0.535809 0.89152
vt 0.429387 0.889223
vt 0.535809 0.89152
vt 0.428621 0.89152
vt 0.429387 0.889223
vt 0.428621 0.89152
vt 0.425691 0.892102
vt 0.420191 0.895367
vt 0.429387 0.889223
vt 0.425691 0.892102
vt 0.420191 0.895367
vt 0.425691 0.892102
vt 0.423207 0.893762
vt 0.420191 0.895367
vt 0.423207 0.893762
vt 0.421548 0.896246
vt 0.420191 0.895367
vt 0.421548 0.896246
vt 0.420965 0.899176
vt 0.419434 0.987605
vt 0.420191 0.895367
vt 0.420965 0.899176
vt 0.419434 0.987605
vt 0.420965 0.899176
vt 0.420965 0.987605
vt 0.419434 0.987605
vt 0.420965 0.987605
vt 0.421548 0.990535
vt 0.419434 0.987605
vt 0.421548 0.990535
vt 0.423207 0.993019
vt 0.538739 0.892102
vt 0.535809 0.89152
vt 0.535809 0.889223
vt 0.541222 0.893762
vt 0.538739 0.892102
vt 0.535809 0.889223
vt 0.541222 0.893762
vt 0.535809 0.889223
vt 0.539617 0.88998
vt 0.542882 0.896246
vt 0.541222 0.893762
vt 0.539617 0.88998
vt 0.542882 0.896246
vt 0.539617 0.88998
vt 0.542847 0.892138
vt 0.543465 0.899176
vt 0.542882 0.896246
vt 0.542847 0.892138
vt 0.543465 0.899176
vt 0.542847 0.892138
vt 0.545004 0.895367
vt 0.543465 0.987605
vt 0.543465 0.899176
vt 0.545004 0.895367
vt 0.543465 0.987605
vt 0.545004 0.895367
vt 0.545762 0.899176
vt 0.543465 0.987605
vt 0.545762 0.899176
vt 0.545762 0.987605
vt 0.542882 0.990535
vt 0.543465 0.987605
vt 0.545762 0.987605
vt 0.541222 0.993019
vt 0.542882 0.990535
vt 0.545762 0.987605
vt 0.541222 0.993019
vt 0.545762 0.987605
vt 0.545004 0.991414
vt 0.538739 0.994679
vt 0.541222 0.993019
vt 0.545004 0.991414
vt 0.538739 0.994679
vt 0.545004 0.991414
vt 0.542847 0.994643
vt 0.535809 0.995262
vt 0.538739 0.994679
vt 0.542847 0.994643
vt 0.535809 0.995262
vt 0.542847 0.994643
vt 0.539617 0.996801
vt 0.428621 0.995262
vt 0.535809 0.995262
vt 0.539617 0.996801
vt 0.428621 0.995262
vt 0.539617 0.996801
vt 0.535809 0.997559
vt 0.428621 0.995262
vt 0.535809 0.997559
vt 0.429387 0.997559
vt 0.425691 0.994679
vt 0.428621 0.995262
vt 0.429387 0.997559
vt 0.423207 0.993019
vt 0.425691 0.994679
vt 0.429387 0.997559
vt 0.423207 0.993019
vt 0.429387 0.997559
vt 0.425578 0.996801
vt 0.419434 0.987605
vt 0.423207 0.993019
vt 0.425578 0.996801
vt 0.419434 0.987605
vt 0.425578 0.996801
vt 0.422349 0.994643
vt 0.422349 0.994643
vt 0.420191 0.991414
vt 0.419434 0.987605
vn 0.008214 -0.999966 0
vn 0.382683 -0.92388 0
vn 0.707107 -0.707107 0
vn 0.92388 -0.382683 0
vn 0.999976 -0.006873 0
vn 0.999976 0.006873 0
vn 0.92388 0.382683 0
vn 0.707107 0.707107 0
vn 0.382683 0.92388 0
vn 0.008214 0.999966 0
vn -0.008214 0.999966 0
vn -0.382683 0.92388 0
vn -0.707107 0.707107 0
vn -0.92388 0.382683 0
vn -0.999976 0.006873 0
vn -0.999976 -0.006873 0
vn -0.92388 -0.382683 0
vn -0.707107 -0.707107 0
vn -0.382683 -0.92388 0
vn -0.008214 -0.999966 0
vn 0.006379 0.99998 0
vn 0.999986 0.005292 0
vn 0.999986 -0.005292 0
vn 0.006379 -0.99998 0
vn -0.006379 -0.99998 0
vn -0.999986 -0.005292 0
vn -0.999986 0.005292 0
vn -0.006379 0.99998 0
vn 0 0 -1
vn 0 0 1
f 217/565/73 218/566/74 238/567/74 237/568/73
f 218/569/74 219/570/75 239/571/75 238/572/74
f 219/573/75 220/574/76 240/575/76 239/576/75
f 220/577/76 221/578/77 241/579/77 240/580/76
f 221/581/77 222/582/78 242/583/78 241/584/77
f 222/585/78 223/586/79 243/587/79 242/588/78
f 223/589/79 224/590/80 244/591/80 243/592/79
f 224/593/80 225/594/81 245/595/81 244/596/80
f 225/597/81 226/598/82 246/599/82 245/600/81
f 226/601/82 227/602/83 247/603/83 246/604/82
f 227/605/83 228/606/84 248/607/84 247/608/83
f 228/609/84 229/610/85 249/611/85 248/612/84
f 229/613/85 230/614/86 250/615/86 249/616/85
f 230/617/86 231/618/87 251/619/87 250/620/86
f 231/621/87 232/622/88 252/623/88 251/624/87
f 232/625/88 233/626/89 253/627/89 252/628/88
f 233/629/89 234/630/90 254/631/90 253/632/89
f 234/633/90 235/634/91 255/635/91 254/636/90
f 235/637/91 236/638/92 256/639/92 255/640/91
f 236/641/92 217/642/73 237/643/73 256/644/92
f 257/645/93 258/646/81 278/647/81 277/648/93
f 258/649/81 259/650/80 279/651/80 278/652/81
f 259/653/80 260/654/79 280/655/79 279/656/80
f 260/657/79 261/658/94 281/659/94 280/660/79
f 261/661/94 262/662/95 282/663/95 281/664/94
f 262/665/95 263/666/76 283/667/76 282/668/95
f 263/669/76 264/670/75 284/671/75 283/672/76
f 264/673/75 265/674/74 285/675/74 284/676/75
f 265/677/74 266/678/96 286/679/96 285/680/74
f 266/681/96 267/682/97 287/683/97 286/684/96
f 267/685/97 268/686/91 288/687/91 287/688/97
f 268/689/91 269/690/90 289/691/90 288/692/91
f 269/693/90 270/694/89 290/695/89 289/696/90
f 270/697/89 271/698/98 291/699/98 290/700/89
f 271/701/98 272/702/99 292/703/99 291/704/98
f 272/705/99 273/706/86 293/707/86 292/708/99
f 273/709/86 274/710/85 294/711/85 293/712/86
f 274/713/85 275/714/84 295/715/84 294/716/85
f 275/717/84 276/718/100 296/719/100 295/720/84
f 276/721/100 257/722/93 277/723/93 296/724/100
f 298/725/101 297/726/101 316/727/101
f 300/728/101 299/729/101 298/730/101
f 301/731/101 300/732/101 298/733/101
f 331/734/101 302/735/101 301/736/101
f 332/737/101 331/738/101 301/739/101
f 333/740/101 332/741/101 301/742/101
f 333/743/101 301/744/101 298/745/101
f 334/746/101 333/747/101 298/748/101
f 335/749/101 334/750/101 298/751/101
f 336/752/101 335/753/101 298/754/101
f 336/755/101 298/756/101 316/757/101
f 317/758/101 336/759/101 316/760/101
f 318/761/101 317/762/101 316/763/101
f 319/764/101 318/765/101 316/766/101
f 302/767/101 331/768/101 330/769/101
f 302/770/101 330/771/101 329/772/101
f 303/773/101 302/774/101 329/775/101
f 303/776/101 329/777/101 328/778/101
f 304/779/101 303/780/101 328/781/101
f 304/782/101 328/783/101 327/784/101
f 305/785/101 304/786/101 327/787/101
f 305/788/101 327/789/101 326/790/101
f 306/791/101 305/792/101 326/793/101
f 307/794/101 306/795/101 326/796/101
f 307/797/101 326/798/101 325/799/101
f 307/800/101 325/801/101 324/802/101
f 308/803/101 307/804/101 324/805/101
f 308/806/101 324/807/101 323/808/101
f 309/809/101 308/810/101 323/811/101
f 309/812/101 323/813/101 322/814/101
f 310/815/101 309/816/101 322/817/101
f 310/818/101 322/819/101 321/820/101
f 311/821/101 310/822/101 321/823/101
f 312/824/101 311/825/101 321/826/101
f 312/827/101 321/828/101 320/829/101
f 312/830/101 320/831/101 319/832/101
f 313/833/101 312/834/101 319/835/101
f 313/836/101 319/837/101 316/838/101
f 314/839/101 313/840/101 316/841/101
f 316/842/101 315/843/101 314/844/101
f 356/845/102 337/846/102 338/847/102
f 338/848/102 339/849/102 340/850/102
f 338/851/102 340/852/102 341/853/102
f 341/854/102 342/855/102 371/856/102
f 341/857/102 371/858/102 372/859/102
f 341/860/102 372/861/102 373/862/102
f 338/863/102 341/864/102 373/865/102
f 338/866/102 373/867/102 374/868/102
f 338/869/102 374/870/102 375/871/102
f 338/872/102 375/873/102 376/874/102
f 356/875/102 338/876/102 376/877/102
f 356/878/102 376/879/102 357/880/102
f 356/881/102 357/882/102 358/883/102
f 356/884/102 358/885/102 359/886/102
f 370/887/102 371/888/102 342/889/102
f 369/890/102 370/891/102 342/892/102
f 369/893/102 342/894/102 343/895/102
f 368/896/102 369/897/102 343/898/102
f 368/899/102 343/900/102 344/901/102
f 367/902/102 368/903/102 344/904/102
f 367/905/102 344/906/102 345/907/102
f 366/908/102 367/909/102 345/910/102
f 366/911/102 345/912/102 346/913/102
f 366/914/102 346/915/102 347/916/102
f 365/917/102 366/918/102 347/919/102
f 364/920/102 365/921/102 347/922/102
f 364/923/102 347/924/102 348/925/102
f 363/926/102 364/927/102 348/928/102
f 363/929/102 348/930/102 349/931/102
f 362/932/102 363/933/102 349/934/102
f 362/935/102 349/936/102 350/937/102
f 361/938/102 362/939/102 350/940/102
f 361/941/102 350/942/102 351/943/102
f 361/944/102 351/945/102 352/946/102
f 360/947/102 361/948/102 352/949/102
f 359/950/102 360/951/102 352/952/102
f 359/953/102 352/954/102 353/955/102
f 356/956/102 359/957/102 353/958/102
f 356/959/102 353/960/102 354/961/102
f 354/962/102 355/963/102 356/964/102
o jerry_can__body__handles
usemtl fuel_containers
v 0.322678 0.56875 0.403332
v 0.313207 0.56875 0.412803
v 0.313207 0.56875 0.426197
v 0.322678 0.56875 0.435668
v 0.336072 0.56875 0.435668
v 0.345543 0.56875 0.426197
v 0.345543 0.56875 0.412803
v 0.336072 0.56875 0.403332
v 0.322678 0.624518 0.403345
v 0.313207 0.624142 0.412808
v 0.313207 0.623608 0.426192
v 0.322678 0.623232 0.435655
v 0.336072 0.623232 0.435655
v 0.345543 0.623608 0.426192
v 0.345543 0.624142 0.412808
v 0.336072 0.624518 0.403345
v 0.322678 0.641584 0.408077
v 0.313207 0.636848 0.416279
v 0.313207 0.630152 0.427879
v 0.322678 0.625416 0.436081
v 0.336072 0.625416 0.436081
v 0.345543 0.630152 0.427879
v 0.345543 0.636848 0.416279
v 0.336072 0.641584 0.408077
v 0.322678 0.654548 0.421041
v 0.313207 0.646346 0.425777
v 0.313207 0.634746 0.432473
v 0.322678 0.626544 0.437209
v 0.336072 0.626544 0.437209
v 0.345543 0.634746 0.432473
v 0.345543 0.646346 0.425777
v 0.336072 0.654548 0.421041
v 0.322678 0.65929 0.438434
v 0.313207 0.649821 0.438619
v 0.313207 0.636429 0.438881
v 0.322678 0.62696 0.439066
v 0.336072 0.62696 0.439066
v 0.345543 0.636429 0.438881
v 0.345543 0.649821 0.438619
v 0.336072 0.65929 0.438434
v 0.322678 0.65929 0.561566
v 0.313207 0.649821 0.561381
v 0.313207 0.636429 0.561119
v 0.322678 0.62696 0.560934
v 0.336072 0.62696 0.560934
v 0.345543 0.636429 0.561119
v 0.345543 0.649821 0.561381
v 0.336072 0.65929 0.561566
v 0.322678 0.654548 0.578959
v 0.313207 0.646346 0.574223
v 0.313207 0.634746 0.567527
v 0.322678 0.626544 0.562791
v 0.336072 0.626544 0.562791
v 0.345543 0.634746 0.567527
v 0.345543 0.646346 0.574223
v 0.336072 0.654548 0.578959
v 0.322678 0.641584 0.591923
v 0.313207 0.636848 0.583721
v 0.313207 0.630152 0.572121
v 0.322678 0.625416 0.563919
v 0.336072 0.625416 0.563919
v 0.345543 0.630152 0.572121
v 0.345543 0.636848 0.583721
v 0.336072 0.641584 0.591923
v 0.322678 0.624518 0.596655
v 0.313207 0.624142 0.587192
v 0.313207 0.623608 0.573808
v 0.322678 0.623232 0.564345
v 0.336072 0.623232 0.564345
v 0.345543 0.623608 0.573808
v 0.345543 0.624142 0.587192
v 0.336072 0.624518 0.596655
v 0.322678 0.56875 0.596668
v 0.313207 0.56875 0.587197
v 0.313207 0.56875 0.573803
v 0.322678 0.56875 0.564332
v 0.336072 0.56875 0.564332
v 0.345543 0.56875 0.573803
v 0.345543 0.56875 0.587197
v 0.336072 0.56875 0.596668
v 0.418928 0.56875 0.403332
v 0.409457 0.56875 0.412803
v 0.409457 0.56875 0.426197
v 0.418928 0.56875 0.435668
v 0.432322 0.56875 0.435668
v 0.441793 0.56875 0.426197
v 0.441793 0.56875 0.412803
v 0.432322 0.56875 0.403332
v 0.418928 0.624518 0.403345
v 0.409457 0.624142 0.412808
v 0.409457 0.623608 0.426192
v 0.418928 0.623232 0.435655
v 0.432322 0.623232 0.435655
v 0.441793 0.623608 0.426192
v 0.441793 0.624142 0.412808
v 0.432322 0.624518 0.403345
v 0.418928 0.641584 0.408077
v 0.409457 0.636848 0.416279
v 0.409457 0.630152 0.427879
v 0.418928 0.625416 0.436081
v 0.432322 0.625416 0.436081
v 0.441793 0.630152 0.427879
v 0.441793 0.636848 0.416279
v 0.432322 0.641584 0.408077
v 0.418928 0.654548 0.421041
v 0.409457 0.646346 0.425777
v 0.409457 0.634746 0.432473
v 0.418928 0.626544 0.437209
v 0.432322 0.626544 0.437209
v 0.441793 0.634746 0.432473
v 0.441793 0.646346 0.425777
v 0.432322 0.654548 0.421041
v 0.418928 0.65929 0.438434
v 0.409457 0.649821 0.438619
v 0.409457 0.636429 0.438881
v 0.418928 0.62696 0.439066
v 0.432322 0.62696 0.439066
v 0.441793 0.636429 0.438881
v 0.441793 0.649821 0.438619
v 0.432322 0.65929 0.438434
v 0.418928 0.65929 0.561566
v 0.409457 0.649821 0.561381
v 0.409457 0.636429 0.561119
v 0.418928 0.62696 0.560934
v 0.432322 0.62696 0.560934
v 0.441793 0.636429 0.561119
v 0.441793 0.649821 0.561381
v 0.432322 0.65929 0.561566
v 0.418928 0.654548 0.578959
v 0.409457 0.646346 0.574223
v 0.409457 0.634746 0.567527
v 0.418928 0.626544 0.562791
v 0.432322 0.626544 0.562791
v 0.441793 0.634746 0.567527
v 0.441793 0.646346 0.574223
v 0.432322 0.654548 0.578959
v 0.418928 0.641584 0.591923
v 0.409457 0.636848 0.583721
v 0.409457 0.630152 0.572121
v 0.418928 0.625416 0.563919
v 0.432322 0.625416 0.563919
v 0.441793 0.630152 0.572121
v 0.441793 0.636848 0.583721
v 0.432322 0.641584 0.591923
v 0.418928 0.624518 0.596655
v 0.409457 0.624142 0.587192
v 0.409457 0.623608 0.573808
v 0.418928 0.623232 0.564345
v 0.432322 0.623232 0.564345
v 0.441793 0.623608 0.573808
v 0.441793 0.624142 0.587192
v 0.432322 0.624518 0.596655
v 0.418928 0.56875 0.596668
v 0.409457 0.56875 0.587197
v 0.409457 0.56875 0.573803
v 0.418928 0.56875 0.564332
v 0.432322 0.56875 0.564332
v 0.441793 0.56875 0.573803
v 0.441793 0.56875 0.587197
v 0.432322 0.56875 0.596668
v 0.515178 0.56875 0.403332
v 0.505707 0.56875 0.412803
v 0.505707 0.56875 0.426197
v 0.515178 0.56875 0.435668
v 0.528572 0.56875 0.435668
v 0.538043 0.56875 0.426197
v 0.538043 0.56875 0.412803
v 0.528572 0.56875 0.403332
v 0.515178 0.624518 0.403345
v 0.505707 0.624142 0.412808
v 0.505707 0.623608 0.426192
v 0.515178 0.623232 0.435655
v 0.528572 0.623232 0.435655
v 0.538043 0.623608 0.426192
v 0.538043 0.624142 0.412808
v 0.528572 0.624518 0.403345
v 0.515178 0.641584 0.408077
v 0.505707 0.636848 0.416279
v 0.505707 0.630152 0.427879
v 0.515178 0.625416 0.436081
v 0.528572 0.625416 0.436081
v 0.538043 0.630152 0.427879
v 0.538043 0.636848 0.416279
v 0.528572 0.641584 0.408077
v 0.515178 0.654548 0.421041
v 0.505707 0.646346 0.425777
v 0.505707 0.634746 0.432473
v 0.515178 0.626544 0.437209
v 0.528572 0.626544 0.437209
v 0.538043 0.634746 0.432473
v 0.538043 0.646346 0.425777
v 0.528572 0.654548 0.421041
v 0.515178 0.65929 0.438434
v 0.505707 0.649821 0.438619
v 0.505707 0.636429 0.438881
v 0.515178 0.62696 0.439066
v 0.528572 0.62696 0.439066
v 0.538043 0.636429 0.438881
v 0.538043 0.649821 0.438619
v 0.528572 0.65929 0.438434
v 0.515178 0.65929 0.561566
v 0.505707 0.649821 0.561381
v 0.505707 0.636429 0.561119
v 0.515178 0.62696 0.560934
v 0.528572 0.62696 0.560934
v 0.538043 0.636429 0.561119
v 0.538043 0.649821 0.561381
v 0.528572 0.65929 0.561566
v 0.515178 0.654548 0.578959
v 0.505707 0.646346 0.574223
v 0.505707 0.634746 0.567527
v 0.515178 0.626544 0.562791
v 0.528572 0.626544 0.562791
v 0.538043 0.634746 0.567527
v 0.538043 0.646346 0.574223
v 0.528572 0.654548 0.578959
v 0.515178 0.641584 0.591923
v 0.505707 0.636848 0.583721
v 0.505707 0.630152 0.572121
v 0.515178 0.625416 0.563919
v 0.528572 0.625416 0.563919
v 0.538043 0.630152 0.572121
v 0.538043 0.636848 0.583721
v 0.528572 0.641584 0.591923
v 0.515178 0.624518 0.596655
v 0.505707 0.624142 0.587192
v 0.505707 0.623608 0.573808
v 0.515178 0.623232 0.564345
v 0.528572 0.623232 0.564345
v 0.538043 0.623608 0.573808
v 0.538043 0.624142 0.587192
v 0.528572 0.624518 0.596655
v 0.515178 0.56875 0.596668
v 0.505707 0.56875 0.587197
v 0.505707 0.56875 0.573803
v 0.515178 0.56875 0.564332
v 0.528572 0.56875 0.564332
v 0.538043 0.56875 0.573803
v 0.538043 0.56875 0.587197
v 0.528572 0.56875 0.596668
vt 0.03776 0.188981
vt 0.038039 0.191897
vt 0.026032 0.193044
vt 0.025672 0.190137
vt 0.369629 0.374356
vt 0.372559 0.374356
vt 0.372558 0.386356
vt 0.36963 0.386473
vt 0.534332 0.182008
vt 0.534579 0.184927
vt 0.522746 0.185929
vt 0.522417 0.183018
vt 0.852051 0.137207
vt 0.852051 0.134277
vt 0.863913 0.134277
vt 0.863913 0.137207
vt 0.487793 0.184927
vt 0.48804 0.182008
vt 0.499955 0.183018
vt 0.499626 0.185929
vt 0.414551 0.39209
vt 0.411621 0.39209
vt 0.411622 0.379973
vt 0.41455 0.38009
vt 0.932129 0.200686
vt 0.932408 0.19777
vt 0.944496 0.198926
vt 0.944135 0.201834
vt 0.914551 0.137207
vt 0.914551 0.134277
vt 0.92675 0.134277
vt 0.92675 0.137207
vt 0.025672 0.190137
vt 0.026032 0.193044
vt 0.023278 0.193848
vt 0.021973 0.191227
vt 0.36963 0.386473
vt 0.372558 0.386356
vt 0.372927 0.387787
vt 0.370389 0.389252
vt 0.522417 0.183018
vt 0.522746 0.185929
vt 0.522272 0.186035
vt 0.520996 0.1834
vt 0.863913 0.137207
vt 0.863913 0.134277
vt 0.864398 0.134277
vt 0.864398 0.137207
vt 0.499626 0.185929
vt 0.499955 0.183018
vt 0.501376 0.1834
vt 0.5001 0.186035
vt 0.41455 0.38009
vt 0.411622 0.379973
vt 0.412382 0.377193
vt 0.414919 0.378658
vt 0.944135 0.201834
vt 0.944496 0.198926
vt 0.948195 0.200016
vt 0.94689 0.202637
vt 0.984863 0.137207
vt 0.984863 0.134277
vt 0.988737 0.134277
vt 0.988737 0.137207
vt 0.919434 0.191559
vt 0.921517 0.1895
vt 0.92393 0.191176
vt 0.922727 0.193848
vt 0.370389 0.389252
vt 0.372927 0.387787
vt 0.373932 0.388792
vt 0.372467 0.39133
vt 0.038409 0.080149
vt 0.040468 0.082233
vt 0.040269 0.08252
vt 0.037598 0.081316
vt 0.268066 0.037249
vt 0.270996 0.037249
vt 0.270996 0.037598
vt 0.268066 0.037598
vt 0.043457 0.082233
vt 0.045517 0.080149
vt 0.046328 0.081316
vt 0.043656 0.08252
vt 0.414919 0.378658
vt 0.412382 0.377193
vt 0.414459 0.375116
vt 0.415924 0.377653
vt 0.882455 0.193848
vt 0.880371 0.191788
vt 0.883665 0.1895
vt 0.884868 0.192171
vt 0.945801 0.137207
vt 0.945801 0.134277
vt 0.949811 0.134277
vt 0.949811 0.137207
vt 0.783691 0.170653
vt 0.784741 0.167919
vt 0.787589 0.168457
vt 0.787548 0.171387
vt 0.372467 0.39133
vt 0.373932 0.388792
vt 0.375333 0.38916
vt 0.375276 0.39209
vt 0.475098 0.136947
vt 0.476147 0.134213
vt 0.476557 0.134277
vt 0.476517 0.137207
vt 0.791504 0.137207
vt 0.791504 0.134277
vt 0.791918 0.134277
vt 0.791918 0.137207
vt 0.507397 0.137207
vt 0.506348 0.134473
vt 0.507767 0.134213
vt 0.507807 0.137143
vt 0.415924 0.377653
vt 0.414459 0.375116
vt 0.417268 0.374356
vt 0.417326 0.377285
vt 0.750562 0.171387
vt 0.749512 0.168653
vt 0.753369 0.167919
vt 0.753409 0.170849
vt 0.961426 0.137207
vt 0.961426 0.134277
vt 0.965369 0.134277
vt 0.965369 0.137207
vt 0.787548 0.171387
vt 0.787589 0.168457
vt 0.814323 0.168457
vt 0.814363 0.171387
vt 0.375276 0.39209
vt 0.375333 0.38916
vt 0.402073 0.38916
vt 0.40213 0.39209
vt 0.476517 0.137207
vt 0.476557 0.134277
vt 0.503111 0.134277
vt 0.503151 0.137207
vt 0.791918 0.137207
vt 0.791918 0.134277
vt 0.818415 0.134277
vt 0.818415 0.137207
vt 0.507807 0.137143
vt 0.507767 0.134213
vt 0.534401 0.134213
vt 0.534361 0.137143
vt 0.417326 0.377285
vt 0.417268 0.374356
vt 0.444122 0.374356
vt 0.444065 0.377285
vt 0.753409 0.170849
vt 0.753369 0.167919
vt 0.780183 0.167919
vt 0.780143 0.170849
vt 0.730957 0.137207
vt 0.730957 0.134277
vt 0.757892 0.134277
vt 0.757892 0.137207
vt 0.639201 0.171387
vt 0.63916 0.168457
vt 0.64202 0.167919
vt 0.643076 0.170652
vt 0.40213 0.39209
vt 0.402073 0.38916
vt 0.403475 0.388792
vt 0.40494 0.39133
vt 0.51123 0.045938
vt 0.51416 0.045898
vt 0.514224 0.046309
vt 0.511491 0.047363
vt 0.247559 0.037181
vt 0.250489 0.037181
vt 0.250489 0.037598
vt 0.247559 0.037598
vt 0.545474 0.045898
vt 0.548404 0.045938
vt 0.548144 0.047363
vt 0.54541 0.046309
vt 0.444065 0.377285
vt 0.444122 0.374356
vt 0.446932 0.375116
vt 0.445467 0.377653
vt 0.600098 0.170848
vt 0.600138 0.167919
vt 0.604013 0.168653
vt 0.602958 0.171387
vt 0.969238 0.137207
vt 0.969238 0.134277
vt 0.973182 0.134277
vt 0.973182 0.137207
vt 0.928449 0.193848
vt 0.927246 0.191176
vt 0.929659 0.1895
vt 0.931743 0.191559
vt 0.40494 0.39133
vt 0.403475 0.388792
vt 0.40448 0.387787
vt 0.407017 0.389252
vt 0.994629 0.087212
vt 0.9973 0.086008
vt 0.9975 0.086295
vt 0.99544 0.088379
vt 0.288574 0.037249
vt 0.291504 0.037249
vt 0.291504 0.037598
vt 0.288574 0.037598
vt 0.983109 0.086008
vt 0.985781 0.087212
vt 0.98497 0.088379
vt 0.98291 0.086295
vt 0.445467 0.377653
vt 0.446932 0.375116
vt 0.449009 0.377193
vt 0.446472 0.378658
vt 0.895996 0.192171
vt 0.897199 0.1895
vt 0.900493 0.191788
vt 0.898409 0.193848
vt 0.953613 0.137207
vt 0.953613 0.134277
vt 0.957624 0.134277
vt 0.957624 0.137207
vt 0.79541 0.200391
vt 0.796716 0.19777
vt 0.79947 0.198573
vt 0.799109 0.201481
vt 0.407017 0.389252
vt 0.40448 0.387787
vt 0.404849 0.386356
vt 0.407776 0.386473
vt 0.404785 0.184643
vt 0.406061 0.182008
vt 0.406535 0.182114
vt 0.406206 0.185026
vt 0.895648 0.134277
vt 0.895648 0.137207
vt 0.895163 0.137207
vt 0.895163 0.134277
vt 0.350686 0.182008
vt 0.351962 0.184643
vt 0.350541 0.185026
vt 0.350211 0.182114
vt 0.446472 0.378658
vt 0.449009 0.377193
vt 0.449769 0.379973
vt 0.446841 0.38009
vt 0.829702 0.19777
vt 0.831008 0.200391
vt 0.827309 0.201481
vt 0.826948 0.198573
vt 0.995573 0.134277
vt 0.995573 0.137207
vt 0.991699 0.137207
vt 0.991699 0.134277
vt 0.799109 0.201481
vt 0.79947 0.198573
vt 0.811476 0.19972
vt 0.811198 0.202637
vt 0.407776 0.386473
vt 0.404849 0.386356
vt 0.404848 0.374356
vt 0.407778 0.374356
vt 0.406206 0.185026
vt 0.406535 0.182114
vt 0.418368 0.183116
vt 0.418121 0.186035
vt 0.895163 0.134277
vt 0.895163 0.137207
vt 0.883301 0.137207
vt 0.883301 0.134277
vt 0.350211 0.182114
vt 0.350541 0.185026
vt 0.338626 0.186035
vt 0.338379 0.183116
vt 0.446841 0.38009
vt 0.449769 0.379973
vt 0.44977 0.39209
vt 0.44684 0.39209
vt 0.826948 0.198573
vt 0.827309 0.201481
vt 0.81522 0.202637
vt 0.814941 0.19972
vt 0.942375 0.134277
vt 0.942375 0.137207
vt 0.930176 0.137207
vt 0.930176 0.134277
vt 0.85026 0.19777
vt 0.850539 0.200686
vt 0.838532 0.201834
vt 0.838172 0.198926
vt 0.495605 0.374356
vt 0.498535 0.374356
vt 0.498534 0.386356
vt 0.495607 0.386473
vt 0.51773 0.182008
vt 0.517977 0.184927
vt 0.506145 0.185929
vt 0.505816 0.183018
vt 0.867676 0.137207
vt 0.867676 0.134277
vt 0.879538 0.134277
vt 0.879538 0.137207
vt 0.471191 0.184927
vt 0.471439 0.182008
vt 0.483353 0.183018
vt 0.483024 0.185929
vt 0.330567 0.39209
vt 0.327637 0.39209
vt 0.327638 0.379973
vt 0.330565 0.38009
vt 0.893066 0.200686
vt 0.893345 0.19777
vt 0.905434 0.198926
vt 0.905073 0.201834
vt 0.078613 0.130371
vt 0.078613 0.127441
vt 0.090813 0.127441
vt 0.090813 0.130371
vt 0.838172 0.198926
vt 0.838532 0.201834
vt 0.835778 0.202637
vt 0.834473 0.200016
vt 0.495607 0.386473
vt 0.498534 0.386356
vt 0.498903 0.387787
vt 0.496366 0.389252
vt 0.505816 0.183018
vt 0.506145 0.185929
vt 0.50567 0.186035
vt 0.504395 0.1834
vt 0.879538 0.137207
vt 0.879538 0.134277
vt 0.880023 0.134277
vt 0.880023 0.137207
vt 0.483024 0.185929
vt 0.483353 0.183018
vt 0.484774 0.1834
vt 0.483498 0.186035
vt 0.330565 0.38009
vt 0.327638 0.379973
vt 0.328397 0.377193
vt 0.330935 0.378658
vt 0.905073 0.201834
vt 0.905434 0.198926
vt 0.909133 0.200016
vt 0.907827 0.202637
vt 0.141113 0.130371
vt 0.141113 0.127441
vt 0.144987 0.127441
vt 0.144987 0.130371
vt 0.911621 0.191559
vt 0.913705 0.1895
vt 0.916118 0.191176
vt 0.914915 0.193848
vt 0.496366 0.389252
vt 0.498903 0.387787
vt 0.499908 0.388792
vt 0.498443 0.39133
vt 0.020831 0.080149
vt 0.02289 0.082233
vt 0.022691 0.08252
vt 0.02002 0.081316
vt 0.274902 0.037249
vt 0.277832 0.037249
vt 0.277832 0.037598
vt 0.274902 0.037598
vt 0.008301 0.082233
vt 0.01036 0.080149
vt 0.011171 0.081316
vt 0.0085 0.08252
vt 0.330935 0.378658
vt 0.328397 0.377193
vt 0.330475 0.375116
vt 0.33194 0.377653
vt 0.905892 0.193848
vt 0.903809 0.191788
vt 0.907102 0.1895
vt 0.908305 0.192171
vt 0.109863 0.130371
vt 0.109863 0.127441
vt 0.113874 0.127441
vt 0.113874 0.130371
vt 0.681152 0.170653
vt 0.682202 0.167919
vt 0.68505 0.168457
vt 0.685009 0.171387
vt 0.498443 0.39133
vt 0.499908 0.388792
vt 0.50131 0.38916
vt 0.501253 0.39209
vt 0.537598 0.136947
vt 0.538647 0.134213
vt 0.539057 0.134277
vt 0.539017 0.137207
vt 0.821777 0.137207
vt 0.821777 0.134277
vt 0.822191 0.134277
vt 0.822191 0.137207
vt 0.569897 0.137207
vt 0.568848 0.134473
vt 0.570267 0.134213
vt 0.570307 0.137143
vt 0.33194 0.377653
vt 0.330475 0.375116
vt 0.333284 0.374356
vt 0.333341 0.377285
vt 0.716382 0.171387
vt 0.715332 0.168653
vt 0.719189 0.167919
vt 0.71923 0.170849
vt 0.125488 0.130371
vt 0.125488 0.127441
vt 0.129432 0.127441
vt 0.129432 0.130371
vt 0.685009 0.171387
vt 0.68505 0.168457
vt 0.711784 0.168457
vt 0.711824 0.171387
vt 0.501253 0.39209
vt 0.50131 0.38916
vt 0.52805 0.38916
vt 0.528107 0.39209
vt 0.539017 0.137207
vt 0.539057 0.134277
vt 0.565611 0.134277
vt 0.565651 0.137207
vt 0.822191 0.137207
vt 0.822191 0.134277
vt 0.848688 0.134277
vt 0.848688 0.137207
vt 0.570307 0.137143
vt 0.570267 0.134213
vt 0.596901 0.134213
vt 0.596861 0.137143
vt 0.333341 0.377285
vt 0.333284 0.374356
vt 0.360138 0.374356
vt 0.360081 0.377285
vt 0.71923 0.170849
vt 0.719189 0.167919
vt 0.746003 0.167919
vt 0.745963 0.170849
vt 0.018066 0.130371
vt 0.018066 0.127441
vt 0.045001 0.127441
vt 0.045001 0.130371
vt 0.607951 0.171387
vt 0.60791 0.168457
vt 0.61077 0.167919
vt 0.611826 0.170652
vt 0.528107 0.39209
vt 0.52805 0.38916
vt 0.529451 0.388792
vt 0.530916 0.39133
vt 0.524902 0.045938
vt 0.527832 0.045898
vt 0.527896 0.046309
vt 0.525163 0.047363
vt 0.254395 0.037181
vt 0.257324 0.037181
vt 0.257324 0.037598
vt 0.254395 0.037598
vt 0.538639 0.045898
vt 0.541568 0.045938
vt 0.541308 0.047363
vt 0.538574 0.046309
vt 0.360081 0.377285
vt 0.360138 0.374356
vt 0.362947 0.375116
vt 0.361482 0.377653
vt 0.615723 0.170848
vt 0.615763 0.167919
vt 0.619638 0.168653
vt 0.618583 0.171387
vt 0.133301 0.130371
vt 0.133301 0.127441
vt 0.137244 0.127441
vt 0.137244 0.130371
vt 0.951887 0.193848
vt 0.950684 0.191176
vt 0.953096 0.1895
vt 0.95518 0.191559
vt 0.530916 0.39133
vt 0.529451 0.388792
vt 0.530456 0.387787
vt 0.532994 0.389252
vt 0.98877 0.087212
vt 0.991441 0.086008
vt 0.99164 0.086295
vt 0.989581 0.088379
vt 0.29541 0.037249
vt 0.29834 0.037249
vt 0.29834 0.037598
vt 0.29541 0.037598
vt 0.031937 0.080149
vt 0.034609 0.081352
vt 0.033798 0.08252
vt 0.031738 0.080436
vt 0.361482 0.377653
vt 0.362947 0.375116
vt 0.365025 0.377193
vt 0.362488 0.378658
vt 0.958496 0.192171
vt 0.959699 0.1895
vt 0.962993 0.191788
vt 0.960909 0.193848
vt 0.117676 0.130371
vt 0.117676 0.127441
vt 0.121686 0.127441
vt 0.121686 0.130371
vt 0.854004 0.200391
vt 0.855309 0.19777
vt 0.858064 0.198573
vt 0.857703 0.201481
vt 0.532994 0.389252
vt 0.530456 0.387787
vt 0.530825 0.386356
vt 0.533753 0.386473
vt 0.421387 0.184643
vt 0.422663 0.182008
vt 0.423137 0.182114
vt 0.422808 0.185026
vt 0.911273 0.134277
vt 0.911273 0.137207
vt 0.910788 0.137207
vt 0.910788 0.134277
vt 0.367287 0.182008
vt 0.368563 0.184643
vt 0.367142 0.185026
vt 0.366813 0.182114
vt 0.362488 0.378658
vt 0.365025 0.377193
vt 0.365784 0.379973
vt 0.362857 0.38009
vt 0.927359 0.19777
vt 0.928664 0.200391
vt 0.924965 0.201481
vt 0.924604 0.198573
vt 0.151823 0.127441
vt 0.151823 0.130371
vt 0.147949 0.130371
vt 0.147949 0.127441
vt 0.857703 0.201481
vt 0.858064 0.198573
vt 0.87007 0.19972
vt 0.869791 0.202637
vt 0.533753 0.386473
vt 0.530825 0.386356
vt 0.530824 0.374356
vt 0.533754 0.374356
vt 0.422808 0.185026
vt 0.423137 0.182114
vt 0.43497 0.183116
vt 0.434722 0.186035
vt 0.910788 0.134277
vt 0.910788 0.137207
vt 0.898926 0.137207
vt 0.898926 0.134277
vt 0.366813 0.182114
vt 0.367142 0.185026
vt 0.355228 0.186035
vt 0.35498 0.183116
vt 0.362857 0.38009
vt 0.365784 0.379973
vt 0.365785 0.39209
vt 0.362855 0.39209
vt 0.924604 0.198573
vt 0.924965 0.201481
vt 0.912877 0.202637
vt 0.912598 0.19972
vt 0.106438 0.127441
vt 0.106438 0.130371
vt 0.094238 0.130371
vt 0.094238 0.127441
vt 0.967448 0.19777
vt 0.967726 0.200686
vt 0.95572 0.201834
vt 0.955359 0.198926
vt 0.453613 0.374356
vt 0.456543 0.374356
vt 0.456542 0.386356
vt 0.453614 0.386473
vt 0.451324 0.182008
vt 0.451571 0.184927
vt 0.439739 0.185929
vt 0.439409 0.183018
vt 0.002441 0.130371
vt 0.002441 0.127441
vt 0.014304 0.127441
vt 0.014304 0.130371
vt 0.45459 0.184927
vt 0.454837 0.182008
vt 0.466752 0.183018
vt 0.466422 0.185929
vt 0.540528 0.39209
vt 0.537598 0.39209
vt 0.537599 0.379973
vt 0.540526 0.38009
vt 0.971191 0.200686
vt 0.97147 0.19777
vt 0.983559 0.198926
vt 0.983198 0.201834
vt 0.662598 0.137207
vt 0.662598 0.134277
vt 0.674797 0.134277
vt 0.674797 0.137207
vt 0.955359 0.198926
vt 0.95572 0.201834
vt 0.952966 0.202637
vt 0.95166 0.200016
vt 0.453614 0.386473
vt 0.456542 0.386356
vt 0.456911 0.387787
vt 0.454374 0.389252
vt 0.439409 0.183018
vt 0.439739 0.185929
vt 0.439264 0.186035
vt 0.437988 0.1834
vt 0.014304 0.130371
vt 0.014304 0.127441
vt 0.014789 0.127441
vt 0.014789 0.130371
vt 0.466422 0.185929
vt 0.466752 0.183018
vt 0.468173 0.1834
vt 0.466897 0.186035
vt 0.540526 0.38009
vt 0.537599 0.379973
vt 0.538358 0.377193
vt 0.540895 0.378658
vt 0.983198 0.201834
vt 0.983559 0.198926
vt 0.987258 0.200016
vt 0.985952 0.202637
vt 0.724121 0.137207
vt 0.724121 0.134277
vt 0.727995 0.134277
vt 0.727995 0.137207
vt 0.935059 0.191559
vt 0.937142 0.1895
vt 0.939555 0.191176
vt 0.938352 0.193848
vt 0.454374 0.389252
vt 0.456911 0.387787
vt 0.457916 0.388792
vt 0.456451 0.39133
vt 0.003252 0.080149
vt 0.005312 0.082233
vt 0.005113 0.08252
vt 0.002441 0.081316
vt 0.281738 0.037249
vt 0.284668 0.037249
vt 0.284668 0.037598
vt 0.281738 0.037598
vt 0.025879 0.082233
vt 0.027939 0.080149
vt 0.02875 0.081316
vt 0.026078 0.08252
vt 0.540895 0.378658
vt 0.538358 0.377193
vt 0.540436 0.375116
vt 0.541901 0.377653
vt 0.968392 0.193848
vt 0.966309 0.191788
vt 0.969602 0.1895
vt 0.970805 0.192171
vt 0.700684 0.137207
vt 0.700684 0.134277
vt 0.704694 0.134277
vt 0.704694 0.137207
vt 0.646973 0.170653
vt 0.648023 0.167919
vt 0.65087 0.168457
vt 0.65083 0.171387
vt 0.456451 0.39133
vt 0.457916 0.388792
vt 0.459318 0.38916
vt 0.459261 0.39209
vt 0.631348 0.136947
vt 0.632397 0.134213
vt 0.632807 0.134277
vt 0.632767 0.137207
vt 0.04834 0.130371
vt 0.04834 0.127441
vt 0.048754 0.127441
vt 0.048754 0.130371
vt 0.601147 0.137207
vt 0.600098 0.134473
vt 0.601517 0.134213
vt 0.601557 0.137143
vt 0.541901 0.377653
vt 0.540436 0.375116
vt 0.543245 0.374356
vt 0.543302 0.377285
vt 0.818921 0.171387
vt 0.817871 0.168653
vt 0.821728 0.167919
vt 0.821769 0.170849
vt 0.716309 0.137207
vt 0.716309 0.134277
vt 0.720252 0.134277
vt 0.720252 0.137207
vt 0.65083 0.171387
vt 0.65087 0.168457
vt 0.677604 0.168457
vt 0.677644 0.171387
vt 0.459261 0.39209
vt 0.459318 0.38916
vt 0.486057 0.38916
vt 0.486115 0.39209
vt 0.632767 0.137207
vt 0.632807 0.134277
vt 0.659361 0.134277
vt 0.659401 0.137207
vt 0.048754 0.130371
vt 0.048754 0.127441
vt 0.075251 0.127441
vt 0.075251 0.130371
vt 0.601557 0.137143
vt 0.601517 0.134213
vt 0.628151 0.134213
vt 0.628111 0.137143
vt 0.543302 0.377285
vt 0.543245 0.374356
vt 0.570099 0.374356
vt 0.570042 0.377285
vt 0.821769 0.170849
vt 0.821728 0.167919
vt 0.848542 0.167919
vt 0.848502 0.170849
vt 0.76123 0.137207
vt 0.76123 0.134277
vt 0.788165 0.134277
vt 0.788165 0.137207
vt 0.623576 0.171387
vt 0.623535 0.168457
vt 0.626395 0.167919
vt 0.627451 0.170652
vt 0.486115 0.39209
vt 0.486057 0.38916
vt 0.487459 0.388792
vt 0.488924 0.39133
vt 0.531738 0.045938
vt 0.534668 0.045898
vt 0.534732 0.046309
vt 0.531998 0.047363
vt 0.26123 0.037181
vt 0.26416 0.037181
vt 0.26416 0.037598
vt 0.26123 0.037598
vt 0.518131 0.045898
vt 0.52106 0.045938
vt 0.5208 0.047363
vt 0.518066 0.046309
vt 0.570042 0.377285
vt 0.570099 0.374356
vt 0.572908 0.375116
vt 0.571443 0.377653
vt 0.631348 0.170848
vt 0.631388 0.167919
vt 0.635263 0.168653
vt 0.634208 0.171387
vt 0.977051 0.137207
vt 0.977051 0.134277
vt 0.980994 0.134277
vt 0.980994 0.137207
vt 0.944074 0.193848
vt 0.942871 0.191176
vt 0.945284 0.1895
vt 0.947368 0.191559
vt 0.488924 0.39133
vt 0.487459 0.388792
vt 0.488464 0.387787
vt 0.491002 0.389252
vt 0.977051 0.087212
vt 0.979722 0.086008
vt 0.979921 0.086295
vt 0.977862 0.088379
vt 0.302246 0.037249
vt 0.305176 0.037249
vt 0.305176 0.037598
vt 0.302246 0.037598
vt 0.014359 0.080149
vt 0.017031 0.081352
vt 0.01622 0.08252
vt 0.01416 0.080436
vt 0.571443 0.377653
vt 0.572908 0.375116
vt 0.574986 0.377193
vt 0.572449 0.378658
vt 0.888184 0.192171
vt 0.889387 0.1895
vt 0.89268 0.191788
vt 0.890596 0.193848
vt 0.708496 0.137207
vt 0.708496 0.134277
vt 0.712507 0.134277
vt 0.712507 0.137207
vt 0.873535 0.200391
vt 0.874841 0.19777
vt 0.877595 0.198573
vt 0.877234 0.201481
vt 0.491002 0.389252
vt 0.488464 0.387787
vt 0.488833 0.386356
vt 0.491761 0.386473
vt 0.388184 0.184643
vt 0.389459 0.182008
vt 0.389934 0.182114
vt 0.389605 0.185026
vt 0.167132 0.127441
vt 0.167132 0.130371
vt 0.166648 0.130371
vt 0.166648 0.127441
vt 0.383889 0.182008
vt 0.385165 0.184643
vt 0.383744 0.185026
vt 0.383415 0.182114
vt 0.572449 0.378658
vt 0.574986 0.377193
vt 0.575745 0.379973
vt 0.572818 0.38009
vt 0.017202 0.188981
vt 0.018508 0.191602
vt 0.014809 0.192691
vt 0.014448 0.189784
vt 0.697722 0.134277
vt 0.697722 0.137207
vt 0.693848 0.137207
vt 0.693848 0.134277
vt 0.877234 0.201481
vt 0.877595 0.198573
vt 0.889601 0.19972
vt 0.889323 0.202637
vt 0.491761 0.386473
vt 0.488833 0.386356
vt 0.488832 0.374356
vt 0.491762 0.374356
vt 0.389605 0.185026
vt 0.389934 0.182114
vt 0.401766 0.183116
vt 0.401519 0.186035
vt 0.166648 0.127441
vt 0.166648 0.130371
vt 0.154785 0.130371
vt 0.154785 0.127441
vt 0.383415 0.182114
vt 0.383744 0.185026
vt 0.371829 0.186035
vt 0.371582 0.183116
vt 0.572818 0.38009
vt 0.575745 0.379973
vt 0.575746 0.39209
vt 0.572816 0.39209
vt 0.014448 0.189784
vt 0.014809 0.192691
vt 0.00272 0.193848
vt 0.002441 0.190931
vt 0.690422 0.134277
vt 0.690422 0.137207
vt 0.678223 0.137207
vt 0.678223 0.134277
vn -0.706968 0.000115 -0.707246
vn -0.706918 0.04119 -0.706095
vn -1 0 0
vn -0.706966 0.000117 0.707248
vn -0.706867 -0.012548 0.707235
vn 0 0.000235 1
vn 0 -0.007287 0.999973
vn 0.706966 0.000117 0.707248
vn 0.706867 -0.012548 0.707235
vn 1 0 0
vn 0.706968 0.000115 -0.707246
vn 0.706918 0.04119 -0.706095
vn 0 0.00023 -1
vn 0 0.065012 -0.997885
vn -0.707651 0.35771 -0.609322
vn -0.709016 -0.336149 0.619919
vn 0 -0.424672 0.905347
vn 0.709016 -0.336149 0.619919
vn 0.707651 0.35771 -0.609322
vn 0 0.507698 -0.861535
vn -0.707386 0.610856 -0.355614
vn -0.708141 -0.61625 0.344633
vn 0 -0.888179 0.459497
vn 0.708141 -0.61625 0.344633
vn 0.707386 0.610856 -0.355614
vn 0 0.86381 -0.503817
vn -0.707026 0.706874 -0.021035
vn -0.707017 -0.707172 0.005882
vn 0 -0.999994 0.003362
vn 0.707017 -0.707172 0.005882
vn 0.707026 0.706874 -0.021035
vn 0 0.999431 -0.033726
vn -0.707026 0.706874 0.021035
vn -0.707017 -0.707172 -0.005882
vn 0 -0.999994 -0.003362
vn 0.707017 -0.707172 -0.005882
vn 0.707026 0.706874 0.021035
vn 0 0.999431 0.033726
vn -0.707386 0.610856 0.355614
vn -0.708141 -0.61625 -0.344633
vn 0 -0.888179 -0.459497
vn 0.708141 -0.61625 -0.344633
vn 0.707386 0.610856 0.355614
vn 0 0.86381 0.503817
vn -0.707651 0.35771 0.609322
vn -0.709016 -0.336149 -0.619919
vn 0 -0.424672 -0.905347
vn 0.709016 -0.336149 -0.619919
vn 0.707651 0.35771 0.609322
vn 0 0.507698 0.861535
vn -0.706918 0.04119 0.706095
vn -0.706867 -0.012548 -0.707235
vn 0 -0.007287 -0.999973
vn 0.706867 -0.012548 -0.707235
vn 0.706918 0.04119 0.706095
vn 0 0.065012 0.997885
vn -0.706968 0.000115 0.707246
vn -0.706966 0.000117 -0.707248
vn 0 0.000235 -1
vn 0.706966 0.000117 -0.707248
vn 0.706968 0.000115 0.707246
vn 0 0.00023 1
f 377/965/103 378/966/103 386/967/104 385/968/104
f 378/969/105 379/970/105 387/971/105 386/972/105
f 379/973/106 380/974/106 388/975/107 387/976/107
f 380/977/108 381/978/108 389/979/109 388/980/109
f 381/981/110 382/982/110 390/983/111 389/984/111
f 382/985/112 383/986/112 391/987/112 390/988/112
f 383/989/113 384/990/113 392/991/114 391/992/114
f 384/993/115 377/994/115 385/995/116 392/996/116
f 385/997/104 386/998/104 394/999/117 393/1000/117
f 386/1001/105 387/1002/105 395/1003/105 394/1004/105
f 387/1005/107 388/1006/107 396/1007/118 395/1008/118
f 388/1009/109 389/1010/109 397/1011/119 396/1012/119
f 389/1013/111 390/1014/111 398/1015/120 397/1016/120
f 390/1017/112 391/1018/112 399/1019/112 398/1020/112
f 391/1021/114 392/1022/114 400/1023/121 399/1024/121
f 392/1025/116 385/1026/116 393/1027/122 400/1028/122
f 393/1029/117 394/1030/117 402/1031/123 401/1032/123
f 394/1033/105 395/1034/105 403/1035/105 402/1036/105
f 395/1037/118 396/1038/118 404/1039/124 403/1040/124
f 396/1041/119 397/1042/119 405/1043/125 404/1044/125
f 397/1045/120 398/1046/120 406/1047/126 405/1048/126
f 398/1049/112 399/1050/112 407/1051/112 406/1052/112
f 399/1053/121 400/1054/121 408/1055/127 407/1056/127
f 400/1057/122 393/1058/122 401/1059/128 408/1060/128
f 401/1061/123 402/1062/123 410/1063/129 409/1064/129
f 402/1065/105 403/1066/105 411/1067/105 410/1068/105
f 403/1069/124 404/1070/124 412/1071/130 411/1072/130
f 404/1073/125 405/1074/125 413/1075/131 412/1076/131
f 405/1077/126 406/1078/126 414/1079/132 413/1080/132
f 406/1081/112 407/1082/112 415/1083/112 414/1084/112
f 407/1085/127 408/1086/127 416/1087/133 415/1088/133
f 408/1089/128 401/1090/128 409/1091/134 416/1092/134
f 409/1093/129 410/1094/129 418/1095/135 417/1096/135
f 410/1097/105 411/1098/105 419/1099/105 418/1100/105
f 411/1101/130 412/1102/130 420/1103/136 419/1104/136
f 412/1105/131 413/1106/131 421/1107/137 420/1108/137
f 413/1109/132 414/1110/132 422/1111/138 421/1112/138
f 414/1113/112 415/1114/112 423/1115/112 422/1116/112
f 415/1117/133 416/1118/133 424/1119/139 423/1120/139
f 416/1121/134 409/1122/134 417/1123/140 424/1124/140
f 417/1125/135 418/1126/135 426/1127/141 425/1128/141
f 418/1129/105 419/1130/105 427/1131/105 426/1132/105
f 419/1133/136 420/1134/136 428/1135/142 427/1136/142
f 420/1137/137 421/1138/137 429/1139/143 428/1140/143
f 421/1141/138 422/1142/138 430/1143/144 429/1144/144
f 422/1145/112 423/1146/112 431/1147/112 430/1148/112
f 423/1149/139 424/1150/139 432/1151/145 431/1152/145
f 424/1153/140 417/1154/140 425/1155/146 432/1156/146
f 425/1157/141 426/1158/141 434/1159/147 433/1160/147
f 426/1161/105 427/1162/105 435/1163/105 434/1164/105
f 427/1165/142 428/1166/142 436/1167/148 435/1168/148
f 428/1169/143 429/1170/143 437/1171/149 436/1172/149
f 429/1173/144 430/1174/144 438/1175/150 437/1176/150
f 430/1177/112 431/1178/112 439/1179/112 438/1180/112
f 431/1181/145 432/1182/145 440/1183/151 439/1184/151
f 432/1185/146 425/1186/146 433/1187/152 440/1188/152
f 433/1189/147 434/1190/147 442/1191/153 441/1192/153
f 434/1193/105 435/1194/105 443/1195/105 442/1196/105
f 435/1197/148 436/1198/148 444/1199/154 443/1200/154
f 436/1201/149 437/1202/149 445/1203/155 444/1204/155
f 437/1205/150 438/1206/150 446/1207/156 445/1208/156
f 438/1209/112 439/1210/112 447/1211/112 446/1212/112
f 439/1213/151 440/1214/151 448/1215/157 447/1216/157
f 440/1217/152 433/1218/152 441/1219/158 448/1220/158
f 441/1221/153 442/1222/153 450/1223/159 449/1224/159
f 442/1225/105 443/1226/105 451/1227/105 450/1228/105
f 443/1229/154 444/1230/154 452/1231/160 451/1232/160
f 444/1233/155 445/1234/155 453/1235/161 452/1236/161
f 445/1237/156 446/1238/156 454/1239/162 453/1240/162
f 446/1241/112 447/1242/112 455/1243/112 454/1244/112
f 447/1245/157 448/1246/157 456/1247/163 455/1248/163
f 448/1249/158 441/1250/158 449/1251/164 456/1252/164
f 457/1253/103 458/1254/103 466/1255/104 465/1256/104
f 458/1257/105 459/1258/105 467/1259/105 466/1260/105
f 459/1261/106 460/1262/106 468/1263/107 467/1264/107
f 460/1265/108 461/1266/108 469/1267/109 468/1268/109
f 461/1269/110 462/1270/110 470/1271/111 469/1272/111
f 462/1273/112 463/1274/112 471/1275/112 470/1276/112
f 463/1277/113 464/1278/113 472/1279/114 471/1280/114
f 464/1281/115 457/1282/115 465/1283/116 472/1284/116
f 465/1285/104 466/1286/104 474/1287/117 473/1288/117
f 466/1289/105 467/1290/105 475/1291/105 474/1292/105
f 467/1293/107 468/1294/107 476/1295/118 475/1296/118
f 468/1297/109 469/1298/109 477/1299/119 476/1300/119
f 469/1301/111 470/1302/111 478/1303/120 477/1304/120
f 470/1305/112 471/1306/112 479/1307/112 478/1308/112
f 471/1309/114 472/1310/114 480/1311/121 479/1312/121
f 472/1313/116 465/1314/116 473/1315/122 480/1316/122
f 473/1317/117 474/1318/117 482/1319/123 481/1320/123
f 474/1321/105 475/1322/105 483/1323/105 482/1324/105
f 475/1325/118 476/1326/118 484/1327/124 483/1328/124
f 476/1329/119 477/1330/119 485/1331/125 484/1332/125
f 477/1333/120 478/1334/120 486/1335/126 485/1336/126
f 478/1337/112 479/1338/112 487/1339/112 486/1340/112
f 479/1341/121 480/1342/121 488/1343/127 487/1344/127
f 480/1345/122 473/1346/122 481/1347/128 488/1348/128
f 481/1349/123 482/1350/123 490/1351/129 489/1352/129
f 482/1353/105 483/1354/105 491/1355/105 490/1356/105
f 483/1357/124 484/1358/124 492/1359/130 491/1360/130
f 484/1361/125 485/1362/125 493/1363/131 492/1364/131
f 485/1365/126 486/1366/126 494/1367/132 493/1368/132
f 486/1369/112 487/1370/112 495/1371/112 494/1372/112
f 487/1373/127 488/1374/127 496/1375/133 495/1376/133
f 488/1377/128 481/1378/128 489/1379/134 496/1380/134
f 489/1381/129 490/1382/129 498/1383/135 497/1384/135
f 490/1385/105 491/1386/105 499/1387/105 498/1388/105
f 491/1389/130 492/1390/130 500/1391/136 499/1392/136
f 492/1393/131 493/1394/131 501/1395/137 500/1396/137
f 493/1397/132 494/1398/132 502/1399/138 501/1400/138
f 494/1401/112 495/1402/112 503/1403/112 502/1404/112
f 495/1405/133 496/1406/133 504/1407/139 503/1408/139
f 496/1409/134 489/1410/134 497/1411/140 504/1412/140
f 497/1413/135 498/1414/135 506/1415/141 505/1416/141
f 498/1417/105 499/1418/105 507/1419/105 506/1420/105
f 499/1421/136 500/1422/136 508/1423/142 507/1424/142
f 500/1425/137 501/1426/137 509/1427/143 508/1428/143
f 501/1429/138 502/1430/138 510/1431/144 509/1432/144
f 502/1433/112 503/1434/112 511/1435/112 510/1436/112
f 503/1437/139 504/1438/139 512/1439/145 511/1440/145
f 504/1441/140 497/1442/140 505/1443/146 512/1444/146
f 505/1445/141 506/1446/141 514/1447/147 513/1448/147
f 506/1449/105 507/1450/105 515/1451/105 514/1452/105
f 507/1453/142 508/1454/142 516/1455/148 515/1456/148
f 508/1457/143 509/1458/143 517/1459/149 516/1460/149
f 509/1461/144 510/1462/144 518/1463/150 517/1464/150
f 510/1465/112 511/1466/112 519/1467/112 518/1468/112
f 511/1469/145 512/1470/145 520/1471/151 519/1472/151
f 512/1473/146 505/1474/146 513/1475/152 520/1476/152
f 513/1477/147 514/1478/147 522/1479/153 521/1480/153
f 514/1481/105 515/1482/105 523/1483/105 522/1484/105
f 515/1485/148 516/1486/148 524/1487/154 523/1488/154
f 516/1489/149 517/1490/149 525/1491/155 524/1492/155
f 517/1493/150 518/1494/150 526/1495/156 525/1496/156
f 518/1497/112 519/1498/112 527/1499/112 526/1500/112
f 519/1501/151 520/1502/151 528/1503/157 527/1504/157
f 520/1505/152 513/1506/152 521/1507/158 528/1508/158
f 521/1509/153 522/1510/153 530/1511/159 529/1512/159
f 522/1513/105 523/1514/105 531/1515/105 530/1516/105
f 523/1517/154 524/1518/154 532/1519/160 531/1520/160
f 524/1521/155 525/1522/155 533/1523/161 532/1524/161
f 525/1525/156 526/1526/156 534/1527/162 533/1528/162
f 526/1529/112 527/1530/112 535/1531/112 534/1532/112
f 527/1533/157 528/1534/157 536/1535/163 535/1536/163
f 528/1537/158 521/1538/158 529/1539/164 536/1540/164
f 537/1541/103 538/1542/103 546/1543/104 545/1544/104
f 538/1545/105 539/1546/105 547/1547/105 546/1548/105
f 539/1549/106 540/1550/106 548/1551/107 547/1552/107
f 540/1553/108 541/1554/108 549/1555/109 548/1556/109
f 541/1557/110 542/1558/110 550/1559/111 549/1560/111
f 542/1561/112 543/1562/112 551/1563/112 550/1564/112
f 543/1565/113 544/1566/113 552/1567/114 551/1568/114
f 544/1569/115 537/1570/115 545/1571/116 552/1572/116
f 545/1573/104 546/1574/104 554/1575/117 553/1576/117
f 546/1577/105 547/1578/105 555/1579/105 554/1580/105
f 547/1581/107 548/1582/107 556/1583/118 555/1584/118
f 548/1585/109 549/1586/109 557/1587/119 556/1588/119
f 549/1589/111 550/1590/111 558/1591/120 557/1592/120
f 550/1593/112 551/1594/112 559/1595/112 558/1596/112
f 551/1597/114 552/1598/114 560/1599/121 559/1600/121
f 552/1601/116 545/1602/116 553/1603/122 560/1604/122
f 553/1605/117 554/1606/117 562/1607/123 561/1608/123
f 554/1609/105 555/1610/105 563/1611/105 562/1612/105
f 555/1613/118 556/1614/118 564/1615/124 563/1616/124
f 556/1617/119 557/1618/119 565/1619/125 564/1620/125
f 557/1621/120 558/1622/120 566/1623/126 565/1624/126
f 558/1625/112 559/1626/112 567/1627/112 566/1628/112
f 559/1629/121 560/1630/121 568/1631/127 567/1632/127
f 560/1633/122 553/1634/122 561/1635/128 568/1636/128
f 561/1637/123 562/1638/123 570/1639/129 569/1640/129
f 562/1641/105 563/1642/105 571/1643/105 570/1644/105
f 563/1645/124 564/1646/124 572/1647/130 571/1648/130
f 564/1649/125 565/1650/125 573/1651/131 572/1652/131
f 565/1653/126 566/1654/126 574/1655/132 573/1656/132
f 566/1657/112 567/1658/112 575/1659/112 574/1660/112
f 567/1661/127 568/1662/127 576/1663/133 575/1664/133
f 568/1665/128 561/1666/128 569/1667/134 576/1668/134
f 569/1669/129 570/1670/129 578/1671/135 577/1672/135
f 570/1673/105 571/1674/105 579/1675/105 578/1676/105
f 571/1677/130 572/1678/130 580/1679/136 579/1680/136
f 572/1681/131 573/1682/131 581/1683/137 580/1684/137
f 573/1685/132 574/1686/132 582/1687/138 581/1688/138
f 574/1689/112 575/1690/112 583/1691/112 582/1692/112
f 575/1693/133 576/1694/133 584/1695/139 583/1696/139
f 576/1697/134 569/1698/134 577/1699/140 584/1700/140
f 577/1701/135 578/1702/135 586/1703/141 585/1704/141
f 578/1705/105 579/1706/105 587/1707/105 586/1708/105
f 579/1709/136 580/1710/136 588/1711/142 587/1712/142
f 580/1713/137 581/1714/137 589/1715/143 588/1716/143
f 581/1717/138 582/1718/138 590/1719/144 589/1720/144
f 582/1721/112 583/1722/112 591/1723/112 590/1724/112
f 583/1725/139 584/1726/139 592/1727/145 591/1728/145
f 584/1729/140 577/1730/140 585/1731/146 592/1732/146
f 585/1733/141 586/1734/141 594/1735/147 593/1736/147
f 586/1737/105 587/1738/105 595/1739/105 594/1740/105
f 587/1741/142 588/1742/142 596/1743/148 595/1744/148
f 588/1745/143 589/1746/143 597/1747/149 596/1748/149
f 589/1749/144 590/1750/144 598/1751/150 597/1752/150
f 590/1753/112 591/1754/112 599/1755/112 598/1756/112
f 591/1757/145 592/1758/145 600/1759/151 599/1760/151
f 592/1761/146 585/1762/146 593/1763/152 600/1764/152
f 593/1765/147 594/1766/147 602/1767/153 601/1768/153
f 594/1769/105 595/1770/105 603/1771/105 602/1772/105
f 595/1773/148 596/1774/148 604/1775/154 603/1776/154
f 596/1777/149 597/1778/149 605/1779/155 604/1780/155
f 597/1781/150 598/1782/150 606/1783/156 605/1784/156
f 598/1785/112 599/1786/112 607/1787/112 606/1788/112
f 599/1789/151 600/1790/151 608/1791/157 607/1792/157
f 600/1793/152 593/1794/152 601/1795/158 608/1796/158
f 601/1797/153 602/1798/153 610/1799/159 609/1800/159
f 602/1801/105 603/1802/105 611/1803/105 610/1804/105
f 603/1805/154 604/1806/154 612/1807/160 611/1808/160
f 604/1809/155 605/1810/155 613/1811/161 612/1812/161
f 605/1813/156 606/1814/156 614/1815/162 613/1816/162
f 606/1817/112 607/1818/112 615/1819/112 614/1820/112
f 607/1821/157 608/1822/157 616/1823/163 615/1824/163
f 608/1825/158 601/1826/158 609/1827/164 616/1828/164
o jerry_can__body__spout_boss
usemtl fuel_containers
v 0.711892 0.567875 0.509308
v 0.70614 0.567875 0.527012
v 0.695198 0.567875 0.542073
v 0.680137 0.567875 0.553015
v 0.662433 0.567875 0.558767
v 0.643817 0.567875 0.558767
v 0.626113 0.567875 0.553015
v 0.611052 0.567875 0.542073
v 0.60011 0.567875 0.527012
v 0.594358 0.567875 0.509308
v 0.594358 0.567875 0.490692
v 0.60011 0.567875 0.472988
v 0.611052 0.567875 0.457927
v 0.626113 0.567875 0.446985
v 0.643817 0.567875 0.441233
v 0.662433 0.567875 0.441233
v 0.680137 0.567875 0.446985
v 0.695198 0.567875 0.457927
v 0.70614 0.567875 0.472988
v 0.711892 0.567875 0.490692
v 0.711892 0.5845 0.509308
v 0.70614 0.5845 0.527012
v 0.695198 0.5845 0.542073
v 0.680137 0.5845 0.553015
v 0.662433 0.5845 0.558767
v 0.643817 0.5845 0.558767
v 0.626113 0.5845 0.553015
v 0.611052 0.5845 0.542073
v 0.60011 0.5845 0.527012
v 0.594358 0.5845 0.509308
v 0.594358 0.5845 0.490692
v 0.60011 0.5845 0.472988
v 0.611052 0.5845 0.457927
v 0.626113 0.5845 0.446985
v 0.643817 0.5845 0.441233
v 0.662433 0.5845 0.441233
v 0.680137 0.5845 0.446985
v 0.695198 0.5845 0.457927
v 0.70614 0.5845 0.472988
v 0.711892 0.5845 0.490692
v 0.653125 0.5845 0.5
vt 0.356934 0.174586
vt 0.361006 0.174586
vt 0.361006 0.178223
vt 0.356934 0.178223
vt 0.341309 0.174586
vt 0.345381 0.174586
vt 0.345381 0.178223
vt 0.341309 0.178223
vt 0.380371 0.174586
vt 0.384443 0.174586
vt 0.384443 0.178223
vt 0.380371 0.178223
vt 0.388184 0.174586
vt 0.392256 0.174586
vt 0.392256 0.178223
vt 0.388184 0.178223
vt 0.400068 0.178223
vt 0.395996 0.178223
vt 0.395996 0.174586
vt 0.400068 0.174586
vt 0.282881 0.178223
vt 0.278809 0.178223
vt 0.278809 0.174586
vt 0.282881 0.174586
vt 0.290693 0.178223
vt 0.286621 0.178223
vt 0.286621 0.174586
vt 0.290693 0.174586
vt 0.407881 0.178223
vt 0.403809 0.178223
vt 0.403809 0.174586
vt 0.407881 0.174586
vt 0.368818 0.178223
vt 0.364746 0.178223
vt 0.364746 0.174586
vt 0.368818 0.174586
vt 0.353193 0.178223
vt 0.349121 0.178223
vt 0.349121 0.174586
vt 0.353193 0.174586
vt 0.298506 0.178223
vt 0.294434 0.178223
vt 0.294434 0.174586
vt 0.298506 0.174586
vt 0.415693 0.178223
vt 0.411621 0.178223
vt 0.411621 0.174586
vt 0.415693 0.174586
vt 0.306318 0.178223
vt 0.302246 0.178223
vt 0.302246 0.174586
vt 0.306318 0.174586
vt 0.314131 0.178223
vt 0.310059 0.178223
vt 0.310059 0.174586
vt 0.314131 0.174586
vt 0.423506 0.178223
vt 0.419434 0.178223
vt 0.419434 0.174586
vt 0.423506 0.174586
vt 0.317871 0.174586
vt 0.321943 0.174586
vt 0.321943 0.178223
vt 0.317871 0.178223
vt 0.427246 0.174586
vt 0.431318 0.174586
vt 0.431318 0.178223
vt 0.427246 0.178223
vt 0.325684 0.174586
vt 0.329756 0.174586
vt 0.329756 0.178223
vt 0.325684 0.178223
vt 0.372559 0.174586
vt 0.376631 0.174586
vt 0.376631 0.178223
vt 0.372559 0.178223
vt 0.333496 0.174586
vt 0.337568 0.174586
vt 0.337568 0.178223
vt 0.333496 0.178223
vt 0.864051 0.546276
vt 0.862793 0.542403
vt 0.875648 0.540367
vt 0.866445 0.549571
vt 0.864051 0.546276
vt 0.875648 0.540367
vt 0.869739 0.551964
vt 0.866445 0.549571
vt 0.875648 0.540367
vt 0.873612 0.553223
vt 0.869739 0.551964
vt 0.875648 0.540367
vt 0.877684 0.553223
vt 0.873612 0.553223
vt 0.875648 0.540367
vt 0.881557 0.551964
vt 0.877684 0.553223
vt 0.875648 0.540367
vt 0.884852 0.549571
vt 0.881557 0.551964
vt 0.875648 0.540367
vt 0.887245 0.546276
vt 0.884852 0.549571
vt 0.875648 0.540367
vt 0.888504 0.542403
vt 0.887245 0.546276
vt 0.875648 0.540367
vt 0.888504 0.538331
vt 0.888504 0.542403
vt 0.875648 0.540367
vt 0.887245 0.534458
vt 0.888504 0.538331
vt 0.875648 0.540367
vt 0.884852 0.531164
vt 0.887245 0.534458
vt 0.875648 0.540367
vt 0.881557 0.52877
vt 0.884852 0.531164
vt 0.875648 0.540367
vt 0.877684 0.527512
vt 0.881557 0.52877
vt 0.875648 0.540367
vt 0.873612 0.527512
vt 0.877684 0.527512
vt 0.875648 0.540367
vt 0.869739 0.52877
vt 0.873612 0.527512
vt 0.875648 0.540367
vt 0.866445 0.531164
vt 0.869739 0.52877
vt 0.875648 0.540367
vt 0.864051 0.534458
vt 0.866445 0.531164
vt 0.875648 0.540367
vt 0.862793 0.538331
vt 0.864051 0.534458
vt 0.875648 0.540367
vt 0.862793 0.542403
vt 0.862793 0.538331
vt 0.875648 0.540367
vn 0.987688 0 0.156434
vn 0.891007 0 0.45399
vn 0.707107 0 0.707107
vn 0.45399 0 0.891007
vn 0.156434 0 0.987688
vn -0.156434 0 0.987688
vn -0.45399 0 0.891007
vn -0.707107 0 0.707107
vn -0.891007 0 0.45399
vn -0.987688 0 0.156434
vn -0.987688 0 -0.156434
vn -0.891007 0 -0.45399
vn -0.707107 0 -0.707107
vn -0.45399 0 -0.891007
vn -0.156434 0 -0.987688
vn 0.156434 0 -0.987688
vn 0.45399 0 -0.891007
vn 0.707107 0 -0.707107
vn 0.891007 0 -0.45399
vn 0.987688 0 -0.156434
vn 0 1 0
f 637/1829/165 638/1830/166 618/1831/166 617/1832/165
f 638/1833/166 639/1834/167 619/1835/167 618/1836/166
f 639/1837/167 640/1838/168 620/1839/168 619/1840/167
f 640/1841/168 641/1842/169 621/1843/169 620/1844/168
f 641/1845/169 642/1846/170 622/1847/170 621/1848/169
f 642/1849/170 643/1850/171 623/1851/171 622/1852/170
f 643/1853/171 644/1854/172 624/1855/172 623/1856/171
f 644/1857/172 645/1858/173 625/1859/173 624/1860/172
f 645/1861/173 646/1862/174 626/1863/174 625/1864/173
f 646/1865/174 647/1866/175 627/1867/175 626/1868/174
f 647/1869/175 648/1870/176 628/1871/176 627/1872/175
f 648/1873/176 649/1874/177 629/1875/177 628/1876/176
f 649/1877/177 650/1878/178 630/1879/178 629/1880/177
f 650/1881/178 651/1882/179 631/1883/179 630/1884/178
f 651/1885/179 652/1886/180 632/1887/180 631/1888/179
f 652/1889/180 653/1890/181 633/1891/181 632/1892/180
f 653/1893/181 654/1894/182 634/1895/182 633/1896/181
f 654/1897/182 655/1898/183 635/1899/183 634/1900/182
f 655/1901/183 656/1902/184 636/1903/184 635/1904/183
f 656/1905/184 637/1906/165 617/1907/165 636/1908/184
f 638/1909/185 637/1910/185 657/1911/185
f 639/1912/185 638/1913/185 657/1914/185
f 640/1915/185 639/1916/185 657/1917/185
f 641/1918/185 640/1919/185 657/1920/185
f 642/1921/185 641/1922/185 657/1923/185
f 643/1924/185 642/1925/185 657/1926/185
f 644/1927/185 643/1928/185 657/1929/185
f 645/1930/185 644/1931/185 657/1932/185
f 646/1933/185 645/1934/185 657/1935/185
f 647/1936/185 646/1937/185 657/1938/185
f 648/1939/185 647/1940/185 657/1941/185
f 649/1942/185 648/1943/185 657/1944/185
f 650/1945/185 649/1946/185 657/1947/185
f 651/1948/185 650/1949/185 657/1950/185
f 652/1951/185 651/1952/185 657/1953/185
f 653/1954/185 652/1955/185 657/1956/185
f 654/1957/185 653/1958/185 657/1959/185
f 655/1960/185 654/1961/185 657/1962/185
f 656/1963/185 655/1964/185 657/1965/185
f 637/1966/185 656/1967/185 657/1968/185
o jerry_can__body__spout_neck
usemtl fuel_containers
v 0.694608 0.5845 0.50657
v 0.690547 0.5845 0.519068
v 0.682823 0.5845 0.529698
v 0.672193 0.5845 0.537422
v 0.659695 0.5845 0.541483
v 0.646555 0.5845 0.541483
v 0.634057 0.5845 0.537422
v 0.623427 0.5845 0.529698
v 0.615703 0.5845 0.519068
v 0.611642 0.5845 0.50657
v 0.611642 0.5845 0.49343
v 0.615703 0.5845 0.480932
v 0.623427 0.5845 0.470302
v 0.634057 0.5845 0.462578
v 0.646555 0.5845 0.458517
v 0.659695 0.5845 0.458517
v 0.672193 0.5845 0.462578
v 0.682823 0.5845 0.470302
v 0.690547 0.5845 0.480932
v 0.694608 0.5845 0.49343
v 0.694608 0.63 0.50657
v 0.690547 0.63 0.519068
v 0.682823 0.63 0.529698
v 0.672193 0.63 0.537422
v 0.659695 0.63 0.541483
v 0.646555 0.63 0.541483
v 0.634057 0.63 0.537422
v 0.623427 0.63 0.529698
v 0.615703 0.63 0.519068
v 0.611642 0.63 0.50657
v 0.611642 0.63 0.49343
v 0.615703 0.63 0.480932
v 0.623427 0.63 0.470302
v 0.634057 0.63 0.462578
v 0.646555 0.63 0.458517
v 0.659695 0.63 0.458517
v 0.672193 0.63 0.462578
v 0.682823 0.63 0.470302
v 0.690547 0.63 0.480932
v 0.694608 0.63 0.49343
v 0.698065 0.632625 0.507118
v 0.693666 0.632625 0.520657
v 0.685298 0.632625 0.532173
v 0.673782 0.632625 0.540541
v 0.660243 0.632625 0.54494
v 0.646007 0.632625 0.54494
v 0.632468 0.632625 0.540541
v 0.620952 0.632625 0.532173
v 0.612584 0.632625 0.520657
v 0.608185 0.632625 0.507118
v 0.608185 0.632625 0.492882
v 0.612584 0.632625 0.479343
v 0.620952 0.632625 0.467827
v 0.632468 0.632625 0.459459
v 0.646007 0.632625 0.45506
v 0.660243 0.632625 0.45506
v 0.673782 0.632625 0.459459
v 0.685298 0.632625 0.467827
v 0.693666 0.632625 0.479343
v 0.698065 0.632625 0.492882
v 0.698065 0.637 0.507118
v 0.693666 0.637 0.520657
v 0.685298 0.637 0.532173
v 0.673782 0.637 0.540541
v 0.660243 0.637 0.54494
v 0.646007 0.637 0.54494
v 0.632468 0.637 0.540541
v 0.620952 0.637 0.532173
v 0.612584 0.637 0.520657
v 0.608185 0.637 0.507118
v 0.608185 0.637 0.492882
v 0.612584 0.637 0.479343
v 0.620952 0.637 0.467827
v 0.632468 0.637 0.459459
v 0.646007 0.637 0.45506
v 0.660243 0.637 0.45506
v 0.673782 0.637 0.459459
v 0.685298 0.637 0.467827
v 0.693666 0.637 0.479343
v 0.698065 0.637 0.492882
v 0.692879 0.63875 0.506296
v 0.688988 0.63875 0.518273
v 0.681586 0.63875 0.528461
v 0.671398 0.63875 0.535863
v 0.659421 0.63875 0.539754
v 0.646829 0.63875 0.539754
v 0.634852 0.63875 0.535863
v 0.624664 0.63875 0.528461
v 0.617262 0.63875 0.518273
v 0.613371 0.63875 0.506296
v 0.613371 0.63875 0.493704
v 0.617262 0.63875 0.481727
v 0.624664 0.63875 0.471539
v 0.634852 0.63875 0.464137
v 0.646829 0.63875 0.460246
v 0.659421 0.63875 0.460246
v 0.671398 0.63875 0.464137
v 0.681586 0.63875 0.471539
v 0.688988 0.63875 0.481727
v 0.692879 0.63875 0.493704
v 0.688558 0.63875 0.505612
v 0.68509 0.63875 0.516287
v 0.678492 0.63875 0.525367
v 0.669412 0.63875 0.531965
v 0.658737 0.63875 0.535433
v 0.647513 0.63875 0.535433
v 0.636838 0.63875 0.531965
v 0.627758 0.63875 0.525367
v 0.62116 0.63875 0.516287
v 0.617692 0.63875 0.505612
v 0.617692 0.63875 0.494388
v 0.62116 0.63875 0.483713
v 0.627758 0.63875 0.474633
v 0.636838 0.63875 0.468035
v 0.647513 0.63875 0.464567
v 0.658737 0.63875 0.464567
v 0.669412 0.63875 0.468035
v 0.678492 0.63875 0.474633
v 0.68509 0.63875 0.483713
v 0.688558 0.63875 0.494388
vt 0.426457 0.127497
vt 0.426457 0.130371
vt 0.416504 0.130371
vt 0.416504 0.127497
vt 0.221379 0.127497
vt 0.221379 0.130371
vt 0.211426 0.130371
vt 0.211426 0.127497
vt 0.440129 0.127497
vt 0.440129 0.130371
vt 0.430176 0.130371
vt 0.430176 0.127497
vt 0.30341 0.127497
vt 0.30341 0.130371
vt 0.293457 0.130371
vt 0.293457 0.127497
vt 0.344426 0.127497
vt 0.344426 0.130371
vt 0.334473 0.130371
vt 0.334473 0.127497
vt 0.17041 0.130371
vt 0.17041 0.127497
vt 0.180363 0.127497
vt 0.180363 0.130371
vt 0.348145 0.130371
vt 0.348145 0.127497
vt 0.358098 0.127497
vt 0.358098 0.130371
vt 0.225098 0.130371
vt 0.225098 0.127497
vt 0.235051 0.127497
vt 0.235051 0.130371
vt 0.307129 0.130371
vt 0.307129 0.127497
vt 0.317082 0.127497
vt 0.317082 0.130371
vt 0.279785 0.130371
vt 0.279785 0.127497
vt 0.289738 0.127497
vt 0.289738 0.130371
vt 0.252441 0.130371
vt 0.252441 0.127497
vt 0.262395 0.127497
vt 0.262395 0.130371
vt 0.402832 0.130371
vt 0.402832 0.127497
vt 0.412785 0.127497
vt 0.412785 0.130371
vt 0.23877 0.130371
vt 0.23877 0.127497
vt 0.248723 0.127497
vt 0.248723 0.130371
vt 0.320801 0.130371
vt 0.320801 0.127497
vt 0.330754 0.127497
vt 0.330754 0.130371
vt 0.37177 0.127497
vt 0.37177 0.130371
vt 0.361816 0.130371
vt 0.361816 0.127497
vt 0.385441 0.127497
vt 0.385441 0.130371
vt 0.375488 0.130371
vt 0.375488 0.127497
vt 0.207707 0.127497
vt 0.207707 0.130371
vt 0.197754 0.130371
vt 0.197754 0.127497
vt 0.399113 0.127497
vt 0.399113 0.130371
vt 0.38916 0.130371
vt 0.38916 0.127497
vt 0.276066 0.127497
vt 0.276066 0.130371
vt 0.266113 0.130371
vt 0.266113 0.127497
vt 0.194035 0.127497
vt 0.194035 0.130371
vt 0.184082 0.130371
vt 0.184082 0.127497
vt 0.480112 0.147817
vt 0.483125 0.148606
vt 0.482768 0.149494
vt 0.479988 0.148766
vt 0.483125 0.148606
vt 0.485793 0.150106
vt 0.485232 0.150879
vt 0.482768 0.149494
vt 0.668085 0.182731
vt 0.6657 0.184712
vt 0.665186 0.183904
vt 0.667387 0.182076
vt 0.6657 0.184712
vt 0.662896 0.186035
vt 0.662598 0.185126
vt 0.665186 0.183904
vt 0.590507 0.059082
vt 0.587414 0.058867
vt 0.5876 0.057928
vt 0.590455 0.058127
vt 0.587414 0.058867
vt 0.584473 0.057887
vt 0.584885 0.057024
vt 0.5876 0.057928
vt 0.656077 0.190005
vt 0.653918 0.192231
vt 0.653321 0.191483
vt 0.655313 0.189429
vt 0.653918 0.192231
vt 0.651273 0.193848
vt 0.650879 0.192976
vt 0.653321 0.191483
vt 0.507567 0.04659
vt 0.504565 0.047363
vt 0.504445 0.046414
vt 0.507216 0.0457
vt 0.504565 0.047363
vt 0.501465 0.047363
vt 0.501583 0.046414
vt 0.504445 0.046414
vt 0.372396 0.150879
vt 0.3694 0.150079
vt 0.369762 0.149193
vt 0.372526 0.149931
vt 0.3694 0.150079
vt 0.366699 0.148557
vt 0.367268 0.147788
vt 0.369762 0.149193
vt 0.671387 0.18538
vt 0.673772 0.183399
vt 0.674286 0.184207
vt 0.672084 0.186035
vt 0.673772 0.183399
vt 0.676575 0.182076
vt 0.676874 0.182985
vt 0.674286 0.184207
vt 0.594238 0.057024
vt 0.597331 0.057239
vt 0.597145 0.058178
vt 0.59429 0.057979
vt 0.597331 0.057239
vt 0.600273 0.058219
vt 0.59986 0.059082
vt 0.597145 0.058178
vt 0.64209 0.193272
vt 0.644248 0.191046
vt 0.644846 0.191793
vt 0.642854 0.193848
vt 0.644248 0.191046
vt 0.646893 0.189429
vt 0.647288 0.190301
vt 0.644846 0.191793
vt 0.494629 0.046474
vt 0.497644 0.045694
vt 0.497766 0.046643
vt 0.494983 0.047363
vt 0.477051 0.147817
vt 0.480112 0.147817
vt 0.479988 0.148766
vt 0.477162 0.148766
vt 0.064941 0.036641
vt 0.068055 0.036641
vt 0.068055 0.037598
vt 0.064941 0.037598
vt 0.030762 0.036641
vt 0.033876 0.036641
vt 0.033876 0.037598
vt 0.030762 0.037598
vt 0.140137 0.036641
vt 0.143251 0.036641
vt 0.143251 0.037598
vt 0.140137 0.037598
vt 0.071777 0.036641
vt 0.074891 0.036641
vt 0.074891 0.037598
vt 0.071777 0.037598
vt 0.081727 0.037598
vt 0.078613 0.037598
vt 0.078613 0.036641
vt 0.081727 0.036641
vt 0.088563 0.037598
vt 0.085449 0.037598
vt 0.085449 0.036641
vt 0.088563 0.036641
vt 0.095399 0.037598
vt 0.092285 0.037598
vt 0.092285 0.036641
vt 0.095399 0.036641
vt 0.040712 0.037598
vt 0.037598 0.037598
vt 0.037598 0.036641
vt 0.040712 0.036641
vt 0.061219 0.037598
vt 0.058105 0.037598
vt 0.058105 0.036641
vt 0.061219 0.036641
vt 0.102235 0.037598
vt 0.099121 0.037598
vt 0.099121 0.036641
vt 0.102235 0.036641
vt 0.109071 0.037598
vt 0.105957 0.037598
vt 0.105957 0.036641
vt 0.109071 0.036641
vt 0.047548 0.037598
vt 0.044434 0.037598
vt 0.044434 0.036641
vt 0.047548 0.036641
vt 0.136415 0.037598
vt 0.133301 0.037598
vt 0.133301 0.036641
vt 0.136415 0.036641
vt 0.020204 0.037598
vt 0.01709 0.037598
vt 0.01709 0.036641
vt 0.020204 0.036641
vt 0.115907 0.037598
vt 0.112793 0.037598
vt 0.112793 0.036641
vt 0.115907 0.036641
vt 0.023926 0.036641
vt 0.02704 0.036641
vt 0.02704 0.037598
vt 0.023926 0.037598
vt 0.146973 0.036641
vt 0.150087 0.036641
vt 0.150087 0.037598
vt 0.146973 0.037598
vt 0.119629 0.036641
vt 0.122743 0.036641
vt 0.122743 0.037598
vt 0.119629 0.037598
vt 0.126465 0.036641
vt 0.129579 0.036641
vt 0.129579 0.037598
vt 0.126465 0.037598
vt 0.05127 0.036641
vt 0.054384 0.036641
vt 0.054384 0.037598
vt 0.05127 0.037598
vt 0.095725 0.260036
vt 0.098354 0.259213
vt 0.098882 0.260299
vt 0.095911 0.26123
vt 0.098354 0.259213
vt 0.100608 0.257646
vt 0.101431 0.258528
vt 0.098882 0.260299
vt 0.100608 0.257646
vt 0.102268 0.25549
vt 0.103307 0.256091
vt 0.101431 0.258528
vt 0.102268 0.25549
vt 0.103171 0.252955
vt 0.104328 0.253225
vt 0.103307 0.256091
vt 0.488893 0.237568
vt 0.491619 0.237463
vt 0.491852 0.23865
vt 0.48877 0.23877
vt 0.491619 0.237463
vt 0.494213 0.236542
vt 0.494783 0.23761
vt 0.491852 0.23865
vt 0.494213 0.236542
vt 0.496418 0.234897
vt 0.497277 0.23575
vt 0.494783 0.23761
vt 0.496418 0.234897
vt 0.498021 0.232689
vt 0.499089 0.233254
vt 0.497277 0.23575
vt 0.563298 0.176677
vt 0.560693 0.175865
vt 0.560871 0.174668
vt 0.563816 0.175587
vt 0.560693 0.175865
vt 0.557941 0.175865
vt 0.55776 0.174668
vt 0.560871 0.174668
vt 0.557941 0.175865
vt 0.555312 0.176677
vt 0.554788 0.175587
vt 0.55776 0.174668
vt 0.555312 0.176677
vt 0.553063 0.178223
vt 0.552246 0.177333
vt 0.554788 0.175587
vt 0.188935 0.178223
vt 0.186709 0.176644
vt 0.187249 0.175561
vt 0.189765 0.177345
vt 0.186709 0.176644
vt 0.184092 0.175793
vt 0.184291 0.174599
vt 0.187249 0.175561
vt 0.184092 0.175793
vt 0.181341 0.175752
vt 0.181181 0.174553
vt 0.184291 0.174599
vt 0.181341 0.175752
vt 0.178724 0.176526
vt 0.178223 0.175428
vt 0.181181 0.174553
vt 0.655889 0.116
vt 0.653703 0.117676
vt 0.652832 0.116835
vt 0.655303 0.11494
vt 0.088198 0.257646
vt 0.090386 0.259213
vt 0.089875 0.260299
vt 0.087402 0.258528
vt 0.090386 0.259213
vt 0.092979 0.260036
vt 0.092807 0.26123
vt 0.089875 0.260299
vt 0.092979 0.260036
vt 0.095725 0.260036
vt 0.095911 0.26123
vt 0.092807 0.26123
vt 0.589514 0.391145
vt 0.591849 0.390386
vt 0.592283 0.391239
vt 0.589663 0.39209
vt 0.591849 0.390386
vt 0.593835 0.388943
vt 0.594512 0.389619
vt 0.592283 0.391239
vt 0.593835 0.388943
vt 0.595278 0.386956
vt 0.596131 0.387391
vt 0.594512 0.389619
vt 0.595278 0.386956
vt 0.596037 0.384621
vt 0.596982 0.384771
vt 0.596131 0.387391
vt 0.596037 0.384621
vt 0.596037 0.382166
vt 0.596982 0.382016
vt 0.596982 0.384771
vt 0.596037 0.382166
vt 0.595278 0.379831
vt 0.596131 0.379396
vt 0.596982 0.382016
vt 0.595278 0.379831
vt 0.593835 0.377844
vt 0.594512 0.377168
vt 0.596131 0.379396
vt 0.593835 0.377844
vt 0.591849 0.376401
vt 0.592283 0.375549
vt 0.594512 0.377168
vt 0.591849 0.376401
vt 0.589514 0.375643
vt 0.589663 0.374697
vt 0.592283 0.375549
vt 0.589514 0.375643
vt 0.587058 0.375643
vt 0.586909 0.374697
vt 0.589663 0.374697
vt 0.587058 0.375643
vt 0.584723 0.376401
vt 0.584289 0.375549
vt 0.586909 0.374697
vt 0.584723 0.376401
vt 0.582737 0.377844
vt 0.58206 0.377168
vt 0.584289 0.375549
vt 0.582737 0.377844
vt 0.581294 0.379831
vt 0.580441 0.379396
vt 0.58206 0.377168
vt 0.581294 0.379831
vt 0.580535 0.382166
vt 0.57959 0.382016
vt 0.580441 0.379396
vt 0.580535 0.382166
vt 0.580535 0.384621
vt 0.57959 0.384771
vt 0.57959 0.382016
vt 0.580535 0.384621
vt 0.581294 0.386956
vt 0.580441 0.387391
vt 0.57959 0.384771
vt 0.581294 0.386956
vt 0.582737 0.388943
vt 0.58206 0.389619
vt 0.580441 0.387391
vt 0.582737 0.388943
vt 0.584723 0.390386
vt 0.584289 0.391239
vt 0.58206 0.389619
vt 0.584723 0.390386
vt 0.587058 0.391145
vt 0.586909 0.39209
vt 0.584289 0.391239
vt 0.587058 0.391145
vt 0.589514 0.391145
vt 0.589663 0.39209
vt 0.586909 0.39209
vn 0.987688 0 0.156434
vn 0.891007 0 0.45399
vn 0.707107 0 0.707107
vn 0.45399 0 0.891007
vn 0.156434 0 0.987688
vn -0.156434 0 0.987688
vn -0.45399 0 0.891007
vn -0.707107 0 0.707107
vn -0.891007 0 0.45399
vn -0.987688 0 0.156434
vn -0.987688 0 -0.156434
vn -0.891007 0 -0.45399
vn -0.707107 0 -0.707107
vn -0.45399 0 -0.891007
vn -0.156434 0 -0.987688
vn 0.156434 0 -0.987688
vn 0.45399 0 -0.891007
vn 0.707107 0 -0.707107
vn 0.891007 0 -0.45399
vn 0.987688 0 -0.156434
vn 0.592613 -0.8 0.093861
vn 0.534604 -0.8 0.272394
vn 0.424264 -0.8 0.424264
vn 0.272394 -0.8 0.534604
vn 0.093861 -0.8 0.592613
vn -0.093861 -0.8 0.592613
vn -0.272394 -0.8 0.534604
vn -0.424264 -0.8 0.424264
vn -0.534604 -0.8 0.272394
vn -0.592613 -0.8 0.093861
vn -0.592613 -0.8 -0.093861
vn -0.534604 -0.8 -0.272394
vn -0.424264 -0.8 -0.424264
vn -0.272394 -0.8 -0.534604
vn -0.093861 -0.8 -0.592613
vn 0.093861 -0.8 -0.592613
vn 0.272394 -0.8 -0.534604
vn 0.424264 -0.8 -0.424264
vn 0.534604 -0.8 -0.272394
vn 0.592613 -0.8 -0.093861
vn 0.185854 0.982136 0.029436
vn 0.167661 0.982136 0.085428
vn 0.281761 0.948683 0.143564
vn 0.312334 0.948683 0.049469
vn 0.133057 0.982136 0.133057
vn 0.223607 0.948683 0.223607
vn 0.085428 0.982136 0.167661
vn 0.143564 0.948683 0.281761
vn 0.029436 0.982136 0.185854
vn 0.049469 0.948683 0.312334
vn -0.029436 0.982136 0.185854
vn -0.049469 0.948683 0.312334
vn -0.085428 0.982136 0.167661
vn -0.143564 0.948683 0.281761
vn -0.133057 0.982136 0.133057
vn -0.223607 0.948683 0.223607
vn -0.167661 0.982136 0.085428
vn -0.281761 0.948683 0.143564
vn -0.185854 0.982136 0.029436
vn -0.312334 0.948683 0.049469
vn -0.185854 0.982136 -0.029436
vn -0.312334 0.948683 -0.049469
vn -0.167661 0.982136 -0.085428
vn -0.281761 0.948683 -0.143564
vn -0.133057 0.982136 -0.133057
vn -0.223607 0.948683 -0.223607
vn -0.085428 0.982136 -0.167661
vn -0.143564 0.948683 -0.281761
vn -0.029436 0.982136 -0.185854
vn -0.049469 0.948683 -0.312334
vn 0.029436 0.982136 -0.185854
vn 0.049469 0.948683 -0.312334
vn 0.085428 0.982136 -0.167661
vn 0.143564 0.948683 -0.281761
vn 0.133057 0.982136 -0.133057
vn 0.223607 0.948683 -0.223607
vn 0.167661 0.982136 -0.085428
vn 0.281761 0.948683 -0.143564
vn 0.185854 0.982136 -0.029436
vn 0.312334 0.948683 -0.049469
vn 0 1 0
f 678/1969/186 679/1970/187 659/1971/187 658/1972/186
f 679/1973/187 680/1974/188 660/1975/188 659/1976/187
f 680/1977/188 681/1978/189 661/1979/189 660/1980/188
f 681/1981/189 682/1982/190 662/1983/190 661/1984/189
f 682/1985/190 683/1986/191 663/1987/191 662/1988/190
f 683/1989/191 684/1990/192 664/1991/192 663/1992/191
f 684/1993/192 685/1994/193 665/1995/193 664/1996/192
f 685/1997/193 686/1998/194 666/1999/194 665/2000/193
f 686/2001/194 687/2002/195 667/2003/195 666/2004/194
f 687/2005/195 688/2006/196 668/2007/196 667/2008/195
f 688/2009/196 689/2010/197 669/2011/197 668/2012/196
f 689/2013/197 690/2014/198 670/2015/198 669/2016/197
f 690/2017/198 691/2018/199 671/2019/199 670/2020/198
f 691/2021/199 692/2022/200 672/2023/200 671/2024/199
f 692/2025/200 693/2026/201 673/2027/201 672/2028/200
f 693/2029/201 694/2030/202 674/2031/202 673/2032/201
f 694/2033/202 695/2034/203 675/2035/203 674/2036/202
f 695/2037/203 696/2038/204 676/2039/204 675/2040/203
f 696/2041/204 697/2042/205 677/2043/205 676/2044/204
f 697/2045/205 678/2046/186 658/2047/186 677/2048/205
f 698/2049/206 699/2050/207 679/2051/207 678/2052/206
f 699/2053/207 700/2054/208 680/2055/208 679/2056/207
f 700/2057/208 701/2058/209 681/2059/209 680/2060/208
f 701/2061/209 702/2062/210 682/2063/210 681/2064/209
f 702/2065/210 703/2066/211 683/2067/211 682/2068/210
f 703/2069/211 704/2070/212 684/2071/212 683/2072/211
f 704/2073/212 705/2074/213 685/2075/213 684/2076/212
f 705/2077/213 706/2078/214 686/2079/214 685/2080/213
f 706/2081/214 707/2082/215 687/2083/215 686/2084/214
f 707/2085/215 708/2086/216 688/2087/216 687/2088/215
f 708/2089/216 709/2090/217 689/2091/217 688/2092/216
f 709/2093/217 710/2094/218 690/2095/218 689/2096/217
f 710/2097/218 711/2098/219 691/2099/219 690/2100/218
f 711/2101/219 712/2102/220 692/2103/220 691/2104/219
f 712/2105/220 713/2106/221 693/2107/221 692/2108/220
f 713/2109/221 714/2110/222 694/2111/222 693/2112/221
f 714/2113/222 715/2114/223 695/2115/223 694/2116/222
f 715/2117/223 716/2118/224 696/2119/224 695/2120/223
f 716/2121/224 717/2122/225 697/2123/225 696/2124/224
f 717/2125/225 698/2126/206 678/2127/206 697/2128/225
f 718/2129/186 719/2130/187 699/2131/187 698/2132/186
f 719/2133/187 720/2134/188 700/2135/188 699/2136/187
f 720/2137/188 721/2138/189 701/2139/189 700/2140/188
f 721/2141/189 722/2142/190 702/2143/190 701/2144/189
f 722/2145/190 723/2146/191 703/2147/191 702/2148/190
f 723/2149/191 724/2150/192 704/2151/192 703/2152/191
f 724/2153/192 725/2154/193 705/2155/193 704/2156/192
f 725/2157/193 726/2158/194 706/2159/194 705/2160/193
f 726/2161/194 727/2162/195 707/2163/195 706/2164/194
f 727/2165/195 728/2166/196 708/2167/196 707/2168/195
f 728/2169/196 729/2170/197 709/2171/197 708/2172/196
f 729/2173/197 730/2174/198 710/2175/198 709/2176/197
f 730/2177/198 731/2178/199 711/2179/199 710/2180/198
f 731/2181/199 732/2182/200 712/2183/200 711/2184/199
f 732/2185/200 733/2186/201 713/2187/201 712/2188/200
f 733/2189/201 734/2190/202 714/2191/202 713/2192/201
f 734/2193/202 735/2194/203 715/2195/203 714/2196/202
f 735/2197/203 736/2198/204 716/2199/204 715/2200/203
f 736/2201/204 737/2202/205 717/2203/205 716/2204/204
f 737/2205/205 718/2206/186 698/2207/186 717/2208/205
f 738/2209/226 739/2210/227 719/2211/228 718/2212/229
f 739/2213/227 740/2214/230 720/2215/231 719/2216/228
f 740/2217/230 741/2218/232 721/2219/233 720/2220/231
f 741/2221/232 742/2222/234 722/2223/235 721/2224/233
f 742/2225/234 743/2226/236 723/2227/237 722/2228/235
f 743/2229/236 744/2230/238 724/2231/239 723/2232/237
f 744/2233/238 745/2234/240 725/2235/241 724/2236/239
f 745/2237/240 746/2238/242 726/2239/243 725/2240/241
f 746/2241/242 747/2242/244 727/2243/245 726/2244/243
f 747/2245/244 748/2246/246 728/2247/247 727/2248/245
f 748/2249/246 749/2250/248 729/2251/249 728/2252/247
f 749/2253/248 750/2254/250 730/2255/251 729/2256/249
f 750/2257/250 751/2258/252 731/2259/253 730/2260/251
f 751/2261/252 752/2262/254 732/2263/255 731/2264/253
f 752/2265/254 753/2266/256 733/2267/257 732/2268/255
f 753/2269/256 754/2270/258 734/2271/259 733/2272/257
f 754/2273/258 755/2274/260 735/2275/261 734/2276/259
f 755/2277/260 756/2278/262 736/2279/263 735/2280/261
f 756/2281/262 757/2282/264 737/2283/265 736/2284/263
f 757/2285/264 738/2286/226 718/2287/229 737/2288/265
f 758/2289/266 759/2290/266 739/2291/227 738/2292/226
f 759/2293/266 760/2294/266 740/2295/230 739/2296/227
f 760/2297/266 761/2298/266 741/2299/232 740/2300/230
f 761/2301/266 762/2302/266 742/2303/234 741/2304/232
f 762/2305/266 763/2306/266 743/2307/236 742/2308/234
f 763/2309/266 764/2310/266 744/2311/238 743/2312/236
f 764/2313/266 765/2314/266 745/2315/240 744/2316/238
f 765/2317/266 766/2318/266 746/2319/242 745/2320/240
f 766/2321/266 767/2322/266 747/2323/244 746/2324/242
f 767/2325/266 768/2326/266 748/2327/246 747/2328/244
f 768/2329/266 769/2330/266 749/2331/248 748/2332/246
f 769/2333/266 770/2334/266 750/2335/250 749/2336/248
f 770/2337/266 771/2338/266 751/2339/252 750/2340/250
f 771/2341/266 772/2342/266 752/2343/254 751/2344/252
f 772/2345/266 773/2346/266 753/2347/256 752/2348/254
f 773/2349/266 774/2350/266 754/2351/258 753/2352/256
f 774/2353/266 775/2354/266 755/2355/260 754/2356/258
f 775/2357/266 776/2358/266 756/2359/262 755/2360/260
f 776/2361/266 777/2362/266 757/2363/264 756/2364/262
f 777/2365/266 758/2366/266 738/2367/226 757/2368/264
o jerry_can__body__spout_bore
usemtl fuel_containers
v 0.688558 0.63875 0.505612
v 0.68509 0.63875 0.516287
v 0.678492 0.63875 0.525367
v 0.669412 0.63875 0.531965
v 0.658737 0.63875 0.535433
v 0.647513 0.63875 0.535433
v 0.636838 0.63875 0.531965
v 0.627758 0.63875 0.525367
v 0.62116 0.63875 0.516287
v 0.617692 0.63875 0.505612
v 0.617692 0.63875 0.494388
v 0.62116 0.63875 0.483713
v 0.627758 0.63875 0.474633
v 0.636838 0.63875 0.468035
v 0.647513 0.63875 0.464567
v 0.658737 0.63875 0.464567
v 0.669412 0.63875 0.468035
v 0.678492 0.63875 0.474633
v 0.68509 0.63875 0.483713
v 0.688558 0.63875 0.494388
v 0.688558 0.61075 0.505612
v 0.68509 0.61075 0.516287
v 0.678492 0.61075 0.525367
v 0.669412 0.61075 0.531965
v 0.658737 0.61075 0.535433
v 0.647513 0.61075 0.535433
v 0.636838 0.61075 0.531965
v 0.627758 0.61075 0.525367
v 0.62116 0.61075 0.516287
v 0.617692 0.61075 0.505612
v 0.617692 0.61075 0.494388
v 0.62116 0.61075 0.483713
v 0.627758 0.61075 0.474633
v 0.636838 0.61075 0.468035
v 0.647513 0.61075 0.464567
v 0.658737 0.61075 0.464567
v 0.669412 0.61075 0.468035
v 0.678492 0.61075 0.474633
v 0.68509 0.61075 0.483713
v 0.688558 0.61075 0.494388
v 0.653125 0.61075 0.5
vt 0.578879 0.085924
vt 0.578879 0.088379
vt 0.572754 0.088379
vt 0.572754 0.085924
vt 0.608176 0.085924
vt 0.608176 0.088379
vt 0.602051 0.088379
vt 0.602051 0.085924
vt 0.490988 0.085924
vt 0.490988 0.088379
vt 0.484863 0.088379
vt 0.484863 0.085924
vt 0.500754 0.085924
vt 0.500754 0.088379
vt 0.494629 0.088379
vt 0.494629 0.085924
vt 0.660645 0.088379
vt 0.660645 0.085924
vt 0.66677 0.085924
vt 0.66677 0.088379
vt 0.504395 0.088379
vt 0.504395 0.085924
vt 0.51052 0.085924
vt 0.51052 0.088379
vt 0.67041 0.088379
vt 0.67041 0.085924
vt 0.676535 0.085924
vt 0.676535 0.088379
vt 0.611816 0.088379
vt 0.611816 0.085924
vt 0.617941 0.085924
vt 0.617941 0.088379
vt 0.621582 0.088379
vt 0.621582 0.085924
vt 0.627707 0.085924
vt 0.627707 0.088379
vt 0.592285 0.088379
vt 0.592285 0.085924
vt 0.59841 0.085924
vt 0.59841 0.088379
vt 0.562988 0.088379
vt 0.562988 0.085924
vt 0.569113 0.085924
vt 0.569113 0.088379
vt 0.631348 0.088379
vt 0.631348 0.085924
vt 0.637473 0.085924
vt 0.637473 0.088379
vt 0.641113 0.088379
vt 0.641113 0.085924
vt 0.647238 0.085924
vt 0.647238 0.088379
vt 0.51416 0.088379
vt 0.51416 0.085924
vt 0.520285 0.085924
vt 0.520285 0.088379
vt 0.523926 0.088379
vt 0.523926 0.085924
vt 0.530051 0.085924
vt 0.530051 0.088379
vt 0.539816 0.085924
vt 0.539816 0.088379
vt 0.533691 0.088379
vt 0.533691 0.085924
vt 0.549582 0.085924
vt 0.549582 0.088379
vt 0.543457 0.088379
vt 0.543457 0.085924
vt 0.657004 0.085924
vt 0.657004 0.088379
vt 0.650879 0.088379
vt 0.650879 0.085924
vt 0.588645 0.085924
vt 0.588645 0.088379
vt 0.58252 0.088379
vt 0.58252 0.085924
vt 0.559348 0.085924
vt 0.559348 0.088379
vt 0.553223 0.088379
vt 0.553223 0.085924
vt 0.600856 0.366417
vt 0.600098 0.364082
vt 0.607849 0.362854
vt 0.6023 0.368404
vt 0.600856 0.366417
vt 0.607849 0.362854
vt 0.604286 0.369847
vt 0.6023 0.368404
vt 0.607849 0.362854
vt 0.606621 0.370605
vt 0.604286 0.369847
vt 0.607849 0.362854
vt 0.609076 0.370605
vt 0.606621 0.370605
vt 0.607849 0.362854
vt 0.611411 0.369847
vt 0.609076 0.370605
vt 0.607849 0.362854
vt 0.613398 0.368404
vt 0.611411 0.369847
vt 0.607849 0.362854
vt 0.614841 0.366417
vt 0.613398 0.368404
vt 0.607849 0.362854
vt 0.6156 0.364082
vt 0.614841 0.366417
vt 0.607849 0.362854
vt 0.6156 0.361627
vt 0.6156 0.364082
vt 0.607849 0.362854
vt 0.614841 0.359292
vt 0.6156 0.361627
vt 0.607849 0.362854
vt 0.613398 0.357305
vt 0.614841 0.359292
vt 0.607849 0.362854
vt 0.611411 0.355862
vt 0.613398 0.357305
vt 0.607849 0.362854
vt 0.609076 0.355103
vt 0.611411 0.355862
vt 0.607849 0.362854
vt 0.606621 0.355103
vt 0.609076 0.355103
vt 0.607849 0.362854
vt 0.604286 0.355862
vt 0.606621 0.355103
vt 0.607849 0.362854
vt 0.6023 0.357305
vt 0.604286 0.355862
vt 0.607849 0.362854
vt 0.600856 0.359292
vt 0.6023 0.357305
vt 0.607849 0.362854
vt 0.600098 0.361627
vt 0.600856 0.359292
vt 0.607849 0.362854
vt 0.600098 0.364082
vt 0.600098 0.361627
vt 0.607849 0.362854
vn -0.987688 0 -0.156434
vn -0.891007 0 -0.45399
vn -0.707107 0 -0.707107
vn -0.45399 0 -0.891007
vn -0.156434 0 -0.987688
vn 0.156434 0 -0.987688
vn 0.45399 0 -0.891007
vn 0.707107 0 -0.707107
vn 0.891007 0 -0.45399
vn 0.987688 0 -0.156434
vn 0.987688 0 0.156434
vn 0.891007 0 0.45399
vn 0.707107 0 0.707107
vn 0.45399 0 0.891007
vn 0.156434 0 0.987688
vn -0.156434 0 0.987688
vn -0.45399 0 0.891007
vn -0.707107 0 0.707107
vn -0.891007 0 0.45399
vn -0.987688 0 0.156434
vn 0 1 0
f 798/2369/267 799/2370/268 779/2371/268 778/2372/267
f 799/2373/268 800/2374/269 780/2375/269 779/2376/268
f 800/2377/269 801/2378/270 781/2379/270 780/2380/269
f 801/2381/270 802/2382/271 782/2383/271 781/2384/270
f 802/2385/271 803/2386/272 783/2387/272 782/2388/271
f 803/2389/272 804/2390/273 784/2391/273 783/2392/272
f 804/2393/273 805/2394/274 785/2395/274 784/2396/273
f 805/2397/274 806/2398/275 786/2399/275 785/2400/274
f 806/2401/275 807/2402/276 787/2403/276 786/2404/275
f 807/2405/276 808/2406/277 788/2407/277 787/2408/276
f 808/2409/277 809/2410/278 789/2411/278 788/2412/277
f 809/2413/278 810/2414/279 790/2415/279 789/2416/278
f 810/2417/279 811/2418/280 791/2419/280 790/2420/279
f 811/2421/280 812/2422/281 792/2423/281 791/2424/280
f 812/2425/281 813/2426/282 793/2427/282 792/2428/281
f 813/2429/282 814/2430/283 794/2431/283 793/2432/282
f 814/2433/283 815/2434/284 795/2435/284 794/2436/283
f 815/2437/284 816/2438/285 796/2439/285 795/2440/284
f 816/2441/285 817/2442/286 797/2443/286 796/2444/285
f 817/2445/286 798/2446/267 778/2447/267 797/2448/286
f 799/2449/287 798/2450/287 818/2451/287
f 800/2452/287 799/2453/287 818/2454/287
f 801/2455/287 800/2456/287 818/2457/287
f 802/2458/287 801/2459/287 818/2460/287
f 803/2461/287 802/2462/287 818/2463/287
f 804/2464/287 803/2465/287 818/2466/287
f 805/2467/287 804/2468/287 818/2469/287
f 806/2470/287 805/2471/287 818/2472/287
f 807/2473/287 806/2474/287 818/2475/287
f 808/2476/287 807/2477/287 818/2478/287
f 809/2479/287 808/2480/287 818/2481/287
f 810/2482/287 809/2483/287 818/2484/287
f 811/2485/287 810/2486/287 818/2487/287
f 812/2488/287 811/2489/287 818/2490/287
f 813/2491/287 812/2492/287 818/2493/287
f 814/2494/287 813/2495/287 818/2496/287
f 815/2497/287 814/2498/287 818/2499/287
f 816/2500/287 815/2501/287 818/2502/287
f 817/2503/287 816/2504/287 818/2505/287
f 798/2506/287 817/2507/287 818/2508/287
o jerry_can__body__spout_cap
usemtl fuel_containers
v 0.888793 0.035062 0.538017
v 0.884225 0.035062 0.552076
v 0.875536 0.035062 0.564036
v 0.863576 0.035062 0.572725
v 0.849517 0.035062 0.577293
v 0.834733 0.035062 0.577293
v 0.820674 0.035062 0.572725
v 0.808714 0.035062 0.564036
v 0.800025 0.035062 0.552076
v 0.795457 0.035062 0.538017
v 0.795457 0.035062 0.523233
v 0.800025 0.035062 0.509174
v 0.808714 0.035062 0.497214
v 0.820674 0.035062 0.488525
v 0.834733 0.035062 0.483957
v 0.849517 0.035062 0.483957
v 0.863576 0.035062 0.488525
v 0.875536 0.035062 0.497214
v 0.884225 0.035062 0.509174
v 0.888793 0.035062 0.523233
v 0.888793 0.000938 0.538017
v 0.884225 0.000938 0.552076
v 0.875536 0.000938 0.564036
v 0.863576 0.000938 0.572725
v 0.849517 0.000938 0.577293
v 0.834733 0.000938 0.577293
v 0.820674 0.000938 0.572725
v 0.808714 0.000938 0.564036
v 0.800025 0.000938 0.552076
v 0.795457 0.000938 0.538017
v 0.795457 0.000938 0.523233
v 0.800025 0.000938 0.509174
v 0.808714 0.000938 0.497214
v 0.820674 0.000938 0.488525
v 0.834733 0.000938 0.483957
v 0.849517 0.000938 0.483957
v 0.863576 0.000938 0.488525
v 0.875536 0.000938 0.497214
v 0.884225 0.000938 0.509174
v 0.888793 0.000938 0.523233
v 0.895707 0.000938 0.539112
v 0.890462 0.000938 0.555254
v 0.880486 0.000938 0.568986
v 0.866754 0.000938 0.578962
v 0.850612 0.000938 0.584207
v 0.833638 0.000938 0.584207
v 0.817496 0.000938 0.578962
v 0.803764 0.000938 0.568986
v 0.793788 0.000938 0.555254
v 0.788543 0.000938 0.539112
v 0.788543 0.000938 0.522138
v 0.793788 0.000938 0.505996
v 0.803764 0.000938 0.492264
v 0.817496 0.000938 0.482288
v 0.833638 0.000938 0.477043
v 0.850612 0.000938 0.477043
v 0.866754 0.000938 0.482288
v 0.880486 0.000938 0.492264
v 0.890462 0.000938 0.505996
v 0.895707 0.000938 0.522138
v 0.895707 0.040312 0.539112
v 0.890462 0.040312 0.555254
v 0.880486 0.040312 0.568986
v 0.866754 0.040312 0.578962
v 0.850612 0.040312 0.584207
v 0.833638 0.040312 0.584207
v 0.817496 0.040312 0.578962
v 0.803764 0.040312 0.568986
v 0.793788 0.040312 0.555254
v 0.788543 0.040312 0.539112
v 0.788543 0.040312 0.522138
v 0.793788 0.040312 0.505996
v 0.803764 0.040312 0.492264
v 0.817496 0.040312 0.482288
v 0.833638 0.040312 0.477043
v 0.850612 0.040312 0.477043
v 0.866754 0.040312 0.482288
v 0.880486 0.040312 0.492264
v 0.890462 0.040312 0.505996
v 0.895707 0.040312 0.522138
v 0.887065 0.049063 0.537743
v 0.882666 0.049063 0.551282
v 0.874298 0.049063 0.562798
v 0.862782 0.049063 0.571166
v 0.849243 0.049063 0.575565
v 0.835007 0.049063 0.575565
v 0.821468 0.049063 0.571166
v 0.809952 0.049063 0.562798
v 0.801584 0.049063 0.551282
v 0.797185 0.049063 0.537743
v 0.797185 0.049063 0.523507
v 0.801584 0.049063 0.509968
v 0.809952 0.049063 0.498452
v 0.821468 0.049063 0.490084
v 0.835007 0.049063 0.485685
v 0.849243 0.049063 0.485685
v 0.862782 0.049063 0.490084
v 0.874298 0.049063 0.498452
v 0.882666 0.049063 0.509968
v 0.887065 0.049063 0.523507
v 0.842125 0.035062 0.530625
v 0.842125 0.049063 0.530625
vt 0.930805 0.161317
vt 0.930805 0.164551
vt 0.92334 0.164551
vt 0.92334 0.161317
vt 0.941547 0.161317
vt 0.941547 0.164551
vt 0.934082 0.164551
vt 0.934082 0.161317
vt 0.866352 0.161317
vt 0.866352 0.164551
vt 0.858887 0.164551
vt 0.858887 0.161317
vt 0.75893 0.161317
vt 0.75893 0.164551
vt 0.751465 0.164551
vt 0.751465 0.161317
vt 0.869629 0.164551
vt 0.869629 0.161317
vt 0.877094 0.161317
vt 0.877094 0.164551
vt 0.762207 0.164551
vt 0.762207 0.161317
vt 0.769672 0.161317
vt 0.769672 0.164551
vt 0.805176 0.164551
vt 0.805176 0.161317
vt 0.812641 0.161317
vt 0.812641 0.164551
vt 0.815918 0.164551
vt 0.815918 0.161317
vt 0.823383 0.161317
vt 0.823383 0.164551
vt 0.944824 0.164551
vt 0.944824 0.161317
vt 0.952289 0.161317
vt 0.952289 0.164551
vt 0.837402 0.164551
vt 0.837402 0.161317
vt 0.844867 0.161317
vt 0.844867 0.164551
vt 0.794434 0.164551
vt 0.794434 0.161317
vt 0.801898 0.161317
vt 0.801898 0.164551
vt 0.880371 0.164551
vt 0.880371 0.161317
vt 0.887836 0.161317
vt 0.887836 0.164551
vt 0.772949 0.164551
vt 0.772949 0.161317
vt 0.780414 0.161317
vt 0.780414 0.164551
vt 0.891113 0.164551
vt 0.891113 0.161317
vt 0.898578 0.161317
vt 0.898578 0.164551
vt 0.901855 0.164551
vt 0.901855 0.161317
vt 0.90932 0.161317
vt 0.90932 0.164551
vt 0.963031 0.161317
vt 0.963031 0.164551
vt 0.955566 0.164551
vt 0.955566 0.161317
vt 0.920063 0.161317
vt 0.920063 0.164551
vt 0.912598 0.164551
vt 0.912598 0.161317
vt 0.834125 0.161317
vt 0.834125 0.164551
vt 0.82666 0.164551
vt 0.82666 0.161317
vt 0.855609 0.161317
vt 0.855609 0.164551
vt 0.848145 0.164551
vt 0.848145 0.161317
vt 0.791156 0.161317
vt 0.791156 0.164551
vt 0.783691 0.164551
vt 0.783691 0.161317
vt 0.457425 0.493648
vt 0.460956 0.494795
vt 0.460261 0.496159
vt 0.457186 0.49516
vt 0.460956 0.494795
vt 0.46396 0.496977
vt 0.462877 0.49806
vt 0.460261 0.496159
vt 0.46396 0.496977
vt 0.466142 0.499981
vt 0.464778 0.500676
vt 0.462877 0.49806
vt 0.466142 0.499981
vt 0.46729 0.503512
vt 0.465777 0.503752
vt 0.464778 0.500676
vt 0.46729 0.503512
vt 0.46729 0.507225
vt 0.465777 0.506986
vt 0.465777 0.503752
vt 0.46729 0.507225
vt 0.466142 0.510756
vt 0.464778 0.510061
vt 0.465777 0.506986
vt 0.466142 0.510756
vt 0.46396 0.51376
vt 0.462877 0.512677
vt 0.464778 0.510061
vt 0.46396 0.51376
vt 0.460956 0.515943
vt 0.460261 0.514578
vt 0.462877 0.512677
vt 0.460956 0.515943
vt 0.457425 0.51709
vt 0.457186 0.515577
vt 0.460261 0.514578
vt 0.457425 0.51709
vt 0.453712 0.51709
vt 0.453952 0.515577
vt 0.457186 0.515577
vt 0.453712 0.51709
vt 0.450181 0.515943
vt 0.450876 0.514578
vt 0.453952 0.515577
vt 0.450181 0.515943
vt 0.447177 0.51376
vt 0.44826 0.512677
vt 0.450876 0.514578
vt 0.447177 0.51376
vt 0.444995 0.510756
vt 0.446359 0.510061
vt 0.44826 0.512677
vt 0.444995 0.510756
vt 0.443848 0.507225
vt 0.44536 0.506986
vt 0.446359 0.510061
vt 0.443848 0.507225
vt 0.443848 0.503512
vt 0.44536 0.503752
vt 0.44536 0.506986
vt 0.443848 0.503512
vt 0.444995 0.499981
vt 0.446359 0.500676
vt 0.44536 0.503752
vt 0.444995 0.499981
vt 0.447177 0.496977
vt 0.44826 0.49806
vt 0.446359 0.500676
vt 0.447177 0.496977
vt 0.450181 0.494795
vt 0.450876 0.496159
vt 0.44826 0.49806
vt 0.450181 0.494795
vt 0.453712 0.493648
vt 0.453952 0.49516
vt 0.450876 0.496159
vt 0.453712 0.493648
vt 0.457425 0.493648
vt 0.457186 0.49516
vt 0.453952 0.49516
vt 0.993477 0.182322
vt 0.993477 0.186035
vt 0.984863 0.186035
vt 0.984863 0.182322
vt 0.163398 0.17451
vt 0.163398 0.178223
vt 0.154785 0.178223
vt 0.154785 0.17451
vt 0.946602 0.182322
vt 0.946602 0.186035
vt 0.937988 0.186035
vt 0.937988 0.182322
vt 0.069648 0.17451
vt 0.069648 0.178223
vt 0.061035 0.178223
vt 0.061035 0.17451
vt 0.081367 0.17451
vt 0.081367 0.178223
vt 0.072754 0.178223
vt 0.072754 0.17451
vt 0.949707 0.186035
vt 0.949707 0.182322
vt 0.95832 0.182322
vt 0.95832 0.186035
vt 0.084473 0.178223
vt 0.084473 0.17451
vt 0.093086 0.17451
vt 0.093086 0.178223
vt 0.096191 0.178223
vt 0.096191 0.17451
vt 0.104805 0.17451
vt 0.104805 0.178223
vt 0.002441 0.178223
vt 0.002441 0.17451
vt 0.011055 0.17451
vt 0.011055 0.178223
vt 0.10791 0.178223
vt 0.10791 0.17451
vt 0.116523 0.17451
vt 0.116523 0.178223
vt 0.119629 0.178223
vt 0.119629 0.17451
vt 0.128242 0.17451
vt 0.128242 0.178223
vt 0.01416 0.178223
vt 0.01416 0.17451
vt 0.022773 0.17451
vt 0.022773 0.178223
vt 0.025879 0.178223
vt 0.025879 0.17451
vt 0.034492 0.17451
vt 0.034492 0.178223
vt 0.166504 0.178223
vt 0.166504 0.17451
vt 0.175117 0.17451
vt 0.175117 0.178223
vt 0.139961 0.17451
vt 0.139961 0.178223
vt 0.131348 0.178223
vt 0.131348 0.17451
vt 0.970039 0.182322
vt 0.970039 0.186035
vt 0.961426 0.186035
vt 0.961426 0.182322
vt 0.15168 0.17451
vt 0.15168 0.178223
vt 0.143066 0.178223
vt 0.143066 0.17451
vt 0.046211 0.17451
vt 0.046211 0.178223
vt 0.037598 0.178223
vt 0.037598 0.17451
vt 0.05793 0.17451
vt 0.05793 0.178223
vt 0.049316 0.178223
vt 0.049316 0.17451
vt 0.981758 0.182322
vt 0.981758 0.186035
vt 0.973145 0.186035
vt 0.973145 0.182322
vt 0.278211 0.19116
vt 0.281244 0.190456
vt 0.282144 0.193008
vt 0.278527 0.193848
vt 0.281244 0.190456
vt 0.283974 0.189116
vt 0.285398 0.191411
vt 0.282144 0.193008
vt 0.469309 0.232685
vt 0.471603 0.234763
vt 0.47002 0.236959
vt 0.467285 0.234482
vt 0.471603 0.234763
vt 0.474299 0.236281
vt 0.473236 0.23877
vt 0.47002 0.236959
vt 0.316895 0.183329
vt 0.319971 0.182993
vt 0.320563 0.185634
vt 0.316895 0.186035
vt 0.319971 0.182993
vt 0.322897 0.181985
vt 0.324052 0.184432
vt 0.320563 0.185634
vt 0.507464 0.23877
vt 0.505152 0.236713
vt 0.506714 0.234502
vt 0.509471 0.236955
vt 0.505152 0.236713
vt 0.502441 0.235218
vt 0.503483 0.23272
vt 0.506714 0.234502
vt 0.909239 0.171387
vt 0.906221 0.170702
vt 0.906522 0.168012
vt 0.910121 0.168828
vt 0.906221 0.170702
vt 0.903126 0.170702
vt 0.902832 0.168012
vt 0.906522 0.168012
vt 0.048743 0.191763
vt 0.045732 0.192481
vt 0.044815 0.189934
vt 0.048404 0.189078
vt 0.045732 0.192481
vt 0.042955 0.193848
vt 0.041504 0.191564
vt 0.044815 0.189934
vt 0.483018 0.23877
vt 0.480724 0.236692
vt 0.482307 0.234496
vt 0.485042 0.236973
vt 0.480724 0.236692
vt 0.478027 0.235173
vt 0.479091 0.232685
vt 0.482307 0.234496
vt 0.334794 0.184691
vt 0.331717 0.185027
vt 0.331125 0.182385
vt 0.334794 0.181985
vt 0.331717 0.185027
vt 0.328791 0.186035
vt 0.327637 0.183588
vt 0.331125 0.182385
vt 0.515191 0.23272
vt 0.517504 0.234777
vt 0.515941 0.236988
vt 0.513184 0.234535
vt 0.517504 0.234777
vt 0.520214 0.236272
vt 0.519172 0.23877
vt 0.515941 0.236988
vt 0.89591 0.168004
vt 0.898946 0.168697
vt 0.898639 0.171387
vt 0.89502 0.17056
vt 0.27517 0.19116
vt 0.278211 0.19116
vt 0.278527 0.193848
vt 0.274902 0.193848
vt 0.037064 0.451217
vt 0.038681 0.441008
vt 0.041757 0.442008
vt 0.037064 0.451217
vt 0.041757 0.442008
vt 0.044373 0.443908
vt 0.037064 0.451217
vt 0.044373 0.443908
vt 0.046274 0.446525
vt 0.037064 0.451217
vt 0.046274 0.446525
vt 0.047273 0.4496
vt 0.037064 0.451217
vt 0.047273 0.4496
vt 0.047273 0.452834
vt 0.037064 0.451217
vt 0.047273 0.452834
vt 0.046274 0.45591
vt 0.037064 0.451217
vt 0.046274 0.45591
vt 0.044373 0.458526
vt 0.037064 0.451217
vt 0.044373 0.458526
vt 0.041757 0.460426
vt 0.037064 0.451217
vt 0.041757 0.460426
vt 0.038681 0.461426
vt 0.037064 0.451217
vt 0.038681 0.461426
vt 0.035447 0.461426
vt 0.037064 0.451217
vt 0.035447 0.461426
vt 0.032372 0.460426
vt 0.037064 0.451217
vt 0.032372 0.460426
vt 0.029756 0.458526
vt 0.037064 0.451217
vt 0.029756 0.458526
vt 0.027855 0.45591
vt 0.037064 0.451217
vt 0.027855 0.45591
vt 0.026855 0.452834
vt 0.037064 0.451217
vt 0.026855 0.452834
vt 0.026855 0.4496
vt 0.037064 0.451217
vt 0.026855 0.4496
vt 0.027855 0.446525
vt 0.037064 0.451217
vt 0.027855 0.446525
vt 0.029756 0.443908
vt 0.037064 0.451217
vt 0.029756 0.443908
vt 0.032372 0.442008
vt 0.037064 0.451217
vt 0.032372 0.442008
vt 0.035447 0.441008
vt 0.037064 0.451217
vt 0.035447 0.441008
vt 0.038681 0.441008
vt 0.113755 0.456114
vt 0.112793 0.453152
vt 0.122624 0.451595
vt 0.115586 0.458633
vt 0.113755 0.456114
vt 0.122624 0.451595
vt 0.118105 0.460463
vt 0.115586 0.458633
vt 0.122624 0.451595
vt 0.121067 0.461426
vt 0.118105 0.460463
vt 0.122624 0.451595
vt 0.124181 0.461426
vt 0.121067 0.461426
vt 0.122624 0.451595
vt 0.127142 0.460463
vt 0.124181 0.461426
vt 0.122624 0.451595
vt 0.129661 0.458633
vt 0.127142 0.460463
vt 0.122624 0.451595
vt 0.131492 0.456114
vt 0.129661 0.458633
vt 0.122624 0.451595
vt 0.132454 0.453152
vt 0.131492 0.456114
vt 0.122624 0.451595
vt 0.132454 0.450038
vt 0.132454 0.453152
vt 0.122624 0.451595
vt 0.131492 0.447077
vt 0.132454 0.450038
vt 0.122624 0.451595
vt 0.129661 0.444557
vt 0.131492 0.447077
vt 0.122624 0.451595
vt 0.127142 0.442727
vt 0.129661 0.444557
vt 0.122624 0.451595
vt 0.124181 0.441765
vt 0.127142 0.442727
vt 0.122624 0.451595
vt 0.121067 0.441765
vt 0.124181 0.441765
vt 0.122624 0.451595
vt 0.118105 0.442727
vt 0.121067 0.441765
vt 0.122624 0.451595
vt 0.115586 0.444557
vt 0.118105 0.442727
vt 0.122624 0.451595
vt 0.113755 0.447077
vt 0.115586 0.444557
vt 0.122624 0.451595
vt 0.112793 0.450038
vt 0.113755 0.447077
vt 0.122624 0.451595
vt 0.112793 0.453152
vt 0.112793 0.450038
vt 0.122624 0.451595
vn -0.987688 0 -0.156434
vn -0.891007 0 -0.45399
vn -0.707107 0 -0.707107
vn -0.45399 0 -0.891007
vn -0.156434 0 -0.987688
vn 0.156434 0 -0.987688
vn 0.45399 0 -0.891007
vn 0.707107 0 -0.707107
vn 0.891007 0 -0.45399
vn 0.987688 0 -0.156434
vn 0.987688 0 0.156434
vn 0.891007 0 0.45399
vn 0.707107 0 0.707107
vn 0.45399 0 0.891007
vn 0.156434 0 0.987688
vn -0.156434 0 0.987688
vn -0.45399 0 0.891007
vn -0.707107 0 0.707107
vn -0.891007 0 0.45399
vn -0.987688 0 0.156434
vn 0 -1 0
vn 0.698401 0.707107 0.110616
vn 0.630037 0.707107 0.32102
vn 0.5 0.707107 0.5
vn 0.32102 0.707107 0.630037
vn 0.110616 0.707107 0.698401
vn -0.110616 0.707107 0.698401
vn -0.32102 0.707107 0.630037
vn -0.5 0.707107 0.5
vn -0.630037 0.707107 0.32102
vn -0.698401 0.707107 0.110616
vn -0.698401 0.707107 -0.110616
vn -0.630037 0.707107 -0.32102
vn -0.5 0.707107 -0.5
vn -0.32102 0.707107 -0.630037
vn -0.110616 0.707107 -0.698401
vn 0.110616 0.707107 -0.698401
vn 0.32102 0.707107 -0.630037
vn 0.5 0.707107 -0.5
vn 0.630037 0.707107 -0.32102
vn 0.698401 0.707107 -0.110616
vn 0 1 0
f 839/2509/288 840/2510/289 820/2511/289 819/2512/288
f 840/2513/289 841/2514/290 821/2515/290 820/2516/289
f 841/2517/290 842/2518/291 822/2519/291 821/2520/290
f 842/2521/291 843/2522/292 823/2523/292 822/2524/291
f 843/2525/292 844/2526/293 824/2527/293 823/2528/292
f 844/2529/293 845/2530/294 825/2531/294 824/2532/293
f 845/2533/294 846/2534/295 826/2535/295 825/2536/294
f 846/2537/295 847/2538/296 827/2539/296 826/2540/295
f 847/2541/296 848/2542/297 828/2543/297 827/2544/296
f 848/2545/297 849/2546/298 829/2547/298 828/2548/297
f 849/2549/298 850/2550/299 830/2551/299 829/2552/298
f 850/2553/299 851/2554/300 831/2555/300 830/2556/299
f 851/2557/300 852/2558/301 832/2559/301 831/2560/300
f 852/2561/301 853/2562/302 833/2563/302 832/2564/301
f 853/2565/302 854/2566/303 834/2567/303 833/2568/302
f 854/2569/303 855/2570/304 835/2571/304 834/2572/303
f 855/2573/304 856/2574/305 836/2575/305 835/2576/304
f 856/2577/305 857/2578/306 837/2579/306 836/2580/305
f 857/2581/306 858/2582/307 838/2583/307 837/2584/306
f 858/2585/307 839/2586/288 819/2587/288 838/2588/307
f 859/2589/308 860/2590/308 840/2591/308 839/2592/308
f 860/2593/308 861/2594/308 841/2595/308 840/2596/308
f 861/2597/308 862/2598/308 842/2599/308 841/2600/308
f 862/2601/308 863/2602/308 843/2603/308 842/2604/308
f 863/2605/308 864/2606/308 844/2607/308 843/2608/308
f 864/2609/308 865/2610/308 845/2611/308 844/2612/308
f 865/2613/308 866/2614/308 846/2615/308 845/2616/308
f 866/2617/308 867/2618/308 847/2619/308 846/2620/308
f 867/2621/308 868/2622/308 848/2623/308 847/2624/308
f 868/2625/308 869/2626/308 849/2627/308 848/2628/308
f 869/2629/308 870/2630/308 850/2631/308 849/2632/308
f 870/2633/308 871/2634/308 851/2635/308 850/2636/308
f 871/2637/308 872/2638/308 852/2639/308 851/2640/308
f 872/2641/308 873/2642/308 853/2643/308 852/2644/308
f 873/2645/308 874/2646/308 854/2647/308 853/2648/308
f 874/2649/308 875/2650/308 855/2651/308 854/2652/308
f 875/2653/308 876/2654/308 856/2655/308 855/2656/308
f 876/2657/308 877/2658/308 857/2659/308 856/2660/308
f 877/2661/308 878/2662/308 858/2663/308 857/2664/308
f 878/2665/308 859/2666/308 839/2667/308 858/2668/308
f 879/2669/298 880/2670/299 860/2671/299 859/2672/298
f 880/2673/299 881/2674/300 861/2675/300 860/2676/299
f 881/2677/300 882/2678/301 862/2679/301 861/2680/300
f 882/2681/301 883/2682/302 863/2683/302 862/2684/301
f 883/2685/302 884/2686/303 864/2687/303 863/2688/302
f 884/2689/303 885/2690/304 865/2691/304 864/2692/303
f 885/2693/304 886/2694/305 866/2695/305 865/2696/304
f 886/2697/305 887/2698/306 867/2699/306 866/2700/305
f 887/2701/306 888/2702/307 868/2703/307 867/2704/306
f 888/2705/307 889/2706/288 869/2707/288 868/2708/307
f 889/2709/288 890/2710/289 870/2711/289 869/2712/288
f 890/2713/289 891/2714/290 871/2715/290 870/2716/289
f 891/2717/290 892/2718/291 872/2719/291 871/2720/290
f 892/2721/291 893/2722/292 873/2723/292 872/2724/291
f 893/2725/292 894/2726/293 874/2727/293 873/2728/292
f 894/2729/293 895/2730/294 875/2731/294 874/2732/293
f 895/2733/294 896/2734/295 876/2735/295 875/2736/294
f 896/2737/295 897/2738/296 877/2739/296 876/2740/295
f 897/2741/296 898/2742/297 878/2743/297 877/2744/296
f 898/2745/297 879/2746/298 859/2747/298 878/2748/297
f 899/2749/309 900/2750/310 880/2751/310 879/2752/309
f 900/2753/310 901/2754/311 881/2755/311 880/2756/310
f 901/2757/311 902/2758/312 882/2759/312 881/2760/311
f 902/2761/312 903/2762/313 883/2763/313 882/2764/312
f 903/2765/313 904/2766/314 884/2767/314 883/2768/313
f 904/2769/314 905/2770/315 885/2771/315 884/2772/314
f 905/2773/315 906/2774/316 886/2775/316 885/2776/315
f 906/2777/316 907/2778/317 887/2779/317 886/2780/316
f 907/2781/317 908/2782/318 888/2783/318 887/2784/317
f 908/2785/318 909/2786/319 889/2787/319 888/2788/318
f 909/2789/319 910/2790/320 890/2791/320 889/2792/319
f 910/2793/320 911/2794/321 891/2795/321 890/2796/320
f 911/2797/321 912/2798/322 892/2799/322 891/2800/321
f 912/2801/322 913/2802/323 893/2803/323 892/2804/322
f 913/2805/323 914/2806/324 894/2807/324 893/2808/323
f 914/2809/324 915/2810/325 895/2811/325 894/2812/324
f 915/2813/325 916/2814/326 896/2815/326 895/2816/325
f 916/2817/326 917/2818/327 897/2819/327 896/2820/326
f 917/2821/327 918/2822/328 898/2823/328 897/2824/327
f 918/2825/328 899/2826/309 879/2827/309 898/2828/328
f 919/2829/308 819/2830/308 820/2831/308
f 919/2832/308 820/2833/308 821/2834/308
f 919/2835/308 821/2836/308 822/2837/308
f 919/2838/308 822/2839/308 823/2840/308
f 919/2841/308 823/2842/308 824/2843/308
f 919/2844/308 824/2845/308 825/2846/308
f 919/2847/308 825/2848/308 826/2849/308
f 919/2850/308 826/2851/308 827/2852/308
f 919/2853/308 827/2854/308 828/2855/308
f 919/2856/308 828/2857/308 829/2858/308
f 919/2859/308 829/2860/308 830/2861/308
f 919/2862/308 830/2863/308 831/2864/308
f 919/2865/308 831/2866/308 832/2867/308
f 919/2868/308 832/2869/308 833/2870/308
f 919/2871/308 833/2872/308 834/2873/308
f 919/2874/308 834/2875/308 835/2876/308
f 919/2877/308 835/2878/308 836/2879/308
f 919/2880/308 836/2881/308 837/2882/308
f 919/2883/308 837/2884/308 838/2885/308
f 919/2886/308 838/2887/308 819/2888/308
f 900/2889/329 899/2890/329 920/2891/329
f 901/2892/329 900/2893/329 920/2894/329
f 902/2895/329 901/2896/329 920/2897/329
f 903/2898/329 902/2899/329 920/2900/329
f 904/2901/329 903/2902/329 920/2903/329
f 905/2904/329 904/2905/329 920/2906/329
f 906/2907/329 905/2908/329 920/2909/329
f 907/2910/329 906/2911/329 920/2912/329
f 908/2913/329 907/2914/329 920/2915/329
f 909/2916/329 908/2917/329 920/2918/329
f 910/2919/329 909/2920/329 920/2921/329
f 911/2922/329 910/2923/329 920/2924/329
f 912/2925/329 911/2926/329 920/2927/329
f 913/2928/329 912/2929/329 920/2930/329
f 914/2931/329 913/2932/329 920/2933/329
f 915/2934/329 914/2935/329 920/2936/329
f 916/2937/329 915/2938/329 920/2939/329
f 917/2940/329 916/2941/329 920/2942/329
f 918/2943/329 917/2944/329 920/2945/329
f 899/2946/329 918/2947/329 920/2948/329
o jerry_can__body__cam_lever
usemtl fuel_containers
v 0.759 0.038562 0.541125
v 0.842125 0.038562 0.541125
v 0.842125 0.038562 0.520125
v 0.759 0.038562 0.520125
v 0.759 0.051687 0.541125
v 0.842125 0.051687 0.541125
v 0.842125 0.051687 0.520125
v 0.759 0.051687 0.520125
v 0.759 0.038562 0.541125
v 0.842125 0.038562 0.541125
v 0.842125 0.038562 0.520125
v 0.759 0.038562 0.520125
v 0.759 0.051687 0.541125
v 0.842125 0.051687 0.541125
v 0.842125 0.051687 0.520125
v 0.759 0.051687 0.520125
v 0.754625 0.014062 0.544625
v 0.770375 0.014062 0.544625
v 0.770375 0.014062 0.516625
v 0.754625 0.014062 0.516625
v 0.754625 0.051687 0.544625
v 0.770375 0.051687 0.544625
v 0.770375 0.051687 0.516625
v 0.754625 0.051687 0.516625
v 0.754625 0.014062 0.544625
v 0.770375 0.014062 0.544625
v 0.770375 0.014062 0.516625
v 0.754625 0.014062 0.516625
v 0.754625 0.051687 0.544625
v 0.770375 0.051687 0.544625
v 0.770375 0.051687 0.516625
v 0.754625 0.051687 0.516625
vt 0.443848 0.1275
vt 0.462031 0.1275
vt 0.462031 0.130371
vt 0.443848 0.130371
vt 0.49141 0.130371
vt 0.486816 0.130371
vt 0.486816 0.1275
vt 0.49141 0.1275
vt 0.465332 0.1275
vt 0.483516 0.1275
vt 0.483516 0.130371
vt 0.465332 0.130371
vt 0.494629 0.1275
vt 0.499223 0.1275
vt 0.499223 0.130371
vt 0.494629 0.130371
vt 0.418086 0.193848
vt 0.399902 0.193848
vt 0.399902 0.189254
vt 0.399902 0.189254
vt 0.418086 0.189254
vt 0.418086 0.193848
vt 0.43957 0.189254
vt 0.43957 0.193848
vt 0.421387 0.193848
vt 0.421387 0.193848
vt 0.421387 0.189254
vt 0.43957 0.189254
vt 0.852051 0.171387
vt 0.852051 0.167941
vt 0.860281 0.167941
vt 0.860281 0.171387
vt 0.443848 0.23877
vt 0.443848 0.232645
vt 0.452078 0.232645
vt 0.452078 0.23877
vt 0.86377 0.171387
vt 0.86377 0.167941
vt 0.872 0.167941
vt 0.872 0.171387
vt 0.463797 0.232645
vt 0.463797 0.23877
vt 0.455566 0.23877
vt 0.455566 0.232645
vt 0.881613 0.167941
vt 0.881613 0.171387
vt 0.875488 0.171387
vt 0.875488 0.171387
vt 0.875488 0.167941
vt 0.881613 0.167941
vt 0.885254 0.167941
vt 0.891379 0.167941
vt 0.891379 0.171387
vt 0.891379 0.171387
vt 0.885254 0.171387
vt 0.885254 0.167941
vn 0 0 1
vn 1 0 0
vn 0 0 -1
vn -1 0 0
vn 0 -1 0
vn 0 1 0
f 921/2949/330 922/2950/330 926/2951/330 925/2952/330
f 922/2953/331 923/2954/331 927/2955/331 926/2956/331
f 923/2957/332 924/2958/332 928/2959/332 927/2960/332
f 924/2961/333 921/2962/333 925/2963/333 928/2964/333
f 930/2965/334 929/2966/334 932/2967/334
f 932/2968/334 931/2969/334 930/2970/334
f 936/2971/335 933/2972/335 934/2973/335
f 934/2974/335 935/2975/335 936/2976/335
f 937/2977/330 938/2978/330 942/2979/330 941/2980/330
f 938/2981/331 939/2982/331 943/2983/331 942/2984/331
f 939/2985/332 940/2986/332 944/2987/332 943/2988/332
f 940/2989/333 937/2990/333 941/2991/333 944/2992/333
f 946/2993/334 945/2994/334 948/2995/334
f 948/2996/334 947/2997/334 946/2998/334
f 952/2999/335 949/3000/335 950/3001/335
f 950/3002/335 951/3003/335 952/3004/335
