# AFL Office Props V2 computer station (on desk), generated by tools/build-office-props-v2.mjs
mtllib office_computer_station_lowered.mtl
o monitor_bezel
usemtl monitor
v 0.995 0.621217 0.628125
v 0.993005 0.628662 0.628125
v 0.988037 0.63363 0.628125
v 0.980592 0.635625 0.628125
v 0.019408 0.635625 0.628125
v 0.011963 0.63363 0.628125
v 0.006995 0.628662 0.628125
v 0.005 0.621217 0.628125
v 0.005 0.053783 0.628125
v 0.006995 0.046338 0.628125
v 0.011963 0.04137 0.628125
v 0.019408 0.039375 0.628125
v 0.980592 0.039375 0.628125
v 0.988037 0.04137 0.628125
v 0.993005 0.046338 0.628125
v 0.995 0.053783 0.628125
v 1 0.621875 0.633125
v 0.997488 0.63125 0.633125
v 0.990625 0.638113 0.633125
v 0.98125 0.640625 0.633125
v 0.01875 0.640625 0.633125
v 0.009375 0.638113 0.633125
v 0.002512 0.63125 0.633125
v 0 0.621875 0.633125
v 0 0.053125 0.633125
v 0.002512 0.04375 0.633125
v 0.009375 0.036887 0.633125
v 0.01875 0.034375 0.633125
v 0.98125 0.034375 0.633125
v 0.990625 0.036887 0.633125
v 0.997488 0.04375 0.633125
v 1 0.053125 0.633125
v 1 0.621875 0.6575
v 0.997488 0.63125 0.6575
v 0.990625 0.638113 0.6575
v 0.98125 0.640625 0.6575
v 0.01875 0.640625 0.6575
v 0.009375 0.638113 0.6575
v 0.002512 0.63125 0.6575
v 0 0.621875 0.6575
v 0 0.053125 0.6575
v 0.002512 0.04375 0.6575
v 0.009375 0.036887 0.6575
v 0.01875 0.034375 0.6575
v 0.98125 0.034375 0.6575
v 0.990625 0.036887 0.6575
v 0.997488 0.04375 0.6575
v 1 0.053125 0.6575
v 0.995 0.621217 0.6625
v 0.993005 0.628662 0.6625
v 0.988037 0.63363 0.6625
v 0.980592 0.635625 0.6625
v 0.019408 0.635625 0.6625
v 0.011963 0.63363 0.6625
v 0.006995 0.628662 0.6625
v 0.005 0.621217 0.6625
v 0.005 0.053783 0.6625
v 0.006995 0.046338 0.6625
v 0.011963 0.04137 0.6625
v 0.019408 0.039375 0.6625
v 0.980592 0.039375 0.6625
v 0.988037 0.04137 0.6625
v 0.993005 0.046338 0.6625
v 0.995 0.053783 0.6625
v 0.995 0.621217 0.628125
v 0.993005 0.628662 0.628125
v 0.988037 0.63363 0.628125
v 0.980592 0.635625 0.628125
v 0.019408 0.635625 0.628125
v 0.011963 0.63363 0.628125
v 0.006995 0.628662 0.628125
v 0.005 0.621217 0.628125
v 0.005 0.053783 0.628125
v 0.006995 0.046338 0.628125
v 0.011963 0.04137 0.628125
v 0.019408 0.039375 0.628125
v 0.980592 0.039375 0.628125
v 0.988037 0.04137 0.628125
v 0.993005 0.046338 0.628125
v 0.995 0.053783 0.628125
v 0.995 0.621217 0.6625
v 0.993005 0.628662 0.6625
v 0.988037 0.63363 0.6625
v 0.980592 0.635625 0.6625
v 0.019408 0.635625 0.6625
v 0.011963 0.63363 0.6625
v 0.006995 0.628662 0.6625
v 0.005 0.621217 0.6625
v 0.005 0.053783 0.6625
v 0.006995 0.046338 0.6625
v 0.011963 0.04137 0.6625
v 0.019408 0.039375 0.6625
v 0.980592 0.039375 0.6625
v 0.988037 0.04137 0.6625
v 0.993005 0.046338 0.6625
v 0.995 0.053783 0.6625
vt 0.884308 0.193626
vt 0.887174 0.193358
vt 0.887917 0.195952
vt 0.884308 0.196289
vt 0.874526 0.035434
vt 0.877161 0.035434
vt 0.877663 0.038086
vt 0.874023 0.038086
vt 0.570079 0.30078
vt 0.572944 0.301048
vt 0.572944 0.303711
vt 0.569336 0.303374
vt 0.572944 0.301048
vt 0.930305 0.267638
vt 0.930794 0.270255
vt 0.572944 0.303711
vt 0.864505 0.035434
vt 0.867395 0.035434
vt 0.867897 0.038086
vt 0.864258 0.038086
vt 0.952651 0.035434
vt 0.955286 0.035434
vt 0.955788 0.038086
vt 0.952148 0.038086
vt 0.450938 0.193358
vt 0.453804 0.193626
vt 0.453804 0.196289
vt 0.450195 0.195952
vt 0.453804 0.193626
vt 0.664771 0.173902
vt 0.66526 0.17652
vt 0.453804 0.196289
vt 0.981692 0.035434
vt 0.984583 0.035434
vt 0.985085 0.038086
vt 0.981445 0.038086
vt 0.903823 0.035434
vt 0.906458 0.035434
vt 0.90696 0.038086
vt 0.90332 0.038086
vt 0.374766 0.236327
vt 0.377632 0.236595
vt 0.377632 0.239258
vt 0.374023 0.23892
vt 0.377632 0.236595
vt 0.734992 0.203185
vt 0.735482 0.205802
vt 0.377632 0.239258
vt 0.884036 0.035434
vt 0.886926 0.035434
vt 0.887429 0.038086
vt 0.883789 0.038086
vt 0.991713 0.035434
vt 0.994348 0.035434
vt 0.994851 0.038086
vt 0.991211 0.038086
vt 0.913588 0.035434
vt 0.916479 0.035434
vt 0.916726 0.038086
vt 0.913086 0.038086
vt 0.673341 0.173902
vt 0.884308 0.193626
vt 0.884308 0.196289
vt 0.672852 0.17652
vt 0.223633 0.038086
vt 0.223633 0.034446
vt 0.232773 0.034446
vt 0.232773 0.038086
vt 0.098633 0.038086
vt 0.098633 0.034446
vt 0.107773 0.034446
vt 0.107773 0.038086
vt 0.114258 0.038086
vt 0.114258 0.034446
vt 0.123398 0.034446
vt 0.123398 0.038086
vt 0.454102 0.103164
vt 0.815039 0.103164
vt 0.815039 0.112305
vt 0.454102 0.112305
vt 0.129883 0.038086
vt 0.129883 0.034446
vt 0.139023 0.034446
vt 0.139023 0.038086
vt 0.145508 0.038086
vt 0.145508 0.034446
vt 0.154648 0.034446
vt 0.154648 0.038086
vt 0.239258 0.038086
vt 0.239258 0.034446
vt 0.248398 0.034446
vt 0.248398 0.038086
vt 0.37207 0.087539
vt 0.585352 0.087539
vt 0.585352 0.09668
vt 0.37207 0.09668
vt 0.254883 0.038086
vt 0.254883 0.034446
vt 0.264023 0.034446
vt 0.264023 0.038086
vt 0.192383 0.038086
vt 0.192383 0.034446
vt 0.201523 0.034446
vt 0.201523 0.038086
vt 0.161133 0.038086
vt 0.161133 0.034446
vt 0.170273 0.034446
vt 0.170273 0.038086
vt 0.004883 0.087539
vt 0.36582 0.087539
vt 0.36582 0.09668
vt 0.004883 0.09668
vt 0.176758 0.038086
vt 0.176758 0.034446
vt 0.185898 0.034446
vt 0.185898 0.038086
vt 0.270508 0.038086
vt 0.270508 0.034446
vt 0.279648 0.034446
vt 0.279648 0.038086
vt 0.208008 0.038086
vt 0.208008 0.034446
vt 0.217148 0.034446
vt 0.217148 0.038086
vt 0.592773 0.087539
vt 0.806055 0.087539
vt 0.806055 0.09668
vt 0.592773 0.09668
vt 0.216339 0.173902
vt 0.219948 0.17424
vt 0.219205 0.176833
vt 0.216339 0.176565
vt 0.961914 0.035434
vt 0.965554 0.035434
vt 0.965051 0.038086
vt 0.962416 0.038086
vt 0.200195 0.267975
vt 0.203804 0.267638
vt 0.203804 0.270301
vt 0.200938 0.270569
vt 0.203804 0.267638
vt 0.561653 0.301094
vt 0.561164 0.303711
vt 0.203804 0.270301
vt 0.893555 0.035434
vt 0.897194 0.035434
vt 0.896692 0.038086
vt 0.893802 0.038086
vt 0.014648 0.023716
vt 0.018288 0.023716
vt 0.017786 0.026367
vt 0.015151 0.026367
vt 0.227539 0.17424
vt 0.231148 0.173902
vt 0.231148 0.176565
vt 0.228282 0.176833
vt 0.231148 0.173902
vt 0.442604 0.193672
vt 0.442115 0.196289
vt 0.231148 0.176565
vt 0.922852 0.035434
vt 0.926491 0.035434
vt 0.925989 0.038086
vt 0.923098 0.038086
vt 0.932617 0.035434
vt 0.936257 0.035434
vt 0.935754 0.038086
vt 0.93312 0.038086
vt 0.004883 0.203522
vt 0.008491 0.203185
vt 0.008491 0.205848
vt 0.005626 0.206116
vt 0.008491 0.203185
vt 0.366341 0.23664
vt 0.365851 0.239258
vt 0.008491 0.205848
vt 0.97168 0.035434
vt 0.975319 0.035434
vt 0.974817 0.038086
vt 0.971927 0.038086
vt 0.004883 0.023716
vt 0.008522 0.023716
vt 0.00802 0.026367
vt 0.005385 0.026367
vt 0.942383 0.035434
vt 0.946022 0.035434
vt 0.945776 0.038086
vt 0.942885 0.038086
vt 0.004883 0.193672
vt 0.216339 0.173902
vt 0.216339 0.176565
vt 0.005372 0.196289
vt 0.005631 0.992506
vt 0.004883 0.989714
vt 0.004883 0.776927
vt 0.007494 0.994369
vt 0.005631 0.992506
vt 0.004883 0.776927
vt 0.010286 0.995117
vt 0.007494 0.994369
vt 0.004883 0.776927
vt 0.37073 0.995117
vt 0.010286 0.995117
vt 0.004883 0.776927
vt 0.373522 0.994369
vt 0.37073 0.995117
vt 0.004883 0.776927
vt 0.375385 0.992506
vt 0.373522 0.994369
vt 0.004883 0.776927
vt 0.376133 0.989714
vt 0.375385 0.992506
vt 0.004883 0.776927
vt 0.376133 0.776927
vt 0.376133 0.989714
vt 0.004883 0.776927
vt 0.375385 0.774135
vt 0.376133 0.776927
vt 0.004883 0.776927
vt 0.373522 0.772272
vt 0.375385 0.774135
vt 0.004883 0.776927
vt 0.37073 0.771523
vt 0.373522 0.772272
vt 0.004883 0.776927
vt 0.010286 0.771523
vt 0.37073 0.771523
vt 0.004883 0.776927
vt 0.007494 0.772272
vt 0.010286 0.771523
vt 0.004883 0.776927
vt 0.004883 0.776927
vt 0.005631 0.774135
vt 0.007494 0.772272
vt 0.755039 0.776927
vt 0.755039 0.989714
vt 0.754291 0.992506
vt 0.755039 0.776927
vt 0.754291 0.992506
vt 0.752428 0.994369
vt 0.755039 0.776927
vt 0.752428 0.994369
vt 0.749636 0.995117
vt 0.755039 0.776927
vt 0.749636 0.995117
vt 0.389192 0.995117
vt 0.755039 0.776927
vt 0.389192 0.995117
vt 0.3864 0.994369
vt 0.755039 0.776927
vt 0.3864 0.994369
vt 0.384537 0.992506
vt 0.755039 0.776927
vt 0.384537 0.992506
vt 0.383789 0.989714
vt 0.755039 0.776927
vt 0.383789 0.989714
vt 0.383789 0.776927
vt 0.755039 0.776927
vt 0.383789 0.776927
vt 0.384537 0.774135
vt 0.755039 0.776927
vt 0.384537 0.774135
vt 0.3864 0.772272
vt 0.755039 0.776927
vt 0.3864 0.772272
vt 0.389192 0.771523
vt 0.755039 0.776927
vt 0.389192 0.771523
vt 0.749636 0.771523
vt 0.755039 0.776927
vt 0.749636 0.771523
vt 0.752428 0.772272
vt 0.752428 0.772272
vt 0.754291 0.774135
vt 0.755039 0.776927
vn 0.706922 0.002763 -0.707286
vn 0.603522 0.344153 -0.71925
vn 0.344153 0.603522 -0.71925
vn 0.001642 0.706998 -0.707214
vn -0.001642 0.706998 -0.707214
vn -0.344153 0.603522 -0.71925
vn -0.603522 0.344153 -0.71925
vn -0.706922 0.002763 -0.707286
vn -0.706922 -0.002763 -0.707286
vn -0.603522 -0.344153 -0.71925
vn -0.344153 -0.603522 -0.71925
vn -0.001642 -0.706998 -0.707214
vn 0.001642 -0.706998 -0.707214
vn 0.344153 -0.603522 -0.71925
vn 0.603522 -0.344153 -0.71925
vn 0.706922 -0.002763 -0.707286
vn 0.999991 0.004345 0
vn 0.866025 0.5 0
vn 0.5 0.866025 0
vn 0.002585 0.999997 0
vn -0.002585 0.999997 0
vn -0.5 0.866025 0
vn -0.866025 0.5 0
vn -0.999991 0.004345 0
vn -0.999991 -0.004345 0
vn -0.866025 -0.5 0
vn -0.5 -0.866025 0
vn -0.002585 -0.999997 0
vn 0.002585 -0.999997 0
vn 0.5 -0.866025 0
vn 0.866025 -0.5 0
vn 0.999991 -0.004345 0
vn 0.706922 0.002763 0.707286
vn 0.603522 0.344153 0.71925
vn 0.344153 0.603522 0.71925
vn 0.001642 0.706998 0.707214
vn -0.001642 0.706998 0.707214
vn -0.344153 0.603522 0.71925
vn -0.603522 0.344153 0.71925
vn -0.706922 0.002763 0.707286
vn -0.706922 -0.002763 0.707286
vn -0.603522 -0.344153 0.71925
vn -0.344153 -0.603522 0.71925
vn -0.001642 -0.706998 0.707214
vn 0.001642 -0.706998 0.707214
vn 0.344153 -0.603522 0.71925
vn 0.603522 -0.344153 0.71925
vn 0.706922 -0.002763 0.707286
vn 0 0 -1
vn 0 0 1
f 1/1/1 2/2/2 18/3/2 17/4/1
f 2/5/2 3/6/3 19/7/3 18/8/2
f 3/9/3 4/10/4 20/11/4 19/12/3
f 4/13/4 5/14/5 21/15/5 20/16/4
f 5/17/5 6/18/6 22/19/6 21/20/5
f 6/21/6 7/22/7 23/23/7 22/24/6
f 7/25/7 8/26/8 24/27/8 23/28/7
f 8/29/8 9/30/9 25/31/9 24/32/8
f 9/33/9 10/34/10 26/35/10 25/36/9
f 10/37/10 11/38/11 27/39/11 26/40/10
f 11/41/11 12/42/12 28/43/12 27/44/11
f 12/45/12 13/46/13 29/47/13 28/48/12
f 13/49/13 14/50/14 30/51/14 29/52/13
f 14/53/14 15/54/15 31/55/15 30/56/14
f 15/57/15 16/58/16 32/59/16 31/60/15
f 16/61/16 1/62/1 17/63/1 32/64/16
f 17/65/17 18/66/18 34/67/18 33/68/17
f 18/69/18 19/70/19 35/71/19 34/72/18
f 19/73/19 20/74/20 36/75/20 35/76/19
f 20/77/20 21/78/21 37/79/21 36/80/20
f 21/81/21 22/82/22 38/83/22 37/84/21
f 22/85/22 23/86/23 39/87/23 38/88/22
f 23/89/23 24/90/24 40/91/24 39/92/23
f 24/93/24 25/94/25 41/95/25 40/96/24
f 25/97/25 26/98/26 42/99/26 41/100/25
f 26/101/26 27/102/27 43/103/27 42/104/26
f 27/105/27 28/106/28 44/107/28 43/108/27
f 28/109/28 29/110/29 45/111/29 44/112/28
f 29/113/29 30/114/30 46/115/30 45/116/29
f 30/117/30 31/118/31 47/119/31 46/120/30
f 31/121/31 32/122/32 48/123/32 47/124/31
f 32/125/32 17/126/17 33/127/17 48/128/32
f 33/129/33 34/130/34 50/131/34 49/132/33
f 34/133/34 35/134/35 51/135/35 50/136/34
f 35/137/35 36/138/36 52/139/36 51/140/35
f 36/141/36 37/142/37 53/143/37 52/144/36
f 37/145/37 38/146/38 54/147/38 53/148/37
f 38/149/38 39/150/39 55/151/39 54/152/38
f 39/153/39 40/154/40 56/155/40 55/156/39
f 40/157/40 41/158/41 57/159/41 56/160/40
f 41/161/41 42/162/42 58/163/42 57/164/41
f 42/165/42 43/166/43 59/167/43 58/168/42
f 43/169/43 44/170/44 60/171/44 59/172/43
f 44/173/44 45/174/45 61/175/45 60/176/44
f 45/177/45 46/178/46 62/179/46 61/180/45
f 46/181/46 47/182/47 63/183/47 62/184/46
f 47/185/47 48/186/48 64/187/48 63/188/47
f 48/189/48 33/190/33 49/191/33 64/192/48
f 66/193/49 65/194/49 80/195/49
f 67/196/49 66/197/49 80/198/49
f 68/199/49 67/200/49 80/201/49
f 69/202/49 68/203/49 80/204/49
f 70/205/49 69/206/49 80/207/49
f 71/208/49 70/209/49 80/210/49
f 72/211/49 71/212/49 80/213/49
f 73/214/49 72/215/49 80/216/49
f 74/217/49 73/218/49 80/219/49
f 75/220/49 74/221/49 80/222/49
f 76/223/49 75/224/49 80/225/49
f 77/226/49 76/227/49 80/228/49
f 78/229/49 77/230/49 80/231/49
f 80/232/49 79/233/49 78/234/49
f 96/235/50 81/236/50 82/237/50
f 96/238/50 82/239/50 83/240/50
f 96/241/50 83/242/50 84/243/50
f 96/244/50 84/245/50 85/246/50
f 96/247/50 85/248/50 86/249/50
f 96/250/50 86/251/50 87/252/50
f 96/253/50 87/254/50 88/255/50
f 96/256/50 88/257/50 89/258/50
f 96/259/50 89/260/50 90/261/50
f 96/262/50 90/263/50 91/264/50
f 96/265/50 91/266/50 92/267/50
f 96/268/50 92/269/50 93/270/50
f 96/271/50 93/272/50 94/273/50
f 94/274/50 95/275/50 96/276/50
o monitor_screen
usemtl monitor
v 0.025 0.08125 0.625
v 0.975 0.08125 0.625
v 0.975 0.615625 0.625
v 0.025 0.615625 0.625
v 0.025 0.08125 0.628125
v 0.975 0.08125 0.628125
v 0.975 0.615625 0.628125
v 0.025 0.615625 0.628125
v 0.025 0.08125 0.625
v 0.975 0.08125 0.625
v 0.975 0.615625 0.625
v 0.025 0.615625 0.625
v 0.025 0.08125 0.628125
v 0.975 0.08125 0.628125
v 0.975 0.615625 0.628125
v 0.025 0.615625 0.628125
vt 0.024414 0.025195
vt 0.380664 0.025195
vt 0.380664 0.026367
vt 0.024414 0.026367
vt 0.750977 0.025195
vt 0.951367 0.025195
vt 0.951367 0.026367
vt 0.750977 0.026367
vt 0.387695 0.025195
vt 0.743945 0.025195
vt 0.743945 0.026367
vt 0.387695 0.026367
vt 0.004883 0.01543
vt 0.205273 0.01543
vt 0.205273 0.016602
vt 0.004883 0.016602
vt 0.004883 0.564258
vt 0.361133 0.564258
vt 0.361133 0.764648
vt 0.361133 0.764648
vt 0.004883 0.764648
vt 0.004883 0.564258
vt 0.368164 0.764648
vt 0.368164 0.564258
vt 0.724414 0.564258
vt 0.724414 0.564258
vt 0.724414 0.764648
vt 0.368164 0.764648
vn 0 -1 0
vn 1 0 0
vn 0 1 0
vn -1 0 0
vn 0 0 -1
vn 0 0 1
f 97/277/51 98/278/51 102/279/51 101/280/51
f 98/281/52 99/282/52 103/283/52 102/284/52
f 99/285/53 100/286/53 104/287/53 103/288/53
f 100/289/54 97/290/54 101/291/54 104/292/54
f 106/293/55 105/294/55 108/295/55
f 108/296/55 107/297/55 106/298/55
f 112/299/56 109/300/56 110/301/56
f 110/302/56 111/303/56 112/304/56
o monitor_rear_housing
usemtl monitor
v 0.9375 0.5 0.659375
v 0.931791 0.528701 0.659375
v 0.915533 0.553033 0.659375
v 0.891201 0.569291 0.659375
v 0.8625 0.575 0.659375
v 0.1375 0.575 0.659375
v 0.108799 0.569291 0.659375
v 0.084467 0.553033 0.659375
v 0.068209 0.528701 0.659375
v 0.0625 0.5 0.659375
v 0.0625 0.175 0.659375
v 0.068209 0.146299 0.659375
v 0.084467 0.121967 0.659375
v 0.108799 0.105709 0.659375
v 0.1375 0.1 0.659375
v 0.8625 0.1 0.659375
v 0.891201 0.105709 0.659375
v 0.915533 0.121967 0.659375
v 0.931791 0.146299 0.659375
v 0.9375 0.175 0.659375
v 0.9375 0.5 0.689375
v 0.931791 0.528701 0.689375
v 0.915533 0.553033 0.689375
v 0.891201 0.569291 0.689375
v 0.8625 0.575 0.689375
v 0.1375 0.575 0.689375
v 0.108799 0.569291 0.689375
v 0.084467 0.553033 0.689375
v 0.068209 0.528701 0.689375
v 0.0625 0.5 0.689375
v 0.0625 0.175 0.689375
v 0.068209 0.146299 0.689375
v 0.084467 0.121967 0.689375
v 0.108799 0.105709 0.689375
v 0.1375 0.1 0.689375
v 0.8625 0.1 0.689375
v 0.891201 0.105709 0.689375
v 0.915533 0.121967 0.689375
v 0.931791 0.146299 0.689375
v 0.9375 0.175 0.689375
v 0.93455 0.498525 0.704204
v 0.928954 0.526662 0.704204
v 0.913015 0.550515 0.704204
v 0.889162 0.566454 0.704204
v 0.861025 0.57205 0.704204
v 0.138975 0.57205 0.704204
v 0.110838 0.566454 0.704204
v 0.086985 0.550515 0.704204
v 0.071046 0.526662 0.704204
v 0.06545 0.498525 0.704204
v 0.06545 0.176475 0.704204
v 0.071046 0.148338 0.704204
v 0.086985 0.124485 0.704204
v 0.110838 0.108546 0.704204
v 0.138975 0.10295 0.704204
v 0.861025 0.10295 0.704204
v 0.889162 0.108546 0.704204
v 0.913015 0.124485 0.704204
v 0.928954 0.148338 0.704204
v 0.93455 0.176475 0.704204
v 0.92615 0.494325 0.716775
v 0.920873 0.520855 0.716775
v 0.905846 0.543346 0.716775
v 0.883355 0.558373 0.716775
v 0.856825 0.56365 0.716775
v 0.143175 0.56365 0.716775
v 0.116645 0.558373 0.716775
v 0.094154 0.543346 0.716775
v 0.079127 0.520855 0.716775
v 0.07385 0.494325 0.716775
v 0.07385 0.180675 0.716775
v 0.079127 0.154145 0.716775
v 0.094154 0.131654 0.716775
v 0.116645 0.116627 0.716775
v 0.143175 0.11135 0.716775
v 0.856825 0.11135 0.716775
v 0.883355 0.116627 0.716775
v 0.905846 0.131654 0.716775
v 0.920873 0.154145 0.716775
v 0.92615 0.180675 0.716775
v 0.913579 0.488039 0.725175
v 0.90878 0.512164 0.725175
v 0.895115 0.532615 0.725175
v 0.874664 0.54628 0.725175
v 0.850539 0.551079 0.725175
v 0.149461 0.551079 0.725175
v 0.125336 0.54628 0.725175
v 0.104885 0.532615 0.725175
v 0.09122 0.512164 0.725175
v 0.086421 0.488039 0.725175
v 0.086421 0.186961 0.725175
v 0.09122 0.162836 0.725175
v 0.104885 0.142385 0.725175
v 0.125336 0.12872 0.725175
v 0.149461 0.123921 0.725175
v 0.850539 0.123921 0.725175
v 0.874664 0.12872 0.725175
v 0.895115 0.142385 0.725175
v 0.90878 0.162836 0.725175
v 0.913579 0.186961 0.725175
v 0.89875 0.480625 0.728125
v 0.894516 0.501912 0.728125
v 0.882458 0.519958 0.728125
v 0.864412 0.532016 0.728125
v 0.843125 0.53625 0.728125
v 0.156875 0.53625 0.728125
v 0.135588 0.532016 0.728125
v 0.117542 0.519958 0.728125
v 0.105484 0.501912 0.728125
v 0.10125 0.480625 0.728125
v 0.10125 0.194375 0.728125
v 0.105484 0.173088 0.728125
v 0.117542 0.155042 0.728125
v 0.135588 0.142984 0.728125
v 0.156875 0.13875 0.728125
v 0.843125 0.13875 0.728125
v 0.864412 0.142984 0.728125
v 0.882458 0.155042 0.728125
v 0.894516 0.173088 0.728125
v 0.89875 0.194375 0.728125
v 0.5 0.3375 0.659375
v 0.5 0.3375 0.728125
vt 0.460156 0.119645
vt 0.471077 0.119755
vt 0.471077 0.130946
vt 0.460156 0.130836
vt 0.782227 0.137651
vt 0.782227 0.126677
vt 0.793401 0.126677
vt 0.793401 0.137651
vt 0.875977 0.137695
vt 0.875977 0.126721
vt 0.887151 0.126721
vt 0.887151 0.137695
vt 0.157227 0.147551
vt 0.168147 0.14744
vt 0.168147 0.158632
vt 0.157227 0.158742
vt 0.168147 0.14744
vt 0.438715 0.150162
vt 0.438715 0.161353
vt 0.168147 0.158632
vt 0.735352 0.137369
vt 0.735352 0.126395
vt 0.746539 0.126395
vt 0.746539 0.137369
vt 0.899414 0.137651
vt 0.899414 0.126677
vt 0.910589 0.126677
vt 0.910589 0.137651
vt 0.805664 0.137695
vt 0.805664 0.126721
vt 0.816839 0.126721
vt 0.816839 0.137695
vt 0.200195 0.119755
vt 0.211116 0.119645
vt 0.211116 0.130836
vt 0.200195 0.130946
vt 0.211116 0.119645
vt 0.332405 0.120866
vt 0.332405 0.132057
vt 0.211116 0.130836
vt 0.688477 0.137369
vt 0.688477 0.126395
vt 0.699664 0.126395
vt 0.699664 0.137369
vt 0.758789 0.137651
vt 0.758789 0.126677
vt 0.769964 0.126677
vt 0.769964 0.137651
vt 0.829102 0.137695
vt 0.829102 0.126721
vt 0.840276 0.126721
vt 0.840276 0.137695
vt 0.446289 0.147551
vt 0.45721 0.14744
vt 0.45721 0.158632
vt 0.446289 0.158742
vt 0.45721 0.14744
vt 0.727778 0.150162
vt 0.727778 0.161353
vt 0.45721 0.158632
vt 0.665039 0.137369
vt 0.665039 0.126395
vt 0.676226 0.126395
vt 0.676226 0.137369
vt 0.922852 0.137651
vt 0.922852 0.126677
vt 0.934026 0.126677
vt 0.934026 0.137651
vt 0.852539 0.137695
vt 0.852539 0.126721
vt 0.863714 0.126721
vt 0.863714 0.137695
vt 0.711914 0.137695
vt 0.711914 0.126721
vt 0.723101 0.126721
vt 0.723101 0.137695
vt 0.338867 0.120866
vt 0.460156 0.119645
vt 0.460156 0.130836
vt 0.338867 0.132057
vt 0.460156 0.130836
vt 0.471077 0.130946
vt 0.47042 0.136594
vt 0.459714 0.136486
vt 0.793401 0.137651
vt 0.793401 0.126677
vt 0.799076 0.126937
vt 0.799076 0.137695
vt 0.887151 0.137695
vt 0.887151 0.126721
vt 0.892826 0.126677
vt 0.892826 0.137435
vt 0.157227 0.158742
vt 0.168147 0.158632
vt 0.16859 0.164281
vt 0.157883 0.164389
vt 0.168147 0.158632
vt 0.438715 0.161353
vt 0.438057 0.166992
vt 0.16859 0.164281
vt 0.746539 0.137369
vt 0.746539 0.126395
vt 0.752194 0.126937
vt 0.752194 0.137695
vt 0.910589 0.137651
vt 0.910589 0.126677
vt 0.916264 0.126937
vt 0.916264 0.137695
vt 0.816839 0.137695
vt 0.816839 0.126721
vt 0.822514 0.126677
vt 0.822514 0.137435
vt 0.200195 0.130946
vt 0.211116 0.130836
vt 0.211558 0.136486
vt 0.200852 0.136594
vt 0.211116 0.130836
vt 0.332405 0.132057
vt 0.331747 0.137695
vt 0.211558 0.136486
vt 0.699664 0.137369
vt 0.699664 0.126395
vt 0.705319 0.126937
vt 0.705319 0.137695
vt 0.769964 0.137651
vt 0.769964 0.126677
vt 0.775639 0.126937
vt 0.775639 0.137695
vt 0.840276 0.137695
vt 0.840276 0.126721
vt 0.845951 0.126677
vt 0.845951 0.137435
vt 0.446289 0.158742
vt 0.45721 0.158632
vt 0.457652 0.164281
vt 0.446946 0.164389
vt 0.45721 0.158632
vt 0.727778 0.161353
vt 0.727119 0.166992
vt 0.457652 0.164281
vt 0.676226 0.137369
vt 0.676226 0.126395
vt 0.681882 0.126937
vt 0.681882 0.137695
vt 0.934026 0.137651
vt 0.934026 0.126677
vt 0.939701 0.126937
vt 0.939701 0.137695
vt 0.863714 0.137695
vt 0.863714 0.126721
vt 0.869389 0.126677
vt 0.869389 0.137435
vt 0.723101 0.137695
vt 0.723101 0.126721
vt 0.728757 0.126395
vt 0.728757 0.137153
vt 0.338867 0.132057
vt 0.460156 0.130836
vt 0.459714 0.136486
vt 0.339526 0.137695
vt 0.435031 0.058615
vt 0.445582 0.059832
vt 0.443405 0.06543
vt 0.433456 0.064282
vt 0.370244 0.045747
vt 0.381002 0.045747
vt 0.380261 0.051758
vt 0.370117 0.051758
vt 0.44043 0.045747
vt 0.451188 0.045747
vt 0.451315 0.051758
vt 0.441171 0.051758
vt 0.452148 0.059832
vt 0.4627 0.058615
vt 0.464275 0.064282
vt 0.454326 0.06543
vt 0.4627 0.058615
vt 0.733469 0.058615
vt 0.731894 0.064282
vt 0.464275 0.064282
vt 0.733469 0.058615
vt 0.74402 0.059832
vt 0.741842 0.06543
vt 0.731894 0.064282
vt 0.387823 0.045747
vt 0.398581 0.045747
vt 0.397839 0.051758
vt 0.387695 0.051758
vt 0.317383 0.045747
vt 0.328141 0.045747
vt 0.328268 0.051758
vt 0.318125 0.051758
vt 0.750977 0.059832
vt 0.761528 0.058615
vt 0.763103 0.064282
vt 0.753154 0.06543
vt 0.761528 0.058615
vt 0.882297 0.058615
vt 0.880722 0.064282
vt 0.763103 0.064282
vt 0.882297 0.058615
vt 0.892848 0.059832
vt 0.89067 0.06543
vt 0.880722 0.064282
vt 0.335088 0.045747
vt 0.345846 0.045747
vt 0.345104 0.051758
vt 0.334961 0.051758
vt 0.405273 0.045747
vt 0.416031 0.045747
vt 0.416159 0.051758
vt 0.406015 0.051758
vt 0.004883 0.059832
vt 0.015434 0.058615
vt 0.017009 0.064282
vt 0.007061 0.06543
vt 0.015434 0.058615
vt 0.286203 0.058615
vt 0.284628 0.064282
vt 0.017009 0.064282
vt 0.286203 0.058615
vt 0.296754 0.059832
vt 0.294577 0.06543
vt 0.284628 0.064282
vt 0.422979 0.045747
vt 0.433737 0.045747
vt 0.432995 0.051758
vt 0.422852 0.051758
vt 0.352539 0.045747
vt 0.363297 0.045747
vt 0.363424 0.051758
vt 0.353281 0.051758
vt 0.303711 0.059832
vt 0.314262 0.058615
vt 0.315837 0.064282
vt 0.305889 0.06543
vt 0.314262 0.058615
vt 0.435031 0.058615
vt 0.433456 0.064282
vt 0.315837 0.064282
vt 0.131007 0.145349
vt 0.141132 0.145876
vt 0.138517 0.151727
vt 0.12931 0.151248
vt 0.141132 0.145876
vt 0.150251 0.149697
vt 0.146809 0.155202
vt 0.138517 0.151727
vt 0.290039 0.312996
vt 0.2996 0.310089
vt 0.301644 0.316166
vt 0.292949 0.318809
vt 0.2996 0.310089
vt 0.30973 0.310543
vt 0.310855 0.316579
vt 0.301644 0.316166
vt 0.30973 0.310543
vt 0.569125 0.367029
vt 0.565681 0.37207
vt 0.310855 0.316579
vt 0.177168 0.074821
vt 0.18713 0.073169
vt 0.185817 0.079445
vt 0.176758 0.080947
vt 0.18713 0.073169
vt 0.197064 0.074939
vt 0.194851 0.081055
vt 0.185817 0.079445
vt 0.743164 0.211844
vt 0.752725 0.208937
vt 0.754769 0.215014
vt 0.746074 0.217657
vt 0.752725 0.208937
vt 0.762855 0.209391
vt 0.76398 0.215427
vt 0.754769 0.215014
vt 0.762855 0.209391
vt 0.87686 0.234217
vt 0.873415 0.239258
vt 0.76398 0.215427
vt 0.149824 0.074821
vt 0.159786 0.073169
vt 0.158473 0.079445
vt 0.149414 0.080947
vt 0.159786 0.073169
vt 0.169721 0.074939
vt 0.167507 0.081055
vt 0.158473 0.079445
vt 0.004883 0.312996
vt 0.014444 0.310089
vt 0.016487 0.316166
vt 0.007793 0.318809
vt 0.014444 0.310089
vt 0.024574 0.310543
vt 0.025699 0.316579
vt 0.016487 0.316166
vt 0.024574 0.310543
vt 0.283969 0.367029
vt 0.280525 0.37207
vt 0.025699 0.316579
vt 0.204511 0.074821
vt 0.214473 0.073169
vt 0.21316 0.079445
vt 0.204102 0.080947
vt 0.214473 0.073169
vt 0.224408 0.074939
vt 0.222194 0.081055
vt 0.21316 0.079445
vt 0.299805 0.045349
vt 0.309948 0.045349
vt 0.310139 0.051758
vt 0.300915 0.051758
vt 0.004883 0.161901
vt 0.014472 0.159055
vt 0.017446 0.164404
vt 0.008726 0.166992
vt 0.014472 0.159055
vt 0.131007 0.145349
vt 0.12931 0.151248
vt 0.017446 0.164404
vt 0.647217 0.533977
vt 0.645418 0.543024
vt 0.640053 0.539179
vt 0.64164 0.531197
vt 0.645418 0.543024
vt 0.640294 0.550693
vt 0.635532 0.545947
vt 0.640053 0.539179
vt 0.640294 0.550693
vt 0.632626 0.555818
vt 0.628765 0.550468
vt 0.635532 0.545947
vt 0.632626 0.555818
vt 0.62358 0.557617
vt 0.620783 0.552056
vt 0.628765 0.550468
vt 0.62358 0.557617
vt 0.360705 0.557617
vt 0.363469 0.552056
vt 0.620783 0.552056
vt 0.360705 0.557617
vt 0.35166 0.555818
vt 0.355487 0.550468
vt 0.363469 0.552056
vt 0.35166 0.555818
vt 0.343991 0.550693
vt 0.34872 0.545947
vt 0.355487 0.550468
vt 0.343991 0.550693
vt 0.338867 0.543024
vt 0.344199 0.539179
vt 0.34872 0.545947
vt 0.362443 0.079286
vt 0.353396 0.081055
vt 0.350616 0.075385
vt 0.358599 0.073824
vt 0.353396 0.081055
vt 0.240492 0.081055
vt 0.243272 0.075385
vt 0.350616 0.075385
vt 0.240492 0.081055
vt 0.231445 0.079286
vt 0.23529 0.073824
vt 0.243272 0.075385
vt 0.338867 0.412026
vt 0.343991 0.404357
vt 0.34872 0.409103
vt 0.344199 0.415871
vt 0.343991 0.404357
vt 0.35166 0.399232
vt 0.355487 0.404582
vt 0.34872 0.409103
vt 0.35166 0.399232
vt 0.360705 0.397433
vt 0.363469 0.402994
vt 0.355487 0.404582
vt 0.360705 0.397433
vt 0.62358 0.397433
vt 0.620783 0.402994
vt 0.363469 0.402994
vt 0.62358 0.397433
vt 0.632626 0.399232
vt 0.628765 0.404582
vt 0.620783 0.402994
vt 0.632626 0.399232
vt 0.640294 0.404357
vt 0.635532 0.409103
vt 0.628765 0.404582
vt 0.640294 0.404357
vt 0.645418 0.412026
vt 0.640053 0.415871
vt 0.635532 0.409103
vt 0.645418 0.412026
vt 0.647217 0.421073
vt 0.64164 0.423853
vt 0.640053 0.415871
vt 0.647217 0.421073
vt 0.647217 0.533977
vt 0.64164 0.531197
vt 0.64164 0.423853
vt 0.007024 0.540255
vt 0.004883 0.529492
vt 0.168945 0.468555
vt 0.01312 0.54938
vt 0.007024 0.540255
vt 0.168945 0.468555
vt 0.022245 0.555476
vt 0.01312 0.54938
vt 0.168945 0.468555
vt 0.033008 0.557617
vt 0.022245 0.555476
vt 0.168945 0.468555
vt 0.304883 0.557617
vt 0.033008 0.557617
vt 0.168945 0.468555
vt 0.315646 0.555476
vt 0.304883 0.557617
vt 0.168945 0.468555
vt 0.32477 0.54938
vt 0.315646 0.555476
vt 0.168945 0.468555
vt 0.330867 0.540255
vt 0.32477 0.54938
vt 0.168945 0.468555
vt 0.333008 0.529492
vt 0.330867 0.540255
vt 0.168945 0.468555
vt 0.333008 0.407617
vt 0.333008 0.529492
vt 0.168945 0.468555
vt 0.330867 0.396854
vt 0.333008 0.407617
vt 0.168945 0.468555
vt 0.32477 0.38773
vt 0.330867 0.396854
vt 0.168945 0.468555
vt 0.315646 0.381633
vt 0.32477 0.38773
vt 0.168945 0.468555
vt 0.304883 0.379492
vt 0.315646 0.381633
vt 0.168945 0.468555
vt 0.033008 0.379492
vt 0.304883 0.379492
vt 0.168945 0.468555
vt 0.022245 0.381633
vt 0.033008 0.379492
vt 0.168945 0.468555
vt 0.01312 0.38773
vt 0.022245 0.381633
vt 0.168945 0.468555
vt 0.007024 0.396854
vt 0.01312 0.38773
vt 0.168945 0.468555
vt 0.004883 0.407617
vt 0.007024 0.396854
vt 0.168945 0.468555
vt 0.004883 0.529492
vt 0.004883 0.407617
vt 0.168945 0.468555
vt 0.492126 0.477525
vt 0.64164 0.531197
vt 0.640053 0.539179
vt 0.492126 0.477525
vt 0.640053 0.539179
vt 0.635532 0.545947
vt 0.492126 0.477525
vt 0.635532 0.545947
vt 0.628765 0.550468
vt 0.492126 0.477525
vt 0.628765 0.550468
vt 0.620783 0.552056
vt 0.492126 0.477525
vt 0.620783 0.552056
vt 0.363469 0.552056
vt 0.492126 0.477525
vt 0.363469 0.552056
vt 0.355487 0.550468
vt 0.492126 0.477525
vt 0.355487 0.550468
vt 0.34872 0.545947
vt 0.492126 0.477525
vt 0.34872 0.545947
vt 0.344199 0.539179
vt 0.492126 0.477525
vt 0.344199 0.539179
vt 0.342612 0.531197
vt 0.492126 0.477525
vt 0.342612 0.531197
vt 0.342612 0.423853
vt 0.492126 0.477525
vt 0.342612 0.423853
vt 0.344199 0.415871
vt 0.492126 0.477525
vt 0.344199 0.415871
vt 0.34872 0.409103
vt 0.492126 0.477525
vt 0.34872 0.409103
vt 0.355487 0.404582
vt 0.492126 0.477525
vt 0.355487 0.404582
vt 0.363469 0.402994
vt 0.492126 0.477525
vt 0.363469 0.402994
vt 0.620783 0.402994
vt 0.492126 0.477525
vt 0.620783 0.402994
vt 0.628765 0.404582
vt 0.492126 0.477525
vt 0.628765 0.404582
vt 0.635532 0.409103
vt 0.492126 0.477525
vt 0.635532 0.409103
vt 0.640053 0.415871
vt 0.492126 0.477525
vt 0.640053 0.415871
vt 0.64164 0.423853
vt 0.492126 0.477525
vt 0.64164 0.423853
vt 0.64164 0.531197
vn 0.99987 0.016139 0
vn 0.92388 0.382683 0
vn 0.921266 0.381601 0.07517
vn 0.997693 0.016078 0.065953
vn 0.707107 0.707107 0
vn 0.704916 0.704916 0.078657
vn 0.382683 0.92388 0
vn 0.381601 0.921266 0.07517
vn 0.007574 0.999971 0
vn 0.007539 0.997805 0.065798
vn -0.007574 0.999971 0
vn -0.007539 0.997805 0.065798
vn -0.382683 0.92388 0
vn -0.381601 0.921266 0.07517
vn -0.707107 0.707107 0
vn -0.704916 0.704916 0.078657
vn -0.92388 0.382683 0
vn -0.921266 0.381601 0.07517
vn -0.99987 0.016139 0
vn -0.997693 0.016078 0.065953
vn -0.99987 -0.016139 0
vn -0.997693 -0.016078 0.065953
vn -0.92388 -0.382683 0
vn -0.921266 -0.381601 0.07517
vn -0.707107 -0.707107 0
vn -0.704916 -0.704916 0.078657
vn -0.382683 -0.92388 0
vn -0.381601 -0.921266 0.07517
vn -0.007574 -0.999971 0
vn -0.007539 -0.997805 0.065798
vn 0.007574 -0.999971 0
vn 0.007539 -0.997805 0.065798
vn 0.382683 -0.92388 0
vn 0.381601 -0.921266 0.07517
vn 0.707107 -0.707107 0
vn 0.704916 -0.704916 0.078657
vn 0.92388 -0.382683 0
vn 0.921266 -0.381601 0.07517
vn 0.99987 -0.016139 0
vn 0.997693 -0.016078 0.065953
vn 0.835334 0.346007 0.427196
vn 0.923452 0.014702 0.383433
vn 0.633836 0.633836 0.443287
vn 0.346007 0.835334 0.427196
vn 0.006851 0.923705 0.383043
vn -0.006851 0.923705 0.383043
vn -0.346007 0.835334 0.427196
vn -0.633836 0.633836 0.443287
vn -0.835334 0.346007 0.427196
vn -0.923452 0.014702 0.383433
vn -0.923452 -0.014702 0.383433
vn -0.835334 -0.346007 0.427196
vn -0.633836 -0.633836 0.443287
vn -0.346007 -0.835334 0.427196
vn -0.006851 -0.923705 0.383043
vn 0.006851 -0.923705 0.383043
vn 0.346007 -0.835334 0.427196
vn 0.633836 -0.633836 0.443287
vn 0.835334 -0.346007 0.427196
vn 0.923452 -0.014702 0.383433
vn 0.610471 0.252865 0.750589
vn 0.706946 0.010967 0.707183
vn 0.455148 0.455148 0.765298
vn 0.252865 0.610471 0.750589
vn 0.005041 0.707043 0.707152
vn -0.005041 0.707043 0.707152
vn -0.252865 0.610471 0.750589
vn -0.455148 0.455148 0.765298
vn -0.610471 0.252865 0.750589
vn -0.706946 0.010967 0.707183
vn -0.706946 -0.010967 0.707183
vn -0.610471 -0.252865 0.750589
vn -0.455148 -0.455148 0.765298
vn -0.252865 -0.610471 0.750589
vn -0.005041 -0.707043 0.707152
vn 0.005041 -0.707043 0.707152
vn 0.252865 -0.610471 0.750589
vn 0.455148 -0.455148 0.765298
vn 0.610471 -0.252865 0.750589
vn 0.706946 -0.010967 0.707183
vn 0.320776 0.13287 0.937789
vn 0.38489 0.005745 0.922945
vn 0.235807 0.235807 0.942757
vn 0.13287 0.320776 0.937789
vn 0.002582 0.383677 0.923464
vn -0.002582 0.383677 0.923464
vn -0.13287 0.320776 0.937789
vn -0.235807 0.235807 0.942757
vn -0.320776 0.13287 0.937789
vn -0.38489 0.005745 0.922945
vn -0.38489 -0.005745 0.922945
vn -0.320776 -0.13287 0.937789
vn -0.235807 -0.235807 0.942757
vn -0.13287 -0.320776 0.937789
vn -0.002582 -0.383677 0.923464
vn 0.002582 -0.383677 0.923464
vn 0.13287 -0.320776 0.937789
vn 0.235807 -0.235807 0.942757
vn 0.320776 -0.13287 0.937789
vn 0.38489 -0.005745 0.922945
vn 0.012531 0.005191 0.999908
vn 0.014065 0.000201 0.999901
vn 0.010166 0.010166 0.999897
vn 0.00677 0.016344 0.999844
vn 0.000163 0.025857 0.999666
vn -0.000163 0.025857 0.999666
vn -0.00677 0.016344 0.999844
vn -0.010166 0.010166 0.999897
vn -0.012531 0.005191 0.999908
vn -0.014065 0.000201 0.999901
vn -0.014065 -0.000201 0.999901
vn -0.012531 -0.005191 0.999908
vn -0.010166 -0.010166 0.999897
vn -0.00677 -0.016344 0.999844
vn -0.000163 -0.025857 0.999666
vn 0.000163 -0.025857 0.999666
vn 0.00677 -0.016344 0.999844
vn 0.010166 -0.010166 0.999897
vn 0.012531 -0.005191 0.999908
vn 0.014065 -0.000201 0.999901
vn 0 0 -1
vn 0 0 1
f 113/305/57 114/306/58 134/307/59 133/308/60
f 114/309/58 115/310/61 135/311/62 134/312/59
f 115/313/61 116/314/63 136/315/64 135/316/62
f 116/317/63 117/318/65 137/319/66 136/320/64
f 117/321/65 118/322/67 138/323/68 137/324/66
f 118/325/67 119/326/69 139/327/70 138/328/68
f 119/329/69 120/330/71 140/331/72 139/332/70
f 120/333/71 121/334/73 141/335/74 140/336/72
f 121/337/73 122/338/75 142/339/76 141/340/74
f 122/341/75 123/342/77 143/343/78 142/344/76
f 123/345/77 124/346/79 144/347/80 143/348/78
f 124/349/79 125/350/81 145/351/82 144/352/80
f 125/353/81 126/354/83 146/355/84 145/356/82
f 126/357/83 127/358/85 147/359/86 146/360/84
f 127/361/85 128/362/87 148/363/88 147/364/86
f 128/365/87 129/366/89 149/367/90 148/368/88
f 129/369/89 130/370/91 150/371/92 149/372/90
f 130/373/91 131/374/93 151/375/94 150/376/92
f 131/377/93 132/378/95 152/379/96 151/380/94
f 132/381/95 113/382/57 133/383/60 152/384/96
f 133/385/60 134/386/59 154/387/97 153/388/98
f 134/389/59 135/390/62 155/391/99 154/392/97
f 135/393/62 136/394/64 156/395/100 155/396/99
f 136/397/64 137/398/66 157/399/101 156/400/100
f 137/401/66 138/402/68 158/403/102 157/404/101
f 138/405/68 139/406/70 159/407/103 158/408/102
f 139/409/70 140/410/72 160/411/104 159/412/103
f 140/413/72 141/414/74 161/415/105 160/416/104
f 141/417/74 142/418/76 162/419/106 161/420/105
f 142/421/76 143/422/78 163/423/107 162/424/106
f 143/425/78 144/426/80 164/427/108 163/428/107
f 144/429/80 145/430/82 165/431/109 164/432/108
f 145/433/82 146/434/84 166/435/110 165/436/109
f 146/437/84 147/438/86 167/439/111 166/440/110
f 147/441/86 148/442/88 168/443/112 167/444/111
f 148/445/88 149/446/90 169/447/113 168/448/112
f 149/449/90 150/450/92 170/451/114 169/452/113
f 150/453/92 151/454/94 171/455/115 170/456/114
f 151/457/94 152/458/96 172/459/116 171/460/115
f 152/461/96 133/462/60 153/463/98 172/464/116
f 153/465/98 154/466/97 174/467/117 173/468/118
f 154/469/97 155/470/99 175/471/119 174/472/117
f 155/473/99 156/474/100 176/475/120 175/476/119
f 156/477/100 157/478/101 177/479/121 176/480/120
f 157/481/101 158/482/102 178/483/122 177/484/121
f 158/485/102 159/486/103 179/487/123 178/488/122
f 159/489/103 160/490/104 180/491/124 179/492/123
f 160/493/104 161/494/105 181/495/125 180/496/124
f 161/497/105 162/498/106 182/499/126 181/500/125
f 162/501/106 163/502/107 183/503/127 182/504/126
f 163/505/107 164/506/108 184/507/128 183/508/127
f 164/509/108 165/510/109 185/511/129 184/512/128
f 165/513/109 166/514/110 186/515/130 185/516/129
f 166/517/110 167/518/111 187/519/131 186/520/130
f 167/521/111 168/522/112 188/523/132 187/524/131
f 168/525/112 169/526/113 189/527/133 188/528/132
f 169/529/113 170/530/114 190/531/134 189/532/133
f 170/533/114 171/534/115 191/535/135 190/536/134
f 171/537/115 172/538/116 192/539/136 191/540/135
f 172/541/116 153/542/98 173/543/118 192/544/136
f 173/545/118 174/546/117 194/547/137 193/548/138
f 174/549/117 175/550/119 195/551/139 194/552/137
f 175/553/119 176/554/120 196/555/140 195/556/139
f 176/557/120 177/558/121 197/559/141 196/560/140
f 177/561/121 178/562/122 198/563/142 197/564/141
f 178/565/122 179/566/123 199/567/143 198/568/142
f 179/569/123 180/570/124 200/571/144 199/572/143
f 180/573/124 181/574/125 201/575/145 200/576/144
f 181/577/125 182/578/126 202/579/146 201/580/145
f 182/581/126 183/582/127 203/583/147 202/584/146
f 183/585/127 184/586/128 204/587/148 203/588/147
f 184/589/128 185/590/129 205/591/149 204/592/148
f 185/593/129 186/594/130 206/595/150 205/596/149
f 186/597/130 187/598/131 207/599/151 206/600/150
f 187/601/131 188/602/132 208/603/152 207/604/151
f 188/605/132 189/606/133 209/607/153 208/608/152
f 189/609/133 190/610/134 210/611/154 209/612/153
f 190/613/134 191/614/135 211/615/155 210/616/154
f 191/617/135 192/618/136 212/619/156 211/620/155
f 192/621/136 173/622/118 193/623/138 212/624/156
f 193/625/138 194/626/137 214/627/157 213/628/158
f 194/629/137 195/630/139 215/631/159 214/632/157
f 195/633/139 196/634/140 216/635/160 215/636/159
f 196/637/140 197/638/141 217/639/161 216/640/160
f 197/641/141 198/642/142 218/643/162 217/644/161
f 198/645/142 199/646/143 219/647/163 218/648/162
f 199/649/143 200/650/144 220/651/164 219/652/163
f 200/653/144 201/654/145 221/655/165 220/656/164
f 201/657/145 202/658/146 222/659/166 221/660/165
f 202/661/146 203/662/147 223/663/167 222/664/166
f 203/665/147 204/666/148 224/667/168 223/668/167
f 204/669/148 205/670/149 225/671/169 224/672/168
f 205/673/149 206/674/150 226/675/170 225/676/169
f 206/677/150 207/678/151 227/679/171 226/680/170
f 207/681/151 208/682/152 228/683/172 227/684/171
f 208/685/152 209/686/153 229/687/173 228/688/172
f 209/689/153 210/690/154 230/691/174 229/692/173
f 210/693/154 211/694/155 231/695/175 230/696/174
f 211/697/155 212/698/156 232/699/176 231/700/175
f 212/701/156 193/702/138 213/703/158 232/704/176
f 114/705/177 113/706/177 233/707/177
f 115/708/177 114/709/177 233/710/177
f 116/711/177 115/712/177 233/713/177
f 117/714/177 116/715/177 233/716/177
f 118/717/177 117/718/177 233/719/177
f 119/720/177 118/721/177 233/722/177
f 120/723/177 119/724/177 233/725/177
f 121/726/177 120/727/177 233/728/177
f 122/729/177 121/730/177 233/731/177
f 123/732/177 122/733/177 233/734/177
f 124/735/177 123/736/177 233/737/177
f 125/738/177 124/739/177 233/740/177
f 126/741/177 125/742/177 233/743/177
f 127/744/177 126/745/177 233/746/177
f 128/747/177 127/748/177 233/749/177
f 129/750/177 128/751/177 233/752/177
f 130/753/177 129/754/177 233/755/177
f 131/756/177 130/757/177 233/758/177
f 132/759/177 131/760/177 233/761/177
f 113/762/177 132/763/177 233/764/177
f 234/765/178 213/766/158 214/767/157
f 234/768/178 214/769/157 215/770/159
f 234/771/178 215/772/159 216/773/160
f 234/774/178 216/775/160 217/776/161
f 234/777/178 217/778/161 218/779/162
f 234/780/178 218/781/162 219/782/163
f 234/783/178 219/784/163 220/785/164
f 234/786/178 220/787/164 221/788/165
f 234/789/178 221/790/165 222/791/166
f 234/792/178 222/793/166 223/794/167
f 234/795/178 223/796/167 224/797/168
f 234/798/178 224/799/168 225/800/169
f 234/801/178 225/802/169 226/803/170
f 234/804/178 226/805/170 227/806/171
f 234/807/178 227/808/171 228/809/172
f 234/810/178 228/811/172 229/812/173
f 234/813/178 229/814/173 230/815/174
f 234/816/178 230/817/174 231/818/175
f 234/819/178 231/820/175 232/821/176
f 234/822/178 232/823/176 213/824/158
o monitor_hinge
usemtl monitor
v 0.41875 0.2625 0.725
v 0.58125 0.2625 0.725
v 0.58125 0.425 0.725
v 0.41875 0.425 0.725
v 0.4125 0.25625 0.73125
v 0.5875 0.25625 0.73125
v 0.5875 0.43125 0.73125
v 0.4125 0.43125 0.73125
v 0.4125 0.25625 0.753125
v 0.5875 0.25625 0.753125
v 0.5875 0.43125 0.753125
v 0.4125 0.43125 0.753125
v 0.41875 0.2625 0.759375
v 0.58125 0.2625 0.759375
v 0.58125 0.425 0.759375
v 0.41875 0.425 0.759375
v 0.41875 0.2625 0.725
v 0.58125 0.2625 0.725
v 0.58125 0.425 0.725
v 0.41875 0.425 0.725
v 0.41875 0.2625 0.759375
v 0.58125 0.2625 0.759375
v 0.58125 0.425 0.759375
v 0.41875 0.425 0.759375
vt 0.577539 0.034771
vt 0.638477 0.034771
vt 0.64082 0.038086
vt 0.575195 0.038086
vt 0.433008 0.034771
vt 0.493945 0.034771
vt 0.496289 0.038086
vt 0.430664 0.038086
vt 0.649805 0.034771
vt 0.710742 0.034771
vt 0.713086 0.038086
vt 0.647461 0.038086
vt 0.505273 0.034771
vt 0.566211 0.034771
vt 0.568555 0.038086
vt 0.50293 0.038086
vt 0.004883 0.072852
vt 0.070508 0.072852
vt 0.070508 0.081055
vt 0.004883 0.081055
vt 0.844727 0.088477
vt 0.910352 0.088477
vt 0.910352 0.09668
vt 0.844727 0.09668
vt 0.077148 0.072852
vt 0.142773 0.072852
vt 0.142773 0.081055
vt 0.077148 0.081055
vt 0.916992 0.088477
vt 0.982617 0.088477
vt 0.982617 0.09668
vt 0.916992 0.09668
vt 0.719727 0.034771
vt 0.785352 0.034771
vt 0.783008 0.038086
vt 0.72207 0.038086
vt 0.286133 0.034771
vt 0.351758 0.034771
vt 0.349414 0.038086
vt 0.288477 0.038086
vt 0.791992 0.034771
vt 0.857617 0.034771
vt 0.855273 0.038086
vt 0.794336 0.038086
vt 0.358398 0.034771
vt 0.424023 0.034771
vt 0.42168 0.038086
vt 0.360742 0.038086
vt 0.575195 0.37207
vt 0.575195 0.311133
vt 0.636133 0.311133
vt 0.636133 0.311133
vt 0.636133 0.37207
vt 0.575195 0.37207
vt 0.704492 0.37207
vt 0.643555 0.37207
vt 0.643555 0.311133
vt 0.643555 0.311133
vt 0.704492 0.311133
vt 0.704492 0.37207
vn 0 -0.707107 -0.707107
vn 0.707107 0 -0.707107
vn 0 0.707107 -0.707107
vn -0.707107 0 -0.707107
vn 0 -1 0
vn 1 0 0
vn 0 1 0
vn -1 0 0
vn 0 -0.707107 0.707107
vn 0.707107 0 0.707107
vn 0 0.707107 0.707107
vn -0.707107 0 0.707107
vn 0 0 -1
vn 0 0 1
f 235/825/179 236/826/179 240/827/179 239/828/179
f 236/829/180 237/830/180 241/831/180 240/832/180
f 237/833/181 238/834/181 242/835/181 241/836/181
f 238/837/182 235/838/182 239/839/182 242/840/182
f 239/841/183 240/842/183 244/843/183 243/844/183
f 240/845/184 241/846/184 245/847/184 244/848/184
f 241/849/185 242/850/185 246/851/185 245/852/185
f 242/853/186 239/854/186 243/855/186 246/856/186
f 243/857/187 244/858/187 248/859/187 247/860/187
f 244/861/188 245/862/188 249/863/188 248/864/188
f 245/865/189 246/866/189 250/867/189 249/868/189
f 246/869/190 243/870/190 247/871/190 250/872/190
f 252/873/191 251/874/191 254/875/191
f 254/876/191 253/877/191 252/878/191
f 258/879/192 255/880/192 256/881/192
f 256/882/192 257/883/192 258/884/192
o monitor_neck
usemtl monitor
v 0.434375 -0.125 0.765625
v 0.434375 -0.125 0.790625
v 0.565625 -0.125 0.790625
v 0.565625 -0.125 0.765625
v 0.421875 -0.1125 0.753125
v 0.421875 -0.1125 0.803125
v 0.578125 -0.1125 0.803125
v 0.578125 -0.1125 0.753125
v 0.421875 0.3875 0.753125
v 0.421875 0.3875 0.803125
v 0.578125 0.3875 0.803125
v 0.578125 0.3875 0.753125
v 0.434375 0.4 0.765625
v 0.434375 0.4 0.790625
v 0.565625 0.4 0.790625
v 0.565625 0.4 0.765625
v 0.434375 -0.125 0.765625
v 0.434375 -0.125 0.790625
v 0.565625 -0.125 0.790625
v 0.565625 -0.125 0.765625
v 0.434375 0.4 0.765625
v 0.434375 0.4 0.790625
v 0.565625 0.4 0.790625
v 0.565625 0.4 0.765625
vt 0.20293 0.045129
vt 0.212305 0.045129
vt 0.216992 0.051758
vt 0.198242 0.051758
vt 0.138477 0.045129
vt 0.187695 0.045129
vt 0.192383 0.051758
vt 0.133789 0.051758
vt 0.237695 0.051758
vt 0.22832 0.051758
vt 0.223633 0.045129
vt 0.242383 0.045129
vt 0.123242 0.051758
vt 0.074023 0.051758
vt 0.069336 0.045129
vt 0.12793 0.045129
vt 0.922852 0.148242
vt 0.922852 0.166992
vt 0.735352 0.166992
vt 0.735352 0.148242
vt 0.711914 0.37207
vt 0.711914 0.313477
vt 0.899414 0.313477
vt 0.899414 0.37207
vt 0.004883 0.137695
vt 0.004883 0.118945
vt 0.192383 0.118945
vt 0.192383 0.137695
vt 0.004883 0.303711
vt 0.004883 0.245117
vt 0.192383 0.245117
vt 0.192383 0.303711
vt 0.249023 0.045129
vt 0.267773 0.045129
vt 0.263086 0.051758
vt 0.253711 0.051758
vt 0.958008 0.06543
vt 0.899414 0.06543
vt 0.904102 0.058801
vt 0.95332 0.058801
vt 0.293164 0.051758
vt 0.274414 0.051758
vt 0.279102 0.045129
vt 0.288477 0.045129
vt 0.004883 0.045129
vt 0.063477 0.045129
vt 0.058789 0.051758
vt 0.00957 0.051758
vt 0.34082 0.112305
vt 0.34082 0.10293
vt 0.390039 0.10293
vt 0.390039 0.10293
vt 0.390039 0.112305
vt 0.34082 0.112305
vt 0.397461 0.10293
vt 0.44668 0.10293
vt 0.44668 0.112305
vt 0.44668 0.112305
vt 0.397461 0.112305
vt 0.397461 0.10293
vn -0.707107 -0.707107 0
vn 0 -0.707107 0.707107
vn 0.707107 -0.707107 0
vn 0 -0.707107 -0.707107
vn -1 0 0
vn 0 0 1
vn 1 0 0
vn 0 0 -1
vn -0.707107 0.707107 0
vn 0 0.707107 0.707107
vn 0.707107 0.707107 0
vn 0 0.707107 -0.707107
vn 0 -1 0
vn 0 1 0
f 259/885/193 260/886/193 264/887/193 263/888/193
f 260/889/194 261/890/194 265/891/194 264/892/194
f 261/893/195 262/894/195 266/895/195 265/896/195
f 262/897/196 259/898/196 263/899/196 266/900/196
f 263/901/197 264/902/197 268/903/197 267/904/197
f 264/905/198 265/906/198 269/907/198 268/908/198
f 265/909/199 266/910/199 270/911/199 269/912/199
f 266/913/200 263/914/200 267/915/200 270/916/200
f 267/917/201 268/918/201 272/919/201 271/920/201
f 268/921/202 269/922/202 273/923/202 272/924/202
f 269/925/203 270/926/203 274/927/203 273/928/203
f 270/929/204 267/930/204 271/931/204 274/932/204
f 276/933/205 275/934/205 278/935/205
f 278/936/205 277/937/205 276/938/205
f 282/939/206 279/940/206 280/941/206
f 280/942/206 281/943/206 282/944/206
o monitor_base
usemtl monitor
v 0.716667 -0.15625 0.625902
v 0.713421 -0.15625 0.605409
v 0.704416 -0.15625 0.587735
v 0.69039 -0.15625 0.573709
v 0.672716 -0.15625 0.564704
v 0.652223 -0.15625 0.561458
v 0.347777 -0.15625 0.561458
v 0.327284 -0.15625 0.564704
v 0.30961 -0.15625 0.573709
v 0.295584 -0.15625 0.587735
v 0.286579 -0.15625 0.605409
v 0.283333 -0.15625 0.625902
v 0.283333 -0.15625 0.774098
v 0.286579 -0.15625 0.794591
v 0.295584 -0.15625 0.812265
v 0.30961 -0.15625 0.826291
v 0.327284 -0.15625 0.835296
v 0.347777 -0.15625 0.838542
v 0.652223 -0.15625 0.838542
v 0.672716 -0.15625 0.835296
v 0.69039 -0.15625 0.826291
v 0.704416 -0.15625 0.812265
v 0.713421 -0.15625 0.794591
v 0.716667 -0.15625 0.774098
v 0.728125 -0.144792 0.625
v 0.724454 -0.144792 0.601824
v 0.713801 -0.144792 0.580916
v 0.697209 -0.144792 0.564324
v 0.676301 -0.144792 0.553671
v 0.653125 -0.144792 0.55
v 0.346875 -0.144792 0.55
v 0.323699 -0.144792 0.553671
v 0.302791 -0.144792 0.564324
v 0.286199 -0.144792 0.580916
v 0.275546 -0.144792 0.601824
v 0.271875 -0.144792 0.625
v 0.271875 -0.144792 0.775
v 0.275546 -0.144792 0.798176
v 0.286199 -0.144792 0.819084
v 0.302791 -0.144792 0.835676
v 0.323699 -0.144792 0.846329
v 0.346875 -0.144792 0.85
v 0.653125 -0.144792 0.85
v 0.676301 -0.144792 0.846329
v 0.697209 -0.144792 0.835676
v 0.713801 -0.144792 0.819084
v 0.724454 -0.144792 0.798176
v 0.728125 -0.144792 0.775
v 0.728125 -0.133333 0.625
v 0.724454 -0.133333 0.601824
v 0.713801 -0.133333 0.580916
v 0.697209 -0.133333 0.564324
v 0.676301 -0.133333 0.553671
v 0.653125 -0.133333 0.55
v 0.346875 -0.133333 0.55
v 0.323699 -0.133333 0.553671
v 0.302791 -0.133333 0.564324
v 0.286199 -0.133333 0.580916
v 0.275546 -0.133333 0.601824
v 0.271875 -0.133333 0.625
v 0.271875 -0.133333 0.775
v 0.275546 -0.133333 0.798176
v 0.286199 -0.133333 0.819084
v 0.302791 -0.133333 0.835676
v 0.323699 -0.133333 0.846329
v 0.346875 -0.133333 0.85
v 0.653125 -0.133333 0.85
v 0.676301 -0.133333 0.846329
v 0.697209 -0.133333 0.835676
v 0.713801 -0.133333 0.819084
v 0.724454 -0.133333 0.798176
v 0.728125 -0.133333 0.775
v 0.716667 -0.121875 0.625902
v 0.713421 -0.121875 0.605409
v 0.704416 -0.121875 0.587735
v 0.69039 -0.121875 0.573709
v 0.672716 -0.121875 0.564704
v 0.652223 -0.121875 0.561458
v 0.347777 -0.121875 0.561458
v 0.327284 -0.121875 0.564704
v 0.30961 -0.121875 0.573709
v 0.295584 -0.121875 0.587735
v 0.286579 -0.121875 0.605409
v 0.283333 -0.121875 0.625902
v 0.283333 -0.121875 0.774098
v 0.286579 -0.121875 0.794591
v 0.295584 -0.121875 0.812265
v 0.30961 -0.121875 0.826291
v 0.327284 -0.121875 0.835296
v 0.347777 -0.121875 0.838542
v 0.652223 -0.121875 0.838542
v 0.672716 -0.121875 0.835296
v 0.69039 -0.121875 0.826291
v 0.704416 -0.121875 0.812265
v 0.713421 -0.121875 0.794591
v 0.716667 -0.121875 0.774098
v 0.716667 -0.15625 0.625902
v 0.713421 -0.15625 0.605409
v 0.704416 -0.15625 0.587735
v 0.69039 -0.15625 0.573709
v 0.672716 -0.15625 0.564704
v 0.652223 -0.15625 0.561458
v 0.347777 -0.15625 0.561458
v 0.327284 -0.15625 0.564704
v 0.30961 -0.15625 0.573709
v 0.295584 -0.15625 0.587735
v 0.286579 -0.15625 0.605409
v 0.283333 -0.15625 0.625902
v 0.283333 -0.15625 0.774098
v 0.286579 -0.15625 0.794591
v 0.295584 -0.15625 0.812265
v 0.30961 -0.15625 0.826291
v 0.327284 -0.15625 0.835296
v 0.347777 -0.15625 0.838542
v 0.652223 -0.15625 0.838542
v 0.672716 -0.15625 0.835296
v 0.69039 -0.15625 0.826291
v 0.704416 -0.15625 0.812265
v 0.713421 -0.15625 0.794591
v 0.716667 -0.15625 0.774098
v 0.716667 -0.121875 0.625902
v 0.713421 -0.121875 0.605409
v 0.704416 -0.121875 0.587735
v 0.69039 -0.121875 0.573709
v 0.672716 -0.121875 0.564704
v 0.652223 -0.121875 0.561458
v 0.347777 -0.121875 0.561458
v 0.327284 -0.121875 0.564704
v 0.30961 -0.121875 0.573709
v 0.295584 -0.121875 0.587735
v 0.286579 -0.121875 0.605409
v 0.283333 -0.121875 0.625902
v 0.283333 -0.121875 0.774098
v 0.286579 -0.121875 0.794591
v 0.295584 -0.121875 0.812265
v 0.30961 -0.121875 0.826291
v 0.327284 -0.121875 0.835296
v 0.347777 -0.121875 0.838542
v 0.652223 -0.121875 0.838542
v 0.672716 -0.121875 0.835296
v 0.69039 -0.121875 0.826291
v 0.704416 -0.121875 0.812265
v 0.713421 -0.121875 0.794591
v 0.716667 -0.121875 0.774098
vt 0.182165 0.109001
vt 0.174437 0.109877
vt 0.173079 0.103915
vt 0.181819 0.102926
vt 0.174437 0.109877
vt 0.16764 0.112305
vt 0.165039 0.106788
vt 0.173079 0.103915
vt 0.516607 0.127415
vt 0.510779 0.131964
vt 0.506501 0.127595
vt 0.513396 0.122214
vt 0.510779 0.131964
vt 0.506109 0.137695
vt 0.500977 0.134375
vt 0.506501 0.127595
vt 0.778343 0.081055
vt 0.770658 0.08019
vt 0.770996 0.074114
vt 0.779687 0.075091
vt 0.770658 0.08019
vt 0.65649 0.08019
vt 0.656152 0.074114
vt 0.770996 0.074114
vt 0.65649 0.08019
vt 0.648805 0.081055
vt 0.647461 0.075091
vt 0.656152 0.074114
vt 0.646734 0.122214
vt 0.651404 0.127945
vt 0.647126 0.132314
vt 0.641602 0.125534
vt 0.651404 0.127945
vt 0.657232 0.132494
vt 0.654021 0.137695
vt 0.647126 0.132314
vt 0.087587 0.102914
vt 0.094484 0.105351
vt 0.09312 0.111311
vt 0.084961 0.108429
vt 0.094484 0.105351
vt 0.10221 0.106229
vt 0.101857 0.112305
vt 0.09312 0.111311
vt 0.10221 0.106229
vt 0.157194 0.106229
vt 0.157511 0.112305
vt 0.101857 0.112305
vt 0.969727 0.131622
vt 0.977409 0.130734
vt 0.978786 0.136692
vt 0.970098 0.137695
vt 0.977409 0.130734
vt 0.984381 0.128273
vt 0.987033 0.13378
vt 0.978786 0.136692
vt 0.571289 0.132494
vt 0.577117 0.127945
vt 0.581396 0.132314
vt 0.574501 0.137695
vt 0.577117 0.127945
vt 0.581787 0.122214
vt 0.58692 0.125534
vt 0.581396 0.132314
vt 0.371462 0.074114
vt 0.379146 0.074978
vt 0.378808 0.081055
vt 0.370117 0.080077
vt 0.379146 0.074978
vt 0.493314 0.074978
vt 0.493652 0.081055
vt 0.378808 0.081055
vt 0.493314 0.074978
vt 0.500999 0.074114
vt 0.502343 0.080077
vt 0.493652 0.081055
vt 0.605225 0.137695
vt 0.600555 0.131964
vt 0.604833 0.127595
vt 0.610357 0.134375
vt 0.600555 0.131964
vt 0.594727 0.127415
vt 0.597938 0.122214
vt 0.604833 0.127595
vt 0.820475 0.09668
vt 0.813477 0.094158
vt 0.814896 0.088211
vt 0.823175 0.091193
vt 0.245145 0.109877
vt 0.237554 0.109001
vt 0.237883 0.102926
vt 0.246468 0.103915
vt 0.237554 0.109001
vt 0.182165 0.109001
vt 0.181819 0.102926
vt 0.237883 0.102926
vt 0.775293 0.051758
vt 0.766602 0.051758
vt 0.766602 0.047461
vt 0.775293 0.047461
vt 0.982432 0.051758
vt 0.973633 0.051758
vt 0.973633 0.047461
vt 0.982432 0.047461
vt 0.935557 0.051758
vt 0.926758 0.051758
vt 0.926758 0.047461
vt 0.935557 0.047461
vt 0.013682 0.038086
vt 0.004883 0.038086
vt 0.004883 0.033789
vt 0.013682 0.033789
vt 0.489258 0.047461
vt 0.497949 0.047461
vt 0.497949 0.051758
vt 0.489258 0.051758
vt 0.497949 0.047461
vt 0.612793 0.047461
vt 0.612793 0.051758
vt 0.497949 0.051758
vt 0.612793 0.047461
vt 0.621484 0.047461
vt 0.621484 0.051758
vt 0.612793 0.051758
vt 0.020508 0.033789
vt 0.029307 0.033789
vt 0.029307 0.038086
vt 0.020508 0.038086
vt 0.036133 0.033789
vt 0.044932 0.033789
vt 0.044932 0.038086
vt 0.036133 0.038086
vt 0.958008 0.047461
vt 0.966807 0.047461
vt 0.966807 0.051758
vt 0.958008 0.051758
vt 0.84668 0.047461
vt 0.855371 0.047461
vt 0.855371 0.051758
vt 0.84668 0.051758
vt 0.855371 0.047461
vt 0.911621 0.047461
vt 0.911621 0.051758
vt 0.855371 0.051758
vt 0.911621 0.047461
vt 0.920312 0.047461
vt 0.920312 0.051758
vt 0.911621 0.051758
vt 0.942383 0.047461
vt 0.951182 0.047461
vt 0.951182 0.051758
vt 0.942383 0.051758
vt 0.473633 0.047461
vt 0.482432 0.047461
vt 0.482432 0.051758
vt 0.473633 0.051758
vt 0.458008 0.047461
vt 0.466807 0.047461
vt 0.466807 0.051758
vt 0.458008 0.051758
vt 0.62793 0.047461
vt 0.636621 0.047461
vt 0.636621 0.051758
vt 0.62793 0.051758
vt 0.636621 0.047461
vt 0.751465 0.047461
vt 0.751465 0.051758
vt 0.636621 0.051758
vt 0.751465 0.047461
vt 0.760156 0.047461
vt 0.760156 0.051758
vt 0.751465 0.051758
vt 0.091807 0.038086
vt 0.083008 0.038086
vt 0.083008 0.033789
vt 0.091807 0.033789
vt 0.060557 0.038086
vt 0.051758 0.038086
vt 0.051758 0.033789
vt 0.060557 0.033789
vt 0.076182 0.038086
vt 0.067383 0.038086
vt 0.067383 0.033789
vt 0.076182 0.033789
vt 0.840234 0.051758
vt 0.831543 0.051758
vt 0.831543 0.047461
vt 0.840234 0.047461
vt 0.831543 0.051758
vt 0.775293 0.051758
vt 0.775293 0.047461
vt 0.831543 0.047461
vt 0.26971 0.112305
vt 0.26097 0.111315
vt 0.262327 0.105354
vt 0.270055 0.106229
vt 0.26097 0.111315
vt 0.25293 0.108443
vt 0.255531 0.102926
vt 0.262327 0.105354
vt 0.536833 0.137695
vt 0.529938 0.132314
vt 0.534217 0.127945
vt 0.540045 0.132494
vt 0.529938 0.132314
vt 0.524414 0.125534
vt 0.529547 0.122214
vt 0.534217 0.127945
vt 0.786133 0.075091
vt 0.794824 0.074114
vt 0.795162 0.08019
vt 0.787477 0.081055
vt 0.794824 0.074114
vt 0.909668 0.074114
vt 0.909329 0.08019
vt 0.795162 0.08019
vt 0.909668 0.074114
vt 0.918359 0.075091
vt 0.917014 0.081055
vt 0.909329 0.08019
vt 0.618164 0.134375
vt 0.623688 0.127595
vt 0.627967 0.131964
vt 0.623297 0.137695
vt 0.623688 0.127595
vt 0.630583 0.122214
vt 0.633795 0.127415
vt 0.627967 0.131964
vt 0.004883 0.10679
vt 0.013042 0.103908
vt 0.014406 0.109868
vt 0.007509 0.112305
vt 0.013042 0.103908
vt 0.021779 0.102914
vt 0.022132 0.10899
vt 0.014406 0.109868
vt 0.021779 0.102914
vt 0.077433 0.102914
vt 0.077116 0.10899
vt 0.022132 0.10899
vt 0.94666 0.128273
vt 0.955349 0.129276
vt 0.953972 0.135234
vt 0.946289 0.134347
vt 0.955349 0.129276
vt 0.963596 0.132188
vt 0.960943 0.137695
vt 0.953972 0.135234
vt 0.480751 0.122214
vt 0.487646 0.127595
vt 0.483367 0.131964
vt 0.477539 0.127415
vt 0.487646 0.127595
vt 0.49317 0.134375
vt 0.488037 0.137695
vt 0.483367 0.131964
vt 0.641015 0.080077
vt 0.632324 0.081055
vt 0.631986 0.074978
vt 0.639671 0.074114
vt 0.632324 0.081055
vt 0.51748 0.081055
vt 0.517818 0.074978
vt 0.631986 0.074978
vt 0.51748 0.081055
vt 0.508789 0.080077
vt 0.510133 0.074114
vt 0.517818 0.074978
vt 0.563482 0.125534
vt 0.557958 0.132314
vt 0.55368 0.127945
vt 0.55835 0.122214
vt 0.557958 0.132314
vt 0.551063 0.137695
vt 0.547852 0.132494
vt 0.55368 0.127945
vt 0.8388 0.093697
vt 0.830521 0.09668
vt 0.829102 0.090732
vt 0.8361 0.088211
vt 0.334358 0.111315
vt 0.325774 0.112305
vt 0.325445 0.106229
vt 0.333036 0.105354
vt 0.325774 0.112305
vt 0.26971 0.112305
vt 0.270055 0.106229
vt 0.325445 0.106229
vt 0.814603 0.470192
vt 0.81582 0.477877
vt 0.81582 0.533451
vt 0.811226 0.463565
vt 0.814603 0.470192
vt 0.81582 0.533451
vt 0.805967 0.458305
vt 0.811226 0.463565
vt 0.81582 0.533451
vt 0.799339 0.454928
vt 0.805967 0.458305
vt 0.81582 0.533451
vt 0.791654 0.453711
vt 0.799339 0.454928
vt 0.81582 0.533451
vt 0.677487 0.453711
vt 0.791654 0.453711
vt 0.81582 0.533451
vt 0.669802 0.454928
vt 0.677487 0.453711
vt 0.81582 0.533451
vt 0.663174 0.458305
vt 0.669802 0.454928
vt 0.81582 0.533451
vt 0.657914 0.463565
vt 0.663174 0.458305
vt 0.81582 0.533451
vt 0.654537 0.470192
vt 0.657914 0.463565
vt 0.81582 0.533451
vt 0.65332 0.477877
vt 0.654537 0.470192
vt 0.81582 0.533451
vt 0.65332 0.533451
vt 0.65332 0.477877
vt 0.81582 0.533451
vt 0.654537 0.541136
vt 0.65332 0.533451
vt 0.81582 0.533451
vt 0.657914 0.547763
vt 0.654537 0.541136
vt 0.81582 0.533451
vt 0.663174 0.553023
vt 0.657914 0.547763
vt 0.81582 0.533451
vt 0.669802 0.5564
vt 0.663174 0.553023
vt 0.81582 0.533451
vt 0.677487 0.557617
vt 0.669802 0.5564
vt 0.81582 0.533451
vt 0.791654 0.557617
vt 0.677487 0.557617
vt 0.81582 0.533451
vt 0.799339 0.5564
vt 0.791654 0.557617
vt 0.81582 0.533451
vt 0.805967 0.553023
vt 0.799339 0.5564
vt 0.81582 0.533451
vt 0.811226 0.547763
vt 0.805967 0.553023
vt 0.81582 0.533451
vt 0.81582 0.533451
vt 0.814603 0.541136
vt 0.811226 0.547763
vt 0.823242 0.533451
vt 0.823242 0.477877
vt 0.824459 0.470192
vt 0.823242 0.533451
vt 0.824459 0.470192
vt 0.827836 0.463565
vt 0.823242 0.533451
vt 0.827836 0.463565
vt 0.833096 0.458305
vt 0.823242 0.533451
vt 0.833096 0.458305
vt 0.839724 0.454928
vt 0.823242 0.533451
vt 0.839724 0.454928
vt 0.847408 0.453711
vt 0.823242 0.533451
vt 0.847408 0.453711
vt 0.961576 0.453711
vt 0.823242 0.533451
vt 0.961576 0.453711
vt 0.969261 0.454928
vt 0.823242 0.533451
vt 0.969261 0.454928
vt 0.975888 0.458305
vt 0.823242 0.533451
vt 0.975888 0.458305
vt 0.981148 0.463565
vt 0.823242 0.533451
vt 0.981148 0.463565
vt 0.984525 0.470192
vt 0.823242 0.533451
vt 0.984525 0.470192
vt 0.985742 0.477877
vt 0.823242 0.533451
vt 0.985742 0.477877
vt 0.985742 0.533451
vt 0.823242 0.533451
vt 0.985742 0.533451
vt 0.984525 0.541136
vt 0.823242 0.533451
vt 0.984525 0.541136
vt 0.981148 0.547763
vt 0.823242 0.533451
vt 0.981148 0.547763
vt 0.975888 0.553023
vt 0.823242 0.533451
vt 0.975888 0.553023
vt 0.969261 0.5564
vt 0.823242 0.533451
vt 0.969261 0.5564
vt 0.961576 0.557617
vt 0.823242 0.533451
vt 0.961576 0.557617
vt 0.847408 0.557617
vt 0.823242 0.533451
vt 0.847408 0.557617
vt 0.839724 0.5564
vt 0.823242 0.533451
vt 0.839724 0.5564
vt 0.833096 0.553023
vt 0.823242 0.533451
vt 0.833096 0.553023
vt 0.827836 0.547763
vt 0.827836 0.547763
vt 0.824459 0.541136
vt 0.823242 0.533451
vn 0.706472 -0.707597 -0.014293
vn 0.668679 -0.711472 -0.216046
vn 0.568507 -0.711473 -0.413045
vn 0.413045 -0.711473 -0.568507
vn 0.216046 -0.711472 -0.668679
vn 0.007471 -0.707381 -0.706793
vn -0.007471 -0.707381 -0.706793
vn -0.216046 -0.711472 -0.668679
vn -0.413045 -0.711473 -0.568507
vn -0.568507 -0.711473 -0.413045
vn -0.668679 -0.711472 -0.216046
vn -0.706472 -0.707597 -0.014293
vn -0.706472 -0.707597 0.014293
vn -0.668679 -0.711472 0.216046
vn -0.568507 -0.711473 0.413045
vn -0.413045 -0.711473 0.568507
vn -0.216046 -0.711472 0.668679
vn -0.007471 -0.707381 0.706793
vn 0.007471 -0.707381 0.706793
vn 0.216046 -0.711472 0.668679
vn 0.413045 -0.711473 0.568507
vn 0.568507 -0.711473 0.413045
vn 0.668679 -0.711472 0.216046
vn 0.706472 -0.707597 0.014293
vn 0.999775 0 -0.021192
vn 0.951057 0 -0.309017
vn 0.809017 0 -0.587785
vn 0.587785 0 -0.809017
vn 0.309017 0 -0.951057
vn 0.011142 0 -0.999938
vn -0.011142 0 -0.999938
vn -0.309017 0 -0.951057
vn -0.587785 0 -0.809017
vn -0.809017 0 -0.587785
vn -0.951057 0 -0.309017
vn -0.999775 0 -0.021192
vn -0.999775 0 0.021192
vn -0.951057 0 0.309017
vn -0.809017 0 0.587785
vn -0.587785 0 0.809017
vn -0.309017 0 0.951057
vn -0.011142 0 0.999938
vn 0.011142 0 0.999938
vn 0.309017 0 0.951057
vn 0.587785 0 0.809017
vn 0.809017 0 0.587785
vn 0.951057 0 0.309017
vn 0.999775 0 0.021192
vn 0.706472 0.707597 -0.014293
vn 0.668679 0.711472 -0.216046
vn 0.568507 0.711473 -0.413045
vn 0.413045 0.711473 -0.568507
vn 0.216046 0.711472 -0.668679
vn 0.007471 0.707381 -0.706793
vn -0.007471 0.707381 -0.706793
vn -0.216046 0.711472 -0.668679
vn -0.413045 0.711473 -0.568507
vn -0.568507 0.711473 -0.413045
vn -0.668679 0.711472 -0.216046
vn -0.706472 0.707597 -0.014293
vn -0.706472 0.707597 0.014293
vn -0.668679 0.711472 0.216046
vn -0.568507 0.711473 0.413045
vn -0.413045 0.711473 0.568507
vn -0.216046 0.711472 0.668679
vn -0.007471 0.707381 0.706793
vn 0.007471 0.707381 0.706793
vn 0.216046 0.711472 0.668679
vn 0.413045 0.711473 0.568507
vn 0.568507 0.711473 0.413045
vn 0.668679 0.711472 0.216046
vn 0.706472 0.707597 0.014293
vn 0 -1 0
vn 0 1 0
f 283/945/207 284/946/208 308/947/208 307/948/207
f 284/949/208 285/950/209 309/951/209 308/952/208
f 285/953/209 286/954/210 310/955/210 309/956/209
f 286/957/210 287/958/211 311/959/211 310/960/210
f 287/961/211 288/962/212 312/963/212 311/964/211
f 288/965/212 289/966/213 313/967/213 312/968/212
f 289/969/213 290/970/214 314/971/214 313/972/213
f 290/973/214 291/974/215 315/975/215 314/976/214
f 291/977/215 292/978/216 316/979/216 315/980/215
f 292/981/216 293/982/217 317/983/217 316/984/216
f 293/985/217 294/986/218 318/987/218 317/988/217
f 294/989/218 295/990/219 319/991/219 318/992/218
f 295/993/219 296/994/220 320/995/220 319/996/219
f 296/997/220 297/998/221 321/999/221 320/1000/220
f 297/1001/221 298/1002/222 322/1003/222 321/1004/221
f 298/1005/222 299/1006/223 323/1007/223 322/1008/222
f 299/1009/223 300/1010/224 324/1011/224 323/1012/223
f 300/1013/224 301/1014/225 325/1015/225 324/1016/224
f 301/1017/225 302/1018/226 326/1019/226 325/1020/225
f 302/1021/226 303/1022/227 327/1023/227 326/1024/226
f 303/1025/227 304/1026/228 328/1027/228 327/1028/227
f 304/1029/228 305/1030/229 329/1031/229 328/1032/228
f 305/1033/229 306/1034/230 330/1035/230 329/1036/229
f 306/1037/230 283/1038/207 307/1039/207 330/1040/230
f 307/1041/231 308/1042/232 332/1043/232 331/1044/231
f 308/1045/232 309/1046/233 333/1047/233 332/1048/232
f 309/1049/233 310/1050/234 334/1051/234 333/1052/233
f 310/1053/234 311/1054/235 335/1055/235 334/1056/234
f 311/1057/235 312/1058/236 336/1059/236 335/1060/235
f 312/1061/236 313/1062/237 337/1063/237 336/1064/236
f 313/1065/237 314/1066/238 338/1067/238 337/1068/237
f 314/1069/238 315/1070/239 339/1071/239 338/1072/238
f 315/1073/239 316/1074/240 340/1075/240 339/1076/239
f 316/1077/240 317/1078/241 341/1079/241 340/1080/240
f 317/1081/241 318/1082/242 342/1083/242 341/1084/241
f 318/1085/242 319/1086/243 343/1087/243 342/1088/242
f 319/1089/243 320/1090/244 344/1091/244 343/1092/243
f 320/1093/244 321/1094/245 345/1095/245 344/1096/244
f 321/1097/245 322/1098/246 346/1099/246 345/1100/245
f 322/1101/246 323/1102/247 347/1103/247 346/1104/246
f 323/1105/247 324/1106/248 348/1107/248 347/1108/247
f 324/1109/248 325/1110/249 349/1111/249 348/1112/248
f 325/1113/249 326/1114/250 350/1115/250 349/1116/249
f 326/1117/250 327/1118/251 351/1119/251 350/1120/250
f 327/1121/251 328/1122/252 352/1123/252 351/1124/251
f 328/1125/252 329/1126/253 353/1127/253 352/1128/252
f 329/1129/253 330/1130/254 354/1131/254 353/1132/253
f 330/1133/254 307/1134/231 331/1135/231 354/1136/254
f 331/1137/255 332/1138/256 356/1139/256 355/1140/255
f 332/1141/256 333/1142/257 357/1143/257 356/1144/256
f 333/1145/257 334/1146/258 358/1147/258 357/1148/257
f 334/1149/258 335/1150/259 359/1151/259 358/1152/258
f 335/1153/259 336/1154/260 360/1155/260 359/1156/259
f 336/1157/260 337/1158/261 361/1159/261 360/1160/260
f 337/1161/261 338/1162/262 362/1163/262 361/1164/261
f 338/1165/262 339/1166/263 363/1167/263 362/1168/262
f 339/1169/263 340/1170/264 364/1171/264 363/1172/263
f 340/1173/264 341/1174/265 365/1175/265 364/1176/264
f 341/1177/265 342/1178/266 366/1179/266 365/1180/265
f 342/1181/266 343/1182/267 367/1183/267 366/1184/266
f 343/1185/267 344/1186/268 368/1187/268 367/1188/267
f 344/1189/268 345/1190/269 369/1191/269 368/1192/268
f 345/1193/269 346/1194/270 370/1195/270 369/1196/269
f 346/1197/270 347/1198/271 371/1199/271 370/1200/270
f 347/1201/271 348/1202/272 372/1203/272 371/1204/271
f 348/1205/272 349/1206/273 373/1207/273 372/1208/272
f 349/1209/273 350/1210/274 374/1211/274 373/1212/273
f 350/1213/274 351/1214/275 375/1215/275 374/1216/274
f 351/1217/275 352/1218/276 376/1219/276 375/1220/275
f 352/1221/276 353/1222/277 377/1223/277 376/1224/276
f 353/1225/277 354/1226/278 378/1227/278 377/1228/277
f 354/1229/278 331/1230/255 355/1231/255 378/1232/278
f 380/1233/279 379/1234/279 402/1235/279
f 381/1236/279 380/1237/279 402/1238/279
f 382/1239/279 381/1240/279 402/1241/279
f 383/1242/279 382/1243/279 402/1244/279
f 384/1245/279 383/1246/279 402/1247/279
f 385/1248/279 384/1249/279 402/1250/279
f 386/1251/279 385/1252/279 402/1253/279
f 387/1254/279 386/1255/279 402/1256/279
f 388/1257/279 387/1258/279 402/1259/279
f 389/1260/279 388/1261/279 402/1262/279
f 390/1263/279 389/1264/279 402/1265/279
f 391/1266/279 390/1267/279 402/1268/279
f 392/1269/279 391/1270/279 402/1271/279
f 393/1272/279 392/1273/279 402/1274/279
f 394/1275/279 393/1276/279 402/1277/279
f 395/1278/279 394/1279/279 402/1280/279
f 396/1281/279 395/1282/279 402/1283/279
f 397/1284/279 396/1285/279 402/1286/279
f 398/1287/279 397/1288/279 402/1289/279
f 399/1290/279 398/1291/279 402/1292/279
f 400/1293/279 399/1294/279 402/1295/279
f 402/1296/279 401/1297/279 400/1298/279
f 426/1299/280 403/1300/280 404/1301/280
f 426/1302/280 404/1303/280 405/1304/280
f 426/1305/280 405/1306/280 406/1307/280
f 426/1308/280 406/1309/280 407/1310/280
f 426/1311/280 407/1312/280 408/1313/280
f 426/1314/280 408/1315/280 409/1316/280
f 426/1317/280 409/1318/280 410/1319/280
f 426/1320/280 410/1321/280 411/1322/280
f 426/1323/280 411/1324/280 412/1325/280
f 426/1326/280 412/1327/280 413/1328/280
f 426/1329/280 413/1330/280 414/1331/280
f 426/1332/280 414/1333/280 415/1334/280
f 426/1335/280 415/1336/280 416/1337/280
f 426/1338/280 416/1339/280 417/1340/280
f 426/1341/280 417/1342/280 418/1343/280
f 426/1344/280 418/1345/280 419/1346/280
f 426/1347/280 419/1348/280 420/1349/280
f 426/1350/280 420/1351/280 421/1352/280
f 426/1353/280 421/1354/280 422/1355/280
f 426/1356/280 422/1357/280 423/1358/280
f 426/1359/280 423/1360/280 424/1361/280
f 424/1362/280 425/1363/280 426/1364/280
o keyboard_body
usemtl keyboard
v 0.189063 -0.14875 0.27625
v 0.189063 -0.14875 0.481563
v 0.189063 -0.115805 0.481563
v 0.189063 -0.136773 0.27625
v 0.196563 -0.15625 0.26875
v 0.196563 -0.15625 0.489063
v 0.196563 -0.1075 0.489063
v 0.196563 -0.13 0.26875
v 0.953437 -0.15625 0.26875
v 0.953437 -0.15625 0.489063
v 0.953437 -0.1075 0.489063
v 0.953437 -0.13 0.26875
v 0.960938 -0.14875 0.27625
v 0.960938 -0.14875 0.481563
v 0.960938 -0.115805 0.481563
v 0.960938 -0.136773 0.27625
v 0.189063 -0.14875 0.27625
v 0.189063 -0.14875 0.481563
v 0.189063 -0.115805 0.481563
v 0.189063 -0.136773 0.27625
v 0.960938 -0.14875 0.27625
v 0.960938 -0.14875 0.481563
v 0.960938 -0.115805 0.481563
v 0.960938 -0.136773 0.27625
vt 0.317383 0.017879
vt 0.534253 0.017879
vt 0.52687 0.02832
vt 0.324766 0.02832
vt 0.935684 0.02832
vt 0.887695 0.02832
vt 0.895871 0.017879
vt 0.928301 0.017879
vt 0.222315 0.452148
vt 0.004883 0.436447
vt 0.012285 0.426513
vt 0.214913 0.441146
vt 0.821289 0.017879
vt 0.847129 0.017879
vt 0.839746 0.02832
vt 0.827956 0.02832
vt 0.749932 0.553638
vt 0.749932 0.770508
vt 0.004883 0.770508
vt 0.004883 0.553638
vt 0.749932 0.49791
vt 0.749932 0.545898
vt 0.004883 0.545898
vt 0.004883 0.49791
vt 0.004883 0.995117
vt 0.004883 0.777119
vt 0.749932 0.777119
vt 0.749932 0.995117
vt 0.213867 0.491211
vt 0.213867 0.465371
vt 0.958916 0.465371
vt 0.958916 0.491211
vt 0.549375 0.017879
vt 0.751479 0.017879
vt 0.758862 0.02832
vt 0.541992 0.02832
vt 0.773984 0.017879
vt 0.806415 0.017879
vt 0.81459 0.02832
vt 0.766602 0.02832
vt 0.439522 0.437516
vt 0.236894 0.452148
vt 0.229492 0.442215
vt 0.446924 0.426513
vt 0.873665 0.02832
vt 0.861875 0.02832
vt 0.854492 0.017879
vt 0.880332 0.017879
vt 0.756836 0.525258
vt 0.756836 0.513468
vt 0.95894 0.513468
vt 0.95894 0.513468
vt 0.95894 0.545898
vt 0.756836 0.525258
vt 0.206987 0.491211
vt 0.004883 0.491211
vt 0.004883 0.479421
vt 0.004883 0.479421
vt 0.206987 0.458781
vt 0.206987 0.491211
vn -0.707107 -0.707107 0
vn -0.707107 0 0.707107
vn -0.707107 0.703448 -0.071841
vn -0.707107 0 -0.707107
vn 0 -1 0
vn 0 0 1
vn 0 0.994825 -0.101599
vn 0 0 -1
vn 0.707107 -0.707107 0
vn 0.707107 0 0.707107
vn 0.707107 0.703448 -0.071841
vn 0.707107 0 -0.707107
vn -1 0 0
vn 1 0 0
f 431/1365/281 432/1366/281 428/1367/281 427/1368/281
f 432/1369/282 433/1370/282 429/1371/282 428/1372/282
f 433/1373/283 434/1374/283 430/1375/283 429/1376/283
f 434/1377/284 431/1378/284 427/1379/284 430/1380/284
f 435/1381/285 436/1382/285 432/1383/285 431/1384/285
f 436/1385/286 437/1386/286 433/1387/286 432/1388/286
f 437/1389/287 438/1390/287 434/1391/287 433/1392/287
f 438/1393/288 435/1394/288 431/1395/288 434/1396/288
f 439/1397/289 440/1398/289 436/1399/289 435/1400/289
f 440/1401/290 441/1402/290 437/1403/290 436/1404/290
f 441/1405/291 442/1406/291 438/1407/291 437/1408/291
f 442/1409/292 439/1410/292 435/1411/292 438/1412/292
f 446/1413/293 443/1414/293 444/1415/293
f 444/1416/293 445/1417/293 446/1418/293
f 448/1419/294 447/1420/294 450/1421/294
f 450/1422/294 449/1423/294 448/1424/294
o keyboard_keys
usemtl keyboard
v 0.898125 -0.112765 0.449811
v 0.92375 -0.112765 0.449811
v 0.92375 -0.110162 0.475303
v 0.898125 -0.110162 0.475303
v 0.901563 -0.098597 0.453201
v 0.920313 -0.098597 0.453201
v 0.920313 -0.096692 0.471854
v 0.901563 -0.096692 0.471854
v 0.835625 -0.112765 0.449811
v 0.86125 -0.112765 0.449811
v 0.86125 -0.110162 0.475303
v 0.835625 -0.110162 0.475303
v 0.839063 -0.098597 0.453201
v 0.857813 -0.098597 0.453201
v 0.857813 -0.096692 0.471854
v 0.839063 -0.096692 0.471854
v 0.804375 -0.112765 0.449811
v 0.83 -0.112765 0.449811
v 0.83 -0.110162 0.475303
v 0.804375 -0.110162 0.475303
v 0.807813 -0.098597 0.453201
v 0.826563 -0.098597 0.453201
v 0.826563 -0.096692 0.471854
v 0.807813 -0.096692 0.471854
v 0.773125 -0.112765 0.449811
v 0.79875 -0.112765 0.449811
v 0.79875 -0.110162 0.475303
v 0.773125 -0.110162 0.475303
v 0.776563 -0.098597 0.453201
v 0.795312 -0.098597 0.453201
v 0.795312 -0.096692 0.471854
v 0.776563 -0.096692 0.471854
v 0.741875 -0.112765 0.449811
v 0.7675 -0.112765 0.449811
v 0.7675 -0.110162 0.475303
v 0.741875 -0.110162 0.475303
v 0.745313 -0.098597 0.453201
v 0.764062 -0.098597 0.453201
v 0.764062 -0.096692 0.471854
v 0.745313 -0.096692 0.471854
v 0.695 -0.112765 0.449811
v 0.720625 -0.112765 0.449811
v 0.720625 -0.110162 0.475303
v 0.695 -0.110162 0.475303
v 0.698438 -0.098597 0.453201
v 0.717187 -0.098597 0.453201
v 0.717187 -0.096692 0.471854
v 0.698438 -0.096692 0.471854
v 0.66375 -0.112765 0.449811
v 0.689375 -0.112765 0.449811
v 0.689375 -0.110162 0.475303
v 0.66375 -0.110162 0.475303
v 0.667188 -0.098597 0.453201
v 0.685937 -0.098597 0.453201
v 0.685937 -0.096692 0.471854
v 0.667188 -0.096692 0.471854
v 0.6325 -0.112765 0.449811
v 0.658125 -0.112765 0.449811
v 0.658125 -0.110162 0.475303
v 0.6325 -0.110162 0.475303
v 0.635938 -0.098597 0.453201
v 0.654687 -0.098597 0.453201
v 0.654687 -0.096692 0.471854
v 0.635938 -0.096692 0.471854
v 0.60125 -0.112765 0.449811
v 0.626875 -0.112765 0.449811
v 0.626875 -0.110162 0.475303
v 0.60125 -0.110162 0.475303
v 0.604688 -0.098597 0.453201
v 0.623437 -0.098597 0.453201
v 0.623437 -0.096692 0.471854
v 0.604688 -0.096692 0.471854
v 0.554375 -0.112765 0.449811
v 0.58 -0.112765 0.449811
v 0.58 -0.110162 0.475303
v 0.554375 -0.110162 0.475303
v 0.557813 -0.098597 0.453201
v 0.576562 -0.098597 0.453201
v 0.576562 -0.096692 0.471854
v 0.557813 -0.096692 0.471854
v 0.523125 -0.112765 0.449811
v 0.54875 -0.112765 0.449811
v 0.54875 -0.110162 0.475303
v 0.523125 -0.110162 0.475303
v 0.526563 -0.098597 0.453201
v 0.545312 -0.098597 0.453201
v 0.545312 -0.096692 0.471854
v 0.526563 -0.096692 0.471854
v 0.491875 -0.112765 0.449811
v 0.5175 -0.112765 0.449811
v 0.5175 -0.110162 0.475303
v 0.491875 -0.110162 0.475303
v 0.495312 -0.098597 0.453201
v 0.514062 -0.098597 0.453201
v 0.514062 -0.096692 0.471854
v 0.495312 -0.096692 0.471854
v 0.460625 -0.112765 0.449811
v 0.48625 -0.112765 0.449811
v 0.48625 -0.110162 0.475303
v 0.460625 -0.110162 0.475303
v 0.464062 -0.098597 0.453201
v 0.482812 -0.098597 0.453201
v 0.482812 -0.096692 0.471854
v 0.464062 -0.096692 0.471854
v 0.421563 -0.112765 0.449811
v 0.447188 -0.112765 0.449811
v 0.447188 -0.110162 0.475303
v 0.421563 -0.110162 0.475303
v 0.425 -0.098597 0.453201
v 0.44375 -0.098597 0.453201
v 0.44375 -0.096692 0.471854
v 0.425 -0.096692 0.471854
v 0.390313 -0.112765 0.449811
v 0.415938 -0.112765 0.449811
v 0.415938 -0.110162 0.475303
v 0.390313 -0.110162 0.475303
v 0.39375 -0.098597 0.453201
v 0.4125 -0.098597 0.453201
v 0.4125 -0.096692 0.471854
v 0.39375 -0.096692 0.471854
v 0.359063 -0.112765 0.449811
v 0.384688 -0.112765 0.449811
v 0.384688 -0.110162 0.475303
v 0.359063 -0.110162 0.475303
v 0.3625 -0.098597 0.453201
v 0.38125 -0.098597 0.453201
v 0.38125 -0.096692 0.471854
v 0.3625 -0.096692 0.471854
v 0.898125 -0.116734 0.410951
v 0.92375 -0.116734 0.410951
v 0.92375 -0.11413 0.436443
v 0.898125 -0.11413 0.436443
v 0.901563 -0.102566 0.414341
v 0.920313 -0.102566 0.414341
v 0.920313 -0.100661 0.432994
v 0.901563 -0.100661 0.432994
v 0.866875 -0.116734 0.410951
v 0.8925 -0.116734 0.410951
v 0.8925 -0.11413 0.436443
v 0.866875 -0.11413 0.436443
v 0.870313 -0.102566 0.414341
v 0.889063 -0.102566 0.414341
v 0.889063 -0.100661 0.432994
v 0.870313 -0.100661 0.432994
v 0.835625 -0.116734 0.410951
v 0.86125 -0.116734 0.410951
v 0.86125 -0.11413 0.436443
v 0.835625 -0.11413 0.436443
v 0.839063 -0.102566 0.414341
v 0.857813 -0.102566 0.414341
v 0.857813 -0.100661 0.432994
v 0.839063 -0.100661 0.432994
v 0.804375 -0.116734 0.410951
v 0.83 -0.116734 0.410951
v 0.83 -0.11413 0.436443
v 0.804375 -0.11413 0.436443
v 0.807813 -0.102566 0.414341
v 0.826563 -0.102566 0.414341
v 0.826563 -0.100661 0.432994
v 0.807813 -0.100661 0.432994
v 0.773125 -0.116734 0.410951
v 0.79875 -0.116734 0.410951
v 0.79875 -0.11413 0.436443
v 0.773125 -0.11413 0.436443
v 0.776563 -0.102566 0.414341
v 0.795312 -0.102566 0.414341
v 0.795312 -0.100661 0.432994
v 0.776563 -0.100661 0.432994
v 0.741875 -0.116734 0.410951
v 0.7675 -0.116734 0.410951
v 0.7675 -0.11413 0.436443
v 0.741875 -0.11413 0.436443
v 0.745313 -0.102566 0.414341
v 0.764062 -0.102566 0.414341
v 0.764062 -0.100661 0.432994
v 0.745313 -0.100661 0.432994
v 0.710625 -0.116734 0.410951
v 0.73625 -0.116734 0.410951
v 0.73625 -0.11413 0.436443
v 0.710625 -0.11413 0.436443
v 0.714063 -0.102566 0.414341
v 0.732812 -0.102566 0.414341
v 0.732812 -0.100661 0.432994
v 0.714063 -0.100661 0.432994
v 0.679375 -0.116734 0.410951
v 0.705 -0.116734 0.410951
v 0.705 -0.11413 0.436443
v 0.679375 -0.11413 0.436443
v 0.682813 -0.102566 0.414341
v 0.701562 -0.102566 0.414341
v 0.701562 -0.100661 0.432994
v 0.682813 -0.100661 0.432994
v 0.648125 -0.116734 0.410951
v 0.67375 -0.116734 0.410951
v 0.67375 -0.11413 0.436443
v 0.648125 -0.11413 0.436443
v 0.651563 -0.102566 0.414341
v 0.670312 -0.102566 0.414341
v 0.670312 -0.100661 0.432994
v 0.651563 -0.100661 0.432994
v 0.616875 -0.116734 0.410951
v 0.6425 -0.116734 0.410951
v 0.6425 -0.11413 0.436443
v 0.616875 -0.11413 0.436443
v 0.620313 -0.102566 0.414341
v 0.639062 -0.102566 0.414341
v 0.639062 -0.100661 0.432994
v 0.620313 -0.100661 0.432994
v 0.585625 -0.116734 0.410951
v 0.61125 -0.116734 0.410951
v 0.61125 -0.11413 0.436443
v 0.585625 -0.11413 0.436443
v 0.589063 -0.102566 0.414341
v 0.607812 -0.102566 0.414341
v 0.607812 -0.100661 0.432994
v 0.589063 -0.100661 0.432994
v 0.554375 -0.116734 0.410951
v 0.58 -0.116734 0.410951
v 0.58 -0.11413 0.436443
v 0.554375 -0.11413 0.436443
v 0.557813 -0.102566 0.414341
v 0.576562 -0.102566 0.414341
v 0.576562 -0.100661 0.432994
v 0.557813 -0.100661 0.432994
v 0.523125 -0.116734 0.410951
v 0.54875 -0.116734 0.410951
v 0.54875 -0.11413 0.436443
v 0.523125 -0.11413 0.436443
v 0.526563 -0.102566 0.414341
v 0.545312 -0.102566 0.414341
v 0.545312 -0.100661 0.432994
v 0.526563 -0.100661 0.432994
v 0.460625 -0.116734 0.410951
v 0.5175 -0.116734 0.410951
v 0.5175 -0.11413 0.436443
v 0.460625 -0.11413 0.436443
v 0.464062 -0.102566 0.414341
v 0.514062 -0.102566 0.414341
v 0.514062 -0.100661 0.432994
v 0.464062 -0.100661 0.432994
v 0.421563 -0.116734 0.410951
v 0.447188 -0.116734 0.410951
v 0.447188 -0.11413 0.436443
v 0.421563 -0.11413 0.436443
v 0.425 -0.102566 0.414341
v 0.44375 -0.102566 0.414341
v 0.44375 -0.100661 0.432994
v 0.425 -0.100661 0.432994
v 0.390313 -0.116734 0.410951
v 0.415938 -0.116734 0.410951
v 0.415938 -0.11413 0.436443
v 0.390313 -0.11413 0.436443
v 0.39375 -0.102566 0.414341
v 0.4125 -0.102566 0.414341
v 0.4125 -0.100661 0.432994
v 0.39375 -0.100661 0.432994
v 0.359063 -0.116734 0.410951
v 0.384688 -0.116734 0.410951
v 0.384688 -0.11413 0.436443
v 0.359063 -0.11413 0.436443
v 0.3625 -0.102566 0.414341
v 0.38125 -0.102566 0.414341
v 0.38125 -0.100661 0.432994
v 0.3625 -0.100661 0.432994
v 0.32 -0.116734 0.410951
v 0.345625 -0.116734 0.410951
v 0.345625 -0.11413 0.436443
v 0.32 -0.11413 0.436443
v 0.323437 -0.102566 0.414341
v 0.342187 -0.102566 0.414341
v 0.342187 -0.100661 0.432994
v 0.323437 -0.100661 0.432994
v 0.28875 -0.116734 0.410951
v 0.314375 -0.116734 0.410951
v 0.314375 -0.11413 0.436443
v 0.28875 -0.11413 0.436443
v 0.292187 -0.102566 0.414341
v 0.310938 -0.102566 0.414341
v 0.310938 -0.100661 0.432994
v 0.292187 -0.100661 0.432994
v 0.2575 -0.116734 0.410951
v 0.283125 -0.116734 0.410951
v 0.283125 -0.11413 0.436443
v 0.2575 -0.11413 0.436443
v 0.260937 -0.102566 0.414341
v 0.279688 -0.102566 0.414341
v 0.279688 -0.100661 0.432994
v 0.260937 -0.100661 0.432994
v 0.22625 -0.116734 0.410951
v 0.251875 -0.116734 0.410951
v 0.251875 -0.11413 0.436443
v 0.22625 -0.11413 0.436443
v 0.229687 -0.102566 0.414341
v 0.248438 -0.102566 0.414341
v 0.248438 -0.100661 0.432994
v 0.229687 -0.100661 0.432994
v 0.8825 -0.119909 0.379862
v 0.92375 -0.119909 0.379862
v 0.92375 -0.117305 0.405355
v 0.8825 -0.117305 0.405355
v 0.885938 -0.105741 0.383253
v 0.920313 -0.105741 0.383253
v 0.920313 -0.103836 0.401906
v 0.885938 -0.103836 0.401906
v 0.85125 -0.119909 0.379862
v 0.876875 -0.119909 0.379862
v 0.876875 -0.117305 0.405355
v 0.85125 -0.117305 0.405355
v 0.854688 -0.105741 0.383253
v 0.873438 -0.105741 0.383253
v 0.873438 -0.103836 0.401906
v 0.854688 -0.103836 0.401906
v 0.82 -0.119909 0.379862
v 0.845625 -0.119909 0.379862
v 0.845625 -0.117305 0.405355
v 0.82 -0.117305 0.405355
v 0.823438 -0.105741 0.383253
v 0.842188 -0.105741 0.383253
v 0.842188 -0.103836 0.401906
v 0.823438 -0.103836 0.401906
v 0.78875 -0.119909 0.379862
v 0.814375 -0.119909 0.379862
v 0.814375 -0.117305 0.405355
v 0.78875 -0.117305 0.405355
v 0.792188 -0.105741 0.383253
v 0.810937 -0.105741 0.383253
v 0.810937 -0.103836 0.401906
v 0.792188 -0.103836 0.401906
v 0.7575 -0.119909 0.379862
v 0.783125 -0.119909 0.379862
v 0.783125 -0.117305 0.405355
v 0.7575 -0.117305 0.405355
v 0.760938 -0.105741 0.383253
v 0.779687 -0.105741 0.383253
v 0.779687 -0.103836 0.401906
v 0.760938 -0.103836 0.401906
v 0.72625 -0.119909 0.379862
v 0.751875 -0.119909 0.379862
v 0.751875 -0.117305 0.405355
v 0.72625 -0.117305 0.405355
v 0.729688 -0.105741 0.383253
v 0.748437 -0.105741 0.383253
v 0.748437 -0.103836 0.401906
v 0.729688 -0.103836 0.401906
v 0.695 -0.119909 0.379862
v 0.720625 -0.119909 0.379862
v 0.720625 -0.117305 0.405355
v 0.695 -0.117305 0.405355
v 0.698438 -0.105741 0.383253
v 0.717187 -0.105741 0.383253
v 0.717187 -0.103836 0.401906
v 0.698438 -0.103836 0.401906
v 0.66375 -0.119909 0.379862
v 0.689375 -0.119909 0.379862
v 0.689375 -0.117305 0.405355
v 0.66375 -0.117305 0.405355
v 0.667188 -0.105741 0.383253
v 0.685937 -0.105741 0.383253
v 0.685937 -0.103836 0.401906
v 0.667188 -0.103836 0.401906
v 0.6325 -0.119909 0.379862
v 0.658125 -0.119909 0.379862
v 0.658125 -0.117305 0.405355
v 0.6325 -0.117305 0.405355
v 0.635938 -0.105741 0.383253
v 0.654687 -0.105741 0.383253
v 0.654687 -0.103836 0.401906
v 0.635938 -0.103836 0.401906
v 0.60125 -0.119909 0.379862
v 0.626875 -0.119909 0.379862
v 0.626875 -0.117305 0.405355
v 0.60125 -0.117305 0.405355
v 0.604688 -0.105741 0.383253
v 0.623437 -0.105741 0.383253
v 0.623437 -0.103836 0.401906
v 0.604688 -0.103836 0.401906
v 0.57 -0.119909 0.379862
v 0.595625 -0.119909 0.379862
v 0.595625 -0.117305 0.405355
v 0.57 -0.117305 0.405355
v 0.573438 -0.105741 0.383253
v 0.592187 -0.105741 0.383253
v 0.592187 -0.103836 0.401906
v 0.573438 -0.103836 0.401906
v 0.53875 -0.119909 0.379862
v 0.564375 -0.119909 0.379862
v 0.564375 -0.117305 0.405355
v 0.53875 -0.117305 0.405355
v 0.542188 -0.105741 0.383253
v 0.560937 -0.105741 0.383253
v 0.560937 -0.103836 0.401906
v 0.542188 -0.103836 0.401906
v 0.5075 -0.119909 0.379862
v 0.533125 -0.119909 0.379862
v 0.533125 -0.117305 0.405355
v 0.5075 -0.117305 0.405355
v 0.510938 -0.105741 0.383253
v 0.529687 -0.105741 0.383253
v 0.529687 -0.103836 0.401906
v 0.510938 -0.103836 0.401906
v 0.460625 -0.119909 0.379862
v 0.501875 -0.119909 0.379862
v 0.501875 -0.117305 0.405355
v 0.460625 -0.117305 0.405355
v 0.464062 -0.105741 0.383253
v 0.498437 -0.105741 0.383253
v 0.498437 -0.103836 0.401906
v 0.464062 -0.103836 0.401906
v 0.421563 -0.119909 0.379862
v 0.447188 -0.119909 0.379862
v 0.447188 -0.117305 0.405355
v 0.421563 -0.117305 0.405355
v 0.425 -0.105741 0.383253
v 0.44375 -0.105741 0.383253
v 0.44375 -0.103836 0.401906
v 0.425 -0.103836 0.401906
v 0.390313 -0.119909 0.379862
v 0.415938 -0.119909 0.379862
v 0.415938 -0.117305 0.405355
v 0.390313 -0.117305 0.405355
v 0.39375 -0.105741 0.383253
v 0.4125 -0.105741 0.383253
v 0.4125 -0.103836 0.401906
v 0.39375 -0.103836 0.401906
v 0.359063 -0.119909 0.379862
v 0.384688 -0.119909 0.379862
v 0.384688 -0.117305 0.405355
v 0.359063 -0.117305 0.405355
v 0.3625 -0.105741 0.383253
v 0.38125 -0.105741 0.383253
v 0.38125 -0.103836 0.401906
v 0.3625 -0.103836 0.401906
v 0.32 -0.119909 0.379862
v 0.345625 -0.119909 0.379862
v 0.345625 -0.117305 0.405355
v 0.32 -0.117305 0.405355
v 0.323437 -0.105741 0.383253
v 0.342187 -0.105741 0.383253
v 0.342187 -0.103836 0.401906
v 0.323437 -0.103836 0.401906
v 0.28875 -0.119909 0.379862
v 0.314375 -0.119909 0.379862
v 0.314375 -0.117305 0.405355
v 0.28875 -0.117305 0.405355
v 0.292187 -0.105741 0.383253
v 0.310938 -0.105741 0.383253
v 0.310938 -0.103836 0.401906
v 0.292187 -0.103836 0.401906
v 0.2575 -0.119909 0.379862
v 0.283125 -0.119909 0.379862
v 0.283125 -0.117305 0.405355
v 0.2575 -0.117305 0.405355
v 0.260937 -0.105741 0.383253
v 0.279688 -0.105741 0.383253
v 0.279688 -0.103836 0.401906
v 0.260937 -0.103836 0.401906
v 0.874688 -0.123084 0.348774
v 0.92375 -0.123084 0.348774
v 0.92375 -0.12048 0.374266
v 0.874688 -0.12048 0.374266
v 0.878125 -0.108916 0.352165
v 0.920313 -0.108916 0.352165
v 0.920313 -0.107011 0.370817
v 0.878125 -0.107011 0.370817
v 0.843438 -0.123084 0.348774
v 0.869063 -0.123084 0.348774
v 0.869063 -0.12048 0.374266
v 0.843438 -0.12048 0.374266
v 0.846875 -0.108916 0.352165
v 0.865625 -0.108916 0.352165
v 0.865625 -0.107011 0.370817
v 0.846875 -0.107011 0.370817
v 0.812188 -0.123084 0.348774
v 0.837813 -0.123084 0.348774
v 0.837813 -0.12048 0.374266
v 0.812188 -0.12048 0.374266
v 0.815625 -0.108916 0.352165
v 0.834375 -0.108916 0.352165
v 0.834375 -0.107011 0.370817
v 0.815625 -0.107011 0.370817
v 0.780938 -0.123084 0.348774
v 0.806563 -0.123084 0.348774
v 0.806563 -0.12048 0.374266
v 0.780938 -0.12048 0.374266
v 0.784375 -0.108916 0.352165
v 0.803125 -0.108916 0.352165
v 0.803125 -0.107011 0.370817
v 0.784375 -0.107011 0.370817
v 0.749688 -0.123084 0.348774
v 0.775313 -0.123084 0.348774
v 0.775313 -0.12048 0.374266
v 0.749688 -0.12048 0.374266
v 0.753125 -0.108916 0.352165
v 0.771875 -0.108916 0.352165
v 0.771875 -0.107011 0.370817
v 0.753125 -0.107011 0.370817
v 0.718438 -0.123084 0.348774
v 0.744063 -0.123084 0.348774
v 0.744063 -0.12048 0.374266
v 0.718438 -0.12048 0.374266
v 0.721875 -0.108916 0.352165
v 0.740625 -0.108916 0.352165
v 0.740625 -0.107011 0.370817
v 0.721875 -0.107011 0.370817
v 0.687188 -0.123084 0.348774
v 0.712813 -0.123084 0.348774
v 0.712813 -0.12048 0.374266
v 0.687188 -0.12048 0.374266
v 0.690625 -0.108916 0.352165
v 0.709375 -0.108916 0.352165
v 0.709375 -0.107011 0.370817
v 0.690625 -0.107011 0.370817
v 0.655938 -0.123084 0.348774
v 0.681563 -0.123084 0.348774
v 0.681563 -0.12048 0.374266
v 0.655938 -0.12048 0.374266
v 0.659375 -0.108916 0.352165
v 0.678125 -0.108916 0.352165
v 0.678125 -0.107011 0.370817
v 0.659375 -0.107011 0.370817
v 0.624688 -0.123084 0.348774
v 0.650313 -0.123084 0.348774
v 0.650313 -0.12048 0.374266
v 0.624688 -0.12048 0.374266
v 0.628125 -0.108916 0.352165
v 0.646875 -0.108916 0.352165
v 0.646875 -0.107011 0.370817
v 0.628125 -0.107011 0.370817
v 0.593437 -0.123084 0.348774
v 0.619062 -0.123084 0.348774
v 0.619062 -0.12048 0.374266
v 0.593437 -0.12048 0.374266
v 0.596875 -0.108916 0.352165
v 0.615625 -0.108916 0.352165
v 0.615625 -0.107011 0.370817
v 0.596875 -0.107011 0.370817
v 0.562187 -0.123084 0.348774
v 0.587812 -0.123084 0.348774
v 0.587812 -0.12048 0.374266
v 0.562187 -0.12048 0.374266
v 0.565625 -0.108916 0.352165
v 0.584375 -0.108916 0.352165
v 0.584375 -0.107011 0.370817
v 0.565625 -0.107011 0.370817
v 0.530937 -0.123084 0.348774
v 0.556562 -0.123084 0.348774
v 0.556562 -0.12048 0.374266
v 0.530937 -0.12048 0.374266
v 0.534375 -0.108916 0.352165
v 0.553125 -0.108916 0.352165
v 0.553125 -0.107011 0.370817
v 0.534375 -0.107011 0.370817
v 0.460625 -0.123084 0.348774
v 0.525312 -0.123084 0.348774
v 0.525312 -0.12048 0.374266
v 0.460625 -0.12048 0.374266
v 0.464062 -0.108916 0.352165
v 0.521875 -0.108916 0.352165
v 0.521875 -0.107011 0.370817
v 0.464062 -0.107011 0.370817
v 0.32 -0.123084 0.348774
v 0.345625 -0.123084 0.348774
v 0.345625 -0.12048 0.374266
v 0.32 -0.12048 0.374266
v 0.323437 -0.108916 0.352165
v 0.342187 -0.108916 0.352165
v 0.342187 -0.107011 0.370817
v 0.323437 -0.107011 0.370817
v 0.28875 -0.123084 0.348774
v 0.314375 -0.123084 0.348774
v 0.314375 -0.12048 0.374266
v 0.28875 -0.12048 0.374266
v 0.292187 -0.108916 0.352165
v 0.310938 -0.108916 0.352165
v 0.310938 -0.107011 0.370817
v 0.292187 -0.107011 0.370817
v 0.2575 -0.123084 0.348774
v 0.283125 -0.123084 0.348774
v 0.283125 -0.12048 0.374266
v 0.2575 -0.12048 0.374266
v 0.260937 -0.108916 0.352165
v 0.279688 -0.108916 0.352165
v 0.279688 -0.107011 0.370817
v 0.260937 -0.107011 0.370817
v 0.859063 -0.126259 0.317686
v 0.92375 -0.126259 0.317686
v 0.92375 -0.123655 0.343178
v 0.859063 -0.123655 0.343178
v 0.8625 -0.112091 0.321076
v 0.920313 -0.112091 0.321076
v 0.920313 -0.110186 0.339729
v 0.8625 -0.110186 0.339729
v 0.827813 -0.126259 0.317686
v 0.853438 -0.126259 0.317686
v 0.853438 -0.123655 0.343178
v 0.827813 -0.123655 0.343178
v 0.83125 -0.112091 0.321076
v 0.85 -0.112091 0.321076
v 0.85 -0.110186 0.339729
v 0.83125 -0.110186 0.339729
v 0.796563 -0.126259 0.317686
v 0.822188 -0.126259 0.317686
v 0.822188 -0.123655 0.343178
v 0.796563 -0.123655 0.343178
v 0.8 -0.112091 0.321076
v 0.81875 -0.112091 0.321076
v 0.81875 -0.110186 0.339729
v 0.8 -0.110186 0.339729
v 0.765313 -0.126259 0.317686
v 0.790938 -0.126259 0.317686
v 0.790938 -0.123655 0.343178
v 0.765313 -0.123655 0.343178
v 0.76875 -0.112091 0.321076
v 0.7875 -0.112091 0.321076
v 0.7875 -0.110186 0.339729
v 0.76875 -0.110186 0.339729
v 0.734063 -0.126259 0.317686
v 0.759688 -0.126259 0.317686
v 0.759688 -0.123655 0.343178
v 0.734063 -0.123655 0.343178
v 0.7375 -0.112091 0.321076
v 0.75625 -0.112091 0.321076
v 0.75625 -0.110186 0.339729
v 0.7375 -0.110186 0.339729
v 0.702813 -0.126259 0.317686
v 0.728438 -0.126259 0.317686
v 0.728438 -0.123655 0.343178
v 0.702813 -0.123655 0.343178
v 0.70625 -0.112091 0.321076
v 0.725 -0.112091 0.321076
v 0.725 -0.110186 0.339729
v 0.70625 -0.110186 0.339729
v 0.671563 -0.126259 0.317686
v 0.697188 -0.126259 0.317686
v 0.697188 -0.123655 0.343178
v 0.671563 -0.123655 0.343178
v 0.675 -0.112091 0.321076
v 0.69375 -0.112091 0.321076
v 0.69375 -0.110186 0.339729
v 0.675 -0.110186 0.339729
v 0.640313 -0.126259 0.317686
v 0.665938 -0.126259 0.317686
v 0.665938 -0.123655 0.343178
v 0.640313 -0.123655 0.343178
v 0.64375 -0.112091 0.321076
v 0.6625 -0.112091 0.321076
v 0.6625 -0.110186 0.339729
v 0.64375 -0.110186 0.339729
v 0.609063 -0.126259 0.317686
v 0.634687 -0.126259 0.317686
v 0.634687 -0.123655 0.343178
v 0.609063 -0.123655 0.343178
v 0.6125 -0.112091 0.321076
v 0.63125 -0.112091 0.321076
v 0.63125 -0.110186 0.339729
v 0.6125 -0.110186 0.339729
v 0.577812 -0.126259 0.317686
v 0.603437 -0.126259 0.317686
v 0.603437 -0.123655 0.343178
v 0.577812 -0.123655 0.343178
v 0.58125 -0.112091 0.321076
v 0.6 -0.112091 0.321076
v 0.6 -0.110186 0.339729
v 0.58125 -0.110186 0.339729
v 0.546562 -0.126259 0.317686
v 0.572187 -0.126259 0.317686
v 0.572187 -0.123655 0.343178
v 0.546562 -0.123655 0.343178
v 0.55 -0.112091 0.321076
v 0.56875 -0.112091 0.321076
v 0.56875 -0.110186 0.339729
v 0.55 -0.110186 0.339729
v 0.460625 -0.126259 0.317686
v 0.540937 -0.126259 0.317686
v 0.540937 -0.123655 0.343178
v 0.460625 -0.123655 0.343178
v 0.464062 -0.112091 0.321076
v 0.5375 -0.112091 0.321076
v 0.5375 -0.110186 0.339729
v 0.464062 -0.110186 0.339729
v 0.390313 -0.126259 0.317686
v 0.415938 -0.126259 0.317686
v 0.415938 -0.123655 0.343178
v 0.390313 -0.123655 0.343178
v 0.39375 -0.112091 0.321076
v 0.4125 -0.112091 0.321076
v 0.4125 -0.110186 0.339729
v 0.39375 -0.110186 0.339729
v 0.32 -0.126259 0.317686
v 0.345625 -0.126259 0.317686
v 0.345625 -0.123655 0.343178
v 0.32 -0.123655 0.343178
v 0.323437 -0.112091 0.321076
v 0.342187 -0.112091 0.321076
v 0.342187 -0.110186 0.339729
v 0.323437 -0.110186 0.339729
v 0.28875 -0.126259 0.317686
v 0.314375 -0.126259 0.317686
v 0.314375 -0.123655 0.343178
v 0.28875 -0.123655 0.343178
v 0.292187 -0.112091 0.321076
v 0.310938 -0.112091 0.321076
v 0.310938 -0.110186 0.339729
v 0.292187 -0.110186 0.339729
v 0.2575 -0.126259 0.317686
v 0.283125 -0.126259 0.317686
v 0.283125 -0.123655 0.343178
v 0.2575 -0.123655 0.343178
v 0.260937 -0.112091 0.321076
v 0.279688 -0.112091 0.321076
v 0.279688 -0.110186 0.339729
v 0.260937 -0.110186 0.339729
v 0.890313 -0.129434 0.286597
v 0.92375 -0.129434 0.286597
v 0.92375 -0.12683 0.31209
v 0.890313 -0.12683 0.31209
v 0.89375 -0.115266 0.289988
v 0.920313 -0.115266 0.289988
v 0.920313 -0.113361 0.308641
v 0.89375 -0.113361 0.308641
v 0.85125 -0.129434 0.286597
v 0.884688 -0.129434 0.286597
v 0.884688 -0.12683 0.31209
v 0.85125 -0.12683 0.31209
v 0.854688 -0.115266 0.289988
v 0.88125 -0.115266 0.289988
v 0.88125 -0.113361 0.308641
v 0.854688 -0.113361 0.308641
v 0.812188 -0.129434 0.286597
v 0.845625 -0.129434 0.286597
v 0.845625 -0.12683 0.31209
v 0.812188 -0.12683 0.31209
v 0.815625 -0.115266 0.289988
v 0.842188 -0.115266 0.289988
v 0.842188 -0.113361 0.308641
v 0.815625 -0.113361 0.308641
v 0.616875 -0.129434 0.286597
v 0.806563 -0.129434 0.286597
v 0.806563 -0.12683 0.31209
v 0.616875 -0.12683 0.31209
v 0.620313 -0.115266 0.289988
v 0.803125 -0.115266 0.289988
v 0.803125 -0.113361 0.308641
v 0.620313 -0.113361 0.308641
v 0.577812 -0.129434 0.286597
v 0.61125 -0.129434 0.286597
v 0.61125 -0.12683 0.31209
v 0.577812 -0.12683 0.31209
v 0.58125 -0.115266 0.289988
v 0.607812 -0.115266 0.289988
v 0.607812 -0.113361 0.308641
v 0.58125 -0.113361 0.308641
v 0.53875 -0.129434 0.286597
v 0.572187 -0.129434 0.286597
v 0.572187 -0.12683 0.31209
v 0.53875 -0.12683 0.31209
v 0.542188 -0.115266 0.289988
v 0.56875 -0.115266 0.289988
v 0.56875 -0.113361 0.308641
v 0.542188 -0.113361 0.308641
v 0.499688 -0.129434 0.286597
v 0.533125 -0.129434 0.286597
v 0.533125 -0.12683 0.31209
v 0.499688 -0.12683 0.31209
v 0.503125 -0.115266 0.289988
v 0.529687 -0.115266 0.289988
v 0.529687 -0.113361 0.308641
v 0.503125 -0.113361 0.308641
v 0.460625 -0.129434 0.286597
v 0.494063 -0.129434 0.286597
v 0.494063 -0.12683 0.31209
v 0.460625 -0.12683 0.31209
v 0.464062 -0.115266 0.289988
v 0.490625 -0.115266 0.289988
v 0.490625 -0.113361 0.308641
v 0.464062 -0.113361 0.308641
v 0.421563 -0.129434 0.286597
v 0.447188 -0.129434 0.286597
v 0.447188 -0.12683 0.31209
v 0.421563 -0.12683 0.31209
v 0.425 -0.115266 0.289988
v 0.44375 -0.115266 0.289988
v 0.44375 -0.113361 0.308641
v 0.425 -0.113361 0.308641
v 0.390313 -0.129434 0.286597
v 0.415938 -0.129434 0.286597
v 0.415938 -0.12683 0.31209
v 0.390313 -0.12683 0.31209
v 0.39375 -0.115266 0.289988
v 0.4125 -0.115266 0.289988
v 0.4125 -0.113361 0.308641
v 0.39375 -0.113361 0.308641
v 0.359063 -0.129434 0.286597
v 0.384688 -0.129434 0.286597
v 0.384688 -0.12683 0.31209
v 0.359063 -0.12683 0.31209
v 0.3625 -0.115266 0.289988
v 0.38125 -0.115266 0.289988
v 0.38125 -0.113361 0.308641
v 0.3625 -0.113361 0.308641
v 0.28875 -0.129434 0.286597
v 0.345625 -0.129434 0.286597
v 0.345625 -0.12683 0.31209
v 0.28875 -0.12683 0.31209
v 0.292187 -0.115266 0.289988
v 0.342187 -0.115266 0.289988
v 0.342187 -0.113361 0.308641
v 0.292187 -0.113361 0.308641
v 0.2575 -0.129434 0.286597
v 0.283125 -0.129434 0.286597
v 0.283125 -0.12683 0.31209
v 0.2575 -0.12683 0.31209
v 0.260937 -0.115266 0.289988
v 0.279688 -0.115266 0.289988
v 0.279688 -0.113361 0.308641
v 0.260937 -0.113361 0.308641
v 0.22625 -0.123084 0.348774
v 0.251875 -0.123084 0.348774
v 0.251875 -0.117305 0.405355
v 0.22625 -0.117305 0.405355
v 0.229687 -0.108916 0.352165
v 0.248438 -0.108916 0.352165
v 0.248438 -0.103836 0.401906
v 0.229687 -0.103836 0.401906
v 0.22625 -0.129434 0.286597
v 0.251875 -0.129434 0.286597
v 0.251875 -0.123655 0.343178
v 0.22625 -0.123655 0.343178
v 0.229687 -0.115266 0.289988
v 0.248438 -0.115266 0.289988
v 0.248438 -0.110186 0.339729
v 0.229687 -0.110186 0.339729
vt 0.83584 0.433691
vt 0.83584 0.452148
vt 0.817383 0.452148
vt 0.817383 0.433691
vt 0.868521 0.157227
vt 0.850063 0.157227
vt 0.84668 0.142886
vt 0.871904 0.142886
vt 0.633221 0.234673
vt 0.651589 0.232853
vt 0.654985 0.246536
vt 0.629883 0.249023
vt 0.737661 0.114258
vt 0.719204 0.114258
vt 0.71582 0.100571
vt 0.741045 0.100571
vt 0.985573 0.368164
vt 0.967206 0.366344
vt 0.963867 0.351993
vt 0.988969 0.35448
vt 0.86123 0.433691
vt 0.86123 0.452148
vt 0.842773 0.452148
vt 0.842773 0.433691
vt 0.899771 0.157227
vt 0.881313 0.157227
vt 0.87793 0.142886
vt 0.903154 0.142886
vt 0.101971 0.304985
vt 0.120339 0.303165
vt 0.123735 0.316849
vt 0.098633 0.319336
vt 0.768911 0.114258
vt 0.750454 0.114258
vt 0.74707 0.100571
vt 0.772295 0.100571
vt 0.151589 0.319336
vt 0.133221 0.317516
vt 0.129883 0.303165
vt 0.154985 0.305652
vt 0.962793 0.433691
vt 0.962793 0.452148
vt 0.944336 0.452148
vt 0.944336 0.433691
vt 0.776724 0.202148
vt 0.758267 0.202148
vt 0.754883 0.187808
vt 0.780107 0.187808
vt 0.164471 0.304985
vt 0.182839 0.303165
vt 0.186235 0.316849
vt 0.161133 0.319336
vt 0.800161 0.114258
vt 0.781704 0.114258
vt 0.77832 0.100571
vt 0.803545 0.100571
vt 0.026589 0.342773
vt 0.008221 0.340954
vt 0.004883 0.326603
vt 0.029985 0.32909
vt 0.265527 0.349707
vt 0.265527 0.368164
vt 0.24707 0.368164
vt 0.24707 0.349707
vt 0.347036 0.114258
vt 0.328579 0.114258
vt 0.325195 0.099918
vt 0.35042 0.099918
vt 0.508221 0.328423
vt 0.526589 0.326603
vt 0.529985 0.340286
vt 0.504883 0.342773
vt 0.831411 0.114258
vt 0.812954 0.114258
vt 0.80957 0.100571
vt 0.834795 0.100571
vt 0.276589 0.295898
vt 0.258221 0.294079
vt 0.254883 0.279728
vt 0.279985 0.282215
vt 0.937402 0.433691
vt 0.937402 0.452148
vt 0.918945 0.452148
vt 0.918945 0.433691
vt 0.378286 0.114258
vt 0.359829 0.114258
vt 0.356445 0.099918
vt 0.38167 0.099918
vt 0.539471 0.328423
vt 0.557839 0.326603
vt 0.561235 0.340286
vt 0.536133 0.342773
vt 0.706411 0.114258
vt 0.687954 0.114258
vt 0.68457 0.100571
vt 0.709795 0.100571
vt 0.307839 0.295898
vt 0.289471 0.294079
vt 0.286133 0.279728
vt 0.311235 0.282215
vt 0.290918 0.349707
vt 0.290918 0.368164
vt 0.272461 0.368164
vt 0.272461 0.349707
vt 0.931021 0.157227
vt 0.912563 0.157227
vt 0.90918 0.142886
vt 0.934404 0.142886
vt 0.320721 0.328423
vt 0.339089 0.326603
vt 0.342485 0.340286
vt 0.317383 0.342773
vt 0.681021 0.092773
vt 0.662563 0.092773
vt 0.65918 0.079087
vt 0.684404 0.079087
vt 0.339089 0.295898
vt 0.320721 0.294079
vt 0.317383 0.279728
vt 0.342485 0.282215
vt 0.886621 0.433691
vt 0.886621 0.452148
vt 0.868164 0.452148
vt 0.868164 0.433691
vt 0.962271 0.157227
vt 0.943813 0.157227
vt 0.94043 0.142886
vt 0.965654 0.142886
vt 0.914471 0.328423
vt 0.932839 0.326603
vt 0.936235 0.340286
vt 0.911133 0.342773
vt 0.057974 0.092773
vt 0.039517 0.092773
vt 0.036133 0.079087
vt 0.061357 0.079087
vt 0.370339 0.295898
vt 0.351971 0.294079
vt 0.348633 0.279728
vt 0.373735 0.282215
vt 0.533105 0.375098
vt 0.533105 0.393555
vt 0.514648 0.393555
vt 0.514648 0.375098
vt 0.370474 0.135742
vt 0.352017 0.135742
vt 0.348633 0.121402
vt 0.373857 0.121402
vt 0.258221 0.328423
vt 0.276589 0.326603
vt 0.279985 0.340286
vt 0.254883 0.342773
vt 0.120474 0.092773
vt 0.102017 0.092773
vt 0.098633 0.079087
vt 0.123857 0.079087
vt 0.401589 0.295898
vt 0.383221 0.294079
vt 0.379883 0.279728
vt 0.404985 0.282215
vt 0.124902 0.349707
vt 0.124902 0.368164
vt 0.106445 0.368164
vt 0.106445 0.349707
vt 0.526724 0.135742
vt 0.508267 0.135742
vt 0.504883 0.121402
vt 0.530107 0.121402
vt 0.945721 0.328423
vt 0.964089 0.326603
vt 0.967485 0.340286
vt 0.942383 0.342773
vt 0.745474 0.071289
vt 0.727017 0.071289
vt 0.723633 0.057602
vt 0.748857 0.057602
vt 0.214089 0.319336
vt 0.195721 0.317516
vt 0.192383 0.303165
vt 0.217485 0.305652
vt 0.964746 0.375098
vt 0.964746 0.393555
vt 0.946289 0.393555
vt 0.946289 0.375098
vt 0.401724 0.135742
vt 0.383267 0.135742
vt 0.379883 0.121402
vt 0.405107 0.121402
vt 0.570721 0.328423
vt 0.589089 0.326603
vt 0.592485 0.340286
vt 0.567383 0.342773
vt 0.776724 0.071289
vt 0.758267 0.071289
vt 0.754883 0.057602
vt 0.780107 0.057602
vt 0.620339 0.342773
vt 0.601971 0.340954
vt 0.598633 0.326603
vt 0.623735 0.32909
vt 0.150293 0.349707
vt 0.150293 0.368164
vt 0.131836 0.368164
vt 0.131836 0.349707
vt 0.557974 0.135742
vt 0.539517 0.135742
vt 0.536133 0.121402
vt 0.561357 0.121402
vt 0.351971 0.328423
vt 0.370339 0.326603
vt 0.373735 0.340286
vt 0.348633 0.342773
vt 0.807974 0.071289
vt 0.789517 0.071289
vt 0.786133 0.057602
vt 0.811357 0.057602
vt 0.307839 0.342773
vt 0.289471 0.340954
vt 0.286133 0.326603
vt 0.311235 0.32909
vt 0.558496 0.375098
vt 0.558496 0.393555
vt 0.540039 0.393555
vt 0.540039 0.375098
vt 0.432974 0.135742
vt 0.414517 0.135742
vt 0.411133 0.121402
vt 0.436357 0.121402
vt 0.039471 0.328423
vt 0.057839 0.326603
vt 0.061235 0.340286
vt 0.036133 0.342773
vt 0.589224 0.071289
vt 0.570767 0.071289
vt 0.567383 0.057602
vt 0.592607 0.057602
vt 0.432839 0.295898
vt 0.414471 0.294079
vt 0.411133 0.279728
vt 0.436235 0.282215
vt 0.912012 0.433691
vt 0.912012 0.452148
vt 0.893555 0.452148
vt 0.893555 0.433691
vt 0.026724 0.135742
vt 0.008267 0.135742
vt 0.004883 0.121402
vt 0.030107 0.121402
vt 0.070721 0.328423
vt 0.089089 0.326603
vt 0.092485 0.340286
vt 0.067383 0.342773
vt 0.089224 0.092773
vt 0.070767 0.092773
vt 0.067383 0.079087
vt 0.092607 0.079087
vt 0.026589 0.319336
vt 0.008221 0.317516
vt 0.004883 0.303165
vt 0.029985 0.305652
vt 0.316309 0.349707
vt 0.316309 0.368164
vt 0.297852 0.368164
vt 0.297852 0.349707
vt 0.409536 0.114258
vt 0.391079 0.114258
vt 0.387695 0.099918
vt 0.41292 0.099918
vt 0.935956 0.353813
vt 0.954323 0.351993
vt 0.957719 0.365677
vt 0.932617 0.368164
vt 0.712271 0.092773
vt 0.693813 0.092773
vt 0.69043 0.079087
vt 0.715654 0.079087
vt 0.401589 0.342773
vt 0.383221 0.340954
vt 0.379883 0.326603
vt 0.404985 0.32909
vt 0.341699 0.349707
vt 0.341699 0.368164
vt 0.323242 0.368164
vt 0.323242 0.349707
vt 0.440786 0.114258
vt 0.422329 0.114258
vt 0.418945 0.099918
vt 0.44417 0.099918
vt 0.101971 0.328423
vt 0.120339 0.326603
vt 0.123735 0.340286
vt 0.098633 0.342773
vt 0.862661 0.114258
vt 0.844204 0.114258
vt 0.84082 0.100571
vt 0.866045 0.100571
vt 0.651589 0.342773
vt 0.633221 0.340954
vt 0.629883 0.326603
vt 0.654985 0.32909
vt 0.36709 0.349707
vt 0.36709 0.368164
vt 0.348633 0.368164
vt 0.348633 0.349707
vt 0.472036 0.114258
vt 0.453579 0.114258
vt 0.450195 0.099918
vt 0.47542 0.099918
vt 0.226971 0.304985
vt 0.245339 0.303165
vt 0.248735 0.316849
vt 0.223633 0.319336
vt 0.893911 0.114258
vt 0.875454 0.114258
vt 0.87207 0.100571
vt 0.897295 0.100571
vt 0.682839 0.342773
vt 0.664471 0.340954
vt 0.661133 0.326603
vt 0.686235 0.32909
vt 0.279199 0.393555
vt 0.260742 0.393555
vt 0.260742 0.375098
vt 0.279199 0.375098
vt 0.807974 0.202148
vt 0.789517 0.202148
vt 0.786133 0.187808
vt 0.811357 0.187808
vt 0.726971 0.25811
vt 0.745339 0.25629
vt 0.748735 0.269974
vt 0.723633 0.272461
vt 0.878286 0.049805
vt 0.859829 0.049805
vt 0.856445 0.036118
vt 0.88167 0.036118
vt 0.651589 0.225586
vt 0.633221 0.223766
vt 0.629883 0.209415
vt 0.654985 0.211902
vt 0.30459 0.393555
vt 0.286133 0.393555
vt 0.286133 0.375098
vt 0.30459 0.375098
vt 0.839224 0.202148
vt 0.820767 0.202148
vt 0.817383 0.187808
vt 0.842607 0.187808
vt 0.945721 0.211235
vt 0.964089 0.209415
vt 0.967485 0.223099
vt 0.942383 0.225586
vt 0.909536 0.049805
vt 0.891079 0.049805
vt 0.887695 0.036118
vt 0.91292 0.036118
vt 0.245339 0.272461
vt 0.226971 0.270641
vt 0.223633 0.25629
vt 0.248735 0.258777
vt 0.32998 0.393555
vt 0.311523 0.393555
vt 0.311523 0.375098
vt 0.32998 0.375098
vt 0.870474 0.202148
vt 0.852017 0.202148
vt 0.848633 0.187808
vt 0.873857 0.187808
vt 0.226971 0.187798
vt 0.245339 0.185978
vt 0.248735 0.199661
vt 0.223633 0.202148
vt 0.940786 0.049805
vt 0.922329 0.049805
vt 0.918945 0.036118
vt 0.94417 0.036118
vt 0.464089 0.202148
vt 0.445721 0.200329
vt 0.442383 0.185978
vt 0.467485 0.188465
vt 0.583887 0.393555
vt 0.56543 0.393555
vt 0.56543 0.375098
vt 0.583887 0.375098
vt 0.057974 0.135742
vt 0.039517 0.135742
vt 0.036133 0.121402
vt 0.061357 0.121402
vt 0.851971 0.234673
vt 0.870339 0.232853
vt 0.873735 0.246536
vt 0.848633 0.249023
vt 0.690786 0.049805
vt 0.672329 0.049805
vt 0.668945 0.036118
vt 0.69417 0.036118
vt 0.682839 0.225586
vt 0.664471 0.223766
vt 0.661133 0.209415
vt 0.686235 0.211902
vt 0.671777 0.349707
vt 0.671777 0.368164
vt 0.65332 0.368164
vt 0.65332 0.349707
vt 0.901724 0.202148
vt 0.883267 0.202148
vt 0.879883 0.187808
vt 0.905107 0.187808
vt 0.258221 0.25811
vt 0.276589 0.25629
vt 0.279985 0.269974
vt 0.254883 0.272461
vt 0.722036 0.049805
vt 0.703579 0.049805
vt 0.700195 0.036118
vt 0.72542 0.036118
vt 0.870339 0.225586
vt 0.851971 0.223766
vt 0.848633 0.209415
vt 0.873735 0.211902
vt 0.697168 0.349707
vt 0.697168 0.368164
vt 0.678711 0.368164
vt 0.678711 0.349707
vt 0.682974 0.202148
vt 0.664517 0.202148
vt 0.661133 0.187808
vt 0.686357 0.187808
vt 0.883221 0.234673
vt 0.901589 0.232853
vt 0.904985 0.246536
vt 0.879883 0.249023
vt 0.847036 0.049805
vt 0.828579 0.049805
vt 0.825195 0.036118
vt 0.85042 0.036118
vt 0.714089 0.225586
vt 0.695721 0.223766
vt 0.692383 0.209415
vt 0.717485 0.211902
vt 0.722559 0.349707
vt 0.722559 0.368164
vt 0.704102 0.368164
vt 0.704102 0.349707
vt 0.932974 0.202148
vt 0.914517 0.202148
vt 0.911133 0.187808
vt 0.936357 0.187808
vt 0.320721 0.211235
vt 0.339089 0.209415
vt 0.342485 0.223099
vt 0.317383 0.225586
vt 0.972036 0.049805
vt 0.953579 0.049805
vt 0.950195 0.036118
vt 0.97542 0.036118
vt 0.745339 0.225586
vt 0.726971 0.223766
vt 0.723633 0.209415
vt 0.748735 0.211902
vt 0.837793 0.375098
vt 0.837793 0.393555
vt 0.819336 0.393555
vt 0.819336 0.375098
vt 0.964224 0.202148
vt 0.945767 0.202148
vt 0.942383 0.187808
vt 0.967607 0.187808
vt 0.758221 0.25811
vt 0.776589 0.25629
vt 0.779985 0.269974
vt 0.754883 0.272461
vt 0.026724 0.02832
vt 0.008267 0.02832
vt 0.004883 0.014634
vt 0.030107 0.014634
vt 0.026589 0.202148
vt 0.008221 0.200329
vt 0.004883 0.185978
vt 0.029985 0.188465
vt 0.609277 0.393555
vt 0.59082 0.393555
vt 0.59082 0.375098
vt 0.609277 0.375098
vt 0.089224 0.135742
vt 0.070767 0.135742
vt 0.067383 0.121402
vt 0.092607 0.121402
vt 0.914471 0.234673
vt 0.932839 0.232853
vt 0.936235 0.246536
vt 0.911133 0.249023
vt 0.057974 0.02832
vt 0.039517 0.02832
vt 0.036133 0.014634
vt 0.061357 0.014634
vt 0.682839 0.272461
vt 0.664471 0.270641
vt 0.661133 0.25629
vt 0.686235 0.258777
vt 0.863184 0.375098
vt 0.863184 0.393555
vt 0.844727 0.393555
vt 0.844727 0.375098
vt 0.651724 0.178711
vt 0.633267 0.178711
vt 0.629883 0.164371
vt 0.655107 0.164371
vt 0.289471 0.25811
vt 0.307839 0.25629
vt 0.311235 0.269974
vt 0.286133 0.272461
vt 0.784536 0.049805
vt 0.766079 0.049805
vt 0.762695 0.036118
vt 0.78792 0.036118
vt 0.276589 0.202148
vt 0.258221 0.200329
vt 0.254883 0.185978
vt 0.279985 0.188465
vt 0.074121 0.349707
vt 0.074121 0.368164
vt 0.055664 0.368164
vt 0.055664 0.349707
vt 0.776724 0.178711
vt 0.758267 0.178711
vt 0.754883 0.164371
vt 0.780107 0.164371
vt 0.258221 0.211235
vt 0.276589 0.209415
vt 0.279985 0.223099
vt 0.254883 0.225586
vt 0.815786 0.049805
vt 0.797329 0.049805
vt 0.793945 0.036118
vt 0.81917 0.036118
vt 0.307839 0.225586
vt 0.289471 0.223766
vt 0.286133 0.209415
vt 0.311235 0.211902
vt 0.888574 0.375098
vt 0.888574 0.393555
vt 0.870117 0.393555
vt 0.870117 0.375098
vt 0.682974 0.178711
vt 0.664517 0.178711
vt 0.661133 0.164371
vt 0.686357 0.164371
vt 0.945721 0.234673
vt 0.964089 0.232853
vt 0.967485 0.246536
vt 0.942383 0.249023
vt 0.276724 0.02832
vt 0.258267 0.02832
vt 0.254883 0.014634
vt 0.280107 0.014634
vt 0.776589 0.225586
vt 0.758221 0.223766
vt 0.754883 0.209415
vt 0.779985 0.211902
vt 0.099512 0.349707
vt 0.099512 0.368164
vt 0.081055 0.368164
vt 0.081055 0.349707
vt 0.807974 0.178711
vt 0.789517 0.178711
vt 0.786133 0.164371
vt 0.811357 0.164371
vt 0.008221 0.211235
vt 0.026589 0.209415
vt 0.029985 0.223099
vt 0.004883 0.225586
vt 0.307974 0.02832
vt 0.289517 0.02832
vt 0.286133 0.014634
vt 0.311357 0.014634
vt 0.057839 0.225586
vt 0.039471 0.223766
vt 0.036133 0.209415
vt 0.061235 0.211902
vt 0.054102 0.393555
vt 0.004883 0.393555
vt 0.004883 0.375098
vt 0.054102 0.375098
vt 0.557485 0.202148
vt 0.508267 0.202148
vt 0.504883 0.187808
vt 0.560869 0.187808
vt 0.289471 0.187798
vt 0.307839 0.185978
vt 0.311235 0.199661
vt 0.286133 0.202148
vt 0.659048 0.049805
vt 0.609829 0.049805
vt 0.606445 0.036118
vt 0.662432 0.036118
vt 0.307839 0.249023
vt 0.289471 0.247204
vt 0.286133 0.232853
vt 0.311235 0.23534
vt 0.747949 0.349707
vt 0.747949 0.368164
vt 0.729492 0.368164
vt 0.729492 0.349707
vt 0.026724 0.178711
vt 0.008267 0.178711
vt 0.004883 0.164371
vt 0.030107 0.164371
vt 0.789471 0.25811
vt 0.807839 0.25629
vt 0.811235 0.269974
vt 0.786133 0.272461
vt 0.089224 0.02832
vt 0.070767 0.02832
vt 0.067383 0.014634
vt 0.092607 0.014634
vt 0.089089 0.225586
vt 0.070721 0.223766
vt 0.067383 0.209415
vt 0.092485 0.211902
vt 0.77334 0.349707
vt 0.77334 0.368164
vt 0.754883 0.368164
vt 0.754883 0.349707
vt 0.057974 0.178711
vt 0.039517 0.178711
vt 0.036133 0.164371
vt 0.061357 0.164371
vt 0.883221 0.211235
vt 0.901589 0.209415
vt 0.904985 0.223099
vt 0.879883 0.225586
vt 0.120474 0.02832
vt 0.102017 0.02832
vt 0.098633 0.014634
vt 0.123857 0.014634
vt 0.120339 0.225586
vt 0.101971 0.223766
vt 0.098633 0.209415
vt 0.123735 0.211902
vt 0.79873 0.349707
vt 0.79873 0.368164
vt 0.780273 0.368164
vt 0.780273 0.349707
vt 0.089224 0.178711
vt 0.070767 0.178711
vt 0.067383 0.164371
vt 0.092607 0.164371
vt 0.320721 0.25811
vt 0.339089 0.25629
vt 0.342485 0.269974
vt 0.317383 0.272461
vt 0.151724 0.02832
vt 0.133267 0.02832
vt 0.129883 0.014634
vt 0.155107 0.014634
vt 0.370339 0.272461
vt 0.351971 0.270641
vt 0.348633 0.25629
vt 0.373735 0.258777
vt 0.634668 0.393555
vt 0.616211 0.393555
vt 0.616211 0.375098
vt 0.634668 0.375098
vt 0.120474 0.135742
vt 0.102017 0.135742
vt 0.098633 0.121402
vt 0.123857 0.121402
vt 0.383221 0.25811
vt 0.401589 0.25629
vt 0.404985 0.269974
vt 0.379883 0.272461
vt 0.753286 0.049805
vt 0.734829 0.049805
vt 0.731445 0.036118
vt 0.75667 0.036118
vt 0.151589 0.225586
vt 0.133221 0.223766
vt 0.129883 0.209415
vt 0.154985 0.211902
vt 0.355371 0.393555
vt 0.336914 0.393555
vt 0.336914 0.375098
vt 0.355371 0.375098
vt 0.120474 0.178711
vt 0.102017 0.178711
vt 0.098633 0.164371
vt 0.123857 0.164371
vt 0.383221 0.187798
vt 0.401589 0.185978
vt 0.404985 0.199661
vt 0.379883 0.202148
vt 0.182974 0.02832
vt 0.164517 0.02832
vt 0.161133 0.014634
vt 0.186357 0.014634
vt 0.839089 0.272461
vt 0.820721 0.270641
vt 0.817383 0.25629
vt 0.842485 0.258777
vt 0.380762 0.393555
vt 0.362305 0.393555
vt 0.362305 0.375098
vt 0.380762 0.375098
vt 0.151724 0.178711
vt 0.133267 0.178711
vt 0.129883 0.164371
vt 0.155107 0.164371
vt 0.789471 0.211235
vt 0.807839 0.209415
vt 0.811235 0.223099
vt 0.786133 0.225586
vt 0.214224 0.02832
vt 0.195767 0.02832
vt 0.192383 0.014634
vt 0.217607 0.014634
vt 0.620339 0.225586
vt 0.601971 0.223766
vt 0.598633 0.209415
vt 0.623735 0.211902
vt 0.406152 0.393555
vt 0.387695 0.393555
vt 0.387695 0.375098
vt 0.406152 0.375098
vt 0.182974 0.178711
vt 0.164517 0.178711
vt 0.161133 0.164371
vt 0.186357 0.164371
vt 0.414471 0.187798
vt 0.432839 0.185978
vt 0.436235 0.199661
vt 0.411133 0.202148
vt 0.245474 0.02832
vt 0.227017 0.02832
vt 0.223633 0.014634
vt 0.248857 0.014634
vt 0.339089 0.202148
vt 0.320721 0.200329
vt 0.317383 0.185978
vt 0.342485 0.188465
vt 0.398096 0.418945
vt 0.364258 0.418945
vt 0.364258 0.400488
vt 0.398096 0.400488
vt 0.651479 0.202148
vt 0.617642 0.202148
vt 0.614258 0.187808
vt 0.654863 0.187808
vt 0.476971 0.234673
vt 0.495339 0.232853
vt 0.498735 0.246536
vt 0.473633 0.249023
vt 0.571401 0.092773
vt 0.537563 0.092773
vt 0.53418 0.079087
vt 0.574785 0.079087
vt 0.276589 0.319336
vt 0.258221 0.317516
vt 0.254883 0.303165
vt 0.279985 0.305652
vt 0.087793 0.418945
vt 0.069336 0.418945
vt 0.069336 0.400488
vt 0.087793 0.400488
vt 0.214224 0.178711
vt 0.195767 0.178711
vt 0.192383 0.164371
vt 0.217607 0.164371
vt 0.289471 0.304985
vt 0.307839 0.303165
vt 0.311235 0.316849
vt 0.286133 0.319336
vt 0.743521 0.092773
vt 0.725063 0.092773
vt 0.72168 0.079087
vt 0.746904 0.079087
vt 0.526589 0.225586
vt 0.508221 0.223766
vt 0.504883 0.209415
vt 0.529985 0.211902
vt 0.566309 0.418945
vt 0.547852 0.418945
vt 0.547852 0.400488
vt 0.566309 0.400488
vt 0.245474 0.178711
vt 0.227017 0.178711
vt 0.223633 0.164371
vt 0.248857 0.164371
vt 0.508221 0.234673
vt 0.526589 0.232853
vt 0.529985 0.246536
vt 0.504883 0.249023
vt 0.774771 0.092773
vt 0.756313 0.092773
vt 0.75293 0.079087
vt 0.778154 0.079087
vt 0.589089 0.319336
vt 0.570721 0.317516
vt 0.567383 0.303165
vt 0.592485 0.305652
vt 0.39248 0.349707
vt 0.39248 0.368164
vt 0.374023 0.368164
vt 0.374023 0.349707
vt 0.276724 0.178711
vt 0.258267 0.178711
vt 0.254883 0.164371
vt 0.280107 0.164371
vt 0.601971 0.304985
vt 0.620339 0.303165
vt 0.623735 0.316849
vt 0.598633 0.319336
vt 0.806021 0.092773
vt 0.787563 0.092773
vt 0.78418 0.079087
vt 0.809404 0.079087
vt 0.651589 0.319336
vt 0.633221 0.317516
vt 0.629883 0.303165
vt 0.654985 0.305652
vt 0.163965 0.418945
vt 0.145508 0.418945
vt 0.145508 0.400488
vt 0.163965 0.400488
vt 0.714224 0.202148
vt 0.695767 0.202148
vt 0.692383 0.187808
vt 0.717607 0.187808
vt 0.070721 0.281548
vt 0.089089 0.279728
vt 0.092485 0.293411
vt 0.067383 0.295898
vt 0.837271 0.092773
vt 0.818813 0.092773
vt 0.81543 0.079087
vt 0.840654 0.079087
vt 0.682839 0.319336
vt 0.664471 0.317516
vt 0.661133 0.303165
vt 0.686235 0.305652
vt 0.417871 0.349707
vt 0.417871 0.368164
vt 0.399414 0.368164
vt 0.399414 0.349707
vt 0.307974 0.178711
vt 0.289517 0.178711
vt 0.286133 0.164371
vt 0.311357 0.164371
vt 0.414471 0.328423
vt 0.432839 0.326603
vt 0.436235 0.340286
vt 0.411133 0.342773
vt 0.868521 0.092773
vt 0.850063 0.092773
vt 0.84668 0.079087
vt 0.871904 0.079087
vt 0.589089 0.225586
vt 0.570721 0.223766
vt 0.567383 0.209415
vt 0.592485 0.211902
vt 0.71084 0.375098
vt 0.71084 0.393555
vt 0.692383 0.393555
vt 0.692383 0.375098
vt 0.339224 0.178711
vt 0.320767 0.178711
vt 0.317383 0.164371
vt 0.342607 0.164371
vt 0.695721 0.304985
vt 0.714089 0.303165
vt 0.717485 0.316849
vt 0.692383 0.319336
vt 0.925161 0.114258
vt 0.906704 0.114258
vt 0.90332 0.100571
vt 0.928545 0.100571
vt 0.745339 0.319336
vt 0.726971 0.317516
vt 0.723633 0.303165
vt 0.748735 0.305652
vt 0.591699 0.418945
vt 0.573242 0.418945
vt 0.573242 0.400488
vt 0.591699 0.400488
vt 0.745474 0.202148
vt 0.727017 0.202148
vt 0.723633 0.187808
vt 0.748857 0.187808
vt 0.133221 0.234673
vt 0.151589 0.232853
vt 0.154985 0.246536
vt 0.129883 0.249023
vt 0.956411 0.114258
vt 0.937954 0.114258
vt 0.93457 0.100571
vt 0.959795 0.100571
vt 0.776589 0.319336
vt 0.758221 0.317516
vt 0.754883 0.303165
vt 0.779985 0.305652
vt 0.73623 0.375098
vt 0.73623 0.393555
vt 0.717773 0.393555
vt 0.717773 0.375098
vt 0.714224 0.178711
vt 0.695767 0.178711
vt 0.692383 0.164371
vt 0.717607 0.164371
vt 0.539471 0.234673
vt 0.557839 0.232853
vt 0.561235 0.246536
vt 0.536133 0.249023
vt 0.839224 0.071289
vt 0.820767 0.071289
vt 0.817383 0.057602
vt 0.842607 0.057602
vt 0.807839 0.319336
vt 0.789471 0.317516
vt 0.786133 0.303165
vt 0.811235 0.305652
vt 0.761621 0.375098
vt 0.761621 0.393555
vt 0.743164 0.393555
vt 0.743164 0.375098
vt 0.589224 0.178711
vt 0.570767 0.178711
vt 0.567383 0.164371
vt 0.592607 0.164371
vt 0.320721 0.304985
vt 0.339089 0.303165
vt 0.342485 0.316849
vt 0.317383 0.319336
vt 0.682974 0.071289
vt 0.664517 0.071289
vt 0.661133 0.057602
vt 0.686357 0.057602
vt 0.370339 0.319336
vt 0.351971 0.317516
vt 0.348633 0.303165
vt 0.373735 0.305652
vt 0.769434 0.400488
vt 0.769434 0.418945
vt 0.750977 0.418945
vt 0.750977 0.400488
vt 0.620474 0.178711
vt 0.602017 0.178711
vt 0.598633 0.164371
vt 0.623857 0.164371
vt 0.883221 0.328423
vt 0.901589 0.326603
vt 0.904985 0.340286
vt 0.879883 0.342773
vt 0.557974 0.071289
vt 0.539517 0.071289
vt 0.536133 0.057602
vt 0.561357 0.057602
vt 0.401589 0.319336
vt 0.383221 0.317516
vt 0.379883 0.303165
vt 0.404985 0.305652
vt 0.990137 0.375098
vt 0.990137 0.393555
vt 0.97168 0.393555
vt 0.97168 0.375098
vt 0.745474 0.178711
vt 0.727017 0.178711
vt 0.723633 0.164371
vt 0.748857 0.164371
vt 0.445721 0.328423
vt 0.464089 0.326603
vt 0.467485 0.340286
vt 0.442383 0.342773
vt 0.714224 0.071289
vt 0.695767 0.071289
vt 0.692383 0.057602
vt 0.717607 0.057602
vt 0.432839 0.319336
vt 0.414471 0.317516
vt 0.411133 0.303165
vt 0.436235 0.305652
vt 0.744043 0.400488
vt 0.744043 0.418945
vt 0.725586 0.418945
vt 0.725586 0.400488
vt 0.370474 0.178711
vt 0.352017 0.178711
vt 0.348633 0.164371
vt 0.373857 0.164371
vt 0.445721 0.304985
vt 0.464089 0.303165
vt 0.467485 0.316849
vt 0.442383 0.319336
vt 0.870474 0.071289
vt 0.852017 0.071289
vt 0.848633 0.057602
vt 0.873857 0.057602
vt 0.495339 0.319336
vt 0.476971 0.317516
vt 0.473633 0.303165
vt 0.498735 0.305652
vt 0.439111 0.418945
vt 0.405273 0.418945
vt 0.405273 0.400488
vt 0.439111 0.400488
vt 0.604604 0.202148
vt 0.570767 0.202148
vt 0.567383 0.187808
vt 0.607988 0.187808
vt 0.570721 0.234673
vt 0.589089 0.232853
vt 0.592485 0.246536
vt 0.567383 0.249023
vt 0.518667 0.114258
vt 0.484829 0.114258
vt 0.481445 0.100571
vt 0.522051 0.100571
vt 0.839089 0.319336
vt 0.820721 0.317516
vt 0.817383 0.303165
vt 0.842485 0.305652
vt 0.443262 0.349707
vt 0.443262 0.368164
vt 0.424805 0.368164
vt 0.424805 0.349707
vt 0.401724 0.178711
vt 0.383267 0.178711
vt 0.379883 0.164371
vt 0.405107 0.164371
vt 0.508221 0.304985
vt 0.526589 0.303165
vt 0.529985 0.316849
vt 0.504883 0.319336
vt 0.987661 0.114258
vt 0.969204 0.114258
vt 0.96582 0.100571
vt 0.991045 0.100571
vt 0.495339 0.342773
vt 0.476971 0.340954
vt 0.473633 0.326603
vt 0.498735 0.32909
vt 0.468652 0.349707
vt 0.468652 0.368164
vt 0.450195 0.368164
vt 0.450195 0.349707
vt 0.432974 0.178711
vt 0.414517 0.178711
vt 0.411133 0.164371
vt 0.436357 0.164371
vt 0.851971 0.304985
vt 0.870339 0.303165
vt 0.873735 0.316849
vt 0.848633 0.319336
vt 0.899771 0.092773
vt 0.881313 0.092773
vt 0.87793 0.079087
vt 0.903154 0.079087
vt 0.557839 0.319336
vt 0.539471 0.317516
vt 0.536133 0.303165
vt 0.561235 0.305652
vt 0.494043 0.349707
vt 0.494043 0.368164
vt 0.475586 0.368164
vt 0.475586 0.349707
vt 0.464224 0.178711
vt 0.445767 0.178711
vt 0.442383 0.164371
vt 0.467607 0.164371
vt 0.883221 0.304985
vt 0.901589 0.303165
vt 0.904985 0.316849
vt 0.879883 0.319336
vt 0.931021 0.092773
vt 0.912563 0.092773
vt 0.90918 0.079087
vt 0.934404 0.079087
vt 0.932839 0.319336
vt 0.914471 0.317516
vt 0.911133 0.303165
vt 0.936235 0.305652
vt 0.61709 0.418945
vt 0.598633 0.418945
vt 0.598633 0.400488
vt 0.61709 0.400488
vt 0.495474 0.178711
vt 0.477017 0.178711
vt 0.473633 0.164371
vt 0.498857 0.164371
vt 0.945721 0.304985
vt 0.964089 0.303165
vt 0.967485 0.316849
vt 0.942383 0.319336
vt 0.962271 0.092773
vt 0.943813 0.092773
vt 0.94043 0.079087
vt 0.965654 0.079087
vt 0.026589 0.295898
vt 0.008221 0.294079
vt 0.004883 0.279728
vt 0.029985 0.282215
vt 0.113184 0.418945
vt 0.094727 0.418945
vt 0.094727 0.400488
vt 0.113184 0.400488
vt 0.526724 0.178711
vt 0.508267 0.178711
vt 0.504883 0.164371
vt 0.530107 0.164371
vt 0.039471 0.281548
vt 0.057839 0.279728
vt 0.061235 0.293411
vt 0.036133 0.295898
vt 0.026724 0.071289
vt 0.008267 0.071289
vt 0.004883 0.057602
vt 0.030107 0.057602
vt 0.464089 0.249023
vt 0.445721 0.247204
vt 0.442383 0.232853
vt 0.467485 0.23534
vt 0.138574 0.418945
vt 0.120117 0.418945
vt 0.120117 0.400488
vt 0.138574 0.400488
vt 0.557974 0.178711
vt 0.539517 0.178711
vt 0.536133 0.164371
vt 0.561357 0.164371
vt 0.539471 0.211235
vt 0.557839 0.209415
vt 0.561235 0.223099
vt 0.536133 0.225586
vt 0.057974 0.071289
vt 0.039517 0.071289
vt 0.036133 0.057602
vt 0.061357 0.057602
vt 0.214089 0.202148
vt 0.195721 0.200329
vt 0.192383 0.185978
vt 0.217485 0.188465
vt 0.356958 0.418945
vt 0.31543 0.418945
vt 0.31543 0.400488
vt 0.356958 0.400488
vt 0.893545 0.135742
vt 0.852017 0.135742
vt 0.848633 0.121402
vt 0.896929 0.121402
vt 0.664471 0.234673
vt 0.682839 0.232853
vt 0.686235 0.246536
vt 0.661133 0.249023
vt 0.524404 0.092773
vt 0.482876 0.092773
vt 0.479492 0.079087
vt 0.527788 0.079087
vt 0.964089 0.295898
vt 0.945721 0.294079
vt 0.942383 0.279728
vt 0.967485 0.282215
vt 0.464746 0.418945
vt 0.446289 0.418945
vt 0.446289 0.400488
vt 0.464746 0.400488
vt 0.151724 0.135742
vt 0.133267 0.135742
vt 0.129883 0.121402
vt 0.155107 0.121402
vt 0.695721 0.328423
vt 0.714089 0.326603
vt 0.717485 0.340286
vt 0.692383 0.342773
vt 0.159536 0.049805
vt 0.141079 0.049805
vt 0.137695 0.036118
vt 0.16292 0.036118
vt 0.120339 0.295898
vt 0.101971 0.294079
vt 0.098633 0.279728
vt 0.123735 0.282215
vt 0.64248 0.418945
vt 0.624023 0.418945
vt 0.624023 0.400488
vt 0.64248 0.400488
vt 0.589224 0.135742
vt 0.570767 0.135742
vt 0.567383 0.121402
vt 0.592607 0.121402
vt 0.445721 0.281548
vt 0.464089 0.279728
vt 0.467485 0.293411
vt 0.442383 0.295898
vt 0.190786 0.049805
vt 0.172329 0.049805
vt 0.168945 0.036118
vt 0.19417 0.036118
vt 0.495339 0.295898
vt 0.476971 0.294079
vt 0.473633 0.279728
vt 0.498735 0.282215
vt 0.519434 0.349707
vt 0.519434 0.368164
vt 0.500977 0.368164
vt 0.500977 0.349707
vt 0.182974 0.135742
vt 0.164517 0.135742
vt 0.161133 0.121402
vt 0.186357 0.121402
vt 0.726971 0.328423
vt 0.745339 0.326603
vt 0.748735 0.340286
vt 0.723633 0.342773
vt 0.222036 0.049805
vt 0.203579 0.049805
vt 0.200195 0.036118
vt 0.22542 0.036118
vt 0.151589 0.295898
vt 0.133221 0.294079
vt 0.129883 0.279728
vt 0.154985 0.282215
vt 0.667871 0.418945
vt 0.649414 0.418945
vt 0.649414 0.400488
vt 0.667871 0.400488
vt 0.214224 0.135742
vt 0.195767 0.135742
vt 0.192383 0.121402
vt 0.217607 0.121402
vt 0.508221 0.281548
vt 0.526589 0.279728
vt 0.529985 0.293411
vt 0.504883 0.295898
vt 0.128286 0.049805
vt 0.109829 0.049805
vt 0.106445 0.036118
vt 0.13167 0.036118
vt 0.182839 0.295898
vt 0.164471 0.294079
vt 0.161133 0.279728
vt 0.186235 0.282215
vt 0.544824 0.349707
vt 0.544824 0.368164
vt 0.526367 0.368164
vt 0.526367 0.349707
vt 0.245474 0.135742
vt 0.227017 0.135742
vt 0.223633 0.121402
vt 0.248857 0.121402
vt 0.539471 0.281548
vt 0.557839 0.279728
vt 0.561235 0.293411
vt 0.536133 0.295898
vt 0.253286 0.049805
vt 0.234829 0.049805
vt 0.231445 0.036118
vt 0.25667 0.036118
vt 0.182839 0.342773
vt 0.164471 0.340954
vt 0.161133 0.326603
vt 0.186235 0.32909
vt 0.787012 0.375098
vt 0.787012 0.393555
vt 0.768555 0.393555
vt 0.768555 0.375098
vt 0.956411 0.135742
vt 0.937954 0.135742
vt 0.93457 0.121402
vt 0.959795 0.121402
vt 0.570721 0.281548
vt 0.589089 0.279728
vt 0.592485 0.293411
vt 0.567383 0.295898
vt 0.284536 0.049805
vt 0.266079 0.049805
vt 0.262695 0.036118
vt 0.28792 0.036118
vt 0.620339 0.295898
vt 0.601971 0.294079
vt 0.598633 0.279728
vt 0.623735 0.282215
vt 0.540918 0.418945
vt 0.522461 0.418945
vt 0.522461 0.400488
vt 0.540918 0.400488
vt 0.925161 0.135742
vt 0.906704 0.135742
vt 0.90332 0.121402
vt 0.928545 0.121402
vt 0.164471 0.234673
vt 0.182839 0.232853
vt 0.186235 0.246536
vt 0.161133 0.249023
vt 0.315786 0.049805
vt 0.297329 0.049805
vt 0.293945 0.036118
vt 0.31917 0.036118
vt 0.214089 0.295898
vt 0.195721 0.294079
vt 0.192383 0.279728
vt 0.217485 0.282215
vt 0.812402 0.375098
vt 0.812402 0.393555
vt 0.793945 0.393555
vt 0.793945 0.375098
vt 0.464224 0.135742
vt 0.445767 0.135742
vt 0.442383 0.121402
vt 0.467607 0.121402
vt 0.195721 0.234673
vt 0.214089 0.232853
vt 0.217485 0.246536
vt 0.192383 0.249023
vt 0.565786 0.049805
vt 0.547329 0.049805
vt 0.543945 0.036118
vt 0.56917 0.036118
vt 0.651589 0.295898
vt 0.633221 0.294079
vt 0.629883 0.279728
vt 0.654985 0.282215
vt 0.02334 0.349707
vt 0.02334 0.368164
vt 0.004883 0.368164
vt 0.004883 0.349707
vt 0.495474 0.135742
vt 0.477017 0.135742
vt 0.473633 0.121402
vt 0.498857 0.121402
vt 0.664471 0.281548
vt 0.682839 0.279728
vt 0.686235 0.293411
vt 0.661133 0.295898
vt 0.620474 0.071289
vt 0.602017 0.071289
vt 0.598633 0.057602
vt 0.623857 0.057602
vt 0.714089 0.249023
vt 0.695721 0.247204
vt 0.692383 0.232853
vt 0.717485 0.23534
vt 0.794824 0.400488
vt 0.794824 0.418945
vt 0.776367 0.418945
vt 0.776367 0.400488
vt 0.276724 0.135742
vt 0.258267 0.135742
vt 0.254883 0.121402
vt 0.280107 0.121402
vt 0.226971 0.281548
vt 0.245339 0.279728
vt 0.248735 0.293411
vt 0.223633 0.295898
vt 0.597036 0.049805
vt 0.578579 0.049805
vt 0.575195 0.036118
vt 0.60042 0.036118
vt 0.620339 0.249023
vt 0.601971 0.247204
vt 0.598633 0.232853
vt 0.623735 0.23534
vt 0.04873 0.349707
vt 0.04873 0.368164
vt 0.030273 0.368164
vt 0.030273 0.349707
vt 0.120474 0.114258
vt 0.102017 0.114258
vt 0.098633 0.099918
vt 0.123857 0.099918
vt 0.726971 0.234673
vt 0.745339 0.232853
vt 0.748735 0.246536
vt 0.723633 0.249023
vt 0.651724 0.071289
vt 0.633267 0.071289
vt 0.629883 0.057602
vt 0.655107 0.057602
vt 0.714089 0.295898
vt 0.695721 0.294079
vt 0.692383 0.279728
vt 0.717485 0.282215
vt 0.061792 0.418945
vt 0.004883 0.418945
vt 0.004883 0.400488
vt 0.061792 0.400488
vt 0.838613 0.135742
vt 0.781704 0.135742
vt 0.77832 0.121402
vt 0.841997 0.121402
vt 0.726971 0.281548
vt 0.745339 0.279728
vt 0.748735 0.293411
vt 0.723633 0.295898
vt 0.940176 0.071289
vt 0.883267 0.071289
vt 0.879883 0.057602
vt 0.94356 0.057602
vt 0.776589 0.295898
vt 0.758221 0.294079
vt 0.754883 0.279728
vt 0.779985 0.282215
vt 0.693262 0.418945
vt 0.674805 0.418945
vt 0.674805 0.400488
vt 0.693262 0.400488
vt 0.987661 0.135742
vt 0.969204 0.135742
vt 0.96582 0.121402
vt 0.991045 0.121402
vt 0.133221 0.328423
vt 0.151589 0.326603
vt 0.154985 0.340286
vt 0.129883 0.342773
vt 0.347036 0.049805
vt 0.328579 0.049805
vt 0.325195 0.036118
vt 0.35042 0.036118
vt 0.807839 0.295898
vt 0.789471 0.294079
vt 0.786133 0.279728
vt 0.811235 0.282215
vt 0.490137 0.418945
vt 0.47168 0.418945
vt 0.47168 0.400488
vt 0.490137 0.400488
vt 0.026724 0.114258
vt 0.008267 0.114258
vt 0.004883 0.099918
vt 0.030107 0.099918
vt 0.820721 0.281548
vt 0.839089 0.279728
vt 0.842485 0.293411
vt 0.817383 0.295898
vt 0.378286 0.049805
vt 0.359829 0.049805
vt 0.356445 0.036118
vt 0.38167 0.036118
vt 0.870339 0.295898
vt 0.851971 0.294079
vt 0.848633 0.279728
vt 0.873735 0.282215
vt 0.515527 0.418945
vt 0.49707 0.418945
vt 0.49707 0.400488
vt 0.515527 0.400488
vt 0.307974 0.135742
vt 0.289517 0.135742
vt 0.286133 0.121402
vt 0.311357 0.121402
vt 0.883221 0.281548
vt 0.901589 0.279728
vt 0.904985 0.293411
vt 0.879883 0.295898
vt 0.409536 0.049805
vt 0.391079 0.049805
vt 0.387695 0.036118
vt 0.41292 0.036118
vt 0.932839 0.295898
vt 0.914471 0.294079
vt 0.911133 0.279728
vt 0.936235 0.282215
vt 0.307886 0.418945
vt 0.250977 0.418945
vt 0.250977 0.400488
vt 0.307886 0.400488
vt 0.190176 0.114258
vt 0.133267 0.114258
vt 0.129883 0.099918
vt 0.19356 0.099918
vt 0.414471 0.25811
vt 0.432839 0.25629
vt 0.436235 0.269974
vt 0.411133 0.272461
vt 0.469473 0.092773
vt 0.412563 0.092773
vt 0.40918 0.079087
vt 0.472856 0.079087
vt 0.870339 0.272461
vt 0.851971 0.270641
vt 0.848633 0.25629
vt 0.873735 0.258777
vt 0.431543 0.393555
vt 0.413086 0.393555
vt 0.413086 0.375098
vt 0.431543 0.375098
vt 0.222036 0.114258
vt 0.203579 0.114258
vt 0.200195 0.099918
vt 0.22542 0.099918
vt 0.914471 0.211235
vt 0.932839 0.209415
vt 0.936235 0.223099
vt 0.911133 0.225586
vt 0.440786 0.049805
vt 0.422329 0.049805
vt 0.418945 0.036118
vt 0.44417 0.036118
vt 0.057839 0.202148
vt 0.039471 0.200329
vt 0.036133 0.185978
vt 0.061235 0.188465
vt 0.570215 0.349707
vt 0.570215 0.368164
vt 0.551758 0.368164
vt 0.551758 0.349707
vt 0.532583 0.157227
vt 0.514126 0.157227
vt 0.510742 0.142886
vt 0.535967 0.142886
vt 0.445721 0.211235
vt 0.464089 0.209415
vt 0.467485 0.223099
vt 0.442383 0.225586
vt 0.089224 0.071289
vt 0.070767 0.071289
vt 0.067383 0.057602
vt 0.092607 0.057602
vt 0.026589 0.272461
vt 0.008221 0.270641
vt 0.004883 0.25629
vt 0.029985 0.258777
vt 0.824121 0.349707
vt 0.824121 0.368164
vt 0.805664 0.368164
vt 0.805664 0.349707
vt 0.563833 0.157227
vt 0.545376 0.157227
vt 0.541992 0.142886
vt 0.567217 0.142886
vt 0.445721 0.25811
vt 0.464089 0.25629
vt 0.467485 0.269974
vt 0.442383 0.272461
vt 0.120474 0.071289
vt 0.102017 0.071289
vt 0.098633 0.057602
vt 0.123857 0.057602
vt 0.495339 0.272461
vt 0.476971 0.270641
vt 0.473633 0.25629
vt 0.498735 0.258777
vt 0.595605 0.349707
vt 0.595605 0.368164
vt 0.577148 0.368164
vt 0.577148 0.349707
vt 0.595083 0.157227
vt 0.576626 0.157227
vt 0.573242 0.142886
vt 0.598467 0.142886
vt 0.508221 0.25811
vt 0.526589 0.25629
vt 0.529985 0.269974
vt 0.504883 0.272461
vt 0.151724 0.071289
vt 0.133267 0.071289
vt 0.129883 0.057602
vt 0.155107 0.057602
vt 0.557839 0.272461
vt 0.539471 0.270641
vt 0.536133 0.25629
vt 0.561235 0.258777
vt 0.620996 0.349707
vt 0.620996 0.368164
vt 0.602539 0.368164
vt 0.602539 0.349707
vt 0.626333 0.157227
vt 0.607876 0.157227
vt 0.604492 0.142886
vt 0.629717 0.142886
vt 0.570721 0.25811
vt 0.589089 0.25629
vt 0.592485 0.269974
vt 0.567383 0.272461
vt 0.182974 0.071289
vt 0.164517 0.071289
vt 0.161133 0.057602
vt 0.186357 0.057602
vt 0.182839 0.225586
vt 0.164471 0.223766
vt 0.161133 0.209415
vt 0.186235 0.211902
vt 0.660059 0.393555
vt 0.641602 0.393555
vt 0.641602 0.375098
vt 0.660059 0.375098
vt 0.057974 0.114258
vt 0.039517 0.114258
vt 0.036133 0.099918
vt 0.061357 0.099918
vt 0.195721 0.211235
vt 0.214089 0.209415
vt 0.217485 0.223099
vt 0.192383 0.225586
vt 0.214224 0.071289
vt 0.195767 0.071289
vt 0.192383 0.057602
vt 0.217607 0.057602
vt 0.839089 0.225586
vt 0.820721 0.223766
vt 0.817383 0.209415
vt 0.842485 0.211902
vt 0.685449 0.393555
vt 0.666992 0.393555
vt 0.666992 0.375098
vt 0.685449 0.375098
vt 0.089224 0.114258
vt 0.070767 0.114258
vt 0.067383 0.099918
vt 0.092607 0.099918
vt 0.383221 0.234673
vt 0.401589 0.232853
vt 0.404985 0.246536
vt 0.379883 0.249023
vt 0.245474 0.071289
vt 0.227017 0.071289
vt 0.223633 0.057602
vt 0.248857 0.057602
vt 0.776589 0.249023
vt 0.758221 0.247204
vt 0.754883 0.232853
vt 0.779985 0.23534
vt 0.849512 0.349707
vt 0.849512 0.368164
vt 0.831055 0.368164
vt 0.831055 0.349707
vt 0.682974 0.135742
vt 0.664517 0.135742
vt 0.661133 0.121402
vt 0.686357 0.121402
vt 0.883221 0.25811
vt 0.901589 0.25629
vt 0.904985 0.269974
vt 0.879883 0.272461
vt 0.026724 0.092773
vt 0.008267 0.092773
vt 0.004883 0.079087
vt 0.030107 0.079087
vt 0.089089 0.202148
vt 0.070721 0.200329
vt 0.067383 0.185978
vt 0.092485 0.188465
vt 0.913965 0.375098
vt 0.913965 0.393555
vt 0.895508 0.393555
vt 0.895508 0.375098
vt 0.284536 0.114258
vt 0.266079 0.114258
vt 0.262695 0.099918
vt 0.28792 0.099918
vt 0.914471 0.25811
vt 0.932839 0.25629
vt 0.936235 0.269974
vt 0.911133 0.272461
vt 0.276724 0.071289
vt 0.258267 0.071289
vt 0.254883 0.057602
vt 0.280107 0.057602
vt 0.495339 0.225586
vt 0.476971 0.223766
vt 0.473633 0.209415
vt 0.498735 0.211902
vt 0.939355 0.375098
vt 0.939355 0.393555
vt 0.920898 0.393555
vt 0.920898 0.375098
vt 0.315786 0.114258
vt 0.297329 0.114258
vt 0.293945 0.099918
vt 0.31917 0.099918
vt 0.601971 0.25811
vt 0.620339 0.25629
vt 0.623735 0.269974
vt 0.598633 0.272461
vt 0.307974 0.071289
vt 0.289517 0.071289
vt 0.286133 0.057602
vt 0.311357 0.057602
vt 0.182839 0.202148
vt 0.164471 0.200329
vt 0.161133 0.185978
vt 0.186235 0.188465
vt 0.243188 0.418945
vt 0.170898 0.418945
vt 0.170898 0.400488
vt 0.243188 0.400488
vt 0.768057 0.135742
vt 0.695767 0.135742
vt 0.692383 0.121402
vt 0.77144 0.121402
vt 0.351971 0.211235
vt 0.370339 0.209415
vt 0.373735 0.223099
vt 0.348633 0.225586
vt 0.398916 0.092773
vt 0.326626 0.092773
vt 0.323242 0.079087
vt 0.4023 0.079087
vt 0.339089 0.249023
vt 0.320721 0.247204
vt 0.317383 0.232853
vt 0.342485 0.23534
vt 0.646387 0.349707
vt 0.646387 0.368164
vt 0.62793 0.368164
vt 0.62793 0.349707
vt 0.657583 0.157227
vt 0.639126 0.157227
vt 0.635742 0.142886
vt 0.660967 0.142886
vt 0.039471 0.25811
vt 0.057839 0.25629
vt 0.061235 0.269974
vt 0.036133 0.272461
vt 0.339224 0.071289
vt 0.320767 0.071289
vt 0.317383 0.057602
vt 0.342607 0.057602
vt 0.370339 0.249023
vt 0.351971 0.247204
vt 0.348633 0.232853
vt 0.373735 0.23534
vt 0.718652 0.418945
vt 0.700195 0.418945
vt 0.700195 0.400488
vt 0.718652 0.400488
vt 0.620474 0.135742
vt 0.602017 0.135742
vt 0.598633 0.121402
vt 0.623857 0.121402
vt 0.945721 0.25811
vt 0.964089 0.25629
vt 0.967485 0.269974
vt 0.942383 0.272461
vt 0.370474 0.071289
vt 0.352017 0.071289
vt 0.348633 0.057602
vt 0.373857 0.057602
vt 0.401589 0.225586
vt 0.383221 0.223766
vt 0.379883 0.209415
vt 0.404985 0.211902
vt 0.456934 0.393555
vt 0.438477 0.393555
vt 0.438477 0.375098
vt 0.456934 0.375098
vt 0.651724 0.135742
vt 0.633267 0.135742
vt 0.629883 0.121402
vt 0.655107 0.121402
vt 0.101971 0.187798
vt 0.120339 0.185978
vt 0.123735 0.199661
vt 0.098633 0.202148
vt 0.401724 0.071289
vt 0.383267 0.071289
vt 0.379883 0.057602
vt 0.405107 0.057602
vt 0.714089 0.272461
vt 0.695721 0.270641
vt 0.692383 0.25629
vt 0.717485 0.258777
vt 0.482324 0.393555
vt 0.463867 0.393555
vt 0.463867 0.375098
vt 0.482324 0.375098
vt 0.253286 0.114258
vt 0.234829 0.114258
vt 0.231445 0.099918
vt 0.25667 0.099918
vt 0.008221 0.234673
vt 0.026589 0.232853
vt 0.029985 0.246536
vt 0.004883 0.249023
vt 0.472036 0.049805
vt 0.453579 0.049805
vt 0.450195 0.036118
vt 0.47542 0.036118
vt 0.495339 0.202148
vt 0.476971 0.200329
vt 0.473633 0.185978
vt 0.498735 0.188465
vt 0.087671 0.393555
vt 0.061523 0.393555
vt 0.061523 0.375098
vt 0.087671 0.375098
vt 0.227773 0.157227
vt 0.201626 0.157227
vt 0.198242 0.142886
vt 0.231157 0.142886
vt 0.633221 0.25811
vt 0.651589 0.25629
vt 0.654985 0.269974
vt 0.629883 0.272461
vt 0.557852 0.114258
vt 0.531704 0.114258
vt 0.52832 0.100571
vt 0.561235 0.100571
vt 0.151589 0.202148
vt 0.133221 0.200329
vt 0.129883 0.185978
vt 0.154985 0.188465
vt 0.120874 0.393555
vt 0.094727 0.393555
vt 0.094727 0.375098
vt 0.120874 0.375098
vt 0.266836 0.157227
vt 0.240688 0.157227
vt 0.237305 0.142886
vt 0.27022 0.142886
vt 0.414471 0.211235
vt 0.432839 0.209415
vt 0.436235 0.223099
vt 0.411133 0.225586
vt 0.596914 0.114258
vt 0.570767 0.114258
vt 0.567383 0.100571
vt 0.600298 0.100571
vt 0.214089 0.342773
vt 0.195721 0.340954
vt 0.192383 0.326603
vt 0.217485 0.32909
vt 0.240015 0.368164
vt 0.213867 0.368164
vt 0.213867 0.349707
vt 0.240015 0.349707
vt 0.759023 0.157227
vt 0.732876 0.157227
vt 0.729492 0.142886
vt 0.762407 0.142886
vt 0.351971 0.187798
vt 0.370339 0.185978
vt 0.373735 0.199661
vt 0.348633 0.202148
vt 0.635977 0.114258
vt 0.609829 0.114258
vt 0.606445 0.100571
vt 0.63936 0.100571
vt 0.089089 0.272461
vt 0.070721 0.270641
vt 0.067383 0.25629
vt 0.092485 0.258777
vt 0.981714 0.418945
vt 0.801758 0.418945
vt 0.801758 0.400488
vt 0.981714 0.400488
vt 0.188223 0.157227
vt 0.008267 0.157227
vt 0.004883 0.142886
vt 0.191606 0.142886
vt 0.039471 0.234673
vt 0.057839 0.232853
vt 0.061235 0.246536
vt 0.036133 0.249023
vt 0.313223 0.092773
vt 0.133267 0.092773
vt 0.129883 0.079087
vt 0.316606 0.079087
vt 0.120339 0.272461
vt 0.101971 0.270641
vt 0.098633 0.25629
vt 0.123735 0.258777
vt 0.220483 0.393555
vt 0.194336 0.393555
vt 0.194336 0.375098
vt 0.220483 0.375098
vt 0.305898 0.157227
vt 0.279751 0.157227
vt 0.276367 0.142886
vt 0.309282 0.142886
vt 0.226971 0.234673
vt 0.245339 0.232853
vt 0.248735 0.246536
vt 0.223633 0.249023
vt 0.096914 0.049805
vt 0.070767 0.049805
vt 0.067383 0.036118
vt 0.100298 0.036118
vt 0.276589 0.249023
vt 0.258221 0.247204
vt 0.254883 0.232853
vt 0.279985 0.23534
vt 0.253687 0.393555
vt 0.227539 0.393555
vt 0.227539 0.375098
vt 0.253687 0.375098
vt 0.837148 0.157227
vt 0.811001 0.157227
vt 0.807617 0.142886
vt 0.840532 0.142886
vt 0.758221 0.328423
vt 0.776589 0.326603
vt 0.779985 0.340286
vt 0.754883 0.342773
vt 0.675039 0.114258
vt 0.648892 0.114258
vt 0.645508 0.100571
vt 0.678423 0.100571
vt 0.807839 0.249023
vt 0.789471 0.247204
vt 0.786133 0.232853
vt 0.811235 0.23534
vt 0.18728 0.393555
vt 0.161133 0.393555
vt 0.161133 0.375098
vt 0.18728 0.375098
vt 0.344961 0.157227
vt 0.318813 0.157227
vt 0.31543 0.142886
vt 0.348345 0.142886
vt 0.820721 0.234673
vt 0.839089 0.232853
vt 0.842485 0.246536
vt 0.817383 0.249023
vt 0.649648 0.092773
vt 0.623501 0.092773
vt 0.620117 0.079087
vt 0.653032 0.079087
vt 0.057839 0.319336
vt 0.039471 0.317516
vt 0.036133 0.303165
vt 0.061235 0.305652
vt 0.154077 0.393555
vt 0.12793 0.393555
vt 0.12793 0.375098
vt 0.154077 0.375098
vt 0.798086 0.157227
vt 0.771938 0.157227
vt 0.768555 0.142886
vt 0.80147 0.142886
vt 0.070721 0.234673
vt 0.089089 0.232853
vt 0.092485 0.246536
vt 0.067383 0.249023
vt 0.610586 0.092773
vt 0.584438 0.092773
vt 0.581055 0.079087
vt 0.61397 0.079087
vt 0.432839 0.249023
vt 0.414471 0.247204
vt 0.411133 0.232853
vt 0.436235 0.23534
vt 0.900293 0.349707
vt 0.900293 0.368164
vt 0.881836 0.368164
vt 0.881836 0.349707
vt 0.376333 0.157227
vt 0.357876 0.157227
vt 0.354492 0.142886
vt 0.379717 0.142886
vt 0.133221 0.25811
vt 0.151589 0.25629
vt 0.154985 0.269974
vt 0.129883 0.272461
vt 0.432974 0.071289
vt 0.414517 0.071289
vt 0.411133 0.057602
vt 0.436357 0.057602
vt 0.089089 0.319336
vt 0.070721 0.317516
vt 0.067383 0.303165
vt 0.092485 0.305652
vt 0.925684 0.349707
vt 0.925684 0.368164
vt 0.907227 0.368164
vt 0.907227 0.349707
vt 0.407583 0.157227
vt 0.389126 0.157227
vt 0.385742 0.142886
vt 0.410967 0.142886
vt 0.101971 0.234673
vt 0.120339 0.232853
vt 0.123735 0.246536
vt 0.098633 0.249023
vt 0.464224 0.071289
vt 0.445767 0.071289
vt 0.442383 0.057602
vt 0.467607 0.057602
vt 0.870339 0.342773
vt 0.851971 0.340954
vt 0.848633 0.326603
vt 0.873735 0.32909
vt 0.874902 0.349707
vt 0.874902 0.368164
vt 0.856445 0.368164
vt 0.856445 0.349707
vt 0.438833 0.157227
vt 0.420376 0.157227
vt 0.416992 0.142886
vt 0.442217 0.142886
vt 0.164471 0.25811
vt 0.182839 0.25629
vt 0.186235 0.269974
vt 0.161133 0.272461
vt 0.495474 0.071289
vt 0.477017 0.071289
vt 0.473633 0.057602
vt 0.498857 0.057602
vt 0.807839 0.342773
vt 0.789471 0.340954
vt 0.786133 0.326603
vt 0.811235 0.32909
vt 0.206445 0.368164
vt 0.157227 0.368164
vt 0.157227 0.349707
vt 0.206445 0.349707
vt 0.719595 0.157227
vt 0.670376 0.157227
vt 0.666992 0.142886
vt 0.722979 0.142886
vt 0.226971 0.328423
vt 0.245339 0.326603
vt 0.248735 0.340286
vt 0.223633 0.342773
vt 0.057485 0.049805
vt 0.008267 0.049805
vt 0.004883 0.036118
vt 0.060869 0.036118
vt 0.839089 0.342773
vt 0.820721 0.340954
vt 0.817383 0.326603
vt 0.842485 0.32909
vt 0.507715 0.393555
vt 0.489258 0.393555
vt 0.489258 0.375098
vt 0.507715 0.375098
vt 0.470083 0.157227
vt 0.451626 0.157227
vt 0.448242 0.142886
vt 0.473467 0.142886
vt 0.195721 0.25811
vt 0.214089 0.25629
vt 0.217485 0.269974
vt 0.192383 0.272461
vt 0.503286 0.049805
vt 0.484829 0.049805
vt 0.481445 0.036118
vt 0.50667 0.036118
vt 0.245339 0.225586
vt 0.226971 0.223766
vt 0.223633 0.209415
vt 0.248735 0.211902
vt 0.75332 0.433691
vt 0.75332 0.452148
vt 0.704102 0.452148
vt 0.704102 0.433691
vt 0.339224 0.135742
vt 0.320767 0.135742
vt 0.317383 0.121402
vt 0.342607 0.121402
vt 0.45744 0.437798
vt 0.506419 0.432945
vt 0.509815 0.446628
vt 0.454102 0.452148
vt 0.526724 0.071289
vt 0.508267 0.071289
vt 0.504883 0.057602
vt 0.530107 0.057602
vt 0.693919 0.452148
vt 0.64494 0.447296
vt 0.641602 0.432945
vt 0.697315 0.438465
vt 0.809961 0.433691
vt 0.809961 0.452148
vt 0.760742 0.452148
vt 0.760742 0.433691
vt 0.501333 0.157227
vt 0.482876 0.157227
vt 0.479492 0.142886
vt 0.504717 0.142886
vt 0.58244 0.437798
vt 0.631419 0.432945
vt 0.634815 0.446628
vt 0.579102 0.452148
vt 0.534536 0.049805
vt 0.516079 0.049805
vt 0.512695 0.036118
vt 0.53792 0.036118
vt 0.568919 0.452148
vt 0.51994 0.447296
vt 0.516602 0.432945
vt 0.572315 0.438465
vn 0 0.994825 -0.101599
vn 0 0.232746 -0.972538
vn 0.970143 0.241281 -0.024641
vn 0 0.248048 0.968748
vn -0.970143 0.241281 -0.024641
f 458/1425/295 457/1426/295 456/1427/295 455/1428/295
f 455/1429/296 456/1430/296 452/1431/296 451/1432/296
f 456/1433/297 457/1434/297 453/1435/297 452/1436/297
f 457/1437/298 458/1438/298 454/1439/298 453/1440/298
f 458/1441/299 455/1442/299 451/1443/299 454/1444/299
f 466/1445/295 465/1446/295 464/1447/295 463/1448/295
f 463/1449/296 464/1450/296 460/1451/296 459/1452/296
f 464/1453/297 465/1454/297 461/1455/297 460/1456/297
f 465/1457/298 466/1458/298 462/1459/298 461/1460/298
f 466/1461/299 463/1462/299 459/1463/299 462/1464/299
f 474/1465/295 473/1466/295 472/1467/295 471/1468/295
f 471/1469/296 472/1470/296 468/1471/296 467/1472/296
f 472/1473/297 473/1474/297 469/1475/297 468/1476/297
f 473/1477/298 474/1478/298 470/1479/298 469/1480/298
f 474/1481/299 471/1482/299 467/1483/299 470/1484/299
f 482/1485/295 481/1486/295 480/1487/295 479/1488/295
f 479/1489/296 480/1490/296 476/1491/296 475/1492/296
f 480/1493/297 481/1494/297 477/1495/297 476/1496/297
f 481/1497/298 482/1498/298 478/1499/298 477/1500/298
f 482/1501/299 479/1502/299 475/1503/299 478/1504/299
f 490/1505/295 489/1506/295 488/1507/295 487/1508/295
f 487/1509/296 488/1510/296 484/1511/296 483/1512/296
f 488/1513/297 489/1514/297 485/1515/297 484/1516/297
f 489/1517/298 490/1518/298 486/1519/298 485/1520/298
f 490/1521/299 487/1522/299 483/1523/299 486/1524/299
f 498/1525/295 497/1526/295 496/1527/295 495/1528/295
f 495/1529/296 496/1530/296 492/1531/296 491/1532/296
f 496/1533/297 497/1534/297 493/1535/297 492/1536/297
f 497/1537/298 498/1538/298 494/1539/298 493/1540/298
f 498/1541/299 495/1542/299 491/1543/299 494/1544/299
f 506/1545/295 505/1546/295 504/1547/295 503/1548/295
f 503/1549/296 504/1550/296 500/1551/296 499/1552/296
f 504/1553/297 505/1554/297 501/1555/297 500/1556/297
f 505/1557/298 506/1558/298 502/1559/298 501/1560/298
f 506/1561/299 503/1562/299 499/1563/299 502/1564/299
f 514/1565/295 513/1566/295 512/1567/295 511/1568/295
f 511/1569/296 512/1570/296 508/1571/296 507/1572/296
f 512/1573/297 513/1574/297 509/1575/297 508/1576/297
f 513/1577/298 514/1578/298 510/1579/298 509/1580/298
f 514/1581/299 511/1582/299 507/1583/299 510/1584/299
f 522/1585/295 521/1586/295 520/1587/295 519/1588/295
f 519/1589/296 520/1590/296 516/1591/296 515/1592/296
f 520/1593/297 521/1594/297 517/1595/297 516/1596/297
f 521/1597/298 522/1598/298 518/1599/298 517/1600/298
f 522/1601/299 519/1602/299 515/1603/299 518/1604/299
f 530/1605/295 529/1606/295 528/1607/295 527/1608/295
f 527/1609/296 528/1610/296 524/1611/296 523/1612/296
f 528/1613/297 529/1614/297 525/1615/297 524/1616/297
f 529/1617/298 530/1618/298 526/1619/298 525/1620/298
f 530/1621/299 527/1622/299 523/1623/299 526/1624/299
f 538/1625/295 537/1626/295 536/1627/295 535/1628/295
f 535/1629/296 536/1630/296 532/1631/296 531/1632/296
f 536/1633/297 537/1634/297 533/1635/297 532/1636/297
f 537/1637/298 538/1638/298 534/1639/298 533/1640/298
f 538/1641/299 535/1642/299 531/1643/299 534/1644/299
f 546/1645/295 545/1646/295 544/1647/295 543/1648/295
f 543/1649/296 544/1650/296 540/1651/296 539/1652/296
f 544/1653/297 545/1654/297 541/1655/297 540/1656/297
f 545/1657/298 546/1658/298 542/1659/298 541/1660/298
f 546/1661/299 543/1662/299 539/1663/299 542/1664/299
f 554/1665/295 553/1666/295 552/1667/295 551/1668/295
f 551/1669/296 552/1670/296 548/1671/296 547/1672/296
f 552/1673/297 553/1674/297 549/1675/297 548/1676/297
f 553/1677/298 554/1678/298 550/1679/298 549/1680/298
f 554/1681/299 551/1682/299 547/1683/299 550/1684/299
f 562/1685/295 561/1686/295 560/1687/295 559/1688/295
f 559/1689/296 560/1690/296 556/1691/296 555/1692/296
f 560/1693/297 561/1694/297 557/1695/297 556/1696/297
f 561/1697/298 562/1698/298 558/1699/298 557/1700/298
f 562/1701/299 559/1702/299 555/1703/299 558/1704/299
f 570/1705/295 569/1706/295 568/1707/295 567/1708/295
f 567/1709/296 568/1710/296 564/1711/296 563/1712/296
f 568/1713/297 569/1714/297 565/1715/297 564/1716/297
f 569/1717/298 570/1718/298 566/1719/298 565/1720/298
f 570/1721/299 567/1722/299 563/1723/299 566/1724/299
f 578/1725/295 577/1726/295 576/1727/295 575/1728/295
f 575/1729/296 576/1730/296 572/1731/296 571/1732/296
f 576/1733/297 577/1734/297 573/1735/297 572/1736/297
f 577/1737/298 578/1738/298 574/1739/298 573/1740/298
f 578/1741/299 575/1742/299 571/1743/299 574/1744/299
f 586/1745/295 585/1746/295 584/1747/295 583/1748/295
f 583/1749/296 584/1750/296 580/1751/296 579/1752/296
f 584/1753/297 585/1754/297 581/1755/297 580/1756/297
f 585/1757/298 586/1758/298 582/1759/298 581/1760/298
f 586/1761/299 583/1762/299 579/1763/299 582/1764/299
f 594/1765/295 593/1766/295 592/1767/295 591/1768/295
f 591/1769/296 592/1770/296 588/1771/296 587/1772/296
f 592/1773/297 593/1774/297 589/1775/297 588/1776/297
f 593/1777/298 594/1778/298 590/1779/298 589/1780/298
f 594/1781/299 591/1782/299 587/1783/299 590/1784/299
f 602/1785/295 601/1786/295 600/1787/295 599/1788/295
f 599/1789/296 600/1790/296 596/1791/296 595/1792/296
f 600/1793/297 601/1794/297 597/1795/297 596/1796/297
f 601/1797/298 602/1798/298 598/1799/298 597/1800/298
f 602/1801/299 599/1802/299 595/1803/299 598/1804/299
f 610/1805/295 609/1806/295 608/1807/295 607/1808/295
f 607/1809/296 608/1810/296 604/1811/296 603/1812/296
f 608/1813/297 609/1814/297 605/1815/297 604/1816/297
f 609/1817/298 610/1818/298 606/1819/298 605/1820/298
f 610/1821/299 607/1822/299 603/1823/299 606/1824/299
f 618/1825/295 617/1826/295 616/1827/295 615/1828/295
f 615/1829/296 616/1830/296 612/1831/296 611/1832/296
f 616/1833/297 617/1834/297 613/1835/297 612/1836/297
f 617/1837/298 618/1838/298 614/1839/298 613/1840/298
f 618/1841/299 615/1842/299 611/1843/299 614/1844/299
f 626/1845/295 625/1846/295 624/1847/295 623/1848/295
f 623/1849/296 624/1850/296 620/1851/296 619/1852/296
f 624/1853/297 625/1854/297 621/1855/297 620/1856/297
f 625/1857/298 626/1858/298 622/1859/298 621/1860/298
f 626/1861/299 623/1862/299 619/1863/299 622/1864/299
f 634/1865/295 633/1866/295 632/1867/295 631/1868/295
f 631/1869/296 632/1870/296 628/1871/296 627/1872/296
f 632/1873/297 633/1874/297 629/1875/297 628/1876/297
f 633/1877/298 634/1878/298 630/1879/298 629/1880/298
f 634/1881/299 631/1882/299 627/1883/299 630/1884/299
f 642/1885/295 641/1886/295 640/1887/295 639/1888/295
f 639/1889/296 640/1890/296 636/1891/296 635/1892/296
f 640/1893/297 641/1894/297 637/1895/297 636/1896/297
f 641/1897/298 642/1898/298 638/1899/298 637/1900/298
f 642/1901/299 639/1902/299 635/1903/299 638/1904/299
f 650/1905/295 649/1906/295 648/1907/295 647/1908/295
f 647/1909/296 648/1910/296 644/1911/296 643/1912/296
f 648/1913/297 649/1914/297 645/1915/297 644/1916/297
f 649/1917/298 650/1918/298 646/1919/298 645/1920/298
f 650/1921/299 647/1922/299 643/1923/299 646/1924/299
f 658/1925/295 657/1926/295 656/1927/295 655/1928/295
f 655/1929/296 656/1930/296 652/1931/296 651/1932/296
f 656/1933/297 657/1934/297 653/1935/297 652/1936/297
f 657/1937/298 658/1938/298 654/1939/298 653/1940/298
f 658/1941/299 655/1942/299 651/1943/299 654/1944/299
f 666/1945/295 665/1946/295 664/1947/295 663/1948/295
f 663/1949/296 664/1950/296 660/1951/296 659/1952/296
f 664/1953/297 665/1954/297 661/1955/297 660/1956/297
f 665/1957/298 666/1958/298 662/1959/298 661/1960/298
f 666/1961/299 663/1962/299 659/1963/299 662/1964/299
f 674/1965/295 673/1966/295 672/1967/295 671/1968/295
f 671/1969/296 672/1970/296 668/1971/296 667/1972/296
f 672/1973/297 673/1974/297 669/1975/297 668/1976/297
f 673/1977/298 674/1978/298 670/1979/298 669/1980/298
f 674/1981/299 671/1982/299 667/1983/299 670/1984/299
f 682/1985/295 681/1986/295 680/1987/295 679/1988/295
f 679/1989/296 680/1990/296 676/1991/296 675/1992/296
f 680/1993/297 681/1994/297 677/1995/297 676/1996/297
f 681/1997/298 682/1998/298 678/1999/298 677/2000/298
f 682/2001/299 679/2002/299 675/2003/299 678/2004/299
f 690/2005/295 689/2006/295 688/2007/295 687/2008/295
f 687/2009/296 688/2010/296 684/2011/296 683/2012/296
f 688/2013/297 689/2014/297 685/2015/297 684/2016/297
f 689/2017/298 690/2018/298 686/2019/298 685/2020/298
f 690/2021/299 687/2022/299 683/2023/299 686/2024/299
f 698/2025/295 697/2026/295 696/2027/295 695/2028/295
f 695/2029/296 696/2030/296 692/2031/296 691/2032/296
f 696/2033/297 697/2034/297 693/2035/297 692/2036/297
f 697/2037/298 698/2038/298 694/2039/298 693/2040/298
f 698/2041/299 695/2042/299 691/2043/299 694/2044/299
f 706/2045/295 705/2046/295 704/2047/295 703/2048/295
f 703/2049/296 704/2050/296 700/2051/296 699/2052/296
f 704/2053/297 705/2054/297 701/2055/297 700/2056/297
f 705/2057/298 706/2058/298 702/2059/298 701/2060/298
f 706/2061/299 703/2062/299 699/2063/299 702/2064/299
f 714/2065/295 713/2066/295 712/2067/295 711/2068/295
f 711/2069/296 712/2070/296 708/2071/296 707/2072/296
f 712/2073/297 713/2074/297 709/2075/297 708/2076/297
f 713/2077/298 714/2078/298 710/2079/298 709/2080/298
f 714/2081/299 711/2082/299 707/2083/299 710/2084/299
f 722/2085/295 721/2086/295 720/2087/295 719/2088/295
f 719/2089/296 720/2090/296 716/2091/296 715/2092/296
f 720/2093/297 721/2094/297 717/2095/297 716/2096/297
f 721/2097/298 722/2098/298 718/2099/298 717/2100/298
f 722/2101/299 719/2102/299 715/2103/299 718/2104/299
f 730/2105/295 729/2106/295 728/2107/295 727/2108/295
f 727/2109/296 728/2110/296 724/2111/296 723/2112/296
f 728/2113/297 729/2114/297 725/2115/297 724/2116/297
f 729/2117/298 730/2118/298 726/2119/298 725/2120/298
f 730/2121/299 727/2122/299 723/2123/299 726/2124/299
f 738/2125/295 737/2126/295 736/2127/295 735/2128/295
f 735/2129/296 736/2130/296 732/2131/296 731/2132/296
f 736/2133/297 737/2134/297 733/2135/297 732/2136/297
f 737/2137/298 738/2138/298 734/2139/298 733/2140/298
f 738/2141/299 735/2142/299 731/2143/299 734/2144/299
f 746/2145/295 745/2146/295 744/2147/295 743/2148/295
f 743/2149/296 744/2150/296 740/2151/296 739/2152/296
f 744/2153/297 745/2154/297 741/2155/297 740/2156/297
f 745/2157/298 746/2158/298 742/2159/298 741/2160/298
f 746/2161/299 743/2162/299 739/2163/299 742/2164/299
f 754/2165/295 753/2166/295 752/2167/295 751/2168/295
f 751/2169/296 752/2170/296 748/2171/296 747/2172/296
f 752/2173/297 753/2174/297 749/2175/297 748/2176/297
f 753/2177/298 754/2178/298 750/2179/298 749/2180/298
f 754/2181/299 751/2182/299 747/2183/299 750/2184/299
f 762/2185/295 761/2186/295 760/2187/295 759/2188/295
f 759/2189/296 760/2190/296 756/2191/296 755/2192/296
f 760/2193/297 761/2194/297 757/2195/297 756/2196/297
f 761/2197/298 762/2198/298 758/2199/298 757/2200/298
f 762/2201/299 759/2202/299 755/2203/299 758/2204/299
f 770/2205/295 769/2206/295 768/2207/295 767/2208/295
f 767/2209/296 768/2210/296 764/2211/296 763/2212/296
f 768/2213/297 769/2214/297 765/2215/297 764/2216/297
f 769/2217/298 770/2218/298 766/2219/298 765/2220/298
f 770/2221/299 767/2222/299 763/2223/299 766/2224/299
f 778/2225/295 777/2226/295 776/2227/295 775/2228/295
f 775/2229/296 776/2230/296 772/2231/296 771/2232/296
f 776/2233/297 777/2234/297 773/2235/297 772/2236/297
f 777/2237/298 778/2238/298 774/2239/298 773/2240/298
f 778/2241/299 775/2242/299 771/2243/299 774/2244/299
f 786/2245/295 785/2246/295 784/2247/295 783/2248/295
f 783/2249/296 784/2250/296 780/2251/296 779/2252/296
f 784/2253/297 785/2254/297 781/2255/297 780/2256/297
f 785/2257/298 786/2258/298 782/2259/298 781/2260/298
f 786/2261/299 783/2262/299 779/2263/299 782/2264/299
f 794/2265/295 793/2266/295 792/2267/295 791/2268/295
f 791/2269/296 792/2270/296 788/2271/296 787/2272/296
f 792/2273/297 793/2274/297 789/2275/297 788/2276/297
f 793/2277/298 794/2278/298 790/2279/298 789/2280/298
f 794/2281/299 791/2282/299 787/2283/299 790/2284/299
f 802/2285/295 801/2286/295 800/2287/295 799/2288/295
f 799/2289/296 800/2290/296 796/2291/296 795/2292/296
f 800/2293/297 801/2294/297 797/2295/297 796/2296/297
f 801/2297/298 802/2298/298 798/2299/298 797/2300/298
f 802/2301/299 799/2302/299 795/2303/299 798/2304/299
f 810/2305/295 809/2306/295 808/2307/295 807/2308/295
f 807/2309/296 808/2310/296 804/2311/296 803/2312/296
f 808/2313/297 809/2314/297 805/2315/297 804/2316/297
f 809/2317/298 810/2318/298 806/2319/298 805/2320/298
f 810/2321/299 807/2322/299 803/2323/299 806/2324/299
f 818/2325/295 817/2326/295 816/2327/295 815/2328/295
f 815/2329/296 816/2330/296 812/2331/296 811/2332/296
f 816/2333/297 817/2334/297 813/2335/297 812/2336/297
f 817/2337/298 818/2338/298 814/2339/298 813/2340/298
f 818/2341/299 815/2342/299 811/2343/299 814/2344/299
f 826/2345/295 825/2346/295 824/2347/295 823/2348/295
f 823/2349/296 824/2350/296 820/2351/296 819/2352/296
f 824/2353/297 825/2354/297 821/2355/297 820/2356/297
f 825/2357/298 826/2358/298 822/2359/298 821/2360/298
f 826/2361/299 823/2362/299 819/2363/299 822/2364/299
f 834/2365/295 833/2366/295 832/2367/295 831/2368/295
f 831/2369/296 832/2370/296 828/2371/296 827/2372/296
f 832/2373/297 833/2374/297 829/2375/297 828/2376/297
f 833/2377/298 834/2378/298 830/2379/298 829/2380/298
f 834/2381/299 831/2382/299 827/2383/299 830/2384/299
f 842/2385/295 841/2386/295 840/2387/295 839/2388/295
f 839/2389/296 840/2390/296 836/2391/296 835/2392/296
f 840/2393/297 841/2394/297 837/2395/297 836/2396/297
f 841/2397/298 842/2398/298 838/2399/298 837/2400/298
f 842/2401/299 839/2402/299 835/2403/299 838/2404/299
f 850/2405/295 849/2406/295 848/2407/295 847/2408/295
f 847/2409/296 848/2410/296 844/2411/296 843/2412/296
f 848/2413/297 849/2414/297 845/2415/297 844/2416/297
f 849/2417/298 850/2418/298 846/2419/298 845/2420/298
f 850/2421/299 847/2422/299 843/2423/299 846/2424/299
f 858/2425/295 857/2426/295 856/2427/295 855/2428/295
f 855/2429/296 856/2430/296 852/2431/296 851/2432/296
f 856/2433/297 857/2434/297 853/2435/297 852/2436/297
f 857/2437/298 858/2438/298 854/2439/298 853/2440/298
f 858/2441/299 855/2442/299 851/2443/299 854/2444/299
f 866/2445/295 865/2446/295 864/2447/295 863/2448/295
f 863/2449/296 864/2450/296 860/2451/296 859/2452/296
f 864/2453/297 865/2454/297 861/2455/297 860/2456/297
f 865/2457/298 866/2458/298 862/2459/298 861/2460/298
f 866/2461/299 863/2462/299 859/2463/299 862/2464/299
f 874/2465/295 873/2466/295 872/2467/295 871/2468/295
f 871/2469/296 872/2470/296 868/2471/296 867/2472/296
f 872/2473/297 873/2474/297 869/2475/297 868/2476/297
f 873/2477/298 874/2478/298 870/2479/298 869/2480/298
f 874/2481/299 871/2482/299 867/2483/299 870/2484/299
f 882/2485/295 881/2486/295 880/2487/295 879/2488/295
f 879/2489/296 880/2490/296 876/2491/296 875/2492/296
f 880/2493/297 881/2494/297 877/2495/297 876/2496/297
f 881/2497/298 882/2498/298 878/2499/298 877/2500/298
f 882/2501/299 879/2502/299 875/2503/299 878/2504/299
f 890/2505/295 889/2506/295 888/2507/295 887/2508/295
f 887/2509/296 888/2510/296 884/2511/296 883/2512/296
f 888/2513/297 889/2514/297 885/2515/297 884/2516/297
f 889/2517/298 890/2518/298 886/2519/298 885/2520/298
f 890/2521/299 887/2522/299 883/2523/299 886/2524/299
f 898/2525/295 897/2526/295 896/2527/295 895/2528/295
f 895/2529/296 896/2530/296 892/2531/296 891/2532/296
f 896/2533/297 897/2534/297 893/2535/297 892/2536/297
f 897/2537/298 898/2538/298 894/2539/298 893/2540/298
f 898/2541/299 895/2542/299 891/2543/299 894/2544/299
f 906/2545/295 905/2546/295 904/2547/295 903/2548/295
f 903/2549/296 904/2550/296 900/2551/296 899/2552/296
f 904/2553/297 905/2554/297 901/2555/297 900/2556/297
f 905/2557/298 906/2558/298 902/2559/298 901/2560/298
f 906/2561/299 903/2562/299 899/2563/299 902/2564/299
f 914/2565/295 913/2566/295 912/2567/295 911/2568/295
f 911/2569/296 912/2570/296 908/2571/296 907/2572/296
f 912/2573/297 913/2574/297 909/2575/297 908/2576/297
f 913/2577/298 914/2578/298 910/2579/298 909/2580/298
f 914/2581/299 911/2582/299 907/2583/299 910/2584/299
f 922/2585/295 921/2586/295 920/2587/295 919/2588/295
f 919/2589/296 920/2590/296 916/2591/296 915/2592/296
f 920/2593/297 921/2594/297 917/2595/297 916/2596/297
f 921/2597/298 922/2598/298 918/2599/298 917/2600/298
f 922/2601/299 919/2602/299 915/2603/299 918/2604/299
f 930/2605/295 929/2606/295 928/2607/295 927/2608/295
f 927/2609/296 928/2610/296 924/2611/296 923/2612/296
f 928/2613/297 929/2614/297 925/2615/297 924/2616/297
f 929/2617/298 930/2618/298 926/2619/298 925/2620/298
f 930/2621/299 927/2622/299 923/2623/299 926/2624/299
f 938/2625/295 937/2626/295 936/2627/295 935/2628/295
f 935/2629/296 936/2630/296 932/2631/296 931/2632/296
f 936/2633/297 937/2634/297 933/2635/297 932/2636/297
f 937/2637/298 938/2638/298 934/2639/298 933/2640/298
f 938/2641/299 935/2642/299 931/2643/299 934/2644/299
f 946/2645/295 945/2646/295 944/2647/295 943/2648/295
f 943/2649/296 944/2650/296 940/2651/296 939/2652/296
f 944/2653/297 945/2654/297 941/2655/297 940/2656/297
f 945/2657/298 946/2658/298 942/2659/298 941/2660/298
f 946/2661/299 943/2662/299 939/2663/299 942/2664/299
f 954/2665/295 953/2666/295 952/2667/295 951/2668/295
f 951/2669/296 952/2670/296 948/2671/296 947/2672/296
f 952/2673/297 953/2674/297 949/2675/297 948/2676/297
f 953/2677/298 954/2678/298 950/2679/298 949/2680/298
f 954/2681/299 951/2682/299 947/2683/299 950/2684/299
f 962/2685/295 961/2686/295 960/2687/295 959/2688/295
f 959/2689/296 960/2690/296 956/2691/296 955/2692/296
f 960/2693/297 961/2694/297 957/2695/297 956/2696/297
f 961/2697/298 962/2698/298 958/2699/298 957/2700/298
f 962/2701/299 959/2702/299 955/2703/299 958/2704/299
f 970/2705/295 969/2706/295 968/2707/295 967/2708/295
f 967/2709/296 968/2710/296 964/2711/296 963/2712/296
f 968/2713/297 969/2714/297 965/2715/297 964/2716/297
f 969/2717/298 970/2718/298 966/2719/298 965/2720/298
f 970/2721/299 967/2722/299 963/2723/299 966/2724/299
f 978/2725/295 977/2726/295 976/2727/295 975/2728/295
f 975/2729/296 976/2730/296 972/2731/296 971/2732/296
f 976/2733/297 977/2734/297 973/2735/297 972/2736/297
f 977/2737/298 978/2738/298 974/2739/298 973/2740/298
f 978/2741/299 975/2742/299 971/2743/299 974/2744/299
f 986/2745/295 985/2746/295 984/2747/295 983/2748/295
f 983/2749/296 984/2750/296 980/2751/296 979/2752/296
f 984/2753/297 985/2754/297 981/2755/297 980/2756/297
f 985/2757/298 986/2758/298 982/2759/298 981/2760/298
f 986/2761/299 983/2762/299 979/2763/299 982/2764/299
f 994/2765/295 993/2766/295 992/2767/295 991/2768/295
f 991/2769/296 992/2770/296 988/2771/296 987/2772/296
f 992/2773/297 993/2774/297 989/2775/297 988/2776/297
f 993/2777/298 994/2778/298 990/2779/298 989/2780/298
f 994/2781/299 991/2782/299 987/2783/299 990/2784/299
f 1002/2785/295 1001/2786/295 1000/2787/295 999/2788/295
f 999/2789/296 1000/2790/296 996/2791/296 995/2792/296
f 1000/2793/297 1001/2794/297 997/2795/297 996/2796/297
f 1001/2797/298 1002/2798/298 998/2799/298 997/2800/298
f 1002/2801/299 999/2802/299 995/2803/299 998/2804/299
f 1010/2805/295 1009/2806/295 1008/2807/295 1007/2808/295
f 1007/2809/296 1008/2810/296 1004/2811/296 1003/2812/296
f 1008/2813/297 1009/2814/297 1005/2815/297 1004/2816/297
f 1009/2817/298 1010/2818/298 1006/2819/298 1005/2820/298
f 1010/2821/299 1007/2822/299 1003/2823/299 1006/2824/299
f 1018/2825/295 1017/2826/295 1016/2827/295 1015/2828/295
f 1015/2829/296 1016/2830/296 1012/2831/296 1011/2832/296
f 1016/2833/297 1017/2834/297 1013/2835/297 1012/2836/297
f 1017/2837/298 1018/2838/298 1014/2839/298 1013/2840/298
f 1018/2841/299 1015/2842/299 1011/2843/299 1014/2844/299
f 1026/2845/295 1025/2846/295 1024/2847/295 1023/2848/295
f 1023/2849/296 1024/2850/296 1020/2851/296 1019/2852/296
f 1024/2853/297 1025/2854/297 1021/2855/297 1020/2856/297
f 1025/2857/298 1026/2858/298 1022/2859/298 1021/2860/298
f 1026/2861/299 1023/2862/299 1019/2863/299 1022/2864/299
f 1034/2865/295 1033/2866/295 1032/2867/295 1031/2868/295
f 1031/2869/296 1032/2870/296 1028/2871/296 1027/2872/296
f 1032/2873/297 1033/2874/297 1029/2875/297 1028/2876/297
f 1033/2877/298 1034/2878/298 1030/2879/298 1029/2880/298
f 1034/2881/299 1031/2882/299 1027/2883/299 1030/2884/299
f 1042/2885/295 1041/2886/295 1040/2887/295 1039/2888/295
f 1039/2889/296 1040/2890/296 1036/2891/296 1035/2892/296
f 1040/2893/297 1041/2894/297 1037/2895/297 1036/2896/297
f 1041/2897/298 1042/2898/298 1038/2899/298 1037/2900/298
f 1042/2901/299 1039/2902/299 1035/2903/299 1038/2904/299
f 1050/2905/295 1049/2906/295 1048/2907/295 1047/2908/295
f 1047/2909/296 1048/2910/296 1044/2911/296 1043/2912/296
f 1048/2913/297 1049/2914/297 1045/2915/297 1044/2916/297
f 1049/2917/298 1050/2918/298 1046/2919/298 1045/2920/298
f 1050/2921/299 1047/2922/299 1043/2923/299 1046/2924/299
f 1058/2925/295 1057/2926/295 1056/2927/295 1055/2928/295
f 1055/2929/296 1056/2930/296 1052/2931/296 1051/2932/296
f 1056/2933/297 1057/2934/297 1053/2935/297 1052/2936/297
f 1057/2937/298 1058/2938/298 1054/2939/298 1053/2940/298
f 1058/2941/299 1055/2942/299 1051/2943/299 1054/2944/299
f 1066/2945/295 1065/2946/295 1064/2947/295 1063/2948/295
f 1063/2949/296 1064/2950/296 1060/2951/296 1059/2952/296
f 1064/2953/297 1065/2954/297 1061/2955/297 1060/2956/297
f 1065/2957/298 1066/2958/298 1062/2959/298 1061/2960/298
f 1066/2961/299 1063/2962/299 1059/2963/299 1062/2964/299
f 1074/2965/295 1073/2966/295 1072/2967/295 1071/2968/295
f 1071/2969/296 1072/2970/296 1068/2971/296 1067/2972/296
f 1072/2973/297 1073/2974/297 1069/2975/297 1068/2976/297
f 1073/2977/298 1074/2978/298 1070/2979/298 1069/2980/298
f 1074/2981/299 1071/2982/299 1067/2983/299 1070/2984/299
f 1082/2985/295 1081/2986/295 1080/2987/295 1079/2988/295
f 1079/2989/296 1080/2990/296 1076/2991/296 1075/2992/296
f 1080/2993/297 1081/2994/297 1077/2995/297 1076/2996/297
f 1081/2997/298 1082/2998/298 1078/2999/298 1077/3000/298
f 1082/3001/299 1079/3002/299 1075/3003/299 1078/3004/299
f 1090/3005/295 1089/3006/295 1088/3007/295 1087/3008/295
f 1087/3009/296 1088/3010/296 1084/3011/296 1083/3012/296
f 1088/3013/297 1089/3014/297 1085/3015/297 1084/3016/297
f 1089/3017/298 1090/3018/298 1086/3019/298 1085/3020/298
f 1090/3021/299 1087/3022/299 1083/3023/299 1086/3024/299
f 1098/3025/295 1097/3026/295 1096/3027/295 1095/3028/295
f 1095/3029/296 1096/3030/296 1092/3031/296 1091/3032/296
f 1096/3033/297 1097/3034/297 1093/3035/297 1092/3036/297
f 1097/3037/298 1098/3038/298 1094/3039/298 1093/3040/298
f 1098/3041/299 1095/3042/299 1091/3043/299 1094/3044/299
f 1106/3045/295 1105/3046/295 1104/3047/295 1103/3048/295
f 1103/3049/296 1104/3050/296 1100/3051/296 1099/3052/296
f 1104/3053/297 1105/3054/297 1101/3055/297 1100/3056/297
f 1105/3057/298 1106/3058/298 1102/3059/298 1101/3060/298
f 1106/3061/299 1103/3062/299 1099/3063/299 1102/3064/299
f 1114/3065/295 1113/3066/295 1112/3067/295 1111/3068/295
f 1111/3069/296 1112/3070/296 1108/3071/296 1107/3072/296
f 1112/3073/297 1113/3074/297 1109/3075/297 1108/3076/297
f 1113/3077/298 1114/3078/298 1110/3079/298 1109/3080/298
f 1114/3081/299 1111/3082/299 1107/3083/299 1110/3084/299
f 1122/3085/295 1121/3086/295 1120/3087/295 1119/3088/295
f 1119/3089/296 1120/3090/296 1116/3091/296 1115/3092/296
f 1120/3093/297 1121/3094/297 1117/3095/297 1116/3096/297
f 1121/3097/298 1122/3098/298 1118/3099/298 1117/3100/298
f 1122/3101/299 1119/3102/299 1115/3103/299 1118/3104/299
f 1130/3105/295 1129/3106/295 1128/3107/295 1127/3108/295
f 1127/3109/296 1128/3110/296 1124/3111/296 1123/3112/296
f 1128/3113/297 1129/3114/297 1125/3115/297 1124/3116/297
f 1129/3117/298 1130/3118/298 1126/3119/298 1125/3120/298
f 1130/3121/299 1127/3122/299 1123/3123/299 1126/3124/299
f 1138/3125/295 1137/3126/295 1136/3127/295 1135/3128/295
f 1135/3129/296 1136/3130/296 1132/3131/296 1131/3132/296
f 1136/3133/297 1137/3134/297 1133/3135/297 1132/3136/297
f 1137/3137/298 1138/3138/298 1134/3139/298 1133/3140/298
f 1138/3141/299 1135/3142/299 1131/3143/299 1134/3144/299
f 1146/3145/295 1145/3146/295 1144/3147/295 1143/3148/295
f 1143/3149/296 1144/3150/296 1140/3151/296 1139/3152/296
f 1144/3153/297 1145/3154/297 1141/3155/297 1140/3156/297
f 1145/3157/298 1146/3158/298 1142/3159/298 1141/3160/298
f 1146/3161/299 1143/3162/299 1139/3163/299 1142/3164/299
f 1154/3165/295 1153/3166/295 1152/3167/295 1151/3168/295
f 1151/3169/296 1152/3170/296 1148/3171/296 1147/3172/296
f 1152/3173/297 1153/3174/297 1149/3175/297 1148/3176/297
f 1153/3177/298 1154/3178/298 1150/3179/298 1149/3180/298
f 1154/3181/299 1151/3182/299 1147/3183/299 1150/3184/299
f 1162/3185/295 1161/3186/295 1160/3187/295 1159/3188/295
f 1159/3189/296 1160/3190/296 1156/3191/296 1155/3192/296
f 1160/3193/297 1161/3194/297 1157/3195/297 1156/3196/297
f 1161/3197/298 1162/3198/298 1158/3199/298 1157/3200/298
f 1162/3201/299 1159/3202/299 1155/3203/299 1158/3204/299
f 1170/3205/295 1169/3206/295 1168/3207/295 1167/3208/295
f 1167/3209/296 1168/3210/296 1164/3211/296 1163/3212/296
f 1168/3213/297 1169/3214/297 1165/3215/297 1164/3216/297
f 1169/3217/298 1170/3218/298 1166/3219/298 1165/3220/298
f 1170/3221/299 1167/3222/299 1163/3223/299 1166/3224/299
f 1178/3225/295 1177/3226/295 1176/3227/295 1175/3228/295
f 1175/3229/296 1176/3230/296 1172/3231/296 1171/3232/296
f 1176/3233/297 1177/3234/297 1173/3235/297 1172/3236/297
f 1177/3237/298 1178/3238/298 1174/3239/298 1173/3240/298
f 1178/3241/299 1175/3242/299 1171/3243/299 1174/3244/299
f 1186/3245/295 1185/3246/295 1184/3247/295 1183/3248/295
f 1183/3249/296 1184/3250/296 1180/3251/296 1179/3252/296
f 1184/3253/297 1185/3254/297 1181/3255/297 1180/3256/297
f 1185/3257/298 1186/3258/298 1182/3259/298 1181/3260/298
f 1186/3261/299 1183/3262/299 1179/3263/299 1182/3264/299
f 1194/3265/295 1193/3266/295 1192/3267/295 1191/3268/295
f 1191/3269/296 1192/3270/296 1188/3271/296 1187/3272/296
f 1192/3273/297 1193/3274/297 1189/3275/297 1188/3276/297
f 1193/3277/298 1194/3278/298 1190/3279/298 1189/3280/298
f 1194/3281/299 1191/3282/299 1187/3283/299 1190/3284/299
f 1202/3285/295 1201/3286/295 1200/3287/295 1199/3288/295
f 1199/3289/296 1200/3290/296 1196/3291/296 1195/3292/296
f 1200/3293/297 1201/3294/297 1197/3295/297 1196/3296/297
f 1201/3297/298 1202/3298/298 1198/3299/298 1197/3300/298
f 1202/3301/299 1199/3302/299 1195/3303/299 1198/3304/299
f 1210/3305/295 1209/3306/295 1208/3307/295 1207/3308/295
f 1207/3309/296 1208/3310/296 1204/3311/296 1203/3312/296
f 1208/3313/297 1209/3314/297 1205/3315/297 1204/3316/297
f 1209/3317/298 1210/3318/298 1206/3319/298 1205/3320/298
f 1210/3321/299 1207/3322/299 1203/3323/299 1206/3324/299
f 1218/3325/295 1217/3326/295 1216/3327/295 1215/3328/295
f 1215/3329/296 1216/3330/296 1212/3331/296 1211/3332/296
f 1216/3333/297 1217/3334/297 1213/3335/297 1212/3336/297
f 1217/3337/298 1218/3338/298 1214/3339/298 1213/3340/298
f 1218/3341/299 1215/3342/299 1211/3343/299 1214/3344/299
f 1226/3345/295 1225/3346/295 1224/3347/295 1223/3348/295
f 1223/3349/296 1224/3350/296 1220/3351/296 1219/3352/296
f 1224/3353/297 1225/3354/297 1221/3355/297 1220/3356/297
f 1225/3357/298 1226/3358/298 1222/3359/298 1221/3360/298
f 1226/3361/299 1223/3362/299 1219/3363/299 1222/3364/299
f 1234/3365/295 1233/3366/295 1232/3367/295 1231/3368/295
f 1231/3369/296 1232/3370/296 1228/3371/296 1227/3372/296
f 1232/3373/297 1233/3374/297 1229/3375/297 1228/3376/297
f 1233/3377/298 1234/3378/298 1230/3379/298 1229/3380/298
f 1234/3381/299 1231/3382/299 1227/3383/299 1230/3384/299
f 1242/3385/295 1241/3386/295 1240/3387/295 1239/3388/295
f 1239/3389/296 1240/3390/296 1236/3391/296 1235/3392/296
f 1240/3393/297 1241/3394/297 1237/3395/297 1236/3396/297
f 1241/3397/298 1242/3398/298 1238/3399/298 1237/3400/298
f 1242/3401/299 1239/3402/299 1235/3403/299 1238/3404/299
f 1250/3405/295 1249/3406/295 1248/3407/295 1247/3408/295
f 1247/3409/296 1248/3410/296 1244/3411/296 1243/3412/296
f 1248/3413/297 1249/3414/297 1245/3415/297 1244/3416/297
f 1249/3417/298 1250/3418/298 1246/3419/298 1245/3420/298
f 1250/3421/299 1247/3422/299 1243/3423/299 1246/3424/299
f 1258/3425/295 1257/3426/295 1256/3427/295 1255/3428/295
f 1255/3429/296 1256/3430/296 1252/3431/296 1251/3432/296
f 1256/3433/297 1257/3434/297 1253/3435/297 1252/3436/297
f 1257/3437/298 1258/3438/298 1254/3439/298 1253/3440/298
f 1258/3441/299 1255/3442/299 1251/3443/299 1254/3444/299
f 1266/3445/295 1265/3446/295 1264/3447/295 1263/3448/295
f 1263/3449/296 1264/3450/296 1260/3451/296 1259/3452/296
f 1264/3453/297 1265/3454/297 1261/3455/297 1260/3456/297
f 1265/3457/298 1266/3458/298 1262/3459/298 1261/3460/298
f 1266/3461/299 1263/3462/299 1259/3463/299 1262/3464/299
f 1274/3465/295 1273/3466/295 1272/3467/295 1271/3468/295
f 1271/3469/296 1272/3470/296 1268/3471/296 1267/3472/296
f 1272/3473/297 1273/3474/297 1269/3475/297 1268/3476/297
f 1273/3477/298 1274/3478/298 1270/3479/298 1269/3480/298
f 1274/3481/299 1271/3482/299 1267/3483/299 1270/3484/299
f 1282/3485/295 1281/3486/295 1280/3487/295 1279/3488/295
f 1279/3489/296 1280/3490/296 1276/3491/296 1275/3492/296
f 1280/3493/297 1281/3494/297 1277/3495/297 1276/3496/297
f 1281/3497/298 1282/3498/298 1278/3499/298 1277/3500/298
f 1282/3501/299 1279/3502/299 1275/3503/299 1278/3504/299
o mouse_shell
usemtl mouse
v 0.083012 -0.15625 0.284375
v 0.083125 -0.14625 0.284375
v 0.083076 -0.140947 0.284375
v 0.082929 -0.137449 0.284375
v 0.082686 -0.13476 0.284375
v 0.08235 -0.132821 0.284375
v 0.081913 -0.131645 0.284375
v 0.08125 -0.13125 0.284375
v 0.080587 -0.131645 0.284375
v 0.08015 -0.132821 0.284375
v 0.079814 -0.13476 0.284375
v 0.079571 -0.137449 0.284375
v 0.079424 -0.140947 0.284375
v 0.079375 -0.14625 0.284375
v 0.079487 -0.15625 0.284375
v 0.098558 -0.15625 0.28565
v 0.099662 -0.14625 0.28565
v 0.099178 -0.14077 0.28565
v 0.097734 -0.137157 0.28565
v 0.095353 -0.134378 0.28565
v 0.092053 -0.132375 0.28565
v 0.08776 -0.131159 0.28565
v 0.08125 -0.130752 0.28565
v 0.07474 -0.131159 0.28565
v 0.070447 -0.132375 0.28565
v 0.067147 -0.134378 0.28565
v 0.064766 -0.137157 0.28565
v 0.063322 -0.14077 0.28565
v 0.062838 -0.14625 0.28565
v 0.063942 -0.15625 0.28565
v 0.108466 -0.15625 0.288625
v 0.110204 -0.14625 0.288625
v 0.109442 -0.140257 0.288625
v 0.107171 -0.136304 0.288625
v 0.103428 -0.133266 0.288625
v 0.098238 -0.131074 0.288625
v 0.091487 -0.129745 0.288625
v 0.08125 -0.129299 0.288625
v 0.071013 -0.129745 0.288625
v 0.064262 -0.131074 0.288625
v 0.059072 -0.133266 0.288625
v 0.055329 -0.136304 0.288625
v 0.053058 -0.140257 0.288625
v 0.052296 -0.14625 0.288625
v 0.054034 -0.15625 0.288625
v 0.117732 -0.15625 0.293938
v 0.120061 -0.14625 0.293938
v 0.11904 -0.139044 0.293938
v 0.115996 -0.134292 0.293938
v 0.110979 -0.130639 0.293938
v 0.104022 -0.128004 0.293938
v 0.094972 -0.126405 0.293938
v 0.08125 -0.125869 0.293938
v 0.067528 -0.126405 0.293938
v 0.058478 -0.128004 0.293938
v 0.051521 -0.130639 0.293938
v 0.046504 -0.134292 0.293938
v 0.04346 -0.139044 0.293938
v 0.042439 -0.14625 0.293938
v 0.044768 -0.15625 0.293938
v 0.127232 -0.15625 0.3035
v 0.130167 -0.14625 0.3035
v 0.12888 -0.136279 0.3035
v 0.125043 -0.129702 0.3035
v 0.11872 -0.124647 0.3035
v 0.109951 -0.121001 0.3035
v 0.098545 -0.118789 0.3035
v 0.08125 -0.118047 0.3035
v 0.063955 -0.118789 0.3035
v 0.052549 -0.121001 0.3035
v 0.04378 -0.124647 0.3035
v 0.037457 -0.129702 0.3035
v 0.03362 -0.136279 0.3035
v 0.032333 -0.14625 0.3035
v 0.035268 -0.15625 0.3035
v 0.1354 -0.15625 0.318375
v 0.138857 -0.14625 0.318375
v 0.137341 -0.132067 0.318375
v 0.132823 -0.122712 0.318375
v 0.125376 -0.115521 0.318375
v 0.11505 -0.110335 0.318375
v 0.101617 -0.107189 0.318375
v 0.08125 -0.106133 0.318375
v 0.060883 -0.107189 0.318375
v 0.04745 -0.110335 0.318375
v 0.037124 -0.115521 0.318375
v 0.029677 -0.122712 0.318375
v 0.025159 -0.132067 0.318375
v 0.023643 -0.14625 0.318375
v 0.0271 -0.15625 0.318375
v 0.140609 -0.15625 0.3375
v 0.144397 -0.14625 0.3375
v 0.142736 -0.129315 0.3375
v 0.137783 -0.118146 0.3375
v 0.12962 -0.10956 0.3375
v 0.1183 -0.103368 0.3375
v 0.103576 -0.099611 0.3375
v 0.08125 -0.09835 0.3375
v 0.058924 -0.099611 0.3375
v 0.0442 -0.103368 0.3375
v 0.03288 -0.10956 0.3375
v 0.024717 -0.118146 0.3375
v 0.019764 -0.129315 0.3375
v 0.018103 -0.14625 0.3375
v 0.021891 -0.15625 0.3375
v 0.142712 -0.15625 0.35875
v 0.146635 -0.14625 0.35875
v 0.144914 -0.128172 0.35875
v 0.139786 -0.116249 0.35875
v 0.131334 -0.107084 0.35875
v 0.119613 -0.100474 0.35875
v 0.104367 -0.096464 0.35875
v 0.08125 -0.095118 0.35875
v 0.058133 -0.096464 0.35875
v 0.042887 -0.100474 0.35875
v 0.031166 -0.107084 0.35875
v 0.022714 -0.116249 0.35875
v 0.017586 -0.128172 0.35875
v 0.015865 -0.14625 0.35875
v 0.019788 -0.15625 0.35875
v 0.142608 -0.15625 0.38
v 0.146524 -0.14625 0.38
v 0.144806 -0.128397 0.38
v 0.139687 -0.116623 0.38
v 0.131249 -0.107571 0.38
v 0.119548 -0.101044 0.38
v 0.104328 -0.097083 0.38
v 0.08125 -0.095754 0.38
v 0.058172 -0.097083 0.38
v 0.042952 -0.101044 0.38
v 0.031251 -0.107571 0.38
v 0.022813 -0.116623 0.38
v 0.017694 -0.128397 0.38
v 0.015976 -0.14625 0.38
v 0.019892 -0.15625 0.38
v 0.141077 -0.15625 0.40125
v 0.144896 -0.14625 0.40125
v 0.143221 -0.129506 0.40125
v 0.138229 -0.118462 0.40125
v 0.130001 -0.109973 0.40125
v 0.118593 -0.103851 0.40125
v 0.103752 -0.100136 0.40125
v 0.08125 -0.09889 0.40125
v 0.058748 -0.100136 0.40125
v 0.043907 -0.103851 0.40125
v 0.032499 -0.109973 0.40125
v 0.024271 -0.118462 0.40125
v 0.019279 -0.129506 0.40125
v 0.017604 -0.14625 0.40125
v 0.021423 -0.15625 0.40125
v 0.138374 -0.15625 0.4225
v 0.14202 -0.14625 0.4225
v 0.140421 -0.130954 0.4225
v 0.135655 -0.120867 0.4225
v 0.127799 -0.113112 0.4225
v 0.116906 -0.107519 0.4225
v 0.102736 -0.104126 0.4225
v 0.08125 -0.102988 0.4225
v 0.059764 -0.104126 0.4225
v 0.045594 -0.107519 0.4225
v 0.034701 -0.113112 0.4225
v 0.026845 -0.120867 0.4225
v 0.022079 -0.130954 0.4225
v 0.02048 -0.14625 0.4225
v 0.024126 -0.15625 0.4225
v 0.133843 -0.15625 0.44375
v 0.1372 -0.14625 0.44375
v 0.135728 -0.132837 0.44375
v 0.131339 -0.123992 0.44375
v 0.124107 -0.117192 0.44375
v 0.114077 -0.112288 0.44375
v 0.101031 -0.109312 0.44375
v 0.08125 -0.108314 0.44375
v 0.061469 -0.109312 0.44375
v 0.048423 -0.112288 0.44375
v 0.038393 -0.117192 0.44375
v 0.031161 -0.123992 0.44375
v 0.026772 -0.132837 0.44375
v 0.0253 -0.14625 0.44375
v 0.028657 -0.15625 0.44375
v 0.127281 -0.15625 0.462875
v 0.13022 -0.14625 0.462875
v 0.128931 -0.134936 0.462875
v 0.12509 -0.127475 0.462875
v 0.11876 -0.121739 0.462875
v 0.109982 -0.117602 0.462875
v 0.098564 -0.115092 0.462875
v 0.08125 -0.11425 0.462875
v 0.063936 -0.115092 0.462875
v 0.052518 -0.117602 0.462875
v 0.04374 -0.121739 0.462875
v 0.03741 -0.127475 0.462875
v 0.033569 -0.134936 0.462875
v 0.03228 -0.14625 0.462875
v 0.035219 -0.15625 0.462875
v 0.119168 -0.15625 0.47775
v 0.121589 -0.14625 0.47775
v 0.120527 -0.137079 0.47775
v 0.117363 -0.131031 0.47775
v 0.112149 -0.126382 0.47775
v 0.104918 -0.123029 0.47775
v 0.095512 -0.120995 0.47775
v 0.08125 -0.120312 0.47775
v 0.066988 -0.120995 0.47775
v 0.057582 -0.123029 0.47775
v 0.050351 -0.126382 0.47775
v 0.045137 -0.131031 0.47775
v 0.041973 -0.137079 0.47775
v 0.040911 -0.14625 0.47775
v 0.043332 -0.15625 0.47775
v 0.110778 -0.15625 0.487312
v 0.112663 -0.14625 0.487312
v 0.111836 -0.138318 0.487312
v 0.109373 -0.133087 0.487312
v 0.105312 -0.129065 0.487312
v 0.099681 -0.126165 0.487312
v 0.092356 -0.124405 0.487312
v 0.08125 -0.123815 0.487312
v 0.070144 -0.124405 0.487312
v 0.062819 -0.126165 0.487312
v 0.057188 -0.129065 0.487312
v 0.053127 -0.133087 0.487312
v 0.050664 -0.138318 0.487312
v 0.049837 -0.14625 0.487312
v 0.051722 -0.15625 0.487312
v 0.103057 -0.15625 0.492625
v 0.104449 -0.14625 0.492625
v 0.103839 -0.138857 0.492625
v 0.102019 -0.133982 0.492625
v 0.09902 -0.130234 0.492625
v 0.094862 -0.127531 0.492625
v 0.089452 -0.125891 0.492625
v 0.08125 -0.125341 0.492625
v 0.073048 -0.125891 0.492625
v 0.067638 -0.127531 0.492625
v 0.06348 -0.130234 0.492625
v 0.060481 -0.133982 0.492625
v 0.058661 -0.138857 0.492625
v 0.058051 -0.14625 0.492625
v 0.059443 -0.15625 0.492625
v 0.095041 -0.15625 0.4956
v 0.095921 -0.14625 0.4956
v 0.095535 -0.139094 0.4956
v 0.094384 -0.134375 0.4956
v 0.092488 -0.130747 0.4956
v 0.089858 -0.12813 0.4956
v 0.086437 -0.126543 0.4956
v 0.08125 -0.12601 0.4956
v 0.076063 -0.126543 0.4956
v 0.072642 -0.12813 0.4956
v 0.070012 -0.130747 0.4956
v 0.068116 -0.134375 0.4956
v 0.066965 -0.139094 0.4956
v 0.066579 -0.14625 0.4956
v 0.067459 -0.15625 0.4956
v 0.083012 -0.15625 0.496875
v 0.083125 -0.14625 0.496875
v 0.083076 -0.139179 0.496875
v 0.082929 -0.134515 0.496875
v 0.082686 -0.13093 0.496875
v 0.08235 -0.128345 0.496875
v 0.081913 -0.126776 0.496875
v 0.08125 -0.12625 0.496875
v 0.080587 -0.126776 0.496875
v 0.08015 -0.128345 0.496875
v 0.079814 -0.13093 0.496875
v 0.079571 -0.134515 0.496875
v 0.079424 -0.139179 0.496875
v 0.079375 -0.14625 0.496875
v 0.079487 -0.15625 0.496875
v 0.08125 -0.139433 0.284375
v 0.08125 -0.136716 0.496875
vt 0.29636 0.369264
vt 0.29608 0.394103
vt 0.254918 0.394139
vt 0.257661 0.369302
vt 0.29608 0.394103
vt 0.296203 0.407276
vt 0.256121 0.407751
vt 0.254918 0.394139
vt 0.296203 0.407276
vt 0.296568 0.415964
vt 0.259707 0.41673
vt 0.256121 0.407751
vt 0.296568 0.415964
vt 0.29717 0.422643
vt 0.265618 0.423634
vt 0.259707 0.41673
vt 0.29717 0.422643
vt 0.298004 0.42746
vt 0.273813 0.428615
vt 0.265618 0.423634
vt 0.298004 0.42746
vt 0.29909 0.430383
vt 0.284474 0.431641
vt 0.90757 0.048828
vt 0.896484 0.048828
vt 0.919376 0.040563
vt 0.056641 0.021484
vt 0.056641 0.019568
vt 0.059982 0.018934
vt 0.488346 0.568213
vt 0.472143 0.568115
vt 0.486585 0.564401
vt 0.857422 0.040821
vt 0.859315 0.040552
vt 0.872357 0.047791
vt 0.504444 0.567097
vt 0.488346 0.568213
vt 0.488281 0.564936
vt 0.302382 0.430385
vt 0.303468 0.427463
vt 0.327466 0.428647
vt 0.883382 0.048828
vt 0.872357 0.047791
vt 0.859315 0.040552
vt 0.303468 0.427463
vt 0.304303 0.422647
vt 0.335662 0.423675
vt 0.327466 0.428647
vt 0.304303 0.422647
vt 0.304905 0.415969
vt 0.341572 0.416778
vt 0.335662 0.423675
vt 0.304905 0.415969
vt 0.30527 0.407281
vt 0.345158 0.407803
vt 0.341572 0.416778
vt 0.30527 0.407281
vt 0.305392 0.394108
vt 0.346361 0.394193
vt 0.345158 0.407803
vt 0.305392 0.394108
vt 0.305113 0.369269
vt 0.343618 0.369353
vt 0.346361 0.394193
vt 0.009766 0.841919
vt 0.009766 0.833161
vt 0.012933 0.794542
vt 0.012933 0.880538
vt 0.257661 0.369302
vt 0.254918 0.394139
vt 0.228516 0.394266
vt 0.23283 0.36943
vt 0.254918 0.394139
vt 0.256121 0.407751
vt 0.230408 0.409154
vt 0.228516 0.394266
vt 0.256121 0.407751
vt 0.259707 0.41673
vt 0.236047 0.418975
vt 0.230408 0.409154
vt 0.563331 0.070442
vt 0.572067 0.072631
vt 0.55684 0.087891
vt 0.544922 0.086856
vt 0.572067 0.072631
vt 0.581652 0.072319
vt 0.570602 0.085662
vt 0.55684 0.087891
vt 0.461333 0.566643
vt 0.472143 0.568115
vt 0.463081 0.576426
vt 0.446158 0.574977
vt 0.472143 0.568115
vt 0.488346 0.568213
vt 0.488536 0.576289
vt 0.463081 0.576426
vt 0.488346 0.568213
vt 0.504444 0.567097
vt 0.513875 0.574825
vt 0.488536 0.576289
vt 0.504444 0.567097
vt 0.514936 0.564953
vt 0.530451 0.57232
vt 0.513875 0.574825
vt 0.011703 0.431641
vt 0.011833 0.42205
vt 0.026599 0.406563
vt 0.024841 0.420372
vt 0.011833 0.42205
vt 0.009766 0.413365
vt 0.025504 0.39467
vt 0.026599 0.406563
vt 0.892953 0.430735
vt 0.895862 0.421584
vt 0.922338 0.421543
vt 0.917558 0.431641
vt 0.895862 0.421584
vt 0.896328 0.407926
vt 0.923385 0.406576
vt 0.922338 0.421543
vt 0.896328 0.407926
vt 0.892578 0.383257
vt 0.918172 0.381988
vt 0.923385 0.406576
vt 0.012933 0.880538
vt 0.012933 0.794542
vt 0.020324 0.769924
vt 0.020324 0.905156
vt 0.892578 0.103953
vt 0.917559 0.106961
vt 0.918429 0.134766
vt 0.893395 0.130471
vt 0.917559 0.106961
vt 0.932372 0.104839
vt 0.936229 0.131986
vt 0.918429 0.134766
vt 0.080078 0.328223
vt 0.081985 0.317169
vt 0.105478 0.328274
vt 0.103631 0.34209
vt 0.081985 0.317169
vt 0.080616 0.305323
vt 0.103097 0.313164
vt 0.105478 0.328274
vt 0.432996 0.572123
vt 0.446158 0.574977
vt 0.43221 0.590559
vt 0.414606 0.587184
vt 0.446158 0.574977
vt 0.463081 0.576426
vt 0.45487 0.592229
vt 0.43221 0.590559
vt 0.463081 0.576426
vt 0.488536 0.576289
vt 0.488983 0.591953
vt 0.45487 0.592229
vt 0.488536 0.576289
vt 0.513875 0.574825
vt 0.522956 0.590083
vt 0.488983 0.591953
vt 0.513875 0.574825
vt 0.530451 0.57232
vt 0.5452 0.586997
vt 0.522956 0.590083
vt 0.024841 0.420372
vt 0.026599 0.406563
vt 0.046979 0.394184
vt 0.044132 0.412294
vt 0.026599 0.406563
vt 0.025504 0.39467
vt 0.046192 0.378799
vt 0.046979 0.394184
vt 0.025504 0.39467
vt 0.021422 0.384658
vt 0.041604 0.366102
vt 0.046192 0.378799
vt 0.922338 0.421543
vt 0.923385 0.406576
vt 0.950959 0.405313
vt 0.949458 0.423321
vt 0.923385 0.406576
vt 0.918172 0.381988
vt 0.944378 0.3808
vt 0.950959 0.405313
vt 0.020324 0.905156
vt 0.020324 0.769924
vt 0.033522 0.746904
vt 0.033522 0.928176
vt 0.611841 0.134766
vt 0.611328 0.109268
vt 0.645294 0.102877
vt 0.644781 0.128759
vt 0.451266 0.084546
vt 0.451172 0.066466
vt 0.485764 0.062913
vt 0.48567 0.087891
vt 0.103631 0.34209
vt 0.105478 0.328274
vt 0.139313 0.335026
vt 0.136223 0.353516
vt 0.105478 0.328274
vt 0.103097 0.313164
vt 0.136898 0.315156
vt 0.139313 0.335026
vt 0.414606 0.587184
vt 0.43221 0.590559
vt 0.418412 0.620453
vt 0.396182 0.615715
vt 0.43221 0.590559
vt 0.45487 0.592229
vt 0.446999 0.622851
vt 0.418412 0.620453
vt 0.45487 0.592229
vt 0.488983 0.591953
vt 0.490004 0.622602
vt 0.446999 0.622851
vt 0.488983 0.591953
vt 0.522956 0.590083
vt 0.532815 0.620146
vt 0.490004 0.622602
vt 0.522956 0.590083
vt 0.5452 0.586997
vt 0.560824 0.615964
vt 0.532815 0.620146
vt 0.044132 0.412294
vt 0.046979 0.394184
vt 0.079727 0.385867
vt 0.076665 0.409124
vt 0.046979 0.394184
vt 0.046192 0.378799
vt 0.078003 0.365878
vt 0.079727 0.385867
vt 0.240234 0.083265
vt 0.240757 0.069268
vt 0.274808 0.063294
vt 0.274606 0.082207
vt 0.498047 0.084337
vt 0.498141 0.066257
vt 0.532545 0.062913
vt 0.532639 0.087891
vt 0.564453 0.128375
vt 0.564966 0.102877
vt 0.597906 0.108884
vt 0.598419 0.134766
vt 0.033522 0.928176
vt 0.033522 0.746904
vt 0.057279 0.723303
vt 0.057279 0.951777
vt 0.443777 0.291016
vt 0.443359 0.265149
vt 0.485238 0.258167
vt 0.485204 0.284453
vt 0.759929 0.288527
vt 0.759766 0.263551
vt 0.802817 0.255579
vt 0.802654 0.291016
vt 0.18211 0.087395
vt 0.181641 0.0685
vt 0.226354 0.062097
vt 0.225885 0.087891
vt 0.334546 0.084858
vt 0.333984 0.064767
vt 0.380308 0.062199
vt 0.380308 0.062199
vt 0.379609 0.087891
vt 0.334546 0.084858
vt 0.396182 0.615715
vt 0.418412 0.620453
vt 0.407154 0.666292
vt 0.380859 0.659386
vt 0.418412 0.620453
vt 0.446999 0.622851
vt 0.44089 0.669922
vt 0.407154 0.666292
vt 0.446999 0.622851
vt 0.490004 0.622602
vt 0.491557 0.669899
vt 0.44089 0.669922
vt 0.490004 0.622602
vt 0.532815 0.620146
vt 0.54195 0.666736
vt 0.491557 0.669899
vt 0.532815 0.620146
vt 0.560824 0.615964
vt 0.574864 0.661006
vt 0.54195 0.666736
vt 0.076665 0.409124
vt 0.079727 0.385867
vt 0.124842 0.383986
vt 0.122683 0.412557
vt 0.392578 0.085359
vt 0.393121 0.065267
vt 0.438186 0.062201
vt 0.438186 0.062201
vt 0.4389 0.087891
vt 0.392578 0.085359
vt 0.274606 0.082207
vt 0.274808 0.063294
vt 0.318211 0.062131
vt 0.319226 0.087891
vt 0.818359 0.283044
vt 0.818522 0.258068
vt 0.861248 0.255579
vt 0.86141 0.291016
vt 0.337891 0.279582
vt 0.338308 0.253715
vt 0.379736 0.260278
vt 0.379769 0.286564
vt 0.057279 0.951777
vt 0.057279 0.723303
vt 0.094234 0.703011
vt 0.094234 0.972069
vt 0.485204 0.284453
vt 0.485238 0.258167
vt 0.534211 0.253715
vt 0.533891 0.280268
vt 0.240274 0.351629
vt 0.240234 0.316193
vt 0.289146 0.310697
vt 0.289147 0.352973
vt 0.009885 0.181641
vt 0.009766 0.155847
vt 0.059037 0.150467
vt 0.059038 0.180821
vt 0.775618 0.134348
vt 0.775391 0.108647
vt 0.825799 0.105279
vt 0.825759 0.134712
vt 0.28767 0.5114
vt 0.28837 0.482819
vt 0.339211 0.484056
vt 0.338137 0.515845
vt 0.28837 0.482819
vt 0.287109 0.448887
vt 0.338014 0.446584
vt 0.339211 0.484056
vt 0.224866 0.564559
vt 0.275288 0.565991
vt 0.274385 0.617051
vt 0.219125 0.615408
vt 0.275288 0.565991
vt 0.325955 0.565917
vt 0.329937 0.616896
vt 0.274385 0.617051
vt 0.325955 0.565917
vt 0.359654 0.56412
vt 0.366914 0.614708
vt 0.329937 0.616896
vt 0.345703 0.179955
vt 0.345927 0.151261
vt 0.396472 0.149035
vt 0.39651 0.181089
vt 0.658203 0.129916
vt 0.658431 0.104215
vt 0.708571 0.103851
vt 0.708611 0.133284
vt 0.177734 0.17397
vt 0.177853 0.148176
vt 0.227007 0.148996
vt 0.227006 0.17935
vt 0.408203 0.345723
vt 0.408242 0.310287
vt 0.457115 0.308943
vt 0.457115 0.351219
vt 0.379769 0.286564
vt 0.379736 0.260278
vt 0.428422 0.264463
vt 0.428743 0.291016
vt 0.094234 0.972069
vt 0.094234 0.703011
vt 0.141748 0.690071
vt 0.141748 0.985009
vt 0.650392 0.226484
vt 0.650391 0.199917
vt 0.702766 0.197954
vt 0.702787 0.224639
vt 0.289147 0.352973
vt 0.289146 0.310697
vt 0.342231 0.3084
vt 0.342214 0.353516
vt 0.059038 0.180821
vt 0.059037 0.150467
vt 0.112214 0.148176
vt 0.112164 0.180418
vt 0.825759 0.134712
vt 0.825799 0.105279
vt 0.878813 0.103797
vt 0.878658 0.134766
vt 0.338137 0.515845
vt 0.339211 0.484056
vt 0.392233 0.484484
vt 0.391001 0.517578
vt 0.339211 0.484056
vt 0.338014 0.446584
vt 0.391067 0.445575
vt 0.392233 0.484484
vt 0.219125 0.615408
vt 0.274385 0.617051
vt 0.27401 0.669922
vt 0.216797 0.668191
vt 0.274385 0.617051
vt 0.329937 0.616896
vt 0.331536 0.669733
vt 0.27401 0.669922
vt 0.587891 0.613348
vt 0.58796 0.575623
vt 0.640324 0.573942
vt 0.640238 0.613067
vt 0.39651 0.181089
vt 0.396472 0.149035
vt 0.449414 0.148216
vt 0.449564 0.181641
vt 0.708611 0.133284
vt 0.708571 0.103851
vt 0.761471 0.103797
vt 0.761626 0.134766
vt 0.227006 0.17935
vt 0.227007 0.148996
vt 0.280133 0.149399
vt 0.280183 0.181641
vt 0.457115 0.351219
vt 0.457115 0.308943
vt 0.510183 0.3084
vt 0.510199 0.353516
vt 0.373047 0.230458
vt 0.373049 0.203891
vt 0.425444 0.205737
vt 0.425423 0.232422
vt 0.141748 0.985009
vt 0.141748 0.690071
vt 0.194541 0.684845
vt 0.194541 0.990234
vt 0.702787 0.224639
vt 0.702766 0.197954
vt 0.755476 0.198051
vt 0.755496 0.22473
vt 0.342214 0.353516
vt 0.342231 0.3084
vt 0.394551 0.30893
vt 0.394541 0.353489
vt 0.112164 0.180418
vt 0.112214 0.148176
vt 0.164398 0.148924
vt 0.164367 0.18082
vt 0.009973 0.133595
vt 0.009766 0.102642
vt 0.061894 0.103352
vt 0.062071 0.134079
vt 0.0104 0.517308
vt 0.009766 0.484117
vt 0.062103 0.484511
vt 0.06271 0.517578
vt 0.009766 0.484117
vt 0.010616 0.445318
vt 0.062968 0.445819
vt 0.062103 0.484511
vt 0.552887 0.957862
vt 0.552734 0.900338
vt 0.604658 0.90041
vt 0.604802 0.957835
vt 0.640658 0.669922
vt 0.640238 0.613067
vt 0.693043 0.612839
vt 0.693464 0.66959
vt 0.640238 0.613067
vt 0.640324 0.573942
vt 0.693124 0.573803
vt 0.693043 0.612839
vt 0.009766 0.230954
vt 0.009956 0.197541
vt 0.062081 0.197167
vt 0.06192 0.230441
vt 0.287109 0.134766
vt 0.287317 0.103812
vt 0.339414 0.103329
vt 0.339238 0.134056
vt 0.280183 0.181641
vt 0.280133 0.149399
vt 0.332336 0.148996
vt 0.332367 0.180893
vt 0.510199 0.353516
vt 0.510183 0.3084
vt 0.56251 0.308427
vt 0.56252 0.352986
vt 0.425423 0.232422
vt 0.425444 0.205737
vt 0.478152 0.205645
vt 0.478132 0.232325
vt 0.194541 0.990234
vt 0.194541 0.684845
vt 0.247334 0.685104
vt 0.247334 0.989976
vt 0.755496 0.22473
vt 0.755476 0.198051
vt 0.808402 0.19948
vt 0.808408 0.226073
vt 0.576244 0.353516
vt 0.576172 0.308959
vt 0.628771 0.311288
vt 0.628808 0.353095
vt 0.463098 0.180551
vt 0.462891 0.148669
vt 0.515618 0.151254
vt 0.515724 0.181358
vt 0.062071 0.134079
vt 0.061894 0.103352
vt 0.114984 0.105397
vt 0.115052 0.134766
vt 0.06271 0.517578
vt 0.062103 0.484511
vt 0.115393 0.484996
vt 0.115896 0.517007
vt 0.062103 0.484511
vt 0.062968 0.445819
vt 0.11629 0.44741
vt 0.115393 0.484996
vt 0.604802 0.957835
vt 0.604658 0.90041
vt 0.657899 0.900765
vt 0.658014 0.956753
vt 0.604658 0.90041
vt 0.605915 0.843286
vt 0.659098 0.845061
vt 0.657899 0.900765
vt 0.693043 0.612839
vt 0.693124 0.573803
vt 0.746207 0.574662
vt 0.746145 0.612646
vt 0.06192 0.230441
vt 0.062081 0.197167
vt 0.115217 0.197146
vt 0.115156 0.229311
vt 0.339238 0.134056
vt 0.339414 0.103329
vt 0.392395 0.102642
vt 0.392328 0.13201
vt 0.685547 0.181641
vt 0.685754 0.149759
vt 0.73838 0.148952
vt 0.738274 0.179056
vt 0.009766 0.291016
vt 0.009838 0.246459
vt 0.062401 0.24688
vt 0.062364 0.288686
vt 0.478132 0.232325
vt 0.478152 0.205645
vt 0.531064 0.204302
vt 0.531058 0.230895
vt 0.247334 0.989976
vt 0.247334 0.685104
vt 0.300127 0.688908
vt 0.300127 0.986172
vt 0.808408 0.226073
vt 0.808402 0.19948
vt 0.861505 0.202003
vt 0.861486 0.228445
vt 0.628808 0.353095
vt 0.628771 0.311288
vt 0.681972 0.314144
vt 0.681972 0.352351
vt 0.515724 0.181358
vt 0.515618 0.151254
vt 0.568991 0.153923
vt 0.568991 0.181641
vt 0.115052 0.134766
vt 0.114984 0.105397
vt 0.168603 0.107069
vt 0.168558 0.134492
vt 0.115896 0.517007
vt 0.115393 0.484996
vt 0.169109 0.484626
vt 0.169497 0.514949
vt 0.115393 0.484996
vt 0.11629 0.44741
vt 0.170021 0.448884
vt 0.169109 0.484626
vt 0.658014 0.956753
vt 0.657899 0.900765
vt 0.711648 0.90123
vt 0.71173 0.954682
vt 0.657899 0.900765
vt 0.659098 0.845061
vt 0.712766 0.848036
vt 0.711648 0.90123
vt 0.746145 0.612646
vt 0.746207 0.574662
vt 0.799407 0.576847
vt 0.799366 0.613036
vt 0.115156 0.229311
vt 0.115217 0.197146
vt 0.168847 0.198377
vt 0.168891 0.228797
vt 0.392328 0.13201
vt 0.392395 0.102642
vt 0.445902 0.102915
vt 0.445947 0.130339
vt 0.738274 0.179056
vt 0.73838 0.148952
vt 0.791647 0.148669
vt 0.791647 0.176387
vt 0.062364 0.288686
vt 0.062401 0.24688
vt 0.115566 0.247623
vt 0.115565 0.28583
vt 0.531058 0.230895
vt 0.531064 0.204302
vt 0.584143 0.20193
vt 0.584161 0.228372
vt 0.300127 0.986172
vt 0.300127 0.688908
vt 0.35292 0.695622
vt 0.35292 0.979458
vt 0.861486 0.228445
vt 0.861505 0.202003
vt 0.914884 0.206234
vt 0.914825 0.232422
vt 0.681972 0.352351
vt 0.681972 0.314144
vt 0.736108 0.317584
vt 0.736074 0.351105
vt 0.568991 0.181641
vt 0.568991 0.153923
vt 0.623335 0.156361
vt 0.623237 0.180888
vt 0.168558 0.134492
vt 0.168603 0.107069
vt 0.222983 0.107787
vt 0.222836 0.132437
vt 0.169497 0.514949
vt 0.169109 0.484626
vt 0.223399 0.482686
vt 0.223667 0.51037
vt 0.713177 0.990234
vt 0.71173 0.954682
vt 0.766093 0.951041
vt 0.767347 0.983756
vt 0.71173 0.954682
vt 0.711648 0.90123
vt 0.766044 0.901834
vt 0.766093 0.951041
vt 0.711648 0.90123
vt 0.712766 0.848036
vt 0.767047 0.852854
vt 0.766044 0.901834
vt 0.009766 0.577342
vt 0.011264 0.541398
vt 0.065125 0.547003
vt 0.063874 0.580053
vt 0.168891 0.228797
vt 0.168847 0.198377
vt 0.223167 0.201804
vt 0.223305 0.22953
vt 0.445947 0.130339
vt 0.445902 0.102915
vt 0.50018 0.104971
vt 0.500327 0.12962
vt 0.791647 0.176387
vt 0.791647 0.148669
vt 0.845894 0.149422
vt 0.845991 0.173949
vt 0.115565 0.28583
vt 0.115566 0.247623
vt 0.169668 0.248869
vt 0.169702 0.28239
vt 0.584161 0.228372
vt 0.584143 0.20193
vt 0.637481 0.197954
vt 0.637541 0.224142
vt 0.35292 0.979458
vt 0.35292 0.695622
vt 0.405713 0.70688
vt 0.405713 0.9682
vt 0.654713 0.280794
vt 0.654297 0.254609
vt 0.704501 0.259471
vt 0.704517 0.285365
vt 0.736074 0.351105
vt 0.736108 0.317584
vt 0.786091 0.321013
vt 0.78604 0.349301
vt 0.623237 0.180888
vt 0.623335 0.156361
vt 0.673496 0.157551
vt 0.673349 0.178388
vt 0.222836 0.132437
vt 0.222983 0.107787
vt 0.272833 0.106431
vt 0.272636 0.127625
vt 0.223667 0.51037
vt 0.223399 0.482686
vt 0.27287 0.47836
vt 0.273048 0.502442
vt 0.767347 0.983756
vt 0.766093 0.951041
vt 0.815629 0.945572
vt 0.816677 0.974195
vt 0.766093 0.951041
vt 0.766044 0.901834
vt 0.815602 0.902508
vt 0.815629 0.945572
vt 0.766044 0.901834
vt 0.767047 0.852854
vt 0.816463 0.859635
vt 0.815602 0.902508
vt 0.063874 0.580053
vt 0.065125 0.547003
vt 0.114639 0.555577
vt 0.113625 0.584476
vt 0.223305 0.22953
vt 0.223167 0.201804
vt 0.272828 0.208335
vt 0.273012 0.232422
vt 0.500327 0.12962
vt 0.50018 0.104971
vt 0.54998 0.109782
vt 0.550176 0.130977
vt 0.845991 0.173949
vt 0.845894 0.149422
vt 0.896005 0.151922
vt 0.896152 0.172758
vt 0.169702 0.28239
vt 0.169668 0.248869
vt 0.219634 0.250673
vt 0.219685 0.278961
vt 0.548828 0.291016
vt 0.549245 0.26483
vt 0.599049 0.26026
vt 0.599032 0.286154
vt 0.405713 0.9682
vt 0.405713 0.70688
vt 0.453227 0.72318
vt 0.453227 0.951899
vt 0.704517 0.285365
vt 0.704501 0.259471
vt 0.746605 0.265482
vt 0.746128 0.291016
vt 0.611328 0.407056
vt 0.613152 0.378919
vt 0.655114 0.384048
vt 0.653609 0.406854
vt 0.009766 0.087891
vt 0.009817 0.067042
vt 0.052191 0.066204
vt 0.052085 0.08316
vt 0.362946 0.431641
vt 0.361328 0.410614
vt 0.402463 0.403571
vt 0.403708 0.420785
vt 0.361328 0.410614
vt 0.363478 0.386812
vt 0.404296 0.384041
vt 0.402463 0.403571
vt 0.791016 0.431641
vt 0.791394 0.40261
vt 0.83169 0.398859
vt 0.831345 0.422753
vt 0.117113 0.669922
vt 0.114643 0.627442
vt 0.154495 0.625694
vt 0.15652 0.66069
vt 0.114643 0.627442
vt 0.113625 0.584476
vt 0.153647 0.590305
vt 0.154495 0.625694
vt 0.113625 0.584476
vt 0.114639 0.555577
vt 0.154454 0.566508
vt 0.153647 0.590305
vt 0.114639 0.555577
vt 0.117321 0.532724
vt 0.156616 0.547699
vt 0.154454 0.566508
vt 0.232825 0.270396
vt 0.232422 0.249183
vt 0.273806 0.256856
vt 0.274218 0.274199
vt 0.095755 0.082592
vt 0.095703 0.061744
vt 0.138023 0.066475
vt 0.138129 0.083431
vt 0.702996 0.431641
vt 0.701172 0.403504
vt 0.743453 0.403705
vt 0.744958 0.426512
vt 0.599032 0.286154
vt 0.599049 0.26026
vt 0.640659 0.254609
vt 0.641137 0.280142
vt 0.453227 0.951899
vt 0.453227 0.72318
vt 0.490182 0.743337
vt 0.490182 0.931743
vt 0.657488 0.431641
vt 0.653609 0.406854
vt 0.686 0.406646
vt 0.689053 0.431445
vt 0.653609 0.406854
vt 0.655114 0.384048
vt 0.68716 0.386922
vt 0.686 0.406646
vt 0.052085 0.08316
vt 0.052191 0.066204
vt 0.083134 0.061744
vt 0.083389 0.076102
vt 0.403708 0.420785
vt 0.402463 0.403571
vt 0.430595 0.393315
vt 0.432027 0.407283
vt 0.402463 0.403571
vt 0.404296 0.384041
vt 0.43169 0.377701
vt 0.430595 0.393315
vt 0.831345 0.422753
vt 0.83169 0.398859
vt 0.857513 0.393338
vt 0.857419 0.412052
vt 0.15652 0.66069
vt 0.154495 0.625694
vt 0.179775 0.624685
vt 0.181403 0.65192
vt 0.154495 0.625694
vt 0.153647 0.590305
vt 0.179165 0.597109
vt 0.179775 0.624685
vt 0.153647 0.590305
vt 0.154454 0.566508
vt 0.179945 0.578527
vt 0.179165 0.597109
vt 0.154454 0.566508
vt 0.156616 0.547699
vt 0.181878 0.563796
vt 0.179945 0.578527
vt 0.274218 0.274199
vt 0.273806 0.256856
vt 0.303289 0.26759
vt 0.303181 0.281788
vt 0.138129 0.083431
vt 0.138023 0.066475
vt 0.169327 0.073532
vt 0.169071 0.087891
vt 0.744958 0.426512
vt 0.743453 0.403705
vt 0.775844 0.403913
vt 0.777004 0.423638
vt 0.743453 0.403705
vt 0.747332 0.378919
vt 0.778896 0.379115
vt 0.775844 0.403913
vt 0.490182 0.931743
vt 0.490182 0.743337
vt 0.513938 0.764181
vt 0.513938 0.910899
vt 0.009766 0.309528
vt 0.03398 0.303041
vt 0.036123 0.327102
vt 0.01178 0.332503
vt 0.03398 0.303041
vt 0.053793 0.303016
vt 0.054547 0.326727
vt 0.036123 0.327102
vt 0.053793 0.303016
vt 0.06736 0.307232
vt 0.067068 0.329605
vt 0.054547 0.326727
vt 0.432027 0.407283
vt 0.430595 0.393315
vt 0.447817 0.382054
vt 0.449769 0.393461
vt 0.430595 0.393315
vt 0.43169 0.377701
vt 0.44798 0.369735
vt 0.44798 0.369735
vt 0.447817 0.382054
vt 0.430595 0.393315
vt 0.857419 0.412052
vt 0.857513 0.393338
vt 0.871742 0.38725
vt 0.872011 0.401278
vt 0.181403 0.65192
vt 0.179775 0.624685
vt 0.193457 0.624245
vt 0.194757 0.644326
vt 0.179775 0.624685
vt 0.179165 0.597109
vt 0.193105 0.603846
vt 0.193457 0.624245
vt 0.179165 0.597109
vt 0.179945 0.578527
vt 0.193974 0.590025
vt 0.193105 0.603846
vt 0.647319 0.071591
vt 0.663035 0.071123
vt 0.650979 0.087891
vt 0.650979 0.087891
vt 0.638672 0.087529
vt 0.647319 0.071591
vt 0.303181 0.281788
vt 0.303289 0.26759
vt 0.322418 0.279188
vt 0.321505 0.291016
vt 0.168565 0.308641
vt 0.182539 0.305684
vt 0.179788 0.329273
vt 0.167007 0.331001
vt 0.182539 0.305684
vt 0.202248 0.307475
vt 0.198076 0.331287
vt 0.179788 0.329273
vt 0.202248 0.307475
vt 0.22561 0.316045
vt 0.221688 0.338794
vt 0.198076 0.331287
vt 0.513938 0.910899
vt 0.513938 0.764181
vt 0.527137 0.783362
vt 0.527137 0.891718
vt 0.01178 0.332503
vt 0.036123 0.327102
vt 0.038349 0.349244
vt 0.013872 0.353516
vt 0.036123 0.327102
vt 0.054547 0.326727
vt 0.056129 0.348428
vt 0.038349 0.349244
vt 0.054547 0.326727
vt 0.067068 0.329605
vt 0.068089 0.349867
vt 0.056129 0.348428
vt 0.595703 0.071011
vt 0.607626 0.070796
vt 0.617045 0.085991
vt 0.607105 0.087891
vt 0.220703 0.038649
vt 0.232991 0.038006
vt 0.243173 0.048384
vt 0.626222 0.086742
vt 0.617045 0.085991
vt 0.607626 0.070796
vt 0.872011 0.401278
vt 0.871742 0.38725
vt 0.879881 0.380385
vt 0.25252 0.048828
vt 0.243173 0.048384
vt 0.232991 0.038006
vt 0.194757 0.644326
vt 0.193457 0.624245
vt 0.200959 0.624052
vt 0.201941 0.636698
vt 0.193457 0.624245
vt 0.193105 0.603846
vt 0.200896 0.611099
vt 0.200959 0.624052
vt 0.273996 0.039996
vt 0.288004 0.039451
vt 0.276925 0.048828
vt 0.276925 0.048828
vt 0.267578 0.048474
vt 0.273996 0.039996
vt 0.194278 0.036457
vt 0.206534 0.035436
vt 0.194714 0.048828
vt 0.194714 0.048828
vt 0.185547 0.048069
vt 0.194278 0.036457
vt 0.156368 0.335781
vt 0.167007 0.331001
vt 0.164083 0.35106
vt 0.154297 0.353516
vt 0.167007 0.331001
vt 0.179788 0.329273
vt 0.176145 0.350704
vt 0.164083 0.35106
vt 0.179788 0.329273
vt 0.198076 0.331287
vt 0.193744 0.353095
vt 0.176145 0.350704
vt 0.163551 0.431641
vt 0.138708 0.428186
vt 0.13868 0.407967
vt 0.163523 0.410152
vt 0.527137 0.891718
vt 0.527137 0.783362
vt 0.534528 0.803278
vt 0.534528 0.871802
vt 0.287109 0.199665
vt 0.311935 0.197495
vt 0.311957 0.229433
vt 0.287125 0.229711
vt 0.311935 0.197495
vt 0.329708 0.198447
vt 0.329517 0.229555
vt 0.311957 0.229433
vt 0.329708 0.198447
vt 0.341439 0.201284
vt 0.341099 0.229918
vt 0.329517 0.229555
vt 0.341439 0.201284
vt 0.350465 0.20596
vt 0.350004 0.230515
vt 0.341099 0.229918
vt 0.350465 0.20596
vt 0.356986 0.212444
vt 0.356428 0.231344
vt 0.350004 0.230515
vt 0.931641 0.040977
vt 0.940961 0.041827
vt 0.950325 0.048828
vt 0.360327 0.232422
vt 0.356428 0.231344
vt 0.356986 0.212444
vt 0.201941 0.636698
vt 0.200959 0.624052
vt 0.204134 0.623983
vt 0.952409 0.048577
vt 0.950325 0.048828
vt 0.940961 0.041827
vt 0.200959 0.624052
vt 0.200896 0.611099
vt 0.204521 0.622195
vt 0.075467 0.019011
vt 0.075467 0.021114
vt 0.072266 0.021484
vt 0.31006 0.039911
vt 0.319429 0.039911
vt 0.302734 0.048828
vt 0.043834 0.016995
vt 0.044881 0.020902
vt 0.033203 0.021484
vt 0.208542 0.395103
vt 0.202041 0.401631
vt 0.201575 0.377165
vt 0.207998 0.376331
vt 0.202041 0.401631
vt 0.193026 0.406338
vt 0.192668 0.377767
vt 0.201575 0.377165
vt 0.193026 0.406338
vt 0.181301 0.409194
vt 0.181083 0.378132
vt 0.192668 0.377767
vt 0.181301 0.409194
vt 0.163523 0.410152
vt 0.163515 0.378254
vt 0.181083 0.378132
vt 0.163523 0.410152
vt 0.13868 0.407967
vt 0.138672 0.377975
vt 0.163515 0.378254
vt 0.534528 0.871802
vt 0.534528 0.803278
vt 0.537695 0.833161
vt 0.537695 0.841919
vt 0.29608 0.394103
vt 0.29636 0.369264
vt 0.300736 0.411038
vt 0.296203 0.407276
vt 0.29608 0.394103
vt 0.300736 0.411038
vt 0.296568 0.415964
vt 0.296203 0.407276
vt 0.300736 0.411038
vt 0.29717 0.422643
vt 0.296568 0.415964
vt 0.300736 0.411038
vt 0.298004 0.42746
vt 0.29717 0.422643
vt 0.300736 0.411038
vt 0.29909 0.430383
vt 0.298004 0.42746
vt 0.300736 0.411038
vt 0.300736 0.431364
vt 0.29909 0.430383
vt 0.300736 0.411038
vt 0.302382 0.430385
vt 0.300736 0.431364
vt 0.300736 0.411038
vt 0.303468 0.427463
vt 0.302382 0.430385
vt 0.300736 0.411038
vt 0.304303 0.422647
vt 0.303468 0.427463
vt 0.300736 0.411038
vt 0.304905 0.415969
vt 0.304303 0.422647
vt 0.300736 0.411038
vt 0.30527 0.407281
vt 0.304905 0.415969
vt 0.300736 0.411038
vt 0.305392 0.394108
vt 0.30527 0.407281
vt 0.300736 0.411038
vt 0.305113 0.369269
vt 0.305392 0.394108
vt 0.300736 0.411038
vt 0.29636 0.369264
vt 0.305113 0.369269
vt 0.300736 0.411038
vt 0.187202 0.3736
vt 0.138674 0.369226
vt 0.163517 0.368947
vt 0.187202 0.3736
vt 0.163517 0.368947
vt 0.181084 0.369069
vt 0.187202 0.3736
vt 0.181084 0.369069
vt 0.19267 0.369434
vt 0.187202 0.3736
vt 0.19267 0.369434
vt 0.201576 0.370036
vt 0.187202 0.3736
vt 0.201576 0.370036
vt 0.207999 0.37087
vt 0.187202 0.3736
vt 0.207999 0.37087
vt 0.211896 0.371955
vt 0.187202 0.3736
vt 0.211896 0.371955
vt 0.213203 0.3736
vt 0.187202 0.3736
vt 0.213203 0.3736
vt 0.211895 0.375246
vt 0.187202 0.3736
vt 0.211895 0.375246
vt 0.207998 0.376331
vt 0.187202 0.3736
vt 0.207998 0.376331
vt 0.201575 0.377165
vt 0.187202 0.3736
vt 0.201575 0.377165
vt 0.192668 0.377767
vt 0.187202 0.3736
vt 0.192668 0.377767
vt 0.181083 0.378132
vt 0.187202 0.3736
vt 0.181083 0.378132
vt 0.163515 0.378254
vt 0.187202 0.3736
vt 0.163515 0.378254
vt 0.138672 0.377975
vt 0.187202 0.3736
vt 0.138672 0.377975
vt 0.138674 0.369226
vn 0.063681 -0.003876 -0.997963
vn 0.074414 -0.001652 -0.997226
vn 0.159765 -0.006755 -0.987132
vn 0.159698 -0.018801 -0.986987
vn 0.075315 0.008944 -0.99712
vn 0.162212 0.035664 -0.986111
vn 0.080944 0.027116 -0.99635
vn 0.170832 0.105953 -0.979587
vn 0.091079 0.060585 -0.993999
vn 0.182844 0.22518 -0.957007
vn 0.106089 0.140128 -0.984433
vn 0.177638 0.329709 -0.92722
vn 0.089408 0.033227 -0.995441
vn 0.139443 0.275765 -0.951057
vn 0.153592 0.650537 -0.743782
vn 0.181548 0.465173 -0.866403
vn 0.09373 0.837666 -0.53808
vn -0.001703 0.931356 -0.364105
vn 0.003821 0.888954 -0.457981
vn 0.100465 0.795461 -0.597619
vn -0.03724 0.062541 -0.997347
vn -0.104704 0.202642 -0.973639
vn -0.17062 0.694505 -0.698965
vn -0.098812 0.845546 -0.524679
vn -0.098471 0.078364 -0.99205
vn -0.179819 0.31428 -0.932144
vn -0.183394 0.44848 -0.874775
vn -0.1097 0.802549 -0.586414
vn -0.091079 0.060585 -0.993999
vn -0.182844 0.22518 -0.957007
vn -0.080944 0.027116 -0.99635
vn -0.170832 0.105953 -0.979587
vn -0.075315 0.008944 -0.99712
vn -0.162212 0.035664 -0.986111
vn -0.074414 -0.001652 -0.997226
vn -0.159765 -0.006755 -0.987132
vn -0.063681 -0.003876 -0.997963
vn -0.159698 -0.018801 -0.986987
vn 0 -1 0
vn 0.38609 -0.024128 -0.922146
vn 0.38538 -0.069879 -0.920108
vn 0.382216 0.115916 -0.916774
vn 0.359631 0.307673 -0.88091
vn 0.304471 0.517231 -0.799856
vn 0.208924 0.70475 -0.677996
vn 0.204584 0.602272 -0.77163
vn 0.086525 0.823352 -0.560896
vn 0.097701 0.836036 -0.539906
vn 0 0.852915 -0.52205
vn -0.103846 0.822229 -0.559603
vn -0.086525 0.823352 -0.560896
vn -0.106118 0.813953 -0.571157
vn -0.211488 0.622597 -0.753423
vn -0.208924 0.70475 -0.677996
vn -0.304471 0.517231 -0.799856
vn -0.359631 0.307673 -0.88091
vn -0.382216 0.115916 -0.916774
vn -0.38609 -0.024128 -0.922146
vn -0.38538 -0.069879 -0.920108
vn 0.609153 -0.046252 -0.791703
vn 0.602674 -0.145723 -0.784569
vn 0.584575 0.188739 -0.789082
vn 0.482545 0.439498 -0.757622
vn 0.343204 0.620696 -0.704945
vn 0.202936 0.728774 -0.653992
vn 0.077192 0.781994 -0.618487
vn 0 0.794024 -0.607887
vn -0.077192 0.781994 -0.618487
vn -0.202936 0.728774 -0.653992
vn -0.343204 0.620696 -0.704945
vn -0.482545 0.439498 -0.757622
vn -0.584575 0.188739 -0.789082
vn -0.609153 -0.046252 -0.791703
vn -0.602674 -0.145723 -0.784569
vn 0.801002 -0.064593 -0.595167
vn 0.779654 -0.231952 -0.581668
vn 0.760944 0.222317 -0.60954
vn 0.599712 0.494264 -0.629324
vn 0.36869 0.671103 -0.643186
vn 0.22802 0.740975 -0.631636
vn 0.08442 0.773875 -0.627687
vn 0 0.780069 -0.625694
vn -0.08442 0.773875 -0.627687
vn -0.22802 0.740975 -0.631636
vn -0.403211 0.659867 -0.634032
vn -0.609299 0.474814 -0.635064
vn -0.760944 0.222317 -0.60954
vn -0.801002 -0.064593 -0.595167
vn -0.779654 -0.231952 -0.581668
vn 0.923988 -0.074151 -0.375164
vn 0.882894 -0.303349 -0.358439
vn 0.889384 0.229025 -0.395656
vn 0.748293 0.515153 -0.417942
vn 0.503014 0.725566 -0.469607
vn 0.288173 0.825387 -0.485482
vn 0.107015 0.864661 -0.490824
vn 0 0.871219 -0.490894
vn -0.107015 0.864661 -0.490824
vn -0.288173 0.825387 -0.485482
vn -0.501576 0.73303 -0.459444
vn -0.727176 0.528238 -0.438382
vn -0.889384 0.229025 -0.395656
vn -0.923988 -0.074151 -0.375164
vn -0.882894 -0.303349 -0.358439
vn 0.979736 -0.077494 -0.184693
vn 0.922451 -0.345498 -0.172383
vn 0.953909 0.22663 -0.196714
vn 0.809921 0.542812 -0.222224
vn 0.582681 0.775435 -0.243275
vn 0.342264 0.904446 -0.254621
vn 0.128447 0.957506 -0.258231
vn 0 0.966111 -0.258126
vn -0.128447 0.957506 -0.258231
vn -0.342264 0.904446 -0.254621
vn -0.582681 0.775435 -0.243275
vn -0.809921 0.542812 -0.222224
vn -0.953909 0.22663 -0.196714
vn -0.979736 -0.077494 -0.184693
vn -0.922451 -0.345498 -0.172383
vn 0.995717 -0.078358 -0.049074
vn 0.931084 -0.361994 -0.045196
vn 0.973122 0.224401 -0.051738
vn 0.836915 0.544422 -0.056373
vn 0.611076 0.789327 -0.059567
vn 0.36258 0.92998 -0.060603
vn 0.136658 0.988781 -0.060302
vn 0 0.998202 -0.059934
vn -0.136658 0.988781 -0.060302
vn -0.36258 0.92998 -0.060603
vn -0.611076 0.789327 -0.059567
vn -0.836915 0.544422 -0.056373
vn -0.973122 0.224401 -0.051738
vn -0.995717 -0.078358 -0.049074
vn -0.931084 -0.361994 -0.045196
vn 0.996067 -0.078798 0.040521
vn 0.931217 -0.362586 0.036971
vn 0.973042 0.226043 0.045756
vn 0.834955 0.547165 0.058825
vn 0.607748 0.790836 0.072262
vn 0.359722 0.929475 0.081702
vn 0.135412 0.987015 0.086406
vn 0 0.996185 0.087265
vn -0.135412 0.987015 0.086406
vn -0.359722 0.929475 0.081702
vn -0.607748 0.790836 0.072262
vn -0.834955 0.547165 0.058825
vn -0.973042 0.226043 0.045756
vn -0.996067 -0.078798 0.040521
vn -0.931217 -0.362586 0.036971
vn 0.991389 -0.079334 0.104185
vn 0.930497 -0.353592 0.095648
vn 0.966118 0.231826 0.113457
vn 0.82076 0.555578 0.132989
vn 0.590103 0.793166 0.150552
vn 0.346265 0.924169 0.161284
vn 0.129841 0.977583 0.165749
vn 0 0.986085 0.166244
vn -0.129841 0.977583 0.165749
vn -0.346265 0.924169 0.161284
vn -0.590103 0.793166 0.150552
vn -0.82076 0.555578 0.132989
vn -0.966118 0.231826 0.113457
vn -0.991389 -0.079334 0.104185
vn -0.930497 -0.353592 0.095648
vn 0.981363 -0.07912 0.17512
vn 0.927805 -0.335591 0.162962
vn 0.953213 0.238822 0.185334
vn 0.799837 0.565304 0.201726
vn 0.567086 0.79586 0.21218
vn 0.329802 0.91907 0.215735
vn 0.123228 0.968726 0.215371
vn 0 0.976729 0.214479
vn -0.123228 0.968726 0.215371
vn -0.329802 0.91907 0.215735
vn -0.567086 0.79586 0.21218
vn -0.799837 0.565304 0.201726
vn -0.953213 0.238822 0.185334
vn -0.981363 -0.07912 0.17512
vn -0.927805 -0.335591 0.162962
vn 0.958497 -0.076631 0.274612
vn 0.916111 -0.305423 0.259727
vn 0.927626 0.242588 0.284008
vn 0.769914 0.567983 0.290908
vn 0.540106 0.791188 0.286892
vn 0.31232 0.908463 0.277761
vn 0.116502 0.955956 0.269397
vn 0 0.963888 0.266309
vn -0.116502 0.955956 0.269397
vn -0.31232 0.908463 0.277761
vn -0.540106 0.791188 0.286892
vn -0.769914 0.567983 0.290908
vn -0.927626 0.242588 0.284008
vn -0.958497 -0.076631 0.274612
vn -0.916111 -0.305423 0.259727
vn 0.910338 -0.070161 0.407876
vn 0.882177 -0.259597 0.392904
vn 0.878538 0.237828 0.414256
vn 0.726275 0.554627 0.406095
vn 0.508897 0.771679 0.38149
vn 0.29469 0.887319 0.354715
vn 0.11016 0.935699 0.335161
vn 0 0.944333 0.328992
vn -0.11016 0.935699 0.335161
vn -0.29469 0.887319 0.354715
vn -0.508897 0.771679 0.38149
vn -0.726275 0.554627 0.406095
vn -0.878538 0.237828 0.414256
vn -0.910338 -0.070161 0.407876
vn -0.882177 -0.259597 0.392904
vn 0.81805 -0.058008 0.572215
vn 0.804047 -0.198853 0.560326
vn 0.791783 0.215016 0.571706
vn 0.668646 0.512222 0.539019
vn 0.481754 0.732815 0.480515
vn 0.285039 0.860955 0.421318
vn 0.107847 0.918928 0.379394
vn 0 0.93026 0.3669
vn -0.107847 0.918928 0.379394
vn -0.285039 0.860955 0.421318
vn -0.481754 0.732815 0.480515
vn -0.668646 0.512222 0.539019
vn -0.791783 0.215016 0.571706
vn -0.81805 -0.058008 0.572215
vn -0.804047 -0.198853 0.560326
vn 0.664645 -0.040292 0.746072
vn 0.661122 -0.130169 0.738901
vn 0.65288 0.164234 0.739443
vn 0.593213 0.420956 0.686218
vn 0.47008 0.662377 0.583337
vn 0.288862 0.848549 0.44331
vn 0.117291 0.925768 0.359439
vn 0 0.944181 0.329428
vn -0.117291 0.925768 0.359439
vn -0.299073 0.836792 0.458623
vn -0.472024 0.660716 0.583651
vn -0.593213 0.420956 0.686218
vn -0.65288 0.164234 0.739443
vn -0.664645 -0.040292 0.746072
vn -0.661122 -0.130169 0.738901
vn 0.452676 -0.021146 0.891424
vn 0.453563 -0.066133 0.888767
vn 0.452865 0.092333 0.886785
vn 0.454157 0.261211 0.851769
vn 0.431318 0.435716 0.79001
vn 0.322192 0.779028 0.537873
vn 0.132942 0.933137 0.334038
vn 0 0.9606 0.277936
vn -0.144357 0.923499 0.355402
vn -0.301419 0.785849 0.539989
vn -0.42892 0.494383 0.756051
vn -0.318033 0.754508 0.574084
vn -0.454157 0.261211 0.851769
vn -0.452865 0.092333 0.886785
vn -0.452676 -0.021146 0.891424
vn -0.453563 -0.066133 0.888767
vn 0.200368 -0.006166 0.979701
vn 0.201225 -0.019 0.979361
vn 0.202796 0.027875 0.978824
vn 0.216928 0.084115 0.972557
vn 0.224597 0.142462 0.963982
vn 0.258409 0.323576 0.910233
vn 0.177639 0.881898 0.436693
vn 0.181186 0.871693 0.455327
vn 0.337792 0.519808 0.784663
vn 0 0.963469 0.267819
vn 0.16902 0.910294 0.377885
vn -0.141259 0.927576 0.345903
vn -0.006898 0.963647 0.267088
vn -0.308749 0.611732 0.728325
vn -0.343443 0.673527 0.654528
vn -0.241323 0.185808 0.952491
vn -0.250404 0.406136 0.878835
vn -0.373515 0.621903 0.688276
vn -0.216928 0.084115 0.972557
vn -0.202796 0.027875 0.978824
vn -0.200368 -0.006166 0.979701
vn -0.201225 -0.019 0.979361
vn 0.094337 -0.001536 0.995539
vn 0.075468 -0.003746 0.997141
vn 0.095744 0.007028 0.995381
vn 0.103118 0.021353 0.99444
vn 0.116463 0.047888 0.99204
vn 0.246721 0.269217 0.930941
vn 0.124738 0.062699 0.990207
vn 0.276205 0.707058 0.650984
vn 0.132258 0.162382 0.977824
vn 0.100402 0.977784 0.184003
vn 0.040798 0.051388 0.997845
vn 0.277914 0.576398 0.768458
vn -0.089701 0.873573 0.478356
vn -0.615145 0.774814 0.145807
vn -0.092184 0.963351 0.251907
vn -0.193048 0.235995 0.952386
vn -0.229855 0.345664 0.909771
vn -0.137087 0.111929 0.984215
vn -0.10187 0.028393 0.994392
vn -0.215048 0.208858 0.954009
vn -0.116463 0.047888 0.99204
vn -0.103118 0.021353 0.99444
vn -0.095744 0.007028 0.995381
vn -0.094337 -0.001536 0.995539
vn -0.075468 -0.003746 0.997141
vn 0 0 -1
vn 0 0 1
f 1283/3505/300 1284/3506/301 1299/3507/302 1298/3508/303
f 1284/3509/301 1285/3510/304 1300/3511/305 1299/3512/302
f 1285/3513/304 1286/3514/306 1301/3515/307 1300/3516/305
f 1286/3517/306 1287/3518/308 1302/3519/309 1301/3520/307
f 1287/3521/308 1288/3522/310 1303/3523/311 1302/3524/309
f 1288/3525/310 1289/3526/312 1304/3527/313
f 1304/3528/314 1303/3529/315 1288/3530/310
f 1289/3531/316 1290/3532/317 1305/3533/318
f 1305/3534/318 1304/3535/319 1289/3536/316
f 1290/3537/320 1291/3538/321 1306/3539/322
f 1306/3540/323 1305/3541/318 1290/3542/317
f 1291/3543/321 1292/3544/324 1307/3545/325
f 1307/3546/326 1306/3547/327 1291/3548/321
f 1292/3549/324 1293/3550/328 1308/3551/329 1307/3552/325
f 1293/3553/328 1294/3554/330 1309/3555/331 1308/3556/329
f 1294/3557/330 1295/3558/332 1310/3559/333 1309/3560/331
f 1295/3561/332 1296/3562/334 1311/3563/335 1310/3564/333
f 1296/3565/334 1297/3566/336 1312/3567/337 1311/3568/335
f 1297/3569/338 1283/3570/338 1298/3571/338 1312/3572/338
f 1298/3573/303 1299/3574/302 1314/3575/339 1313/3576/340
f 1299/3577/302 1300/3578/305 1315/3579/341 1314/3580/339
f 1300/3581/305 1301/3582/307 1316/3583/342 1315/3584/341
f 1301/3585/307 1302/3586/309 1317/3587/343 1316/3588/342
f 1302/3589/309 1303/3590/315 1318/3591/344 1317/3592/343
f 1303/3593/345 1304/3594/319 1319/3595/346 1318/3596/344
f 1304/3597/347 1305/3598/318 1320/3599/348 1319/3600/346
f 1305/3601/318 1306/3602/349 1321/3603/350 1320/3604/348
f 1306/3605/351 1307/3606/352 1322/3607/353 1321/3608/350
f 1307/3609/326 1308/3610/329 1323/3611/354 1322/3612/353
f 1308/3613/329 1309/3614/331 1324/3615/355 1323/3616/354
f 1309/3617/331 1310/3618/333 1325/3619/356 1324/3620/355
f 1310/3621/333 1311/3622/335 1326/3623/357 1325/3624/356
f 1311/3625/335 1312/3626/337 1327/3627/358 1326/3628/357
f 1312/3629/338 1298/3630/338 1313/3631/338 1327/3632/338
f 1313/3633/340 1314/3634/339 1329/3635/359 1328/3636/360
f 1314/3637/339 1315/3638/341 1330/3639/361 1329/3640/359
f 1315/3641/341 1316/3642/342 1331/3643/362 1330/3644/361
f 1316/3645/342 1317/3646/343 1332/3647/363 1331/3648/362
f 1317/3649/343 1318/3650/344 1333/3651/364 1332/3652/363
f 1318/3653/344 1319/3654/346 1334/3655/365 1333/3656/364
f 1319/3657/346 1320/3658/348 1335/3659/366 1334/3660/365
f 1320/3661/348 1321/3662/350 1336/3663/367 1335/3664/366
f 1321/3665/350 1322/3666/353 1337/3667/368 1336/3668/367
f 1322/3669/353 1323/3670/354 1338/3671/369 1337/3672/368
f 1323/3673/354 1324/3674/355 1339/3675/370 1338/3676/369
f 1324/3677/355 1325/3678/356 1340/3679/371 1339/3680/370
f 1325/3681/356 1326/3682/357 1341/3683/372 1340/3684/371
f 1326/3685/357 1327/3686/358 1342/3687/373 1341/3688/372
f 1327/3689/338 1313/3690/338 1328/3691/338 1342/3692/338
f 1328/3693/360 1329/3694/359 1344/3695/374 1343/3696/375
f 1329/3697/359 1330/3698/361 1345/3699/376 1344/3700/374
f 1330/3701/361 1331/3702/362 1346/3703/377 1345/3704/376
f 1331/3705/362 1332/3706/363 1347/3707/378 1346/3708/377
f 1332/3709/363 1333/3710/364 1348/3711/379 1347/3712/378
f 1333/3713/364 1334/3714/365 1349/3715/380 1348/3716/379
f 1334/3717/365 1335/3718/366 1350/3719/381 1349/3720/380
f 1335/3721/366 1336/3722/367 1351/3723/382 1350/3724/381
f 1336/3725/367 1337/3726/368 1352/3727/383 1351/3728/382
f 1337/3729/368 1338/3730/369 1353/3731/384 1352/3732/383
f 1338/3733/369 1339/3734/370 1354/3735/385 1353/3736/384
f 1339/3737/370 1340/3738/371 1355/3739/386 1354/3740/385
f 1340/3741/371 1341/3742/372 1356/3743/387 1355/3744/386
f 1341/3745/372 1342/3746/373 1357/3747/388 1356/3748/387
f 1342/3749/338 1328/3750/338 1343/3751/338 1357/3752/338
f 1343/3753/375 1344/3754/374 1359/3755/389 1358/3756/390
f 1344/3757/374 1345/3758/376 1360/3759/391 1359/3760/389
f 1345/3761/376 1346/3762/377 1361/3763/392 1360/3764/391
f 1346/3765/377 1347/3766/378 1362/3767/393
f 1362/3768/393 1361/3769/392 1346/3770/377
f 1347/3771/378 1348/3772/379 1363/3773/394 1362/3774/393
f 1348/3775/379 1349/3776/380 1364/3777/395 1363/3778/394
f 1349/3779/380 1350/3780/381 1365/3781/396 1364/3782/395
f 1350/3783/381 1351/3784/382 1366/3785/397 1365/3786/396
f 1351/3787/382 1352/3788/383 1367/3789/398 1366/3790/397
f 1352/3791/383 1353/3792/384 1368/3793/399 1367/3794/398
f 1353/3795/384 1354/3796/385 1369/3797/400
f 1369/3798/400 1368/3799/399 1353/3800/384
f 1354/3801/385 1355/3802/386 1370/3803/401 1369/3804/400
f 1355/3805/386 1356/3806/387 1371/3807/402 1370/3808/401
f 1356/3809/387 1357/3810/388 1372/3811/403 1371/3812/402
f 1357/3813/338 1343/3814/338 1358/3815/338 1372/3816/338
f 1358/3817/390 1359/3818/389 1374/3819/404 1373/3820/405
f 1359/3821/389 1360/3822/391 1375/3823/406 1374/3824/404
f 1360/3825/391 1361/3826/392 1376/3827/407 1375/3828/406
f 1361/3829/392 1362/3830/393 1377/3831/408 1376/3832/407
f 1362/3833/393 1363/3834/394 1378/3835/409 1377/3836/408
f 1363/3837/394 1364/3838/395 1379/3839/410 1378/3840/409
f 1364/3841/395 1365/3842/396 1380/3843/411 1379/3844/410
f 1365/3845/396 1366/3846/397 1381/3847/412 1380/3848/411
f 1366/3849/397 1367/3850/398 1382/3851/413 1381/3852/412
f 1367/3853/398 1368/3854/399 1383/3855/414 1382/3856/413
f 1368/3857/399 1369/3858/400 1384/3859/415 1383/3860/414
f 1369/3861/400 1370/3862/401 1385/3863/416 1384/3864/415
f 1370/3865/401 1371/3866/402 1386/3867/417 1385/3868/416
f 1371/3869/402 1372/3870/403 1387/3871/418 1386/3872/417
f 1372/3873/338 1358/3874/338 1373/3875/338 1387/3876/338
f 1373/3877/405 1374/3878/404 1389/3879/419 1388/3880/420
f 1374/3881/404 1375/3882/406 1390/3883/421 1389/3884/419
f 1375/3885/406 1376/3886/407 1391/3887/422 1390/3888/421
f 1376/3889/407 1377/3890/408 1392/3891/423 1391/3892/422
f 1377/3893/408 1378/3894/409 1393/3895/424 1392/3896/423
f 1378/3897/409 1379/3898/410 1394/3899/425 1393/3900/424
f 1379/3901/410 1380/3902/411 1395/3903/426 1394/3904/425
f 1380/3905/411 1381/3906/412 1396/3907/427 1395/3908/426
f 1381/3909/412 1382/3910/413 1397/3911/428 1396/3912/427
f 1382/3913/413 1383/3914/414 1398/3915/429 1397/3916/428
f 1383/3917/414 1384/3918/415 1399/3919/430 1398/3920/429
f 1384/3921/415 1385/3922/416 1400/3923/431 1399/3924/430
f 1385/3925/416 1386/3926/417 1401/3927/432 1400/3928/431
f 1386/3929/417 1387/3930/418 1402/3931/433 1401/3932/432
f 1387/3933/338 1373/3934/338 1388/3935/338 1402/3936/338
f 1388/3937/420 1389/3938/419 1404/3939/434 1403/3940/435
f 1389/3941/419 1390/3942/421 1405/3943/436 1404/3944/434
f 1390/3945/421 1391/3946/422 1406/3947/437 1405/3948/436
f 1391/3949/422 1392/3950/423 1407/3951/438 1406/3952/437
f 1392/3953/423 1393/3954/424 1408/3955/439 1407/3956/438
f 1393/3957/424 1394/3958/425 1409/3959/440 1408/3960/439
f 1394/3961/425 1395/3962/426 1410/3963/441 1409/3964/440
f 1395/3965/426 1396/3966/427 1411/3967/442 1410/3968/441
f 1396/3969/427 1397/3970/428 1412/3971/443 1411/3972/442
f 1397/3973/428 1398/3974/429 1413/3975/444 1412/3976/443
f 1398/3977/429 1399/3978/430 1414/3979/445 1413/3980/444
f 1399/3981/430 1400/3982/431 1415/3983/446 1414/3984/445
f 1400/3985/431 1401/3986/432 1416/3987/447 1415/3988/446
f 1401/3989/432 1402/3990/433 1417/3991/448 1416/3992/447
f 1402/3993/338 1388/3994/338 1403/3995/338 1417/3996/338
f 1403/3997/435 1404/3998/434 1419/3999/449 1418/4000/450
f 1404/4001/434 1405/4002/436 1420/4003/451 1419/4004/449
f 1405/4005/436 1406/4006/437 1421/4007/452 1420/4008/451
f 1406/4009/437 1407/4010/438 1422/4011/453 1421/4012/452
f 1407/4013/438 1408/4014/439 1423/4015/454 1422/4016/453
f 1408/4017/439 1409/4018/440 1424/4019/455 1423/4020/454
f 1409/4021/440 1410/4022/441 1425/4023/456 1424/4024/455
f 1410/4025/441 1411/4026/442 1426/4027/457 1425/4028/456
f 1411/4029/442 1412/4030/443 1427/4031/458 1426/4032/457
f 1412/4033/443 1413/4034/444 1428/4035/459 1427/4036/458
f 1413/4037/444 1414/4038/445 1429/4039/460 1428/4040/459
f 1414/4041/445 1415/4042/446 1430/4043/461 1429/4044/460
f 1415/4045/446 1416/4046/447 1431/4047/462 1430/4048/461
f 1416/4049/447 1417/4050/448 1432/4051/463 1431/4052/462
f 1417/4053/338 1403/4054/338 1418/4055/338 1432/4056/338
f 1418/4057/450 1419/4058/449 1434/4059/464 1433/4060/465
f 1419/4061/449 1420/4062/451 1435/4063/466 1434/4064/464
f 1420/4065/451 1421/4066/452 1436/4067/467 1435/4068/466
f 1421/4069/452 1422/4070/453 1437/4071/468 1436/4072/467
f 1422/4073/453 1423/4074/454 1438/4075/469 1437/4076/468
f 1423/4077/454 1424/4078/455 1439/4079/470 1438/4080/469
f 1424/4081/455 1425/4082/456 1440/4083/471 1439/4084/470
f 1425/4085/456 1426/4086/457 1441/4087/472 1440/4088/471
f 1426/4089/457 1427/4090/458 1442/4091/473 1441/4092/472
f 1427/4093/458 1428/4094/459 1443/4095/474 1442/4096/473
f 1428/4097/459 1429/4098/460 1444/4099/475 1443/4100/474
f 1429/4101/460 1430/4102/461 1445/4103/476 1444/4104/475
f 1430/4105/461 1431/4106/462 1446/4107/477 1445/4108/476
f 1431/4109/462 1432/4110/463 1447/4111/478 1446/4112/477
f 1432/4113/338 1418/4114/338 1433/4115/338 1447/4116/338
f 1433/4117/465 1434/4118/464 1449/4119/479 1448/4120/480
f 1434/4121/464 1435/4122/466 1450/4123/481 1449/4124/479
f 1435/4125/466 1436/4126/467 1451/4127/482 1450/4128/481
f 1436/4129/467 1437/4130/468 1452/4131/483 1451/4132/482
f 1437/4133/468 1438/4134/469 1453/4135/484 1452/4136/483
f 1438/4137/469 1439/4138/470 1454/4139/485 1453/4140/484
f 1439/4141/470 1440/4142/471 1455/4143/486 1454/4144/485
f 1440/4145/471 1441/4146/472 1456/4147/487 1455/4148/486
f 1441/4149/472 1442/4150/473 1457/4151/488 1456/4152/487
f 1442/4153/473 1443/4154/474 1458/4155/489 1457/4156/488
f 1443/4157/474 1444/4158/475 1459/4159/490 1458/4160/489
f 1444/4161/475 1445/4162/476 1460/4163/491 1459/4164/490
f 1445/4165/476 1446/4166/477 1461/4167/492 1460/4168/491
f 1446/4169/477 1447/4170/478 1462/4171/493 1461/4172/492
f 1447/4173/338 1433/4174/338 1448/4175/338 1462/4176/338
f 1448/4177/480 1449/4178/479 1464/4179/494 1463/4180/495
f 1449/4181/479 1450/4182/481 1465/4183/496 1464/4184/494
f 1450/4185/481 1451/4186/482 1466/4187/497 1465/4188/496
f 1451/4189/482 1452/4190/483 1467/4191/498 1466/4192/497
f 1452/4193/483 1453/4194/484 1468/4195/499 1467/4196/498
f 1453/4197/484 1454/4198/485 1469/4199/500 1468/4200/499
f 1454/4201/485 1455/4202/486 1470/4203/501 1469/4204/500
f 1455/4205/486 1456/4206/487 1471/4207/502 1470/4208/501
f 1456/4209/487 1457/4210/488 1472/4211/503 1471/4212/502
f 1457/4213/488 1458/4214/489 1473/4215/504 1472/4216/503
f 1458/4217/489 1459/4218/490 1474/4219/505 1473/4220/504
f 1459/4221/490 1460/4222/491 1475/4223/506 1474/4224/505
f 1460/4225/491 1461/4226/492 1476/4227/507 1475/4228/506
f 1461/4229/492 1462/4230/493 1477/4231/508 1476/4232/507
f 1462/4233/338 1448/4234/338 1463/4235/338 1477/4236/338
f 1463/4237/495 1464/4238/494 1479/4239/509 1478/4240/510
f 1464/4241/494 1465/4242/496 1480/4243/511 1479/4244/509
f 1465/4245/496 1466/4246/497 1481/4247/512 1480/4248/511
f 1466/4249/497 1467/4250/498 1482/4251/513 1481/4252/512
f 1467/4253/498 1468/4254/499 1483/4255/514 1482/4256/513
f 1468/4257/499 1469/4258/500 1484/4259/515 1483/4260/514
f 1469/4261/500 1470/4262/501 1485/4263/516 1484/4264/515
f 1470/4265/501 1471/4266/502 1486/4267/517 1485/4268/516
f 1471/4269/502 1472/4270/503 1487/4271/518 1486/4272/517
f 1472/4273/503 1473/4274/504 1488/4275/519 1487/4276/518
f 1473/4277/504 1474/4278/505 1489/4279/520 1488/4280/519
f 1474/4281/505 1475/4282/506 1490/4283/521 1489/4284/520
f 1475/4285/506 1476/4286/507 1491/4287/522 1490/4288/521
f 1476/4289/507 1477/4290/508 1492/4291/523 1491/4292/522
f 1477/4293/338 1463/4294/338 1478/4295/338 1492/4296/338
f 1478/4297/510 1479/4298/509 1494/4299/524 1493/4300/525
f 1479/4301/509 1480/4302/511 1495/4303/526 1494/4304/524
f 1480/4305/511 1481/4306/512 1496/4307/527 1495/4308/526
f 1481/4309/512 1482/4310/513 1497/4311/528 1496/4312/527
f 1482/4313/513 1483/4314/514 1498/4315/529 1497/4316/528
f 1483/4317/514 1484/4318/515 1499/4319/530 1498/4320/529
f 1484/4321/515 1485/4322/516 1500/4323/531 1499/4324/530
f 1485/4325/516 1486/4326/517 1501/4327/532 1500/4328/531
f 1486/4329/517 1487/4330/518 1502/4331/533 1501/4332/532
f 1487/4333/518 1488/4334/519 1503/4335/534 1502/4336/533
f 1488/4337/519 1489/4338/520 1504/4339/535 1503/4340/534
f 1489/4341/520 1490/4342/521 1505/4343/536 1504/4344/535
f 1490/4345/521 1491/4346/522 1506/4347/537 1505/4348/536
f 1491/4349/522 1492/4350/523 1507/4351/538 1506/4352/537
f 1492/4353/338 1478/4354/338 1493/4355/338 1507/4356/338
f 1493/4357/525 1494/4358/524 1509/4359/539 1508/4360/540
f 1494/4361/524 1495/4362/526 1510/4363/541 1509/4364/539
f 1495/4365/526 1496/4366/527 1511/4367/542 1510/4368/541
f 1496/4369/527 1497/4370/528 1512/4371/543 1511/4372/542
f 1497/4373/528 1498/4374/529 1513/4375/544
f 1513/4376/544 1512/4377/543 1497/4378/528
f 1498/4379/529 1499/4380/530 1514/4381/545 1513/4382/544
f 1499/4383/530 1500/4384/531 1515/4385/546 1514/4386/545
f 1500/4387/531 1501/4388/532 1516/4389/547 1515/4390/546
f 1501/4391/532 1502/4392/533 1517/4393/548 1516/4394/547
f 1502/4395/533 1503/4396/534 1518/4397/549
f 1518/4398/549 1517/4399/550 1502/4400/533
f 1503/4401/534 1504/4402/535 1519/4403/551 1518/4404/549
f 1504/4405/535 1505/4406/536 1520/4407/552 1519/4408/551
f 1505/4409/536 1506/4410/537 1521/4411/553 1520/4412/552
f 1506/4413/537 1507/4414/538 1522/4415/554 1521/4416/553
f 1507/4417/338 1493/4418/338 1508/4419/338 1522/4420/338
f 1508/4421/540 1509/4422/539 1524/4423/555 1523/4424/556
f 1509/4425/539 1510/4426/541 1525/4427/557 1524/4428/555
f 1510/4429/541 1511/4430/542 1526/4431/558 1525/4432/557
f 1511/4433/542 1512/4434/543 1527/4435/559 1526/4436/558
f 1512/4437/543 1513/4438/544 1528/4439/560
f 1528/4440/560 1527/4441/559 1512/4442/543
f 1513/4443/544 1514/4444/545 1529/4445/561
f 1529/4446/562 1528/4447/563 1513/4448/544
f 1514/4449/545 1515/4450/546 1530/4451/564 1529/4452/565
f 1515/4453/546 1516/4454/547 1531/4455/566 1530/4456/567
f 1516/4457/547 1517/4458/550 1532/4459/568
f 1532/4460/569 1531/4461/566 1516/4462/547
f 1517/4463/550 1518/4464/549 1533/4465/570
f 1533/4466/570 1532/4467/571 1517/4468/572
f 1518/4469/549 1519/4470/551 1534/4471/573 1533/4472/570
f 1519/4473/551 1520/4474/552 1535/4475/574 1534/4476/573
f 1520/4477/552 1521/4478/553 1536/4479/575 1535/4480/574
f 1521/4481/553 1522/4482/554 1537/4483/576 1536/4484/575
f 1522/4485/338 1508/4486/338 1523/4487/338 1537/4488/338
f 1523/4489/556 1524/4490/555 1539/4491/577 1538/4492/578
f 1524/4493/555 1525/4494/557 1540/4495/579 1539/4496/577
f 1525/4497/557 1526/4498/558 1541/4499/580 1540/4500/579
f 1526/4501/558 1527/4502/559 1542/4503/581 1541/4504/580
f 1527/4505/559 1528/4506/582 1543/4507/583 1542/4508/581
f 1528/4509/560 1529/4510/584 1544/4511/585
f 1544/4512/585 1543/4513/583 1528/4514/582
f 1529/4515/565 1530/4516/564 1545/4517/586
f 1545/4518/587 1544/4519/585 1529/4520/588
f 1530/4521/564 1531/4522/566 1546/4523/589
f 1546/4524/590 1545/4525/590 1530/4526/591
f 1531/4527/592 1532/4528/593 1547/4529/594
f 1547/4530/594 1546/4531/595 1531/4532/592
f 1532/4533/596 1533/4534/570 1548/4535/597 1547/4536/594
f 1533/4537/570 1534/4538/573 1549/4539/598 1548/4540/597
f 1534/4541/573 1535/4542/574 1550/4543/599 1549/4544/598
f 1535/4545/574 1536/4546/575 1551/4547/600 1550/4548/599
f 1536/4549/575 1537/4550/576 1552/4551/601 1551/4552/600
f 1537/4553/338 1523/4554/338 1538/4555/338 1552/4556/338
f 1284/4557/301 1283/4558/300 1553/4559/602
f 1285/4560/304 1284/4561/301 1553/4562/602
f 1286/4563/306 1285/4564/304 1553/4565/602
f 1287/4566/308 1286/4567/306 1553/4568/602
f 1288/4569/310 1287/4570/308 1553/4571/602
f 1289/4572/312 1288/4573/310 1553/4574/602
f 1290/4575/320 1289/4576/312 1553/4577/602
f 1291/4578/321 1290/4579/320 1553/4580/602
f 1292/4581/324 1291/4582/321 1553/4583/602
f 1293/4584/328 1292/4585/324 1553/4586/602
f 1294/4587/330 1293/4588/328 1553/4589/602
f 1295/4590/332 1294/4591/330 1553/4592/602
f 1296/4593/334 1295/4594/332 1553/4595/602
f 1297/4596/336 1296/4597/334 1553/4598/602
f 1283/4599/300 1297/4600/336 1553/4601/602
f 1554/4602/603 1538/4603/578 1539/4604/577
f 1554/4605/603 1539/4606/577 1540/4607/579
f 1554/4608/603 1540/4609/579 1541/4610/580
f 1554/4611/603 1541/4612/580 1542/4613/581
f 1554/4614/603 1542/4615/581 1543/4616/583
f 1554/4617/603 1543/4618/583 1544/4619/585
f 1554/4620/603 1544/4621/585 1545/4622/587
f 1554/4623/603 1545/4624/587 1546/4625/595
f 1554/4626/603 1546/4627/595 1547/4628/594
f 1554/4629/603 1547/4630/594 1548/4631/597
f 1554/4632/603 1548/4633/597 1549/4634/598
f 1554/4635/603 1549/4636/598 1550/4637/599
f 1554/4638/603 1550/4639/599 1551/4640/600
f 1554/4641/603 1551/4642/600 1552/4643/601
f 1554/4644/603 1552/4645/601 1538/4646/578
o mouse_button_split
usemtl mouse
v 0.083 -0.096643 0.390625
v 0.083 -0.098518 0.390625
v 0.0795 -0.098518 0.390625
v 0.0795 -0.096643 0.390625
v 0.083 -0.097844 0.398062
v 0.083 -0.099719 0.398062
v 0.0795 -0.099719 0.398062
v 0.0795 -0.097844 0.398062
v 0.083 -0.09913 0.4055
v 0.083 -0.101005 0.4055
v 0.0795 -0.101005 0.4055
v 0.0795 -0.09913 0.4055
v 0.083 -0.100478 0.412938
v 0.083 -0.102353 0.412938
v 0.0795 -0.102353 0.412938
v 0.0795 -0.100478 0.412938
v 0.083 -0.102016 0.420375
v 0.083 -0.103891 0.420375
v 0.0795 -0.103891 0.420375
v 0.0795 -0.102016 0.420375
v 0.083 -0.103724 0.427813
v 0.083 -0.105599 0.427813
v 0.0795 -0.105599 0.427813
v 0.0795 -0.103724 0.427813
v 0.083 -0.105571 0.43525
v 0.083 -0.107446 0.43525
v 0.0795 -0.107446 0.43525
v 0.0795 -0.105571 0.43525
v 0.083 -0.107527 0.442688
v 0.083 -0.109402 0.442688
v 0.0795 -0.109402 0.442688
v 0.0795 -0.107527 0.442688
v 0.083 -0.109563 0.450125
v 0.083 -0.111438 0.450125
v 0.0795 -0.111438 0.450125
v 0.0795 -0.109563 0.450125
v 0.083 -0.111794 0.457563
v 0.083 -0.113669 0.457563
v 0.0795 -0.113669 0.457563
v 0.0795 -0.111794 0.457563
v 0.083 -0.114588 0.465
v 0.083 -0.116463 0.465
v 0.0795 -0.116463 0.465
v 0.0795 -0.114588 0.465
v 0.083 -0.11764 0.472438
v 0.083 -0.119515 0.472438
v 0.0795 -0.119515 0.472438
v 0.0795 -0.11764 0.472438
v 0.083 -0.12065 0.479875
v 0.083 -0.122525 0.479875
v 0.0795 -0.122525 0.479875
v 0.0795 -0.12065 0.479875
v 0.083 -0.123315 0.487313
v 0.083 -0.12519 0.487313
v 0.0795 -0.12519 0.487313
v 0.0795 -0.123315 0.487313
v 0.08125 -0.097581 0.390625
v 0.08125 -0.124252 0.487313
vt 0.422774 0.44964
vt 0.422774 0.454299
vt 0.404297 0.451315
vt 0.404297 0.446657
vt 0.352593 0.040133
vt 0.352593 0.048828
vt 0.333984 0.048828
vt 0.333984 0.040133
vt 0.676681 0.509936
vt 0.676681 0.514595
vt 0.658203 0.517578
vt 0.658203 0.51292
vt 0.614312 0.040133
vt 0.614312 0.048828
vt 0.595703 0.048828
vt 0.595703 0.040133
vt 0.441252 0.452835
vt 0.441252 0.457493
vt 0.422774 0.454299
vt 0.422774 0.44964
vt 0.371258 0.040133
vt 0.371258 0.048828
vt 0.352593 0.048828
vt 0.352593 0.040133
vt 0.695158 0.506742
vt 0.695158 0.5114
vt 0.676681 0.514595
vt 0.676681 0.509936
vt 0.632977 0.040133
vt 0.632977 0.048828
vt 0.614312 0.048828
vt 0.614312 0.040133
vt 0.459729 0.456184
vt 0.459729 0.460842
vt 0.441252 0.457493
vt 0.441252 0.452835
vt 0.389964 0.040133
vt 0.389964 0.048828
vt 0.371258 0.048828
vt 0.371258 0.040133
vt 0.713636 0.503393
vt 0.713636 0.508051
vt 0.695158 0.5114
vt 0.695158 0.506742
vt 0.651683 0.040133
vt 0.651683 0.048828
vt 0.632977 0.048828
vt 0.632977 0.040133
vt 0.478207 0.460005
vt 0.478207 0.464663
vt 0.459729 0.460842
vt 0.459729 0.456184
vt 0.408795 0.040133
vt 0.408795 0.048828
vt 0.389964 0.048828
vt 0.389964 0.040133
vt 0.732113 0.499572
vt 0.732113 0.50423
vt 0.713636 0.508051
vt 0.713636 0.503393
vt 0.670513 0.040133
vt 0.670513 0.048828
vt 0.651683 0.048828
vt 0.651683 0.040133
vt 0.496685 0.464248
vt 0.496685 0.468906
vt 0.478207 0.464663
vt 0.478207 0.460005
vt 0.427736 0.040133
vt 0.427736 0.048828
vt 0.408795 0.048828
vt 0.408795 0.040133
vt 0.750591 0.495329
vt 0.750591 0.499987
vt 0.732113 0.50423
vt 0.732113 0.499572
vt 0.689455 0.040133
vt 0.689455 0.048828
vt 0.670513 0.048828
vt 0.670513 0.040133
vt 0.515162 0.468837
vt 0.515162 0.473495
vt 0.496685 0.468906
vt 0.496685 0.464248
vt 0.44677 0.040133
vt 0.44677 0.048828
vt 0.427736 0.048828
vt 0.427736 0.040133
vt 0.769068 0.49074
vt 0.769068 0.495398
vt 0.750591 0.499987
vt 0.750591 0.495329
vt 0.708489 0.040133
vt 0.708489 0.048828
vt 0.689455 0.048828
vt 0.689455 0.040133
vt 0.53364 0.473697
vt 0.53364 0.478356
vt 0.515162 0.473495
vt 0.515162 0.468837
vt 0.465875 0.040133
vt 0.465875 0.048828
vt 0.44677 0.048828
vt 0.44677 0.040133
vt 0.787546 0.485879
vt 0.787546 0.490538
vt 0.769068 0.495398
vt 0.769068 0.49074
vt 0.727594 0.040133
vt 0.727594 0.048828
vt 0.708489 0.048828
vt 0.708489 0.040133
vt 0.552117 0.478755
vt 0.552117 0.483413
vt 0.53364 0.478356
vt 0.53364 0.473697
vt 0.485032 0.040133
vt 0.485032 0.048828
vt 0.465875 0.048828
vt 0.465875 0.040133
vt 0.806023 0.480822
vt 0.806023 0.485481
vt 0.787546 0.490538
vt 0.787546 0.485879
vt 0.746751 0.040133
vt 0.746751 0.048828
vt 0.727594 0.048828
vt 0.727594 0.040133
vt 0.570595 0.484297
vt 0.570595 0.488955
vt 0.552117 0.483413
vt 0.552117 0.478755
vt 0.504317 0.040133
vt 0.504317 0.048828
vt 0.485032 0.048828
vt 0.485032 0.040133
vt 0.824501 0.47528
vt 0.824501 0.479938
vt 0.806023 0.485481
vt 0.806023 0.480822
vt 0.766036 0.040133
vt 0.766036 0.048828
vt 0.746751 0.048828
vt 0.746751 0.040133
vt 0.589072 0.491239
vt 0.589072 0.495897
vt 0.570595 0.488955
vt 0.570595 0.484297
vt 0.523972 0.040133
vt 0.523972 0.048828
vt 0.504317 0.048828
vt 0.504317 0.040133
vt 0.842979 0.468338
vt 0.842979 0.472997
vt 0.824501 0.479938
vt 0.824501 0.47528
vt 0.785691 0.040133
vt 0.785691 0.048828
vt 0.766036 0.048828
vt 0.766036 0.040133
vt 0.60755 0.498822
vt 0.60755 0.503481
vt 0.589072 0.495897
vt 0.589072 0.491239
vt 0.543797 0.040133
vt 0.543797 0.048828
vt 0.523972 0.048828
vt 0.523972 0.040133
vt 0.861456 0.460755
vt 0.861456 0.465413
vt 0.842979 0.472997
vt 0.842979 0.468338
vt 0.805516 0.040133
vt 0.805516 0.048828
vt 0.785691 0.048828
vt 0.785691 0.040133
vt 0.626027 0.506299
vt 0.626027 0.510957
vt 0.60755 0.503481
vt 0.60755 0.498822
vt 0.563594 0.040133
vt 0.563594 0.048828
vt 0.543797 0.048828
vt 0.543797 0.040133
vt 0.879934 0.453278
vt 0.879934 0.457936
vt 0.861456 0.465413
vt 0.861456 0.460755
vt 0.825312 0.040133
vt 0.825312 0.048828
vt 0.805516 0.048828
vt 0.805516 0.040133
vt 0.644505 0.51292
vt 0.644505 0.517578
vt 0.626027 0.510957
vt 0.626027 0.506299
vt 0.583164 0.040133
vt 0.583164 0.048828
vt 0.563594 0.048828
vt 0.563594 0.040133
vt 0.898411 0.446657
vt 0.898411 0.451315
vt 0.879934 0.457936
vt 0.879934 0.453278
vt 0.844883 0.040133
vt 0.844883 0.048828
vt 0.825312 0.048828
vt 0.825312 0.040133
vt 0.971145 0.046499
vt 0.966797 0.048828
vt 0.966797 0.04417
vt 0.971145 0.046499
vt 0.966797 0.04417
vt 0.975492 0.04417
vt 0.971145 0.046499
vt 0.975492 0.04417
vt 0.975492 0.048828
vt 0.971145 0.046499
vt 0.975492 0.048828
vt 0.966797 0.048828
vt 0.018461 0.016826
vt 0.018461 0.021484
vt 0.014113 0.019155
vt 0.009766 0.016826
vt 0.018461 0.016826
vt 0.014113 0.019155
vt 0.009766 0.021484
vt 0.009766 0.016826
vt 0.014113 0.019155
vt 0.018461 0.021484
vt 0.009766 0.021484
vt 0.014113 0.019155
vn 1 0 0
vn 0 -0.986314 -0.16488
vn 0 -0.987214 -0.159399
vn -1 0 0
vn 0 0.986314 0.16488
vn 0 0.987214 0.159399
vn 0 -0.984682 -0.17436
vn 0 0.984682 0.17436
vn 0 -0.981691 -0.190479
vn 0 0.981691 0.190479
vn 0 -0.977012 -0.213183
vn 0 0.977012 0.213183
vn 0 -0.972611 -0.232439
vn 0 0.972611 0.232439
vn 0 -0.968827 -0.247738
vn 0 0.968827 0.247738
vn 0 -0.965823 -0.259202
vn 0 0.965823 0.259202
vn 0 -0.961244 -0.275698
vn 0 0.961244 0.275698
vn 0 -0.947402 -0.320045
vn 0 0.947402 0.320045
vn 0 -0.930687 -0.365816
vn 0 0.930687 0.365816
vn 0 -0.92605 -0.3774
vn 0 0.92605 0.3774
vn 0 -0.934324 -0.356426
vn 0 0.934324 0.356426
vn 0 -0.941391 -0.337317
vn 0 0.941391 0.337317
vn 0 0 -1
vn 0 0 1
f 1559/4647/604 1560/4648/604 1556/4649/604 1555/4650/604
f 1560/4651/605 1561/4652/605 1557/4653/606 1556/4654/606
f 1561/4655/607 1562/4656/607 1558/4657/607 1557/4658/607
f 1562/4659/608 1559/4660/608 1555/4661/609 1558/4662/609
f 1563/4663/604 1564/4664/604 1560/4665/604 1559/4666/604
f 1564/4667/610 1565/4668/610 1561/4669/605 1560/4670/605
f 1565/4671/607 1566/4672/607 1562/4673/607 1561/4674/607
f 1566/4675/611 1563/4676/611 1559/4677/608 1562/4678/608
f 1567/4679/604 1568/4680/604 1564/4681/604 1563/4682/604
f 1568/4683/612 1569/4684/612 1565/4685/610 1564/4686/610
f 1569/4687/607 1570/4688/607 1566/4689/607 1565/4690/607
f 1570/4691/613 1567/4692/613 1563/4693/611 1566/4694/611
f 1571/4695/604 1572/4696/604 1568/4697/604 1567/4698/604
f 1572/4699/614 1573/4700/614 1569/4701/612 1568/4702/612
f 1573/4703/607 1574/4704/607 1570/4705/607 1569/4706/607
f 1574/4707/615 1571/4708/615 1567/4709/613 1570/4710/613
f 1575/4711/604 1576/4712/604 1572/4713/604 1571/4714/604
f 1576/4715/616 1577/4716/616 1573/4717/614 1572/4718/614
f 1577/4719/607 1578/4720/607 1574/4721/607 1573/4722/607
f 1578/4723/617 1575/4724/617 1571/4725/615 1574/4726/615
f 1579/4727/604 1580/4728/604 1576/4729/604 1575/4730/604
f 1580/4731/618 1581/4732/618 1577/4733/616 1576/4734/616
f 1581/4735/607 1582/4736/607 1578/4737/607 1577/4738/607
f 1582/4739/619 1579/4740/619 1575/4741/617 1578/4742/617
f 1583/4743/604 1584/4744/604 1580/4745/604 1579/4746/604
f 1584/4747/620 1585/4748/620 1581/4749/618 1580/4750/618
f 1585/4751/607 1586/4752/607 1582/4753/607 1581/4754/607
f 1586/4755/621 1583/4756/621 1579/4757/619 1582/4758/619
f 1587/4759/604 1588/4760/604 1584/4761/604 1583/4762/604
f 1588/4763/622 1589/4764/622 1585/4765/620 1584/4766/620
f 1589/4767/607 1590/4768/607 1586/4769/607 1585/4770/607
f 1590/4771/623 1587/4772/623 1583/4773/621 1586/4774/621
f 1591/4775/604 1592/4776/604 1588/4777/604 1587/4778/604
f 1592/4779/624 1593/4780/624 1589/4781/622 1588/4782/622
f 1593/4783/607 1594/4784/607 1590/4785/607 1589/4786/607
f 1594/4787/625 1591/4788/625 1587/4789/623 1590/4790/623
f 1595/4791/604 1596/4792/604 1592/4793/604 1591/4794/604
f 1596/4795/626 1597/4796/626 1593/4797/624 1592/4798/624
f 1597/4799/607 1598/4800/607 1594/4801/607 1593/4802/607
f 1598/4803/627 1595/4804/627 1591/4805/625 1594/4806/625
f 1599/4807/604 1600/4808/604 1596/4809/604 1595/4810/604
f 1600/4811/628 1601/4812/628 1597/4813/626 1596/4814/626
f 1601/4815/607 1602/4816/607 1598/4817/607 1597/4818/607
f 1602/4819/629 1599/4820/629 1595/4821/627 1598/4822/627
f 1603/4823/604 1604/4824/604 1600/4825/604 1599/4826/604
f 1604/4827/630 1605/4828/630 1601/4829/628 1600/4830/628
f 1605/4831/607 1606/4832/607 1602/4833/607 1601/4834/607
f 1606/4835/631 1603/4836/631 1599/4837/629 1602/4838/629
f 1607/4839/604 1608/4840/604 1604/4841/604 1603/4842/604
f 1608/4843/632 1609/4844/632 1605/4845/630 1604/4846/630
f 1609/4847/607 1610/4848/607 1606/4849/607 1605/4850/607
f 1610/4851/633 1607/4852/633 1603/4853/631 1606/4854/631
f 1611/4855/634 1555/4856/634 1556/4857/634
f 1611/4858/634 1556/4859/634 1557/4860/634
f 1611/4861/634 1557/4862/634 1558/4863/634
f 1611/4864/634 1558/4865/634 1555/4866/634
f 1608/4867/635 1607/4868/635 1612/4869/635
f 1609/4870/635 1608/4871/635 1612/4872/635
f 1610/4873/635 1609/4874/635 1612/4875/635
f 1607/4876/635 1610/4877/635 1612/4878/635
o mouse_scroll_wheel
usemtl mouse
v 0.076562 -0.11111 0.458062
v 0.076562 -0.106098 0.455648
v 0.076562 -0.10263 0.451299
v 0.076562 -0.101392 0.445875
v 0.076562 -0.10263 0.440451
v 0.076562 -0.106098 0.436102
v 0.076562 -0.11111 0.433688
v 0.076562 -0.116673 0.433688
v 0.076562 -0.121685 0.436102
v 0.076562 -0.125154 0.440451
v 0.076562 -0.126392 0.445875
v 0.076562 -0.125154 0.451299
v 0.076562 -0.121685 0.455648
v 0.076562 -0.116673 0.458062
v 0.085938 -0.11111 0.458062
v 0.085938 -0.106098 0.455648
v 0.085938 -0.10263 0.451299
v 0.085938 -0.101392 0.445875
v 0.085938 -0.10263 0.440451
v 0.085938 -0.106098 0.436102
v 0.085938 -0.11111 0.433688
v 0.085938 -0.116673 0.433688
v 0.085938 -0.121685 0.436102
v 0.085938 -0.125154 0.440451
v 0.085938 -0.126392 0.445875
v 0.085938 -0.125154 0.451299
v 0.085938 -0.121685 0.455648
v 0.085938 -0.116673 0.458062
v 0.076562 -0.113892 0.445875
v 0.085938 -0.113892 0.445875
vt 0.818359 0.087891
vt 0.818359 0.07407
vt 0.84165 0.07407
vt 0.84165 0.087891
vt 0.150391 0.048828
vt 0.150391 0.035007
vt 0.173682 0.035007
vt 0.173682 0.048828
vt 0.712891 0.087891
vt 0.712891 0.07407
vt 0.736182 0.07407
vt 0.736182 0.087891
vt 0.853516 0.087891
vt 0.853516 0.07407
vt 0.876807 0.07407
vt 0.876807 0.087891
vt 0.748047 0.087891
vt 0.748047 0.07407
vt 0.771338 0.07407
vt 0.771338 0.087891
vt 0.958984 0.087891
vt 0.958984 0.07407
vt 0.982275 0.07407
vt 0.982275 0.087891
vt 0.888672 0.087891
vt 0.888672 0.07407
vt 0.911963 0.07407
vt 0.911963 0.087891
vt 0.033057 0.035007
vt 0.033057 0.048828
vt 0.009766 0.048828
vt 0.009766 0.035007
vt 0.947119 0.07407
vt 0.947119 0.087891
vt 0.923828 0.087891
vt 0.923828 0.07407
vt 0.701025 0.07407
vt 0.701025 0.087891
vt 0.677734 0.087891
vt 0.677734 0.07407
vt 0.103369 0.035007
vt 0.103369 0.048828
vt 0.080078 0.048828
vt 0.080078 0.035007
vt 0.138525 0.035007
vt 0.138525 0.048828
vt 0.115234 0.048828
vt 0.115234 0.035007
vt 0.806494 0.07407
vt 0.806494 0.087891
vt 0.783203 0.087891
vt 0.783203 0.07407
vt 0.068213 0.035007
vt 0.068213 0.048828
vt 0.044922 0.048828
vt 0.044922 0.035007
vt 0.493945 0.401365
vt 0.487035 0.431641
vt 0.474583 0.425644
vt 0.493945 0.401365
vt 0.474583 0.425644
vt 0.465966 0.414839
vt 0.493945 0.401365
vt 0.465966 0.414839
vt 0.462891 0.401365
vt 0.493945 0.401365
vt 0.462891 0.401365
vt 0.465966 0.38789
vt 0.493945 0.401365
vt 0.465966 0.38789
vt 0.474583 0.377085
vt 0.493945 0.401365
vt 0.474583 0.377085
vt 0.487035 0.371088
vt 0.493945 0.401365
vt 0.487035 0.371088
vt 0.500856 0.371088
vt 0.493945 0.401365
vt 0.500856 0.371088
vt 0.513308 0.377085
vt 0.493945 0.401365
vt 0.513308 0.377085
vt 0.521925 0.38789
vt 0.493945 0.401365
vt 0.521925 0.38789
vt 0.525 0.401365
vt 0.493945 0.401365
vt 0.525 0.401365
vt 0.521925 0.414839
vt 0.493945 0.401365
vt 0.521925 0.414839
vt 0.513308 0.425644
vt 0.493945 0.401365
vt 0.513308 0.425644
vt 0.500856 0.431641
vt 0.493945 0.401365
vt 0.500856 0.431641
vt 0.487035 0.431641
vt 0.587526 0.425644
vt 0.575074 0.431641
vt 0.568164 0.401365
vt 0.596143 0.414839
vt 0.587526 0.425644
vt 0.568164 0.401365
vt 0.599219 0.401365
vt 0.596143 0.414839
vt 0.568164 0.401365
vt 0.596143 0.38789
vt 0.599219 0.401365
vt 0.568164 0.401365
vt 0.587526 0.377085
vt 0.596143 0.38789
vt 0.568164 0.401365
vt 0.575074 0.371088
vt 0.587526 0.377085
vt 0.568164 0.401365
vt 0.561254 0.371088
vt 0.575074 0.371088
vt 0.568164 0.401365
vt 0.548802 0.377085
vt 0.561254 0.371088
vt 0.568164 0.401365
vt 0.540185 0.38789
vt 0.548802 0.377085
vt 0.568164 0.401365
vt 0.537109 0.401365
vt 0.540185 0.38789
vt 0.568164 0.401365
vt 0.540185 0.414839
vt 0.537109 0.401365
vt 0.568164 0.401365
vt 0.548802 0.425644
vt 0.540185 0.414839
vt 0.568164 0.401365
vt 0.561254 0.431641
vt 0.548802 0.425644
vt 0.568164 0.401365
vt 0.575074 0.431641
vt 0.561254 0.431641
vt 0.568164 0.401365
vn 0 0.433884 0.900969
vn 0 0.62349 0.781831
vn 0 0.900969 0.433884
vn 0 1 0
vn 0 0.900969 -0.433884
vn 0 0.62349 -0.781831
vn 0 0.222521 -0.974928
vn 0 -0.222521 -0.974928
vn 0 -0.62349 -0.781831
vn 0 -0.900969 -0.433884
vn 0 -1 0
vn 0 -0.900969 0.433884
vn 0 -0.62349 0.781831
vn 0 -0.433884 0.900969
vn 0 0 -1
vn -1 0 0
vn 1 0 0
f 1627/4879/636 1628/4880/637 1614/4881/637 1613/4882/636
f 1628/4883/637 1629/4884/638 1615/4885/638 1614/4886/637
f 1629/4887/638 1630/4888/639 1616/4889/639 1615/4890/638
f 1630/4891/639 1631/4892/640 1617/4893/640 1616/4894/639
f 1631/4895/640 1632/4896/641 1618/4897/641 1617/4898/640
f 1632/4899/641 1633/4900/642 1619/4901/642 1618/4902/641
f 1633/4903/642 1634/4904/643 1620/4905/643 1619/4906/642
f 1634/4907/643 1635/4908/644 1621/4909/644 1620/4910/643
f 1635/4911/644 1636/4912/645 1622/4913/645 1621/4914/644
f 1636/4915/645 1637/4916/646 1623/4917/646 1622/4918/645
f 1637/4919/646 1638/4920/647 1624/4921/647 1623/4922/646
f 1638/4923/647 1639/4924/648 1625/4925/648 1624/4926/647
f 1639/4927/648 1640/4928/649 1626/4929/649 1625/4930/648
f 1626/4931/650 1613/4932/650 1627/4933/650 1640/4934/650
f 1641/4935/651 1613/4936/651 1614/4937/651
f 1641/4938/651 1614/4939/651 1615/4940/651
f 1641/4941/651 1615/4942/651 1616/4943/651
f 1641/4944/651 1616/4945/651 1617/4946/651
f 1641/4947/651 1617/4948/651 1618/4949/651
f 1641/4950/651 1618/4951/651 1619/4952/651
f 1641/4953/651 1619/4954/651 1620/4955/651
f 1641/4956/651 1620/4957/651 1621/4958/651
f 1641/4959/651 1621/4960/651 1622/4961/651
f 1641/4962/651 1622/4963/651 1623/4964/651
f 1641/4965/651 1623/4966/651 1624/4967/651
f 1641/4968/651 1624/4969/651 1625/4970/651
f 1641/4971/651 1625/4972/651 1626/4973/651
f 1641/4974/651 1626/4975/651 1613/4976/651
f 1628/4977/652 1627/4978/652 1642/4979/652
f 1629/4980/652 1628/4981/652 1642/4982/652
f 1630/4983/652 1629/4984/652 1642/4985/652
f 1631/4986/652 1630/4987/652 1642/4988/652
f 1632/4989/652 1631/4990/652 1642/4991/652
f 1633/4992/652 1632/4993/652 1642/4994/652
f 1634/4995/652 1633/4996/652 1642/4997/652
f 1635/4998/652 1634/4999/652 1642/5000/652
f 1636/5001/652 1635/5002/652 1642/5003/652
f 1637/5004/652 1636/5005/652 1642/5006/652
f 1638/5007/652 1637/5008/652 1642/5009/652
f 1639/5010/652 1638/5011/652 1642/5012/652
f 1640/5013/652 1639/5014/652 1642/5015/652
f 1627/5016/652 1640/5017/652 1642/5018/652
