# AFL Retail Shelf V3, generated by tools/build-retail-shelf-v3.mjs
mtllib retail_shelf_single.mtl
o base_assembly__plastic
usemtl shelf
v 0.06875 0.123125 0.40775
v 0.06875 0.123125 0.95525
v 0.06875 0.13625 0.95525
v 0.06875 0.13625 0.40775
v 0.07625 0.115625 0.40025
v 0.07625 0.115625 0.96275
v 0.07625 0.14375 0.96275
v 0.07625 0.14375 0.40025
v 0.92375 0.115625 0.40025
v 0.92375 0.115625 0.96275
v 0.92375 0.14375 0.96275
v 0.92375 0.14375 0.40025
v 0.93125 0.123125 0.40775
v 0.93125 0.123125 0.95525
v 0.93125 0.13625 0.95525
v 0.93125 0.13625 0.40775
v 0.06875 0.123125 0.40775
v 0.06875 0.123125 0.95525
v 0.06875 0.13625 0.95525
v 0.06875 0.13625 0.40775
v 0.93125 0.123125 0.40775
v 0.93125 0.123125 0.95525
v 0.93125 0.13625 0.95525
v 0.93125 0.13625 0.40775
vt 0.168945 0.251604
vt 0.239258 0.251604
vt 0.23832 0.25293
vt 0.169883 0.25293
vt 0.46543 0.213867
vt 0.461914 0.213867
vt 0.462852 0.212541
vt 0.464492 0.212541
vt 0.313477 0.276367
vt 0.243164 0.276367
vt 0.244102 0.275041
vt 0.312539 0.275041
vt 0.856445 0.275041
vt 0.859961 0.275041
vt 0.859023 0.276367
vt 0.857383 0.276367
vt 0.817852 0.924805
vt 0.817852 0.995117
vt 0.711914 0.995117
vt 0.711914 0.924805
vt 0.435039 0.429102
vt 0.435039 0.432617
vt 0.329102 0.432617
vt 0.329102 0.429102
vt 0.825195 0.995117
vt 0.825195 0.924805
vt 0.931133 0.924805
vt 0.931133 0.995117
vt 0.442383 0.432617
vt 0.442383 0.429102
vt 0.54832 0.429102
vt 0.54832 0.432617
vt 0.246055 0.251604
vt 0.314492 0.251604
vt 0.31543 0.25293
vt 0.245117 0.25293
vt 0.472617 0.212541
vt 0.474258 0.212541
vt 0.475195 0.213867
vt 0.47168 0.213867
vt 0.388711 0.276367
vt 0.320273 0.276367
vt 0.319336 0.275041
vt 0.389648 0.275041
vt 0.503555 0.245117
vt 0.501914 0.245117
vt 0.500977 0.243791
vt 0.504492 0.243791
vt 0.661133 0.331055
vt 0.661133 0.329414
vt 0.72957 0.329414
vt 0.72957 0.329414
vt 0.72957 0.331055
vt 0.661133 0.331055
vt 0.805742 0.331055
vt 0.737305 0.331055
vt 0.737305 0.329414
vt 0.737305 0.329414
vt 0.805742 0.329414
vt 0.805742 0.331055
vn -0.707107 -0.707107 0
vn -0.707107 0 0.707107
vn -0.707107 0.707107 0
vn -0.707107 0 -0.707107
vn 0 -1 0
vn 0 0 1
vn 0 1 0
vn 0 0 -1
vn 0.707107 -0.707107 0
vn 0.707107 0 0.707107
vn 0.707107 0.707107 0
vn 0.707107 0 -0.707107
vn -1 0 0
vn -1 0 0
vn 1 0 0
vn 1 0 0
f 5/1/1 6/2/1 2/3/1 1/4/1
f 6/5/2 7/6/2 3/7/2 2/8/2
f 7/9/3 8/10/3 4/11/3 3/12/3
f 8/13/4 5/14/4 1/15/4 4/16/4
f 9/17/5 10/18/5 6/19/5 5/20/5
f 10/21/6 11/22/6 7/23/6 6/24/6
f 11/25/7 12/26/7 8/27/7 7/28/7
f 12/29/8 9/30/8 5/31/8 8/32/8
f 13/33/9 14/34/9 10/35/9 9/36/9
f 14/37/10 15/38/10 11/39/10 10/40/10
f 15/41/11 16/42/11 12/43/11 11/44/11
f 16/45/12 13/46/12 9/47/12 12/48/12
f 20/49/13 17/50/13 18/51/13
f 18/52/14 19/53/14 20/54/14
f 22/55/15 21/56/15 24/57/15
f 24/58/16 23/59/16 22/60/16
o base_assembly__trim
usemtl shelf
v 0.053125 0.1125 0.369
v 0.053125 0.1125 0.372125
v 0.053125 0.119375 0.372125
v 0.053125 0.119375 0.369
v 0.946875 0.1125 0.369
v 0.946875 0.1125 0.372125
v 0.946875 0.119375 0.372125
v 0.946875 0.119375 0.369
v 0.053125 0.1125 0.369
v 0.053125 0.1125 0.372125
v 0.053125 0.119375 0.372125
v 0.053125 0.119375 0.369
v 0.946875 0.1125 0.369
v 0.946875 0.1125 0.372125
v 0.946875 0.119375 0.372125
v 0.946875 0.119375 0.369
vt 0.116602 0.018164
vt 0.116602 0.018555
vt 0.004883 0.018555
vt 0.004883 0.018164
vt 0.22793 0.142695
vt 0.22793 0.143555
vt 0.116211 0.143555
vt 0.116211 0.142695
vt 0.124023 0.018555
vt 0.124023 0.018164
vt 0.235742 0.018164
vt 0.235742 0.018555
vt 0.235352 0.143555
vt 0.235352 0.142695
vt 0.34707 0.142695
vt 0.34707 0.143555
vt 0.243164 0.018164
vt 0.244023 0.018164
vt 0.244023 0.018555
vt 0.244023 0.018555
vt 0.243164 0.018555
vt 0.243164 0.018164
vt 0.250977 0.018555
vt 0.250977 0.018164
vt 0.251836 0.018164
vt 0.251836 0.018164
vt 0.251836 0.018555
vt 0.250977 0.018555
vn 0 -1 0
vn 0 0 1
vn 0 1 0
vn 0 0 -1
vn -1 0 0
vn -1 0 0
vn 1 0 0
vn 1 0 0
f 29/61/17 30/62/17 26/63/17 25/64/17
f 30/65/18 31/66/18 27/67/18 26/68/18
f 31/69/19 32/70/19 28/71/19 27/72/19
f 32/73/20 29/74/20 25/75/20 28/76/20
f 36/77/21 33/78/21 34/79/21
f 34/80/22 35/81/22 36/82/22
f 38/83/23 37/84/23 40/85/23
f 40/86/24 39/87/24 38/88/24
o base_assembly__deck
usemtl shelf
v 0.040625 0.048125 0.39525
v 0.040625 0.048125 0.983375
v 0.040625 0.108125 0.983375
v 0.040625 0.108125 0.388198
v 0.040625 0.107096 0.379625
v 0.040625 0.0525 0.379625
v 0.040625 0.0525 0.39525
v 0.048125 0.040625 0.38775
v 0.048125 0.040625 0.990875
v 0.048125 0.115625 0.990875
v 0.048125 0.115625 0.38775
v 0.048125 0.11375 0.372125
v 0.048125 0.045 0.372125
v 0.048125 0.045 0.38775
v 0.951875 0.040625 0.38775
v 0.951875 0.040625 0.990875
v 0.951875 0.115625 0.990875
v 0.951875 0.115625 0.38775
v 0.951875 0.11375 0.372125
v 0.951875 0.045 0.372125
v 0.951875 0.045 0.38775
v 0.959375 0.048125 0.39525
v 0.959375 0.048125 0.983375
v 0.959375 0.108125 0.983375
v 0.959375 0.108125 0.388198
v 0.959375 0.107096 0.379625
v 0.959375 0.0525 0.379625
v 0.959375 0.0525 0.39525
v 0.040625 0.048125 0.39525
v 0.040625 0.048125 0.983375
v 0.040625 0.108125 0.983375
v 0.040625 0.108125 0.388198
v 0.040625 0.107096 0.379625
v 0.040625 0.0525 0.379625
v 0.040625 0.0525 0.39525
v 0.959375 0.048125 0.39525
v 0.959375 0.048125 0.983375
v 0.959375 0.108125 0.983375
v 0.959375 0.108125 0.388198
v 0.959375 0.107096 0.379625
v 0.959375 0.0525 0.379625
v 0.959375 0.0525 0.39525
v 0.95625 0.0475 0.389625
v 0.95625 0.0475 0.97525
v 0.95625 0.1075 0.97525
v 0.95625 0.1075 0.389625
v 0.961875 0.0475 0.389625
v 0.961875 0.0475 0.97525
v 0.961875 0.1075 0.97525
v 0.961875 0.1075 0.389625
v 0.95625 0.0475 0.389625
v 0.95625 0.0475 0.97525
v 0.95625 0.1075 0.97525
v 0.95625 0.1075 0.389625
v 0.961875 0.0475 0.389625
v 0.961875 0.0475 0.97525
v 0.961875 0.1075 0.97525
v 0.961875 0.1075 0.389625
v 0.038125 0.0475 0.389625
v 0.038125 0.0475 0.97525
v 0.038125 0.1075 0.97525
v 0.038125 0.1075 0.389625
v 0.04375 0.0475 0.389625
v 0.04375 0.0475 0.97525
v 0.04375 0.1075 0.97525
v 0.04375 0.1075 0.389625
v 0.038125 0.0475 0.389625
v 0.038125 0.0475 0.97525
v 0.038125 0.1075 0.97525
v 0.038125 0.1075 0.389625
v 0.04375 0.0475 0.389625
v 0.04375 0.0475 0.97525
v 0.04375 0.1075 0.97525
v 0.04375 0.1075 0.389625
v 0.053125 0.0475 0.989625
v 0.053125 0.0475 1
v 0.053125 0.1075 1
v 0.053125 0.1075 0.989625
v 0.946875 0.0475 0.989625
v 0.946875 0.0475 1
v 0.946875 0.1075 1
v 0.946875 0.1075 0.989625
v 0.053125 0.0475 0.989625
v 0.053125 0.0475 1
v 0.053125 0.1075 1
v 0.053125 0.1075 0.989625
v 0.946875 0.0475 0.989625
v 0.946875 0.0475 1
v 0.946875 0.1075 1
v 0.946875 0.1075 0.989625
vt 0.004883 0.251604
vt 0.080273 0.251604
vt 0.079336 0.25293
vt 0.00582 0.25293
vt 0.20957 0.28418
vt 0.200195 0.28418
vt 0.201133 0.282854
vt 0.208633 0.282854
vt 0.109509 0.31543
vt 0.034185 0.31543
vt 0.034241 0.314104
vt 0.108572 0.314104
vt 0.034185 0.31543
vt 0.032227 0.315264
vt 0.033166 0.314013
vt 0.034241 0.314104
vt 0.262695 0.282854
vt 0.271289 0.282854
vt 0.270352 0.28418
vt 0.263527 0.28418
vt 0.676758 0.243791
vt 0.678711 0.243791
vt 0.679648 0.245117
vt 0.677695 0.245117
vt 0.876914 0.275041
vt 0.877461 0.275041
vt 0.876523 0.276367
vt 0.875977 0.276367
vt 0.705742 0.919727
vt 0.705742 0.995117
vt 0.592773 0.995117
vt 0.592773 0.919727
vt 0.184258 0.559961
vt 0.184258 0.569336
vt 0.071289 0.569336
vt 0.071289 0.559961
vt 0.473633 0.995117
vt 0.473633 0.919861
vt 0.586602 0.919861
vt 0.586602 0.995117
vt 0.473633 0.919861
vt 0.473633 0.917897
vt 0.586602 0.917897
vt 0.586602 0.919861
vt 0.19043 0.569336
vt 0.19043 0.560742
vt 0.303398 0.560742
vt 0.303398 0.569336
vt 0.31707 0.336914
vt 0.31707 0.338867
vt 0.204102 0.338867
vt 0.204102 0.336914
vt 0.84082 0.057617
vt 0.84082 0.05707
vt 0.953789 0.05707
vt 0.953789 0.057617
vt 0.087852 0.251604
vt 0.161367 0.251604
vt 0.162305 0.25293
vt 0.086914 0.25293
vt 0.216758 0.282854
vt 0.224258 0.282854
vt 0.225195 0.28418
vt 0.21582 0.28418
vt 0.192556 0.315339
vt 0.118225 0.315339
vt 0.118169 0.314013
vt 0.193493 0.314013
vt 0.118225 0.315339
vt 0.117151 0.31543
vt 0.116211 0.314179
vt 0.118169 0.314013
vt 0.05952 0.245117
vt 0.052695 0.245117
vt 0.051758 0.243791
vt 0.060352 0.243791
vt 0.687461 0.243791
vt 0.689414 0.243791
vt 0.688477 0.245117
vt 0.686523 0.245117
vt 0.885273 0.276367
vt 0.884727 0.276367
vt 0.883789 0.275041
vt 0.884336 0.275041
vt 0.612305 0.562383
vt 0.612305 0.561836
vt 0.68582 0.561836
vt 0.612305 0.562383
vt 0.68582 0.561836
vt 0.68582 0.569336
vt 0.612305 0.562383
vt 0.68582 0.569336
vt 0.611423 0.569336
vt 0.612305 0.562383
vt 0.611423 0.569336
vt 0.610352 0.569207
vt 0.610352 0.569207
vt 0.610352 0.562383
vt 0.612305 0.562383
vt 0.767852 0.569336
vt 0.694336 0.569336
vt 0.694336 0.568789
vt 0.767852 0.561836
vt 0.767852 0.569336
vt 0.694336 0.568789
vt 0.693454 0.561836
vt 0.767852 0.561836
vt 0.694336 0.568789
vt 0.692383 0.561965
vt 0.693454 0.561836
vt 0.694336 0.568789
vt 0.694336 0.568789
vt 0.692383 0.568789
vt 0.692383 0.561965
vt 0.303711 0.080352
vt 0.376914 0.080352
vt 0.376914 0.081055
vt 0.303711 0.081055
vt 0.624023 0.080352
vt 0.631523 0.080352
vt 0.631523 0.081055
vt 0.624023 0.081055
vt 0.456992 0.081055
vt 0.383789 0.081055
vt 0.383789 0.080352
vt 0.456992 0.080352
vt 0.645195 0.081055
vt 0.637695 0.081055
vt 0.637695 0.080352
vt 0.645195 0.080352
vt 0.774414 0.569336
vt 0.774414 0.561836
vt 0.847617 0.561836
vt 0.847617 0.561836
vt 0.847617 0.569336
vt 0.774414 0.569336
vt 0.927695 0.569336
vt 0.854492 0.569336
vt 0.854492 0.561836
vt 0.854492 0.561836
vt 0.927695 0.561836
vt 0.927695 0.569336
vt 0.463867 0.080352
vt 0.53707 0.080352
vt 0.53707 0.081055
vt 0.463867 0.081055
vt 0.651367 0.080352
vt 0.658867 0.080352
vt 0.658867 0.081055
vt 0.651367 0.081055
vt 0.617148 0.081055
vt 0.543945 0.081055
vt 0.543945 0.080352
vt 0.617148 0.080352
vt 0.672539 0.081055
vt 0.665039 0.081055
vt 0.665039 0.080352
vt 0.672539 0.080352
vt 0.004883 0.545898
vt 0.004883 0.538398
vt 0.078086 0.538398
vt 0.078086 0.538398
vt 0.078086 0.545898
vt 0.004883 0.545898
vt 0.158164 0.545898
vt 0.084961 0.545898
vt 0.084961 0.538398
vt 0.084961 0.538398
vt 0.158164 0.538398
vt 0.158164 0.545898
vt 0.116602 0.204758
vt 0.116602 0.206055
vt 0.004883 0.206055
vt 0.004883 0.204758
vt 0.483789 0.561836
vt 0.483789 0.569336
vt 0.37207 0.569336
vt 0.37207 0.561836
vt 0.124023 0.206055
vt 0.124023 0.204758
vt 0.235742 0.204758
vt 0.235742 0.206055
vt 0.491211 0.569336
vt 0.491211 0.561836
vt 0.60293 0.561836
vt 0.60293 0.569336
vt 0.243164 0.204758
vt 0.250664 0.204758
vt 0.250664 0.206055
vt 0.250664 0.206055
vt 0.243164 0.206055
vt 0.243164 0.204758
vt 0.256836 0.206055
vt 0.256836 0.204758
vt 0.264336 0.204758
vt 0.264336 0.204758
vt 0.264336 0.206055
vt 0.256836 0.206055
vn -0.707107 -0.707107 0
vn -0.707107 0 0.707107
vn -0.707107 0.707107 0
vn -0.707107 0.70207 -0.084248
vn -0.707107 0 -0.707107
vn -0.707107 -0.707107 0
vn -0.707107 0 -0.707107
vn 0 -1 0
vn 0 0 1
vn 0 1 0
vn 0 0.992877 -0.119145
vn 0 0 -1
vn 0 -1 0
vn 0 0 -1
vn 0.707107 -0.707107 0
vn 0.707107 0 0.707107
vn 0.707107 0.707107 0
vn 0.707107 0.70207 -0.084248
vn 0.707107 0 -0.707107
vn 0.707107 -0.707107 0
vn 0.707107 0 -0.707107
vn -1 0 0
vn -1 0 0
vn -1 0 0
vn -1 0 0
vn -1 0 0
vn 1 0 0
vn 1 0 0
vn 1 0 0
vn 1 0 0
vn 1 0 0
vn 0 -1 0
vn 0 0 1
vn 0 1 0
vn 0 0 -1
vn -1 0 0
vn -1 0 0
vn 1 0 0
vn 1 0 0
vn 0 -1 0
vn 0 0 1
vn 0 1 0
vn 0 0 -1
vn -1 0 0
vn -1 0 0
vn 1 0 0
vn 1 0 0
vn 0 -1 0
vn 0 0 1
vn 0 1 0
vn 0 0 -1
vn -1 0 0
vn -1 0 0
vn 1 0 0
vn 1 0 0
f 48/89/25 49/90/25 42/91/25 41/92/25
f 49/93/26 50/94/26 43/95/26 42/96/26
f 50/97/27 51/98/27 44/99/27 43/100/27
f 51/101/28 52/102/28 45/103/28 44/104/28
f 52/105/29 53/106/29 46/107/29 45/108/29
f 53/109/30 54/110/30 47/111/30 46/112/30
f 54/113/31 48/114/31 41/115/31 47/116/31
f 55/117/32 56/118/32 49/119/32 48/120/32
f 56/121/33 57/122/33 50/123/33 49/124/33
f 57/125/34 58/126/34 51/127/34 50/128/34
f 58/129/35 59/130/35 52/131/35 51/132/35
f 59/133/36 60/134/36 53/135/36 52/136/36
f 60/137/37 61/138/37 54/139/37 53/140/37
f 61/141/38 55/142/38 48/143/38 54/144/38
f 62/145/39 63/146/39 56/147/39 55/148/39
f 63/149/40 64/150/40 57/151/40 56/152/40
f 64/153/41 65/154/41 58/155/41 57/156/41
f 65/157/42 66/158/42 59/159/42 58/160/42
f 66/161/43 67/162/43 60/163/43 59/164/43
f 67/165/44 68/166/44 61/167/44 60/168/44
f 68/169/45 62/170/45 55/171/45 61/172/45
f 75/173/46 69/174/46 70/175/46
f 75/176/47 70/177/47 71/178/47
f 75/179/48 71/180/48 72/181/48
f 75/182/49 72/183/49 73/184/49
f 73/185/50 74/186/50 75/187/50
f 77/188/51 76/189/51 82/190/51
f 78/191/52 77/192/52 82/193/52
f 79/194/53 78/195/53 82/196/53
f 80/197/54 79/198/54 82/199/54
f 82/200/55 81/201/55 80/202/55
f 87/203/56 88/204/56 84/205/56 83/206/56
f 88/207/57 89/208/57 85/209/57 84/210/57
f 89/211/58 90/212/58 86/213/58 85/214/58
f 90/215/59 87/216/59 83/217/59 86/218/59
f 94/219/60 91/220/60 92/221/60
f 92/222/61 93/223/61 94/224/61
f 96/225/62 95/226/62 98/227/62
f 98/228/63 97/229/63 96/230/63
f 103/231/64 104/232/64 100/233/64 99/234/64
f 104/235/65 105/236/65 101/237/65 100/238/65
f 105/239/66 106/240/66 102/241/66 101/242/66
f 106/243/67 103/244/67 99/245/67 102/246/67
f 110/247/68 107/248/68 108/249/68
f 108/250/69 109/251/69 110/252/69
f 112/253/70 111/254/70 114/255/70
f 114/256/71 113/257/71 112/258/71
f 119/259/72 120/260/72 116/261/72 115/262/72
f 120/263/73 121/264/73 117/265/73 116/266/73
f 121/267/74 122/268/74 118/269/74 117/270/74
f 122/271/75 119/272/75 115/273/75 118/274/75
f 126/275/76 123/276/76 124/277/76
f 124/278/77 125/279/77 126/280/77
f 128/281/78 127/282/78 130/283/78
f 130/284/79 129/285/79 128/286/79
o base_assembly__plinth
usemtl shelf
v 0.071875 0.01375 0.417125
v 0.071875 0.01375 0.95525
v 0.071875 0.033125 0.95525
v 0.071875 0.033125 0.417125
v 0.079375 0.00625 0.409625
v 0.079375 0.00625 0.96275
v 0.079375 0.040625 0.96275
v 0.079375 0.040625 0.409625
v 0.920625 0.00625 0.409625
v 0.920625 0.00625 0.96275
v 0.920625 0.040625 0.96275
v 0.920625 0.040625 0.409625
v 0.928125 0.01375 0.417125
v 0.928125 0.01375 0.95525
v 0.928125 0.033125 0.95525
v 0.928125 0.033125 0.417125
v 0.071875 0.01375 0.417125
v 0.071875 0.01375 0.95525
v 0.071875 0.033125 0.95525
v 0.071875 0.033125 0.417125
v 0.928125 0.01375 0.417125
v 0.928125 0.01375 0.95525
v 0.928125 0.033125 0.95525
v 0.928125 0.033125 0.417125
v 0.871875 0.0075 0.414
v 0.871875 0.0075 0.470875
v 0.871875 0.03625 0.470875
v 0.871875 0.03625 0.414
v 0.879375 0 0.4065
v 0.879375 0 0.478375
v 0.879375 0.04375 0.478375
v 0.879375 0.04375 0.4065
v 0.945625 0 0.4065
v 0.945625 0 0.478375
v 0.945625 0.04375 0.478375
v 0.945625 0.04375 0.4065
v 0.953125 0.0075 0.414
v 0.953125 0.0075 0.470875
v 0.953125 0.03625 0.470875
v 0.953125 0.03625 0.414
v 0.871875 0.0075 0.414
v 0.871875 0.0075 0.470875
v 0.871875 0.03625 0.470875
v 0.871875 0.03625 0.414
v 0.953125 0.0075 0.414
v 0.953125 0.0075 0.470875
v 0.953125 0.03625 0.470875
v 0.953125 0.03625 0.414
v 0.871875 0.0075 0.911875
v 0.871875 0.0075 0.949
v 0.871875 0.03625 0.949
v 0.871875 0.03625 0.911875
v 0.879375 0 0.904375
v 0.879375 0 0.9565
v 0.879375 0.04375 0.9565
v 0.879375 0.04375 0.904375
v 0.945625 0 0.904375
v 0.945625 0 0.9565
v 0.945625 0.04375 0.9565
v 0.945625 0.04375 0.904375
v 0.953125 0.0075 0.911875
v 0.953125 0.0075 0.949
v 0.953125 0.03625 0.949
v 0.953125 0.03625 0.911875
v 0.871875 0.0075 0.911875
v 0.871875 0.0075 0.949
v 0.871875 0.03625 0.949
v 0.871875 0.03625 0.911875
v 0.953125 0.0075 0.911875
v 0.953125 0.0075 0.949
v 0.953125 0.03625 0.949
v 0.953125 0.03625 0.911875
v 0.046875 0.0075 0.414
v 0.046875 0.0075 0.470875
v 0.046875 0.03625 0.470875
v 0.046875 0.03625 0.414
v 0.054375 0 0.4065
v 0.054375 0 0.478375
v 0.054375 0.04375 0.478375
v 0.054375 0.04375 0.4065
v 0.120625 0 0.4065
v 0.120625 0 0.478375
v 0.120625 0.04375 0.478375
v 0.120625 0.04375 0.4065
v 0.128125 0.0075 0.414
v 0.128125 0.0075 0.470875
v 0.128125 0.03625 0.470875
v 0.128125 0.03625 0.414
v 0.046875 0.0075 0.414
v 0.046875 0.0075 0.470875
v 0.046875 0.03625 0.470875
v 0.046875 0.03625 0.414
v 0.128125 0.0075 0.414
v 0.128125 0.0075 0.470875
v 0.128125 0.03625 0.470875
v 0.128125 0.03625 0.414
v 0.046875 0.0075 0.911875
v 0.046875 0.0075 0.949
v 0.046875 0.03625 0.949
v 0.046875 0.03625 0.911875
v 0.054375 0 0.904375
v 0.054375 0 0.9565
v 0.054375 0.04375 0.9565
v 0.054375 0.04375 0.904375
v 0.120625 0 0.904375
v 0.120625 0 0.9565
v 0.120625 0.04375 0.9565
v 0.120625 0.04375 0.904375
v 0.128125 0.0075 0.911875
v 0.128125 0.0075 0.949
v 0.128125 0.03625 0.949
v 0.128125 0.03625 0.911875
v 0.046875 0.0075 0.911875
v 0.046875 0.0075 0.949
v 0.046875 0.03625 0.949
v 0.046875 0.03625 0.911875
v 0.128125 0.0075 0.911875
v 0.128125 0.0075 0.949
v 0.128125 0.03625 0.949
v 0.128125 0.03625 0.911875
vt 0.321289 0.251604
vt 0.39043 0.251604
vt 0.389492 0.25293
vt 0.322227 0.25293
vt 0.38418 0.245117
vt 0.379883 0.245117
vt 0.38082 0.243791
vt 0.383242 0.243791
vt 0.466602 0.25293
vt 0.397461 0.25293
vt 0.398398 0.251604
vt 0.465664 0.251604
vt 0.793945 0.275041
vt 0.798242 0.275041
vt 0.797305 0.276367
vt 0.794883 0.276367
vt 0.110039 0.814648
vt 0.110039 0.883789
vt 0.004883 0.883789
vt 0.004883 0.814648
vt 0.44207 0.479102
vt 0.44207 0.483398
vt 0.336914 0.483398
vt 0.336914 0.479102
vt 0.116211 0.883789
vt 0.116211 0.814648
vt 0.221367 0.814648
vt 0.221367 0.883789
vt 0.448242 0.483398
vt 0.448242 0.479102
vt 0.553398 0.479102
vt 0.553398 0.483398
vt 0.47457 0.251604
vt 0.541836 0.251604
vt 0.542773 0.25293
vt 0.473633 0.25293
vt 0.392539 0.243791
vt 0.394961 0.243791
vt 0.395898 0.245117
vt 0.391602 0.245117
vt 0.618008 0.25293
vt 0.550742 0.25293
vt 0.549805 0.251604
vt 0.618945 0.251604
vt 0.809023 0.276367
vt 0.806602 0.276367
vt 0.805664 0.275041
vt 0.809961 0.275041
vt 0.469727 0.393555
vt 0.469727 0.391133
vt 0.536992 0.391133
vt 0.536992 0.391133
vt 0.536992 0.393555
vt 0.469727 0.393555
vt 0.611211 0.393555
vt 0.543945 0.393555
vt 0.543945 0.391133
vt 0.543945 0.391133
vt 0.611211 0.391133
vt 0.611211 0.393555
vt 0.942383 0.251604
vt 0.951367 0.251604
vt 0.95043 0.25293
vt 0.94332 0.25293
vt 0.326758 0.245117
vt 0.321289 0.245117
vt 0.322227 0.243791
vt 0.32582 0.243791
vt 0.966992 0.25293
vt 0.958008 0.25293
vt 0.958945 0.251604
vt 0.966055 0.251604
vt 0.374023 0.282854
vt 0.379492 0.282854
vt 0.378555 0.28418
vt 0.374961 0.28418
vt 0.30957 0.561055
vt 0.318555 0.561055
vt 0.318555 0.569336
vt 0.30957 0.569336
vt 0.981914 0.513086
vt 0.981914 0.518555
vt 0.973633 0.518555
vt 0.973633 0.513086
vt 0.33418 0.569336
vt 0.325195 0.569336
vt 0.325195 0.561055
vt 0.33418 0.561055
vt 0.004883 0.506836
vt 0.004883 0.501367
vt 0.013164 0.501367
vt 0.013164 0.506836
vt 0.97457 0.251604
vt 0.98168 0.251604
vt 0.982617 0.25293
vt 0.973633 0.25293
vt 0.28707 0.243791
vt 0.290664 0.243791
vt 0.291602 0.245117
vt 0.286133 0.245117
vt 0.239492 0.28418
vt 0.232383 0.28418
vt 0.231445 0.282854
vt 0.24043 0.282854
vt 0.302383 0.245117
vt 0.298789 0.245117
vt 0.297852 0.243791
vt 0.30332 0.243791
vt 0.227539 0.432617
vt 0.227539 0.429023
vt 0.234648 0.429023
vt 0.234648 0.429023
vt 0.234648 0.432617
vt 0.227539 0.432617
vt 0.24832 0.432617
vt 0.241211 0.432617
vt 0.241211 0.429023
vt 0.241211 0.429023
vt 0.24832 0.429023
vt 0.24832 0.432617
vt 0.108398 0.243791
vt 0.114914 0.243791
vt 0.113977 0.245117
vt 0.109336 0.245117
vt 0.281836 0.213867
vt 0.276367 0.213867
vt 0.277305 0.212541
vt 0.280898 0.212541
vt 0.128586 0.245117
vt 0.12207 0.245117
vt 0.123008 0.243791
vt 0.127648 0.243791
vt 0.333008 0.243791
vt 0.338477 0.243791
vt 0.337539 0.245117
vt 0.333945 0.245117
vt 0.665508 0.539383
vt 0.665508 0.545898
vt 0.657227 0.545898
vt 0.657227 0.539383
vt 0.028789 0.501367
vt 0.028789 0.506836
vt 0.020508 0.506836
vt 0.020508 0.501367
vt 0.672852 0.545898
vt 0.672852 0.539383
vt 0.681133 0.539383
vt 0.681133 0.545898
vt 0.036133 0.506836
vt 0.036133 0.501367
vt 0.044414 0.501367
vt 0.044414 0.506836
vt 0.13668 0.243791
vt 0.14132 0.243791
vt 0.142258 0.245117
vt 0.135742 0.245117
vt 0.289023 0.212541
vt 0.292617 0.212541
vt 0.293555 0.213867
vt 0.288086 0.213867
vt 0.154992 0.245117
vt 0.150352 0.245117
vt 0.149414 0.243791
vt 0.15593 0.243791
vt 0.413711 0.28418
vt 0.410117 0.28418
vt 0.40918 0.282854
vt 0.414648 0.282854
vt 0.282227 0.432617
vt 0.282227 0.429023
vt 0.286867 0.429023
vt 0.286867 0.429023
vt 0.286867 0.432617
vt 0.282227 0.432617
vt 0.298586 0.432617
vt 0.293945 0.432617
vt 0.293945 0.429023
vt 0.293945 0.429023
vt 0.298586 0.429023
vt 0.298586 0.432617
vt 0.004883 0.243791
vt 0.013867 0.243791
vt 0.01293 0.245117
vt 0.00582 0.245117
vt 0.426367 0.28418
vt 0.420898 0.28418
vt 0.421836 0.282854
vt 0.42543 0.282854
vt 0.256055 0.28418
vt 0.24707 0.28418
vt 0.248008 0.282854
vt 0.255117 0.282854
vt 0.385742 0.282854
vt 0.391211 0.282854
vt 0.390273 0.28418
vt 0.38668 0.28418
vt 0.34082 0.561055
vt 0.349805 0.561055
vt 0.349805 0.569336
vt 0.34082 0.569336
vt 0.060039 0.501367
vt 0.060039 0.506836
vt 0.051758 0.506836
vt 0.051758 0.501367
vt 0.36543 0.569336
vt 0.356445 0.569336
vt 0.356445 0.561055
vt 0.36543 0.561055
vt 0.067383 0.506836
vt 0.067383 0.501367
vt 0.075664 0.501367
vt 0.075664 0.506836
vt 0.021445 0.243791
vt 0.028555 0.243791
vt 0.029492 0.245117
vt 0.020508 0.245117
vt 0.310508 0.243791
vt 0.314102 0.243791
vt 0.315039 0.245117
vt 0.30957 0.245117
vt 0.04418 0.245117
vt 0.03707 0.245117
vt 0.036133 0.243791
vt 0.045117 0.243791
vt 0.401992 0.28418
vt 0.398398 0.28418
vt 0.397461 0.282854
vt 0.40293 0.282854
vt 0.254883 0.432617
vt 0.254883 0.429023
vt 0.261992 0.429023
vt 0.261992 0.429023
vt 0.261992 0.432617
vt 0.254883 0.432617
vt 0.275664 0.432617
vt 0.268555 0.432617
vt 0.268555 0.429023
vt 0.268555 0.429023
vt 0.275664 0.429023
vt 0.275664 0.432617
vt 0.163086 0.243791
vt 0.169602 0.243791
vt 0.168664 0.245117
vt 0.164023 0.245117
vt 0.305273 0.213867
vt 0.299805 0.213867
vt 0.300742 0.212541
vt 0.304336 0.212541
vt 0.183273 0.245117
vt 0.176758 0.245117
vt 0.177695 0.243791
vt 0.182336 0.243791
vt 0.432617 0.282854
vt 0.438086 0.282854
vt 0.437148 0.28418
vt 0.433555 0.28418
vt 0.696758 0.539383
vt 0.696758 0.545898
vt 0.688477 0.545898
vt 0.688477 0.539383
vt 0.091289 0.501367
vt 0.091289 0.506836
vt 0.083008 0.506836
vt 0.083008 0.501367
vt 0.704102 0.545898
vt 0.704102 0.539383
vt 0.712383 0.539383
vt 0.712383 0.545898
vt 0.098633 0.506836
vt 0.098633 0.501367
vt 0.106914 0.501367
vt 0.106914 0.506836
vt 0.191367 0.243791
vt 0.196008 0.243791
vt 0.196945 0.245117
vt 0.19043 0.245117
vt 0.312461 0.212541
vt 0.316055 0.212541
vt 0.316992 0.213867
vt 0.311523 0.213867
vt 0.20968 0.245117
vt 0.205039 0.245117
vt 0.204102 0.243791
vt 0.210617 0.243791
vt 0.349258 0.245117
vt 0.345664 0.245117
vt 0.344727 0.243791
vt 0.350195 0.243791
vt 0.305664 0.432617
vt 0.305664 0.429023
vt 0.310305 0.429023
vt 0.310305 0.429023
vt 0.310305 0.432617
vt 0.305664 0.432617
vt 0.322023 0.432617
vt 0.317383 0.432617
vt 0.317383 0.429023
vt 0.317383 0.429023
vt 0.322023 0.429023
vt 0.322023 0.432617
vn -0.707107 -0.707107 0
vn -0.707107 0 0.707107
vn -0.707107 0.707107 0
vn -0.707107 0 -0.707107
vn 0 -1 0
vn 0 0 1
vn 0 1 0
vn 0 0 -1
vn 0.707107 -0.707107 0
vn 0.707107 0 0.707107
vn 0.707107 0.707107 0
vn 0.707107 0 -0.707107
vn -1 0 0
vn -1 0 0
vn 1 0 0
vn 1 0 0
vn -0.707107 -0.707107 0
vn -0.707107 0 0.707107
vn -0.707107 0.707107 0
vn -0.707107 0 -0.707107
vn 0 -1 0
vn 0 0 1
vn 0 1 0
vn 0 0 -1
vn 0.707107 -0.707107 0
vn 0.707107 0 0.707107
vn 0.707107 0.707107 0
vn 0.707107 0 -0.707107
vn -1 0 0
vn -1 0 0
vn 1 0 0
vn 1 0 0
vn -0.707107 -0.707107 0
vn -0.707107 0 0.707107
vn -0.707107 0.707107 0
vn -0.707107 0 -0.707107
vn 0 -1 0
vn 0 0 1
vn 0 1 0
vn 0 0 -1
vn 0.707107 -0.707107 0
vn 0.707107 0 0.707107
vn 0.707107 0.707107 0
vn 0.707107 0 -0.707107
vn -1 0 0
vn -1 0 0
vn 1 0 0
vn 1 0 0
vn -0.707107 -0.707107 0
vn -0.707107 0 0.707107
vn -0.707107 0.707107 0
vn -0.707107 0 -0.707107
vn 0 -1 0
vn 0 0 1
vn 0 1 0
vn 0 0 -1
vn 0.707107 -0.707107 0
vn 0.707107 0 0.707107
vn 0.707107 0.707107 0
vn 0.707107 0 -0.707107
vn -1 0 0
vn -1 0 0
vn 1 0 0
vn 1 0 0
vn -0.707107 -0.707107 0
vn -0.707107 0 0.707107
vn -0.707107 0.707107 0
vn -0.707107 0 -0.707107
vn 0 -1 0
vn 0 0 1
vn 0 1 0
vn 0 0 -1
vn 0.707107 -0.707107 0
vn 0.707107 0 0.707107
vn 0.707107 0.707107 0
vn 0.707107 0 -0.707107
vn -1 0 0
vn -1 0 0
vn 1 0 0
vn 1 0 0
f 135/287/80 136/288/80 132/289/80 131/290/80
f 136/291/81 137/292/81 133/293/81 132/294/81
f 137/295/82 138/296/82 134/297/82 133/298/82
f 138/299/83 135/300/83 131/301/83 134/302/83
f 139/303/84 140/304/84 136/305/84 135/306/84
f 140/307/85 141/308/85 137/309/85 136/310/85
f 141/311/86 142/312/86 138/313/86 137/314/86
f 142/315/87 139/316/87 135/317/87 138/318/87
f 143/319/88 144/320/88 140/321/88 139/322/88
f 144/323/89 145/324/89 141/325/89 140/326/89
f 145/327/90 146/328/90 142/329/90 141/330/90
f 146/331/91 143/332/91 139/333/91 142/334/91
f 150/335/92 147/336/92 148/337/92
f 148/338/93 149/339/93 150/340/93
f 152/341/94 151/342/94 154/343/94
f 154/344/95 153/345/95 152/346/95
f 159/347/96 160/348/96 156/349/96 155/350/96
f 160/351/97 161/352/97 157/353/97 156/354/97
f 161/355/98 162/356/98 158/357/98 157/358/98
f 162/359/99 159/360/99 155/361/99 158/362/99
f 163/363/100 164/364/100 160/365/100 159/366/100
f 164/367/101 165/368/101 161/369/101 160/370/101
f 165/371/102 166/372/102 162/373/102 161/374/102
f 166/375/103 163/376/103 159/377/103 162/378/103
f 167/379/104 168/380/104 164/381/104 163/382/104
f 168/383/105 169/384/105 165/385/105 164/386/105
f 169/387/106 170/388/106 166/389/106 165/390/106
f 170/391/107 167/392/107 163/393/107 166/394/107
f 174/395/108 171/396/108 172/397/108
f 172/398/109 173/399/109 174/400/109
f 176/401/110 175/402/110 178/403/110
f 178/404/111 177/405/111 176/406/111
f 183/407/112 184/408/112 180/409/112 179/410/112
f 184/411/113 185/412/113 181/413/113 180/414/113
f 185/415/114 186/416/114 182/417/114 181/418/114
f 186/419/115 183/420/115 179/421/115 182/422/115
f 187/423/116 188/424/116 184/425/116 183/426/116
f 188/427/117 189/428/117 185/429/117 184/430/117
f 189/431/118 190/432/118 186/433/118 185/434/118
f 190/435/119 187/436/119 183/437/119 186/438/119
f 191/439/120 192/440/120 188/441/120 187/442/120
f 192/443/121 193/444/121 189/445/121 188/446/121
f 193/447/122 194/448/122 190/449/122 189/450/122
f 194/451/123 191/452/123 187/453/123 190/454/123
f 198/455/124 195/456/124 196/457/124
f 196/458/125 197/459/125 198/460/125
f 200/461/126 199/462/126 202/463/126
f 202/464/127 201/465/127 200/466/127
f 207/467/128 208/468/128 204/469/128 203/470/128
f 208/471/129 209/472/129 205/473/129 204/474/129
f 209/475/130 210/476/130 206/477/130 205/478/130
f 210/479/131 207/480/131 203/481/131 206/482/131
f 211/483/132 212/484/132 208/485/132 207/486/132
f 212/487/133 213/488/133 209/489/133 208/490/133
f 213/491/134 214/492/134 210/493/134 209/494/134
f 214/495/135 211/496/135 207/497/135 210/498/135
f 215/499/136 216/500/136 212/501/136 211/502/136
f 216/503/137 217/504/137 213/505/137 212/506/137
f 217/507/138 218/508/138 214/509/138 213/510/138
f 218/511/139 215/512/139 211/513/139 214/514/139
f 222/515/140 219/516/140 220/517/140
f 220/518/141 221/519/141 222/520/141
f 224/521/142 223/522/142 226/523/142
f 226/524/143 225/525/143 224/526/143
f 231/527/144 232/528/144 228/529/144 227/530/144
f 232/531/145 233/532/145 229/533/145 228/534/145
f 233/535/146 234/536/146 230/537/146 229/538/146
f 234/539/147 231/540/147 227/541/147 230/542/147
f 235/543/148 236/544/148 232/545/148 231/546/148
f 236/547/149 237/548/149 233/549/149 232/550/149
f 237/551/150 238/552/150 234/553/150 233/554/150
f 238/555/151 235/556/151 231/557/151 234/558/151
f 239/559/152 240/560/152 236/561/152 235/562/152
f 240/563/153 241/564/153 237/565/153 236/566/153
f 241/567/154 242/568/154 238/569/154 237/570/154
f 242/571/155 239/572/155 235/573/155 238/574/155
f 246/575/156 243/576/156 244/577/156
f 244/578/157 245/579/157 246/580/157
f 248/581/158 247/582/158 250/583/158
f 250/584/159 249/585/159 248/586/159
o back_panel__mid
usemtl shelf
v 0.078125 0.116875 0.970875
v 0.078125 0.116875 0.9925
v 0.078125 1.9225 0.9925
v 0.078125 1.9225 0.970875
v 0.085625 0.109375 0.963375
v 0.085625 0.109375 1
v 0.085625 1.93 1
v 0.085625 1.93 0.963375
v 0.914375 0.109375 0.963375
v 0.914375 0.109375 1
v 0.914375 1.93 1
v 0.914375 1.93 0.963375
v 0.921875 0.116875 0.970875
v 0.921875 0.116875 0.9925
v 0.921875 1.9225 0.9925
v 0.921875 1.9225 0.970875
v 0.078125 0.116875 0.970875
v 0.078125 0.116875 0.9925
v 0.078125 1.9225 0.9925
v 0.078125 1.9225 0.970875
v 0.921875 0.116875 0.970875
v 0.921875 0.116875 0.9925
v 0.921875 1.9225 0.9925
v 0.921875 1.9225 0.970875
v 0.11875 0.225 0.959625
v 0.11875 0.225 0.963375
v 0.11875 0.491875 0.963375
v 0.11875 0.491875 0.959625
v 0.88125 0.225 0.959625
v 0.88125 0.225 0.963375
v 0.88125 0.491875 0.963375
v 0.88125 0.491875 0.959625
v 0.11875 0.225 0.959625
v 0.11875 0.225 0.963375
v 0.11875 0.491875 0.963375
v 0.11875 0.491875 0.959625
v 0.88125 0.225 0.959625
v 0.88125 0.225 0.963375
v 0.88125 0.491875 0.963375
v 0.88125 0.491875 0.959625
v 0.11875 0.5875 0.959625
v 0.11875 0.5875 0.963375
v 0.11875 0.85125 0.963375
v 0.11875 0.85125 0.959625
v 0.88125 0.5875 0.959625
v 0.88125 0.5875 0.963375
v 0.88125 0.85125 0.963375
v 0.88125 0.85125 0.959625
v 0.11875 0.5875 0.959625
v 0.11875 0.5875 0.963375
v 0.11875 0.85125 0.963375
v 0.11875 0.85125 0.959625
v 0.88125 0.5875 0.959625
v 0.88125 0.5875 0.963375
v 0.88125 0.85125 0.963375
v 0.88125 0.85125 0.959625
v 0.11875 0.946875 0.959625
v 0.11875 0.946875 0.963375
v 0.11875 1.210625 0.963375
v 0.11875 1.210625 0.959625
v 0.88125 0.946875 0.959625
v 0.88125 0.946875 0.963375
v 0.88125 1.210625 0.963375
v 0.88125 1.210625 0.959625
v 0.11875 0.946875 0.959625
v 0.11875 0.946875 0.963375
v 0.11875 1.210625 0.963375
v 0.11875 1.210625 0.959625
v 0.88125 0.946875 0.959625
v 0.88125 0.946875 0.963375
v 0.88125 1.210625 0.963375
v 0.88125 1.210625 0.959625
v 0.11875 1.30625 0.959625
v 0.11875 1.30625 0.963375
v 0.11875 1.57 0.963375
v 0.11875 1.57 0.959625
v 0.88125 1.30625 0.959625
v 0.88125 1.30625 0.963375
v 0.88125 1.57 0.963375
v 0.88125 1.57 0.959625
v 0.11875 1.30625 0.959625
v 0.11875 1.30625 0.963375
v 0.11875 1.57 0.963375
v 0.11875 1.57 0.959625
v 0.88125 1.30625 0.959625
v 0.88125 1.30625 0.963375
v 0.88125 1.57 0.963375
v 0.88125 1.57 0.959625
v 0.11875 1.665625 0.959625
v 0.11875 1.665625 0.963375
v 0.11875 1.92 0.963375
v 0.11875 1.92 0.959625
v 0.88125 1.665625 0.959625
v 0.88125 1.665625 0.963375
v 0.88125 1.92 0.963375
v 0.88125 1.92 0.959625
v 0.11875 1.665625 0.959625
v 0.11875 1.665625 0.963375
v 0.11875 1.92 0.963375
v 0.11875 1.92 0.959625
v 0.88125 1.665625 0.959625
v 0.88125 1.665625 0.963375
v 0.88125 1.92 0.963375
v 0.88125 1.92 0.959625
vt 0.34668 0.212541
vt 0.351258 0.212541
vt 0.35032 0.213867
vt 0.347617 0.213867
vt 0.232461 0.268555
vt 0.004883 0.268555
vt 0.00582 0.267229
vt 0.231523 0.267229
vt 0.362977 0.213867
vt 0.358398 0.213867
vt 0.359336 0.212541
vt 0.362039 0.212541
vt 0.719727 0.298479
vt 0.947305 0.298479
vt 0.946367 0.299805
vt 0.720664 0.299805
vt 0.108477 0.47882
vt 0.108477 0.483398
vt 0.004883 0.483398
vt 0.004883 0.47882
vt 0.004883 0.891523
vt 0.232461 0.891523
vt 0.232461 0.995117
vt 0.004883 0.995117
vt 0.116211 0.483398
vt 0.116211 0.47882
vt 0.219805 0.47882
vt 0.219805 0.483398
vt 0.466836 0.995117
vt 0.239258 0.995117
vt 0.239258 0.891523
vt 0.466836 0.891523
vt 0.371055 0.212541
vt 0.373758 0.212541
vt 0.374695 0.213867
vt 0.370117 0.213867
vt 0.240195 0.267229
vt 0.465898 0.267229
vt 0.466836 0.268555
vt 0.239258 0.268555
vt 0.385477 0.213867
vt 0.382773 0.213867
vt 0.381836 0.212541
vt 0.386414 0.212541
vt 0.231523 0.291992
vt 0.00582 0.291992
vt 0.004883 0.290666
vt 0.232461 0.290666
vt 0.004883 0.390852
vt 0.230586 0.390852
vt 0.230586 0.393555
vt 0.230586 0.393555
vt 0.004883 0.393555
vt 0.004883 0.390852
vt 0.237305 0.393555
vt 0.237305 0.390852
vt 0.463008 0.390852
vt 0.463008 0.390852
vt 0.463008 0.393555
vt 0.237305 0.393555
vt 0.514258 0.033711
vt 0.514258 0.03418
vt 0.418945 0.03418
vt 0.418945 0.033711
vt 0.637305 0.700039
vt 0.637305 0.733398
vt 0.541992 0.733398
vt 0.541992 0.700039
vt 0.520508 0.03418
vt 0.520508 0.033711
vt 0.61582 0.033711
vt 0.61582 0.03418
vt 0.643555 0.733398
vt 0.643555 0.700039
vt 0.738867 0.700039
vt 0.738867 0.733398
vt 0.512695 0.025898
vt 0.546055 0.025898
vt 0.546055 0.026367
vt 0.546055 0.026367
vt 0.512695 0.026367
vt 0.512695 0.025898
vt 0.553711 0.026367
vt 0.553711 0.025898
vt 0.58707 0.025898
vt 0.58707 0.025898
vt 0.58707 0.026367
vt 0.553711 0.026367
vt 0.717383 0.033711
vt 0.717383 0.03418
vt 0.62207 0.03418
vt 0.62207 0.033711
vt 0.30332 0.630117
vt 0.30332 0.663086
vt 0.208008 0.663086
vt 0.208008 0.630117
vt 0.723633 0.03418
vt 0.723633 0.033711
vt 0.818945 0.033711
vt 0.818945 0.03418
vt 0.30957 0.663086
vt 0.30957 0.630117
vt 0.404883 0.630117
vt 0.404883 0.663086
vt 0.750977 0.025898
vt 0.783945 0.025898
vt 0.783945 0.026367
vt 0.783945 0.026367
vt 0.750977 0.026367
vt 0.750977 0.025898
vt 0.790039 0.026367
vt 0.790039 0.025898
vt 0.823008 0.025898
vt 0.823008 0.025898
vt 0.823008 0.026367
vt 0.790039 0.026367
vt 0.920508 0.033711
vt 0.920508 0.03418
vt 0.825195 0.03418
vt 0.825195 0.033711
vt 0.100195 0.630117
vt 0.100195 0.663086
vt 0.004883 0.663086
vt 0.004883 0.630117
vt 0.004883 0.026367
vt 0.004883 0.025898
vt 0.100195 0.025898
vt 0.100195 0.026367
vt 0.106445 0.663086
vt 0.106445 0.630117
vt 0.201758 0.630117
vt 0.201758 0.663086
vt 0.672852 0.025898
vt 0.70582 0.025898
vt 0.70582 0.026367
vt 0.70582 0.026367
vt 0.672852 0.026367
vt 0.672852 0.025898
vt 0.711914 0.026367
vt 0.711914 0.025898
vt 0.744883 0.025898
vt 0.744883 0.025898
vt 0.744883 0.026367
vt 0.711914 0.026367
vt 0.201758 0.025898
vt 0.201758 0.026367
vt 0.106445 0.026367
vt 0.106445 0.025898
vt 0.84043 0.70043
vt 0.84043 0.733398
vt 0.745117 0.733398
vt 0.745117 0.70043
vt 0.208008 0.026367
vt 0.208008 0.025898
vt 0.30332 0.025898
vt 0.30332 0.026367
vt 0.84668 0.733398
vt 0.84668 0.70043
vt 0.941992 0.70043
vt 0.941992 0.733398
vt 0.594727 0.025898
vt 0.627695 0.025898
vt 0.627695 0.026367
vt 0.627695 0.026367
vt 0.594727 0.026367
vt 0.594727 0.025898
vt 0.633789 0.026367
vt 0.633789 0.025898
vt 0.666758 0.025898
vt 0.666758 0.025898
vt 0.666758 0.026367
vt 0.633789 0.026367
vt 0.404883 0.025898
vt 0.404883 0.026367
vt 0.30957 0.026367
vt 0.30957 0.025898
vt 0.506445 0.631289
vt 0.506445 0.663086
vt 0.411133 0.663086
vt 0.411133 0.631289
vt 0.411133 0.026367
vt 0.411133 0.025898
vt 0.506445 0.025898
vt 0.506445 0.026367
vt 0.512695 0.663086
vt 0.512695 0.631289
vt 0.608008 0.631289
vt 0.608008 0.663086
vt 0.829102 0.025898
vt 0.860898 0.025898
vt 0.860898 0.026367
vt 0.860898 0.026367
vt 0.829102 0.026367
vt 0.829102 0.025898
vt 0.868164 0.026367
vt 0.868164 0.025898
vt 0.899961 0.025898
vt 0.899961 0.025898
vt 0.899961 0.026367
vt 0.868164 0.026367
vn -0.707107 -0.707107 0
vn -0.707107 0 0.707107
vn -0.707107 0.707107 0
vn -0.707107 0 -0.707107
vn 0 -1 0
vn 0 0 1
vn 0 1 0
vn 0 0 -1
vn 0.707107 -0.707107 0
vn 0.707107 0 0.707107
vn 0.707107 0.707107 0
vn 0.707107 0 -0.707107
vn -1 0 0
vn -1 0 0
vn 1 0 0
vn 1 0 0
vn 0 -1 0
vn 0 0 1
vn 0 1 0
vn 0 0 -1
vn -1 0 0
vn -1 0 0
vn 1 0 0
vn 1 0 0
vn 0 -1 0
vn 0 0 1
vn 0 1 0
vn 0 0 -1
vn -1 0 0
vn -1 0 0
vn 1 0 0
vn 1 0 0
vn 0 -1 0
vn 0 0 1
vn 0 1 0
vn 0 0 -1
vn -1 0 0
vn -1 0 0
vn 1 0 0
vn 1 0 0
vn 0 -1 0
vn 0 0 1
vn 0 1 0
vn 0 0 -1
vn -1 0 0
vn -1 0 0
vn 1 0 0
vn 1 0 0
vn 0 -1 0
vn 0 0 1
vn 0 1 0
vn 0 0 -1
vn -1 0 0
vn -1 0 0
vn 1 0 0
vn 1 0 0
f 255/587/160 256/588/160 252/589/160 251/590/160
f 256/591/161 257/592/161 253/593/161 252/594/161
f 257/595/162 258/596/162 254/597/162 253/598/162
f 258/599/163 255/600/163 251/601/163 254/602/163
f 259/603/164 260/604/164 256/605/164 255/606/164
f 260/607/165 261/608/165 257/609/165 256/610/165
f 261/611/166 262/612/166 258/613/166 257/614/166
f 262/615/167 259/616/167 255/617/167 258/618/167
f 263/619/168 264/620/168 260/621/168 259/622/168
f 264/623/169 265/624/169 261/625/169 260/626/169
f 265/627/170 266/628/170 262/629/170 261/630/170
f 266/631/171 263/632/171 259/633/171 262/634/171
f 270/635/172 267/636/172 268/637/172
f 268/638/173 269/639/173 270/640/173
f 272/641/174 271/642/174 274/643/174
f 274/644/175 273/645/175 272/646/175
f 279/647/176 280/648/176 276/649/176 275/650/176
f 280/651/177 281/652/177 277/653/177 276/654/177
f 281/655/178 282/656/178 278/657/178 277/658/178
f 282/659/179 279/660/179 275/661/179 278/662/179
f 286/663/180 283/664/180 284/665/180
f 284/666/181 285/667/181 286/668/181
f 288/669/182 287/670/182 290/671/182
f 290/672/183 289/673/183 288/674/183
f 295/675/184 296/676/184 292/677/184 291/678/184
f 296/679/185 297/680/185 293/681/185 292/682/185
f 297/683/186 298/684/186 294/685/186 293/686/186
f 298/687/187 295/688/187 291/689/187 294/690/187
f 302/691/188 299/692/188 300/693/188
f 300/694/189 301/695/189 302/696/189
f 304/697/190 303/698/190 306/699/190
f 306/700/191 305/701/191 304/702/191
f 311/703/192 312/704/192 308/705/192 307/706/192
f 312/707/193 313/708/193 309/709/193 308/710/193
f 313/711/194 314/712/194 310/713/194 309/714/194
f 314/715/195 311/716/195 307/717/195 310/718/195
f 318/719/196 315/720/196 316/721/196
f 316/722/197 317/723/197 318/724/197
f 320/725/198 319/726/198 322/727/198
f 322/728/199 321/729/199 320/730/199
f 327/731/200 328/732/200 324/733/200 323/734/200
f 328/735/201 329/736/201 325/737/201 324/738/201
f 329/739/202 330/740/202 326/741/202 325/742/202
f 330/743/203 327/744/203 323/745/203 326/746/203
f 334/747/204 331/748/204 332/749/204
f 332/750/205 333/751/205 334/752/205
f 336/753/206 335/754/206 338/755/206
f 338/756/207 337/757/207 336/758/207
f 343/759/208 344/760/208 340/761/208 339/762/208
f 344/763/209 345/764/209 341/765/209 340/766/209
f 345/767/210 346/768/210 342/769/210 341/770/210
f 346/771/211 343/772/211 339/773/211 342/774/211
f 350/775/212 347/776/212 348/777/212
f 348/778/213 349/779/213 350/780/213
f 352/781/214 351/782/214 354/783/214
f 354/784/215 353/785/215 352/786/215
o back_panel__deck
usemtl shelf
v 0.125 0.49875 0.958375
v 0.125 0.49875 0.963375
v 0.125 0.504375 0.963375
v 0.125 0.504375 0.958375
v 0.875 0.49875 0.958375
v 0.875 0.49875 0.963375
v 0.875 0.504375 0.963375
v 0.875 0.504375 0.958375
v 0.125 0.49875 0.958375
v 0.125 0.49875 0.963375
v 0.125 0.504375 0.963375
v 0.125 0.504375 0.958375
v 0.875 0.49875 0.958375
v 0.875 0.49875 0.963375
v 0.875 0.504375 0.963375
v 0.875 0.504375 0.958375
v 0.125 0.858125 0.958375
v 0.125 0.858125 0.963375
v 0.125 0.86375 0.963375
v 0.125 0.86375 0.958375
v 0.875 0.858125 0.958375
v 0.875 0.858125 0.963375
v 0.875 0.86375 0.963375
v 0.875 0.86375 0.958375
v 0.125 0.858125 0.958375
v 0.125 0.858125 0.963375
v 0.125 0.86375 0.963375
v 0.125 0.86375 0.958375
v 0.875 0.858125 0.958375
v 0.875 0.858125 0.963375
v 0.875 0.86375 0.963375
v 0.875 0.86375 0.958375
v 0.125 1.2175 0.958375
v 0.125 1.2175 0.963375
v 0.125 1.223125 0.963375
v 0.125 1.223125 0.958375
v 0.875 1.2175 0.958375
v 0.875 1.2175 0.963375
v 0.875 1.223125 0.963375
v 0.875 1.223125 0.958375
v 0.125 1.2175 0.958375
v 0.125 1.2175 0.963375
v 0.125 1.223125 0.963375
v 0.125 1.223125 0.958375
v 0.875 1.2175 0.958375
v 0.875 1.2175 0.963375
v 0.875 1.223125 0.963375
v 0.875 1.223125 0.958375
v 0.125 1.576875 0.958375
v 0.125 1.576875 0.963375
v 0.125 1.5825 0.963375
v 0.125 1.5825 0.958375
v 0.875 1.576875 0.958375
v 0.875 1.576875 0.963375
v 0.875 1.5825 0.963375
v 0.875 1.5825 0.958375
v 0.125 1.576875 0.958375
v 0.125 1.576875 0.963375
v 0.125 1.5825 0.963375
v 0.125 1.5825 0.958375
v 0.875 1.576875 0.958375
v 0.875 1.576875 0.963375
v 0.875 1.5825 0.963375
v 0.875 1.5825 0.958375
v 0.885 0.13875 0.940875
v 0.885 0.13875 0.9565
v 0.885 1.939375 0.9565
v 0.885 1.939375 0.940875
v 0.8925 0.13125 0.933375
v 0.8925 0.13125 0.964
v 0.8925 1.946875 0.964
v 0.8925 1.946875 0.933375
v 0.91125 0.13125 0.933375
v 0.91125 0.13125 0.964
v 0.91125 1.946875 0.964
v 0.91125 1.946875 0.933375
v 0.91875 0.13875 0.940875
v 0.91875 0.13875 0.9565
v 0.91875 1.939375 0.9565
v 0.91875 1.939375 0.940875
v 0.885 0.13875 0.940875
v 0.885 0.13875 0.9565
v 0.885 1.939375 0.9565
v 0.885 1.939375 0.940875
v 0.91875 0.13875 0.940875
v 0.91875 0.13875 0.9565
v 0.91875 1.939375 0.9565
v 0.91875 1.939375 0.940875
v 0.08125 0.13875 0.940875
v 0.08125 0.13875 0.9565
v 0.08125 1.939375 0.9565
v 0.08125 1.939375 0.940875
v 0.08875 0.13125 0.933375
v 0.08875 0.13125 0.964
v 0.08875 1.946875 0.964
v 0.08875 1.946875 0.933375
v 0.1075 0.13125 0.933375
v 0.1075 0.13125 0.964
v 0.1075 1.946875 0.964
v 0.1075 1.946875 0.933375
v 0.115 0.13875 0.940875
v 0.115 0.13875 0.9565
v 0.115 1.939375 0.9565
v 0.115 1.939375 0.940875
v 0.08125 0.13875 0.940875
v 0.08125 0.13875 0.9565
v 0.08125 1.939375 0.9565
v 0.08125 1.939375 0.940875
v 0.115 0.13875 0.940875
v 0.115 0.13875 0.9565
v 0.115 1.939375 0.9565
v 0.115 1.939375 0.940875
vt 0.098633 0.072617
vt 0.098633 0.073242
vt 0.004883 0.073242
vt 0.004883 0.072617
vt 0.551758 0.088164
vt 0.551758 0.088867
vt 0.458008 0.088867
vt 0.458008 0.088164
vt 0.104492 0.073242
vt 0.104492 0.072617
vt 0.198242 0.072617
vt 0.198242 0.073242
vt 0.557617 0.088867
vt 0.557617 0.088164
vt 0.651367 0.088164
vt 0.651367 0.088867
vt 0.567383 0.064805
vt 0.568086 0.064805
vt 0.568086 0.06543
vt 0.568086 0.06543
vt 0.567383 0.06543
vt 0.567383 0.064805
vt 0.575195 0.06543
vt 0.575195 0.064805
vt 0.575898 0.064805
vt 0.575898 0.064805
vt 0.575898 0.06543
vt 0.575195 0.06543
vt 0.297852 0.072617
vt 0.297852 0.073242
vt 0.204102 0.073242
vt 0.204102 0.072617
vt 0.750977 0.088164
vt 0.750977 0.088867
vt 0.657227 0.088867
vt 0.657227 0.088164
vt 0.303711 0.073242
vt 0.303711 0.072617
vt 0.397461 0.072617
vt 0.397461 0.073242
vt 0.756836 0.088867
vt 0.756836 0.088164
vt 0.850586 0.088164
vt 0.850586 0.088867
vt 0.583008 0.064805
vt 0.583711 0.064805
vt 0.583711 0.06543
vt 0.583711 0.06543
vt 0.583008 0.06543
vt 0.583008 0.064805
vt 0.59082 0.06543
vt 0.59082 0.064805
vt 0.591523 0.064805
vt 0.591523 0.064805
vt 0.591523 0.06543
vt 0.59082 0.06543
vt 0.49707 0.072617
vt 0.49707 0.073242
vt 0.40332 0.073242
vt 0.40332 0.072617
vt 0.950195 0.088164
vt 0.950195 0.088867
vt 0.856445 0.088867
vt 0.856445 0.088164
vt 0.50293 0.073242
vt 0.50293 0.072617
vt 0.59668 0.072617
vt 0.59668 0.073242
vt 0.004883 0.081055
vt 0.004883 0.080352
vt 0.098633 0.080352
vt 0.098633 0.081055
vt 0.598633 0.064805
vt 0.599336 0.064805
vt 0.599336 0.06543
vt 0.599336 0.06543
vt 0.598633 0.06543
vt 0.598633 0.064805
vt 0.606445 0.06543
vt 0.606445 0.064805
vt 0.607148 0.064805
vt 0.607148 0.064805
vt 0.607148 0.06543
vt 0.606445 0.06543
vt 0.696289 0.072617
vt 0.696289 0.073242
vt 0.602539 0.073242
vt 0.602539 0.072617
vt 0.198242 0.080352
vt 0.198242 0.081055
vt 0.104492 0.081055
vt 0.104492 0.080352
vt 0.702148 0.073242
vt 0.702148 0.072617
vt 0.795898 0.072617
vt 0.795898 0.073242
vt 0.204102 0.081055
vt 0.204102 0.080352
vt 0.297852 0.080352
vt 0.297852 0.081055
vt 0.614258 0.064805
vt 0.614961 0.064805
vt 0.614961 0.06543
vt 0.614961 0.06543
vt 0.614258 0.06543
vt 0.614258 0.064805
vt 0.62207 0.06543
vt 0.62207 0.064805
vt 0.622773 0.064805
vt 0.622773 0.064805
vt 0.622773 0.06543
vt 0.62207 0.06543
vt 0.40332 0.243791
vt 0.407148 0.243791
vt 0.406211 0.245117
vt 0.404258 0.245117
vt 0.700586 0.229492
vt 0.473633 0.229492
vt 0.47457 0.228166
vt 0.699648 0.228166
vt 0.407148 0.213867
vt 0.40332 0.213867
vt 0.404258 0.212541
vt 0.406211 0.212541
vt 0.004883 0.259416
vt 0.231836 0.259416
vt 0.230898 0.260742
vt 0.00582 0.260742
vt 0.708008 0.381445
vt 0.711836 0.381445
vt 0.711836 0.383789
vt 0.708008 0.383789
vt 0.618164 0.391211
vt 0.845117 0.391211
vt 0.845117 0.393555
vt 0.618164 0.393555
vt 0.721602 0.383789
vt 0.717773 0.383789
vt 0.717773 0.381445
vt 0.721602 0.381445
vt 0.231836 0.383789
vt 0.004883 0.383789
vt 0.004883 0.381445
vt 0.231836 0.381445
vt 0.414023 0.212541
vt 0.415977 0.212541
vt 0.416914 0.213867
vt 0.413086 0.213867
vt 0.240195 0.259416
vt 0.465273 0.259416
vt 0.466211 0.260742
vt 0.239258 0.260742
vt 0.425742 0.213867
vt 0.423789 0.213867
vt 0.422852 0.212541
vt 0.42668 0.212541
vt 0.934023 0.229492
vt 0.708945 0.229492
vt 0.708008 0.228166
vt 0.934961 0.228166
vt 0.004883 0.352539
vt 0.229961 0.352539
vt 0.229961 0.354492
vt 0.229961 0.354492
vt 0.004883 0.354492
vt 0.004883 0.352539
vt 0.237305 0.354492
vt 0.237305 0.352539
vt 0.462383 0.352539
vt 0.462383 0.352539
vt 0.462383 0.354492
vt 0.237305 0.354492
vt 0.473633 0.282854
vt 0.477461 0.282854
vt 0.476523 0.28418
vt 0.47457 0.28418
vt 0.700586 0.260742
vt 0.473633 0.260742
vt 0.47457 0.259416
vt 0.699648 0.259416
vt 0.672773 0.307617
vt 0.668945 0.307617
vt 0.669883 0.306291
vt 0.671836 0.306291
vt 0.004883 0.220354
vt 0.231836 0.220354
vt 0.230898 0.22168
vt 0.00582 0.22168
vt 0.727539 0.381445
vt 0.731367 0.381445
vt 0.731367 0.383789
vt 0.727539 0.383789
vt 0.239258 0.381445
vt 0.466211 0.381445
vt 0.466211 0.383789
vt 0.239258 0.383789
vt 0.741133 0.383789
vt 0.737305 0.383789
vt 0.737305 0.381445
vt 0.741133 0.381445
vt 0.700586 0.383789
vt 0.473633 0.383789
vt 0.473633 0.381445
vt 0.700586 0.381445
vt 0.414023 0.243791
vt 0.415977 0.243791
vt 0.416914 0.245117
vt 0.413086 0.245117
vt 0.240195 0.220354
vt 0.465273 0.220354
vt 0.466211 0.22168
vt 0.239258 0.22168
vt 0.435508 0.213867
vt 0.433555 0.213867
vt 0.432617 0.212541
vt 0.436445 0.212541
vt 0.934023 0.260742
vt 0.708945 0.260742
vt 0.708008 0.259416
vt 0.934961 0.259416
vt 0.469727 0.352539
vt 0.694805 0.352539
vt 0.694805 0.354492
vt 0.694805 0.354492
vt 0.469727 0.354492
vt 0.469727 0.352539
vt 0.702148 0.354492
vt 0.702148 0.352539
vt 0.927227 0.352539
vt 0.927227 0.352539
vt 0.927227 0.354492
vt 0.702148 0.354492
vn 0 -1 0
vn 0 0 1
vn 0 1 0
vn 0 0 -1
vn -1 0 0
vn -1 0 0
vn 1 0 0
vn 1 0 0
vn 0 -1 0
vn 0 0 1
vn 0 1 0
vn 0 0 -1
vn -1 0 0
vn -1 0 0
vn 1 0 0
vn 1 0 0
vn 0 -1 0
vn 0 0 1
vn 0 1 0
vn 0 0 -1
vn -1 0 0
vn -1 0 0
vn 1 0 0
vn 1 0 0
vn 0 -1 0
vn 0 0 1
vn 0 1 0
vn 0 0 -1
vn -1 0 0
vn -1 0 0
vn 1 0 0
vn 1 0 0
vn -0.707107 -0.707107 0
vn -0.707107 0 0.707107
vn -0.707107 0.707107 0
vn -0.707107 0 -0.707107
vn 0 -1 0
vn 0 0 1
vn 0 1 0
vn 0 0 -1
vn 0.707107 -0.707107 0
vn 0.707107 0 0.707107
vn 0.707107 0.707107 0
vn 0.707107 0 -0.707107
vn -1 0 0
vn -1 0 0
vn 1 0 0
vn 1 0 0
vn -0.707107 -0.707107 0
vn -0.707107 0 0.707107
vn -0.707107 0.707107 0
vn -0.707107 0 -0.707107
vn 0 -1 0
vn 0 0 1
vn 0 1 0
vn 0 0 -1
vn 0.707107 -0.707107 0
vn 0.707107 0 0.707107
vn 0.707107 0.707107 0
vn 0.707107 0 -0.707107
vn -1 0 0
vn -1 0 0
vn 1 0 0
vn 1 0 0
f 359/787/216 360/788/216 356/789/216 355/790/216
f 360/791/217 361/792/217 357/793/217 356/794/217
f 361/795/218 362/796/218 358/797/218 357/798/218
f 362/799/219 359/800/219 355/801/219 358/802/219
f 366/803/220 363/804/220 364/805/220
f 364/806/221 365/807/221 366/808/221
f 368/809/222 367/810/222 370/811/222
f 370/812/223 369/813/223 368/814/223
f 375/815/224 376/816/224 372/817/224 371/818/224
f 376/819/225 377/820/225 373/821/225 372/822/225
f 377/823/226 378/824/226 374/825/226 373/826/226
f 378/827/227 375/828/227 371/829/227 374/830/227
f 382/831/228 379/832/228 380/833/228
f 380/834/229 381/835/229 382/836/229
f 384/837/230 383/838/230 386/839/230
f 386/840/231 385/841/231 384/842/231
f 391/843/232 392/844/232 388/845/232 387/846/232
f 392/847/233 393/848/233 389/849/233 388/850/233
f 393/851/234 394/852/234 390/853/234 389/854/234
f 394/855/235 391/856/235 387/857/235 390/858/235
f 398/859/236 395/860/236 396/861/236
f 396/862/237 397/863/237 398/864/237
f 400/865/238 399/866/238 402/867/238
f 402/868/239 401/869/239 400/870/239
f 407/871/240 408/872/240 404/873/240 403/874/240
f 408/875/241 409/876/241 405/877/241 404/878/241
f 409/879/242 410/880/242 406/881/242 405/882/242
f 410/883/243 407/884/243 403/885/243 406/886/243
f 414/887/244 411/888/244 412/889/244
f 412/890/245 413/891/245 414/892/245
f 416/893/246 415/894/246 418/895/246
f 418/896/247 417/897/247 416/898/247
f 423/899/248 424/900/248 420/901/248 419/902/248
f 424/903/249 425/904/249 421/905/249 420/906/249
f 425/907/250 426/908/250 422/909/250 421/910/250
f 426/911/251 423/912/251 419/913/251 422/914/251
f 427/915/252 428/916/252 424/917/252 423/918/252
f 428/919/253 429/920/253 425/921/253 424/922/253
f 429/923/254 430/924/254 426/925/254 425/926/254
f 430/927/255 427/928/255 423/929/255 426/930/255
f 431/931/256 432/932/256 428/933/256 427/934/256
f 432/935/257 433/936/257 429/937/257 428/938/257
f 433/939/258 434/940/258 430/941/258 429/942/258
f 434/943/259 431/944/259 427/945/259 430/946/259
f 438/947/260 435/948/260 436/949/260
f 436/950/261 437/951/261 438/952/261
f 440/953/262 439/954/262 442/955/262
f 442/956/263 441/957/263 440/958/263
f 447/959/264 448/960/264 444/961/264 443/962/264
f 448/963/265 449/964/265 445/965/265 444/966/265
f 449/967/266 450/968/266 446/969/266 445/970/266
f 450/971/267 447/972/267 443/973/267 446/974/267
f 451/975/268 452/976/268 448/977/268 447/978/268
f 452/979/269 453/980/269 449/981/269 448/982/269
f 453/983/270 454/984/270 450/985/270 449/986/270
f 454/987/271 451/988/271 447/989/271 450/990/271
f 455/991/272 456/992/272 452/993/272 451/994/272
f 456/995/273 457/996/273 453/997/273 452/998/273
f 457/999/274 458/1000/274 454/1001/274 453/1002/274
f 458/1003/275 455/1004/275 451/1005/275 454/1006/275
f 462/1007/276 459/1008/276 460/1009/276
f 460/1010/277 461/1011/277 462/1012/277
f 464/1013/278 463/1014/278 466/1015/278
f 466/1016/279 465/1017/279 464/1018/279
o left_side_panel__plastic
usemtl shelf
v 0.925 0.116875 0.817187
v 0.925 0.116875 0.961562
v 0.925 1.955 0.961562
v 0.925 1.955 0.817187
v 0.9325 0.109375 0.809688
v 0.9325 0.109375 0.969062
v 0.9325 1.9625 0.969062
v 0.9325 1.9625 0.809688
v 0.9625 0.109375 0.809688
v 0.9625 0.109375 0.969062
v 0.9625 1.9625 0.969062
v 0.9625 1.9625 0.809688
v 0.97 0.116875 0.817187
v 0.97 0.116875 0.961562
v 0.97 1.955 0.961562
v 0.97 1.955 0.817187
v 0.925 0.116875 0.817187
v 0.925 0.116875 0.961562
v 0.925 1.955 0.961562
v 0.925 1.955 0.817187
v 0.97 0.116875 0.817187
v 0.97 0.116875 0.961562
v 0.97 1.955 0.961562
v 0.97 1.955 0.817187
vt 0.696289 0.243791
vt 0.716211 0.243791
vt 0.715273 0.245117
vt 0.697227 0.245117
vt 0.558789 0.31543
vt 0.327148 0.31543
vt 0.328086 0.314104
vt 0.557852 0.314104
vt 0.587305 0.307617
vt 0.567383 0.307617
vt 0.56832 0.306291
vt 0.586367 0.306291
vt 0.629883 0.282854
vt 0.861523 0.282854
vt 0.860586 0.28418
vt 0.63082 0.28418
vt 0.942383 0.448398
vt 0.962305 0.448398
vt 0.962305 0.452148
vt 0.942383 0.452148
vt 0.004883 0.458164
vt 0.236523 0.458164
vt 0.236523 0.461914
vt 0.004883 0.461914
vt 0.989648 0.452148
vt 0.969727 0.452148
vt 0.969727 0.448398
vt 0.989648 0.448398
vt 0.474805 0.461914
vt 0.243164 0.461914
vt 0.243164 0.458164
vt 0.474805 0.458164
vt 0.146445 0.282854
vt 0.164492 0.282854
vt 0.16543 0.28418
vt 0.145508 0.28418
vt 0.69918 0.306291
vt 0.928945 0.306291
vt 0.929883 0.307617
vt 0.698242 0.307617
vt 0.613711 0.307617
vt 0.595664 0.307617
vt 0.594727 0.306291
vt 0.614648 0.306291
vt 0.235586 0.299805
vt 0.00582 0.299805
vt 0.004883 0.298479
vt 0.236523 0.298479
vt 0.116211 0.605977
vt 0.345977 0.605977
vt 0.345977 0.624023
vt 0.345977 0.624023
vt 0.116211 0.624023
vt 0.116211 0.605977
vt 0.352539 0.624023
vt 0.352539 0.605977
vt 0.582305 0.605977
vt 0.582305 0.605977
vt 0.582305 0.624023
vt 0.352539 0.624023
vn -0.707107 -0.707107 0
vn -0.707107 0 0.707107
vn -0.707107 0.707107 0
vn -0.707107 0 -0.707107
vn 0 -1 0
vn 0 0 1
vn 0 1 0
vn 0 0 -1
vn 0.707107 -0.707107 0
vn 0.707107 0 0.707107
vn 0.707107 0.707107 0
vn 0.707107 0 -0.707107
vn -1 0 0
vn -1 0 0
vn 1 0 0
vn 1 0 0
f 471/1019/280 472/1020/280 468/1021/280 467/1022/280
f 472/1023/281 473/1024/281 469/1025/281 468/1026/281
f 473/1027/282 474/1028/282 470/1029/282 469/1030/282
f 474/1031/283 471/1032/283 467/1033/283 470/1034/283
f 475/1035/284 476/1036/284 472/1037/284 471/1038/284
f 476/1039/285 477/1040/285 473/1041/285 472/1042/285
f 477/1043/286 478/1044/286 474/1045/286 473/1046/286
f 478/1047/287 475/1048/287 471/1049/287 474/1050/287
f 479/1051/288 480/1052/288 476/1053/288 475/1054/288
f 480/1055/289 481/1056/289 477/1057/289 476/1058/289
f 481/1059/290 482/1060/290 478/1061/290 477/1062/290
f 482/1063/291 479/1064/291 475/1065/291 478/1066/291
f 486/1067/292 483/1068/292 484/1069/292
f 484/1070/293 485/1071/293 486/1072/293
f 488/1073/294 487/1074/294 490/1075/294
f 490/1076/295 489/1077/295 488/1078/295
o left_side_panel__trim
usemtl shelf
v 0.925 0.109375 0.802875
v 0.925 0.109375 0.809688
v 0.925 1.9875 0.809688
v 0.925 1.9875 0.802875
v 0.97 0.109375 0.802875
v 0.97 0.109375 0.809688
v 0.97 1.9875 0.809688
v 0.97 1.9875 0.802875
v 0.925 0.109375 0.802875
v 0.925 0.109375 0.809688
v 0.925 1.9875 0.809688
v 0.925 1.9875 0.802875
v 0.97 0.109375 0.802875
v 0.97 0.109375 0.809688
v 0.97 1.9875 0.809688
v 0.97 1.9875 0.802875
v 0.969375 0.690625 0.819
v 0.969375 0.690625 0.953562
v 0.969375 0.6975 0.953562
v 0.969375 0.6975 0.819
v 0.974375 0.690625 0.819
v 0.974375 0.690625 0.953562
v 0.974375 0.6975 0.953562
v 0.974375 0.6975 0.819
v 0.969375 0.690625 0.819
v 0.969375 0.690625 0.953562
v 0.969375 0.6975 0.953562
v 0.969375 0.6975 0.819
v 0.974375 0.690625 0.819
v 0.974375 0.690625 0.953562
v 0.974375 0.6975 0.953562
v 0.974375 0.6975 0.819
v 0.969375 1.246875 0.819
v 0.969375 1.246875 0.953562
v 0.969375 1.25375 0.953562
v 0.969375 1.25375 0.819
v 0.974375 1.246875 0.819
v 0.974375 1.246875 0.953562
v 0.974375 1.25375 0.953562
v 0.974375 1.25375 0.819
v 0.969375 1.246875 0.819
v 0.969375 1.246875 0.953562
v 0.969375 1.25375 0.953562
v 0.969375 1.25375 0.819
v 0.974375 1.246875 0.819
v 0.974375 1.246875 0.953562
v 0.974375 1.25375 0.953562
v 0.974375 1.25375 0.819
v 0.969375 1.803125 0.819
v 0.969375 1.803125 0.953562
v 0.969375 1.81 0.953562
v 0.969375 1.81 0.819
v 0.974375 1.803125 0.819
v 0.974375 1.803125 0.953562
v 0.974375 1.81 0.953562
v 0.974375 1.81 0.819
v 0.969375 1.803125 0.819
v 0.969375 1.803125 0.953562
v 0.969375 1.81 0.953562
v 0.969375 1.81 0.819
v 0.974375 1.803125 0.819
v 0.974375 1.803125 0.953562
v 0.974375 1.81 0.953562
v 0.974375 1.81 0.819
v 0.9175 1.93125 0.809688
v 0.9175 1.93125 0.969062
v 0.9175 1.965625 0.969062
v 0.9175 1.965625 0.809688
v 0.925 1.93125 0.809688
v 0.925 1.93125 0.969062
v 0.925 1.965625 0.969062
v 0.925 1.965625 0.809688
v 0.9175 1.93125 0.809688
v 0.9175 1.93125 0.969062
v 0.9175 1.965625 0.969062
v 0.9175 1.965625 0.809688
v 0.925 1.93125 0.809688
v 0.925 1.93125 0.969062
v 0.925 1.965625 0.969062
v 0.925 1.965625 0.809688
vt 0.979258 0.127078
vt 0.979258 0.12793
vt 0.973633 0.12793
vt 0.973633 0.127078
vt 0.004883 0.51293
vt 0.239648 0.51293
vt 0.239648 0.518555
vt 0.004883 0.518555
vt 0.985352 0.12793
vt 0.985352 0.127078
vt 0.990977 0.127078
vt 0.990977 0.12793
vt 0.481836 0.518555
vt 0.24707 0.518555
vt 0.24707 0.51293
vt 0.481836 0.51293
vt 0.004883 0.127078
vt 0.239648 0.127078
vt 0.239648 0.12793
vt 0.239648 0.12793
vt 0.004883 0.12793
vt 0.004883 0.127078
vt 0.24707 0.12793
vt 0.24707 0.127078
vt 0.481836 0.127078
vt 0.481836 0.127078
vt 0.481836 0.12793
vt 0.24707 0.12793
vt 0.801758 0.072617
vt 0.818578 0.072617
vt 0.818578 0.073242
vt 0.801758 0.073242
vt 0.442383 0.064805
vt 0.443242 0.064805
vt 0.443242 0.06543
vt 0.442383 0.06543
vt 0.842016 0.073242
vt 0.825195 0.073242
vt 0.825195 0.072617
vt 0.842016 0.072617
vt 0.451055 0.06543
vt 0.450195 0.06543
vt 0.450195 0.064805
vt 0.451055 0.064805
vt 0.450195 0.135742
vt 0.450195 0.134883
vt 0.467016 0.134883
vt 0.467016 0.134883
vt 0.467016 0.135742
vt 0.450195 0.135742
vt 0.490453 0.135742
vt 0.473633 0.135742
vt 0.473633 0.134883
vt 0.473633 0.134883
vt 0.490453 0.134883
vt 0.490453 0.135742
vt 0.848633 0.072617
vt 0.865453 0.072617
vt 0.865453 0.073242
vt 0.848633 0.073242
vt 0.458008 0.064805
vt 0.458867 0.064805
vt 0.458867 0.06543
vt 0.458008 0.06543
vt 0.888891 0.073242
vt 0.87207 0.073242
vt 0.87207 0.072617
vt 0.888891 0.072617
vt 0.46668 0.06543
vt 0.46582 0.06543
vt 0.46582 0.064805
vt 0.46668 0.064805
vt 0.49707 0.135742
vt 0.49707 0.134883
vt 0.513891 0.134883
vt 0.513891 0.134883
vt 0.513891 0.135742
vt 0.49707 0.135742
vt 0.537328 0.135742
vt 0.520508 0.135742
vt 0.520508 0.134883
vt 0.520508 0.134883
vt 0.537328 0.134883
vt 0.537328 0.135742
vt 0.895508 0.072617
vt 0.912328 0.072617
vt 0.912328 0.073242
vt 0.895508 0.073242
vt 0.473633 0.064805
vt 0.474492 0.064805
vt 0.474492 0.06543
vt 0.473633 0.06543
vt 0.935766 0.073242
vt 0.918945 0.073242
vt 0.918945 0.072617
vt 0.935766 0.072617
vt 0.482305 0.06543
vt 0.481445 0.06543
vt 0.481445 0.064805
vt 0.482305 0.064805
vt 0.543945 0.135742
vt 0.543945 0.134883
vt 0.560766 0.134883
vt 0.560766 0.134883
vt 0.560766 0.135742
vt 0.543945 0.135742
vt 0.584203 0.135742
vt 0.567383 0.135742
vt 0.567383 0.134883
vt 0.567383 0.134883
vt 0.584203 0.134883
vt 0.584203 0.135742
vt 0.418945 0.15043
vt 0.438867 0.15043
vt 0.438867 0.151367
vt 0.418945 0.151367
vt 0.637695 0.15043
vt 0.641992 0.15043
vt 0.641992 0.151367
vt 0.637695 0.151367
vt 0.466211 0.151367
vt 0.446289 0.151367
vt 0.446289 0.15043
vt 0.466211 0.15043
vt 0.653711 0.151367
vt 0.649414 0.151367
vt 0.649414 0.15043
vt 0.653711 0.15043
vt 0.227539 0.483398
vt 0.227539 0.479102
vt 0.247461 0.479102
vt 0.247461 0.479102
vt 0.247461 0.483398
vt 0.227539 0.483398
vt 0.274805 0.483398
vt 0.254883 0.483398
vt 0.254883 0.479102
vt 0.254883 0.479102
vt 0.274805 0.479102
vt 0.274805 0.483398
vn 0 -1 0
vn 0 0 1
vn 0 1 0
vn 0 0 -1
vn -1 0 0
vn -1 0 0
vn 1 0 0
vn 1 0 0
vn 0 -1 0
vn 0 0 1
vn 0 1 0
vn 0 0 -1
vn -1 0 0
vn -1 0 0
vn 1 0 0
vn 1 0 0
vn 0 -1 0
vn 0 0 1
vn 0 1 0
vn 0 0 -1
vn -1 0 0
vn -1 0 0
vn 1 0 0
vn 1 0 0
vn 0 -1 0
vn 0 0 1
vn 0 1 0
vn 0 0 -1
vn -1 0 0
vn -1 0 0
vn 1 0 0
vn 1 0 0
vn 0 -1 0
vn 0 0 1
vn 0 1 0
vn 0 0 -1
vn -1 0 0
vn -1 0 0
vn 1 0 0
vn 1 0 0
f 495/1079/296 496/1080/296 492/1081/296 491/1082/296
f 496/1083/297 497/1084/297 493/1085/297 492/1086/297
f 497/1087/298 498/1088/298 494/1089/298 493/1090/298
f 498/1091/299 495/1092/299 491/1093/299 494/1094/299
f 502/1095/300 499/1096/300 500/1097/300
f 500/1098/301 501/1099/301 502/1100/301
f 504/1101/302 503/1102/302 506/1103/302
f 506/1104/303 505/1105/303 504/1106/303
f 511/1107/304 512/1108/304 508/1109/304 507/1110/304
f 512/1111/305 513/1112/305 509/1113/305 508/1114/305
f 513/1115/306 514/1116/306 510/1117/306 509/1118/306
f 514/1119/307 511/1120/307 507/1121/307 510/1122/307
f 518/1123/308 515/1124/308 516/1125/308
f 516/1126/309 517/1127/309 518/1128/309
f 520/1129/310 519/1130/310 522/1131/310
f 522/1132/311 521/1133/311 520/1134/311
f 527/1135/312 528/1136/312 524/1137/312 523/1138/312
f 528/1139/313 529/1140/313 525/1141/313 524/1142/313
f 529/1143/314 530/1144/314 526/1145/314 525/1146/314
f 530/1147/315 527/1148/315 523/1149/315 526/1150/315
f 534/1151/316 531/1152/316 532/1153/316
f 532/1154/317 533/1155/317 534/1156/317
f 536/1157/318 535/1158/318 538/1159/318
f 538/1160/319 537/1161/319 536/1162/319
f 543/1163/320 544/1164/320 540/1165/320 539/1166/320
f 544/1167/321 545/1168/321 541/1169/321 540/1170/321
f 545/1171/322 546/1172/322 542/1173/322 541/1174/322
f 546/1175/323 543/1176/323 539/1177/323 542/1178/323
f 550/1179/324 547/1180/324 548/1181/324
f 548/1182/325 549/1183/325 550/1184/325
f 552/1185/326 551/1186/326 554/1187/326
f 554/1188/327 553/1189/327 552/1190/327
f 559/1191/328 560/1192/328 556/1193/328 555/1194/328
f 560/1195/329 561/1196/329 557/1197/329 556/1198/329
f 561/1199/330 562/1200/330 558/1201/330 557/1202/330
f 562/1203/331 559/1204/331 555/1205/331 558/1206/331
f 566/1207/332 563/1208/332 564/1209/332
f 564/1210/333 565/1211/333 566/1212/333
f 568/1213/334 567/1214/334 570/1215/334
f 570/1216/335 569/1217/335 568/1218/335
o left_side_panel__mid
usemtl shelf
v 0.925 0.116875 0.976563
v 0.925 0.116875 0.9925
v 0.925 1.9225 0.9925
v 0.925 1.9225 0.976563
v 0.9325 0.109375 0.969062
v 0.9325 0.109375 1
v 0.9325 1.93 1
v 0.9325 1.93 0.969062
v 0.9625 0.109375 0.969062
v 0.9625 0.109375 1
v 0.9625 1.93 1
v 0.9625 1.93 0.969062
v 0.97 0.116875 0.976563
v 0.97 0.116875 0.9925
v 0.97 1.9225 0.9925
v 0.97 1.9225 0.976563
v 0.925 0.116875 0.976563
v 0.925 0.116875 0.9925
v 0.925 1.9225 0.9925
v 0.925 1.9225 0.976563
v 0.97 0.116875 0.976563
v 0.97 0.116875 0.9925
v 0.97 1.9225 0.9925
v 0.97 1.9225 0.976563
v 0.97 0.21875 0.820125
v 0.97 0.21875 0.9515
v 0.97 0.690625 0.9515
v 0.97 0.690625 0.820125
v 0.97375 0.21875 0.820125
v 0.97375 0.21875 0.9515
v 0.97375 0.690625 0.9515
v 0.97375 0.690625 0.820125
v 0.97 0.21875 0.820125
v 0.97 0.21875 0.9515
v 0.97 0.690625 0.9515
v 0.97 0.690625 0.820125
v 0.97375 0.21875 0.820125
v 0.97375 0.21875 0.9515
v 0.97375 0.690625 0.9515
v 0.97375 0.690625 0.820125
v 0.97 0.775 0.820125
v 0.97 0.775 0.9515
v 0.97 1.246875 0.9515
v 0.97 1.246875 0.820125
v 0.97375 0.775 0.820125
v 0.97375 0.775 0.9515
v 0.97375 1.246875 0.9515
v 0.97375 1.246875 0.820125
v 0.97 0.775 0.820125
v 0.97 0.775 0.9515
v 0.97 1.246875 0.9515
v 0.97 1.246875 0.820125
v 0.97375 0.775 0.820125
v 0.97375 0.775 0.9515
v 0.97375 1.246875 0.9515
v 0.97375 1.246875 0.820125
v 0.97 1.33125 0.820125
v 0.97 1.33125 0.9515
v 0.97 1.803125 0.9515
v 0.97 1.803125 0.820125
v 0.97375 1.33125 0.820125
v 0.97375 1.33125 0.9515
v 0.97375 1.803125 0.9515
v 0.97375 1.803125 0.820125
v 0.97 1.33125 0.820125
v 0.97 1.33125 0.9515
v 0.97 1.803125 0.9515
v 0.97 1.803125 0.820125
v 0.97375 1.33125 0.820125
v 0.97375 1.33125 0.9515
v 0.97375 1.803125 0.9515
v 0.97375 1.803125 0.820125
v 0.9175 0.11625 0.809688
v 0.9175 0.11625 0.969062
v 0.9175 0.14625 0.969062
v 0.9175 0.14625 0.809688
v 0.925 0.11625 0.809688
v 0.925 0.11625 0.969062
v 0.925 0.14625 0.969062
v 0.925 0.14625 0.809688
v 0.9175 0.11625 0.809688
v 0.9175 0.11625 0.969062
v 0.9175 0.14625 0.969062
v 0.9175 0.14625 0.809688
v 0.925 0.11625 0.809688
v 0.925 0.11625 0.969062
v 0.925 0.14625 0.969062
v 0.925 0.14625 0.809688
vt 0.444336 0.282854
vt 0.448203 0.282854
vt 0.447266 0.28418
vt 0.445273 0.28418
vt 0.232461 0.237305
vt 0.004883 0.237305
vt 0.00582 0.235979
vt 0.231523 0.235979
vt 0.653281 0.307617
vt 0.649414 0.307617
vt 0.650352 0.306291
vt 0.652344 0.306291
vt 0.239258 0.235979
vt 0.466836 0.235979
vt 0.465898 0.237305
vt 0.240195 0.237305
vt 0.05957 0.438633
vt 0.063438 0.438633
vt 0.063438 0.442383
vt 0.05957 0.442383
vt 0.004883 0.448398
vt 0.232461 0.448398
vt 0.232461 0.452148
vt 0.004883 0.452148
vt 0.073203 0.442383
vt 0.069336 0.442383
vt 0.069336 0.438633
vt 0.073203 0.438633
vt 0.466836 0.452148
vt 0.239258 0.452148
vt 0.239258 0.448398
vt 0.466836 0.448398
vt 0.455039 0.282854
vt 0.457031 0.282854
vt 0.457969 0.28418
vt 0.454102 0.28418
vt 0.47457 0.267229
vt 0.700273 0.267229
vt 0.701211 0.268555
vt 0.473633 0.268555
vt 0.396484 0.213867
vt 0.394492 0.213867
vt 0.393555 0.212541
vt 0.397422 0.212541
vt 0.700273 0.237305
vt 0.47457 0.237305
vt 0.473633 0.235979
vt 0.701211 0.235979
vt 0.004883 0.362266
vt 0.230586 0.362266
vt 0.230586 0.364258
vt 0.230586 0.364258
vt 0.004883 0.364258
vt 0.004883 0.362266
vt 0.237305 0.364258
vt 0.237305 0.362266
vt 0.463008 0.362266
vt 0.463008 0.362266
vt 0.463008 0.364258
vt 0.237305 0.364258
vt 0.137695 0.033711
vt 0.154117 0.033711
vt 0.154117 0.03418
vt 0.137695 0.03418
vt 0.305664 0.041523
vt 0.364648 0.041523
vt 0.364648 0.041992
vt 0.305664 0.041992
vt 0.177555 0.03418
vt 0.161133 0.03418
vt 0.161133 0.033711
vt 0.177555 0.033711
vt 0.431055 0.041992
vt 0.37207 0.041992
vt 0.37207 0.041523
vt 0.431055 0.041523
vt 0.241211 0.578305
vt 0.300195 0.578305
vt 0.300195 0.594727
vt 0.300195 0.594727
vt 0.241211 0.594727
vt 0.241211 0.578305
vt 0.307617 0.594727
vt 0.307617 0.578305
vt 0.366602 0.578305
vt 0.366602 0.578305
vt 0.366602 0.594727
vt 0.307617 0.594727
vt 0.18457 0.033711
vt 0.200992 0.033711
vt 0.200992 0.03418
vt 0.18457 0.03418
vt 0.836914 0.041523
vt 0.895898 0.041523
vt 0.895898 0.041992
vt 0.836914 0.041992
vt 0.22443 0.03418
vt 0.208008 0.03418
vt 0.208008 0.033711
vt 0.22443 0.033711
vt 0.962305 0.041992
vt 0.90332 0.041992
vt 0.90332 0.041523
vt 0.962305 0.041523
vt 0.772461 0.578305
vt 0.831445 0.578305
vt 0.831445 0.594727
vt 0.831445 0.594727
vt 0.772461 0.594727
vt 0.772461 0.578305
vt 0.838867 0.594727
vt 0.838867 0.578305
vt 0.897852 0.578305
vt 0.897852 0.578305
vt 0.897852 0.594727
vt 0.838867 0.594727
vt 0.231445 0.033711
vt 0.247867 0.033711
vt 0.247867 0.03418
vt 0.231445 0.03418
vt 0.438477 0.041523
vt 0.497461 0.041523
vt 0.497461 0.041992
vt 0.438477 0.041992
vt 0.271305 0.03418
vt 0.254883 0.03418
vt 0.254883 0.033711
vt 0.271305 0.033711
vt 0.563867 0.041992
vt 0.504883 0.041992
vt 0.504883 0.041523
vt 0.563867 0.041523
vt 0.374023 0.578305
vt 0.433008 0.578305
vt 0.433008 0.594727
vt 0.433008 0.594727
vt 0.374023 0.594727
vt 0.374023 0.578305
vt 0.44043 0.594727
vt 0.44043 0.578305
vt 0.499414 0.578305
vt 0.499414 0.578305
vt 0.499414 0.594727
vt 0.44043 0.594727
vt 0.473633 0.15043
vt 0.493555 0.15043
vt 0.493555 0.151367
vt 0.473633 0.151367
vt 0.68457 0.15043
vt 0.68832 0.15043
vt 0.68832 0.151367
vt 0.68457 0.151367
vt 0.520898 0.151367
vt 0.500977 0.151367
vt 0.500977 0.15043
vt 0.520898 0.15043
vt 0.698086 0.151367
vt 0.694336 0.151367
vt 0.694336 0.15043
vt 0.698086 0.15043
vt 0.741211 0.47168
vt 0.741211 0.46793
vt 0.761133 0.46793
vt 0.761133 0.46793
vt 0.761133 0.47168
vt 0.741211 0.47168
vt 0.788477 0.47168
vt 0.768555 0.47168
vt 0.768555 0.46793
vt 0.768555 0.46793
vt 0.788477 0.46793
vt 0.788477 0.47168
vn -0.707107 -0.707107 0
vn -0.707107 0 0.707107
vn -0.707107 0.707107 0
vn -0.707107 0 -0.707107
vn 0 -1 0
vn 0 0 1
vn 0 1 0
vn 0 0 -1
vn 0.707107 -0.707107 0
vn 0.707107 0 0.707107
vn 0.707107 0.707107 0
vn 0.707107 0 -0.707107
vn -1 0 0
vn -1 0 0
vn 1 0 0
vn 1 0 0
vn 0 -1 0
vn 0 0 1
vn 0 1 0
vn 0 0 -1
vn -1 0 0
vn -1 0 0
vn 1 0 0
vn 1 0 0
vn 0 -1 0
vn 0 0 1
vn 0 1 0
vn 0 0 -1
vn -1 0 0
vn -1 0 0
vn 1 0 0
vn 1 0 0
vn 0 -1 0
vn 0 0 1
vn 0 1 0
vn 0 0 -1
vn -1 0 0
vn -1 0 0
vn 1 0 0
vn 1 0 0
vn 0 -1 0
vn 0 0 1
vn 0 1 0
vn 0 0 -1
vn -1 0 0
vn -1 0 0
vn 1 0 0
vn 1 0 0
f 575/1219/336 576/1220/336 572/1221/336 571/1222/336
f 576/1223/337 577/1224/337 573/1225/337 572/1226/337
f 577/1227/338 578/1228/338 574/1229/338 573/1230/338
f 578/1231/339 575/1232/339 571/1233/339 574/1234/339
f 579/1235/340 580/1236/340 576/1237/340 575/1238/340
f 580/1239/341 581/1240/341 577/1241/341 576/1242/341
f 581/1243/342 582/1244/342 578/1245/342 577/1246/342
f 582/1247/343 579/1248/343 575/1249/343 578/1250/343
f 583/1251/344 584/1252/344 580/1253/344 579/1254/344
f 584/1255/345 585/1256/345 581/1257/345 580/1258/345
f 585/1259/346 586/1260/346 582/1261/346 581/1262/346
f 586/1263/347 583/1264/347 579/1265/347 582/1266/347
f 590/1267/348 587/1268/348 588/1269/348
f 588/1270/349 589/1271/349 590/1272/349
f 592/1273/350 591/1274/350 594/1275/350
f 594/1276/351 593/1277/351 592/1278/351
f 599/1279/352 600/1280/352 596/1281/352 595/1282/352
f 600/1283/353 601/1284/353 597/1285/353 596/1286/353
f 601/1287/354 602/1288/354 598/1289/354 597/1290/354
f 602/1291/355 599/1292/355 595/1293/355 598/1294/355
f 606/1295/356 603/1296/356 604/1297/356
f 604/1298/357 605/1299/357 606/1300/357
f 608/1301/358 607/1302/358 610/1303/358
f 610/1304/359 609/1305/359 608/1306/359
f 615/1307/360 616/1308/360 612/1309/360 611/1310/360
f 616/1311/361 617/1312/361 613/1313/361 612/1314/361
f 617/1315/362 618/1316/362 614/1317/362 613/1318/362
f 618/1319/363 615/1320/363 611/1321/363 614/1322/363
f 622/1323/364 619/1324/364 620/1325/364
f 620/1326/365 621/1327/365 622/1328/365
f 624/1329/366 623/1330/366 626/1331/366
f 626/1332/367 625/1333/367 624/1334/367
f 631/1335/368 632/1336/368 628/1337/368 627/1338/368
f 632/1339/369 633/1340/369 629/1341/369 628/1342/369
f 633/1343/370 634/1344/370 630/1345/370 629/1346/370
f 634/1347/371 631/1348/371 627/1349/371 630/1350/371
f 638/1351/372 635/1352/372 636/1353/372
f 636/1354/373 637/1355/373 638/1356/373
f 640/1357/374 639/1358/374 642/1359/374
f 642/1360/375 641/1361/375 640/1362/375
f 647/1363/376 648/1364/376 644/1365/376 643/1366/376
f 648/1367/377 649/1368/377 645/1369/377 644/1370/377
f 649/1371/378 650/1372/378 646/1373/378 645/1374/378
f 650/1375/379 647/1376/379 643/1377/379 646/1378/379
f 654/1379/380 651/1380/380 652/1381/380
f 652/1382/381 653/1383/381 654/1384/381
f 656/1385/382 655/1386/382 658/1387/382
f 658/1388/383 657/1389/383 656/1390/383
o left_side_panel__deck
usemtl shelf
v 0.969375 0.211875 0.819
v 0.969375 0.211875 0.953562
v 0.969375 0.21875 0.953562
v 0.969375 0.21875 0.819
v 0.974375 0.211875 0.819
v 0.974375 0.211875 0.953562
v 0.974375 0.21875 0.953562
v 0.974375 0.21875 0.819
v 0.969375 0.211875 0.819
v 0.969375 0.211875 0.953562
v 0.969375 0.21875 0.953562
v 0.969375 0.21875 0.819
v 0.974375 0.211875 0.819
v 0.974375 0.211875 0.953562
v 0.974375 0.21875 0.953562
v 0.974375 0.21875 0.819
v 0.969375 0.768125 0.819
v 0.969375 0.768125 0.953562
v 0.969375 0.775 0.953562
v 0.969375 0.775 0.819
v 0.974375 0.768125 0.819
v 0.974375 0.768125 0.953562
v 0.974375 0.775 0.953562
v 0.974375 0.775 0.819
v 0.969375 0.768125 0.819
v 0.969375 0.768125 0.953562
v 0.969375 0.775 0.953562
v 0.969375 0.775 0.819
v 0.974375 0.768125 0.819
v 0.974375 0.768125 0.953562
v 0.974375 0.775 0.953562
v 0.974375 0.775 0.819
v 0.969375 1.324375 0.819
v 0.969375 1.324375 0.953562
v 0.969375 1.33125 0.953562
v 0.969375 1.33125 0.819
v 0.974375 1.324375 0.819
v 0.974375 1.324375 0.953562
v 0.974375 1.33125 0.953562
v 0.974375 1.33125 0.819
v 0.969375 1.324375 0.819
v 0.969375 1.324375 0.953562
v 0.969375 1.33125 0.953562
v 0.969375 1.33125 0.819
v 0.974375 1.324375 0.819
v 0.974375 1.324375 0.953562
v 0.974375 1.33125 0.953562
v 0.974375 1.33125 0.819
vt 0.942383 0.072617
vt 0.959203 0.072617
vt 0.959203 0.073242
vt 0.942383 0.073242
vt 0.411133 0.064805
vt 0.411992 0.064805
vt 0.411992 0.06543
vt 0.411133 0.06543
vt 0.982641 0.073242
vt 0.96582 0.073242
vt 0.96582 0.072617
vt 0.982641 0.072617
vt 0.419805 0.06543
vt 0.418945 0.06543
vt 0.418945 0.064805
vt 0.419805 0.064805
vt 0.354492 0.143555
vt 0.354492 0.142695
vt 0.371312 0.142695
vt 0.371312 0.142695
vt 0.371312 0.143555
vt 0.354492 0.143555
vt 0.39475 0.143555
vt 0.37793 0.143555
vt 0.37793 0.142695
vt 0.37793 0.142695
vt 0.39475 0.142695
vt 0.39475 0.143555
vt 0.004883 0.064805
vt 0.021703 0.064805
vt 0.021703 0.06543
vt 0.004883 0.06543
vt 0.379883 0.064805
vt 0.380742 0.064805
vt 0.380742 0.06543
vt 0.379883 0.06543
vt 0.045141 0.06543
vt 0.02832 0.06543
vt 0.02832 0.064805
vt 0.045141 0.064805
vt 0.388555 0.06543
vt 0.387695 0.06543
vt 0.387695 0.064805
vt 0.388555 0.064805
vt 0.723633 0.151367
vt 0.723633 0.150508
vt 0.740453 0.150508
vt 0.740453 0.150508
vt 0.740453 0.151367
vt 0.723633 0.151367
vt 0.763891 0.151367
vt 0.74707 0.151367
vt 0.74707 0.150508
vt 0.74707 0.150508
vt 0.763891 0.150508
vt 0.763891 0.151367
vt 0.051758 0.064805
vt 0.068578 0.064805
vt 0.068578 0.06543
vt 0.051758 0.06543
vt 0.489258 0.064805
vt 0.490117 0.064805
vt 0.490117 0.06543
vt 0.489258 0.06543
vt 0.092016 0.06543
vt 0.075195 0.06543
vt 0.075195 0.064805
vt 0.092016 0.064805
vt 0.49793 0.06543
vt 0.49707 0.06543
vt 0.49707 0.064805
vt 0.49793 0.064805
vt 0.59082 0.135742
vt 0.59082 0.134883
vt 0.607641 0.134883
vt 0.607641 0.134883
vt 0.607641 0.135742
vt 0.59082 0.135742
vt 0.631078 0.135742
vt 0.614258 0.135742
vt 0.614258 0.134883
vt 0.614258 0.134883
vt 0.631078 0.134883
vt 0.631078 0.135742
vn 0 -1 0
vn 0 0 1
vn 0 1 0
vn 0 0 -1
vn -1 0 0
vn -1 0 0
vn 1 0 0
vn 1 0 0
vn 0 -1 0
vn 0 0 1
vn 0 1 0
vn 0 0 -1
vn -1 0 0
vn -1 0 0
vn 1 0 0
vn 1 0 0
vn 0 -1 0
vn 0 0 1
vn 0 1 0
vn 0 0 -1
vn -1 0 0
vn -1 0 0
vn 1 0 0
vn 1 0 0
f 663/1391/384 664/1392/384 660/1393/384 659/1394/384
f 664/1395/385 665/1396/385 661/1397/385 660/1398/385
f 665/1399/386 666/1400/386 662/1401/386 661/1402/386
f 666/1403/387 663/1404/387 659/1405/387 662/1406/387
f 670/1407/388 667/1408/388 668/1409/388
f 668/1410/389 669/1411/389 670/1412/389
f 672/1413/390 671/1414/390 674/1415/390
f 674/1416/391 673/1417/391 672/1418/391
f 679/1419/392 680/1420/392 676/1421/392 675/1422/392
f 680/1423/393 681/1424/393 677/1425/393 676/1426/393
f 681/1427/394 682/1428/394 678/1429/394 677/1430/394
f 682/1431/395 679/1432/395 675/1433/395 678/1434/395
f 686/1435/396 683/1436/396 684/1437/396
f 684/1438/397 685/1439/397 686/1440/397
f 688/1441/398 687/1442/398 690/1443/398
f 690/1444/399 689/1445/399 688/1446/399
f 695/1447/400 696/1448/400 692/1449/400 691/1450/400
f 696/1451/401 697/1452/401 693/1453/401 692/1454/401
f 697/1455/402 698/1456/402 694/1457/402 693/1458/402
f 698/1459/403 695/1460/403 691/1461/403 694/1462/403
f 702/1463/404 699/1464/404 700/1465/404
f 700/1466/405 701/1467/405 702/1468/405
f 704/1469/406 703/1470/406 706/1471/406
f 706/1472/407 705/1473/407 704/1474/407
o right_side_panel__plastic
usemtl shelf
v 0.03 0.116875 0.817187
v 0.03 0.116875 0.961562
v 0.03 1.955 0.961562
v 0.03 1.955 0.817187
v 0.0375 0.109375 0.809688
v 0.0375 0.109375 0.969062
v 0.0375 1.9625 0.969062
v 0.0375 1.9625 0.809688
v 0.0675 0.109375 0.809688
v 0.0675 0.109375 0.969062
v 0.0675 1.9625 0.969062
v 0.0675 1.9625 0.809688
v 0.075 0.116875 0.817187
v 0.075 0.116875 0.961562
v 0.075 1.955 0.961562
v 0.075 1.955 0.817187
v 0.03 0.116875 0.817187
v 0.03 0.116875 0.961562
v 0.03 1.955 0.961562
v 0.03 1.955 0.817187
v 0.075 0.116875 0.817187
v 0.075 0.116875 0.961562
v 0.075 1.955 0.961562
v 0.075 1.955 0.817187
vt 0.172852 0.282854
vt 0.192773 0.282854
vt 0.191836 0.28418
vt 0.173789 0.28418
vt 0.474805 0.299805
vt 0.243164 0.299805
vt 0.244102 0.298479
vt 0.473867 0.298479
vt 0.641992 0.307617
vt 0.62207 0.307617
vt 0.623008 0.306291
vt 0.641055 0.306291
vt 0.481445 0.298479
vt 0.713086 0.298479
vt 0.712148 0.299805
vt 0.482383 0.299805
vt 0.004883 0.438633
vt 0.024805 0.438633
vt 0.024805 0.442383
vt 0.004883 0.442383
vt 0.481445 0.458164
vt 0.713086 0.458164
vt 0.713086 0.461914
vt 0.481445 0.461914
vt 0.052148 0.442383
vt 0.032227 0.442383
vt 0.032227 0.438633
vt 0.052148 0.438633
vt 0.951367 0.461914
vt 0.719727 0.461914
vt 0.719727 0.458164
vt 0.951367 0.458164
vt 0.915977 0.251604
vt 0.934023 0.251604
vt 0.934961 0.25293
vt 0.915039 0.25293
vt 0.566367 0.314104
vt 0.796133 0.314104
vt 0.79707 0.31543
vt 0.56543 0.31543
vt 0.226992 0.213867
vt 0.208945 0.213867
vt 0.208008 0.212541
vt 0.22793 0.212541
vt 0.235586 0.276367
vt 0.00582 0.276367
vt 0.004883 0.275041
vt 0.236523 0.275041
vt 0.588867 0.605977
vt 0.818633 0.605977
vt 0.818633 0.624023
vt 0.818633 0.624023
vt 0.588867 0.624023
vt 0.588867 0.605977
vt 0.004883 0.594727
vt 0.004883 0.57668
vt 0.234648 0.57668
vt 0.234648 0.57668
vt 0.234648 0.594727
vt 0.004883 0.594727
vn -0.707107 -0.707107 0
vn -0.707107 0 0.707107
vn -0.707107 0.707107 0
vn -0.707107 0 -0.707107
vn 0 -1 0
vn 0 0 1
vn 0 1 0
vn 0 0 -1
vn 0.707107 -0.707107 0
vn 0.707107 0 0.707107
vn 0.707107 0.707107 0
vn 0.707107 0 -0.707107
vn -1 0 0
vn -1 0 0
vn 1 0 0
vn 1 0 0
f 711/1475/408 712/1476/408 708/1477/408 707/1478/408
f 712/1479/409 713/1480/409 709/1481/409 708/1482/409
f 713/1483/410 714/1484/410 710/1485/410 709/1486/410
f 714/1487/411 711/1488/411 707/1489/411 710/1490/411
f 715/1491/412 716/1492/412 712/1493/412 711/1494/412
f 716/1495/413 717/1496/413 713/1497/413 712/1498/413
f 717/1499/414 718/1500/414 714/1501/414 713/1502/414
f 718/1503/415 715/1504/415 711/1505/415 714/1506/415
f 719/1507/416 720/1508/416 716/1509/416 715/1510/416
f 720/1511/417 721/1512/417 717/1513/417 716/1514/417
f 721/1515/418 722/1516/418 718/1517/418 717/1518/418
f 722/1519/419 719/1520/419 715/1521/419 718/1522/419
f 726/1523/420 723/1524/420 724/1525/420
f 724/1526/421 725/1527/421 726/1528/421
f 728/1529/422 727/1530/422 730/1531/422
f 730/1532/423 729/1533/423 728/1534/423
o right_side_panel__trim
usemtl shelf
v 0.03 0.109375 0.802875
v 0.03 0.109375 0.809688
v 0.03 1.9875 0.809688
v 0.03 1.9875 0.802875
v 0.075 0.109375 0.802875
v 0.075 0.109375 0.809688
v 0.075 1.9875 0.809688
v 0.075 1.9875 0.802875
v 0.03 0.109375 0.802875
v 0.03 0.109375 0.809688
v 0.03 1.9875 0.809688
v 0.03 1.9875 0.802875
v 0.075 0.109375 0.802875
v 0.075 0.109375 0.809688
v 0.075 1.9875 0.809688
v 0.075 1.9875 0.802875
v 0.025625 0.690625 0.819
v 0.025625 0.690625 0.953562
v 0.025625 0.6975 0.953562
v 0.025625 0.6975 0.819
v 0.030625 0.690625 0.819
v 0.030625 0.690625 0.953562
v 0.030625 0.6975 0.953562
v 0.030625 0.6975 0.819
v 0.025625 0.690625 0.819
v 0.025625 0.690625 0.953562
v 0.025625 0.6975 0.953562
v 0.025625 0.6975 0.819
v 0.030625 0.690625 0.819
v 0.030625 0.690625 0.953562
v 0.030625 0.6975 0.953562
v 0.030625 0.6975 0.819
v 0.025625 1.246875 0.819
v 0.025625 1.246875 0.953562
v 0.025625 1.25375 0.953562
v 0.025625 1.25375 0.819
v 0.030625 1.246875 0.819
v 0.030625 1.246875 0.953562
v 0.030625 1.25375 0.953562
v 0.030625 1.25375 0.819
v 0.025625 1.246875 0.819
v 0.025625 1.246875 0.953562
v 0.025625 1.25375 0.953562
v 0.025625 1.25375 0.819
v 0.030625 1.246875 0.819
v 0.030625 1.246875 0.953562
v 0.030625 1.25375 0.953562
v 0.030625 1.25375 0.819
v 0.025625 1.803125 0.819
v 0.025625 1.803125 0.953562
v 0.025625 1.81 0.953562
v 0.025625 1.81 0.819
v 0.030625 1.803125 0.819
v 0.030625 1.803125 0.953562
v 0.030625 1.81 0.953562
v 0.030625 1.81 0.819
v 0.025625 1.803125 0.819
v 0.025625 1.803125 0.953562
v 0.025625 1.81 0.953562
v 0.025625 1.81 0.819
v 0.030625 1.803125 0.819
v 0.030625 1.803125 0.953562
v 0.030625 1.81 0.953562
v 0.030625 1.81 0.819
v 0.075 1.93125 0.809688
v 0.075 1.93125 0.969062
v 0.075 1.965625 0.969062
v 0.075 1.965625 0.809688
v 0.0825 1.93125 0.809688
v 0.0825 1.93125 0.969062
v 0.0825 1.965625 0.969062
v 0.0825 1.965625 0.809688
v 0.075 1.93125 0.809688
v 0.075 1.93125 0.969062
v 0.075 1.965625 0.969062
v 0.075 1.965625 0.809688
v 0.0825 1.93125 0.809688
v 0.0825 1.93125 0.969062
v 0.0825 1.965625 0.969062
v 0.0825 1.965625 0.809688
vt 0.010508 0.119266
vt 0.010508 0.120117
vt 0.004883 0.120117
vt 0.004883 0.119266
vt 0.489258 0.51293
vt 0.724023 0.51293
vt 0.724023 0.518555
vt 0.489258 0.518555
vt 0.016602 0.120117
vt 0.016602 0.119266
vt 0.022227 0.119266
vt 0.022227 0.120117
vt 0.966211 0.518555
vt 0.731445 0.518555
vt 0.731445 0.51293
vt 0.966211 0.51293
vt 0.489258 0.127078
vt 0.724023 0.127078
vt 0.724023 0.12793
vt 0.724023 0.12793
vt 0.489258 0.12793
vt 0.489258 0.127078
vt 0.731445 0.12793
vt 0.731445 0.127078
vt 0.966211 0.127078
vt 0.966211 0.127078
vt 0.966211 0.12793
vt 0.731445 0.12793
vt 0.098633 0.064805
vt 0.115453 0.064805
vt 0.115453 0.06543
vt 0.098633 0.06543
vt 0.504883 0.064805
vt 0.505742 0.064805
vt 0.505742 0.06543
vt 0.504883 0.06543
vt 0.138891 0.06543
vt 0.12207 0.06543
vt 0.12207 0.064805
vt 0.138891 0.064805
vt 0.513555 0.06543
vt 0.512695 0.06543
vt 0.512695 0.064805
vt 0.513555 0.064805
vt 0.637695 0.135742
vt 0.637695 0.134883
vt 0.654516 0.134883
vt 0.654516 0.134883
vt 0.654516 0.135742
vt 0.637695 0.135742
vt 0.677953 0.135742
vt 0.661133 0.135742
vt 0.661133 0.134883
vt 0.661133 0.134883
vt 0.677953 0.134883
vt 0.677953 0.135742
vt 0.145508 0.064805
vt 0.162328 0.064805
vt 0.162328 0.06543
vt 0.145508 0.06543
vt 0.520508 0.064805
vt 0.521367 0.064805
vt 0.521367 0.06543
vt 0.520508 0.06543
vt 0.185766 0.06543
vt 0.168945 0.06543
vt 0.168945 0.064805
vt 0.185766 0.064805
vt 0.52918 0.06543
vt 0.52832 0.06543
vt 0.52832 0.064805
vt 0.52918 0.064805
vt 0.68457 0.135742
vt 0.68457 0.134883
vt 0.701391 0.134883
vt 0.701391 0.134883
vt 0.701391 0.135742
vt 0.68457 0.135742
vt 0.724828 0.135742
vt 0.708008 0.135742
vt 0.708008 0.134883
vt 0.708008 0.134883
vt 0.724828 0.134883
vt 0.724828 0.135742
vt 0.192383 0.064805
vt 0.209203 0.064805
vt 0.209203 0.06543
vt 0.192383 0.06543
vt 0.536133 0.064805
vt 0.536992 0.064805
vt 0.536992 0.06543
vt 0.536133 0.06543
vt 0.232641 0.06543
vt 0.21582 0.06543
vt 0.21582 0.064805
vt 0.232641 0.064805
vt 0.544805 0.06543
vt 0.543945 0.06543
vt 0.543945 0.064805
vt 0.544805 0.064805
vt 0.731445 0.135742
vt 0.731445 0.134883
vt 0.748266 0.134883
vt 0.748266 0.134883
vt 0.748266 0.135742
vt 0.731445 0.135742
vt 0.771703 0.135742
vt 0.754883 0.135742
vt 0.754883 0.134883
vt 0.754883 0.134883
vt 0.771703 0.134883
vt 0.771703 0.135742
vt 0.52832 0.15043
vt 0.548242 0.15043
vt 0.548242 0.151367
vt 0.52832 0.151367
vt 0.661133 0.15043
vt 0.66543 0.15043
vt 0.66543 0.151367
vt 0.661133 0.151367
vt 0.575586 0.151367
vt 0.555664 0.151367
vt 0.555664 0.15043
vt 0.575586 0.15043
vt 0.677148 0.151367
vt 0.672852 0.151367
vt 0.672852 0.15043
vt 0.677148 0.15043
vt 0.282227 0.483398
vt 0.282227 0.479102
vt 0.302148 0.479102
vt 0.302148 0.479102
vt 0.302148 0.483398
vt 0.282227 0.483398
vt 0.329492 0.483398
vt 0.30957 0.483398
vt 0.30957 0.479102
vt 0.30957 0.479102
vt 0.329492 0.479102
vt 0.329492 0.483398
vn 0 -1 0
vn 0 0 1
vn 0 1 0
vn 0 0 -1
vn -1 0 0
vn -1 0 0
vn 1 0 0
vn 1 0 0
vn 0 -1 0
vn 0 0 1
vn 0 1 0
vn 0 0 -1
vn -1 0 0
vn -1 0 0
vn 1 0 0
vn 1 0 0
vn 0 -1 0
vn 0 0 1
vn 0 1 0
vn 0 0 -1
vn -1 0 0
vn -1 0 0
vn 1 0 0
vn 1 0 0
vn 0 -1 0
vn 0 0 1
vn 0 1 0
vn 0 0 -1
vn -1 0 0
vn -1 0 0
vn 1 0 0
vn 1 0 0
vn 0 -1 0
vn 0 0 1
vn 0 1 0
vn 0 0 -1
vn -1 0 0
vn -1 0 0
vn 1 0 0
vn 1 0 0
f 735/1535/424 736/1536/424 732/1537/424 731/1538/424
f 736/1539/425 737/1540/425 733/1541/425 732/1542/425
f 737/1543/426 738/1544/426 734/1545/426 733/1546/426
f 738/1547/427 735/1548/427 731/1549/427 734/1550/427
f 742/1551/428 739/1552/428 740/1553/428
f 740/1554/429 741/1555/429 742/1556/429
f 744/1557/430 743/1558/430 746/1559/430
f 746/1560/431 745/1561/431 744/1562/431
f 751/1563/432 752/1564/432 748/1565/432 747/1566/432
f 752/1567/433 753/1568/433 749/1569/433 748/1570/433
f 753/1571/434 754/1572/434 750/1573/434 749/1574/434
f 754/1575/435 751/1576/435 747/1577/435 750/1578/435
f 758/1579/436 755/1580/436 756/1581/436
f 756/1582/437 757/1583/437 758/1584/437
f 760/1585/438 759/1586/438 762/1587/438
f 762/1588/439 761/1589/439 760/1590/439
f 767/1591/440 768/1592/440 764/1593/440 763/1594/440
f 768/1595/441 769/1596/441 765/1597/441 764/1598/441
f 769/1599/442 770/1600/442 766/1601/442 765/1602/442
f 770/1603/443 767/1604/443 763/1605/443 766/1606/443
f 774/1607/444 771/1608/444 772/1609/444
f 772/1610/445 773/1611/445 774/1612/445
f 776/1613/446 775/1614/446 778/1615/446
f 778/1616/447 777/1617/447 776/1618/447
f 783/1619/448 784/1620/448 780/1621/448 779/1622/448
f 784/1623/449 785/1624/449 781/1625/449 780/1626/449
f 785/1627/450 786/1628/450 782/1629/450 781/1630/450
f 786/1631/451 783/1632/451 779/1633/451 782/1634/451
f 790/1635/452 787/1636/452 788/1637/452
f 788/1638/453 789/1639/453 790/1640/453
f 792/1641/454 791/1642/454 794/1643/454
f 794/1644/455 793/1645/455 792/1646/455
f 799/1647/456 800/1648/456 796/1649/456 795/1650/456
f 800/1651/457 801/1652/457 797/1653/457 796/1654/457
f 801/1655/458 802/1656/458 798/1657/458 797/1658/458
f 802/1659/459 799/1660/459 795/1661/459 798/1662/459
f 806/1663/460 803/1664/460 804/1665/460
f 804/1666/461 805/1667/461 806/1668/461
f 808/1669/462 807/1670/462 810/1671/462
f 810/1672/463 809/1673/463 808/1674/463
o right_side_panel__mid
usemtl shelf
v 0.03 0.116875 0.976563
v 0.03 0.116875 0.9925
v 0.03 1.9225 0.9925
v 0.03 1.9225 0.976563
v 0.0375 0.109375 0.969062
v 0.0375 0.109375 1
v 0.0375 1.93 1
v 0.0375 1.93 0.969062
v 0.0675 0.109375 0.969062
v 0.0675 0.109375 1
v 0.0675 1.93 1
v 0.0675 1.93 0.969062
v 0.075 0.116875 0.976563
v 0.075 0.116875 0.9925
v 0.075 1.9225 0.9925
v 0.075 1.9225 0.976563
v 0.03 0.116875 0.976563
v 0.03 0.116875 0.9925
v 0.03 1.9225 0.9925
v 0.03 1.9225 0.976563
v 0.075 0.116875 0.976563
v 0.075 0.116875 0.9925
v 0.075 1.9225 0.9925
v 0.075 1.9225 0.976563
v 0.02625 0.21875 0.820125
v 0.02625 0.21875 0.9515
v 0.02625 0.690625 0.9515
v 0.02625 0.690625 0.820125
v 0.03 0.21875 0.820125
v 0.03 0.21875 0.9515
v 0.03 0.690625 0.9515
v 0.03 0.690625 0.820125
v 0.02625 0.21875 0.820125
v 0.02625 0.21875 0.9515
v 0.02625 0.690625 0.9515
v 0.02625 0.690625 0.820125
v 0.03 0.21875 0.820125
v 0.03 0.21875 0.9515
v 0.03 0.690625 0.9515
v 0.03 0.690625 0.820125
v 0.02625 0.775 0.820125
v 0.02625 0.775 0.9515
v 0.02625 1.246875 0.9515
v 0.02625 1.246875 0.820125
v 0.03 0.775 0.820125
v 0.03 0.775 0.9515
v 0.03 1.246875 0.9515
v 0.03 1.246875 0.820125
v 0.02625 0.775 0.820125
v 0.02625 0.775 0.9515
v 0.02625 1.246875 0.9515
v 0.02625 1.246875 0.820125
v 0.03 0.775 0.820125
v 0.03 0.775 0.9515
v 0.03 1.246875 0.9515
v 0.03 1.246875 0.820125
v 0.02625 1.33125 0.820125
v 0.02625 1.33125 0.9515
v 0.02625 1.803125 0.9515
v 0.02625 1.803125 0.820125
v 0.03 1.33125 0.820125
v 0.03 1.33125 0.9515
v 0.03 1.803125 0.9515
v 0.03 1.803125 0.820125
v 0.02625 1.33125 0.820125
v 0.02625 1.33125 0.9515
v 0.02625 1.803125 0.9515
v 0.02625 1.803125 0.820125
v 0.03 1.33125 0.820125
v 0.03 1.33125 0.9515
v 0.03 1.803125 0.9515
v 0.03 1.803125 0.820125
v 0.075 0.11625 0.809688
v 0.075 0.11625 0.969062
v 0.075 0.14625 0.969062
v 0.075 0.14625 0.809688
v 0.0825 0.11625 0.809688
v 0.0825 0.11625 0.969062
v 0.0825 0.14625 0.969062
v 0.0825 0.14625 0.809688
v 0.075 0.11625 0.809688
v 0.075 0.11625 0.969062
v 0.075 0.14625 0.969062
v 0.075 0.14625 0.809688
v 0.0825 0.11625 0.809688
v 0.0825 0.11625 0.969062
v 0.0825 0.14625 0.969062
v 0.0825 0.14625 0.809688
vt 0.463867 0.282854
vt 0.467734 0.282854
vt 0.466797 0.28418
vt 0.464805 0.28418
vt 0.935586 0.268555
vt 0.708008 0.268555
vt 0.708945 0.267229
vt 0.934648 0.267229
vt 0.32125 0.31543
vt 0.317383 0.31543
vt 0.31832 0.314104
vt 0.320313 0.314104
vt 0.708008 0.235979
vt 0.935586 0.235979
vt 0.934648 0.237305
vt 0.708945 0.237305
vt 0.079102 0.438633
vt 0.082969 0.438633
vt 0.082969 0.442383
vt 0.079102 0.442383
vt 0.473633 0.448398
vt 0.701211 0.448398
vt 0.701211 0.452148
vt 0.473633 0.452148
vt 0.092734 0.442383
vt 0.088867 0.442383
vt 0.088867 0.438633
vt 0.092734 0.438633
vt 0.935586 0.452148
vt 0.708008 0.452148
vt 0.708008 0.448398
vt 0.935586 0.448398
vt 0.81832 0.275041
vt 0.820313 0.275041
vt 0.82125 0.276367
vt 0.817383 0.276367
vt 0.00582 0.228166
vt 0.231523 0.228166
vt 0.232461 0.229492
vt 0.004883 0.229492
vt 0.662109 0.307617
vt 0.660117 0.307617
vt 0.65918 0.306291
vt 0.663047 0.306291
vt 0.465898 0.229492
vt 0.240195 0.229492
vt 0.239258 0.228166
vt 0.466836 0.228166
vt 0.469727 0.362266
vt 0.69543 0.362266
vt 0.69543 0.364258
vt 0.69543 0.364258
vt 0.469727 0.364258
vt 0.469727 0.362266
vt 0.702148 0.364258
vt 0.702148 0.362266
vt 0.927852 0.362266
vt 0.927852 0.362266
vt 0.927852 0.364258
vt 0.702148 0.364258
vt 0.27832 0.033711
vt 0.294742 0.033711
vt 0.294742 0.03418
vt 0.27832 0.03418
vt 0.571289 0.041523
vt 0.630273 0.041523
vt 0.630273 0.041992
vt 0.571289 0.041992
vt 0.31818 0.03418
vt 0.301758 0.03418
vt 0.301758 0.033711
vt 0.31818 0.033711
vt 0.69668 0.041992
vt 0.637695 0.041992
vt 0.637695 0.041523
vt 0.69668 0.041523
vt 0.506836 0.578305
vt 0.56582 0.578305
vt 0.56582 0.594727
vt 0.56582 0.594727
vt 0.506836 0.594727
vt 0.506836 0.578305
vt 0.573242 0.594727
vt 0.573242 0.578305
vt 0.632227 0.578305
vt 0.632227 0.578305
vt 0.632227 0.594727
vt 0.573242 0.594727
vt 0.325195 0.033711
vt 0.341617 0.033711
vt 0.341617 0.03418
vt 0.325195 0.03418
vt 0.004883 0.033711
vt 0.063867 0.033711
vt 0.063867 0.03418
vt 0.004883 0.03418
vt 0.365055 0.03418
vt 0.348633 0.03418
vt 0.348633 0.033711
vt 0.365055 0.033711
vt 0.130273 0.03418
vt 0.071289 0.03418
vt 0.071289 0.033711
vt 0.130273 0.033711
vt 0.905273 0.578305
vt 0.964258 0.578305
vt 0.964258 0.594727
vt 0.964258 0.594727
vt 0.905273 0.594727
vt 0.905273 0.578305
vt 0.004883 0.569336
vt 0.004883 0.552914
vt 0.063867 0.552914
vt 0.063867 0.552914
vt 0.063867 0.569336
vt 0.004883 0.569336
vt 0.37207 0.033711
vt 0.388492 0.033711
vt 0.388492 0.03418
vt 0.37207 0.03418
vt 0.704102 0.041523
vt 0.763086 0.041523
vt 0.763086 0.041992
vt 0.704102 0.041992
vt 0.41193 0.03418
vt 0.395508 0.03418
vt 0.395508 0.033711
vt 0.41193 0.033711
vt 0.829492 0.041992
vt 0.770508 0.041992
vt 0.770508 0.041523
vt 0.829492 0.041523
vt 0.639648 0.578305
vt 0.698633 0.578305
vt 0.698633 0.594727
vt 0.698633 0.594727
vt 0.639648 0.594727
vt 0.639648 0.578305
vt 0.706055 0.594727
vt 0.706055 0.578305
vt 0.765039 0.578305
vt 0.765039 0.578305
vt 0.765039 0.594727
vt 0.706055 0.594727
vt 0.583008 0.15043
vt 0.60293 0.15043
vt 0.60293 0.151367
vt 0.583008 0.151367
vt 0.704102 0.15043
vt 0.707852 0.15043
vt 0.707852 0.151367
vt 0.704102 0.151367
vt 0.630273 0.151367
vt 0.610352 0.151367
vt 0.610352 0.15043
vt 0.630273 0.15043
vt 0.717617 0.151367
vt 0.713867 0.151367
vt 0.713867 0.15043
vt 0.717617 0.15043
vt 0.795898 0.47168
vt 0.795898 0.46793
vt 0.81582 0.46793
vt 0.81582 0.46793
vt 0.81582 0.47168
vt 0.795898 0.47168
vt 0.843164 0.47168
vt 0.823242 0.47168
vt 0.823242 0.46793
vt 0.823242 0.46793
vt 0.843164 0.46793
vt 0.843164 0.47168
vn -0.707107 -0.707107 0
vn -0.707107 0 0.707107
vn -0.707107 0.707107 0
vn -0.707107 0 -0.707107
vn 0 -1 0
vn 0 0 1
vn 0 1 0
vn 0 0 -1
vn 0.707107 -0.707107 0
vn 0.707107 0 0.707107
vn 0.707107 0.707107 0
vn 0.707107 0 -0.707107
vn -1 0 0
vn -1 0 0
vn 1 0 0
vn 1 0 0
vn 0 -1 0
vn 0 0 1
vn 0 1 0
vn 0 0 -1
vn -1 0 0
vn -1 0 0
vn 1 0 0
vn 1 0 0
vn 0 -1 0
vn 0 0 1
vn 0 1 0
vn 0 0 -1
vn -1 0 0
vn -1 0 0
vn 1 0 0
vn 1 0 0
vn 0 -1 0
vn 0 0 1
vn 0 1 0
vn 0 0 -1
vn -1 0 0
vn -1 0 0
vn 1 0 0
vn 1 0 0
vn 0 -1 0
vn 0 0 1
vn 0 1 0
vn 0 0 -1
vn -1 0 0
vn -1 0 0
vn 1 0 0
vn 1 0 0
f 815/1675/464 816/1676/464 812/1677/464 811/1678/464
f 816/1679/465 817/1680/465 813/1681/465 812/1682/465
f 817/1683/466 818/1684/466 814/1685/466 813/1686/466
f 818/1687/467 815/1688/467 811/1689/467 814/1690/467
f 819/1691/468 820/1692/468 816/1693/468 815/1694/468
f 820/1695/469 821/1696/469 817/1697/469 816/1698/469
f 821/1699/470 822/1700/470 818/1701/470 817/1702/470
f 822/1703/471 819/1704/471 815/1705/471 818/1706/471
f 823/1707/472 824/1708/472 820/1709/472 819/1710/472
f 824/1711/473 825/1712/473 821/1713/473 820/1714/473
f 825/1715/474 826/1716/474 822/1717/474 821/1718/474
f 826/1719/475 823/1720/475 819/1721/475 822/1722/475
f 830/1723/476 827/1724/476 828/1725/476
f 828/1726/477 829/1727/477 830/1728/477
f 832/1729/478 831/1730/478 834/1731/478
f 834/1732/479 833/1733/479 832/1734/479
f 839/1735/480 840/1736/480 836/1737/480 835/1738/480
f 840/1739/481 841/1740/481 837/1741/481 836/1742/481
f 841/1743/482 842/1744/482 838/1745/482 837/1746/482
f 842/1747/483 839/1748/483 835/1749/483 838/1750/483
f 846/1751/484 843/1752/484 844/1753/484
f 844/1754/485 845/1755/485 846/1756/485
f 848/1757/486 847/1758/486 850/1759/486
f 850/1760/487 849/1761/487 848/1762/487
f 855/1763/488 856/1764/488 852/1765/488 851/1766/488
f 856/1767/489 857/1768/489 853/1769/489 852/1770/489
f 857/1771/490 858/1772/490 854/1773/490 853/1774/490
f 858/1775/491 855/1776/491 851/1777/491 854/1778/491
f 862/1779/492 859/1780/492 860/1781/492
f 860/1782/493 861/1783/493 862/1784/493
f 864/1785/494 863/1786/494 866/1787/494
f 866/1788/495 865/1789/495 864/1790/495
f 871/1791/496 872/1792/496 868/1793/496 867/1794/496
f 872/1795/497 873/1796/497 869/1797/497 868/1798/497
f 873/1799/498 874/1800/498 870/1801/498 869/1802/498
f 874/1803/499 871/1804/499 867/1805/499 870/1806/499
f 878/1807/500 875/1808/500 876/1809/500
f 876/1810/501 877/1811/501 878/1812/501
f 880/1813/502 879/1814/502 882/1815/502
f 882/1816/503 881/1817/503 880/1818/503
f 887/1819/504 888/1820/504 884/1821/504 883/1822/504
f 888/1823/505 889/1824/505 885/1825/505 884/1826/505
f 889/1827/506 890/1828/506 886/1829/506 885/1830/506
f 890/1831/507 887/1832/507 883/1833/507 886/1834/507
f 894/1835/508 891/1836/508 892/1837/508
f 892/1838/509 893/1839/509 894/1840/509
f 896/1841/510 895/1842/510 898/1843/510
f 898/1844/511 897/1845/511 896/1846/511
o right_side_panel__deck
usemtl shelf
v 0.025625 0.211875 0.819
v 0.025625 0.211875 0.953562
v 0.025625 0.21875 0.953562
v 0.025625 0.21875 0.819
v 0.030625 0.211875 0.819
v 0.030625 0.211875 0.953562
v 0.030625 0.21875 0.953562
v 0.030625 0.21875 0.819
v 0.025625 0.211875 0.819
v 0.025625 0.211875 0.953562
v 0.025625 0.21875 0.953562
v 0.025625 0.21875 0.819
v 0.030625 0.211875 0.819
v 0.030625 0.211875 0.953562
v 0.030625 0.21875 0.953562
v 0.030625 0.21875 0.819
v 0.025625 0.768125 0.819
v 0.025625 0.768125 0.953562
v 0.025625 0.775 0.953562
v 0.025625 0.775 0.819
v 0.030625 0.768125 0.819
v 0.030625 0.768125 0.953562
v 0.030625 0.775 0.953562
v 0.030625 0.775 0.819
v 0.025625 0.768125 0.819
v 0.025625 0.768125 0.953562
v 0.025625 0.775 0.953562
v 0.025625 0.775 0.819
v 0.030625 0.768125 0.819
v 0.030625 0.768125 0.953562
v 0.030625 0.775 0.953562
v 0.030625 0.775 0.819
v 0.025625 1.324375 0.819
v 0.025625 1.324375 0.953562
v 0.025625 1.33125 0.953562
v 0.025625 1.33125 0.819
v 0.030625 1.324375 0.819
v 0.030625 1.324375 0.953562
v 0.030625 1.33125 0.953562
v 0.030625 1.33125 0.819
v 0.025625 1.324375 0.819
v 0.025625 1.324375 0.953562
v 0.025625 1.33125 0.953562
v 0.025625 1.33125 0.819
v 0.030625 1.324375 0.819
v 0.030625 1.324375 0.953562
v 0.030625 1.33125 0.953562
v 0.030625 1.33125 0.819
vt 0.239258 0.064805
vt 0.256078 0.064805
vt 0.256078 0.06543
vt 0.239258 0.06543
vt 0.426758 0.064805
vt 0.427617 0.064805
vt 0.427617 0.06543
vt 0.426758 0.06543
vt 0.279516 0.06543
vt 0.262695 0.06543
vt 0.262695 0.064805
vt 0.279516 0.064805
vt 0.43543 0.06543
vt 0.43457 0.06543
vt 0.43457 0.064805
vt 0.43543 0.064805
vt 0.401367 0.143555
vt 0.401367 0.142695
vt 0.418187 0.142695
vt 0.418187 0.142695
vt 0.418187 0.143555
vt 0.401367 0.143555
vt 0.441625 0.143555
vt 0.424805 0.143555
vt 0.424805 0.142695
vt 0.424805 0.142695
vt 0.441625 0.142695
vt 0.441625 0.143555
vt 0.286133 0.064805
vt 0.302953 0.064805
vt 0.302953 0.06543
vt 0.286133 0.06543
vt 0.395508 0.064805
vt 0.396367 0.064805
vt 0.396367 0.06543
vt 0.395508 0.06543
vt 0.326391 0.06543
vt 0.30957 0.06543
vt 0.30957 0.064805
vt 0.326391 0.064805
vt 0.40418 0.06543
vt 0.40332 0.06543
vt 0.40332 0.064805
vt 0.40418 0.064805
vt 0.770508 0.151367
vt 0.770508 0.150508
vt 0.787328 0.150508
vt 0.787328 0.150508
vt 0.787328 0.151367
vt 0.770508 0.151367
vt 0.810766 0.151367
vt 0.793945 0.151367
vt 0.793945 0.150508
vt 0.793945 0.150508
vt 0.810766 0.150508
vt 0.810766 0.151367
vt 0.333008 0.064805
vt 0.349828 0.064805
vt 0.349828 0.06543
vt 0.333008 0.06543
vt 0.551758 0.064805
vt 0.552617 0.064805
vt 0.552617 0.06543
vt 0.551758 0.06543
vt 0.373266 0.06543
vt 0.356445 0.06543
vt 0.356445 0.064805
vt 0.373266 0.064805
vt 0.56043 0.06543
vt 0.55957 0.06543
vt 0.55957 0.064805
vt 0.56043 0.064805
vt 0.77832 0.135742
vt 0.77832 0.134883
vt 0.795141 0.134883
vt 0.795141 0.134883
vt 0.795141 0.135742
vt 0.77832 0.135742
vt 0.818578 0.135742
vt 0.801758 0.135742
vt 0.801758 0.134883
vt 0.801758 0.134883
vt 0.818578 0.134883
vt 0.818578 0.135742
vn 0 -1 0
vn 0 0 1
vn 0 1 0
vn 0 0 -1
vn -1 0 0
vn -1 0 0
vn 1 0 0
vn 1 0 0
vn 0 -1 0
vn 0 0 1
vn 0 1 0
vn 0 0 -1
vn -1 0 0
vn -1 0 0
vn 1 0 0
vn 1 0 0
vn 0 -1 0
vn 0 0 1
vn 0 1 0
vn 0 0 -1
vn -1 0 0
vn -1 0 0
vn 1 0 0
vn 1 0 0
f 903/1847/512 904/1848/512 900/1849/512 899/1850/512
f 904/1851/513 905/1852/513 901/1853/513 900/1854/513
f 905/1855/514 906/1856/514 902/1857/514 901/1858/514
f 906/1859/515 903/1860/515 899/1861/515 902/1862/515
f 910/1863/516 907/1864/516 908/1865/516
f 908/1866/517 909/1867/517 910/1868/517
f 912/1869/518 911/1870/518 914/1871/518
f 914/1872/519 913/1873/519 912/1874/519
f 919/1875/520 920/1876/520 916/1877/520 915/1878/520
f 920/1879/521 921/1880/521 917/1881/521 916/1882/521
f 921/1883/522 922/1884/522 918/1885/522 917/1886/522
f 922/1887/523 919/1888/523 915/1889/523 918/1890/523
f 926/1891/524 923/1892/524 924/1893/524
f 924/1894/525 925/1895/525 926/1896/525
f 928/1897/526 927/1898/526 930/1899/526
f 930/1900/527 929/1901/527 928/1902/527
f 935/1903/528 936/1904/528 932/1905/528 931/1906/528
f 936/1907/529 937/1908/529 933/1909/529 932/1910/529
f 937/1911/530 938/1912/530 934/1913/530 933/1914/530
f 938/1915/531 935/1916/531 931/1917/531 934/1918/531
f 942/1919/532 939/1920/532 940/1921/532
f 940/1922/533 941/1923/533 942/1924/533
f 944/1925/534 943/1926/534 946/1927/534
f 946/1928/535 945/1929/535 944/1930/535
o shelf_tier_01__plastic
usemtl shelf
v 0.076875 0.154375 0.417125
v 0.076875 0.154375 0.949
v 0.076875 0.16875 0.949
v 0.076875 0.16875 0.417125
v 0.084375 0.146875 0.409625
v 0.084375 0.146875 0.9565
v 0.084375 0.17625 0.9565
v 0.084375 0.17625 0.409625
v 0.915625 0.146875 0.409625
v 0.915625 0.146875 0.9565
v 0.915625 0.17625 0.9565
v 0.915625 0.17625 0.409625
v 0.923125 0.154375 0.417125
v 0.923125 0.154375 0.949
v 0.923125 0.16875 0.949
v 0.923125 0.16875 0.417125
v 0.076875 0.154375 0.417125
v 0.076875 0.154375 0.949
v 0.076875 0.16875 0.949
v 0.076875 0.16875 0.417125
v 0.923125 0.154375 0.417125
v 0.923125 0.154375 0.949
v 0.923125 0.16875 0.949
v 0.923125 0.16875 0.417125
v 0.1175 0.17625 0.94275
v 0.1175 0.17625 0.959625
v 0.1175 0.191875 0.959625
v 0.1175 0.191875 0.94275
v 0.8825 0.17625 0.94275
v 0.8825 0.17625 0.959625
v 0.8825 0.191875 0.959625
v 0.8825 0.191875 0.94275
v 0.1175 0.17625 0.94275
v 0.1175 0.17625 0.959625
v 0.1175 0.191875 0.959625
v 0.1175 0.191875 0.94275
v 0.8825 0.17625 0.94275
v 0.8825 0.17625 0.959625
v 0.8825 0.191875 0.959625
v 0.8825 0.191875 0.94275
vt 0.625977 0.251604
vt 0.694336 0.251604
vt 0.693398 0.25293
vt 0.626914 0.25293
vt 0.506602 0.28418
vt 0.50293 0.28418
vt 0.503867 0.282854
vt 0.505664 0.282854
vt 0.463867 0.276367
vt 0.395508 0.276367
vt 0.396445 0.275041
vt 0.46293 0.275041
vt 0.84668 0.275041
vt 0.850352 0.275041
vt 0.849414 0.276367
vt 0.847617 0.276367
vt 0.331445 0.81543
vt 0.331445 0.883789
vt 0.227539 0.883789
vt 0.227539 0.81543
vt 0.647852 0.438711
vt 0.647852 0.442383
vt 0.543945 0.442383
vt 0.543945 0.438711
vt 0.338867 0.883789
vt 0.338867 0.81543
vt 0.442773 0.81543
vt 0.442773 0.883789
vt 0.655273 0.442383
vt 0.655273 0.438711
vt 0.75918 0.438711
vt 0.75918 0.442383
vt 0.701133 0.251604
vt 0.767617 0.251604
vt 0.768555 0.25293
vt 0.700195 0.25293
vt 0.462852 0.243791
vt 0.464648 0.243791
vt 0.465586 0.245117
vt 0.461914 0.245117
vt 0.537148 0.276367
vt 0.470664 0.276367
vt 0.469727 0.275041
vt 0.538086 0.275041
vt 0.474414 0.245117
vt 0.472617 0.245117
vt 0.47168 0.243791
vt 0.475352 0.243791
vt 0.15332 0.331055
vt 0.15332 0.329258
vt 0.219805 0.329258
vt 0.219805 0.329258
vt 0.219805 0.331055
vt 0.15332 0.331055
vt 0.294023 0.331055
vt 0.227539 0.331055
vt 0.227539 0.329258
vt 0.227539 0.329258
vt 0.294023 0.329258
vt 0.294023 0.331055
vt 0.842695 0.38168
vt 0.842695 0.383789
vt 0.74707 0.383789
vt 0.74707 0.38168
vt 0.100508 0.344727
vt 0.100508 0.34668
vt 0.004883 0.34668
vt 0.004883 0.344727
vt 0.848633 0.383789
vt 0.848633 0.38168
vt 0.944258 0.38168
vt 0.944258 0.383789
vt 0.106445 0.34668
vt 0.106445 0.344727
vt 0.20207 0.344727
vt 0.20207 0.34668
vt 0.106445 0.338867
vt 0.106445 0.336914
vt 0.108555 0.336914
vt 0.108555 0.336914
vt 0.108555 0.338867
vt 0.106445 0.338867
vt 0.11832 0.338867
vt 0.116211 0.338867
vt 0.116211 0.336914
vt 0.116211 0.336914
vt 0.11832 0.336914
vt 0.11832 0.338867
vn -0.707107 -0.707107 0
vn -0.707107 0 0.707107
vn -0.707107 0.707107 0
vn -0.707107 0 -0.707107
vn 0 -1 0
vn 0 0 1
vn 0 1 0
vn 0 0 -1
vn 0.707107 -0.707107 0
vn 0.707107 0 0.707107
vn 0.707107 0.707107 0
vn 0.707107 0 -0.707107
vn -1 0 0
vn -1 0 0
vn 1 0 0
vn 1 0 0
vn 0 -1 0
vn 0 0 1
vn 0 1 0
vn 0 0 -1
vn -1 0 0
vn -1 0 0
vn 1 0 0
vn 1 0 0
f 951/1931/536 952/1932/536 948/1933/536 947/1934/536
f 952/1935/537 953/1936/537 949/1937/537 948/1938/537
f 953/1939/538 954/1940/538 950/1941/538 949/1942/538
f 954/1943/539 951/1944/539 947/1945/539 950/1946/539
f 955/1947/540 956/1948/540 952/1949/540 951/1950/540
f 956/1951/541 957/1952/541 953/1953/541 952/1954/541
f 957/1955/542 958/1956/542 954/1957/542 953/1958/542
f 958/1959/543 955/1960/543 951/1961/543 954/1962/543
f 959/1963/544 960/1964/544 956/1965/544 955/1966/544
f 960/1967/545 961/1968/545 957/1969/545 956/1970/545
f 961/1971/546 962/1972/546 958/1973/546 957/1974/546
f 962/1975/547 959/1976/547 955/1977/547 958/1978/547
f 966/1979/548 963/1980/548 964/1981/548
f 964/1982/549 965/1983/549 966/1984/549
f 968/1985/550 967/1986/550 970/1987/550
f 970/1988/551 969/1989/551 968/1990/551
f 975/1991/552 976/1992/552 972/1993/552 971/1994/552
f 976/1995/553 977/1996/553 973/1997/553 972/1998/553
f 977/1999/554 978/2000/554 974/2001/554 973/2002/554
f 978/2003/555 975/2004/555 971/2005/555 974/2006/555
f 982/2007/556 979/2008/556 980/2009/556
f 980/2010/557 981/2011/557 982/2012/557
f 984/2013/558 983/2014/558 986/2015/558
f 986/2016/559 985/2017/559 984/2018/559
o shelf_tier_01__trim
usemtl shelf
v 0.071875 0.165625 0.390875
v 0.071875 0.165625 0.402125
v 0.071875 0.199375 0.402125
v 0.071875 0.199375 0.390875
v 0.079375 0.158125 0.383375
v 0.079375 0.158125 0.409625
v 0.079375 0.206875 0.409625
v 0.079375 0.206875 0.383375
v 0.920625 0.158125 0.383375
v 0.920625 0.158125 0.409625
v 0.920625 0.206875 0.409625
v 0.920625 0.206875 0.383375
v 0.928125 0.165625 0.390875
v 0.928125 0.165625 0.402125
v 0.928125 0.199375 0.402125
v 0.928125 0.199375 0.390875
v 0.071875 0.165625 0.390875
v 0.071875 0.165625 0.402125
v 0.071875 0.199375 0.402125
v 0.071875 0.199375 0.390875
v 0.928125 0.165625 0.390875
v 0.928125 0.165625 0.402125
v 0.928125 0.199375 0.402125
v 0.928125 0.199375 0.390875
v 0.078125 0.20375 0.3815
v 0.078125 0.20375 0.385875
v 0.078125 0.210625 0.385875
v 0.078125 0.210625 0.3815
v 0.921875 0.20375 0.3815
v 0.921875 0.20375 0.385875
v 0.921875 0.210625 0.385875
v 0.921875 0.210625 0.3815
v 0.078125 0.20375 0.3815
v 0.078125 0.20375 0.385875
v 0.078125 0.210625 0.385875
v 0.078125 0.210625 0.3815
v 0.921875 0.20375 0.3815
v 0.921875 0.20375 0.385875
v 0.921875 0.210625 0.385875
v 0.921875 0.210625 0.3815
vt 0.510742 0.243791
vt 0.514023 0.243791
vt 0.513086 0.245117
vt 0.51168 0.245117
vt 0.32543 0.28418
vt 0.319336 0.28418
vt 0.320273 0.282854
vt 0.324492 0.282854
vt 0.523789 0.245117
vt 0.520508 0.245117
vt 0.521445 0.243791
vt 0.522852 0.243791
vt 0.725586 0.275041
vt 0.73168 0.275041
vt 0.730742 0.276367
vt 0.726523 0.276367
vt 0.66082 0.429336
vt 0.66082 0.432617
vt 0.555664 0.432617
vt 0.555664 0.429336
vt 0.332695 0.526133
vt 0.332695 0.532227
vt 0.227539 0.532227
vt 0.227539 0.526133
vt 0.666992 0.432617
vt 0.666992 0.429336
vt 0.772148 0.429336
vt 0.772148 0.432617
vt 0.338867 0.532227
vt 0.338867 0.526133
vt 0.444023 0.526133
vt 0.444023 0.532227
vt 0.531211 0.243791
vt 0.532617 0.243791
vt 0.533555 0.245117
vt 0.530273 0.245117
vt 0.333945 0.282854
vt 0.338164 0.282854
vt 0.339102 0.28418
vt 0.333008 0.28418
vt 0.542383 0.245117
vt 0.540977 0.245117
vt 0.540039 0.243791
vt 0.54332 0.243791
vt 0.250273 0.245117
vt 0.246055 0.245117
vt 0.245117 0.243791
vt 0.251211 0.243791
vt 0.24707 0.314023
vt 0.251289 0.314023
vt 0.251289 0.31543
vt 0.251289 0.31543
vt 0.24707 0.31543
vt 0.24707 0.314023
vt 0.258789 0.31543
vt 0.258789 0.314023
vt 0.263008 0.314023
vt 0.263008 0.314023
vt 0.263008 0.31543
vt 0.258789 0.31543
vt 0.110352 0.049258
vt 0.110352 0.049805
vt 0.004883 0.049805
vt 0.004883 0.049258
vt 0.922852 0.150508
vt 0.922852 0.151367
vt 0.817383 0.151367
vt 0.817383 0.150508
vt 0.116211 0.049805
vt 0.116211 0.049258
vt 0.22168 0.049258
vt 0.22168 0.049805
vt 0.004883 0.143555
vt 0.004883 0.142695
vt 0.110352 0.142695
vt 0.110352 0.143555
vt 0.227539 0.041445
vt 0.228398 0.041445
vt 0.228398 0.041992
vt 0.228398 0.041992
vt 0.227539 0.041992
vt 0.227539 0.041445
vt 0.235352 0.041992
vt 0.235352 0.041445
vt 0.236211 0.041445
vt 0.236211 0.041445
vt 0.236211 0.041992
vt 0.235352 0.041992
vn -0.707107 -0.707107 0
vn -0.707107 0 0.707107
vn -0.707107 0.707107 0
vn -0.707107 0 -0.707107
vn 0 -1 0
vn 0 0 1
vn 0 1 0
vn 0 0 -1
vn 0.707107 -0.707107 0
vn 0.707107 0 0.707107
vn 0.707107 0.707107 0
vn 0.707107 0 -0.707107
vn -1 0 0
vn -1 0 0
vn 1 0 0
vn 1 0 0
vn 0 -1 0
vn 0 0 1
vn 0 1 0
vn 0 0 -1
vn -1 0 0
vn -1 0 0
vn 1 0 0
vn 1 0 0
f 991/2019/560 992/2020/560 988/2021/560 987/2022/560
f 992/2023/561 993/2024/561 989/2025/561 988/2026/561
f 993/2027/562 994/2028/562 990/2029/562 989/2030/562
f 994/2031/563 991/2032/563 987/2033/563 990/2034/563
f 995/2035/564 996/2036/564 992/2037/564 991/2038/564
f 996/2039/565 997/2040/565 993/2041/565 992/2042/565
f 997/2043/566 998/2044/566 994/2045/566 993/2046/566
f 998/2047/567 995/2048/567 991/2049/567 994/2050/567
f 999/2051/568 1000/2052/568 996/2053/568 995/2054/568
f 1000/2055/569 1001/2056/569 997/2057/569 996/2058/569
f 1001/2059/570 1002/2060/570 998/2061/570 997/2062/570
f 1002/2063/571 999/2064/571 995/2065/571 998/2066/571
f 1006/2067/572 1003/2068/572 1004/2069/572
f 1004/2070/573 1005/2071/573 1006/2072/573
f 1008/2073/574 1007/2074/574 1010/2075/574
f 1010/2076/575 1009/2077/575 1008/2078/575
f 1015/2079/576 1016/2080/576 1012/2081/576 1011/2082/576
f 1016/2083/577 1017/2084/577 1013/2085/577 1012/2086/577
f 1017/2087/578 1018/2088/578 1014/2089/578 1013/2090/578
f 1018/2091/579 1015/2092/579 1011/2093/579 1014/2094/579
f 1022/2095/580 1019/2096/580 1020/2097/580
f 1020/2098/581 1021/2099/581 1022/2100/581
f 1024/2101/582 1023/2102/582 1026/2103/582
f 1026/2104/583 1025/2105/583 1024/2106/583
o shelf_tier_01__mid
usemtl shelf
v 0.909375 0.156667 0.400667
v 0.909375 0.156667 0.937333
v 0.909375 0.197708 0.937333
v 0.909375 0.197708 0.400667
v 0.916042 0.15 0.394
v 0.916042 0.15 0.944
v 0.916042 0.204375 0.944
v 0.916042 0.204375 0.394
v 0.922708 0.15 0.394
v 0.922708 0.15 0.944
v 0.922708 0.204375 0.944
v 0.922708 0.204375 0.394
v 0.929375 0.156667 0.400667
v 0.929375 0.156667 0.937333
v 0.929375 0.197708 0.937333
v 0.929375 0.197708 0.400667
v 0.909375 0.156667 0.400667
v 0.909375 0.156667 0.937333
v 0.909375 0.197708 0.937333
v 0.909375 0.197708 0.400667
v 0.929375 0.156667 0.400667
v 0.929375 0.156667 0.937333
v 0.929375 0.197708 0.937333
v 0.929375 0.197708 0.400667
v 0.070625 0.156667 0.400667
v 0.070625 0.156667 0.937333
v 0.070625 0.197708 0.937333
v 0.070625 0.197708 0.400667
v 0.077292 0.15 0.394
v 0.077292 0.15 0.944
v 0.077292 0.204375 0.944
v 0.077292 0.204375 0.394
v 0.083958 0.15 0.394
v 0.083958 0.15 0.944
v 0.083958 0.204375 0.944
v 0.083958 0.204375 0.394
v 0.090625 0.156667 0.400667
v 0.090625 0.156667 0.937333
v 0.090625 0.197708 0.937333
v 0.090625 0.197708 0.400667
v 0.070625 0.156667 0.400667
v 0.070625 0.156667 0.937333
v 0.070625 0.197708 0.937333
v 0.070625 0.197708 0.400667
v 0.090625 0.156667 0.400667
v 0.090625 0.156667 0.937333
v 0.090625 0.197708 0.937333
v 0.090625 0.197708 0.400667
vt 0.399414 0.197064
vt 0.468164 0.197064
vt 0.467331 0.198242
vt 0.400247 0.198242
vt 0.882773 0.174805
vt 0.875977 0.174805
vt 0.87681 0.173626
vt 0.88194 0.173626
vt 0.841211 0.198242
vt 0.772461 0.198242
vt 0.773294 0.197064
vt 0.840378 0.197064
vt 0.889648 0.173626
vt 0.896445 0.173626
vt 0.895612 0.174805
vt 0.890482 0.174805
vt 0.02832 0.119284
vt 0.09707 0.119284
vt 0.09707 0.120117
vt 0.02832 0.120117
vt 0.004883 0.095846
vt 0.01168 0.095846
vt 0.01168 0.09668
vt 0.004883 0.09668
vt 0.173242 0.120117
vt 0.104492 0.120117
vt 0.104492 0.119284
vt 0.173242 0.119284
vt 0.025352 0.09668
vt 0.018555 0.09668
vt 0.018555 0.095846
vt 0.025352 0.095846
vt 0.849466 0.197064
vt 0.916549 0.197064
vt 0.917383 0.198242
vt 0.848633 0.198242
vt 0.904154 0.173626
vt 0.909284 0.173626
vt 0.910117 0.174805
vt 0.90332 0.174805
vt 0.992721 0.198242
vt 0.925638 0.198242
vt 0.924805 0.197064
vt 0.993555 0.197064
vt 0.922956 0.174805
vt 0.917826 0.174805
vt 0.916992 0.173626
vt 0.923789 0.173626
vt 0.833008 0.506836
vt 0.833008 0.501706
vt 0.900091 0.501706
vt 0.900091 0.501706
vt 0.900091 0.506836
vt 0.833008 0.506836
vt 0.97431 0.506836
vt 0.907227 0.506836
vt 0.907227 0.501706
vt 0.907227 0.501706
vt 0.97431 0.501706
vt 0.97431 0.506836
vt 0.004883 0.189251
vt 0.073633 0.189251
vt 0.072799 0.19043
vt 0.005716 0.19043
vt 0.937461 0.174805
vt 0.930664 0.174805
vt 0.931497 0.173626
vt 0.936628 0.173626
vt 0.149805 0.19043
vt 0.081055 0.19043
vt 0.081888 0.189251
vt 0.148971 0.189251
vt 0.944336 0.173626
vt 0.951133 0.173626
vt 0.950299 0.174805
vt 0.945169 0.174805
vt 0.180664 0.119284
vt 0.249414 0.119284
vt 0.249414 0.120117
vt 0.180664 0.120117
vt 0.032227 0.095846
vt 0.039023 0.095846
vt 0.039023 0.09668
vt 0.032227 0.09668
vt 0.325586 0.120117
vt 0.256836 0.120117
vt 0.256836 0.119284
vt 0.325586 0.119284
vt 0.052695 0.09668
vt 0.045898 0.09668
vt 0.045898 0.095846
vt 0.052695 0.095846
vt 0.476419 0.197064
vt 0.543503 0.197064
vt 0.544336 0.198242
vt 0.475586 0.198242
vt 0.958841 0.173626
vt 0.963971 0.173626
vt 0.964805 0.174805
vt 0.958008 0.174805
vt 0.225143 0.19043
vt 0.15806 0.19043
vt 0.157227 0.189251
vt 0.225977 0.189251
vt 0.977643 0.174805
vt 0.972513 0.174805
vt 0.97168 0.173626
vt 0.978477 0.173626
vt 0.004883 0.495117
vt 0.004883 0.489987
vt 0.071966 0.489987
vt 0.071966 0.489987
vt 0.071966 0.495117
vt 0.004883 0.495117
vt 0.146185 0.495117
vt 0.079102 0.495117
vt 0.079102 0.489987
vt 0.079102 0.489987
vt 0.146185 0.489987
vt 0.146185 0.495117
vn -0.707107 -0.707107 0
vn -0.707107 0 0.707107
vn -0.707107 0.707107 0
vn -0.707107 0 -0.707107
vn 0 -1 0
vn 0 0 1
vn 0 1 0
vn 0 0 -1
vn 0.707107 -0.707107 0
vn 0.707107 0 0.707107
vn 0.707107 0.707107 0
vn 0.707107 0 -0.707107
vn -1 0 0
vn -1 0 0
vn 1 0 0
vn 1 0 0
vn -0.707107 -0.707107 0
vn -0.707107 0 0.707107
vn -0.707107 0.707107 0
vn -0.707107 0 -0.707107
vn 0 -1 0
vn 0 0 1
vn 0 1 0
vn 0 0 -1
vn 0.707107 -0.707107 0
vn 0.707107 0 0.707107
vn 0.707107 0.707107 0
vn 0.707107 0 -0.707107
vn -1 0 0
vn -1 0 0
vn 1 0 0
vn 1 0 0
f 1031/2107/584 1032/2108/584 1028/2109/584 1027/2110/584
f 1032/2111/585 1033/2112/585 1029/2113/585 1028/2114/585
f 1033/2115/586 1034/2116/586 1030/2117/586 1029/2118/586
f 1034/2119/587 1031/2120/587 1027/2121/587 1030/2122/587
f 1035/2123/588 1036/2124/588 1032/2125/588 1031/2126/588
f 1036/2127/589 1037/2128/589 1033/2129/589 1032/2130/589
f 1037/2131/590 1038/2132/590 1034/2133/590 1033/2134/590
f 1038/2135/591 1035/2136/591 1031/2137/591 1034/2138/591
f 1039/2139/592 1040/2140/592 1036/2141/592 1035/2142/592
f 1040/2143/593 1041/2144/593 1037/2145/593 1036/2146/593
f 1041/2147/594 1042/2148/594 1038/2149/594 1037/2150/594
f 1042/2151/595 1039/2152/595 1035/2153/595 1038/2154/595
f 1046/2155/596 1043/2156/596 1044/2157/596
f 1044/2158/597 1045/2159/597 1046/2160/597
f 1048/2161/598 1047/2162/598 1050/2163/598
f 1050/2164/599 1049/2165/599 1048/2166/599
f 1055/2167/600 1056/2168/600 1052/2169/600 1051/2170/600
f 1056/2171/601 1057/2172/601 1053/2173/601 1052/2174/601
f 1057/2175/602 1058/2176/602 1054/2177/602 1053/2178/602
f 1058/2179/603 1055/2180/603 1051/2181/603 1054/2182/603
f 1059/2183/604 1060/2184/604 1056/2185/604 1055/2186/604
f 1060/2187/605 1061/2188/605 1057/2189/605 1056/2190/605
f 1061/2191/606 1062/2192/606 1058/2193/606 1057/2194/606
f 1062/2195/607 1059/2196/607 1055/2197/607 1058/2198/607
f 1063/2199/608 1064/2200/608 1060/2201/608 1059/2202/608
f 1064/2203/609 1065/2204/609 1061/2205/609 1060/2206/609
f 1065/2207/610 1066/2208/610 1062/2209/610 1061/2210/610
f 1066/2211/611 1063/2212/611 1059/2213/611 1062/2214/611
f 1070/2215/612 1067/2216/612 1068/2217/612
f 1068/2218/613 1069/2219/613 1070/2220/613
f 1072/2221/614 1071/2222/614 1074/2223/614
f 1074/2224/615 1073/2225/615 1072/2226/615
o shelf_tier_01__deck
usemtl shelf
v 0.089375 0.130625 0.439
v 0.089375 0.130625 0.939625
v 0.089375 0.139375 0.939625
v 0.089375 0.139375 0.439
v 0.096875 0.123125 0.4315
v 0.096875 0.123125 0.947125
v 0.096875 0.146875 0.947125
v 0.096875 0.146875 0.4315
v 0.903125 0.123125 0.4315
v 0.903125 0.123125 0.947125
v 0.903125 0.146875 0.947125
v 0.903125 0.146875 0.4315
v 0.910625 0.130625 0.439
v 0.910625 0.130625 0.939625
v 0.910625 0.139375 0.939625
v 0.910625 0.139375 0.439
v 0.089375 0.130625 0.439
v 0.089375 0.130625 0.939625
v 0.089375 0.139375 0.939625
v 0.089375 0.139375 0.439
v 0.910625 0.130625 0.439
v 0.910625 0.130625 0.939625
v 0.910625 0.139375 0.939625
v 0.910625 0.139375 0.439
v 0.909375 0.085417 0.844292
v 0.909375 0.085417 0.923583
v 0.909375 0.116458 0.923583
v 0.909375 0.116458 0.519417
v 0.909375 0.10969 0.519417
v 0.909375 0.10469 0.844292
v 0.916042 0.07875 0.837625
v 0.916042 0.07875 0.93025
v 0.916042 0.123125 0.93025
v 0.916042 0.123125 0.51275
v 0.916042 0.103125 0.51275
v 0.916042 0.098125 0.837625
v 0.922708 0.07875 0.837625
v 0.922708 0.07875 0.93025
v 0.922708 0.123125 0.93025
v 0.922708 0.123125 0.51275
v 0.922708 0.103125 0.51275
v 0.922708 0.098125 0.837625
v 0.929375 0.085417 0.844292
v 0.929375 0.085417 0.923583
v 0.929375 0.116458 0.923583
v 0.929375 0.116458 0.519417
v 0.929375 0.10969 0.519417
v 0.929375 0.10469 0.844292
v 0.909375 0.085417 0.844292
v 0.909375 0.085417 0.923583
v 0.909375 0.116458 0.923583
v 0.909375 0.116458 0.519417
v 0.909375 0.10969 0.519417
v 0.909375 0.10469 0.844292
v 0.929375 0.085417 0.844292
v 0.929375 0.085417 0.923583
v 0.929375 0.116458 0.923583
v 0.929375 0.116458 0.519417
v 0.929375 0.10969 0.519417
v 0.929375 0.10469 0.844292
v 0.070625 0.085417 0.844292
v 0.070625 0.085417 0.923583
v 0.070625 0.116458 0.923583
v 0.070625 0.116458 0.519417
v 0.070625 0.10969 0.519417
v 0.070625 0.10469 0.844292
v 0.077292 0.07875 0.837625
v 0.077292 0.07875 0.93025
v 0.077292 0.123125 0.93025
v 0.077292 0.123125 0.51275
v 0.077292 0.103125 0.51275
v 0.077292 0.098125 0.837625
v 0.083958 0.07875 0.837625
v 0.083958 0.07875 0.93025
v 0.083958 0.123125 0.93025
v 0.083958 0.123125 0.51275
v 0.083958 0.103125 0.51275
v 0.083958 0.098125 0.837625
v 0.090625 0.085417 0.844292
v 0.090625 0.085417 0.923583
v 0.090625 0.116458 0.923583
v 0.090625 0.116458 0.519417
v 0.090625 0.10969 0.519417
v 0.090625 0.10469 0.844292
v 0.070625 0.085417 0.844292
v 0.070625 0.085417 0.923583
v 0.070625 0.116458 0.923583
v 0.070625 0.116458 0.519417
v 0.070625 0.10969 0.519417
v 0.070625 0.10469 0.844292
v 0.090625 0.085417 0.844292
v 0.090625 0.085417 0.923583
v 0.090625 0.116458 0.923583
v 0.090625 0.116458 0.519417
v 0.090625 0.10969 0.519417
v 0.090625 0.10469 0.844292
vt 0.536133 0.290666
vt 0.600586 0.290666
vt 0.599648 0.291992
vt 0.53707 0.291992
vt 0.65043 0.245117
vt 0.647461 0.245117
vt 0.648398 0.243791
vt 0.649492 0.243791
vt 0.608398 0.276367
vt 0.543945 0.276367
vt 0.544883 0.275041
vt 0.607461 0.275041
vt 0.866211 0.275041
vt 0.86918 0.275041
vt 0.868242 0.276367
vt 0.867148 0.276367
vt 0.550977 0.743164
vt 0.550977 0.807617
vt 0.450195 0.807617
vt 0.450195 0.743164
vt 0.213086 0.410117
vt 0.213086 0.413086
vt 0.112305 0.413086
vt 0.112305 0.410117
vt 0.557617 0.807617
vt 0.557617 0.743164
vt 0.658398 0.743164
vt 0.658398 0.807617
vt 0.219727 0.413086
vt 0.219727 0.410117
vt 0.320508 0.410117
vt 0.320508 0.413086
vt 0.607383 0.290666
vt 0.669961 0.290666
vt 0.670898 0.291992
vt 0.606445 0.291992
vt 0.581992 0.282854
vt 0.583086 0.282854
vt 0.584023 0.28418
vt 0.581055 0.28418
vt 0.677773 0.276367
vt 0.615195 0.276367
vt 0.614258 0.275041
vt 0.678711 0.275041
vt 0.57332 0.28418
vt 0.572227 0.28418
vt 0.571289 0.282854
vt 0.574258 0.282854
vt 0.819336 0.15918
vt 0.819336 0.158086
vt 0.881914 0.158086
vt 0.881914 0.158086
vt 0.881914 0.15918
vt 0.819336 0.15918
vt 0.952227 0.15918
vt 0.889648 0.15918
vt 0.889648 0.158086
vt 0.889648 0.158086
vt 0.952227 0.158086
vt 0.952227 0.15918
vt 0.668945 0.197064
vt 0.680523 0.197064
vt 0.67969 0.198242
vt 0.669779 0.198242
vt 0.207695 0.166992
vt 0.202148 0.166992
vt 0.202982 0.165814
vt 0.206862 0.165814
vt 0.818789 0.182617
vt 0.766602 0.182617
vt 0.767435 0.181439
vt 0.817956 0.181439
vt 0.360352 0.197064
vt 0.362852 0.197064
vt 0.362031 0.198242
vt 0.361185 0.198242
vt 0.34668 0.322073
vt 0.387291 0.321631
vt 0.388125 0.3228
vt 0.347513 0.323242
vt 0.714688 0.197064
vt 0.71711 0.197064
vt 0.716276 0.198242
vt 0.713867 0.198242
vt 0.708008 0.103659
vt 0.719586 0.103659
vt 0.719586 0.104492
vt 0.708008 0.104492
vt 0.192383 0.095846
vt 0.19793 0.095846
vt 0.19793 0.09668
vt 0.192383 0.09668
vt 0.666445 0.112305
vt 0.614258 0.112305
vt 0.614258 0.111471
vt 0.666445 0.111471
vt 0.347227 0.09668
vt 0.344727 0.09668
vt 0.344727 0.095846
vt 0.347227 0.095846
vt 0.239258 0.103659
vt 0.279872 0.103659
vt 0.279872 0.104492
vt 0.239258 0.104492
vt 0.425273 0.09668
vt 0.422852 0.09668
vt 0.422852 0.095846
vt 0.425273 0.095846
vt 0.591654 0.173626
vt 0.601565 0.173626
vt 0.602398 0.174805
vt 0.59082 0.174805
vt 0.214701 0.165814
vt 0.218581 0.165814
vt 0.219414 0.166992
vt 0.213867 0.166992
vt 0.603112 0.198242
vt 0.552591 0.198242
vt 0.551758 0.197064
vt 0.603945 0.197064
vt 0.371784 0.198242
vt 0.370938 0.198242
vt 0.370117 0.197064
vt 0.372617 0.197064
vt 0.054544 0.321631
vt 0.095156 0.322073
vt 0.094323 0.323242
vt 0.053711 0.3228
vt 0.316719 0.166992
vt 0.31431 0.166992
vt 0.313477 0.165814
vt 0.315898 0.165814
vt 0.826742 0.481927
vt 0.826742 0.479518
vt 0.836654 0.479518
vt 0.826742 0.481927
vt 0.836654 0.479518
vt 0.836654 0.483398
vt 0.826742 0.481927
vt 0.836654 0.483398
vt 0.786133 0.483398
vt 0.786133 0.483398
vt 0.786133 0.482552
vt 0.826742 0.481927
vt 0.893294 0.483398
vt 0.883383 0.483398
vt 0.883383 0.480989
vt 0.893294 0.479518
vt 0.893294 0.483398
vt 0.883383 0.480989
vt 0.842773 0.479518
vt 0.893294 0.479518
vt 0.883383 0.480989
vt 0.883383 0.480989
vt 0.842773 0.480364
vt 0.842773 0.479518
vt 0.608398 0.173626
vt 0.619977 0.173626
vt 0.619143 0.174805
vt 0.609232 0.174805
vt 0.686211 0.166992
vt 0.680664 0.166992
vt 0.681497 0.165814
vt 0.685378 0.165814
vt 0.662539 0.198242
vt 0.610352 0.198242
vt 0.611185 0.197064
vt 0.661706 0.197064
vt 0.379883 0.197064
vt 0.382383 0.197064
vt 0.381562 0.198242
vt 0.380716 0.198242
vt 0.102539 0.322073
vt 0.143151 0.321631
vt 0.143984 0.3228
vt 0.103372 0.323242
vt 0.324063 0.165814
vt 0.326485 0.165814
vt 0.325651 0.166992
vt 0.323242 0.166992
vt 0.725586 0.103659
vt 0.737164 0.103659
vt 0.737164 0.104492
vt 0.725586 0.104492
vt 0.204102 0.095846
vt 0.209648 0.095846
vt 0.209648 0.09668
vt 0.204102 0.09668
vt 0.725039 0.112305
vt 0.672852 0.112305
vt 0.672852 0.111471
vt 0.725039 0.111471
vt 0.356992 0.09668
vt 0.354492 0.09668
vt 0.354492 0.095846
vt 0.356992 0.095846
vt 0.286133 0.103659
vt 0.326747 0.103659
vt 0.326747 0.104492
vt 0.286133 0.104492
vt 0.435039 0.09668
vt 0.432617 0.09668
vt 0.432617 0.095846
vt 0.435039 0.095846
vt 0.687357 0.197064
vt 0.697268 0.197064
vt 0.698102 0.198242
vt 0.686523 0.198242
vt 0.226419 0.165814
vt 0.230299 0.165814
vt 0.231133 0.166992
vt 0.225586 0.166992
vt 0.876549 0.182617
vt 0.826029 0.182617
vt 0.825195 0.181439
vt 0.877383 0.181439
vt 0.391315 0.198242
vt 0.390469 0.198242
vt 0.389648 0.197064
vt 0.392148 0.197064
vt 0.396341 0.321631
vt 0.436953 0.322073
vt 0.43612 0.323242
vt 0.395508 0.3228
vt 0.726875 0.198242
vt 0.724466 0.198242
vt 0.723633 0.197064
vt 0.726055 0.197064
vt 0.940023 0.481927
vt 0.940023 0.479518
vt 0.949935 0.479518
vt 0.940023 0.481927
vt 0.949935 0.479518
vt 0.949935 0.483398
vt 0.940023 0.481927
vt 0.949935 0.483398
vt 0.899414 0.483398
vt 0.899414 0.483398
vt 0.899414 0.482552
vt 0.940023 0.481927
vt 0.055404 0.47168
vt 0.045492 0.47168
vt 0.045492 0.469271
vt 0.055404 0.467799
vt 0.055404 0.47168
vt 0.045492 0.469271
vt 0.004883 0.467799
vt 0.055404 0.467799
vt 0.045492 0.469271
vt 0.045492 0.469271
vt 0.004883 0.468646
vt 0.004883 0.467799
vn -0.707107 -0.707107 0
vn -0.707107 0 0.707107
vn -0.707107 0.707107 0
vn -0.707107 0 -0.707107
vn 0 -1 0
vn 0 0 1
vn 0 1 0
vn 0 0 -1
vn 0.707107 -0.707107 0
vn 0.707107 0 0.707107
vn 0.707107 0.707107 0
vn 0.707107 0 -0.707107
vn -1 0 0
vn -1 0 0
vn 1 0 0
vn 1 0 0
vn -0.707107 -0.707107 0
vn -0.707107 0 0.707107
vn -0.707107 0.707107 0
vn -0.707107 0 -0.707107
vn -0.707107 -0.707023 -0.010881
vn -0.707107 0 -0.707107
vn 0 -1 0
vn 0 0 1
vn 0 1 0
vn 0 0 -1
vn 0 -0.999882 -0.015389
vn 0 0 -1
vn 0.707107 -0.707107 0
vn 0.707107 0 0.707107
vn 0.707107 0.707107 0
vn 0.707107 0 -0.707107
vn 0.707107 -0.707023 -0.010881
vn 0.707107 0 -0.707107
vn -1 0 0
vn -1 0 0
vn -1 0 0
vn -1 0 0
vn 1 0 0
vn 1 0 0
vn 1 0 0
vn 1 0 0
vn -0.707107 -0.707107 0
vn -0.707107 0 0.707107
vn -0.707107 0.707107 0
vn -0.707107 0 -0.707107
vn -0.707107 -0.707023 -0.010881
vn -0.707107 0 -0.707107
vn 0 -1 0
vn 0 0 1
vn 0 1 0
vn 0 0 -1
vn 0 -0.999882 -0.015389
vn 0 0 -1
vn 0.707107 -0.707107 0
vn 0.707107 0 0.707107
vn 0.707107 0.707107 0
vn 0.707107 0 -0.707107
vn 0.707107 -0.707023 -0.010881
vn 0.707107 0 -0.707107
vn -1 0 0
vn -1 0 0
vn -1 0 0
vn -1 0 0
vn 1 0 0
vn 1 0 0
vn 1 0 0
vn 1 0 0
f 1079/2227/616 1080/2228/616 1076/2229/616 1075/2230/616
f 1080/2231/617 1081/2232/617 1077/2233/617 1076/2234/617
f 1081/2235/618 1082/2236/618 1078/2237/618 1077/2238/618
f 1082/2239/619 1079/2240/619 1075/2241/619 1078/2242/619
f 1083/2243/620 1084/2244/620 1080/2245/620 1079/2246/620
f 1084/2247/621 1085/2248/621 1081/2249/621 1080/2250/621
f 1085/2251/622 1086/2252/622 1082/2253/622 1081/2254/622
f 1086/2255/623 1083/2256/623 1079/2257/623 1082/2258/623
f 1087/2259/624 1088/2260/624 1084/2261/624 1083/2262/624
f 1088/2263/625 1089/2264/625 1085/2265/625 1084/2266/625
f 1089/2267/626 1090/2268/626 1086/2269/626 1085/2270/626
f 1090/2271/627 1087/2272/627 1083/2273/627 1086/2274/627
f 1094/2275/628 1091/2276/628 1092/2277/628
f 1092/2278/629 1093/2279/629 1094/2280/629
f 1096/2281/630 1095/2282/630 1098/2283/630
f 1098/2284/631 1097/2285/631 1096/2286/631
f 1105/2287/632 1106/2288/632 1100/2289/632 1099/2290/632
f 1106/2291/633 1107/2292/633 1101/2293/633 1100/2294/633
f 1107/2295/634 1108/2296/634 1102/2297/634 1101/2298/634
f 1108/2299/635 1109/2300/635 1103/2301/635 1102/2302/635
f 1109/2303/636 1110/2304/636 1104/2305/636 1103/2306/636
f 1110/2307/637 1105/2308/637 1099/2309/637 1104/2310/637
f 1111/2311/638 1112/2312/638 1106/2313/638 1105/2314/638
f 1112/2315/639 1113/2316/639 1107/2317/639 1106/2318/639
f 1113/2319/640 1114/2320/640 1108/2321/640 1107/2322/640
f 1114/2323/641 1115/2324/641 1109/2325/641 1108/2326/641
f 1115/2327/642 1116/2328/642 1110/2329/642 1109/2330/642
f 1116/2331/643 1111/2332/643 1105/2333/643 1110/2334/643
f 1117/2335/644 1118/2336/644 1112/2337/644 1111/2338/644
f 1118/2339/645 1119/2340/645 1113/2341/645 1112/2342/645
f 1119/2343/646 1120/2344/646 1114/2345/646 1113/2346/646
f 1120/2347/647 1121/2348/647 1115/2349/647 1114/2350/647
f 1121/2351/648 1122/2352/648 1116/2353/648 1115/2354/648
f 1122/2355/649 1117/2356/649 1111/2357/649 1116/2358/649
f 1128/2359/650 1123/2360/650 1124/2361/650
f 1128/2362/651 1124/2363/651 1125/2364/651
f 1128/2365/652 1125/2366/652 1126/2367/652
f 1126/2368/653 1127/2369/653 1128/2370/653
f 1130/2371/654 1129/2372/654 1134/2373/654
f 1131/2374/655 1130/2375/655 1134/2376/655
f 1132/2377/656 1131/2378/656 1134/2379/656
f 1134/2380/657 1133/2381/657 1132/2382/657
f 1141/2383/658 1142/2384/658 1136/2385/658 1135/2386/658
f 1142/2387/659 1143/2388/659 1137/2389/659 1136/2390/659
f 1143/2391/660 1144/2392/660 1138/2393/660 1137/2394/660
f 1144/2395/661 1145/2396/661 1139/2397/661 1138/2398/661
f 1145/2399/662 1146/2400/662 1140/2401/662 1139/2402/662
f 1146/2403/663 1141/2404/663 1135/2405/663 1140/2406/663
f 1147/2407/664 1148/2408/664 1142/2409/664 1141/2410/664
f 1148/2411/665 1149/2412/665 1143/2413/665 1142/2414/665
f 1149/2415/666 1150/2416/666 1144/2417/666 1143/2418/666
f 1150/2419/667 1151/2420/667 1145/2421/667 1144/2422/667
f 1151/2423/668 1152/2424/668 1146/2425/668 1145/2426/668
f 1152/2427/669 1147/2428/669 1141/2429/669 1146/2430/669
f 1153/2431/670 1154/2432/670 1148/2433/670 1147/2434/670
f 1154/2435/671 1155/2436/671 1149/2437/671 1148/2438/671
f 1155/2439/672 1156/2440/672 1150/2441/672 1149/2442/672
f 1156/2443/673 1157/2444/673 1151/2445/673 1150/2446/673
f 1157/2447/674 1158/2448/674 1152/2449/674 1151/2450/674
f 1158/2451/675 1153/2452/675 1147/2453/675 1152/2454/675
f 1164/2455/676 1159/2456/676 1160/2457/676
f 1164/2458/677 1160/2459/677 1161/2460/677
f 1164/2461/678 1161/2462/678 1162/2463/678
f 1162/2464/679 1163/2465/679 1164/2466/679
f 1166/2467/680 1165/2468/680 1170/2469/680
f 1167/2470/681 1166/2471/681 1170/2472/681
f 1168/2473/682 1167/2474/682 1170/2475/682
f 1170/2476/683 1169/2477/683 1168/2478/683
o price_tag_strips__label
usemtl shelf
v 0.103125 0.169375 0.375875
v 0.103125 0.169375 0.38025
v 0.103125 0.1925 0.38025
v 0.103125 0.1925 0.375875
v 0.896875 0.169375 0.375875
v 0.896875 0.169375 0.38025
v 0.896875 0.1925 0.38025
v 0.896875 0.1925 0.375875
v 0.103125 0.169375 0.375875
v 0.103125 0.169375 0.38025
v 0.103125 0.1925 0.38025
v 0.103125 0.1925 0.375875
v 0.896875 0.169375 0.375875
v 0.896875 0.169375 0.38025
v 0.896875 0.1925 0.38025
v 0.896875 0.1925 0.375875
v 0.103125 0.52875 0.375875
v 0.103125 0.52875 0.38025
v 0.103125 0.551875 0.38025
v 0.103125 0.551875 0.375875
v 0.896875 0.52875 0.375875
v 0.896875 0.52875 0.38025
v 0.896875 0.551875 0.38025
v 0.896875 0.551875 0.375875
v 0.103125 0.52875 0.375875
v 0.103125 0.52875 0.38025
v 0.103125 0.551875 0.38025
v 0.103125 0.551875 0.375875
v 0.896875 0.52875 0.375875
v 0.896875 0.52875 0.38025
v 0.896875 0.551875 0.38025
v 0.896875 0.551875 0.375875
v 0.103125 0.888125 0.375875
v 0.103125 0.888125 0.38025
v 0.103125 0.91125 0.38025
v 0.103125 0.91125 0.375875
v 0.896875 0.888125 0.375875
v 0.896875 0.888125 0.38025
v 0.896875 0.91125 0.38025
v 0.896875 0.91125 0.375875
v 0.103125 0.888125 0.375875
v 0.103125 0.888125 0.38025
v 0.103125 0.91125 0.38025
v 0.103125 0.91125 0.375875
v 0.896875 0.888125 0.375875
v 0.896875 0.888125 0.38025
v 0.896875 0.91125 0.38025
v 0.896875 0.91125 0.375875
v 0.103125 1.2475 0.375875
v 0.103125 1.2475 0.38025
v 0.103125 1.270625 0.38025
v 0.103125 1.270625 0.375875
v 0.896875 1.2475 0.375875
v 0.896875 1.2475 0.38025
v 0.896875 1.270625 0.38025
v 0.896875 1.270625 0.375875
v 0.103125 1.2475 0.375875
v 0.103125 1.2475 0.38025
v 0.103125 1.270625 0.38025
v 0.103125 1.270625 0.375875
v 0.896875 1.2475 0.375875
v 0.896875 1.2475 0.38025
v 0.896875 1.270625 0.38025
v 0.896875 1.270625 0.375875
v 0.103125 1.606875 0.375875
v 0.103125 1.606875 0.38025
v 0.103125 1.63 0.38025
v 0.103125 1.63 0.375875
v 0.896875 1.606875 0.375875
v 0.896875 1.606875 0.38025
v 0.896875 1.63 0.38025
v 0.896875 1.63 0.375875
v 0.103125 1.606875 0.375875
v 0.103125 1.606875 0.38025
v 0.103125 1.63 0.38025
v 0.103125 1.63 0.375875
v 0.896875 1.606875 0.375875
v 0.896875 1.606875 0.38025
v 0.896875 1.63 0.38025
v 0.896875 1.63 0.375875
vt 0.729102 0.064883
vt 0.729102 0.06543
vt 0.629883 0.06543
vt 0.629883 0.064883
vt 0.922461 0.410195
vt 0.922461 0.413086
vt 0.823242 0.413086
vt 0.823242 0.410195
vt 0.735352 0.06543
vt 0.735352 0.064883
vt 0.83457 0.064883
vt 0.83457 0.06543
vt 0.004883 0.40332
vt 0.004883 0.40043
vt 0.104102 0.40043
vt 0.104102 0.40332
vt 0.743164 0.05707
vt 0.746055 0.05707
vt 0.746055 0.057617
vt 0.746055 0.057617
vt 0.743164 0.057617
vt 0.743164 0.05707
vt 0.75293 0.057617
vt 0.75293 0.05707
vt 0.75582 0.05707
vt 0.75582 0.05707
vt 0.75582 0.057617
vt 0.75293 0.057617
vt 0.940039 0.064883
vt 0.940039 0.06543
vt 0.84082 0.06543
vt 0.84082 0.064883
vt 0.20957 0.40043
vt 0.20957 0.40332
vt 0.110352 0.40332
vt 0.110352 0.40043
vt 0.004883 0.057617
vt 0.004883 0.05707
vt 0.104102 0.05707
vt 0.104102 0.057617
vt 0.21582 0.40332
vt 0.21582 0.40043
vt 0.315039 0.40043
vt 0.315039 0.40332
vt 0.762695 0.05707
vt 0.765586 0.05707
vt 0.765586 0.057617
vt 0.765586 0.057617
vt 0.762695 0.057617
vt 0.762695 0.05707
vt 0.772461 0.057617
vt 0.772461 0.05707
vt 0.775352 0.05707
vt 0.775352 0.05707
vt 0.775352 0.057617
vt 0.772461 0.057617
vt 0.20957 0.05707
vt 0.20957 0.057617
vt 0.110352 0.057617
vt 0.110352 0.05707
vt 0.420508 0.40043
vt 0.420508 0.40332
vt 0.321289 0.40332
vt 0.321289 0.40043
vt 0.21582 0.057617
vt 0.21582 0.05707
vt 0.315039 0.05707
vt 0.315039 0.057617
vt 0.426758 0.40332
vt 0.426758 0.40043
vt 0.525977 0.40043
vt 0.525977 0.40332
vt 0.782227 0.05707
vt 0.785117 0.05707
vt 0.785117 0.057617
vt 0.785117 0.057617
vt 0.782227 0.057617
vt 0.782227 0.05707
vt 0.791992 0.057617
vt 0.791992 0.05707
vt 0.794883 0.05707
vt 0.794883 0.05707
vt 0.794883 0.057617
vt 0.791992 0.057617
vt 0.420508 0.05707
vt 0.420508 0.057617
vt 0.321289 0.057617
vt 0.321289 0.05707
vt 0.631445 0.40043
vt 0.631445 0.40332
vt 0.532227 0.40332
vt 0.532227 0.40043
vt 0.426758 0.057617
vt 0.426758 0.05707
vt 0.525977 0.05707
vt 0.525977 0.057617
vt 0.637695 0.40332
vt 0.637695 0.40043
vt 0.736914 0.40043
vt 0.736914 0.40332
vt 0.801758 0.05707
vt 0.804648 0.05707
vt 0.804648 0.057617
vt 0.804648 0.057617
vt 0.801758 0.057617
vt 0.801758 0.05707
vt 0.811523 0.057617
vt 0.811523 0.05707
vt 0.814414 0.05707
vt 0.814414 0.05707
vt 0.814414 0.057617
vt 0.811523 0.057617
vt 0.631445 0.05707
vt 0.631445 0.057617
vt 0.532227 0.057617
vt 0.532227 0.05707
vt 0.842383 0.40043
vt 0.842383 0.40332
vt 0.743164 0.40332
vt 0.743164 0.40043
vt 0.637695 0.057617
vt 0.637695 0.05707
vt 0.736914 0.05707
vt 0.736914 0.057617
vt 0.848633 0.40332
vt 0.848633 0.40043
vt 0.947852 0.40043
vt 0.947852 0.40332
vt 0.821289 0.05707
vt 0.82418 0.05707
vt 0.82418 0.057617
vt 0.82418 0.057617
vt 0.821289 0.057617
vt 0.821289 0.05707
vt 0.831055 0.057617
vt 0.831055 0.05707
vt 0.833945 0.05707
vt 0.833945 0.05707
vt 0.833945 0.057617
vt 0.831055 0.057617
vn 0 -1 0
vn 0 0 1
vn 0 1 0
vn 0 0 -1
vn -1 0 0
vn -1 0 0
vn 1 0 0
vn 1 0 0
vn 0 -1 0
vn 0 0 1
vn 0 1 0
vn 0 0 -1
vn -1 0 0
vn -1 0 0
vn 1 0 0
vn 1 0 0
vn 0 -1 0
vn 0 0 1
vn 0 1 0
vn 0 0 -1
vn -1 0 0
vn -1 0 0
vn 1 0 0
vn 1 0 0
vn 0 -1 0
vn 0 0 1
vn 0 1 0
vn 0 0 -1
vn -1 0 0
vn -1 0 0
vn 1 0 0
vn 1 0 0
vn 0 -1 0
vn 0 0 1
vn 0 1 0
vn 0 0 -1
vn -1 0 0
vn -1 0 0
vn 1 0 0
vn 1 0 0
f 1175/2479/684 1176/2480/684 1172/2481/684 1171/2482/684
f 1176/2483/685 1177/2484/685 1173/2485/685 1172/2486/685
f 1177/2487/686 1178/2488/686 1174/2489/686 1173/2490/686
f 1178/2491/687 1175/2492/687 1171/2493/687 1174/2494/687
f 1182/2495/688 1179/2496/688 1180/2497/688
f 1180/2498/689 1181/2499/689 1182/2500/689
f 1184/2501/690 1183/2502/690 1186/2503/690
f 1186/2504/691 1185/2505/691 1184/2506/691
f 1191/2507/692 1192/2508/692 1188/2509/692 1187/2510/692
f 1192/2511/693 1193/2512/693 1189/2513/693 1188/2514/693
f 1193/2515/694 1194/2516/694 1190/2517/694 1189/2518/694
f 1194/2519/695 1191/2520/695 1187/2521/695 1190/2522/695
f 1198/2523/696 1195/2524/696 1196/2525/696
f 1196/2526/697 1197/2527/697 1198/2528/697
f 1200/2529/698 1199/2530/698 1202/2531/698
f 1202/2532/699 1201/2533/699 1200/2534/699
f 1207/2535/700 1208/2536/700 1204/2537/700 1203/2538/700
f 1208/2539/701 1209/2540/701 1205/2541/701 1204/2542/701
f 1209/2543/702 1210/2544/702 1206/2545/702 1205/2546/702
f 1210/2547/703 1207/2548/703 1203/2549/703 1206/2550/703
f 1214/2551/704 1211/2552/704 1212/2553/704
f 1212/2554/705 1213/2555/705 1214/2556/705
f 1216/2557/706 1215/2558/706 1218/2559/706
f 1218/2560/707 1217/2561/707 1216/2562/707
f 1223/2563/708 1224/2564/708 1220/2565/708 1219/2566/708
f 1224/2567/709 1225/2568/709 1221/2569/709 1220/2570/709
f 1225/2571/710 1226/2572/710 1222/2573/710 1221/2574/710
f 1226/2575/711 1223/2576/711 1219/2577/711 1222/2578/711
f 1230/2579/712 1227/2580/712 1228/2581/712
f 1228/2582/713 1229/2583/713 1230/2584/713
f 1232/2585/714 1231/2586/714 1234/2587/714
f 1234/2588/715 1233/2589/715 1232/2590/715
f 1239/2591/716 1240/2592/716 1236/2593/716 1235/2594/716
f 1240/2595/717 1241/2596/717 1237/2597/717 1236/2598/717
f 1241/2599/718 1242/2600/718 1238/2601/718 1237/2602/718
f 1242/2603/719 1239/2604/719 1235/2605/719 1238/2606/719
f 1246/2607/720 1243/2608/720 1244/2609/720
f 1244/2610/721 1245/2611/721 1246/2612/721
f 1248/2613/722 1247/2614/722 1250/2615/722
f 1250/2616/723 1249/2617/723 1248/2618/723
o shelf_tier_02__plastic
usemtl shelf
v 0.076875 0.51375 0.417125
v 0.076875 0.51375 0.949
v 0.076875 0.528125 0.949
v 0.076875 0.528125 0.417125
v 0.084375 0.50625 0.409625
v 0.084375 0.50625 0.9565
v 0.084375 0.535625 0.9565
v 0.084375 0.535625 0.409625
v 0.915625 0.50625 0.409625
v 0.915625 0.50625 0.9565
v 0.915625 0.535625 0.9565
v 0.915625 0.535625 0.409625
v 0.923125 0.51375 0.417125
v 0.923125 0.51375 0.949
v 0.923125 0.528125 0.949
v 0.923125 0.528125 0.417125
v 0.076875 0.51375 0.417125
v 0.076875 0.51375 0.949
v 0.076875 0.528125 0.949
v 0.076875 0.528125 0.417125
v 0.923125 0.51375 0.417125
v 0.923125 0.51375 0.949
v 0.923125 0.528125 0.949
v 0.923125 0.528125 0.417125
v 0.1175 0.535625 0.94275
v 0.1175 0.535625 0.959625
v 0.1175 0.55125 0.959625
v 0.1175 0.55125 0.94275
v 0.8825 0.535625 0.94275
v 0.8825 0.535625 0.959625
v 0.8825 0.55125 0.959625
v 0.8825 0.55125 0.94275
v 0.1175 0.535625 0.94275
v 0.1175 0.535625 0.959625
v 0.1175 0.55125 0.959625
v 0.1175 0.55125 0.94275
v 0.8825 0.535625 0.94275
v 0.8825 0.535625 0.959625
v 0.8825 0.55125 0.959625
v 0.8825 0.55125 0.94275
vt 0.473633 0.220354
vt 0.541992 0.220354
vt 0.541055 0.22168
vt 0.47457 0.22168
vt 0.426523 0.245117
vt 0.422852 0.245117
vt 0.423789 0.243791
vt 0.425586 0.243791
vt 0.616211 0.22168
vt 0.547852 0.22168
vt 0.548789 0.220354
vt 0.615273 0.220354
vt 0.827148 0.275041
vt 0.83082 0.275041
vt 0.829883 0.276367
vt 0.828086 0.276367
vt 0.554102 0.81543
vt 0.554102 0.883789
vt 0.450195 0.883789
vt 0.450195 0.81543
vt 0.202539 0.438711
vt 0.202539 0.442383
vt 0.098633 0.442383
vt 0.098633 0.438711
vt 0.561523 0.883789
vt 0.561523 0.81543
vt 0.66543 0.81543
vt 0.66543 0.883789
vt 0.209961 0.442383
vt 0.209961 0.438711
vt 0.313867 0.438711
vt 0.313867 0.442383
vt 0.623008 0.220354
vt 0.689492 0.220354
vt 0.69043 0.22168
vt 0.62207 0.22168
vt 0.484336 0.282854
vt 0.486133 0.282854
vt 0.48707 0.28418
vt 0.483398 0.28418
vt 0.763711 0.22168
vt 0.697227 0.22168
vt 0.696289 0.220354
vt 0.764648 0.220354
vt 0.839648 0.276367
vt 0.837852 0.276367
vt 0.836914 0.275041
vt 0.840586 0.275041
vt 0.791992 0.338867
vt 0.791992 0.33707
vt 0.858477 0.33707
vt 0.858477 0.33707
vt 0.858477 0.338867
vt 0.791992 0.338867
vt 0.932695 0.338867
vt 0.866211 0.338867
vt 0.866211 0.33707
vt 0.866211 0.33707
vt 0.932695 0.33707
vt 0.932695 0.338867
vt 0.100508 0.371914
vt 0.100508 0.374023
vt 0.004883 0.374023
vt 0.004883 0.371914
vt 0.303633 0.344727
vt 0.303633 0.34668
vt 0.208008 0.34668
vt 0.208008 0.344727
vt 0.106445 0.374023
vt 0.106445 0.371914
vt 0.20207 0.371914
vt 0.20207 0.374023
vt 0.30957 0.34668
vt 0.30957 0.344727
vt 0.405195 0.344727
vt 0.405195 0.34668
vt 0.125977 0.338867
vt 0.125977 0.336914
vt 0.128086 0.336914
vt 0.128086 0.336914
vt 0.128086 0.338867
vt 0.125977 0.338867
vt 0.137852 0.338867
vt 0.135742 0.338867
vt 0.135742 0.336914
vt 0.135742 0.336914
vt 0.137852 0.336914
vt 0.137852 0.338867
vn -0.707107 -0.707107 0
vn -0.707107 0 0.707107
vn -0.707107 0.707107 0
vn -0.707107 0 -0.707107
vn 0 -1 0
vn 0 0 1
vn 0 1 0
vn 0 0 -1
vn 0.707107 -0.707107 0
vn 0.707107 0 0.707107
vn 0.707107 0.707107 0
vn 0.707107 0 -0.707107
vn -1 0 0
vn -1 0 0
vn 1 0 0
vn 1 0 0
vn 0 -1 0
vn 0 0 1
vn 0 1 0
vn 0 0 -1
vn -1 0 0
vn -1 0 0
vn 1 0 0
vn 1 0 0
f 1255/2619/724 1256/2620/724 1252/2621/724 1251/2622/724
f 1256/2623/725 1257/2624/725 1253/2625/725 1252/2626/725
f 1257/2627/726 1258/2628/726 1254/2629/726 1253/2630/726
f 1258/2631/727 1255/2632/727 1251/2633/727 1254/2634/727
f 1259/2635/728 1260/2636/728 1256/2637/728 1255/2638/728
f 1260/2639/729 1261/2640/729 1257/2641/729 1256/2642/729
f 1261/2643/730 1262/2644/730 1258/2645/730 1257/2646/730
f 1262/2647/731 1259/2648/731 1255/2649/731 1258/2650/731
f 1263/2651/732 1264/2652/732 1260/2653/732 1259/2654/732
f 1264/2655/733 1265/2656/733 1261/2657/733 1260/2658/733
f 1265/2659/734 1266/2660/734 1262/2661/734 1261/2662/734
f 1266/2663/735 1263/2664/735 1259/2665/735 1262/2666/735
f 1270/2667/736 1267/2668/736 1268/2669/736
f 1268/2670/737 1269/2671/737 1270/2672/737
f 1272/2673/738 1271/2674/738 1274/2675/738
f 1274/2676/739 1273/2677/739 1272/2678/739
f 1279/2679/740 1280/2680/740 1276/2681/740 1275/2682/740
f 1280/2683/741 1281/2684/741 1277/2685/741 1276/2686/741
f 1281/2687/742 1282/2688/742 1278/2689/742 1277/2690/742
f 1282/2691/743 1279/2692/743 1275/2693/743 1278/2694/743
f 1286/2695/744 1283/2696/744 1284/2697/744
f 1284/2698/745 1285/2699/745 1286/2700/745
f 1288/2701/746 1287/2702/746 1290/2703/746
f 1290/2704/747 1289/2705/747 1288/2706/747
o shelf_tier_02__trim
usemtl shelf
v 0.071875 0.525 0.390875
v 0.071875 0.525 0.402125
v 0.071875 0.55875 0.402125
v 0.071875 0.55875 0.390875
v 0.079375 0.5175 0.383375
v 0.079375 0.5175 0.409625
v 0.079375 0.56625 0.409625
v 0.079375 0.56625 0.383375
v 0.920625 0.5175 0.383375
v 0.920625 0.5175 0.409625
v 0.920625 0.56625 0.409625
v 0.920625 0.56625 0.383375
v 0.928125 0.525 0.390875
v 0.928125 0.525 0.402125
v 0.928125 0.55875 0.402125
v 0.928125 0.55875 0.390875
v 0.071875 0.525 0.390875
v 0.071875 0.525 0.402125
v 0.071875 0.55875 0.402125
v 0.071875 0.55875 0.390875
v 0.928125 0.525 0.390875
v 0.928125 0.525 0.402125
v 0.928125 0.55875 0.402125
v 0.928125 0.55875 0.390875
v 0.078125 0.563125 0.3815
v 0.078125 0.563125 0.385875
v 0.078125 0.57 0.385875
v 0.078125 0.57 0.3815
v 0.921875 0.563125 0.3815
v 0.921875 0.563125 0.385875
v 0.921875 0.57 0.385875
v 0.921875 0.57 0.3815
v 0.078125 0.563125 0.3815
v 0.078125 0.563125 0.385875
v 0.078125 0.57 0.385875
v 0.078125 0.57 0.3815
v 0.921875 0.563125 0.3815
v 0.921875 0.563125 0.385875
v 0.921875 0.57 0.385875
v 0.921875 0.57 0.3815
vt 0.481445 0.212541
vt 0.484727 0.212541
vt 0.483789 0.213867
vt 0.482383 0.213867
vt 0.223867 0.245117
vt 0.217773 0.245117
vt 0.218711 0.243791
vt 0.22293 0.243791
vt 0.553086 0.245117
vt 0.549805 0.245117
vt 0.550742 0.243791
vt 0.552148 0.243791
vt 0.698242 0.275041
vt 0.704336 0.275041
vt 0.703398 0.276367
vt 0.69918 0.276367
vt 0.883477 0.429336
vt 0.883477 0.432617
vt 0.77832 0.432617
vt 0.77832 0.429336
vt 0.824883 0.539805
vt 0.824883 0.545898
vt 0.719727 0.545898
vt 0.719727 0.539805
vt 0.889648 0.432617
vt 0.889648 0.429336
vt 0.994805 0.429336
vt 0.994805 0.432617
vt 0.831055 0.545898
vt 0.831055 0.539805
vt 0.936211 0.539805
vt 0.936211 0.545898
vt 0.492148 0.212541
vt 0.493555 0.212541
vt 0.494492 0.213867
vt 0.491211 0.213867
vt 0.29293 0.282854
vt 0.297148 0.282854
vt 0.298086 0.28418
vt 0.291992 0.28418
vt 0.561914 0.245117
vt 0.560508 0.245117
vt 0.55957 0.243791
vt 0.562852 0.243791
vt 0.728789 0.245117
vt 0.72457 0.245117
vt 0.723633 0.243791
vt 0.729727 0.243791
vt 0.200195 0.314023
vt 0.204414 0.314023
vt 0.204414 0.31543
vt 0.204414 0.31543
vt 0.200195 0.31543
vt 0.200195 0.314023
vt 0.211914 0.31543
vt 0.211914 0.314023
vt 0.216133 0.314023
vt 0.216133 0.314023
vt 0.216133 0.31543
vt 0.211914 0.31543
vt 0.333008 0.049258
vt 0.333008 0.049805
vt 0.227539 0.049805
vt 0.227539 0.049258
vt 0.553711 0.142695
vt 0.553711 0.143555
vt 0.448242 0.143555
vt 0.448242 0.142695
vt 0.338867 0.049805
vt 0.338867 0.049258
vt 0.444336 0.049258
vt 0.444336 0.049805
vt 0.55957 0.143555
vt 0.55957 0.142695
vt 0.665039 0.142695
vt 0.665039 0.143555
vt 0.243164 0.041445
vt 0.244023 0.041445
vt 0.244023 0.041992
vt 0.244023 0.041992
vt 0.243164 0.041992
vt 0.243164 0.041445
vt 0.250977 0.041992
vt 0.250977 0.041445
vt 0.251836 0.041445
vt 0.251836 0.041445
vt 0.251836 0.041992
vt 0.250977 0.041992
vn -0.707107 -0.707107 0
vn -0.707107 0 0.707107
vn -0.707107 0.707107 0
vn -0.707107 0 -0.707107
vn 0 -1 0
vn 0 0 1
vn 0 1 0
vn 0 0 -1
vn 0.707107 -0.707107 0
vn 0.707107 0 0.707107
vn 0.707107 0.707107 0
vn 0.707107 0 -0.707107
vn -1 0 0
vn -1 0 0
vn 1 0 0
vn 1 0 0
vn 0 -1 0
vn 0 0 1
vn 0 1 0
vn 0 0 -1
vn -1 0 0
vn -1 0 0
vn 1 0 0
vn 1 0 0
f 1295/2707/748 1296/2708/748 1292/2709/748 1291/2710/748
f 1296/2711/749 1297/2712/749 1293/2713/749 1292/2714/749
f 1297/2715/750 1298/2716/750 1294/2717/750 1293/2718/750
f 1298/2719/751 1295/2720/751 1291/2721/751 1294/2722/751
f 1299/2723/752 1300/2724/752 1296/2725/752 1295/2726/752
f 1300/2727/753 1301/2728/753 1297/2729/753 1296/2730/753
f 1301/2731/754 1302/2732/754 1298/2733/754 1297/2734/754
f 1302/2735/755 1299/2736/755 1295/2737/755 1298/2738/755
f 1303/2739/756 1304/2740/756 1300/2741/756 1299/2742/756
f 1304/2743/757 1305/2744/757 1301/2745/757 1300/2746/757
f 1305/2747/758 1306/2748/758 1302/2749/758 1301/2750/758
f 1306/2751/759 1303/2752/759 1299/2753/759 1302/2754/759
f 1310/2755/760 1307/2756/760 1308/2757/760
f 1308/2758/761 1309/2759/761 1310/2760/761
f 1312/2761/762 1311/2762/762 1314/2763/762
f 1314/2764/763 1313/2765/763 1312/2766/763
f 1319/2767/764 1320/2768/764 1316/2769/764 1315/2770/764
f 1320/2771/765 1321/2772/765 1317/2773/765 1316/2774/765
f 1321/2775/766 1322/2776/766 1318/2777/766 1317/2778/766
f 1322/2779/767 1319/2780/767 1315/2781/767 1318/2782/767
f 1326/2783/768 1323/2784/768 1324/2785/768
f 1324/2786/769 1325/2787/769 1326/2788/769
f 1328/2789/770 1327/2790/770 1330/2791/770
f 1330/2792/771 1329/2793/771 1328/2794/771
o shelf_tier_02__mid
usemtl shelf
v 0.909375 0.516042 0.400667
v 0.909375 0.516042 0.937333
v 0.909375 0.557083 0.937333
v 0.909375 0.557083 0.400667
v 0.916042 0.509375 0.394
v 0.916042 0.509375 0.944
v 0.916042 0.56375 0.944
v 0.916042 0.56375 0.394
v 0.922708 0.509375 0.394
v 0.922708 0.509375 0.944
v 0.922708 0.56375 0.944
v 0.922708 0.56375 0.394
v 0.929375 0.516042 0.400667
v 0.929375 0.516042 0.937333
v 0.929375 0.557083 0.937333
v 0.929375 0.557083 0.400667
v 0.909375 0.516042 0.400667
v 0.909375 0.516042 0.937333
v 0.909375 0.557083 0.937333
v 0.909375 0.557083 0.400667
v 0.929375 0.516042 0.400667
v 0.929375 0.516042 0.937333
v 0.929375 0.557083 0.937333
v 0.929375 0.557083 0.400667
v 0.070625 0.516042 0.400667
v 0.070625 0.516042 0.937333
v 0.070625 0.557083 0.937333
v 0.070625 0.557083 0.400667
v 0.077292 0.509375 0.394
v 0.077292 0.509375 0.944
v 0.077292 0.56375 0.944
v 0.077292 0.56375 0.394
v 0.083958 0.509375 0.394
v 0.083958 0.509375 0.944
v 0.083958 0.56375 0.944
v 0.083958 0.56375 0.394
v 0.090625 0.516042 0.400667
v 0.090625 0.516042 0.937333
v 0.090625 0.557083 0.937333
v 0.090625 0.557083 0.400667
v 0.070625 0.516042 0.400667
v 0.070625 0.516042 0.937333
v 0.070625 0.557083 0.937333
v 0.070625 0.557083 0.400667
v 0.090625 0.516042 0.400667
v 0.090625 0.516042 0.937333
v 0.090625 0.557083 0.937333
v 0.090625 0.557083 0.400667
vt 0.233398 0.189251
vt 0.302148 0.189251
vt 0.301315 0.19043
vt 0.234232 0.19043
vt 0.992148 0.174805
vt 0.985352 0.174805
vt 0.986185 0.173626
vt 0.991315 0.173626
vt 0.37832 0.19043
vt 0.30957 0.19043
vt 0.310404 0.189251
vt 0.377487 0.189251
vt 0.004883 0.165814
vt 0.01168 0.165814
vt 0.010846 0.166992
vt 0.005716 0.166992
vt 0.333008 0.119284
vt 0.401758 0.119284
vt 0.401758 0.120117
vt 0.333008 0.120117
vt 0.05957 0.095846
vt 0.066367 0.095846
vt 0.066367 0.09668
vt 0.05957 0.09668
vt 0.47793 0.120117
vt 0.40918 0.120117
vt 0.40918 0.119284
vt 0.47793 0.119284
vt 0.080039 0.09668
vt 0.073242 0.09668
vt 0.073242 0.095846
vt 0.080039 0.095846
vt 0.540872 0.204876
vt 0.607956 0.204876
vt 0.608789 0.206055
vt 0.540039 0.206055
vt 0.019388 0.165814
vt 0.024518 0.165814
vt 0.025352 0.166992
vt 0.018555 0.166992
vt 0.453659 0.19043
vt 0.386576 0.19043
vt 0.385742 0.189251
vt 0.454492 0.189251
vt 0.436628 0.166992
vt 0.431497 0.166992
vt 0.430664 0.165814
vt 0.437461 0.165814
vt 0.15332 0.495117
vt 0.15332 0.489987
vt 0.220404 0.489987
vt 0.220404 0.489987
vt 0.220404 0.495117
vt 0.15332 0.495117
vt 0.294622 0.495117
vt 0.227539 0.495117
vt 0.227539 0.489987
vt 0.227539 0.489987
vt 0.294622 0.489987
vt 0.294622 0.495117
vt 0.616211 0.204876
vt 0.684961 0.204876
vt 0.684128 0.206055
vt 0.617044 0.206055
vt 0.039023 0.166992
vt 0.032227 0.166992
vt 0.03306 0.165814
vt 0.03819 0.165814
vt 0.530664 0.19043
vt 0.461914 0.19043
vt 0.462747 0.189251
vt 0.529831 0.189251
vt 0.444336 0.165814
vt 0.451133 0.165814
vt 0.450299 0.166992
vt 0.445169 0.166992
vt 0.485352 0.119284
vt 0.554102 0.119284
vt 0.554102 0.120117
vt 0.485352 0.120117
vt 0.086914 0.095846
vt 0.093711 0.095846
vt 0.093711 0.09668
vt 0.086914 0.09668
vt 0.630273 0.120117
vt 0.561523 0.120117
vt 0.561523 0.119284
vt 0.630273 0.119284
vt 0.107383 0.09668
vt 0.100586 0.09668
vt 0.100586 0.095846
vt 0.107383 0.095846
vt 0.538919 0.189251
vt 0.606003 0.189251
vt 0.606836 0.19043
vt 0.538086 0.19043
vt 0.046732 0.165814
vt 0.051862 0.165814
vt 0.052695 0.166992
vt 0.045898 0.166992
vt 0.682174 0.19043
vt 0.615091 0.19043
vt 0.614258 0.189251
vt 0.683008 0.189251
vt 0.065534 0.166992
vt 0.060404 0.166992
vt 0.05957 0.165814
vt 0.066367 0.165814
vt 0.301758 0.495117
vt 0.301758 0.489987
vt 0.368841 0.489987
vt 0.368841 0.489987
vt 0.368841 0.495117
vt 0.301758 0.495117
vt 0.44306 0.495117
vt 0.375977 0.495117
vt 0.375977 0.489987
vt 0.375977 0.489987
vt 0.44306 0.489987
vt 0.44306 0.495117
vn -0.707107 -0.707107 0
vn -0.707107 0 0.707107
vn -0.707107 0.707107 0
vn -0.707107 0 -0.707107
vn 0 -1 0
vn 0 0 1
vn 0 1 0
vn 0 0 -1
vn 0.707107 -0.707107 0
vn 0.707107 0 0.707107
vn 0.707107 0.707107 0
vn 0.707107 0 -0.707107
vn -1 0 0
vn -1 0 0
vn 1 0 0
vn 1 0 0
vn -0.707107 -0.707107 0
vn -0.707107 0 0.707107
vn -0.707107 0.707107 0
vn -0.707107 0 -0.707107
vn 0 -1 0
vn 0 0 1
vn 0 1 0
vn 0 0 -1
vn 0.707107 -0.707107 0
vn 0.707107 0 0.707107
vn 0.707107 0.707107 0
vn 0.707107 0 -0.707107
vn -1 0 0
vn -1 0 0
vn 1 0 0
vn 1 0 0
f 1335/2795/772 1336/2796/772 1332/2797/772 1331/2798/772
f 1336/2799/773 1337/2800/773 1333/2801/773 1332/2802/773
f 1337/2803/774 1338/2804/774 1334/2805/774 1333/2806/774
f 1338/2807/775 1335/2808/775 1331/2809/775 1334/2810/775
f 1339/2811/776 1340/2812/776 1336/2813/776 1335/2814/776
f 1340/2815/777 1341/2816/777 1337/2817/777 1336/2818/777
f 1341/2819/778 1342/2820/778 1338/2821/778 1337/2822/778
f 1342/2823/779 1339/2824/779 1335/2825/779 1338/2826/779
f 1343/2827/780 1344/2828/780 1340/2829/780 1339/2830/780
f 1344/2831/781 1345/2832/781 1341/2833/781 1340/2834/781
f 1345/2835/782 1346/2836/782 1342/2837/782 1341/2838/782
f 1346/2839/783 1343/2840/783 1339/2841/783 1342/2842/783
f 1350/2843/784 1347/2844/784 1348/2845/784
f 1348/2846/785 1349/2847/785 1350/2848/785
f 1352/2849/786 1351/2850/786 1354/2851/786
f 1354/2852/787 1353/2853/787 1352/2854/787
f 1359/2855/788 1360/2856/788 1356/2857/788 1355/2858/788
f 1360/2859/789 1361/2860/789 1357/2861/789 1356/2862/789
f 1361/2863/790 1362/2864/790 1358/2865/790 1357/2866/790
f 1362/2867/791 1359/2868/791 1355/2869/791 1358/2870/791
f 1363/2871/792 1364/2872/792 1360/2873/792 1359/2874/792
f 1364/2875/793 1365/2876/793 1361/2877/793 1360/2878/793
f 1365/2879/794 1366/2880/794 1362/2881/794 1361/2882/794
f 1366/2883/795 1363/2884/795 1359/2885/795 1362/2886/795
f 1367/2887/796 1368/2888/796 1364/2889/796 1363/2890/796
f 1368/2891/797 1369/2892/797 1365/2893/797 1364/2894/797
f 1369/2895/798 1370/2896/798 1366/2897/798 1365/2898/798
f 1370/2899/799 1367/2900/799 1363/2901/799 1366/2902/799
f 1374/2903/800 1371/2904/800 1372/2905/800
f 1372/2906/801 1373/2907/801 1374/2908/801
f 1376/2909/802 1375/2910/802 1378/2911/802
f 1378/2912/803 1377/2913/803 1376/2914/803
o shelf_tier_02__deck
usemtl shelf
v 0.089375 0.49 0.439
v 0.089375 0.49 0.939625
v 0.089375 0.49875 0.939625
v 0.089375 0.49875 0.439
v 0.096875 0.4825 0.4315
v 0.096875 0.4825 0.947125
v 0.096875 0.50625 0.947125
v 0.096875 0.50625 0.4315
v 0.903125 0.4825 0.4315
v 0.903125 0.4825 0.947125
v 0.903125 0.50625 0.947125
v 0.903125 0.50625 0.4315
v 0.910625 0.49 0.439
v 0.910625 0.49 0.939625
v 0.910625 0.49875 0.939625
v 0.910625 0.49875 0.439
v 0.089375 0.49 0.439
v 0.089375 0.49 0.939625
v 0.089375 0.49875 0.939625
v 0.089375 0.49875 0.439
v 0.910625 0.49 0.439
v 0.910625 0.49 0.939625
v 0.910625 0.49875 0.939625
v 0.910625 0.49875 0.439
v 0.909375 0.444792 0.844292
v 0.909375 0.444792 0.923583
v 0.909375 0.475833 0.923583
v 0.909375 0.475833 0.519417
v 0.909375 0.469065 0.519417
v 0.909375 0.464065 0.844292
v 0.916042 0.438125 0.837625
v 0.916042 0.438125 0.93025
v 0.916042 0.4825 0.93025
v 0.916042 0.4825 0.51275
v 0.916042 0.4625 0.51275
v 0.916042 0.4575 0.837625
v 0.922708 0.438125 0.837625
v 0.922708 0.438125 0.93025
v 0.922708 0.4825 0.93025
v 0.922708 0.4825 0.51275
v 0.922708 0.4625 0.51275
v 0.922708 0.4575 0.837625
v 0.929375 0.444792 0.844292
v 0.929375 0.444792 0.923583
v 0.929375 0.475833 0.923583
v 0.929375 0.475833 0.519417
v 0.929375 0.469065 0.519417
v 0.929375 0.464065 0.844292
v 0.909375 0.444792 0.844292
v 0.909375 0.444792 0.923583
v 0.909375 0.475833 0.923583
v 0.909375 0.475833 0.519417
v 0.909375 0.469065 0.519417
v 0.909375 0.464065 0.844292
v 0.929375 0.444792 0.844292
v 0.929375 0.444792 0.923583
v 0.929375 0.475833 0.923583
v 0.929375 0.475833 0.519417
v 0.929375 0.469065 0.519417
v 0.929375 0.464065 0.844292
v 0.070625 0.444792 0.844292
v 0.070625 0.444792 0.923583
v 0.070625 0.475833 0.923583
v 0.070625 0.475833 0.519417
v 0.070625 0.469065 0.519417
v 0.070625 0.464065 0.844292
v 0.077292 0.438125 0.837625
v 0.077292 0.438125 0.93025
v 0.077292 0.4825 0.93025
v 0.077292 0.4825 0.51275
v 0.077292 0.4625 0.51275
v 0.077292 0.4575 0.837625
v 0.083958 0.438125 0.837625
v 0.083958 0.438125 0.93025
v 0.083958 0.4825 0.93025
v 0.083958 0.4825 0.51275
v 0.083958 0.4625 0.51275
v 0.083958 0.4575 0.837625
v 0.090625 0.444792 0.844292
v 0.090625 0.444792 0.923583
v 0.090625 0.475833 0.923583
v 0.090625 0.475833 0.519417
v 0.090625 0.469065 0.519417
v 0.090625 0.464065 0.844292
v 0.070625 0.444792 0.844292
v 0.070625 0.444792 0.923583
v 0.070625 0.475833 0.923583
v 0.070625 0.475833 0.519417
v 0.070625 0.469065 0.519417
v 0.070625 0.464065 0.844292
v 0.090625 0.444792 0.844292
v 0.090625 0.444792 0.923583
v 0.090625 0.475833 0.923583
v 0.090625 0.475833 0.519417
v 0.090625 0.469065 0.519417
v 0.090625 0.464065 0.844292
vt 0.676758 0.290666
vt 0.741211 0.290666
vt 0.740273 0.291992
vt 0.677695 0.291992
vt 0.660195 0.245117
vt 0.657227 0.245117
vt 0.658164 0.243791
vt 0.659258 0.243791
vt 0.811523 0.291992
vt 0.74707 0.291992
vt 0.748008 0.290666
vt 0.810586 0.290666
vt 0.59082 0.282854
vt 0.593789 0.282854
vt 0.592852 0.28418
vt 0.591758 0.28418
vt 0.76582 0.743164
vt 0.76582 0.807617
vt 0.665039 0.807617
vt 0.665039 0.743164
vt 0.42793 0.410117
vt 0.42793 0.413086
vt 0.327148 0.413086
vt 0.327148 0.410117
vt 0.772461 0.807617
vt 0.772461 0.743164
vt 0.873242 0.743164
vt 0.873242 0.807617
vt 0.43457 0.413086
vt 0.43457 0.410117
vt 0.535352 0.410117
vt 0.535352 0.413086
vt 0.81832 0.290666
vt 0.880898 0.290666
vt 0.881836 0.291992
vt 0.817383 0.291992
vt 0.601523 0.282854
vt 0.602617 0.282854
vt 0.603555 0.28418
vt 0.600586 0.28418
vt 0.951211 0.291992
vt 0.888633 0.291992
vt 0.887695 0.290666
vt 0.952148 0.290666
vt 0.612383 0.28418
vt 0.611289 0.28418
vt 0.610352 0.282854
vt 0.61332 0.282854
vt 0.004883 0.151367
vt 0.004883 0.150273
vt 0.067461 0.150273
vt 0.067461 0.150273
vt 0.067461 0.151367
vt 0.004883 0.151367
vt 0.137773 0.151367
vt 0.075195 0.151367
vt 0.075195 0.150273
vt 0.075195 0.150273
vt 0.137773 0.150273
vt 0.137773 0.151367
vt 0.12207 0.197064
vt 0.133648 0.197064
vt 0.132815 0.198242
vt 0.122904 0.198242
vt 0.184258 0.166992
vt 0.178711 0.166992
vt 0.179544 0.165814
vt 0.183424 0.165814
vt 0.935977 0.182617
vt 0.883789 0.182617
vt 0.884622 0.181439
vt 0.935143 0.181439
vt 0.391602 0.165814
vt 0.394102 0.165814
vt 0.393281 0.166992
vt 0.392435 0.166992
vt 0.444336 0.322073
vt 0.484948 0.321631
vt 0.485781 0.3228
vt 0.445169 0.323242
vt 0.734219 0.197064
vt 0.736641 0.197064
vt 0.735808 0.198242
vt 0.733398 0.198242
vt 0.743164 0.103659
vt 0.754742 0.103659
vt 0.754742 0.104492
vt 0.743164 0.104492
vt 0.21582 0.095846
vt 0.221367 0.095846
vt 0.221367 0.09668
vt 0.21582 0.09668
vt 0.783633 0.112305
vt 0.731445 0.112305
vt 0.731445 0.111471
vt 0.783633 0.111471
vt 0.366758 0.09668
vt 0.364258 0.09668
vt 0.364258 0.095846
vt 0.366758 0.095846
vt 0.333008 0.103659
vt 0.373622 0.103659
vt 0.373622 0.104492
vt 0.333008 0.104492
vt 0.386211 0.09668
vt 0.383789 0.09668
vt 0.383789 0.095846
vt 0.386211 0.095846
vt 0.62681 0.173626
vt 0.636721 0.173626
vt 0.637555 0.174805
vt 0.625977 0.174805
vt 0.212747 0.197064
vt 0.216628 0.197064
vt 0.217461 0.198242
vt 0.211914 0.198242
vt 0.056237 0.198242
vt 0.005716 0.198242
vt 0.004883 0.197064
vt 0.05707 0.197064
vt 0.403034 0.166992
vt 0.402188 0.166992
vt 0.401367 0.165814
vt 0.403867 0.165814
vt 0.542826 0.321631
vt 0.583437 0.322073
vt 0.582604 0.323242
vt 0.541992 0.3228
vt 0.33625 0.166992
vt 0.333841 0.166992
vt 0.333008 0.165814
vt 0.33543 0.165814
vt 0.60018 0.481927
vt 0.60018 0.479518
vt 0.610091 0.479518
vt 0.60018 0.481927
vt 0.610091 0.479518
vt 0.610091 0.483398
vt 0.60018 0.481927
vt 0.610091 0.483398
vt 0.55957 0.483398
vt 0.55957 0.483398
vt 0.55957 0.482552
vt 0.60018 0.481927
vt 0.666732 0.483398
vt 0.65682 0.483398
vt 0.65682 0.480989
vt 0.666732 0.479518
vt 0.666732 0.483398
vt 0.65682 0.480989
vt 0.616211 0.479518
vt 0.666732 0.479518
vt 0.65682 0.480989
vt 0.65682 0.480989
vt 0.616211 0.480364
vt 0.616211 0.479518
vt 0.643555 0.173626
vt 0.655133 0.173626
vt 0.654299 0.174805
vt 0.644388 0.174805
vt 0.22918 0.198242
vt 0.223633 0.198242
vt 0.224466 0.197064
vt 0.228346 0.197064
vt 0.115664 0.198242
vt 0.063477 0.198242
vt 0.06431 0.197064
vt 0.114831 0.197064
vt 0.411133 0.165814
vt 0.413633 0.165814
vt 0.412812 0.166992
vt 0.411966 0.166992
vt 0.59082 0.322073
vt 0.631432 0.321631
vt 0.632265 0.3228
vt 0.591654 0.323242
vt 0.343594 0.165814
vt 0.346016 0.165814
vt 0.345183 0.166992
vt 0.342773 0.166992
vt 0.760742 0.103659
vt 0.77232 0.103659
vt 0.77232 0.104492
vt 0.760742 0.104492
vt 0.227539 0.095846
vt 0.233086 0.095846
vt 0.233086 0.09668
vt 0.227539 0.09668
vt 0.842227 0.112305
vt 0.790039 0.112305
vt 0.790039 0.111471
vt 0.842227 0.111471
vt 0.376523 0.09668
vt 0.374023 0.09668
vt 0.374023 0.095846
vt 0.376523 0.095846
vt 0.379883 0.103659
vt 0.420497 0.103659
vt 0.420497 0.104492
vt 0.379883 0.104492
vt 0.395977 0.09668
vt 0.393555 0.09668
vt 0.393555 0.095846
vt 0.395977 0.095846
vt 0.140482 0.197064
vt 0.150393 0.197064
vt 0.151227 0.198242
vt 0.139648 0.198242
vt 0.191263 0.165814
vt 0.195143 0.165814
vt 0.195977 0.166992
vt 0.19043 0.166992
vt 0.993737 0.182617
vt 0.943216 0.182617
vt 0.942383 0.181439
vt 0.99457 0.181439
vt 0.422565 0.166992
vt 0.421719 0.166992
vt 0.420898 0.165814
vt 0.423398 0.165814
vt 0.493997 0.321631
vt 0.534609 0.322073
vt 0.533776 0.323242
vt 0.493164 0.3228
vt 0.746407 0.198242
vt 0.743997 0.198242
vt 0.743164 0.197064
vt 0.745586 0.197064
vt 0.713461 0.481927
vt 0.713461 0.479518
vt 0.723372 0.479518
vt 0.713461 0.481927
vt 0.723372 0.479518
vt 0.723372 0.483398
vt 0.713461 0.481927
vt 0.723372 0.483398
vt 0.672852 0.483398
vt 0.672852 0.483398
vt 0.672852 0.482552
vt 0.713461 0.481927
vt 0.780013 0.483398
vt 0.770102 0.483398
vt 0.770102 0.480989
vt 0.780013 0.479518
vt 0.780013 0.483398
vt 0.770102 0.480989
vt 0.729492 0.479518
vt 0.780013 0.479518
vt 0.770102 0.480989
vt 0.770102 0.480989
vt 0.729492 0.480364
vt 0.729492 0.479518
vn -0.707107 -0.707107 0
vn -0.707107 0 0.707107
vn -0.707107 0.707107 0
vn -0.707107 0 -0.707107
vn 0 -1 0
vn 0 0 1
vn 0 1 0
vn 0 0 -1
vn 0.707107 -0.707107 0
vn 0.707107 0 0.707107
vn 0.707107 0.707107 0
vn 0.707107 0 -0.707107
vn -1 0 0
vn -1 0 0
vn 1 0 0
vn 1 0 0
vn -0.707107 -0.707107 0
vn -0.707107 0 0.707107
vn -0.707107 0.707107 0
vn -0.707107 0 -0.707107
vn -0.707107 -0.707023 -0.010881
vn -0.707107 0 -0.707107
vn 0 -1 0
vn 0 0 1
vn 0 1 0
vn 0 0 -1
vn 0 -0.999882 -0.015389
vn 0 0 -1
vn 0.707107 -0.707107 0
vn 0.707107 0 0.707107
vn 0.707107 0.707107 0
vn 0.707107 0 -0.707107
vn 0.707107 -0.707023 -0.010881
vn 0.707107 0 -0.707107
vn -1 0 0
vn -1 0 0
vn -1 0 0
vn -1 0 0
vn 1 0 0
vn 1 0 0
vn 1 0 0
vn 1 0 0
vn -0.707107 -0.707107 0
vn -0.707107 0 0.707107
vn -0.707107 0.707107 0
vn -0.707107 0 -0.707107
vn -0.707107 -0.707023 -0.010881
vn -0.707107 0 -0.707107
vn 0 -1 0
vn 0 0 1
vn 0 1 0
vn 0 0 -1
vn 0 -0.999882 -0.015389
vn 0 0 -1
vn 0.707107 -0.707107 0
vn 0.707107 0 0.707107
vn 0.707107 0.707107 0
vn 0.707107 0 -0.707107
vn 0.707107 -0.707023 -0.010881
vn 0.707107 0 -0.707107
vn -1 0 0
vn -1 0 0
vn -1 0 0
vn -1 0 0
vn 1 0 0
vn 1 0 0
vn 1 0 0
vn 1 0 0
f 1383/2915/804 1384/2916/804 1380/2917/804 1379/2918/804
f 1384/2919/805 1385/2920/805 1381/2921/805 1380/2922/805
f 1385/2923/806 1386/2924/806 1382/2925/806 1381/2926/806
f 1386/2927/807 1383/2928/807 1379/2929/807 1382/2930/807
f 1387/2931/808 1388/2932/808 1384/2933/808 1383/2934/808
f 1388/2935/809 1389/2936/809 1385/2937/809 1384/2938/809
f 1389/2939/810 1390/2940/810 1386/2941/810 1385/2942/810
f 1390/2943/811 1387/2944/811 1383/2945/811 1386/2946/811
f 1391/2947/812 1392/2948/812 1388/2949/812 1387/2950/812
f 1392/2951/813 1393/2952/813 1389/2953/813 1388/2954/813
f 1393/2955/814 1394/2956/814 1390/2957/814 1389/2958/814
f 1394/2959/815 1391/2960/815 1387/2961/815 1390/2962/815
f 1398/2963/816 1395/2964/816 1396/2965/816
f 1396/2966/817 1397/2967/817 1398/2968/817
f 1400/2969/818 1399/2970/818 1402/2971/818
f 1402/2972/819 1401/2973/819 1400/2974/819
f 1409/2975/820 1410/2976/820 1404/2977/820 1403/2978/820
f 1410/2979/821 1411/2980/821 1405/2981/821 1404/2982/821
f 1411/2983/822 1412/2984/822 1406/2985/822 1405/2986/822
f 1412/2987/823 1413/2988/823 1407/2989/823 1406/2990/823
f 1413/2991/824 1414/2992/824 1408/2993/824 1407/2994/824
f 1414/2995/825 1409/2996/825 1403/2997/825 1408/2998/825
f 1415/2999/826 1416/3000/826 1410/3001/826 1409/3002/826
f 1416/3003/827 1417/3004/827 1411/3005/827 1410/3006/827
f 1417/3007/828 1418/3008/828 1412/3009/828 1411/3010/828
f 1418/3011/829 1419/3012/829 1413/3013/829 1412/3014/829
f 1419/3015/830 1420/3016/830 1414/3017/830 1413/3018/830
f 1420/3019/831 1415/3020/831 1409/3021/831 1414/3022/831
f 1421/3023/832 1422/3024/832 1416/3025/832 1415/3026/832
f 1422/3027/833 1423/3028/833 1417/3029/833 1416/3030/833
f 1423/3031/834 1424/3032/834 1418/3033/834 1417/3034/834
f 1424/3035/835 1425/3036/835 1419/3037/835 1418/3038/835
f 1425/3039/836 1426/3040/836 1420/3041/836 1419/3042/836
f 1426/3043/837 1421/3044/837 1415/3045/837 1420/3046/837
f 1432/3047/838 1427/3048/838 1428/3049/838
f 1432/3050/839 1428/3051/839 1429/3052/839
f 1432/3053/840 1429/3054/840 1430/3055/840
f 1430/3056/841 1431/3057/841 1432/3058/841
f 1434/3059/842 1433/3060/842 1438/3061/842
f 1435/3062/843 1434/3063/843 1438/3064/843
f 1436/3065/844 1435/3066/844 1438/3067/844
f 1438/3068/845 1437/3069/845 1436/3070/845
f 1445/3071/846 1446/3072/846 1440/3073/846 1439/3074/846
f 1446/3075/847 1447/3076/847 1441/3077/847 1440/3078/847
f 1447/3079/848 1448/3080/848 1442/3081/848 1441/3082/848
f 1448/3083/849 1449/3084/849 1443/3085/849 1442/3086/849
f 1449/3087/850 1450/3088/850 1444/3089/850 1443/3090/850
f 1450/3091/851 1445/3092/851 1439/3093/851 1444/3094/851
f 1451/3095/852 1452/3096/852 1446/3097/852 1445/3098/852
f 1452/3099/853 1453/3100/853 1447/3101/853 1446/3102/853
f 1453/3103/854 1454/3104/854 1448/3105/854 1447/3106/854
f 1454/3107/855 1455/3108/855 1449/3109/855 1448/3110/855
f 1455/3111/856 1456/3112/856 1450/3113/856 1449/3114/856
f 1456/3115/857 1451/3116/857 1445/3117/857 1450/3118/857
f 1457/3119/858 1458/3120/858 1452/3121/858 1451/3122/858
f 1458/3123/859 1459/3124/859 1453/3125/859 1452/3126/859
f 1459/3127/860 1460/3128/860 1454/3129/860 1453/3130/860
f 1460/3131/861 1461/3132/861 1455/3133/861 1454/3134/861
f 1461/3135/862 1462/3136/862 1456/3137/862 1455/3138/862
f 1462/3139/863 1457/3140/863 1451/3141/863 1456/3142/863
f 1468/3143/864 1463/3144/864 1464/3145/864
f 1468/3146/865 1464/3147/865 1465/3148/865
f 1468/3149/866 1465/3150/866 1466/3151/866
f 1466/3152/867 1467/3153/867 1468/3154/867
f 1470/3155/868 1469/3156/868 1474/3157/868
f 1471/3158/869 1470/3159/869 1474/3160/869
f 1472/3161/870 1471/3162/870 1474/3163/870
f 1474/3164/871 1473/3165/871 1472/3166/871
o shelf_tier_03__plastic
usemtl shelf
v 0.076875 0.873125 0.417125
v 0.076875 0.873125 0.949
v 0.076875 0.8875 0.949
v 0.076875 0.8875 0.417125
v 0.084375 0.865625 0.409625
v 0.084375 0.865625 0.9565
v 0.084375 0.895 0.9565
v 0.084375 0.895 0.409625
v 0.915625 0.865625 0.409625
v 0.915625 0.865625 0.9565
v 0.915625 0.895 0.9565
v 0.915625 0.895 0.409625
v 0.923125 0.873125 0.417125
v 0.923125 0.873125 0.949
v 0.923125 0.8875 0.949
v 0.923125 0.8875 0.417125
v 0.076875 0.873125 0.417125
v 0.076875 0.873125 0.949
v 0.076875 0.8875 0.949
v 0.076875 0.8875 0.417125
v 0.923125 0.873125 0.417125
v 0.923125 0.873125 0.949
v 0.923125 0.8875 0.949
v 0.923125 0.8875 0.417125
v 0.1175 0.895 0.94275
v 0.1175 0.895 0.959625
v 0.1175 0.910625 0.959625
v 0.1175 0.910625 0.94275
v 0.8825 0.895 0.94275
v 0.8825 0.895 0.959625
v 0.8825 0.910625 0.959625
v 0.8825 0.910625 0.94275
v 0.1175 0.895 0.94275
v 0.1175 0.895 0.959625
v 0.1175 0.910625 0.959625
v 0.1175 0.910625 0.94275
v 0.8825 0.895 0.94275
v 0.8825 0.895 0.959625
v 0.8825 0.910625 0.959625
v 0.8825 0.910625 0.94275
vt 0.239258 0.290666
vt 0.307617 0.290666
vt 0.30668 0.291992
vt 0.240195 0.291992
vt 0.496836 0.28418
vt 0.493164 0.28418
vt 0.494102 0.282854
vt 0.495898 0.282854
vt 0.62793 0.213867
vt 0.55957 0.213867
vt 0.560508 0.212541
vt 0.626992 0.212541
vt 0.432617 0.243791
vt 0.436289 0.243791
vt 0.435352 0.245117
vt 0.433555 0.245117
vt 0.776758 0.81543
vt 0.776758 0.883789
vt 0.672852 0.883789
vt 0.672852 0.81543
vt 0.425195 0.438711
vt 0.425195 0.442383
vt 0.321289 0.442383
vt 0.321289 0.438711
vt 0.78418 0.883789
vt 0.78418 0.81543
vt 0.888086 0.81543
vt 0.888086 0.883789
vt 0.432617 0.442383
vt 0.432617 0.438711
vt 0.536523 0.438711
vt 0.536523 0.442383
vt 0.314414 0.290666
vt 0.380898 0.290666
vt 0.381836 0.291992
vt 0.313477 0.291992
vt 0.44332 0.243791
vt 0.445117 0.243791
vt 0.446055 0.245117
vt 0.442383 0.245117
vt 0.701211 0.213867
vt 0.634727 0.213867
vt 0.633789 0.212541
vt 0.702148 0.212541
vt 0.454883 0.245117
vt 0.453086 0.245117
vt 0.452148 0.243791
vt 0.45582 0.243791
vt 0.004883 0.331055
vt 0.004883 0.329258
vt 0.071367 0.329258
vt 0.071367 0.329258
vt 0.071367 0.331055
vt 0.004883 0.331055
vt 0.145586 0.331055
vt 0.079102 0.331055
vt 0.079102 0.329258
vt 0.079102 0.329258
vt 0.145586 0.329258
vt 0.145586 0.331055
vt 0.303633 0.371914
vt 0.303633 0.374023
vt 0.208008 0.374023
vt 0.208008 0.371914
vt 0.506758 0.344727
vt 0.506758 0.34668
vt 0.411133 0.34668
vt 0.411133 0.344727
vt 0.30957 0.374023
vt 0.30957 0.371914
vt 0.405195 0.371914
vt 0.405195 0.374023
vt 0.512695 0.34668
vt 0.512695 0.344727
vt 0.60832 0.344727
vt 0.60832 0.34668
vt 0.145508 0.338867
vt 0.145508 0.336914
vt 0.147617 0.336914
vt 0.147617 0.336914
vt 0.147617 0.338867
vt 0.145508 0.338867
vt 0.157383 0.338867
vt 0.155273 0.338867
vt 0.155273 0.336914
vt 0.155273 0.336914
vt 0.157383 0.336914
vt 0.157383 0.338867
vn -0.707107 -0.707107 0
vn -0.707107 0 0.707107
vn -0.707107 0.707107 0
vn -0.707107 0 -0.707107
vn 0 -1 0
vn 0 0 1
vn 0 1 0
vn 0 0 -1
vn 0.707107 -0.707107 0
vn 0.707107 0 0.707107
vn 0.707107 0.707107 0
vn 0.707107 0 -0.707107
vn -1 0 0
vn -1 0 0
vn 1 0 0
vn 1 0 0
vn 0 -1 0
vn 0 0 1
vn 0 1 0
vn 0 0 -1
vn -1 0 0
vn -1 0 0
vn 1 0 0
vn 1 0 0
f 1479/3167/872 1480/3168/872 1476/3169/872 1475/3170/872
f 1480/3171/873 1481/3172/873 1477/3173/873 1476/3174/873
f 1481/3175/874 1482/3176/874 1478/3177/874 1477/3178/874
f 1482/3179/875 1479/3180/875 1475/3181/875 1478/3182/875
f 1483/3183/876 1484/3184/876 1480/3185/876 1479/3186/876
f 1484/3187/877 1485/3188/877 1481/3189/877 1480/3190/877
f 1485/3191/878 1486/3192/878 1482/3193/878 1481/3194/878
f 1486/3195/879 1483/3196/879 1479/3197/879 1482/3198/879
f 1487/3199/880 1488/3200/880 1484/3201/880 1483/3202/880
f 1488/3203/881 1489/3204/881 1485/3205/881 1484/3206/881
f 1489/3207/882 1490/3208/882 1486/3209/882 1485/3210/882
f 1490/3211/883 1487/3212/883 1483/3213/883 1486/3214/883
f 1494/3215/884 1491/3216/884 1492/3217/884
f 1492/3218/885 1493/3219/885 1494/3220/885
f 1496/3221/886 1495/3222/886 1498/3223/886
f 1498/3224/887 1497/3225/887 1496/3226/887
f 1503/3227/888 1504/3228/888 1500/3229/888 1499/3230/888
f 1504/3231/889 1505/3232/889 1501/3233/889 1500/3234/889
f 1505/3235/890 1506/3236/890 1502/3237/890 1501/3238/890
f 1506/3239/891 1503/3240/891 1499/3241/891 1502/3242/891
f 1510/3243/892 1507/3244/892 1508/3245/892
f 1508/3246/893 1509/3247/893 1510/3248/893
f 1512/3249/894 1511/3250/894 1514/3251/894
f 1514/3252/895 1513/3253/895 1512/3254/895
o shelf_tier_03__trim
usemtl shelf
v 0.071875 0.884375 0.390875
v 0.071875 0.884375 0.402125
v 0.071875 0.918125 0.402125
v 0.071875 0.918125 0.390875
v 0.079375 0.876875 0.383375
v 0.079375 0.876875 0.409625
v 0.079375 0.925625 0.409625
v 0.079375 0.925625 0.383375
v 0.920625 0.876875 0.383375
v 0.920625 0.876875 0.409625
v 0.920625 0.925625 0.409625
v 0.920625 0.925625 0.383375
v 0.928125 0.884375 0.390875
v 0.928125 0.884375 0.402125
v 0.928125 0.918125 0.402125
v 0.928125 0.918125 0.390875
v 0.071875 0.884375 0.390875
v 0.071875 0.884375 0.402125
v 0.071875 0.918125 0.402125
v 0.071875 0.918125 0.390875
v 0.928125 0.884375 0.390875
v 0.928125 0.884375 0.402125
v 0.928125 0.918125 0.402125
v 0.928125 0.918125 0.390875
v 0.078125 0.9225 0.3815
v 0.078125 0.9225 0.385875
v 0.078125 0.929375 0.385875
v 0.078125 0.929375 0.3815
v 0.921875 0.9225 0.3815
v 0.921875 0.9225 0.385875
v 0.921875 0.929375 0.385875
v 0.921875 0.929375 0.3815
v 0.078125 0.9225 0.3815
v 0.078125 0.9225 0.385875
v 0.078125 0.929375 0.385875
v 0.078125 0.929375 0.3815
v 0.921875 0.9225 0.3815
v 0.921875 0.9225 0.385875
v 0.921875 0.929375 0.385875
v 0.921875 0.929375 0.3815
vt 0.532227 0.282854
vt 0.535508 0.282854
vt 0.53457 0.28418
vt 0.533164 0.28418
vt 0.237539 0.245117
vt 0.231445 0.245117
vt 0.232383 0.243791
vt 0.236602 0.243791
vt 0.572617 0.245117
vt 0.569336 0.245117
vt 0.570273 0.243791
vt 0.57168 0.243791
vt 0.711914 0.275041
vt 0.718008 0.275041
vt 0.71707 0.276367
vt 0.712852 0.276367
vt 0.110039 0.41957
vt 0.110039 0.422852
vt 0.004883 0.422852
vt 0.004883 0.41957
vt 0.110039 0.526133
vt 0.110039 0.532227
vt 0.004883 0.532227
vt 0.004883 0.526133
vt 0.116211 0.422852
vt 0.116211 0.41957
vt 0.221367 0.41957
vt 0.221367 0.422852
vt 0.116211 0.532227
vt 0.116211 0.526133
vt 0.221367 0.526133
vt 0.221367 0.532227
vt 0.54293 0.282854
vt 0.544336 0.282854
vt 0.545273 0.28418
vt 0.541992 0.28418
vt 0.306602 0.282854
vt 0.31082 0.282854
vt 0.311758 0.28418
vt 0.305664 0.28418
vt 0.581445 0.245117
vt 0.580039 0.245117
vt 0.579102 0.243791
vt 0.582383 0.243791
vt 0.742461 0.245117
vt 0.738242 0.245117
vt 0.737305 0.243791
vt 0.743398 0.243791
vt 0.223633 0.314023
vt 0.227852 0.314023
vt 0.227852 0.31543
vt 0.227852 0.31543
vt 0.223633 0.31543
vt 0.223633 0.314023
vt 0.235352 0.31543
vt 0.235352 0.314023
vt 0.23957 0.314023
vt 0.23957 0.314023
vt 0.23957 0.31543
vt 0.235352 0.31543
vt 0.555664 0.049258
vt 0.555664 0.049805
vt 0.450195 0.049805
vt 0.450195 0.049258
vt 0.776367 0.142695
vt 0.776367 0.143555
vt 0.670898 0.143555
vt 0.670898 0.142695
vt 0.561523 0.049805
vt 0.561523 0.049258
vt 0.666992 0.049258
vt 0.666992 0.049805
vt 0.782227 0.143555
vt 0.782227 0.142695
vt 0.887695 0.142695
vt 0.887695 0.143555
vt 0.258789 0.041445
vt 0.259648 0.041445
vt 0.259648 0.041992
vt 0.259648 0.041992
vt 0.258789 0.041992
vt 0.258789 0.041445
vt 0.266602 0.041992
vt 0.266602 0.041445
vt 0.267461 0.041445
vt 0.267461 0.041445
vt 0.267461 0.041992
vt 0.266602 0.041992
vn -0.707107 -0.707107 0
vn -0.707107 0 0.707107
vn -0.707107 0.707107 0
vn -0.707107 0 -0.707107
vn 0 -1 0
vn 0 0 1
vn 0 1 0
vn 0 0 -1
vn 0.707107 -0.707107 0
vn 0.707107 0 0.707107
vn 0.707107 0.707107 0
vn 0.707107 0 -0.707107
vn -1 0 0
vn -1 0 0
vn 1 0 0
vn 1 0 0
vn 0 -1 0
vn 0 0 1
vn 0 1 0
vn 0 0 -1
vn -1 0 0
vn -1 0 0
vn 1 0 0
vn 1 0 0
f 1519/3255/896 1520/3256/896 1516/3257/896 1515/3258/896
f 1520/3259/897 1521/3260/897 1517/3261/897 1516/3262/897
f 1521/3263/898 1522/3264/898 1518/3265/898 1517/3266/898
f 1522/3267/899 1519/3268/899 1515/3269/899 1518/3270/899
f 1523/3271/900 1524/3272/900 1520/3273/900 1519/3274/900
f 1524/3275/901 1525/3276/901 1521/3277/901 1520/3278/901
f 1525/3279/902 1526/3280/902 1522/3281/902 1521/3282/902
f 1526/3283/903 1523/3284/903 1519/3285/903 1522/3286/903
f 1527/3287/904 1528/3288/904 1524/3289/904 1523/3290/904
f 1528/3291/905 1529/3292/905 1525/3293/905 1524/3294/905
f 1529/3295/906 1530/3296/906 1526/3297/906 1525/3298/906
f 1530/3299/907 1527/3300/907 1523/3301/907 1526/3302/907
f 1534/3303/908 1531/3304/908 1532/3305/908
f 1532/3306/909 1533/3307/909 1534/3308/909
f 1536/3309/910 1535/3310/910 1538/3311/910
f 1538/3312/911 1537/3313/911 1536/3314/911
f 1543/3315/912 1544/3316/912 1540/3317/912 1539/3318/912
f 1544/3319/913 1545/3320/913 1541/3321/913 1540/3322/913
f 1545/3323/914 1546/3324/914 1542/3325/914 1541/3326/914
f 1546/3327/915 1543/3328/915 1539/3329/915 1542/3330/915
f 1550/3331/916 1547/3332/916 1548/3333/916
f 1548/3334/917 1549/3335/917 1550/3336/917
f 1552/3337/918 1551/3338/918 1554/3339/918
f 1554/3340/919 1553/3341/919 1552/3342/919
o shelf_tier_03__mid
usemtl shelf
v 0.909375 0.875417 0.400667
v 0.909375 0.875417 0.937333
v 0.909375 0.916458 0.937333
v 0.909375 0.916458 0.400667
v 0.916042 0.86875 0.394
v 0.916042 0.86875 0.944
v 0.916042 0.923125 0.944
v 0.916042 0.923125 0.394
v 0.922708 0.86875 0.394
v 0.922708 0.86875 0.944
v 0.922708 0.923125 0.944
v 0.922708 0.923125 0.394
v 0.929375 0.875417 0.400667
v 0.929375 0.875417 0.937333
v 0.929375 0.916458 0.937333
v 0.929375 0.916458 0.400667
v 0.909375 0.875417 0.400667
v 0.909375 0.875417 0.937333
v 0.909375 0.916458 0.937333
v 0.909375 0.916458 0.400667
v 0.929375 0.875417 0.400667
v 0.929375 0.875417 0.937333
v 0.929375 0.916458 0.937333
v 0.929375 0.916458 0.400667
v 0.070625 0.875417 0.400667
v 0.070625 0.875417 0.937333
v 0.070625 0.916458 0.937333
v 0.070625 0.916458 0.400667
v 0.077292 0.86875 0.394
v 0.077292 0.86875 0.944
v 0.077292 0.923125 0.944
v 0.077292 0.923125 0.394
v 0.083958 0.86875 0.394
v 0.083958 0.86875 0.944
v 0.083958 0.923125 0.944
v 0.083958 0.923125 0.394
v 0.090625 0.875417 0.400667
v 0.090625 0.875417 0.937333
v 0.090625 0.916458 0.937333
v 0.090625 0.916458 0.400667
v 0.070625 0.875417 0.400667
v 0.070625 0.875417 0.937333
v 0.070625 0.916458 0.937333
v 0.070625 0.916458 0.400667
v 0.090625 0.875417 0.400667
v 0.090625 0.875417 0.937333
v 0.090625 0.916458 0.937333
v 0.090625 0.916458 0.400667
vt 0.69043 0.189251
vt 0.75918 0.189251
vt 0.758346 0.19043
vt 0.691263 0.19043
vt 0.080039 0.166992
vt 0.073242 0.166992
vt 0.074076 0.165814
vt 0.079206 0.165814
vt 0.761133 0.206055
vt 0.692383 0.206055
vt 0.693216 0.204876
vt 0.760299 0.204876
vt 0.086914 0.165814
vt 0.093711 0.165814
vt 0.092878 0.166992
vt 0.087747 0.166992
vt 0.637695 0.119284
vt 0.706445 0.119284
vt 0.706445 0.120117
vt 0.637695 0.120117
vt 0.114258 0.095846
vt 0.121055 0.095846
vt 0.121055 0.09668
vt 0.114258 0.09668
vt 0.782617 0.120117
vt 0.713867 0.120117
vt 0.713867 0.119284
vt 0.782617 0.119284
vt 0.134727 0.09668
vt 0.12793 0.09668
vt 0.12793 0.095846
vt 0.134727 0.095846
vt 0.767435 0.189251
vt 0.834518 0.189251
vt 0.835352 0.19043
vt 0.766602 0.19043
vt 0.101419 0.165814
vt 0.106549 0.165814
vt 0.107383 0.166992
vt 0.100586 0.166992
vt 0.572799 0.166992
vt 0.505716 0.166992
vt 0.504883 0.165814
vt 0.573633 0.165814
vt 0.463971 0.166992
vt 0.458841 0.166992
vt 0.458008 0.165814
vt 0.464805 0.165814
vt 0.450195 0.495117
vt 0.450195 0.489987
vt 0.517279 0.489987
vt 0.517279 0.489987
vt 0.517279 0.495117
vt 0.450195 0.495117
vt 0.591497 0.495117
vt 0.524414 0.495117
vt 0.524414 0.489987
vt 0.524414 0.489987
vt 0.591497 0.489987
vt 0.591497 0.495117
vt 0.842773 0.189251
vt 0.911523 0.189251
vt 0.91069 0.19043
vt 0.843607 0.19043
vt 0.121055 0.166992
vt 0.114258 0.166992
vt 0.115091 0.165814
vt 0.120221 0.165814
vt 0.649805 0.166992
vt 0.581055 0.166992
vt 0.581888 0.165814
vt 0.648971 0.165814
vt 0.47168 0.165814
vt 0.478477 0.165814
vt 0.477643 0.166992
vt 0.472513 0.166992
vt 0.790039 0.119284
vt 0.858789 0.119284
vt 0.858789 0.120117
vt 0.790039 0.120117
vt 0.141602 0.095846
vt 0.148398 0.095846
vt 0.148398 0.09668
vt 0.141602 0.09668
vt 0.934961 0.120117
vt 0.866211 0.120117
vt 0.866211 0.119284
vt 0.934961 0.119284
vt 0.16207 0.09668
vt 0.155273 0.09668
vt 0.155273 0.095846
vt 0.16207 0.095846
vt 0.919779 0.189251
vt 0.986862 0.189251
vt 0.987695 0.19043
vt 0.918945 0.19043
vt 0.128763 0.165814
vt 0.133893 0.165814
vt 0.134727 0.166992
vt 0.12793 0.166992
vt 0.836471 0.206055
vt 0.769388 0.206055
vt 0.768555 0.204876
vt 0.837305 0.204876
vt 0.147565 0.166992
vt 0.142435 0.166992
vt 0.141602 0.165814
vt 0.148398 0.165814
vt 0.598633 0.495117
vt 0.598633 0.489987
vt 0.665716 0.489987
vt 0.665716 0.489987
vt 0.665716 0.495117
vt 0.598633 0.495117
vt 0.739935 0.495117
vt 0.672852 0.495117
vt 0.672852 0.489987
vt 0.672852 0.489987
vt 0.739935 0.489987
vt 0.739935 0.495117
vn -0.707107 -0.707107 0
vn -0.707107 0 0.707107
vn -0.707107 0.707107 0
vn -0.707107 0 -0.707107
vn 0 -1 0
vn 0 0 1
vn 0 1 0
vn 0 0 -1
vn 0.707107 -0.707107 0
vn 0.707107 0 0.707107
vn 0.707107 0.707107 0
vn 0.707107 0 -0.707107
vn -1 0 0
vn -1 0 0
vn 1 0 0
vn 1 0 0
vn -0.707107 -0.707107 0
vn -0.707107 0 0.707107
vn -0.707107 0.707107 0
vn -0.707107 0 -0.707107
vn 0 -1 0
vn 0 0 1
vn 0 1 0
vn 0 0 -1
vn 0.707107 -0.707107 0
vn 0.707107 0 0.707107
vn 0.707107 0.707107 0
vn 0.707107 0 -0.707107
vn -1 0 0
vn -1 0 0
vn 1 0 0
vn 1 0 0
f 1559/3343/920 1560/3344/920 1556/3345/920 1555/3346/920
f 1560/3347/921 1561/3348/921 1557/3349/921 1556/3350/921
f 1561/3351/922 1562/3352/922 1558/3353/922 1557/3354/922
f 1562/3355/923 1559/3356/923 1555/3357/923 1558/3358/923
f 1563/3359/924 1564/3360/924 1560/3361/924 1559/3362/924
f 1564/3363/925 1565/3364/925 1561/3365/925 1560/3366/925
f 1565/3367/926 1566/3368/926 1562/3369/926 1561/3370/926
f 1566/3371/927 1563/3372/927 1559/3373/927 1562/3374/927
f 1567/3375/928 1568/3376/928 1564/3377/928 1563/3378/928
f 1568/3379/929 1569/3380/929 1565/3381/929 1564/3382/929
f 1569/3383/930 1570/3384/930 1566/3385/930 1565/3386/930
f 1570/3387/931 1567/3388/931 1563/3389/931 1566/3390/931
f 1574/3391/932 1571/3392/932 1572/3393/932
f 1572/3394/933 1573/3395/933 1574/3396/933
f 1576/3397/934 1575/3398/934 1578/3399/934
f 1578/3400/935 1577/3401/935 1576/3402/935
f 1583/3403/936 1584/3404/936 1580/3405/936 1579/3406/936
f 1584/3407/937 1585/3408/937 1581/3409/937 1580/3410/937
f 1585/3411/938 1586/3412/938 1582/3413/938 1581/3414/938
f 1586/3415/939 1583/3416/939 1579/3417/939 1582/3418/939
f 1587/3419/940 1588/3420/940 1584/3421/940 1583/3422/940
f 1588/3423/941 1589/3424/941 1585/3425/941 1584/3426/941
f 1589/3427/942 1590/3428/942 1586/3429/942 1585/3430/942
f 1590/3431/943 1587/3432/943 1583/3433/943 1586/3434/943
f 1591/3435/944 1592/3436/944 1588/3437/944 1587/3438/944
f 1592/3439/945 1593/3440/945 1589/3441/945 1588/3442/945
f 1593/3443/946 1594/3444/946 1590/3445/946 1589/3446/946
f 1594/3447/947 1591/3448/947 1587/3449/947 1590/3450/947
f 1598/3451/948 1595/3452/948 1596/3453/948
f 1596/3454/949 1597/3455/949 1598/3456/949
f 1600/3457/950 1599/3458/950 1602/3459/950
f 1602/3460/951 1601/3461/951 1600/3462/951
o shelf_tier_03__deck
usemtl shelf
v 0.089375 0.849375 0.439
v 0.089375 0.849375 0.939625
v 0.089375 0.858125 0.939625
v 0.089375 0.858125 0.439
v 0.096875 0.841875 0.4315
v 0.096875 0.841875 0.947125
v 0.096875 0.865625 0.947125
v 0.096875 0.865625 0.4315
v 0.903125 0.841875 0.4315
v 0.903125 0.841875 0.947125
v 0.903125 0.865625 0.947125
v 0.903125 0.865625 0.4315
v 0.910625 0.849375 0.439
v 0.910625 0.849375 0.939625
v 0.910625 0.858125 0.939625
v 0.910625 0.858125 0.439
v 0.089375 0.849375 0.439
v 0.089375 0.849375 0.939625
v 0.089375 0.858125 0.939625
v 0.089375 0.858125 0.439
v 0.910625 0.849375 0.439
v 0.910625 0.849375 0.939625
v 0.910625 0.858125 0.939625
v 0.910625 0.858125 0.439
v 0.909375 0.804167 0.844292
v 0.909375 0.804167 0.923583
v 0.909375 0.835208 0.923583
v 0.909375 0.835208 0.519417
v 0.909375 0.82844 0.519417
v 0.909375 0.82344 0.844292
v 0.916042 0.7975 0.837625
v 0.916042 0.7975 0.93025
v 0.916042 0.841875 0.93025
v 0.916042 0.841875 0.51275
v 0.916042 0.821875 0.51275
v 0.916042 0.816875 0.837625
v 0.922708 0.7975 0.837625
v 0.922708 0.7975 0.93025
v 0.922708 0.841875 0.93025
v 0.922708 0.841875 0.51275
v 0.922708 0.821875 0.51275
v 0.922708 0.816875 0.837625
v 0.929375 0.804167 0.844292
v 0.929375 0.804167 0.923583
v 0.929375 0.835208 0.923583
v 0.929375 0.835208 0.519417
v 0.929375 0.82844 0.519417
v 0.929375 0.82344 0.844292
v 0.909375 0.804167 0.844292
v 0.909375 0.804167 0.923583
v 0.909375 0.835208 0.923583
v 0.909375 0.835208 0.519417
v 0.909375 0.82844 0.519417
v 0.909375 0.82344 0.844292
v 0.929375 0.804167 0.844292
v 0.929375 0.804167 0.923583
v 0.929375 0.835208 0.923583
v 0.929375 0.835208 0.519417
v 0.929375 0.82844 0.519417
v 0.929375 0.82344 0.844292
v 0.070625 0.804167 0.844292
v 0.070625 0.804167 0.923583
v 0.070625 0.835208 0.923583
v 0.070625 0.835208 0.519417
v 0.070625 0.82844 0.519417
v 0.070625 0.82344 0.844292
v 0.077292 0.7975 0.837625
v 0.077292 0.7975 0.93025
v 0.077292 0.841875 0.93025
v 0.077292 0.841875 0.51275
v 0.077292 0.821875 0.51275
v 0.077292 0.816875 0.837625
v 0.083958 0.7975 0.837625
v 0.083958 0.7975 0.93025
v 0.083958 0.841875 0.93025
v 0.083958 0.841875 0.51275
v 0.083958 0.821875 0.51275
v 0.083958 0.816875 0.837625
v 0.090625 0.804167 0.844292
v 0.090625 0.804167 0.923583
v 0.090625 0.835208 0.923583
v 0.090625 0.835208 0.519417
v 0.090625 0.82844 0.519417
v 0.090625 0.82344 0.844292
v 0.070625 0.804167 0.844292
v 0.070625 0.804167 0.923583
v 0.070625 0.835208 0.923583
v 0.070625 0.835208 0.519417
v 0.070625 0.82844 0.519417
v 0.070625 0.82344 0.844292
v 0.090625 0.804167 0.844292
v 0.090625 0.804167 0.923583
v 0.090625 0.835208 0.923583
v 0.090625 0.835208 0.519417
v 0.090625 0.82844 0.519417
v 0.090625 0.82344 0.844292
vt 0.856445 0.212541
vt 0.920898 0.212541
vt 0.919961 0.213867
vt 0.857383 0.213867
vt 0.623086 0.28418
vt 0.620117 0.28418
vt 0.621055 0.282854
vt 0.622148 0.282854
vt 0.838867 0.25293
vt 0.774414 0.25293
vt 0.775352 0.251604
vt 0.83793 0.251604
vt 0.770508 0.243791
vt 0.773477 0.243791
vt 0.772539 0.245117
vt 0.771445 0.245117
vt 0.980664 0.743164
vt 0.980664 0.807617
vt 0.879883 0.807617
vt 0.879883 0.743164
vt 0.642773 0.410117
vt 0.642773 0.413086
vt 0.541992 0.413086
vt 0.541992 0.410117
vt 0.004883 0.733398
vt 0.004883 0.668945
vt 0.105664 0.668945
vt 0.105664 0.733398
vt 0.649414 0.413086
vt 0.649414 0.410117
vt 0.750195 0.410117
vt 0.750195 0.413086
vt 0.927695 0.212541
vt 0.990273 0.212541
vt 0.991211 0.213867
vt 0.926758 0.213867
vt 0.66793 0.243791
vt 0.669023 0.243791
vt 0.669961 0.245117
vt 0.666992 0.245117
vt 0.908242 0.25293
vt 0.845664 0.25293
vt 0.844727 0.251604
vt 0.90918 0.251604
vt 0.782305 0.245117
vt 0.781211 0.245117
vt 0.780273 0.243791
vt 0.783242 0.243791
vt 0.397461 0.15918
vt 0.397461 0.158086
vt 0.460039 0.158086
vt 0.460039 0.158086
vt 0.460039 0.15918
vt 0.397461 0.15918
vt 0.530352 0.15918
vt 0.467773 0.15918
vt 0.467773 0.158086
vt 0.467773 0.158086
vt 0.530352 0.158086
vt 0.530352 0.15918
vt 0.661133 0.173626
vt 0.672711 0.173626
vt 0.671878 0.174805
vt 0.661966 0.174805
vt 0.16082 0.166992
vt 0.155273 0.166992
vt 0.156107 0.165814
vt 0.159987 0.165814
vt 0.05707 0.174805
vt 0.004883 0.174805
vt 0.005716 0.173626
vt 0.056237 0.173626
vt 0.282227 0.197064
vt 0.284727 0.197064
vt 0.283906 0.198242
vt 0.28306 0.198242
vt 0.151367 0.322073
vt 0.191979 0.321631
vt 0.192812 0.3228
vt 0.152201 0.323242
vt 0.285 0.165814
vt 0.287422 0.165814
vt 0.286589 0.166992
vt 0.28418 0.166992
vt 0.77832 0.103659
vt 0.789898 0.103659
vt 0.789898 0.104492
vt 0.77832 0.104492
vt 0.168945 0.095846
vt 0.174492 0.095846
vt 0.174492 0.09668
vt 0.168945 0.09668
vt 0.90082 0.112305
vt 0.848633 0.112305
vt 0.848633 0.111471
vt 0.90082 0.111471
vt 0.288633 0.09668
vt 0.286133 0.09668
vt 0.286133 0.095846
vt 0.288633 0.095846
vt 0.426758 0.103659
vt 0.467372 0.103659
vt 0.467372 0.104492
vt 0.426758 0.104492
vt 0.405742 0.09668
vt 0.40332 0.09668
vt 0.40332 0.095846
vt 0.405742 0.095846
vt 0.679544 0.173626
vt 0.689456 0.173626
vt 0.690289 0.174805
vt 0.678711 0.174805
vt 0.65806 0.165814
vt 0.66194 0.165814
vt 0.662773 0.166992
vt 0.657227 0.166992
vt 0.114831 0.174805
vt 0.06431 0.174805
vt 0.063477 0.173626
vt 0.115664 0.173626
vt 0.293659 0.198242
vt 0.292813 0.198242
vt 0.291992 0.197064
vt 0.294492 0.197064
vt 0.201029 0.321631
vt 0.24164 0.322073
vt 0.240807 0.323242
vt 0.200195 0.3228
vt 0.297188 0.166992
vt 0.294779 0.166992
vt 0.293945 0.165814
vt 0.296367 0.165814
vt 0.102133 0.470209
vt 0.102133 0.467799
vt 0.112044 0.467799
vt 0.102133 0.470209
vt 0.112044 0.467799
vt 0.112044 0.47168
vt 0.102133 0.470209
vt 0.112044 0.47168
vt 0.061523 0.47168
vt 0.061523 0.47168
vt 0.061523 0.470834
vt 0.102133 0.470209
vt 0.168685 0.47168
vt 0.158773 0.47168
vt 0.158773 0.469271
vt 0.168685 0.467799
vt 0.168685 0.47168
vt 0.158773 0.469271
vt 0.118164 0.467799
vt 0.168685 0.467799
vt 0.158773 0.469271
vt 0.158773 0.469271
vt 0.118164 0.468646
vt 0.118164 0.467799
vt 0.696289 0.173626
vt 0.707867 0.173626
vt 0.707034 0.174805
vt 0.697122 0.174805
vt 0.674492 0.166992
vt 0.668945 0.166992
vt 0.669779 0.165814
vt 0.673659 0.165814
vt 0.174258 0.174805
vt 0.12207 0.174805
vt 0.122904 0.173626
vt 0.173424 0.173626
vt 0.301758 0.197064
vt 0.304258 0.197064
vt 0.303437 0.198242
vt 0.302591 0.198242
vt 0.249023 0.322073
vt 0.289635 0.321631
vt 0.290469 0.3228
vt 0.249857 0.323242
vt 0.304532 0.165814
vt 0.306953 0.165814
vt 0.30612 0.166992
vt 0.303711 0.166992
vt 0.795898 0.103659
vt 0.807477 0.103659
vt 0.807477 0.104492
vt 0.795898 0.104492
vt 0.180664 0.095846
vt 0.186211 0.095846
vt 0.186211 0.09668
vt 0.180664 0.09668
vt 0.959414 0.112305
vt 0.907227 0.112305
vt 0.907227 0.111471
vt 0.959414 0.111471
vt 0.298398 0.09668
vt 0.295898 0.09668
vt 0.295898 0.095846
vt 0.298398 0.095846
vt 0.473633 0.103659
vt 0.514247 0.103659
vt 0.514247 0.104492
vt 0.473633 0.104492
vt 0.415508 0.09668
vt 0.413086 0.09668
vt 0.413086 0.095846
vt 0.415508 0.095846
vt 0.714701 0.173626
vt 0.724612 0.173626
vt 0.725445 0.174805
vt 0.713867 0.174805
vt 0.167826 0.165814
vt 0.171706 0.165814
vt 0.172539 0.166992
vt 0.166992 0.166992
vt 0.232018 0.174805
vt 0.181497 0.174805
vt 0.180664 0.173626
vt 0.232852 0.173626
vt 0.31319 0.198242
vt 0.312344 0.198242
vt 0.311523 0.197064
vt 0.314023 0.197064
vt 0.298685 0.321631
vt 0.339297 0.322073
vt 0.338463 0.323242
vt 0.297852 0.3228
vt 0.707344 0.198242
vt 0.704935 0.198242
vt 0.704102 0.197064
vt 0.706523 0.197064
vt 0.215414 0.470209
vt 0.215414 0.467799
vt 0.225326 0.467799
vt 0.215414 0.470209
vt 0.225326 0.467799
vt 0.225326 0.47168
vt 0.215414 0.470209
vt 0.225326 0.47168
vt 0.174805 0.47168
vt 0.174805 0.47168
vt 0.174805 0.470834
vt 0.215414 0.470209
vt 0.281966 0.47168
vt 0.272055 0.47168
vt 0.272055 0.469271
vt 0.281966 0.467799
vt 0.281966 0.47168
vt 0.272055 0.469271
vt 0.231445 0.467799
vt 0.281966 0.467799
vt 0.272055 0.469271
vt 0.272055 0.469271
vt 0.231445 0.468646
vt 0.231445 0.467799
vn -0.707107 -0.707107 0
vn -0.707107 0 0.707107
vn -0.707107 0.707107 0
vn -0.707107 0 -0.707107
vn 0 -1 0
vn 0 0 1
vn 0 1 0
vn 0 0 -1
vn 0.707107 -0.707107 0
vn 0.707107 0 0.707107
vn 0.707107 0.707107 0
vn 0.707107 0 -0.707107
vn -1 0 0
vn -1 0 0
vn 1 0 0
vn 1 0 0
vn -0.707107 -0.707107 0
vn -0.707107 0 0.707107
vn -0.707107 0.707107 0
vn -0.707107 0 -0.707107
vn -0.707107 -0.707023 -0.010881
vn -0.707107 0 -0.707107
vn 0 -1 0
vn 0 0 1
vn 0 1 0
vn 0 0 -1
vn 0 -0.999882 -0.015389
vn 0 0 -1
vn 0.707107 -0.707107 0
vn 0.707107 0 0.707107
vn 0.707107 0.707107 0
vn 0.707107 0 -0.707107
vn 0.707107 -0.707023 -0.010881
vn 0.707107 0 -0.707107
vn -1 0 0
vn -1 0 0
vn -1 0 0
vn -1 0 0
vn 1 0 0
vn 1 0 0
vn 1 0 0
vn 1 0 0
vn -0.707107 -0.707107 0
vn -0.707107 0 0.707107
vn -0.707107 0.707107 0
vn -0.707107 0 -0.707107
vn -0.707107 -0.707023 -0.010881
vn -0.707107 0 -0.707107
vn 0 -1 0
vn 0 0 1
vn 0 1 0
vn 0 0 -1
vn 0 -0.999882 -0.015389
vn 0 0 -1
vn 0.707107 -0.707107 0
vn 0.707107 0 0.707107
vn 0.707107 0.707107 0
vn 0.707107 0 -0.707107
vn 0.707107 -0.707023 -0.010881
vn 0.707107 0 -0.707107
vn -1 0 0
vn -1 0 0
vn -1 0 0
vn -1 0 0
vn 1 0 0
vn 1 0 0
vn 1 0 0
vn 1 0 0
f 1607/3463/952 1608/3464/952 1604/3465/952 1603/3466/952
f 1608/3467/953 1609/3468/953 1605/3469/953 1604/3470/953
f 1609/3471/954 1610/3472/954 1606/3473/954 1605/3474/954
f 1610/3475/955 1607/3476/955 1603/3477/955 1606/3478/955
f 1611/3479/956 1612/3480/956 1608/3481/956 1607/3482/956
f 1612/3483/957 1613/3484/957 1609/3485/957 1608/3486/957
f 1613/3487/958 1614/3488/958 1610/3489/958 1609/3490/958
f 1614/3491/959 1611/3492/959 1607/3493/959 1610/3494/959
f 1615/3495/960 1616/3496/960 1612/3497/960 1611/3498/960
f 1616/3499/961 1617/3500/961 1613/3501/961 1612/3502/961
f 1617/3503/962 1618/3504/962 1614/3505/962 1613/3506/962
f 1618/3507/963 1615/3508/963 1611/3509/963 1614/3510/963
f 1622/3511/964 1619/3512/964 1620/3513/964
f 1620/3514/965 1621/3515/965 1622/3516/965
f 1624/3517/966 1623/3518/966 1626/3519/966
f 1626/3520/967 1625/3521/967 1624/3522/967
f 1633/3523/968 1634/3524/968 1628/3525/968 1627/3526/968
f 1634/3527/969 1635/3528/969 1629/3529/969 1628/3530/969
f 1635/3531/970 1636/3532/970 1630/3533/970 1629/3534/970
f 1636/3535/971 1637/3536/971 1631/3537/971 1630/3538/971
f 1637/3539/972 1638/3540/972 1632/3541/972 1631/3542/972
f 1638/3543/973 1633/3544/973 1627/3545/973 1632/3546/973
f 1639/3547/974 1640/3548/974 1634/3549/974 1633/3550/974
f 1640/3551/975 1641/3552/975 1635/3553/975 1634/3554/975
f 1641/3555/976 1642/3556/976 1636/3557/976 1635/3558/976
f 1642/3559/977 1643/3560/977 1637/3561/977 1636/3562/977
f 1643/3563/978 1644/3564/978 1638/3565/978 1637/3566/978
f 1644/3567/979 1639/3568/979 1633/3569/979 1638/3570/979
f 1645/3571/980 1646/3572/980 1640/3573/980 1639/3574/980
f 1646/3575/981 1647/3576/981 1641/3577/981 1640/3578/981
f 1647/3579/982 1648/3580/982 1642/3581/982 1641/3582/982
f 1648/3583/983 1649/3584/983 1643/3585/983 1642/3586/983
f 1649/3587/984 1650/3588/984 1644/3589/984 1643/3590/984
f 1650/3591/985 1645/3592/985 1639/3593/985 1644/3594/985
f 1656/3595/986 1651/3596/986 1652/3597/986
f 1656/3598/987 1652/3599/987 1653/3600/987
f 1656/3601/988 1653/3602/988 1654/3603/988
f 1654/3604/989 1655/3605/989 1656/3606/989
f 1658/3607/990 1657/3608/990 1662/3609/990
f 1659/3610/991 1658/3611/991 1662/3612/991
f 1660/3613/992 1659/3614/992 1662/3615/992
f 1662/3616/993 1661/3617/993 1660/3618/993
f 1669/3619/994 1670/3620/994 1664/3621/994 1663/3622/994
f 1670/3623/995 1671/3624/995 1665/3625/995 1664/3626/995
f 1671/3627/996 1672/3628/996 1666/3629/996 1665/3630/996
f 1672/3631/997 1673/3632/997 1667/3633/997 1666/3634/997
f 1673/3635/998 1674/3636/998 1668/3637/998 1667/3638/998
f 1674/3639/999 1669/3640/999 1663/3641/999 1668/3642/999
f 1675/3643/1000 1676/3644/1000 1670/3645/1000 1669/3646/1000
f 1676/3647/1001 1677/3648/1001 1671/3649/1001 1670/3650/1001
f 1677/3651/1002 1678/3652/1002 1672/3653/1002 1671/3654/1002
f 1678/3655/1003 1679/3656/1003 1673/3657/1003 1672/3658/1003
f 1679/3659/1004 1680/3660/1004 1674/3661/1004 1673/3662/1004
f 1680/3663/1005 1675/3664/1005 1669/3665/1005 1674/3666/1005
f 1681/3667/1006 1682/3668/1006 1676/3669/1006 1675/3670/1006
f 1682/3671/1007 1683/3672/1007 1677/3673/1007 1676/3674/1007
f 1683/3675/1008 1684/3676/1008 1678/3677/1008 1677/3678/1008
f 1684/3679/1009 1685/3680/1009 1679/3681/1009 1678/3682/1009
f 1685/3683/1010 1686/3684/1010 1680/3685/1010 1679/3686/1010
f 1686/3687/1011 1681/3688/1011 1675/3689/1011 1680/3690/1011
f 1692/3691/1012 1687/3692/1012 1688/3693/1012
f 1692/3694/1013 1688/3695/1013 1689/3696/1013
f 1692/3697/1014 1689/3698/1014 1690/3699/1014
f 1690/3700/1015 1691/3701/1015 1692/3702/1015
f 1694/3703/1016 1693/3704/1016 1698/3705/1016
f 1695/3706/1017 1694/3707/1017 1698/3708/1017
f 1696/3709/1018 1695/3710/1018 1698/3711/1018
f 1698/3712/1019 1697/3713/1019 1696/3714/1019
o shelf_tier_04__plastic
usemtl shelf
v 0.076875 1.2325 0.417125
v 0.076875 1.2325 0.949
v 0.076875 1.246875 0.949
v 0.076875 1.246875 0.417125
v 0.084375 1.225 0.409625
v 0.084375 1.225 0.9565
v 0.084375 1.254375 0.9565
v 0.084375 1.254375 0.409625
v 0.915625 1.225 0.409625
v 0.915625 1.225 0.9565
v 0.915625 1.254375 0.9565
v 0.915625 1.254375 0.409625
v 0.923125 1.2325 0.417125
v 0.923125 1.2325 0.949
v 0.923125 1.246875 0.949
v 0.923125 1.246875 0.417125
v 0.076875 1.2325 0.417125
v 0.076875 1.2325 0.949
v 0.076875 1.246875 0.949
v 0.076875 1.246875 0.417125
v 0.923125 1.2325 0.417125
v 0.923125 1.2325 0.949
v 0.923125 1.246875 0.949
v 0.923125 1.246875 0.417125
v 0.1175 1.254375 0.94275
v 0.1175 1.254375 0.959625
v 0.1175 1.27 0.959625
v 0.1175 1.27 0.94275
v 0.8825 1.254375 0.94275
v 0.8825 1.254375 0.959625
v 0.8825 1.27 0.959625
v 0.8825 1.27 0.94275
v 0.1175 1.254375 0.94275
v 0.1175 1.254375 0.959625
v 0.1175 1.27 0.959625
v 0.1175 1.27 0.94275
v 0.8825 1.254375 0.94275
v 0.8825 1.254375 0.959625
v 0.8825 1.27 0.959625
v 0.8825 1.27 0.94275
vt 0.803711 0.314104
vt 0.87207 0.314104
vt 0.871133 0.31543
vt 0.804648 0.31543
vt 0.446055 0.213867
vt 0.442383 0.213867
vt 0.44332 0.212541
vt 0.445117 0.212541
vt 0.456055 0.291992
vt 0.387695 0.291992
vt 0.388633 0.290666
vt 0.455117 0.290666
vt 0.750977 0.243791
vt 0.754648 0.243791
vt 0.753711 0.245117
vt 0.751914 0.245117
vt 0.108789 0.739258
vt 0.108789 0.807617
vt 0.004883 0.807617
vt 0.004883 0.739258
vt 0.870508 0.438711
vt 0.870508 0.442383
vt 0.766602 0.442383
vt 0.766602 0.438711
vt 0.116211 0.807617
vt 0.116211 0.739258
vt 0.220117 0.739258
vt 0.220117 0.807617
vt 0.87793 0.442383
vt 0.87793 0.438711
vt 0.981836 0.438711
vt 0.981836 0.442383
vt 0.878867 0.314104
vt 0.945352 0.314104
vt 0.946289 0.31543
vt 0.87793 0.31543
vt 0.513633 0.282854
vt 0.51543 0.282854
vt 0.516367 0.28418
vt 0.512695 0.28418
vt 0.529336 0.291992
vt 0.462852 0.291992
vt 0.461914 0.290666
vt 0.530273 0.290666
vt 0.48418 0.245117
vt 0.482383 0.245117
vt 0.481445 0.243791
vt 0.485117 0.243791
vt 0.301758 0.331055
vt 0.301758 0.329258
vt 0.368242 0.329258
vt 0.368242 0.329258
vt 0.368242 0.331055
vt 0.301758 0.331055
vt 0.442461 0.331055
vt 0.375977 0.331055
vt 0.375977 0.329258
vt 0.375977 0.329258
vt 0.442461 0.329258
vt 0.442461 0.331055
vt 0.506758 0.371914
vt 0.506758 0.374023
vt 0.411133 0.374023
vt 0.411133 0.371914
vt 0.709883 0.344727
vt 0.709883 0.34668
vt 0.614258 0.34668
vt 0.614258 0.344727
vt 0.512695 0.374023
vt 0.512695 0.371914
vt 0.60832 0.371914
vt 0.60832 0.374023
vt 0.71582 0.34668
vt 0.71582 0.344727
vt 0.811445 0.344727
vt 0.811445 0.34668
vt 0.165039 0.338867
vt 0.165039 0.336914
vt 0.167148 0.336914
vt 0.167148 0.336914
vt 0.167148 0.338867
vt 0.165039 0.338867
vt 0.176914 0.338867
vt 0.174805 0.338867
vt 0.174805 0.336914
vt 0.174805 0.336914
vt 0.176914 0.336914
vt 0.176914 0.338867
vn -0.707107 -0.707107 0
vn -0.707107 0 0.707107
vn -0.707107 0.707107 0
vn -0.707107 0 -0.707107
vn 0 -1 0
vn 0 0 1
vn 0 1 0
vn 0 0 -1
vn 0.707107 -0.707107 0
vn 0.707107 0 0.707107
vn 0.707107 0.707107 0
vn 0.707107 0 -0.707107
vn -1 0 0
vn -1 0 0
vn 1 0 0
vn 1 0 0
vn 0 -1 0
vn 0 0 1
vn 0 1 0
vn 0 0 -1
vn -1 0 0
vn -1 0 0
vn 1 0 0
vn 1 0 0
f 1703/3715/1020 1704/3716/1020 1700/3717/1020 1699/3718/1020
f 1704/3719/1021 1705/3720/1021 1701/3721/1021 1700/3722/1021
f 1705/3723/1022 1706/3724/1022 1702/3725/1022 1701/3726/1022
f 1706/3727/1023 1703/3728/1023 1699/3729/1023 1702/3730/1023
f 1707/3731/1024 1708/3732/1024 1704/3733/1024 1703/3734/1024
f 1708/3735/1025 1709/3736/1025 1705/3737/1025 1704/3738/1025
f 1709/3739/1026 1710/3740/1026 1706/3741/1026 1705/3742/1026
f 1710/3743/1027 1707/3744/1027 1703/3745/1027 1706/3746/1027
f 1711/3747/1028 1712/3748/1028 1708/3749/1028 1707/3750/1028
f 1712/3751/1029 1713/3752/1029 1709/3753/1029 1708/3754/1029
f 1713/3755/1030 1714/3756/1030 1710/3757/1030 1709/3758/1030
f 1714/3759/1031 1711/3760/1031 1707/3761/1031 1710/3762/1031
f 1718/3763/1032 1715/3764/1032 1716/3765/1032
f 1716/3766/1033 1717/3767/1033 1718/3768/1033
f 1720/3769/1034 1719/3770/1034 1722/3771/1034
f 1722/3772/1035 1721/3773/1035 1720/3774/1035
f 1727/3775/1036 1728/3776/1036 1724/3777/1036 1723/3778/1036
f 1728/3779/1037 1729/3780/1037 1725/3781/1037 1724/3782/1037
f 1729/3783/1038 1730/3784/1038 1726/3785/1038 1725/3786/1038
f 1730/3787/1039 1727/3788/1039 1723/3789/1039 1726/3790/1039
f 1734/3791/1040 1731/3792/1040 1732/3793/1040
f 1732/3794/1041 1733/3795/1041 1734/3796/1041
f 1736/3797/1042 1735/3798/1042 1738/3799/1042
f 1738/3800/1043 1737/3801/1043 1736/3802/1043
o shelf_tier_04__trim
usemtl shelf
v 0.071875 1.24375 0.390875
v 0.071875 1.24375 0.402125
v 0.071875 1.2775 0.402125
v 0.071875 1.2775 0.390875
v 0.079375 1.23625 0.383375
v 0.079375 1.23625 0.409625
v 0.079375 1.285 0.409625
v 0.079375 1.285 0.383375
v 0.920625 1.23625 0.383375
v 0.920625 1.23625 0.409625
v 0.920625 1.285 0.409625
v 0.920625 1.285 0.383375
v 0.928125 1.24375 0.390875
v 0.928125 1.24375 0.402125
v 0.928125 1.2775 0.402125
v 0.928125 1.2775 0.390875
v 0.071875 1.24375 0.390875
v 0.071875 1.24375 0.402125
v 0.071875 1.2775 0.402125
v 0.071875 1.2775 0.390875
v 0.928125 1.24375 0.390875
v 0.928125 1.24375 0.402125
v 0.928125 1.2775 0.402125
v 0.928125 1.2775 0.390875
v 0.078125 1.281875 0.3815
v 0.078125 1.281875 0.385875
v 0.078125 1.28875 0.385875
v 0.078125 1.28875 0.3815
v 0.921875 1.281875 0.3815
v 0.921875 1.281875 0.385875
v 0.921875 1.28875 0.385875
v 0.921875 1.28875 0.3815
v 0.078125 1.281875 0.3815
v 0.078125 1.281875 0.385875
v 0.078125 1.28875 0.385875
v 0.078125 1.28875 0.3815
v 0.921875 1.281875 0.3815
v 0.921875 1.281875 0.385875
v 0.921875 1.28875 0.385875
v 0.921875 1.28875 0.3815
vt 0.500977 0.212541
vt 0.504258 0.212541
vt 0.50332 0.213867
vt 0.501914 0.213867
vt 0.264883 0.245117
vt 0.258789 0.245117
vt 0.259727 0.243791
vt 0.263945 0.243791
vt 0.681992 0.307617
vt 0.678711 0.307617
vt 0.679648 0.306291
vt 0.681055 0.306291
vt 0.739258 0.275041
vt 0.745352 0.275041
vt 0.744414 0.276367
vt 0.740195 0.276367
vt 0.332695 0.41957
vt 0.332695 0.422852
vt 0.227539 0.422852
vt 0.227539 0.41957
vt 0.555352 0.526133
vt 0.555352 0.532227
vt 0.450195 0.532227
vt 0.450195 0.526133
vt 0.338867 0.422852
vt 0.338867 0.41957
vt 0.444023 0.41957
vt 0.444023 0.422852
vt 0.561523 0.532227
vt 0.561523 0.526133
vt 0.66668 0.526133
vt 0.66668 0.532227
vt 0.51168 0.212541
vt 0.513086 0.212541
vt 0.514023 0.213867
vt 0.510742 0.213867
vt 0.347617 0.282854
vt 0.351836 0.282854
vt 0.352773 0.28418
vt 0.34668 0.28418
vt 0.69082 0.307617
vt 0.689414 0.307617
vt 0.688477 0.306291
vt 0.691758 0.306291
vt 0.758086 0.276367
vt 0.753867 0.276367
vt 0.75293 0.275041
vt 0.759023 0.275041
vt 0.270508 0.314023
vt 0.274727 0.314023
vt 0.274727 0.31543
vt 0.274727 0.31543
vt 0.270508 0.31543
vt 0.270508 0.314023
vt 0.282227 0.31543
vt 0.282227 0.314023
vt 0.286445 0.314023
vt 0.286445 0.314023
vt 0.286445 0.31543
vt 0.282227 0.31543
vt 0.77832 0.049258
vt 0.77832 0.049805
vt 0.672852 0.049805
vt 0.672852 0.049258
vt 0.110352 0.134883
vt 0.110352 0.135742
vt 0.004883 0.135742
vt 0.004883 0.134883
vt 0.78418 0.049805
vt 0.78418 0.049258
vt 0.889648 0.049258
vt 0.889648 0.049805
vt 0.116211 0.135742
vt 0.116211 0.134883
vt 0.22168 0.134883
vt 0.22168 0.135742
vt 0.274414 0.041445
vt 0.275273 0.041445
vt 0.275273 0.041992
vt 0.275273 0.041992
vt 0.274414 0.041992
vt 0.274414 0.041445
vt 0.282227 0.041992
vt 0.282227 0.041445
vt 0.283086 0.041445
vt 0.283086 0.041445
vt 0.283086 0.041992
vt 0.282227 0.041992
vn -0.707107 -0.707107 0
vn -0.707107 0 0.707107
vn -0.707107 0.707107 0
vn -0.707107 0 -0.707107
vn 0 -1 0
vn 0 0 1
vn 0 1 0
vn 0 0 -1
vn 0.707107 -0.707107 0
vn 0.707107 0 0.707107
vn 0.707107 0.707107 0
vn 0.707107 0 -0.707107
vn -1 0 0
vn -1 0 0
vn 1 0 0
vn 1 0 0
vn 0 -1 0
vn 0 0 1
vn 0 1 0
vn 0 0 -1
vn -1 0 0
vn -1 0 0
vn 1 0 0
vn 1 0 0
f 1743/3803/1044 1744/3804/1044 1740/3805/1044 1739/3806/1044
f 1744/3807/1045 1745/3808/1045 1741/3809/1045 1740/3810/1045
f 1745/3811/1046 1746/3812/1046 1742/3813/1046 1741/3814/1046
f 1746/3815/1047 1743/3816/1047 1739/3817/1047 1742/3818/1047
f 1747/3819/1048 1748/3820/1048 1744/3821/1048 1743/3822/1048
f 1748/3823/1049 1749/3824/1049 1745/3825/1049 1744/3826/1049
f 1749/3827/1050 1750/3828/1050 1746/3829/1050 1745/3830/1050
f 1750/3831/1051 1747/3832/1051 1743/3833/1051 1746/3834/1051
f 1751/3835/1052 1752/3836/1052 1748/3837/1052 1747/3838/1052
f 1752/3839/1053 1753/3840/1053 1749/3841/1053 1748/3842/1053
f 1753/3843/1054 1754/3844/1054 1750/3845/1054 1749/3846/1054
f 1754/3847/1055 1751/3848/1055 1747/3849/1055 1750/3850/1055
f 1758/3851/1056 1755/3852/1056 1756/3853/1056
f 1756/3854/1057 1757/3855/1057 1758/3856/1057
f 1760/3857/1058 1759/3858/1058 1762/3859/1058
f 1762/3860/1059 1761/3861/1059 1760/3862/1059
f 1767/3863/1060 1768/3864/1060 1764/3865/1060 1763/3866/1060
f 1768/3867/1061 1769/3868/1061 1765/3869/1061 1764/3870/1061
f 1769/3871/1062 1770/3872/1062 1766/3873/1062 1765/3874/1062
f 1770/3875/1063 1767/3876/1063 1763/3877/1063 1766/3878/1063
f 1774/3879/1064 1771/3880/1064 1772/3881/1064
f 1772/3882/1065 1773/3883/1065 1774/3884/1065
f 1776/3885/1066 1775/3886/1066 1778/3887/1066
f 1778/3888/1067 1777/3889/1067 1776/3890/1067
o shelf_tier_04__mid
usemtl shelf
v 0.909375 1.234792 0.400667
v 0.909375 1.234792 0.937333
v 0.909375 1.275833 0.937333
v 0.909375 1.275833 0.400667
v 0.916042 1.228125 0.394
v 0.916042 1.228125 0.944
v 0.916042 1.2825 0.944
v 0.916042 1.2825 0.394
v 0.922708 1.228125 0.394
v 0.922708 1.228125 0.944
v 0.922708 1.2825 0.944
v 0.922708 1.2825 0.394
v 0.929375 1.234792 0.400667
v 0.929375 1.234792 0.937333
v 0.929375 1.275833 0.937333
v 0.929375 1.275833 0.400667
v 0.909375 1.234792 0.400667
v 0.909375 1.234792 0.937333
v 0.909375 1.275833 0.937333
v 0.909375 1.275833 0.400667
v 0.929375 1.234792 0.400667
v 0.929375 1.234792 0.937333
v 0.929375 1.275833 0.937333
v 0.929375 1.275833 0.400667
v 0.070625 1.234792 0.400667
v 0.070625 1.234792 0.937333
v 0.070625 1.275833 0.937333
v 0.070625 1.275833 0.400667
v 0.077292 1.228125 0.394
v 0.077292 1.228125 0.944
v 0.077292 1.2825 0.944
v 0.077292 1.2825 0.394
v 0.083958 1.228125 0.394
v 0.083958 1.228125 0.944
v 0.083958 1.2825 0.944
v 0.083958 1.2825 0.394
v 0.090625 1.234792 0.400667
v 0.090625 1.234792 0.937333
v 0.090625 1.275833 0.937333
v 0.090625 1.275833 0.400667
v 0.070625 1.234792 0.400667
v 0.070625 1.234792 0.937333
v 0.070625 1.275833 0.937333
v 0.070625 1.275833 0.400667
v 0.090625 1.234792 0.400667
v 0.090625 1.234792 0.937333
v 0.090625 1.275833 0.937333
v 0.090625 1.275833 0.400667
vt 0.004883 0.181439
vt 0.073633 0.181439
vt 0.072799 0.182617
vt 0.005716 0.182617
vt 0.88668 0.206055
vt 0.879883 0.206055
vt 0.880716 0.204876
vt 0.885846 0.204876
vt 0.149805 0.182617
vt 0.081055 0.182617
vt 0.081888 0.181439
vt 0.148971 0.181439
vt 0.766602 0.173626
vt 0.773398 0.173626
vt 0.772565 0.174805
vt 0.767435 0.174805
vt 0.004883 0.111471
vt 0.073633 0.111471
vt 0.073633 0.112305
vt 0.004883 0.112305
vt 0.883789 0.103659
vt 0.890586 0.103659
vt 0.890586 0.104492
vt 0.883789 0.104492
vt 0.149805 0.112305
vt 0.081055 0.112305
vt 0.081055 0.111471
vt 0.149805 0.111471
vt 0.904258 0.104492
vt 0.897461 0.104492
vt 0.897461 0.103659
vt 0.904258 0.103659
vt 0.15806 0.181439
vt 0.225143 0.181439
vt 0.225977 0.182617
vt 0.157227 0.182617
vt 0.15806 0.197064
vt 0.16319 0.197064
vt 0.164023 0.198242
vt 0.157227 0.198242
vt 0.301315 0.182617
vt 0.234232 0.182617
vt 0.233398 0.181439
vt 0.302148 0.181439
vt 0.786237 0.174805
vt 0.781107 0.174805
vt 0.780273 0.173626
vt 0.78707 0.173626
vt 0.239258 0.506836
vt 0.239258 0.501706
vt 0.306341 0.501706
vt 0.306341 0.501706
vt 0.306341 0.506836
vt 0.239258 0.506836
vt 0.38056 0.506836
vt 0.313477 0.506836
vt 0.313477 0.501706
vt 0.313477 0.501706
vt 0.38056 0.501706
vt 0.38056 0.506836
vt 0.30957 0.181439
vt 0.37832 0.181439
vt 0.377487 0.182617
vt 0.310404 0.182617
vt 0.177695 0.198242
vt 0.170898 0.198242
vt 0.171732 0.197064
vt 0.176862 0.197064
vt 0.454492 0.182617
vt 0.385742 0.182617
vt 0.386576 0.181439
vt 0.453659 0.181439
vt 0.793945 0.173626
vt 0.800742 0.173626
vt 0.799909 0.174805
vt 0.794779 0.174805
vt 0.157227 0.111471
vt 0.225977 0.111471
vt 0.225977 0.112305
vt 0.157227 0.112305
vt 0.911133 0.103659
vt 0.91793 0.103659
vt 0.91793 0.104492
vt 0.911133 0.104492
vt 0.302148 0.112305
vt 0.233398 0.112305
vt 0.233398 0.111471
vt 0.302148 0.111471
vt 0.931602 0.104492
vt 0.924805 0.104492
vt 0.924805 0.103659
vt 0.931602 0.103659
vt 0.462747 0.181439
vt 0.529831 0.181439
vt 0.530664 0.182617
vt 0.461914 0.182617
vt 0.894388 0.204876
vt 0.899518 0.204876
vt 0.900352 0.206055
vt 0.893555 0.206055
vt 0.606003 0.182617
vt 0.538919 0.182617
vt 0.538086 0.181439
vt 0.606836 0.181439
vt 0.813581 0.174805
vt 0.808451 0.174805
vt 0.807617 0.173626
vt 0.814414 0.173626
vt 0.387695 0.506836
vt 0.387695 0.501706
vt 0.454779 0.501706
vt 0.454779 0.501706
vt 0.454779 0.506836
vt 0.387695 0.506836
vt 0.528997 0.506836
vt 0.461914 0.506836
vt 0.461914 0.501706
vt 0.461914 0.501706
vt 0.528997 0.501706
vt 0.528997 0.506836
vn -0.707107 -0.707107 0
vn -0.707107 0 0.707107
vn -0.707107 0.707107 0
vn -0.707107 0 -0.707107
vn 0 -1 0
vn 0 0 1
vn 0 1 0
vn 0 0 -1
vn 0.707107 -0.707107 0
vn 0.707107 0 0.707107
vn 0.707107 0.707107 0
vn 0.707107 0 -0.707107
vn -1 0 0
vn -1 0 0
vn 1 0 0
vn 1 0 0
vn -0.707107 -0.707107 0
vn -0.707107 0 0.707107
vn -0.707107 0.707107 0
vn -0.707107 0 -0.707107
vn 0 -1 0
vn 0 0 1
vn 0 1 0
vn 0 0 -1
vn 0.707107 -0.707107 0
vn 0.707107 0 0.707107
vn 0.707107 0.707107 0
vn 0.707107 0 -0.707107
vn -1 0 0
vn -1 0 0
vn 1 0 0
vn 1 0 0
f 1783/3891/1068 1784/3892/1068 1780/3893/1068 1779/3894/1068
f 1784/3895/1069 1785/3896/1069 1781/3897/1069 1780/3898/1069
f 1785/3899/1070 1786/3900/1070 1782/3901/1070 1781/3902/1070
f 1786/3903/1071 1783/3904/1071 1779/3905/1071 1782/3906/1071
f 1787/3907/1072 1788/3908/1072 1784/3909/1072 1783/3910/1072
f 1788/3911/1073 1789/3912/1073 1785/3913/1073 1784/3914/1073
f 1789/3915/1074 1790/3916/1074 1786/3917/1074 1785/3918/1074
f 1790/3919/1075 1787/3920/1075 1783/3921/1075 1786/3922/1075
f 1791/3923/1076 1792/3924/1076 1788/3925/1076 1787/3926/1076
f 1792/3927/1077 1793/3928/1077 1789/3929/1077 1788/3930/1077
f 1793/3931/1078 1794/3932/1078 1790/3933/1078 1789/3934/1078
f 1794/3935/1079 1791/3936/1079 1787/3937/1079 1790/3938/1079
f 1798/3939/1080 1795/3940/1080 1796/3941/1080
f 1796/3942/1081 1797/3943/1081 1798/3944/1081
f 1800/3945/1082 1799/3946/1082 1802/3947/1082
f 1802/3948/1083 1801/3949/1083 1800/3950/1083
f 1807/3951/1084 1808/3952/1084 1804/3953/1084 1803/3954/1084
f 1808/3955/1085 1809/3956/1085 1805/3957/1085 1804/3958/1085
f 1809/3959/1086 1810/3960/1086 1806/3961/1086 1805/3962/1086
f 1810/3963/1087 1807/3964/1087 1803/3965/1087 1806/3966/1087
f 1811/3967/1088 1812/3968/1088 1808/3969/1088 1807/3970/1088
f 1812/3971/1089 1813/3972/1089 1809/3973/1089 1808/3974/1089
f 1813/3975/1090 1814/3976/1090 1810/3977/1090 1809/3978/1090
f 1814/3979/1091 1811/3980/1091 1807/3981/1091 1810/3982/1091
f 1815/3983/1092 1816/3984/1092 1812/3985/1092 1811/3986/1092
f 1816/3987/1093 1817/3988/1093 1813/3989/1093 1812/3990/1093
f 1817/3991/1094 1818/3992/1094 1814/3993/1094 1813/3994/1094
f 1818/3995/1095 1815/3996/1095 1811/3997/1095 1814/3998/1095
f 1822/3999/1096 1819/4000/1096 1820/4001/1096
f 1820/4002/1097 1821/4003/1097 1822/4004/1097
f 1824/4005/1098 1823/4006/1098 1826/4007/1098
f 1826/4008/1099 1825/4009/1099 1824/4010/1099
o shelf_tier_04__deck
usemtl shelf
v 0.089375 1.20875 0.439
v 0.089375 1.20875 0.939625
v 0.089375 1.2175 0.939625
v 0.089375 1.2175 0.439
v 0.096875 1.20125 0.4315
v 0.096875 1.20125 0.947125
v 0.096875 1.225 0.947125
v 0.096875 1.225 0.4315
v 0.903125 1.20125 0.4315
v 0.903125 1.20125 0.947125
v 0.903125 1.225 0.947125
v 0.903125 1.225 0.4315
v 0.910625 1.20875 0.439
v 0.910625 1.20875 0.939625
v 0.910625 1.2175 0.939625
v 0.910625 1.2175 0.439
v 0.089375 1.20875 0.439
v 0.089375 1.20875 0.939625
v 0.089375 1.2175 0.939625
v 0.089375 1.2175 0.439
v 0.910625 1.20875 0.439
v 0.910625 1.20875 0.939625
v 0.910625 1.2175 0.939625
v 0.910625 1.2175 0.439
v 0.909375 1.163542 0.844292
v 0.909375 1.163542 0.923583
v 0.909375 1.194583 0.923583
v 0.909375 1.194583 0.519417
v 0.909375 1.187815 0.519417
v 0.909375 1.182815 0.844292
v 0.916042 1.156875 0.837625
v 0.916042 1.156875 0.93025
v 0.916042 1.20125 0.93025
v 0.916042 1.20125 0.51275
v 0.916042 1.18125 0.51275
v 0.916042 1.17625 0.837625
v 0.922708 1.156875 0.837625
v 0.922708 1.156875 0.93025
v 0.922708 1.20125 0.93025
v 0.922708 1.20125 0.51275
v 0.922708 1.18125 0.51275
v 0.922708 1.17625 0.837625
v 0.929375 1.163542 0.844292
v 0.929375 1.163542 0.923583
v 0.929375 1.194583 0.923583
v 0.929375 1.194583 0.519417
v 0.929375 1.187815 0.519417
v 0.929375 1.182815 0.844292
v 0.909375 1.163542 0.844292
v 0.909375 1.163542 0.923583
v 0.909375 1.194583 0.923583
v 0.909375 1.194583 0.519417
v 0.909375 1.187815 0.519417
v 0.909375 1.182815 0.844292
v 0.929375 1.163542 0.844292
v 0.929375 1.163542 0.923583
v 0.929375 1.194583 0.923583
v 0.929375 1.194583 0.519417
v 0.929375 1.187815 0.519417
v 0.929375 1.182815 0.844292
v 0.070625 1.163542 0.844292
v 0.070625 1.163542 0.923583
v 0.070625 1.194583 0.923583
v 0.070625 1.194583 0.519417
v 0.070625 1.187815 0.519417
v 0.070625 1.182815 0.844292
v 0.077292 1.156875 0.837625
v 0.077292 1.156875 0.93025
v 0.077292 1.20125 0.93025
v 0.077292 1.20125 0.51275
v 0.077292 1.18125 0.51275
v 0.077292 1.17625 0.837625
v 0.083958 1.156875 0.837625
v 0.083958 1.156875 0.93025
v 0.083958 1.20125 0.93025
v 0.083958 1.20125 0.51275
v 0.083958 1.18125 0.51275
v 0.083958 1.17625 0.837625
v 0.090625 1.163542 0.844292
v 0.090625 1.163542 0.923583
v 0.090625 1.194583 0.923583
v 0.090625 1.194583 0.519417
v 0.090625 1.187815 0.519417
v 0.090625 1.182815 0.844292
v 0.070625 1.163542 0.844292
v 0.070625 1.163542 0.923583
v 0.070625 1.194583 0.923583
v 0.070625 1.194583 0.519417
v 0.070625 1.187815 0.519417
v 0.070625 1.182815 0.844292
v 0.090625 1.163542 0.844292
v 0.090625 1.163542 0.923583
v 0.090625 1.194583 0.923583
v 0.090625 1.194583 0.519417
v 0.090625 1.187815 0.519417
v 0.090625 1.182815 0.844292
vt 0.770508 0.220354
vt 0.834961 0.220354
vt 0.834023 0.22168
vt 0.771445 0.22168
vt 0.554727 0.28418
vt 0.551758 0.28418
vt 0.552695 0.282854
vt 0.553789 0.282854
vt 0.069336 0.28418
vt 0.004883 0.28418
vt 0.00582 0.282854
vt 0.068398 0.282854
vt 0.588867 0.243791
vt 0.591836 0.243791
vt 0.590898 0.245117
vt 0.589805 0.245117
vt 0.213086 0.668945
vt 0.213086 0.733398
vt 0.112305 0.733398
vt 0.112305 0.668945
vt 0.773633 0.419883
vt 0.773633 0.422852
vt 0.672852 0.422852
vt 0.672852 0.419883
vt 0.219727 0.733398
vt 0.219727 0.668945
vt 0.320508 0.668945
vt 0.320508 0.733398
vt 0.780273 0.422852
vt 0.780273 0.419883
vt 0.881055 0.419883
vt 0.881055 0.422852
vt 0.841758 0.220354
vt 0.904336 0.220354
vt 0.905273 0.22168
vt 0.84082 0.22168
vt 0.59957 0.243791
vt 0.600664 0.243791
vt 0.601602 0.245117
vt 0.598633 0.245117
vt 0.138711 0.28418
vt 0.076133 0.28418
vt 0.075195 0.282854
vt 0.139648 0.282854
vt 0.61043 0.245117
vt 0.609336 0.245117
vt 0.608398 0.243791
vt 0.611367 0.243791
vt 0.538086 0.15918
vt 0.538086 0.158086
vt 0.600664 0.158086
vt 0.600664 0.158086
vt 0.600664 0.15918
vt 0.538086 0.15918
vt 0.670977 0.15918
vt 0.608398 0.15918
vt 0.608398 0.158086
vt 0.608398 0.158086
vt 0.670977 0.158086
vt 0.670977 0.15918
vt 0.844727 0.165814
vt 0.856305 0.165814
vt 0.855471 0.166992
vt 0.84556 0.166992
vt 0.242852 0.166992
vt 0.237305 0.166992
vt 0.238138 0.165814
vt 0.242018 0.165814
vt 0.291445 0.174805
vt 0.239258 0.174805
vt 0.240091 0.173626
vt 0.290612 0.173626
vt 0.352539 0.165814
vt 0.355039 0.165814
vt 0.354218 0.166992
vt 0.353372 0.166992
vt 0.639648 0.322073
vt 0.68026 0.321631
vt 0.681094 0.3228
vt 0.640482 0.323242
vt 0.486172 0.165814
vt 0.488594 0.165814
vt 0.487761 0.166992
vt 0.485352 0.166992
vt 0.813477 0.103659
vt 0.825055 0.103659
vt 0.825055 0.104492
vt 0.813477 0.104492
vt 0.239258 0.095846
vt 0.244805 0.095846
vt 0.244805 0.09668
vt 0.239258 0.09668
vt 0.05707 0.104492
vt 0.004883 0.104492
vt 0.004883 0.103659
vt 0.05707 0.103659
vt 0.308164 0.09668
vt 0.305664 0.09668
vt 0.305664 0.095846
vt 0.308164 0.095846
vt 0.520508 0.103659
vt 0.561122 0.103659
vt 0.561122 0.104492
vt 0.520508 0.104492
vt 0.444805 0.09668
vt 0.442383 0.09668
vt 0.442383 0.095846
vt 0.444805 0.095846
vt 0.732279 0.173626
vt 0.74219 0.173626
vt 0.743023 0.174805
vt 0.731445 0.174805
vt 0.236185 0.197064
vt 0.240065 0.197064
vt 0.240898 0.198242
vt 0.235352 0.198242
vt 0.349206 0.174805
vt 0.298685 0.174805
vt 0.297852 0.173626
vt 0.350039 0.173626
vt 0.322956 0.198242
vt 0.32211 0.198242
vt 0.321289 0.197064
vt 0.323789 0.197064
vt 0.81431 0.329443
vt 0.854922 0.329885
vt 0.854088 0.331055
vt 0.813477 0.330613
vt 0.883125 0.166992
vt 0.880716 0.166992
vt 0.879883 0.165814
vt 0.882305 0.165814
vt 0.328695 0.470209
vt 0.328695 0.467799
vt 0.338607 0.467799
vt 0.328695 0.470209
vt 0.338607 0.467799
vt 0.338607 0.47168
vt 0.328695 0.470209
vt 0.338607 0.47168
vt 0.288086 0.47168
vt 0.288086 0.47168
vt 0.288086 0.470834
vt 0.328695 0.470209
vt 0.395247 0.47168
vt 0.385336 0.47168
vt 0.385336 0.469271
vt 0.395247 0.467799
vt 0.395247 0.47168
vt 0.385336 0.469271
vt 0.344727 0.467799
vt 0.395247 0.467799
vt 0.385336 0.469271
vt 0.385336 0.469271
vt 0.344727 0.468646
vt 0.344727 0.467799
vt 0.749023 0.173626
vt 0.760602 0.173626
vt 0.759768 0.174805
vt 0.749857 0.174805
vt 0.252617 0.198242
vt 0.24707 0.198242
vt 0.247904 0.197064
vt 0.251784 0.197064
vt 0.408633 0.174805
vt 0.356445 0.174805
vt 0.357279 0.173626
vt 0.407799 0.173626
vt 0.331055 0.197064
vt 0.333555 0.197064
vt 0.332734 0.198242
vt 0.331888 0.198242
vt 0.862305 0.329885
vt 0.902916 0.329443
vt 0.90375 0.330613
vt 0.863138 0.331055
vt 0.890469 0.165814
vt 0.892891 0.165814
vt 0.892058 0.166992
vt 0.889648 0.166992
vt 0.831055 0.103659
vt 0.842633 0.103659
vt 0.842633 0.104492
vt 0.831055 0.104492
vt 0.250977 0.095846
vt 0.256523 0.095846
vt 0.256523 0.09668
vt 0.250977 0.09668
vt 0.115664 0.104492
vt 0.063477 0.104492
vt 0.063477 0.103659
vt 0.115664 0.103659
vt 0.31793 0.09668
vt 0.31543 0.09668
vt 0.31543 0.095846
vt 0.31793 0.095846
vt 0.567383 0.103659
vt 0.607997 0.103659
vt 0.607997 0.104492
vt 0.567383 0.104492
vt 0.45457 0.09668
vt 0.452148 0.09668
vt 0.452148 0.095846
vt 0.45457 0.095846
vt 0.863138 0.165814
vt 0.873049 0.165814
vt 0.873883 0.166992
vt 0.862305 0.166992
vt 0.249857 0.165814
vt 0.253737 0.165814
vt 0.25457 0.166992
vt 0.249023 0.166992
vt 0.466393 0.174805
vt 0.415872 0.174805
vt 0.415039 0.173626
vt 0.467227 0.173626
vt 0.363971 0.166992
vt 0.363125 0.166992
vt 0.362305 0.165814
vt 0.364805 0.165814
vt 0.68931 0.321631
vt 0.729922 0.322073
vt 0.729088 0.323242
vt 0.688477 0.3228
vt 0.49836 0.166992
vt 0.495951 0.166992
vt 0.495117 0.165814
vt 0.497539 0.165814
vt 0.441977 0.470209
vt 0.441977 0.467799
vt 0.451888 0.467799
vt 0.441977 0.470209
vt 0.451888 0.467799
vt 0.451888 0.47168
vt 0.441977 0.470209
vt 0.451888 0.47168
vt 0.401367 0.47168
vt 0.401367 0.47168
vt 0.401367 0.470834
vt 0.441977 0.470209
vt 0.508529 0.47168
vt 0.498617 0.47168
vt 0.498617 0.469271
vt 0.508529 0.467799
vt 0.508529 0.47168
vt 0.498617 0.469271
vt 0.458008 0.467799
vt 0.508529 0.467799
vt 0.498617 0.469271
vt 0.498617 0.469271
vt 0.458008 0.468646
vt 0.458008 0.467799
vn -0.707107 -0.707107 0
vn -0.707107 0 0.707107
vn -0.707107 0.707107 0
vn -0.707107 0 -0.707107
vn 0 -1 0
vn 0 0 1
vn 0 1 0
vn 0 0 -1
vn 0.707107 -0.707107 0
vn 0.707107 0 0.707107
vn 0.707107 0.707107 0
vn 0.707107 0 -0.707107
vn -1 0 0
vn -1 0 0
vn 1 0 0
vn 1 0 0
vn -0.707107 -0.707107 0
vn -0.707107 0 0.707107
vn -0.707107 0.707107 0
vn -0.707107 0 -0.707107
vn -0.707107 -0.707023 -0.010881
vn -0.707107 0 -0.707107
vn 0 -1 0
vn 0 0 1
vn 0 1 0
vn 0 0 -1
vn 0 -0.999882 -0.015389
vn 0 0 -1
vn 0.707107 -0.707107 0
vn 0.707107 0 0.707107
vn 0.707107 0.707107 0
vn 0.707107 0 -0.707107
vn 0.707107 -0.707023 -0.010881
vn 0.707107 0 -0.707107
vn -1 0 0
vn -1 0 0
vn -1 0 0
vn -1 0 0
vn 1 0 0
vn 1 0 0
vn 1 0 0
vn 1 0 0
vn -0.707107 -0.707107 0
vn -0.707107 0 0.707107
vn -0.707107 0.707107 0
vn -0.707107 0 -0.707107
vn -0.707107 -0.707023 -0.010881
vn -0.707107 0 -0.707107
vn 0 -1 0
vn 0 0 1
vn 0 1 0
vn 0 0 -1
vn 0 -0.999882 -0.015389
vn 0 0 -1
vn 0.707107 -0.707107 0
vn 0.707107 0 0.707107
vn 0.707107 0.707107 0
vn 0.707107 0 -0.707107
vn 0.707107 -0.707023 -0.010881
vn 0.707107 0 -0.707107
vn -1 0 0
vn -1 0 0
vn -1 0 0
vn -1 0 0
vn 1 0 0
vn 1 0 0
vn 1 0 0
vn 1 0 0
f 1831/4011/1100 1832/4012/1100 1828/4013/1100 1827/4014/1100
f 1832/4015/1101 1833/4016/1101 1829/4017/1101 1828/4018/1101
f 1833/4019/1102 1834/4020/1102 1830/4021/1102 1829/4022/1102
f 1834/4023/1103 1831/4024/1103 1827/4025/1103 1830/4026/1103
f 1835/4027/1104 1836/4028/1104 1832/4029/1104 1831/4030/1104
f 1836/4031/1105 1837/4032/1105 1833/4033/1105 1832/4034/1105
f 1837/4035/1106 1838/4036/1106 1834/4037/1106 1833/4038/1106
f 1838/4039/1107 1835/4040/1107 1831/4041/1107 1834/4042/1107
f 1839/4043/1108 1840/4044/1108 1836/4045/1108 1835/4046/1108
f 1840/4047/1109 1841/4048/1109 1837/4049/1109 1836/4050/1109
f 1841/4051/1110 1842/4052/1110 1838/4053/1110 1837/4054/1110
f 1842/4055/1111 1839/4056/1111 1835/4057/1111 1838/4058/1111
f 1846/4059/1112 1843/4060/1112 1844/4061/1112
f 1844/4062/1113 1845/4063/1113 1846/4064/1113
f 1848/4065/1114 1847/4066/1114 1850/4067/1114
f 1850/4068/1115 1849/4069/1115 1848/4070/1115
f 1857/4071/1116 1858/4072/1116 1852/4073/1116 1851/4074/1116
f 1858/4075/1117 1859/4076/1117 1853/4077/1117 1852/4078/1117
f 1859/4079/1118 1860/4080/1118 1854/4081/1118 1853/4082/1118
f 1860/4083/1119 1861/4084/1119 1855/4085/1119 1854/4086/1119
f 1861/4087/1120 1862/4088/1120 1856/4089/1120 1855/4090/1120
f 1862/4091/1121 1857/4092/1121 1851/4093/1121 1856/4094/1121
f 1863/4095/1122 1864/4096/1122 1858/4097/1122 1857/4098/1122
f 1864/4099/1123 1865/4100/1123 1859/4101/1123 1858/4102/1123
f 1865/4103/1124 1866/4104/1124 1860/4105/1124 1859/4106/1124
f 1866/4107/1125 1867/4108/1125 1861/4109/1125 1860/4110/1125
f 1867/4111/1126 1868/4112/1126 1862/4113/1126 1861/4114/1126
f 1868/4115/1127 1863/4116/1127 1857/4117/1127 1862/4118/1127
f 1869/4119/1128 1870/4120/1128 1864/4121/1128 1863/4122/1128
f 1870/4123/1129 1871/4124/1129 1865/4125/1129 1864/4126/1129
f 1871/4127/1130 1872/4128/1130 1866/4129/1130 1865/4130/1130
f 1872/4131/1131 1873/4132/1131 1867/4133/1131 1866/4134/1131
f 1873/4135/1132 1874/4136/1132 1868/4137/1132 1867/4138/1132
f 1874/4139/1133 1869/4140/1133 1863/4141/1133 1868/4142/1133
f 1880/4143/1134 1875/4144/1134 1876/4145/1134
f 1880/4146/1135 1876/4147/1135 1877/4148/1135
f 1880/4149/1136 1877/4150/1136 1878/4151/1136
f 1878/4152/1137 1879/4153/1137 1880/4154/1137
f 1882/4155/1138 1881/4156/1138 1886/4157/1138
f 1883/4158/1139 1882/4159/1139 1886/4160/1139
f 1884/4161/1140 1883/4162/1140 1886/4163/1140
f 1886/4164/1141 1885/4165/1141 1884/4166/1141
f 1893/4167/1142 1894/4168/1142 1888/4169/1142 1887/4170/1142
f 1894/4171/1143 1895/4172/1143 1889/4173/1143 1888/4174/1143
f 1895/4175/1144 1896/4176/1144 1890/4177/1144 1889/4178/1144
f 1896/4179/1145 1897/4180/1145 1891/4181/1145 1890/4182/1145
f 1897/4183/1146 1898/4184/1146 1892/4185/1146 1891/4186/1146
f 1898/4187/1147 1893/4188/1147 1887/4189/1147 1892/4190/1147
f 1899/4191/1148 1900/4192/1148 1894/4193/1148 1893/4194/1148
f 1900/4195/1149 1901/4196/1149 1895/4197/1149 1894/4198/1149
f 1901/4199/1150 1902/4200/1150 1896/4201/1150 1895/4202/1150
f 1902/4203/1151 1903/4204/1151 1897/4205/1151 1896/4206/1151
f 1903/4207/1152 1904/4208/1152 1898/4209/1152 1897/4210/1152
f 1904/4211/1153 1899/4212/1153 1893/4213/1153 1898/4214/1153
f 1905/4215/1154 1906/4216/1154 1900/4217/1154 1899/4218/1154
f 1906/4219/1155 1907/4220/1155 1901/4221/1155 1900/4222/1155
f 1907/4223/1156 1908/4224/1156 1902/4225/1156 1901/4226/1156
f 1908/4227/1157 1909/4228/1157 1903/4229/1157 1902/4230/1157
f 1909/4231/1158 1910/4232/1158 1904/4233/1158 1903/4234/1158
f 1910/4235/1159 1905/4236/1159 1899/4237/1159 1904/4238/1159
f 1916/4239/1160 1911/4240/1160 1912/4241/1160
f 1916/4242/1161 1912/4243/1161 1913/4244/1161
f 1916/4245/1162 1913/4246/1162 1914/4247/1162
f 1914/4248/1163 1915/4249/1163 1916/4250/1163
f 1918/4251/1164 1917/4252/1164 1922/4253/1164
f 1919/4254/1165 1918/4255/1165 1922/4256/1165
f 1920/4257/1166 1919/4258/1166 1922/4259/1166
f 1922/4260/1167 1921/4261/1167 1920/4262/1167
o shelf_tier_05__plastic
usemtl shelf
v 0.076875 1.591875 0.417125
v 0.076875 1.591875 0.949
v 0.076875 1.60625 0.949
v 0.076875 1.60625 0.417125
v 0.084375 1.584375 0.409625
v 0.084375 1.584375 0.9565
v 0.084375 1.61375 0.9565
v 0.084375 1.61375 0.409625
v 0.915625 1.584375 0.409625
v 0.915625 1.584375 0.9565
v 0.915625 1.61375 0.9565
v 0.915625 1.61375 0.409625
v 0.923125 1.591875 0.417125
v 0.923125 1.591875 0.949
v 0.923125 1.60625 0.949
v 0.923125 1.60625 0.417125
v 0.076875 1.591875 0.417125
v 0.076875 1.591875 0.949
v 0.076875 1.60625 0.949
v 0.076875 1.60625 0.417125
v 0.923125 1.591875 0.417125
v 0.923125 1.591875 0.949
v 0.923125 1.60625 0.949
v 0.923125 1.60625 0.417125
v 0.1175 1.61375 0.94275
v 0.1175 1.61375 0.959625
v 0.1175 1.629375 0.959625
v 0.1175 1.629375 0.94275
v 0.8825 1.61375 0.94275
v 0.8825 1.61375 0.959625
v 0.8825 1.629375 0.959625
v 0.8825 1.629375 0.94275
v 0.1175 1.61375 0.94275
v 0.1175 1.61375 0.959625
v 0.1175 1.629375 0.959625
v 0.1175 1.629375 0.94275
v 0.8825 1.61375 0.94275
v 0.8825 1.61375 0.959625
v 0.8825 1.629375 0.959625
v 0.8825 1.629375 0.94275
vt 0.004883 0.306291
vt 0.073242 0.306291
vt 0.072305 0.307617
vt 0.00582 0.307617
vt 0.45582 0.213867
vt 0.452148 0.213867
vt 0.453086 0.212541
vt 0.454883 0.212541
vt 0.776367 0.213867
vt 0.708008 0.213867
vt 0.708945 0.212541
vt 0.77543 0.212541
vt 0.760742 0.243791
vt 0.764414 0.243791
vt 0.763477 0.245117
vt 0.76168 0.245117
vt 0.331445 0.739258
vt 0.331445 0.807617
vt 0.227539 0.807617
vt 0.227539 0.739258
vt 0.108789 0.428945
vt 0.108789 0.432617
vt 0.004883 0.432617
vt 0.004883 0.428945
vt 0.338867 0.807617
vt 0.338867 0.739258
vt 0.442773 0.739258
vt 0.442773 0.807617
vt 0.116211 0.432617
vt 0.116211 0.428945
vt 0.220117 0.428945
vt 0.220117 0.432617
vt 0.080039 0.306291
vt 0.146523 0.306291
vt 0.147461 0.307617
vt 0.079102 0.307617
vt 0.523398 0.282854
vt 0.525195 0.282854
vt 0.526133 0.28418
vt 0.522461 0.28418
vt 0.849648 0.213867
vt 0.783164 0.213867
vt 0.782227 0.212541
vt 0.850586 0.212541
vt 0.493945 0.245117
vt 0.492148 0.245117
vt 0.491211 0.243791
vt 0.494883 0.243791
vt 0.450195 0.331055
vt 0.450195 0.329258
vt 0.51668 0.329258
vt 0.51668 0.329258
vt 0.51668 0.331055
vt 0.450195 0.331055
vt 0.590898 0.331055
vt 0.524414 0.331055
vt 0.524414 0.329258
vt 0.524414 0.329258
vt 0.590898 0.329258
vt 0.590898 0.331055
vt 0.709883 0.371914
vt 0.709883 0.374023
vt 0.614258 0.374023
vt 0.614258 0.371914
vt 0.913008 0.344727
vt 0.913008 0.34668
vt 0.817383 0.34668
vt 0.817383 0.344727
vt 0.71582 0.374023
vt 0.71582 0.371914
vt 0.811445 0.371914
vt 0.811445 0.374023
vt 0.004883 0.338867
vt 0.004883 0.336914
vt 0.100508 0.336914
vt 0.100508 0.338867
vt 0.18457 0.338867
vt 0.18457 0.336914
vt 0.18668 0.336914
vt 0.18668 0.336914
vt 0.18668 0.338867
vt 0.18457 0.338867
vt 0.196445 0.338867
vt 0.194336 0.338867
vt 0.194336 0.336914
vt 0.194336 0.336914
vt 0.196445 0.336914
vt 0.196445 0.338867
vn -0.707107 -0.707107 0
vn -0.707107 0 0.707107
vn -0.707107 0.707107 0
vn -0.707107 0 -0.707107
vn 0 -1 0
vn 0 0 1
vn 0 1 0
vn 0 0 -1
vn 0.707107 -0.707107 0
vn 0.707107 0 0.707107
vn 0.707107 0.707107 0
vn 0.707107 0 -0.707107
vn -1 0 0
vn -1 0 0
vn 1 0 0
vn 1 0 0
vn 0 -1 0
vn 0 0 1
vn 0 1 0
vn 0 0 -1
vn -1 0 0
vn -1 0 0
vn 1 0 0
vn 1 0 0
f 1927/4263/1168 1928/4264/1168 1924/4265/1168 1923/4266/1168
f 1928/4267/1169 1929/4268/1169 1925/4269/1169 1924/4270/1169
f 1929/4271/1170 1930/4272/1170 1926/4273/1170 1925/4274/1170
f 1930/4275/1171 1927/4276/1171 1923/4277/1171 1926/4278/1171
f 1931/4279/1172 1932/4280/1172 1928/4281/1172 1927/4282/1172
f 1932/4283/1173 1933/4284/1173 1929/4285/1173 1928/4286/1173
f 1933/4287/1174 1934/4288/1174 1930/4289/1174 1929/4290/1174
f 1934/4291/1175 1931/4292/1175 1927/4293/1175 1930/4294/1175
f 1935/4295/1176 1936/4296/1176 1932/4297/1176 1931/4298/1176
f 1936/4299/1177 1937/4300/1177 1933/4301/1177 1932/4302/1177
f 1937/4303/1178 1938/4304/1178 1934/4305/1178 1933/4306/1178
f 1938/4307/1179 1935/4308/1179 1931/4309/1179 1934/4310/1179
f 1942/4311/1180 1939/4312/1180 1940/4313/1180
f 1940/4314/1181 1941/4315/1181 1942/4316/1181
f 1944/4317/1182 1943/4318/1182 1946/4319/1182
f 1946/4320/1183 1945/4321/1183 1944/4322/1183
f 1951/4323/1184 1952/4324/1184 1948/4325/1184 1947/4326/1184
f 1952/4327/1185 1953/4328/1185 1949/4329/1185 1948/4330/1185
f 1953/4331/1186 1954/4332/1186 1950/4333/1186 1949/4334/1186
f 1954/4335/1187 1951/4336/1187 1947/4337/1187 1950/4338/1187
f 1958/4339/1188 1955/4340/1188 1956/4341/1188
f 1956/4342/1189 1957/4343/1189 1958/4344/1189
f 1960/4345/1190 1959/4346/1190 1962/4347/1190
f 1962/4348/1191 1961/4349/1191 1960/4350/1191
o shelf_tier_05__trim
usemtl shelf
v 0.071875 1.603125 0.390875
v 0.071875 1.603125 0.402125
v 0.071875 1.636875 0.402125
v 0.071875 1.636875 0.390875
v 0.079375 1.595625 0.383375
v 0.079375 1.595625 0.409625
v 0.079375 1.644375 0.409625
v 0.079375 1.644375 0.383375
v 0.920625 1.595625 0.383375
v 0.920625 1.595625 0.409625
v 0.920625 1.644375 0.409625
v 0.920625 1.644375 0.383375
v 0.928125 1.603125 0.390875
v 0.928125 1.603125 0.402125
v 0.928125 1.636875 0.402125
v 0.928125 1.636875 0.390875
v 0.071875 1.603125 0.390875
v 0.071875 1.603125 0.402125
v 0.071875 1.636875 0.402125
v 0.071875 1.636875 0.390875
v 0.928125 1.603125 0.390875
v 0.928125 1.603125 0.402125
v 0.928125 1.636875 0.402125
v 0.928125 1.636875 0.390875
v 0.078125 1.64125 0.3815
v 0.078125 1.64125 0.385875
v 0.078125 1.648125 0.385875
v 0.078125 1.648125 0.3815
v 0.921875 1.64125 0.3815
v 0.921875 1.64125 0.385875
v 0.921875 1.648125 0.385875
v 0.921875 1.648125 0.3815
v 0.078125 1.64125 0.3815
v 0.078125 1.64125 0.385875
v 0.078125 1.648125 0.385875
v 0.078125 1.648125 0.3815
v 0.921875 1.64125 0.3815
v 0.921875 1.64125 0.385875
v 0.921875 1.648125 0.385875
v 0.921875 1.648125 0.3815
vt 0.520508 0.212541
vt 0.523789 0.212541
vt 0.522852 0.213867
vt 0.521445 0.213867
vt 0.278555 0.245117
vt 0.272461 0.245117
vt 0.273398 0.243791
vt 0.277617 0.243791
vt 0.533555 0.213867
vt 0.530273 0.213867
vt 0.531211 0.212541
vt 0.532617 0.212541
vt 0.766602 0.275041
vt 0.772695 0.275041
vt 0.771758 0.276367
vt 0.767539 0.276367
vt 0.555352 0.41957
vt 0.555352 0.422852
vt 0.450195 0.422852
vt 0.450195 0.41957
vt 0.778008 0.526133
vt 0.778008 0.532227
vt 0.672852 0.532227
vt 0.672852 0.526133
vt 0.561523 0.422852
vt 0.561523 0.41957
vt 0.66668 0.41957
vt 0.66668 0.422852
vt 0.78418 0.532227
vt 0.78418 0.526133
vt 0.889336 0.526133
vt 0.889336 0.532227
vt 0.540977 0.212541
vt 0.542383 0.212541
vt 0.54332 0.213867
vt 0.540039 0.213867
vt 0.361289 0.282854
vt 0.365508 0.282854
vt 0.366445 0.28418
vt 0.360352 0.28418
vt 0.552148 0.213867
vt 0.550742 0.213867
vt 0.549805 0.212541
vt 0.553086 0.212541
vt 0.78543 0.276367
vt 0.781211 0.276367
vt 0.780273 0.275041
vt 0.786367 0.275041
vt 0.293945 0.314023
vt 0.298164 0.314023
vt 0.298164 0.31543
vt 0.298164 0.31543
vt 0.293945 0.31543
vt 0.293945 0.314023
vt 0.305664 0.31543
vt 0.305664 0.314023
vt 0.309883 0.314023
vt 0.309883 0.314023
vt 0.309883 0.31543
vt 0.305664 0.31543
vt 0.110352 0.041445
vt 0.110352 0.041992
vt 0.004883 0.041992
vt 0.004883 0.041445
vt 0.333008 0.134883
vt 0.333008 0.135742
vt 0.227539 0.135742
vt 0.227539 0.134883
vt 0.116211 0.041992
vt 0.116211 0.041445
vt 0.22168 0.041445
vt 0.22168 0.041992
vt 0.338867 0.135742
vt 0.338867 0.134883
vt 0.444336 0.134883
vt 0.444336 0.135742
vt 0.290039 0.041445
vt 0.290898 0.041445
vt 0.290898 0.041992
vt 0.290898 0.041992
vt 0.290039 0.041992
vt 0.290039 0.041445
vt 0.297852 0.041992
vt 0.297852 0.041445
vt 0.298711 0.041445
vt 0.298711 0.041445
vt 0.298711 0.041992
vt 0.297852 0.041992
vn -0.707107 -0.707107 0
vn -0.707107 0 0.707107
vn -0.707107 0.707107 0
vn -0.707107 0 -0.707107
vn 0 -1 0
vn 0 0 1
vn 0 1 0
vn 0 0 -1
vn 0.707107 -0.707107 0
vn 0.707107 0 0.707107
vn 0.707107 0.707107 0
vn 0.707107 0 -0.707107
vn -1 0 0
vn -1 0 0
vn 1 0 0
vn 1 0 0
vn 0 -1 0
vn 0 0 1
vn 0 1 0
vn 0 0 -1
vn -1 0 0
vn -1 0 0
vn 1 0 0
vn 1 0 0
f 1967/4351/1192 1968/4352/1192 1964/4353/1192 1963/4354/1192
f 1968/4355/1193 1969/4356/1193 1965/4357/1193 1964/4358/1193
f 1969/4359/1194 1970/4360/1194 1966/4361/1194 1965/4362/1194
f 1970/4363/1195 1967/4364/1195 1963/4365/1195 1966/4366/1195
f 1971/4367/1196 1972/4368/1196 1968/4369/1196 1967/4370/1196
f 1972/4371/1197 1973/4372/1197 1969/4373/1197 1968/4374/1197
f 1973/4375/1198 1974/4376/1198 1970/4377/1198 1969/4378/1198
f 1974/4379/1199 1971/4380/1199 1967/4381/1199 1970/4382/1199
f 1975/4383/1200 1976/4384/1200 1972/4385/1200 1971/4386/1200
f 1976/4387/1201 1977/4388/1201 1973/4389/1201 1972/4390/1201
f 1977/4391/1202 1978/4392/1202 1974/4393/1202 1973/4394/1202
f 1978/4395/1203 1975/4396/1203 1971/4397/1203 1974/4398/1203
f 1982/4399/1204 1979/4400/1204 1980/4401/1204
f 1980/4402/1205 1981/4403/1205 1982/4404/1205
f 1984/4405/1206 1983/4406/1206 1986/4407/1206
f 1986/4408/1207 1985/4409/1207 1984/4410/1207
f 1991/4411/1208 1992/4412/1208 1988/4413/1208 1987/4414/1208
f 1992/4415/1209 1993/4416/1209 1989/4417/1209 1988/4418/1209
f 1993/4419/1210 1994/4420/1210 1990/4421/1210 1989/4422/1210
f 1994/4423/1211 1991/4424/1211 1987/4425/1211 1990/4426/1211
f 1998/4427/1212 1995/4428/1212 1996/4429/1212
f 1996/4430/1213 1997/4431/1213 1998/4432/1213
f 2000/4433/1214 1999/4434/1214 2002/4435/1214
f 2002/4436/1215 2001/4437/1215 2000/4438/1215
o shelf_tier_05__mid
usemtl shelf
v 0.909375 1.594167 0.400667
v 0.909375 1.594167 0.937333
v 0.909375 1.635208 0.937333
v 0.909375 1.635208 0.400667
v 0.916042 1.5875 0.394
v 0.916042 1.5875 0.944
v 0.916042 1.641875 0.944
v 0.916042 1.641875 0.394
v 0.922708 1.5875 0.394
v 0.922708 1.5875 0.944
v 0.922708 1.641875 0.944
v 0.922708 1.641875 0.394
v 0.929375 1.594167 0.400667
v 0.929375 1.594167 0.937333
v 0.929375 1.635208 0.937333
v 0.929375 1.635208 0.400667
v 0.909375 1.594167 0.400667
v 0.909375 1.594167 0.937333
v 0.909375 1.635208 0.937333
v 0.909375 1.635208 0.400667
v 0.929375 1.594167 0.400667
v 0.929375 1.594167 0.937333
v 0.929375 1.635208 0.937333
v 0.929375 1.635208 0.400667
v 0.070625 1.594167 0.400667
v 0.070625 1.594167 0.937333
v 0.070625 1.635208 0.937333
v 0.070625 1.635208 0.400667
v 0.077292 1.5875 0.394
v 0.077292 1.5875 0.944
v 0.077292 1.641875 0.944
v 0.077292 1.641875 0.394
v 0.083958 1.5875 0.394
v 0.083958 1.5875 0.944
v 0.083958 1.641875 0.944
v 0.083958 1.641875 0.394
v 0.090625 1.594167 0.400667
v 0.090625 1.594167 0.937333
v 0.090625 1.635208 0.937333
v 0.090625 1.635208 0.400667
v 0.070625 1.594167 0.400667
v 0.070625 1.594167 0.937333
v 0.070625 1.635208 0.937333
v 0.070625 1.635208 0.400667
v 0.090625 1.594167 0.400667
v 0.090625 1.594167 0.937333
v 0.090625 1.635208 0.937333
v 0.090625 1.635208 0.400667
vt 0.614258 0.181439
vt 0.683008 0.181439
vt 0.682174 0.182617
vt 0.615091 0.182617
vt 0.914023 0.206055
vt 0.907227 0.206055
vt 0.90806 0.204876
vt 0.91319 0.204876
vt 0.339258 0.206055
vt 0.270508 0.206055
vt 0.271341 0.204876
vt 0.338424 0.204876
vt 0.821289 0.173626
vt 0.828086 0.173626
vt 0.827253 0.174805
vt 0.822122 0.174805
vt 0.30957 0.111471
vt 0.37832 0.111471
vt 0.37832 0.112305
vt 0.30957 0.112305
vt 0.938477 0.103659
vt 0.945273 0.103659
vt 0.945273 0.104492
vt 0.938477 0.104492
vt 0.454492 0.112305
vt 0.385742 0.112305
vt 0.385742 0.111471
vt 0.454492 0.111471
vt 0.958945 0.104492
vt 0.952148 0.104492
vt 0.952148 0.103659
vt 0.958945 0.103659
vt 0.900247 0.165814
vt 0.967331 0.165814
vt 0.968164 0.166992
vt 0.899414 0.166992
vt 0.185404 0.197064
vt 0.190534 0.197064
vt 0.191367 0.198242
vt 0.18457 0.198242
vt 0.760299 0.166992
vt 0.693216 0.166992
vt 0.692383 0.165814
vt 0.761133 0.165814
vt 0.840924 0.174805
vt 0.835794 0.174805
vt 0.834961 0.173626
vt 0.841758 0.173626
vt 0.536133 0.506836
vt 0.536133 0.501706
vt 0.603216 0.501706
vt 0.603216 0.501706
vt 0.603216 0.506836
vt 0.536133 0.506836
vt 0.677435 0.506836
vt 0.610352 0.506836
vt 0.610352 0.501706
vt 0.610352 0.501706
vt 0.677435 0.501706
vt 0.677435 0.506836
vt 0.004883 0.158001
vt 0.073633 0.158001
vt 0.072799 0.15918
vt 0.005716 0.15918
vt 0.205039 0.198242
vt 0.198242 0.198242
vt 0.199076 0.197064
vt 0.204206 0.197064
vt 0.837305 0.166992
vt 0.768555 0.166992
vt 0.769388 0.165814
vt 0.836471 0.165814
vt 0.848633 0.173626
vt 0.85543 0.173626
vt 0.854596 0.174805
vt 0.849466 0.174805
vt 0.461914 0.111471
vt 0.530664 0.111471
vt 0.530664 0.112305
vt 0.461914 0.112305
vt 0.96582 0.103659
vt 0.972617 0.103659
vt 0.972617 0.104492
vt 0.96582 0.104492
vt 0.606836 0.112305
vt 0.538086 0.112305
vt 0.538086 0.111471
vt 0.606836 0.111471
vt 0.986289 0.104492
vt 0.979492 0.104492
vt 0.979492 0.103659
vt 0.986289 0.103659
vt 0.691263 0.181439
vt 0.758346 0.181439
vt 0.75918 0.182617
vt 0.69043 0.182617
vt 0.921732 0.204876
vt 0.926862 0.204876
vt 0.927695 0.206055
vt 0.920898 0.206055
vt 0.414596 0.206055
vt 0.347513 0.206055
vt 0.34668 0.204876
vt 0.41543 0.204876
vt 0.868268 0.174805
vt 0.863138 0.174805
vt 0.862305 0.173626
vt 0.869102 0.173626
vt 0.68457 0.506836
vt 0.68457 0.501706
vt 0.751654 0.501706
vt 0.751654 0.501706
vt 0.751654 0.506836
vt 0.68457 0.506836
vt 0.825872 0.506836
vt 0.758789 0.506836
vt 0.758789 0.501706
vt 0.758789 0.501706
vt 0.825872 0.501706
vt 0.825872 0.506836
vn -0.707107 -0.707107 0
vn -0.707107 0 0.707107
vn -0.707107 0.707107 0
vn -0.707107 0 -0.707107
vn 0 -1 0
vn 0 0 1
vn 0 1 0
vn 0 0 -1
vn 0.707107 -0.707107 0
vn 0.707107 0 0.707107
vn 0.707107 0.707107 0
vn 0.707107 0 -0.707107
vn -1 0 0
vn -1 0 0
vn 1 0 0
vn 1 0 0
vn -0.707107 -0.707107 0
vn -0.707107 0 0.707107
vn -0.707107 0.707107 0
vn -0.707107 0 -0.707107
vn 0 -1 0
vn 0 0 1
vn 0 1 0
vn 0 0 -1
vn 0.707107 -0.707107 0
vn 0.707107 0 0.707107
vn 0.707107 0.707107 0
vn 0.707107 0 -0.707107
vn -1 0 0
vn -1 0 0
vn 1 0 0
vn 1 0 0
f 2007/4439/1216 2008/4440/1216 2004/4441/1216 2003/4442/1216
f 2008/4443/1217 2009/4444/1217 2005/4445/1217 2004/4446/1217
f 2009/4447/1218 2010/4448/1218 2006/4449/1218 2005/4450/1218
f 2010/4451/1219 2007/4452/1219 2003/4453/1219 2006/4454/1219
f 2011/4455/1220 2012/4456/1220 2008/4457/1220 2007/4458/1220
f 2012/4459/1221 2013/4460/1221 2009/4461/1221 2008/4462/1221
f 2013/4463/1222 2014/4464/1222 2010/4465/1222 2009/4466/1222
f 2014/4467/1223 2011/4468/1223 2007/4469/1223 2010/4470/1223
f 2015/4471/1224 2016/4472/1224 2012/4473/1224 2011/4474/1224
f 2016/4475/1225 2017/4476/1225 2013/4477/1225 2012/4478/1225
f 2017/4479/1226 2018/4480/1226 2014/4481/1226 2013/4482/1226
f 2018/4483/1227 2015/4484/1227 2011/4485/1227 2014/4486/1227
f 2022/4487/1228 2019/4488/1228 2020/4489/1228
f 2020/4490/1229 2021/4491/1229 2022/4492/1229
f 2024/4493/1230 2023/4494/1230 2026/4495/1230
f 2026/4496/1231 2025/4497/1231 2024/4498/1231
f 2031/4499/1232 2032/4500/1232 2028/4501/1232 2027/4502/1232
f 2032/4503/1233 2033/4504/1233 2029/4505/1233 2028/4506/1233
f 2033/4507/1234 2034/4508/1234 2030/4509/1234 2029/4510/1234
f 2034/4511/1235 2031/4512/1235 2027/4513/1235 2030/4514/1235
f 2035/4515/1236 2036/4516/1236 2032/4517/1236 2031/4518/1236
f 2036/4519/1237 2037/4520/1237 2033/4521/1237 2032/4522/1237
f 2037/4523/1238 2038/4524/1238 2034/4525/1238 2033/4526/1238
f 2038/4527/1239 2035/4528/1239 2031/4529/1239 2034/4530/1239
f 2039/4531/1240 2040/4532/1240 2036/4533/1240 2035/4534/1240
f 2040/4535/1241 2041/4536/1241 2037/4537/1241 2036/4538/1241
f 2041/4539/1242 2042/4540/1242 2038/4541/1242 2037/4542/1242
f 2042/4543/1243 2039/4544/1243 2035/4545/1243 2038/4546/1243
f 2046/4547/1244 2043/4548/1244 2044/4549/1244
f 2044/4550/1245 2045/4551/1245 2046/4552/1245
f 2048/4553/1246 2047/4554/1246 2050/4555/1246
f 2050/4556/1247 2049/4557/1247 2048/4558/1247
o shelf_tier_05__deck
usemtl shelf
v 0.089375 1.568125 0.439
v 0.089375 1.568125 0.939625
v 0.089375 1.576875 0.939625
v 0.089375 1.576875 0.439
v 0.096875 1.560625 0.4315
v 0.096875 1.560625 0.947125
v 0.096875 1.584375 0.947125
v 0.096875 1.584375 0.4315
v 0.903125 1.560625 0.4315
v 0.903125 1.560625 0.947125
v 0.903125 1.584375 0.947125
v 0.903125 1.584375 0.4315
v 0.910625 1.568125 0.439
v 0.910625 1.568125 0.939625
v 0.910625 1.576875 0.939625
v 0.910625 1.576875 0.439
v 0.089375 1.568125 0.439
v 0.089375 1.568125 0.939625
v 0.089375 1.576875 0.939625
v 0.089375 1.576875 0.439
v 0.910625 1.568125 0.439
v 0.910625 1.568125 0.939625
v 0.910625 1.576875 0.939625
v 0.910625 1.576875 0.439
v 0.909375 1.522917 0.844292
v 0.909375 1.522917 0.923583
v 0.909375 1.553958 0.923583
v 0.909375 1.553958 0.519417
v 0.909375 1.54719 0.519417
v 0.909375 1.54219 0.844292
v 0.916042 1.51625 0.837625
v 0.916042 1.51625 0.93025
v 0.916042 1.560625 0.93025
v 0.916042 1.560625 0.51275
v 0.916042 1.540625 0.51275
v 0.916042 1.535625 0.837625
v 0.922708 1.51625 0.837625
v 0.922708 1.51625 0.93025
v 0.922708 1.560625 0.93025
v 0.922708 1.560625 0.51275
v 0.922708 1.540625 0.51275
v 0.922708 1.535625 0.837625
v 0.929375 1.522917 0.844292
v 0.929375 1.522917 0.923583
v 0.929375 1.553958 0.923583
v 0.929375 1.553958 0.519417
v 0.929375 1.54719 0.519417
v 0.929375 1.54219 0.844292
v 0.909375 1.522917 0.844292
v 0.909375 1.522917 0.923583
v 0.909375 1.553958 0.923583
v 0.909375 1.553958 0.519417
v 0.909375 1.54719 0.519417
v 0.909375 1.54219 0.844292
v 0.929375 1.522917 0.844292
v 0.929375 1.522917 0.923583
v 0.929375 1.553958 0.923583
v 0.929375 1.553958 0.519417
v 0.929375 1.54719 0.519417
v 0.929375 1.54219 0.844292
v 0.070625 1.522917 0.844292
v 0.070625 1.522917 0.923583
v 0.070625 1.553958 0.923583
v 0.070625 1.553958 0.519417
v 0.070625 1.54719 0.519417
v 0.070625 1.54219 0.844292
v 0.077292 1.51625 0.837625
v 0.077292 1.51625 0.93025
v 0.077292 1.560625 0.93025
v 0.077292 1.560625 0.51275
v 0.077292 1.540625 0.51275
v 0.077292 1.535625 0.837625
v 0.083958 1.51625 0.837625
v 0.083958 1.51625 0.93025
v 0.083958 1.560625 0.93025
v 0.083958 1.560625 0.51275
v 0.083958 1.540625 0.51275
v 0.083958 1.535625 0.837625
v 0.090625 1.522917 0.844292
v 0.090625 1.522917 0.923583
v 0.090625 1.553958 0.923583
v 0.090625 1.553958 0.519417
v 0.090625 1.54719 0.519417
v 0.090625 1.54219 0.844292
v 0.070625 1.522917 0.844292
v 0.070625 1.522917 0.923583
v 0.070625 1.553958 0.923583
v 0.070625 1.553958 0.519417
v 0.070625 1.54719 0.519417
v 0.070625 1.54219 0.844292
v 0.090625 1.522917 0.844292
v 0.090625 1.522917 0.923583
v 0.090625 1.553958 0.923583
v 0.090625 1.553958 0.519417
v 0.090625 1.54719 0.519417
v 0.090625 1.54219 0.844292
vt 0.911133 0.220354
vt 0.975586 0.220354
vt 0.974648 0.22168
vt 0.91207 0.22168
vt 0.564492 0.28418
vt 0.561523 0.28418
vt 0.562461 0.282854
vt 0.563555 0.282854
vt 0.217773 0.307617
vt 0.15332 0.307617
vt 0.154258 0.306291
vt 0.216836 0.306291
vt 0.618164 0.243791
vt 0.621133 0.243791
vt 0.620195 0.245117
vt 0.619102 0.245117
vt 0.42793 0.668945
vt 0.42793 0.733398
vt 0.327148 0.733398
vt 0.327148 0.668945
vt 0.988477 0.419883
vt 0.988477 0.422852
vt 0.887695 0.422852
vt 0.887695 0.419883
vt 0.43457 0.733398
vt 0.43457 0.668945
vt 0.535352 0.668945
vt 0.535352 0.733398
vt 0.004883 0.413086
vt 0.004883 0.410117
vt 0.105664 0.410117
vt 0.105664 0.413086
vt 0.00582 0.212541
vt 0.068398 0.212541
vt 0.069336 0.213867
vt 0.004883 0.213867
vt 0.628867 0.243791
vt 0.629961 0.243791
vt 0.630898 0.245117
vt 0.62793 0.245117
vt 0.287148 0.307617
vt 0.22457 0.307617
vt 0.223633 0.306291
vt 0.288086 0.306291
vt 0.639727 0.245117
vt 0.638633 0.245117
vt 0.637695 0.243791
vt 0.640664 0.243791
vt 0.678711 0.15918
vt 0.678711 0.158086
vt 0.741289 0.158086
vt 0.741289 0.158086
vt 0.741289 0.15918
vt 0.678711 0.15918
vt 0.811602 0.15918
vt 0.749023 0.15918
vt 0.749023 0.158086
vt 0.749023 0.158086
vt 0.811602 0.158086
vt 0.811602 0.15918
vt 0.844727 0.204876
vt 0.856305 0.204876
vt 0.855471 0.206055
vt 0.84556 0.206055
vt 0.266289 0.166992
vt 0.260742 0.166992
vt 0.261576 0.165814
vt 0.265456 0.165814
vt 0.475039 0.206055
vt 0.422852 0.206055
vt 0.423685 0.204876
vt 0.474206 0.204876
vt 0.37207 0.165814
vt 0.37457 0.165814
vt 0.37375 0.166992
vt 0.372904 0.166992
vt 0.911133 0.329885
vt 0.951745 0.329443
vt 0.952578 0.330613
vt 0.911966 0.331055
vt 0.75375 0.197064
vt 0.756172 0.197064
vt 0.755339 0.198242
vt 0.75293 0.198242
vt 0.848633 0.103659
vt 0.860211 0.103659
vt 0.860211 0.104492
vt 0.848633 0.104492
vt 0.262695 0.095846
vt 0.268242 0.095846
vt 0.268242 0.09668
vt 0.262695 0.09668
vt 0.174258 0.104492
vt 0.12207 0.104492
vt 0.12207 0.103659
vt 0.174258 0.103659
vt 0.327695 0.09668
vt 0.325195 0.09668
vt 0.325195 0.095846
vt 0.327695 0.095846
vt 0.614258 0.103659
vt 0.654872 0.103659
vt 0.654872 0.104492
vt 0.614258 0.104492
vt 0.464336 0.09668
vt 0.461914 0.09668
vt 0.461914 0.095846
vt 0.464336 0.095846
vt 0.081888 0.158001
vt 0.091799 0.158001
vt 0.092633 0.15918
vt 0.081055 0.15918
vt 0.259622 0.197064
vt 0.263503 0.197064
vt 0.264336 0.198242
vt 0.258789 0.198242
vt 0.524987 0.174805
vt 0.474466 0.174805
vt 0.473633 0.173626
vt 0.52582 0.173626
vt 0.342487 0.198242
vt 0.341641 0.198242
vt 0.34082 0.197064
vt 0.34332 0.197064
vt 0.738138 0.321631
vt 0.77875 0.322073
vt 0.777916 0.323242
vt 0.737305 0.3228
vt 0.937813 0.206055
vt 0.935404 0.206055
vt 0.93457 0.204876
vt 0.936992 0.204876
vt 0.555258 0.470209
vt 0.555258 0.467799
vt 0.565169 0.467799
vt 0.555258 0.470209
vt 0.565169 0.467799
vt 0.565169 0.47168
vt 0.555258 0.470209
vt 0.565169 0.47168
vt 0.514648 0.47168
vt 0.514648 0.47168
vt 0.514648 0.470834
vt 0.555258 0.470209
vt 0.62181 0.47168
vt 0.611898 0.47168
vt 0.611898 0.469271
vt 0.62181 0.467799
vt 0.62181 0.47168
vt 0.611898 0.469271
vt 0.571289 0.467799
vt 0.62181 0.467799
vt 0.611898 0.469271
vt 0.611898 0.469271
vt 0.571289 0.468646
vt 0.571289 0.467799
vt 0.098633 0.158001
vt 0.110211 0.158001
vt 0.109378 0.15918
vt 0.099466 0.15918
vt 0.276055 0.198242
vt 0.270508 0.198242
vt 0.271341 0.197064
vt 0.275221 0.197064
vt 0.584414 0.174805
vt 0.532227 0.174805
vt 0.53306 0.173626
vt 0.583581 0.173626
vt 0.350586 0.197064
vt 0.353086 0.197064
vt 0.352265 0.198242
vt 0.351419 0.198242
vt 0.786133 0.322073
vt 0.826745 0.321631
vt 0.827578 0.3228
vt 0.786966 0.323242
vt 0.945157 0.204876
vt 0.947578 0.204876
vt 0.946745 0.206055
vt 0.944336 0.206055
vt 0.866211 0.103659
vt 0.877789 0.103659
vt 0.877789 0.104492
vt 0.866211 0.104492
vt 0.274414 0.095846
vt 0.279961 0.095846
vt 0.279961 0.09668
vt 0.274414 0.09668
vt 0.232852 0.104492
vt 0.180664 0.104492
vt 0.180664 0.103659
vt 0.232852 0.103659
vt 0.337461 0.09668
vt 0.334961 0.09668
vt 0.334961 0.095846
vt 0.337461 0.095846
vt 0.661133 0.103659
vt 0.701747 0.103659
vt 0.701747 0.104492
vt 0.661133 0.104492
vt 0.474102 0.09668
vt 0.47168 0.09668
vt 0.47168 0.095846
vt 0.474102 0.095846
vt 0.863138 0.204876
vt 0.873049 0.204876
vt 0.873883 0.206055
vt 0.862305 0.206055
vt 0.273294 0.165814
vt 0.277174 0.165814
vt 0.278008 0.166992
vt 0.272461 0.166992
vt 0.532799 0.206055
vt 0.482279 0.206055
vt 0.481445 0.204876
vt 0.533633 0.204876
vt 0.383503 0.166992
vt 0.382657 0.166992
vt 0.381836 0.165814
vt 0.384336 0.165814
vt 0.005716 0.321631
vt 0.046328 0.322073
vt 0.045495 0.323242
vt 0.004883 0.3228
vt 0.765938 0.198242
vt 0.763529 0.198242
vt 0.762695 0.197064
vt 0.765117 0.197064
vt 0.668539 0.470209
vt 0.668539 0.467799
vt 0.678451 0.467799
vt 0.668539 0.470209
vt 0.678451 0.467799
vt 0.678451 0.47168
vt 0.668539 0.470209
vt 0.678451 0.47168
vt 0.62793 0.47168
vt 0.62793 0.47168
vt 0.62793 0.470834
vt 0.668539 0.470209
vt 0.735091 0.47168
vt 0.72518 0.47168
vt 0.72518 0.469271
vt 0.735091 0.467799
vt 0.735091 0.47168
vt 0.72518 0.469271
vt 0.68457 0.467799
vt 0.735091 0.467799
vt 0.72518 0.469271
vt 0.72518 0.469271
vt 0.68457 0.468646
vt 0.68457 0.467799
vn -0.707107 -0.707107 0
vn -0.707107 0 0.707107
vn -0.707107 0.707107 0
vn -0.707107 0 -0.707107
vn 0 -1 0
vn 0 0 1
vn 0 1 0
vn 0 0 -1
vn 0.707107 -0.707107 0
vn 0.707107 0 0.707107
vn 0.707107 0.707107 0
vn 0.707107 0 -0.707107
vn -1 0 0
vn -1 0 0
vn 1 0 0
vn 1 0 0
vn -0.707107 -0.707107 0
vn -0.707107 0 0.707107
vn -0.707107 0.707107 0
vn -0.707107 0 -0.707107
vn -0.707107 -0.707023 -0.010881
vn -0.707107 0 -0.707107
vn 0 -1 0
vn 0 0 1
vn 0 1 0
vn 0 0 -1
vn 0 -0.999882 -0.015389
vn 0 0 -1
vn 0.707107 -0.707107 0
vn 0.707107 0 0.707107
vn 0.707107 0.707107 0
vn 0.707107 0 -0.707107
vn 0.707107 -0.707023 -0.010881
vn 0.707107 0 -0.707107
vn -1 0 0
vn -1 0 0
vn -1 0 0
vn -1 0 0
vn 1 0 0
vn 1 0 0
vn 1 0 0
vn 1 0 0
vn -0.707107 -0.707107 0
vn -0.707107 0 0.707107
vn -0.707107 0.707107 0
vn -0.707107 0 -0.707107
vn -0.707107 -0.707023 -0.010881
vn -0.707107 0 -0.707107
vn 0 -1 0
vn 0 0 1
vn 0 1 0
vn 0 0 -1
vn 0 -0.999882 -0.015389
vn 0 0 -1
vn 0.707107 -0.707107 0
vn 0.707107 0 0.707107
vn 0.707107 0.707107 0
vn 0.707107 0 -0.707107
vn 0.707107 -0.707023 -0.010881
vn 0.707107 0 -0.707107
vn -1 0 0
vn -1 0 0
vn -1 0 0
vn -1 0 0
vn 1 0 0
vn 1 0 0
vn 1 0 0
vn 1 0 0
f 2055/4559/1248 2056/4560/1248 2052/4561/1248 2051/4562/1248
f 2056/4563/1249 2057/4564/1249 2053/4565/1249 2052/4566/1249
f 2057/4567/1250 2058/4568/1250 2054/4569/1250 2053/4570/1250
f 2058/4571/1251 2055/4572/1251 2051/4573/1251 2054/4574/1251
f 2059/4575/1252 2060/4576/1252 2056/4577/1252 2055/4578/1252
f 2060/4579/1253 2061/4580/1253 2057/4581/1253 2056/4582/1253
f 2061/4583/1254 2062/4584/1254 2058/4585/1254 2057/4586/1254
f 2062/4587/1255 2059/4588/1255 2055/4589/1255 2058/4590/1255
f 2063/4591/1256 2064/4592/1256 2060/4593/1256 2059/4594/1256
f 2064/4595/1257 2065/4596/1257 2061/4597/1257 2060/4598/1257
f 2065/4599/1258 2066/4600/1258 2062/4601/1258 2061/4602/1258
f 2066/4603/1259 2063/4604/1259 2059/4605/1259 2062/4606/1259
f 2070/4607/1260 2067/4608/1260 2068/4609/1260
f 2068/4610/1261 2069/4611/1261 2070/4612/1261
f 2072/4613/1262 2071/4614/1262 2074/4615/1262
f 2074/4616/1263 2073/4617/1263 2072/4618/1263
f 2081/4619/1264 2082/4620/1264 2076/4621/1264 2075/4622/1264
f 2082/4623/1265 2083/4624/1265 2077/4625/1265 2076/4626/1265
f 2083/4627/1266 2084/4628/1266 2078/4629/1266 2077/4630/1266
f 2084/4631/1267 2085/4632/1267 2079/4633/1267 2078/4634/1267
f 2085/4635/1268 2086/4636/1268 2080/4637/1268 2079/4638/1268
f 2086/4639/1269 2081/4640/1269 2075/4641/1269 2080/4642/1269
f 2087/4643/1270 2088/4644/1270 2082/4645/1270 2081/4646/1270
f 2088/4647/1271 2089/4648/1271 2083/4649/1271 2082/4650/1271
f 2089/4651/1272 2090/4652/1272 2084/4653/1272 2083/4654/1272
f 2090/4655/1273 2091/4656/1273 2085/4657/1273 2084/4658/1273
f 2091/4659/1274 2092/4660/1274 2086/4661/1274 2085/4662/1274
f 2092/4663/1275 2087/4664/1275 2081/4665/1275 2086/4666/1275
f 2093/4667/1276 2094/4668/1276 2088/4669/1276 2087/4670/1276
f 2094/4671/1277 2095/4672/1277 2089/4673/1277 2088/4674/1277
f 2095/4675/1278 2096/4676/1278 2090/4677/1278 2089/4678/1278
f 2096/4679/1279 2097/4680/1279 2091/4681/1279 2090/4682/1279
f 2097/4683/1280 2098/4684/1280 2092/4685/1280 2091/4686/1280
f 2098/4687/1281 2093/4688/1281 2087/4689/1281 2092/4690/1281
f 2104/4691/1282 2099/4692/1282 2100/4693/1282
f 2104/4694/1283 2100/4695/1283 2101/4696/1283
f 2104/4697/1284 2101/4698/1284 2102/4699/1284
f 2102/4700/1285 2103/4701/1285 2104/4702/1285
f 2106/4703/1286 2105/4704/1286 2110/4705/1286
f 2107/4706/1287 2106/4707/1287 2110/4708/1287
f 2108/4709/1288 2107/4710/1288 2110/4711/1288
f 2110/4712/1289 2109/4713/1289 2108/4714/1289
f 2117/4715/1290 2118/4716/1290 2112/4717/1290 2111/4718/1290
f 2118/4719/1291 2119/4720/1291 2113/4721/1291 2112/4722/1291
f 2119/4723/1292 2120/4724/1292 2114/4725/1292 2113/4726/1292
f 2120/4727/1293 2121/4728/1293 2115/4729/1293 2114/4730/1293
f 2121/4731/1294 2122/4732/1294 2116/4733/1294 2115/4734/1294
f 2122/4735/1295 2117/4736/1295 2111/4737/1295 2116/4738/1295
f 2123/4739/1296 2124/4740/1296 2118/4741/1296 2117/4742/1296
f 2124/4743/1297 2125/4744/1297 2119/4745/1297 2118/4746/1297
f 2125/4747/1298 2126/4748/1298 2120/4749/1298 2119/4750/1298
f 2126/4751/1299 2127/4752/1299 2121/4753/1299 2120/4754/1299
f 2127/4755/1300 2128/4756/1300 2122/4757/1300 2121/4758/1300
f 2128/4759/1301 2123/4760/1301 2117/4761/1301 2122/4762/1301
f 2129/4763/1302 2130/4764/1302 2124/4765/1302 2123/4766/1302
f 2130/4767/1303 2131/4768/1303 2125/4769/1303 2124/4770/1303
f 2131/4771/1304 2132/4772/1304 2126/4773/1304 2125/4774/1304
f 2132/4775/1305 2133/4776/1305 2127/4777/1305 2126/4778/1305
f 2133/4779/1306 2134/4780/1306 2128/4781/1306 2127/4782/1306
f 2134/4783/1307 2129/4784/1307 2123/4785/1307 2128/4786/1307
f 2140/4787/1308 2135/4788/1308 2136/4789/1308
f 2140/4790/1309 2136/4791/1309 2137/4792/1309
f 2140/4793/1310 2137/4794/1310 2138/4795/1310
f 2138/4796/1311 2139/4797/1311 2140/4798/1311
f 2142/4799/1312 2141/4800/1312 2146/4801/1312
f 2143/4802/1313 2142/4803/1313 2146/4804/1313
f 2144/4805/1314 2143/4806/1314 2146/4807/1314
f 2146/4808/1315 2145/4809/1315 2144/4810/1315
o top_cap__plastic
usemtl shelf
v 0.034375 1.96875 0.786
v 0.034375 1.96875 0.99075
v 0.034375 1.9925 0.99075
v 0.034375 1.9925 0.786
v 0.041875 1.96125 0.7785
v 0.041875 1.96125 0.99825
v 0.041875 2 0.99825
v 0.041875 2 0.7785
v 0.958125 1.96125 0.7785
v 0.958125 1.96125 0.99825
v 0.958125 2 0.99825
v 0.958125 2 0.7785
v 0.965625 1.96875 0.786
v 0.965625 1.96875 0.99075
v 0.965625 1.9925 0.99075
v 0.965625 1.9925 0.786
v 0.034375 1.96875 0.786
v 0.034375 1.96875 0.99075
v 0.034375 1.9925 0.99075
v 0.034375 1.9925 0.786
v 0.965625 1.96875 0.786
v 0.965625 1.96875 0.99075
v 0.965625 1.9925 0.99075
v 0.965625 1.9925 0.786
vt 0.293945 0.306291
vt 0.321414 0.306291
vt 0.320477 0.307617
vt 0.294883 0.307617
vt 0.361289 0.245117
vt 0.356445 0.245117
vt 0.357383 0.243791
vt 0.360352 0.243791
vt 0.35657 0.307617
vt 0.329102 0.307617
vt 0.330039 0.306291
vt 0.355633 0.306291
vt 0.323242 0.212541
vt 0.328086 0.212541
vt 0.327148 0.213867
vt 0.32418 0.213867
vt 0.728789 0.635617
vt 0.728789 0.663086
vt 0.614258 0.663086
vt 0.614258 0.635617
vt 0.861602 0.490273
vt 0.861602 0.495117
vt 0.74707 0.495117
vt 0.74707 0.490273
vt 0.735352 0.663086
vt 0.735352 0.635617
vt 0.849883 0.635617
vt 0.849883 0.663086
vt 0.868164 0.495117
vt 0.868164 0.490273
vt 0.982695 0.490273
vt 0.982695 0.495117
vt 0.365195 0.306291
vt 0.390789 0.306291
vt 0.391727 0.307617
vt 0.364258 0.307617
vt 0.369102 0.243791
vt 0.37207 0.243791
vt 0.373008 0.245117
vt 0.368164 0.245117
vt 0.425945 0.307617
vt 0.400352 0.307617
vt 0.399414 0.306291
vt 0.426883 0.306291
vt 0.338867 0.213867
vt 0.335898 0.213867
vt 0.334961 0.212541
vt 0.339805 0.212541
vt 0.756836 0.413086
vt 0.756836 0.410117
vt 0.78243 0.410117
vt 0.78243 0.410117
vt 0.78243 0.413086
vt 0.756836 0.413086
vt 0.815633 0.413086
vt 0.790039 0.413086
vt 0.790039 0.410117
vt 0.790039 0.410117
vt 0.815633 0.410117
vt 0.815633 0.413086
vn -0.707107 -0.707107 0
vn -0.707107 0 0.707107
vn -0.707107 0.707107 0
vn -0.707107 0 -0.707107
vn 0 -1 0
vn 0 0 1
vn 0 1 0
vn 0 0 -1
vn 0.707107 -0.707107 0
vn 0.707107 0 0.707107
vn 0.707107 0.707107 0
vn 0.707107 0 -0.707107
vn -1 0 0
vn -1 0 0
vn 1 0 0
vn 1 0 0
f 2151/4811/1316 2152/4812/1316 2148/4813/1316 2147/4814/1316
f 2152/4815/1317 2153/4816/1317 2149/4817/1317 2148/4818/1317
f 2153/4819/1318 2154/4820/1318 2150/4821/1318 2149/4822/1318
f 2154/4823/1319 2151/4824/1319 2147/4825/1319 2150/4826/1319
f 2155/4827/1320 2156/4828/1320 2152/4829/1320 2151/4830/1320
f 2156/4831/1321 2157/4832/1321 2153/4833/1321 2152/4834/1321
f 2157/4835/1322 2158/4836/1322 2154/4837/1322 2153/4838/1322
f 2158/4839/1323 2155/4840/1323 2151/4841/1323 2154/4842/1323
f 2159/4843/1324 2160/4844/1324 2156/4845/1324 2155/4846/1324
f 2160/4847/1325 2161/4848/1325 2157/4849/1325 2156/4850/1325
f 2161/4851/1326 2162/4852/1326 2158/4853/1326 2157/4854/1326
f 2162/4855/1327 2159/4856/1327 2155/4857/1327 2158/4858/1327
f 2166/4859/1328 2163/4860/1328 2164/4861/1328
f 2164/4862/1329 2165/4863/1329 2166/4864/1329
f 2168/4865/1330 2167/4866/1330 2170/4867/1330
f 2170/4868/1331 2169/4869/1331 2168/4870/1331
o top_cap__trim
usemtl shelf
v 0.03125 1.93 0.777562
v 0.03125 1.93 0.78275
v 0.03125 1.98875 0.78275
v 0.03125 1.98875 0.777562
v 0.96875 1.93 0.777562
v 0.96875 1.93 0.78275
v 0.96875 1.98875 0.78275
v 0.96875 1.98875 0.777562
v 0.03125 1.93 0.777562
v 0.03125 1.93 0.78275
v 0.03125 1.98875 0.78275
v 0.03125 1.98875 0.777562
v 0.96875 1.93 0.777562
v 0.96875 1.93 0.78275
v 0.96875 1.98875 0.78275
v 0.96875 1.98875 0.777562
vt 0.795898 0.080406
vt 0.795898 0.081055
vt 0.678711 0.081055
vt 0.678711 0.080406
vt 0.282227 0.538555
vt 0.282227 0.545898
vt 0.165039 0.545898
vt 0.165039 0.538555
vt 0.801758 0.081055
vt 0.801758 0.080406
vt 0.918945 0.080406
vt 0.918945 0.081055
vt 0.288086 0.545898
vt 0.288086 0.538555
vt 0.405273 0.538555
vt 0.405273 0.545898
vt 0.924805 0.080406
vt 0.932148 0.080406
vt 0.932148 0.081055
vt 0.932148 0.081055
vt 0.924805 0.081055
vt 0.924805 0.080406
vt 0.938477 0.081055
vt 0.938477 0.080406
vt 0.94582 0.080406
vt 0.94582 0.080406
vt 0.94582 0.081055
vt 0.938477 0.081055
vn 0 -1 0
vn 0 0 1
vn 0 1 0
vn 0 0 -1
vn -1 0 0
vn -1 0 0
vn 1 0 0
vn 1 0 0
f 2175/4871/1332 2176/4872/1332 2172/4873/1332 2171/4874/1332
f 2176/4875/1333 2177/4876/1333 2173/4877/1333 2172/4878/1333
f 2177/4879/1334 2178/4880/1334 2174/4881/1334 2173/4882/1334
f 2178/4883/1335 2175/4884/1335 2171/4885/1335 2174/4886/1335
f 2182/4887/1336 2179/4888/1336 2180/4889/1336
f 2180/4890/1337 2181/4891/1337 2182/4892/1337
f 2184/4893/1338 2183/4894/1338 2186/4895/1338
f 2186/4896/1339 2185/4897/1339 2184/4898/1339
o top_cap__mid
usemtl shelf
v 0.03125 1.93 0.9915
v 0.03125 1.93 1
v 0.03125 1.98875 1
v 0.03125 1.98875 0.9915
v 0.96875 1.93 0.9915
v 0.96875 1.93 1
v 0.96875 1.98875 1
v 0.96875 1.98875 0.9915
v 0.03125 1.93 0.9915
v 0.03125 1.93 1
v 0.03125 1.98875 1
v 0.03125 1.98875 0.9915
v 0.96875 1.93 0.9915
v 0.96875 1.93 1
v 0.96875 1.98875 1
v 0.96875 1.98875 0.9915
v 0.946875 1.9375 0.79025
v 0.946875 1.9375 0.984
v 0.946875 1.98125 0.984
v 0.946875 1.98125 0.79025
v 0.954375 1.93 0.78275
v 0.954375 1.93 0.9915
v 0.954375 1.98875 0.9915
v 0.954375 1.98875 0.78275
v 0.96625 1.93 0.78275
v 0.96625 1.93 0.9915
v 0.96625 1.98875 0.9915
v 0.96625 1.98875 0.78275
v 0.97375 1.9375 0.79025
v 0.97375 1.9375 0.984
v 0.97375 1.98125 0.984
v 0.97375 1.98125 0.79025
v 0.946875 1.9375 0.79025
v 0.946875 1.9375 0.984
v 0.946875 1.98125 0.984
v 0.946875 1.98125 0.79025
v 0.97375 1.9375 0.79025
v 0.97375 1.9375 0.984
v 0.97375 1.98125 0.984
v 0.97375 1.98125 0.79025
v 0.02625 1.9375 0.79025
v 0.02625 1.9375 0.984
v 0.02625 1.98125 0.984
v 0.02625 1.98125 0.79025
v 0.03375 1.93 0.78275
v 0.03375 1.93 0.9915
v 0.03375 1.98875 0.9915
v 0.03375 1.98875 0.78275
v 0.045625 1.93 0.78275
v 0.045625 1.93 0.9915
v 0.045625 1.98875 0.9915
v 0.045625 1.98875 0.78275
v 0.053125 1.9375 0.79025
v 0.053125 1.9375 0.984
v 0.053125 1.98125 0.984
v 0.053125 1.98125 0.79025
v 0.02625 1.9375 0.79025
v 0.02625 1.9375 0.984
v 0.02625 1.98125 0.984
v 0.02625 1.98125 0.79025
v 0.053125 1.9375 0.79025
v 0.053125 1.9375 0.984
v 0.053125 1.98125 0.984
v 0.053125 1.98125 0.79025
vt 0.262695 0.150305
vt 0.262695 0.151367
vt 0.145508 0.151367
vt 0.145508 0.150305
vt 0.52832 0.538555
vt 0.52832 0.545898
vt 0.411133 0.545898
vt 0.411133 0.538555
vt 0.268555 0.151367
vt 0.268555 0.150305
vt 0.385742 0.150305
vt 0.385742 0.151367
vt 0.53418 0.545898
vt 0.53418 0.538555
vt 0.651367 0.538555
vt 0.651367 0.545898
vt 0.391602 0.150305
vt 0.398945 0.150305
vt 0.398945 0.151367
vt 0.398945 0.151367
vt 0.391602 0.151367
vt 0.391602 0.150305
vt 0.405273 0.151367
vt 0.405273 0.150305
vt 0.412617 0.150305
vt 0.412617 0.150305
vt 0.412617 0.151367
vt 0.405273 0.151367
vt 0.075195 0.212541
vt 0.101289 0.212541
vt 0.100352 0.213867
vt 0.076133 0.213867
vt 0.242695 0.213867
vt 0.235352 0.213867
vt 0.236289 0.212541
vt 0.241758 0.212541
vt 0.460664 0.307617
vt 0.43457 0.307617
vt 0.435508 0.306291
vt 0.459727 0.306291
vt 0.067383 0.243791
vt 0.074727 0.243791
vt 0.073789 0.245117
vt 0.06832 0.245117
vt 0.834961 0.321758
vt 0.861055 0.321758
vt 0.861055 0.323242
vt 0.834961 0.323242
vt 0.967773 0.321758
vt 0.975117 0.321758
vt 0.975117 0.323242
vt 0.967773 0.323242
vt 0.894258 0.323242
vt 0.868164 0.323242
vt 0.868164 0.321758
vt 0.894258 0.321758
vt 0.988789 0.323242
vt 0.981445 0.323242
vt 0.981445 0.321758
vt 0.988789 0.321758
vt 0.468711 0.306291
vt 0.49293 0.306291
vt 0.493867 0.307617
vt 0.467773 0.307617
vt 0.081992 0.243791
vt 0.087461 0.243791
vt 0.088398 0.245117
vt 0.081055 0.245117
vt 0.133555 0.213867
vt 0.109336 0.213867
vt 0.108398 0.212541
vt 0.134492 0.212541
vt 0.284727 0.28418
vt 0.279258 0.28418
vt 0.27832 0.282854
vt 0.285664 0.282854
vt 0.114258 0.506836
vt 0.114258 0.501367
vt 0.138477 0.501367
vt 0.138477 0.501367
vt 0.138477 0.506836
vt 0.114258 0.506836
vt 0.169727 0.506836
vt 0.145508 0.506836
vt 0.145508 0.501367
vt 0.145508 0.501367
vt 0.169727 0.501367
vt 0.169727 0.506836
vt 0.500977 0.306291
vt 0.52707 0.306291
vt 0.526133 0.307617
vt 0.501914 0.307617
vt 0.10207 0.245117
vt 0.094727 0.245117
vt 0.095664 0.243791
vt 0.101133 0.243791
vt 0.167695 0.213867
vt 0.141602 0.213867
vt 0.142539 0.212541
vt 0.166758 0.212541
vt 0.249023 0.212541
vt 0.256367 0.212541
vt 0.25543 0.213867
vt 0.249961 0.213867
vt 0.901367 0.321758
vt 0.927461 0.321758
vt 0.927461 0.323242
vt 0.901367 0.323242
vt 0.004883 0.313945
vt 0.012227 0.313945
vt 0.012227 0.31543
vt 0.004883 0.31543
vt 0.960664 0.323242
vt 0.93457 0.323242
vt 0.93457 0.321758
vt 0.960664 0.321758
vt 0.025898 0.31543
vt 0.018555 0.31543
vt 0.018555 0.313945
vt 0.025898 0.313945
vt 0.175742 0.212541
vt 0.199961 0.212541
vt 0.200898 0.213867
vt 0.174805 0.213867
vt 0.263633 0.212541
vt 0.269102 0.212541
vt 0.270039 0.213867
vt 0.262695 0.213867
vt 0.559336 0.307617
vt 0.535117 0.307617
vt 0.53418 0.306291
vt 0.560273 0.306291
vt 0.690977 0.276367
vt 0.685508 0.276367
vt 0.68457 0.275041
vt 0.691914 0.275041
vt 0.176758 0.506836
vt 0.176758 0.501367
vt 0.200977 0.501367
vt 0.200977 0.501367
vt 0.200977 0.506836
vt 0.176758 0.506836
vt 0.232227 0.506836
vt 0.208008 0.506836
vt 0.208008 0.501367
vt 0.208008 0.501367
vt 0.232227 0.501367
vt 0.232227 0.506836
vn 0 -1 0
vn 0 0 1
vn 0 1 0
vn 0 0 -1
vn -1 0 0
vn -1 0 0
vn 1 0 0
vn 1 0 0
vn -0.707107 -0.707107 0
vn -0.707107 0 0.707107
vn -0.707107 0.707107 0
vn -0.707107 0 -0.707107
vn 0 -1 0
vn 0 0 1
vn 0 1 0
vn 0 0 -1
vn 0.707107 -0.707107 0
vn 0.707107 0 0.707107
vn 0.707107 0.707107 0
vn 0.707107 0 -0.707107
vn -1 0 0
vn -1 0 0
vn 1 0 0
vn 1 0 0
vn -0.707107 -0.707107 0
vn -0.707107 0 0.707107
vn -0.707107 0.707107 0
vn -0.707107 0 -0.707107
vn 0 -1 0
vn 0 0 1
vn 0 1 0
vn 0 0 -1
vn 0.707107 -0.707107 0
vn 0.707107 0 0.707107
vn 0.707107 0.707107 0
vn 0.707107 0 -0.707107
vn -1 0 0
vn -1 0 0
vn 1 0 0
vn 1 0 0
f 2191/4899/1340 2192/4900/1340 2188/4901/1340 2187/4902/1340
f 2192/4903/1341 2193/4904/1341 2189/4905/1341 2188/4906/1341
f 2193/4907/1342 2194/4908/1342 2190/4909/1342 2189/4910/1342
f 2194/4911/1343 2191/4912/1343 2187/4913/1343 2190/4914/1343
f 2198/4915/1344 2195/4916/1344 2196/4917/1344
f 2196/4918/1345 2197/4919/1345 2198/4920/1345
f 2200/4921/1346 2199/4922/1346 2202/4923/1346
f 2202/4924/1347 2201/4925/1347 2200/4926/1347
f 2207/4927/1348 2208/4928/1348 2204/4929/1348 2203/4930/1348
f 2208/4931/1349 2209/4932/1349 2205/4933/1349 2204/4934/1349
f 2209/4935/1350 2210/4936/1350 2206/4937/1350 2205/4938/1350
f 2210/4939/1351 2207/4940/1351 2203/4941/1351 2206/4942/1351
f 2211/4943/1352 2212/4944/1352 2208/4945/1352 2207/4946/1352
f 2212/4947/1353 2213/4948/1353 2209/4949/1353 2208/4950/1353
f 2213/4951/1354 2214/4952/1354 2210/4953/1354 2209/4954/1354
f 2214/4955/1355 2211/4956/1355 2207/4957/1355 2210/4958/1355
f 2215/4959/1356 2216/4960/1356 2212/4961/1356 2211/4962/1356
f 2216/4963/1357 2217/4964/1357 2213/4965/1357 2212/4966/1357
f 2217/4967/1358 2218/4968/1358 2214/4969/1358 2213/4970/1358
f 2218/4971/1359 2215/4972/1359 2211/4973/1359 2214/4974/1359
f 2222/4975/1360 2219/4976/1360 2220/4977/1360
f 2220/4978/1361 2221/4979/1361 2222/4980/1361
f 2224/4981/1362 2223/4982/1362 2226/4983/1362
f 2226/4984/1363 2225/4985/1363 2224/4986/1363
f 2231/4987/1364 2232/4988/1364 2228/4989/1364 2227/4990/1364
f 2232/4991/1365 2233/4992/1365 2229/4993/1365 2228/4994/1365
f 2233/4995/1366 2234/4996/1366 2230/4997/1366 2229/4998/1366
f 2234/4999/1367 2231/5000/1367 2227/5001/1367 2230/5002/1367
f 2235/5003/1368 2236/5004/1368 2232/5005/1368 2231/5006/1368
f 2236/5007/1369 2237/5008/1369 2233/5009/1369 2232/5010/1369
f 2237/5011/1370 2238/5012/1370 2234/5013/1370 2233/5014/1370
f 2238/5015/1371 2235/5016/1371 2231/5017/1371 2234/5018/1371
f 2239/5019/1372 2240/5020/1372 2236/5021/1372 2235/5022/1372
f 2240/5023/1373 2241/5024/1373 2237/5025/1373 2236/5026/1373
f 2241/5027/1374 2242/5028/1374 2238/5029/1374 2237/5030/1374
f 2242/5031/1375 2239/5032/1375 2235/5033/1375 2238/5034/1375
f 2246/5035/1376 2243/5036/1376 2244/5037/1376
f 2244/5038/1377 2245/5039/1377 2246/5040/1377
f 2248/5041/1378 2247/5042/1378 2250/5043/1378
f 2250/5044/1379 2249/5045/1379 2248/5046/1379
o top_cap__deck
usemtl shelf
v 0.078125 1.951875 0.784938
v 0.078125 1.951875 0.964
v 0.078125 1.96125 0.964
v 0.078125 1.96125 0.784938
v 0.921875 1.951875 0.784938
v 0.921875 1.951875 0.964
v 0.921875 1.96125 0.964
v 0.921875 1.96125 0.784938
v 0.078125 1.951875 0.784938
v 0.078125 1.951875 0.964
v 0.078125 1.96125 0.964
v 0.078125 1.96125 0.784938
v 0.921875 1.951875 0.784938
v 0.921875 1.951875 0.964
v 0.921875 1.96125 0.964
v 0.921875 1.96125 0.784938
vt 0.961914 0.640703
vt 0.961914 0.663086
vt 0.856445 0.663086
vt 0.856445 0.640703
vt 0.22168 0.158008
vt 0.22168 0.15918
vt 0.116211 0.15918
vt 0.116211 0.158008
vt 0.004883 0.624023
vt 0.004883 0.601641
vt 0.110352 0.601641
vt 0.110352 0.624023
vt 0.227539 0.15918
vt 0.227539 0.158008
vt 0.333008 0.158008
vt 0.333008 0.15918
vt 0.338867 0.15918
vt 0.338867 0.158008
vt 0.36125 0.158008
vt 0.36125 0.158008
vt 0.36125 0.15918
vt 0.338867 0.15918
vt 0.390547 0.15918
vt 0.368164 0.15918
vt 0.368164 0.158008
vt 0.368164 0.158008
vt 0.390547 0.158008
vt 0.390547 0.15918
vn 0 -1 0
vn 0 0 1
vn 0 1 0
vn 0 0 -1
vn -1 0 0
vn -1 0 0
vn 1 0 0
vn 1 0 0
f 2255/5047/1380 2256/5048/1380 2252/5049/1380 2251/5050/1380
f 2256/5051/1381 2257/5052/1381 2253/5053/1381 2252/5054/1381
f 2257/5055/1382 2258/5056/1382 2254/5057/1382 2253/5058/1382
f 2258/5059/1383 2255/5060/1383 2251/5061/1383 2254/5062/1383
f 2262/5063/1384 2259/5064/1384 2260/5065/1384
f 2260/5066/1385 2261/5067/1385 2262/5068/1385
f 2264/5069/1386 2263/5070/1386 2266/5071/1386
f 2266/5072/1387 2265/5073/1387 2264/5074/1387
o small_details__bluegrey
usemtl shelf
v 0.9125 0.11375 0.399
v 0.9125 0.11375 0.40525
v 0.9125 0.1275 0.40525
v 0.9125 0.1275 0.399
v 0.92625 0.11375 0.399
v 0.92625 0.11375 0.40525
v 0.92625 0.1275 0.40525
v 0.92625 0.1275 0.399
v 0.9125 0.11375 0.399
v 0.9125 0.11375 0.40525
v 0.9125 0.1275 0.40525
v 0.9125 0.1275 0.399
v 0.92625 0.11375 0.399
v 0.92625 0.11375 0.40525
v 0.92625 0.1275 0.40525
v 0.92625 0.1275 0.399
v 0.9125 0.11375 0.957125
v 0.9125 0.11375 0.963375
v 0.9125 0.1275 0.963375
v 0.9125 0.1275 0.957125
v 0.92625 0.11375 0.957125
v 0.92625 0.11375 0.963375
v 0.92625 0.1275 0.963375
v 0.92625 0.1275 0.957125
v 0.9125 0.11375 0.957125
v 0.9125 0.11375 0.963375
v 0.9125 0.1275 0.963375
v 0.9125 0.1275 0.957125
v 0.92625 0.11375 0.957125
v 0.92625 0.11375 0.963375
v 0.92625 0.1275 0.963375
v 0.92625 0.1275 0.957125
v 0.074375 0.11375 0.399
v 0.074375 0.11375 0.40525
v 0.074375 0.1275 0.40525
v 0.074375 0.1275 0.399
v 0.088125 0.11375 0.399
v 0.088125 0.11375 0.40525
v 0.088125 0.1275 0.40525
v 0.088125 0.1275 0.399
v 0.074375 0.11375 0.399
v 0.074375 0.11375 0.40525
v 0.074375 0.1275 0.40525
v 0.074375 0.1275 0.399
v 0.088125 0.11375 0.399
v 0.088125 0.11375 0.40525
v 0.088125 0.1275 0.40525
v 0.088125 0.1275 0.399
v 0.074375 0.11375 0.957125
v 0.074375 0.11375 0.963375
v 0.074375 0.1275 0.963375
v 0.074375 0.1275 0.957125
v 0.088125 0.11375 0.957125
v 0.088125 0.11375 0.963375
v 0.088125 0.1275 0.963375
v 0.088125 0.1275 0.957125
v 0.074375 0.11375 0.957125
v 0.074375 0.11375 0.963375
v 0.074375 0.1275 0.963375
v 0.074375 0.1275 0.957125
v 0.088125 0.11375 0.957125
v 0.088125 0.11375 0.963375
v 0.088125 0.1275 0.963375
v 0.088125 0.1275 0.957125
vt 0.483164 0.095898
vt 0.483164 0.09668
vt 0.481445 0.09668
vt 0.481445 0.095898
vt 0.600352 0.329336
vt 0.600352 0.331055
vt 0.598633 0.331055
vt 0.598633 0.329336
vt 0.489258 0.09668
vt 0.489258 0.095898
vt 0.490977 0.095898
vt 0.490977 0.09668
vt 0.606445 0.331055
vt 0.606445 0.329336
vt 0.608164 0.329336
vt 0.608164 0.331055
vt 0.49707 0.095898
vt 0.498789 0.095898
vt 0.498789 0.09668
vt 0.498789 0.09668
vt 0.49707 0.09668
vt 0.49707 0.095898
vt 0.504883 0.09668
vt 0.504883 0.095898
vt 0.506602 0.095898
vt 0.506602 0.095898
vt 0.506602 0.09668
vt 0.504883 0.09668
vt 0.545664 0.095898
vt 0.545664 0.09668
vt 0.543945 0.09668
vt 0.543945 0.095898
vt 0.615977 0.329336
vt 0.615977 0.331055
vt 0.614258 0.331055
vt 0.614258 0.329336
vt 0.551758 0.09668
vt 0.551758 0.095898
vt 0.553477 0.095898
vt 0.553477 0.09668
vt 0.62207 0.331055
vt 0.62207 0.329336
vt 0.623789 0.329336
vt 0.623789 0.331055
vt 0.55957 0.095898
vt 0.561289 0.095898
vt 0.561289 0.09668
vt 0.561289 0.09668
vt 0.55957 0.09668
vt 0.55957 0.095898
vt 0.567383 0.09668
vt 0.567383 0.095898
vt 0.569102 0.095898
vt 0.569102 0.095898
vt 0.569102 0.09668
vt 0.567383 0.09668
vt 0.530039 0.095898
vt 0.530039 0.09668
vt 0.52832 0.09668
vt 0.52832 0.095898
vt 0.629883 0.329336
vt 0.631602 0.329336
vt 0.631602 0.331055
vt 0.629883 0.331055
vt 0.536133 0.09668
vt 0.536133 0.095898
vt 0.537852 0.095898
vt 0.537852 0.09668
vt 0.639414 0.331055
vt 0.637695 0.331055
vt 0.637695 0.329336
vt 0.639414 0.329336
vt 0.512695 0.095898
vt 0.514414 0.095898
vt 0.514414 0.09668
vt 0.514414 0.09668
vt 0.512695 0.09668
vt 0.512695 0.095898
vt 0.520508 0.09668
vt 0.520508 0.095898
vt 0.522227 0.095898
vt 0.522227 0.095898
vt 0.522227 0.09668
vt 0.520508 0.09668
vt 0.592539 0.095898
vt 0.592539 0.09668
vt 0.59082 0.09668
vt 0.59082 0.095898
vt 0.645508 0.329336
vt 0.647227 0.329336
vt 0.647227 0.331055
vt 0.645508 0.331055
vt 0.598633 0.09668
vt 0.598633 0.095898
vt 0.600352 0.095898
vt 0.600352 0.09668
vt 0.655039 0.331055
vt 0.65332 0.331055
vt 0.65332 0.329336
vt 0.655039 0.329336
vt 0.575195 0.095898
vt 0.576914 0.095898
vt 0.576914 0.09668
vt 0.576914 0.09668
vt 0.575195 0.09668
vt 0.575195 0.095898
vt 0.583008 0.09668
vt 0.583008 0.095898
vt 0.584727 0.095898
vt 0.584727 0.095898
vt 0.584727 0.09668
vt 0.583008 0.09668
vn 0 -1 0
vn 0 0 1
vn 0 1 0
vn 0 0 -1
vn -1 0 0
vn -1 0 0
vn 1 0 0
vn 1 0 0
vn 0 -1 0
vn 0 0 1
vn 0 1 0
vn 0 0 -1
vn -1 0 0
vn -1 0 0
vn 1 0 0
vn 1 0 0
vn 0 -1 0
vn 0 0 1
vn 0 1 0
vn 0 0 -1
vn -1 0 0
vn -1 0 0
vn 1 0 0
vn 1 0 0
vn 0 -1 0
vn 0 0 1
vn 0 1 0
vn 0 0 -1
vn -1 0 0
vn -1 0 0
vn 1 0 0
vn 1 0 0
f 2271/5075/1388 2272/5076/1388 2268/5077/1388 2267/5078/1388
f 2272/5079/1389 2273/5080/1389 2269/5081/1389 2268/5082/1389
f 2273/5083/1390 2274/5084/1390 2270/5085/1390 2269/5086/1390
f 2274/5087/1391 2271/5088/1391 2267/5089/1391 2270/5090/1391
f 2278/5091/1392 2275/5092/1392 2276/5093/1392
f 2276/5094/1393 2277/5095/1393 2278/5096/1393
f 2280/5097/1394 2279/5098/1394 2282/5099/1394
f 2282/5100/1395 2281/5101/1395 2280/5102/1395
f 2287/5103/1396 2288/5104/1396 2284/5105/1396 2283/5106/1396
f 2288/5107/1397 2289/5108/1397 2285/5109/1397 2284/5110/1397
f 2289/5111/1398 2290/5112/1398 2286/5113/1398 2285/5114/1398
f 2290/5115/1399 2287/5116/1399 2283/5117/1399 2286/5118/1399
f 2294/5119/1400 2291/5120/1400 2292/5121/1400
f 2292/5122/1401 2293/5123/1401 2294/5124/1401
f 2296/5125/1402 2295/5126/1402 2298/5127/1402
f 2298/5128/1403 2297/5129/1403 2296/5130/1403
f 2303/5131/1404 2304/5132/1404 2300/5133/1404 2299/5134/1404
f 2304/5135/1405 2305/5136/1405 2301/5137/1405 2300/5138/1405
f 2305/5139/1406 2306/5140/1406 2302/5141/1406 2301/5142/1406
f 2306/5143/1407 2303/5144/1407 2299/5145/1407 2302/5146/1407
f 2310/5147/1408 2307/5148/1408 2308/5149/1408
f 2308/5150/1409 2309/5151/1409 2310/5152/1409
f 2312/5153/1410 2311/5154/1410 2314/5155/1410
f 2314/5156/1411 2313/5157/1411 2312/5158/1411
f 2319/5159/1412 2320/5160/1412 2316/5161/1412 2315/5162/1412
f 2320/5163/1413 2321/5164/1413 2317/5165/1413 2316/5166/1413
f 2321/5167/1414 2322/5168/1414 2318/5169/1414 2317/5170/1414
f 2322/5171/1415 2319/5172/1415 2315/5173/1415 2318/5174/1415
f 2326/5175/1416 2323/5176/1416 2324/5177/1416
f 2324/5178/1417 2325/5179/1417 2326/5180/1417
f 2328/5181/1418 2327/5182/1418 2330/5183/1418
f 2330/5184/1419 2329/5185/1419 2328/5186/1419
o small_details__dark
usemtl shelf
v 0.8925 0.209375 0.928
v 0.8925 0.209375 0.934
v 0.8925 0.23875 0.934
v 0.8925 0.23875 0.928
v 0.9075 0.209375 0.928
v 0.9075 0.209375 0.934
v 0.9075 0.23875 0.934
v 0.9075 0.23875 0.928
v 0.8925 0.209375 0.928
v 0.8925 0.209375 0.934
v 0.8925 0.23875 0.934
v 0.8925 0.23875 0.928
v 0.9075 0.209375 0.928
v 0.9075 0.209375 0.934
v 0.9075 0.23875 0.934
v 0.9075 0.23875 0.928
v 0.8925 0.351875 0.928
v 0.8925 0.351875 0.934
v 0.8925 0.38125 0.934
v 0.8925 0.38125 0.928
v 0.9075 0.351875 0.928
v 0.9075 0.351875 0.934
v 0.9075 0.38125 0.934
v 0.9075 0.38125 0.928
v 0.8925 0.351875 0.928
v 0.8925 0.351875 0.934
v 0.8925 0.38125 0.934
v 0.8925 0.38125 0.928
v 0.9075 0.351875 0.928
v 0.9075 0.351875 0.934
v 0.9075 0.38125 0.934
v 0.9075 0.38125 0.928
v 0.8925 0.494375 0.928
v 0.8925 0.494375 0.934
v 0.8925 0.52375 0.934
v 0.8925 0.52375 0.928
v 0.9075 0.494375 0.928
v 0.9075 0.494375 0.934
v 0.9075 0.52375 0.934
v 0.9075 0.52375 0.928
v 0.8925 0.494375 0.928
v 0.8925 0.494375 0.934
v 0.8925 0.52375 0.934
v 0.8925 0.52375 0.928
v 0.9075 0.494375 0.928
v 0.9075 0.494375 0.934
v 0.9075 0.52375 0.934
v 0.9075 0.52375 0.928
v 0.8925 0.636875 0.928
v 0.8925 0.636875 0.934
v 0.8925 0.66625 0.934
v 0.8925 0.66625 0.928
v 0.9075 0.636875 0.928
v 0.9075 0.636875 0.934
v 0.9075 0.66625 0.934
v 0.9075 0.66625 0.928
v 0.8925 0.636875 0.928
v 0.8925 0.636875 0.934
v 0.8925 0.66625 0.934
v 0.8925 0.66625 0.928
v 0.9075 0.636875 0.928
v 0.9075 0.636875 0.934
v 0.9075 0.66625 0.934
v 0.9075 0.66625 0.928
v 0.8925 0.779375 0.928
v 0.8925 0.779375 0.934
v 0.8925 0.80875 0.934
v 0.8925 0.80875 0.928
v 0.9075 0.779375 0.928
v 0.9075 0.779375 0.934
v 0.9075 0.80875 0.934
v 0.9075 0.80875 0.928
v 0.8925 0.779375 0.928
v 0.8925 0.779375 0.934
v 0.8925 0.80875 0.934
v 0.8925 0.80875 0.928
v 0.9075 0.779375 0.928
v 0.9075 0.779375 0.934
v 0.9075 0.80875 0.934
v 0.9075 0.80875 0.928
v 0.8925 0.921875 0.928
v 0.8925 0.921875 0.934
v 0.8925 0.95125 0.934
v 0.8925 0.95125 0.928
v 0.9075 0.921875 0.928
v 0.9075 0.921875 0.934
v 0.9075 0.95125 0.934
v 0.9075 0.95125 0.928
v 0.8925 0.921875 0.928
v 0.8925 0.921875 0.934
v 0.8925 0.95125 0.934
v 0.8925 0.95125 0.928
v 0.9075 0.921875 0.928
v 0.9075 0.921875 0.934
v 0.9075 0.95125 0.934
v 0.9075 0.95125 0.928
v 0.8925 1.064375 0.928
v 0.8925 1.064375 0.934
v 0.8925 1.09375 0.934
v 0.8925 1.09375 0.928
v 0.9075 1.064375 0.928
v 0.9075 1.064375 0.934
v 0.9075 1.09375 0.934
v 0.9075 1.09375 0.928
v 0.8925 1.064375 0.928
v 0.8925 1.064375 0.934
v 0.8925 1.09375 0.934
v 0.8925 1.09375 0.928
v 0.9075 1.064375 0.928
v 0.9075 1.064375 0.934
v 0.9075 1.09375 0.934
v 0.9075 1.09375 0.928
v 0.8925 1.206875 0.928
v 0.8925 1.206875 0.934
v 0.8925 1.23625 0.934
v 0.8925 1.23625 0.928
v 0.9075 1.206875 0.928
v 0.9075 1.206875 0.934
v 0.9075 1.23625 0.934
v 0.9075 1.23625 0.928
v 0.8925 1.206875 0.928
v 0.8925 1.206875 0.934
v 0.8925 1.23625 0.934
v 0.8925 1.23625 0.928
v 0.9075 1.206875 0.928
v 0.9075 1.206875 0.934
v 0.9075 1.23625 0.934
v 0.9075 1.23625 0.928
v 0.8925 1.349375 0.928
v 0.8925 1.349375 0.934
v 0.8925 1.37875 0.934
v 0.8925 1.37875 0.928
v 0.9075 1.349375 0.928
v 0.9075 1.349375 0.934
v 0.9075 1.37875 0.934
v 0.9075 1.37875 0.928
v 0.8925 1.349375 0.928
v 0.8925 1.349375 0.934
v 0.8925 1.37875 0.934
v 0.8925 1.37875 0.928
v 0.9075 1.349375 0.928
v 0.9075 1.349375 0.934
v 0.9075 1.37875 0.934
v 0.9075 1.37875 0.928
v 0.8925 1.491875 0.928
v 0.8925 1.491875 0.934
v 0.8925 1.52125 0.934
v 0.8925 1.52125 0.928
v 0.9075 1.491875 0.928
v 0.9075 1.491875 0.934
v 0.9075 1.52125 0.934
v 0.9075 1.52125 0.928
v 0.8925 1.491875 0.928
v 0.8925 1.491875 0.934
v 0.8925 1.52125 0.934
v 0.8925 1.52125 0.928
v 0.9075 1.491875 0.928
v 0.9075 1.491875 0.934
v 0.9075 1.52125 0.934
v 0.9075 1.52125 0.928
v 0.8925 1.634375 0.928
v 0.8925 1.634375 0.934
v 0.8925 1.66375 0.934
v 0.8925 1.66375 0.928
v 0.9075 1.634375 0.928
v 0.9075 1.634375 0.934
v 0.9075 1.66375 0.934
v 0.9075 1.66375 0.928
v 0.8925 1.634375 0.928
v 0.8925 1.634375 0.934
v 0.8925 1.66375 0.934
v 0.8925 1.66375 0.928
v 0.9075 1.634375 0.928
v 0.9075 1.634375 0.934
v 0.9075 1.66375 0.934
v 0.9075 1.66375 0.928
v 0.8925 1.776875 0.928
v 0.8925 1.776875 0.934
v 0.8925 1.80625 0.934
v 0.8925 1.80625 0.928
v 0.9075 1.776875 0.928
v 0.9075 1.776875 0.934
v 0.9075 1.80625 0.934
v 0.9075 1.80625 0.928
v 0.8925 1.776875 0.928
v 0.8925 1.776875 0.934
v 0.8925 1.80625 0.934
v 0.8925 1.80625 0.928
v 0.9075 1.776875 0.928
v 0.9075 1.776875 0.934
v 0.9075 1.80625 0.934
v 0.9075 1.80625 0.928
v 0.0925 0.209375 0.928
v 0.0925 0.209375 0.934
v 0.0925 0.23875 0.934
v 0.0925 0.23875 0.928
v 0.1075 0.209375 0.928
v 0.1075 0.209375 0.934
v 0.1075 0.23875 0.934
v 0.1075 0.23875 0.928
v 0.0925 0.209375 0.928
v 0.0925 0.209375 0.934
v 0.0925 0.23875 0.934
v 0.0925 0.23875 0.928
v 0.1075 0.209375 0.928
v 0.1075 0.209375 0.934
v 0.1075 0.23875 0.934
v 0.1075 0.23875 0.928
v 0.0925 0.351875 0.928
v 0.0925 0.351875 0.934
v 0.0925 0.38125 0.934
v 0.0925 0.38125 0.928
v 0.1075 0.351875 0.928
v 0.1075 0.351875 0.934
v 0.1075 0.38125 0.934
v 0.1075 0.38125 0.928
v 0.0925 0.351875 0.928
v 0.0925 0.351875 0.934
v 0.0925 0.38125 0.934
v 0.0925 0.38125 0.928
v 0.1075 0.351875 0.928
v 0.1075 0.351875 0.934
v 0.1075 0.38125 0.934
v 0.1075 0.38125 0.928
v 0.0925 0.494375 0.928
v 0.0925 0.494375 0.934
v 0.0925 0.52375 0.934
v 0.0925 0.52375 0.928
v 0.1075 0.494375 0.928
v 0.1075 0.494375 0.934
v 0.1075 0.52375 0.934
v 0.1075 0.52375 0.928
v 0.0925 0.494375 0.928
v 0.0925 0.494375 0.934
v 0.0925 0.52375 0.934
v 0.0925 0.52375 0.928
v 0.1075 0.494375 0.928
v 0.1075 0.494375 0.934
v 0.1075 0.52375 0.934
v 0.1075 0.52375 0.928
v 0.0925 0.636875 0.928
v 0.0925 0.636875 0.934
v 0.0925 0.66625 0.934
v 0.0925 0.66625 0.928
v 0.1075 0.636875 0.928
v 0.1075 0.636875 0.934
v 0.1075 0.66625 0.934
v 0.1075 0.66625 0.928
v 0.0925 0.636875 0.928
v 0.0925 0.636875 0.934
v 0.0925 0.66625 0.934
v 0.0925 0.66625 0.928
v 0.1075 0.636875 0.928
v 0.1075 0.636875 0.934
v 0.1075 0.66625 0.934
v 0.1075 0.66625 0.928
v 0.0925 0.779375 0.928
v 0.0925 0.779375 0.934
v 0.0925 0.80875 0.934
v 0.0925 0.80875 0.928
v 0.1075 0.779375 0.928
v 0.1075 0.779375 0.934
v 0.1075 0.80875 0.934
v 0.1075 0.80875 0.928
v 0.0925 0.779375 0.928
v 0.0925 0.779375 0.934
v 0.0925 0.80875 0.934
v 0.0925 0.80875 0.928
v 0.1075 0.779375 0.928
v 0.1075 0.779375 0.934
v 0.1075 0.80875 0.934
v 0.1075 0.80875 0.928
v 0.0925 0.921875 0.928
v 0.0925 0.921875 0.934
v 0.0925 0.95125 0.934
v 0.0925 0.95125 0.928
v 0.1075 0.921875 0.928
v 0.1075 0.921875 0.934
v 0.1075 0.95125 0.934
v 0.1075 0.95125 0.928
v 0.0925 0.921875 0.928
v 0.0925 0.921875 0.934
v 0.0925 0.95125 0.934
v 0.0925 0.95125 0.928
v 0.1075 0.921875 0.928
v 0.1075 0.921875 0.934
v 0.1075 0.95125 0.934
v 0.1075 0.95125 0.928
v 0.0925 1.064375 0.928
v 0.0925 1.064375 0.934
v 0.0925 1.09375 0.934
v 0.0925 1.09375 0.928
v 0.1075 1.064375 0.928
v 0.1075 1.064375 0.934
v 0.1075 1.09375 0.934
v 0.1075 1.09375 0.928
v 0.0925 1.064375 0.928
v 0.0925 1.064375 0.934
v 0.0925 1.09375 0.934
v 0.0925 1.09375 0.928
v 0.1075 1.064375 0.928
v 0.1075 1.064375 0.934
v 0.1075 1.09375 0.934
v 0.1075 1.09375 0.928
v 0.0925 1.206875 0.928
v 0.0925 1.206875 0.934
v 0.0925 1.23625 0.934
v 0.0925 1.23625 0.928
v 0.1075 1.206875 0.928
v 0.1075 1.206875 0.934
v 0.1075 1.23625 0.934
v 0.1075 1.23625 0.928
v 0.0925 1.206875 0.928
v 0.0925 1.206875 0.934
v 0.0925 1.23625 0.934
v 0.0925 1.23625 0.928
v 0.1075 1.206875 0.928
v 0.1075 1.206875 0.934
v 0.1075 1.23625 0.934
v 0.1075 1.23625 0.928
v 0.0925 1.349375 0.928
v 0.0925 1.349375 0.934
v 0.0925 1.37875 0.934
v 0.0925 1.37875 0.928
v 0.1075 1.349375 0.928
v 0.1075 1.349375 0.934
v 0.1075 1.37875 0.934
v 0.1075 1.37875 0.928
v 0.0925 1.349375 0.928
v 0.0925 1.349375 0.934
v 0.0925 1.37875 0.934
v 0.0925 1.37875 0.928
v 0.1075 1.349375 0.928
v 0.1075 1.349375 0.934
v 0.1075 1.37875 0.934
v 0.1075 1.37875 0.928
v 0.0925 1.491875 0.928
v 0.0925 1.491875 0.934
v 0.0925 1.52125 0.934
v 0.0925 1.52125 0.928
v 0.1075 1.491875 0.928
v 0.1075 1.491875 0.934
v 0.1075 1.52125 0.934
v 0.1075 1.52125 0.928
v 0.0925 1.491875 0.928
v 0.0925 1.491875 0.934
v 0.0925 1.52125 0.934
v 0.0925 1.52125 0.928
v 0.1075 1.491875 0.928
v 0.1075 1.491875 0.934
v 0.1075 1.52125 0.934
v 0.1075 1.52125 0.928
v 0.0925 1.634375 0.928
v 0.0925 1.634375 0.934
v 0.0925 1.66375 0.934
v 0.0925 1.66375 0.928
v 0.1075 1.634375 0.928
v 0.1075 1.634375 0.934
v 0.1075 1.66375 0.934
v 0.1075 1.66375 0.928
v 0.0925 1.634375 0.928
v 0.0925 1.634375 0.934
v 0.0925 1.66375 0.934
v 0.0925 1.66375 0.928
v 0.1075 1.634375 0.928
v 0.1075 1.634375 0.934
v 0.1075 1.66375 0.934
v 0.1075 1.66375 0.928
v 0.0925 1.776875 0.928
v 0.0925 1.776875 0.934
v 0.0925 1.80625 0.934
v 0.0925 1.80625 0.928
v 0.1075 1.776875 0.928
v 0.1075 1.776875 0.934
v 0.1075 1.80625 0.934
v 0.1075 1.80625 0.928
v 0.0925 1.776875 0.928
v 0.0925 1.776875 0.934
v 0.0925 1.80625 0.934
v 0.0925 1.80625 0.928
v 0.1075 1.776875 0.928
v 0.1075 1.776875 0.934
v 0.1075 1.80625 0.934
v 0.1075 1.80625 0.928
vt 0.084883 0.088117
vt 0.084883 0.088867
vt 0.083008 0.088867
vt 0.083008 0.088117
vt 0.518555 0.336992
vt 0.522227 0.336992
vt 0.522227 0.338867
vt 0.518555 0.338867
vt 0.09082 0.088867
vt 0.09082 0.088117
vt 0.092695 0.088117
vt 0.092695 0.088867
vt 0.531992 0.338867
vt 0.52832 0.338867
vt 0.52832 0.336992
vt 0.531992 0.336992
vt 0.801758 0.09593
vt 0.80543 0.09593
vt 0.80543 0.09668
vt 0.80543 0.09668
vt 0.801758 0.09668
vt 0.801758 0.09593
vt 0.811523 0.09668
vt 0.811523 0.09593
vt 0.815195 0.09593
vt 0.815195 0.09593
vt 0.815195 0.09668
vt 0.811523 0.09668
vt 0.100508 0.088117
vt 0.100508 0.088867
vt 0.098633 0.088867
vt 0.098633 0.088117
vt 0.538086 0.336992
vt 0.541758 0.336992
vt 0.541758 0.338867
vt 0.538086 0.338867
vt 0.106445 0.088867
vt 0.106445 0.088117
vt 0.10832 0.088117
vt 0.10832 0.088867
vt 0.551523 0.338867
vt 0.547852 0.338867
vt 0.547852 0.336992
vt 0.551523 0.336992
vt 0.821289 0.09593
vt 0.824961 0.09593
vt 0.824961 0.09668
vt 0.824961 0.09668
vt 0.821289 0.09668
vt 0.821289 0.09593
vt 0.831055 0.09668
vt 0.831055 0.09593
vt 0.834727 0.09593
vt 0.834727 0.09593
vt 0.834727 0.09668
vt 0.831055 0.09668
vt 0.116133 0.088117
vt 0.116133 0.088867
vt 0.114258 0.088867
vt 0.114258 0.088117
vt 0.401367 0.336992
vt 0.405039 0.336992
vt 0.405039 0.338867
vt 0.401367 0.338867
vt 0.12207 0.088867
vt 0.12207 0.088117
vt 0.123945 0.088117
vt 0.123945 0.088867
vt 0.414805 0.338867
vt 0.411133 0.338867
vt 0.411133 0.336992
vt 0.414805 0.336992
vt 0.68457 0.09593
vt 0.688242 0.09593
vt 0.688242 0.09668
vt 0.688242 0.09668
vt 0.68457 0.09668
vt 0.68457 0.09593
vt 0.694336 0.09668
vt 0.694336 0.09593
vt 0.698008 0.09593
vt 0.698008 0.09593
vt 0.698008 0.09668
vt 0.694336 0.09668
vt 0.131758 0.088117
vt 0.131758 0.088867
vt 0.129883 0.088867
vt 0.129883 0.088117
vt 0.420898 0.336992
vt 0.42457 0.336992
vt 0.42457 0.338867
vt 0.420898 0.338867
vt 0.137695 0.088867
vt 0.137695 0.088117
vt 0.13957 0.088117
vt 0.13957 0.088867
vt 0.434336 0.338867
vt 0.430664 0.338867
vt 0.430664 0.336992
vt 0.434336 0.336992
vt 0.704102 0.09593
vt 0.707773 0.09593
vt 0.707773 0.09668
vt 0.707773 0.09668
vt 0.704102 0.09668
vt 0.704102 0.09593
vt 0.713867 0.09668
vt 0.713867 0.09593
vt 0.717539 0.09593
vt 0.717539 0.09593
vt 0.717539 0.09668
vt 0.713867 0.09668
vt 0.147383 0.088117
vt 0.147383 0.088867
vt 0.145508 0.088867
vt 0.145508 0.088117
vt 0.59668 0.336992
vt 0.600352 0.336992
vt 0.600352 0.338867
vt 0.59668 0.338867
vt 0.15332 0.088867
vt 0.15332 0.088117
vt 0.155195 0.088117
vt 0.155195 0.088867
vt 0.610117 0.338867
vt 0.606445 0.338867
vt 0.606445 0.336992
vt 0.610117 0.336992
vt 0.879883 0.09593
vt 0.883555 0.09593
vt 0.883555 0.09668
vt 0.883555 0.09668
vt 0.879883 0.09668
vt 0.879883 0.09593
vt 0.889648 0.09668
vt 0.889648 0.09593
vt 0.89332 0.09593
vt 0.89332 0.09593
vt 0.89332 0.09668
vt 0.889648 0.09668
vt 0.163008 0.088117
vt 0.163008 0.088867
vt 0.161133 0.088867
vt 0.161133 0.088117
vt 0.44043 0.336992
vt 0.444102 0.336992
vt 0.444102 0.338867
vt 0.44043 0.338867
vt 0.168945 0.088867
vt 0.168945 0.088117
vt 0.17082 0.088117
vt 0.17082 0.088867
vt 0.453867 0.338867
vt 0.450195 0.338867
vt 0.450195 0.336992
vt 0.453867 0.336992
vt 0.723633 0.09593
vt 0.727305 0.09593
vt 0.727305 0.09668
vt 0.727305 0.09668
vt 0.723633 0.09668
vt 0.723633 0.09593
vt 0.733398 0.09668
vt 0.733398 0.09593
vt 0.73707 0.09593
vt 0.73707 0.09593
vt 0.73707 0.09668
vt 0.733398 0.09668
vt 0.178633 0.088117
vt 0.178633 0.088867
vt 0.176758 0.088867
vt 0.176758 0.088117
vt 0.616211 0.336992
vt 0.619883 0.336992
vt 0.619883 0.338867
vt 0.616211 0.338867
vt 0.18457 0.088867
vt 0.18457 0.088117
vt 0.186445 0.088117
vt 0.186445 0.088867
vt 0.629648 0.338867
vt 0.625977 0.338867
vt 0.625977 0.336992
vt 0.629648 0.336992
vt 0.899414 0.09593
vt 0.903086 0.09593
vt 0.903086 0.09668
vt 0.903086 0.09668
vt 0.899414 0.09668
vt 0.899414 0.09593
vt 0.90918 0.09668
vt 0.90918 0.09593
vt 0.912852 0.09593
vt 0.912852 0.09593
vt 0.912852 0.09668
vt 0.90918 0.09668
vt 0.194258 0.088117
vt 0.194258 0.088867
vt 0.192383 0.088867
vt 0.192383 0.088117
vt 0.323242 0.336992
vt 0.326914 0.336992
vt 0.326914 0.338867
vt 0.323242 0.338867
vt 0.200195 0.088867
vt 0.200195 0.088117
vt 0.20207 0.088117
vt 0.20207 0.088867
vt 0.33668 0.338867
vt 0.333008 0.338867
vt 0.333008 0.336992
vt 0.33668 0.336992
vt 0.606445 0.09593
vt 0.610117 0.09593
vt 0.610117 0.09668
vt 0.610117 0.09668
vt 0.606445 0.09668
vt 0.606445 0.09593
vt 0.616211 0.09668
vt 0.616211 0.09593
vt 0.619883 0.09593
vt 0.619883 0.09593
vt 0.619883 0.09668
vt 0.616211 0.09668
vt 0.209883 0.088117
vt 0.209883 0.088867
vt 0.208008 0.088867
vt 0.208008 0.088117
vt 0.635742 0.336992
vt 0.639414 0.336992
vt 0.639414 0.338867
vt 0.635742 0.338867
vt 0.21582 0.088867
vt 0.21582 0.088117
vt 0.217695 0.088117
vt 0.217695 0.088867
vt 0.64918 0.338867
vt 0.645508 0.338867
vt 0.645508 0.336992
vt 0.64918 0.336992
vt 0.918945 0.09593
vt 0.922617 0.09593
vt 0.922617 0.09668
vt 0.922617 0.09668
vt 0.918945 0.09668
vt 0.918945 0.09593
vt 0.928711 0.09668
vt 0.928711 0.09593
vt 0.932383 0.09593
vt 0.932383 0.09593
vt 0.932383 0.09668
vt 0.928711 0.09668
vt 0.225508 0.088117
vt 0.225508 0.088867
vt 0.223633 0.088867
vt 0.223633 0.088117
vt 0.655273 0.336992
vt 0.658945 0.336992
vt 0.658945 0.338867
vt 0.655273 0.338867
vt 0.231445 0.088867
vt 0.231445 0.088117
vt 0.23332 0.088117
vt 0.23332 0.088867
vt 0.668711 0.338867
vt 0.665039 0.338867
vt 0.665039 0.336992
vt 0.668711 0.336992
vt 0.938477 0.09593
vt 0.942148 0.09593
vt 0.942148 0.09668
vt 0.942148 0.09668
vt 0.938477 0.09668
vt 0.938477 0.09593
vt 0.948242 0.09668
vt 0.948242 0.09593
vt 0.951914 0.09593
vt 0.951914 0.09593
vt 0.951914 0.09668
vt 0.948242 0.09668
vt 0.241133 0.088117
vt 0.241133 0.088867
vt 0.239258 0.088867
vt 0.239258 0.088117
vt 0.342773 0.336992
vt 0.346445 0.336992
vt 0.346445 0.338867
vt 0.342773 0.338867
vt 0.24707 0.088867
vt 0.24707 0.088117
vt 0.248945 0.088117
vt 0.248945 0.088867
vt 0.356211 0.338867
vt 0.352539 0.338867
vt 0.352539 0.336992
vt 0.356211 0.336992
vt 0.625977 0.09593
vt 0.629648 0.09593
vt 0.629648 0.09668
vt 0.629648 0.09668
vt 0.625977 0.09668
vt 0.625977 0.09593
vt 0.635742 0.09668
vt 0.635742 0.09593
vt 0.639414 0.09593
vt 0.639414 0.09593
vt 0.639414 0.09668
vt 0.635742 0.09668
vt 0.256758 0.088117
vt 0.256758 0.088867
vt 0.254883 0.088867
vt 0.254883 0.088117
vt 0.674805 0.336992
vt 0.678477 0.336992
vt 0.678477 0.338867
vt 0.674805 0.338867
vt 0.262695 0.088867
vt 0.262695 0.088117
vt 0.26457 0.088117
vt 0.26457 0.088867
vt 0.688242 0.338867
vt 0.68457 0.338867
vt 0.68457 0.336992
vt 0.688242 0.336992
vt 0.958008 0.09593
vt 0.96168 0.09593
vt 0.96168 0.09668
vt 0.96168 0.09668
vt 0.958008 0.09668
vt 0.958008 0.09593
vt 0.967773 0.09668
vt 0.967773 0.09593
vt 0.971445 0.09593
vt 0.971445 0.09593
vt 0.971445 0.09668
vt 0.967773 0.09668
vt 0.272383 0.088117
vt 0.272383 0.088867
vt 0.270508 0.088867
vt 0.270508 0.088117
vt 0.557617 0.336992
vt 0.561289 0.336992
vt 0.561289 0.338867
vt 0.557617 0.338867
vt 0.27832 0.088867
vt 0.27832 0.088117
vt 0.280195 0.088117
vt 0.280195 0.088867
vt 0.571055 0.338867
vt 0.567383 0.338867
vt 0.567383 0.336992
vt 0.571055 0.336992
vt 0.84082 0.09593
vt 0.844492 0.09593
vt 0.844492 0.09668
vt 0.844492 0.09668
vt 0.84082 0.09668
vt 0.84082 0.09593
vt 0.850586 0.09668
vt 0.850586 0.09593
vt 0.854258 0.09593
vt 0.854258 0.09593
vt 0.854258 0.09668
vt 0.850586 0.09668
vt 0.288008 0.088117
vt 0.288008 0.088867
vt 0.286133 0.088867
vt 0.286133 0.088117
vt 0.577148 0.336992
vt 0.58082 0.336992
vt 0.58082 0.338867
vt 0.577148 0.338867
vt 0.293945 0.088867
vt 0.293945 0.088117
vt 0.29582 0.088117
vt 0.29582 0.088867
vt 0.590586 0.338867
vt 0.586914 0.338867
vt 0.586914 0.336992
vt 0.590586 0.336992
vt 0.860352 0.09593
vt 0.864023 0.09593
vt 0.864023 0.09668
vt 0.864023 0.09668
vt 0.860352 0.09668
vt 0.860352 0.09593
vt 0.870117 0.09668
vt 0.870117 0.09593
vt 0.873789 0.09593
vt 0.873789 0.09593
vt 0.873789 0.09668
vt 0.870117 0.09668
vt 0.303633 0.088117
vt 0.303633 0.088867
vt 0.301758 0.088867
vt 0.301758 0.088117
vt 0.459961 0.336992
vt 0.463633 0.336992
vt 0.463633 0.338867
vt 0.459961 0.338867
vt 0.30957 0.088867
vt 0.30957 0.088117
vt 0.311445 0.088117
vt 0.311445 0.088867
vt 0.473398 0.338867
vt 0.469727 0.338867
vt 0.469727 0.336992
vt 0.473398 0.336992
vt 0.743164 0.09593
vt 0.746836 0.09593
vt 0.746836 0.09668
vt 0.746836 0.09668
vt 0.743164 0.09668
vt 0.743164 0.09593
vt 0.75293 0.09668
vt 0.75293 0.09593
vt 0.756602 0.09593
vt 0.756602 0.09593
vt 0.756602 0.09668
vt 0.75293 0.09668
vt 0.319258 0.088117
vt 0.319258 0.088867
vt 0.317383 0.088867
vt 0.317383 0.088117
vt 0.479492 0.336992
vt 0.483164 0.336992
vt 0.483164 0.338867
vt 0.479492 0.338867
vt 0.325195 0.088867
vt 0.325195 0.088117
vt 0.32707 0.088117
vt 0.32707 0.088867
vt 0.49293 0.338867
vt 0.489258 0.338867
vt 0.489258 0.336992
vt 0.49293 0.336992
vt 0.762695 0.09593
vt 0.766367 0.09593
vt 0.766367 0.09668
vt 0.766367 0.09668
vt 0.762695 0.09668
vt 0.762695 0.09593
vt 0.772461 0.09668
vt 0.772461 0.09593
vt 0.776133 0.09593
vt 0.776133 0.09593
vt 0.776133 0.09668
vt 0.772461 0.09668
vt 0.334883 0.088117
vt 0.334883 0.088867
vt 0.333008 0.088867
vt 0.333008 0.088117
vt 0.694336 0.336992
vt 0.698008 0.336992
vt 0.698008 0.338867
vt 0.694336 0.338867
vt 0.34082 0.088867
vt 0.34082 0.088117
vt 0.342695 0.088117
vt 0.342695 0.088867
vt 0.707773 0.338867
vt 0.704102 0.338867
vt 0.704102 0.336992
vt 0.707773 0.336992
vt 0.977539 0.09593
vt 0.981211 0.09593
vt 0.981211 0.09668
vt 0.981211 0.09668
vt 0.977539 0.09668
vt 0.977539 0.09593
vt 0.987305 0.09668
vt 0.987305 0.09593
vt 0.990977 0.09593
vt 0.990977 0.09593
vt 0.990977 0.09668
vt 0.987305 0.09668
vt 0.350508 0.088117
vt 0.350508 0.088867
vt 0.348633 0.088867
vt 0.348633 0.088117
vt 0.499023 0.336992
vt 0.502695 0.336992
vt 0.502695 0.338867
vt 0.499023 0.338867
vt 0.356445 0.088867
vt 0.356445 0.088117
vt 0.35832 0.088117
vt 0.35832 0.088867
vt 0.512461 0.338867
vt 0.508789 0.338867
vt 0.508789 0.336992
vt 0.512461 0.336992
vt 0.782227 0.09593
vt 0.785898 0.09593
vt 0.785898 0.09668
vt 0.785898 0.09668
vt 0.782227 0.09668
vt 0.782227 0.09593
vt 0.791992 0.09668
vt 0.791992 0.09593
vt 0.795664 0.09593
vt 0.795664 0.09593
vt 0.795664 0.09668
vt 0.791992 0.09668
vt 0.366133 0.088117
vt 0.366133 0.088867
vt 0.364258 0.088867
vt 0.364258 0.088117
vt 0.713867 0.336992
vt 0.717539 0.336992
vt 0.717539 0.338867
vt 0.713867 0.338867
vt 0.37207 0.088867
vt 0.37207 0.088117
vt 0.373945 0.088117
vt 0.373945 0.088867
vt 0.727305 0.338867
vt 0.723633 0.338867
vt 0.723633 0.336992
vt 0.727305 0.336992
vt 0.004883 0.088117
vt 0.008555 0.088117
vt 0.008555 0.088867
vt 0.008555 0.088867
vt 0.004883 0.088867
vt 0.004883 0.088117
vt 0.014648 0.088867
vt 0.014648 0.088117
vt 0.01832 0.088117
vt 0.01832 0.088117
vt 0.01832 0.088867
vt 0.014648 0.088867
vt 0.381758 0.088117
vt 0.381758 0.088867
vt 0.379883 0.088867
vt 0.379883 0.088117
vt 0.362305 0.336992
vt 0.365977 0.336992
vt 0.365977 0.338867
vt 0.362305 0.338867
vt 0.387695 0.088867
vt 0.387695 0.088117
vt 0.38957 0.088117
vt 0.38957 0.088867
vt 0.375742 0.338867
vt 0.37207 0.338867
vt 0.37207 0.336992
vt 0.375742 0.336992
vt 0.645508 0.09593
vt 0.64918 0.09593
vt 0.64918 0.09668
vt 0.64918 0.09668
vt 0.645508 0.09668
vt 0.645508 0.09593
vt 0.655273 0.09668
vt 0.655273 0.09593
vt 0.658945 0.09593
vt 0.658945 0.09593
vt 0.658945 0.09668
vt 0.655273 0.09668
vt 0.397383 0.088117
vt 0.397383 0.088867
vt 0.395508 0.088867
vt 0.395508 0.088117
vt 0.733398 0.336992
vt 0.73707 0.336992
vt 0.73707 0.338867
vt 0.733398 0.338867
vt 0.40332 0.088867
vt 0.40332 0.088117
vt 0.405195 0.088117
vt 0.405195 0.088867
vt 0.746836 0.338867
vt 0.743164 0.338867
vt 0.743164 0.336992
vt 0.746836 0.336992
vt 0.024414 0.088117
vt 0.028086 0.088117
vt 0.028086 0.088867
vt 0.028086 0.088867
vt 0.024414 0.088867
vt 0.024414 0.088117
vt 0.03418 0.088867
vt 0.03418 0.088117
vt 0.037852 0.088117
vt 0.037852 0.088117
vt 0.037852 0.088867
vt 0.03418 0.088867
vt 0.413008 0.088117
vt 0.413008 0.088867
vt 0.411133 0.088867
vt 0.411133 0.088117
vt 0.75293 0.336992
vt 0.756602 0.336992
vt 0.756602 0.338867
vt 0.75293 0.338867
vt 0.418945 0.088867
vt 0.418945 0.088117
vt 0.42082 0.088117
vt 0.42082 0.088867
vt 0.766367 0.338867
vt 0.762695 0.338867
vt 0.762695 0.336992
vt 0.766367 0.336992
vt 0.043945 0.088117
vt 0.047617 0.088117
vt 0.047617 0.088867
vt 0.047617 0.088867
vt 0.043945 0.088867
vt 0.043945 0.088117
vt 0.053711 0.088867
vt 0.053711 0.088117
vt 0.057383 0.088117
vt 0.057383 0.088117
vt 0.057383 0.088867
vt 0.053711 0.088867
vt 0.428633 0.088117
vt 0.428633 0.088867
vt 0.426758 0.088867
vt 0.426758 0.088117
vt 0.381836 0.336992
vt 0.385508 0.336992
vt 0.385508 0.338867
vt 0.381836 0.338867
vt 0.43457 0.088867
vt 0.43457 0.088117
vt 0.436445 0.088117
vt 0.436445 0.088867
vt 0.395273 0.338867
vt 0.391602 0.338867
vt 0.391602 0.336992
vt 0.395273 0.336992
vt 0.665039 0.09593
vt 0.668711 0.09593
vt 0.668711 0.09668
vt 0.668711 0.09668
vt 0.665039 0.09668
vt 0.665039 0.09593
vt 0.674805 0.09668
vt 0.674805 0.09593
vt 0.678477 0.09593
vt 0.678477 0.09593
vt 0.678477 0.09668
vt 0.674805 0.09668
vt 0.444258 0.088117
vt 0.444258 0.088867
vt 0.442383 0.088867
vt 0.442383 0.088117
vt 0.772461 0.336992
vt 0.776133 0.336992
vt 0.776133 0.338867
vt 0.772461 0.338867
vt 0.450195 0.088867
vt 0.450195 0.088117
vt 0.45207 0.088117
vt 0.45207 0.088867
vt 0.785898 0.338867
vt 0.782227 0.338867
vt 0.782227 0.336992
vt 0.785898 0.336992
vt 0.063477 0.088117
vt 0.067148 0.088117
vt 0.067148 0.088867
vt 0.067148 0.088867
vt 0.063477 0.088867
vt 0.063477 0.088117
vt 0.073242 0.088867
vt 0.073242 0.088117
vt 0.076914 0.088117
vt 0.076914 0.088117
vt 0.076914 0.088867
vt 0.073242 0.088867
vn 0 -1 0
vn 0 0 1
vn 0 1 0
vn 0 0 -1
vn -1 0 0
vn -1 0 0
vn 1 0 0
vn 1 0 0
vn 0 -1 0
vn 0 0 1
vn 0 1 0
vn 0 0 -1
vn -1 0 0
vn -1 0 0
vn 1 0 0
vn 1 0 0
vn 0 -1 0
vn 0 0 1
vn 0 1 0
vn 0 0 -1
vn -1 0 0
vn -1 0 0
vn 1 0 0
vn 1 0 0
vn 0 -1 0
vn 0 0 1
vn 0 1 0
vn 0 0 -1
vn -1 0 0
vn -1 0 0
vn 1 0 0
vn 1 0 0
vn 0 -1 0
vn 0 0 1
vn 0 1 0
vn 0 0 -1
vn -1 0 0
vn -1 0 0
vn 1 0 0
vn 1 0 0
vn 0 -1 0
vn 0 0 1
vn 0 1 0
vn 0 0 -1
vn -1 0 0
vn -1 0 0
vn 1 0 0
vn 1 0 0
vn 0 -1 0
vn 0 0 1
vn 0 1 0
vn 0 0 -1
vn -1 0 0
vn -1 0 0
vn 1 0 0
vn 1 0 0
vn 0 -1 0
vn 0 0 1
vn 0 1 0
vn 0 0 -1
vn -1 0 0
vn -1 0 0
vn 1 0 0
vn 1 0 0
vn 0 -1 0
vn 0 0 1
vn 0 1 0
vn 0 0 -1
vn -1 0 0
vn -1 0 0
vn 1 0 0
vn 1 0 0
vn 0 -1 0
vn 0 0 1
vn 0 1 0
vn 0 0 -1
vn -1 0 0
vn -1 0 0
vn 1 0 0
vn 1 0 0
vn 0 -1 0
vn 0 0 1
vn 0 1 0
vn 0 0 -1
vn -1 0 0
vn -1 0 0
vn 1 0 0
vn 1 0 0
vn 0 -1 0
vn 0 0 1
vn 0 1 0
vn 0 0 -1
vn -1 0 0
vn -1 0 0
vn 1 0 0
vn 1 0 0
vn 0 -1 0
vn 0 0 1
vn 0 1 0
vn 0 0 -1
vn -1 0 0
vn -1 0 0
vn 1 0 0
vn 1 0 0
vn 0 -1 0
vn 0 0 1
vn 0 1 0
vn 0 0 -1
vn -1 0 0
vn -1 0 0
vn 1 0 0
vn 1 0 0
vn 0 -1 0
vn 0 0 1
vn 0 1 0
vn 0 0 -1
vn -1 0 0
vn -1 0 0
vn 1 0 0
vn 1 0 0
vn 0 -1 0
vn 0 0 1
vn 0 1 0
vn 0 0 -1
vn -1 0 0
vn -1 0 0
vn 1 0 0
vn 1 0 0
vn 0 -1 0
vn 0 0 1
vn 0 1 0
vn 0 0 -1
vn -1 0 0
vn -1 0 0
vn 1 0 0
vn 1 0 0
vn 0 -1 0
vn 0 0 1
vn 0 1 0
vn 0 0 -1
vn -1 0 0
vn -1 0 0
vn 1 0 0
vn 1 0 0
vn 0 -1 0
vn 0 0 1
vn 0 1 0
vn 0 0 -1
vn -1 0 0
vn -1 0 0
vn 1 0 0
vn 1 0 0
vn 0 -1 0
vn 0 0 1
vn 0 1 0
vn 0 0 -1
vn -1 0 0
vn -1 0 0
vn 1 0 0
vn 1 0 0
vn 0 -1 0
vn 0 0 1
vn 0 1 0
vn 0 0 -1
vn -1 0 0
vn -1 0 0
vn 1 0 0
vn 1 0 0
vn 0 -1 0
vn 0 0 1
vn 0 1 0
vn 0 0 -1
vn -1 0 0
vn -1 0 0
vn 1 0 0
vn 1 0 0
vn 0 -1 0
vn 0 0 1
vn 0 1 0
vn 0 0 -1
vn -1 0 0
vn -1 0 0
vn 1 0 0
vn 1 0 0
vn 0 -1 0
vn 0 0 1
vn 0 1 0
vn 0 0 -1
vn -1 0 0
vn -1 0 0
vn 1 0 0
vn 1 0 0
f 2335/5187/1420 2336/5188/1420 2332/5189/1420 2331/5190/1420
f 2336/5191/1421 2337/5192/1421 2333/5193/1421 2332/5194/1421
f 2337/5195/1422 2338/5196/1422 2334/5197/1422 2333/5198/1422
f 2338/5199/1423 2335/5200/1423 2331/5201/1423 2334/5202/1423
f 2342/5203/1424 2339/5204/1424 2340/5205/1424
f 2340/5206/1425 2341/5207/1425 2342/5208/1425
f 2344/5209/1426 2343/5210/1426 2346/5211/1426
f 2346/5212/1427 2345/5213/1427 2344/5214/1427
f 2351/5215/1428 2352/5216/1428 2348/5217/1428 2347/5218/1428
f 2352/5219/1429 2353/5220/1429 2349/5221/1429 2348/5222/1429
f 2353/5223/1430 2354/5224/1430 2350/5225/1430 2349/5226/1430
f 2354/5227/1431 2351/5228/1431 2347/5229/1431 2350/5230/1431
f 2358/5231/1432 2355/5232/1432 2356/5233/1432
f 2356/5234/1433 2357/5235/1433 2358/5236/1433
f 2360/5237/1434 2359/5238/1434 2362/5239/1434
f 2362/5240/1435 2361/5241/1435 2360/5242/1435
f 2367/5243/1436 2368/5244/1436 2364/5245/1436 2363/5246/1436
f 2368/5247/1437 2369/5248/1437 2365/5249/1437 2364/5250/1437
f 2369/5251/1438 2370/5252/1438 2366/5253/1438 2365/5254/1438
f 2370/5255/1439 2367/5256/1439 2363/5257/1439 2366/5258/1439
f 2374/5259/1440 2371/5260/1440 2372/5261/1440
f 2372/5262/1441 2373/5263/1441 2374/5264/1441
f 2376/5265/1442 2375/5266/1442 2378/5267/1442
f 2378/5268/1443 2377/5269/1443 2376/5270/1443
f 2383/5271/1444 2384/5272/1444 2380/5273/1444 2379/5274/1444
f 2384/5275/1445 2385/5276/1445 2381/5277/1445 2380/5278/1445
f 2385/5279/1446 2386/5280/1446 2382/5281/1446 2381/5282/1446
f 2386/5283/1447 2383/5284/1447 2379/5285/1447 2382/5286/1447
f 2390/5287/1448 2387/5288/1448 2388/5289/1448
f 2388/5290/1449 2389/5291/1449 2390/5292/1449
f 2392/5293/1450 2391/5294/1450 2394/5295/1450
f 2394/5296/1451 2393/5297/1451 2392/5298/1451
f 2399/5299/1452 2400/5300/1452 2396/5301/1452 2395/5302/1452
f 2400/5303/1453 2401/5304/1453 2397/5305/1453 2396/5306/1453
f 2401/5307/1454 2402/5308/1454 2398/5309/1454 2397/5310/1454
f 2402/5311/1455 2399/5312/1455 2395/5313/1455 2398/5314/1455
f 2406/5315/1456 2403/5316/1456 2404/5317/1456
f 2404/5318/1457 2405/5319/1457 2406/5320/1457
f 2408/5321/1458 2407/5322/1458 2410/5323/1458
f 2410/5324/1459 2409/5325/1459 2408/5326/1459
f 2415/5327/1460 2416/5328/1460 2412/5329/1460 2411/5330/1460
f 2416/5331/1461 2417/5332/1461 2413/5333/1461 2412/5334/1461
f 2417/5335/1462 2418/5336/1462 2414/5337/1462 2413/5338/1462
f 2418/5339/1463 2415/5340/1463 2411/5341/1463 2414/5342/1463
f 2422/5343/1464 2419/5344/1464 2420/5345/1464
f 2420/5346/1465 2421/5347/1465 2422/5348/1465
f 2424/5349/1466 2423/5350/1466 2426/5351/1466
f 2426/5352/1467 2425/5353/1467 2424/5354/1467
f 2431/5355/1468 2432/5356/1468 2428/5357/1468 2427/5358/1468
f 2432/5359/1469 2433/5360/1469 2429/5361/1469 2428/5362/1469
f 2433/5363/1470 2434/5364/1470 2430/5365/1470 2429/5366/1470
f 2434/5367/1471 2431/5368/1471 2427/5369/1471 2430/5370/1471
f 2438/5371/1472 2435/5372/1472 2436/5373/1472
f 2436/5374/1473 2437/5375/1473 2438/5376/1473
f 2440/5377/1474 2439/5378/1474 2442/5379/1474
f 2442/5380/1475 2441/5381/1475 2440/5382/1475
f 2447/5383/1476 2448/5384/1476 2444/5385/1476 2443/5386/1476
f 2448/5387/1477 2449/5388/1477 2445/5389/1477 2444/5390/1477
f 2449/5391/1478 2450/5392/1478 2446/5393/1478 2445/5394/1478
f 2450/5395/1479 2447/5396/1479 2443/5397/1479 2446/5398/1479
f 2454/5399/1480 2451/5400/1480 2452/5401/1480
f 2452/5402/1481 2453/5403/1481 2454/5404/1481
f 2456/5405/1482 2455/5406/1482 2458/5407/1482
f 2458/5408/1483 2457/5409/1483 2456/5410/1483
f 2463/5411/1484 2464/5412/1484 2460/5413/1484 2459/5414/1484
f 2464/5415/1485 2465/5416/1485 2461/5417/1485 2460/5418/1485
f 2465/5419/1486 2466/5420/1486 2462/5421/1486 2461/5422/1486
f 2466/5423/1487 2463/5424/1487 2459/5425/1487 2462/5426/1487
f 2470/5427/1488 2467/5428/1488 2468/5429/1488
f 2468/5430/1489 2469/5431/1489 2470/5432/1489
f 2472/5433/1490 2471/5434/1490 2474/5435/1490
f 2474/5436/1491 2473/5437/1491 2472/5438/1491
f 2479/5439/1492 2480/5440/1492 2476/5441/1492 2475/5442/1492
f 2480/5443/1493 2481/5444/1493 2477/5445/1493 2476/5446/1493
f 2481/5447/1494 2482/5448/1494 2478/5449/1494 2477/5450/1494
f 2482/5451/1495 2479/5452/1495 2475/5453/1495 2478/5454/1495
f 2486/5455/1496 2483/5456/1496 2484/5457/1496
f 2484/5458/1497 2485/5459/1497 2486/5460/1497
f 2488/5461/1498 2487/5462/1498 2490/5463/1498
f 2490/5464/1499 2489/5465/1499 2488/5466/1499
f 2495/5467/1500 2496/5468/1500 2492/5469/1500 2491/5470/1500
f 2496/5471/1501 2497/5472/1501 2493/5473/1501 2492/5474/1501
f 2497/5475/1502 2498/5476/1502 2494/5477/1502 2493/5478/1502
f 2498/5479/1503 2495/5480/1503 2491/5481/1503 2494/5482/1503
f 2502/5483/1504 2499/5484/1504 2500/5485/1504
f 2500/5486/1505 2501/5487/1505 2502/5488/1505
f 2504/5489/1506 2503/5490/1506 2506/5491/1506
f 2506/5492/1507 2505/5493/1507 2504/5494/1507
f 2511/5495/1508 2512/5496/1508 2508/5497/1508 2507/5498/1508
f 2512/5499/1509 2513/5500/1509 2509/5501/1509 2508/5502/1509
f 2513/5503/1510 2514/5504/1510 2510/5505/1510 2509/5506/1510
f 2514/5507/1511 2511/5508/1511 2507/5509/1511 2510/5510/1511
f 2518/5511/1512 2515/5512/1512 2516/5513/1512
f 2516/5514/1513 2517/5515/1513 2518/5516/1513
f 2520/5517/1514 2519/5518/1514 2522/5519/1514
f 2522/5520/1515 2521/5521/1515 2520/5522/1515
f 2527/5523/1516 2528/5524/1516 2524/5525/1516 2523/5526/1516
f 2528/5527/1517 2529/5528/1517 2525/5529/1517 2524/5530/1517
f 2529/5531/1518 2530/5532/1518 2526/5533/1518 2525/5534/1518
f 2530/5535/1519 2527/5536/1519 2523/5537/1519 2526/5538/1519
f 2534/5539/1520 2531/5540/1520 2532/5541/1520
f 2532/5542/1521 2533/5543/1521 2534/5544/1521
f 2536/5545/1522 2535/5546/1522 2538/5547/1522
f 2538/5548/1523 2537/5549/1523 2536/5550/1523
f 2543/5551/1524 2544/5552/1524 2540/5553/1524 2539/5554/1524
f 2544/5555/1525 2545/5556/1525 2541/5557/1525 2540/5558/1525
f 2545/5559/1526 2546/5560/1526 2542/5561/1526 2541/5562/1526
f 2546/5563/1527 2543/5564/1527 2539/5565/1527 2542/5566/1527
f 2550/5567/1528 2547/5568/1528 2548/5569/1528
f 2548/5570/1529 2549/5571/1529 2550/5572/1529
f 2552/5573/1530 2551/5574/1530 2554/5575/1530
f 2554/5576/1531 2553/5577/1531 2552/5578/1531
f 2559/5579/1532 2560/5580/1532 2556/5581/1532 2555/5582/1532
f 2560/5583/1533 2561/5584/1533 2557/5585/1533 2556/5586/1533
f 2561/5587/1534 2562/5588/1534 2558/5589/1534 2557/5590/1534
f 2562/5591/1535 2559/5592/1535 2555/5593/1535 2558/5594/1535
f 2566/5595/1536 2563/5596/1536 2564/5597/1536
f 2564/5598/1537 2565/5599/1537 2566/5600/1537
f 2568/5601/1538 2567/5602/1538 2570/5603/1538
f 2570/5604/1539 2569/5605/1539 2568/5606/1539
f 2575/5607/1540 2576/5608/1540 2572/5609/1540 2571/5610/1540
f 2576/5611/1541 2577/5612/1541 2573/5613/1541 2572/5614/1541
f 2577/5615/1542 2578/5616/1542 2574/5617/1542 2573/5618/1542
f 2578/5619/1543 2575/5620/1543 2571/5621/1543 2574/5622/1543
f 2582/5623/1544 2579/5624/1544 2580/5625/1544
f 2580/5626/1545 2581/5627/1545 2582/5628/1545
f 2584/5629/1546 2583/5630/1546 2586/5631/1546
f 2586/5632/1547 2585/5633/1547 2584/5634/1547
f 2591/5635/1548 2592/5636/1548 2588/5637/1548 2587/5638/1548
f 2592/5639/1549 2593/5640/1549 2589/5641/1549 2588/5642/1549
f 2593/5643/1550 2594/5644/1550 2590/5645/1550 2589/5646/1550
f 2594/5647/1551 2591/5648/1551 2587/5649/1551 2590/5650/1551
f 2598/5651/1552 2595/5652/1552 2596/5653/1552
f 2596/5654/1553 2597/5655/1553 2598/5656/1553
f 2600/5657/1554 2599/5658/1554 2602/5659/1554
f 2602/5660/1555 2601/5661/1555 2600/5662/1555
f 2607/5663/1556 2608/5664/1556 2604/5665/1556 2603/5666/1556
f 2608/5667/1557 2609/5668/1557 2605/5669/1557 2604/5670/1557
f 2609/5671/1558 2610/5672/1558 2606/5673/1558 2605/5674/1558
f 2610/5675/1559 2607/5676/1559 2603/5677/1559 2606/5678/1559
f 2614/5679/1560 2611/5680/1560 2612/5681/1560
f 2612/5682/1561 2613/5683/1561 2614/5684/1561
f 2616/5685/1562 2615/5686/1562 2618/5687/1562
f 2618/5688/1563 2617/5689/1563 2616/5690/1563
f 2623/5691/1564 2624/5692/1564 2620/5693/1564 2619/5694/1564
f 2624/5695/1565 2625/5696/1565 2621/5697/1565 2620/5698/1565
f 2625/5699/1566 2626/5700/1566 2622/5701/1566 2621/5702/1566
f 2626/5703/1567 2623/5704/1567 2619/5705/1567 2622/5706/1567
f 2630/5707/1568 2627/5708/1568 2628/5709/1568
f 2628/5710/1569 2629/5711/1569 2630/5712/1569
f 2632/5713/1570 2631/5714/1570 2634/5715/1570
f 2634/5716/1571 2633/5717/1571 2632/5718/1571
f 2639/5719/1572 2640/5720/1572 2636/5721/1572 2635/5722/1572
f 2640/5723/1573 2641/5724/1573 2637/5725/1573 2636/5726/1573
f 2641/5727/1574 2642/5728/1574 2638/5729/1574 2637/5730/1574
f 2642/5731/1575 2639/5732/1575 2635/5733/1575 2638/5734/1575
f 2646/5735/1576 2643/5736/1576 2644/5737/1576
f 2644/5738/1577 2645/5739/1577 2646/5740/1577
f 2648/5741/1578 2647/5742/1578 2650/5743/1578
f 2650/5744/1579 2649/5745/1579 2648/5746/1579
f 2655/5747/1580 2656/5748/1580 2652/5749/1580 2651/5750/1580
f 2656/5751/1581 2657/5752/1581 2653/5753/1581 2652/5754/1581
f 2657/5755/1582 2658/5756/1582 2654/5757/1582 2653/5758/1582
f 2658/5759/1583 2655/5760/1583 2651/5761/1583 2654/5762/1583
f 2662/5763/1584 2659/5764/1584 2660/5765/1584
f 2660/5766/1585 2661/5767/1585 2662/5768/1585
f 2664/5769/1586 2663/5770/1586 2666/5771/1586
f 2666/5772/1587 2665/5773/1587 2664/5774/1587
f 2671/5775/1588 2672/5776/1588 2668/5777/1588 2667/5778/1588
f 2672/5779/1589 2673/5780/1589 2669/5781/1589 2668/5782/1589
f 2673/5783/1590 2674/5784/1590 2670/5785/1590 2669/5786/1590
f 2674/5787/1591 2671/5788/1591 2667/5789/1591 2670/5790/1591
f 2678/5791/1592 2675/5792/1592 2676/5793/1592
f 2676/5794/1593 2677/5795/1593 2678/5796/1593
f 2680/5797/1594 2679/5798/1594 2682/5799/1594
f 2682/5800/1595 2681/5801/1595 2680/5802/1595
f 2687/5803/1596 2688/5804/1596 2684/5805/1596 2683/5806/1596
f 2688/5807/1597 2689/5808/1597 2685/5809/1597 2684/5810/1597
f 2689/5811/1598 2690/5812/1598 2686/5813/1598 2685/5814/1598
f 2690/5815/1599 2687/5816/1599 2683/5817/1599 2686/5818/1599
f 2694/5819/1600 2691/5820/1600 2692/5821/1600
f 2692/5822/1601 2693/5823/1601 2694/5824/1601
f 2696/5825/1602 2695/5826/1602 2698/5827/1602
f 2698/5828/1603 2697/5829/1603 2696/5830/1603
f 2703/5831/1604 2704/5832/1604 2700/5833/1604 2699/5834/1604
f 2704/5835/1605 2705/5836/1605 2701/5837/1605 2700/5838/1605
f 2705/5839/1606 2706/5840/1606 2702/5841/1606 2701/5842/1606
f 2706/5843/1607 2703/5844/1607 2699/5845/1607 2702/5846/1607
f 2710/5847/1608 2707/5848/1608 2708/5849/1608
f 2708/5850/1609 2709/5851/1609 2710/5852/1609
f 2712/5853/1610 2711/5854/1610 2714/5855/1610
f 2714/5856/1611 2713/5857/1611 2712/5858/1611
