# AFL Intake Pump V1 item, generated by tools/build-intake-pump-v1.mjs
mtllib item.mtl
o body_channels
usemtl intake_pump
v 0.225 0.025 -0.9
v 0.15 0.025 -0.9
v 0.15 0.0625 -0.9
v 0.225 0.0625 -0.9
v 0.225 0.0875 -0.9
v 0.125 0.0875 -0.9
v 0.125 0 -0.9
v 0.225 0 -0.9
v 0.225 0.025 0.9625
v 0.15 0.025 0.9625
v 0.15 0.0625 0.9625
v 0.225 0.0625 0.9625
v 0.225 0.0875 0.9625
v 0.125 0.0875 0.9625
v 0.125 0 0.9625
v 0.225 0 0.9625
v 0.225 0.025 -0.9
v 0.15 0.025 -0.9
v 0.15 0.0625 -0.9
v 0.225 0.0625 -0.9
v 0.225 0.0875 -0.9
v 0.125 0.0875 -0.9
v 0.125 0 -0.9
v 0.225 0 -0.9
v 0.225 0.025 0.9625
v 0.15 0.025 0.9625
v 0.15 0.0625 0.9625
v 0.225 0.0625 0.9625
v 0.225 0.0875 0.9625
v 0.125 0.0875 0.9625
v 0.125 0 0.9625
v 0.225 0 0.9625
v 0.775 0 -0.9
v 0.875 0 -0.9
v 0.875 0.0875 -0.9
v 0.775 0.0875 -0.9
v 0.775 0.0625 -0.9
v 0.85 0.0625 -0.9
v 0.85 0.025 -0.9
v 0.775 0.025 -0.9
v 0.775 0 0.9625
v 0.875 0 0.9625
v 0.875 0.0875 0.9625
v 0.775 0.0875 0.9625
v 0.775 0.0625 0.9625
v 0.85 0.0625 0.9625
v 0.85 0.025 0.9625
v 0.775 0.025 0.9625
v 0.775 0 -0.9
v 0.875 0 -0.9
v 0.875 0.0875 -0.9
v 0.775 0.0875 -0.9
v 0.775 0.0625 -0.9
v 0.85 0.0625 -0.9
v 0.85 0.025 -0.9
v 0.775 0.025 -0.9
v 0.775 0 0.9625
v 0.875 0 0.9625
v 0.875 0.0875 0.9625
v 0.775 0.0875 0.9625
v 0.775 0.0625 0.9625
v 0.85 0.0625 0.9625
v 0.85 0.025 0.9625
v 0.775 0.025 0.9625
vt 0.133301 0.442871
vt 0.133301 0.429102
vt 0.475244 0.429102
vt 0.475244 0.442871
vt 0.04541 0.306152
vt 0.04541 0.299268
vt 0.387354 0.299268
vt 0.387354 0.306152
vt 0.479004 0.442871
vt 0.479004 0.429102
vt 0.820947 0.429102
vt 0.820947 0.442871
vt 0.002441 0.177246
vt 0.002441 0.172656
vt 0.344385 0.172656
vt 0.344385 0.177246
vt 0.414551 0.549316
vt 0.414551 0.530957
vt 0.756494 0.530957
vt 0.756494 0.549316
vt 0.002441 0.481934
vt 0.002441 0.465869
vt 0.344385 0.465869
vt 0.344385 0.481934
vt 0.002441 0.524902
vt 0.002441 0.506543
vt 0.344385 0.506543
vt 0.344385 0.524902
vt 0.348145 0.177246
vt 0.348145 0.172656
vt 0.690088 0.172656
vt 0.690088 0.177246
vt 0.912695 0.470459
vt 0.898926 0.470459
vt 0.898926 0.465869
vt 0.898926 0.481934
vt 0.898926 0.477344
vt 0.912695 0.477344
vt 0.917285 0.481934
vt 0.898926 0.481934
vt 0.912695 0.477344
vt 0.917285 0.481934
vt 0.912695 0.477344
vt 0.912695 0.470459
vt 0.917285 0.465869
vt 0.917285 0.481934
vt 0.912695 0.470459
vt 0.898926 0.465869
vt 0.917285 0.465869
vt 0.912695 0.470459
vt 0.93877 0.465869
vt 0.93877 0.470459
vt 0.925 0.470459
vt 0.925 0.477344
vt 0.93877 0.477344
vt 0.93877 0.481934
vt 0.925 0.477344
vt 0.93877 0.481934
vt 0.92041 0.481934
vt 0.925 0.470459
vt 0.925 0.477344
vt 0.92041 0.481934
vt 0.925 0.470459
vt 0.92041 0.481934
vt 0.92041 0.465869
vt 0.925 0.470459
vt 0.92041 0.465869
vt 0.93877 0.465869
vt 0.348145 0.524902
vt 0.348145 0.506543
vt 0.690088 0.506543
vt 0.690088 0.524902
vt 0.348145 0.481934
vt 0.348145 0.465869
vt 0.690088 0.465869
vt 0.690088 0.481934
vt 0.002441 0.503418
vt 0.002441 0.485059
vt 0.344385 0.485059
vt 0.344385 0.503418
vt 0.002441 0.169434
vt 0.002441 0.164844
vt 0.344385 0.164844
vt 0.344385 0.169434
vt 0.002441 0.425293
vt 0.002441 0.411523
vt 0.344385 0.411523
vt 0.344385 0.425293
vt 0.391113 0.306152
vt 0.391113 0.299268
vt 0.733057 0.299268
vt 0.733057 0.306152
vt 0.348145 0.425293
vt 0.348145 0.411523
vt 0.690088 0.411523
vt 0.690088 0.425293
vt 0.348145 0.169434
vt 0.348145 0.164844
vt 0.690088 0.164844
vt 0.690088 0.169434
vt 0.941895 0.465869
vt 0.960254 0.465869
vt 0.960254 0.470459
vt 0.960254 0.477344
vt 0.960254 0.481934
vt 0.941895 0.481934
vt 0.946484 0.477344
vt 0.960254 0.477344
vt 0.941895 0.481934
vt 0.946484 0.477344
vt 0.941895 0.481934
vt 0.941895 0.465869
vt 0.946484 0.470459
vt 0.946484 0.477344
vt 0.941895 0.465869
vt 0.960254 0.470459
vt 0.946484 0.470459
vt 0.941895 0.465869
vt 0.963379 0.470459
vt 0.963379 0.465869
vt 0.981738 0.465869
vt 0.981738 0.481934
vt 0.963379 0.481934
vt 0.963379 0.477344
vt 0.981738 0.481934
vt 0.963379 0.477344
vt 0.977148 0.477344
vt 0.981738 0.465869
vt 0.981738 0.481934
vt 0.977148 0.477344
vt 0.981738 0.465869
vt 0.977148 0.477344
vt 0.977148 0.470459
vt 0.981738 0.465869
vt 0.977148 0.470459
vt 0.963379 0.470459
vn 0 1 0
vn 1 0 0
vn 0 -1 0
vn -1 0 0
vn 0 0 -1
vn 0 0 1
f 1/1/1 2/2/1 10/3/1 9/4/1
f 2/5/2 3/6/2 11/7/2 10/8/2
f 3/9/3 4/10/3 12/11/3 11/12/3
f 4/13/2 5/14/2 13/15/2 12/16/2
f 5/17/1 6/18/1 14/19/1 13/20/1
f 6/21/4 7/22/4 15/23/4 14/24/4
f 7/25/3 8/26/3 16/27/3 15/28/3
f 8/29/2 1/30/2 9/31/2 16/32/2
f 18/33/5 17/34/5 24/35/5
f 21/36/5 20/37/5 19/38/5
f 22/39/5 21/40/5 19/41/5
f 22/42/5 19/43/5 18/44/5
f 23/45/5 22/46/5 18/47/5
f 24/48/5 23/49/5 18/50/5
f 32/51/6 25/52/6 26/53/6
f 27/54/6 28/55/6 29/56/6
f 27/57/6 29/58/6 30/59/6
f 26/60/6 27/61/6 30/62/6
f 26/63/6 30/64/6 31/65/6
f 26/66/6 31/67/6 32/68/6
f 33/69/3 34/70/3 42/71/3 41/72/3
f 34/73/2 35/74/2 43/75/2 42/76/2
f 35/77/1 36/78/1 44/79/1 43/80/1
f 36/81/4 37/82/4 45/83/4 44/84/4
f 37/85/3 38/86/3 46/87/3 45/88/3
f 38/89/4 39/90/4 47/91/4 46/92/4
f 39/93/1 40/94/1 48/95/1 47/96/1
f 40/97/4 33/98/4 41/99/4 48/100/4
f 50/101/5 49/102/5 56/103/5
f 53/104/5 52/105/5 51/106/5
f 54/107/5 53/108/5 51/109/5
f 54/110/5 51/111/5 50/112/5
f 55/113/5 54/114/5 50/115/5
f 56/116/5 55/117/5 50/118/5
f 64/119/6 57/120/6 58/121/6
f 59/122/6 60/123/6 61/124/6
f 59/125/6 61/126/6 62/127/6
f 58/128/6 59/129/6 62/130/6
f 58/131/6 62/132/6 63/133/6
f 58/134/6 63/135/6 64/136/6
o body_cross
usemtl intake_pump
v 0.23125 0.025 0.40625
v 0.23125 0.025 0.59375
v 0.76875 0.025 0.59375
v 0.76875 0.025 0.40625
v 0.225 0.03125 0.4
v 0.225 0.03125 0.6
v 0.775 0.03125 0.6
v 0.775 0.03125 0.4
v 0.225 0.08125 0.4
v 0.225 0.08125 0.6
v 0.775 0.08125 0.6
v 0.775 0.08125 0.4
v 0.23125 0.0875 0.40625
v 0.23125 0.0875 0.59375
v 0.76875 0.0875 0.59375
v 0.76875 0.0875 0.40625
v 0.23125 0.025 0.40625
v 0.23125 0.025 0.59375
v 0.76875 0.025 0.59375
v 0.76875 0.025 0.40625
v 0.23125 0.0875 0.40625
v 0.23125 0.0875 0.59375
v 0.76875 0.0875 0.59375
v 0.76875 0.0875 0.40625
v 0.23125 0.025 0.70625
v 0.23125 0.025 0.88125
v 0.76875 0.025 0.88125
v 0.76875 0.025 0.70625
v 0.225 0.03125 0.7
v 0.225 0.03125 0.8875
v 0.775 0.03125 0.8875
v 0.775 0.03125 0.7
v 0.225 0.08125 0.7
v 0.225 0.08125 0.8875
v 0.775 0.08125 0.8875
v 0.775 0.08125 0.7
v 0.23125 0.0875 0.70625
v 0.23125 0.0875 0.88125
v 0.76875 0.0875 0.88125
v 0.76875 0.0875 0.70625
v 0.23125 0.025 0.70625
v 0.23125 0.025 0.88125
v 0.76875 0.025 0.88125
v 0.76875 0.025 0.70625
v 0.23125 0.0875 0.70625
v 0.23125 0.0875 0.88125
v 0.76875 0.0875 0.88125
v 0.76875 0.0875 0.70625
v 0.23125 0.025 -0.24375
v 0.23125 0.025 -0.15625
v 0.76875 0.025 -0.15625
v 0.76875 0.025 -0.24375
v 0.225 0.03125 -0.25
v 0.225 0.03125 -0.15
v 0.775 0.03125 -0.15
v 0.775 0.03125 -0.25
v 0.225 0.08125 -0.25
v 0.225 0.08125 -0.15
v 0.775 0.08125 -0.15
v 0.775 0.08125 -0.25
v 0.23125 0.0875 -0.24375
v 0.23125 0.0875 -0.15625
v 0.76875 0.0875 -0.15625
v 0.76875 0.0875 -0.24375
v 0.23125 0.025 -0.24375
v 0.23125 0.025 -0.15625
v 0.76875 0.025 -0.15625
v 0.76875 0.025 -0.24375
v 0.23125 0.0875 -0.24375
v 0.23125 0.0875 -0.15625
v 0.76875 0.0875 -0.15625
v 0.76875 0.0875 -0.24375
v 0.23125 0.025 -0.89375
v 0.23125 0.025 -0.81875
v 0.76875 0.025 -0.81875
v 0.76875 0.025 -0.89375
v 0.225 0.03125 -0.9
v 0.225 0.03125 -0.8125
v 0.775 0.03125 -0.8125
v 0.775 0.03125 -0.9
v 0.225 0.08125 -0.9
v 0.225 0.08125 -0.8125
v 0.775 0.08125 -0.8125
v 0.775 0.08125 -0.9
v 0.23125 0.0875 -0.89375
v 0.23125 0.0875 -0.81875
v 0.76875 0.0875 -0.81875
v 0.76875 0.0875 -0.89375
v 0.23125 0.025 -0.89375
v 0.23125 0.025 -0.81875
v 0.76875 0.025 -0.81875
v 0.76875 0.025 -0.89375
v 0.23125 0.0875 -0.89375
v 0.23125 0.0875 -0.81875
v 0.76875 0.0875 -0.81875
v 0.76875 0.0875 -0.89375
v 0.23125 0.025 0.91875
v 0.23125 0.025 0.95625
v 0.76875 0.025 0.95625
v 0.76875 0.025 0.91875
v 0.225 0.03125 0.9125
v 0.225 0.03125 0.9625
v 0.775 0.03125 0.9625
v 0.775 0.03125 0.9125
v 0.225 0.08125 0.9125
v 0.225 0.08125 0.9625
v 0.775 0.08125 0.9625
v 0.775 0.08125 0.9125
v 0.23125 0.0875 0.91875
v 0.23125 0.0875 0.95625
v 0.76875 0.0875 0.95625
v 0.76875 0.0875 0.91875
v 0.23125 0.025 0.91875
v 0.23125 0.025 0.95625
v 0.76875 0.025 0.95625
v 0.76875 0.025 0.91875
v 0.23125 0.0875 0.91875
v 0.23125 0.0875 0.95625
v 0.76875 0.0875 0.95625
v 0.76875 0.0875 0.91875
vt 0.286792 0.041834
vt 0.321216 0.041834
vt 0.322363 0.043457
vt 0.285645 0.043457
vt 0.440112 0.0516
vt 0.538794 0.0516
vt 0.539941 0.053223
vt 0.438965 0.053223
vt 0.361255 0.043457
vt 0.326831 0.043457
vt 0.325684 0.041834
vt 0.362402 0.041834
vt 0.643286 0.053223
vt 0.544604 0.053223
vt 0.543457 0.0516
vt 0.644434 0.0516
vt 0.20166 0.35459
vt 0.238379 0.35459
vt 0.238379 0.36377
vt 0.20166 0.36377
vt 0.61377 0.381934
vt 0.714746 0.381934
vt 0.714746 0.391113
vt 0.61377 0.391113
vt 0.278418 0.36377
vt 0.241699 0.36377
vt 0.241699 0.35459
vt 0.278418 0.35459
vt 0.718262 0.381934
vt 0.819238 0.381934
vt 0.819238 0.391113
vt 0.718262 0.391113
vt 0.365723 0.041834
vt 0.402441 0.041834
vt 0.401294 0.043457
vt 0.36687 0.043457
vt 0.897363 0.038574
vt 0.796387 0.038574
vt 0.797534 0.036951
vt 0.896216 0.036951
vt 0.44248 0.043457
vt 0.405762 0.043457
vt 0.406909 0.041834
vt 0.441333 0.041834
vt 0.002441 0.032069
vt 0.103418 0.032069
vt 0.102271 0.033691
vt 0.003589 0.033691
vt 0.748535 0.709473
vt 0.748535 0.675049
vt 0.847217 0.675049
vt 0.847217 0.675049
vt 0.847217 0.709473
vt 0.748535 0.709473
vt 0.851074 0.675049
vt 0.949756 0.675049
vt 0.949756 0.709473
vt 0.949756 0.709473
vt 0.851074 0.709473
vt 0.851074 0.675049
vt 0.607104 0.041834
vt 0.639233 0.041834
vt 0.640381 0.043457
vt 0.605957 0.043457
vt 0.108081 0.032069
vt 0.206763 0.032069
vt 0.20791 0.033691
vt 0.106934 0.033691
vt 0.677319 0.043457
vt 0.64519 0.043457
vt 0.644043 0.041834
vt 0.678467 0.041834
vt 0.747778 0.053223
vt 0.649097 0.053223
vt 0.647949 0.0516
vt 0.748926 0.0516
vt 0.281738 0.35459
vt 0.316162 0.35459
vt 0.316162 0.36377
vt 0.281738 0.36377
vt 0.822754 0.381934
vt 0.92373 0.381934
vt 0.92373 0.391113
vt 0.822754 0.391113
vt 0.354248 0.36377
vt 0.319824 0.36377
vt 0.319824 0.35459
vt 0.354248 0.35459
vt 0.002441 0.367285
vt 0.103418 0.367285
vt 0.103418 0.376465
vt 0.002441 0.376465
vt 0.682129 0.041834
vt 0.716553 0.041834
vt 0.715405 0.043457
vt 0.683276 0.043457
vt 0.853418 0.053223
vt 0.752441 0.053223
vt 0.753589 0.0516
vt 0.852271 0.0516
vt 0.754639 0.043457
vt 0.720215 0.043457
vt 0.721362 0.041834
vt 0.753491 0.041834
vt 0.647949 0.036951
vt 0.748926 0.036951
vt 0.747778 0.038574
vt 0.649097 0.038574
vt 0.447754 0.648926
vt 0.447754 0.616797
vt 0.546436 0.616797
vt 0.546436 0.616797
vt 0.546436 0.648926
vt 0.447754 0.648926
vt 0.550293 0.616797
vt 0.648975 0.616797
vt 0.648975 0.648926
vt 0.648975 0.648926
vt 0.550293 0.648926
vt 0.550293 0.616797
vt 0.517261 0.032069
vt 0.533325 0.032069
vt 0.534473 0.033691
vt 0.516113 0.033691
vt 0.317065 0.046717
vt 0.415747 0.046717
vt 0.416895 0.04834
vt 0.315918 0.04834
vt 0.55481 0.033691
vt 0.538745 0.033691
vt 0.537598 0.032069
vt 0.555957 0.032069
vt 0.520239 0.04834
vt 0.421558 0.04834
vt 0.42041 0.046717
vt 0.521387 0.046717
vt 0.35791 0.35459
vt 0.37627 0.35459
vt 0.37627 0.36377
vt 0.35791 0.36377
vt 0.106934 0.367285
vt 0.20791 0.367285
vt 0.20791 0.376465
vt 0.106934 0.376465
vt 0.397754 0.36377
vt 0.379395 0.36377
vt 0.379395 0.35459
vt 0.397754 0.35459
vt 0.211426 0.367285
vt 0.312402 0.367285
vt 0.312402 0.376465
vt 0.211426 0.376465
vt 0.26709 0.036951
vt 0.285449 0.036951
vt 0.284302 0.038574
vt 0.268237 0.038574
vt 0.95791 0.053223
vt 0.856934 0.053223
vt 0.858081 0.0516
vt 0.956763 0.0516
vt 0.306934 0.038574
vt 0.288574 0.038574
vt 0.289722 0.036951
vt 0.305786 0.036951
vt 0.002441 0.046717
vt 0.103418 0.046717
vt 0.102271 0.04834
vt 0.003589 0.04834
vt 0.693848 0.481934
vt 0.693848 0.465869
vt 0.792529 0.465869
vt 0.792529 0.465869
vt 0.792529 0.481934
vt 0.693848 0.481934
vt 0.796387 0.465869
vt 0.895068 0.465869
vt 0.895068 0.481934
vt 0.895068 0.481934
vt 0.796387 0.481934
vt 0.796387 0.465869
vt 0.311206 0.036951
vt 0.324976 0.036951
vt 0.326123 0.038574
vt 0.310059 0.038574
vt 0.52605 0.046717
vt 0.624731 0.046717
vt 0.625879 0.04834
vt 0.524902 0.04834
vt 0.344507 0.038574
vt 0.330737 0.038574
vt 0.32959 0.036951
vt 0.345654 0.036951
vt 0.729224 0.04834
vt 0.630542 0.04834
vt 0.629395 0.046717
vt 0.730371 0.046717
vt 0.400879 0.35459
vt 0.416943 0.35459
vt 0.416943 0.36377
vt 0.400879 0.36377
vt 0.315918 0.367285
vt 0.416895 0.367285
vt 0.416895 0.376465
vt 0.315918 0.376465
vt 0.436475 0.36377
vt 0.42041 0.36377
vt 0.42041 0.35459
vt 0.436475 0.35459
vt 0.42041 0.367285
vt 0.521387 0.367285
vt 0.521387 0.376465
vt 0.42041 0.376465
vt 0.349121 0.036951
vt 0.365186 0.036951
vt 0.364038 0.038574
vt 0.350269 0.038574
vt 0.834863 0.04834
vt 0.733887 0.04834
vt 0.735034 0.046717
vt 0.833716 0.046717
vt 0.384717 0.038574
vt 0.368652 0.038574
vt 0.3698 0.036951
vt 0.383569 0.036951
vt 0.838379 0.046717
vt 0.939355 0.046717
vt 0.938208 0.04834
vt 0.839526 0.04834
vt 0.693848 0.425293
vt 0.693848 0.411523
vt 0.792529 0.411523
vt 0.792529 0.411523
vt 0.792529 0.425293
vt 0.693848 0.425293
vt 0.796387 0.411523
vt 0.895068 0.411523
vt 0.895068 0.425293
vt 0.895068 0.425293
vt 0.796387 0.425293
vt 0.796387 0.411523
vt 0.389331 0.036951
vt 0.396216 0.036951
vt 0.397363 0.038574
vt 0.388184 0.038574
vt 0.003589 0.041834
vt 0.102271 0.041834
vt 0.103418 0.043457
vt 0.002441 0.043457
vt 0.408911 0.038574
vt 0.402026 0.038574
vt 0.400879 0.036951
vt 0.410059 0.036951
vt 0.658911 0.033691
vt 0.560229 0.033691
vt 0.559082 0.032069
vt 0.660059 0.032069
vt 0.439941 0.35459
vt 0.449121 0.35459
vt 0.449121 0.36377
vt 0.439941 0.36377
vt 0.524902 0.367285
vt 0.625879 0.367285
vt 0.625879 0.376465
vt 0.524902 0.376465
vt 0.461816 0.36377
vt 0.452637 0.36377
vt 0.452637 0.35459
vt 0.461816 0.35459
vt 0.629395 0.367285
vt 0.730371 0.367285
vt 0.730371 0.376465
vt 0.629395 0.376465
vt 0.413574 0.036951
vt 0.422754 0.036951
vt 0.421606 0.038574
vt 0.414722 0.038574
vt 0.20791 0.04834
vt 0.106934 0.04834
vt 0.108081 0.046717
vt 0.206763 0.046717
vt 0.435449 0.038574
vt 0.42627 0.038574
vt 0.427417 0.036951
vt 0.434302 0.036951
vt 0.211426 0.046717
vt 0.312402 0.046717
vt 0.311255 0.04834
vt 0.212573 0.04834
vt 0.57666 0.316895
vt 0.57666 0.31001
vt 0.675342 0.31001
vt 0.675342 0.31001
vt 0.675342 0.316895
vt 0.57666 0.316895
vt 0.679199 0.31001
vt 0.777881 0.31001
vt 0.777881 0.316895
vt 0.777881 0.316895
vt 0.679199 0.316895
vt 0.679199 0.31001
vn -0.707107 -0.707107 0
vn 0 -0.707107 0.707107
vn 0.707107 -0.707107 0
vn 0 -0.707107 -0.707107
vn -1 0 0
vn 0 0 1
vn 1 0 0
vn 0 0 -1
vn -0.707107 0.707107 0
vn 0 0.707107 0.707107
vn 0.707107 0.707107 0
vn 0 0.707107 -0.707107
vn 0 -1 0
vn 0 1 0
f 65/137/7 66/138/7 70/139/7 69/140/7
f 66/141/8 67/142/8 71/143/8 70/144/8
f 67/145/9 68/146/9 72/147/9 71/148/9
f 68/149/10 65/150/10 69/151/10 72/152/10
f 69/153/11 70/154/11 74/155/11 73/156/11
f 70/157/12 71/158/12 75/159/12 74/160/12
f 71/161/13 72/162/13 76/163/13 75/164/13
f 72/165/14 69/166/14 73/167/14 76/168/14
f 73/169/15 74/170/15 78/171/15 77/172/15
f 74/173/16 75/174/16 79/175/16 78/176/16
f 75/177/17 76/178/17 80/179/17 79/180/17
f 76/181/18 73/182/18 77/183/18 80/184/18
f 82/185/19 81/186/19 84/187/19
f 84/188/19 83/189/19 82/190/19
f 88/191/20 85/192/20 86/193/20
f 86/194/20 87/195/20 88/196/20
f 89/197/7 90/198/7 94/199/7 93/200/7
f 90/201/8 91/202/8 95/203/8 94/204/8
f 91/205/9 92/206/9 96/207/9 95/208/9
f 92/209/10 89/210/10 93/211/10 96/212/10
f 93/213/11 94/214/11 98/215/11 97/216/11
f 94/217/12 95/218/12 99/219/12 98/220/12
f 95/221/13 96/222/13 100/223/13 99/224/13
f 96/225/14 93/226/14 97/227/14 100/228/14
f 97/229/15 98/230/15 102/231/15 101/232/15
f 98/233/16 99/234/16 103/235/16 102/236/16
f 99/237/17 100/238/17 104/239/17 103/240/17
f 100/241/18 97/242/18 101/243/18 104/244/18
f 106/245/19 105/246/19 108/247/19
f 108/248/19 107/249/19 106/250/19
f 112/251/20 109/252/20 110/253/20
f 110/254/20 111/255/20 112/256/20
f 113/257/7 114/258/7 118/259/7 117/260/7
f 114/261/8 115/262/8 119/263/8 118/264/8
f 115/265/9 116/266/9 120/267/9 119/268/9
f 116/269/10 113/270/10 117/271/10 120/272/10
f 117/273/11 118/274/11 122/275/11 121/276/11
f 118/277/12 119/278/12 123/279/12 122/280/12
f 119/281/13 120/282/13 124/283/13 123/284/13
f 120/285/14 117/286/14 121/287/14 124/288/14
f 121/289/15 122/290/15 126/291/15 125/292/15
f 122/293/16 123/294/16 127/295/16 126/296/16
f 123/297/17 124/298/17 128/299/17 127/300/17
f 124/301/18 121/302/18 125/303/18 128/304/18
f 130/305/19 129/306/19 132/307/19
f 132/308/19 131/309/19 130/310/19
f 136/311/20 133/312/20 134/313/20
f 134/314/20 135/315/20 136/316/20
f 137/317/7 138/318/7 142/319/7 141/320/7
f 138/321/8 139/322/8 143/323/8 142/324/8
f 139/325/9 140/326/9 144/327/9 143/328/9
f 140/329/10 137/330/10 141/331/10 144/332/10
f 141/333/11 142/334/11 146/335/11 145/336/11
f 142/337/12 143/338/12 147/339/12 146/340/12
f 143/341/13 144/342/13 148/343/13 147/344/13
f 144/345/14 141/346/14 145/347/14 148/348/14
f 145/349/15 146/350/15 150/351/15 149/352/15
f 146/353/16 147/354/16 151/355/16 150/356/16
f 147/357/17 148/358/17 152/359/17 151/360/17
f 148/361/18 145/362/18 149/363/18 152/364/18
f 154/365/19 153/366/19 156/367/19
f 156/368/19 155/369/19 154/370/19
f 160/371/20 157/372/20 158/373/20
f 158/374/20 159/375/20 160/376/20
f 161/377/7 162/378/7 166/379/7 165/380/7
f 162/381/8 163/382/8 167/383/8 166/384/8
f 163/385/9 164/386/9 168/387/9 167/388/9
f 164/389/10 161/390/10 165/391/10 168/392/10
f 165/393/11 166/394/11 170/395/11 169/396/11
f 166/397/12 167/398/12 171/399/12 170/400/12
f 167/401/13 168/402/13 172/403/13 171/404/13
f 168/405/14 165/406/14 169/407/14 172/408/14
f 169/409/15 170/410/15 174/411/15 173/412/15
f 170/413/16 171/414/16 175/415/16 174/416/16
f 171/417/17 172/418/17 176/419/17 175/420/17
f 172/421/18 169/422/18 173/423/18 176/424/18
f 178/425/19 177/426/19 180/427/19
f 180/428/19 179/429/19 178/430/19
f 184/431/20 181/432/20 182/433/20
f 182/434/20 183/435/20 184/436/20
o body_anchor_nuts
usemtl intake_pump
v 0.188125 0.0875 -0.833517
v 0.20125 0.0875 -0.85625
v 0.188125 0.0875 -0.878983
v 0.161875 0.0875 -0.878983
v 0.14875 0.0875 -0.85625
v 0.161875 0.0875 -0.833517
v 0.188125 0.105 -0.833517
v 0.20125 0.105 -0.85625
v 0.188125 0.105 -0.878983
v 0.161875 0.105 -0.878983
v 0.14875 0.105 -0.85625
v 0.161875 0.105 -0.833517
v 0.188125 0.0875 -0.833517
v 0.20125 0.0875 -0.85625
v 0.188125 0.0875 -0.878983
v 0.161875 0.0875 -0.878983
v 0.14875 0.0875 -0.85625
v 0.161875 0.0875 -0.833517
v 0.188125 0.105 -0.833517
v 0.20125 0.105 -0.85625
v 0.188125 0.105 -0.878983
v 0.161875 0.105 -0.878983
v 0.14875 0.105 -0.85625
v 0.161875 0.105 -0.833517
v 0.188125 0.0875 0.097733
v 0.20125 0.0875 0.075
v 0.188125 0.0875 0.052267
v 0.161875 0.0875 0.052267
v 0.14875 0.0875 0.075
v 0.161875 0.0875 0.097733
v 0.188125 0.105 0.097733
v 0.20125 0.105 0.075
v 0.188125 0.105 0.052267
v 0.161875 0.105 0.052267
v 0.14875 0.105 0.075
v 0.161875 0.105 0.097733
v 0.188125 0.0875 0.097733
v 0.20125 0.0875 0.075
v 0.188125 0.0875 0.052267
v 0.161875 0.0875 0.052267
v 0.14875 0.0875 0.075
v 0.161875 0.0875 0.097733
v 0.188125 0.105 0.097733
v 0.20125 0.105 0.075
v 0.188125 0.105 0.052267
v 0.161875 0.105 0.052267
v 0.14875 0.105 0.075
v 0.161875 0.105 0.097733
v 0.188125 0.0875 0.953983
v 0.20125 0.0875 0.93125
v 0.188125 0.0875 0.908517
v 0.161875 0.0875 0.908517
v 0.14875 0.0875 0.93125
v 0.161875 0.0875 0.953983
v 0.188125 0.105 0.953983
v 0.20125 0.105 0.93125
v 0.188125 0.105 0.908517
v 0.161875 0.105 0.908517
v 0.14875 0.105 0.93125
v 0.161875 0.105 0.953983
v 0.188125 0.0875 0.953983
v 0.20125 0.0875 0.93125
v 0.188125 0.0875 0.908517
v 0.161875 0.0875 0.908517
v 0.14875 0.0875 0.93125
v 0.161875 0.0875 0.953983
v 0.188125 0.105 0.953983
v 0.20125 0.105 0.93125
v 0.188125 0.105 0.908517
v 0.161875 0.105 0.908517
v 0.14875 0.105 0.93125
v 0.161875 0.105 0.953983
v 0.838125 0.0875 -0.833517
v 0.85125 0.0875 -0.85625
v 0.838125 0.0875 -0.878983
v 0.811875 0.0875 -0.878983
v 0.79875 0.0875 -0.85625
v 0.811875 0.0875 -0.833517
v 0.838125 0.105 -0.833517
v 0.85125 0.105 -0.85625
v 0.838125 0.105 -0.878983
v 0.811875 0.105 -0.878983
v 0.79875 0.105 -0.85625
v 0.811875 0.105 -0.833517
v 0.838125 0.0875 -0.833517
v 0.85125 0.0875 -0.85625
v 0.838125 0.0875 -0.878983
v 0.811875 0.0875 -0.878983
v 0.79875 0.0875 -0.85625
v 0.811875 0.0875 -0.833517
v 0.838125 0.105 -0.833517
v 0.85125 0.105 -0.85625
v 0.838125 0.105 -0.878983
v 0.811875 0.105 -0.878983
v 0.79875 0.105 -0.85625
v 0.811875 0.105 -0.833517
v 0.838125 0.0875 0.097733
v 0.85125 0.0875 0.075
v 0.838125 0.0875 0.052267
v 0.811875 0.0875 0.052267
v 0.79875 0.0875 0.075
v 0.811875 0.0875 0.097733
v 0.838125 0.105 0.097733
v 0.85125 0.105 0.075
v 0.838125 0.105 0.052267
v 0.811875 0.105 0.052267
v 0.79875 0.105 0.075
v 0.811875 0.105 0.097733
v 0.838125 0.0875 0.097733
v 0.85125 0.0875 0.075
v 0.838125 0.0875 0.052267
v 0.811875 0.0875 0.052267
v 0.79875 0.0875 0.075
v 0.811875 0.0875 0.097733
v 0.838125 0.105 0.097733
v 0.85125 0.105 0.075
v 0.838125 0.105 0.052267
v 0.811875 0.105 0.052267
v 0.79875 0.105 0.075
v 0.811875 0.105 0.097733
v 0.370625 0.1125 0.519486
v 0.381875 0.1125 0.5
v 0.370625 0.1125 0.480514
v 0.348125 0.1125 0.480514
v 0.336875 0.1125 0.5
v 0.348125 0.1125 0.519486
v 0.370625 0.1275 0.519486
v 0.381875 0.1275 0.5
v 0.370625 0.1275 0.480514
v 0.348125 0.1275 0.480514
v 0.336875 0.1275 0.5
v 0.348125 0.1275 0.519486
v 0.370625 0.1125 0.519486
v 0.381875 0.1125 0.5
v 0.370625 0.1125 0.480514
v 0.348125 0.1125 0.480514
v 0.336875 0.1125 0.5
v 0.348125 0.1125 0.519486
v 0.370625 0.1275 0.519486
v 0.381875 0.1275 0.5
v 0.370625 0.1275 0.480514
v 0.348125 0.1275 0.480514
v 0.336875 0.1275 0.5
v 0.348125 0.1275 0.519486
v 0.651875 0.1125 0.519486
v 0.663125 0.1125 0.5
v 0.651875 0.1125 0.480514
v 0.629375 0.1125 0.480514
v 0.618125 0.1125 0.5
v 0.629375 0.1125 0.519486
v 0.651875 0.1275 0.519486
v 0.663125 0.1275 0.5
v 0.651875 0.1275 0.480514
v 0.629375 0.1275 0.480514
v 0.618125 0.1275 0.5
v 0.629375 0.1275 0.519486
v 0.651875 0.1125 0.519486
v 0.663125 0.1125 0.5
v 0.651875 0.1125 0.480514
v 0.629375 0.1125 0.480514
v 0.618125 0.1125 0.5
v 0.629375 0.1125 0.519486
v 0.651875 0.1275 0.519486
v 0.663125 0.1275 0.5
v 0.651875 0.1275 0.480514
v 0.629375 0.1275 0.480514
v 0.618125 0.1275 0.5
v 0.629375 0.1275 0.519486
vt 0.964292 0.126465
vt 0.959473 0.126465
vt 0.959473 0.123252
vt 0.964292 0.123252
vt 0.179136 0.119629
vt 0.174316 0.119629
vt 0.174316 0.116416
vt 0.179136 0.116416
vt 0.010254 0.116416
vt 0.015073 0.116416
vt 0.015073 0.119629
vt 0.010254 0.119629
vt 0.967285 0.123252
vt 0.972104 0.123252
vt 0.972104 0.126465
vt 0.967285 0.126465
vt 0.975098 0.123252
vt 0.979917 0.123252
vt 0.979917 0.126465
vt 0.975098 0.126465
vt 0.018066 0.116416
vt 0.022886 0.116416
vt 0.022886 0.119629
vt 0.018066 0.119629
vt 0.247432 0.346901
vt 0.245022 0.351074
vt 0.240203 0.351074
vt 0.245022 0.342727
vt 0.247432 0.346901
vt 0.240203 0.351074
vt 0.240203 0.342727
vt 0.245022 0.342727
vt 0.240203 0.351074
vt 0.240203 0.351074
vt 0.237793 0.346901
vt 0.240203 0.342727
vt 0.257717 0.351074
vt 0.252898 0.351074
vt 0.250488 0.346901
vt 0.257717 0.351074
vt 0.250488 0.346901
vt 0.252898 0.342727
vt 0.257717 0.351074
vt 0.252898 0.342727
vt 0.257717 0.342727
vt 0.257717 0.342727
vt 0.260127 0.346901
vt 0.257717 0.351074
vt 0.030698 0.119629
vt 0.025879 0.119629
vt 0.025879 0.116416
vt 0.030698 0.116416
vt 0.038511 0.119629
vt 0.033691 0.119629
vt 0.033691 0.116416
vt 0.038511 0.116416
vt 0.041504 0.116416
vt 0.046323 0.116416
vt 0.046323 0.119629
vt 0.041504 0.119629
vt 0.150879 0.116416
vt 0.155698 0.116416
vt 0.155698 0.119629
vt 0.150879 0.119629
vt 0.049316 0.116416
vt 0.054136 0.116416
vt 0.054136 0.119629
vt 0.049316 0.119629
vt 0.057129 0.116416
vt 0.061948 0.116416
vt 0.061948 0.119629
vt 0.057129 0.119629
vt 0.298213 0.346901
vt 0.295803 0.351074
vt 0.290984 0.351074
vt 0.295803 0.342727
vt 0.298213 0.346901
vt 0.290984 0.351074
vt 0.290984 0.342727
vt 0.295803 0.342727
vt 0.290984 0.351074
vt 0.290984 0.351074
vt 0.288574 0.346901
vt 0.290984 0.342727
vt 0.308499 0.351074
vt 0.303679 0.351074
vt 0.30127 0.346901
vt 0.308499 0.351074
vt 0.30127 0.346901
vt 0.303679 0.342727
vt 0.308499 0.351074
vt 0.303679 0.342727
vt 0.308499 0.342727
vt 0.308499 0.342727
vt 0.310908 0.346901
vt 0.308499 0.351074
vt 0.186948 0.119629
vt 0.182129 0.119629
vt 0.182129 0.116416
vt 0.186948 0.116416
vt 0.069761 0.119629
vt 0.064941 0.119629
vt 0.064941 0.116416
vt 0.069761 0.116416
vt 0.072754 0.116416
vt 0.077573 0.116416
vt 0.077573 0.119629
vt 0.072754 0.119629
vt 0.080566 0.116416
vt 0.085386 0.116416
vt 0.085386 0.119629
vt 0.080566 0.119629
vt 0.158691 0.116416
vt 0.163511 0.116416
vt 0.163511 0.119629
vt 0.158691 0.119629
vt 0.088379 0.116416
vt 0.093198 0.116416
vt 0.093198 0.119629
vt 0.088379 0.119629
vt 0.323604 0.346901
vt 0.321194 0.351074
vt 0.316375 0.351074
vt 0.321194 0.342727
vt 0.323604 0.346901
vt 0.316375 0.351074
vt 0.316375 0.342727
vt 0.321194 0.342727
vt 0.316375 0.351074
vt 0.316375 0.351074
vt 0.313965 0.346901
vt 0.316375 0.342727
vt 0.333889 0.351074
vt 0.32907 0.351074
vt 0.32666 0.346901
vt 0.333889 0.351074
vt 0.32666 0.346901
vt 0.32907 0.342727
vt 0.333889 0.351074
vt 0.32907 0.342727
vt 0.333889 0.342727
vt 0.333889 0.342727
vt 0.336299 0.346901
vt 0.333889 0.351074
vt 0.987729 0.126465
vt 0.98291 0.126465
vt 0.98291 0.123252
vt 0.987729 0.123252
vt 0.995542 0.126465
vt 0.990723 0.126465
vt 0.990723 0.123252
vt 0.995542 0.123252
vt 0.096191 0.116416
vt 0.101011 0.116416
vt 0.101011 0.119629
vt 0.096191 0.119629
vt 0.189941 0.116416
vt 0.194761 0.116416
vt 0.194761 0.119629
vt 0.189941 0.119629
vt 0.002441 0.116416
vt 0.007261 0.116416
vt 0.007261 0.119629
vt 0.002441 0.119629
vt 0.104004 0.116416
vt 0.108823 0.116416
vt 0.108823 0.119629
vt 0.104004 0.119629
vt 0.272822 0.346901
vt 0.270413 0.351074
vt 0.265593 0.351074
vt 0.270413 0.342727
vt 0.272822 0.346901
vt 0.265593 0.351074
vt 0.265593 0.342727
vt 0.270413 0.342727
vt 0.265593 0.351074
vt 0.265593 0.351074
vt 0.263184 0.346901
vt 0.265593 0.342727
vt 0.283108 0.351074
vt 0.278289 0.351074
vt 0.275879 0.346901
vt 0.283108 0.351074
vt 0.275879 0.346901
vt 0.278289 0.342727
vt 0.283108 0.351074
vt 0.278289 0.342727
vt 0.283108 0.342727
vt 0.283108 0.342727
vt 0.285518 0.346901
vt 0.283108 0.351074
vt 0.116636 0.119629
vt 0.111816 0.119629
vt 0.111816 0.116416
vt 0.116636 0.116416
vt 0.171323 0.119629
vt 0.166504 0.119629
vt 0.166504 0.116416
vt 0.171323 0.116416
vt 0.119629 0.116416
vt 0.124448 0.116416
vt 0.124448 0.119629
vt 0.119629 0.119629
vt 0.127441 0.116416
vt 0.132261 0.116416
vt 0.132261 0.119629
vt 0.127441 0.119629
vt 0.135254 0.116416
vt 0.140073 0.116416
vt 0.140073 0.119629
vt 0.135254 0.119629
vt 0.143066 0.116416
vt 0.147886 0.116416
vt 0.147886 0.119629
vt 0.143066 0.119629
vt 0.348994 0.346901
vt 0.346584 0.351074
vt 0.341765 0.351074
vt 0.346584 0.342727
vt 0.348994 0.346901
vt 0.341765 0.351074
vt 0.341765 0.342727
vt 0.346584 0.342727
vt 0.341765 0.351074
vt 0.341765 0.351074
vt 0.339355 0.346901
vt 0.341765 0.342727
vt 0.35928 0.351074
vt 0.35446 0.351074
vt 0.352051 0.346901
vt 0.35928 0.351074
vt 0.352051 0.346901
vt 0.35446 0.342727
vt 0.35928 0.351074
vt 0.35446 0.342727
vt 0.35928 0.342727
vt 0.35928 0.342727
vt 0.361689 0.346901
vt 0.35928 0.351074
vt 0.14915 0.075684
vt 0.14502 0.075684
vt 0.14502 0.07293
vt 0.14915 0.07293
vt 0.156963 0.075684
vt 0.152832 0.075684
vt 0.152832 0.07293
vt 0.156963 0.07293
vt 0.11377 0.07293
vt 0.1179 0.07293
vt 0.1179 0.075684
vt 0.11377 0.075684
vt 0.184082 0.07293
vt 0.188213 0.07293
vt 0.188213 0.075684
vt 0.184082 0.075684
vt 0.191895 0.07293
vt 0.196025 0.07293
vt 0.196025 0.075684
vt 0.191895 0.075684
vt 0.121582 0.07293
vt 0.125713 0.07293
vt 0.125713 0.075684
vt 0.121582 0.075684
vt 0.373984 0.324059
vt 0.371919 0.327637
vt 0.367788 0.327637
vt 0.371919 0.320482
vt 0.373984 0.324059
vt 0.367788 0.327637
vt 0.367788 0.320482
vt 0.371919 0.320482
vt 0.367788 0.327637
vt 0.367788 0.327637
vt 0.365723 0.324059
vt 0.367788 0.320482
vt 0.383638 0.327637
vt 0.379507 0.327637
vt 0.377441 0.324059
vt 0.383638 0.327637
vt 0.377441 0.324059
vt 0.379507 0.320482
vt 0.383638 0.327637
vt 0.379507 0.320482
vt 0.383638 0.320482
vt 0.383638 0.320482
vt 0.385703 0.324059
vt 0.383638 0.327637
vt 0.172588 0.075684
vt 0.168457 0.075684
vt 0.168457 0.07293
vt 0.172588 0.07293
vt 0.1804 0.075684
vt 0.17627 0.075684
vt 0.17627 0.07293
vt 0.1804 0.07293
vt 0.129395 0.07293
vt 0.133525 0.07293
vt 0.133525 0.075684
vt 0.129395 0.075684
vt 0.199707 0.07293
vt 0.203838 0.07293
vt 0.203838 0.075684
vt 0.199707 0.075684
vt 0.160645 0.07293
vt 0.164775 0.07293
vt 0.164775 0.075684
vt 0.160645 0.075684
vt 0.137207 0.07293
vt 0.141338 0.07293
vt 0.141338 0.075684
vt 0.137207 0.075684
vt 0.397422 0.324059
vt 0.395356 0.327637
vt 0.391226 0.327637
vt 0.395356 0.320482
vt 0.397422 0.324059
vt 0.391226 0.327637
vt 0.391226 0.320482
vt 0.395356 0.320482
vt 0.391226 0.327637
vt 0.391226 0.327637
vt 0.38916 0.324059
vt 0.391226 0.320482
vt 0.407075 0.327637
vt 0.402944 0.327637
vt 0.400879 0.324059
vt 0.407075 0.327637
vt 0.400879 0.324059
vt 0.402944 0.320482
vt 0.407075 0.327637
vt 0.402944 0.320482
vt 0.407075 0.320482
vt 0.407075 0.320482
vt 0.409141 0.324059
vt 0.407075 0.327637
vn 0.866025 0 0.5
vn 0.866025 0 -0.5
vn 0 0 -1
vn -0.866025 0 -0.5
vn -0.866025 0 0.5
vn 0 0 1
vn 0 -1 0
vn 0 1 0
f 185/437/21 186/438/21 192/439/21 191/440/21
f 186/441/22 187/442/22 193/443/22 192/444/22
f 187/445/23 188/446/23 194/447/23 193/448/23
f 188/449/24 189/450/24 195/451/24 194/452/24
f 189/453/25 190/454/25 196/455/25 195/456/25
f 190/457/26 185/458/26 191/459/26 196/460/26
f 198/461/27 197/462/27 202/463/27
f 199/464/27 198/465/27 202/466/27
f 200/467/27 199/468/27 202/469/27
f 202/470/27 201/471/27 200/472/27
f 208/473/28 203/474/28 204/475/28
f 208/476/28 204/477/28 205/478/28
f 208/479/28 205/480/28 206/481/28
f 206/482/28 207/483/28 208/484/28
f 209/485/21 210/486/21 216/487/21 215/488/21
f 210/489/22 211/490/22 217/491/22 216/492/22
f 211/493/23 212/494/23 218/495/23 217/496/23
f 212/497/24 213/498/24 219/499/24 218/500/24
f 213/501/25 214/502/25 220/503/25 219/504/25
f 214/505/26 209/506/26 215/507/26 220/508/26
f 222/509/27 221/510/27 226/511/27
f 223/512/27 222/513/27 226/514/27
f 224/515/27 223/516/27 226/517/27
f 226/518/27 225/519/27 224/520/27
f 232/521/28 227/522/28 228/523/28
f 232/524/28 228/525/28 229/526/28
f 232/527/28 229/528/28 230/529/28
f 230/530/28 231/531/28 232/532/28
f 233/533/21 234/534/21 240/535/21 239/536/21
f 234/537/22 235/538/22 241/539/22 240/540/22
f 235/541/23 236/542/23 242/543/23 241/544/23
f 236/545/24 237/546/24 243/547/24 242/548/24
f 237/549/25 238/550/25 244/551/25 243/552/25
f 238/553/26 233/554/26 239/555/26 244/556/26
f 246/557/27 245/558/27 250/559/27
f 247/560/27 246/561/27 250/562/27
f 248/563/27 247/564/27 250/565/27
f 250/566/27 249/567/27 248/568/27
f 256/569/28 251/570/28 252/571/28
f 256/572/28 252/573/28 253/574/28
f 256/575/28 253/576/28 254/577/28
f 254/578/28 255/579/28 256/580/28
f 257/581/21 258/582/21 264/583/21 263/584/21
f 258/585/22 259/586/22 265/587/22 264/588/22
f 259/589/23 260/590/23 266/591/23 265/592/23
f 260/593/24 261/594/24 267/595/24 266/596/24
f 261/597/25 262/598/25 268/599/25 267/600/25
f 262/601/26 257/602/26 263/603/26 268/604/26
f 270/605/27 269/606/27 274/607/27
f 271/608/27 270/609/27 274/610/27
f 272/611/27 271/612/27 274/613/27
f 274/614/27 273/615/27 272/616/27
f 280/617/28 275/618/28 276/619/28
f 280/620/28 276/621/28 277/622/28
f 280/623/28 277/624/28 278/625/28
f 278/626/28 279/627/28 280/628/28
f 281/629/21 282/630/21 288/631/21 287/632/21
f 282/633/22 283/634/22 289/635/22 288/636/22
f 283/637/23 284/638/23 290/639/23 289/640/23
f 284/641/24 285/642/24 291/643/24 290/644/24
f 285/645/25 286/646/25 292/647/25 291/648/25
f 286/649/26 281/650/26 287/651/26 292/652/26
f 294/653/27 293/654/27 298/655/27
f 295/656/27 294/657/27 298/658/27
f 296/659/27 295/660/27 298/661/27
f 298/662/27 297/663/27 296/664/27
f 304/665/28 299/666/28 300/667/28
f 304/668/28 300/669/28 301/670/28
f 304/671/28 301/672/28 302/673/28
f 302/674/28 303/675/28 304/676/28
f 305/677/21 306/678/21 312/679/21 311/680/21
f 306/681/22 307/682/22 313/683/22 312/684/22
f 307/685/23 308/686/23 314/687/23 313/688/23
f 308/689/24 309/690/24 315/691/24 314/692/24
f 309/693/25 310/694/25 316/695/25 315/696/25
f 310/697/26 305/698/26 311/699/26 316/700/26
f 318/701/27 317/702/27 322/703/27
f 319/704/27 318/705/27 322/706/27
f 320/707/27 319/708/27 322/709/27
f 322/710/27 321/711/27 320/712/27
f 328/713/28 323/714/28 324/715/28
f 328/716/28 324/717/28 325/718/28
f 328/719/28 325/720/28 326/721/28
f 326/722/28 327/723/28 328/724/28
f 329/725/21 330/726/21 336/727/21 335/728/21
f 330/729/22 331/730/22 337/731/22 336/732/22
f 331/733/23 332/734/23 338/735/23 337/736/23
f 332/737/24 333/738/24 339/739/24 338/740/24
f 333/741/25 334/742/25 340/743/25 339/744/25
f 334/745/26 329/746/26 335/747/26 340/748/26
f 342/749/27 341/750/27 346/751/27
f 343/752/27 342/753/27 346/754/27
f 344/755/27 343/756/27 346/757/27
f 346/758/27 345/759/27 344/760/27
f 352/761/28 347/762/28 348/763/28
f 352/764/28 348/765/28 349/766/28
f 352/767/28 349/768/28 350/769/28
f 350/770/28 351/771/28 352/772/28
o body_volute
usemtl intake_pump
v 0.588804 0.675228 0.39375
v 0.576481 0.678695 0.39375
v 0.544554 0.683906 0.39375
v 0.512426 0.685492 0.39375
v 0.480504 0.683475 0.39375
v 0.449188 0.67792 0.39375
v 0.418867 0.668937 0.39375
v 0.389913 0.656679 0.39375
v 0.362676 0.641338 0.39375
v 0.337479 0.623143 0.39375
v 0.314617 0.602358 0.39375
v 0.294353 0.579274 0.39375
v 0.27691 0.55421 0.39375
v 0.262478 0.527507 0.39375
v 0.251202 0.49952 0.39375
v 0.243186 0.470619 0.39375
v 0.238494 0.441181 0.39375
v 0.237145 0.411583 0.39375
v 0.239114 0.382201 0.39375
v 0.244337 0.353404 0.39375
v 0.252708 0.32555 0.39375
v 0.264081 0.298978 0.39375
v 0.278276 0.274008 0.39375
v 0.295078 0.250937 0.39375
v 0.314242 0.230032 0.39375
v 0.335495 0.211529 0.39375
v 0.358541 0.195633 0.39375
v 0.383068 0.182511 0.39375
v 0.408744 0.172293 0.39375
v 0.43523 0.16507 0.39375
v 0.462181 0.160895 0.39375
v 0.489249 0.159781 0.39375
v 0.51609 0.161701 0.39375
v 0.542367 0.166591 0.39375
v 0.567755 0.174347 0.39375
v 0.591946 0.184835 0.39375
v 0.614648 0.197882 0.39375
v 0.635594 0.21329 0.39375
v 0.654545 0.23083 0.39375
v 0.671286 0.250251 0.39375
v 0.685637 0.27128 0.39375
v 0.697451 0.293628 0.39375
v 0.706612 0.316993 0.39375
v 0.713043 0.341064 0.39375
v 0.716702 0.365527 0.39375
v 0.717583 0.390064 0.39375
v 0.715714 0.414364 0.39375
v 0.71116 0.438122 0.39375
v 0.704019 0.461045 0.39375
v 0.69442 0.482854 0.39375
v 0.682521 0.503289 0.39375
v 0.668509 0.522112 0.39375
v 0.652594 0.539108 0.39375
v 0.635007 0.55409 0.39375
v 0.615998 0.566898 0.39375
v 0.595829 0.577404 0.39375
v 0.556126 0.592692 0.39375
v 0.613889 0.68765 0.4125
v 0.580542 0.69703 0.4125
v 0.546533 0.702581 0.4125
v 0.512297 0.704272 0.4125
v 0.478268 0.702121 0.4125
v 0.444874 0.696197 0.4125
v 0.412529 0.686615 0.4125
v 0.381631 0.673534 0.4125
v 0.352554 0.657157 0.4125
v 0.325646 0.637726 0.4125
v 0.301223 0.615521 0.4125
v 0.279565 0.59085 0.4125
v 0.260917 0.564054 0.4125
v 0.245481 0.535493 0.4125
v 0.233416 0.505548 0.4125
v 0.224836 0.474613 0.4125
v 0.219812 0.443089 0.4125
v 0.218366 0.411382 0.4125
v 0.220477 0.379893 0.4125
v 0.226076 0.349019 0.4125
v 0.235055 0.319143 0.4125
v 0.247259 0.290629 0.4125
v 0.262498 0.263824 0.4125
v 0.280543 0.239045 0.4125
v 0.301134 0.216583 0.4125
v 0.323979 0.196694 0.4125
v 0.348765 0.179599 0.4125
v 0.375153 0.16548 0.4125
v 0.402792 0.154481 0.4125
v 0.431316 0.146703 0.4125
v 0.460354 0.142205 0.4125
v 0.489533 0.141004 0.4125
v 0.518481 0.143075 0.4125
v 0.546835 0.14835 0.4125
v 0.574244 0.156724 0.4125
v 0.600373 0.168052 0.4125
v 0.624907 0.182152 0.4125
v 0.647556 0.198812 0.4125
v 0.668056 0.217788 0.4125
v 0.686178 0.238809 0.4125
v 0.70172 0.261584 0.4125
v 0.714521 0.2858 0.4125
v 0.724454 0.311132 0.4125
v 0.731431 0.337246 0.4125
v 0.735402 0.363798 0.4125
v 0.736358 0.390448 0.4125
v 0.734328 0.416856 0.4125
v 0.729376 0.44269 0.4125
v 0.721606 0.467631 0.4125
v 0.711155 0.491375 0.4125
v 0.698193 0.513637 0.4125
v 0.682918 0.534156 0.4125
v 0.665558 0.552696 0.4125
v 0.646361 0.569049 0.4125
v 0.625598 0.583039 0.4125
v 0.603554 0.594522 0.4125
v 0.580527 0.603389 0.4125
v 0.613889 0.68765 0.575
v 0.580542 0.69703 0.575
v 0.546533 0.702581 0.575
v 0.512297 0.704272 0.575
v 0.478268 0.702121 0.575
v 0.444874 0.696197 0.575
v 0.412529 0.686615 0.575
v 0.381631 0.673534 0.575
v 0.352554 0.657157 0.575
v 0.325646 0.637726 0.575
v 0.301223 0.615521 0.575
v 0.279565 0.59085 0.575
v 0.260917 0.564054 0.575
v 0.245481 0.535493 0.575
v 0.233416 0.505548 0.575
v 0.224836 0.474613 0.575
v 0.219812 0.443089 0.575
v 0.218366 0.411382 0.575
v 0.220477 0.379893 0.575
v 0.226076 0.349019 0.575
v 0.235055 0.319143 0.575
v 0.247259 0.290629 0.575
v 0.262498 0.263824 0.575
v 0.280543 0.239045 0.575
v 0.301134 0.216583 0.575
v 0.323979 0.196694 0.575
v 0.348765 0.179599 0.575
v 0.375153 0.16548 0.575
v 0.402792 0.154481 0.575
v 0.431316 0.146703 0.575
v 0.460354 0.142205 0.575
v 0.489533 0.141004 0.575
v 0.518481 0.143075 0.575
v 0.546835 0.14835 0.575
v 0.574244 0.156724 0.575
v 0.600373 0.168052 0.575
v 0.624907 0.182152 0.575
v 0.647556 0.198812 0.575
v 0.668056 0.217788 0.575
v 0.686178 0.238809 0.575
v 0.70172 0.261584 0.575
v 0.714521 0.2858 0.575
v 0.724454 0.311132 0.575
v 0.731431 0.337246 0.575
v 0.735402 0.363798 0.575
v 0.736358 0.390448 0.575
v 0.734328 0.416856 0.575
v 0.729376 0.44269 0.575
v 0.721606 0.467631 0.575
v 0.711155 0.491375 0.575
v 0.698193 0.513637 0.575
v 0.682918 0.534156 0.575
v 0.665558 0.552696 0.575
v 0.646361 0.569049 0.575
v 0.625598 0.583039 0.575
v 0.603554 0.594522 0.575
v 0.580527 0.603389 0.575
v 0.588804 0.675228 0.59375
v 0.576481 0.678695 0.59375
v 0.544554 0.683906 0.59375
v 0.512426 0.685492 0.59375
v 0.480504 0.683475 0.59375
v 0.449188 0.67792 0.59375
v 0.418867 0.668937 0.59375
v 0.389913 0.656679 0.59375
v 0.362676 0.641338 0.59375
v 0.337479 0.623143 0.59375
v 0.314617 0.602358 0.59375
v 0.294353 0.579274 0.59375
v 0.27691 0.55421 0.59375
v 0.262478 0.527507 0.59375
v 0.251202 0.49952 0.59375
v 0.243186 0.470619 0.59375
v 0.238494 0.441181 0.59375
v 0.237145 0.411583 0.59375
v 0.239114 0.382201 0.59375
v 0.244337 0.353404 0.59375
v 0.252708 0.32555 0.59375
v 0.264081 0.298978 0.59375
v 0.278276 0.274008 0.59375
v 0.295078 0.250937 0.59375
v 0.314242 0.230032 0.59375
v 0.335495 0.211529 0.59375
v 0.358541 0.195633 0.59375
v 0.383068 0.182511 0.59375
v 0.408744 0.172293 0.59375
v 0.43523 0.16507 0.59375
v 0.462181 0.160895 0.59375
v 0.489249 0.159781 0.59375
v 0.51609 0.161701 0.59375
v 0.542367 0.166591 0.59375
v 0.567755 0.174347 0.59375
v 0.591946 0.184835 0.59375
v 0.614648 0.197882 0.59375
v 0.635594 0.21329 0.59375
v 0.654545 0.23083 0.59375
v 0.671286 0.250251 0.59375
v 0.685637 0.27128 0.59375
v 0.697451 0.293628 0.59375
v 0.706612 0.316993 0.59375
v 0.713043 0.341064 0.59375
v 0.716702 0.365527 0.59375
v 0.717583 0.390064 0.59375
v 0.715714 0.414364 0.59375
v 0.71116 0.438122 0.59375
v 0.704019 0.461045 0.59375
v 0.69442 0.482854 0.59375
v 0.682521 0.503289 0.59375
v 0.668509 0.522112 0.59375
v 0.652594 0.539108 0.59375
v 0.635007 0.55409 0.59375
v 0.615998 0.566898 0.59375
v 0.595829 0.577404 0.59375
v 0.556126 0.592692 0.59375
v 0.588804 0.675228 0.39375
v 0.576481 0.678695 0.39375
v 0.544554 0.683906 0.39375
v 0.512426 0.685492 0.39375
v 0.480504 0.683475 0.39375
v 0.449188 0.67792 0.39375
v 0.418867 0.668937 0.39375
v 0.389913 0.656679 0.39375
v 0.362676 0.641338 0.39375
v 0.337479 0.623143 0.39375
v 0.314617 0.602358 0.39375
v 0.294353 0.579274 0.39375
v 0.27691 0.55421 0.39375
v 0.262478 0.527507 0.39375
v 0.251202 0.49952 0.39375
v 0.243186 0.470619 0.39375
v 0.238494 0.441181 0.39375
v 0.237145 0.411583 0.39375
v 0.239114 0.382201 0.39375
v 0.244337 0.353404 0.39375
v 0.252708 0.32555 0.39375
v 0.264081 0.298978 0.39375
v 0.278276 0.274008 0.39375
v 0.295078 0.250937 0.39375
v 0.314242 0.230032 0.39375
v 0.335495 0.211529 0.39375
v 0.358541 0.195633 0.39375
v 0.383068 0.182511 0.39375
v 0.408744 0.172293 0.39375
v 0.43523 0.16507 0.39375
v 0.462181 0.160895 0.39375
v 0.489249 0.159781 0.39375
v 0.51609 0.161701 0.39375
v 0.542367 0.166591 0.39375
v 0.567755 0.174347 0.39375
v 0.591946 0.184835 0.39375
v 0.614648 0.197882 0.39375
v 0.635594 0.21329 0.39375
v 0.654545 0.23083 0.39375
v 0.671286 0.250251 0.39375
v 0.685637 0.27128 0.39375
v 0.697451 0.293628 0.39375
v 0.706612 0.316993 0.39375
v 0.713043 0.341064 0.39375
v 0.716702 0.365527 0.39375
v 0.717583 0.390064 0.39375
v 0.715714 0.414364 0.39375
v 0.71116 0.438122 0.39375
v 0.704019 0.461045 0.39375
v 0.69442 0.482854 0.39375
v 0.682521 0.503289 0.39375
v 0.668509 0.522112 0.39375
v 0.652594 0.539108 0.39375
v 0.635007 0.55409 0.39375
v 0.615998 0.566898 0.39375
v 0.595829 0.577404 0.39375
v 0.556126 0.592692 0.39375
v 0.588804 0.675228 0.59375
v 0.576481 0.678695 0.59375
v 0.544554 0.683906 0.59375
v 0.512426 0.685492 0.59375
v 0.480504 0.683475 0.59375
v 0.449188 0.67792 0.59375
v 0.418867 0.668937 0.59375
v 0.389913 0.656679 0.59375
v 0.362676 0.641338 0.59375
v 0.337479 0.623143 0.59375
v 0.314617 0.602358 0.59375
v 0.294353 0.579274 0.59375
v 0.27691 0.55421 0.59375
v 0.262478 0.527507 0.59375
v 0.251202 0.49952 0.59375
v 0.243186 0.470619 0.59375
v 0.238494 0.441181 0.59375
v 0.237145 0.411583 0.59375
v 0.239114 0.382201 0.59375
v 0.244337 0.353404 0.59375
v 0.252708 0.32555 0.59375
v 0.264081 0.298978 0.59375
v 0.278276 0.274008 0.59375
v 0.295078 0.250937 0.59375
v 0.314242 0.230032 0.59375
v 0.335495 0.211529 0.59375
v 0.358541 0.195633 0.59375
v 0.383068 0.182511 0.59375
v 0.408744 0.172293 0.59375
v 0.43523 0.16507 0.59375
v 0.462181 0.160895 0.59375
v 0.489249 0.159781 0.59375
v 0.51609 0.161701 0.59375
v 0.542367 0.166591 0.59375
v 0.567755 0.174347 0.59375
v 0.591946 0.184835 0.59375
v 0.614648 0.197882 0.59375
v 0.635594 0.21329 0.59375
v 0.654545 0.23083 0.59375
v 0.671286 0.250251 0.59375
v 0.685637 0.27128 0.59375
v 0.697451 0.293628 0.59375
v 0.706612 0.316993 0.59375
v 0.713043 0.341064 0.59375
v 0.716702 0.365527 0.59375
v 0.717583 0.390064 0.59375
v 0.715714 0.414364 0.59375
v 0.71116 0.438122 0.59375
v 0.704019 0.461045 0.59375
v 0.69442 0.482854 0.59375
v 0.682521 0.503289 0.59375
v 0.668509 0.522112 0.59375
v 0.652594 0.539108 0.59375
v 0.635007 0.55409 0.59375
v 0.615998 0.566898 0.59375
v 0.595829 0.577404 0.59375
v 0.556126 0.592692 0.59375
vt 0.855561 0.289695
vt 0.857853 0.290068
vt 0.857274 0.294905
vt 0.851074 0.293896
vt 0.857853 0.290068
vt 0.863754 0.290542
vt 0.86356 0.29541
vt 0.857274 0.294905
vt 0.863754 0.290542
vt 0.86966 0.290542
vt 0.869854 0.29541
vt 0.86356 0.29541
vt 0.86966 0.290542
vt 0.875495 0.290073
vt 0.876074 0.29491
vt 0.869854 0.29541
vt 0.875495 0.290073
vt 0.881187 0.289146
vt 0.882144 0.293922
vt 0.876074 0.29491
vt 0.953593 0.28916
vt 0.959253 0.290081
vt 0.958674 0.294918
vt 0.952637 0.293935
vt 0.959253 0.290081
vt 0.964989 0.290542
vt 0.964795 0.29541
vt 0.958674 0.294918
vt 0.964989 0.290542
vt 0.970728 0.290542
vt 0.970922 0.29541
vt 0.964795 0.29541
vt 0.970728 0.290542
vt 0.976398 0.290086
vt 0.976977 0.294924
vt 0.970922 0.29541
vt 0.976398 0.290086
vt 0.981928 0.289186
vt 0.982885 0.293962
vt 0.976977 0.294924
vt 0.174297 0.279433
vt 0.179794 0.280329
vt 0.179215 0.285166
vt 0.17334 0.284209
vt 0.179794 0.280329
vt 0.185365 0.280776
vt 0.185171 0.285645
vt 0.179215 0.285166
vt 0.185365 0.280776
vt 0.190937 0.280776
vt 0.191131 0.285645
vt 0.185171 0.285645
vt 0.190937 0.280776
vt 0.196442 0.280334
vt 0.197021 0.285171
vt 0.191131 0.285645
vt 0.196442 0.280334
vt 0.20181 0.27946
vt 0.202766 0.284236
vt 0.197021 0.285171
vt 0.286601 0.279473
vt 0.291936 0.280342
vt 0.291357 0.285179
vt 0.285645 0.284249
vt 0.291936 0.280342
vt 0.297342 0.280776
vt 0.297148 0.285645
vt 0.291357 0.285179
vt 0.297342 0.280776
vt 0.302748 0.280776
vt 0.302942 0.285645
vt 0.297148 0.285645
vt 0.302748 0.280776
vt 0.308087 0.280347
vt 0.308666 0.285184
vt 0.302942 0.285645
vt 0.308087 0.280347
vt 0.313293 0.279499
vt 0.31425 0.284275
vt 0.308666 0.285184
vt 0.350078 0.279513
vt 0.355251 0.280355
vt 0.354672 0.285192
vt 0.349121 0.284288
vt 0.355251 0.280355
vt 0.360491 0.280776
vt 0.360297 0.285645
vt 0.354672 0.285192
vt 0.360491 0.280776
vt 0.365731 0.280776
vt 0.365925 0.285645
vt 0.360297 0.285645
vt 0.365731 0.280776
vt 0.370905 0.28036
vt 0.371484 0.285198
vt 0.365925 0.285645
vt 0.370905 0.28036
vt 0.375948 0.279539
vt 0.376905 0.284315
vt 0.371484 0.285198
vt 0.40086 0.279552
vt 0.40587 0.280368
vt 0.405291 0.285205
vt 0.399902 0.284328
vt 0.40587 0.280368
vt 0.410945 0.280776
vt 0.410751 0.285645
vt 0.405291 0.285205
vt 0.410945 0.280776
vt 0.416018 0.280776
vt 0.416212 0.285645
vt 0.410751 0.285645
vt 0.416018 0.280776
vt 0.421027 0.280374
vt 0.421606 0.285211
vt 0.416212 0.285645
vt 0.421027 0.280374
vt 0.425907 0.279578
vt 0.426864 0.284354
vt 0.421606 0.285211
vt 0.461407 0.279592
vt 0.466255 0.280381
vt 0.465675 0.285219
vt 0.460449 0.284367
vt 0.466255 0.280381
vt 0.471164 0.280776
vt 0.47097 0.285645
vt 0.465675 0.285219
vt 0.471164 0.280776
vt 0.476071 0.280776
vt 0.476265 0.285645
vt 0.47097 0.285645
vt 0.476071 0.280776
vt 0.480914 0.280387
vt 0.481493 0.285224
vt 0.476265 0.285645
vt 0.480914 0.280387
vt 0.485633 0.279618
vt 0.48659 0.284394
vt 0.481493 0.285224
vt 0.640118 0.279631
vt 0.644804 0.280395
vt 0.644224 0.285232
vt 0.63916 0.284407
vt 0.644804 0.280395
vt 0.649547 0.280776
vt 0.649354 0.285645
vt 0.644224 0.285232
vt 0.649547 0.280776
vt 0.654288 0.280776
vt 0.654482 0.285645
vt 0.649354 0.285645
vt 0.654288 0.280776
vt 0.658966 0.2804
vt 0.659545 0.285237
vt 0.654482 0.285645
vt 0.658966 0.2804
vt 0.663522 0.279657
vt 0.66448 0.284433
vt 0.659545 0.285237
vt 0.544415 0.269905
vt 0.548939 0.270642
vt 0.548359 0.275479
vt 0.543457 0.27468
vt 0.548939 0.270642
vt 0.553517 0.271011
vt 0.553323 0.275879
vt 0.548359 0.275479
vt 0.553517 0.271011
vt 0.558091 0.271011
vt 0.558285 0.275879
vt 0.553323 0.275879
vt 0.558091 0.271011
vt 0.562604 0.270648
vt 0.563183 0.275485
vt 0.558285 0.275879
vt 0.562604 0.270648
vt 0.566998 0.269931
vt 0.567955 0.274707
vt 0.563183 0.275485
vt 0.116681 0.260179
vt 0.121042 0.26089
vt 0.120462 0.265727
vt 0.115723 0.264954
vt 0.121042 0.26089
vt 0.125455 0.261245
vt 0.125261 0.266113
vt 0.120462 0.265727
vt 0.125455 0.261245
vt 0.129863 0.261245
vt 0.130057 0.266113
vt 0.125261 0.266113
vt 0.129863 0.261245
vt 0.13421 0.260895
vt 0.13479 0.265732
vt 0.130057 0.266113
vt 0.13421 0.260895
vt 0.138442 0.260205
vt 0.1394 0.264981
vt 0.13479 0.265732
vt 0.144025 0.260218
vt 0.148224 0.260903
vt 0.147644 0.26574
vt 0.143066 0.264994
vt 0.148224 0.260903
vt 0.152472 0.261245
vt 0.152278 0.266113
vt 0.147644 0.26574
vt 0.152472 0.261245
vt 0.156713 0.261245
vt 0.156907 0.266113
vt 0.152278 0.266113
vt 0.156713 0.261245
vt 0.160895 0.260908
vt 0.161475 0.265746
vt 0.156907 0.266113
vt 0.160895 0.260908
vt 0.164964 0.260245
vt 0.165923 0.26502
vt 0.161475 0.265746
vt 0.725292 0.181167
vt 0.733103 0.181167
vt 0.729628 0.186035
vt 0.725098 0.186035
vt 0.736816 0.181167
vt 0.753114 0.181167
vt 0.75693 0.186035
vt 0.740291 0.186035
vt 0.339355 0.578613
vt 0.339355 0.572344
vt 0.369189 0.572344
vt 0.369189 0.578613
vt 0.339355 0.572344
vt 0.339355 0.566027
vt 0.369189 0.566027
vt 0.369189 0.572344
vt 0.339355 0.566027
vt 0.339355 0.559744
vt 0.369189 0.559744
vt 0.369189 0.566027
vt 0.339355 0.559744
vt 0.339355 0.553573
vt 0.369189 0.553573
vt 0.369189 0.559744
vt 0.427246 0.578613
vt 0.427246 0.572475
vt 0.45708 0.572475
vt 0.45708 0.578613
vt 0.427246 0.572475
vt 0.427246 0.566291
vt 0.45708 0.566291
vt 0.45708 0.572475
vt 0.427246 0.566291
vt 0.427246 0.560141
vt 0.45708 0.560141
vt 0.45708 0.566291
vt 0.427246 0.560141
vt 0.427246 0.554101
vt 0.45708 0.554101
vt 0.45708 0.560141
vt 0.563965 0.578613
vt 0.563965 0.572606
vt 0.593799 0.572606
vt 0.593799 0.578613
vt 0.563965 0.572606
vt 0.563965 0.566556
vt 0.593799 0.566556
vt 0.593799 0.572606
vt 0.563965 0.566556
vt 0.563965 0.560538
vt 0.593799 0.560538
vt 0.593799 0.566556
vt 0.563965 0.560538
vt 0.563965 0.554629
vt 0.593799 0.554629
vt 0.593799 0.560538
vt 0.651855 0.578613
vt 0.651855 0.572737
vt 0.681689 0.572737
vt 0.681689 0.578613
vt 0.651855 0.572737
vt 0.651855 0.56682
vt 0.681689 0.56682
vt 0.681689 0.572737
vt 0.651855 0.56682
vt 0.651855 0.560935
vt 0.681689 0.560935
vt 0.681689 0.56682
vt 0.651855 0.560935
vt 0.651855 0.555158
vt 0.681689 0.555158
vt 0.681689 0.560935
vt 0.685059 0.578613
vt 0.685059 0.572869
vt 0.714893 0.572869
vt 0.714893 0.578613
vt 0.685059 0.572869
vt 0.685059 0.567084
vt 0.714893 0.567084
vt 0.714893 0.572869
vt 0.685059 0.567084
vt 0.685059 0.561332
vt 0.714893 0.561332
vt 0.714893 0.567084
vt 0.685059 0.561332
vt 0.685059 0.555686
vt 0.714893 0.555686
vt 0.714893 0.561332
vt 0.769043 0.578613
vt 0.769043 0.573
vt 0.798877 0.573
vt 0.798877 0.578613
vt 0.769043 0.573
vt 0.769043 0.567348
vt 0.798877 0.567348
vt 0.798877 0.573
vt 0.769043 0.567348
vt 0.769043 0.561729
vt 0.798877 0.561729
vt 0.798877 0.567348
vt 0.769043 0.561729
vt 0.769043 0.556214
vt 0.798877 0.556214
vt 0.798877 0.561729
vt 0.85498 0.578613
vt 0.85498 0.573131
vt 0.884814 0.573131
vt 0.884814 0.578613
vt 0.85498 0.573131
vt 0.85498 0.567612
vt 0.884814 0.567612
vt 0.884814 0.573131
vt 0.85498 0.567612
vt 0.85498 0.562126
vt 0.884814 0.562126
vt 0.884814 0.567612
vt 0.85498 0.562126
vt 0.85498 0.556742
vt 0.884814 0.556742
vt 0.884814 0.562126
vt 0.888184 0.578613
vt 0.888184 0.573262
vt 0.918018 0.573262
vt 0.918018 0.578613
vt 0.888184 0.573262
vt 0.888184 0.567876
vt 0.918018 0.567876
vt 0.918018 0.573262
vt 0.888184 0.567876
vt 0.888184 0.562523
vt 0.918018 0.562523
vt 0.918018 0.567876
vt 0.888184 0.562523
vt 0.888184 0.557271
vt 0.918018 0.557271
vt 0.918018 0.562523
vt 0.921387 0.578613
vt 0.921387 0.573394
vt 0.951221 0.573394
vt 0.951221 0.578613
vt 0.921387 0.573394
vt 0.921387 0.56814
vt 0.951221 0.56814
vt 0.951221 0.573394
vt 0.921387 0.56814
vt 0.921387 0.56292
vt 0.951221 0.56292
vt 0.951221 0.56814
vt 0.921387 0.56292
vt 0.921387 0.557799
vt 0.951221 0.557799
vt 0.951221 0.56292
vt 0.096191 0.549316
vt 0.096191 0.544228
vt 0.126025 0.544228
vt 0.126025 0.549316
vt 0.096191 0.544228
vt 0.096191 0.539107
vt 0.126025 0.539107
vt 0.126025 0.544228
vt 0.096191 0.539107
vt 0.096191 0.53402
vt 0.126025 0.53402
vt 0.126025 0.539107
vt 0.096191 0.53402
vt 0.096191 0.52903
vt 0.126025 0.52903
vt 0.126025 0.53402
vt 0.129395 0.549316
vt 0.129395 0.544359
vt 0.159229 0.544359
vt 0.159229 0.549316
vt 0.129395 0.544359
vt 0.129395 0.539371
vt 0.159229 0.539371
vt 0.159229 0.544359
vt 0.129395 0.539371
vt 0.129395 0.534417
vt 0.159229 0.534417
vt 0.159229 0.539371
vt 0.129395 0.534417
vt 0.129395 0.529558
vt 0.159229 0.529558
vt 0.159229 0.534417
vt 0.162598 0.549316
vt 0.162598 0.54449
vt 0.192432 0.54449
vt 0.192432 0.549316
vt 0.162598 0.54449
vt 0.162598 0.539635
vt 0.192432 0.539635
vt 0.192432 0.54449
vt 0.162598 0.539635
vt 0.162598 0.534814
vt 0.192432 0.534814
vt 0.192432 0.539635
vt 0.162598 0.534814
vt 0.162598 0.530086
vt 0.192432 0.530086
vt 0.192432 0.534814
vt 0.253418 0.549316
vt 0.253418 0.544621
vt 0.283252 0.544621
vt 0.283252 0.549316
vt 0.253418 0.544621
vt 0.253418 0.539899
vt 0.283252 0.539899
vt 0.283252 0.544621
vt 0.253418 0.539899
vt 0.253418 0.53521
vt 0.283252 0.53521
vt 0.283252 0.539899
vt 0.253418 0.53521
vt 0.253418 0.530614
vt 0.283252 0.530614
vt 0.283252 0.53521
vt 0.369629 0.503418
vt 0.369629 0.498854
vt 0.399463 0.498854
vt 0.399463 0.503418
vt 0.369629 0.498854
vt 0.369629 0.494265
vt 0.399463 0.494265
vt 0.399463 0.498854
vt 0.369629 0.494265
vt 0.369629 0.489709
vt 0.399463 0.489709
vt 0.399463 0.494265
vt 0.369629 0.489709
vt 0.369629 0.485243
vt 0.399463 0.485243
vt 0.399463 0.489709
vt 0.652832 0.503418
vt 0.652832 0.48678
vt 0.682666 0.48678
vt 0.682666 0.503418
vt 0.885254 0.290661
vt 0.891454 0.289652
vt 0.892032 0.294489
vt 0.889741 0.294862
vt 0.891454 0.289652
vt 0.89774 0.289147
vt 0.897934 0.294015
vt 0.892032 0.294489
vt 0.89774 0.289147
vt 0.904033 0.289146
vt 0.90384 0.294015
vt 0.897934 0.294015
vt 0.904033 0.289146
vt 0.910254 0.289646
vt 0.909675 0.294484
vt 0.90384 0.294015
vt 0.910254 0.289646
vt 0.916324 0.290634
vt 0.915367 0.29541
vt 0.909675 0.294484
vt 0.919434 0.290634
vt 0.925471 0.289652
vt 0.92605 0.294489
vt 0.92039 0.29541
vt 0.925471 0.289652
vt 0.931592 0.28916
vt 0.931786 0.294028
vt 0.92605 0.294489
vt 0.931592 0.28916
vt 0.937719 0.28916
vt 0.937525 0.294028
vt 0.931786 0.294028
vt 0.937719 0.28916
vt 0.943774 0.289646
vt 0.943195 0.294483
vt 0.937525 0.294028
vt 0.943774 0.289646
vt 0.949682 0.290608
vt 0.948725 0.295384
vt 0.943195 0.294483
vt 0.140137 0.280869
vt 0.146012 0.279912
vt 0.146591 0.284749
vt 0.141093 0.285645
vt 0.146012 0.279912
vt 0.151968 0.279433
vt 0.152162 0.284302
vt 0.146591 0.284749
vt 0.151968 0.279433
vt 0.157928 0.279433
vt 0.157734 0.284302
vt 0.152162 0.284302
vt 0.157928 0.279433
vt 0.163818 0.279907
vt 0.163239 0.284744
vt 0.157734 0.284302
vt 0.163818 0.279907
vt 0.169563 0.280842
vt 0.168606 0.285618
vt 0.163239 0.284744
vt 0.253418 0.280869
vt 0.259131 0.279939
vt 0.25971 0.284776
vt 0.254375 0.285645
vt 0.259131 0.279939
vt 0.264921 0.279473
vt 0.265115 0.284341
vt 0.25971 0.284776
vt 0.264921 0.279473
vt 0.270715 0.279473
vt 0.270522 0.284341
vt 0.265115 0.284341
vt 0.270715 0.279473
vt 0.27644 0.279933
vt 0.275861 0.28477
vt 0.270522 0.284341
vt 0.27644 0.279933
vt 0.282023 0.280842
vt 0.281066 0.285618
vt 0.275861 0.28477
vt 0.317871 0.280869
vt 0.323422 0.279965
vt 0.324001 0.284802
vt 0.318828 0.285645
vt 0.323422 0.279965
vt 0.329047 0.279513
vt 0.329241 0.284381
vt 0.324001 0.284802
vt 0.329047 0.279513
vt 0.334675 0.279513
vt 0.334481 0.284381
vt 0.329241 0.284381
vt 0.334675 0.279513
vt 0.340234 0.279959
vt 0.339655 0.284797
vt 0.334481 0.284381
vt 0.340234 0.279959
vt 0.345655 0.280842
vt 0.344698 0.285618
vt 0.339655 0.284797
vt 0.430176 0.280869
vt 0.435564 0.279991
vt 0.436143 0.284828
vt 0.431133 0.285645
vt 0.435564 0.279991
vt 0.441024 0.279552
vt 0.441218 0.28442
vt 0.436143 0.284828
vt 0.441024 0.279552
vt 0.446485 0.279552
vt 0.446292 0.28442
vt 0.441218 0.28442
vt 0.446485 0.279552
vt 0.451879 0.279986
vt 0.4513 0.284823
vt 0.446292 0.28442
vt 0.451879 0.279986
vt 0.457138 0.280842
vt 0.456181 0.285618
vt 0.4513 0.284823
vt 0.489746 0.280869
vt 0.494972 0.280017
vt 0.495552 0.284855
vt 0.490703 0.285645
vt 0.494972 0.280017
vt 0.500267 0.279592
vt 0.500461 0.28446
vt 0.495552 0.284855
vt 0.500267 0.279592
vt 0.505562 0.279592
vt 0.505368 0.28446
vt 0.500461 0.28446
vt 0.505562 0.279592
vt 0.51079 0.280012
vt 0.510211 0.284849
vt 0.505368 0.28446
vt 0.51079 0.280012
vt 0.515887 0.280843
vt 0.514929 0.285618
vt 0.510211 0.284849
vt 0.61084 0.280869
vt 0.615904 0.280044
vt 0.616483 0.284881
vt 0.611797 0.285645
vt 0.615904 0.280044
vt 0.621033 0.279631
vt 0.621227 0.284499
vt 0.616483 0.284881
vt 0.621033 0.279631
vt 0.626162 0.279631
vt 0.625968 0.284499
vt 0.621227 0.284499
vt 0.626162 0.279631
vt 0.631225 0.280038
vt 0.630646 0.284875
vt 0.625968 0.284499
vt 0.631225 0.280038
vt 0.636159 0.280843
vt 0.635202 0.285618
vt 0.630646 0.284875
vt 0.515137 0.271103
vt 0.520039 0.270304
vt 0.520618 0.275141
vt 0.516094 0.275879
vt 0.520039 0.270304
vt 0.525003 0.269905
vt 0.525197 0.274773
vt 0.520618 0.275141
vt 0.525003 0.269905
vt 0.529965 0.269905
vt 0.529771 0.274773
vt 0.525197 0.274773
vt 0.529965 0.269905
vt 0.534863 0.270299
vt 0.534283 0.275136
vt 0.529771 0.274773
vt 0.534863 0.270299
vt 0.539635 0.271077
vt 0.538677 0.275852
vt 0.534283 0.275136
vt 0.088379 0.261338
vt 0.093119 0.260565
vt 0.093698 0.265402
vt 0.089337 0.266113
vt 0.093119 0.260565
vt 0.097917 0.260179
vt 0.098111 0.265047
vt 0.093698 0.265402
vt 0.097917 0.260179
vt 0.102714 0.260179
vt 0.102519 0.265047
vt 0.098111 0.265047
vt 0.102714 0.260179
vt 0.107446 0.26056
vt 0.106866 0.265397
vt 0.102519 0.265047
vt 0.107446 0.26056
vt 0.112056 0.261311
vt 0.111098 0.266087
vt 0.106866 0.265397
vt 0.169434 0.261338
vt 0.174011 0.260591
vt 0.174591 0.265428
vt 0.170392 0.266113
vt 0.174011 0.260591
vt 0.178645 0.260218
vt 0.178839 0.265086
vt 0.174591 0.265428
vt 0.178645 0.260218
vt 0.183275 0.260218
vt 0.18308 0.265086
vt 0.178839 0.265086
vt 0.183275 0.260218
vt 0.187842 0.260586
vt 0.187262 0.265423
vt 0.18308 0.265086
vt 0.187842 0.260586
vt 0.19229 0.261311
vt 0.191332 0.266087
vt 0.187262 0.265423
vt 0.760254 0.181167
vt 0.764784 0.181167
vt 0.768259 0.186035
vt 0.760448 0.186035
vt 0.775448 0.181167
vt 0.792086 0.181167
vt 0.78827 0.186035
vt 0.771973 0.186035
vt 0.97857 0.971653
vt 0.977934 0.973916
vt 0.962781 0.967916
vt 0.979527 0.965792
vt 0.97857 0.971653
vt 0.962781 0.967916
vt 0.979818 0.959893
vt 0.979527 0.965792
vt 0.962781 0.967916
vt 0.979448 0.954032
vt 0.979818 0.959893
vt 0.962781 0.967916
vt 0.978428 0.948283
vt 0.979448 0.954032
vt 0.962781 0.967916
vt 0.976779 0.942716
vt 0.978428 0.948283
vt 0.962781 0.967916
vt 0.974528 0.937401
vt 0.976779 0.942716
vt 0.962781 0.967916
vt 0.971712 0.9324
vt 0.974528 0.937401
vt 0.962781 0.967916
vt 0.968371 0.927774
vt 0.971712 0.9324
vt 0.962781 0.967916
vt 0.964555 0.923577
vt 0.968371 0.927774
vt 0.962781 0.967916
vt 0.960317 0.919856
vt 0.964555 0.923577
vt 0.962781 0.967916
vt 0.955715 0.916654
vt 0.960317 0.919856
vt 0.962781 0.967916
vt 0.950813 0.914004
vt 0.955715 0.916654
vt 0.962781 0.967916
vt 0.945675 0.911934
vt 0.950813 0.914004
vt 0.962781 0.967916
vt 0.940369 0.910462
vt 0.945675 0.911934
vt 0.962781 0.967916
vt 0.934964 0.909601
vt 0.940369 0.910462
vt 0.962781 0.967916
vt 0.92953 0.909353
vt 0.934964 0.909601
vt 0.962781 0.967916
vt 0.924136 0.909715
vt 0.92953 0.909353
vt 0.962781 0.967916
vt 0.918849 0.910674
vt 0.924136 0.909715
vt 0.962781 0.967916
vt 0.913735 0.91221
vt 0.918849 0.910674
vt 0.962781 0.967916
vt 0.908856 0.914299
vt 0.913735 0.91221
vt 0.962781 0.967916
vt 0.904272 0.916905
vt 0.908856 0.914299
vt 0.962781 0.967916
vt 0.900036 0.919989
vt 0.904272 0.916905
vt 0.962781 0.967916
vt 0.896198 0.923508
vt 0.900036 0.919989
vt 0.962781 0.967916
vt 0.892801 0.92741
vt 0.896198 0.923508
vt 0.962781 0.967916
vt 0.889883 0.931641
vt 0.892801 0.92741
vt 0.962781 0.967916
vt 0.887474 0.936144
vt 0.889883 0.931641
vt 0.962781 0.967916
vt 0.885598 0.940858
vt 0.887474 0.936144
vt 0.962781 0.967916
vt 0.884272 0.94572
vt 0.885598 0.940858
vt 0.962781 0.967916
vt 0.883505 0.950668
vt 0.884272 0.94572
vt 0.962781 0.967916
vt 0.883301 0.955638
vt 0.883505 0.950668
vt 0.962781 0.967916
vt 0.883653 0.960566
vt 0.883301 0.955638
vt 0.962781 0.967916
vt 0.884551 0.96539
vt 0.883653 0.960566
vt 0.962781 0.967916
vt 0.885975 0.970051
vt 0.884551 0.96539
vt 0.962781 0.967916
vt 0.8879 0.974492
vt 0.885975 0.970051
vt 0.962781 0.967916
vt 0.890296 0.97866
vt 0.8879 0.974492
vt 0.962781 0.967916
vt 0.893125 0.982506
vt 0.890296 0.97866
vt 0.962781 0.967916
vt 0.896345 0.985985
vt 0.893125 0.982506
vt 0.962781 0.967916
vt 0.89991 0.989059
vt 0.896345 0.985985
vt 0.962781 0.967916
vt 0.903771 0.991694
vt 0.89991 0.989059
vt 0.962781 0.967916
vt 0.907874 0.993863
vt 0.903771 0.991694
vt 0.962781 0.967916
vt 0.912164 0.995544
vt 0.907874 0.993863
vt 0.962781 0.967916
vt 0.916583 0.996725
vt 0.912164 0.995544
vt 0.962781 0.967916
vt 0.921074 0.997397
vt 0.916583 0.996725
vt 0.962781 0.967916
vt 0.925579 0.997559
vt 0.921074 0.997397
vt 0.962781 0.967916
vt 0.930041 0.997216
vt 0.925579 0.997559
vt 0.962781 0.967916
vt 0.934402 0.996379
vt 0.930041 0.997216
vt 0.962781 0.967916
vt 0.938611 0.995068
vt 0.934402 0.996379
vt 0.962781 0.967916
vt 0.942615 0.993306
vt 0.938611 0.995068
vt 0.962781 0.967916
vt 0.946367 0.991122
vt 0.942615 0.993306
vt 0.962781 0.967916
vt 0.949822 0.988549
vt 0.946367 0.991122
vt 0.962781 0.967916
vt 0.952943 0.985627
vt 0.949822 0.988549
vt 0.962781 0.967916
vt 0.955693 0.982398
vt 0.952943 0.985627
vt 0.962781 0.967916
vt 0.958045 0.978908
vt 0.955693 0.982398
vt 0.962781 0.967916
vt 0.962781 0.967916
vt 0.959974 0.975205
vt 0.958045 0.978908
vt 0.081921 0.811066
vt 0.097074 0.805066
vt 0.097711 0.807329
vt 0.081921 0.811066
vt 0.097711 0.807329
vt 0.098667 0.81319
vt 0.081921 0.811066
vt 0.098667 0.81319
vt 0.098959 0.819089
vt 0.081921 0.811066
vt 0.098959 0.819089
vt 0.098588 0.82495
vt 0.081921 0.811066
vt 0.098588 0.82495
vt 0.097568 0.830699
vt 0.081921 0.811066
vt 0.097568 0.830699
vt 0.095919 0.836266
vt 0.081921 0.811066
vt 0.095919 0.836266
vt 0.093669 0.841582
vt 0.081921 0.811066
vt 0.093669 0.841582
vt 0.090852 0.846582
vt 0.081921 0.811066
vt 0.090852 0.846582
vt 0.087512 0.851208
vt 0.081921 0.811066
vt 0.087512 0.851208
vt 0.083696 0.855405
vt 0.081921 0.811066
vt 0.083696 0.855405
vt 0.079458 0.859126
vt 0.081921 0.811066
vt 0.079458 0.859126
vt 0.074856 0.862328
vt 0.081921 0.811066
vt 0.074856 0.862328
vt 0.069953 0.864978
vt 0.081921 0.811066
vt 0.069953 0.864978
vt 0.064815 0.867048
vt 0.081921 0.811066
vt 0.064815 0.867048
vt 0.059509 0.86852
vt 0.081921 0.811066
vt 0.059509 0.86852
vt 0.054105 0.869381
vt 0.081921 0.811066
vt 0.054105 0.869381
vt 0.048671 0.869629
vt 0.081921 0.811066
vt 0.048671 0.869629
vt 0.043276 0.869267
vt 0.081921 0.811066
vt 0.043276 0.869267
vt 0.037989 0.868308
vt 0.081921 0.811066
vt 0.037989 0.868308
vt 0.032875 0.866772
vt 0.081921 0.811066
vt 0.032875 0.866772
vt 0.027997 0.864684
vt 0.081921 0.811066
vt 0.027997 0.864684
vt 0.023413 0.862077
vt 0.081921 0.811066
vt 0.023413 0.862077
vt 0.019177 0.858993
vt 0.081921 0.811066
vt 0.019177 0.858993
vt 0.015339 0.855474
vt 0.081921 0.811066
vt 0.015339 0.855474
vt 0.011942 0.851572
vt 0.081921 0.811066
vt 0.011942 0.851572
vt 0.009024 0.847341
vt 0.081921 0.811066
vt 0.009024 0.847341
vt 0.006614 0.842838
vt 0.081921 0.811066
vt 0.006614 0.842838
vt 0.004738 0.838124
vt 0.081921 0.811066
vt 0.004738 0.838124
vt 0.003412 0.833262
vt 0.081921 0.811066
vt 0.003412 0.833262
vt 0.002646 0.828314
vt 0.081921 0.811066
vt 0.002646 0.828314
vt 0.002441 0.823344
vt 0.081921 0.811066
vt 0.002441 0.823344
vt 0.002794 0.818416
vt 0.081921 0.811066
vt 0.002794 0.818416
vt 0.003692 0.813592
vt 0.081921 0.811066
vt 0.003692 0.813592
vt 0.005116 0.808931
vt 0.081921 0.811066
vt 0.005116 0.808931
vt 0.007041 0.80449
vt 0.081921 0.811066
vt 0.007041 0.80449
vt 0.009436 0.800322
vt 0.081921 0.811066
vt 0.009436 0.800322
vt 0.012265 0.796476
vt 0.081921 0.811066
vt 0.012265 0.796476
vt 0.015486 0.792997
vt 0.081921 0.811066
vt 0.015486 0.792997
vt 0.019051 0.789923
vt 0.081921 0.811066
vt 0.019051 0.789923
vt 0.022912 0.787288
vt 0.081921 0.811066
vt 0.022912 0.787288
vt 0.027015 0.78512
vt 0.081921 0.811066
vt 0.027015 0.78512
vt 0.031304 0.783438
vt 0.081921 0.811066
vt 0.031304 0.783438
vt 0.035724 0.782257
vt 0.081921 0.811066
vt 0.035724 0.782257
vt 0.040215 0.781585
vt 0.081921 0.811066
vt 0.040215 0.781585
vt 0.04472 0.781424
vt 0.081921 0.811066
vt 0.04472 0.781424
vt 0.049181 0.781767
vt 0.081921 0.811066
vt 0.049181 0.781767
vt 0.053543 0.782603
vt 0.081921 0.811066
vt 0.053543 0.782603
vt 0.057752 0.783914
vt 0.081921 0.811066
vt 0.057752 0.783914
vt 0.061756 0.785676
vt 0.081921 0.811066
vt 0.061756 0.785676
vt 0.065507 0.787861
vt 0.081921 0.811066
vt 0.065507 0.787861
vt 0.068963 0.790433
vt 0.081921 0.811066
vt 0.068963 0.790433
vt 0.072083 0.793355
vt 0.081921 0.811066
vt 0.072083 0.793355
vt 0.074834 0.796584
vt 0.081921 0.811066
vt 0.074834 0.796584
vt 0.077186 0.800074
vt 0.077186 0.800074
vt 0.079114 0.803777
vt 0.081921 0.811066
vn 0.191489 0.680685 -0.707107
vn 0.146232 0.691266 -0.70765
vn 0.074553 0.702603 -0.707666
vn -0.004758 0.706531 -0.707666
vn -0.084011 0.701535 -0.707666
vn -0.162204 0.687677 -0.707666
vn -0.23835 0.66513 -0.707666
vn -0.311487 0.63418 -0.707666
vn -0.380691 0.595217 -0.707666
vn -0.445086 0.548733 -0.707666
vn -0.503858 0.495314 -0.707666
vn -0.556266 0.435634 -0.707666
vn -0.601645 0.370448 -0.707666
vn -0.639423 0.300578 -0.707666
vn -0.66912 0.226908 -0.707666
vn -0.690361 0.150368 -0.707666
vn -0.702877 0.071925 -0.707666
vn -0.706508 -0.007429 -0.707666
vn -0.701208 -0.086692 -0.707666
vn -0.687044 -0.164861 -0.707666
vn -0.664193 -0.240949 -0.707666
vn -0.632944 -0.313992 -0.707666
vn -0.59369 -0.383067 -0.707666
vn -0.546928 -0.447301 -0.707666
vn -0.493248 -0.50588 -0.707666
vn -0.433328 -0.558064 -0.707666
vn -0.367926 -0.603191 -0.707666
vn -0.297867 -0.64069 -0.707666
vn -0.224039 -0.670086 -0.707667
vn -0.147373 -0.691006 -0.707667
vn -0.06884 -0.703185 -0.707667
vn 0.010566 -0.706467 -0.707667
vn 0.089842 -0.700811 -0.707667
vn 0.167984 -0.686286 -0.707667
vn 0.244004 -0.663076 -0.707667
vn 0.316938 -0.631473 -0.707667
vn 0.385864 -0.591876 -0.707667
vn 0.449908 -0.544785 -0.707667
vn 0.508259 -0.490795 -0.707667
vn 0.560179 -0.43059 -0.707667
vn 0.605007 -0.36493 -0.707667
vn 0.642177 -0.294645 -0.707667
vn 0.671216 -0.220627 -0.707667
vn 0.691755 -0.143811 -0.707667
vn 0.703534 -0.065169 -0.707667
vn 0.706401 0.014302 -0.707667
vn 0.700319 0.093595 -0.707667
vn 0.685364 0.171707 -0.707667
vn 0.661723 0.247647 -0.707667
vn 0.629696 0.320453 -0.707668
vn 0.589685 0.389201 -0.707668
vn 0.542199 0.45302 -0.707668
vn 0.487836 0.5111 -0.707668
vn 0.427285 0.562703 -0.707668
vn 0.361312 0.607174 -0.707668
vn 0.284401 0.646796 -0.707652
vn 0.254092 0.659877 -0.707107
vn 0.657451 -0.260303 -0.707107
vn 0.270807 0.962634 0
vn 0.216429 0.976298 0
vn 0.105513 0.994418 0
vn -0.006739 0.999977 0
vn -0.118908 0.992905 0
vn -0.229578 0.97329 0
vn -0.33735 0.941379 0
vn -0.440863 0.897575 0
vn -0.538808 0.842428 0
vn -0.629949 0.776637 0
vn -0.713131 0.70103 0
vn -0.787305 0.616564 0
vn -0.851532 0.524303 0
vn -0.904999 0.425414 0
vn -0.94703 0.321146 0
vn -0.977092 0.212816 0
vn -0.994806 0.101793 0
vn -0.999945 -0.010521 0
vn -0.992443 -0.122704 0
vn -0.972395 -0.233339 0
vn -0.940053 -0.341028 0
vn -0.895824 -0.444409 0
vn -0.840267 -0.542173 0
vn -0.774082 -0.633085 0
vn -0.698106 -0.715994 0
vn -0.613299 -0.78985 0
vn -0.520733 -0.85372 0
vn -0.421576 -0.906793 0
vn -0.317084 -0.948398 0
vn -0.208576 -0.978006 0
vn -0.097426 -0.995243 0
vn 0.014962 -0.999888 0
vn 0.127164 -0.991882 0
vn 0.237761 -0.971324 0
vn 0.345354 -0.938473 0
vn 0.44858 -0.893743 0
vn 0.546133 -0.837699 0
vn 0.636776 -0.771049 0
vn 0.719363 -0.694635 0
vn 0.792845 -0.609423 0
vn 0.856292 -0.516491 0
vn 0.908899 -0.417015 0
vn 0.949999 -0.312254 0
vn 0.979068 -0.203533 0
vn 0.995738 -0.092228 0
vn 0.999795 0.02025 0
vn 0.991186 0.132477 0
vn 0.970018 0.243032 0
vn 0.936558 0.350512 0
vn 0.891227 0.453557 0
vn 0.834599 0.550858 0
vn 0.767388 0.641183 0
vn 0.690445 0.723384 0
vn 0.604745 0.796419 0
vn 0.511371 0.85936 0
vn 0.411506 0.911407 0
vn 0.359341 0.933206 0
vn 0.929776 -0.368125 0
vn 0.191489 0.680685 0.707107
vn 0.146232 0.691266 0.70765
vn 0.074553 0.702603 0.707666
vn -0.004758 0.706531 0.707666
vn -0.084011 0.701535 0.707666
vn -0.162204 0.687677 0.707666
vn -0.23835 0.66513 0.707666
vn -0.311487 0.63418 0.707666
vn -0.380691 0.595217 0.707666
vn -0.445086 0.548733 0.707666
vn -0.503858 0.495314 0.707666
vn -0.556266 0.435634 0.707666
vn -0.601645 0.370448 0.707666
vn -0.639423 0.300578 0.707666
vn -0.66912 0.226908 0.707666
vn -0.690361 0.150368 0.707666
vn -0.702877 0.071925 0.707666
vn -0.706508 -0.007429 0.707666
vn -0.701208 -0.086692 0.707666
vn -0.687044 -0.164861 0.707666
vn -0.664193 -0.240949 0.707666
vn -0.632944 -0.313992 0.707666
vn -0.59369 -0.383067 0.707666
vn -0.546928 -0.447301 0.707666
vn -0.493248 -0.50588 0.707666
vn -0.433328 -0.558064 0.707666
vn -0.367926 -0.603191 0.707666
vn -0.297867 -0.64069 0.707666
vn -0.224039 -0.670086 0.707667
vn -0.147373 -0.691006 0.707667
vn -0.06884 -0.703185 0.707667
vn 0.010566 -0.706467 0.707667
vn 0.089842 -0.700811 0.707667
vn 0.167984 -0.686286 0.707667
vn 0.244004 -0.663076 0.707667
vn 0.316938 -0.631473 0.707667
vn 0.385864 -0.591876 0.707667
vn 0.449908 -0.544785 0.707667
vn 0.508259 -0.490795 0.707667
vn 0.560179 -0.43059 0.707667
vn 0.605007 -0.36493 0.707667
vn 0.642177 -0.294645 0.707667
vn 0.671216 -0.220627 0.707667
vn 0.691755 -0.143811 0.707667
vn 0.703534 -0.065169 0.707667
vn 0.706401 0.014302 0.707667
vn 0.700319 0.093595 0.707667
vn 0.685364 0.171707 0.707667
vn 0.661723 0.247647 0.707667
vn 0.629696 0.320453 0.707668
vn 0.589685 0.389201 0.707668
vn 0.542199 0.45302 0.707668
vn 0.487836 0.5111 0.707668
vn 0.427285 0.562703 0.707668
vn 0.361312 0.607174 0.707668
vn 0.284401 0.646796 0.707652
vn 0.254092 0.659877 0.707107
vn 0.657451 -0.260303 0.707107
vn 0 0 -1
vn 0 0 1
f 353/773/29 354/774/30 411/775/30 410/776/29
f 354/777/30 355/778/31 412/779/31 411/780/30
f 355/781/31 356/782/32 413/783/32 412/784/31
f 356/785/32 357/786/33 414/787/33 413/788/32
f 357/789/33 358/790/34 415/791/34 414/792/33
f 358/793/34 359/794/35 416/795/35 415/796/34
f 359/797/35 360/798/36 417/799/36 416/800/35
f 360/801/36 361/802/37 418/803/37 417/804/36
f 361/805/37 362/806/38 419/807/38 418/808/37
f 362/809/38 363/810/39 420/811/39 419/812/38
f 363/813/39 364/814/40 421/815/40 420/816/39
f 364/817/40 365/818/41 422/819/41 421/820/40
f 365/821/41 366/822/42 423/823/42 422/824/41
f 366/825/42 367/826/43 424/827/43 423/828/42
f 367/829/43 368/830/44 425/831/44 424/832/43
f 368/833/44 369/834/45 426/835/45 425/836/44
f 369/837/45 370/838/46 427/839/46 426/840/45
f 370/841/46 371/842/47 428/843/47 427/844/46
f 371/845/47 372/846/48 429/847/48 428/848/47
f 372/849/48 373/850/49 430/851/49 429/852/48
f 373/853/49 374/854/50 431/855/50 430/856/49
f 374/857/50 375/858/51 432/859/51 431/860/50
f 375/861/51 376/862/52 433/863/52 432/864/51
f 376/865/52 377/866/53 434/867/53 433/868/52
f 377/869/53 378/870/54 435/871/54 434/872/53
f 378/873/54 379/874/55 436/875/55 435/876/54
f 379/877/55 380/878/56 437/879/56 436/880/55
f 380/881/56 381/882/57 438/883/57 437/884/56
f 381/885/57 382/886/58 439/887/58 438/888/57
f 382/889/58 383/890/59 440/891/59 439/892/58
f 383/893/59 384/894/60 441/895/60 440/896/59
f 384/897/60 385/898/61 442/899/61 441/900/60
f 385/901/61 386/902/62 443/903/62 442/904/61
f 386/905/62 387/906/63 444/907/63 443/908/62
f 387/909/63 388/910/64 445/911/64 444/912/63
f 388/913/64 389/914/65 446/915/65 445/916/64
f 389/917/65 390/918/66 447/919/66 446/920/65
f 390/921/66 391/922/67 448/923/67 447/924/66
f 391/925/67 392/926/68 449/927/68 448/928/67
f 392/929/68 393/930/69 450/931/69 449/932/68
f 393/933/69 394/934/70 451/935/70 450/936/69
f 394/937/70 395/938/71 452/939/71 451/940/70
f 395/941/71 396/942/72 453/943/72 452/944/71
f 396/945/72 397/946/73 454/947/73 453/948/72
f 397/949/73 398/950/74 455/951/74 454/952/73
f 398/953/74 399/954/75 456/955/75 455/956/74
f 399/957/75 400/958/76 457/959/76 456/960/75
f 400/961/76 401/962/77 458/963/77 457/964/76
f 401/965/77 402/966/78 459/967/78 458/968/77
f 402/969/78 403/970/79 460/971/79 459/972/78
f 403/973/79 404/974/80 461/975/80 460/976/79
f 404/977/80 405/978/81 462/979/81 461/980/80
f 405/981/81 406/982/82 463/983/82 462/984/81
f 406/985/82 407/986/83 464/987/83 463/988/82
f 407/989/83 408/990/84 465/991/84 464/992/83
f 408/993/84 409/994/85 466/995/85 465/996/84
f 409/997/86 353/998/86 410/999/86 466/1000/86
f 410/1001/87 411/1002/88 468/1003/88 467/1004/87
f 411/1005/88 412/1006/89 469/1007/89 468/1008/88
f 412/1009/89 413/1010/90 470/1011/90 469/1012/89
f 413/1013/90 414/1014/91 471/1015/91 470/1016/90
f 414/1017/91 415/1018/92 472/1019/92 471/1020/91
f 415/1021/92 416/1022/93 473/1023/93 472/1024/92
f 416/1025/93 417/1026/94 474/1027/94 473/1028/93
f 417/1029/94 418/1030/95 475/1031/95 474/1032/94
f 418/1033/95 419/1034/96 476/1035/96 475/1036/95
f 419/1037/96 420/1038/97 477/1039/97 476/1040/96
f 420/1041/97 421/1042/98 478/1043/98 477/1044/97
f 421/1045/98 422/1046/99 479/1047/99 478/1048/98
f 422/1049/99 423/1050/100 480/1051/100 479/1052/99
f 423/1053/100 424/1054/101 481/1055/101 480/1056/100
f 424/1057/101 425/1058/102 482/1059/102 481/1060/101
f 425/1061/102 426/1062/103 483/1063/103 482/1064/102
f 426/1065/103 427/1066/104 484/1067/104 483/1068/103
f 427/1069/104 428/1070/105 485/1071/105 484/1072/104
f 428/1073/105 429/1074/106 486/1075/106 485/1076/105
f 429/1077/106 430/1078/107 487/1079/107 486/1080/106
f 430/1081/107 431/1082/108 488/1083/108 487/1084/107
f 431/1085/108 432/1086/109 489/1087/109 488/1088/108
f 432/1089/109 433/1090/110 490/1091/110 489/1092/109
f 433/1093/110 434/1094/111 491/1095/111 490/1096/110
f 434/1097/111 435/1098/112 492/1099/112 491/1100/111
f 435/1101/112 436/1102/113 493/1103/113 492/1104/112
f 436/1105/113 437/1106/114 494/1107/114 493/1108/113
f 437/1109/114 438/1110/115 495/1111/115 494/1112/114
f 438/1113/115 439/1114/116 496/1115/116 495/1116/115
f 439/1117/116 440/1118/117 497/1119/117 496/1120/116
f 440/1121/117 441/1122/118 498/1123/118 497/1124/117
f 441/1125/118 442/1126/119 499/1127/119 498/1128/118
f 442/1129/119 443/1130/120 500/1131/120 499/1132/119
f 443/1133/120 444/1134/121 501/1135/121 500/1136/120
f 444/1137/121 445/1138/122 502/1139/122 501/1140/121
f 445/1141/122 446/1142/123 503/1143/123 502/1144/122
f 446/1145/123 447/1146/124 504/1147/124 503/1148/123
f 447/1149/124 448/1150/125 505/1151/125 504/1152/124
f 448/1153/125 449/1154/126 506/1155/126 505/1156/125
f 449/1157/126 450/1158/127 507/1159/127 506/1160/126
f 450/1161/127 451/1162/128 508/1163/128 507/1164/127
f 451/1165/128 452/1166/129 509/1167/129 508/1168/128
f 452/1169/129 453/1170/130 510/1171/130 509/1172/129
f 453/1173/130 454/1174/131 511/1175/131 510/1176/130
f 454/1177/131 455/1178/132 512/1179/132 511/1180/131
f 455/1181/132 456/1182/133 513/1183/133 512/1184/132
f 456/1185/133 457/1186/134 514/1187/134 513/1188/133
f 457/1189/134 458/1190/135 515/1191/135 514/1192/134
f 458/1193/135 459/1194/136 516/1195/136 515/1196/135
f 459/1197/136 460/1198/137 517/1199/137 516/1200/136
f 460/1201/137 461/1202/138 518/1203/138 517/1204/137
f 461/1205/138 462/1206/139 519/1207/139 518/1208/138
f 462/1209/139 463/1210/140 520/1211/140 519/1212/139
f 463/1213/140 464/1214/141 521/1215/141 520/1216/140
f 464/1217/141 465/1218/142 522/1219/142 521/1220/141
f 465/1221/142 466/1222/143 523/1223/143 522/1224/142
f 466/1225/144 410/1226/144 467/1227/144 523/1228/144
f 467/1229/145 468/1230/146 525/1231/146 524/1232/145
f 468/1233/146 469/1234/147 526/1235/147 525/1236/146
f 469/1237/147 470/1238/148 527/1239/148 526/1240/147
f 470/1241/148 471/1242/149 528/1243/149 527/1244/148
f 471/1245/149 472/1246/150 529/1247/150 528/1248/149
f 472/1249/150 473/1250/151 530/1251/151 529/1252/150
f 473/1253/151 474/1254/152 531/1255/152 530/1256/151
f 474/1257/152 475/1258/153 532/1259/153 531/1260/152
f 475/1261/153 476/1262/154 533/1263/154 532/1264/153
f 476/1265/154 477/1266/155 534/1267/155 533/1268/154
f 477/1269/155 478/1270/156 535/1271/156 534/1272/155
f 478/1273/156 479/1274/157 536/1275/157 535/1276/156
f 479/1277/157 480/1278/158 537/1279/158 536/1280/157
f 480/1281/158 481/1282/159 538/1283/159 537/1284/158
f 481/1285/159 482/1286/160 539/1287/160 538/1288/159
f 482/1289/160 483/1290/161 540/1291/161 539/1292/160
f 483/1293/161 484/1294/162 541/1295/162 540/1296/161
f 484/1297/162 485/1298/163 542/1299/163 541/1300/162
f 485/1301/163 486/1302/164 543/1303/164 542/1304/163
f 486/1305/164 487/1306/165 544/1307/165 543/1308/164
f 487/1309/165 488/1310/166 545/1311/166 544/1312/165
f 488/1313/166 489/1314/167 546/1315/167 545/1316/166
f 489/1317/167 490/1318/168 547/1319/168 546/1320/167
f 490/1321/168 491/1322/169 548/1323/169 547/1324/168
f 491/1325/169 492/1326/170 549/1327/170 548/1328/169
f 492/1329/170 493/1330/171 550/1331/171 549/1332/170
f 493/1333/171 494/1334/172 551/1335/172 550/1336/171
f 494/1337/172 495/1338/173 552/1339/173 551/1340/172
f 495/1341/173 496/1342/174 553/1343/174 552/1344/173
f 496/1345/174 497/1346/175 554/1347/175 553/1348/174
f 497/1349/175 498/1350/176 555/1351/176 554/1352/175
f 498/1353/176 499/1354/177 556/1355/177 555/1356/176
f 499/1357/177 500/1358/178 557/1359/178 556/1360/177
f 500/1361/178 501/1362/179 558/1363/179 557/1364/178
f 501/1365/179 502/1366/180 559/1367/180 558/1368/179
f 502/1369/180 503/1370/181 560/1371/181 559/1372/180
f 503/1373/181 504/1374/182 561/1375/182 560/1376/181
f 504/1377/182 505/1378/183 562/1379/183 561/1380/182
f 505/1381/183 506/1382/184 563/1383/184 562/1384/183
f 506/1385/184 507/1386/185 564/1387/185 563/1388/184
f 507/1389/185 508/1390/186 565/1391/186 564/1392/185
f 508/1393/186 509/1394/187 566/1395/187 565/1396/186
f 509/1397/187 510/1398/188 567/1399/188 566/1400/187
f 510/1401/188 511/1402/189 568/1403/189 567/1404/188
f 511/1405/189 512/1406/190 569/1407/190 568/1408/189
f 512/1409/190 513/1410/191 570/1411/191 569/1412/190
f 513/1413/191 514/1414/192 571/1415/192 570/1416/191
f 514/1417/192 515/1418/193 572/1419/193 571/1420/192
f 515/1421/193 516/1422/194 573/1423/194 572/1424/193
f 516/1425/194 517/1426/195 574/1427/195 573/1428/194
f 517/1429/195 518/1430/196 575/1431/196 574/1432/195
f 518/1433/196 519/1434/197 576/1435/197 575/1436/196
f 519/1437/197 520/1438/198 577/1439/198 576/1440/197
f 520/1441/198 521/1442/199 578/1443/199 577/1444/198
f 521/1445/199 522/1446/200 579/1447/200 578/1448/199
f 522/1449/200 523/1450/201 580/1451/201 579/1452/200
f 523/1453/202 467/1454/202 524/1455/202 580/1456/202
f 582/1457/203 581/1458/203 637/1459/203
f 583/1460/203 582/1461/203 637/1462/203
f 584/1463/203 583/1464/203 637/1465/203
f 585/1466/203 584/1467/203 637/1468/203
f 586/1469/203 585/1470/203 637/1471/203
f 587/1472/203 586/1473/203 637/1474/203
f 588/1475/203 587/1476/203 637/1477/203
f 589/1478/203 588/1479/203 637/1480/203
f 590/1481/203 589/1482/203 637/1483/203
f 591/1484/203 590/1485/203 637/1486/203
f 592/1487/203 591/1488/203 637/1489/203
f 593/1490/203 592/1491/203 637/1492/203
f 594/1493/203 593/1494/203 637/1495/203
f 595/1496/203 594/1497/203 637/1498/203
f 596/1499/203 595/1500/203 637/1501/203
f 597/1502/203 596/1503/203 637/1504/203
f 598/1505/203 597/1506/203 637/1507/203
f 599/1508/203 598/1509/203 637/1510/203
f 600/1511/203 599/1512/203 637/1513/203
f 601/1514/203 600/1515/203 637/1516/203
f 602/1517/203 601/1518/203 637/1519/203
f 603/1520/203 602/1521/203 637/1522/203
f 604/1523/203 603/1524/203 637/1525/203
f 605/1526/203 604/1527/203 637/1528/203
f 606/1529/203 605/1530/203 637/1531/203
f 607/1532/203 606/1533/203 637/1534/203
f 608/1535/203 607/1536/203 637/1537/203
f 609/1538/203 608/1539/203 637/1540/203
f 610/1541/203 609/1542/203 637/1543/203
f 611/1544/203 610/1545/203 637/1546/203
f 612/1547/203 611/1548/203 637/1549/203
f 613/1550/203 612/1551/203 637/1552/203
f 614/1553/203 613/1554/203 637/1555/203
f 615/1556/203 614/1557/203 637/1558/203
f 616/1559/203 615/1560/203 637/1561/203
f 617/1562/203 616/1563/203 637/1564/203
f 618/1565/203 617/1566/203 637/1567/203
f 619/1568/203 618/1569/203 637/1570/203
f 620/1571/203 619/1572/203 637/1573/203
f 621/1574/203 620/1575/203 637/1576/203
f 622/1577/203 621/1578/203 637/1579/203
f 623/1580/203 622/1581/203 637/1582/203
f 624/1583/203 623/1584/203 637/1585/203
f 625/1586/203 624/1587/203 637/1588/203
f 626/1589/203 625/1590/203 637/1591/203
f 627/1592/203 626/1593/203 637/1594/203
f 628/1595/203 627/1596/203 637/1597/203
f 629/1598/203 628/1599/203 637/1600/203
f 630/1601/203 629/1602/203 637/1603/203
f 631/1604/203 630/1605/203 637/1606/203
f 632/1607/203 631/1608/203 637/1609/203
f 633/1610/203 632/1611/203 637/1612/203
f 634/1613/203 633/1614/203 637/1615/203
f 635/1616/203 634/1617/203 637/1618/203
f 637/1619/203 636/1620/203 635/1621/203
f 694/1622/204 638/1623/204 639/1624/204
f 694/1625/204 639/1626/204 640/1627/204
f 694/1628/204 640/1629/204 641/1630/204
f 694/1631/204 641/1632/204 642/1633/204
f 694/1634/204 642/1635/204 643/1636/204
f 694/1637/204 643/1638/204 644/1639/204
f 694/1640/204 644/1641/204 645/1642/204
f 694/1643/204 645/1644/204 646/1645/204
f 694/1646/204 646/1647/204 647/1648/204
f 694/1649/204 647/1650/204 648/1651/204
f 694/1652/204 648/1653/204 649/1654/204
f 694/1655/204 649/1656/204 650/1657/204
f 694/1658/204 650/1659/204 651/1660/204
f 694/1661/204 651/1662/204 652/1663/204
f 694/1664/204 652/1665/204 653/1666/204
f 694/1667/204 653/1668/204 654/1669/204
f 694/1670/204 654/1671/204 655/1672/204
f 694/1673/204 655/1674/204 656/1675/204
f 694/1676/204 656/1677/204 657/1678/204
f 694/1679/204 657/1680/204 658/1681/204
f 694/1682/204 658/1683/204 659/1684/204
f 694/1685/204 659/1686/204 660/1687/204
f 694/1688/204 660/1689/204 661/1690/204
f 694/1691/204 661/1692/204 662/1693/204
f 694/1694/204 662/1695/204 663/1696/204
f 694/1697/204 663/1698/204 664/1699/204
f 694/1700/204 664/1701/204 665/1702/204
f 694/1703/204 665/1704/204 666/1705/204
f 694/1706/204 666/1707/204 667/1708/204
f 694/1709/204 667/1710/204 668/1711/204
f 694/1712/204 668/1713/204 669/1714/204
f 694/1715/204 669/1716/204 670/1717/204
f 694/1718/204 670/1719/204 671/1720/204
f 694/1721/204 671/1722/204 672/1723/204
f 694/1724/204 672/1725/204 673/1726/204
f 694/1727/204 673/1728/204 674/1729/204
f 694/1730/204 674/1731/204 675/1732/204
f 694/1733/204 675/1734/204 676/1735/204
f 694/1736/204 676/1737/204 677/1738/204
f 694/1739/204 677/1740/204 678/1741/204
f 694/1742/204 678/1743/204 679/1744/204
f 694/1745/204 679/1746/204 680/1747/204
f 694/1748/204 680/1749/204 681/1750/204
f 694/1751/204 681/1752/204 682/1753/204
f 694/1754/204 682/1755/204 683/1756/204
f 694/1757/204 683/1758/204 684/1759/204
f 694/1760/204 684/1761/204 685/1762/204
f 694/1763/204 685/1764/204 686/1765/204
f 694/1766/204 686/1767/204 687/1768/204
f 694/1769/204 687/1770/204 688/1771/204
f 694/1772/204 688/1773/204 689/1774/204
f 694/1775/204 689/1776/204 690/1777/204
f 694/1778/204 690/1779/204 691/1780/204
f 694/1781/204 691/1782/204 692/1783/204
f 692/1784/204 693/1785/204 694/1786/204
o body_cover
usemtl intake_pump
v 0.696549 0.419358 0.36875
v 0.688996 0.457331 0.36875
v 0.674179 0.493101 0.36875
v 0.65267 0.525293 0.36875
v 0.625293 0.55267 0.36875
v 0.593101 0.574179 0.36875
v 0.557331 0.588996 0.36875
v 0.519358 0.596549 0.36875
v 0.480642 0.596549 0.36875
v 0.442669 0.588996 0.36875
v 0.406899 0.574179 0.36875
v 0.374707 0.55267 0.36875
v 0.34733 0.525293 0.36875
v 0.325821 0.493101 0.36875
v 0.311004 0.457331 0.36875
v 0.303451 0.419358 0.36875
v 0.303451 0.380642 0.36875
v 0.311004 0.342669 0.36875
v 0.325821 0.306899 0.36875
v 0.34733 0.274707 0.36875
v 0.374707 0.24733 0.36875
v 0.406899 0.225821 0.36875
v 0.442669 0.211004 0.36875
v 0.480642 0.203451 0.36875
v 0.519358 0.203451 0.36875
v 0.557331 0.211004 0.36875
v 0.593101 0.225821 0.36875
v 0.625293 0.24733 0.36875
v 0.65267 0.274707 0.36875
v 0.674179 0.306899 0.36875
v 0.688996 0.342669 0.36875
v 0.696549 0.380642 0.36875
v 0.705257 0.420216 0.37625
v 0.697369 0.459871 0.37625
v 0.681896 0.497226 0.37625
v 0.659433 0.530844 0.37625
v 0.630844 0.559433 0.37625
v 0.597226 0.581896 0.37625
v 0.559871 0.597369 0.37625
v 0.520216 0.605257 0.37625
v 0.479784 0.605257 0.37625
v 0.440129 0.597369 0.37625
v 0.402774 0.581896 0.37625
v 0.369156 0.559433 0.37625
v 0.340567 0.530844 0.37625
v 0.318104 0.497226 0.37625
v 0.302631 0.459871 0.37625
v 0.294743 0.420216 0.37625
v 0.294743 0.379784 0.37625
v 0.302631 0.340129 0.37625
v 0.318104 0.302774 0.37625
v 0.340567 0.269156 0.37625
v 0.369156 0.240567 0.37625
v 0.402774 0.218104 0.37625
v 0.440129 0.202631 0.37625
v 0.479784 0.194743 0.37625
v 0.520216 0.194743 0.37625
v 0.559871 0.202631 0.37625
v 0.597226 0.218104 0.37625
v 0.630844 0.240567 0.37625
v 0.659433 0.269156 0.37625
v 0.681896 0.302774 0.37625
v 0.697369 0.340129 0.37625
v 0.705257 0.379784 0.37625
v 0.705257 0.420216 0.39375
v 0.697369 0.459871 0.39375
v 0.681896 0.497226 0.39375
v 0.659433 0.530844 0.39375
v 0.630844 0.559433 0.39375
v 0.597226 0.581896 0.39375
v 0.559871 0.597369 0.39375
v 0.520216 0.605257 0.39375
v 0.479784 0.605257 0.39375
v 0.440129 0.597369 0.39375
v 0.402774 0.581896 0.39375
v 0.369156 0.559433 0.39375
v 0.340567 0.530844 0.39375
v 0.318104 0.497226 0.39375
v 0.302631 0.459871 0.39375
v 0.294743 0.420216 0.39375
v 0.294743 0.379784 0.39375
v 0.302631 0.340129 0.39375
v 0.318104 0.302774 0.39375
v 0.340567 0.269156 0.39375
v 0.369156 0.240567 0.39375
v 0.402774 0.218104 0.39375
v 0.440129 0.202631 0.39375
v 0.479784 0.194743 0.39375
v 0.520216 0.194743 0.39375
v 0.559871 0.202631 0.39375
v 0.597226 0.218104 0.39375
v 0.630844 0.240567 0.39375
v 0.659433 0.269156 0.39375
v 0.681896 0.302774 0.39375
v 0.697369 0.340129 0.39375
v 0.705257 0.379784 0.39375
v 0.5 0.4 0.36875
vt 0.330214 0.192715
vt 0.337322 0.192715
vt 0.33748 0.194824
vt 0.330056 0.194824
vt 0.337322 0.192715
vt 0.344294 0.191647
vt 0.34476 0.193709
vt 0.33748 0.194824
vt 0.344294 0.191647
vt 0.350861 0.189552
vt 0.351618 0.191522
vt 0.34476 0.193709
vt 0.321267 0.116463
vt 0.328239 0.117519
vt 0.328081 0.119629
vt 0.320801 0.118526
vt 0.328239 0.117519
vt 0.335347 0.117519
vt 0.335504 0.119629
vt 0.328081 0.119629
vt 0.335347 0.117519
vt 0.342318 0.116463
vt 0.342785 0.118526
vt 0.335504 0.119629
vt 0.372048 0.116463
vt 0.37902 0.117519
vt 0.378862 0.119629
vt 0.371582 0.118526
vt 0.37902 0.117519
vt 0.386128 0.117519
vt 0.386286 0.119629
vt 0.378862 0.119629
vt 0.386128 0.117519
vt 0.3931 0.116463
vt 0.393566 0.118526
vt 0.386286 0.119629
vt 0.346658 0.116463
vt 0.353629 0.117519
vt 0.353472 0.119629
vt 0.346191 0.118526
vt 0.353629 0.117519
vt 0.360737 0.117519
vt 0.360895 0.119629
vt 0.353472 0.119629
vt 0.360737 0.117519
vt 0.367709 0.116463
vt 0.368175 0.118526
vt 0.360895 0.119629
vt 0.397439 0.116463
vt 0.404411 0.117519
vt 0.404253 0.119629
vt 0.396973 0.118526
vt 0.404411 0.117519
vt 0.411519 0.117519
vt 0.411676 0.119629
vt 0.404253 0.119629
vt 0.411519 0.117519
vt 0.41849 0.116463
vt 0.418957 0.118526
vt 0.411676 0.119629
vt 0.295876 0.116463
vt 0.302848 0.117519
vt 0.302691 0.119629
vt 0.29541 0.118526
vt 0.302848 0.117519
vt 0.309956 0.117519
vt 0.310114 0.119629
vt 0.302691 0.119629
vt 0.309956 0.117519
vt 0.316928 0.116463
vt 0.317394 0.118526
vt 0.310114 0.119629
vt 0.42283 0.116463
vt 0.429801 0.117519
vt 0.429644 0.119629
vt 0.422363 0.118526
vt 0.429801 0.117519
vt 0.436909 0.117519
vt 0.437067 0.119629
vt 0.429644 0.119629
vt 0.436909 0.117519
vt 0.443881 0.116463
vt 0.444347 0.118526
vt 0.437067 0.119629
vt 0.270486 0.116463
vt 0.277457 0.117519
vt 0.2773 0.119629
vt 0.27002 0.118526
vt 0.277457 0.117519
vt 0.284566 0.117519
vt 0.284723 0.119629
vt 0.2773 0.119629
vt 0.284566 0.117519
vt 0.291537 0.116463
vt 0.292003 0.118526
vt 0.284723 0.119629
vt 0.245095 0.116463
vt 0.252067 0.117519
vt 0.251909 0.119629
vt 0.244629 0.118526
vt 0.252067 0.117519
vt 0.259175 0.117519
vt 0.259332 0.119629
vt 0.251909 0.119629
vt 0.259175 0.117519
vt 0.266147 0.116463
vt 0.266613 0.118526
vt 0.259332 0.119629
vt 0.44822 0.116463
vt 0.455192 0.117519
vt 0.455034 0.119629
vt 0.447754 0.118526
vt 0.455192 0.117519
vt 0.4623 0.117519
vt 0.462457 0.119629
vt 0.455034 0.119629
vt 0.4623 0.117519
vt 0.469272 0.116463
vt 0.469738 0.118526
vt 0.462457 0.119629
vt 0.316675 0.189552
vt 0.323242 0.191647
vt 0.322776 0.193709
vt 0.315918 0.191522
vt 0.323242 0.191647
vt 0.330214 0.192715
vt 0.330056 0.194824
vt 0.322776 0.193709
vt 0.670855 0.123252
vt 0.678278 0.123252
vt 0.678278 0.126465
vt 0.670855 0.126465
vt 0.678278 0.123252
vt 0.685558 0.123252
vt 0.685558 0.126465
vt 0.678278 0.126465
vt 0.781738 0.123252
vt 0.789126 0.123252
vt 0.789126 0.126465
vt 0.781738 0.126465
vt 0.789126 0.123252
vt 0.796513 0.123252
vt 0.796513 0.126465
vt 0.789126 0.126465
vt 0.763184 0.123252
vt 0.770571 0.123252
vt 0.770571 0.126465
vt 0.763184 0.126465
vt 0.770571 0.123252
vt 0.777958 0.123252
vt 0.777958 0.126465
vt 0.770571 0.126465
vt 0.800293 0.123252
vt 0.80768 0.123252
vt 0.80768 0.126465
vt 0.800293 0.126465
vt 0.80768 0.123252
vt 0.815068 0.123252
vt 0.815068 0.126465
vt 0.80768 0.126465
vt 0.874512 0.123252
vt 0.881899 0.123252
vt 0.881899 0.126465
vt 0.874512 0.126465
vt 0.881899 0.123252
vt 0.889286 0.123252
vt 0.889286 0.126465
vt 0.881899 0.126465
vt 0.744629 0.123252
vt 0.752016 0.123252
vt 0.752016 0.126465
vt 0.744629 0.126465
vt 0.752016 0.123252
vt 0.759404 0.123252
vt 0.759404 0.126465
vt 0.752016 0.126465
vt 0.818848 0.123252
vt 0.826235 0.123252
vt 0.826235 0.126465
vt 0.818848 0.126465
vt 0.826235 0.123252
vt 0.833622 0.123252
vt 0.833622 0.126465
vt 0.826235 0.126465
vt 0.837402 0.123252
vt 0.84479 0.123252
vt 0.84479 0.126465
vt 0.837402 0.126465
vt 0.84479 0.123252
vt 0.852177 0.123252
vt 0.852177 0.126465
vt 0.84479 0.126465
vt 0.855957 0.123252
vt 0.863344 0.123252
vt 0.863344 0.126465
vt 0.855957 0.126465
vt 0.863344 0.123252
vt 0.870732 0.123252
vt 0.870732 0.126465
vt 0.863344 0.126465
vt 0.893066 0.123252
vt 0.900454 0.123252
vt 0.900454 0.126465
vt 0.893066 0.126465
vt 0.900454 0.123252
vt 0.907841 0.123252
vt 0.907841 0.126465
vt 0.900454 0.126465
vt 0.70752 0.123252
vt 0.714907 0.123252
vt 0.714907 0.126465
vt 0.70752 0.126465
vt 0.714907 0.123252
vt 0.722294 0.123252
vt 0.722294 0.126465
vt 0.714907 0.126465
vt 0.911621 0.123252
vt 0.919008 0.123252
vt 0.919008 0.126465
vt 0.911621 0.126465
vt 0.919008 0.123252
vt 0.926396 0.123252
vt 0.926396 0.126465
vt 0.919008 0.126465
vt 0.726074 0.123252
vt 0.733462 0.123252
vt 0.733462 0.126465
vt 0.726074 0.126465
vt 0.733462 0.123252
vt 0.740849 0.123252
vt 0.740849 0.126465
vt 0.733462 0.126465
vt 0.930176 0.123252
vt 0.937563 0.123252
vt 0.937563 0.126465
vt 0.930176 0.126465
vt 0.937563 0.123252
vt 0.94495 0.123252
vt 0.94495 0.126465
vt 0.937563 0.126465
vt 0.688965 0.123252
vt 0.696352 0.123252
vt 0.696352 0.126465
vt 0.688965 0.126465
vt 0.696352 0.123252
vt 0.70374 0.123252
vt 0.70374 0.126465
vt 0.696352 0.126465
vt 0.94873 0.123252
vt 0.956154 0.123252
vt 0.956154 0.126465
vt 0.94873 0.126465
vt 0.663574 0.123252
vt 0.670855 0.123252
vt 0.670855 0.126465
vt 0.663574 0.126465
vt 0.817607 0.868242
vt 0.810635 0.869629
vt 0.807081 0.833544
vt 0.824174 0.865522
vt 0.817607 0.868242
vt 0.807081 0.833544
vt 0.830084 0.861573
vt 0.824174 0.865522
vt 0.807081 0.833544
vt 0.83511 0.856547
vt 0.830084 0.861573
vt 0.807081 0.833544
vt 0.83906 0.850636
vt 0.83511 0.856547
vt 0.807081 0.833544
vt 0.84178 0.844069
vt 0.83906 0.850636
vt 0.807081 0.833544
vt 0.843166 0.837098
vt 0.84178 0.844069
vt 0.807081 0.833544
vt 0.843166 0.82999
vt 0.843166 0.837098
vt 0.807081 0.833544
vt 0.84178 0.823018
vt 0.843166 0.82999
vt 0.807081 0.833544
vt 0.83906 0.816451
vt 0.84178 0.823018
vt 0.807081 0.833544
vt 0.83511 0.810541
vt 0.83906 0.816451
vt 0.807081 0.833544
vt 0.830084 0.805515
vt 0.83511 0.810541
vt 0.807081 0.833544
vt 0.824174 0.801565
vt 0.830084 0.805515
vt 0.807081 0.833544
vt 0.817607 0.798845
vt 0.824174 0.801565
vt 0.807081 0.833544
vt 0.810635 0.797459
vt 0.817607 0.798845
vt 0.807081 0.833544
vt 0.803527 0.797459
vt 0.810635 0.797459
vt 0.807081 0.833544
vt 0.796556 0.798845
vt 0.803527 0.797459
vt 0.807081 0.833544
vt 0.789989 0.801565
vt 0.796556 0.798845
vt 0.807081 0.833544
vt 0.784078 0.805515
vt 0.789989 0.801565
vt 0.807081 0.833544
vt 0.779052 0.810541
vt 0.784078 0.805515
vt 0.807081 0.833544
vt 0.775103 0.816451
vt 0.779052 0.810541
vt 0.807081 0.833544
vt 0.772383 0.823018
vt 0.775103 0.816451
vt 0.807081 0.833544
vt 0.770996 0.82999
vt 0.772383 0.823018
vt 0.807081 0.833544
vt 0.770996 0.837098
vt 0.770996 0.82999
vt 0.807081 0.833544
vt 0.772383 0.844069
vt 0.770996 0.837098
vt 0.807081 0.833544
vt 0.775103 0.850636
vt 0.772383 0.844069
vt 0.807081 0.833544
vt 0.779052 0.856547
vt 0.775103 0.850636
vt 0.807081 0.833544
vt 0.784078 0.861573
vt 0.779052 0.856547
vt 0.807081 0.833544
vt 0.789989 0.865522
vt 0.784078 0.861573
vt 0.807081 0.833544
vt 0.796556 0.868242
vt 0.789989 0.865522
vt 0.807081 0.833544
vt 0.803527 0.869629
vt 0.796556 0.868242
vt 0.807081 0.833544
vt 0.810635 0.869629
vt 0.803527 0.869629
vt 0.807081 0.833544
vn 0.647658 0.063789 -0.759257
vn 0.622769 0.188915 -0.759257
vn 0.573947 0.306781 -0.759257
vn 0.503069 0.412858 -0.759257
vn 0.412858 0.503069 -0.759257
vn 0.306781 0.573947 -0.759257
vn 0.188915 0.622769 -0.759257
vn 0.063789 0.647658 -0.759257
vn -0.063789 0.647658 -0.759257
vn -0.188915 0.622769 -0.759257
vn -0.306781 0.573947 -0.759257
vn -0.412858 0.503069 -0.759257
vn -0.503069 0.412858 -0.759257
vn -0.573947 0.306781 -0.759257
vn -0.622769 0.188915 -0.759257
vn -0.647658 0.063789 -0.759257
vn -0.647658 -0.063789 -0.759257
vn -0.622769 -0.188915 -0.759257
vn -0.573947 -0.306781 -0.759257
vn -0.503069 -0.412858 -0.759257
vn -0.412858 -0.503069 -0.759257
vn -0.306781 -0.573947 -0.759257
vn -0.188915 -0.622769 -0.759257
vn -0.063789 -0.647658 -0.759257
vn 0.063789 -0.647658 -0.759257
vn 0.188915 -0.622769 -0.759257
vn 0.306781 -0.573947 -0.759257
vn 0.412858 -0.503069 -0.759257
vn 0.503069 -0.412858 -0.759257
vn 0.573947 -0.306781 -0.759257
vn 0.622769 -0.188915 -0.759257
vn 0.647658 -0.063789 -0.759257
vn 0.995185 0.098017 0
vn 0.95694 0.290285 0
vn 0.881921 0.471397 0
vn 0.77301 0.634393 0
vn 0.634393 0.77301 0
vn 0.471397 0.881921 0
vn 0.290285 0.95694 0
vn 0.098017 0.995185 0
vn -0.098017 0.995185 0
vn -0.290285 0.95694 0
vn -0.471397 0.881921 0
vn -0.634393 0.77301 0
vn -0.77301 0.634393 0
vn -0.881921 0.471397 0
vn -0.95694 0.290285 0
vn -0.995185 0.098017 0
vn -0.995185 -0.098017 0
vn -0.95694 -0.290285 0
vn -0.881921 -0.471397 0
vn -0.77301 -0.634393 0
vn -0.634393 -0.77301 0
vn -0.471397 -0.881921 0
vn -0.290285 -0.95694 0
vn -0.098017 -0.995185 0
vn 0.098017 -0.995185 0
vn 0.290285 -0.95694 0
vn 0.471397 -0.881921 0
vn 0.634393 -0.77301 0
vn 0.77301 -0.634393 0
vn 0.881921 -0.471397 0
vn 0.95694 -0.290285 0
vn 0.995185 -0.098017 0
vn 0 0 -1
f 695/1787/205 696/1788/206 728/1789/206 727/1790/205
f 696/1791/206 697/1792/207 729/1793/207 728/1794/206
f 697/1795/207 698/1796/208 730/1797/208 729/1798/207
f 698/1799/208 699/1800/209 731/1801/209 730/1802/208
f 699/1803/209 700/1804/210 732/1805/210 731/1806/209
f 700/1807/210 701/1808/211 733/1809/211 732/1810/210
f 701/1811/211 702/1812/212 734/1813/212 733/1814/211
f 702/1815/212 703/1816/213 735/1817/213 734/1818/212
f 703/1819/213 704/1820/214 736/1821/214 735/1822/213
f 704/1823/214 705/1824/215 737/1825/215 736/1826/214
f 705/1827/215 706/1828/216 738/1829/216 737/1830/215
f 706/1831/216 707/1832/217 739/1833/217 738/1834/216
f 707/1835/217 708/1836/218 740/1837/218 739/1838/217
f 708/1839/218 709/1840/219 741/1841/219 740/1842/218
f 709/1843/219 710/1844/220 742/1845/220 741/1846/219
f 710/1847/220 711/1848/221 743/1849/221 742/1850/220
f 711/1851/221 712/1852/222 744/1853/222 743/1854/221
f 712/1855/222 713/1856/223 745/1857/223 744/1858/222
f 713/1859/223 714/1860/224 746/1861/224 745/1862/223
f 714/1863/224 715/1864/225 747/1865/225 746/1866/224
f 715/1867/225 716/1868/226 748/1869/226 747/1870/225
f 716/1871/226 717/1872/227 749/1873/227 748/1874/226
f 717/1875/227 718/1876/228 750/1877/228 749/1878/227
f 718/1879/228 719/1880/229 751/1881/229 750/1882/228
f 719/1883/229 720/1884/230 752/1885/230 751/1886/229
f 720/1887/230 721/1888/231 753/1889/231 752/1890/230
f 721/1891/231 722/1892/232 754/1893/232 753/1894/231
f 722/1895/232 723/1896/233 755/1897/233 754/1898/232
f 723/1899/233 724/1900/234 756/1901/234 755/1902/233
f 724/1903/234 725/1904/235 757/1905/235 756/1906/234
f 725/1907/235 726/1908/236 758/1909/236 757/1910/235
f 726/1911/236 695/1912/205 727/1913/205 758/1914/236
f 727/1915/237 728/1916/238 760/1917/238 759/1918/237
f 728/1919/238 729/1920/239 761/1921/239 760/1922/238
f 729/1923/239 730/1924/240 762/1925/240 761/1926/239
f 730/1927/240 731/1928/241 763/1929/241 762/1930/240
f 731/1931/241 732/1932/242 764/1933/242 763/1934/241
f 732/1935/242 733/1936/243 765/1937/243 764/1938/242
f 733/1939/243 734/1940/244 766/1941/244 765/1942/243
f 734/1943/244 735/1944/245 767/1945/245 766/1946/244
f 735/1947/245 736/1948/246 768/1949/246 767/1950/245
f 736/1951/246 737/1952/247 769/1953/247 768/1954/246
f 737/1955/247 738/1956/248 770/1957/248 769/1958/247
f 738/1959/248 739/1960/249 771/1961/249 770/1962/248
f 739/1963/249 740/1964/250 772/1965/250 771/1966/249
f 740/1967/250 741/1968/251 773/1969/251 772/1970/250
f 741/1971/251 742/1972/252 774/1973/252 773/1974/251
f 742/1975/252 743/1976/253 775/1977/253 774/1978/252
f 743/1979/253 744/1980/254 776/1981/254 775/1982/253
f 744/1983/254 745/1984/255 777/1985/255 776/1986/254
f 745/1987/255 746/1988/256 778/1989/256 777/1990/255
f 746/1991/256 747/1992/257 779/1993/257 778/1994/256
f 747/1995/257 748/1996/258 780/1997/258 779/1998/257
f 748/1999/258 749/2000/259 781/2001/259 780/2002/258
f 749/2003/259 750/2004/260 782/2005/260 781/2006/259
f 750/2007/260 751/2008/261 783/2009/261 782/2010/260
f 751/2011/261 752/2012/262 784/2013/262 783/2014/261
f 752/2015/262 753/2016/263 785/2017/263 784/2018/262
f 753/2019/263 754/2020/264 786/2021/264 785/2022/263
f 754/2023/264 755/2024/265 787/2025/265 786/2026/264
f 755/2027/265 756/2028/266 788/2029/266 787/2030/265
f 756/2031/266 757/2032/267 789/2033/267 788/2034/266
f 757/2035/267 758/2036/268 790/2037/268 789/2038/267
f 758/2039/268 727/2040/237 759/2041/237 790/2042/268
f 696/2043/269 695/2044/269 791/2045/269
f 697/2046/269 696/2047/269 791/2048/269
f 698/2049/269 697/2050/269 791/2051/269
f 699/2052/269 698/2053/269 791/2054/269
f 700/2055/269 699/2056/269 791/2057/269
f 701/2058/269 700/2059/269 791/2060/269
f 702/2061/269 701/2062/269 791/2063/269
f 703/2064/269 702/2065/269 791/2066/269
f 704/2067/269 703/2068/269 791/2069/269
f 705/2070/269 704/2071/269 791/2072/269
f 706/2073/269 705/2074/269 791/2075/269
f 707/2076/269 706/2077/269 791/2078/269
f 708/2079/269 707/2080/269 791/2081/269
f 709/2082/269 708/2083/269 791/2084/269
f 710/2085/269 709/2086/269 791/2087/269
f 711/2088/269 710/2089/269 791/2090/269
f 712/2091/269 711/2092/269 791/2093/269
f 713/2094/269 712/2095/269 791/2096/269
f 714/2097/269 713/2098/269 791/2099/269
f 715/2100/269 714/2101/269 791/2102/269
f 716/2103/269 715/2104/269 791/2105/269
f 717/2106/269 716/2107/269 791/2108/269
f 718/2109/269 717/2110/269 791/2111/269
f 719/2112/269 718/2113/269 791/2114/269
f 720/2115/269 719/2116/269 791/2117/269
f 721/2118/269 720/2119/269 791/2120/269
f 722/2121/269 721/2122/269 791/2123/269
f 723/2124/269 722/2125/269 791/2126/269
f 724/2127/269 723/2128/269 791/2129/269
f 725/2130/269 724/2131/269 791/2132/269
f 726/2133/269 725/2134/269 791/2135/269
f 695/2136/269 726/2137/269 791/2138/269
o body_cover_bolts
usemtl intake_pump
v 0.681887 0.478165 0.35375
v 0.664566 0.488165 0.35375
v 0.647246 0.478165 0.35375
v 0.647246 0.458165 0.35375
v 0.664566 0.448165 0.35375
v 0.681887 0.458165 0.35375
v 0.681887 0.478165 0.37
v 0.664566 0.488165 0.37
v 0.647246 0.478165 0.37
v 0.647246 0.458165 0.37
v 0.664566 0.448165 0.37
v 0.681887 0.458165 0.37
v 0.681887 0.478165 0.35375
v 0.664566 0.488165 0.35375
v 0.647246 0.478165 0.35375
v 0.647246 0.458165 0.35375
v 0.664566 0.448165 0.35375
v 0.681887 0.458165 0.35375
v 0.681887 0.478165 0.37
v 0.664566 0.488165 0.37
v 0.647246 0.478165 0.37
v 0.647246 0.458165 0.37
v 0.664566 0.448165 0.37
v 0.681887 0.458165 0.37
v 0.585486 0.574566 0.35375
v 0.568165 0.584566 0.35375
v 0.550845 0.574566 0.35375
v 0.550845 0.554566 0.35375
v 0.568165 0.544566 0.35375
v 0.585486 0.554566 0.35375
v 0.585486 0.574566 0.37
v 0.568165 0.584566 0.37
v 0.550845 0.574566 0.37
v 0.550845 0.554566 0.37
v 0.568165 0.544566 0.37
v 0.585486 0.554566 0.37
v 0.585486 0.574566 0.35375
v 0.568165 0.584566 0.35375
v 0.550845 0.574566 0.35375
v 0.550845 0.554566 0.35375
v 0.568165 0.544566 0.35375
v 0.585486 0.554566 0.35375
v 0.585486 0.574566 0.37
v 0.568165 0.584566 0.37
v 0.550845 0.574566 0.37
v 0.550845 0.554566 0.37
v 0.568165 0.544566 0.37
v 0.585486 0.554566 0.37
v 0.449155 0.574566 0.35375
v 0.431835 0.584566 0.35375
v 0.414514 0.574566 0.35375
v 0.414514 0.554566 0.35375
v 0.431835 0.544566 0.35375
v 0.449155 0.554566 0.35375
v 0.449155 0.574566 0.37
v 0.431835 0.584566 0.37
v 0.414514 0.574566 0.37
v 0.414514 0.554566 0.37
v 0.431835 0.544566 0.37
v 0.449155 0.554566 0.37
v 0.449155 0.574566 0.35375
v 0.431835 0.584566 0.35375
v 0.414514 0.574566 0.35375
v 0.414514 0.554566 0.35375
v 0.431835 0.544566 0.35375
v 0.449155 0.554566 0.35375
v 0.449155 0.574566 0.37
v 0.431835 0.584566 0.37
v 0.414514 0.574566 0.37
v 0.414514 0.554566 0.37
v 0.431835 0.544566 0.37
v 0.449155 0.554566 0.37
v 0.352754 0.478165 0.35375
v 0.335434 0.488165 0.35375
v 0.318113 0.478165 0.35375
v 0.318113 0.458165 0.35375
v 0.335434 0.448165 0.35375
v 0.352754 0.458165 0.35375
v 0.352754 0.478165 0.37
v 0.335434 0.488165 0.37
v 0.318113 0.478165 0.37
v 0.318113 0.458165 0.37
v 0.335434 0.448165 0.37
v 0.352754 0.458165 0.37
v 0.352754 0.478165 0.35375
v 0.335434 0.488165 0.35375
v 0.318113 0.478165 0.35375
v 0.318113 0.458165 0.35375
v 0.335434 0.448165 0.35375
v 0.352754 0.458165 0.35375
v 0.352754 0.478165 0.37
v 0.335434 0.488165 0.37
v 0.318113 0.478165 0.37
v 0.318113 0.458165 0.37
v 0.335434 0.448165 0.37
v 0.352754 0.458165 0.37
v 0.352754 0.341835 0.35375
v 0.335434 0.351835 0.35375
v 0.318113 0.341835 0.35375
v 0.318113 0.321835 0.35375
v 0.335434 0.311835 0.35375
v 0.352754 0.321835 0.35375
v 0.352754 0.341835 0.37
v 0.335434 0.351835 0.37
v 0.318113 0.341835 0.37
v 0.318113 0.321835 0.37
v 0.335434 0.311835 0.37
v 0.352754 0.321835 0.37
v 0.352754 0.341835 0.35375
v 0.335434 0.351835 0.35375
v 0.318113 0.341835 0.35375
v 0.318113 0.321835 0.35375
v 0.335434 0.311835 0.35375
v 0.352754 0.321835 0.35375
v 0.352754 0.341835 0.37
v 0.335434 0.351835 0.37
v 0.318113 0.341835 0.37
v 0.318113 0.321835 0.37
v 0.335434 0.311835 0.37
v 0.352754 0.321835 0.37
v 0.449155 0.245434 0.35375
v 0.431835 0.255434 0.35375
v 0.414514 0.245434 0.35375
v 0.414514 0.225434 0.35375
v 0.431835 0.215434 0.35375
v 0.449155 0.225434 0.35375
v 0.449155 0.245434 0.37
v 0.431835 0.255434 0.37
v 0.414514 0.245434 0.37
v 0.414514 0.225434 0.37
v 0.431835 0.215434 0.37
v 0.449155 0.225434 0.37
v 0.449155 0.245434 0.35375
v 0.431835 0.255434 0.35375
v 0.414514 0.245434 0.35375
v 0.414514 0.225434 0.35375
v 0.431835 0.215434 0.35375
v 0.449155 0.225434 0.35375
v 0.449155 0.245434 0.37
v 0.431835 0.255434 0.37
v 0.414514 0.245434 0.37
v 0.414514 0.225434 0.37
v 0.431835 0.215434 0.37
v 0.449155 0.225434 0.37
v 0.585486 0.245434 0.35375
v 0.568165 0.255434 0.35375
v 0.550845 0.245434 0.35375
v 0.550845 0.225434 0.35375
v 0.568165 0.215434 0.35375
v 0.585486 0.225434 0.35375
v 0.585486 0.245434 0.37
v 0.568165 0.255434 0.37
v 0.550845 0.245434 0.37
v 0.550845 0.225434 0.37
v 0.568165 0.215434 0.37
v 0.585486 0.225434 0.37
v 0.585486 0.245434 0.35375
v 0.568165 0.255434 0.35375
v 0.550845 0.245434 0.35375
v 0.550845 0.225434 0.35375
v 0.568165 0.215434 0.35375
v 0.585486 0.225434 0.35375
v 0.585486 0.245434 0.37
v 0.568165 0.255434 0.37
v 0.550845 0.245434 0.37
v 0.550845 0.225434 0.37
v 0.568165 0.215434 0.37
v 0.585486 0.225434 0.37
v 0.681887 0.341835 0.35375
v 0.664566 0.351835 0.35375
v 0.647246 0.341835 0.35375
v 0.647246 0.321835 0.35375
v 0.664566 0.311835 0.35375
v 0.681887 0.321835 0.35375
v 0.681887 0.341835 0.37
v 0.664566 0.351835 0.37
v 0.647246 0.341835 0.37
v 0.647246 0.321835 0.37
v 0.664566 0.311835 0.37
v 0.681887 0.321835 0.37
v 0.681887 0.341835 0.35375
v 0.664566 0.351835 0.35375
v 0.647246 0.341835 0.35375
v 0.647246 0.321835 0.35375
v 0.664566 0.311835 0.35375
v 0.681887 0.321835 0.35375
v 0.681887 0.341835 0.37
v 0.664566 0.351835 0.37
v 0.647246 0.341835 0.37
v 0.647246 0.321835 0.37
v 0.664566 0.311835 0.37
v 0.681887 0.321835 0.37
vt 0.442871 0.102974
vt 0.446543 0.102974
vt 0.446543 0.105957
vt 0.442871 0.105957
vt 0.189941 0.102974
vt 0.193613 0.102974
vt 0.193613 0.105957
vt 0.189941 0.105957
vt 0.401855 0.102974
vt 0.405527 0.102974
vt 0.405527 0.105957
vt 0.401855 0.105957
vt 0.196777 0.102974
vt 0.200449 0.102974
vt 0.200449 0.105957
vt 0.196777 0.105957
vt 0.497559 0.102974
vt 0.50123 0.102974
vt 0.50123 0.105957
vt 0.497559 0.105957
vt 0.319824 0.102974
vt 0.323496 0.102974
vt 0.323496 0.105957
vt 0.319824 0.105957
vt 0.632832 0.29223
vt 0.630996 0.29541
vt 0.627324 0.29541
vt 0.630996 0.28905
vt 0.632832 0.29223
vt 0.627324 0.29541
vt 0.627324 0.28905
vt 0.630996 0.28905
vt 0.627324 0.29541
vt 0.627324 0.29541
vt 0.625488 0.29223
vt 0.627324 0.28905
vt 0.638066 0.28905
vt 0.641738 0.28905
vt 0.643574 0.29223
vt 0.638066 0.28905
vt 0.643574 0.29223
vt 0.641738 0.29541
vt 0.638066 0.28905
vt 0.641738 0.29541
vt 0.638066 0.29541
vt 0.638066 0.29541
vt 0.63623 0.29223
vt 0.638066 0.28905
vt 0.333496 0.102974
vt 0.337168 0.102974
vt 0.337168 0.105957
vt 0.333496 0.105957
vt 0.449707 0.102974
vt 0.453379 0.102974
vt 0.453379 0.105957
vt 0.449707 0.105957
vt 0.422363 0.102974
vt 0.426035 0.102974
vt 0.426035 0.105957
vt 0.422363 0.105957
vt 0.408691 0.102974
vt 0.412363 0.102974
vt 0.412363 0.105957
vt 0.408691 0.105957
vt 0.340332 0.102974
vt 0.344004 0.102974
vt 0.344004 0.105957
vt 0.340332 0.105957
vt 0.347168 0.102974
vt 0.35084 0.102974
vt 0.35084 0.105957
vt 0.347168 0.105957
vt 0.654316 0.29223
vt 0.65248 0.29541
vt 0.648809 0.29541
vt 0.65248 0.28905
vt 0.654316 0.29223
vt 0.648809 0.29541
vt 0.648809 0.28905
vt 0.65248 0.28905
vt 0.648809 0.29541
vt 0.648809 0.29541
vt 0.646973 0.29223
vt 0.648809 0.28905
vt 0.777715 0.28905
vt 0.781387 0.28905
vt 0.783223 0.29223
vt 0.777715 0.28905
vt 0.783223 0.29223
vt 0.781387 0.29541
vt 0.777715 0.28905
vt 0.781387 0.29541
vt 0.777715 0.29541
vt 0.777715 0.29541
vt 0.775879 0.29223
vt 0.777715 0.28905
vt 0.203613 0.102974
vt 0.207285 0.102974
vt 0.207285 0.105957
vt 0.203613 0.105957
vt 0.429199 0.102974
vt 0.432871 0.102974
vt 0.432871 0.105957
vt 0.429199 0.105957
vt 0.436035 0.102974
vt 0.439707 0.102974
vt 0.439707 0.105957
vt 0.436035 0.105957
vt 0.354004 0.102974
vt 0.357676 0.102974
vt 0.357676 0.105957
vt 0.354004 0.105957
vt 0.36084 0.102974
vt 0.364512 0.102974
vt 0.364512 0.105957
vt 0.36084 0.105957
vt 0.367676 0.102974
vt 0.371348 0.102974
vt 0.371348 0.105957
vt 0.367676 0.105957
vt 0.665059 0.29223
vt 0.663223 0.29541
vt 0.659551 0.29541
vt 0.663223 0.28905
vt 0.665059 0.29223
vt 0.659551 0.29541
vt 0.659551 0.28905
vt 0.663223 0.28905
vt 0.659551 0.29541
vt 0.659551 0.29541
vt 0.657715 0.29223
vt 0.659551 0.28905
vt 0.616582 0.28905
vt 0.620254 0.28905
vt 0.62209 0.29223
vt 0.616582 0.28905
vt 0.62209 0.29223
vt 0.620254 0.29541
vt 0.616582 0.28905
vt 0.620254 0.29541
vt 0.616582 0.29541
vt 0.616582 0.29541
vt 0.614746 0.29223
vt 0.616582 0.28905
vt 0.210449 0.102974
vt 0.214121 0.102974
vt 0.214121 0.105957
vt 0.210449 0.105957
vt 0.456543 0.102974
vt 0.460215 0.102974
vt 0.460215 0.105957
vt 0.456543 0.105957
vt 0.415527 0.102974
vt 0.419199 0.102974
vt 0.419199 0.105957
vt 0.415527 0.105957
vt 0.463379 0.102974
vt 0.467051 0.102974
vt 0.467051 0.105957
vt 0.463379 0.105957
vt 0.217285 0.102974
vt 0.220957 0.102974
vt 0.220957 0.105957
vt 0.217285 0.105957
vt 0.32666 0.102974
vt 0.330332 0.102974
vt 0.330332 0.105957
vt 0.32666 0.105957
vt 0.675801 0.29223
vt 0.673965 0.29541
vt 0.670293 0.29541
vt 0.673965 0.28905
vt 0.675801 0.29223
vt 0.670293 0.29541
vt 0.670293 0.28905
vt 0.673965 0.28905
vt 0.670293 0.29541
vt 0.670293 0.29541
vt 0.668457 0.29223
vt 0.670293 0.28905
vt 0.681035 0.28905
vt 0.684707 0.28905
vt 0.686543 0.29223
vt 0.681035 0.28905
vt 0.686543 0.29223
vt 0.684707 0.29541
vt 0.681035 0.28905
vt 0.684707 0.29541
vt 0.681035 0.29541
vt 0.681035 0.29541
vt 0.679199 0.29223
vt 0.681035 0.28905
vt 0.374512 0.102974
vt 0.378184 0.102974
vt 0.378184 0.105957
vt 0.374512 0.105957
vt 0.470215 0.102974
vt 0.473887 0.102974
vt 0.473887 0.105957
vt 0.470215 0.105957
vt 0.224121 0.102974
vt 0.227793 0.102974
vt 0.227793 0.105957
vt 0.224121 0.105957
vt 0.504395 0.102974
vt 0.508066 0.102974
vt 0.508066 0.105957
vt 0.504395 0.105957
vt 0.230957 0.102974
vt 0.234629 0.102974
vt 0.234629 0.105957
vt 0.230957 0.105957
vt 0.237793 0.102974
vt 0.241465 0.102974
vt 0.241465 0.105957
vt 0.237793 0.105957
vt 0.740254 0.29223
vt 0.738418 0.29541
vt 0.734746 0.29541
vt 0.738418 0.28905
vt 0.740254 0.29223
vt 0.734746 0.29541
vt 0.734746 0.28905
vt 0.738418 0.28905
vt 0.734746 0.29541
vt 0.734746 0.29541
vt 0.73291 0.29223
vt 0.734746 0.28905
vt 0.745488 0.28905
vt 0.74916 0.28905
vt 0.750996 0.29223
vt 0.745488 0.28905
vt 0.750996 0.29223
vt 0.74916 0.29541
vt 0.745488 0.28905
vt 0.74916 0.29541
vt 0.745488 0.29541
vt 0.745488 0.29541
vt 0.743652 0.29223
vt 0.745488 0.28905
vt 0.477051 0.102974
vt 0.480723 0.102974
vt 0.480723 0.105957
vt 0.477051 0.105957
vt 0.483887 0.102974
vt 0.487559 0.102974
vt 0.487559 0.105957
vt 0.483887 0.105957
vt 0.244629 0.102974
vt 0.248301 0.102974
vt 0.248301 0.105957
vt 0.244629 0.105957
vt 0.251465 0.102974
vt 0.255137 0.102974
vt 0.255137 0.105957
vt 0.251465 0.105957
vt 0.258301 0.102974
vt 0.261973 0.102974
vt 0.261973 0.105957
vt 0.258301 0.105957
vt 0.265137 0.102974
vt 0.268809 0.102974
vt 0.268809 0.105957
vt 0.265137 0.105957
vt 0.697285 0.29223
vt 0.695449 0.29541
vt 0.691777 0.29541
vt 0.695449 0.28905
vt 0.697285 0.29223
vt 0.691777 0.29541
vt 0.691777 0.28905
vt 0.695449 0.28905
vt 0.691777 0.29541
vt 0.691777 0.29541
vt 0.689941 0.29223
vt 0.691777 0.28905
vt 0.70252 0.28905
vt 0.706191 0.28905
vt 0.708027 0.29223
vt 0.70252 0.28905
vt 0.708027 0.29223
vt 0.706191 0.29541
vt 0.70252 0.28905
vt 0.706191 0.29541
vt 0.70252 0.29541
vt 0.70252 0.29541
vt 0.700684 0.29223
vt 0.70252 0.28905
vt 0.271973 0.102974
vt 0.275645 0.102974
vt 0.275645 0.105957
vt 0.271973 0.105957
vt 0.381348 0.102974
vt 0.38502 0.102974
vt 0.38502 0.105957
vt 0.381348 0.105957
vt 0.278809 0.102974
vt 0.28248 0.102974
vt 0.28248 0.105957
vt 0.278809 0.105957
vt 0.285645 0.102974
vt 0.289316 0.102974
vt 0.289316 0.105957
vt 0.285645 0.105957
vt 0.388184 0.102974
vt 0.391855 0.102974
vt 0.391855 0.105957
vt 0.388184 0.105957
vt 0.29248 0.102974
vt 0.296152 0.102974
vt 0.296152 0.105957
vt 0.29248 0.105957
vt 0.71877 0.29223
vt 0.716934 0.29541
vt 0.713262 0.29541
vt 0.716934 0.28905
vt 0.71877 0.29223
vt 0.713262 0.29541
vt 0.713262 0.28905
vt 0.716934 0.28905
vt 0.713262 0.29541
vt 0.713262 0.29541
vt 0.711426 0.29223
vt 0.713262 0.28905
vt 0.724004 0.28905
vt 0.727676 0.28905
vt 0.729512 0.29223
vt 0.724004 0.28905
vt 0.729512 0.29223
vt 0.727676 0.29541
vt 0.724004 0.28905
vt 0.727676 0.29541
vt 0.724004 0.29541
vt 0.724004 0.29541
vt 0.722168 0.29223
vt 0.724004 0.28905
vt 0.490723 0.102974
vt 0.494395 0.102974
vt 0.494395 0.105957
vt 0.490723 0.105957
vt 0.39502 0.102974
vt 0.398691 0.102974
vt 0.398691 0.105957
vt 0.39502 0.105957
vt 0.299316 0.102974
vt 0.302988 0.102974
vt 0.302988 0.105957
vt 0.299316 0.105957
vt 0.306152 0.102974
vt 0.309824 0.102974
vt 0.309824 0.105957
vt 0.306152 0.105957
vt 0.51123 0.102974
vt 0.514902 0.102974
vt 0.514902 0.105957
vt 0.51123 0.105957
vt 0.312988 0.102974
vt 0.31666 0.102974
vt 0.31666 0.105957
vt 0.312988 0.105957
vt 0.761738 0.29223
vt 0.759902 0.29541
vt 0.75623 0.29541
vt 0.759902 0.28905
vt 0.761738 0.29223
vt 0.75623 0.29541
vt 0.75623 0.28905
vt 0.759902 0.28905
vt 0.75623 0.29541
vt 0.75623 0.29541
vt 0.754395 0.29223
vt 0.75623 0.28905
vt 0.766973 0.28905
vt 0.770645 0.28905
vt 0.77248 0.29223
vt 0.766973 0.28905
vt 0.77248 0.29223
vt 0.770645 0.29541
vt 0.766973 0.28905
vt 0.770645 0.29541
vt 0.766973 0.29541
vt 0.766973 0.29541
vt 0.765137 0.29223
vt 0.766973 0.28905
vn 0.5 0.866025 0
vn -0.5 0.866025 0
vn -1 0 0
vn -0.5 -0.866025 0
vn 0.5 -0.866025 0
vn 1 0 0
vn 0 0 -1
vn 0 0 1
f 792/2139/270 793/2140/270 799/2141/270 798/2142/270
f 793/2143/271 794/2144/271 800/2145/271 799/2146/271
f 794/2147/272 795/2148/272 801/2149/272 800/2150/272
f 795/2151/273 796/2152/273 802/2153/273 801/2154/273
f 796/2155/274 797/2156/274 803/2157/274 802/2158/274
f 797/2159/275 792/2160/275 798/2161/275 803/2162/275
f 805/2163/276 804/2164/276 809/2165/276
f 806/2166/276 805/2167/276 809/2168/276
f 807/2169/276 806/2170/276 809/2171/276
f 809/2172/276 808/2173/276 807/2174/276
f 815/2175/277 810/2176/277 811/2177/277
f 815/2178/277 811/2179/277 812/2180/277
f 815/2181/277 812/2182/277 813/2183/277
f 813/2184/277 814/2185/277 815/2186/277
f 816/2187/270 817/2188/270 823/2189/270 822/2190/270
f 817/2191/271 818/2192/271 824/2193/271 823/2194/271
f 818/2195/272 819/2196/272 825/2197/272 824/2198/272
f 819/2199/273 820/2200/273 826/2201/273 825/2202/273
f 820/2203/274 821/2204/274 827/2205/274 826/2206/274
f 821/2207/275 816/2208/275 822/2209/275 827/2210/275
f 829/2211/276 828/2212/276 833/2213/276
f 830/2214/276 829/2215/276 833/2216/276
f 831/2217/276 830/2218/276 833/2219/276
f 833/2220/276 832/2221/276 831/2222/276
f 839/2223/277 834/2224/277 835/2225/277
f 839/2226/277 835/2227/277 836/2228/277
f 839/2229/277 836/2230/277 837/2231/277
f 837/2232/277 838/2233/277 839/2234/277
f 840/2235/270 841/2236/270 847/2237/270 846/2238/270
f 841/2239/271 842/2240/271 848/2241/271 847/2242/271
f 842/2243/272 843/2244/272 849/2245/272 848/2246/272
f 843/2247/273 844/2248/273 850/2249/273 849/2250/273
f 844/2251/274 845/2252/274 851/2253/274 850/2254/274
f 845/2255/275 840/2256/275 846/2257/275 851/2258/275
f 853/2259/276 852/2260/276 857/2261/276
f 854/2262/276 853/2263/276 857/2264/276
f 855/2265/276 854/2266/276 857/2267/276
f 857/2268/276 856/2269/276 855/2270/276
f 863/2271/277 858/2272/277 859/2273/277
f 863/2274/277 859/2275/277 860/2276/277
f 863/2277/277 860/2278/277 861/2279/277
f 861/2280/277 862/2281/277 863/2282/277
f 864/2283/270 865/2284/270 871/2285/270 870/2286/270
f 865/2287/271 866/2288/271 872/2289/271 871/2290/271
f 866/2291/272 867/2292/272 873/2293/272 872/2294/272
f 867/2295/273 868/2296/273 874/2297/273 873/2298/273
f 868/2299/274 869/2300/274 875/2301/274 874/2302/274
f 869/2303/275 864/2304/275 870/2305/275 875/2306/275
f 877/2307/276 876/2308/276 881/2309/276
f 878/2310/276 877/2311/276 881/2312/276
f 879/2313/276 878/2314/276 881/2315/276
f 881/2316/276 880/2317/276 879/2318/276
f 887/2319/277 882/2320/277 883/2321/277
f 887/2322/277 883/2323/277 884/2324/277
f 887/2325/277 884/2326/277 885/2327/277
f 885/2328/277 886/2329/277 887/2330/277
f 888/2331/270 889/2332/270 895/2333/270 894/2334/270
f 889/2335/271 890/2336/271 896/2337/271 895/2338/271
f 890/2339/272 891/2340/272 897/2341/272 896/2342/272
f 891/2343/273 892/2344/273 898/2345/273 897/2346/273
f 892/2347/274 893/2348/274 899/2349/274 898/2350/274
f 893/2351/275 888/2352/275 894/2353/275 899/2354/275
f 901/2355/276 900/2356/276 905/2357/276
f 902/2358/276 901/2359/276 905/2360/276
f 903/2361/276 902/2362/276 905/2363/276
f 905/2364/276 904/2365/276 903/2366/276
f 911/2367/277 906/2368/277 907/2369/277
f 911/2370/277 907/2371/277 908/2372/277
f 911/2373/277 908/2374/277 909/2375/277
f 909/2376/277 910/2377/277 911/2378/277
f 912/2379/270 913/2380/270 919/2381/270 918/2382/270
f 913/2383/271 914/2384/271 920/2385/271 919/2386/271
f 914/2387/272 915/2388/272 921/2389/272 920/2390/272
f 915/2391/273 916/2392/273 922/2393/273 921/2394/273
f 916/2395/274 917/2396/274 923/2397/274 922/2398/274
f 917/2399/275 912/2400/275 918/2401/275 923/2402/275
f 925/2403/276 924/2404/276 929/2405/276
f 926/2406/276 925/2407/276 929/2408/276
f 927/2409/276 926/2410/276 929/2411/276
f 929/2412/276 928/2413/276 927/2414/276
f 935/2415/277 930/2416/277 931/2417/277
f 935/2418/277 931/2419/277 932/2420/277
f 935/2421/277 932/2422/277 933/2423/277
f 933/2424/277 934/2425/277 935/2426/277
f 936/2427/270 937/2428/270 943/2429/270 942/2430/270
f 937/2431/271 938/2432/271 944/2433/271 943/2434/271
f 938/2435/272 939/2436/272 945/2437/272 944/2438/272
f 939/2439/273 940/2440/273 946/2441/273 945/2442/273
f 940/2443/274 941/2444/274 947/2445/274 946/2446/274
f 941/2447/275 936/2448/275 942/2449/275 947/2450/275
f 949/2451/276 948/2452/276 953/2453/276
f 950/2454/276 949/2455/276 953/2456/276
f 951/2457/276 950/2458/276 953/2459/276
f 953/2460/276 952/2461/276 951/2462/276
f 959/2463/277 954/2464/277 955/2465/277
f 959/2466/277 955/2467/277 956/2468/277
f 959/2469/277 956/2470/277 957/2471/277
f 957/2472/277 958/2473/277 959/2474/277
f 960/2475/270 961/2476/270 967/2477/270 966/2478/270
f 961/2479/271 962/2480/271 968/2481/271 967/2482/271
f 962/2483/272 963/2484/272 969/2485/272 968/2486/272
f 963/2487/273 964/2488/273 970/2489/273 969/2490/273
f 964/2491/274 965/2492/274 971/2493/274 970/2494/274
f 965/2495/275 960/2496/275 966/2497/275 971/2498/275
f 973/2499/276 972/2500/276 977/2501/276
f 974/2502/276 973/2503/276 977/2504/276
f 975/2505/276 974/2506/276 977/2507/276
f 977/2508/276 976/2509/276 975/2510/276
f 983/2511/277 978/2512/277 979/2513/277
f 983/2514/277 979/2515/277 980/2516/277
f 983/2517/277 980/2518/277 981/2519/277
f 981/2520/277 982/2521/277 983/2522/277
o body_casing_foot
usemtl intake_pump
v 0.33125 0.0875 0.43125
v 0.33125 0.0875 0.56875
v 0.66875 0.0875 0.56875
v 0.66875 0.0875 0.43125
v 0.325 0.09375 0.425
v 0.325 0.09375 0.575
v 0.675 0.09375 0.575
v 0.675 0.09375 0.425
v 0.325 0.10625 0.425
v 0.325 0.10625 0.575
v 0.675 0.10625 0.575
v 0.675 0.10625 0.425
v 0.33125 0.1125 0.43125
v 0.33125 0.1125 0.56875
v 0.66875 0.1125 0.56875
v 0.66875 0.1125 0.43125
v 0.33125 0.0875 0.43125
v 0.33125 0.0875 0.56875
v 0.66875 0.0875 0.56875
v 0.66875 0.0875 0.43125
v 0.33125 0.1125 0.43125
v 0.33125 0.1125 0.56875
v 0.66875 0.1125 0.56875
v 0.66875 0.1125 0.43125
v 0.40625 0.1125 0.45625
v 0.40625 0.1125 0.54375
v 0.59375 0.1125 0.54375
v 0.59375 0.1125 0.45625
v 0.4 0.11875 0.45
v 0.4 0.11875 0.55
v 0.6 0.11875 0.55
v 0.6 0.11875 0.45
v 0.4 0.20625 0.45
v 0.4 0.20625 0.55
v 0.6 0.20625 0.55
v 0.6 0.20625 0.45
v 0.40625 0.2125 0.45625
v 0.40625 0.2125 0.54375
v 0.59375 0.2125 0.54375
v 0.59375 0.2125 0.45625
v 0.40625 0.1125 0.45625
v 0.40625 0.1125 0.54375
v 0.59375 0.1125 0.54375
v 0.59375 0.1125 0.45625
v 0.40625 0.2125 0.45625
v 0.40625 0.2125 0.54375
v 0.59375 0.2125 0.54375
v 0.59375 0.2125 0.45625
vt 0.003589 0.0516
vt 0.028833 0.0516
vt 0.02998 0.053223
vt 0.002441 0.053223
vt 0.212573 0.032069
vt 0.274536 0.032069
vt 0.275684 0.033691
vt 0.211426 0.033691
vt 0.060083 0.053223
vt 0.034839 0.053223
vt 0.033691 0.0516
vt 0.06123 0.0516
vt 0.341919 0.033691
vt 0.279956 0.033691
vt 0.278809 0.032069
vt 0.343066 0.032069
vt 0.002441 0.06167
vt 0.02998 0.06167
vt 0.02998 0.063965
vt 0.002441 0.063965
vt 0.861816 0.067529
vt 0.926074 0.067529
vt 0.926074 0.069824
vt 0.861816 0.069824
vt 0.06123 0.063965
vt 0.033691 0.063965
vt 0.033691 0.06167
vt 0.06123 0.06167
vt 0.929199 0.067529
vt 0.993457 0.067529
vt 0.993457 0.069824
vt 0.929199 0.069824
vt 0.963379 0.041834
vt 0.990918 0.041834
vt 0.989771 0.043457
vt 0.964526 0.043457
vt 0.171191 0.043457
vt 0.106934 0.043457
vt 0.108081 0.041834
vt 0.170044 0.041834
vt 0.02998 0.038574
vt 0.002441 0.038574
vt 0.003589 0.036951
vt 0.028833 0.036951
vt 0.174316 0.041834
vt 0.238574 0.041834
vt 0.237427 0.043457
vt 0.175464 0.043457
vt 0.083496 0.578613
vt 0.083496 0.553369
vt 0.145459 0.553369
vt 0.145459 0.553369
vt 0.145459 0.578613
vt 0.083496 0.578613
vt 0.148926 0.553369
vt 0.210889 0.553369
vt 0.210889 0.578613
vt 0.210889 0.578613
vt 0.148926 0.578613
vt 0.148926 0.553369
vt 0.114917 0.0516
vt 0.130981 0.0516
vt 0.132129 0.053223
vt 0.11377 0.053223
vt 0.527026 0.041834
vt 0.56145 0.041834
vt 0.562598 0.043457
vt 0.525879 0.043457
vt 0.152466 0.053223
vt 0.136401 0.053223
vt 0.135254 0.0516
vt 0.153613 0.0516
vt 0.601489 0.043457
vt 0.567065 0.043457
vt 0.565918 0.041834
vt 0.602637 0.041834
vt 0.766113 0.487354
vt 0.784473 0.487354
vt 0.784473 0.503418
vt 0.766113 0.503418
vt 0.686035 0.487354
vt 0.722754 0.487354
vt 0.722754 0.503418
vt 0.686035 0.503418
vt 0.805957 0.503418
vt 0.787598 0.503418
vt 0.787598 0.487354
vt 0.805957 0.487354
vt 0.726074 0.487354
vt 0.762793 0.487354
vt 0.762793 0.503418
vt 0.726074 0.503418
vt 0.224121 0.036951
vt 0.24248 0.036951
vt 0.241333 0.038574
vt 0.225269 0.038574
vt 0.48252 0.043457
vt 0.445801 0.043457
vt 0.446948 0.041834
vt 0.481372 0.041834
vt 0.263965 0.038574
vt 0.245605 0.038574
vt 0.246753 0.036951
vt 0.262817 0.036951
vt 0.48584 0.041834
vt 0.522559 0.041834
vt 0.521411 0.043457
vt 0.486987 0.043457
vt 0.002441 0.462402
vt 0.002441 0.446338
vt 0.036865 0.446338
vt 0.036865 0.446338
vt 0.036865 0.462402
vt 0.002441 0.462402
vt 0.040527 0.446338
vt 0.074951 0.446338
vt 0.074951 0.462402
vt 0.074951 0.462402
vt 0.040527 0.462402
vt 0.040527 0.446338
vn -0.707107 -0.707107 0
vn 0 -0.707107 0.707107
vn 0.707107 -0.707107 0
vn 0 -0.707107 -0.707107
vn -1 0 0
vn 0 0 1
vn 1 0 0
vn 0 0 -1
vn -0.707107 0.707107 0
vn 0 0.707107 0.707107
vn 0.707107 0.707107 0
vn 0 0.707107 -0.707107
vn 0 -1 0
vn 0 1 0
f 984/2523/278 985/2524/278 989/2525/278 988/2526/278
f 985/2527/279 986/2528/279 990/2529/279 989/2530/279
f 986/2531/280 987/2532/280 991/2533/280 990/2534/280
f 987/2535/281 984/2536/281 988/2537/281 991/2538/281
f 988/2539/282 989/2540/282 993/2541/282 992/2542/282
f 989/2543/283 990/2544/283 994/2545/283 993/2546/283
f 990/2547/284 991/2548/284 995/2549/284 994/2550/284
f 991/2551/285 988/2552/285 992/2553/285 995/2554/285
f 992/2555/286 993/2556/286 997/2557/286 996/2558/286
f 993/2559/287 994/2560/287 998/2561/287 997/2562/287
f 994/2563/288 995/2564/288 999/2565/288 998/2566/288
f 995/2567/289 992/2568/289 996/2569/289 999/2570/289
f 1001/2571/290 1000/2572/290 1003/2573/290
f 1003/2574/290 1002/2575/290 1001/2576/290
f 1007/2577/291 1004/2578/291 1005/2579/291
f 1005/2580/291 1006/2581/291 1007/2582/291
f 1008/2583/278 1009/2584/278 1013/2585/278 1012/2586/278
f 1009/2587/279 1010/2588/279 1014/2589/279 1013/2590/279
f 1010/2591/280 1011/2592/280 1015/2593/280 1014/2594/280
f 1011/2595/281 1008/2596/281 1012/2597/281 1015/2598/281
f 1012/2599/282 1013/2600/282 1017/2601/282 1016/2602/282
f 1013/2603/283 1014/2604/283 1018/2605/283 1017/2606/283
f 1014/2607/284 1015/2608/284 1019/2609/284 1018/2610/284
f 1015/2611/285 1012/2612/285 1016/2613/285 1019/2614/285
f 1016/2615/286 1017/2616/286 1021/2617/286 1020/2618/286
f 1017/2619/287 1018/2620/287 1022/2621/287 1021/2622/287
f 1018/2623/288 1019/2624/288 1023/2625/288 1022/2626/288
f 1019/2627/289 1016/2628/289 1020/2629/289 1023/2630/289
f 1025/2631/290 1024/2632/290 1027/2633/290
f 1027/2634/290 1026/2635/290 1025/2636/290
f 1031/2637/291 1028/2638/291 1029/2639/291
f 1029/2640/291 1030/2641/291 1031/2642/291
o body_discharge
usemtl intake_pump
v 0.623931 0.6 0.516316
v 0.615485 0.6 0.547835
v 0.599169 0.6 0.576095
v 0.576095 0.6 0.599169
v 0.547835 0.6 0.615485
v 0.516316 0.6 0.623931
v 0.483684 0.6 0.623931
v 0.452165 0.6 0.615485
v 0.423905 0.6 0.599169
v 0.400831 0.6 0.576095
v 0.384515 0.6 0.547835
v 0.376069 0.6 0.516316
v 0.376069 0.6 0.483684
v 0.384515 0.6 0.452165
v 0.400831 0.6 0.423905
v 0.423905 0.6 0.400831
v 0.452165 0.6 0.384515
v 0.483684 0.6 0.376069
v 0.516316 0.6 0.376069
v 0.547835 0.6 0.384515
v 0.576095 0.6 0.400831
v 0.599169 0.6 0.423905
v 0.615485 0.6 0.452165
v 0.623931 0.6 0.483684
v 0.623931 0.76875 0.516316
v 0.615485 0.76875 0.547835
v 0.599169 0.76875 0.576095
v 0.576095 0.76875 0.599169
v 0.547835 0.76875 0.615485
v 0.516316 0.76875 0.623931
v 0.483684 0.76875 0.623931
v 0.452165 0.76875 0.615485
v 0.423905 0.76875 0.599169
v 0.400831 0.76875 0.576095
v 0.384515 0.76875 0.547835
v 0.376069 0.76875 0.516316
v 0.376069 0.76875 0.483684
v 0.384515 0.76875 0.452165
v 0.400831 0.76875 0.423905
v 0.423905 0.76875 0.400831
v 0.452165 0.76875 0.384515
v 0.483684 0.76875 0.376069
v 0.516316 0.76875 0.376069
v 0.547835 0.76875 0.384515
v 0.576095 0.76875 0.400831
v 0.599169 0.76875 0.423905
v 0.615485 0.76875 0.452165
v 0.623931 0.76875 0.483684
v 0.5 0.76875 0.5
vt 0.067603 0.269888
vt 0.067603 0.275879
vt 0.036621 0.275879
vt 0.036621 0.269888
vt 0.959204 0.279654
vt 0.959204 0.285645
vt 0.928223 0.285645
vt 0.928223 0.279654
vt 0.101782 0.269888
vt 0.101782 0.275879
vt 0.070801 0.275879
vt 0.070801 0.269888
vt 0.135962 0.269888
vt 0.135962 0.275879
vt 0.10498 0.275879
vt 0.10498 0.269888
vt 0.170142 0.269888
vt 0.170142 0.275879
vt 0.13916 0.275879
vt 0.13916 0.269888
vt 0.925024 0.279654
vt 0.925024 0.285645
vt 0.894043 0.285645
vt 0.894043 0.279654
vt 0.204321 0.269888
vt 0.204321 0.275879
vt 0.17334 0.275879
vt 0.17334 0.269888
vt 0.825684 0.285645
vt 0.825684 0.279654
vt 0.856665 0.279654
vt 0.856665 0.285645
vt 0.310059 0.275879
vt 0.310059 0.269888
vt 0.34104 0.269888
vt 0.34104 0.275879
vt 0.859863 0.285645
vt 0.859863 0.279654
vt 0.890845 0.279654
vt 0.890845 0.285645
vt 0.241699 0.275879
vt 0.241699 0.269888
vt 0.272681 0.269888
vt 0.272681 0.275879
vt 0.723145 0.285645
vt 0.723145 0.279654
vt 0.754126 0.279654
vt 0.754126 0.285645
vt 0.446777 0.275879
vt 0.446777 0.269888
vt 0.477759 0.269888
vt 0.477759 0.275879
vt 0.002441 0.275879
vt 0.002441 0.269888
vt 0.033423 0.269888
vt 0.033423 0.275879
vt 0.344238 0.275879
vt 0.344238 0.269888
vt 0.37522 0.269888
vt 0.37522 0.275879
vt 0.688965 0.285645
vt 0.688965 0.279654
vt 0.719946 0.279654
vt 0.719946 0.285645
vt 0.409399 0.269888
vt 0.409399 0.275879
vt 0.378418 0.275879
vt 0.378418 0.269888
vt 0.238501 0.269888
vt 0.238501 0.275879
vt 0.20752 0.275879
vt 0.20752 0.269888
vt 0.443579 0.269888
vt 0.443579 0.275879
vt 0.412598 0.275879
vt 0.412598 0.269888
vt 0.511938 0.269888
vt 0.511938 0.275879
vt 0.480957 0.275879
vt 0.480957 0.269888
vt 0.788306 0.279654
vt 0.788306 0.285645
vt 0.757324 0.285645
vt 0.757324 0.279654
vt 0.822485 0.279654
vt 0.822485 0.285645
vt 0.791504 0.285645
vt 0.791504 0.279654
vt 0.30686 0.269888
vt 0.30686 0.275879
vt 0.275879 0.275879
vt 0.275879 0.269888
vt 0.993384 0.279654
vt 0.993384 0.285645
vt 0.962402 0.285645
vt 0.962402 0.279654
vt 0.547648 0.707922
vt 0.541862 0.709473
vt 0.538866 0.68672
vt 0.552837 0.704927
vt 0.547648 0.707922
vt 0.538866 0.68672
vt 0.557073 0.70069
vt 0.552837 0.704927
vt 0.538866 0.68672
vt 0.560068 0.695502
vt 0.557073 0.70069
vt 0.538866 0.68672
vt 0.561619 0.689715
vt 0.560068 0.695502
vt 0.538866 0.68672
vt 0.561619 0.683724
vt 0.561619 0.689715
vt 0.538866 0.68672
vt 0.560068 0.677937
vt 0.561619 0.683724
vt 0.538866 0.68672
vt 0.557073 0.672749
vt 0.560068 0.677937
vt 0.538866 0.68672
vt 0.552837 0.668513
vt 0.557073 0.672749
vt 0.538866 0.68672
vt 0.547648 0.665517
vt 0.552837 0.668513
vt 0.538866 0.68672
vt 0.541862 0.663967
vt 0.547648 0.665517
vt 0.538866 0.68672
vt 0.535871 0.663967
vt 0.541862 0.663967
vt 0.538866 0.68672
vt 0.530084 0.665517
vt 0.535871 0.663967
vt 0.538866 0.68672
vt 0.524896 0.668513
vt 0.530084 0.665517
vt 0.538866 0.68672
vt 0.520659 0.672749
vt 0.524896 0.668513
vt 0.538866 0.68672
vt 0.517664 0.677937
vt 0.520659 0.672749
vt 0.538866 0.68672
vt 0.516113 0.683724
vt 0.517664 0.677937
vt 0.538866 0.68672
vt 0.516113 0.689715
vt 0.516113 0.683724
vt 0.538866 0.68672
vt 0.517664 0.695502
vt 0.516113 0.689715
vt 0.538866 0.68672
vt 0.520659 0.70069
vt 0.517664 0.695502
vt 0.538866 0.68672
vt 0.524896 0.704927
vt 0.520659 0.70069
vt 0.538866 0.68672
vt 0.530084 0.707922
vt 0.524896 0.704927
vt 0.538866 0.68672
vt 0.535871 0.709473
vt 0.530084 0.707922
vt 0.538866 0.68672
vt 0.541862 0.709473
vt 0.535871 0.709473
vt 0.538866 0.68672
vn 0.991445 0 0.130526
vn 0.92388 0 0.382683
vn 0.793353 0 0.608761
vn 0.608761 0 0.793353
vn 0.382683 0 0.92388
vn 0.130526 0 0.991445
vn -0.130526 0 0.991445
vn -0.382683 0 0.92388
vn -0.608761 0 0.793353
vn -0.793353 0 0.608761
vn -0.92388 0 0.382683
vn -0.991445 0 0.130526
vn -0.991445 0 -0.130526
vn -0.92388 0 -0.382683
vn -0.793353 0 -0.608761
vn -0.608761 0 -0.793353
vn -0.382683 0 -0.92388
vn -0.130526 0 -0.991445
vn 0.130526 0 -0.991445
vn 0.382683 0 -0.92388
vn 0.608761 0 -0.793353
vn 0.793353 0 -0.608761
vn 0.92388 0 -0.382683
vn 0.991445 0 -0.130526
vn 0 1 0
f 1056/2643/292 1057/2644/293 1033/2645/293 1032/2646/292
f 1057/2647/293 1058/2648/294 1034/2649/294 1033/2650/293
f 1058/2651/294 1059/2652/295 1035/2653/295 1034/2654/294
f 1059/2655/295 1060/2656/296 1036/2657/296 1035/2658/295
f 1060/2659/296 1061/2660/297 1037/2661/297 1036/2662/296
f 1061/2663/297 1062/2664/298 1038/2665/298 1037/2666/297
f 1062/2667/298 1063/2668/299 1039/2669/299 1038/2670/298
f 1063/2671/299 1064/2672/300 1040/2673/300 1039/2674/299
f 1064/2675/300 1065/2676/301 1041/2677/301 1040/2678/300
f 1065/2679/301 1066/2680/302 1042/2681/302 1041/2682/301
f 1066/2683/302 1067/2684/303 1043/2685/303 1042/2686/302
f 1067/2687/303 1068/2688/304 1044/2689/304 1043/2690/303
f 1068/2691/304 1069/2692/305 1045/2693/305 1044/2694/304
f 1069/2695/305 1070/2696/306 1046/2697/306 1045/2698/305
f 1070/2699/306 1071/2700/307 1047/2701/307 1046/2702/306
f 1071/2703/307 1072/2704/308 1048/2705/308 1047/2706/307
f 1072/2707/308 1073/2708/309 1049/2709/309 1048/2710/308
f 1073/2711/309 1074/2712/310 1050/2713/310 1049/2714/309
f 1074/2715/310 1075/2716/311 1051/2717/311 1050/2718/310
f 1075/2719/311 1076/2720/312 1052/2721/312 1051/2722/311
f 1076/2723/312 1077/2724/313 1053/2725/313 1052/2726/312
f 1077/2727/313 1078/2728/314 1054/2729/314 1053/2730/313
f 1078/2731/314 1079/2732/315 1055/2733/315 1054/2734/314
f 1079/2735/315 1056/2736/292 1032/2737/292 1055/2738/315
f 1057/2739/316 1056/2740/316 1080/2741/316
f 1058/2742/316 1057/2743/316 1080/2744/316
f 1059/2745/316 1058/2746/316 1080/2747/316
f 1060/2748/316 1059/2749/316 1080/2750/316
f 1061/2751/316 1060/2752/316 1080/2753/316
f 1062/2754/316 1061/2755/316 1080/2756/316
f 1063/2757/316 1062/2758/316 1080/2759/316
f 1064/2760/316 1063/2761/316 1080/2762/316
f 1065/2763/316 1064/2764/316 1080/2765/316
f 1066/2766/316 1065/2767/316 1080/2768/316
f 1067/2769/316 1066/2770/316 1080/2771/316
f 1068/2772/316 1067/2773/316 1080/2774/316
f 1069/2775/316 1068/2776/316 1080/2777/316
f 1070/2778/316 1069/2779/316 1080/2780/316
f 1071/2781/316 1070/2782/316 1080/2783/316
f 1072/2784/316 1071/2785/316 1080/2786/316
f 1073/2787/316 1072/2788/316 1080/2789/316
f 1074/2790/316 1073/2791/316 1080/2792/316
f 1075/2793/316 1074/2794/316 1080/2795/316
f 1076/2796/316 1075/2797/316 1080/2798/316
f 1077/2799/316 1076/2800/316 1080/2801/316
f 1078/2802/316 1077/2803/316 1080/2804/316
f 1079/2805/316 1078/2806/316 1080/2807/316
f 1056/2808/316 1079/2809/316 1080/2810/316
o body_discharge_flange
usemtl intake_pump
v 0.677267 0.76875 0.517459
v 0.670455 0.76875 0.551707
v 0.657092 0.76875 0.583968
v 0.637692 0.76875 0.613001
v 0.613001 0.76875 0.637692
v 0.583968 0.76875 0.657092
v 0.551707 0.76875 0.670455
v 0.517459 0.76875 0.677267
v 0.482541 0.76875 0.677267
v 0.448293 0.76875 0.670455
v 0.416032 0.76875 0.657092
v 0.386999 0.76875 0.637692
v 0.362308 0.76875 0.613001
v 0.342908 0.76875 0.583968
v 0.329545 0.76875 0.551707
v 0.322733 0.76875 0.517459
v 0.322733 0.76875 0.482541
v 0.329545 0.76875 0.448293
v 0.342908 0.76875 0.416032
v 0.362308 0.76875 0.386999
v 0.386999 0.76875 0.362308
v 0.416032 0.76875 0.342908
v 0.448293 0.76875 0.329545
v 0.482541 0.76875 0.322733
v 0.517459 0.76875 0.322733
v 0.551707 0.76875 0.329545
v 0.583968 0.76875 0.342908
v 0.613001 0.76875 0.362308
v 0.637692 0.76875 0.386999
v 0.657092 0.76875 0.416032
v 0.670455 0.76875 0.448293
v 0.677267 0.76875 0.482541
v 0.686597 0.77625 0.518378
v 0.679426 0.77625 0.554428
v 0.66536 0.77625 0.588387
v 0.644939 0.77625 0.618949
v 0.618949 0.77625 0.644939
v 0.588387 0.77625 0.66536
v 0.554428 0.77625 0.679426
v 0.518378 0.77625 0.686597
v 0.481622 0.77625 0.686597
v 0.445572 0.77625 0.679426
v 0.411613 0.77625 0.66536
v 0.381051 0.77625 0.644939
v 0.355061 0.77625 0.618949
v 0.33464 0.77625 0.588387
v 0.320574 0.77625 0.554428
v 0.313403 0.77625 0.518378
v 0.313403 0.77625 0.481622
v 0.320574 0.77625 0.445572
v 0.33464 0.77625 0.411613
v 0.355061 0.77625 0.381051
v 0.381051 0.77625 0.355061
v 0.411613 0.77625 0.33464
v 0.445572 0.77625 0.320574
v 0.481622 0.77625 0.313403
v 0.518378 0.77625 0.313403
v 0.554428 0.77625 0.320574
v 0.588387 0.77625 0.33464
v 0.618949 0.77625 0.355061
v 0.644939 0.77625 0.381051
v 0.66536 0.77625 0.411613
v 0.679426 0.77625 0.445572
v 0.686597 0.77625 0.481622
v 0.686597 0.7925 0.518378
v 0.679426 0.7925 0.554428
v 0.66536 0.7925 0.588387
v 0.644939 0.7925 0.618949
v 0.618949 0.7925 0.644939
v 0.588387 0.7925 0.66536
v 0.554428 0.7925 0.679426
v 0.518378 0.7925 0.686597
v 0.481622 0.7925 0.686597
v 0.445572 0.7925 0.679426
v 0.411613 0.7925 0.66536
v 0.381051 0.7925 0.644939
v 0.355061 0.7925 0.618949
v 0.33464 0.7925 0.588387
v 0.320574 0.7925 0.554428
v 0.313403 0.7925 0.518378
v 0.313403 0.7925 0.481622
v 0.320574 0.7925 0.445572
v 0.33464 0.7925 0.411613
v 0.355061 0.7925 0.381051
v 0.381051 0.7925 0.355061
v 0.411613 0.7925 0.33464
v 0.445572 0.7925 0.320574
v 0.481622 0.7925 0.313403
v 0.518378 0.7925 0.313403
v 0.554428 0.7925 0.320574
v 0.588387 0.7925 0.33464
v 0.618949 0.7925 0.355061
v 0.644939 0.7925 0.381051
v 0.66536 0.7925 0.411613
v 0.679426 0.7925 0.445572
v 0.686597 0.7925 0.481622
v 0.677267 0.8 0.517459
v 0.670455 0.8 0.551707
v 0.657092 0.8 0.583968
v 0.637692 0.8 0.613001
v 0.613001 0.8 0.637692
v 0.583968 0.8 0.657092
v 0.551707 0.8 0.670455
v 0.517459 0.8 0.677267
v 0.482541 0.8 0.677267
v 0.448293 0.8 0.670455
v 0.416032 0.8 0.657092
v 0.386999 0.8 0.637692
v 0.362308 0.8 0.613001
v 0.342908 0.8 0.583968
v 0.329545 0.8 0.551707
v 0.322733 0.8 0.517459
v 0.322733 0.8 0.482541
v 0.329545 0.8 0.448293
v 0.342908 0.8 0.416032
v 0.362308 0.8 0.386999
v 0.386999 0.8 0.362308
v 0.416032 0.8 0.342908
v 0.448293 0.8 0.329545
v 0.482541 0.8 0.322733
v 0.517459 0.8 0.322733
v 0.551707 0.8 0.329545
v 0.583968 0.8 0.342908
v 0.613001 0.8 0.362308
v 0.637692 0.8 0.386999
v 0.657092 0.8 0.416032
v 0.670455 0.8 0.448293
v 0.677267 0.8 0.482541
v 0.5 0.76875 0.5
v 0.5 0.8 0.5
vt 0.905266 0.331369
vt 0.911932 0.332418
vt 0.911424 0.334563
vt 0.905091 0.333566
vt 0.911932 0.332418
vt 0.918309 0.334476
vt 0.917482 0.336518
vt 0.911424 0.334563
vt 0.918309 0.334476
vt 0.92415 0.337463
vt 0.923031 0.339355
vt 0.917482 0.336518
vt 0.03819 0.429901
vt 0.033824 0.434981
vt 0.03227 0.433418
vt 0.036417 0.428592
vt 0.033824 0.434981
vt 0.02869 0.43936
vt 0.027392 0.437579
vt 0.03227 0.433418
vt 0.02869 0.43936
vt 0.022985 0.442871
vt 0.021973 0.440914
vt 0.027392 0.437579
vt 0.217739 0.118598
vt 0.211121 0.119629
vt 0.210952 0.117431
vt 0.21724 0.116452
vt 0.211121 0.119629
vt 0.204372 0.119629
vt 0.204541 0.117431
vt 0.210952 0.117431
vt 0.204372 0.119629
vt 0.197754 0.118598
vt 0.198254 0.116452
vt 0.204541 0.117431
vt 0.056709 0.442871
vt 0.051004 0.43936
vt 0.052302 0.437579
vt 0.057722 0.440914
vt 0.051004 0.43936
vt 0.04587 0.434981
vt 0.047425 0.433418
vt 0.052302 0.437579
vt 0.04587 0.434981
vt 0.041504 0.429901
vt 0.043277 0.428592
vt 0.047425 0.433418
vt 0.595857 0.344906
vt 0.58988 0.34793
vt 0.589041 0.345891
vt 0.594719 0.343019
vt 0.58988 0.34793
vt 0.583461 0.350012
vt 0.582943 0.34787
vt 0.589041 0.345891
vt 0.583461 0.350012
vt 0.576847 0.351074
vt 0.57666 0.348879
vt 0.582943 0.34787
vt 0.446993 0.194824
vt 0.440295 0.194824
vt 0.440466 0.192627
vt 0.44683 0.192627
vt 0.440295 0.194824
vt 0.433627 0.193785
vt 0.434132 0.19164
vt 0.440466 0.192627
vt 0.433627 0.193785
vt 0.427246 0.191747
vt 0.42807 0.189704
vt 0.434132 0.19164
vt 0.935167 0.425293
vt 0.92932 0.422023
vt 0.930543 0.420189
vt 0.936097 0.423295
vt 0.92932 0.422023
vt 0.924008 0.417862
vt 0.925496 0.416236
vt 0.930543 0.420189
vt 0.924008 0.417862
vt 0.919434 0.412969
vt 0.92115 0.411587
vt 0.925496 0.416236
vt 0.969238 0.304195
vt 0.975399 0.301567
vt 0.976104 0.303655
vt 0.970251 0.306152
vt 0.975399 0.301567
vt 0.98194 0.299906
vt 0.982318 0.302077
vt 0.976104 0.303655
vt 0.98194 0.299906
vt 0.988609 0.299276
vt 0.988653 0.301479
vt 0.982318 0.302077
vt 0.147534 0.380107
vt 0.153867 0.38229
vt 0.152989 0.384311
vt 0.146973 0.382238
vt 0.153867 0.38229
vt 0.159833 0.385444
vt 0.158656 0.387308
vt 0.152989 0.384311
vt 0.159833 0.385444
vt 0.165202 0.38945
vt 0.163757 0.391113
vt 0.158656 0.387308
vt 0.189941 0.389444
vt 0.195327 0.385461
vt 0.196496 0.38733
vt 0.191379 0.391113
vt 0.195327 0.385461
vt 0.201306 0.382331
vt 0.202176 0.384357
vt 0.196496 0.38733
vt 0.201306 0.382331
vt 0.207648 0.380176
vt 0.208201 0.382309
vt 0.202176 0.384357
vt 0.89209 0.332418
vt 0.898566 0.331369
vt 0.898726 0.333566
vt 0.892574 0.334563
vt 0.898566 0.331369
vt 0.905266 0.331369
vt 0.905091 0.333566
vt 0.898726 0.333566
vt 0.329372 0.10981
vt 0.336121 0.10981
vt 0.336121 0.112793
vt 0.329372 0.112793
vt 0.336121 0.10981
vt 0.342739 0.10981
vt 0.342739 0.112793
vt 0.336121 0.112793
vt 0.728027 0.10981
vt 0.734743 0.10981
vt 0.734743 0.112793
vt 0.728027 0.112793
vt 0.734743 0.10981
vt 0.741459 0.10981
vt 0.741459 0.112793
vt 0.734743 0.112793
vt 0.744629 0.10981
vt 0.751345 0.10981
vt 0.751345 0.112793
vt 0.744629 0.112793
vt 0.751345 0.10981
vt 0.75806 0.10981
vt 0.75806 0.112793
vt 0.751345 0.112793
vt 0.774662 0.112793
vt 0.767946 0.112793
vt 0.767946 0.10981
vt 0.774662 0.10981
vt 0.767946 0.112793
vt 0.76123 0.112793
vt 0.76123 0.10981
vt 0.767946 0.10981
vt 0.791264 0.112793
vt 0.784548 0.112793
vt 0.784548 0.10981
vt 0.791264 0.10981
vt 0.784548 0.112793
vt 0.777832 0.112793
vt 0.777832 0.10981
vt 0.784548 0.10981
vt 0.807865 0.112793
vt 0.801149 0.112793
vt 0.801149 0.10981
vt 0.807865 0.10981
vt 0.801149 0.112793
vt 0.794434 0.112793
vt 0.794434 0.10981
vt 0.801149 0.10981
vt 0.824467 0.112793
vt 0.817751 0.112793
vt 0.817751 0.10981
vt 0.824467 0.10981
vt 0.817751 0.112793
vt 0.811035 0.112793
vt 0.811035 0.10981
vt 0.817751 0.10981
vt 0.841068 0.112793
vt 0.834352 0.112793
vt 0.834352 0.10981
vt 0.841068 0.10981
vt 0.834352 0.112793
vt 0.827637 0.112793
vt 0.827637 0.10981
vt 0.834352 0.10981
vt 0.85767 0.112793
vt 0.850954 0.112793
vt 0.850954 0.10981
vt 0.85767 0.10981
vt 0.850954 0.112793
vt 0.844238 0.112793
vt 0.844238 0.10981
vt 0.850954 0.10981
vt 0.874271 0.112793
vt 0.867556 0.112793
vt 0.867556 0.10981
vt 0.874271 0.10981
vt 0.867556 0.112793
vt 0.86084 0.112793
vt 0.86084 0.10981
vt 0.867556 0.10981
vt 0.691654 0.112793
vt 0.684938 0.112793
vt 0.684938 0.10981
vt 0.691654 0.10981
vt 0.684938 0.112793
vt 0.678223 0.112793
vt 0.678223 0.10981
vt 0.684938 0.10981
vt 0.890873 0.112793
vt 0.884157 0.112793
vt 0.884157 0.10981
vt 0.890873 0.10981
vt 0.884157 0.112793
vt 0.877441 0.112793
vt 0.877441 0.10981
vt 0.884157 0.10981
vt 0.708256 0.112793
vt 0.70154 0.112793
vt 0.70154 0.10981
vt 0.708256 0.10981
vt 0.70154 0.112793
vt 0.694824 0.112793
vt 0.694824 0.10981
vt 0.70154 0.10981
vt 0.894043 0.10981
vt 0.900759 0.10981
vt 0.900759 0.112793
vt 0.894043 0.112793
vt 0.900759 0.10981
vt 0.907474 0.10981
vt 0.907474 0.112793
vt 0.900759 0.112793
vt 0.711426 0.10981
vt 0.718142 0.10981
vt 0.718142 0.112793
vt 0.711426 0.112793
vt 0.718142 0.10981
vt 0.724857 0.10981
vt 0.724857 0.112793
vt 0.718142 0.112793
vt 0.17041 0.102974
vt 0.177158 0.102974
vt 0.177158 0.105957
vt 0.17041 0.105957
vt 0.322754 0.10981
vt 0.329372 0.10981
vt 0.329372 0.112793
vt 0.322754 0.112793
vt 0.940248 0.337159
vt 0.94658 0.336162
vt 0.947089 0.338306
vt 0.940422 0.339355
vt 0.94658 0.336162
vt 0.952638 0.334207
vt 0.953465 0.336249
vt 0.947089 0.338306
vt 0.952638 0.334207
vt 0.958187 0.331369
vt 0.959306 0.333262
vt 0.953465 0.336249
vt 0.004214 0.428592
vt 0.008362 0.433418
vt 0.006808 0.434981
vt 0.002441 0.429901
vt 0.008362 0.433418
vt 0.01324 0.437579
vt 0.011942 0.43936
vt 0.006808 0.434981
vt 0.01324 0.437579
vt 0.018659 0.440914
vt 0.017646 0.442871
vt 0.011942 0.43936
vt 0.221691 0.116452
vt 0.227979 0.117431
vt 0.22781 0.119629
vt 0.221191 0.118598
vt 0.227979 0.117431
vt 0.23439 0.117431
vt 0.234558 0.119629
vt 0.22781 0.119629
vt 0.23439 0.117431
vt 0.240677 0.116452
vt 0.241177 0.118598
vt 0.234558 0.119629
vt 0.061035 0.440914
vt 0.066455 0.437579
vt 0.067753 0.43936
vt 0.062048 0.442871
vt 0.066455 0.437579
vt 0.071332 0.433418
vt 0.072887 0.434981
vt 0.067753 0.43936
vt 0.071332 0.433418
vt 0.07548 0.428592
vt 0.077253 0.429901
vt 0.072887 0.434981
vt 0.572259 0.351074
vt 0.56658 0.348202
vt 0.567419 0.346163
vt 0.573396 0.349187
vt 0.56658 0.348202
vt 0.560482 0.346223
vt 0.561 0.344081
vt 0.567419 0.346163
vt 0.560482 0.346223
vt 0.554199 0.345215
vt 0.554386 0.343019
vt 0.561 0.344081
vt 0.423392 0.191901
vt 0.417029 0.191901
vt 0.416857 0.189704
vt 0.423556 0.189704
vt 0.417029 0.191901
vt 0.410695 0.192888
vt 0.41019 0.190743
vt 0.416857 0.189704
vt 0.410695 0.192888
vt 0.404633 0.194824
vt 0.403809 0.192781
vt 0.41019 0.190743
vt 0.915589 0.413585
vt 0.910035 0.416691
vt 0.908813 0.414857
vt 0.914659 0.411587
vt 0.910035 0.416691
vt 0.904988 0.420644
vt 0.9035 0.419018
vt 0.908813 0.414857
vt 0.904988 0.420644
vt 0.900643 0.425293
vt 0.898926 0.423912
vt 0.9035 0.419018
vt 0.965179 0.306152
vt 0.959326 0.303655
vt 0.960031 0.301567
vt 0.966192 0.304195
vt 0.959326 0.303655
vt 0.953113 0.302077
vt 0.95349 0.299906
vt 0.960031 0.301567
vt 0.953113 0.302077
vt 0.946777 0.301479
vt 0.946821 0.299276
vt 0.95349 0.299906
vt 0.186686 0.382238
vt 0.18067 0.384311
vt 0.179791 0.38229
vt 0.186124 0.380107
vt 0.18067 0.384311
vt 0.175002 0.387308
vt 0.173826 0.385444
vt 0.179791 0.38229
vt 0.175002 0.387308
vt 0.169902 0.391113
vt 0.168457 0.38945
vt 0.173826 0.385444
vt 0.212864 0.380176
vt 0.21798 0.38396
vt 0.216812 0.385828
vt 0.211426 0.381846
vt 0.21798 0.38396
vt 0.22366 0.386932
vt 0.22279 0.388958
vt 0.216812 0.385828
vt 0.22366 0.386932
vt 0.229685 0.38898
vt 0.229133 0.391113
vt 0.22279 0.388958
vt 0.92773 0.336162
vt 0.933883 0.337159
vt 0.933722 0.339355
vt 0.927246 0.338306
vt 0.933883 0.337159
vt 0.940248 0.337159
vt 0.940422 0.339355
vt 0.933722 0.339355
vt 0.034987 0.745287
vt 0.038192 0.712742
vt 0.04448 0.713992
vt 0.034987 0.745287
vt 0.04448 0.713992
vt 0.050402 0.716446
vt 0.034987 0.745287
vt 0.050402 0.716446
vt 0.055733 0.720007
vt 0.034987 0.745287
vt 0.055733 0.720007
vt 0.060266 0.724541
vt 0.034987 0.745287
vt 0.060266 0.724541
vt 0.063828 0.729871
vt 0.034987 0.745287
vt 0.063828 0.729871
vt 0.066281 0.735794
vt 0.034987 0.745287
vt 0.066281 0.735794
vt 0.067532 0.742081
vt 0.034987 0.745287
vt 0.067532 0.742081
vt 0.067532 0.748492
vt 0.034987 0.745287
vt 0.067532 0.748492
vt 0.066281 0.75478
vt 0.034987 0.745287
vt 0.066281 0.75478
vt 0.063828 0.760703
vt 0.034987 0.745287
vt 0.063828 0.760703
vt 0.060266 0.766033
vt 0.034987 0.745287
vt 0.060266 0.766033
vt 0.055733 0.770566
vt 0.034987 0.745287
vt 0.055733 0.770566
vt 0.050402 0.774128
vt 0.034987 0.745287
vt 0.050402 0.774128
vt 0.04448 0.776581
vt 0.034987 0.745287
vt 0.04448 0.776581
vt 0.038192 0.777832
vt 0.034987 0.745287
vt 0.038192 0.777832
vt 0.031781 0.777832
vt 0.034987 0.745287
vt 0.031781 0.777832
vt 0.025493 0.776581
vt 0.034987 0.745287
vt 0.025493 0.776581
vt 0.019571 0.774128
vt 0.034987 0.745287
vt 0.019571 0.774128
vt 0.01424 0.770566
vt 0.034987 0.745287
vt 0.01424 0.770566
vt 0.009707 0.766033
vt 0.034987 0.745287
vt 0.009707 0.766033
vt 0.006145 0.760703
vt 0.034987 0.745287
vt 0.006145 0.760703
vt 0.003692 0.75478
vt 0.034987 0.745287
vt 0.003692 0.75478
vt 0.002441 0.748492
vt 0.034987 0.745287
vt 0.002441 0.748492
vt 0.002441 0.742081
vt 0.034987 0.745287
vt 0.002441 0.742081
vt 0.003692 0.735794
vt 0.034987 0.745287
vt 0.003692 0.735794
vt 0.006145 0.729871
vt 0.034987 0.745287
vt 0.006145 0.729871
vt 0.009707 0.724541
vt 0.034987 0.745287
vt 0.009707 0.724541
vt 0.01424 0.720007
vt 0.034987 0.745287
vt 0.01424 0.720007
vt 0.019571 0.716446
vt 0.034987 0.745287
vt 0.019571 0.716446
vt 0.025493 0.713992
vt 0.034987 0.745287
vt 0.025493 0.713992
vt 0.031781 0.712742
vt 0.034987 0.745287
vt 0.031781 0.712742
vt 0.038192 0.712742
vt 0.112839 0.776581
vt 0.106551 0.777832
vt 0.103346 0.745287
vt 0.118762 0.774128
vt 0.112839 0.776581
vt 0.103346 0.745287
vt 0.124092 0.770566
vt 0.118762 0.774128
vt 0.103346 0.745287
vt 0.128625 0.766033
vt 0.124092 0.770566
vt 0.103346 0.745287
vt 0.132187 0.760703
vt 0.128625 0.766033
vt 0.103346 0.745287
vt 0.13464 0.75478
vt 0.132187 0.760703
vt 0.103346 0.745287
vt 0.135891 0.748492
vt 0.13464 0.75478
vt 0.103346 0.745287
vt 0.135891 0.742081
vt 0.135891 0.748492
vt 0.103346 0.745287
vt 0.13464 0.735794
vt 0.135891 0.742081
vt 0.103346 0.745287
vt 0.132187 0.729871
vt 0.13464 0.735794
vt 0.103346 0.745287
vt 0.128625 0.724541
vt 0.132187 0.729871
vt 0.103346 0.745287
vt 0.124092 0.720007
vt 0.128625 0.724541
vt 0.103346 0.745287
vt 0.118762 0.716446
vt 0.124092 0.720007
vt 0.103346 0.745287
vt 0.112839 0.713992
vt 0.118762 0.716446
vt 0.103346 0.745287
vt 0.106551 0.712742
vt 0.112839 0.713992
vt 0.103346 0.745287
vt 0.100141 0.712742
vt 0.106551 0.712742
vt 0.103346 0.745287
vt 0.093853 0.713992
vt 0.100141 0.712742
vt 0.103346 0.745287
vt 0.08793 0.716446
vt 0.093853 0.713992
vt 0.103346 0.745287
vt 0.0826 0.720007
vt 0.08793 0.716446
vt 0.103346 0.745287
vt 0.078066 0.724541
vt 0.0826 0.720007
vt 0.103346 0.745287
vt 0.074505 0.729871
vt 0.078066 0.724541
vt 0.103346 0.745287
vt 0.072051 0.735794
vt 0.074505 0.729871
vt 0.103346 0.745287
vt 0.070801 0.742081
vt 0.072051 0.735794
vt 0.103346 0.745287
vt 0.070801 0.748492
vt 0.070801 0.742081
vt 0.103346 0.745287
vt 0.072051 0.75478
vt 0.070801 0.748492
vt 0.103346 0.745287
vt 0.074505 0.760703
vt 0.072051 0.75478
vt 0.103346 0.745287
vt 0.078066 0.766033
vt 0.074505 0.760703
vt 0.103346 0.745287
vt 0.0826 0.770566
vt 0.078066 0.766033
vt 0.103346 0.745287
vt 0.08793 0.774128
vt 0.0826 0.770566
vt 0.103346 0.745287
vt 0.093853 0.776581
vt 0.08793 0.774128
vt 0.103346 0.745287
vt 0.100141 0.777832
vt 0.093853 0.776581
vt 0.103346 0.745287
vt 0.106551 0.777832
vt 0.100141 0.777832
vt 0.103346 0.745287
vn 0.621687 -0.780869 0.061231
vn 0.597796 -0.780869 0.181339
vn 0.550932 -0.780869 0.294479
vn 0.482896 -0.780869 0.396302
vn 0.396302 -0.780869 0.482896
vn 0.294479 -0.780869 0.550932
vn 0.181339 -0.780869 0.597796
vn 0.061231 -0.780869 0.621687
vn -0.061231 -0.780869 0.621687
vn -0.181339 -0.780869 0.597796
vn -0.294479 -0.780869 0.550932
vn -0.396302 -0.780869 0.482896
vn -0.482896 -0.780869 0.396302
vn -0.550932 -0.780869 0.294479
vn -0.597796 -0.780869 0.181339
vn -0.621687 -0.780869 0.061231
vn -0.621687 -0.780869 -0.061231
vn -0.597796 -0.780869 -0.181339
vn -0.550932 -0.780869 -0.294479
vn -0.482896 -0.780869 -0.396302
vn -0.396302 -0.780869 -0.482896
vn -0.294479 -0.780869 -0.550932
vn -0.181339 -0.780869 -0.597796
vn -0.061231 -0.780869 -0.621687
vn 0.061231 -0.780869 -0.621687
vn 0.181339 -0.780869 -0.597796
vn 0.294479 -0.780869 -0.550932
vn 0.396302 -0.780869 -0.482896
vn 0.482896 -0.780869 -0.396302
vn 0.550932 -0.780869 -0.294479
vn 0.597796 -0.780869 -0.181339
vn 0.621687 -0.780869 -0.061231
vn 0.995185 0 0.098017
vn 0.95694 0 0.290285
vn 0.881921 0 0.471397
vn 0.77301 0 0.634393
vn 0.634393 0 0.77301
vn 0.471397 0 0.881921
vn 0.290285 0 0.95694
vn 0.098017 0 0.995185
vn -0.098017 0 0.995185
vn -0.290285 0 0.95694
vn -0.471397 0 0.881921
vn -0.634393 0 0.77301
vn -0.77301 0 0.634393
vn -0.881921 0 0.471397
vn -0.95694 0 0.290285
vn -0.995185 0 0.098017
vn -0.995185 0 -0.098017
vn -0.95694 0 -0.290285
vn -0.881921 0 -0.471397
vn -0.77301 0 -0.634393
vn -0.634393 0 -0.77301
vn -0.471397 0 -0.881921
vn -0.290285 0 -0.95694
vn -0.098017 0 -0.995185
vn 0.098017 0 -0.995185
vn 0.290285 0 -0.95694
vn 0.471397 0 -0.881921
vn 0.634393 0 -0.77301
vn 0.77301 0 -0.634393
vn 0.881921 0 -0.471397
vn 0.95694 0 -0.290285
vn 0.995185 0 -0.098017
vn 0.621687 0.780869 0.061231
vn 0.597796 0.780869 0.181339
vn 0.550932 0.780869 0.294479
vn 0.482896 0.780869 0.396302
vn 0.396302 0.780869 0.482896
vn 0.294479 0.780869 0.550932
vn 0.181339 0.780869 0.597796
vn 0.061231 0.780869 0.621687
vn -0.061231 0.780869 0.621687
vn -0.181339 0.780869 0.597796
vn -0.294479 0.780869 0.550932
vn -0.396302 0.780869 0.482896
vn -0.482896 0.780869 0.396302
vn -0.550932 0.780869 0.294479
vn -0.597796 0.780869 0.181339
vn -0.621687 0.780869 0.061231
vn -0.621687 0.780869 -0.061231
vn -0.597796 0.780869 -0.181339
vn -0.550932 0.780869 -0.294479
vn -0.482896 0.780869 -0.396302
vn -0.396302 0.780869 -0.482896
vn -0.294479 0.780869 -0.550932
vn -0.181339 0.780869 -0.597796
vn -0.061231 0.780869 -0.621687
vn 0.061231 0.780869 -0.621687
vn 0.181339 0.780869 -0.597796
vn 0.294479 0.780869 -0.550932
vn 0.396302 0.780869 -0.482896
vn 0.482896 0.780869 -0.396302
vn 0.550932 0.780869 -0.294479
vn 0.597796 0.780869 -0.181339
vn 0.621687 0.780869 -0.061231
vn 0 -1 0
vn 0 1 0
f 1113/2811/317 1114/2812/318 1082/2813/318 1081/2814/317
f 1114/2815/318 1115/2816/319 1083/2817/319 1082/2818/318
f 1115/2819/319 1116/2820/320 1084/2821/320 1083/2822/319
f 1116/2823/320 1117/2824/321 1085/2825/321 1084/2826/320
f 1117/2827/321 1118/2828/322 1086/2829/322 1085/2830/321
f 1118/2831/322 1119/2832/323 1087/2833/323 1086/2834/322
f 1119/2835/323 1120/2836/324 1088/2837/324 1087/2838/323
f 1120/2839/324 1121/2840/325 1089/2841/325 1088/2842/324
f 1121/2843/325 1122/2844/326 1090/2845/326 1089/2846/325
f 1122/2847/326 1123/2848/327 1091/2849/327 1090/2850/326
f 1123/2851/327 1124/2852/328 1092/2853/328 1091/2854/327
f 1124/2855/328 1125/2856/329 1093/2857/329 1092/2858/328
f 1125/2859/329 1126/2860/330 1094/2861/330 1093/2862/329
f 1126/2863/330 1127/2864/331 1095/2865/331 1094/2866/330
f 1127/2867/331 1128/2868/332 1096/2869/332 1095/2870/331
f 1128/2871/332 1129/2872/333 1097/2873/333 1096/2874/332
f 1129/2875/333 1130/2876/334 1098/2877/334 1097/2878/333
f 1130/2879/334 1131/2880/335 1099/2881/335 1098/2882/334
f 1131/2883/335 1132/2884/336 1100/2885/336 1099/2886/335
f 1132/2887/336 1133/2888/337 1101/2889/337 1100/2890/336
f 1133/2891/337 1134/2892/338 1102/2893/338 1101/2894/337
f 1134/2895/338 1135/2896/339 1103/2897/339 1102/2898/338
f 1135/2899/339 1136/2900/340 1104/2901/340 1103/2902/339
f 1136/2903/340 1137/2904/341 1105/2905/341 1104/2906/340
f 1137/2907/341 1138/2908/342 1106/2909/342 1105/2910/341
f 1138/2911/342 1139/2912/343 1107/2913/343 1106/2914/342
f 1139/2915/343 1140/2916/344 1108/2917/344 1107/2918/343
f 1140/2919/344 1141/2920/345 1109/2921/345 1108/2922/344
f 1141/2923/345 1142/2924/346 1110/2925/346 1109/2926/345
f 1142/2927/346 1143/2928/347 1111/2929/347 1110/2930/346
f 1143/2931/347 1144/2932/348 1112/2933/348 1111/2934/347
f 1144/2935/348 1113/2936/317 1081/2937/317 1112/2938/348
f 1145/2939/349 1146/2940/350 1114/2941/350 1113/2942/349
f 1146/2943/350 1147/2944/351 1115/2945/351 1114/2946/350
f 1147/2947/351 1148/2948/352 1116/2949/352 1115/2950/351
f 1148/2951/352 1149/2952/353 1117/2953/353 1116/2954/352
f 1149/2955/353 1150/2956/354 1118/2957/354 1117/2958/353
f 1150/2959/354 1151/2960/355 1119/2961/355 1118/2962/354
f 1151/2963/355 1152/2964/356 1120/2965/356 1119/2966/355
f 1152/2967/356 1153/2968/357 1121/2969/357 1120/2970/356
f 1153/2971/357 1154/2972/358 1122/2973/358 1121/2974/357
f 1154/2975/358 1155/2976/359 1123/2977/359 1122/2978/358
f 1155/2979/359 1156/2980/360 1124/2981/360 1123/2982/359
f 1156/2983/360 1157/2984/361 1125/2985/361 1124/2986/360
f 1157/2987/361 1158/2988/362 1126/2989/362 1125/2990/361
f 1158/2991/362 1159/2992/363 1127/2993/363 1126/2994/362
f 1159/2995/363 1160/2996/364 1128/2997/364 1127/2998/363
f 1160/2999/364 1161/3000/365 1129/3001/365 1128/3002/364
f 1161/3003/365 1162/3004/366 1130/3005/366 1129/3006/365
f 1162/3007/366 1163/3008/367 1131/3009/367 1130/3010/366
f 1163/3011/367 1164/3012/368 1132/3013/368 1131/3014/367
f 1164/3015/368 1165/3016/369 1133/3017/369 1132/3018/368
f 1165/3019/369 1166/3020/370 1134/3021/370 1133/3022/369
f 1166/3023/370 1167/3024/371 1135/3025/371 1134/3026/370
f 1167/3027/371 1168/3028/372 1136/3029/372 1135/3030/371
f 1168/3031/372 1169/3032/373 1137/3033/373 1136/3034/372
f 1169/3035/373 1170/3036/374 1138/3037/374 1137/3038/373
f 1170/3039/374 1171/3040/375 1139/3041/375 1138/3042/374
f 1171/3043/375 1172/3044/376 1140/3045/376 1139/3046/375
f 1172/3047/376 1173/3048/377 1141/3049/377 1140/3050/376
f 1173/3051/377 1174/3052/378 1142/3053/378 1141/3054/377
f 1174/3055/378 1175/3056/379 1143/3057/379 1142/3058/378
f 1175/3059/379 1176/3060/380 1144/3061/380 1143/3062/379
f 1176/3063/380 1145/3064/349 1113/3065/349 1144/3066/380
f 1177/3067/381 1178/3068/382 1146/3069/382 1145/3070/381
f 1178/3071/382 1179/3072/383 1147/3073/383 1146/3074/382
f 1179/3075/383 1180/3076/384 1148/3077/384 1147/3078/383
f 1180/3079/384 1181/3080/385 1149/3081/385 1148/3082/384
f 1181/3083/385 1182/3084/386 1150/3085/386 1149/3086/385
f 1182/3087/386 1183/3088/387 1151/3089/387 1150/3090/386
f 1183/3091/387 1184/3092/388 1152/3093/388 1151/3094/387
f 1184/3095/388 1185/3096/389 1153/3097/389 1152/3098/388
f 1185/3099/389 1186/3100/390 1154/3101/390 1153/3102/389
f 1186/3103/390 1187/3104/391 1155/3105/391 1154/3106/390
f 1187/3107/391 1188/3108/392 1156/3109/392 1155/3110/391
f 1188/3111/392 1189/3112/393 1157/3113/393 1156/3114/392
f 1189/3115/393 1190/3116/394 1158/3117/394 1157/3118/393
f 1190/3119/394 1191/3120/395 1159/3121/395 1158/3122/394
f 1191/3123/395 1192/3124/396 1160/3125/396 1159/3126/395
f 1192/3127/396 1193/3128/397 1161/3129/397 1160/3130/396
f 1193/3131/397 1194/3132/398 1162/3133/398 1161/3134/397
f 1194/3135/398 1195/3136/399 1163/3137/399 1162/3138/398
f 1195/3139/399 1196/3140/400 1164/3141/400 1163/3142/399
f 1196/3143/400 1197/3144/401 1165/3145/401 1164/3146/400
f 1197/3147/401 1198/3148/402 1166/3149/402 1165/3150/401
f 1198/3151/402 1199/3152/403 1167/3153/403 1166/3154/402
f 1199/3155/403 1200/3156/404 1168/3157/404 1167/3158/403
f 1200/3159/404 1201/3160/405 1169/3161/405 1168/3162/404
f 1201/3163/405 1202/3164/406 1170/3165/406 1169/3166/405
f 1202/3167/406 1203/3168/407 1171/3169/407 1170/3170/406
f 1203/3171/407 1204/3172/408 1172/3173/408 1171/3174/407
f 1204/3175/408 1205/3176/409 1173/3177/409 1172/3178/408
f 1205/3179/409 1206/3180/410 1174/3181/410 1173/3182/409
f 1206/3183/410 1207/3184/411 1175/3185/411 1174/3186/410
f 1207/3187/411 1208/3188/412 1176/3189/412 1175/3190/411
f 1208/3191/412 1177/3192/381 1145/3193/381 1176/3194/412
f 1209/3195/413 1081/3196/413 1082/3197/413
f 1209/3198/413 1082/3199/413 1083/3200/413
f 1209/3201/413 1083/3202/413 1084/3203/413
f 1209/3204/413 1084/3205/413 1085/3206/413
f 1209/3207/413 1085/3208/413 1086/3209/413
f 1209/3210/413 1086/3211/413 1087/3212/413
f 1209/3213/413 1087/3214/413 1088/3215/413
f 1209/3216/413 1088/3217/413 1089/3218/413
f 1209/3219/413 1089/3220/413 1090/3221/413
f 1209/3222/413 1090/3223/413 1091/3224/413
f 1209/3225/413 1091/3226/413 1092/3227/413
f 1209/3228/413 1092/3229/413 1093/3230/413
f 1209/3231/413 1093/3232/413 1094/3233/413
f 1209/3234/413 1094/3235/413 1095/3236/413
f 1209/3237/413 1095/3238/413 1096/3239/413
f 1209/3240/413 1096/3241/413 1097/3242/413
f 1209/3243/413 1097/3244/413 1098/3245/413
f 1209/3246/413 1098/3247/413 1099/3248/413
f 1209/3249/413 1099/3250/413 1100/3251/413
f 1209/3252/413 1100/3253/413 1101/3254/413
f 1209/3255/413 1101/3256/413 1102/3257/413
f 1209/3258/413 1102/3259/413 1103/3260/413
f 1209/3261/413 1103/3262/413 1104/3263/413
f 1209/3264/413 1104/3265/413 1105/3266/413
f 1209/3267/413 1105/3268/413 1106/3269/413
f 1209/3270/413 1106/3271/413 1107/3272/413
f 1209/3273/413 1107/3274/413 1108/3275/413
f 1209/3276/413 1108/3277/413 1109/3278/413
f 1209/3279/413 1109/3280/413 1110/3281/413
f 1209/3282/413 1110/3283/413 1111/3284/413
f 1209/3285/413 1111/3286/413 1112/3287/413
f 1209/3288/413 1112/3289/413 1081/3290/413
f 1178/3291/414 1177/3292/414 1210/3293/414
f 1179/3294/414 1178/3295/414 1210/3296/414
f 1180/3297/414 1179/3298/414 1210/3299/414
f 1181/3300/414 1180/3301/414 1210/3302/414
f 1182/3303/414 1181/3304/414 1210/3305/414
f 1183/3306/414 1182/3307/414 1210/3308/414
f 1184/3309/414 1183/3310/414 1210/3311/414
f 1185/3312/414 1184/3313/414 1210/3314/414
f 1186/3315/414 1185/3316/414 1210/3317/414
f 1187/3318/414 1186/3319/414 1210/3320/414
f 1188/3321/414 1187/3322/414 1210/3323/414
f 1189/3324/414 1188/3325/414 1210/3326/414
f 1190/3327/414 1189/3328/414 1210/3329/414
f 1191/3330/414 1190/3331/414 1210/3332/414
f 1192/3333/414 1191/3334/414 1210/3335/414
f 1193/3336/414 1192/3337/414 1210/3338/414
f 1194/3339/414 1193/3340/414 1210/3341/414
f 1195/3342/414 1194/3343/414 1210/3344/414
f 1196/3345/414 1195/3346/414 1210/3347/414
f 1197/3348/414 1196/3349/414 1210/3350/414
f 1198/3351/414 1197/3352/414 1210/3353/414
f 1199/3354/414 1198/3355/414 1210/3356/414
f 1200/3357/414 1199/3358/414 1210/3359/414
f 1201/3360/414 1200/3361/414 1210/3362/414
f 1202/3363/414 1201/3364/414 1210/3365/414
f 1203/3366/414 1202/3367/414 1210/3368/414
f 1204/3369/414 1203/3370/414 1210/3371/414
f 1205/3372/414 1204/3373/414 1210/3374/414
f 1206/3375/414 1205/3376/414 1210/3377/414
f 1207/3378/414 1206/3379/414 1210/3380/414
f 1208/3381/414 1207/3382/414 1210/3383/414
f 1177/3384/414 1208/3385/414 1210/3386/414
o body_discharge_bolts
usemtl intake_pump
v 0.62428 0.8 0.631143
v 0.633655 0.8 0.614905
v 0.62428 0.8 0.598667
v 0.60553 0.8 0.598667
v 0.596155 0.8 0.614905
v 0.60553 0.8 0.631143
v 0.62428 0.815625 0.631143
v 0.633655 0.815625 0.614905
v 0.62428 0.815625 0.598667
v 0.60553 0.815625 0.598667
v 0.596155 0.815625 0.614905
v 0.60553 0.815625 0.631143
v 0.62428 0.8 0.631143
v 0.633655 0.8 0.614905
v 0.62428 0.8 0.598667
v 0.60553 0.8 0.598667
v 0.596155 0.8 0.614905
v 0.60553 0.8 0.631143
v 0.62428 0.815625 0.631143
v 0.633655 0.815625 0.614905
v 0.62428 0.815625 0.598667
v 0.60553 0.815625 0.598667
v 0.596155 0.815625 0.614905
v 0.60553 0.815625 0.631143
v 0.39447 0.8 0.631143
v 0.403845 0.8 0.614905
v 0.39447 0.8 0.598667
v 0.37572 0.8 0.598667
v 0.366345 0.8 0.614905
v 0.37572 0.8 0.631143
v 0.39447 0.815625 0.631143
v 0.403845 0.815625 0.614905
v 0.39447 0.815625 0.598667
v 0.37572 0.815625 0.598667
v 0.366345 0.815625 0.614905
v 0.37572 0.815625 0.631143
v 0.39447 0.8 0.631143
v 0.403845 0.8 0.614905
v 0.39447 0.8 0.598667
v 0.37572 0.8 0.598667
v 0.366345 0.8 0.614905
v 0.37572 0.8 0.631143
v 0.39447 0.815625 0.631143
v 0.403845 0.815625 0.614905
v 0.39447 0.815625 0.598667
v 0.37572 0.815625 0.598667
v 0.366345 0.815625 0.614905
v 0.37572 0.815625 0.631143
v 0.39447 0.8 0.401333
v 0.403845 0.8 0.385095
v 0.39447 0.8 0.368857
v 0.37572 0.8 0.368857
v 0.366345 0.8 0.385095
v 0.37572 0.8 0.401333
v 0.39447 0.815625 0.401333
v 0.403845 0.815625 0.385095
v 0.39447 0.815625 0.368857
v 0.37572 0.815625 0.368857
v 0.366345 0.815625 0.385095
v 0.37572 0.815625 0.401333
v 0.39447 0.8 0.401333
v 0.403845 0.8 0.385095
v 0.39447 0.8 0.368857
v 0.37572 0.8 0.368857
v 0.366345 0.8 0.385095
v 0.37572 0.8 0.401333
v 0.39447 0.815625 0.401333
v 0.403845 0.815625 0.385095
v 0.39447 0.815625 0.368857
v 0.37572 0.815625 0.368857
v 0.366345 0.815625 0.385095
v 0.37572 0.815625 0.401333
v 0.62428 0.8 0.401333
v 0.633655 0.8 0.385095
v 0.62428 0.8 0.368857
v 0.60553 0.8 0.368857
v 0.596155 0.8 0.385095
v 0.60553 0.8 0.401333
v 0.62428 0.815625 0.401333
v 0.633655 0.815625 0.385095
v 0.62428 0.815625 0.368857
v 0.60553 0.815625 0.368857
v 0.596155 0.815625 0.385095
v 0.60553 0.815625 0.401333
v 0.62428 0.8 0.401333
v 0.633655 0.8 0.385095
v 0.62428 0.8 0.368857
v 0.60553 0.8 0.368857
v 0.596155 0.8 0.385095
v 0.60553 0.8 0.401333
v 0.62428 0.815625 0.401333
v 0.633655 0.815625 0.385095
v 0.62428 0.815625 0.368857
v 0.60553 0.815625 0.368857
v 0.596155 0.815625 0.385095
v 0.60553 0.815625 0.401333
vt 0.50979 0.087402
vt 0.506348 0.087402
vt 0.506348 0.084534
vt 0.50979 0.084534
vt 0.215845 0.087402
vt 0.212402 0.087402
vt 0.212402 0.084534
vt 0.215845 0.084534
vt 0.355957 0.084534
vt 0.359399 0.084534
vt 0.359399 0.087402
vt 0.355957 0.087402
vt 0.362793 0.084534
vt 0.366235 0.084534
vt 0.366235 0.087402
vt 0.362793 0.087402
vt 0.513184 0.084534
vt 0.516626 0.084534
vt 0.516626 0.087402
vt 0.513184 0.087402
vt 0.369629 0.084534
vt 0.373071 0.084534
vt 0.373071 0.087402
vt 0.369629 0.087402
vt 0.957568 0.272898
vt 0.955847 0.275879
vt 0.952405 0.275879
vt 0.955847 0.269917
vt 0.957568 0.272898
vt 0.952405 0.275879
vt 0.952405 0.269917
vt 0.955847 0.269917
vt 0.952405 0.275879
vt 0.952405 0.275879
vt 0.950684 0.272898
vt 0.952405 0.269917
vt 0.966589 0.275879
vt 0.963147 0.275879
vt 0.961426 0.272898
vt 0.966589 0.275879
vt 0.961426 0.272898
vt 0.963147 0.269917
vt 0.966589 0.275879
vt 0.963147 0.269917
vt 0.966589 0.269917
vt 0.966589 0.269917
vt 0.968311 0.272898
vt 0.966589 0.275879
vt 0.154321 0.087402
vt 0.150879 0.087402
vt 0.150879 0.084534
vt 0.154321 0.084534
vt 0.379907 0.087402
vt 0.376465 0.087402
vt 0.376465 0.084534
vt 0.379907 0.084534
vt 0.52002 0.084534
vt 0.523462 0.084534
vt 0.523462 0.087402
vt 0.52002 0.087402
vt 0.219238 0.084534
vt 0.222681 0.084534
vt 0.222681 0.087402
vt 0.219238 0.087402
vt 0.526855 0.084534
vt 0.530298 0.084534
vt 0.530298 0.087402
vt 0.526855 0.087402
vt 0.383301 0.084534
vt 0.386743 0.084534
vt 0.386743 0.087402
vt 0.383301 0.087402
vt 0.9146 0.272898
vt 0.912878 0.275879
vt 0.909436 0.275879
vt 0.912878 0.269917
vt 0.9146 0.272898
vt 0.909436 0.275879
vt 0.909436 0.269917
vt 0.912878 0.269917
vt 0.909436 0.275879
vt 0.909436 0.275879
vt 0.907715 0.272898
vt 0.909436 0.269917
vt 0.923621 0.275879
vt 0.920178 0.275879
vt 0.918457 0.272898
vt 0.923621 0.275879
vt 0.918457 0.272898
vt 0.920178 0.269917
vt 0.923621 0.275879
vt 0.920178 0.269917
vt 0.923621 0.269917
vt 0.923621 0.269917
vt 0.925342 0.272898
vt 0.923621 0.275879
vt 0.332056 0.087402
vt 0.328613 0.087402
vt 0.328613 0.084534
vt 0.332056 0.084534
vt 0.229517 0.087402
vt 0.226074 0.087402
vt 0.226074 0.084534
vt 0.229517 0.084534
vt 0.533691 0.084534
vt 0.537134 0.084534
vt 0.537134 0.087402
vt 0.533691 0.087402
vt 0.540527 0.084534
vt 0.54397 0.084534
vt 0.54397 0.087402
vt 0.540527 0.087402
vt 0.697754 0.084534
vt 0.701196 0.084534
vt 0.701196 0.087402
vt 0.697754 0.087402
vt 0.390137 0.084534
vt 0.393579 0.084534
vt 0.393579 0.087402
vt 0.390137 0.087402
vt 0.936084 0.272898
vt 0.934363 0.275879
vt 0.93092 0.275879
vt 0.934363 0.269917
vt 0.936084 0.272898
vt 0.93092 0.275879
vt 0.93092 0.269917
vt 0.934363 0.269917
vt 0.93092 0.275879
vt 0.93092 0.275879
vt 0.929199 0.272898
vt 0.93092 0.269917
vt 0.945105 0.275879
vt 0.941663 0.275879
vt 0.939941 0.272898
vt 0.945105 0.275879
vt 0.939941 0.272898
vt 0.941663 0.269917
vt 0.945105 0.275879
vt 0.941663 0.269917
vt 0.945105 0.269917
vt 0.945105 0.269917
vt 0.946826 0.272898
vt 0.945105 0.275879
vt 0.236353 0.087402
vt 0.23291 0.087402
vt 0.23291 0.084534
vt 0.236353 0.084534
vt 0.338892 0.087402
vt 0.335449 0.087402
vt 0.335449 0.084534
vt 0.338892 0.084534
vt 0.396973 0.084534
vt 0.400415 0.084534
vt 0.400415 0.087402
vt 0.396973 0.087402
vt 0.239746 0.084534
vt 0.243188 0.084534
vt 0.243188 0.087402
vt 0.239746 0.087402
vt 0.547363 0.084534
vt 0.550806 0.084534
vt 0.550806 0.087402
vt 0.547363 0.087402
vt 0.403809 0.084534
vt 0.407251 0.084534
vt 0.407251 0.087402
vt 0.403809 0.087402
vt 0.979053 0.272898
vt 0.977332 0.275879
vt 0.973889 0.275879
vt 0.977332 0.269917
vt 0.979053 0.272898
vt 0.973889 0.275879
vt 0.973889 0.269917
vt 0.977332 0.269917
vt 0.973889 0.275879
vt 0.973889 0.275879
vt 0.972168 0.272898
vt 0.973889 0.269917
vt 0.988074 0.275879
vt 0.984631 0.275879
vt 0.98291 0.272898
vt 0.988074 0.275879
vt 0.98291 0.272898
vt 0.984631 0.269917
vt 0.988074 0.275879
vt 0.984631 0.269917
vt 0.988074 0.269917
vt 0.988074 0.269917
vt 0.989795 0.272898
vt 0.988074 0.275879
vn 0.866025 0 0.5
vn 0.866025 0 -0.5
vn 0 0 -1
vn -0.866025 0 -0.5
vn -0.866025 0 0.5
vn 0 0 1
vn 0 -1 0
vn 0 1 0
f 1211/3387/415 1212/3388/415 1218/3389/415 1217/3390/415
f 1212/3391/416 1213/3392/416 1219/3393/416 1218/3394/416
f 1213/3395/417 1214/3396/417 1220/3397/417 1219/3398/417
f 1214/3399/418 1215/3400/418 1221/3401/418 1220/3402/418
f 1215/3403/419 1216/3404/419 1222/3405/419 1221/3406/419
f 1216/3407/420 1211/3408/420 1217/3409/420 1222/3410/420
f 1224/3411/421 1223/3412/421 1228/3413/421
f 1225/3414/421 1224/3415/421 1228/3416/421
f 1226/3417/421 1225/3418/421 1228/3419/421
f 1228/3420/421 1227/3421/421 1226/3422/421
f 1234/3423/422 1229/3424/422 1230/3425/422
f 1234/3426/422 1230/3427/422 1231/3428/422
f 1234/3429/422 1231/3430/422 1232/3431/422
f 1232/3432/422 1233/3433/422 1234/3434/422
f 1235/3435/415 1236/3436/415 1242/3437/415 1241/3438/415
f 1236/3439/416 1237/3440/416 1243/3441/416 1242/3442/416
f 1237/3443/417 1238/3444/417 1244/3445/417 1243/3446/417
f 1238/3447/418 1239/3448/418 1245/3449/418 1244/3450/418
f 1239/3451/419 1240/3452/419 1246/3453/419 1245/3454/419
f 1240/3455/420 1235/3456/420 1241/3457/420 1246/3458/420
f 1248/3459/421 1247/3460/421 1252/3461/421
f 1249/3462/421 1248/3463/421 1252/3464/421
f 1250/3465/421 1249/3466/421 1252/3467/421
f 1252/3468/421 1251/3469/421 1250/3470/421
f 1258/3471/422 1253/3472/422 1254/3473/422
f 1258/3474/422 1254/3475/422 1255/3476/422
f 1258/3477/422 1255/3478/422 1256/3479/422
f 1256/3480/422 1257/3481/422 1258/3482/422
f 1259/3483/415 1260/3484/415 1266/3485/415 1265/3486/415
f 1260/3487/416 1261/3488/416 1267/3489/416 1266/3490/416
f 1261/3491/417 1262/3492/417 1268/3493/417 1267/3494/417
f 1262/3495/418 1263/3496/418 1269/3497/418 1268/3498/418
f 1263/3499/419 1264/3500/419 1270/3501/419 1269/3502/419
f 1264/3503/420 1259/3504/420 1265/3505/420 1270/3506/420
f 1272/3507/421 1271/3508/421 1276/3509/421
f 1273/3510/421 1272/3511/421 1276/3512/421
f 1274/3513/421 1273/3514/421 1276/3515/421
f 1276/3516/421 1275/3517/421 1274/3518/421
f 1282/3519/422 1277/3520/422 1278/3521/422
f 1282/3522/422 1278/3523/422 1279/3524/422
f 1282/3525/422 1279/3526/422 1280/3527/422
f 1280/3528/422 1281/3529/422 1282/3530/422
f 1283/3531/415 1284/3532/415 1290/3533/415 1289/3534/415
f 1284/3535/416 1285/3536/416 1291/3537/416 1290/3538/416
f 1285/3539/417 1286/3540/417 1292/3541/417 1291/3542/417
f 1286/3543/418 1287/3544/418 1293/3545/418 1292/3546/418
f 1287/3547/419 1288/3548/419 1294/3549/419 1293/3550/419
f 1288/3551/420 1283/3552/420 1289/3553/420 1294/3554/420
f 1296/3555/421 1295/3556/421 1300/3557/421
f 1297/3558/421 1296/3559/421 1300/3560/421
f 1298/3561/421 1297/3562/421 1300/3563/421
f 1300/3564/421 1299/3565/421 1298/3566/421
f 1306/3567/422 1301/3568/422 1302/3569/422
f 1306/3570/422 1302/3571/422 1303/3572/422
f 1306/3573/422 1303/3574/422 1304/3575/422
f 1304/3576/422 1305/3577/422 1306/3578/422
o body_reducer
usemtl intake_pump
v 0.649278 0.8 0.514703
v 0.643541 0.8 0.543543
v 0.632288 0.8 0.57071
v 0.615952 0.8 0.595159
v 0.595159 0.8 0.615952
v 0.57071 0.8 0.632288
v 0.543543 0.8 0.643541
v 0.514703 0.8 0.649278
v 0.485297 0.8 0.649278
v 0.456457 0.8 0.643541
v 0.42929 0.8 0.632288
v 0.404841 0.8 0.615952
v 0.384048 0.8 0.595159
v 0.367712 0.8 0.57071
v 0.356459 0.8 0.543543
v 0.350722 0.8 0.514703
v 0.350722 0.8 0.485297
v 0.356459 0.8 0.456457
v 0.367712 0.8 0.42929
v 0.384048 0.8 0.404841
v 0.404841 0.8 0.384048
v 0.42929 0.8 0.367712
v 0.456457 0.8 0.356459
v 0.485297 0.8 0.350722
v 0.514703 0.8 0.350722
v 0.543543 0.8 0.356459
v 0.57071 0.8 0.367712
v 0.595159 0.8 0.384048
v 0.615952 0.8 0.404841
v 0.632288 0.8 0.42929
v 0.643541 0.8 0.456457
v 0.649278 0.8 0.485297
v 0.654143 0.814062 0.515182
v 0.648653 0.814062 0.545093
v 0.637883 0.814062 0.5737
v 0.622249 0.814062 0.600327
v 0.600327 0.814062 0.622249
v 0.5737 0.814062 0.637883
v 0.545093 0.814062 0.648653
v 0.515182 0.814062 0.654143
v 0.484818 0.814062 0.654143
v 0.454907 0.814062 0.648653
v 0.4263 0.814062 0.637883
v 0.399673 0.814062 0.622249
v 0.377751 0.814062 0.600327
v 0.362117 0.814062 0.5737
v 0.351347 0.814062 0.545093
v 0.345857 0.814062 0.515182
v 0.345857 0.814062 0.484818
v 0.351347 0.814062 0.454907
v 0.362117 0.814062 0.4263
v 0.377751 0.814062 0.399673
v 0.399673 0.814062 0.377751
v 0.4263 0.814062 0.362117
v 0.454907 0.814062 0.351347
v 0.484818 0.814062 0.345857
v 0.515182 0.814062 0.345857
v 0.545093 0.814062 0.351347
v 0.5737 0.814062 0.362117
v 0.600327 0.814062 0.377751
v 0.622249 0.814062 0.399673
v 0.637883 0.814062 0.4263
v 0.648653 0.814062 0.454907
v 0.654143 0.814062 0.484818
v 0.666969 0.828125 0.516445
v 0.662128 0.828125 0.549181
v 0.652634 0.828125 0.581584
v 0.63885 0.828125 0.613951
v 0.613951 0.828125 0.63885
v 0.581584 0.828125 0.652634
v 0.549181 0.828125 0.662128
v 0.516445 0.828125 0.666969
v 0.483555 0.828125 0.666969
v 0.450819 0.828125 0.662128
v 0.418416 0.828125 0.652634
v 0.386049 0.828125 0.63885
v 0.36115 0.828125 0.613951
v 0.347366 0.828125 0.581584
v 0.337872 0.828125 0.549181
v 0.333031 0.828125 0.516445
v 0.333031 0.828125 0.483555
v 0.337872 0.828125 0.450819
v 0.347366 0.828125 0.418416
v 0.36115 0.828125 0.386049
v 0.386049 0.828125 0.36115
v 0.418416 0.828125 0.347366
v 0.450819 0.828125 0.337872
v 0.483555 0.828125 0.333031
v 0.516445 0.828125 0.333031
v 0.549181 0.828125 0.337872
v 0.581584 0.828125 0.347366
v 0.613951 0.828125 0.36115
v 0.63885 0.828125 0.386049
v 0.652634 0.828125 0.418416
v 0.662128 0.828125 0.450819
v 0.666969 0.828125 0.483555
v 0.685102 0.842187 0.518231
v 0.68118 0.842187 0.55496
v 0.673488 0.842187 0.592731
v 0.66232 0.842187 0.633213
v 0.633213 0.842187 0.66232
v 0.592731 0.842187 0.673488
v 0.55496 0.842187 0.68118
v 0.518231 0.842187 0.685102
v 0.481769 0.842187 0.685102
v 0.44504 0.842187 0.68118
v 0.407269 0.842187 0.673488
v 0.366787 0.842187 0.66232
v 0.33768 0.842187 0.633213
v 0.326512 0.842187 0.592731
v 0.31882 0.842187 0.55496
v 0.314898 0.842187 0.518231
v 0.314898 0.842187 0.481769
v 0.31882 0.842187 0.44504
v 0.326512 0.842187 0.407269
v 0.33768 0.842187 0.366787
v 0.366787 0.842187 0.33768
v 0.407269 0.842187 0.326512
v 0.44504 0.842187 0.31882
v 0.481769 0.842187 0.314898
v 0.518231 0.842187 0.314898
v 0.55496 0.842187 0.31882
v 0.592731 0.842187 0.326512
v 0.633213 0.842187 0.33768
v 0.66232 0.842187 0.366787
v 0.673488 0.842187 0.407269
v 0.68118 0.842187 0.44504
v 0.685102 0.842187 0.481769
v 0.705889 0.85625 0.520278
v 0.703021 0.85625 0.561586
v 0.697394 0.85625 0.605509
v 0.689226 0.85625 0.655294
v 0.655294 0.85625 0.689226
v 0.605509 0.85625 0.697394
v 0.561586 0.85625 0.703021
v 0.520278 0.85625 0.705889
v 0.479722 0.85625 0.705889
v 0.438414 0.85625 0.703021
v 0.394491 0.85625 0.697394
v 0.344706 0.85625 0.689226
v 0.310774 0.85625 0.655294
v 0.302606 0.85625 0.605509
v 0.296979 0.85625 0.561586
v 0.294111 0.85625 0.520278
v 0.294111 0.85625 0.479722
v 0.296979 0.85625 0.438414
v 0.302606 0.85625 0.394491
v 0.310774 0.85625 0.344706
v 0.344706 0.85625 0.310774
v 0.394491 0.85625 0.302606
v 0.438414 0.85625 0.296979
v 0.479722 0.85625 0.294111
v 0.520278 0.85625 0.294111
v 0.561586 0.85625 0.296979
v 0.605509 0.85625 0.302606
v 0.655294 0.85625 0.310774
v 0.689226 0.85625 0.344706
v 0.697394 0.85625 0.394491
v 0.703021 0.85625 0.438414
v 0.705889 0.85625 0.479722
v 0.726676 0.870313 0.522326
v 0.724861 0.870313 0.568211
v 0.7213 0.870313 0.618287
v 0.716131 0.870313 0.677374
v 0.677374 0.870313 0.716131
v 0.618287 0.870313 0.7213
v 0.568211 0.870313 0.724861
v 0.522326 0.870313 0.726676
v 0.477674 0.870313 0.726676
v 0.431789 0.870313 0.724861
v 0.381713 0.870313 0.7213
v 0.322626 0.870313 0.716131
v 0.283869 0.870313 0.677374
v 0.2787 0.870313 0.618287
v 0.275139 0.870313 0.568211
v 0.273324 0.870313 0.522326
v 0.273324 0.870313 0.477674
v 0.275139 0.870313 0.431789
v 0.2787 0.870313 0.381713
v 0.283869 0.870313 0.322626
v 0.322626 0.870313 0.283869
v 0.381713 0.870313 0.2787
v 0.431789 0.870313 0.275139
v 0.477674 0.870313 0.273324
v 0.522326 0.870313 0.273324
v 0.568211 0.870313 0.275139
v 0.618287 0.870313 0.2787
v 0.677374 0.870313 0.283869
v 0.716131 0.870313 0.322626
v 0.7213 0.870313 0.381713
v 0.724861 0.870313 0.431789
v 0.726676 0.870313 0.477674
v 0.744809 0.884375 0.524112
v 0.743913 0.884375 0.57399
v 0.742154 0.884375 0.629434
v 0.739602 0.884375 0.696636
v 0.696636 0.884375 0.739602
v 0.629434 0.884375 0.742154
v 0.57399 0.884375 0.743913
v 0.524112 0.884375 0.744809
v 0.475888 0.884375 0.744809
v 0.42601 0.884375 0.743913
v 0.370566 0.884375 0.742154
v 0.303364 0.884375 0.739602
v 0.260398 0.884375 0.696636
v 0.257846 0.884375 0.629434
v 0.256087 0.884375 0.57399
v 0.255191 0.884375 0.524112
v 0.255191 0.884375 0.475888
v 0.256087 0.884375 0.42601
v 0.257846 0.884375 0.370566
v 0.260398 0.884375 0.303364
v 0.303364 0.884375 0.260398
v 0.370566 0.884375 0.257846
v 0.42601 0.884375 0.256087
v 0.475888 0.884375 0.255191
v 0.524112 0.884375 0.255191
v 0.57399 0.884375 0.256087
v 0.629434 0.884375 0.257846
v 0.696636 0.884375 0.260398
v 0.739602 0.884375 0.303364
v 0.742154 0.884375 0.370566
v 0.743913 0.884375 0.42601
v 0.744809 0.884375 0.475888
v 0.757635 0.898438 0.525375
v 0.757388 0.898438 0.578078
v 0.756905 0.898438 0.637319
v 0.756203 0.898438 0.71026
v 0.71026 0.898438 0.756203
v 0.637319 0.898438 0.756905
v 0.578078 0.898438 0.757388
v 0.525375 0.898438 0.757635
v 0.474625 0.898438 0.757635
v 0.421922 0.898438 0.757388
v 0.362681 0.898438 0.756905
v 0.28974 0.898438 0.756203
v 0.243797 0.898438 0.71026
v 0.243095 0.898438 0.637319
v 0.242612 0.898438 0.578078
v 0.242365 0.898438 0.525375
v 0.242365 0.898438 0.474625
v 0.242612 0.898438 0.421922
v 0.243095 0.898438 0.362681
v 0.243797 0.898438 0.28974
v 0.28974 0.898438 0.243797
v 0.362681 0.898438 0.243095
v 0.421922 0.898438 0.242612
v 0.474625 0.898438 0.242365
v 0.525375 0.898438 0.242365
v 0.578078 0.898438 0.242612
v 0.637319 0.898438 0.243095
v 0.71026 0.898438 0.243797
v 0.756203 0.898438 0.28974
v 0.756905 0.898438 0.362681
v 0.757388 0.898438 0.421922
v 0.757635 0.898438 0.474625
v 0.7625 0.9125 0.525854
v 0.7625 0.9125 0.579629
v 0.7625 0.9125 0.640309
v 0.7625 0.9125 0.715428
v 0.715428 0.9125 0.7625
v 0.640309 0.9125 0.7625
v 0.579629 0.9125 0.7625
v 0.525854 0.9125 0.7625
v 0.474146 0.9125 0.7625
v 0.420371 0.9125 0.7625
v 0.359691 0.9125 0.7625
v 0.284572 0.9125 0.7625
v 0.2375 0.9125 0.715428
v 0.2375 0.9125 0.640309
v 0.2375 0.9125 0.579629
v 0.2375 0.9125 0.525854
v 0.2375 0.9125 0.474146
v 0.2375 0.9125 0.420371
v 0.2375 0.9125 0.359691
v 0.2375 0.9125 0.284572
v 0.284572 0.9125 0.2375
v 0.359691 0.9125 0.2375
v 0.420371 0.9125 0.2375
v 0.474146 0.9125 0.2375
v 0.525854 0.9125 0.2375
v 0.579629 0.9125 0.2375
v 0.640309 0.9125 0.2375
v 0.715428 0.9125 0.2375
v 0.7625 0.9125 0.284572
v 0.7625 0.9125 0.359691
v 0.7625 0.9125 0.420371
v 0.7625 0.9125 0.474146
vt 0.752958 0.157697
vt 0.758508 0.158084
vt 0.758202 0.160828
vt 0.752831 0.160424
vt 0.758508 0.158084
vt 0.76405 0.158843
vt 0.763507 0.161621
vt 0.758202 0.160828
vt 0.517435 0.180987
vt 0.5163 0.183746
vt 0.51123 0.181947
vt 0.763507 0.161621
vt 0.76405 0.158843
vt 0.769444 0.159944
vt 0.517435 0.180987
vt 0.522567 0.1834
vt 0.521168 0.186035
vt 0.5163 0.183746
vt 0.606207 0.385371
vt 0.60444 0.387583
vt 0.600098 0.384406
vt 0.600098 0.384406
vt 0.60172 0.38191
vt 0.606207 0.385371
vt 0.606207 0.385371
vt 0.610353 0.389088
vt 0.608492 0.391113
vt 0.60444 0.387583
vt 0.219769 0.191821
vt 0.21446 0.193487
vt 0.213715 0.190857
vt 0.218834 0.189223
vt 0.21446 0.193487
vt 0.209071 0.194824
vt 0.208496 0.192152
vt 0.213715 0.190857
vt 0.779904 0.407715
vt 0.775745 0.404108
vt 0.777647 0.402107
vt 0.781657 0.405626
vt 0.775745 0.404108
vt 0.771768 0.400149
vt 0.77387 0.398253
vt 0.777647 0.402107
vt 0.472587 0.34836
vt 0.471032 0.345814
vt 0.475479 0.342787
vt 0.77387 0.398253
vt 0.771768 0.400149
vt 0.768066 0.395945
vt 0.472587 0.34836
vt 0.467607 0.351074
vt 0.466309 0.348388
vt 0.471032 0.345814
vt 0.395082 0.193879
vt 0.394443 0.19112
vt 0.399629 0.189686
vt 0.399629 0.189686
vt 0.400579 0.192507
vt 0.395082 0.193879
vt 0.395082 0.193879
vt 0.389594 0.194824
vt 0.38916 0.192108
vt 0.394443 0.19112
vt 0.077025 0.112454
vt 0.071471 0.112793
vt 0.071381 0.110061
vt 0.076742 0.109707
vt 0.071471 0.112793
vt 0.065918 0.112793
vt 0.066003 0.110061
vt 0.071381 0.110061
vt 0.392013 0.161621
vt 0.386523 0.161214
vt 0.386852 0.158473
vt 0.39217 0.158898
vt 0.386523 0.161214
vt 0.380968 0.160416
vt 0.381521 0.15764
vt 0.386852 0.158473
vt 0.531011 0.186035
vt 0.532146 0.183276
vt 0.537216 0.185074
vt 0.381521 0.15764
vt 0.380968 0.160416
vt 0.375488 0.159258
vt 0.531011 0.186035
vt 0.525879 0.183622
vt 0.527278 0.180987
vt 0.532146 0.183276
vt 0.590572 0.387653
vt 0.592339 0.385441
vt 0.596681 0.388618
vt 0.596681 0.388618
vt 0.595059 0.391113
vt 0.590572 0.387653
vt 0.590572 0.387653
vt 0.586426 0.383936
vt 0.588287 0.38191
vt 0.592339 0.385441
vt 0.193848 0.192226
vt 0.199157 0.19056
vt 0.199902 0.193189
vt 0.194783 0.194824
vt 0.199157 0.19056
vt 0.204546 0.189223
vt 0.205121 0.191894
vt 0.199902 0.193189
vt 0.753218 0.395945
vt 0.757376 0.399552
vt 0.755474 0.401553
vt 0.751465 0.398035
vt 0.757376 0.399552
vt 0.761353 0.403511
vt 0.759251 0.405408
vt 0.755474 0.401553
vt 0.481895 0.345501
vt 0.483451 0.348047
vt 0.479004 0.351074
vt 0.759251 0.405408
vt 0.761353 0.403511
vt 0.765055 0.407715
vt 0.481895 0.345501
vt 0.486875 0.342787
vt 0.488174 0.345473
vt 0.483451 0.348047
vt 0.380009 0.190632
vt 0.380648 0.19339
vt 0.375462 0.194824
vt 0.375462 0.194824
vt 0.374512 0.192004
vt 0.380009 0.190632
vt 0.380009 0.190632
vt 0.385497 0.189686
vt 0.385931 0.192402
vt 0.380648 0.19339
vt 0.057129 0.110046
vt 0.062701 0.109697
vt 0.062797 0.112429
vt 0.057411 0.112793
vt 0.747559 0.157697
vt 0.752958 0.157697
vt 0.752831 0.160424
vt 0.747603 0.160424
vt 0.800874 0.640812
vt 0.806896 0.641522
vt 0.806131 0.645051
vt 0.800626 0.644245
vt 0.812869 0.642915
vt 0.811411 0.646631
vt 0.806131 0.645051
vt 0.806131 0.645051
vt 0.806896 0.641522
vt 0.812869 0.642915
vt 0.818848 0.644938
vt 0.816341 0.648926
vt 0.811411 0.646631
vt 0.811411 0.646631
vt 0.812869 0.642915
vt 0.818848 0.644938
vt 0.132007 0.62151
vt 0.127611 0.626188
vt 0.124498 0.622668
vt 0.128368 0.61855
vt 0.121897 0.629167
vt 0.119797 0.625836
vt 0.124498 0.622668
vt 0.124498 0.622668
vt 0.127611 0.626188
vt 0.121897 0.629167
vt 0.116176 0.631432
vt 0.114746 0.628234
vt 0.119797 0.625836
vt 0.119797 0.625836
vt 0.121897 0.629167
vt 0.116176 0.631432
vt 0.050285 0.556749
vt 0.044275 0.557388
vt 0.044087 0.553942
vt 0.049578 0.553203
vt 0.044275 0.557388
vt 0.038238 0.557325
vt 0.038513 0.553884
vt 0.044087 0.553942
vt 0.038238 0.557325
vt 0.032228 0.556562
vt 0.033022 0.553032
vt 0.038513 0.553884
vt 0.479387 0.564716
vt 0.481415 0.561316
vt 0.486512 0.563657
vt 0.033022 0.553032
vt 0.032228 0.556562
vt 0.02628 0.555124
vt 0.473621 0.561808
vt 0.476672 0.558225
vt 0.481415 0.561316
vt 0.481415 0.561316
vt 0.479387 0.564716
vt 0.473621 0.561808
vt 0.473621 0.561808
vt 0.469185 0.557248
vt 0.472767 0.554211
vt 0.476672 0.558225
vt 0.859616 0.62585
vt 0.858086 0.622185
vt 0.863126 0.619751
vt 0.863126 0.619751
vt 0.865678 0.623705
vt 0.859616 0.62585
vt 0.853598 0.627328
vt 0.852745 0.623861
vt 0.858086 0.622185
vt 0.858086 0.622185
vt 0.859616 0.62585
vt 0.853598 0.627328
vt 0.853598 0.627328
vt 0.847576 0.628081
vt 0.847229 0.624715
vt 0.852745 0.623861
vt 0.235355 0.589778
vt 0.229331 0.589778
vt 0.2296 0.586325
vt 0.235161 0.586325
vt 0.229331 0.589778
vt 0.223297 0.589086
vt 0.224078 0.58554
vt 0.2296 0.586325
vt 0.217287 0.587727
vt 0.218753 0.583999
vt 0.224078 0.58554
vt 0.224078 0.58554
vt 0.223297 0.589086
vt 0.217287 0.587727
vt 0.186683 0.62408
vt 0.189411 0.620276
vt 0.194418 0.622928
vt 0.218753 0.583999
vt 0.217287 0.587727
vt 0.211249 0.585755
vt 0.186683 0.62408
vt 0.181818 0.619857
vt 0.185128 0.616558
vt 0.189411 0.620276
vt 0.027338 0.60457
vt 0.02906 0.608162
vt 0.024201 0.61084
vt 0.024201 0.61084
vt 0.021432 0.607031
vt 0.027338 0.60457
vt 0.033252 0.602761
vt 0.034281 0.606202
vt 0.02906 0.608162
vt 0.02906 0.608162
vt 0.027338 0.60457
vt 0.033252 0.602761
vt 0.033252 0.602761
vt 0.039225 0.601656
vt 0.039739 0.60503
vt 0.034281 0.606202
vt 0.915979 0.642233
vt 0.921993 0.642567
vt 0.921533 0.646
vt 0.915981 0.645691
vt 0.921993 0.642567
vt 0.92798 0.643594
vt 0.927003 0.647091
vt 0.921533 0.646
vt 0.933905 0.645285
vt 0.932234 0.648926
vt 0.927003 0.647091
vt 0.927003 0.647091
vt 0.92798 0.643594
vt 0.933905 0.645285
vt 0.660646 0.641283
vt 0.657536 0.644782
vt 0.652832 0.641623
vt 0.932234 0.648926
vt 0.933905 0.645285
vt 0.939824 0.64759
vt 0.660646 0.641283
vt 0.665044 0.645989
vt 0.661409 0.648926
vt 0.657536 0.644782
vt 0.235133 0.547731
vt 0.231509 0.549316
vt 0.229004 0.544261
vt 0.229004 0.544261
vt 0.232924 0.541665
vt 0.235133 0.547731
vt 0.545176 0.181021
vt 0.545951 0.184592
vt 0.540527 0.186035
vt 0.784358 0.646631
vt 0.782922 0.642915
vt 0.788843 0.641522
vt 0.788843 0.641522
vt 0.794837 0.640812
vt 0.795053 0.644245
vt 0.789578 0.645051
vt 0.794837 0.640812
vt 0.800874 0.640812
vt 0.800626 0.644245
vt 0.795053 0.644245
vt 0.801203 0.636599
vt 0.807955 0.637175
vt 0.806896 0.641522
vt 0.800874 0.640812
vt 0.807955 0.637175
vt 0.814909 0.638304
vt 0.812869 0.642915
vt 0.806896 0.641522
vt 0.136859 0.625267
vt 0.132007 0.62151
vt 0.134441 0.615819
vt 0.812869 0.642915
vt 0.814909 0.638304
vt 0.82237 0.639942
vt 0.136859 0.625267
vt 0.13172 0.630735
vt 0.127611 0.626188
vt 0.132007 0.62151
vt 0.124573 0.633448
vt 0.121897 0.629167
vt 0.127611 0.626188
vt 0.127611 0.626188
vt 0.13172 0.630735
vt 0.124573 0.633448
vt 0.124573 0.633448
vt 0.117904 0.635525
vt 0.116176 0.631432
vt 0.121897 0.629167
vt 0.051302 0.561106
vt 0.044559 0.561604
vt 0.044275 0.557388
vt 0.050285 0.556749
vt 0.044559 0.561604
vt 0.037866 0.561535
vt 0.038238 0.557325
vt 0.044275 0.557388
vt 0.037866 0.561535
vt 0.031124 0.560897
vt 0.032228 0.556562
vt 0.038238 0.557325
vt 0.031124 0.560897
vt 0.02419 0.55971
vt 0.02628 0.555124
vt 0.032228 0.556562
vt 0.469565 0.566389
vt 0.473621 0.561808
vt 0.479387 0.564716
vt 0.479387 0.564716
vt 0.476777 0.569041
vt 0.469565 0.566389
vt 0.469565 0.566389
vt 0.464379 0.561059
vt 0.469185 0.557248
vt 0.473621 0.561808
vt 0.861666 0.630465
vt 0.859616 0.62585
vt 0.865678 0.623705
vt 0.865678 0.623705
vt 0.869176 0.628727
vt 0.861666 0.630465
vt 0.861666 0.630465
vt 0.854692 0.631662
vt 0.853598 0.627328
vt 0.859616 0.62585
vt 0.854692 0.631662
vt 0.847953 0.632273
vt 0.847576 0.628081
vt 0.853598 0.627328
vt 0.847953 0.632273
vt 0.841311 0.632273
vt 0.841584 0.628081
vt 0.847576 0.628081
vt 0.229009 0.593991
vt 0.222251 0.593429
vt 0.223297 0.589086
vt 0.229331 0.589778
vt 0.222251 0.593429
vt 0.215272 0.592329
vt 0.217287 0.587727
vt 0.223297 0.589086
vt 0.183075 0.629049
vt 0.186683 0.62408
vt 0.192677 0.626418
vt 0.217287 0.587727
vt 0.215272 0.592329
vt 0.207769 0.590731
vt 0.183075 0.629049
vt 0.177388 0.624112
vt 0.181818 0.619857
vt 0.186683 0.62408
vt 0.025021 0.600087
vt 0.027338 0.60457
vt 0.021432 0.607031
vt 0.021432 0.607031
vt 0.017634 0.602241
vt 0.025021 0.600087
vt 0.025021 0.600087
vt 0.031914 0.598491
vt 0.033252 0.602761
vt 0.027338 0.60457
vt 0.031914 0.598491
vt 0.038617 0.59748
vt 0.039225 0.601656
vt 0.033252 0.602761
vt 0.038617 0.59748
vt 0.04527 0.597069
vt 0.045227 0.601285
vt 0.039225 0.601656
vt 0.922549 0.638379
vt 0.929266 0.639315
vt 0.92798 0.643594
vt 0.921993 0.642567
vt 0.929266 0.639315
vt 0.936173 0.640802
vt 0.933905 0.645285
vt 0.92798 0.643594
vt 0.664751 0.636716
vt 0.660646 0.641283
vt 0.654927 0.638333
vt 0.933905 0.645285
vt 0.936173 0.640802
vt 0.943576 0.642815
vt 0.664751 0.636716
vt 0.669893 0.642219
vt 0.665044 0.645989
vt 0.660646 0.641283
vt 0.239735 0.545649
vt 0.235133 0.547731
vt 0.232924 0.541665
vt 0.232924 0.541665
vt 0.237945 0.538155
vt 0.239735 0.545649
vt 0.78087 0.638304
vt 0.787781 0.637175
vt 0.788843 0.641522
vt 0.782922 0.642915
vt 0.787781 0.637175
vt 0.794511 0.636599
vt 0.794837 0.640812
vt 0.788843 0.641522
vt 0.794511 0.636599
vt 0.801203 0.636599
vt 0.800874 0.640812
vt 0.794837 0.640812
vt 0.801573 0.631997
vt 0.809163 0.632418
vt 0.807955 0.637175
vt 0.801203 0.636599
vt 0.809163 0.632418
vt 0.81724 0.633244
vt 0.814909 0.638304
vt 0.807955 0.637175
vt 0.14376 0.620942
vt 0.142317 0.629422
vt 0.136859 0.625267
vt 0.138831 0.618276
vt 0.142317 0.629422
vt 0.136327 0.635797
vt 0.13172 0.630735
vt 0.136859 0.625267
vt 0.136327 0.635797
vt 0.127537 0.638205
vt 0.124573 0.633448
vt 0.13172 0.630735
vt 0.127537 0.638205
vt 0.119782 0.640065
vt 0.117904 0.635525
vt 0.124573 0.633448
vt 0.052474 0.565868
vt 0.044892 0.566205
vt 0.044559 0.561604
vt 0.051302 0.561106
vt 0.044892 0.566205
vt 0.037447 0.566128
vt 0.037866 0.561535
vt 0.044559 0.561604
vt 0.037447 0.566128
vt 0.029864 0.565634
vt 0.031124 0.560897
vt 0.037866 0.561535
vt 0.029864 0.565634
vt 0.021801 0.564735
vt 0.02419 0.55971
vt 0.031124 0.560897
vt 0.473876 0.573827
vt 0.465007 0.57147
vt 0.469565 0.566389
vt 0.476777 0.569041
vt 0.879736 0.629003
vt 0.873145 0.634284
vt 0.869176 0.628727
vt 0.874829 0.624197
vt 0.873145 0.634284
vt 0.863977 0.635555
vt 0.861666 0.630465
vt 0.869176 0.628727
vt 0.863977 0.635555
vt 0.855907 0.636431
vt 0.854692 0.631662
vt 0.861666 0.630465
vt 0.855907 0.636431
vt 0.848347 0.636877
vt 0.847953 0.632273
vt 0.854692 0.631662
vt 0.848347 0.636877
vt 0.840958 0.636877
vt 0.841311 0.632273
vt 0.847953 0.632273
vt 0.228661 0.598583
vt 0.221072 0.598172
vt 0.222251 0.593429
vt 0.229009 0.593991
vt 0.221072 0.598172
vt 0.212983 0.597367
vt 0.215272 0.592329
vt 0.222251 0.593429
vt 0.188016 0.635987
vt 0.179028 0.634601
vt 0.183075 0.629049
vt 0.190464 0.630944
vt 0.179028 0.634601
vt 0.172398 0.628846
vt 0.177388 0.624112
vt 0.183075 0.629049
vt 0.013321 0.596961
vt 0.022406 0.595158
vt 0.025021 0.600087
vt 0.017634 0.602241
vt 0.022406 0.595158
vt 0.030422 0.593807
vt 0.031914 0.598491
vt 0.025021 0.600087
vt 0.030422 0.593807
vt 0.03796 0.592905
vt 0.038617 0.59748
vt 0.031914 0.598491
vt 0.03796 0.592905
vt 0.045361 0.592447
vt 0.04527 0.597069
vt 0.038617 0.59748
vt 0.923152 0.633814
vt 0.930706 0.634645
vt 0.929266 0.639315
vt 0.922549 0.638379
vt 0.930706 0.634645
vt 0.938738 0.635899
vt 0.936173 0.640802
vt 0.929266 0.639315
vt 0.660559 0.629302
vt 0.669354 0.631616
vt 0.664751 0.636716
vt 0.657599 0.634063
vt 0.669354 0.631616
vt 0.675349 0.638031
vt 0.669893 0.642219
vt 0.664751 0.636716
vt 0.243517 0.534188
vt 0.244826 0.543319
vt 0.239735 0.545649
vt 0.237945 0.538155
vt 0.77851 0.633244
vt 0.786556 0.632418
vt 0.787781 0.637175
vt 0.78087 0.638304
vt 0.786556 0.632418
vt 0.79413 0.631997
vt 0.794511 0.636599
vt 0.787781 0.637175
vt 0.79413 0.631997
vt 0.801573 0.631997
vt 0.801203 0.636599
vt 0.794511 0.636599
vt 0.801943 0.627395
vt 0.81037 0.627662
vt 0.809163 0.632418
vt 0.801573 0.631997
vt 0.81037 0.627662
vt 0.819571 0.628184
vt 0.81724 0.633244
vt 0.809163 0.632418
vt 0.819571 0.628184
vt 0.83043 0.628943
vt 0.8264 0.634443
vt 0.81724 0.633244
vt 0.147776 0.633577
vt 0.140933 0.640859
vt 0.136327 0.635797
vt 0.142317 0.629422
vt 0.140933 0.640859
vt 0.130501 0.642961
vt 0.127537 0.638205
vt 0.136327 0.635797
vt 0.062839 0.57021
vt 0.053647 0.570631
vt 0.052474 0.565868
vt 0.060537 0.565137
vt 0.053647 0.570631
vt 0.045224 0.570806
vt 0.044892 0.566205
vt 0.052474 0.565868
vt 0.045224 0.570806
vt 0.037027 0.570721
vt 0.037447 0.566128
vt 0.044892 0.566205
vt 0.037027 0.570721
vt 0.028604 0.570371
vt 0.029864 0.565634
vt 0.037447 0.566128
vt 0.028604 0.570371
vt 0.019412 0.56976
vt 0.021801 0.564735
vt 0.029864 0.565634
vt 0.470975 0.578613
vt 0.460449 0.576551
vt 0.465007 0.57147
vt 0.473876 0.573827
vt 0.884642 0.633809
vt 0.877114 0.639841
vt 0.873145 0.634284
vt 0.879736 0.629003
vt 0.877114 0.639841
vt 0.866287 0.640645
vt 0.863977 0.635555
vt 0.873145 0.634284
vt 0.866287 0.640645
vt 0.857121 0.641199
vt 0.855907 0.636431
vt 0.863977 0.635555
vt 0.857121 0.641199
vt 0.84874 0.641482
vt 0.848347 0.636877
vt 0.855907 0.636431
vt 0.84874 0.641482
vt 0.840605 0.641482
vt 0.840958 0.636877
vt 0.848347 0.636877
vt 0.228312 0.603175
vt 0.219894 0.602915
vt 0.221072 0.598172
vt 0.228661 0.598583
vt 0.219894 0.602915
vt 0.210693 0.602405
vt 0.212983 0.597367
vt 0.221072 0.598172
vt 0.185568 0.64103
vt 0.174981 0.640153
vt 0.179028 0.634601
vt 0.188016 0.635987
vt 0.174981 0.640153
vt 0.167408 0.633579
vt 0.172398 0.628846
vt 0.179028 0.634601
vt 0.009009 0.591681
vt 0.019791 0.590229
vt 0.022406 0.595158
vt 0.013321 0.596961
vt 0.019791 0.590229
vt 0.02893 0.589122
vt 0.030422 0.593807
vt 0.022406 0.595158
vt 0.02893 0.589122
vt 0.037303 0.588329
vt 0.03796 0.592905
vt 0.030422 0.593807
vt 0.037303 0.588329
vt 0.045451 0.587825
vt 0.045361 0.592447
vt 0.03796 0.592905
vt 0.923756 0.629248
vt 0.932147 0.629976
vt 0.930706 0.634645
vt 0.923152 0.633814
vt 0.932147 0.629976
vt 0.941304 0.630995
vt 0.938738 0.635899
vt 0.930706 0.634645
vt 0.663519 0.624542
vt 0.673958 0.626516
vt 0.669354 0.631616
vt 0.660559 0.629302
vt 0.673958 0.626516
vt 0.680805 0.633843
vt 0.675349 0.638031
vt 0.669354 0.631616
vt 0.249088 0.53022
vt 0.249916 0.540988
vt 0.244826 0.543319
vt 0.243517 0.534188
vt 0.776151 0.628184
vt 0.785332 0.627662
vt 0.786556 0.632418
vt 0.77851 0.633244
vt 0.785332 0.627662
vt 0.793748 0.627395
vt 0.79413 0.631997
vt 0.786556 0.632418
vt 0.793748 0.627395
vt 0.801943 0.627395
vt 0.801573 0.631997
vt 0.79413 0.631997
vt 0.802273 0.623183
vt 0.81143 0.623314
vt 0.81037 0.627662
vt 0.801943 0.627395
vt 0.81143 0.623314
vt 0.821611 0.623572
vt 0.819571 0.628184
vt 0.81037 0.627662
vt 0.821611 0.623572
vt 0.833952 0.623947
vt 0.83043 0.628943
vt 0.819571 0.628184
vt 0.152628 0.637334
vt 0.145042 0.645406
vt 0.140933 0.640859
vt 0.147776 0.633577
vt 0.077178 0.574597
vt 0.064842 0.574838
vt 0.062839 0.57021
vt 0.073686 0.569574
vt 0.064842 0.574838
vt 0.054664 0.574988
vt 0.053647 0.570631
vt 0.062839 0.57021
vt 0.054664 0.574988
vt 0.045508 0.575022
vt 0.045224 0.570806
vt 0.053647 0.570631
vt 0.045508 0.575022
vt 0.036656 0.574931
vt 0.037027 0.570721
vt 0.045224 0.570806
vt 0.036656 0.574931
vt 0.0275 0.574706
vt 0.028604 0.570371
vt 0.037027 0.570721
vt 0.0275 0.574706
vt 0.017322 0.574345
vt 0.019412 0.56976
vt 0.028604 0.570371
vt 0.017322 0.574345
vt 0.004986 0.573847
vt 0.008565 0.568898
vt 0.019412 0.56976
vt 0.888957 0.638177
vt 0.880611 0.644863
vt 0.877114 0.639841
vt 0.884642 0.633809
vt 0.880611 0.644863
vt 0.868338 0.645261
vt 0.866287 0.640645
vt 0.877114 0.639841
vt 0.868338 0.645261
vt 0.858215 0.645534
vt 0.857121 0.641199
vt 0.866287 0.640645
vt 0.858215 0.645534
vt 0.849118 0.645674
vt 0.84874 0.641482
vt 0.857121 0.641199
vt 0.849118 0.645674
vt 0.840332 0.645674
vt 0.840605 0.641482
vt 0.84874 0.641482
vt 0.22799 0.607387
vt 0.218847 0.607259
vt 0.219894 0.602915
vt 0.228312 0.603175
vt 0.218847 0.607259
vt 0.208679 0.607007
vt 0.210693 0.602405
vt 0.219894 0.602915
vt 0.208679 0.607007
vt 0.19635 0.606642
vt 0.19983 0.601666
vt 0.210693 0.602405
vt 0.171373 0.645122
vt 0.162978 0.637834
vt 0.167408 0.633579
vt 0.174981 0.640153
vt 0.005211 0.586891
vt 0.017474 0.585745
vt 0.019791 0.590229
vt 0.009009 0.591681
vt 0.017474 0.585745
vt 0.027592 0.584852
vt 0.02893 0.589122
vt 0.019791 0.590229
vt 0.027592 0.584852
vt 0.036694 0.584153
vt 0.037303 0.588329
vt 0.02893 0.589122
vt 0.036694 0.584153
vt 0.045494 0.58361
vt 0.045451 0.587825
vt 0.037303 0.588329
vt 0.924311 0.62506
vt 0.933433 0.625697
vt 0.932147 0.629976
vt 0.923756 0.629248
vt 0.933433 0.625697
vt 0.943572 0.626513
vt 0.941304 0.630995
vt 0.932147 0.629976
vt 0.943572 0.626513
vt 0.955861 0.627563
vt 0.952109 0.632338
vt 0.941304 0.630995
vt 0.678063 0.62195
vt 0.685654 0.630072
vt 0.680805 0.633843
vt 0.673958 0.626516
vt 0.761772 0.623947
vt 0.774099 0.623572
vt 0.776151 0.628184
vt 0.76532 0.628943
vt 0.774099 0.623572
vt 0.78427 0.623314
vt 0.785332 0.627662
vt 0.776151 0.628184
vt 0.78427 0.623314
vt 0.793422 0.623183
vt 0.793748 0.627395
vt 0.785332 0.627662
vt 0.793422 0.623183
vt 0.802273 0.623183
vt 0.801943 0.627395
vt 0.793748 0.627395
vt 0.802521 0.619749
vt 0.812194 0.619785
vt 0.81143 0.623314
vt 0.802273 0.623183
vt 0.812194 0.619785
vt 0.823069 0.619856
vt 0.821611 0.623572
vt 0.81143 0.623314
vt 0.823069 0.619856
vt 0.836458 0.619959
vt 0.833952 0.623947
vt 0.821611 0.623572
vt 0.156267 0.640294
vt 0.148155 0.648926
vt 0.145042 0.645406
vt 0.152628 0.637334
vt 0.079635 0.578613
vt 0.066246 0.578576
vt 0.064842 0.574838
vt 0.077178 0.574597
vt 0.066246 0.578576
vt 0.055371 0.578533
vt 0.054664 0.574988
vt 0.064842 0.574838
vt 0.055371 0.578533
vt 0.045696 0.578469
vt 0.045508 0.575022
vt 0.054664 0.574988
vt 0.045696 0.578469
vt 0.03638 0.578372
vt 0.036656 0.574931
vt 0.045508 0.575022
vt 0.03638 0.578372
vt 0.026706 0.578236
vt 0.0275 0.574706
vt 0.036656 0.574931
vt 0.026706 0.578236
vt 0.015831 0.578053
vt 0.017322 0.574345
vt 0.0275 0.574706
vt 0.015831 0.578053
vt 0.002441 0.577812
vt 0.004986 0.573847
vt 0.017322 0.574345
vt 0.892088 0.641666
vt 0.883164 0.648817
vt 0.880611 0.644863
vt 0.888957 0.638177
vt 0.883164 0.648817
vt 0.869867 0.648926
vt 0.868338 0.645261
vt 0.880611 0.644863
vt 0.257513 0.610735
vt 0.246667 0.610805
vt 0.24595 0.607259
vt 0.256091 0.607007
vt 0.246667 0.610805
vt 0.237016 0.61084
vt 0.236822 0.607387
vt 0.24595 0.607259
vt 0.237016 0.61084
vt 0.227721 0.61084
vt 0.22799 0.607387
vt 0.236822 0.607387
vt 0.227721 0.61084
vt 0.218067 0.610805
vt 0.218847 0.607259
vt 0.22799 0.607387
vt 0.218067 0.610805
vt 0.207213 0.610735
vt 0.208679 0.607007
vt 0.218847 0.607259
vt 0.207213 0.610735
vt 0.193848 0.610635
vt 0.19635 0.606642
vt 0.208679 0.607007
vt 0.168645 0.648926
vt 0.159668 0.641133
vt 0.162978 0.637834
vt 0.171373 0.645122
vt 0.002441 0.583083
vt 0.015752 0.582153
vt 0.017474 0.585745
vt 0.005211 0.586891
vt 0.89502 0.620076
vt 0.905853 0.62061
vt 0.906371 0.62419
vt 0.896232 0.623878
vt 0.905853 0.62061
vt 0.915491 0.621111
vt 0.915493 0.62457
vt 0.906371 0.62419
vt 0.915491 0.621111
vt 0.924771 0.621628
vt 0.924311 0.62506
vt 0.915493 0.62457
vt 0.924771 0.621628
vt 0.934409 0.6222
vt 0.933433 0.625697
vt 0.924311 0.62506
vt 0.934409 0.6222
vt 0.945242 0.622872
vt 0.943572 0.626513
vt 0.933433 0.625697
vt 0.945242 0.622872
vt 0.958581 0.623715
vt 0.955861 0.627563
vt 0.943572 0.626513
vt 0.681173 0.61845
vt 0.689289 0.627135
vt 0.685654 0.630072
vt 0.678063 0.62195
vt 0.759277 0.619959
vt 0.772663 0.619856
vt 0.774099 0.623572
vt 0.761772 0.623947
vt 0.772663 0.619856
vt 0.783534 0.619785
vt 0.78427 0.623314
vt 0.774099 0.623572
vt 0.783534 0.619785
vt 0.793206 0.619749
vt 0.793422 0.623183
vt 0.78427 0.623314
vt 0.793206 0.619749
vt 0.802521 0.619749
vt 0.802273 0.623183
vt 0.793422 0.623183
vt 0.623888 0.078719
vt 0.63376 0.078719
vt 0.633476 0.081466
vt 0.6238 0.081449
vt 0.63376 0.078719
vt 0.644901 0.078719
vt 0.644352 0.081497
vt 0.633476 0.081466
vt 0.644901 0.078719
vt 0.658692 0.078719
vt 0.657744 0.081543
vt 0.644352 0.081497
vt 0.508525 0.343013
vt 0.519459 0.348474
vt 0.517996 0.351074
vt 0.507324 0.345744
vt 0.7417 0.081543
vt 0.727909 0.081543
vt 0.72736 0.078765
vt 0.740751 0.078719
vt 0.727909 0.081543
vt 0.716768 0.081543
vt 0.716484 0.078796
vt 0.72736 0.078765
vt 0.716768 0.081543
vt 0.706896 0.081543
vt 0.706808 0.078812
vt 0.716484 0.078796
vt 0.706896 0.081543
vt 0.697402 0.081543
vt 0.69749 0.078812
vt 0.706808 0.078812
vt 0.697402 0.081543
vt 0.68753 0.081543
vt 0.687814 0.078796
vt 0.69749 0.078812
vt 0.68753 0.081543
vt 0.676389 0.081543
vt 0.676938 0.078765
vt 0.687814 0.078796
vt 0.676389 0.081543
vt 0.662598 0.081543
vt 0.663546 0.078719
vt 0.676938 0.078765
vt 0.503834 0.345613
vt 0.4929 0.351074
vt 0.491699 0.348343
vt 0.502371 0.343013
vt 0.824708 0.081543
vt 0.810917 0.081543
vt 0.810368 0.078765
vt 0.823759 0.078719
vt 0.810917 0.081543
vt 0.799776 0.081543
vt 0.799491 0.078796
vt 0.810368 0.078765
vt 0.799776 0.081543
vt 0.789903 0.081543
vt 0.789815 0.078812
vt 0.799491 0.078796
vt 0.789903 0.081543
vt 0.78041 0.081543
vt 0.780498 0.078812
vt 0.789815 0.078812
vt 0.78041 0.081543
vt 0.770537 0.081543
vt 0.770822 0.078796
vt 0.780498 0.078812
vt 0.770537 0.081543
vt 0.759397 0.081543
vt 0.759946 0.078765
vt 0.770822 0.078796
vt 0.759397 0.081543
vt 0.745605 0.081543
vt 0.746554 0.078719
vt 0.759946 0.078765
vt 0.549508 0.351074
vt 0.538574 0.345613
vt 0.540037 0.343013
vt 0.550709 0.348343
vt 0.496582 0.078719
vt 0.510373 0.078719
vt 0.510922 0.081497
vt 0.497531 0.081543
vt 0.510373 0.078719
vt 0.521514 0.078719
vt 0.521799 0.081466
vt 0.510922 0.081497
vt 0.521514 0.078719
vt 0.531387 0.078719
vt 0.531475 0.081449
vt 0.521799 0.081466
vt 0.531387 0.078719
vt 0.54088 0.078719
vt 0.540792 0.081449
vt 0.531475 0.081449
vt 0.54088 0.078719
vt 0.550753 0.078719
vt 0.550468 0.081466
vt 0.540792 0.081449
vt 0.550753 0.078719
vt 0.561893 0.078719
vt 0.561344 0.081497
vt 0.550468 0.081466
vt 0.561893 0.078719
vt 0.575685 0.078719
vt 0.574736 0.081543
vt 0.561344 0.081497
vt 0.522949 0.348474
vt 0.533883 0.343013
vt 0.535084 0.345744
vt 0.524412 0.351074
vt 0.57959 0.078719
vt 0.593381 0.078719
vt 0.59393 0.081497
vt 0.580539 0.081543
vt 0.593381 0.078719
vt 0.604522 0.078719
vt 0.604806 0.081466
vt 0.59393 0.081497
vt 0.604522 0.078719
vt 0.614394 0.078719
vt 0.614482 0.081449
vt 0.604806 0.081466
vt 0.614394 0.078719
vt 0.623888 0.078719
vt 0.6238 0.081449
vt 0.614482 0.081449
vn 0.83352 -0.547577 0.073514
vn 0.784918 -0.582786 0.210392
vn 0.894891 -0.362865 0.259805
vn 0.938019 -0.335002 0.088854
vn 0.685328 -0.657148 0.313818
vn 0.809329 -0.42158 0.408971
vn 0.551047 -0.701536 0.451878
vn 0.649944 -0.501033 0.571436
vn 0.411332 -0.737731 0.535312
vn 0.546296 -0.48053 0.686041
vn 0.334503 -0.603608 0.723717
vn 0.39669 -0.392871 0.829632
vn 0.214473 -0.542742 0.812055
vn 0.259805 -0.362865 0.894891
vn 0.073514 -0.547577 0.83352
vn 0.088854 -0.335002 0.938019
vn -0.073514 -0.547577 0.83352
vn -0.088854 -0.335002 0.938019
vn -0.210392 -0.582786 0.784918
vn -0.259805 -0.362865 0.894891
vn -0.313818 -0.657148 0.685328
vn -0.408971 -0.42158 0.809329
vn -0.451878 -0.701536 0.551047
vn -0.571436 -0.501033 0.649944
vn -0.535312 -0.737731 0.411332
vn -0.686041 -0.48053 0.546296
vn -0.723717 -0.603608 0.334503
vn -0.829632 -0.392871 0.39669
vn -0.812055 -0.542742 0.214473
vn -0.894891 -0.362865 0.259805
vn -0.83352 -0.547577 0.073514
vn -0.938019 -0.335002 0.088854
vn -0.83352 -0.547577 -0.073514
vn -0.938019 -0.335002 -0.088854
vn -0.784918 -0.582786 -0.210392
vn -0.894891 -0.362865 -0.259805
vn -0.685328 -0.657148 -0.313818
vn -0.809329 -0.42158 -0.408971
vn -0.551047 -0.701536 -0.451878
vn -0.649944 -0.501033 -0.571436
vn -0.411332 -0.737731 -0.535312
vn -0.546296 -0.48053 -0.686041
vn -0.334503 -0.603608 -0.723717
vn -0.39669 -0.392871 -0.829632
vn -0.214473 -0.542742 -0.812055
vn -0.259805 -0.362865 -0.894891
vn -0.073514 -0.547577 -0.83352
vn -0.088854 -0.335002 -0.938019
vn 0.073514 -0.547577 -0.83352
vn 0.088854 -0.335002 -0.938019
vn 0.210392 -0.582786 -0.784918
vn 0.259805 -0.362865 -0.894891
vn 0.313818 -0.657148 -0.685328
vn 0.408971 -0.42158 -0.809329
vn 0.451878 -0.701536 -0.551047
vn 0.571436 -0.501033 -0.649944
vn 0.535312 -0.737731 -0.411332
vn 0.686041 -0.48053 -0.546296
vn 0.723717 -0.603608 -0.334503
vn 0.829632 -0.392871 -0.39669
vn 0.812055 -0.542742 -0.214473
vn 0.894891 -0.362865 -0.259805
vn 0.83352 -0.547577 -0.073514
vn 0.938019 -0.335002 -0.088854
vn 0.65858 -0.75101 0.047499
vn 0.613661 -0.780446 0.119688
vn 0.537233 -0.825472 0.173139
vn 0.393056 -0.871055 0.294566
vn 0.267705 -0.87871 0.395224
vn 0.193561 -0.820974 0.537155
vn 0.131664 -0.778953 0.613104
vn 0.047499 -0.75101 0.65858
vn -0.047499 -0.75101 0.65858
vn -0.119688 -0.780446 0.613661
vn -0.173139 -0.825472 0.537233
vn -0.294566 -0.871055 0.393056
vn -0.395224 -0.87871 0.267705
vn -0.537155 -0.820974 0.193561
vn -0.613104 -0.778953 0.131664
vn -0.65858 -0.75101 0.047499
vn -0.65858 -0.75101 -0.047499
vn -0.613661 -0.780446 -0.119688
vn -0.537233 -0.825472 -0.173139
vn -0.393056 -0.871055 -0.294566
vn -0.267705 -0.87871 -0.395224
vn -0.193561 -0.820974 -0.537155
vn -0.131664 -0.778953 -0.613104
vn -0.047499 -0.75101 -0.65858
vn 0.047499 -0.75101 -0.65858
vn 0.119688 -0.780446 -0.613661
vn 0.173139 -0.825472 -0.537233
vn 0.294566 -0.871055 -0.393056
vn 0.395224 -0.87871 -0.267705
vn 0.537155 -0.820974 -0.193561
vn 0.613104 -0.778953 -0.131664
vn 0.65858 -0.75101 -0.047499
vn 0.575011 -0.81758 0.03043
vn 0.538197 -0.838742 0.0828
vn 0.483572 -0.869058 0.10439
vn 0.358056 -0.910649 0.206191
vn 0.206534 -0.914898 0.346851
vn 0.112481 -0.873474 0.4737
vn 0.0828 -0.838742 0.538197
vn 0.03043 -0.81758 0.575011
vn -0.03043 -0.81758 0.575011
vn -0.0828 -0.838742 0.538197
vn -0.10439 -0.869058 0.483572
vn -0.206191 -0.910649 0.358056
vn -0.346851 -0.914898 0.206534
vn -0.4737 -0.873474 0.112481
vn -0.538197 -0.838742 0.0828
vn -0.575011 -0.81758 0.03043
vn -0.575011 -0.81758 -0.03043
vn -0.538197 -0.838742 -0.0828
vn -0.483572 -0.869058 -0.10439
vn -0.358056 -0.910649 -0.206191
vn -0.206534 -0.914898 -0.346851
vn -0.112481 -0.873474 -0.4737
vn -0.0828 -0.838742 -0.538197
vn -0.03043 -0.81758 -0.575011
vn 0.03043 -0.81758 -0.575011
vn 0.0828 -0.838742 -0.538197
vn 0.10439 -0.869058 -0.483572
vn 0.206191 -0.910649 -0.358056
vn 0.346851 -0.914898 -0.206534
vn 0.4737 -0.873474 -0.112481
vn 0.538197 -0.838742 -0.0828
vn 0.575011 -0.81758 -0.03043
vn 0.552585 -0.833232 0.019361
vn 0.522523 -0.851033 0.052078
vn 0.470109 -0.879891 0.069205
vn 0.352443 -0.918896 0.177242
vn 0.177242 -0.918896 0.352443
vn 0.069205 -0.879891 0.470109
vn 0.052078 -0.851033 0.522523
vn 0.019361 -0.833232 0.552585
vn -0.019361 -0.833232 0.552585
vn -0.052078 -0.851033 0.522523
vn -0.069205 -0.879891 0.470109
vn -0.177242 -0.918896 0.352443
vn -0.352443 -0.918896 0.177242
vn -0.470109 -0.879891 0.069205
vn -0.522523 -0.851033 0.052078
vn -0.552585 -0.833232 0.019361
vn -0.552585 -0.833232 -0.019361
vn -0.522523 -0.851033 -0.052078
vn -0.470109 -0.879891 -0.069205
vn -0.352443 -0.918896 -0.177242
vn -0.177242 -0.918896 -0.352443
vn -0.069205 -0.879891 -0.470109
vn -0.052078 -0.851033 -0.522523
vn -0.019361 -0.833232 -0.552585
vn 0.019361 -0.833232 -0.552585
vn 0.052078 -0.851033 -0.522523
vn 0.069205 -0.879891 -0.470109
vn 0.177242 -0.918896 -0.352443
vn 0.352443 -0.918896 -0.177242
vn 0.470109 -0.879891 -0.069205
vn 0.522523 -0.851033 -0.052078
vn 0.552585 -0.833232 -0.019361
vn 0.580287 -0.814325 0.011886
vn 0.554837 -0.831353 0.03177
vn 0.509754 -0.859308 0.041707
vn 0.383316 -0.907337 0.172653
vn 0.172653 -0.907337 0.383316
vn 0.041707 -0.859308 0.509754
vn 0.03177 -0.831353 0.554837
vn 0.011886 -0.814325 0.580287
vn -0.011886 -0.814325 0.580287
vn -0.03177 -0.831353 0.554837
vn -0.041707 -0.859308 0.509754
vn -0.172653 -0.907337 0.383316
vn -0.383316 -0.907337 0.172653
vn -0.509754 -0.859308 0.041707
vn -0.554837 -0.831353 0.03177
vn -0.580287 -0.814325 0.011886
vn -0.580287 -0.814325 -0.011886
vn -0.554837 -0.831353 -0.03177
vn -0.509754 -0.859308 -0.041707
vn -0.383316 -0.907337 -0.172653
vn -0.172653 -0.907337 -0.383316
vn -0.041707 -0.859308 -0.509754
vn -0.03177 -0.831353 -0.554837
vn -0.011886 -0.814325 -0.580287
vn 0.011886 -0.814325 -0.580287
vn 0.03177 -0.831353 -0.554837
vn 0.041707 -0.859308 -0.509754
vn 0.172653 -0.907337 -0.383316
vn 0.383316 -0.907337 -0.172653
vn 0.509754 -0.859308 -0.041707
vn 0.554837 -0.831353 -0.03177
vn 0.580287 -0.814325 -0.011886
vn 0.668972 -0.743258 0.006608
vn 0.647506 -0.761856 0.017659
vn 0.608075 -0.793542 0.023162
vn 0.46781 -0.862189 0.194383
vn 0.194383 -0.862189 0.46781
vn 0.023162 -0.793542 0.608075
vn 0.017659 -0.761856 0.647506
vn 0.006608 -0.743258 0.668972
vn -0.006608 -0.743258 0.668972
vn -0.017659 -0.761856 0.647506
vn -0.023162 -0.793542 0.608075
vn -0.194383 -0.862189 0.46781
vn -0.46781 -0.862189 0.194383
vn -0.608075 -0.793542 0.023162
vn -0.647506 -0.761856 0.017659
vn -0.668972 -0.743258 0.006608
vn -0.668972 -0.743258 -0.006608
vn -0.647506 -0.761856 -0.017659
vn -0.608075 -0.793542 -0.023162
vn -0.46781 -0.862189 -0.194383
vn -0.194383 -0.862189 -0.46781
vn -0.023162 -0.793542 -0.608075
vn -0.017659 -0.761856 -0.647506
vn -0.006608 -0.743258 -0.668972
vn 0.006608 -0.743258 -0.668972
vn 0.017659 -0.761856 -0.647506
vn 0.023162 -0.793542 -0.608075
vn 0.194383 -0.862189 -0.46781
vn 0.46781 -0.862189 -0.194383
vn 0.608075 -0.793542 -0.023162
vn 0.647506 -0.761856 -0.017659
vn 0.668972 -0.743258 -0.006608
vn 0.845117 -0.534574 0.00286
vn 0.832076 -0.554608 0.007717
vn 0.806431 -0.591238 0.010307
vn 0.665516 -0.728169 0.163885
vn 0.570063 -0.75339 0.327767
vn 0.327767 -0.75339 0.570063
vn 0.163885 -0.728169 0.665516
vn 0.010307 -0.591238 0.806431
vn 0.007717 -0.554608 0.832076
vn 0.00286 -0.534574 0.845117
vn -0.00286 -0.534574 0.845117
vn -0.007717 -0.554608 0.832076
vn -0.010307 -0.591238 0.806431
vn -0.163885 -0.728169 0.665516
vn -0.327767 -0.75339 0.570063
vn -0.570063 -0.75339 0.327767
vn -0.665516 -0.728169 0.163885
vn -0.806431 -0.591238 0.010307
vn -0.832076 -0.554608 0.007717
vn -0.845117 -0.534574 0.00286
vn -0.845117 -0.534574 -0.00286
vn -0.832076 -0.554608 -0.007717
vn -0.806431 -0.591238 -0.010307
vn -0.665516 -0.728169 -0.163885
vn -0.570063 -0.75339 -0.327767
vn -0.327767 -0.75339 -0.570063
vn -0.163885 -0.728169 -0.665516
vn -0.010307 -0.591238 -0.806431
vn -0.007717 -0.554608 -0.832076
vn -0.00286 -0.534574 -0.845117
vn 0.00286 -0.534574 -0.845117
vn 0.007717 -0.554608 -0.832076
vn 0.010307 -0.591238 -0.806431
vn 0.163885 -0.728169 -0.665516
vn 0.327767 -0.75339 -0.570063
vn 0.570063 -0.75339 -0.327767
vn 0.665516 -0.728169 -0.163885
vn 0.806431 -0.591238 -0.010307
vn 0.832076 -0.554608 -0.007717
vn 0.845117 -0.534574 -0.00286
vn 0.943708 -0.330778 0.001113
vn 0.938195 -0.346094 0.003025
vn 0.926857 -0.375393 0.0041
vn 0.920586 -0.390516 0.004365
vn 0.792812 -0.609369 0.010884
vn 0.612601 -0.499439 0.612601
vn 0.490711 -0.720003 0.490711
vn 0.004365 -0.390516 0.920586
vn 0.0041 -0.375393 0.926857
vn 0.010884 -0.609369 0.792812
vn 0.003025 -0.346094 0.938195
vn 0.001113 -0.330778 0.943708
vn -0.001113 -0.330778 0.943708
vn -0.003025 -0.346094 0.938195
vn -0.0041 -0.375393 0.926857
vn -0.004365 -0.390516 0.920586
vn -0.010884 -0.609369 0.792812
vn -0.612601 -0.499439 0.612601
vn -0.490711 -0.720003 0.490711
vn -0.920586 -0.390516 0.004365
vn -0.926857 -0.375393 0.0041
vn -0.792812 -0.609369 0.010884
vn -0.938195 -0.346094 0.003025
vn -0.943708 -0.330778 0.001113
vn -0.943708 -0.330778 -0.001113
vn -0.938195 -0.346094 -0.003025
vn -0.926857 -0.375393 -0.0041
vn -0.920586 -0.390516 -0.004365
vn -0.792812 -0.609369 -0.010884
vn -0.612601 -0.499439 -0.612601
vn -0.490711 -0.720003 -0.490711
vn -0.004365 -0.390516 -0.920586
vn -0.0041 -0.375393 -0.926857
vn -0.010884 -0.609369 -0.792812
vn -0.003025 -0.346094 -0.938195
vn -0.001113 -0.330778 -0.943708
vn 0.001113 -0.330778 -0.943708
vn 0.003025 -0.346094 -0.938195
vn 0.0041 -0.375393 -0.926857
vn 0.004365 -0.390516 -0.920586
vn 0.010884 -0.609369 -0.792812
vn 0.612601 -0.499439 -0.612601
vn 0.490711 -0.720003 -0.490711
vn 0.920586 -0.390516 -0.004365
vn 0.926857 -0.375393 -0.0041
vn 0.792812 -0.609369 -0.010884
vn 0.938195 -0.346094 -0.003025
vn 0.943708 -0.330778 -0.001113
f 1339/3579/423 1340/3580/424 1308/3581/425 1307/3582/426
f 1340/3583/424 1341/3584/427 1309/3585/428 1308/3586/425
f 1342/3587/429 1310/3588/430 1309/3589/428
f 1309/3590/428 1341/3591/427 1342/3592/429
f 1342/3593/429 1343/3594/431 1311/3595/432 1310/3596/430
f 1344/3597/433 1312/3598/434 1311/3599/432
f 1311/3600/432 1343/3601/431 1344/3602/433
f 1344/3603/433 1345/3604/435 1313/3605/436 1312/3606/434
f 1345/3607/435 1346/3608/437 1314/3609/438 1313/3610/436
f 1346/3611/437 1347/3612/439 1315/3613/440 1314/3614/438
f 1347/3615/439 1348/3616/441 1316/3617/442 1315/3618/440
f 1348/3619/441 1349/3620/443 1317/3621/444 1316/3622/442
f 1350/3623/445 1318/3624/446 1317/3625/444
f 1317/3626/444 1349/3627/443 1350/3628/445
f 1350/3629/445 1351/3630/447 1319/3631/448 1318/3632/446
f 1352/3633/449 1320/3634/450 1319/3635/448
f 1319/3636/448 1351/3637/447 1352/3638/449
f 1352/3639/449 1353/3640/451 1321/3641/452 1320/3642/450
f 1353/3643/451 1354/3644/453 1322/3645/454 1321/3646/452
f 1354/3647/453 1355/3648/455 1323/3649/456 1322/3650/454
f 1355/3651/455 1356/3652/457 1324/3653/458 1323/3654/456
f 1356/3655/457 1357/3656/459 1325/3657/460 1324/3658/458
f 1358/3659/461 1326/3660/462 1325/3661/460
f 1325/3662/460 1357/3663/459 1358/3664/461
f 1358/3665/461 1359/3666/463 1327/3667/464 1326/3668/462
f 1360/3669/465 1328/3670/466 1327/3671/464
f 1327/3672/464 1359/3673/463 1360/3674/465
f 1360/3675/465 1361/3676/467 1329/3677/468 1328/3678/466
f 1361/3679/467 1362/3680/469 1330/3681/470 1329/3682/468
f 1362/3683/469 1363/3684/471 1331/3685/472 1330/3686/470
f 1363/3687/471 1364/3688/473 1332/3689/474 1331/3690/472
f 1364/3691/473 1365/3692/475 1333/3693/476 1332/3694/474
f 1366/3695/477 1334/3696/478 1333/3697/476
f 1333/3698/476 1365/3699/475 1366/3700/477
f 1366/3701/477 1367/3702/479 1335/3703/480 1334/3704/478
f 1368/3705/481 1336/3706/482 1335/3707/480
f 1335/3708/480 1367/3709/479 1368/3710/481
f 1368/3711/481 1369/3712/483 1337/3713/484 1336/3714/482
f 1369/3715/483 1370/3716/485 1338/3717/486 1337/3718/484
f 1370/3719/485 1339/3720/423 1307/3721/426 1338/3722/486
f 1371/3723/487 1372/3724/488 1340/3725/424 1339/3726/423
f 1373/3727/489 1341/3728/427 1340/3729/424
f 1340/3730/424 1372/3731/488 1373/3732/489
f 1374/3733/490 1342/3734/429 1341/3735/427
f 1341/3736/427 1373/3737/489 1374/3738/490
f 1374/3739/490 1375/3740/491 1343/3741/431 1342/3742/429
f 1376/3743/492 1344/3744/433 1343/3745/431
f 1343/3746/431 1375/3747/491 1376/3748/492
f 1377/3749/493 1345/3750/435 1344/3751/433
f 1344/3752/433 1376/3753/492 1377/3754/493
f 1377/3755/493 1378/3756/494 1346/3757/437 1345/3758/435
f 1378/3759/494 1379/3760/495 1347/3761/439 1346/3762/437
f 1379/3763/495 1380/3764/496 1348/3765/441 1347/3766/439
f 1381/3767/497 1349/3768/443 1348/3769/441
f 1348/3770/441 1380/3771/496 1381/3772/497
f 1382/3773/498 1350/3774/445 1349/3775/443
f 1349/3776/443 1381/3777/497 1382/3778/498
f 1382/3779/498 1383/3780/499 1351/3781/447 1350/3782/445
f 1384/3783/500 1352/3784/449 1351/3785/447
f 1351/3786/447 1383/3787/499 1384/3788/500
f 1385/3789/501 1353/3790/451 1352/3791/449
f 1352/3792/449 1384/3793/500 1385/3794/501
f 1385/3795/501 1386/3796/502 1354/3797/453 1353/3798/451
f 1386/3799/502 1387/3800/503 1355/3801/455 1354/3802/453
f 1387/3803/503 1388/3804/504 1356/3805/457 1355/3806/455
f 1389/3807/505 1357/3808/459 1356/3809/457
f 1356/3810/457 1388/3811/504 1389/3812/505
f 1390/3813/506 1358/3814/461 1357/3815/459
f 1357/3816/459 1389/3817/505 1390/3818/506
f 1390/3819/506 1391/3820/507 1359/3821/463 1358/3822/461
f 1392/3823/508 1360/3824/465 1359/3825/463
f 1359/3826/463 1391/3827/507 1392/3828/508
f 1393/3829/509 1361/3830/467 1360/3831/465
f 1360/3832/465 1392/3833/508 1393/3834/509
f 1393/3835/509 1394/3836/510 1362/3837/469 1361/3838/467
f 1394/3839/510 1395/3840/511 1363/3841/471 1362/3842/469
f 1395/3843/511 1396/3844/512 1364/3845/473 1363/3846/471
f 1397/3847/513 1365/3848/475 1364/3849/473
f 1364/3850/473 1396/3851/512 1397/3852/513
f 1398/3853/514 1366/3854/477 1365/3855/475
f 1365/3856/475 1397/3857/513 1398/3858/514
f 1398/3859/514 1399/3860/515 1367/3861/479 1366/3862/477
f 1400/3863/516 1368/3864/481 1367/3865/479
f 1367/3866/479 1399/3867/515 1400/3868/516
f 1401/3869/517 1369/3870/483 1368/3871/481
f 1368/3872/481 1400/3873/516 1401/3874/517
f 1401/3875/517 1402/3876/518 1370/3877/485 1369/3878/483
f 1402/3879/518 1371/3880/487 1339/3881/423 1370/3882/485
f 1403/3883/519 1404/3884/520 1372/3885/488 1371/3886/487
f 1404/3887/520 1405/3888/521 1373/3889/489 1372/3890/488
f 1406/3891/522 1374/3892/490 1373/3893/489
f 1373/3894/489 1405/3895/521 1406/3896/522
f 1406/3897/522 1407/3898/523 1375/3899/491 1374/3900/490
f 1408/3901/524 1376/3902/492 1375/3903/491
f 1375/3904/491 1407/3905/523 1408/3906/524
f 1408/3907/524 1409/3908/525 1377/3909/493 1376/3910/492
f 1409/3911/525 1410/3912/526 1378/3913/494 1377/3914/493
f 1410/3915/526 1411/3916/527 1379/3917/495 1378/3918/494
f 1411/3919/527 1412/3920/528 1380/3921/496 1379/3922/495
f 1412/3923/528 1413/3924/529 1381/3925/497 1380/3926/496
f 1414/3927/530 1382/3928/498 1381/3929/497
f 1381/3930/497 1413/3931/529 1414/3932/530
f 1414/3933/530 1415/3934/531 1383/3935/499 1382/3936/498
f 1416/3937/532 1384/3938/500 1383/3939/499
f 1383/3940/499 1415/3941/531 1416/3942/532
f 1416/3943/532 1417/3944/533 1385/3945/501 1384/3946/500
f 1417/3947/533 1418/3948/534 1386/3949/502 1385/3950/501
f 1418/3951/534 1419/3952/535 1387/3953/503 1386/3954/502
f 1419/3955/535 1420/3956/536 1388/3957/504 1387/3958/503
f 1420/3959/536 1421/3960/537 1389/3961/505 1388/3962/504
f 1422/3963/538 1390/3964/506 1389/3965/505
f 1389/3966/505 1421/3967/537 1422/3968/538
f 1422/3969/538 1423/3970/539 1391/3971/507 1390/3972/506
f 1424/3973/540 1392/3974/508 1391/3975/507
f 1391/3976/507 1423/3977/539 1424/3978/540
f 1424/3979/540 1425/3980/541 1393/3981/509 1392/3982/508
f 1425/3983/541 1426/3984/542 1394/3985/510 1393/3986/509
f 1426/3987/542 1427/3988/543 1395/3989/511 1394/3990/510
f 1427/3991/543 1428/3992/544 1396/3993/512 1395/3994/511
f 1428/3995/544 1429/3996/545 1397/3997/513 1396/3998/512
f 1430/3999/546 1398/4000/514 1397/4001/513
f 1397/4002/513 1429/4003/545 1430/4004/546
f 1430/4005/546 1431/4006/547 1399/4007/515 1398/4008/514
f 1432/4009/548 1400/4010/516 1399/4011/515
f 1399/4012/515 1431/4013/547 1432/4014/548
f 1432/4015/548 1433/4016/549 1401/4017/517 1400/4018/516
f 1433/4019/549 1434/4020/550 1402/4021/518 1401/4022/517
f 1434/4023/550 1403/4024/519 1371/4025/487 1402/4026/518
f 1435/4027/551 1436/4028/552 1404/4029/520 1403/4030/519
f 1436/4031/552 1437/4032/553 1405/4033/521 1404/4034/520
f 1437/4035/553 1438/4036/554 1406/4037/522 1405/4038/521
f 1438/4039/554 1439/4040/555 1407/4041/523 1406/4042/522
f 1439/4043/555 1440/4044/556 1408/4045/524 1407/4046/523
f 1440/4047/556 1441/4048/557 1409/4049/525 1408/4050/524
f 1441/4051/557 1442/4052/558 1410/4053/526 1409/4054/525
f 1442/4055/558 1443/4056/559 1411/4057/527 1410/4058/526
f 1443/4059/559 1444/4060/560 1412/4061/528 1411/4062/527
f 1444/4063/560 1445/4064/561 1413/4065/529 1412/4066/528
f 1445/4067/561 1446/4068/562 1414/4069/530 1413/4070/529
f 1446/4071/562 1447/4072/563 1415/4073/531 1414/4074/530
f 1447/4075/563 1448/4076/564 1416/4077/532 1415/4078/531
f 1448/4079/564 1449/4080/565 1417/4081/533 1416/4082/532
f 1449/4083/565 1450/4084/566 1418/4085/534 1417/4086/533
f 1450/4087/566 1451/4088/567 1419/4089/535 1418/4090/534
f 1451/4091/567 1452/4092/568 1420/4093/536 1419/4094/535
f 1452/4095/568 1453/4096/569 1421/4097/537 1420/4098/536
f 1453/4099/569 1454/4100/570 1422/4101/538 1421/4102/537
f 1454/4103/570 1455/4104/571 1423/4105/539 1422/4106/538
f 1455/4107/571 1456/4108/572 1424/4109/540 1423/4110/539
f 1456/4111/572 1457/4112/573 1425/4113/541 1424/4114/540
f 1457/4115/573 1458/4116/574 1426/4117/542 1425/4118/541
f 1458/4119/574 1459/4120/575 1427/4121/543 1426/4122/542
f 1459/4123/575 1460/4124/576 1428/4125/544 1427/4126/543
f 1460/4127/576 1461/4128/577 1429/4129/545 1428/4130/544
f 1461/4131/577 1462/4132/578 1430/4133/546 1429/4134/545
f 1462/4135/578 1463/4136/579 1431/4137/547 1430/4138/546
f 1463/4139/579 1464/4140/580 1432/4141/548 1431/4142/547
f 1464/4143/580 1465/4144/581 1433/4145/549 1432/4146/548
f 1465/4147/581 1466/4148/582 1434/4149/550 1433/4150/549
f 1466/4151/582 1435/4152/551 1403/4153/519 1434/4154/550
f 1467/4155/583 1468/4156/584 1436/4157/552 1435/4158/551
f 1468/4159/584 1469/4160/585 1437/4161/553 1436/4162/552
f 1469/4163/585 1470/4164/586 1438/4165/554 1437/4166/553
f 1470/4167/586 1471/4168/587 1439/4169/555 1438/4170/554
f 1471/4171/587 1472/4172/588 1440/4173/556 1439/4174/555
f 1472/4175/588 1473/4176/589 1441/4177/557 1440/4178/556
f 1473/4179/589 1474/4180/590 1442/4181/558 1441/4182/557
f 1474/4183/590 1475/4184/591 1443/4185/559 1442/4186/558
f 1475/4187/591 1476/4188/592 1444/4189/560 1443/4190/559
f 1476/4191/592 1477/4192/593 1445/4193/561 1444/4194/560
f 1477/4195/593 1478/4196/594 1446/4197/562 1445/4198/561
f 1478/4199/594 1479/4200/595 1447/4201/563 1446/4202/562
f 1479/4203/595 1480/4204/596 1448/4205/564 1447/4206/563
f 1480/4207/596 1481/4208/597 1449/4209/565 1448/4210/564
f 1481/4211/597 1482/4212/598 1450/4213/566 1449/4214/565
f 1482/4215/598 1483/4216/599 1451/4217/567 1450/4218/566
f 1483/4219/599 1484/4220/600 1452/4221/568 1451/4222/567
f 1484/4223/600 1485/4224/601 1453/4225/569 1452/4226/568
f 1485/4227/601 1486/4228/602 1454/4229/570 1453/4230/569
f 1486/4231/602 1487/4232/603 1455/4233/571 1454/4234/570
f 1487/4235/603 1488/4236/604 1456/4237/572 1455/4238/571
f 1488/4239/604 1489/4240/605 1457/4241/573 1456/4242/572
f 1489/4243/605 1490/4244/606 1458/4245/574 1457/4246/573
f 1490/4247/606 1491/4248/607 1459/4249/575 1458/4250/574
f 1491/4251/607 1492/4252/608 1460/4253/576 1459/4254/575
f 1492/4255/608 1493/4256/609 1461/4257/577 1460/4258/576
f 1493/4259/609 1494/4260/610 1462/4261/578 1461/4262/577
f 1494/4263/610 1495/4264/611 1463/4265/579 1462/4266/578
f 1495/4267/611 1496/4268/612 1464/4269/580 1463/4270/579
f 1496/4271/612 1497/4272/613 1465/4273/581 1464/4274/580
f 1497/4275/613 1498/4276/614 1466/4277/582 1465/4278/581
f 1498/4279/614 1467/4280/583 1435/4281/551 1466/4282/582
f 1499/4283/615 1500/4284/616 1468/4285/584 1467/4286/583
f 1500/4287/616 1501/4288/617 1469/4289/585 1468/4290/584
f 1501/4291/617 1502/4292/618 1470/4293/586 1469/4294/585
f 1502/4295/618 1503/4296/619 1471/4297/587 1470/4298/586
f 1503/4299/619 1504/4300/620 1472/4301/588 1471/4302/587
f 1504/4303/620 1505/4304/621 1473/4305/589 1472/4306/588
f 1505/4307/621 1506/4308/622 1474/4309/590 1473/4310/589
f 1506/4311/622 1507/4312/623 1475/4313/591 1474/4314/590
f 1507/4315/623 1508/4316/624 1476/4317/592 1475/4318/591
f 1508/4319/624 1509/4320/625 1477/4321/593 1476/4322/592
f 1509/4323/625 1510/4324/626 1478/4325/594 1477/4326/593
f 1510/4327/626 1511/4328/627 1479/4329/595 1478/4330/594
f 1511/4331/627 1512/4332/628 1480/4333/596 1479/4334/595
f 1512/4335/628 1513/4336/629 1481/4337/597 1480/4338/596
f 1513/4339/629 1514/4340/630 1482/4341/598 1481/4342/597
f 1514/4343/630 1515/4344/631 1483/4345/599 1482/4346/598
f 1515/4347/631 1516/4348/632 1484/4349/600 1483/4350/599
f 1516/4351/632 1517/4352/633 1485/4353/601 1484/4354/600
f 1517/4355/633 1518/4356/634 1486/4357/602 1485/4358/601
f 1518/4359/634 1519/4360/635 1487/4361/603 1486/4362/602
f 1519/4363/635 1520/4364/636 1488/4365/604 1487/4366/603
f 1520/4367/636 1521/4368/637 1489/4369/605 1488/4370/604
f 1521/4371/637 1522/4372/638 1490/4373/606 1489/4374/605
f 1522/4375/638 1523/4376/639 1491/4377/607 1490/4378/606
f 1523/4379/639 1524/4380/640 1492/4381/608 1491/4382/607
f 1524/4383/640 1525/4384/641 1493/4385/609 1492/4386/608
f 1525/4387/641 1526/4388/642 1494/4389/610 1493/4390/609
f 1526/4391/642 1527/4392/643 1495/4393/611 1494/4394/610
f 1527/4395/643 1528/4396/644 1496/4397/612 1495/4398/611
f 1528/4399/644 1529/4400/645 1497/4401/613 1496/4402/612
f 1529/4403/645 1530/4404/646 1498/4405/614 1497/4406/613
f 1530/4407/646 1499/4408/615 1467/4409/583 1498/4410/614
f 1531/4411/647 1532/4412/648 1500/4413/616 1499/4414/615
f 1532/4415/648 1533/4416/649 1501/4417/617 1500/4418/616
f 1533/4419/649 1534/4420/650 1502/4421/618 1501/4422/617
f 1534/4423/651 1535/4424/652 1503/4425/619 1502/4426/618
f 1535/4427/653 1536/4428/654 1504/4429/620 1503/4430/619
f 1536/4431/654 1537/4432/655 1505/4433/621 1504/4434/620
f 1537/4435/655 1538/4436/656 1506/4437/622 1505/4438/621
f 1538/4439/656 1539/4440/657 1507/4441/623 1506/4442/622
f 1539/4443/657 1540/4444/658 1508/4445/624 1507/4446/623
f 1540/4447/658 1541/4448/659 1509/4449/625 1508/4450/624
f 1541/4451/659 1542/4452/660 1510/4453/626 1509/4454/625
f 1542/4455/661 1543/4456/662 1511/4457/627 1510/4458/626
f 1543/4459/663 1544/4460/664 1512/4461/628 1511/4462/627
f 1544/4463/664 1545/4464/665 1513/4465/629 1512/4466/628
f 1545/4467/665 1546/4468/666 1514/4469/630 1513/4470/629
f 1546/4471/666 1547/4472/667 1515/4473/631 1514/4474/630
f 1547/4475/667 1548/4476/668 1516/4477/632 1515/4478/631
f 1548/4479/668 1549/4480/669 1517/4481/633 1516/4482/632
f 1549/4483/669 1550/4484/670 1518/4485/634 1517/4486/633
f 1550/4487/671 1551/4488/672 1519/4489/635 1518/4490/634
f 1551/4491/673 1552/4492/674 1520/4493/636 1519/4494/635
f 1552/4495/674 1553/4496/675 1521/4497/637 1520/4498/636
f 1553/4499/675 1554/4500/676 1522/4501/638 1521/4502/637
f 1554/4503/676 1555/4504/677 1523/4505/639 1522/4506/638
f 1555/4507/677 1556/4508/678 1524/4509/640 1523/4510/639
f 1556/4511/678 1557/4512/679 1525/4513/641 1524/4514/640
f 1557/4515/679 1558/4516/680 1526/4517/642 1525/4518/641
f 1558/4519/681 1559/4520/682 1527/4521/643 1526/4522/642
f 1559/4523/683 1560/4524/684 1528/4525/644 1527/4526/643
f 1560/4527/684 1561/4528/685 1529/4529/645 1528/4530/644
f 1561/4531/685 1562/4532/686 1530/4533/646 1529/4534/645
f 1562/4535/686 1531/4536/647 1499/4537/615 1530/4538/646
f 1563/4539/687 1564/4540/688 1532/4541/648 1531/4542/647
f 1564/4543/688 1565/4544/689 1533/4545/649 1532/4546/648
f 1565/4547/689 1566/4548/690 1534/4549/691 1533/4550/649
f 1566/4551/692 1567/4552/692 1535/4553/693 1534/4554/693
f 1567/4555/694 1568/4556/695 1536/4557/654 1535/4558/696
f 1568/4559/695 1569/4560/697 1537/4561/655 1536/4562/654
f 1569/4563/697 1570/4564/698 1538/4565/656 1537/4566/655
f 1570/4567/698 1571/4568/699 1539/4569/657 1538/4570/656
f 1571/4571/699 1572/4572/700 1540/4573/658 1539/4574/657
f 1572/4575/700 1573/4576/701 1541/4577/659 1540/4578/658
f 1573/4579/701 1574/4580/702 1542/4581/703 1541/4582/659
f 1574/4583/704 1575/4584/704 1543/4585/705 1542/4586/705
f 1575/4587/706 1576/4588/707 1544/4589/664 1543/4590/708
f 1576/4591/707 1577/4592/709 1545/4593/665 1544/4594/664
f 1577/4595/709 1578/4596/710 1546/4597/666 1545/4598/665
f 1578/4599/710 1579/4600/711 1547/4601/667 1546/4602/666
f 1579/4603/711 1580/4604/712 1548/4605/668 1547/4606/667
f 1580/4607/712 1581/4608/713 1549/4609/669 1548/4610/668
f 1581/4611/713 1582/4612/714 1550/4613/715 1549/4614/669
f 1582/4615/716 1583/4616/716 1551/4617/717 1550/4618/717
f 1583/4619/718 1584/4620/719 1552/4621/674 1551/4622/720
f 1584/4623/719 1585/4624/721 1553/4625/675 1552/4626/674
f 1585/4627/721 1586/4628/722 1554/4629/676 1553/4630/675
f 1586/4631/722 1587/4632/723 1555/4633/677 1554/4634/676
f 1587/4635/723 1588/4636/724 1556/4637/678 1555/4638/677
f 1588/4639/724 1589/4640/725 1557/4641/679 1556/4642/678
f 1589/4643/725 1590/4644/726 1558/4645/727 1557/4646/679
f 1590/4647/728 1591/4648/728 1559/4649/729 1558/4650/729
f 1591/4651/730 1592/4652/731 1560/4653/684 1559/4654/732
f 1592/4655/731 1593/4656/733 1561/4657/685 1560/4658/684
f 1593/4659/733 1594/4660/734 1562/4661/686 1561/4662/685
f 1594/4663/734 1563/4664/687 1531/4665/647 1562/4666/686
o body_reducer_neck
usemtl intake_pump
v 0.2375 0.9125 0.2375
v 0.2375 0.9125 0.7625
v 0.7625 0.9125 0.7625
v 0.7625 0.9125 0.2375
v 0.2375 0.9625 0.2375
v 0.2375 0.9625 0.7625
v 0.7625 0.9625 0.7625
v 0.7625 0.9625 0.2375
v 0.2375 0.9125 0.2375
v 0.2375 0.9125 0.7625
v 0.7625 0.9125 0.7625
v 0.7625 0.9125 0.2375
v 0.2375 0.9625 0.2375
v 0.2375 0.9625 0.7625
v 0.7625 0.9625 0.7625
v 0.7625 0.9625 0.2375
vt 0.733887 0.367285
vt 0.830273 0.367285
vt 0.830273 0.376465
vt 0.733887 0.376465
vt 0.833496 0.367285
vt 0.929883 0.367285
vt 0.929883 0.376465
vt 0.833496 0.376465
vt 0.098828 0.36377
vt 0.002441 0.36377
vt 0.002441 0.35459
vt 0.098828 0.35459
vt 0.102051 0.35459
vt 0.198437 0.35459
vt 0.198437 0.36377
vt 0.102051 0.36377
vt 0.591016 0.997559
vt 0.494629 0.997559
vt 0.494629 0.901172
vt 0.494629 0.901172
vt 0.591016 0.901172
vt 0.591016 0.997559
vt 0.594238 0.997559
vt 0.594238 0.901172
vt 0.690625 0.901172
vt 0.690625 0.901172
vt 0.690625 0.997559
vt 0.594238 0.997559
vn -1 0 0
vn 0 0 1
vn 1 0 0
vn 0 0 -1
vn 0 -1 0
vn 0 1 0
f 1595/4667/735 1596/4668/735 1600/4669/735 1599/4670/735
f 1596/4671/736 1597/4672/736 1601/4673/736 1600/4674/736
f 1597/4675/737 1598/4676/737 1602/4677/737 1601/4678/737
f 1598/4679/738 1595/4680/738 1599/4681/738 1602/4682/738
f 1604/4683/739 1603/4684/739 1606/4685/739
f 1606/4686/739 1605/4687/739 1604/4688/739
f 1610/4689/740 1607/4690/740 1608/4691/740
f 1608/4692/740 1609/4693/740 1610/4694/740
o body_fport_plate
usemtl intake_pump
v 0.16125 0.9625 0.83875
v 0.83875 0.9625 0.83875
v 0.83875 0.9625 0.16125
v 0.16125 0.9625 0.16125
v 0.15625 0.9675 0.84375
v 0.84375 0.9675 0.84375
v 0.84375 0.9675 0.15625
v 0.15625 0.9675 0.15625
v 0.15625 0.995 0.84375
v 0.84375 0.995 0.84375
v 0.84375 0.995 0.15625
v 0.15625 0.995 0.15625
v 0.16125 1 0.83875
v 0.83875 1 0.83875
v 0.83875 1 0.16125
v 0.16125 1 0.16125
v 0.245 0.9625 0.245
v 0.755 0.9625 0.245
v 0.755 0.9625 0.755
v 0.245 0.9625 0.755
v 0.25 0.9675 0.25
v 0.75 0.9675 0.25
v 0.75 0.9675 0.75
v 0.25 0.9675 0.75
v 0.25 0.995 0.25
v 0.75 0.995 0.25
v 0.75 0.995 0.75
v 0.25 0.995 0.75
v 0.245 1 0.245
v 0.755 1 0.245
v 0.755 1 0.755
v 0.245 1 0.755
v 0.16125 0.9625 0.83875
v 0.83875 0.9625 0.83875
v 0.83875 0.9625 0.16125
v 0.16125 0.9625 0.16125
v 0.245 0.9625 0.245
v 0.755 0.9625 0.245
v 0.755 0.9625 0.755
v 0.245 0.9625 0.755
v 0.16125 1 0.83875
v 0.83875 1 0.83875
v 0.83875 1 0.16125
v 0.16125 1 0.16125
v 0.245 1 0.245
v 0.755 1 0.245
v 0.755 1 0.755
v 0.245 1 0.755
vt 0.263125 0.02751
vt 0.38751 0.02751
vt 0.388428 0.028809
vt 0.262207 0.028809
vt 0.824033 0.033691
vt 0.699648 0.033691
vt 0.69873 0.032393
vt 0.824951 0.032393
vt 0.517393 0.028809
vt 0.393008 0.028809
vt 0.39209 0.02751
vt 0.518311 0.02751
vt 0.829531 0.032393
vt 0.953916 0.032393
vt 0.954834 0.033691
vt 0.828613 0.033691
vt 0.544434 0.189775
vt 0.670654 0.189775
vt 0.670654 0.194824
vt 0.544434 0.194824
vt 0.800537 0.194824
vt 0.674316 0.194824
vt 0.674316 0.189775
vt 0.800537 0.189775
vt 0.804199 0.189775
vt 0.93042 0.189775
vt 0.93042 0.194824
vt 0.804199 0.194824
vt 0.002441 0.180986
vt 0.128662 0.180986
vt 0.128662 0.186035
vt 0.002441 0.186035
vt 0.372803 0.023926
vt 0.246582 0.023926
vt 0.2475 0.022628
vt 0.371885 0.022628
vt 0.128662 0.028809
vt 0.002441 0.028809
vt 0.003359 0.02751
vt 0.127744 0.02751
vt 0.376465 0.022628
vt 0.502686 0.022628
vt 0.501768 0.023926
vt 0.377383 0.023926
vt 0.132324 0.02751
vt 0.258545 0.02751
vt 0.257627 0.028809
vt 0.133242 0.028809
vt 0.760254 0.022628
vt 0.853887 0.022628
vt 0.852969 0.023926
vt 0.761172 0.023926
vt 0.506348 0.022628
vt 0.59998 0.022628
vt 0.599063 0.023926
vt 0.507266 0.023926
vt 0.950566 0.023926
vt 0.856934 0.023926
vt 0.857852 0.022628
vt 0.949648 0.022628
vt 0.69666 0.023926
vt 0.603027 0.023926
vt 0.603945 0.022628
vt 0.695742 0.022628
vt 0.132324 0.180986
vt 0.224121 0.180986
vt 0.224121 0.186035
vt 0.132324 0.186035
vt 0.227051 0.180986
vt 0.318848 0.180986
vt 0.318848 0.186035
vt 0.227051 0.186035
vt 0.321777 0.180986
vt 0.413574 0.180986
vt 0.413574 0.186035
vt 0.321777 0.186035
vt 0.508301 0.186035
vt 0.416504 0.186035
vt 0.416504 0.180986
vt 0.508301 0.180986
vt 0.614688 0.028809
vt 0.522891 0.028809
vt 0.521973 0.02751
vt 0.615605 0.02751
vt 0.61957 0.02751
vt 0.711367 0.02751
vt 0.712285 0.028809
vt 0.618652 0.028809
vt 0.71625 0.02751
vt 0.808047 0.02751
vt 0.808965 0.028809
vt 0.715332 0.028809
vt 0.904727 0.028809
vt 0.81293 0.028809
vt 0.812012 0.02751
vt 0.905645 0.02751
vt 0.017817 0.88855
vt 0.002441 0.873174
vt 0.126826 0.873174
vt 0.11145 0.88855
vt 0.017817 0.88855
vt 0.126826 0.873174
vt 0.11145 0.88855
vt 0.126826 0.873174
vt 0.126826 0.997559
vt 0.11145 0.982183
vt 0.11145 0.88855
vt 0.126826 0.997559
vt 0.11145 0.982183
vt 0.126826 0.997559
vt 0.002441 0.997559
vt 0.017817 0.982183
vt 0.11145 0.982183
vt 0.002441 0.997559
vt 0.017817 0.88855
vt 0.017817 0.982183
vt 0.002441 0.997559
vt 0.002441 0.997559
vt 0.002441 0.873174
vt 0.017817 0.88855
vt 0.254756 0.997559
vt 0.130371 0.997559
vt 0.145747 0.982183
vt 0.254756 0.997559
vt 0.145747 0.982183
vt 0.23938 0.982183
vt 0.254756 0.873174
vt 0.254756 0.997559
vt 0.23938 0.982183
vt 0.254756 0.873174
vt 0.23938 0.982183
vt 0.23938 0.88855
vt 0.130371 0.873174
vt 0.254756 0.873174
vt 0.23938 0.88855
vt 0.130371 0.873174
vt 0.23938 0.88855
vt 0.145747 0.88855
vt 0.130371 0.873174
vt 0.145747 0.88855
vt 0.145747 0.982183
vt 0.145747 0.982183
vt 0.130371 0.997559
vt 0.130371 0.873174
vn 0 -0.707107 0.707107
vn 0.707107 -0.707107 0
vn 0 -0.707107 -0.707107
vn -0.707107 -0.707107 0
vn 0 0 1
vn 1 0 0
vn 0 0 -1
vn -1 0 0
vn 0 0.707107 0.707107
vn 0.707107 0.707107 0
vn 0 0.707107 -0.707107
vn -0.707107 0.707107 0
vn 0 -1 0
vn 0 1 0
f 1611/4695/741 1612/4696/741 1616/4697/741 1615/4698/741
f 1612/4699/742 1613/4700/742 1617/4701/742 1616/4702/742
f 1613/4703/743 1614/4704/743 1618/4705/743 1617/4706/743
f 1614/4707/744 1611/4708/744 1615/4709/744 1618/4710/744
f 1615/4711/745 1616/4712/745 1620/4713/745 1619/4714/745
f 1616/4715/746 1617/4716/746 1621/4717/746 1620/4718/746
f 1617/4719/747 1618/4720/747 1622/4721/747 1621/4722/747
f 1618/4723/748 1615/4724/748 1619/4725/748 1622/4726/748
f 1619/4727/749 1620/4728/749 1624/4729/749 1623/4730/749
f 1620/4731/750 1621/4732/750 1625/4733/750 1624/4734/750
f 1621/4735/751 1622/4736/751 1626/4737/751 1625/4738/751
f 1622/4739/752 1619/4740/752 1623/4741/752 1626/4742/752
f 1627/4743/741 1628/4744/741 1632/4745/741 1631/4746/741
f 1628/4747/744 1629/4748/744 1633/4749/744 1632/4750/744
f 1629/4751/743 1630/4752/743 1634/4753/743 1633/4754/743
f 1630/4755/742 1627/4756/742 1631/4757/742 1634/4758/742
f 1631/4759/745 1632/4760/745 1636/4761/745 1635/4762/745
f 1632/4763/748 1633/4764/748 1637/4765/748 1636/4766/748
f 1633/4767/747 1634/4768/747 1638/4769/747 1637/4770/747
f 1634/4771/746 1631/4772/746 1635/4773/746 1638/4774/746
f 1635/4775/749 1636/4776/749 1640/4777/749 1639/4778/749
f 1636/4779/752 1637/4780/752 1641/4781/752 1640/4782/752
f 1637/4783/751 1638/4784/751 1642/4785/751 1641/4786/751
f 1638/4787/750 1635/4788/750 1639/4789/750 1642/4790/750
f 1648/4791/753 1645/4792/753 1644/4793/753
f 1649/4794/753 1648/4795/753 1644/4796/753
f 1649/4797/753 1644/4798/753 1643/4799/753
f 1650/4800/753 1649/4801/753 1643/4802/753
f 1650/4803/753 1643/4804/753 1646/4805/753
f 1647/4806/753 1650/4807/753 1646/4808/753
f 1648/4809/753 1647/4810/753 1646/4811/753
f 1646/4812/753 1645/4813/753 1648/4814/753
f 1652/4815/754 1653/4816/754 1656/4817/754
f 1652/4818/754 1656/4819/754 1657/4820/754
f 1651/4821/754 1652/4822/754 1657/4823/754
f 1651/4824/754 1657/4825/754 1658/4826/754
f 1654/4827/754 1651/4828/754 1658/4829/754
f 1654/4830/754 1658/4831/754 1655/4832/754
f 1654/4833/754 1655/4834/754 1656/4835/754
f 1656/4836/754 1653/4837/754 1654/4838/754
o body_fport_throat
usemtl intake_pump
v 0.25 0.9 0.75
v 0.75 0.9 0.75
v 0.75 0.9 0.25
v 0.25 0.9 0.25
v 0.25 0.965625 0.75
v 0.75 0.965625 0.75
v 0.75 0.965625 0.25
v 0.25 0.965625 0.25
v 0.25 0.9 0.75
v 0.75 0.9 0.75
v 0.75 0.9 0.25
v 0.25 0.9 0.25
v 0.25 0.965625 0.75
v 0.75 0.965625 0.75
v 0.75 0.965625 0.25
v 0.25 0.965625 0.25
vt 0.327637 0.395667
vt 0.419434 0.395667
vt 0.419434 0.407715
vt 0.327637 0.407715
vt 0.51416 0.407715
vt 0.422363 0.407715
vt 0.422363 0.395667
vt 0.51416 0.395667
vt 0.51709 0.395667
vt 0.608887 0.395667
vt 0.608887 0.407715
vt 0.51709 0.407715
vt 0.611816 0.395667
vt 0.703613 0.395667
vt 0.703613 0.407715
vt 0.611816 0.407715
vt 0.785645 0.905762
vt 0.785645 0.997559
vt 0.693848 0.997559
vt 0.693848 0.997559
vt 0.693848 0.905762
vt 0.785645 0.905762
vt 0.788574 0.905762
vt 0.880371 0.905762
vt 0.880371 0.997559
vt 0.880371 0.997559
vt 0.788574 0.997559
vt 0.788574 0.905762
vn 0 0 1
vn 1 0 0
vn 0 0 -1
vn -1 0 0
vn 0 -1 0
vn 0 1 0
f 1659/4839/755 1660/4840/755 1664/4841/755 1663/4842/755
f 1660/4843/756 1661/4844/756 1665/4845/756 1664/4846/756
f 1661/4847/757 1662/4848/757 1666/4849/757 1665/4850/757
f 1662/4851/758 1659/4852/758 1663/4853/758 1666/4854/758
f 1668/4855/759 1667/4856/759 1670/4857/759
f 1670/4858/759 1669/4859/759 1668/4860/759
f 1674/4861/760 1671/4862/760 1672/4863/760
f 1672/4864/760 1673/4865/760 1674/4866/760
o body_fport_studs
usemtl intake_pump
v 0.232108 1 0.7775
v 0.209375 1 0.764375
v 0.186642 1 0.7775
v 0.186642 1 0.80375
v 0.209375 1 0.816875
v 0.232108 1 0.80375
v 0.232108 1.02 0.7775
v 0.209375 1.02 0.764375
v 0.186642 1.02 0.7775
v 0.186642 1.02 0.80375
v 0.209375 1.02 0.816875
v 0.232108 1.02 0.80375
v 0.232108 1 0.7775
v 0.209375 1 0.764375
v 0.186642 1 0.7775
v 0.186642 1 0.80375
v 0.209375 1 0.816875
v 0.232108 1 0.80375
v 0.232108 1.02 0.7775
v 0.209375 1.02 0.764375
v 0.186642 1.02 0.7775
v 0.186642 1.02 0.80375
v 0.209375 1.02 0.816875
v 0.232108 1.02 0.80375
v 0.232108 1 0.19625
v 0.209375 1 0.183125
v 0.186642 1 0.19625
v 0.186642 1 0.2225
v 0.209375 1 0.235625
v 0.232108 1 0.2225
v 0.232108 1.02 0.19625
v 0.209375 1.02 0.183125
v 0.186642 1.02 0.19625
v 0.186642 1.02 0.2225
v 0.209375 1.02 0.235625
v 0.232108 1.02 0.2225
v 0.232108 1 0.19625
v 0.209375 1 0.183125
v 0.186642 1 0.19625
v 0.186642 1 0.2225
v 0.209375 1 0.235625
v 0.232108 1 0.2225
v 0.232108 1.02 0.19625
v 0.209375 1.02 0.183125
v 0.186642 1.02 0.19625
v 0.186642 1.02 0.2225
v 0.209375 1.02 0.235625
v 0.232108 1.02 0.2225
v 0.813358 1 0.7775
v 0.790625 1 0.764375
v 0.767892 1 0.7775
v 0.767892 1 0.80375
v 0.790625 1 0.816875
v 0.813358 1 0.80375
v 0.813358 1.02 0.7775
v 0.790625 1.02 0.764375
v 0.767892 1.02 0.7775
v 0.767892 1.02 0.80375
v 0.790625 1.02 0.816875
v 0.813358 1.02 0.80375
v 0.813358 1 0.7775
v 0.790625 1 0.764375
v 0.767892 1 0.7775
v 0.767892 1 0.80375
v 0.790625 1 0.816875
v 0.813358 1 0.80375
v 0.813358 1.02 0.7775
v 0.790625 1.02 0.764375
v 0.767892 1.02 0.7775
v 0.767892 1.02 0.80375
v 0.790625 1.02 0.816875
v 0.813358 1.02 0.80375
v 0.813358 1 0.19625
v 0.790625 1 0.183125
v 0.767892 1 0.19625
v 0.767892 1 0.2225
v 0.790625 1 0.235625
v 0.813358 1 0.2225
v 0.813358 1.02 0.19625
v 0.790625 1.02 0.183125
v 0.767892 1.02 0.19625
v 0.767892 1.02 0.2225
v 0.790625 1.02 0.235625
v 0.813358 1.02 0.2225
v 0.813358 1 0.19625
v 0.790625 1 0.183125
v 0.767892 1 0.19625
v 0.767892 1 0.2225
v 0.790625 1 0.235625
v 0.813358 1 0.2225
v 0.813358 1.02 0.19625
v 0.790625 1.02 0.183125
v 0.767892 1.02 0.19625
v 0.767892 1.02 0.2225
v 0.790625 1.02 0.235625
v 0.813358 1.02 0.2225
vt 0.039487 0.133301
vt 0.034668 0.133301
vt 0.034668 0.129629
vt 0.039487 0.129629
vt 0.190918 0.129629
vt 0.195737 0.129629
vt 0.195737 0.133301
vt 0.190918 0.133301
vt 0.04248 0.129629
vt 0.0473 0.129629
vt 0.0473 0.133301
vt 0.04248 0.133301
vt 0.159668 0.129629
vt 0.164487 0.129629
vt 0.164487 0.133301
vt 0.159668 0.133301
vt 0.055112 0.133301
vt 0.050293 0.133301
vt 0.050293 0.129629
vt 0.055112 0.129629
vt 0.062925 0.133301
vt 0.058105 0.133301
vt 0.058105 0.129629
vt 0.062925 0.129629
vt 0.364746 0.346901
vt 0.367156 0.342727
vt 0.371975 0.342727
vt 0.367156 0.351074
vt 0.364746 0.346901
vt 0.371975 0.342727
vt 0.371975 0.351074
vt 0.367156 0.351074
vt 0.371975 0.342727
vt 0.371975 0.342727
vt 0.374385 0.346901
vt 0.371975 0.351074
vt 0.38467 0.351074
vt 0.379851 0.351074
vt 0.377441 0.346901
vt 0.38467 0.351074
vt 0.377441 0.346901
vt 0.379851 0.342727
vt 0.38467 0.351074
vt 0.379851 0.342727
vt 0.38467 0.342727
vt 0.38467 0.342727
vt 0.38708 0.346901
vt 0.38467 0.351074
vt 0.070737 0.133301
vt 0.065918 0.133301
vt 0.065918 0.129629
vt 0.070737 0.129629
vt 0.16748 0.129629
vt 0.1723 0.129629
vt 0.1723 0.133301
vt 0.16748 0.133301
vt 0.07373 0.129629
vt 0.07855 0.129629
vt 0.07855 0.133301
vt 0.07373 0.133301
vt 0.19873 0.129629
vt 0.20355 0.129629
vt 0.20355 0.133301
vt 0.19873 0.133301
vt 0.086362 0.133301
vt 0.081543 0.133301
vt 0.081543 0.129629
vt 0.086362 0.129629
vt 0.094175 0.133301
vt 0.089355 0.133301
vt 0.089355 0.129629
vt 0.094175 0.129629
vt 0.390137 0.346901
vt 0.392546 0.342727
vt 0.397366 0.342727
vt 0.392546 0.351074
vt 0.390137 0.346901
vt 0.397366 0.342727
vt 0.397366 0.351074
vt 0.392546 0.351074
vt 0.397366 0.342727
vt 0.397366 0.342727
vt 0.399775 0.346901
vt 0.397366 0.351074
vt 0.410061 0.351074
vt 0.405242 0.351074
vt 0.402832 0.346901
vt 0.410061 0.351074
vt 0.402832 0.346901
vt 0.405242 0.342727
vt 0.410061 0.351074
vt 0.405242 0.342727
vt 0.410061 0.342727
vt 0.410061 0.342727
vt 0.412471 0.346901
vt 0.410061 0.351074
vt 0.211362 0.133301
vt 0.206543 0.133301
vt 0.206543 0.129629
vt 0.211362 0.129629
vt 0.097168 0.129629
vt 0.101987 0.129629
vt 0.101987 0.133301
vt 0.097168 0.133301
vt 0.10498 0.129629
vt 0.1098 0.129629
vt 0.1098 0.133301
vt 0.10498 0.133301
vt 0.112793 0.129629
vt 0.117612 0.129629
vt 0.117612 0.133301
vt 0.112793 0.133301
vt 0.180112 0.133301
vt 0.175293 0.133301
vt 0.175293 0.129629
vt 0.180112 0.129629
vt 0.125425 0.133301
vt 0.120605 0.133301
vt 0.120605 0.129629
vt 0.125425 0.129629
vt 0.415527 0.346901
vt 0.417937 0.342727
vt 0.422756 0.342727
vt 0.417937 0.351074
vt 0.415527 0.346901
vt 0.422756 0.342727
vt 0.422756 0.351074
vt 0.417937 0.351074
vt 0.422756 0.342727
vt 0.422756 0.342727
vt 0.425166 0.346901
vt 0.422756 0.351074
vt 0.435452 0.351074
vt 0.430632 0.351074
vt 0.428223 0.346901
vt 0.435452 0.351074
vt 0.428223 0.346901
vt 0.430632 0.342727
vt 0.435452 0.351074
vt 0.430632 0.342727
vt 0.435452 0.342727
vt 0.435452 0.342727
vt 0.437861 0.346901
vt 0.435452 0.351074
vt 0.187925 0.133301
vt 0.183105 0.133301
vt 0.183105 0.129629
vt 0.187925 0.129629
vt 0.128418 0.129629
vt 0.133237 0.129629
vt 0.133237 0.133301
vt 0.128418 0.133301
vt 0.13623 0.129629
vt 0.14105 0.129629
vt 0.14105 0.133301
vt 0.13623 0.133301
vt 0.144043 0.129629
vt 0.148862 0.129629
vt 0.148862 0.133301
vt 0.144043 0.133301
vt 0.219175 0.133301
vt 0.214355 0.133301
vt 0.214355 0.129629
vt 0.219175 0.129629
vt 0.156675 0.133301
vt 0.151855 0.133301
vt 0.151855 0.129629
vt 0.156675 0.129629
vt 0.440918 0.346901
vt 0.443328 0.342727
vt 0.448147 0.342727
vt 0.443328 0.351074
vt 0.440918 0.346901
vt 0.448147 0.342727
vt 0.448147 0.351074
vt 0.443328 0.351074
vt 0.448147 0.342727
vt 0.448147 0.342727
vt 0.450557 0.346901
vt 0.448147 0.351074
vt 0.460842 0.351074
vt 0.456023 0.351074
vt 0.453613 0.346901
vt 0.460842 0.351074
vt 0.453613 0.346901
vt 0.456023 0.342727
vt 0.460842 0.351074
vt 0.456023 0.342727
vt 0.460842 0.342727
vt 0.460842 0.342727
vt 0.463252 0.346901
vt 0.460842 0.351074
vn 0.5 0 -0.866025
vn -0.5 0 -0.866025
vn -1 0 0
vn -0.5 0 0.866025
vn 0.5 0 0.866025
vn 1 0 0
vn 0 -1 0
vn 0 1 0
f 1675/4867/761 1676/4868/761 1682/4869/761 1681/4870/761
f 1676/4871/762 1677/4872/762 1683/4873/762 1682/4874/762
f 1677/4875/763 1678/4876/763 1684/4877/763 1683/4878/763
f 1678/4879/764 1679/4880/764 1685/4881/764 1684/4882/764
f 1679/4883/765 1680/4884/765 1686/4885/765 1685/4886/765
f 1680/4887/766 1675/4888/766 1681/4889/766 1686/4890/766
f 1688/4891/767 1687/4892/767 1692/4893/767
f 1689/4894/767 1688/4895/767 1692/4896/767
f 1690/4897/767 1689/4898/767 1692/4899/767
f 1692/4900/767 1691/4901/767 1690/4902/767
f 1698/4903/768 1693/4904/768 1694/4905/768
f 1698/4906/768 1694/4907/768 1695/4908/768
f 1698/4909/768 1695/4910/768 1696/4911/768
f 1696/4912/768 1697/4913/768 1698/4914/768
f 1699/4915/761 1700/4916/761 1706/4917/761 1705/4918/761
f 1700/4919/762 1701/4920/762 1707/4921/762 1706/4922/762
f 1701/4923/763 1702/4924/763 1708/4925/763 1707/4926/763
f 1702/4927/764 1703/4928/764 1709/4929/764 1708/4930/764
f 1703/4931/765 1704/4932/765 1710/4933/765 1709/4934/765
f 1704/4935/766 1699/4936/766 1705/4937/766 1710/4938/766
f 1712/4939/767 1711/4940/767 1716/4941/767
f 1713/4942/767 1712/4943/767 1716/4944/767
f 1714/4945/767 1713/4946/767 1716/4947/767
f 1716/4948/767 1715/4949/767 1714/4950/767
f 1722/4951/768 1717/4952/768 1718/4953/768
f 1722/4954/768 1718/4955/768 1719/4956/768
f 1722/4957/768 1719/4958/768 1720/4959/768
f 1720/4960/768 1721/4961/768 1722/4962/768
f 1723/4963/761 1724/4964/761 1730/4965/761 1729/4966/761
f 1724/4967/762 1725/4968/762 1731/4969/762 1730/4970/762
f 1725/4971/763 1726/4972/763 1732/4973/763 1731/4974/763
f 1726/4975/764 1727/4976/764 1733/4977/764 1732/4978/764
f 1727/4979/765 1728/4980/765 1734/4981/765 1733/4982/765
f 1728/4983/766 1723/4984/766 1729/4985/766 1734/4986/766
f 1736/4987/767 1735/4988/767 1740/4989/767
f 1737/4990/767 1736/4991/767 1740/4992/767
f 1738/4993/767 1737/4994/767 1740/4995/767
f 1740/4996/767 1739/4997/767 1738/4998/767
f 1746/4999/768 1741/5000/768 1742/5001/768
f 1746/5002/768 1742/5003/768 1743/5004/768
f 1746/5005/768 1743/5006/768 1744/5007/768
f 1744/5008/768 1745/5009/768 1746/5010/768
f 1747/5011/761 1748/5012/761 1754/5013/761 1753/5014/761
f 1748/5015/762 1749/5016/762 1755/5017/762 1754/5018/762
f 1749/5019/763 1750/5020/763 1756/5021/763 1755/5022/763
f 1750/5023/764 1751/5024/764 1757/5025/764 1756/5026/764
f 1751/5027/765 1752/5028/765 1758/5029/765 1757/5030/765
f 1752/5031/766 1747/5032/766 1753/5033/766 1758/5034/766
f 1760/5035/767 1759/5036/767 1764/5037/767
f 1761/5038/767 1760/5039/767 1764/5040/767
f 1762/5041/767 1761/5042/767 1764/5043/767
f 1764/5044/767 1763/5045/767 1762/5046/767
f 1770/5047/768 1765/5048/768 1766/5049/768
f 1770/5050/768 1766/5051/768 1767/5052/768
f 1770/5053/768 1767/5054/768 1768/5055/768
f 1768/5056/768 1769/5057/768 1770/5058/768
o body_suction_nozzle
usemtl intake_pump
v 0.617734 0.4155 0.3
v 0.609711 0.445444 0.3
v 0.594211 0.47229 0.3
v 0.57229 0.494211 0.3
v 0.545444 0.509711 0.3
v 0.5155 0.517734 0.3
v 0.4845 0.517734 0.3
v 0.454556 0.509711 0.3
v 0.42771 0.494211 0.3
v 0.405789 0.47229 0.3
v 0.390289 0.445444 0.3
v 0.382266 0.4155 0.3
v 0.382266 0.3845 0.3
v 0.390289 0.354556 0.3
v 0.405789 0.32771 0.3
v 0.42771 0.305789 0.3
v 0.454556 0.290289 0.3
v 0.4845 0.282266 0.3
v 0.5155 0.282266 0.3
v 0.545444 0.290289 0.3
v 0.57229 0.305789 0.3
v 0.594211 0.32771 0.3
v 0.609711 0.354556 0.3
v 0.617734 0.3845 0.3
v 0.617734 0.4155 0.36875
v 0.609711 0.445444 0.36875
v 0.594211 0.47229 0.36875
v 0.57229 0.494211 0.36875
v 0.545444 0.509711 0.36875
v 0.5155 0.517734 0.36875
v 0.4845 0.517734 0.36875
v 0.454556 0.509711 0.36875
v 0.42771 0.494211 0.36875
v 0.405789 0.47229 0.36875
v 0.390289 0.445444 0.36875
v 0.382266 0.4155 0.36875
v 0.382266 0.3845 0.36875
v 0.390289 0.354556 0.36875
v 0.405789 0.32771 0.36875
v 0.42771 0.305789 0.36875
v 0.454556 0.290289 0.36875
v 0.4845 0.282266 0.36875
v 0.5155 0.282266 0.36875
v 0.545444 0.290289 0.36875
v 0.57229 0.305789 0.36875
v 0.594211 0.32771 0.36875
v 0.609711 0.354556 0.36875
v 0.617734 0.3845 0.36875
vt 0.92627 0.23877
vt 0.92627 0.233078
vt 0.938892 0.233078
vt 0.938892 0.23877
vt 0.240723 0.22998
vt 0.240723 0.224289
vt 0.253345 0.224289
vt 0.253345 0.22998
vt 0.256348 0.22998
vt 0.256348 0.224289
vt 0.26897 0.224289
vt 0.26897 0.22998
vt 0.271973 0.22998
vt 0.271973 0.224289
vt 0.284595 0.224289
vt 0.284595 0.22998
vt 0.428223 0.22998
vt 0.428223 0.224289
vt 0.440845 0.224289
vt 0.440845 0.22998
vt 0.412598 0.23877
vt 0.412598 0.233078
vt 0.42522 0.233078
vt 0.42522 0.23877
vt 0.262207 0.212402
vt 0.262207 0.206711
vt 0.274829 0.206711
vt 0.274829 0.212402
vt 0.900879 0.247559
vt 0.900879 0.241867
vt 0.913501 0.241867
vt 0.913501 0.247559
vt 0.121582 0.212402
vt 0.121582 0.206711
vt 0.134204 0.206711
vt 0.134204 0.212402
vt 0.869629 0.247559
vt 0.869629 0.241867
vt 0.882251 0.241867
vt 0.882251 0.247559
vt 0.137207 0.212402
vt 0.137207 0.206711
vt 0.149829 0.206711
vt 0.149829 0.212402
vt 0.240723 0.247559
vt 0.240723 0.241867
vt 0.253345 0.241867
vt 0.253345 0.247559
vt 0.152832 0.212402
vt 0.152832 0.206711
vt 0.165454 0.206711
vt 0.165454 0.212402
vt 0.885254 0.247559
vt 0.885254 0.241867
vt 0.897876 0.241867
vt 0.897876 0.247559
vt 0.168457 0.212402
vt 0.168457 0.206711
vt 0.181079 0.206711
vt 0.181079 0.212402
vt 0.256348 0.247559
vt 0.256348 0.241867
vt 0.26897 0.241867
vt 0.26897 0.247559
vt 0.184082 0.212402
vt 0.184082 0.206711
vt 0.196704 0.206711
vt 0.196704 0.212402
vt 0.199707 0.212402
vt 0.199707 0.206711
vt 0.212329 0.206711
vt 0.212329 0.212402
vt 0.215332 0.212402
vt 0.215332 0.206711
vt 0.227954 0.206711
vt 0.227954 0.212402
vt 0.230957 0.212402
vt 0.230957 0.206711
vt 0.243579 0.206711
vt 0.243579 0.212402
vt 0.980957 0.256348
vt 0.980957 0.250656
vt 0.993579 0.250656
vt 0.993579 0.256348
vt 0.391113 0.247559
vt 0.391113 0.241867
vt 0.403735 0.241867
vt 0.403735 0.247559
vt 0.246582 0.212402
vt 0.246582 0.206711
vt 0.259204 0.206711
vt 0.259204 0.212402
vt 0.941895 0.23877
vt 0.941895 0.233078
vt 0.954517 0.233078
vt 0.954517 0.23877
vn 0.991445 0.130526 0
vn 0.92388 0.382683 0
vn 0.793353 0.608761 0
vn 0.608761 0.793353 0
vn 0.382683 0.92388 0
vn 0.130526 0.991445 0
vn -0.130526 0.991445 0
vn -0.382683 0.92388 0
vn -0.608761 0.793353 0
vn -0.793353 0.608761 0
vn -0.92388 0.382683 0
vn -0.991445 0.130526 0
vn -0.991445 -0.130526 0
vn -0.92388 -0.382683 0
vn -0.793353 -0.608761 0
vn -0.608761 -0.793353 0
vn -0.382683 -0.92388 0
vn -0.130526 -0.991445 0
vn 0.130526 -0.991445 0
vn 0.382683 -0.92388 0
vn 0.608761 -0.793353 0
vn 0.793353 -0.608761 0
vn 0.92388 -0.382683 0
vn 0.991445 -0.130526 0
f 1771/5059/769 1772/5060/770 1796/5061/770 1795/5062/769
f 1772/5063/770 1773/5064/771 1797/5065/771 1796/5066/770
f 1773/5067/771 1774/5068/772 1798/5069/772 1797/5070/771
f 1774/5071/772 1775/5072/773 1799/5073/773 1798/5074/772
f 1775/5075/773 1776/5076/774 1800/5077/774 1799/5078/773
f 1776/5079/774 1777/5080/775 1801/5081/775 1800/5082/774
f 1777/5083/775 1778/5084/776 1802/5085/776 1801/5086/775
f 1778/5087/776 1779/5088/777 1803/5089/777 1802/5090/776
f 1779/5091/777 1780/5092/778 1804/5093/778 1803/5094/777
f 1780/5095/778 1781/5096/779 1805/5097/779 1804/5098/778
f 1781/5099/779 1782/5100/780 1806/5101/780 1805/5102/779
f 1782/5103/780 1783/5104/781 1807/5105/781 1806/5106/780
f 1783/5107/781 1784/5108/782 1808/5109/782 1807/5110/781
f 1784/5111/782 1785/5112/783 1809/5113/783 1808/5114/782
f 1785/5115/783 1786/5116/784 1810/5117/784 1809/5118/783
f 1786/5119/784 1787/5120/785 1811/5121/785 1810/5122/784
f 1787/5123/785 1788/5124/786 1812/5125/786 1811/5126/785
f 1788/5127/786 1789/5128/787 1813/5129/787 1812/5130/786
f 1789/5131/787 1790/5132/788 1814/5133/788 1813/5134/787
f 1790/5135/788 1791/5136/789 1815/5137/789 1814/5138/788
f 1791/5139/789 1792/5140/790 1816/5141/790 1815/5142/789
f 1792/5143/790 1793/5144/791 1817/5145/791 1816/5146/790
f 1793/5147/791 1794/5148/792 1818/5149/792 1817/5150/791
f 1794/5151/792 1771/5152/769 1795/5153/769 1818/5154/792
o body_suction_flange
usemtl intake_pump
v 0.664827 0.416234 0.26875
v 0.658493 0.448078 0.26875
v 0.646068 0.478075 0.26875
v 0.62803 0.505071 0.26875
v 0.605071 0.52803 0.26875
v 0.578075 0.546068 0.26875
v 0.548078 0.558493 0.26875
v 0.516234 0.564827 0.26875
v 0.483766 0.564827 0.26875
v 0.451922 0.558493 0.26875
v 0.421925 0.546068 0.26875
v 0.394929 0.52803 0.26875
v 0.37197 0.505071 0.26875
v 0.353932 0.478075 0.26875
v 0.341507 0.448078 0.26875
v 0.335173 0.416234 0.26875
v 0.335173 0.383766 0.26875
v 0.341507 0.351922 0.26875
v 0.353932 0.321925 0.26875
v 0.37197 0.294929 0.26875
v 0.394929 0.27197 0.26875
v 0.421925 0.253932 0.26875
v 0.451922 0.241507 0.26875
v 0.483766 0.235173 0.26875
v 0.516234 0.235173 0.26875
v 0.548078 0.241507 0.26875
v 0.578075 0.253932 0.26875
v 0.605071 0.27197 0.26875
v 0.62803 0.294929 0.26875
v 0.646068 0.321925 0.26875
v 0.658493 0.351922 0.26875
v 0.664827 0.383766 0.26875
v 0.674157 0.417153 0.27625
v 0.667465 0.4508 0.27625
v 0.654336 0.482494 0.27625
v 0.635277 0.511019 0.27625
v 0.611019 0.535277 0.27625
v 0.582494 0.554336 0.27625
v 0.5508 0.567465 0.27625
v 0.517153 0.574157 0.27625
v 0.482847 0.574157 0.27625
v 0.4492 0.567465 0.27625
v 0.417506 0.554336 0.27625
v 0.388981 0.535277 0.27625
v 0.364723 0.511019 0.27625
v 0.345664 0.482494 0.27625
v 0.332535 0.4508 0.27625
v 0.325843 0.417153 0.27625
v 0.325843 0.382847 0.27625
v 0.332535 0.3492 0.27625
v 0.345664 0.317506 0.27625
v 0.364723 0.288981 0.27625
v 0.388981 0.264723 0.27625
v 0.417506 0.245664 0.27625
v 0.4492 0.232535 0.27625
v 0.482847 0.225843 0.27625
v 0.517153 0.225843 0.27625
v 0.5508 0.232535 0.27625
v 0.582494 0.245664 0.27625
v 0.611019 0.264723 0.27625
v 0.635277 0.288981 0.27625
v 0.654336 0.317506 0.27625
v 0.667465 0.3492 0.27625
v 0.674157 0.382847 0.27625
v 0.674157 0.417153 0.2925
v 0.667465 0.4508 0.2925
v 0.654336 0.482494 0.2925
v 0.635277 0.511019 0.2925
v 0.611019 0.535277 0.2925
v 0.582494 0.554336 0.2925
v 0.5508 0.567465 0.2925
v 0.517153 0.574157 0.2925
v 0.482847 0.574157 0.2925
v 0.4492 0.567465 0.2925
v 0.417506 0.554336 0.2925
v 0.388981 0.535277 0.2925
v 0.364723 0.511019 0.2925
v 0.345664 0.482494 0.2925
v 0.332535 0.4508 0.2925
v 0.325843 0.417153 0.2925
v 0.325843 0.382847 0.2925
v 0.332535 0.3492 0.2925
v 0.345664 0.317506 0.2925
v 0.364723 0.288981 0.2925
v 0.388981 0.264723 0.2925
v 0.417506 0.245664 0.2925
v 0.4492 0.232535 0.2925
v 0.482847 0.225843 0.2925
v 0.517153 0.225843 0.2925
v 0.5508 0.232535 0.2925
v 0.582494 0.245664 0.2925
v 0.611019 0.264723 0.2925
v 0.635277 0.288981 0.2925
v 0.654336 0.317506 0.2925
v 0.667465 0.3492 0.2925
v 0.674157 0.382847 0.2925
v 0.664827 0.416234 0.3
v 0.658493 0.448078 0.3
v 0.646068 0.478075 0.3
v 0.62803 0.505071 0.3
v 0.605071 0.52803 0.3
v 0.578075 0.546068 0.3
v 0.548078 0.558493 0.3
v 0.516234 0.564827 0.3
v 0.483766 0.564827 0.3
v 0.451922 0.558493 0.3
v 0.421925 0.546068 0.3
v 0.394929 0.52803 0.3
v 0.37197 0.505071 0.3
v 0.353932 0.478075 0.3
v 0.341507 0.448078 0.3
v 0.335173 0.416234 0.3
v 0.335173 0.383766 0.3
v 0.341507 0.351922 0.3
v 0.353932 0.321925 0.3
v 0.37197 0.294929 0.3
v 0.394929 0.27197 0.3
v 0.421925 0.253932 0.3
v 0.451922 0.241507 0.3
v 0.483766 0.235173 0.3
v 0.516234 0.235173 0.3
v 0.548078 0.241507 0.3
v 0.578075 0.253932 0.3
v 0.605071 0.27197 0.3
v 0.62803 0.294929 0.3
v 0.646068 0.321925 0.3
v 0.658493 0.351922 0.3
v 0.664827 0.383766 0.3
v 0.5 0.4 0.26875
v 0.5 0.4 0.3
vt 0.606403 0.183838
vt 0.612364 0.183838
vt 0.612533 0.186035
vt 0.606235 0.186035
vt 0.612364 0.183838
vt 0.618211 0.182918
vt 0.61871 0.185063
vt 0.612533 0.186035
vt 0.618211 0.182918
vt 0.623718 0.181113
vt 0.624529 0.183156
vt 0.61871 0.185063
vt 0.653332 0.11652
vt 0.659178 0.117431
vt 0.659009 0.119629
vt 0.652832 0.118666
vt 0.659178 0.117431
vt 0.665139 0.117431
vt 0.665308 0.119629
vt 0.659009 0.119629
vt 0.665139 0.117431
vt 0.670985 0.11652
vt 0.671485 0.118666
vt 0.665308 0.119629
vt 0.698254 0.11652
vt 0.7041 0.117431
vt 0.703931 0.119629
vt 0.697754 0.118666
vt 0.7041 0.117431
vt 0.710061 0.117431
vt 0.71023 0.119629
vt 0.703931 0.119629
vt 0.710061 0.117431
vt 0.715907 0.11652
vt 0.716407 0.118666
vt 0.71023 0.119629
vt 0.541027 0.11652
vt 0.546873 0.117431
vt 0.546705 0.119629
vt 0.540527 0.118666
vt 0.546873 0.117431
vt 0.552834 0.117431
vt 0.553003 0.119629
vt 0.546705 0.119629
vt 0.552834 0.117431
vt 0.558681 0.11652
vt 0.55918 0.118666
vt 0.553003 0.119629
vt 0.877941 0.11652
vt 0.883787 0.117431
vt 0.883619 0.119629
vt 0.877441 0.118666
vt 0.883787 0.117431
vt 0.889748 0.117431
vt 0.889917 0.119629
vt 0.883619 0.119629
vt 0.889748 0.117431
vt 0.895595 0.11652
vt 0.896094 0.118666
vt 0.889917 0.119629
vt 0.675793 0.11652
vt 0.681639 0.117431
vt 0.68147 0.119629
vt 0.675293 0.118666
vt 0.681639 0.117431
vt 0.6876 0.117431
vt 0.687769 0.119629
vt 0.68147 0.119629
vt 0.6876 0.117431
vt 0.693446 0.11652
vt 0.693946 0.118666
vt 0.687769 0.119629
vt 0.810558 0.11652
vt 0.816405 0.117431
vt 0.816236 0.119629
vt 0.810059 0.118666
vt 0.816405 0.117431
vt 0.822366 0.117431
vt 0.822534 0.119629
vt 0.816236 0.119629
vt 0.822366 0.117431
vt 0.828212 0.11652
vt 0.828712 0.118666
vt 0.822534 0.119629
vt 0.518566 0.11652
vt 0.524412 0.117431
vt 0.524244 0.119629
vt 0.518066 0.118666
vt 0.524412 0.117431
vt 0.530373 0.117431
vt 0.530542 0.119629
vt 0.524244 0.119629
vt 0.530373 0.117431
vt 0.53622 0.11652
vt 0.536719 0.118666
vt 0.530542 0.119629
vt 0.630871 0.11652
vt 0.636717 0.117431
vt 0.636548 0.119629
vt 0.630371 0.118666
vt 0.636717 0.117431
vt 0.642678 0.117431
vt 0.642847 0.119629
vt 0.636548 0.119629
vt 0.642678 0.117431
vt 0.648525 0.11652
vt 0.649024 0.118666
vt 0.642847 0.119629
vt 0.496105 0.11652
vt 0.501952 0.117431
vt 0.501783 0.119629
vt 0.495605 0.118666
vt 0.501952 0.117431
vt 0.507912 0.117431
vt 0.508081 0.119629
vt 0.501783 0.119629
vt 0.507912 0.117431
vt 0.513759 0.11652
vt 0.514259 0.118666
vt 0.508081 0.119629
vt 0.59505 0.181113
vt 0.600557 0.182918
vt 0.600057 0.185063
vt 0.594238 0.183156
vt 0.600557 0.182918
vt 0.606403 0.183838
vt 0.606235 0.186035
vt 0.600057 0.185063
vt 0.37483 0.10981
vt 0.381128 0.10981
vt 0.381128 0.112793
vt 0.37483 0.112793
vt 0.381128 0.10981
vt 0.387305 0.10981
vt 0.387305 0.112793
vt 0.381128 0.112793
vt 0.018066 0.102974
vt 0.024334 0.102974
vt 0.024334 0.105957
vt 0.018066 0.105957
vt 0.024334 0.102974
vt 0.030602 0.102974
vt 0.030602 0.105957
vt 0.024334 0.105957
vt 0.95752 0.10981
vt 0.963788 0.10981
vt 0.963788 0.112793
vt 0.95752 0.112793
vt 0.963788 0.10981
vt 0.970056 0.10981
vt 0.970056 0.112793
vt 0.963788 0.112793
vt 0.033691 0.102974
vt 0.039959 0.102974
vt 0.039959 0.105957
vt 0.033691 0.105957
vt 0.039959 0.102974
vt 0.046227 0.102974
vt 0.046227 0.105957
vt 0.039959 0.105957
vt 0.049316 0.102974
vt 0.055584 0.102974
vt 0.055584 0.105957
vt 0.049316 0.105957
vt 0.055584 0.102974
vt 0.061852 0.102974
vt 0.061852 0.105957
vt 0.055584 0.105957
vt 0.064941 0.102974
vt 0.071209 0.102974
vt 0.071209 0.105957
vt 0.064941 0.105957
vt 0.071209 0.102974
vt 0.077477 0.102974
vt 0.077477 0.105957
vt 0.071209 0.105957
vt 0.080566 0.102974
vt 0.086834 0.102974
vt 0.086834 0.105957
vt 0.080566 0.105957
vt 0.086834 0.102974
vt 0.093102 0.102974
vt 0.093102 0.105957
vt 0.086834 0.105957
vt 0.002441 0.102974
vt 0.008709 0.102974
vt 0.008709 0.105957
vt 0.002441 0.105957
vt 0.008709 0.102974
vt 0.014977 0.102974
vt 0.014977 0.105957
vt 0.008709 0.105957
vt 0.096191 0.102974
vt 0.102459 0.102974
vt 0.102459 0.105957
vt 0.096191 0.105957
vt 0.102459 0.102974
vt 0.108727 0.102974
vt 0.108727 0.105957
vt 0.102459 0.105957
vt 0.111816 0.102974
vt 0.118084 0.102974
vt 0.118084 0.105957
vt 0.111816 0.105957
vt 0.118084 0.102974
vt 0.124352 0.102974
vt 0.124352 0.105957
vt 0.118084 0.105957
vt 0.910645 0.10981
vt 0.916913 0.10981
vt 0.916913 0.112793
vt 0.910645 0.112793
vt 0.916913 0.10981
vt 0.923181 0.10981
vt 0.923181 0.112793
vt 0.916913 0.112793
vt 0.127441 0.102974
vt 0.133709 0.102974
vt 0.133709 0.105957
vt 0.127441 0.105957
vt 0.133709 0.102974
vt 0.139977 0.102974
vt 0.139977 0.105957
vt 0.133709 0.105957
vt 0.92627 0.10981
vt 0.932538 0.10981
vt 0.932538 0.112793
vt 0.92627 0.112793
vt 0.932538 0.10981
vt 0.938806 0.10981
vt 0.938806 0.112793
vt 0.932538 0.112793
vt 0.143066 0.102974
vt 0.149334 0.102974
vt 0.149334 0.105957
vt 0.143066 0.105957
vt 0.149334 0.102974
vt 0.155602 0.102974
vt 0.155602 0.105957
vt 0.149334 0.105957
vt 0.941895 0.10981
vt 0.948163 0.10981
vt 0.948163 0.112793
vt 0.941895 0.112793
vt 0.948163 0.10981
vt 0.954431 0.10981
vt 0.954431 0.112793
vt 0.948163 0.112793
vt 0.180176 0.102974
vt 0.186474 0.102974
vt 0.186474 0.105957
vt 0.180176 0.105957
vt 0.368652 0.10981
vt 0.37483 0.10981
vt 0.37483 0.112793
vt 0.368652 0.112793
vt 0.572055 0.181113
vt 0.578353 0.181113
vt 0.578185 0.183311
vt 0.572224 0.183311
vt 0.578353 0.181113
vt 0.584531 0.182085
vt 0.584031 0.184231
vt 0.578185 0.183311
vt 0.584531 0.182085
vt 0.59035 0.183992
vt 0.589538 0.186035
vt 0.584031 0.184231
vt 0.585449 0.117483
vt 0.591627 0.11652
vt 0.591795 0.118718
vt 0.585949 0.119629
vt 0.591627 0.11652
vt 0.597925 0.11652
vt 0.597756 0.118718
vt 0.591795 0.118718
vt 0.597925 0.11652
vt 0.604102 0.117483
vt 0.603603 0.119629
vt 0.597756 0.118718
vt 0.742676 0.117483
vt 0.748853 0.11652
vt 0.749022 0.118718
vt 0.743175 0.119629
vt 0.748853 0.11652
vt 0.755151 0.11652
vt 0.754983 0.118718
vt 0.749022 0.118718
vt 0.755151 0.11652
vt 0.761329 0.117483
vt 0.760829 0.119629
vt 0.754983 0.118718
vt 0.473145 0.117483
vt 0.479322 0.11652
vt 0.479491 0.118718
vt 0.473644 0.119629
vt 0.479322 0.11652
vt 0.48562 0.11652
vt 0.485452 0.118718
vt 0.479491 0.118718
vt 0.48562 0.11652
vt 0.491798 0.117483
vt 0.491298 0.119629
vt 0.485452 0.118718
vt 0.60791 0.117483
vt 0.614088 0.11652
vt 0.614256 0.118718
vt 0.60841 0.119629
vt 0.614088 0.11652
vt 0.620386 0.11652
vt 0.620217 0.118718
vt 0.614256 0.118718
vt 0.620386 0.11652
vt 0.626563 0.117483
vt 0.626064 0.119629
vt 0.620217 0.118718
vt 0.720215 0.117483
vt 0.726392 0.11652
vt 0.726561 0.118718
vt 0.720714 0.119629
vt 0.726392 0.11652
vt 0.732691 0.11652
vt 0.732522 0.118718
vt 0.726561 0.118718
vt 0.732691 0.11652
vt 0.738868 0.117483
vt 0.738368 0.119629
vt 0.732522 0.118718
vt 0.83252 0.117483
vt 0.838697 0.11652
vt 0.838866 0.118718
vt 0.833019 0.119629
vt 0.838697 0.11652
vt 0.844995 0.11652
vt 0.844827 0.118718
vt 0.838866 0.118718
vt 0.844995 0.11652
vt 0.851173 0.117483
vt 0.850673 0.119629
vt 0.844827 0.118718
vt 0.765137 0.117483
vt 0.771314 0.11652
vt 0.771483 0.118718
vt 0.765636 0.119629
vt 0.771314 0.11652
vt 0.777612 0.11652
vt 0.777444 0.118718
vt 0.771483 0.118718
vt 0.777612 0.11652
vt 0.78379 0.117483
vt 0.78329 0.119629
vt 0.777444 0.118718
vt 0.562988 0.117483
vt 0.569166 0.11652
vt 0.569334 0.118718
vt 0.563488 0.119629
vt 0.569166 0.11652
vt 0.575464 0.11652
vt 0.575295 0.118718
vt 0.569334 0.118718
vt 0.575464 0.11652
vt 0.581641 0.117483
vt 0.581142 0.119629
vt 0.575295 0.118718
vt 0.787598 0.117483
vt 0.793775 0.11652
vt 0.793944 0.118718
vt 0.788097 0.119629
vt 0.793775 0.11652
vt 0.800073 0.11652
vt 0.799905 0.118718
vt 0.793944 0.118718
vt 0.800073 0.11652
vt 0.806251 0.117483
vt 0.805751 0.119629
vt 0.799905 0.118718
vt 0.560059 0.183992
vt 0.565878 0.182085
vt 0.566377 0.184231
vt 0.56087 0.186035
vt 0.565878 0.182085
vt 0.572055 0.181113
vt 0.572224 0.183311
vt 0.566377 0.184231
vt 0.432155 0.776669
vt 0.426308 0.777832
vt 0.423328 0.747571
vt 0.437662 0.774388
vt 0.432155 0.776669
vt 0.423328 0.747571
vt 0.442618 0.771076
vt 0.437662 0.774388
vt 0.423328 0.747571
vt 0.446833 0.766861
vt 0.442618 0.771076
vt 0.423328 0.747571
vt 0.450145 0.761905
vt 0.446833 0.766861
vt 0.423328 0.747571
vt 0.452426 0.756398
vt 0.450145 0.761905
vt 0.423328 0.747571
vt 0.453589 0.750551
vt 0.452426 0.756398
vt 0.423328 0.747571
vt 0.453589 0.74459
vt 0.453589 0.750551
vt 0.423328 0.747571
vt 0.452426 0.738744
vt 0.453589 0.74459
vt 0.423328 0.747571
vt 0.450145 0.733237
vt 0.452426 0.738744
vt 0.423328 0.747571
vt 0.446833 0.72828
vt 0.450145 0.733237
vt 0.423328 0.747571
vt 0.442618 0.724065
vt 0.446833 0.72828
vt 0.423328 0.747571
vt 0.437662 0.720754
vt 0.442618 0.724065
vt 0.423328 0.747571
vt 0.432155 0.718472
vt 0.437662 0.720754
vt 0.423328 0.747571
vt 0.426308 0.717309
vt 0.432155 0.718472
vt 0.423328 0.747571
vt 0.420347 0.717309
vt 0.426308 0.717309
vt 0.423328 0.747571
vt 0.414501 0.718472
vt 0.420347 0.717309
vt 0.423328 0.747571
vt 0.408994 0.720754
vt 0.414501 0.718472
vt 0.423328 0.747571
vt 0.404037 0.724065
vt 0.408994 0.720754
vt 0.423328 0.747571
vt 0.399822 0.72828
vt 0.404037 0.724065
vt 0.423328 0.747571
vt 0.39651 0.733237
vt 0.399822 0.72828
vt 0.423328 0.747571
vt 0.394229 0.738744
vt 0.39651 0.733237
vt 0.423328 0.747571
vt 0.393066 0.74459
vt 0.394229 0.738744
vt 0.423328 0.747571
vt 0.393066 0.750551
vt 0.393066 0.74459
vt 0.423328 0.747571
vt 0.394229 0.756398
vt 0.393066 0.750551
vt 0.423328 0.747571
vt 0.39651 0.761905
vt 0.394229 0.756398
vt 0.423328 0.747571
vt 0.399822 0.766861
vt 0.39651 0.761905
vt 0.423328 0.747571
vt 0.404037 0.771076
vt 0.399822 0.766861
vt 0.423328 0.747571
vt 0.408994 0.774388
vt 0.404037 0.771076
vt 0.423328 0.747571
vt 0.414501 0.776669
vt 0.408994 0.774388
vt 0.423328 0.747571
vt 0.420347 0.777832
vt 0.414501 0.776669
vt 0.423328 0.747571
vt 0.426308 0.777832
vt 0.420347 0.777832
vt 0.423328 0.747571
vt 0.486804 0.747571
vt 0.489785 0.717309
vt 0.495631 0.718472
vt 0.486804 0.747571
vt 0.495631 0.718472
vt 0.501138 0.720754
vt 0.486804 0.747571
vt 0.501138 0.720754
vt 0.506095 0.724065
vt 0.486804 0.747571
vt 0.506095 0.724065
vt 0.51031 0.72828
vt 0.486804 0.747571
vt 0.51031 0.72828
vt 0.513621 0.733237
vt 0.486804 0.747571
vt 0.513621 0.733237
vt 0.515903 0.738744
vt 0.486804 0.747571
vt 0.515903 0.738744
vt 0.517066 0.74459
vt 0.486804 0.747571
vt 0.517066 0.74459
vt 0.517066 0.750551
vt 0.486804 0.747571
vt 0.517066 0.750551
vt 0.515903 0.756398
vt 0.486804 0.747571
vt 0.515903 0.756398
vt 0.513621 0.761905
vt 0.486804 0.747571
vt 0.513621 0.761905
vt 0.51031 0.766861
vt 0.486804 0.747571
vt 0.51031 0.766861
vt 0.506095 0.771076
vt 0.486804 0.747571
vt 0.506095 0.771076
vt 0.501138 0.774388
vt 0.486804 0.747571
vt 0.501138 0.774388
vt 0.495631 0.776669
vt 0.486804 0.747571
vt 0.495631 0.776669
vt 0.489785 0.777832
vt 0.486804 0.747571
vt 0.489785 0.777832
vt 0.483824 0.777832
vt 0.486804 0.747571
vt 0.483824 0.777832
vt 0.477977 0.776669
vt 0.486804 0.747571
vt 0.477977 0.776669
vt 0.47247 0.774388
vt 0.486804 0.747571
vt 0.47247 0.774388
vt 0.467514 0.771076
vt 0.486804 0.747571
vt 0.467514 0.771076
vt 0.463299 0.766861
vt 0.486804 0.747571
vt 0.463299 0.766861
vt 0.459987 0.761905
vt 0.486804 0.747571
vt 0.459987 0.761905
vt 0.457706 0.756398
vt 0.486804 0.747571
vt 0.457706 0.756398
vt 0.456543 0.750551
vt 0.486804 0.747571
vt 0.456543 0.750551
vt 0.456543 0.74459
vt 0.486804 0.747571
vt 0.456543 0.74459
vt 0.457706 0.738744
vt 0.486804 0.747571
vt 0.457706 0.738744
vt 0.459987 0.733237
vt 0.486804 0.747571
vt 0.459987 0.733237
vt 0.463299 0.72828
vt 0.486804 0.747571
vt 0.463299 0.72828
vt 0.467514 0.724065
vt 0.486804 0.747571
vt 0.467514 0.724065
vt 0.47247 0.720754
vt 0.486804 0.747571
vt 0.47247 0.720754
vt 0.477977 0.718472
vt 0.486804 0.747571
vt 0.477977 0.718472
vt 0.483824 0.717309
vt 0.486804 0.747571
vt 0.483824 0.717309
vt 0.489785 0.717309
vn 0.621687 0.061231 -0.780869
vn 0.597796 0.181339 -0.780869
vn 0.550932 0.294479 -0.780869
vn 0.482896 0.396302 -0.780869
vn 0.396302 0.482896 -0.780869
vn 0.294479 0.550932 -0.780869
vn 0.181339 0.597796 -0.780869
vn 0.061231 0.621687 -0.780869
vn -0.061231 0.621687 -0.780869
vn -0.181339 0.597796 -0.780869
vn -0.294479 0.550932 -0.780869
vn -0.396302 0.482896 -0.780869
vn -0.482896 0.396302 -0.780869
vn -0.550932 0.294479 -0.780869
vn -0.597796 0.181339 -0.780869
vn -0.621687 0.061231 -0.780869
vn -0.621687 -0.061231 -0.780869
vn -0.597796 -0.181339 -0.780869
vn -0.550932 -0.294479 -0.780869
vn -0.482896 -0.396302 -0.780869
vn -0.396302 -0.482896 -0.780869
vn -0.294479 -0.550932 -0.780869
vn -0.181339 -0.597796 -0.780869
vn -0.061231 -0.621687 -0.780869
vn 0.061231 -0.621687 -0.780869
vn 0.181339 -0.597796 -0.780869
vn 0.294479 -0.550932 -0.780869
vn 0.396302 -0.482896 -0.780869
vn 0.482896 -0.396302 -0.780869
vn 0.550932 -0.294479 -0.780869
vn 0.597796 -0.181339 -0.780869
vn 0.621687 -0.061231 -0.780869
vn 0.995185 0.098017 0
vn 0.95694 0.290285 0
vn 0.881921 0.471397 0
vn 0.77301 0.634393 0
vn 0.634393 0.77301 0
vn 0.471397 0.881921 0
vn 0.290285 0.95694 0
vn 0.098017 0.995185 0
vn -0.098017 0.995185 0
vn -0.290285 0.95694 0
vn -0.471397 0.881921 0
vn -0.634393 0.77301 0
vn -0.77301 0.634393 0
vn -0.881921 0.471397 0
vn -0.95694 0.290285 0
vn -0.995185 0.098017 0
vn -0.995185 -0.098017 0
vn -0.95694 -0.290285 0
vn -0.881921 -0.471397 0
vn -0.77301 -0.634393 0
vn -0.634393 -0.77301 0
vn -0.471397 -0.881921 0
vn -0.290285 -0.95694 0
vn -0.098017 -0.995185 0
vn 0.098017 -0.995185 0
vn 0.290285 -0.95694 0
vn 0.471397 -0.881921 0
vn 0.634393 -0.77301 0
vn 0.77301 -0.634393 0
vn 0.881921 -0.471397 0
vn 0.95694 -0.290285 0
vn 0.995185 -0.098017 0
vn 0.621687 0.061231 0.780869
vn 0.597796 0.181339 0.780869
vn 0.550932 0.294479 0.780869
vn 0.482896 0.396302 0.780869
vn 0.396302 0.482896 0.780869
vn 0.294479 0.550932 0.780869
vn 0.181339 0.597796 0.780869
vn 0.061231 0.621687 0.780869
vn -0.061231 0.621687 0.780869
vn -0.181339 0.597796 0.780869
vn -0.294479 0.550932 0.780869
vn -0.396302 0.482896 0.780869
vn -0.482896 0.396302 0.780869
vn -0.550932 0.294479 0.780869
vn -0.597796 0.181339 0.780869
vn -0.621687 0.061231 0.780869
vn -0.621687 -0.061231 0.780869
vn -0.597796 -0.181339 0.780869
vn -0.550932 -0.294479 0.780869
vn -0.482896 -0.396302 0.780869
vn -0.396302 -0.482896 0.780869
vn -0.294479 -0.550932 0.780869
vn -0.181339 -0.597796 0.780869
vn -0.061231 -0.621687 0.780869
vn 0.061231 -0.621687 0.780869
vn 0.181339 -0.597796 0.780869
vn 0.294479 -0.550932 0.780869
vn 0.396302 -0.482896 0.780869
vn 0.482896 -0.396302 0.780869
vn 0.550932 -0.294479 0.780869
vn 0.597796 -0.181339 0.780869
vn 0.621687 -0.061231 0.780869
vn 0 0 -1
vn 0 0 1
f 1819/5155/793 1820/5156/794 1852/5157/794 1851/5158/793
f 1820/5159/794 1821/5160/795 1853/5161/795 1852/5162/794
f 1821/5163/795 1822/5164/796 1854/5165/796 1853/5166/795
f 1822/5167/796 1823/5168/797 1855/5169/797 1854/5170/796
f 1823/5171/797 1824/5172/798 1856/5173/798 1855/5174/797
f 1824/5175/798 1825/5176/799 1857/5177/799 1856/5178/798
f 1825/5179/799 1826/5180/800 1858/5181/800 1857/5182/799
f 1826/5183/800 1827/5184/801 1859/5185/801 1858/5186/800
f 1827/5187/801 1828/5188/802 1860/5189/802 1859/5190/801
f 1828/5191/802 1829/5192/803 1861/5193/803 1860/5194/802
f 1829/5195/803 1830/5196/804 1862/5197/804 1861/5198/803
f 1830/5199/804 1831/5200/805 1863/5201/805 1862/5202/804
f 1831/5203/805 1832/5204/806 1864/5205/806 1863/5206/805
f 1832/5207/806 1833/5208/807 1865/5209/807 1864/5210/806
f 1833/5211/807 1834/5212/808 1866/5213/808 1865/5214/807
f 1834/5215/808 1835/5216/809 1867/5217/809 1866/5218/808
f 1835/5219/809 1836/5220/810 1868/5221/810 1867/5222/809
f 1836/5223/810 1837/5224/811 1869/5225/811 1868/5226/810
f 1837/5227/811 1838/5228/812 1870/5229/812 1869/5230/811
f 1838/5231/812 1839/5232/813 1871/5233/813 1870/5234/812
f 1839/5235/813 1840/5236/814 1872/5237/814 1871/5238/813
f 1840/5239/814 1841/5240/815 1873/5241/815 1872/5242/814
f 1841/5243/815 1842/5244/816 1874/5245/816 1873/5246/815
f 1842/5247/816 1843/5248/817 1875/5249/817 1874/5250/816
f 1843/5251/817 1844/5252/818 1876/5253/818 1875/5254/817
f 1844/5255/818 1845/5256/819 1877/5257/819 1876/5258/818
f 1845/5259/819 1846/5260/820 1878/5261/820 1877/5262/819
f 1846/5263/820 1847/5264/821 1879/5265/821 1878/5266/820
f 1847/5267/821 1848/5268/822 1880/5269/822 1879/5270/821
f 1848/5271/822 1849/5272/823 1881/5273/823 1880/5274/822
f 1849/5275/823 1850/5276/824 1882/5277/824 1881/5278/823
f 1850/5279/824 1819/5280/793 1851/5281/793 1882/5282/824
f 1851/5283/825 1852/5284/826 1884/5285/826 1883/5286/825
f 1852/5287/826 1853/5288/827 1885/5289/827 1884/5290/826
f 1853/5291/827 1854/5292/828 1886/5293/828 1885/5294/827
f 1854/5295/828 1855/5296/829 1887/5297/829 1886/5298/828
f 1855/5299/829 1856/5300/830 1888/5301/830 1887/5302/829
f 1856/5303/830 1857/5304/831 1889/5305/831 1888/5306/830
f 1857/5307/831 1858/5308/832 1890/5309/832 1889/5310/831
f 1858/5311/832 1859/5312/833 1891/5313/833 1890/5314/832
f 1859/5315/833 1860/5316/834 1892/5317/834 1891/5318/833
f 1860/5319/834 1861/5320/835 1893/5321/835 1892/5322/834
f 1861/5323/835 1862/5324/836 1894/5325/836 1893/5326/835
f 1862/5327/836 1863/5328/837 1895/5329/837 1894/5330/836
f 1863/5331/837 1864/5332/838 1896/5333/838 1895/5334/837
f 1864/5335/838 1865/5336/839 1897/5337/839 1896/5338/838
f 1865/5339/839 1866/5340/840 1898/5341/840 1897/5342/839
f 1866/5343/840 1867/5344/841 1899/5345/841 1898/5346/840
f 1867/5347/841 1868/5348/842 1900/5349/842 1899/5350/841
f 1868/5351/842 1869/5352/843 1901/5353/843 1900/5354/842
f 1869/5355/843 1870/5356/844 1902/5357/844 1901/5358/843
f 1870/5359/844 1871/5360/845 1903/5361/845 1902/5362/844
f 1871/5363/845 1872/5364/846 1904/5365/846 1903/5366/845
f 1872/5367/846 1873/5368/847 1905/5369/847 1904/5370/846
f 1873/5371/847 1874/5372/848 1906/5373/848 1905/5374/847
f 1874/5375/848 1875/5376/849 1907/5377/849 1906/5378/848
f 1875/5379/849 1876/5380/850 1908/5381/850 1907/5382/849
f 1876/5383/850 1877/5384/851 1909/5385/851 1908/5386/850
f 1877/5387/851 1878/5388/852 1910/5389/852 1909/5390/851
f 1878/5391/852 1879/5392/853 1911/5393/853 1910/5394/852
f 1879/5395/853 1880/5396/854 1912/5397/854 1911/5398/853
f 1880/5399/854 1881/5400/855 1913/5401/855 1912/5402/854
f 1881/5403/855 1882/5404/856 1914/5405/856 1913/5406/855
f 1882/5407/856 1851/5408/825 1883/5409/825 1914/5410/856
f 1883/5411/857 1884/5412/858 1916/5413/858 1915/5414/857
f 1884/5415/858 1885/5416/859 1917/5417/859 1916/5418/858
f 1885/5419/859 1886/5420/860 1918/5421/860 1917/5422/859
f 1886/5423/860 1887/5424/861 1919/5425/861 1918/5426/860
f 1887/5427/861 1888/5428/862 1920/5429/862 1919/5430/861
f 1888/5431/862 1889/5432/863 1921/5433/863 1920/5434/862
f 1889/5435/863 1890/5436/864 1922/5437/864 1921/5438/863
f 1890/5439/864 1891/5440/865 1923/5441/865 1922/5442/864
f 1891/5443/865 1892/5444/866 1924/5445/866 1923/5446/865
f 1892/5447/866 1893/5448/867 1925/5449/867 1924/5450/866
f 1893/5451/867 1894/5452/868 1926/5453/868 1925/5454/867
f 1894/5455/868 1895/5456/869 1927/5457/869 1926/5458/868
f 1895/5459/869 1896/5460/870 1928/5461/870 1927/5462/869
f 1896/5463/870 1897/5464/871 1929/5465/871 1928/5466/870
f 1897/5467/871 1898/5468/872 1930/5469/872 1929/5470/871
f 1898/5471/872 1899/5472/873 1931/5473/873 1930/5474/872
f 1899/5475/873 1900/5476/874 1932/5477/874 1931/5478/873
f 1900/5479/874 1901/5480/875 1933/5481/875 1932/5482/874
f 1901/5483/875 1902/5484/876 1934/5485/876 1933/5486/875
f 1902/5487/876 1903/5488/877 1935/5489/877 1934/5490/876
f 1903/5491/877 1904/5492/878 1936/5493/878 1935/5494/877
f 1904/5495/878 1905/5496/879 1937/5497/879 1936/5498/878
f 1905/5499/879 1906/5500/880 1938/5501/880 1937/5502/879
f 1906/5503/880 1907/5504/881 1939/5505/881 1938/5506/880
f 1907/5507/881 1908/5508/882 1940/5509/882 1939/5510/881
f 1908/5511/882 1909/5512/883 1941/5513/883 1940/5514/882
f 1909/5515/883 1910/5516/884 1942/5517/884 1941/5518/883
f 1910/5519/884 1911/5520/885 1943/5521/885 1942/5522/884
f 1911/5523/885 1912/5524/886 1944/5525/886 1943/5526/885
f 1912/5527/886 1913/5528/887 1945/5529/887 1944/5530/886
f 1913/5531/887 1914/5532/888 1946/5533/888 1945/5534/887
f 1914/5535/888 1883/5536/857 1915/5537/857 1946/5538/888
f 1820/5539/889 1819/5540/889 1947/5541/889
f 1821/5542/889 1820/5543/889 1947/5544/889
f 1822/5545/889 1821/5546/889 1947/5547/889
f 1823/5548/889 1822/5549/889 1947/5550/889
f 1824/5551/889 1823/5552/889 1947/5553/889
f 1825/5554/889 1824/5555/889 1947/5556/889
f 1826/5557/889 1825/5558/889 1947/5559/889
f 1827/5560/889 1826/5561/889 1947/5562/889
f 1828/5563/889 1827/5564/889 1947/5565/889
f 1829/5566/889 1828/5567/889 1947/5568/889
f 1830/5569/889 1829/5570/889 1947/5571/889
f 1831/5572/889 1830/5573/889 1947/5574/889
f 1832/5575/889 1831/5576/889 1947/5577/889
f 1833/5578/889 1832/5579/889 1947/5580/889
f 1834/5581/889 1833/5582/889 1947/5583/889
f 1835/5584/889 1834/5585/889 1947/5586/889
f 1836/5587/889 1835/5588/889 1947/5589/889
f 1837/5590/889 1836/5591/889 1947/5592/889
f 1838/5593/889 1837/5594/889 1947/5595/889
f 1839/5596/889 1838/5597/889 1947/5598/889
f 1840/5599/889 1839/5600/889 1947/5601/889
f 1841/5602/889 1840/5603/889 1947/5604/889
f 1842/5605/889 1841/5606/889 1947/5607/889
f 1843/5608/889 1842/5609/889 1947/5610/889
f 1844/5611/889 1843/5612/889 1947/5613/889
f 1845/5614/889 1844/5615/889 1947/5616/889
f 1846/5617/889 1845/5618/889 1947/5619/889
f 1847/5620/889 1846/5621/889 1947/5622/889
f 1848/5623/889 1847/5624/889 1947/5625/889
f 1849/5626/889 1848/5627/889 1947/5628/889
f 1850/5629/889 1849/5630/889 1947/5631/889
f 1819/5632/889 1850/5633/889 1947/5634/889
f 1948/5635/890 1915/5636/890 1916/5637/890
f 1948/5638/890 1916/5639/890 1917/5640/890
f 1948/5641/890 1917/5642/890 1918/5643/890
f 1948/5644/890 1918/5645/890 1919/5646/890
f 1948/5647/890 1919/5648/890 1920/5649/890
f 1948/5650/890 1920/5651/890 1921/5652/890
f 1948/5653/890 1921/5654/890 1922/5655/890
f 1948/5656/890 1922/5657/890 1923/5658/890
f 1948/5659/890 1923/5660/890 1924/5661/890
f 1948/5662/890 1924/5663/890 1925/5664/890
f 1948/5665/890 1925/5666/890 1926/5667/890
f 1948/5668/890 1926/5669/890 1927/5670/890
f 1948/5671/890 1927/5672/890 1928/5673/890
f 1948/5674/890 1928/5675/890 1929/5676/890
f 1948/5677/890 1929/5678/890 1930/5679/890
f 1948/5680/890 1930/5681/890 1931/5682/890
f 1948/5683/890 1931/5684/890 1932/5685/890
f 1948/5686/890 1932/5687/890 1933/5688/890
f 1948/5689/890 1933/5690/890 1934/5691/890
f 1948/5692/890 1934/5693/890 1935/5694/890
f 1948/5695/890 1935/5696/890 1936/5697/890
f 1948/5698/890 1936/5699/890 1937/5700/890
f 1948/5701/890 1937/5702/890 1938/5703/890
f 1948/5704/890 1938/5705/890 1939/5706/890
f 1948/5707/890 1939/5708/890 1940/5709/890
f 1948/5710/890 1940/5711/890 1941/5712/890
f 1948/5713/890 1941/5714/890 1942/5715/890
f 1948/5716/890 1942/5717/890 1943/5718/890
f 1948/5719/890 1943/5720/890 1944/5721/890
f 1948/5722/890 1944/5723/890 1945/5724/890
f 1948/5725/890 1945/5726/890 1946/5727/890
f 1948/5728/890 1946/5729/890 1915/5730/890
o body_suction_bolts
usemtl intake_pump
v 0.622304 0.515441 0.253125
v 0.606066 0.524816 0.253125
v 0.589828 0.515441 0.253125
v 0.589828 0.496691 0.253125
v 0.606066 0.487316 0.253125
v 0.622304 0.496691 0.253125
v 0.622304 0.515441 0.26875
v 0.606066 0.524816 0.26875
v 0.589828 0.515441 0.26875
v 0.589828 0.496691 0.26875
v 0.606066 0.487316 0.26875
v 0.622304 0.496691 0.26875
v 0.622304 0.515441 0.253125
v 0.606066 0.524816 0.253125
v 0.589828 0.515441 0.253125
v 0.589828 0.496691 0.253125
v 0.606066 0.487316 0.253125
v 0.622304 0.496691 0.253125
v 0.622304 0.515441 0.26875
v 0.606066 0.524816 0.26875
v 0.589828 0.515441 0.26875
v 0.589828 0.496691 0.26875
v 0.606066 0.487316 0.26875
v 0.622304 0.496691 0.26875
v 0.410172 0.515441 0.253125
v 0.393934 0.524816 0.253125
v 0.377696 0.515441 0.253125
v 0.377696 0.496691 0.253125
v 0.393934 0.487316 0.253125
v 0.410172 0.496691 0.253125
v 0.410172 0.515441 0.26875
v 0.393934 0.524816 0.26875
v 0.377696 0.515441 0.26875
v 0.377696 0.496691 0.26875
v 0.393934 0.487316 0.26875
v 0.410172 0.496691 0.26875
v 0.410172 0.515441 0.253125
v 0.393934 0.524816 0.253125
v 0.377696 0.515441 0.253125
v 0.377696 0.496691 0.253125
v 0.393934 0.487316 0.253125
v 0.410172 0.496691 0.253125
v 0.410172 0.515441 0.26875
v 0.393934 0.524816 0.26875
v 0.377696 0.515441 0.26875
v 0.377696 0.496691 0.26875
v 0.393934 0.487316 0.26875
v 0.410172 0.496691 0.26875
v 0.410172 0.303309 0.253125
v 0.393934 0.312684 0.253125
v 0.377696 0.303309 0.253125
v 0.377696 0.284559 0.253125
v 0.393934 0.275184 0.253125
v 0.410172 0.284559 0.253125
v 0.410172 0.303309 0.26875
v 0.393934 0.312684 0.26875
v 0.377696 0.303309 0.26875
v 0.377696 0.284559 0.26875
v 0.393934 0.275184 0.26875
v 0.410172 0.284559 0.26875
v 0.410172 0.303309 0.253125
v 0.393934 0.312684 0.253125
v 0.377696 0.303309 0.253125
v 0.377696 0.284559 0.253125
v 0.393934 0.275184 0.253125
v 0.410172 0.284559 0.253125
v 0.410172 0.303309 0.26875
v 0.393934 0.312684 0.26875
v 0.377696 0.303309 0.26875
v 0.377696 0.284559 0.26875
v 0.393934 0.275184 0.26875
v 0.410172 0.284559 0.26875
v 0.622304 0.303309 0.253125
v 0.606066 0.312684 0.253125
v 0.589828 0.303309 0.253125
v 0.589828 0.284559 0.253125
v 0.606066 0.275184 0.253125
v 0.622304 0.284559 0.253125
v 0.622304 0.303309 0.26875
v 0.606066 0.312684 0.26875
v 0.589828 0.303309 0.26875
v 0.589828 0.284559 0.26875
v 0.606066 0.275184 0.26875
v 0.622304 0.284559 0.26875
v 0.622304 0.303309 0.253125
v 0.606066 0.312684 0.253125
v 0.589828 0.303309 0.253125
v 0.589828 0.284559 0.253125
v 0.606066 0.275184 0.253125
v 0.622304 0.284559 0.253125
v 0.622304 0.303309 0.26875
v 0.606066 0.312684 0.26875
v 0.589828 0.303309 0.26875
v 0.589828 0.284559 0.26875
v 0.606066 0.275184 0.26875
v 0.622304 0.284559 0.26875
v 0.33625 0.428125 0.016238
v 0.345625 0.428125 0
v 0.33625 0.428125 -0.016238
v 0.3175 0.428125 -0.016238
v 0.308125 0.428125 0
v 0.3175 0.428125 0.016238
v 0.33625 0.445 0.016238
v 0.345625 0.445 0
v 0.33625 0.445 -0.016238
v 0.3175 0.445 -0.016238
v 0.308125 0.445 0
v 0.3175 0.445 0.016238
v 0.33625 0.428125 0.016238
v 0.345625 0.428125 0
v 0.33625 0.428125 -0.016238
v 0.3175 0.428125 -0.016238
v 0.308125 0.428125 0
v 0.3175 0.428125 0.016238
v 0.33625 0.445 0.016238
v 0.345625 0.445 0
v 0.33625 0.445 -0.016238
v 0.3175 0.445 -0.016238
v 0.308125 0.445 0
v 0.3175 0.445 0.016238
v 0.6825 0.428125 0.016238
v 0.691875 0.428125 0
v 0.6825 0.428125 -0.016238
v 0.66375 0.428125 -0.016238
v 0.654375 0.428125 0
v 0.66375 0.428125 0.016238
v 0.6825 0.445 0.016238
v 0.691875 0.445 0
v 0.6825 0.445 -0.016238
v 0.66375 0.445 -0.016238
v 0.654375 0.445 0
v 0.66375 0.445 0.016238
v 0.6825 0.428125 0.016238
v 0.691875 0.428125 0
v 0.6825 0.428125 -0.016238
v 0.66375 0.428125 -0.016238
v 0.654375 0.428125 0
v 0.66375 0.428125 0.016238
v 0.6825 0.445 0.016238
v 0.691875 0.445 0
v 0.6825 0.445 -0.016238
v 0.66375 0.445 -0.016238
v 0.654375 0.445 0
v 0.66375 0.445 0.016238
v 0.615441 0.2625 -0.377696
v 0.624816 0.2625 -0.393934
v 0.615441 0.2625 -0.410172
v 0.596691 0.2625 -0.410172
v 0.587316 0.2625 -0.393934
v 0.596691 0.2625 -0.377696
v 0.615441 0.278125 -0.377696
v 0.624816 0.278125 -0.393934
v 0.615441 0.278125 -0.410172
v 0.596691 0.278125 -0.410172
v 0.587316 0.278125 -0.393934
v 0.596691 0.278125 -0.377696
v 0.615441 0.2625 -0.377696
v 0.624816 0.2625 -0.393934
v 0.615441 0.2625 -0.410172
v 0.596691 0.2625 -0.410172
v 0.587316 0.2625 -0.393934
v 0.596691 0.2625 -0.377696
v 0.615441 0.278125 -0.377696
v 0.624816 0.278125 -0.393934
v 0.615441 0.278125 -0.410172
v 0.596691 0.278125 -0.410172
v 0.587316 0.278125 -0.393934
v 0.596691 0.278125 -0.377696
v 0.403309 0.2625 -0.377696
v 0.412684 0.2625 -0.393934
v 0.403309 0.2625 -0.410172
v 0.384559 0.2625 -0.410172
v 0.375184 0.2625 -0.393934
v 0.384559 0.2625 -0.377696
v 0.403309 0.278125 -0.377696
v 0.412684 0.278125 -0.393934
v 0.403309 0.278125 -0.410172
v 0.384559 0.278125 -0.410172
v 0.375184 0.278125 -0.393934
v 0.384559 0.278125 -0.377696
v 0.403309 0.2625 -0.377696
v 0.412684 0.2625 -0.393934
v 0.403309 0.2625 -0.410172
v 0.384559 0.2625 -0.410172
v 0.375184 0.2625 -0.393934
v 0.384559 0.2625 -0.377696
v 0.403309 0.278125 -0.377696
v 0.412684 0.278125 -0.393934
v 0.403309 0.278125 -0.410172
v 0.384559 0.278125 -0.410172
v 0.375184 0.278125 -0.393934
v 0.384559 0.278125 -0.377696
v 0.403309 0.2625 -0.589828
v 0.412684 0.2625 -0.606066
v 0.403309 0.2625 -0.622304
v 0.384559 0.2625 -0.622304
v 0.375184 0.2625 -0.606066
v 0.384559 0.2625 -0.589828
v 0.403309 0.278125 -0.589828
v 0.412684 0.278125 -0.606066
v 0.403309 0.278125 -0.622304
v 0.384559 0.278125 -0.622304
v 0.375184 0.278125 -0.606066
v 0.384559 0.278125 -0.589828
v 0.403309 0.2625 -0.589828
v 0.412684 0.2625 -0.606066
v 0.403309 0.2625 -0.622304
v 0.384559 0.2625 -0.622304
v 0.375184 0.2625 -0.606066
v 0.384559 0.2625 -0.589828
v 0.403309 0.278125 -0.589828
v 0.412684 0.278125 -0.606066
v 0.403309 0.278125 -0.622304
v 0.384559 0.278125 -0.622304
v 0.375184 0.278125 -0.606066
v 0.384559 0.278125 -0.589828
v 0.615441 0.2625 -0.589828
v 0.624816 0.2625 -0.606066
v 0.615441 0.2625 -0.622304
v 0.596691 0.2625 -0.622304
v 0.587316 0.2625 -0.606066
v 0.596691 0.2625 -0.589828
v 0.615441 0.278125 -0.589828
v 0.624816 0.278125 -0.606066
v 0.615441 0.278125 -0.622304
v 0.596691 0.278125 -0.622304
v 0.587316 0.278125 -0.606066
v 0.596691 0.278125 -0.589828
v 0.615441 0.2625 -0.589828
v 0.624816 0.2625 -0.606066
v 0.615441 0.2625 -0.622304
v 0.596691 0.2625 -0.622304
v 0.587316 0.2625 -0.606066
v 0.596691 0.2625 -0.589828
v 0.615441 0.278125 -0.589828
v 0.624816 0.278125 -0.606066
v 0.615441 0.278125 -0.622304
v 0.596691 0.278125 -0.622304
v 0.587316 0.278125 -0.606066
v 0.596691 0.278125 -0.589828
vt 0.410645 0.084534
vt 0.414087 0.084534
vt 0.414087 0.087402
vt 0.410645 0.087402
vt 0.41748 0.084534
vt 0.420923 0.084534
vt 0.420923 0.087402
vt 0.41748 0.087402
vt 0.492676 0.084534
vt 0.496118 0.084534
vt 0.496118 0.087402
vt 0.492676 0.087402
vt 0.554199 0.084534
vt 0.557642 0.084534
vt 0.557642 0.087402
vt 0.554199 0.087402
vt 0.424316 0.084534
vt 0.427759 0.084534
vt 0.427759 0.087402
vt 0.424316 0.087402
vt 0.342285 0.084534
vt 0.345728 0.084534
vt 0.345728 0.087402
vt 0.342285 0.087402
vt 0.828662 0.272898
vt 0.826941 0.275879
vt 0.823499 0.275879
vt 0.826941 0.269917
vt 0.828662 0.272898
vt 0.823499 0.275879
vt 0.823499 0.269917
vt 0.826941 0.269917
vt 0.823499 0.275879
vt 0.823499 0.275879
vt 0.821777 0.272898
vt 0.823499 0.269917
vt 0.834241 0.269917
vt 0.837683 0.269917
vt 0.839404 0.272898
vt 0.834241 0.269917
vt 0.839404 0.272898
vt 0.837683 0.275879
vt 0.834241 0.269917
vt 0.837683 0.275879
vt 0.834241 0.275879
vt 0.834241 0.275879
vt 0.83252 0.272898
vt 0.834241 0.269917
vt 0.561035 0.084534
vt 0.564478 0.084534
vt 0.564478 0.087402
vt 0.561035 0.087402
vt 0.246582 0.084534
vt 0.250024 0.084534
vt 0.250024 0.087402
vt 0.246582 0.087402
vt 0.499512 0.084534
vt 0.502954 0.084534
vt 0.502954 0.087402
vt 0.499512 0.087402
vt 0.431152 0.084534
vt 0.434595 0.084534
vt 0.434595 0.087402
vt 0.431152 0.087402
vt 0.567871 0.084534
vt 0.571313 0.084534
vt 0.571313 0.087402
vt 0.567871 0.087402
vt 0.349121 0.084534
vt 0.352563 0.084534
vt 0.352563 0.087402
vt 0.349121 0.087402
vt 0.009326 0.263132
vt 0.007605 0.266113
vt 0.004163 0.266113
vt 0.007605 0.260151
vt 0.009326 0.263132
vt 0.004163 0.266113
vt 0.004163 0.260151
vt 0.007605 0.260151
vt 0.004163 0.266113
vt 0.004163 0.266113
vt 0.002441 0.263132
vt 0.004163 0.260151
vt 0.014905 0.260151
vt 0.018347 0.260151
vt 0.020068 0.263132
vt 0.014905 0.260151
vt 0.020068 0.263132
vt 0.018347 0.266113
vt 0.014905 0.260151
vt 0.018347 0.266113
vt 0.014905 0.266113
vt 0.014905 0.266113
vt 0.013184 0.263132
vt 0.014905 0.260151
vt 0.253418 0.084534
vt 0.25686 0.084534
vt 0.25686 0.087402
vt 0.253418 0.087402
vt 0.574707 0.084534
vt 0.578149 0.084534
vt 0.578149 0.087402
vt 0.574707 0.087402
vt 0.581543 0.084534
vt 0.584985 0.084534
vt 0.584985 0.087402
vt 0.581543 0.087402
vt 0.588379 0.084534
vt 0.591821 0.084534
vt 0.591821 0.087402
vt 0.588379 0.087402
vt 0.70459 0.084534
vt 0.708032 0.084534
vt 0.708032 0.087402
vt 0.70459 0.087402
vt 0.260254 0.084534
vt 0.263696 0.084534
vt 0.263696 0.087402
vt 0.260254 0.087402
vt 0.850146 0.272898
vt 0.848425 0.275879
vt 0.844983 0.275879
vt 0.848425 0.269917
vt 0.850146 0.272898
vt 0.844983 0.275879
vt 0.844983 0.269917
vt 0.848425 0.269917
vt 0.844983 0.275879
vt 0.844983 0.275879
vt 0.843262 0.272898
vt 0.844983 0.269917
vt 0.855725 0.269917
vt 0.859167 0.269917
vt 0.860889 0.272898
vt 0.855725 0.269917
vt 0.860889 0.272898
vt 0.859167 0.275879
vt 0.855725 0.269917
vt 0.859167 0.275879
vt 0.855725 0.275879
vt 0.855725 0.275879
vt 0.854004 0.272898
vt 0.855725 0.269917
vt 0.157715 0.084534
vt 0.161157 0.084534
vt 0.161157 0.087402
vt 0.157715 0.087402
vt 0.437988 0.084534
vt 0.441431 0.084534
vt 0.441431 0.087402
vt 0.437988 0.087402
vt 0.595215 0.084534
vt 0.598657 0.084534
vt 0.598657 0.087402
vt 0.595215 0.087402
vt 0.602051 0.084534
vt 0.605493 0.084534
vt 0.605493 0.087402
vt 0.602051 0.087402
vt 0.690918 0.084534
vt 0.69436 0.084534
vt 0.69436 0.087402
vt 0.690918 0.087402
vt 0.26709 0.084534
vt 0.270532 0.084534
vt 0.270532 0.087402
vt 0.26709 0.087402
vt 0.871631 0.272898
vt 0.86991 0.275879
vt 0.866467 0.275879
vt 0.86991 0.269917
vt 0.871631 0.272898
vt 0.866467 0.275879
vt 0.866467 0.269917
vt 0.86991 0.269917
vt 0.866467 0.275879
vt 0.866467 0.275879
vt 0.864746 0.272898
vt 0.866467 0.269917
vt 0.877209 0.269917
vt 0.880652 0.269917
vt 0.882373 0.272898
vt 0.877209 0.269917
vt 0.882373 0.272898
vt 0.880652 0.275879
vt 0.877209 0.269917
vt 0.880652 0.275879
vt 0.877209 0.275879
vt 0.877209 0.275879
vt 0.875488 0.272898
vt 0.877209 0.269917
vt 0.005884 0.112793
vt 0.002441 0.112793
vt 0.002441 0.109695
vt 0.005884 0.109695
vt 0.046899 0.112793
vt 0.043457 0.112793
vt 0.043457 0.109695
vt 0.046899 0.109695
vt 0.967285 0.116531
vt 0.970728 0.116531
vt 0.970728 0.119629
vt 0.967285 0.119629
vt 0.009277 0.109695
vt 0.01272 0.109695
vt 0.01272 0.112793
vt 0.009277 0.112793
vt 0.016113 0.109695
vt 0.019556 0.109695
vt 0.019556 0.112793
vt 0.016113 0.112793
vt 0.974121 0.116531
vt 0.977563 0.116531
vt 0.977563 0.119629
vt 0.974121 0.119629
vt 0.699756 0.272898
vt 0.698035 0.275879
vt 0.694592 0.275879
vt 0.698035 0.269917
vt 0.699756 0.272898
vt 0.694592 0.275879
vt 0.694592 0.269917
vt 0.698035 0.269917
vt 0.694592 0.275879
vt 0.694592 0.275879
vt 0.692871 0.272898
vt 0.694592 0.269917
vt 0.762488 0.275879
vt 0.759045 0.275879
vt 0.757324 0.272898
vt 0.762488 0.275879
vt 0.757324 0.272898
vt 0.759045 0.269917
vt 0.762488 0.275879
vt 0.759045 0.269917
vt 0.762488 0.269917
vt 0.762488 0.269917
vt 0.764209 0.272898
vt 0.762488 0.275879
vt 0.026392 0.112793
vt 0.022949 0.112793
vt 0.022949 0.109695
vt 0.026392 0.109695
vt 0.033228 0.112793
vt 0.029785 0.112793
vt 0.029785 0.109695
vt 0.033228 0.109695
vt 0.980957 0.116531
vt 0.984399 0.116531
vt 0.984399 0.119629
vt 0.980957 0.119629
vt 0.050293 0.109695
vt 0.053735 0.109695
vt 0.053735 0.112793
vt 0.050293 0.112793
vt 0.036621 0.109695
vt 0.040063 0.109695
vt 0.040063 0.112793
vt 0.036621 0.112793
vt 0.987793 0.116531
vt 0.991235 0.116531
vt 0.991235 0.119629
vt 0.987793 0.119629
vt 0.710498 0.272898
vt 0.708777 0.275879
vt 0.705334 0.275879
vt 0.708777 0.269917
vt 0.710498 0.272898
vt 0.705334 0.275879
vt 0.705334 0.269917
vt 0.708777 0.269917
vt 0.705334 0.275879
vt 0.705334 0.275879
vt 0.703613 0.272898
vt 0.705334 0.269917
vt 0.77323 0.275879
vt 0.769788 0.275879
vt 0.768066 0.272898
vt 0.77323 0.275879
vt 0.768066 0.272898
vt 0.769788 0.269917
vt 0.77323 0.275879
vt 0.769788 0.269917
vt 0.77323 0.269917
vt 0.77323 0.269917
vt 0.774951 0.272898
vt 0.77323 0.275879
vt 0.167993 0.087402
vt 0.164551 0.087402
vt 0.164551 0.084534
vt 0.167993 0.084534
vt 0.72854 0.087402
vt 0.725098 0.087402
vt 0.725098 0.084534
vt 0.72854 0.084534
vt 0.444824 0.084534
vt 0.448267 0.084534
vt 0.448267 0.087402
vt 0.444824 0.087402
vt 0.731934 0.084534
vt 0.735376 0.084534
vt 0.735376 0.087402
vt 0.731934 0.087402
vt 0.171387 0.084534
vt 0.174829 0.084534
vt 0.174829 0.087402
vt 0.171387 0.087402
vt 0.45166 0.084534
vt 0.455103 0.084534
vt 0.455103 0.087402
vt 0.45166 0.087402
vt 0.72124 0.272898
vt 0.719519 0.275879
vt 0.716077 0.275879
vt 0.719519 0.269917
vt 0.72124 0.272898
vt 0.716077 0.275879
vt 0.716077 0.269917
vt 0.719519 0.269917
vt 0.716077 0.275879
vt 0.716077 0.275879
vt 0.714355 0.272898
vt 0.716077 0.269917
vt 0.730261 0.275879
vt 0.726819 0.275879
vt 0.725098 0.272898
vt 0.730261 0.275879
vt 0.725098 0.272898
vt 0.726819 0.269917
vt 0.730261 0.275879
vt 0.726819 0.269917
vt 0.730261 0.269917
vt 0.730261 0.269917
vt 0.731982 0.272898
vt 0.730261 0.275879
vt 0.147485 0.087402
vt 0.144043 0.087402
vt 0.144043 0.084534
vt 0.147485 0.084534
vt 0.181665 0.087402
vt 0.178223 0.087402
vt 0.178223 0.084534
vt 0.181665 0.084534
vt 0.608887 0.084534
vt 0.612329 0.084534
vt 0.612329 0.087402
vt 0.608887 0.087402
vt 0.185059 0.084534
vt 0.188501 0.084534
vt 0.188501 0.087402
vt 0.185059 0.087402
vt 0.191895 0.084534
vt 0.195337 0.084534
vt 0.195337 0.087402
vt 0.191895 0.087402
vt 0.458496 0.084534
vt 0.461938 0.084534
vt 0.461938 0.087402
vt 0.458496 0.087402
vt 0.742725 0.272898
vt 0.741003 0.275879
vt 0.737561 0.275879
vt 0.741003 0.269917
vt 0.742725 0.272898
vt 0.737561 0.275879
vt 0.737561 0.269917
vt 0.741003 0.269917
vt 0.737561 0.275879
vt 0.737561 0.275879
vt 0.73584 0.272898
vt 0.737561 0.269917
vt 0.751746 0.275879
vt 0.748303 0.275879
vt 0.746582 0.272898
vt 0.751746 0.275879
vt 0.746582 0.272898
vt 0.748303 0.269917
vt 0.751746 0.275879
vt 0.748303 0.269917
vt 0.751746 0.269917
vt 0.751746 0.269917
vt 0.753467 0.272898
vt 0.751746 0.275879
vt 0.776392 0.087402
vt 0.772949 0.087402
vt 0.772949 0.084534
vt 0.776392 0.084534
vt 0.202173 0.087402
vt 0.19873 0.087402
vt 0.19873 0.084534
vt 0.202173 0.084534
vt 0.465332 0.084534
vt 0.468774 0.084534
vt 0.468774 0.087402
vt 0.465332 0.087402
vt 0.73877 0.084534
vt 0.742212 0.084534
vt 0.742212 0.087402
vt 0.73877 0.087402
vt 0.779785 0.084534
vt 0.783228 0.084534
vt 0.783228 0.087402
vt 0.779785 0.087402
vt 0.472168 0.084534
vt 0.47561 0.084534
vt 0.47561 0.087402
vt 0.472168 0.087402
vt 0.052295 0.263132
vt 0.050574 0.266113
vt 0.047131 0.266113
vt 0.050574 0.260151
vt 0.052295 0.263132
vt 0.047131 0.266113
vt 0.047131 0.260151
vt 0.050574 0.260151
vt 0.047131 0.266113
vt 0.047131 0.266113
vt 0.04541 0.263132
vt 0.047131 0.260151
vt 0.061316 0.266113
vt 0.057874 0.266113
vt 0.056152 0.263132
vt 0.061316 0.266113
vt 0.056152 0.263132
vt 0.057874 0.260151
vt 0.061316 0.266113
vt 0.057874 0.260151
vt 0.061316 0.260151
vt 0.061316 0.260151
vt 0.063037 0.263132
vt 0.061316 0.266113
vt 0.790063 0.087402
vt 0.786621 0.087402
vt 0.786621 0.084534
vt 0.790063 0.084534
vt 0.749048 0.087402
vt 0.745605 0.087402
vt 0.745605 0.084534
vt 0.749048 0.084534
vt 0.479004 0.084534
vt 0.482446 0.084534
vt 0.482446 0.087402
vt 0.479004 0.087402
vt 0.793457 0.084534
vt 0.796899 0.084534
vt 0.796899 0.087402
vt 0.793457 0.087402
vt 0.752441 0.084534
vt 0.755884 0.084534
vt 0.755884 0.087402
vt 0.752441 0.087402
vt 0.48584 0.084534
vt 0.489282 0.084534
vt 0.489282 0.087402
vt 0.48584 0.087402
vt 0.073779 0.263132
vt 0.072058 0.266113
vt 0.068616 0.266113
vt 0.072058 0.260151
vt 0.073779 0.263132
vt 0.068616 0.266113
vt 0.068616 0.260151
vt 0.072058 0.260151
vt 0.068616 0.266113
vt 0.068616 0.266113
vt 0.066895 0.263132
vt 0.068616 0.260151
vt 0.0828 0.266113
vt 0.079358 0.266113
vt 0.077637 0.263132
vt 0.0828 0.266113
vt 0.077637 0.263132
vt 0.079358 0.260151
vt 0.0828 0.266113
vt 0.079358 0.260151
vt 0.0828 0.260151
vt 0.0828 0.260151
vt 0.084521 0.263132
vt 0.0828 0.266113
vn 0.5 0.866025 0
vn -0.5 0.866025 0
vn -1 0 0
vn -0.5 -0.866025 0
vn 0.5 -0.866025 0
vn 1 0 0
vn 0 0 -1
vn 0 0 1
vn 0.866025 0 0.5
vn 0.866025 0 -0.5
vn -0.866025 0 -0.5
vn -0.866025 0 0.5
vn 0 -1 0
vn 0 1 0
f 1949/5731/891 1950/5732/891 1956/5733/891 1955/5734/891
f 1950/5735/892 1951/5736/892 1957/5737/892 1956/5738/892
f 1951/5739/893 1952/5740/893 1958/5741/893 1957/5742/893
f 1952/5743/894 1953/5744/894 1959/5745/894 1958/5746/894
f 1953/5747/895 1954/5748/895 1960/5749/895 1959/5750/895
f 1954/5751/896 1949/5752/896 1955/5753/896 1960/5754/896
f 1962/5755/897 1961/5756/897 1966/5757/897
f 1963/5758/897 1962/5759/897 1966/5760/897
f 1964/5761/897 1963/5762/897 1966/5763/897
f 1966/5764/897 1965/5765/897 1964/5766/897
f 1972/5767/898 1967/5768/898 1968/5769/898
f 1972/5770/898 1968/5771/898 1969/5772/898
f 1972/5773/898 1969/5774/898 1970/5775/898
f 1970/5776/898 1971/5777/898 1972/5778/898
f 1973/5779/891 1974/5780/891 1980/5781/891 1979/5782/891
f 1974/5783/892 1975/5784/892 1981/5785/892 1980/5786/892
f 1975/5787/893 1976/5788/893 1982/5789/893 1981/5790/893
f 1976/5791/894 1977/5792/894 1983/5793/894 1982/5794/894
f 1977/5795/895 1978/5796/895 1984/5797/895 1983/5798/895
f 1978/5799/896 1973/5800/896 1979/5801/896 1984/5802/896
f 1986/5803/897 1985/5804/897 1990/5805/897
f 1987/5806/897 1986/5807/897 1990/5808/897
f 1988/5809/897 1987/5810/897 1990/5811/897
f 1990/5812/897 1989/5813/897 1988/5814/897
f 1996/5815/898 1991/5816/898 1992/5817/898
f 1996/5818/898 1992/5819/898 1993/5820/898
f 1996/5821/898 1993/5822/898 1994/5823/898
f 1994/5824/898 1995/5825/898 1996/5826/898
f 1997/5827/891 1998/5828/891 2004/5829/891 2003/5830/891
f 1998/5831/892 1999/5832/892 2005/5833/892 2004/5834/892
f 1999/5835/893 2000/5836/893 2006/5837/893 2005/5838/893
f 2000/5839/894 2001/5840/894 2007/5841/894 2006/5842/894
f 2001/5843/895 2002/5844/895 2008/5845/895 2007/5846/895
f 2002/5847/896 1997/5848/896 2003/5849/896 2008/5850/896
f 2010/5851/897 2009/5852/897 2014/5853/897
f 2011/5854/897 2010/5855/897 2014/5856/897
f 2012/5857/897 2011/5858/897 2014/5859/897
f 2014/5860/897 2013/5861/897 2012/5862/897
f 2020/5863/898 2015/5864/898 2016/5865/898
f 2020/5866/898 2016/5867/898 2017/5868/898
f 2020/5869/898 2017/5870/898 2018/5871/898
f 2018/5872/898 2019/5873/898 2020/5874/898
f 2021/5875/891 2022/5876/891 2028/5877/891 2027/5878/891
f 2022/5879/892 2023/5880/892 2029/5881/892 2028/5882/892
f 2023/5883/893 2024/5884/893 2030/5885/893 2029/5886/893
f 2024/5887/894 2025/5888/894 2031/5889/894 2030/5890/894
f 2025/5891/895 2026/5892/895 2032/5893/895 2031/5894/895
f 2026/5895/896 2021/5896/896 2027/5897/896 2032/5898/896
f 2034/5899/897 2033/5900/897 2038/5901/897
f 2035/5902/897 2034/5903/897 2038/5904/897
f 2036/5905/897 2035/5906/897 2038/5907/897
f 2038/5908/897 2037/5909/897 2036/5910/897
f 2044/5911/898 2039/5912/898 2040/5913/898
f 2044/5914/898 2040/5915/898 2041/5916/898
f 2044/5917/898 2041/5918/898 2042/5919/898
f 2042/5920/898 2043/5921/898 2044/5922/898
f 2045/5923/899 2046/5924/899 2052/5925/899 2051/5926/899
f 2046/5927/900 2047/5928/900 2053/5929/900 2052/5930/900
f 2047/5931/897 2048/5932/897 2054/5933/897 2053/5934/897
f 2048/5935/901 2049/5936/901 2055/5937/901 2054/5938/901
f 2049/5939/902 2050/5940/902 2056/5941/902 2055/5942/902
f 2050/5943/898 2045/5944/898 2051/5945/898 2056/5946/898
f 2058/5947/903 2057/5948/903 2062/5949/903
f 2059/5950/903 2058/5951/903 2062/5952/903
f 2060/5953/903 2059/5954/903 2062/5955/903
f 2062/5956/903 2061/5957/903 2060/5958/903
f 2068/5959/904 2063/5960/904 2064/5961/904
f 2068/5962/904 2064/5963/904 2065/5964/904
f 2068/5965/904 2065/5966/904 2066/5967/904
f 2066/5968/904 2067/5969/904 2068/5970/904
f 2069/5971/899 2070/5972/899 2076/5973/899 2075/5974/899
f 2070/5975/900 2071/5976/900 2077/5977/900 2076/5978/900
f 2071/5979/897 2072/5980/897 2078/5981/897 2077/5982/897
f 2072/5983/901 2073/5984/901 2079/5985/901 2078/5986/901
f 2073/5987/902 2074/5988/902 2080/5989/902 2079/5990/902
f 2074/5991/898 2069/5992/898 2075/5993/898 2080/5994/898
f 2082/5995/903 2081/5996/903 2086/5997/903
f 2083/5998/903 2082/5999/903 2086/6000/903
f 2084/6001/903 2083/6002/903 2086/6003/903
f 2086/6004/903 2085/6005/903 2084/6006/903
f 2092/6007/904 2087/6008/904 2088/6009/904
f 2092/6010/904 2088/6011/904 2089/6012/904
f 2092/6013/904 2089/6014/904 2090/6015/904
f 2090/6016/904 2091/6017/904 2092/6018/904
f 2093/6019/899 2094/6020/899 2100/6021/899 2099/6022/899
f 2094/6023/900 2095/6024/900 2101/6025/900 2100/6026/900
f 2095/6027/897 2096/6028/897 2102/6029/897 2101/6030/897
f 2096/6031/901 2097/6032/901 2103/6033/901 2102/6034/901
f 2097/6035/902 2098/6036/902 2104/6037/902 2103/6038/902
f 2098/6039/898 2093/6040/898 2099/6041/898 2104/6042/898
f 2106/6043/903 2105/6044/903 2110/6045/903
f 2107/6046/903 2106/6047/903 2110/6048/903
f 2108/6049/903 2107/6050/903 2110/6051/903
f 2110/6052/903 2109/6053/903 2108/6054/903
f 2116/6055/904 2111/6056/904 2112/6057/904
f 2116/6058/904 2112/6059/904 2113/6060/904
f 2116/6061/904 2113/6062/904 2114/6063/904
f 2114/6064/904 2115/6065/904 2116/6066/904
f 2117/6067/899 2118/6068/899 2124/6069/899 2123/6070/899
f 2118/6071/900 2119/6072/900 2125/6073/900 2124/6074/900
f 2119/6075/897 2120/6076/897 2126/6077/897 2125/6078/897
f 2120/6079/901 2121/6080/901 2127/6081/901 2126/6082/901
f 2121/6083/902 2122/6084/902 2128/6085/902 2127/6086/902
f 2122/6087/898 2117/6088/898 2123/6089/898 2128/6090/898
f 2130/6091/903 2129/6092/903 2134/6093/903
f 2131/6094/903 2130/6095/903 2134/6096/903
f 2132/6097/903 2131/6098/903 2134/6099/903
f 2134/6100/903 2133/6101/903 2132/6102/903
f 2140/6103/904 2135/6104/904 2136/6105/904
f 2140/6106/904 2136/6107/904 2137/6108/904
f 2140/6109/904 2137/6110/904 2138/6111/904
f 2138/6112/904 2139/6113/904 2140/6114/904
f 2141/6115/899 2142/6116/899 2148/6117/899 2147/6118/899
f 2142/6119/900 2143/6120/900 2149/6121/900 2148/6122/900
f 2143/6123/897 2144/6124/897 2150/6125/897 2149/6126/897
f 2144/6127/901 2145/6128/901 2151/6129/901 2150/6130/901
f 2145/6131/902 2146/6132/902 2152/6133/902 2151/6134/902
f 2146/6135/898 2141/6136/898 2147/6137/898 2152/6138/898
f 2154/6139/903 2153/6140/903 2158/6141/903
f 2155/6142/903 2154/6143/903 2158/6144/903
f 2156/6145/903 2155/6146/903 2158/6147/903
f 2158/6148/903 2157/6149/903 2156/6150/903
f 2164/6151/904 2159/6152/904 2160/6153/904
f 2164/6154/904 2160/6155/904 2161/6156/904
f 2164/6157/904 2161/6158/904 2162/6159/904
f 2162/6160/904 2163/6161/904 2164/6162/904
f 2165/6163/899 2166/6164/899 2172/6165/899 2171/6166/899
f 2166/6167/900 2167/6168/900 2173/6169/900 2172/6170/900
f 2167/6171/897 2168/6172/897 2174/6173/897 2173/6174/897
f 2168/6175/901 2169/6176/901 2175/6177/901 2174/6178/901
f 2169/6179/902 2170/6180/902 2176/6181/902 2175/6182/902
f 2170/6183/898 2165/6184/898 2171/6185/898 2176/6186/898
f 2178/6187/903 2177/6188/903 2182/6189/903
f 2179/6190/903 2178/6191/903 2182/6192/903
f 2180/6193/903 2179/6194/903 2182/6195/903
f 2182/6196/903 2181/6197/903 2180/6198/903
f 2188/6199/904 2183/6200/904 2184/6201/904
f 2188/6202/904 2184/6203/904 2185/6204/904
f 2188/6205/904 2185/6206/904 2186/6207/904
f 2186/6208/904 2187/6209/904 2188/6210/904
o body_suction_pipe
usemtl intake_pump
v 0.617734 0.4155 -0.3625
v 0.609711 0.445444 -0.3625
v 0.594211 0.47229 -0.3625
v 0.57229 0.494211 -0.3625
v 0.545444 0.509711 -0.3625
v 0.5155 0.517734 -0.3625
v 0.4845 0.517734 -0.3625
v 0.454556 0.509711 -0.3625
v 0.42771 0.494211 -0.3625
v 0.405789 0.47229 -0.3625
v 0.390289 0.445444 -0.3625
v 0.382266 0.4155 -0.3625
v 0.382266 0.3845 -0.3625
v 0.390289 0.354556 -0.3625
v 0.405789 0.32771 -0.3625
v 0.42771 0.305789 -0.3625
v 0.454556 0.290289 -0.3625
v 0.4845 0.282266 -0.3625
v 0.5155 0.282266 -0.3625
v 0.545444 0.290289 -0.3625
v 0.57229 0.305789 -0.3625
v 0.594211 0.32771 -0.3625
v 0.609711 0.354556 -0.3625
v 0.617734 0.3845 -0.3625
v 0.617734 0.4155 0.26875
v 0.609711 0.445444 0.26875
v 0.594211 0.47229 0.26875
v 0.57229 0.494211 0.26875
v 0.545444 0.509711 0.26875
v 0.5155 0.517734 0.26875
v 0.4845 0.517734 0.26875
v 0.454556 0.509711 0.26875
v 0.42771 0.494211 0.26875
v 0.405789 0.47229 0.26875
v 0.390289 0.445444 0.26875
v 0.382266 0.4155 0.26875
v 0.382266 0.3845 0.26875
v 0.390289 0.354556 0.26875
v 0.405789 0.32771 0.26875
v 0.42771 0.305789 0.26875
v 0.454556 0.290289 0.26875
v 0.4845 0.282266 0.26875
v 0.5155 0.282266 0.26875
v 0.545444 0.290289 0.26875
v 0.57229 0.305789 0.26875
v 0.594211 0.32771 0.26875
v 0.609711 0.354556 0.26875
v 0.617734 0.3845 0.26875
v 0.617734 -0.6875 -0.4845
v 0.609711 -0.6875 -0.454556
v 0.594211 -0.6875 -0.42771
v 0.57229 -0.6875 -0.405789
v 0.545444 -0.6875 -0.390289
v 0.5155 -0.6875 -0.382266
v 0.4845 -0.6875 -0.382266
v 0.454556 -0.6875 -0.390289
v 0.42771 -0.6875 -0.405789
v 0.405789 -0.6875 -0.42771
v 0.390289 -0.6875 -0.454556
v 0.382266 -0.6875 -0.4845
v 0.382266 -0.6875 -0.5155
v 0.390289 -0.6875 -0.545444
v 0.405789 -0.6875 -0.57229
v 0.42771 -0.6875 -0.594211
v 0.454556 -0.6875 -0.609711
v 0.4845 -0.6875 -0.617734
v 0.5155 -0.6875 -0.617734
v 0.545444 -0.6875 -0.609711
v 0.57229 -0.6875 -0.594211
v 0.594211 -0.6875 -0.57229
v 0.609711 -0.6875 -0.545444
v 0.617734 -0.6875 -0.5155
v 0.617734 0.23125 -0.4845
v 0.609711 0.23125 -0.454556
v 0.594211 0.23125 -0.42771
v 0.57229 0.23125 -0.405789
v 0.545444 0.23125 -0.390289
v 0.5155 0.23125 -0.382266
v 0.4845 0.23125 -0.382266
v 0.454556 0.23125 -0.390289
v 0.42771 0.23125 -0.405789
v 0.405789 0.23125 -0.42771
v 0.390289 0.23125 -0.454556
v 0.382266 0.23125 -0.4845
v 0.382266 0.23125 -0.5155
v 0.390289 0.23125 -0.545444
v 0.405789 0.23125 -0.57229
v 0.42771 0.23125 -0.594211
v 0.454556 0.23125 -0.609711
v 0.4845 0.23125 -0.617734
v 0.5155 0.23125 -0.617734
v 0.545444 0.23125 -0.609711
v 0.57229 0.23125 -0.594211
v 0.594211 0.23125 -0.57229
v 0.609711 0.23125 -0.545444
v 0.617734 0.23125 -0.5155
vt 0.428223 0.23877
vt 0.428223 0.233078
vt 0.544116 0.233078
vt 0.544116 0.23877
vt 0.121582 0.22998
vt 0.121582 0.224289
vt 0.237476 0.224289
vt 0.237476 0.22998
vt 0.547363 0.23877
vt 0.547363 0.233078
vt 0.663257 0.233078
vt 0.663257 0.23877
vt 0.002441 0.22998
vt 0.002441 0.224289
vt 0.118335 0.224289
vt 0.118335 0.22998
vt 0.309082 0.22998
vt 0.309082 0.224289
vt 0.424976 0.224289
vt 0.424976 0.22998
vt 0.293457 0.23877
vt 0.293457 0.233078
vt 0.409351 0.233078
vt 0.409351 0.23877
vt 0.277832 0.212402
vt 0.277832 0.206711
vt 0.393726 0.206711
vt 0.393726 0.212402
vt 0.750488 0.247559
vt 0.750488 0.241867
vt 0.866382 0.241867
vt 0.866382 0.247559
vt 0.174316 0.221191
vt 0.174316 0.2155
vt 0.29021 0.2155
vt 0.29021 0.221191
vt 0.002441 0.23877
vt 0.002441 0.233078
vt 0.118335 0.233078
vt 0.118335 0.23877
vt 0.486816 0.221191
vt 0.486816 0.2155
vt 0.60271 0.2155
vt 0.60271 0.221191
vt 0.002441 0.247559
vt 0.002441 0.241867
vt 0.118335 0.241867
vt 0.118335 0.247559
vt 0.605957 0.221191
vt 0.605957 0.2155
vt 0.721851 0.2155
vt 0.721851 0.221191
vt 0.666504 0.23877
vt 0.666504 0.233078
vt 0.782397 0.233078
vt 0.782397 0.23877
vt 0.002441 0.203613
vt 0.002441 0.197922
vt 0.118335 0.197922
vt 0.118335 0.203613
vt 0.121582 0.247559
vt 0.121582 0.241867
vt 0.237476 0.241867
vt 0.237476 0.247559
vt 0.396973 0.212402
vt 0.396973 0.206711
vt 0.512866 0.206711
vt 0.512866 0.212402
vt 0.725098 0.221191
vt 0.725098 0.2155
vt 0.840991 0.2155
vt 0.840991 0.221191
vt 0.516113 0.212402
vt 0.516113 0.206711
vt 0.632007 0.206711
vt 0.632007 0.212402
vt 0.844238 0.221191
vt 0.844238 0.2155
vt 0.960132 0.2155
vt 0.960132 0.221191
vt 0.861816 0.256348
vt 0.861816 0.250656
vt 0.97771 0.250656
vt 0.97771 0.256348
vt 0.271973 0.247559
vt 0.271973 0.241867
vt 0.387866 0.241867
vt 0.387866 0.247559
vt 0.002441 0.212402
vt 0.002441 0.206711
vt 0.118335 0.206711
vt 0.118335 0.212402
vt 0.785645 0.23877
vt 0.785645 0.233078
vt 0.901538 0.233078
vt 0.901538 0.23877
vt 0.832251 0.260422
vt 0.832251 0.266113
vt 0.663574 0.266113
vt 0.663574 0.260422
vt 0.612524 0.224289
vt 0.612524 0.22998
vt 0.443848 0.22998
vt 0.443848 0.224289
vt 0.171118 0.189133
vt 0.171118 0.194824
vt 0.002441 0.194824
vt 0.002441 0.189133
vt 0.784399 0.224289
vt 0.784399 0.22998
vt 0.615723 0.22998
vt 0.615723 0.224289
vt 0.803931 0.206711
vt 0.803931 0.212402
vt 0.635254 0.212402
vt 0.635254 0.206711
vt 0.290259 0.233078
vt 0.290259 0.23877
vt 0.121582 0.23877
vt 0.121582 0.233078
vt 0.975806 0.206711
vt 0.975806 0.212402
vt 0.807129 0.212402
vt 0.807129 0.206711
vt 0.406738 0.247559
vt 0.406738 0.241867
vt 0.575415 0.241867
vt 0.575415 0.247559
vt 0.293457 0.203613
vt 0.293457 0.197922
vt 0.462134 0.197922
vt 0.462134 0.203613
vt 0.465332 0.203613
vt 0.465332 0.197922
vt 0.634009 0.197922
vt 0.634009 0.203613
vt 0.002441 0.256348
vt 0.002441 0.250656
vt 0.171118 0.250656
vt 0.171118 0.256348
vt 0.787598 0.22998
vt 0.787598 0.224289
vt 0.956274 0.224289
vt 0.956274 0.22998
vt 0.346191 0.256348
vt 0.346191 0.250656
vt 0.514868 0.250656
vt 0.514868 0.256348
vt 0.518066 0.256348
vt 0.518066 0.250656
vt 0.686743 0.250656
vt 0.686743 0.256348
vt 0.637207 0.203613
vt 0.637207 0.197922
vt 0.805884 0.197922
vt 0.805884 0.203613
vt 0.319824 0.266113
vt 0.319824 0.260422
vt 0.488501 0.260422
vt 0.488501 0.266113
vt 0.290259 0.197922
vt 0.290259 0.203613
vt 0.121582 0.203613
vt 0.121582 0.197922
vt 0.483618 0.2155
vt 0.483618 0.221191
vt 0.314941 0.221191
vt 0.314941 0.2155
vt 0.977759 0.197922
vt 0.977759 0.203613
vt 0.809082 0.203613
vt 0.809082 0.197922
vt 0.74729 0.241867
vt 0.74729 0.247559
vt 0.578613 0.247559
vt 0.578613 0.241867
vt 0.342993 0.250656
vt 0.342993 0.256348
vt 0.174316 0.256348
vt 0.174316 0.250656
vt 0.660376 0.260422
vt 0.660376 0.266113
vt 0.491699 0.266113
vt 0.491699 0.260422
vt 0.858618 0.250656
vt 0.858618 0.256348
vt 0.689941 0.256348
vt 0.689941 0.250656
vt 0.171118 0.2155
vt 0.171118 0.221191
vt 0.002441 0.221191
vt 0.002441 0.2155
vn 0.991445 0.130526 0
vn 0.92388 0.382683 0
vn 0.793353 0.608761 0
vn 0.608761 0.793353 0
vn 0.382683 0.92388 0
vn 0.130526 0.991445 0
vn -0.130526 0.991445 0
vn -0.382683 0.92388 0
vn -0.608761 0.793353 0
vn -0.793353 0.608761 0
vn -0.92388 0.382683 0
vn -0.991445 0.130526 0
vn -0.991445 -0.130526 0
vn -0.92388 -0.382683 0
vn -0.793353 -0.608761 0
vn -0.608761 -0.793353 0
vn -0.382683 -0.92388 0
vn -0.130526 -0.991445 0
vn 0.130526 -0.991445 0
vn 0.382683 -0.92388 0
vn 0.608761 -0.793353 0
vn 0.793353 -0.608761 0
vn 0.92388 -0.382683 0
vn 0.991445 -0.130526 0
vn 0.991445 0 0.130526
vn 0.92388 0 0.382683
vn 0.793353 0 0.608761
vn 0.608761 0 0.793353
vn 0.382683 0 0.92388
vn 0.130526 0 0.991445
vn -0.130526 0 0.991445
vn -0.382683 0 0.92388
vn -0.608761 0 0.793353
vn -0.793353 0 0.608761
vn -0.92388 0 0.382683
vn -0.991445 0 0.130526
vn -0.991445 0 -0.130526
vn -0.92388 0 -0.382683
vn -0.793353 0 -0.608761
vn -0.608761 0 -0.793353
vn -0.382683 0 -0.92388
vn -0.130526 0 -0.991445
vn 0.130526 0 -0.991445
vn 0.382683 0 -0.92388
vn 0.608761 0 -0.793353
vn 0.793353 0 -0.608761
vn 0.92388 0 -0.382683
vn 0.991445 0 -0.130526
f 2189/6211/905 2190/6212/906 2214/6213/906 2213/6214/905
f 2190/6215/906 2191/6216/907 2215/6217/907 2214/6218/906
f 2191/6219/907 2192/6220/908 2216/6221/908 2215/6222/907
f 2192/6223/908 2193/6224/909 2217/6225/909 2216/6226/908
f 2193/6227/909 2194/6228/910 2218/6229/910 2217/6230/909
f 2194/6231/910 2195/6232/911 2219/6233/911 2218/6234/910
f 2195/6235/911 2196/6236/912 2220/6237/912 2219/6238/911
f 2196/6239/912 2197/6240/913 2221/6241/913 2220/6242/912
f 2197/6243/913 2198/6244/914 2222/6245/914 2221/6246/913
f 2198/6247/914 2199/6248/915 2223/6249/915 2222/6250/914
f 2199/6251/915 2200/6252/916 2224/6253/916 2223/6254/915
f 2200/6255/916 2201/6256/917 2225/6257/917 2224/6258/916
f 2201/6259/917 2202/6260/918 2226/6261/918 2225/6262/917
f 2202/6263/918 2203/6264/919 2227/6265/919 2226/6266/918
f 2203/6267/919 2204/6268/920 2228/6269/920 2227/6270/919
f 2204/6271/920 2205/6272/921 2229/6273/921 2228/6274/920
f 2205/6275/921 2206/6276/922 2230/6277/922 2229/6278/921
f 2206/6279/922 2207/6280/923 2231/6281/923 2230/6282/922
f 2207/6283/923 2208/6284/924 2232/6285/924 2231/6286/923
f 2208/6287/924 2209/6288/925 2233/6289/925 2232/6290/924
f 2209/6291/925 2210/6292/926 2234/6293/926 2233/6294/925
f 2210/6295/926 2211/6296/927 2235/6297/927 2234/6298/926
f 2211/6299/927 2212/6300/928 2236/6301/928 2235/6302/927
f 2212/6303/928 2189/6304/905 2213/6305/905 2236/6306/928
f 2261/6307/929 2262/6308/930 2238/6309/930 2237/6310/929
f 2262/6311/930 2263/6312/931 2239/6313/931 2238/6314/930
f 2263/6315/931 2264/6316/932 2240/6317/932 2239/6318/931
f 2264/6319/932 2265/6320/933 2241/6321/933 2240/6322/932
f 2265/6323/933 2266/6324/934 2242/6325/934 2241/6326/933
f 2266/6327/934 2267/6328/935 2243/6329/935 2242/6330/934
f 2267/6331/935 2268/6332/936 2244/6333/936 2243/6334/935
f 2268/6335/936 2269/6336/937 2245/6337/937 2244/6338/936
f 2269/6339/937 2270/6340/938 2246/6341/938 2245/6342/937
f 2270/6343/938 2271/6344/939 2247/6345/939 2246/6346/938
f 2271/6347/939 2272/6348/940 2248/6349/940 2247/6350/939
f 2272/6351/940 2273/6352/941 2249/6353/941 2248/6354/940
f 2273/6355/941 2274/6356/942 2250/6357/942 2249/6358/941
f 2274/6359/942 2275/6360/943 2251/6361/943 2250/6362/942
f 2275/6363/943 2276/6364/944 2252/6365/944 2251/6366/943
f 2276/6367/944 2277/6368/945 2253/6369/945 2252/6370/944
f 2277/6371/945 2278/6372/946 2254/6373/946 2253/6374/945
f 2278/6375/946 2279/6376/947 2255/6377/947 2254/6378/946
f 2279/6379/947 2280/6380/948 2256/6381/948 2255/6382/947
f 2280/6383/948 2281/6384/949 2257/6385/949 2256/6386/948
f 2281/6387/949 2282/6388/950 2258/6389/950 2257/6390/949
f 2282/6391/950 2283/6392/951 2259/6393/951 2258/6394/950
f 2283/6395/951 2284/6396/952 2260/6397/952 2259/6398/951
f 2284/6399/952 2261/6400/929 2237/6401/929 2260/6402/952
o body_coupling
usemtl intake_pump
v 0.618178 0.41164 -0.0375
v 0.613637 0.434471 -0.0375
v 0.604728 0.455978 -0.0375
v 0.591795 0.475334 -0.0375
v 0.575334 0.491795 -0.0375
v 0.555978 0.504728 -0.0375
v 0.534471 0.513637 -0.0375
v 0.51164 0.518178 -0.0375
v 0.48836 0.518178 -0.0375
v 0.465529 0.513637 -0.0375
v 0.444022 0.504728 -0.0375
v 0.424666 0.491795 -0.0375
v 0.408205 0.475334 -0.0375
v 0.395272 0.455978 -0.0375
v 0.386363 0.434471 -0.0375
v 0.381822 0.41164 -0.0375
v 0.381822 0.38836 -0.0375
v 0.386363 0.365529 -0.0375
v 0.395272 0.344022 -0.0375
v 0.408205 0.324666 -0.0375
v 0.424666 0.308205 -0.0375
v 0.444022 0.295272 -0.0375
v 0.465529 0.286363 -0.0375
v 0.48836 0.281822 -0.0375
v 0.51164 0.281822 -0.0375
v 0.534471 0.286363 -0.0375
v 0.555978 0.295272 -0.0375
v 0.575334 0.308205 -0.0375
v 0.591795 0.324666 -0.0375
v 0.604728 0.344022 -0.0375
v 0.613637 0.365529 -0.0375
v 0.618178 0.38836 -0.0375
v 0.639948 0.413784 -0.0375
v 0.63457 0.440821 -0.0375
v 0.62402 0.46629 -0.0375
v 0.608705 0.489212 -0.0375
v 0.589212 0.508705 -0.0375
v 0.56629 0.52402 -0.0375
v 0.540821 0.53457 -0.0375
v 0.513784 0.539948 -0.0375
v 0.486216 0.539948 -0.0375
v 0.459179 0.53457 -0.0375
v 0.43371 0.52402 -0.0375
v 0.410788 0.508705 -0.0375
v 0.391295 0.489212 -0.0375
v 0.37598 0.46629 -0.0375
v 0.36543 0.440821 -0.0375
v 0.360052 0.413784 -0.0375
v 0.360052 0.386216 -0.0375
v 0.36543 0.359179 -0.0375
v 0.37598 0.33371 -0.0375
v 0.391295 0.310788 -0.0375
v 0.410788 0.291295 -0.0375
v 0.43371 0.27598 -0.0375
v 0.459179 0.26543 -0.0375
v 0.486216 0.260052 -0.0375
v 0.513784 0.260052 -0.0375
v 0.540821 0.26543 -0.0375
v 0.56629 0.27598 -0.0375
v 0.589212 0.291295 -0.0375
v 0.608705 0.310788 -0.0375
v 0.62402 0.33371 -0.0375
v 0.63457 0.359179 -0.0375
v 0.639948 0.386216 -0.0375
v 0.652388 0.415009 -0.025
v 0.646531 0.44445 -0.025
v 0.635044 0.472183 -0.025
v 0.618367 0.497141 -0.025
v 0.597141 0.518367 -0.025
v 0.572183 0.535044 -0.025
v 0.54445 0.546531 -0.025
v 0.515009 0.552388 -0.025
v 0.484991 0.552388 -0.025
v 0.45555 0.546531 -0.025
v 0.427817 0.535044 -0.025
v 0.402859 0.518367 -0.025
v 0.381633 0.497141 -0.025
v 0.364956 0.472183 -0.025
v 0.353469 0.44445 -0.025
v 0.347612 0.415009 -0.025
v 0.347612 0.384991 -0.025
v 0.353469 0.35555 -0.025
v 0.364956 0.327817 -0.025
v 0.381633 0.302859 -0.025
v 0.402859 0.281633 -0.025
v 0.427817 0.264956 -0.025
v 0.45555 0.253469 -0.025
v 0.484991 0.247612 -0.025
v 0.515009 0.247612 -0.025
v 0.54445 0.253469 -0.025
v 0.572183 0.264956 -0.025
v 0.597141 0.281633 -0.025
v 0.618367 0.302859 -0.025
v 0.635044 0.327817 -0.025
v 0.646531 0.35555 -0.025
v 0.652388 0.384991 -0.025
v 0.652388 0.415009 0.025
v 0.646531 0.44445 0.025
v 0.635044 0.472183 0.025
v 0.618367 0.497141 0.025
v 0.597141 0.518367 0.025
v 0.572183 0.535044 0.025
v 0.54445 0.546531 0.025
v 0.515009 0.552388 0.025
v 0.484991 0.552388 0.025
v 0.45555 0.546531 0.025
v 0.427817 0.535044 0.025
v 0.402859 0.518367 0.025
v 0.381633 0.497141 0.025
v 0.364956 0.472183 0.025
v 0.353469 0.44445 0.025
v 0.347612 0.415009 0.025
v 0.347612 0.384991 0.025
v 0.353469 0.35555 0.025
v 0.364956 0.327817 0.025
v 0.381633 0.302859 0.025
v 0.402859 0.281633 0.025
v 0.427817 0.264956 0.025
v 0.45555 0.253469 0.025
v 0.484991 0.247612 0.025
v 0.515009 0.247612 0.025
v 0.54445 0.253469 0.025
v 0.572183 0.264956 0.025
v 0.597141 0.281633 0.025
v 0.618367 0.302859 0.025
v 0.635044 0.327817 0.025
v 0.646531 0.35555 0.025
v 0.652388 0.384991 0.025
v 0.639948 0.413784 0.0375
v 0.63457 0.440821 0.0375
v 0.62402 0.46629 0.0375
v 0.608705 0.489212 0.0375
v 0.589212 0.508705 0.0375
v 0.56629 0.52402 0.0375
v 0.540821 0.53457 0.0375
v 0.513784 0.539948 0.0375
v 0.486216 0.539948 0.0375
v 0.459179 0.53457 0.0375
v 0.43371 0.52402 0.0375
v 0.410788 0.508705 0.0375
v 0.391295 0.489212 0.0375
v 0.37598 0.46629 0.0375
v 0.36543 0.440821 0.0375
v 0.360052 0.413784 0.0375
v 0.360052 0.386216 0.0375
v 0.36543 0.359179 0.0375
v 0.37598 0.33371 0.0375
v 0.391295 0.310788 0.0375
v 0.410788 0.291295 0.0375
v 0.43371 0.27598 0.0375
v 0.459179 0.26543 0.0375
v 0.486216 0.260052 0.0375
v 0.513784 0.260052 0.0375
v 0.540821 0.26543 0.0375
v 0.56629 0.27598 0.0375
v 0.589212 0.291295 0.0375
v 0.608705 0.310788 0.0375
v 0.62402 0.33371 0.0375
v 0.63457 0.359179 0.0375
v 0.639948 0.386216 0.0375
v 0.618178 0.41164 0.0375
v 0.613637 0.434471 0.0375
v 0.604728 0.455978 0.0375
v 0.591795 0.475334 0.0375
v 0.575334 0.491795 0.0375
v 0.555978 0.504728 0.0375
v 0.534471 0.513637 0.0375
v 0.51164 0.518178 0.0375
v 0.48836 0.518178 0.0375
v 0.465529 0.513637 0.0375
v 0.444022 0.504728 0.0375
v 0.424666 0.491795 0.0375
v 0.408205 0.475334 0.0375
v 0.395272 0.455978 0.0375
v 0.386363 0.434471 0.0375
v 0.381822 0.41164 0.0375
v 0.381822 0.38836 0.0375
v 0.386363 0.365529 0.0375
v 0.395272 0.344022 0.0375
v 0.408205 0.324666 0.0375
v 0.424666 0.308205 0.0375
v 0.444022 0.295272 0.0375
v 0.465529 0.286363 0.0375
v 0.48836 0.281822 0.0375
v 0.51164 0.281822 0.0375
v 0.534471 0.286363 0.0375
v 0.555978 0.295272 0.0375
v 0.575334 0.308205 0.0375
v 0.591795 0.324666 0.0375
v 0.604728 0.344022 0.0375
v 0.613637 0.365529 0.0375
v 0.618178 0.38836 0.0375
v 0.3 0.376875 -0.016875
v 0.3 0.376875 0.016875
v 0.3 0.423125 0.016875
v 0.3 0.423125 -0.016875
v 0.305 0.371875 -0.021875
v 0.305 0.371875 0.021875
v 0.305 0.428125 0.021875
v 0.305 0.428125 -0.021875
v 0.360625 0.371875 -0.021875
v 0.360625 0.371875 0.021875
v 0.360625 0.428125 0.021875
v 0.360625 0.428125 -0.021875
v 0.365625 0.376875 -0.016875
v 0.365625 0.376875 0.016875
v 0.365625 0.423125 0.016875
v 0.365625 0.423125 -0.016875
v 0.3 0.376875 -0.016875
v 0.3 0.376875 0.016875
v 0.3 0.423125 0.016875
v 0.3 0.423125 -0.016875
v 0.365625 0.376875 -0.016875
v 0.365625 0.376875 0.016875
v 0.365625 0.423125 0.016875
v 0.365625 0.423125 -0.016875
v 0.634375 0.376875 -0.016875
v 0.634375 0.376875 0.016875
v 0.634375 0.423125 0.016875
v 0.634375 0.423125 -0.016875
v 0.639375 0.371875 -0.021875
v 0.639375 0.371875 0.021875
v 0.639375 0.428125 0.021875
v 0.639375 0.428125 -0.021875
v 0.695 0.371875 -0.021875
v 0.695 0.371875 0.021875
v 0.695 0.428125 0.021875
v 0.695 0.428125 -0.021875
v 0.7 0.376875 -0.016875
v 0.7 0.376875 0.016875
v 0.7 0.423125 0.016875
v 0.7 0.423125 -0.016875
v 0.634375 0.376875 -0.016875
v 0.634375 0.376875 0.016875
v 0.634375 0.423125 0.016875
v 0.634375 0.423125 -0.016875
v 0.7 0.376875 -0.016875
v 0.7 0.376875 0.016875
v 0.7 0.423125 0.016875
v 0.7 0.423125 -0.016875
vt 0.272459 0.705476
vt 0.276651 0.704642
vt 0.277817 0.708485
vt 0.272853 0.709473
vt 0.276651 0.704642
vt 0.2806 0.703007
vt 0.282493 0.706548
vt 0.277817 0.708485
vt 0.2806 0.703007
vt 0.284153 0.700632
vt 0.286701 0.703737
vt 0.282493 0.706548
vt 0.284153 0.700632
vt 0.287175 0.69761
vt 0.29028 0.700158
vt 0.286701 0.703737
vt 0.287175 0.69761
vt 0.28955 0.694056
vt 0.293092 0.69595
vt 0.29028 0.700158
vt 0.28955 0.694056
vt 0.291185 0.690108
vt 0.295029 0.691274
vt 0.293092 0.69595
vt 0.291185 0.690108
vt 0.292019 0.685916
vt 0.296016 0.68631
vt 0.295029 0.691274
vt 0.292019 0.685916
vt 0.292019 0.681642
vt 0.296016 0.681249
vt 0.296016 0.68631
vt 0.292019 0.681642
vt 0.291185 0.67745
vt 0.295029 0.676285
vt 0.296016 0.681249
vt 0.291185 0.67745
vt 0.28955 0.673502
vt 0.293092 0.671609
vt 0.295029 0.676285
vt 0.28955 0.673502
vt 0.287175 0.669948
vt 0.29028 0.6674
vt 0.293092 0.671609
vt 0.287175 0.669948
vt 0.284153 0.666926
vt 0.286701 0.663822
vt 0.29028 0.6674
vt 0.284153 0.666926
vt 0.2806 0.664552
vt 0.282493 0.66101
vt 0.286701 0.663822
vt 0.2806 0.664552
vt 0.276651 0.662916
vt 0.277817 0.659073
vt 0.282493 0.66101
vt 0.276651 0.662916
vt 0.272459 0.662082
vt 0.272853 0.658086
vt 0.277817 0.659073
vt 0.272459 0.662082
vt 0.268186 0.662082
vt 0.267792 0.658086
vt 0.272853 0.658086
vt 0.268186 0.662082
vt 0.263994 0.662916
vt 0.262828 0.659073
vt 0.267792 0.658086
vt 0.263994 0.662916
vt 0.260045 0.664552
vt 0.258152 0.66101
vt 0.262828 0.659073
vt 0.260045 0.664552
vt 0.256492 0.666926
vt 0.253944 0.663822
vt 0.258152 0.66101
vt 0.256492 0.666926
vt 0.253469 0.669948
vt 0.250365 0.6674
vt 0.253944 0.663822
vt 0.253469 0.669948
vt 0.251095 0.673502
vt 0.247553 0.671609
vt 0.250365 0.6674
vt 0.251095 0.673502
vt 0.249459 0.67745
vt 0.245616 0.676285
vt 0.247553 0.671609
vt 0.249459 0.67745
vt 0.248626 0.681642
vt 0.244629 0.681249
vt 0.245616 0.676285
vt 0.248626 0.681642
vt 0.248626 0.685916
vt 0.244629 0.68631
vt 0.244629 0.681249
vt 0.248626 0.685916
vt 0.249459 0.690108
vt 0.245616 0.691274
vt 0.244629 0.68631
vt 0.249459 0.690108
vt 0.251095 0.694056
vt 0.247553 0.69595
vt 0.245616 0.691274
vt 0.251095 0.694056
vt 0.253469 0.69761
vt 0.250365 0.700158
vt 0.247553 0.69595
vt 0.253469 0.69761
vt 0.256492 0.700632
vt 0.253944 0.703737
vt 0.250365 0.700158
vt 0.256492 0.700632
vt 0.260045 0.703007
vt 0.258152 0.706548
vt 0.253944 0.703737
vt 0.260045 0.703007
vt 0.263994 0.704642
vt 0.262828 0.708485
vt 0.258152 0.706548
vt 0.263994 0.704642
vt 0.268186 0.705476
vt 0.267792 0.709473
vt 0.262828 0.708485
vt 0.268186 0.705476
vt 0.272459 0.705476
vt 0.272853 0.709473
vt 0.267792 0.709473
vt 0.296366 0.191587
vt 0.301427 0.191587
vt 0.301652 0.194824
vt 0.296141 0.194824
vt 0.301427 0.191587
vt 0.306391 0.190877
vt 0.307058 0.194051
vt 0.301652 0.194824
vt 0.306391 0.190877
vt 0.311067 0.189484
vt 0.312149 0.192535
vt 0.307058 0.194051
vt 0.689631 0.157682
vt 0.694595 0.158383
vt 0.69437 0.161621
vt 0.688965 0.160858
vt 0.694595 0.158383
vt 0.699656 0.158383
vt 0.699881 0.161621
vt 0.69437 0.161621
vt 0.699656 0.158383
vt 0.70462 0.157682
vt 0.705286 0.160858
vt 0.699881 0.161621
vt 0.709162 0.157682
vt 0.714126 0.158383
vt 0.713901 0.161621
vt 0.708496 0.160858
vt 0.714126 0.158383
vt 0.719187 0.158383
vt 0.719412 0.161621
vt 0.713901 0.161621
vt 0.719187 0.158383
vt 0.724151 0.157682
vt 0.724818 0.160858
vt 0.719412 0.161621
vt 0.533381 0.157682
vt 0.538345 0.158383
vt 0.53812 0.161621
vt 0.532715 0.160858
vt 0.538345 0.158383
vt 0.543406 0.158383
vt 0.543631 0.161621
vt 0.53812 0.161621
vt 0.543406 0.158383
vt 0.54837 0.157682
vt 0.549036 0.160858
vt 0.543631 0.161621
vt 0.611506 0.157682
vt 0.61647 0.158383
vt 0.616245 0.161621
vt 0.61084 0.160858
vt 0.61647 0.158383
vt 0.621531 0.158383
vt 0.621756 0.161621
vt 0.616245 0.161621
vt 0.621531 0.158383
vt 0.626495 0.157682
vt 0.627161 0.160858
vt 0.621756 0.161621
vt 0.435725 0.157682
vt 0.440689 0.158383
vt 0.440464 0.161621
vt 0.435059 0.160858
vt 0.440689 0.158383
vt 0.44575 0.158383
vt 0.445975 0.161621
vt 0.440464 0.161621
vt 0.44575 0.158383
vt 0.450714 0.157682
vt 0.45138 0.160858
vt 0.445975 0.161621
vt 0.455256 0.157682
vt 0.46022 0.158383
vt 0.459995 0.161621
vt 0.45459 0.160858
vt 0.46022 0.158383
vt 0.465281 0.158383
vt 0.465506 0.161621
vt 0.459995 0.161621
vt 0.465281 0.158383
vt 0.470245 0.157682
vt 0.470911 0.160858
vt 0.465506 0.161621
vt 0.6701 0.157682
vt 0.675064 0.158383
vt 0.674839 0.161621
vt 0.669434 0.160858
vt 0.675064 0.158383
vt 0.680125 0.158383
vt 0.68035 0.161621
vt 0.674839 0.161621
vt 0.680125 0.158383
vt 0.685089 0.157682
vt 0.685755 0.160858
vt 0.68035 0.161621
vt 0.650569 0.157682
vt 0.655532 0.158383
vt 0.655308 0.161621
vt 0.649902 0.160858
vt 0.655532 0.158383
vt 0.660594 0.158383
vt 0.660819 0.161621
vt 0.655308 0.161621
vt 0.660594 0.158383
vt 0.665558 0.157682
vt 0.666224 0.160858
vt 0.660819 0.161621
vt 0.728694 0.157682
vt 0.733657 0.158383
vt 0.733433 0.161621
vt 0.728027 0.160858
vt 0.733657 0.158383
vt 0.738719 0.158383
vt 0.738944 0.161621
vt 0.733433 0.161621
vt 0.738719 0.158383
vt 0.743683 0.157682
vt 0.744349 0.160858
vt 0.738944 0.161621
vt 0.286726 0.189484
vt 0.291402 0.190877
vt 0.290736 0.194051
vt 0.285645 0.192535
vt 0.291402 0.190877
vt 0.296366 0.191587
vt 0.296141 0.194824
vt 0.290736 0.194051
vt 0.470737 0.35459
vt 0.476248 0.35459
vt 0.476248 0.36377
vt 0.470737 0.36377
vt 0.476248 0.35459
vt 0.481653 0.35459
vt 0.481653 0.36377
vt 0.476248 0.36377
vt 0.587402 0.35459
vt 0.592887 0.35459
vt 0.592887 0.36377
vt 0.587402 0.36377
vt 0.592887 0.35459
vt 0.598371 0.35459
vt 0.598371 0.36377
vt 0.592887 0.36377
vt 0.528809 0.35459
vt 0.534293 0.35459
vt 0.534293 0.36377
vt 0.528809 0.36377
vt 0.534293 0.35459
vt 0.539778 0.35459
vt 0.539778 0.36377
vt 0.534293 0.36377
vt 0.558105 0.35459
vt 0.56359 0.35459
vt 0.56359 0.36377
vt 0.558105 0.36377
vt 0.56359 0.35459
vt 0.569075 0.35459
vt 0.569075 0.36377
vt 0.56359 0.36377
vt 0.602051 0.35459
vt 0.607535 0.35459
vt 0.607535 0.36377
vt 0.602051 0.36377
vt 0.607535 0.35459
vt 0.61302 0.35459
vt 0.61302 0.36377
vt 0.607535 0.36377
vt 0.543457 0.35459
vt 0.548942 0.35459
vt 0.548942 0.36377
vt 0.543457 0.36377
vt 0.548942 0.35459
vt 0.554426 0.35459
vt 0.554426 0.36377
vt 0.548942 0.36377
vt 0.631348 0.35459
vt 0.636832 0.35459
vt 0.636832 0.36377
vt 0.631348 0.36377
vt 0.636832 0.35459
vt 0.642317 0.35459
vt 0.642317 0.36377
vt 0.636832 0.36377
vt 0.572754 0.35459
vt 0.578238 0.35459
vt 0.578238 0.36377
vt 0.572754 0.36377
vt 0.578238 0.35459
vt 0.583723 0.35459
vt 0.583723 0.36377
vt 0.578238 0.36377
vt 0.616699 0.35459
vt 0.622184 0.35459
vt 0.622184 0.36377
vt 0.616699 0.36377
vt 0.622184 0.35459
vt 0.627668 0.35459
vt 0.627668 0.36377
vt 0.622184 0.36377
vt 0.660645 0.35459
vt 0.666129 0.35459
vt 0.666129 0.36377
vt 0.660645 0.36377
vt 0.666129 0.35459
vt 0.671614 0.35459
vt 0.671614 0.36377
vt 0.666129 0.36377
vt 0.484863 0.35459
vt 0.490348 0.35459
vt 0.490348 0.36377
vt 0.484863 0.36377
vt 0.490348 0.35459
vt 0.495832 0.35459
vt 0.495832 0.36377
vt 0.490348 0.36377
vt 0.645996 0.35459
vt 0.651481 0.35459
vt 0.651481 0.36377
vt 0.645996 0.36377
vt 0.651481 0.35459
vt 0.656965 0.35459
vt 0.656965 0.36377
vt 0.651481 0.36377
vt 0.499512 0.35459
vt 0.504996 0.35459
vt 0.504996 0.36377
vt 0.499512 0.36377
vt 0.504996 0.35459
vt 0.510481 0.35459
vt 0.510481 0.36377
vt 0.504996 0.36377
vt 0.675293 0.35459
vt 0.680778 0.35459
vt 0.680778 0.36377
vt 0.675293 0.36377
vt 0.680778 0.35459
vt 0.686262 0.35459
vt 0.686262 0.36377
vt 0.680778 0.36377
vt 0.51416 0.35459
vt 0.519645 0.35459
vt 0.519645 0.36377
vt 0.51416 0.36377
vt 0.519645 0.35459
vt 0.525129 0.35459
vt 0.525129 0.36377
vt 0.519645 0.36377
vt 0.242676 0.194824
vt 0.242676 0.189313
vt 0.251855 0.189313
vt 0.251855 0.194824
vt 0.465332 0.35459
vt 0.470737 0.35459
vt 0.470737 0.36377
vt 0.465332 0.36377
vt 0.265868 0.189484
vt 0.271379 0.189484
vt 0.271154 0.192722
vt 0.266093 0.192722
vt 0.271379 0.189484
vt 0.276784 0.190258
vt 0.276118 0.193432
vt 0.271154 0.192722
vt 0.276784 0.190258
vt 0.281876 0.191774
vt 0.280794 0.194824
vt 0.276118 0.193432
vt 0.493652 0.158446
vt 0.499058 0.157682
vt 0.499282 0.16092
vt 0.494319 0.161621
vt 0.499058 0.157682
vt 0.504569 0.157682
vt 0.504344 0.16092
vt 0.499282 0.16092
vt 0.504569 0.157682
vt 0.509974 0.158446
vt 0.509308 0.161621
vt 0.504344 0.16092
vt 0.552246 0.158446
vt 0.557651 0.157682
vt 0.557876 0.16092
vt 0.552912 0.161621
vt 0.557651 0.157682
vt 0.563162 0.157682
vt 0.562937 0.16092
vt 0.557876 0.16092
vt 0.563162 0.157682
vt 0.568568 0.158446
vt 0.567901 0.161621
vt 0.562937 0.16092
vt 0.395996 0.158446
vt 0.401401 0.157682
vt 0.401626 0.16092
vt 0.396662 0.161621
vt 0.401401 0.157682
vt 0.406912 0.157682
vt 0.406687 0.16092
vt 0.401626 0.16092
vt 0.406912 0.157682
vt 0.412318 0.158446
vt 0.411651 0.161621
vt 0.406687 0.16092
vt 0.571777 0.158446
vt 0.577183 0.157682
vt 0.577407 0.16092
vt 0.572444 0.161621
vt 0.577183 0.157682
vt 0.582694 0.157682
vt 0.582469 0.16092
vt 0.577407 0.16092
vt 0.582694 0.157682
vt 0.588099 0.158446
vt 0.587433 0.161621
vt 0.582469 0.16092
vt 0.513184 0.158446
vt 0.518589 0.157682
vt 0.518814 0.16092
vt 0.51385 0.161621
vt 0.518589 0.157682
vt 0.5241 0.157682
vt 0.523875 0.16092
vt 0.518814 0.16092
vt 0.5241 0.157682
vt 0.529505 0.158446
vt 0.528839 0.161621
vt 0.523875 0.16092
vt 0.415527 0.158446
vt 0.420933 0.157682
vt 0.421157 0.16092
vt 0.416194 0.161621
vt 0.420933 0.157682
vt 0.426444 0.157682
vt 0.426219 0.16092
vt 0.421157 0.16092
vt 0.426444 0.157682
vt 0.431849 0.158446
vt 0.431183 0.161621
vt 0.426219 0.16092
vt 0.630371 0.158446
vt 0.635776 0.157682
vt 0.636001 0.16092
vt 0.631037 0.161621
vt 0.635776 0.157682
vt 0.641287 0.157682
vt 0.641062 0.16092
vt 0.636001 0.16092
vt 0.641287 0.157682
vt 0.646693 0.158446
vt 0.646026 0.161621
vt 0.641062 0.16092
vt 0.474121 0.158446
vt 0.479526 0.157682
vt 0.479751 0.16092
vt 0.474787 0.161621
vt 0.479526 0.157682
vt 0.485037 0.157682
vt 0.484812 0.16092
vt 0.479751 0.16092
vt 0.485037 0.157682
vt 0.490443 0.158446
vt 0.489776 0.161621
vt 0.484812 0.16092
vt 0.591309 0.158446
vt 0.596714 0.157682
vt 0.596939 0.16092
vt 0.591975 0.161621
vt 0.596714 0.157682
vt 0.602225 0.157682
vt 0.602 0.16092
vt 0.596939 0.16092
vt 0.602225 0.157682
vt 0.60763 0.158446
vt 0.606964 0.161621
vt 0.602 0.16092
vt 0.255371 0.191774
vt 0.260463 0.190258
vt 0.261129 0.193432
vt 0.256453 0.194824
vt 0.260463 0.190258
vt 0.265868 0.189484
vt 0.266093 0.192722
vt 0.261129 0.193432
vt 0.327541 0.658086
vt 0.332504 0.659073
vt 0.331339 0.662916
vt 0.327147 0.662082
vt 0.332504 0.659073
vt 0.33718 0.66101
vt 0.335287 0.664552
vt 0.331339 0.662916
vt 0.33718 0.66101
vt 0.341389 0.663822
vt 0.338841 0.666926
vt 0.335287 0.664552
vt 0.341389 0.663822
vt 0.344967 0.6674
vt 0.341863 0.669948
vt 0.338841 0.666926
vt 0.344967 0.6674
vt 0.347779 0.671609
vt 0.344237 0.673502
vt 0.341863 0.669948
vt 0.347779 0.671609
vt 0.349716 0.676285
vt 0.345873 0.67745
vt 0.344237 0.673502
vt 0.349716 0.676285
vt 0.350704 0.681249
vt 0.346707 0.681642
vt 0.345873 0.67745
vt 0.350704 0.681249
vt 0.350704 0.68631
vt 0.346707 0.685916
vt 0.346707 0.681642
vt 0.350704 0.68631
vt 0.349716 0.691274
vt 0.345873 0.690108
vt 0.346707 0.685916
vt 0.349716 0.691274
vt 0.347779 0.69595
vt 0.344237 0.694056
vt 0.345873 0.690108
vt 0.347779 0.69595
vt 0.344967 0.700158
vt 0.341863 0.69761
vt 0.344237 0.694056
vt 0.344967 0.700158
vt 0.341389 0.703737
vt 0.338841 0.700632
vt 0.341863 0.69761
vt 0.341389 0.703737
vt 0.33718 0.706548
vt 0.335287 0.703007
vt 0.338841 0.700632
vt 0.33718 0.706548
vt 0.332504 0.708485
vt 0.331339 0.704642
vt 0.335287 0.703007
vt 0.332504 0.708485
vt 0.327541 0.709473
vt 0.327147 0.705476
vt 0.331339 0.704642
vt 0.327541 0.709473
vt 0.322479 0.709473
vt 0.322873 0.705476
vt 0.327147 0.705476
vt 0.322479 0.709473
vt 0.317515 0.708485
vt 0.318681 0.704642
vt 0.322873 0.705476
vt 0.317515 0.708485
vt 0.312839 0.706548
vt 0.314733 0.703007
vt 0.318681 0.704642
vt 0.312839 0.706548
vt 0.308631 0.703737
vt 0.311179 0.700632
vt 0.314733 0.703007
vt 0.308631 0.703737
vt 0.305052 0.700158
vt 0.308157 0.69761
vt 0.311179 0.700632
vt 0.305052 0.700158
vt 0.302241 0.69595
vt 0.305783 0.694056
vt 0.308157 0.69761
vt 0.302241 0.69595
vt 0.300304 0.691274
vt 0.304147 0.690108
vt 0.305783 0.694056
vt 0.300304 0.691274
vt 0.299316 0.68631
vt 0.303313 0.685916
vt 0.304147 0.690108
vt 0.299316 0.68631
vt 0.299316 0.681249
vt 0.303313 0.681642
vt 0.303313 0.685916
vt 0.299316 0.681249
vt 0.300304 0.676285
vt 0.304147 0.67745
vt 0.303313 0.681642
vt 0.300304 0.676285
vt 0.302241 0.671609
vt 0.305783 0.673502
vt 0.304147 0.67745
vt 0.302241 0.671609
vt 0.305052 0.6674
vt 0.308157 0.669948
vt 0.305783 0.673502
vt 0.305052 0.6674
vt 0.308631 0.663822
vt 0.311179 0.666926
vt 0.308157 0.669948
vt 0.308631 0.663822
vt 0.312839 0.66101
vt 0.314733 0.664552
vt 0.311179 0.666926
vt 0.312839 0.66101
vt 0.317515 0.659073
vt 0.318681 0.662916
vt 0.314733 0.664552
vt 0.317515 0.659073
vt 0.322479 0.658086
vt 0.322873 0.662082
vt 0.318681 0.662916
vt 0.322479 0.658086
vt 0.327541 0.658086
vt 0.327147 0.662082
vt 0.322873 0.662082
vt 0.725098 0.022628
vt 0.73313 0.022628
vt 0.732212 0.023926
vt 0.726016 0.023926
vt 0.08894 0.023926
vt 0.078613 0.023926
vt 0.079531 0.022628
vt 0.088022 0.022628
vt 0.744849 0.023926
vt 0.736816 0.023926
vt 0.737734 0.022628
vt 0.743931 0.022628
vt 0.092285 0.022628
vt 0.102612 0.022628
vt 0.101694 0.023926
vt 0.093203 0.023926
vt 0.847615 0.331323
vt 0.847615 0.339355
vt 0.837402 0.339355
vt 0.837402 0.331323
vt 0.396973 0.380901
vt 0.4073 0.380901
vt 0.4073 0.391113
vt 0.396973 0.391113
vt 0.851074 0.339355
vt 0.851074 0.331323
vt 0.861287 0.331323
vt 0.861287 0.339355
vt 0.420972 0.391113
vt 0.410645 0.391113
vt 0.410645 0.380901
vt 0.420972 0.380901
vt 0.188906 0.022628
vt 0.195103 0.022628
vt 0.196021 0.023926
vt 0.187988 0.023926
vt 0.106875 0.022628
vt 0.115366 0.022628
vt 0.116284 0.023926
vt 0.105957 0.023926
vt 0.230259 0.023926
vt 0.224062 0.023926
vt 0.223145 0.022628
vt 0.231177 0.022628
vt 0.129038 0.023926
vt 0.120547 0.023926
vt 0.119629 0.022628
vt 0.129956 0.022628
vt 0.206543 0.279448
vt 0.215034 0.279448
vt 0.215034 0.285645
vt 0.215034 0.285645
vt 0.206543 0.285645
vt 0.206543 0.279448
vt 0.218262 0.285645
vt 0.218262 0.279448
vt 0.226753 0.279448
vt 0.226753 0.279448
vt 0.226753 0.285645
vt 0.218262 0.285645
vt 0.199707 0.022628
vt 0.207739 0.022628
vt 0.206821 0.023926
vt 0.200625 0.023926
vt 0.143628 0.023926
vt 0.133301 0.023926
vt 0.134219 0.022628
vt 0.14271 0.022628
vt 0.242896 0.023926
vt 0.234863 0.023926
vt 0.235781 0.022628
vt 0.241978 0.022628
vt 0.146973 0.022628
vt 0.1573 0.022628
vt 0.156382 0.023926
vt 0.147891 0.023926
vt 0.874958 0.331323
vt 0.874958 0.339355
vt 0.864746 0.339355
vt 0.864746 0.331323
vt 0.424316 0.380901
vt 0.434644 0.380901
vt 0.434644 0.391113
vt 0.424316 0.391113
vt 0.878418 0.339355
vt 0.878418 0.331323
vt 0.88863 0.331323
vt 0.88863 0.339355
vt 0.448315 0.391113
vt 0.437988 0.391113
vt 0.437988 0.380901
vt 0.448315 0.380901
vt 0.212344 0.022628
vt 0.21854 0.022628
vt 0.219458 0.023926
vt 0.211426 0.023926
vt 0.161562 0.022628
vt 0.170054 0.022628
vt 0.170972 0.023926
vt 0.160645 0.023926
vt 0.755649 0.023926
vt 0.749453 0.023926
vt 0.748535 0.022628
vt 0.756567 0.022628
vt 0.183726 0.023926
vt 0.175234 0.023926
vt 0.174316 0.022628
vt 0.184644 0.022628
vt 0.22998 0.279448
vt 0.238472 0.279448
vt 0.238472 0.285645
vt 0.238472 0.285645
vt 0.22998 0.285645
vt 0.22998 0.279448
vt 0.241699 0.285645
vt 0.241699 0.279448
vt 0.25019 0.279448
vt 0.25019 0.279448
vt 0.25019 0.285645
vt 0.241699 0.285645
vn 0 0 -1
vn 0.703702 0.069309 -0.707107
vn 0.676659 0.205262 -0.707107
vn 0.623613 0.333328 -0.707107
vn 0.546601 0.448584 -0.707107
vn 0.448584 0.546601 -0.707107
vn 0.333328 0.623613 -0.707107
vn 0.205262 0.676659 -0.707107
vn 0.069309 0.703702 -0.707107
vn -0.069309 0.703702 -0.707107
vn -0.205262 0.676659 -0.707107
vn -0.333328 0.623613 -0.707107
vn -0.448584 0.546601 -0.707107
vn -0.546601 0.448584 -0.707107
vn -0.623613 0.333328 -0.707107
vn -0.676659 0.205262 -0.707107
vn -0.703702 0.069309 -0.707107
vn -0.703702 -0.069309 -0.707107
vn -0.676659 -0.205262 -0.707107
vn -0.623613 -0.333328 -0.707107
vn -0.546601 -0.448584 -0.707107
vn -0.448584 -0.546601 -0.707107
vn -0.333328 -0.623613 -0.707107
vn -0.205262 -0.676659 -0.707107
vn -0.069309 -0.703702 -0.707107
vn 0.069309 -0.703702 -0.707107
vn 0.205262 -0.676659 -0.707107
vn 0.333328 -0.623613 -0.707107
vn 0.448584 -0.546601 -0.707107
vn 0.546601 -0.448584 -0.707107
vn 0.623613 -0.333328 -0.707107
vn 0.676659 -0.205262 -0.707107
vn 0.703702 -0.069309 -0.707107
vn 0.995185 0.098017 0
vn 0.95694 0.290285 0
vn 0.881921 0.471397 0
vn 0.77301 0.634393 0
vn 0.634393 0.77301 0
vn 0.471397 0.881921 0
vn 0.290285 0.95694 0
vn 0.098017 0.995185 0
vn -0.098017 0.995185 0
vn -0.290285 0.95694 0
vn -0.471397 0.881921 0
vn -0.634393 0.77301 0
vn -0.77301 0.634393 0
vn -0.881921 0.471397 0
vn -0.95694 0.290285 0
vn -0.995185 0.098017 0
vn -0.995185 -0.098017 0
vn -0.95694 -0.290285 0
vn -0.881921 -0.471397 0
vn -0.77301 -0.634393 0
vn -0.634393 -0.77301 0
vn -0.471397 -0.881921 0
vn -0.290285 -0.95694 0
vn -0.098017 -0.995185 0
vn 0.098017 -0.995185 0
vn 0.290285 -0.95694 0
vn 0.471397 -0.881921 0
vn 0.634393 -0.77301 0
vn 0.77301 -0.634393 0
vn 0.881921 -0.471397 0
vn 0.95694 -0.290285 0
vn 0.995185 -0.098017 0
vn 0.703702 0.069309 0.707107
vn 0.676659 0.205262 0.707107
vn 0.623613 0.333328 0.707107
vn 0.546601 0.448584 0.707107
vn 0.448584 0.546601 0.707107
vn 0.333328 0.623613 0.707107
vn 0.205262 0.676659 0.707107
vn 0.069309 0.703702 0.707107
vn -0.069309 0.703702 0.707107
vn -0.205262 0.676659 0.707107
vn -0.333328 0.623613 0.707107
vn -0.448584 0.546601 0.707107
vn -0.546601 0.448584 0.707107
vn -0.623613 0.333328 0.707107
vn -0.676659 0.205262 0.707107
vn -0.703702 0.069309 0.707107
vn -0.703702 -0.069309 0.707107
vn -0.676659 -0.205262 0.707107
vn -0.623613 -0.333328 0.707107
vn -0.546601 -0.448584 0.707107
vn -0.448584 -0.546601 0.707107
vn -0.333328 -0.623613 0.707107
vn -0.205262 -0.676659 0.707107
vn -0.069309 -0.703702 0.707107
vn 0.069309 -0.703702 0.707107
vn 0.205262 -0.676659 0.707107
vn 0.333328 -0.623613 0.707107
vn 0.448584 -0.546601 0.707107
vn 0.546601 -0.448584 0.707107
vn 0.623613 -0.333328 0.707107
vn 0.676659 -0.205262 0.707107
vn 0.703702 -0.069309 0.707107
vn 0 0 1
vn -0.707107 -0.707107 0
vn -0.707107 0 0.707107
vn -0.707107 0.707107 0
vn -0.707107 0 -0.707107
vn 0 -1 0
vn 0 1 0
vn 0.707107 -0.707107 0
vn 0.707107 0 0.707107
vn 0.707107 0.707107 0
vn 0.707107 0 -0.707107
vn -1 0 0
vn 1 0 0
f 2285/6403/953 2286/6404/953 2318/6405/953 2317/6406/953
f 2286/6407/953 2287/6408/953 2319/6409/953 2318/6410/953
f 2287/6411/953 2288/6412/953 2320/6413/953 2319/6414/953
f 2288/6415/953 2289/6416/953 2321/6417/953 2320/6418/953
f 2289/6419/953 2290/6420/953 2322/6421/953 2321/6422/953
f 2290/6423/953 2291/6424/953 2323/6425/953 2322/6426/953
f 2291/6427/953 2292/6428/953 2324/6429/953 2323/6430/953
f 2292/6431/953 2293/6432/953 2325/6433/953 2324/6434/953
f 2293/6435/953 2294/6436/953 2326/6437/953 2325/6438/953
f 2294/6439/953 2295/6440/953 2327/6441/953 2326/6442/953
f 2295/6443/953 2296/6444/953 2328/6445/953 2327/6446/953
f 2296/6447/953 2297/6448/953 2329/6449/953 2328/6450/953
f 2297/6451/953 2298/6452/953 2330/6453/953 2329/6454/953
f 2298/6455/953 2299/6456/953 2331/6457/953 2330/6458/953
f 2299/6459/953 2300/6460/953 2332/6461/953 2331/6462/953
f 2300/6463/953 2301/6464/953 2333/6465/953 2332/6466/953
f 2301/6467/953 2302/6468/953 2334/6469/953 2333/6470/953
f 2302/6471/953 2303/6472/953 2335/6473/953 2334/6474/953
f 2303/6475/953 2304/6476/953 2336/6477/953 2335/6478/953
f 2304/6479/953 2305/6480/953 2337/6481/953 2336/6482/953
f 2305/6483/953 2306/6484/953 2338/6485/953 2337/6486/953
f 2306/6487/953 2307/6488/953 2339/6489/953 2338/6490/953
f 2307/6491/953 2308/6492/953 2340/6493/953 2339/6494/953
f 2308/6495/953 2309/6496/953 2341/6497/953 2340/6498/953
f 2309/6499/953 2310/6500/953 2342/6501/953 2341/6502/953
f 2310/6503/953 2311/6504/953 2343/6505/953 2342/6506/953
f 2311/6507/953 2312/6508/953 2344/6509/953 2343/6510/953
f 2312/6511/953 2313/6512/953 2345/6513/953 2344/6514/953
f 2313/6515/953 2314/6516/953 2346/6517/953 2345/6518/953
f 2314/6519/953 2315/6520/953 2347/6521/953 2346/6522/953
f 2315/6523/953 2316/6524/953 2348/6525/953 2347/6526/953
f 2316/6527/953 2285/6528/953 2317/6529/953 2348/6530/953
f 2317/6531/954 2318/6532/955 2350/6533/955 2349/6534/954
f 2318/6535/955 2319/6536/956 2351/6537/956 2350/6538/955
f 2319/6539/956 2320/6540/957 2352/6541/957 2351/6542/956
f 2320/6543/957 2321/6544/958 2353/6545/958 2352/6546/957
f 2321/6547/958 2322/6548/959 2354/6549/959 2353/6550/958
f 2322/6551/959 2323/6552/960 2355/6553/960 2354/6554/959
f 2323/6555/960 2324/6556/961 2356/6557/961 2355/6558/960
f 2324/6559/961 2325/6560/962 2357/6561/962 2356/6562/961
f 2325/6563/962 2326/6564/963 2358/6565/963 2357/6566/962
f 2326/6567/963 2327/6568/964 2359/6569/964 2358/6570/963
f 2327/6571/964 2328/6572/965 2360/6573/965 2359/6574/964
f 2328/6575/965 2329/6576/966 2361/6577/966 2360/6578/965
f 2329/6579/966 2330/6580/967 2362/6581/967 2361/6582/966
f 2330/6583/967 2331/6584/968 2363/6585/968 2362/6586/967
f 2331/6587/968 2332/6588/969 2364/6589/969 2363/6590/968
f 2332/6591/969 2333/6592/970 2365/6593/970 2364/6594/969
f 2333/6595/970 2334/6596/971 2366/6597/971 2365/6598/970
f 2334/6599/971 2335/6600/972 2367/6601/972 2366/6602/971
f 2335/6603/972 2336/6604/973 2368/6605/973 2367/6606/972
f 2336/6607/973 2337/6608/974 2369/6609/974 2368/6610/973
f 2337/6611/974 2338/6612/975 2370/6613/975 2369/6614/974
f 2338/6615/975 2339/6616/976 2371/6617/976 2370/6618/975
f 2339/6619/976 2340/6620/977 2372/6621/977 2371/6622/976
f 2340/6623/977 2341/6624/978 2373/6625/978 2372/6626/977
f 2341/6627/978 2342/6628/979 2374/6629/979 2373/6630/978
f 2342/6631/979 2343/6632/980 2375/6633/980 2374/6634/979
f 2343/6635/980 2344/6636/981 2376/6637/981 2375/6638/980
f 2344/6639/981 2345/6640/982 2377/6641/982 2376/6642/981
f 2345/6643/982 2346/6644/983 2378/6645/983 2377/6646/982
f 2346/6647/983 2347/6648/984 2379/6649/984 2378/6650/983
f 2347/6651/984 2348/6652/985 2380/6653/985 2379/6654/984
f 2348/6655/985 2317/6656/954 2349/6657/954 2380/6658/985
f 2349/6659/986 2350/6660/987 2382/6661/987 2381/6662/986
f 2350/6663/987 2351/6664/988 2383/6665/988 2382/6666/987
f 2351/6667/988 2352/6668/989 2384/6669/989 2383/6670/988
f 2352/6671/989 2353/6672/990 2385/6673/990 2384/6674/989
f 2353/6675/990 2354/6676/991 2386/6677/991 2385/6678/990
f 2354/6679/991 2355/6680/992 2387/6681/992 2386/6682/991
f 2355/6683/992 2356/6684/993 2388/6685/993 2387/6686/992
f 2356/6687/993 2357/6688/994 2389/6689/994 2388/6690/993
f 2357/6691/994 2358/6692/995 2390/6693/995 2389/6694/994
f 2358/6695/995 2359/6696/996 2391/6697/996 2390/6698/995
f 2359/6699/996 2360/6700/997 2392/6701/997 2391/6702/996
f 2360/6703/997 2361/6704/998 2393/6705/998 2392/6706/997
f 2361/6707/998 2362/6708/999 2394/6709/999 2393/6710/998
f 2362/6711/999 2363/6712/1000 2395/6713/1000 2394/6714/999
f 2363/6715/1000 2364/6716/1001 2396/6717/1001 2395/6718/1000
f 2364/6719/1001 2365/6720/1002 2397/6721/1002 2396/6722/1001
f 2365/6723/1002 2366/6724/1003 2398/6725/1003 2397/6726/1002
f 2366/6727/1003 2367/6728/1004 2399/6729/1004 2398/6730/1003
f 2367/6731/1004 2368/6732/1005 2400/6733/1005 2399/6734/1004
f 2368/6735/1005 2369/6736/1006 2401/6737/1006 2400/6738/1005
f 2369/6739/1006 2370/6740/1007 2402/6741/1007 2401/6742/1006
f 2370/6743/1007 2371/6744/1008 2403/6745/1008 2402/6746/1007
f 2371/6747/1008 2372/6748/1009 2404/6749/1009 2403/6750/1008
f 2372/6751/1009 2373/6752/1010 2405/6753/1010 2404/6754/1009
f 2373/6755/1010 2374/6756/1011 2406/6757/1011 2405/6758/1010
f 2374/6759/1011 2375/6760/1012 2407/6761/1012 2406/6762/1011
f 2375/6763/1012 2376/6764/1013 2408/6765/1013 2407/6766/1012
f 2376/6767/1013 2377/6768/1014 2409/6769/1014 2408/6770/1013
f 2377/6771/1014 2378/6772/1015 2410/6773/1015 2409/6774/1014
f 2378/6775/1015 2379/6776/1016 2411/6777/1016 2410/6778/1015
f 2379/6779/1016 2380/6780/1017 2412/6781/1017 2411/6782/1016
f 2380/6783/1017 2349/6784/986 2381/6785/986 2412/6786/1017
f 2381/6787/1018 2382/6788/1019 2414/6789/1019 2413/6790/1018
f 2382/6791/1019 2383/6792/1020 2415/6793/1020 2414/6794/1019
f 2383/6795/1020 2384/6796/1021 2416/6797/1021 2415/6798/1020
f 2384/6799/1021 2385/6800/1022 2417/6801/1022 2416/6802/1021
f 2385/6803/1022 2386/6804/1023 2418/6805/1023 2417/6806/1022
f 2386/6807/1023 2387/6808/1024 2419/6809/1024 2418/6810/1023
f 2387/6811/1024 2388/6812/1025 2420/6813/1025 2419/6814/1024
f 2388/6815/1025 2389/6816/1026 2421/6817/1026 2420/6818/1025
f 2389/6819/1026 2390/6820/1027 2422/6821/1027 2421/6822/1026
f 2390/6823/1027 2391/6824/1028 2423/6825/1028 2422/6826/1027
f 2391/6827/1028 2392/6828/1029 2424/6829/1029 2423/6830/1028
f 2392/6831/1029 2393/6832/1030 2425/6833/1030 2424/6834/1029
f 2393/6835/1030 2394/6836/1031 2426/6837/1031 2425/6838/1030
f 2394/6839/1031 2395/6840/1032 2427/6841/1032 2426/6842/1031
f 2395/6843/1032 2396/6844/1033 2428/6845/1033 2427/6846/1032
f 2396/6847/1033 2397/6848/1034 2429/6849/1034 2428/6850/1033
f 2397/6851/1034 2398/6852/1035 2430/6853/1035 2429/6854/1034
f 2398/6855/1035 2399/6856/1036 2431/6857/1036 2430/6858/1035
f 2399/6859/1036 2400/6860/1037 2432/6861/1037 2431/6862/1036
f 2400/6863/1037 2401/6864/1038 2433/6865/1038 2432/6866/1037
f 2401/6867/1038 2402/6868/1039 2434/6869/1039 2433/6870/1038
f 2402/6871/1039 2403/6872/1040 2435/6873/1040 2434/6874/1039
f 2403/6875/1040 2404/6876/1041 2436/6877/1041 2435/6878/1040
f 2404/6879/1041 2405/6880/1042 2437/6881/1042 2436/6882/1041
f 2405/6883/1042 2406/6884/1043 2438/6885/1043 2437/6886/1042
f 2406/6887/1043 2407/6888/1044 2439/6889/1044 2438/6890/1043
f 2407/6891/1044 2408/6892/1045 2440/6893/1045 2439/6894/1044
f 2408/6895/1045 2409/6896/1046 2441/6897/1046 2440/6898/1045
f 2409/6899/1046 2410/6900/1047 2442/6901/1047 2441/6902/1046
f 2410/6903/1047 2411/6904/1048 2443/6905/1048 2442/6906/1047
f 2411/6907/1048 2412/6908/1049 2444/6909/1049 2443/6910/1048
f 2412/6911/1049 2381/6912/1018 2413/6913/1018 2444/6914/1049
f 2413/6915/1050 2414/6916/1050 2446/6917/1050 2445/6918/1050
f 2414/6919/1050 2415/6920/1050 2447/6921/1050 2446/6922/1050
f 2415/6923/1050 2416/6924/1050 2448/6925/1050 2447/6926/1050
f 2416/6927/1050 2417/6928/1050 2449/6929/1050 2448/6930/1050
f 2417/6931/1050 2418/6932/1050 2450/6933/1050 2449/6934/1050
f 2418/6935/1050 2419/6936/1050 2451/6937/1050 2450/6938/1050
f 2419/6939/1050 2420/6940/1050 2452/6941/1050 2451/6942/1050
f 2420/6943/1050 2421/6944/1050 2453/6945/1050 2452/6946/1050
f 2421/6947/1050 2422/6948/1050 2454/6949/1050 2453/6950/1050
f 2422/6951/1050 2423/6952/1050 2455/6953/1050 2454/6954/1050
f 2423/6955/1050 2424/6956/1050 2456/6957/1050 2455/6958/1050
f 2424/6959/1050 2425/6960/1050 2457/6961/1050 2456/6962/1050
f 2425/6963/1050 2426/6964/1050 2458/6965/1050 2457/6966/1050
f 2426/6967/1050 2427/6968/1050 2459/6969/1050 2458/6970/1050
f 2427/6971/1050 2428/6972/1050 2460/6973/1050 2459/6974/1050
f 2428/6975/1050 2429/6976/1050 2461/6977/1050 2460/6978/1050
f 2429/6979/1050 2430/6980/1050 2462/6981/1050 2461/6982/1050
f 2430/6983/1050 2431/6984/1050 2463/6985/1050 2462/6986/1050
f 2431/6987/1050 2432/6988/1050 2464/6989/1050 2463/6990/1050
f 2432/6991/1050 2433/6992/1050 2465/6993/1050 2464/6994/1050
f 2433/6995/1050 2434/6996/1050 2466/6997/1050 2465/6998/1050
f 2434/6999/1050 2435/7000/1050 2467/7001/1050 2466/7002/1050
f 2435/7003/1050 2436/7004/1050 2468/7005/1050 2467/7006/1050
f 2436/7007/1050 2437/7008/1050 2469/7009/1050 2468/7010/1050
f 2437/7011/1050 2438/7012/1050 2470/7013/1050 2469/7014/1050
f 2438/7015/1050 2439/7016/1050 2471/7017/1050 2470/7018/1050
f 2439/7019/1050 2440/7020/1050 2472/7021/1050 2471/7022/1050
f 2440/7023/1050 2441/7024/1050 2473/7025/1050 2472/7026/1050
f 2441/7027/1050 2442/7028/1050 2474/7029/1050 2473/7030/1050
f 2442/7031/1050 2443/7032/1050 2475/7033/1050 2474/7034/1050
f 2443/7035/1050 2444/7036/1050 2476/7037/1050 2475/7038/1050
f 2444/7039/1050 2413/7040/1050 2445/7041/1050 2476/7042/1050
f 2481/7043/1051 2482/7044/1051 2478/7045/1051 2477/7046/1051
f 2482/7047/1052 2483/7048/1052 2479/7049/1052 2478/7050/1052
f 2483/7051/1053 2484/7052/1053 2480/7053/1053 2479/7054/1053
f 2484/7055/1054 2481/7056/1054 2477/7057/1054 2480/7058/1054
f 2485/7059/1055 2486/7060/1055 2482/7061/1055 2481/7062/1055
f 2486/7063/1050 2487/7064/1050 2483/7065/1050 2482/7066/1050
f 2487/7067/1056 2488/7068/1056 2484/7069/1056 2483/7070/1056
f 2488/7071/953 2485/7072/953 2481/7073/953 2484/7074/953
f 2489/7075/1057 2490/7076/1057 2486/7077/1057 2485/7078/1057
f 2490/7079/1058 2491/7080/1058 2487/7081/1058 2486/7082/1058
f 2491/7083/1059 2492/7084/1059 2488/7085/1059 2487/7086/1059
f 2492/7087/1060 2489/7088/1060 2485/7089/1060 2488/7090/1060
f 2496/7091/1061 2493/7092/1061 2494/7093/1061
f 2494/7094/1061 2495/7095/1061 2496/7096/1061
f 2498/7097/1062 2497/7098/1062 2500/7099/1062
f 2500/7100/1062 2499/7101/1062 2498/7102/1062
f 2505/7103/1051 2506/7104/1051 2502/7105/1051 2501/7106/1051
f 2506/7107/1052 2507/7108/1052 2503/7109/1052 2502/7110/1052
f 2507/7111/1053 2508/7112/1053 2504/7113/1053 2503/7114/1053
f 2508/7115/1054 2505/7116/1054 2501/7117/1054 2504/7118/1054
f 2509/7119/1055 2510/7120/1055 2506/7121/1055 2505/7122/1055
f 2510/7123/1050 2511/7124/1050 2507/7125/1050 2506/7126/1050
f 2511/7127/1056 2512/7128/1056 2508/7129/1056 2507/7130/1056
f 2512/7131/953 2509/7132/953 2505/7133/953 2508/7134/953
f 2513/7135/1057 2514/7136/1057 2510/7137/1057 2509/7138/1057
f 2514/7139/1058 2515/7140/1058 2511/7141/1058 2510/7142/1058
f 2515/7143/1059 2516/7144/1059 2512/7145/1059 2511/7146/1059
f 2516/7147/1060 2513/7148/1060 2509/7149/1060 2512/7150/1060
f 2520/7151/1061 2517/7152/1061 2518/7153/1061
f 2518/7154/1061 2519/7155/1061 2520/7156/1061
f 2522/7157/1062 2521/7158/1062 2524/7159/1062
f 2524/7160/1062 2523/7161/1062 2522/7162/1062
o body_saddle
usemtl intake_pump
v 0.41125 0.0875 -0.22
v 0.41125 0.0875 -0.18
v 0.58875 0.0875 -0.18
v 0.58875 0.0875 -0.22
v 0.40625 0.0925 -0.225
v 0.40625 0.0925 -0.175
v 0.59375 0.0925 -0.175
v 0.59375 0.0925 -0.225
v 0.40625 0.279375 -0.225
v 0.40625 0.279375 -0.175
v 0.59375 0.279375 -0.175
v 0.59375 0.279375 -0.225
v 0.41125 0.284375 -0.22
v 0.41125 0.284375 -0.18
v 0.58875 0.284375 -0.18
v 0.58875 0.284375 -0.22
v 0.41125 0.0875 -0.22
v 0.41125 0.0875 -0.18
v 0.58875 0.0875 -0.18
v 0.58875 0.0875 -0.22
v 0.41125 0.284375 -0.22
v 0.41125 0.284375 -0.18
v 0.58875 0.284375 -0.18
v 0.58875 0.284375 -0.22
vt 0.700625 0.022628
vt 0.707969 0.022628
vt 0.708887 0.023926
vt 0.699707 0.023926
vt 0.909609 0.02751
vt 0.942197 0.02751
vt 0.943115 0.028809
vt 0.908691 0.028809
vt 0.720664 0.023926
vt 0.71332 0.023926
vt 0.712402 0.022628
vt 0.721582 0.022628
vt 0.980283 0.028809
vt 0.947695 0.028809
vt 0.946777 0.02751
vt 0.981201 0.02751
vt 0.72425 0.35459
vt 0.72425 0.36377
vt 0.689941 0.36377
vt 0.689941 0.35459
vt 0.953613 0.675164
vt 0.988037 0.675164
vt 0.988037 0.709473
vt 0.953613 0.709473
vt 0.728027 0.36377
vt 0.728027 0.35459
vt 0.762336 0.35459
vt 0.762336 0.36377
vt 0.002441 0.614617
vt 0.036865 0.614617
vt 0.036865 0.648926
vt 0.002441 0.648926
vt 0.953613 0.022628
vt 0.962793 0.022628
vt 0.961875 0.023926
vt 0.954531 0.023926
vt 0.036865 0.023926
vt 0.002441 0.023926
vt 0.003359 0.022628
vt 0.035947 0.022628
vt 0.975488 0.023926
vt 0.966309 0.023926
vt 0.967227 0.022628
vt 0.97457 0.022628
vt 0.040527 0.022628
vt 0.074951 0.022628
vt 0.074033 0.023926
vt 0.041445 0.023926
vt 0.293457 0.327637
vt 0.293457 0.320293
vt 0.326045 0.320293
vt 0.326045 0.320293
vt 0.326045 0.327637
vt 0.293457 0.327637
vt 0.32959 0.320293
vt 0.362178 0.320293
vt 0.362178 0.327637
vt 0.362178 0.327637
vt 0.32959 0.327637
vt 0.32959 0.320293
vn -0.707107 -0.707107 0
vn 0 -0.707107 0.707107
vn 0.707107 -0.707107 0
vn 0 -0.707107 -0.707107
vn -1 0 0
vn 0 0 1
vn 1 0 0
vn 0 0 -1
vn -0.707107 0.707107 0
vn 0 0.707107 0.707107
vn 0.707107 0.707107 0
vn 0 0.707107 -0.707107
vn 0 -1 0
vn 0 1 0
f 2525/7163/1063 2526/7164/1063 2530/7165/1063 2529/7166/1063
f 2526/7167/1064 2527/7168/1064 2531/7169/1064 2530/7170/1064
f 2527/7171/1065 2528/7172/1065 2532/7173/1065 2531/7174/1065
f 2528/7175/1066 2525/7176/1066 2529/7177/1066 2532/7178/1066
f 2529/7179/1067 2530/7180/1067 2534/7181/1067 2533/7182/1067
f 2530/7183/1068 2531/7184/1068 2535/7185/1068 2534/7186/1068
f 2531/7187/1069 2532/7188/1069 2536/7189/1069 2535/7190/1069
f 2532/7191/1070 2529/7192/1070 2533/7193/1070 2536/7194/1070
f 2533/7195/1071 2534/7196/1071 2538/7197/1071 2537/7198/1071
f 2534/7199/1072 2535/7200/1072 2539/7201/1072 2538/7202/1072
f 2535/7203/1073 2536/7204/1073 2540/7205/1073 2539/7206/1073
f 2536/7207/1074 2533/7208/1074 2537/7209/1074 2540/7210/1074
f 2542/7211/1075 2541/7212/1075 2544/7213/1075
f 2544/7214/1075 2543/7215/1075 2542/7216/1075
f 2548/7217/1076 2545/7218/1076 2546/7219/1076
f 2546/7220/1076 2547/7221/1076 2548/7222/1076
o body_strap
usemtl intake_pump
v 0.618178 0.41164 -0.21875
v 0.613637 0.434471 -0.21875
v 0.604728 0.455978 -0.21875
v 0.591795 0.475334 -0.21875
v 0.575334 0.491795 -0.21875
v 0.555978 0.504728 -0.21875
v 0.534471 0.513637 -0.21875
v 0.51164 0.518178 -0.21875
v 0.48836 0.518178 -0.21875
v 0.465529 0.513637 -0.21875
v 0.444022 0.504728 -0.21875
v 0.424666 0.491795 -0.21875
v 0.408205 0.475334 -0.21875
v 0.395272 0.455978 -0.21875
v 0.386363 0.434471 -0.21875
v 0.381822 0.41164 -0.21875
v 0.381822 0.38836 -0.21875
v 0.386363 0.365529 -0.21875
v 0.395272 0.344022 -0.21875
v 0.408205 0.324666 -0.21875
v 0.424666 0.308205 -0.21875
v 0.444022 0.295272 -0.21875
v 0.465529 0.286363 -0.21875
v 0.48836 0.281822 -0.21875
v 0.51164 0.281822 -0.21875
v 0.534471 0.286363 -0.21875
v 0.555978 0.295272 -0.21875
v 0.575334 0.308205 -0.21875
v 0.591795 0.324666 -0.21875
v 0.604728 0.344022 -0.21875
v 0.613637 0.365529 -0.21875
v 0.618178 0.38836 -0.21875
v 0.638082 0.4136 -0.21875
v 0.632775 0.440277 -0.21875
v 0.622367 0.465406 -0.21875
v 0.607255 0.488022 -0.21875
v 0.588022 0.507255 -0.21875
v 0.565406 0.522367 -0.21875
v 0.540277 0.532775 -0.21875
v 0.5136 0.538082 -0.21875
v 0.4864 0.538082 -0.21875
v 0.459723 0.532775 -0.21875
v 0.434594 0.522367 -0.21875
v 0.411978 0.507255 -0.21875
v 0.392745 0.488022 -0.21875
v 0.377633 0.465406 -0.21875
v 0.367225 0.440277 -0.21875
v 0.361918 0.4136 -0.21875
v 0.361918 0.3864 -0.21875
v 0.367225 0.359723 -0.21875
v 0.377633 0.334594 -0.21875
v 0.392745 0.311978 -0.21875
v 0.411978 0.292745 -0.21875
v 0.434594 0.277633 -0.21875
v 0.459723 0.267225 -0.21875
v 0.4864 0.261918 -0.21875
v 0.5136 0.261918 -0.21875
v 0.540277 0.267225 -0.21875
v 0.565406 0.277633 -0.21875
v 0.588022 0.292745 -0.21875
v 0.607255 0.311978 -0.21875
v 0.622367 0.334594 -0.21875
v 0.632775 0.359723 -0.21875
v 0.638082 0.3864 -0.21875
v 0.638082 0.4136 -0.18125
v 0.632775 0.440277 -0.18125
v 0.622367 0.465406 -0.18125
v 0.607255 0.488022 -0.18125
v 0.588022 0.507255 -0.18125
v 0.565406 0.522367 -0.18125
v 0.540277 0.532775 -0.18125
v 0.5136 0.538082 -0.18125
v 0.4864 0.538082 -0.18125
v 0.459723 0.532775 -0.18125
v 0.434594 0.522367 -0.18125
v 0.411978 0.507255 -0.18125
v 0.392745 0.488022 -0.18125
v 0.377633 0.465406 -0.18125
v 0.367225 0.440277 -0.18125
v 0.361918 0.4136 -0.18125
v 0.361918 0.3864 -0.18125
v 0.367225 0.359723 -0.18125
v 0.377633 0.334594 -0.18125
v 0.392745 0.311978 -0.18125
v 0.411978 0.292745 -0.18125
v 0.434594 0.277633 -0.18125
v 0.459723 0.267225 -0.18125
v 0.4864 0.261918 -0.18125
v 0.5136 0.261918 -0.18125
v 0.540277 0.267225 -0.18125
v 0.565406 0.277633 -0.18125
v 0.588022 0.292745 -0.18125
v 0.607255 0.311978 -0.18125
v 0.622367 0.334594 -0.18125
v 0.632775 0.359723 -0.18125
v 0.638082 0.3864 -0.18125
v 0.618178 0.41164 -0.18125
v 0.613637 0.434471 -0.18125
v 0.604728 0.455978 -0.18125
v 0.591795 0.475334 -0.18125
v 0.575334 0.491795 -0.18125
v 0.555978 0.504728 -0.18125
v 0.534471 0.513637 -0.18125
v 0.51164 0.518178 -0.18125
v 0.48836 0.518178 -0.18125
v 0.465529 0.513637 -0.18125
v 0.444022 0.504728 -0.18125
v 0.424666 0.491795 -0.18125
v 0.408205 0.475334 -0.18125
v 0.395272 0.455978 -0.18125
v 0.386363 0.434471 -0.18125
v 0.381822 0.41164 -0.18125
v 0.381822 0.38836 -0.18125
v 0.386363 0.365529 -0.18125
v 0.395272 0.344022 -0.18125
v 0.408205 0.324666 -0.18125
v 0.424666 0.308205 -0.18125
v 0.444022 0.295272 -0.18125
v 0.465529 0.286363 -0.18125
v 0.48836 0.281822 -0.18125
v 0.51164 0.281822 -0.18125
v 0.534471 0.286363 -0.18125
v 0.555978 0.295272 -0.18125
v 0.575334 0.308205 -0.18125
v 0.591795 0.324666 -0.18125
v 0.604728 0.344022 -0.18125
v 0.613637 0.365529 -0.18125
v 0.618178 0.38836 -0.18125
vt 0.436179 0.705818
vt 0.440371 0.704985
vt 0.441437 0.708498
vt 0.436539 0.709473
vt 0.440371 0.704985
vt 0.44432 0.703349
vt 0.446051 0.706587
vt 0.441437 0.708498
vt 0.44432 0.703349
vt 0.447873 0.700975
vt 0.450203 0.703813
vt 0.446051 0.706587
vt 0.447873 0.700975
vt 0.450895 0.697953
vt 0.453734 0.700282
vt 0.450203 0.703813
vt 0.450895 0.697953
vt 0.45327 0.694399
vt 0.456508 0.69613
vt 0.453734 0.700282
vt 0.45327 0.694399
vt 0.454905 0.69045
vt 0.458419 0.691516
vt 0.456508 0.69613
vt 0.454905 0.69045
vt 0.455739 0.686259
vt 0.459393 0.686619
vt 0.458419 0.691516
vt 0.455739 0.686259
vt 0.455739 0.681985
vt 0.459393 0.681625
vt 0.459393 0.686619
vt 0.455739 0.681985
vt 0.454905 0.677793
vt 0.458419 0.676727
vt 0.459393 0.681625
vt 0.454905 0.677793
vt 0.45327 0.673844
vt 0.456508 0.672113
vt 0.458419 0.676727
vt 0.45327 0.673844
vt 0.450895 0.670291
vt 0.453734 0.667961
vt 0.456508 0.672113
vt 0.450895 0.670291
vt 0.447873 0.667269
vt 0.450203 0.66443
vt 0.453734 0.667961
vt 0.447873 0.667269
vt 0.44432 0.664894
vt 0.446051 0.661656
vt 0.450203 0.66443
vt 0.44432 0.664894
vt 0.440371 0.663259
vt 0.441437 0.659745
vt 0.446051 0.661656
vt 0.440371 0.663259
vt 0.436179 0.662425
vt 0.436539 0.658771
vt 0.441437 0.659745
vt 0.436179 0.662425
vt 0.431905 0.662425
vt 0.431546 0.658771
vt 0.436539 0.658771
vt 0.431905 0.662425
vt 0.427714 0.663259
vt 0.426648 0.659745
vt 0.431546 0.658771
vt 0.427714 0.663259
vt 0.423765 0.664894
vt 0.422034 0.661656
vt 0.426648 0.659745
vt 0.423765 0.664894
vt 0.420211 0.667269
vt 0.417882 0.66443
vt 0.422034 0.661656
vt 0.420211 0.667269
vt 0.417189 0.670291
vt 0.414351 0.667961
vt 0.417882 0.66443
vt 0.417189 0.670291
vt 0.414815 0.673844
vt 0.411577 0.672113
vt 0.414351 0.667961
vt 0.414815 0.673844
vt 0.413179 0.677793
vt 0.409666 0.676727
vt 0.411577 0.672113
vt 0.413179 0.677793
vt 0.412346 0.681985
vt 0.408691 0.681625
vt 0.409666 0.676727
vt 0.412346 0.681985
vt 0.412346 0.686259
vt 0.408691 0.686619
vt 0.408691 0.681625
vt 0.412346 0.686259
vt 0.413179 0.69045
vt 0.409666 0.691516
vt 0.408691 0.686619
vt 0.413179 0.69045
vt 0.414815 0.694399
vt 0.411577 0.69613
vt 0.409666 0.691516
vt 0.414815 0.694399
vt 0.417189 0.697953
vt 0.414351 0.700282
vt 0.411577 0.69613
vt 0.417189 0.697953
vt 0.420211 0.700975
vt 0.417882 0.703813
vt 0.414351 0.700282
vt 0.420211 0.700975
vt 0.423765 0.703349
vt 0.422034 0.706587
vt 0.417882 0.703813
vt 0.423765 0.703349
vt 0.427714 0.704985
vt 0.426648 0.708498
vt 0.422034 0.706587
vt 0.427714 0.704985
vt 0.431905 0.705818
vt 0.431546 0.709473
vt 0.426648 0.708498
vt 0.431905 0.705818
vt 0.436179 0.705818
vt 0.436539 0.709473
vt 0.431546 0.709473
vt 0.741714 0.299268
vt 0.746708 0.299268
vt 0.746708 0.306152
vt 0.741714 0.306152
vt 0.746708 0.299268
vt 0.751606 0.299268
vt 0.751606 0.306152
vt 0.746708 0.306152
vt 0.878418 0.299268
vt 0.883388 0.299268
vt 0.883388 0.306152
vt 0.878418 0.306152
vt 0.883388 0.299268
vt 0.888357 0.299268
vt 0.888357 0.306152
vt 0.883388 0.306152
vt 0.810059 0.299268
vt 0.815028 0.299268
vt 0.815028 0.306152
vt 0.810059 0.306152
vt 0.815028 0.299268
vt 0.819998 0.299268
vt 0.819998 0.306152
vt 0.815028 0.306152
vt 0.851074 0.299268
vt 0.856044 0.299268
vt 0.856044 0.306152
vt 0.851074 0.306152
vt 0.856044 0.299268
vt 0.861014 0.299268
vt 0.861014 0.306152
vt 0.856044 0.306152
vt 0.864746 0.299268
vt 0.869716 0.299268
vt 0.869716 0.306152
vt 0.864746 0.306152
vt 0.869716 0.299268
vt 0.874685 0.299268
vt 0.874685 0.306152
vt 0.869716 0.306152
vt 0.837402 0.299268
vt 0.842372 0.299268
vt 0.842372 0.306152
vt 0.837402 0.306152
vt 0.842372 0.299268
vt 0.847342 0.299268
vt 0.847342 0.306152
vt 0.842372 0.306152
vt 0.89209 0.299268
vt 0.89706 0.299268
vt 0.89706 0.306152
vt 0.89209 0.306152
vt 0.89706 0.299268
vt 0.902029 0.299268
vt 0.902029 0.306152
vt 0.89706 0.306152
vt 0.82373 0.299268
vt 0.8287 0.299268
vt 0.8287 0.306152
vt 0.82373 0.306152
vt 0.8287 0.299268
vt 0.83367 0.299268
vt 0.83367 0.306152
vt 0.8287 0.306152
vt 0.796387 0.299268
vt 0.801356 0.299268
vt 0.801356 0.306152
vt 0.796387 0.306152
vt 0.801356 0.299268
vt 0.806326 0.299268
vt 0.806326 0.306152
vt 0.801356 0.306152
vt 0.933105 0.299268
vt 0.938075 0.299268
vt 0.938075 0.306152
vt 0.933105 0.306152
vt 0.938075 0.299268
vt 0.943045 0.299268
vt 0.943045 0.306152
vt 0.938075 0.306152
vt 0.769043 0.299268
vt 0.774013 0.299268
vt 0.774013 0.306152
vt 0.769043 0.306152
vt 0.774013 0.299268
vt 0.778982 0.299268
vt 0.778982 0.306152
vt 0.774013 0.306152
vt 0.905762 0.299268
vt 0.910731 0.299268
vt 0.910731 0.306152
vt 0.905762 0.306152
vt 0.910731 0.299268
vt 0.915701 0.299268
vt 0.915701 0.306152
vt 0.910731 0.306152
vt 0.755371 0.299268
vt 0.760341 0.299268
vt 0.760341 0.306152
vt 0.755371 0.306152
vt 0.760341 0.299268
vt 0.76531 0.299268
vt 0.76531 0.306152
vt 0.760341 0.306152
vt 0.919434 0.299268
vt 0.924403 0.299268
vt 0.924403 0.306152
vt 0.919434 0.306152
vt 0.924403 0.299268
vt 0.929373 0.299268
vt 0.929373 0.306152
vt 0.924403 0.306152
vt 0.782715 0.299268
vt 0.787685 0.299268
vt 0.787685 0.306152
vt 0.782715 0.306152
vt 0.787685 0.299268
vt 0.792654 0.299268
vt 0.792654 0.306152
vt 0.787685 0.306152
vt 0.549316 0.186035
vt 0.549316 0.181041
vt 0.556201 0.181041
vt 0.556201 0.186035
vt 0.736816 0.299268
vt 0.741714 0.299268
vt 0.741714 0.306152
vt 0.736816 0.306152
vt 0.49025 0.658771
vt 0.495148 0.659745
vt 0.494082 0.663259
vt 0.48989 0.662425
vt 0.495148 0.659745
vt 0.499762 0.661656
vt 0.498031 0.664894
vt 0.494082 0.663259
vt 0.499762 0.661656
vt 0.503914 0.66443
vt 0.501584 0.667269
vt 0.498031 0.664894
vt 0.503914 0.66443
vt 0.507445 0.667961
vt 0.504606 0.670291
vt 0.501584 0.667269
vt 0.507445 0.667961
vt 0.510219 0.672113
vt 0.506981 0.673844
vt 0.504606 0.670291
vt 0.510219 0.672113
vt 0.51213 0.676727
vt 0.508616 0.677793
vt 0.506981 0.673844
vt 0.51213 0.676727
vt 0.513104 0.681625
vt 0.50945 0.681985
vt 0.508616 0.677793
vt 0.513104 0.681625
vt 0.513104 0.686619
vt 0.50945 0.686259
vt 0.50945 0.681985
vt 0.513104 0.686619
vt 0.51213 0.691516
vt 0.508616 0.69045
vt 0.50945 0.686259
vt 0.51213 0.691516
vt 0.510219 0.69613
vt 0.506981 0.694399
vt 0.508616 0.69045
vt 0.510219 0.69613
vt 0.507445 0.700282
vt 0.504606 0.697953
vt 0.506981 0.694399
vt 0.507445 0.700282
vt 0.503914 0.703813
vt 0.501584 0.700975
vt 0.504606 0.697953
vt 0.503914 0.703813
vt 0.499762 0.706587
vt 0.498031 0.703349
vt 0.501584 0.700975
vt 0.499762 0.706587
vt 0.495148 0.708498
vt 0.494082 0.704985
vt 0.498031 0.703349
vt 0.495148 0.708498
vt 0.49025 0.709473
vt 0.48989 0.705818
vt 0.494082 0.704985
vt 0.49025 0.709473
vt 0.485256 0.709473
vt 0.485616 0.705818
vt 0.48989 0.705818
vt 0.485256 0.709473
vt 0.480359 0.708498
vt 0.481425 0.704985
vt 0.485616 0.705818
vt 0.480359 0.708498
vt 0.475745 0.706587
vt 0.477476 0.703349
vt 0.481425 0.704985
vt 0.475745 0.706587
vt 0.471593 0.703813
vt 0.473922 0.700975
vt 0.477476 0.703349
vt 0.471593 0.703813
vt 0.468062 0.700282
vt 0.4709 0.697953
vt 0.473922 0.700975
vt 0.468062 0.700282
vt 0.465288 0.69613
vt 0.468526 0.694399
vt 0.4709 0.697953
vt 0.465288 0.69613
vt 0.463377 0.691516
vt 0.46689 0.69045
vt 0.468526 0.694399
vt 0.463377 0.691516
vt 0.462402 0.686619
vt 0.466057 0.686259
vt 0.46689 0.69045
vt 0.462402 0.686619
vt 0.462402 0.681625
vt 0.466057 0.681985
vt 0.466057 0.686259
vt 0.462402 0.681625
vt 0.463377 0.676727
vt 0.46689 0.677793
vt 0.466057 0.681985
vt 0.463377 0.676727
vt 0.465288 0.672113
vt 0.468526 0.673844
vt 0.46689 0.677793
vt 0.465288 0.672113
vt 0.468062 0.667961
vt 0.4709 0.670291
vt 0.468526 0.673844
vt 0.468062 0.667961
vt 0.471593 0.66443
vt 0.473922 0.667269
vt 0.4709 0.670291
vt 0.471593 0.66443
vt 0.475745 0.661656
vt 0.477476 0.664894
vt 0.473922 0.667269
vt 0.475745 0.661656
vt 0.480359 0.659745
vt 0.481425 0.663259
vt 0.477476 0.664894
vt 0.480359 0.659745
vt 0.485256 0.658771
vt 0.485616 0.662425
vt 0.481425 0.663259
vt 0.485256 0.658771
vt 0.49025 0.658771
vt 0.48989 0.662425
vt 0.485616 0.662425
vn 0 0 -1
vn 0.995185 0.098017 0
vn 0.95694 0.290285 0
vn 0.881921 0.471397 0
vn 0.77301 0.634393 0
vn 0.634393 0.77301 0
vn 0.471397 0.881921 0
vn 0.290285 0.95694 0
vn 0.098017 0.995185 0
vn -0.098017 0.995185 0
vn -0.290285 0.95694 0
vn -0.471397 0.881921 0
vn -0.634393 0.77301 0
vn -0.77301 0.634393 0
vn -0.881921 0.471397 0
vn -0.95694 0.290285 0
vn -0.995185 0.098017 0
vn -0.995185 -0.098017 0
vn -0.95694 -0.290285 0
vn -0.881921 -0.471397 0
vn -0.77301 -0.634393 0
vn -0.634393 -0.77301 0
vn -0.471397 -0.881921 0
vn -0.290285 -0.95694 0
vn -0.098017 -0.995185 0
vn 0.098017 -0.995185 0
vn 0.290285 -0.95694 0
vn 0.471397 -0.881921 0
vn 0.634393 -0.77301 0
vn 0.77301 -0.634393 0
vn 0.881921 -0.471397 0
vn 0.95694 -0.290285 0
vn 0.995185 -0.098017 0
vn 0 0 1
f 2549/7223/1077 2550/7224/1077 2582/7225/1077 2581/7226/1077
f 2550/7227/1077 2551/7228/1077 2583/7229/1077 2582/7230/1077
f 2551/7231/1077 2552/7232/1077 2584/7233/1077 2583/7234/1077
f 2552/7235/1077 2553/7236/1077 2585/7237/1077 2584/7238/1077
f 2553/7239/1077 2554/7240/1077 2586/7241/1077 2585/7242/1077
f 2554/7243/1077 2555/7244/1077 2587/7245/1077 2586/7246/1077
f 2555/7247/1077 2556/7248/1077 2588/7249/1077 2587/7250/1077
f 2556/7251/1077 2557/7252/1077 2589/7253/1077 2588/7254/1077
f 2557/7255/1077 2558/7256/1077 2590/7257/1077 2589/7258/1077
f 2558/7259/1077 2559/7260/1077 2591/7261/1077 2590/7262/1077
f 2559/7263/1077 2560/7264/1077 2592/7265/1077 2591/7266/1077
f 2560/7267/1077 2561/7268/1077 2593/7269/1077 2592/7270/1077
f 2561/7271/1077 2562/7272/1077 2594/7273/1077 2593/7274/1077
f 2562/7275/1077 2563/7276/1077 2595/7277/1077 2594/7278/1077
f 2563/7279/1077 2564/7280/1077 2596/7281/1077 2595/7282/1077
f 2564/7283/1077 2565/7284/1077 2597/7285/1077 2596/7286/1077
f 2565/7287/1077 2566/7288/1077 2598/7289/1077 2597/7290/1077
f 2566/7291/1077 2567/7292/1077 2599/7293/1077 2598/7294/1077
f 2567/7295/1077 2568/7296/1077 2600/7297/1077 2599/7298/1077
f 2568/7299/1077 2569/7300/1077 2601/7301/1077 2600/7302/1077
f 2569/7303/1077 2570/7304/1077 2602/7305/1077 2601/7306/1077
f 2570/7307/1077 2571/7308/1077 2603/7309/1077 2602/7310/1077
f 2571/7311/1077 2572/7312/1077 2604/7313/1077 2603/7314/1077
f 2572/7315/1077 2573/7316/1077 2605/7317/1077 2604/7318/1077
f 2573/7319/1077 2574/7320/1077 2606/7321/1077 2605/7322/1077
f 2574/7323/1077 2575/7324/1077 2607/7325/1077 2606/7326/1077
f 2575/7327/1077 2576/7328/1077 2608/7329/1077 2607/7330/1077
f 2576/7331/1077 2577/7332/1077 2609/7333/1077 2608/7334/1077
f 2577/7335/1077 2578/7336/1077 2610/7337/1077 2609/7338/1077
f 2578/7339/1077 2579/7340/1077 2611/7341/1077 2610/7342/1077
f 2579/7343/1077 2580/7344/1077 2612/7345/1077 2611/7346/1077
f 2580/7347/1077 2549/7348/1077 2581/7349/1077 2612/7350/1077
f 2581/7351/1078 2582/7352/1079 2614/7353/1079 2613/7354/1078
f 2582/7355/1079 2583/7356/1080 2615/7357/1080 2614/7358/1079
f 2583/7359/1080 2584/7360/1081 2616/7361/1081 2615/7362/1080
f 2584/7363/1081 2585/7364/1082 2617/7365/1082 2616/7366/1081
f 2585/7367/1082 2586/7368/1083 2618/7369/1083 2617/7370/1082
f 2586/7371/1083 2587/7372/1084 2619/7373/1084 2618/7374/1083
f 2587/7375/1084 2588/7376/1085 2620/7377/1085 2619/7378/1084
f 2588/7379/1085 2589/7380/1086 2621/7381/1086 2620/7382/1085
f 2589/7383/1086 2590/7384/1087 2622/7385/1087 2621/7386/1086
f 2590/7387/1087 2591/7388/1088 2623/7389/1088 2622/7390/1087
f 2591/7391/1088 2592/7392/1089 2624/7393/1089 2623/7394/1088
f 2592/7395/1089 2593/7396/1090 2625/7397/1090 2624/7398/1089
f 2593/7399/1090 2594/7400/1091 2626/7401/1091 2625/7402/1090
f 2594/7403/1091 2595/7404/1092 2627/7405/1092 2626/7406/1091
f 2595/7407/1092 2596/7408/1093 2628/7409/1093 2627/7410/1092
f 2596/7411/1093 2597/7412/1094 2629/7413/1094 2628/7414/1093
f 2597/7415/1094 2598/7416/1095 2630/7417/1095 2629/7418/1094
f 2598/7419/1095 2599/7420/1096 2631/7421/1096 2630/7422/1095
f 2599/7423/1096 2600/7424/1097 2632/7425/1097 2631/7426/1096
f 2600/7427/1097 2601/7428/1098 2633/7429/1098 2632/7430/1097
f 2601/7431/1098 2602/7432/1099 2634/7433/1099 2633/7434/1098
f 2602/7435/1099 2603/7436/1100 2635/7437/1100 2634/7438/1099
f 2603/7439/1100 2604/7440/1101 2636/7441/1101 2635/7442/1100
f 2604/7443/1101 2605/7444/1102 2637/7445/1102 2636/7446/1101
f 2605/7447/1102 2606/7448/1103 2638/7449/1103 2637/7450/1102
f 2606/7451/1103 2607/7452/1104 2639/7453/1104 2638/7454/1103
f 2607/7455/1104 2608/7456/1105 2640/7457/1105 2639/7458/1104
f 2608/7459/1105 2609/7460/1106 2641/7461/1106 2640/7462/1105
f 2609/7463/1106 2610/7464/1107 2642/7465/1107 2641/7466/1106
f 2610/7467/1107 2611/7468/1108 2643/7469/1108 2642/7470/1107
f 2611/7471/1108 2612/7472/1109 2644/7473/1109 2643/7474/1108
f 2612/7475/1109 2581/7476/1078 2613/7477/1078 2644/7478/1109
f 2613/7479/1110 2614/7480/1110 2646/7481/1110 2645/7482/1110
f 2614/7483/1110 2615/7484/1110 2647/7485/1110 2646/7486/1110
f 2615/7487/1110 2616/7488/1110 2648/7489/1110 2647/7490/1110
f 2616/7491/1110 2617/7492/1110 2649/7493/1110 2648/7494/1110
f 2617/7495/1110 2618/7496/1110 2650/7497/1110 2649/7498/1110
f 2618/7499/1110 2619/7500/1110 2651/7501/1110 2650/7502/1110
f 2619/7503/1110 2620/7504/1110 2652/7505/1110 2651/7506/1110
f 2620/7507/1110 2621/7508/1110 2653/7509/1110 2652/7510/1110
f 2621/7511/1110 2622/7512/1110 2654/7513/1110 2653/7514/1110
f 2622/7515/1110 2623/7516/1110 2655/7517/1110 2654/7518/1110
f 2623/7519/1110 2624/7520/1110 2656/7521/1110 2655/7522/1110
f 2624/7523/1110 2625/7524/1110 2657/7525/1110 2656/7526/1110
f 2625/7527/1110 2626/7528/1110 2658/7529/1110 2657/7530/1110
f 2626/7531/1110 2627/7532/1110 2659/7533/1110 2658/7534/1110
f 2627/7535/1110 2628/7536/1110 2660/7537/1110 2659/7538/1110
f 2628/7539/1110 2629/7540/1110 2661/7541/1110 2660/7542/1110
f 2629/7543/1110 2630/7544/1110 2662/7545/1110 2661/7546/1110
f 2630/7547/1110 2631/7548/1110 2663/7549/1110 2662/7550/1110
f 2631/7551/1110 2632/7552/1110 2664/7553/1110 2663/7554/1110
f 2632/7555/1110 2633/7556/1110 2665/7557/1110 2664/7558/1110
f 2633/7559/1110 2634/7560/1110 2666/7561/1110 2665/7562/1110
f 2634/7563/1110 2635/7564/1110 2667/7565/1110 2666/7566/1110
f 2635/7567/1110 2636/7568/1110 2668/7569/1110 2667/7570/1110
f 2636/7571/1110 2637/7572/1110 2669/7573/1110 2668/7574/1110
f 2637/7575/1110 2638/7576/1110 2670/7577/1110 2669/7578/1110
f 2638/7579/1110 2639/7580/1110 2671/7581/1110 2670/7582/1110
f 2639/7583/1110 2640/7584/1110 2672/7585/1110 2671/7586/1110
f 2640/7587/1110 2641/7588/1110 2673/7589/1110 2672/7590/1110
f 2641/7591/1110 2642/7592/1110 2674/7593/1110 2673/7594/1110
f 2642/7595/1110 2643/7596/1110 2675/7597/1110 2674/7598/1110
f 2643/7599/1110 2644/7600/1110 2676/7601/1110 2675/7602/1110
f 2644/7603/1110 2613/7604/1110 2645/7605/1110 2676/7606/1110
o body_elbow
usemtl intake_pump
v 0.617734 0.3845 -0.3625
v 0.609711 0.354556 -0.3625
v 0.594211 0.32771 -0.3625
v 0.57229 0.305789 -0.3625
v 0.545444 0.290289 -0.3625
v 0.5155 0.282266 -0.3625
v 0.4845 0.282266 -0.3625
v 0.454556 0.290289 -0.3625
v 0.42771 0.305789 -0.3625
v 0.405789 0.32771 -0.3625
v 0.390289 0.354556 -0.3625
v 0.382266 0.3845 -0.3625
v 0.382266 0.4155 -0.3625
v 0.390289 0.445444 -0.3625
v 0.405789 0.47229 -0.3625
v 0.42771 0.494211 -0.3625
v 0.454556 0.509711 -0.3625
v 0.4845 0.517734 -0.3625
v 0.5155 0.517734 -0.3625
v 0.545444 0.509711 -0.3625
v 0.57229 0.494211 -0.3625
v 0.594211 0.47229 -0.3625
v 0.609711 0.445444 -0.3625
v 0.617734 0.4155 -0.3625
v 0.617734 0.383456 -0.378424
v 0.609711 0.353769 -0.374516
v 0.594211 0.327152 -0.371012
v 0.57229 0.305419 -0.36815
v 0.545444 0.290052 -0.366127
v 0.5155 0.282097 -0.36508
v 0.4845 0.282097 -0.36508
v 0.454556 0.290052 -0.366127
v 0.42771 0.305419 -0.36815
v 0.405789 0.327152 -0.371012
v 0.390289 0.353769 -0.374516
v 0.382266 0.383456 -0.378424
v 0.382266 0.414191 -0.382471
v 0.390289 0.443879 -0.386379
v 0.405789 0.470496 -0.389883
v 0.42771 0.492228 -0.392744
v 0.454556 0.507596 -0.394767
v 0.4845 0.515551 -0.395815
v 0.5155 0.515551 -0.395815
v 0.545444 0.507596 -0.394767
v 0.57229 0.492228 -0.392744
v 0.594211 0.470496 -0.389883
v 0.609711 0.443879 -0.386379
v 0.617734 0.414191 -0.382471
v 0.617734 0.380343 -0.394076
v 0.609711 0.35142 -0.386326
v 0.594211 0.325488 -0.379377
v 0.57229 0.304314 -0.373704
v 0.545444 0.289342 -0.369692
v 0.5155 0.281592 -0.367616
v 0.4845 0.281592 -0.367616
v 0.454556 0.289342 -0.369692
v 0.42771 0.304314 -0.373704
v 0.405789 0.325488 -0.379377
v 0.390289 0.35142 -0.386326
v 0.382266 0.380343 -0.394076
v 0.382266 0.410287 -0.402099
v 0.390289 0.43921 -0.409849
v 0.405789 0.465142 -0.416798
v 0.42771 0.486315 -0.422471
v 0.454556 0.501287 -0.426483
v 0.4845 0.509037 -0.428559
v 0.5155 0.509037 -0.428559
v 0.545444 0.501287 -0.426483
v 0.57229 0.486315 -0.422471
v 0.594211 0.465142 -0.416798
v 0.609711 0.43921 -0.409849
v 0.617734 0.410287 -0.402099
v 0.617734 0.375213 -0.409187
v 0.609711 0.347549 -0.397728
v 0.594211 0.322746 -0.387455
v 0.57229 0.302494 -0.379066
v 0.545444 0.288174 -0.373135
v 0.5155 0.280761 -0.370064
v 0.4845 0.280761 -0.370064
v 0.454556 0.288174 -0.373135
v 0.42771 0.302494 -0.379066
v 0.405789 0.322746 -0.387455
v 0.390289 0.347549 -0.397728
v 0.382266 0.375213 -0.409187
v 0.382266 0.403854 -0.421051
v 0.390289 0.431518 -0.43251
v 0.405789 0.456321 -0.442783
v 0.42771 0.476573 -0.451172
v 0.454556 0.490893 -0.457103
v 0.4845 0.498306 -0.460174
v 0.5155 0.498306 -0.460174
v 0.545444 0.490893 -0.457103
v 0.57229 0.476573 -0.451172
v 0.594211 0.456321 -0.442783
v 0.609711 0.431518 -0.43251
v 0.617734 0.403854 -0.421051
v 0.617734 0.368155 -0.4235
v 0.609711 0.342223 -0.408528
v 0.594211 0.318973 -0.395105
v 0.57229 0.29999 -0.384145
v 0.545444 0.286566 -0.376395
v 0.5155 0.279618 -0.372383
v 0.4845 0.279618 -0.372383
v 0.454556 0.286566 -0.376395
v 0.42771 0.29999 -0.384145
v 0.405789 0.318973 -0.395105
v 0.390289 0.342223 -0.408528
v 0.382266 0.368155 -0.4235
v 0.382266 0.395002 -0.439
v 0.390289 0.420934 -0.453972
v 0.405789 0.444184 -0.467395
v 0.42771 0.463167 -0.478355
v 0.454556 0.476591 -0.486105
v 0.4845 0.483539 -0.490117
v 0.5155 0.483539 -0.490117
v 0.545444 0.476591 -0.486105
v 0.57229 0.463167 -0.478355
v 0.594211 0.444184 -0.467395
v 0.609711 0.420934 -0.453972
v 0.617734 0.395002 -0.439
v 0.617734 0.359289 -0.436769
v 0.609711 0.335533 -0.41854
v 0.594211 0.314234 -0.402197
v 0.57229 0.296844 -0.388853
v 0.545444 0.284547 -0.379417
v 0.5155 0.278181 -0.374533
v 0.4845 0.278181 -0.374533
v 0.454556 0.284547 -0.379417
v 0.42771 0.296844 -0.388853
v 0.405789 0.314234 -0.402197
v 0.390289 0.335533 -0.41854
v 0.382266 0.359289 -0.436769
v 0.382266 0.383883 -0.45564
v 0.390289 0.407639 -0.473869
v 0.405789 0.428938 -0.490212
v 0.42771 0.446328 -0.503557
v 0.454556 0.458625 -0.512992
v 0.4845 0.464991 -0.517877
v 0.5155 0.464991 -0.517877
v 0.545444 0.458625 -0.512992
v 0.57229 0.446328 -0.503557
v 0.594211 0.428938 -0.490212
v 0.609711 0.407639 -0.473869
v 0.617734 0.383883 -0.45564
v 0.617734 0.348767 -0.448767
v 0.609711 0.327594 -0.427594
v 0.594211 0.30861 -0.40861
v 0.57229 0.29311 -0.39311
v 0.545444 0.28215 -0.38215
v 0.5155 0.276477 -0.376477
v 0.4845 0.276477 -0.376477
v 0.454556 0.28215 -0.38215
v 0.42771 0.29311 -0.39311
v 0.405789 0.30861 -0.40861
v 0.390289 0.327594 -0.427594
v 0.382266 0.348767 -0.448767
v 0.382266 0.370687 -0.470687
v 0.390289 0.391861 -0.491861
v 0.405789 0.410844 -0.510844
v 0.42771 0.426344 -0.526344
v 0.454556 0.437304 -0.537304
v 0.4845 0.442978 -0.542978
v 0.5155 0.442978 -0.542978
v 0.545444 0.437304 -0.537304
v 0.57229 0.426344 -0.526344
v 0.594211 0.410844 -0.510844
v 0.609711 0.391861 -0.491861
v 0.617734 0.370687 -0.470687
v 0.617734 0.336769 -0.459289
v 0.609711 0.31854 -0.435533
v 0.594211 0.302197 -0.414234
v 0.57229 0.288853 -0.396844
v 0.545444 0.279417 -0.384547
v 0.5155 0.274533 -0.378181
v 0.4845 0.274533 -0.378181
v 0.454556 0.279417 -0.384547
v 0.42771 0.288853 -0.396844
v 0.405789 0.302197 -0.414234
v 0.390289 0.31854 -0.435533
v 0.382266 0.336769 -0.459289
v 0.382266 0.35564 -0.483883
v 0.390289 0.373869 -0.507639
v 0.405789 0.390212 -0.528938
v 0.42771 0.403557 -0.546328
v 0.454556 0.412992 -0.558625
v 0.4845 0.417877 -0.564991
v 0.5155 0.417877 -0.564991
v 0.545444 0.412992 -0.558625
v 0.57229 0.403557 -0.546328
v 0.594211 0.390212 -0.528938
v 0.609711 0.373869 -0.507639
v 0.617734 0.35564 -0.483883
v 0.617734 0.3235 -0.468155
v 0.609711 0.308528 -0.442223
v 0.594211 0.295105 -0.418973
v 0.57229 0.284145 -0.39999
v 0.545444 0.276395 -0.386566
v 0.5155 0.272383 -0.379618
v 0.4845 0.272383 -0.379618
v 0.454556 0.276395 -0.386566
v 0.42771 0.284145 -0.39999
v 0.405789 0.295105 -0.418973
v 0.390289 0.308528 -0.442223
v 0.382266 0.3235 -0.468155
v 0.382266 0.339 -0.495002
v 0.390289 0.353972 -0.520934
v 0.405789 0.367395 -0.544184
v 0.42771 0.378355 -0.563167
v 0.454556 0.386105 -0.576591
v 0.4845 0.390117 -0.583539
v 0.5155 0.390117 -0.583539
v 0.545444 0.386105 -0.576591
v 0.57229 0.378355 -0.563167
v 0.594211 0.367395 -0.544184
v 0.609711 0.353972 -0.520934
v 0.617734 0.339 -0.495002
v 0.617734 0.309187 -0.475213
v 0.609711 0.297728 -0.447549
v 0.594211 0.287455 -0.422746
v 0.57229 0.279066 -0.402494
v 0.545444 0.273135 -0.388174
v 0.5155 0.270064 -0.380761
v 0.4845 0.270064 -0.380761
v 0.454556 0.273135 -0.388174
v 0.42771 0.279066 -0.402494
v 0.405789 0.287455 -0.422746
v 0.390289 0.297728 -0.447549
v 0.382266 0.309187 -0.475213
v 0.382266 0.321051 -0.503854
v 0.390289 0.33251 -0.531518
v 0.405789 0.342783 -0.556321
v 0.42771 0.351172 -0.576573
v 0.454556 0.357103 -0.590893
v 0.4845 0.360174 -0.598306
v 0.5155 0.360174 -0.598306
v 0.545444 0.357103 -0.590893
v 0.57229 0.351172 -0.576573
v 0.594211 0.342783 -0.556321
v 0.609711 0.33251 -0.531518
v 0.617734 0.321051 -0.503854
v 0.617734 0.294076 -0.480343
v 0.609711 0.286326 -0.45142
v 0.594211 0.279377 -0.425488
v 0.57229 0.273704 -0.404314
v 0.545444 0.269692 -0.389342
v 0.5155 0.267616 -0.381592
v 0.4845 0.267616 -0.381592
v 0.454556 0.269692 -0.389342
v 0.42771 0.273704 -0.404314
v 0.405789 0.279377 -0.425488
v 0.390289 0.286326 -0.45142
v 0.382266 0.294076 -0.480343
v 0.382266 0.302099 -0.510287
v 0.390289 0.309849 -0.53921
v 0.405789 0.316798 -0.565142
v 0.42771 0.322471 -0.586315
v 0.454556 0.326483 -0.601287
v 0.4845 0.328559 -0.609037
v 0.5155 0.328559 -0.609037
v 0.545444 0.326483 -0.601287
v 0.57229 0.322471 -0.586315
v 0.594211 0.316798 -0.565142
v 0.609711 0.309849 -0.53921
v 0.617734 0.302099 -0.510287
v 0.617734 0.278424 -0.483456
v 0.609711 0.274516 -0.453769
v 0.594211 0.271012 -0.427152
v 0.57229 0.26815 -0.405419
v 0.545444 0.266127 -0.390052
v 0.5155 0.26508 -0.382097
v 0.4845 0.26508 -0.382097
v 0.454556 0.266127 -0.390052
v 0.42771 0.26815 -0.405419
v 0.405789 0.271012 -0.427152
v 0.390289 0.274516 -0.453769
v 0.382266 0.278424 -0.483456
v 0.382266 0.282471 -0.514191
v 0.390289 0.286379 -0.543879
v 0.405789 0.289883 -0.570496
v 0.42771 0.292744 -0.592228
v 0.454556 0.294767 -0.607596
v 0.4845 0.295815 -0.615551
v 0.5155 0.295815 -0.615551
v 0.545444 0.294767 -0.607596
v 0.57229 0.292744 -0.592228
v 0.594211 0.289883 -0.570496
v 0.609711 0.286379 -0.543879
v 0.617734 0.282471 -0.514191
v 0.617734 0.2625 -0.4845
v 0.609711 0.2625 -0.454556
v 0.594211 0.2625 -0.42771
v 0.57229 0.2625 -0.405789
v 0.545444 0.2625 -0.390289
v 0.5155 0.2625 -0.382266
v 0.4845 0.2625 -0.382266
v 0.454556 0.2625 -0.390289
v 0.42771 0.2625 -0.405789
v 0.405789 0.2625 -0.42771
v 0.390289 0.2625 -0.454556
v 0.382266 0.2625 -0.4845
v 0.382266 0.2625 -0.5155
v 0.390289 0.2625 -0.545444
v 0.405789 0.2625 -0.57229
v 0.42771 0.2625 -0.594211
v 0.454556 0.2625 -0.609711
v 0.4845 0.2625 -0.617734
v 0.5155 0.2625 -0.617734
v 0.545444 0.2625 -0.609711
v 0.57229 0.2625 -0.594211
v 0.594211 0.2625 -0.57229
v 0.609711 0.2625 -0.545444
v 0.617734 0.2625 -0.5155
vt 0.824961 0.556287
vt 0.825048 0.561954
vt 0.822869 0.562097
vt 0.822072 0.556476
vt 0.793906 0.354974
vt 0.793952 0.36066
vt 0.792409 0.360751
vt 0.791727 0.355102
vt 0.38683 0.285622
vt 0.38114 0.285645
vt 0.381091 0.284616
vt 0.386756 0.284073
vt 0.090516 0.161597
vt 0.084826 0.161621
vt 0.084803 0.160964
vt 0.090481 0.160573
vt 0.232815 0.063959
vt 0.227124 0.063965
vt 0.227116 0.063494
vt 0.232804 0.063297
vt 0.686844 0.033691
vt 0.681152 0.033691
vt 0.681152 0.033221
vt 0.686844 0.033221
vt 0.241531 0.063965
vt 0.23584 0.063959
vt 0.235851 0.063297
vt 0.241539 0.063494
vt 0.080397 0.161621
vt 0.074707 0.161597
vt 0.074742 0.160573
vt 0.08042 0.160964
vt 0.395827 0.285645
vt 0.390137 0.285622
vt 0.390211 0.284073
vt 0.395876 0.284616
vt 0.778327 0.358083
vt 0.778281 0.36377
vt 0.776102 0.363641
vt 0.776784 0.357993
vt 0.851415 0.572946
vt 0.851328 0.578613
vt 0.84844 0.578424
vt 0.849236 0.572804
vt 0.137039 0.61084
vt 0.131348 0.61084
vt 0.131588 0.607173
vt 0.137231 0.607916
vt 0.074676 0.643259
vt 0.074589 0.648926
vt 0.070258 0.648643
vt 0.071054 0.643022
vt 0.997014 0.456716
vt 0.996968 0.462402
vt 0.992002 0.46211
vt 0.992683 0.456461
vt 0.58269 0.385423
vt 0.582668 0.391113
vt 0.577162 0.39085
vt 0.577705 0.385185
vt 0.114616 0.345384
vt 0.114592 0.351074
vt 0.108743 0.350874
vt 0.109134 0.345196
vt 0.198441 0.289719
vt 0.198435 0.29541
vt 0.192355 0.295304
vt 0.192553 0.289616
vt 0.305881 0.224289
vt 0.305881 0.22998
vt 0.299804 0.22998
vt 0.299804 0.224289
vt 0.176951 0.288805
vt 0.176957 0.294497
vt 0.171068 0.294599
vt 0.170871 0.288911
vt 0.140959 0.342441
vt 0.140983 0.348132
vt 0.135501 0.34832
vt 0.13511 0.342642
vt 0.557277 0.381696
vt 0.557299 0.387386
vt 0.552315 0.387624
vt 0.551771 0.381959
vt 0.965718 0.447993
vt 0.965764 0.453679
vt 0.961433 0.453934
vt 0.960752 0.448285
vt 0.111698 0.615571
vt 0.111785 0.621238
vt 0.108163 0.621475
vt 0.107367 0.615854
vt 0.190687 0.61084
vt 0.184996 0.61084
vt 0.184804 0.607916
vt 0.190447 0.607173
vt 0.822072 0.556476
vt 0.822869 0.562097
vt 0.820718 0.562522
vt 0.819223 0.557039
vt 0.791727 0.355102
vt 0.792409 0.360751
vt 0.790873 0.361022
vt 0.78956 0.355485
vt 0.386756 0.284073
vt 0.381091 0.284616
vt 0.380945 0.283588
vt 0.386536 0.282524
vt 0.090481 0.160573
vt 0.084803 0.160964
vt 0.084736 0.160301
vt 0.090376 0.15954
vt 0.232804 0.063297
vt 0.227116 0.063494
vt 0.227091 0.06302
vt 0.232769 0.06263
vt 0.686844 0.033221
vt 0.681152 0.033221
vt 0.681152 0.032746
vt 0.686844 0.032746
vt 0.241539 0.063494
vt 0.235851 0.063297
vt 0.235886 0.06263
vt 0.241564 0.06302
vt 0.08042 0.160964
vt 0.074742 0.160573
vt 0.074847 0.15954
vt 0.080487 0.160301
vt 0.395876 0.284616
vt 0.390211 0.284073
vt 0.390431 0.282524
vt 0.396022 0.283588
vt 0.776784 0.357993
vt 0.776102 0.363641
vt 0.773935 0.363259
vt 0.775248 0.357722
vt 0.849236 0.572804
vt 0.84844 0.578424
vt 0.84559 0.577861
vt 0.847086 0.572379
vt 0.137231 0.607916
vt 0.131588 0.607173
vt 0.132305 0.60357
vt 0.137802 0.605043
vt 0.071054 0.643022
vt 0.070258 0.648643
vt 0.065985 0.647798
vt 0.06748 0.642315
vt 0.992683 0.456461
vt 0.992002 0.46211
vt 0.987063 0.461239
vt 0.988377 0.455701
vt 0.577705 0.385185
vt 0.577162 0.39085
vt 0.571659 0.390066
vt 0.572723 0.384475
vt 0.109134 0.345196
vt 0.108743 0.350874
vt 0.102846 0.350276
vt 0.103607 0.344635
vt 0.192553 0.289616
vt 0.192355 0.295304
vt 0.186234 0.294988
vt 0.186624 0.28931
vt 0.299804 0.224289
vt 0.299804 0.22998
vt 0.293675 0.22998
vt 0.293675 0.224289
vt 0.170871 0.288911
vt 0.171068 0.294599
vt 0.165139 0.294906
vt 0.16475 0.289228
vt 0.13511 0.342642
vt 0.135501 0.34832
vt 0.129974 0.34888
vt 0.129213 0.34324
vt 0.551771 0.381959
vt 0.552315 0.387624
vt 0.547332 0.388334
vt 0.546268 0.382743
vt 0.960752 0.448285
vt 0.961433 0.453934
vt 0.957127 0.454694
vt 0.955813 0.449157
vt 0.107367 0.615854
vt 0.108163 0.621475
vt 0.10459 0.622182
vt 0.103094 0.616699
vt 0.190447 0.607173
vt 0.184804 0.607916
vt 0.184233 0.605043
vt 0.18973 0.60357
vt 0.819223 0.557039
vt 0.820718 0.562522
vt 0.818634 0.563222
vt 0.816461 0.557968
vt 0.78956 0.355485
vt 0.790873 0.361022
vt 0.789373 0.361468
vt 0.787442 0.356115
vt 0.386536 0.282524
vt 0.380945 0.283588
vt 0.380703 0.282578
vt 0.386172 0.281002
vt 0.090376 0.15954
vt 0.084736 0.160301
vt 0.084625 0.159644
vt 0.090204 0.158517
vt 0.232769 0.06263
vt 0.227091 0.06302
vt 0.227051 0.062551
vt 0.232712 0.061971
vt 0.686844 0.032746
vt 0.681152 0.032746
vt 0.681152 0.032275
vt 0.686844 0.032275
vt 0.241564 0.06302
vt 0.235886 0.06263
vt 0.235943 0.061971
vt 0.241604 0.062551
vt 0.080487 0.160301
vt 0.074847 0.15954
vt 0.075019 0.158517
vt 0.080598 0.159644
vt 0.396022 0.283588
vt 0.390431 0.282524
vt 0.390795 0.281002
vt 0.396264 0.282578
vt 0.775248 0.357722
vt 0.773935 0.363259
vt 0.771817 0.362629
vt 0.773748 0.357275
vt 0.847086 0.572379
vt 0.84559 0.577861
vt 0.842828 0.576933
vt 0.845001 0.571678
vt 0.137802 0.605043
vt 0.132305 0.60357
vt 0.133486 0.60009
vt 0.138744 0.602268
vt 0.06748 0.642315
vt 0.065985 0.647798
vt 0.061843 0.646406
vt 0.064016 0.641151
vt 0.988377 0.455701
vt 0.987063 0.461239
vt 0.982237 0.459803
vt 0.984168 0.454449
vt 0.572723 0.384475
vt 0.571659 0.390066
vt 0.566253 0.388775
vt 0.567828 0.383306
vt 0.103607 0.344635
vt 0.102846 0.350276
vt 0.097001 0.34929
vt 0.098128 0.343712
vt 0.186624 0.28931
vt 0.186234 0.294988
vt 0.180176 0.294467
vt 0.180756 0.288805
vt 0.293675 0.224289
vt 0.293675 0.22998
vt 0.287598 0.22998
vt 0.287598 0.224289
vt 0.16475 0.289228
vt 0.165139 0.294906
vt 0.159272 0.29541
vt 0.158691 0.289749
vt 0.129213 0.34324
vt 0.129974 0.34888
vt 0.124495 0.349804
vt 0.123368 0.344225
vt 0.546268 0.382743
vt 0.547332 0.388334
vt 0.542437 0.389504
vt 0.540862 0.384035
vt 0.955813 0.449157
vt 0.957127 0.454694
vt 0.952918 0.455946
vt 0.950987 0.450593
vt 0.103094 0.616699
vt 0.10459 0.622182
vt 0.101126 0.623346
vt 0.098952 0.618091
vt 0.18973 0.60357
vt 0.184233 0.605043
vt 0.183291 0.602268
vt 0.188549 0.60009
vt 0.816461 0.557968
vt 0.818634 0.563222
vt 0.816652 0.564186
vt 0.813833 0.559245
vt 0.787442 0.356115
vt 0.789373 0.361468
vt 0.787934 0.362082
vt 0.78541 0.356982
vt 0.386172 0.281002
vt 0.380703 0.282578
vt 0.380371 0.281603
vt 0.385672 0.279534
vt 0.090204 0.158517
vt 0.084625 0.159644
vt 0.084473 0.159004
vt 0.089966 0.15752
vt 0.410677 0.074995
vt 0.405027 0.075684
vt 0.404963 0.075217
vt 0.410586 0.074339
vt 0.669266 0.033691
vt 0.663574 0.033691
vt 0.663574 0.033221
vt 0.669266 0.033221
vt 0.400669 0.075684
vt 0.39502 0.074995
vt 0.39511 0.074339
vt 0.400734 0.075217
vt 0.080598 0.159644
vt 0.075019 0.158517
vt 0.075257 0.15752
vt 0.08075 0.159004
vt 0.396264 0.282578
vt 0.390795 0.281002
vt 0.391295 0.279534
vt 0.396596 0.281603
vt 0.773748 0.357275
vt 0.771817 0.362629
vt 0.769785 0.361762
vt 0.772309 0.356661
vt 0.845001 0.571678
vt 0.842828 0.576933
vt 0.8402 0.575655
vt 0.843019 0.570714
vt 0.138744 0.602268
vt 0.133486 0.60009
vt 0.135111 0.596795
vt 0.14004 0.599641
vt 0.064016 0.641151
vt 0.061843 0.646406
vt 0.057903 0.64449
vt 0.060721 0.639549
vt 0.984168 0.454449
vt 0.982237 0.459803
vt 0.977605 0.457827
vt 0.980129 0.452726
vt 0.567828 0.383306
vt 0.566253 0.388775
vt 0.561035 0.386997
vt 0.563104 0.381696
vt 0.098128 0.343712
vt 0.097001 0.34929
vt 0.091309 0.347935
vt 0.092793 0.342441
vt 0.06509 0.345425
vt 0.064401 0.351074
vt 0.058378 0.35024
vt 0.059256 0.344617
vt 0.311741 0.2155
vt 0.311741 0.221191
vt 0.305664 0.221191
vt 0.305664 0.2155
vt 0.086862 0.342397
vt 0.087551 0.348047
vt 0.081717 0.348855
vt 0.080839 0.343231
vt 0.123368 0.344225
vt 0.124495 0.349804
vt 0.11916 0.351074
vt 0.117676 0.345581
vt 0.540862 0.384035
vt 0.542437 0.389504
vt 0.537713 0.391113
vt 0.535645 0.385813
vt 0.950987 0.450593
vt 0.952918 0.455946
vt 0.948879 0.457669
vt 0.946355 0.452569
vt 0.098952 0.618091
vt 0.101126 0.623346
vt 0.097831 0.624948
vt 0.095012 0.620006
vt 0.188549 0.60009
vt 0.183291 0.602268
vt 0.181995 0.599641
vt 0.186924 0.596795
vt 0.813833 0.559245
vt 0.816652 0.564186
vt 0.814805 0.565397
vt 0.811385 0.560849
vt 0.78541 0.356982
vt 0.787934 0.362082
vt 0.786579 0.362854
vt 0.783497 0.358071
vt 0.290261 0.325247
vt 0.285097 0.327637
vt 0.284624 0.326722
vt 0.289548 0.323869
vt 0.229703 0.192946
vt 0.224332 0.194824
vt 0.224096 0.19421
vt 0.229336 0.191989
vt 0.410586 0.074339
vt 0.404963 0.075217
vt 0.404881 0.074749
vt 0.410472 0.073682
vt 0.669266 0.033221
vt 0.663574 0.033221
vt 0.663574 0.032746
vt 0.669266 0.032746
vt 0.400734 0.075217
vt 0.39511 0.074339
vt 0.395224 0.073682
vt 0.400815 0.074749
vt 0.238282 0.194824
vt 0.23291 0.192946
vt 0.233277 0.191989
vt 0.238517 0.19421
vt 0.277137 0.327637
vt 0.271973 0.325247
vt 0.272685 0.323869
vt 0.27761 0.326722
vt 0.772309 0.356661
vt 0.769785 0.361762
vt 0.767872 0.360673
vt 0.770954 0.35589
vt 0.843019 0.570714
vt 0.8402 0.575655
vt 0.837753 0.574051
vt 0.841172 0.569504
vt 0.14004 0.599641
vt 0.135111 0.596795
vt 0.137152 0.59374
vt 0.141668 0.597205
vt 0.060721 0.639549
vt 0.057903 0.64449
vt 0.054232 0.642084
vt 0.057651 0.637537
vt 0.980129 0.452726
vt 0.977605 0.457827
vt 0.973247 0.455344
vt 0.976329 0.450562
vt 0.589191 0.498254
vt 0.586802 0.503418
vt 0.581906 0.500887
vt 0.584758 0.495962
vt 0.197181 0.457031
vt 0.195303 0.462402
vt 0.189839 0.460306
vt 0.19206 0.455066
vt 0.059256 0.344617
vt 0.058378 0.35024
vt 0.052339 0.349192
vt 0.053407 0.343602
vt 0.305664 0.2155
vt 0.305664 0.221191
vt 0.299534 0.221191
vt 0.299534 0.2155
vt 0.080839 0.343231
vt 0.081717 0.348855
vt 0.075868 0.34987
vt 0.0748 0.344279
vt 0.22167 0.447132
vt 0.223548 0.452504
vt 0.218428 0.454469
vt 0.216207 0.449229
vt 0.563364 0.48671
vt 0.565754 0.491874
vt 0.561321 0.494166
vt 0.558468 0.489242
vt 0.946355 0.452569
vt 0.948879 0.457669
vt 0.945079 0.459834
vt 0.941997 0.455051
vt 0.095012 0.620006
vt 0.097831 0.624948
vt 0.094761 0.62696
vt 0.091342 0.622412
vt 0.186924 0.596795
vt 0.181995 0.599641
vt 0.180368 0.597205
vt 0.184883 0.59374
vt 0.811385 0.560849
vt 0.814805 0.565397
vt 0.813125 0.566834
vt 0.809159 0.562754
vt 0.783497 0.358071
vt 0.786579 0.362854
vt 0.785333 0.36377
vt 0.781738 0.359364
vt 0.289548 0.323869
vt 0.284624 0.326722
vt 0.284063 0.325848
vt 0.288703 0.322553
vt 0.229336 0.191989
vt 0.224096 0.19421
vt 0.223816 0.193605
vt 0.2289 0.191047
vt 0.410472 0.073682
vt 0.404881 0.074749
vt 0.404785 0.074289
vt 0.410336 0.073034
vt 0.669266 0.032746
vt 0.663574 0.032746
vt 0.663574 0.032275
vt 0.669266 0.032275
vt 0.400815 0.074749
vt 0.395224 0.073682
vt 0.39536 0.073034
vt 0.400911 0.074289
vt 0.238517 0.19421
vt 0.233277 0.191989
vt 0.233713 0.191047
vt 0.238797 0.193605
vt 0.27761 0.326722
vt 0.272685 0.323869
vt 0.273531 0.322553
vt 0.278171 0.325848
vt 0.770954 0.35589
vt 0.767872 0.360673
vt 0.766113 0.35938
vt 0.769708 0.354974
vt 0.841172 0.569504
vt 0.837753 0.574051
vt 0.835526 0.572147
vt 0.839492 0.568067
vt 0.141668 0.597205
vt 0.137152 0.59374
vt 0.139575 0.590977
vt 0.143599 0.595002
vt 0.057651 0.637537
vt 0.054232 0.642084
vt 0.050894 0.639229
vt 0.054859 0.635149
vt 0.976329 0.450562
vt 0.973247 0.455344
vt 0.969238 0.452399
vt 0.972833 0.447993
vt 0.584758 0.495962
vt 0.581906 0.500887
vt 0.577229 0.497882
vt 0.580524 0.493242
vt 0.19206 0.455066
vt 0.189839 0.460306
vt 0.18446 0.457817
vt 0.187018 0.452733
vt 0.053407 0.343602
vt 0.052339 0.349192
vt 0.046387 0.347948
vt 0.047642 0.342397
vt 0.299534 0.2155
vt 0.299534 0.221191
vt 0.293457 0.221191
vt 0.293457 0.2155
vt 0.0748 0.344279
vt 0.075868 0.34987
vt 0.070103 0.351074
vt 0.068848 0.345523
vt 0.216207 0.449229
vt 0.218428 0.454469
vt 0.213385 0.456801
vt 0.210827 0.451717
vt 0.558468 0.489242
vt 0.561321 0.494166
vt 0.557086 0.496886
vt 0.553791 0.492246
vt 0.941997 0.455051
vt 0.945079 0.459834
vt 0.941583 0.462402
vt 0.937988 0.457996
vt 0.091342 0.622412
vt 0.094761 0.62696
vt 0.091969 0.629348
vt 0.088003 0.625268
vt 0.184883 0.59374
vt 0.180368 0.597205
vt 0.178436 0.595002
vt 0.18246 0.590977
vt 0.809159 0.562754
vt 0.813125 0.566834
vt 0.811641 0.568472
vt 0.807193 0.564925
vt 0.491286 0.387079
vt 0.487279 0.391113
vt 0.486128 0.39008
vt 0.489661 0.385621
vt 0.288703 0.322553
vt 0.284063 0.325848
vt 0.283423 0.32503
vt 0.287739 0.321321
vt 0.2289 0.191047
vt 0.223816 0.193605
vt 0.223497 0.19302
vt 0.228403 0.190136
vt 0.649958 0.13151
vt 0.644556 0.133301
vt 0.6444 0.132856
vt 0.649739 0.130885
vt 0.695633 0.033691
vt 0.689941 0.033691
vt 0.689941 0.033221
vt 0.695633 0.033221
vt 0.659211 0.133301
vt 0.653809 0.13151
vt 0.654027 0.130885
vt 0.659366 0.132856
vt 0.238797 0.193605
vt 0.233713 0.191047
vt 0.23421 0.190136
vt 0.239116 0.19302
vt 0.278171 0.325848
vt 0.273531 0.322553
vt 0.274495 0.321321
vt 0.278811 0.32503
vt 0.498636 0.391113
vt 0.494629 0.387079
vt 0.496254 0.385621
vt 0.499787 0.39008
vt 0.839492 0.568067
vt 0.835526 0.572147
vt 0.83356 0.569976
vt 0.838008 0.566429
vt 0.143599 0.595002
vt 0.139575 0.590977
vt 0.142337 0.588555
vt 0.145802 0.59307
vt 0.054859 0.635149
vt 0.050894 0.639229
vt 0.047945 0.635973
vt 0.052393 0.632426
vt 0.626566 0.503418
vt 0.622559 0.499384
vt 0.626261 0.496061
vt 0.629795 0.50052
vt 0.580524 0.493242
vt 0.577229 0.497882
vt 0.572851 0.494457
vt 0.57656 0.49014
vt 0.187018 0.452733
vt 0.18446 0.457817
vt 0.179256 0.45498
vt 0.18214 0.450074
vt 0.725376 0.402313
vt 0.723585 0.407715
vt 0.717845 0.405707
vt 0.719817 0.400368
vt 0.316623 0.260422
vt 0.316623 0.266113
vt 0.310546 0.266113
vt 0.310546 0.260422
vt 0.746046 0.395898
vt 0.747837 0.4013
vt 0.742278 0.403244
vt 0.740306 0.397905
vt 0.210827 0.451717
vt 0.213385 0.456801
vt 0.208508 0.459461
vt 0.205623 0.454555
vt 0.553791 0.492246
vt 0.557086 0.496886
vt 0.553123 0.499988
vt 0.549414 0.495672
vt 0.619507 0.499384
vt 0.6155 0.503418
vt 0.612271 0.50052
vt 0.615805 0.496061
vt 0.088003 0.625268
vt 0.091969 0.629348
vt 0.089502 0.632071
vt 0.085054 0.628524
vt 0.18246 0.590977
vt 0.178436 0.595002
vt 0.176233 0.59307
vt 0.179698 0.588555
vt 0.807193 0.564925
vt 0.811641 0.568472
vt 0.810378 0.570284
vt 0.805519 0.567326
vt 0.489661 0.385621
vt 0.486128 0.39008
vt 0.484855 0.38918
vt 0.487865 0.384351
vt 0.287739 0.321321
vt 0.283423 0.32503
vt 0.282715 0.324282
vt 0.286673 0.320194
vt 0.228403 0.190136
vt 0.223497 0.19302
vt 0.223145 0.192465
vt 0.227854 0.189271
vt 0.649739 0.130885
vt 0.6444 0.132856
vt 0.644228 0.132414
vt 0.649498 0.130263
vt 0.695633 0.033221
vt 0.689941 0.033221
vt 0.689941 0.032746
vt 0.695633 0.032746
vt 0.659366 0.132856
vt 0.654027 0.130885
vt 0.654269 0.130263
vt 0.659538 0.132414
vt 0.239116 0.19302
vt 0.23421 0.190136
vt 0.234759 0.189271
vt 0.239469 0.192465
vt 0.278811 0.32503
vt 0.274495 0.321321
vt 0.275561 0.320194
vt 0.279519 0.324282
vt 0.499787 0.39008
vt 0.496254 0.385621
vt 0.49805 0.384351
vt 0.50106 0.38918
vt 0.838008 0.566429
vt 0.83356 0.569976
vt 0.831886 0.567574
vt 0.836745 0.564617
vt 0.145802 0.59307
vt 0.142337 0.588555
vt 0.145393 0.586513
vt 0.148238 0.591442
vt 0.052393 0.632426
vt 0.047945 0.635973
vt 0.045435 0.632373
vt 0.050294 0.629415
vt 0.629795 0.50052
vt 0.626261 0.496061
vt 0.630356 0.493166
vt 0.633365 0.497996
vt 0.57656 0.49014
vt 0.572851 0.494457
vt 0.568848 0.490668
vt 0.572936 0.48671
vt 0.18214 0.450074
vt 0.179256 0.45498
vt 0.174316 0.451842
vt 0.177511 0.447132
vt 0.719817 0.400368
vt 0.717845 0.405707
vt 0.712132 0.403487
vt 0.714283 0.398218
vt 0.310546 0.260422
vt 0.310546 0.266113
vt 0.304417 0.266113
vt 0.304417 0.260422
vt 0.740306 0.397905
vt 0.742278 0.403244
vt 0.736744 0.405395
vt 0.734593 0.400126
vt 0.205623 0.454555
vt 0.208508 0.459461
vt 0.203878 0.462402
vt 0.200684 0.457693
vt 0.549414 0.495672
vt 0.553123 0.499988
vt 0.549498 0.503418
vt 0.54541 0.49946
vt 0.615805 0.496061
vt 0.612271 0.50052
vt 0.608701 0.497996
vt 0.61171 0.493166
vt 0.085054 0.628524
vt 0.089502 0.632071
vt 0.087404 0.635082
vt 0.082545 0.632124
vt 0.179698 0.588555
vt 0.176233 0.59307
vt 0.173797 0.591442
vt 0.176643 0.586513
vt 0.805519 0.567326
vt 0.810378 0.570284
vt 0.809358 0.572238
vt 0.804168 0.569916
vt 0.487865 0.384351
vt 0.484855 0.38918
vt 0.483482 0.388429
vt 0.485927 0.383289
vt 0.004629 0.288612
vt 0.009495 0.291561
vt 0.009001 0.292464
vt 0.003884 0.289972
vt 0.186016 0.189191
vt 0.19065 0.192493
vt 0.190284 0.19304
vt 0.185446 0.190043
vt 0.649498 0.130263
vt 0.644228 0.132414
vt 0.644043 0.131981
vt 0.649237 0.129654
vt 0.695633 0.032746
vt 0.689941 0.032746
vt 0.689941 0.032275
vt 0.695633 0.032275
vt 0.659538 0.132414
vt 0.654269 0.130263
vt 0.65453 0.129654
vt 0.659724 0.131981
vt 0.180884 0.191522
vt 0.17625 0.194824
vt 0.175681 0.193972
vt 0.180519 0.190975
vt 0.020237 0.292461
vt 0.015371 0.29541
vt 0.014626 0.29405
vt 0.019743 0.291558
vt 0.50106 0.38918
vt 0.49805 0.384351
vt 0.499988 0.383289
vt 0.502433 0.388429
vt 0.836745 0.564617
vt 0.831886 0.567574
vt 0.830535 0.564984
vt 0.835726 0.562662
vt 0.148238 0.591442
vt 0.145393 0.586513
vt 0.148688 0.584888
vt 0.150866 0.590146
vt 0.050294 0.629415
vt 0.045435 0.632373
vt 0.043409 0.628489
vt 0.0486 0.626167
vt 0.633365 0.497996
vt 0.630356 0.493166
vt 0.634773 0.490747
vt 0.637217 0.495887
vt 0.197774 0.407715
vt 0.194824 0.402849
vt 0.199658 0.400201
vt 0.20215 0.405317
vt 0.081915 0.462402
vt 0.078613 0.457768
vt 0.083479 0.454517
vt 0.086476 0.459355
vt 0.714283 0.398218
vt 0.712132 0.403487
vt 0.706543 0.401092
vt 0.70887 0.395898
vt 0.304417 0.260422
vt 0.304417 0.266113
vt 0.29834 0.266113
vt 0.29834 0.260422
vt 0.734593 0.400126
vt 0.736744 0.405395
vt 0.731331 0.407715
vt 0.729004 0.402521
vt 0.12772 0.457768
vt 0.124417 0.462402
vt 0.119857 0.459355
vt 0.122854 0.454517
vt 0.191037 0.402849
vt 0.188087 0.407715
vt 0.183711 0.405317
vt 0.186203 0.400201
vt 0.61171 0.493166
vt 0.608701 0.497996
vt 0.604849 0.495887
vt 0.607293 0.490747
vt 0.082545 0.632124
vt 0.087404 0.635082
vt 0.085709 0.63833
vt 0.080518 0.636008
vt 0.176643 0.586513
vt 0.173797 0.591442
vt 0.171169 0.590146
vt 0.173347 0.584888
vt 0.804168 0.569916
vt 0.809358 0.572238
vt 0.808599 0.574302
vt 0.803161 0.572651
vt 0.485927 0.383289
vt 0.483482 0.388429
vt 0.482033 0.387838
vt 0.48388 0.382456
vt 0.003884 0.289972
vt 0.009001 0.292464
vt 0.008589 0.293418
vt 0.003264 0.291409
vt 0.185446 0.190043
vt 0.190284 0.19304
vt 0.189952 0.193618
vt 0.184929 0.190943
vt 0.813222 0.181227
vt 0.81756 0.184911
vt 0.817261 0.185275
vt 0.812802 0.181738
vt 0.678055 0.033691
vt 0.672363 0.033691
vt 0.672363 0.033221
vt 0.678055 0.033221
vt 0.826349 0.182351
vt 0.822011 0.186035
vt 0.821591 0.185524
vt 0.82605 0.181987
vt 0.180519 0.190975
vt 0.175681 0.193972
vt 0.175163 0.193073
vt 0.180186 0.190398
vt 0.019743 0.291558
vt 0.014626 0.29405
vt 0.014006 0.292613
vt 0.019331 0.290604
vt 0.502433 0.388429
vt 0.499988 0.383289
vt 0.502035 0.382456
vt 0.503882 0.387838
vt 0.835726 0.562662
vt 0.830535 0.564984
vt 0.829528 0.56225
vt 0.834966 0.560599
vt 0.150866 0.590146
vt 0.148688 0.584888
vt 0.152167 0.583707
vt 0.15364 0.589205
vt 0.0486 0.626167
vt 0.043409 0.628489
vt 0.0419 0.624388
vt 0.047337 0.622737
vt 0.637217 0.495887
vt 0.634773 0.490747
vt 0.639436 0.488847
vt 0.641284 0.49423
vt 0.20215 0.405317
vt 0.199658 0.400201
vt 0.204762 0.397999
vt 0.206771 0.403324
vt 0.086476 0.459355
vt 0.083479 0.454517
vt 0.088616 0.45156
vt 0.091291 0.456584
vt 0.135032 0.462402
vt 0.131348 0.458065
vt 0.136046 0.454204
vt 0.139583 0.458663
vt 0.923069 0.233078
vt 0.923069 0.23877
vt 0.916992 0.23877
vt 0.916992 0.233078
vt 0.170575 0.458065
vt 0.166891 0.462402
vt 0.16234 0.458663
vt 0.165877 0.454204
vt 0.122854 0.454517
vt 0.119857 0.459355
vt 0.115042 0.456584
vt 0.117717 0.45156
vt 0.186203 0.400201
vt 0.183711 0.405317
vt 0.179089 0.403324
vt 0.181099 0.397999
vt 0.607293 0.490747
vt 0.604849 0.495887
vt 0.600782 0.49423
vt 0.60263 0.488847
vt 0.080518 0.636008
vt 0.085709 0.63833
vt 0.084447 0.64176
vt 0.079009 0.640109
vt 0.173347 0.584888
vt 0.171169 0.590146
vt 0.168395 0.589205
vt 0.169868 0.583707
vt 0.803161 0.572651
vt 0.808599 0.574302
vt 0.808113 0.576439
vt 0.802517 0.575483
vt 0.48388 0.382456
vt 0.482033 0.387838
vt 0.480531 0.387419
vt 0.481761 0.381863
vt 0.003264 0.291409
vt 0.008589 0.293418
vt 0.008268 0.294405
vt 0.002781 0.292896
vt 0.184929 0.190943
vt 0.189952 0.193618
vt 0.189659 0.194216
vt 0.184471 0.191874
vt 0.812802 0.181738
vt 0.817261 0.185275
vt 0.816972 0.185652
vt 0.812396 0.182268
vt 0.678055 0.033221
vt 0.672363 0.033221
vt 0.672363 0.032746
vt 0.678055 0.032746
vt 0.82605 0.181987
vt 0.821591 0.185524
vt 0.821185 0.184994
vt 0.825761 0.18161
vt 0.180186 0.190398
vt 0.175163 0.193073
vt 0.174706 0.192141
vt 0.179893 0.1898
vt 0.019331 0.290604
vt 0.014006 0.292613
vt 0.013523 0.291126
vt 0.01901 0.289617
vt 0.503882 0.387838
vt 0.502035 0.382456
vt 0.504154 0.381863
vt 0.505384 0.387419
vt 0.834966 0.560599
vt 0.829528 0.56225
vt 0.828884 0.559417
vt 0.83448 0.558462
vt 0.15364 0.589205
vt 0.152167 0.583707
vt 0.155771 0.58299
vt 0.156514 0.588633
vt 0.047337 0.622737
vt 0.0419 0.624388
vt 0.040934 0.620141
vt 0.046529 0.619185
vt 0.641284 0.49423
vt 0.639436 0.488847
vt 0.644266 0.487498
vt 0.645495 0.493053
vt 0.206771 0.403324
vt 0.204762 0.397999
vt 0.210049 0.39628
vt 0.211558 0.401768
vt 0.091291 0.456584
vt 0.088616 0.45156
vt 0.093937 0.448948
vt 0.096278 0.454136
vt 0.139583 0.458663
vt 0.136046 0.454204
vt 0.140912 0.450477
vt 0.144296 0.455053
vt 0.916992 0.233078
vt 0.916992 0.23877
vt 0.910862 0.23877
vt 0.910862 0.233078
vt 0.165877 0.454204
vt 0.16234 0.458663
vt 0.157627 0.455053
vt 0.161011 0.450477
vt 0.117717 0.45156
vt 0.115042 0.456584
vt 0.110055 0.454136
vt 0.112396 0.448948
vt 0.181099 0.397999
vt 0.179089 0.403324
vt 0.174303 0.401768
vt 0.175812 0.39628
vt 0.60263 0.488847
vt 0.600782 0.49423
vt 0.59657 0.493053
vt 0.5978 0.487498
vt 0.079009 0.640109
vt 0.084447 0.64176
vt 0.083639 0.645312
vt 0.078043 0.644356
vt 0.169868 0.583707
vt 0.168395 0.589205
vt 0.165521 0.588633
vt 0.166264 0.58299
vt 0.802517 0.575483
vt 0.808113 0.576439
vt 0.807908 0.578613
vt 0.802246 0.578365
vt 0.481761 0.381863
vt 0.480531 0.387419
vt 0.479004 0.387178
vt 0.479605 0.381523
vt 0.002781 0.292896
vt 0.008268 0.294405
vt 0.008043 0.29541
vt 0.002441 0.29441
vt 0.184471 0.191874
vt 0.189659 0.194216
vt 0.189409 0.194824
vt 0.184082 0.192822
vt 0.812396 0.182268
vt 0.816972 0.185652
vt 0.816699 0.186035
vt 0.812012 0.182807
vt 0.678055 0.032746
vt 0.672363 0.032746
vt 0.672363 0.032275
vt 0.678055 0.032275
vt 0.825761 0.18161
vt 0.821185 0.184994
vt 0.820801 0.184455
vt 0.825488 0.181227
vt 0.179893 0.1898
vt 0.174706 0.192141
vt 0.174316 0.191193
vt 0.179643 0.189191
vt 0.01901 0.289617
vt 0.013523 0.291126
vt 0.013184 0.289612
vt 0.018785 0.288612
vt 0.505384 0.387419
vt 0.504154 0.381863
vt 0.50631 0.381523
vt 0.506911 0.387178
vt 0.83448 0.558462
vt 0.828884 0.559417
vt 0.828613 0.556536
vt 0.834276 0.556287
vt 0.156514 0.588633
vt 0.155771 0.58299
vt 0.159437 0.58275
vt 0.159437 0.588441
vt 0.046529 0.619185
vt 0.040934 0.620141
vt 0.040527 0.615819
vt 0.04619 0.615571
vt 0.645495 0.493053
vt 0.644266 0.487498
vt 0.64918 0.486723
vt 0.649781 0.492377
vt 0.211558 0.401768
vt 0.210049 0.39628
vt 0.215427 0.395075
vt 0.216427 0.400676
vt 0.096278 0.454136
vt 0.093937 0.448948
vt 0.09935 0.446726
vt 0.101352 0.452053
vt 0.144296 0.455053
vt 0.140912 0.450477
vt 0.145862 0.446947
vt 0.149091 0.451634
vt 0.910862 0.233078
vt 0.910862 0.23877
vt 0.904785 0.23877
vt 0.904785 0.233078
vt 0.161011 0.450477
vt 0.157627 0.455053
vt 0.152832 0.451634
vt 0.15606 0.446947
vt 0.112396 0.448948
vt 0.110055 0.454136
vt 0.10498 0.452053
vt 0.106982 0.446726
vt 0.175812 0.39628
vt 0.174303 0.401768
vt 0.169434 0.400676
vt 0.170434 0.395075
vt 0.5978 0.487498
vt 0.59657 0.493053
vt 0.592285 0.492377
vt 0.592886 0.486723
vt 0.078043 0.644356
vt 0.083639 0.645312
vt 0.083299 0.648926
vt 0.077637 0.648677
vt 0.166264 0.58299
vt 0.165521 0.588633
vt 0.162598 0.588441
vt 0.162598 0.58275
vn 0.993425 -0.114242 0.007488
vn 0.931131 -0.363904 0.023852
vn 0.931396 -0.360893 0.047512
vn 0.993453 -0.113268 0.014912
vn 0.807222 -0.588984 0.038604
vn 0.807824 -0.584381 0.076935
vn 0.629474 -0.775357 0.05082
vn 0.630289 -0.769719 0.101335
vn 0.405935 -0.911945 0.059772
vn 0.406663 -0.905763 0.119246
vn 0.142242 -0.987713 0.064738
vn 0.142541 -0.981321 0.129193
vn -0.142242 -0.987713 0.064738
vn -0.142541 -0.981321 0.129193
vn -0.405935 -0.911945 0.059772
vn -0.406663 -0.905763 0.119246
vn -0.629474 -0.775357 0.05082
vn -0.630289 -0.769719 0.101335
vn -0.807222 -0.588984 0.038604
vn -0.807824 -0.584381 0.076935
vn -0.931131 -0.363904 0.023852
vn -0.931396 -0.360893 0.047512
vn -0.993425 -0.114242 0.007488
vn -0.993453 -0.113268 0.014912
vn -0.989602 0.143528 -0.009407
vn -0.989645 0.142306 -0.018735
vn -0.919601 0.392013 -0.025694
vn -0.919905 0.388787 -0.051185
vn -0.788005 0.61435 -0.040267
vn -0.788645 0.609589 -0.080254
vn -0.603684 0.795517 -0.052141
vn -0.604506 0.789785 -0.103977
vn -0.37907 0.923387 -0.060522
vn -0.379766 0.917168 -0.120748
vn -0.12922 0.989493 -0.064855
vn -0.129492 0.983097 -0.129427
vn 0.12922 0.989493 -0.064855
vn 0.129492 0.983097 -0.129427
vn 0.37907 0.923387 -0.060522
vn 0.379766 0.917168 -0.120748
vn 0.603684 0.795517 -0.052141
vn 0.604506 0.789785 -0.103977
vn 0.788005 0.61435 -0.040267
vn 0.788645 0.609589 -0.080254
vn 0.919601 0.392013 -0.025694
vn 0.919905 0.388787 -0.051185
vn 0.989602 0.143528 -0.009407
vn 0.989645 0.142306 -0.018735
vn 0.931396 -0.351604 0.094212
vn 0.993453 -0.110353 0.029569
vn 0.807824 -0.56934 0.152554
vn 0.630289 -0.749907 0.200937
vn 0.406663 -0.882449 0.236451
vn 0.142541 -0.956063 0.256176
vn -0.142541 -0.956063 0.256176
vn -0.406663 -0.882449 0.236451
vn -0.630289 -0.749907 0.200937
vn -0.807824 -0.56934 0.152554
vn -0.931396 -0.351604 0.094212
vn -0.993453 -0.110353 0.029569
vn -0.989645 0.138643 -0.037149
vn -0.919905 0.37878 -0.101494
vn -0.788645 0.593898 -0.159135
vn -0.604506 0.769457 -0.206175
vn -0.379766 0.893561 -0.239429
vn -0.129492 0.957793 -0.25664
vn 0.129492 0.957793 -0.25664
vn 0.379766 0.893561 -0.239429
vn 0.604506 0.769457 -0.206175
vn 0.788645 0.593898 -0.159135
vn 0.919905 0.37878 -0.101494
vn 0.989645 0.138643 -0.037149
vn 0.931396 -0.336299 0.1393
vn 0.993453 -0.105549 0.04372
vn 0.807824 -0.544557 0.225563
vn 0.630289 -0.717264 0.2971
vn 0.406663 -0.844036 0.349611
vn 0.142541 -0.914446 0.378776
vn -0.142541 -0.914446 0.378776
vn -0.406663 -0.844036 0.349611
vn -0.630289 -0.717264 0.2971
vn -0.807824 -0.544557 0.225563
vn -0.931396 -0.336299 0.1393
vn -0.993453 -0.105549 0.04372
vn -0.989645 0.132608 -0.054928
vn -0.919905 0.362292 -0.150066
vn -0.788645 0.568046 -0.235292
vn -0.604506 0.735963 -0.304846
vn -0.379766 0.854665 -0.354014
vn -0.129492 0.916101 -0.379461
vn 0.129492 0.916101 -0.379461
vn 0.379766 0.854665 -0.354014
vn 0.604506 0.735963 -0.304846
vn 0.788645 0.568046 -0.235292
vn 0.919905 0.362292 -0.150066
vn 0.989645 0.132608 -0.054928
vn 0.931396 -0.31524 0.182004
vn 0.993453 -0.098939 0.057123
vn 0.807824 -0.510456 0.294712
vn 0.630289 -0.672348 0.38818
vn 0.406663 -0.791182 0.456789
vn 0.142541 -0.857182 0.494894
vn -0.142541 -0.857182 0.494894
vn -0.406663 -0.791182 0.456789
vn -0.630289 -0.672348 0.38818
vn -0.807824 -0.510456 0.294712
vn -0.931396 -0.31524 0.182004
vn -0.993453 -0.098939 0.057123
vn -0.989645 0.124304 -0.071767
vn -0.919905 0.339605 -0.196071
vn -0.788645 0.532475 -0.307424
vn -0.604506 0.689876 -0.3983
vn -0.379766 0.801145 -0.462541
vn -0.129492 0.858734 -0.49579
vn 0.129492 0.858734 -0.49579
vn 0.379766 0.801145 -0.462541
vn 0.604506 0.689876 -0.3983
vn 0.788645 0.532475 -0.307424
vn 0.919905 0.339605 -0.196071
vn 0.989645 0.124304 -0.071767
vn 0.931396 -0.288786 0.221594
vn 0.993453 -0.090637 0.069548
vn 0.807824 -0.467621 0.358818
vn 0.630289 -0.615928 0.472618
vn 0.406663 -0.724791 0.556151
vn 0.142541 -0.785252 0.602545
vn -0.142541 -0.785252 0.602545
vn -0.406663 -0.724791 0.556151
vn -0.630289 -0.615928 0.472618
vn -0.807824 -0.467621 0.358818
vn -0.931396 -0.288786 0.221594
vn -0.993453 -0.090637 0.069548
vn -0.989645 0.113873 -0.087378
vn -0.919905 0.311107 -0.238721
vn -0.788645 0.487792 -0.374296
vn -0.604506 0.631985 -0.48494
vn -0.379766 0.733917 -0.563155
vn -0.129492 0.786674 -0.603636
vn 0.129492 0.786674 -0.603636
vn 0.379766 0.733917 -0.563155
vn 0.604506 0.631985 -0.48494
vn 0.788645 0.487792 -0.374296
vn 0.919905 0.311107 -0.238721
vn 0.989645 0.113873 -0.087378
vn 0.931396 -0.257392 0.257392
vn 0.993453 -0.080784 0.080784
vn 0.807824 -0.416786 0.416786
vn 0.630289 -0.54897 0.54897
vn 0.406663 -0.645998 0.645998
vn 0.142541 -0.699886 0.699886
vn -0.142541 -0.699886 0.699886
vn -0.406663 -0.645998 0.645998
vn -0.630289 -0.54897 0.54897
vn -0.807824 -0.416786 0.416786
vn -0.931396 -0.257392 0.257392
vn -0.993453 -0.080784 0.080784
vn -0.989645 0.101494 -0.101494
vn -0.919905 0.277286 -0.277286
vn -0.788645 0.434764 -0.434764
vn -0.604506 0.563281 -0.563281
vn -0.379766 0.654132 -0.654132
vn -0.129492 0.701153 -0.701153
vn 0.129492 0.701153 -0.701153
vn 0.379766 0.654132 -0.654132
vn 0.604506 0.563281 -0.563281
vn 0.788645 0.434764 -0.434764
vn 0.919905 0.277286 -0.277286
vn 0.989645 0.101494 -0.101494
vn 0.931396 -0.221594 0.288786
vn 0.993453 -0.069548 0.090637
vn 0.807824 -0.358818 0.467621
vn 0.630289 -0.472618 0.615928
vn 0.406663 -0.556151 0.724791
vn 0.142541 -0.602545 0.785252
vn -0.142541 -0.602545 0.785252
vn -0.406663 -0.556151 0.724791
vn -0.630289 -0.472618 0.615928
vn -0.807824 -0.358818 0.467621
vn -0.931396 -0.221594 0.288786
vn -0.993453 -0.069548 0.090637
vn -0.989645 0.087378 -0.113873
vn -0.919905 0.238721 -0.311107
vn -0.788645 0.374296 -0.487792
vn -0.604506 0.48494 -0.631985
vn -0.379766 0.563155 -0.733917
vn -0.129492 0.603636 -0.786674
vn 0.129492 0.603636 -0.786674
vn 0.379766 0.563155 -0.733917
vn 0.604506 0.48494 -0.631985
vn 0.788645 0.374296 -0.487792
vn 0.919905 0.238721 -0.311107
vn 0.989645 0.087378 -0.113873
vn 0.931396 -0.182004 0.31524
vn 0.993453 -0.057123 0.098939
vn 0.807824 -0.294712 0.510456
vn 0.630289 -0.38818 0.672348
vn 0.406663 -0.456789 0.791182
vn 0.142541 -0.494894 0.857182
vn -0.142541 -0.494894 0.857182
vn -0.406663 -0.456789 0.791182
vn -0.630289 -0.38818 0.672348
vn -0.807824 -0.294712 0.510456
vn -0.931396 -0.182004 0.31524
vn -0.993453 -0.057123 0.098939
vn -0.989645 0.071767 -0.124304
vn -0.919905 0.196071 -0.339605
vn -0.788645 0.307424 -0.532475
vn -0.604506 0.3983 -0.689876
vn -0.379766 0.462541 -0.801145
vn -0.129492 0.49579 -0.858734
vn 0.129492 0.49579 -0.858734
vn 0.379766 0.462541 -0.801145
vn 0.604506 0.3983 -0.689876
vn 0.788645 0.307424 -0.532475
vn 0.919905 0.196071 -0.339605
vn 0.989645 0.071767 -0.124304
vn 0.931396 -0.1393 0.336299
vn 0.993453 -0.04372 0.105549
vn 0.807824 -0.225563 0.544557
vn 0.630289 -0.2971 0.717264
vn 0.406663 -0.349611 0.844036
vn 0.142541 -0.378776 0.914446
vn -0.142541 -0.378776 0.914446
vn -0.406663 -0.349611 0.844036
vn -0.630289 -0.2971 0.717264
vn -0.807824 -0.225563 0.544557
vn -0.931396 -0.1393 0.336299
vn -0.993453 -0.04372 0.105549
vn -0.989645 0.054928 -0.132608
vn -0.919905 0.150066 -0.362292
vn -0.788645 0.235292 -0.568046
vn -0.604506 0.304846 -0.735963
vn -0.379766 0.354014 -0.854665
vn -0.129492 0.379461 -0.916101
vn 0.129492 0.379461 -0.916101
vn 0.379766 0.354014 -0.854665
vn 0.604506 0.304846 -0.735963
vn 0.788645 0.235292 -0.568046
vn 0.919905 0.150066 -0.362292
vn 0.989645 0.054928 -0.132608
vn 0.931396 -0.094212 0.351604
vn 0.993453 -0.029569 0.110353
vn 0.807824 -0.152554 0.56934
vn 0.630289 -0.200937 0.749907
vn 0.406663 -0.236451 0.882449
vn 0.142541 -0.256176 0.956063
vn -0.142541 -0.256176 0.956063
vn -0.406663 -0.236451 0.882449
vn -0.630289 -0.200937 0.749907
vn -0.807824 -0.152554 0.56934
vn -0.931396 -0.094212 0.351604
vn -0.993453 -0.029569 0.110353
vn -0.989645 0.037149 -0.138643
vn -0.919905 0.101494 -0.37878
vn -0.788645 0.159135 -0.593898
vn -0.604506 0.206175 -0.769457
vn -0.379766 0.239429 -0.893561
vn -0.129492 0.25664 -0.957793
vn 0.129492 0.25664 -0.957793
vn 0.379766 0.239429 -0.893561
vn 0.604506 0.206175 -0.769457
vn 0.788645 0.159135 -0.593898
vn 0.919905 0.101494 -0.37878
vn 0.989645 0.037149 -0.138643
vn 0.931396 -0.047512 0.360893
vn 0.993453 -0.014912 0.113268
vn 0.807824 -0.076935 0.584381
vn 0.630289 -0.101335 0.769719
vn 0.406663 -0.119246 0.905763
vn 0.142541 -0.129193 0.981321
vn -0.142541 -0.129193 0.981321
vn -0.406663 -0.119246 0.905763
vn -0.630289 -0.101335 0.769719
vn -0.807824 -0.076935 0.584381
vn -0.931396 -0.047512 0.360893
vn -0.993453 -0.014912 0.113268
vn -0.989645 0.018735 -0.142306
vn -0.919905 0.051185 -0.388787
vn -0.788645 0.080254 -0.609589
vn -0.604506 0.103977 -0.789785
vn -0.379766 0.120748 -0.917168
vn -0.129492 0.129427 -0.983097
vn 0.129492 0.129427 -0.983097
vn 0.379766 0.120748 -0.917168
vn 0.604506 0.103977 -0.789785
vn 0.788645 0.080254 -0.609589
vn 0.919905 0.051185 -0.388787
vn 0.989645 0.018735 -0.142306
vn 0.931131 -0.023852 0.363904
vn 0.993425 -0.007488 0.114242
vn 0.807222 -0.038604 0.588984
vn 0.629474 -0.05082 0.775357
vn 0.405935 -0.059772 0.911945
vn 0.142242 -0.064738 0.987713
vn -0.142242 -0.064738 0.987713
vn -0.405935 -0.059772 0.911945
vn -0.629474 -0.05082 0.775357
vn -0.807222 -0.038604 0.588984
vn -0.931131 -0.023852 0.363904
vn -0.993425 -0.007488 0.114242
vn -0.989602 0.009407 -0.143528
vn -0.919601 0.025694 -0.392013
vn -0.788005 0.040267 -0.61435
vn -0.603684 0.052141 -0.795517
vn -0.37907 0.060522 -0.923387
vn -0.12922 0.064855 -0.989493
vn 0.12922 0.064855 -0.989493
vn 0.37907 0.060522 -0.923387
vn 0.603684 0.052141 -0.795517
vn 0.788005 0.040267 -0.61435
vn 0.919601 0.025694 -0.392013
vn 0.989602 0.009407 -0.143528
f 2677/7607/1111 2678/7608/1112 2702/7609/1113 2701/7610/1114
f 2678/7611/1112 2679/7612/1115 2703/7613/1116 2702/7614/1113
f 2679/7615/1115 2680/7616/1117 2704/7617/1118 2703/7618/1116
f 2680/7619/1117 2681/7620/1119 2705/7621/1120 2704/7622/1118
f 2681/7623/1119 2682/7624/1121 2706/7625/1122 2705/7626/1120
f 2682/7627/1121 2683/7628/1123 2707/7629/1124 2706/7630/1122
f 2683/7631/1123 2684/7632/1125 2708/7633/1126 2707/7634/1124
f 2684/7635/1125 2685/7636/1127 2709/7637/1128 2708/7638/1126
f 2685/7639/1127 2686/7640/1129 2710/7641/1130 2709/7642/1128
f 2686/7643/1129 2687/7644/1131 2711/7645/1132 2710/7646/1130
f 2687/7647/1131 2688/7648/1133 2712/7649/1134 2711/7650/1132
f 2688/7651/1133 2689/7652/1135 2713/7653/1136 2712/7654/1134
f 2689/7655/1135 2690/7656/1137 2714/7657/1138 2713/7658/1136
f 2690/7659/1137 2691/7660/1139 2715/7661/1140 2714/7662/1138
f 2691/7663/1139 2692/7664/1141 2716/7665/1142 2715/7666/1140
f 2692/7667/1141 2693/7668/1143 2717/7669/1144 2716/7670/1142
f 2693/7671/1143 2694/7672/1145 2718/7673/1146 2717/7674/1144
f 2694/7675/1145 2695/7676/1147 2719/7677/1148 2718/7678/1146
f 2695/7679/1147 2696/7680/1149 2720/7681/1150 2719/7682/1148
f 2696/7683/1149 2697/7684/1151 2721/7685/1152 2720/7686/1150
f 2697/7687/1151 2698/7688/1153 2722/7689/1154 2721/7690/1152
f 2698/7691/1153 2699/7692/1155 2723/7693/1156 2722/7694/1154
f 2699/7695/1155 2700/7696/1157 2724/7697/1158 2723/7698/1156
f 2700/7699/1157 2677/7700/1111 2701/7701/1114 2724/7702/1158
f 2701/7703/1114 2702/7704/1113 2726/7705/1159 2725/7706/1160
f 2702/7707/1113 2703/7708/1116 2727/7709/1161 2726/7710/1159
f 2703/7711/1116 2704/7712/1118 2728/7713/1162 2727/7714/1161
f 2704/7715/1118 2705/7716/1120 2729/7717/1163 2728/7718/1162
f 2705/7719/1120 2706/7720/1122 2730/7721/1164 2729/7722/1163
f 2706/7723/1122 2707/7724/1124 2731/7725/1165 2730/7726/1164
f 2707/7727/1124 2708/7728/1126 2732/7729/1166 2731/7730/1165
f 2708/7731/1126 2709/7732/1128 2733/7733/1167 2732/7734/1166
f 2709/7735/1128 2710/7736/1130 2734/7737/1168 2733/7738/1167
f 2710/7739/1130 2711/7740/1132 2735/7741/1169 2734/7742/1168
f 2711/7743/1132 2712/7744/1134 2736/7745/1170 2735/7746/1169
f 2712/7747/1134 2713/7748/1136 2737/7749/1171 2736/7750/1170
f 2713/7751/1136 2714/7752/1138 2738/7753/1172 2737/7754/1171
f 2714/7755/1138 2715/7756/1140 2739/7757/1173 2738/7758/1172
f 2715/7759/1140 2716/7760/1142 2740/7761/1174 2739/7762/1173
f 2716/7763/1142 2717/7764/1144 2741/7765/1175 2740/7766/1174
f 2717/7767/1144 2718/7768/1146 2742/7769/1176 2741/7770/1175
f 2718/7771/1146 2719/7772/1148 2743/7773/1177 2742/7774/1176
f 2719/7775/1148 2720/7776/1150 2744/7777/1178 2743/7778/1177
f 2720/7779/1150 2721/7780/1152 2745/7781/1179 2744/7782/1178
f 2721/7783/1152 2722/7784/1154 2746/7785/1180 2745/7786/1179
f 2722/7787/1154 2723/7788/1156 2747/7789/1181 2746/7790/1180
f 2723/7791/1156 2724/7792/1158 2748/7793/1182 2747/7794/1181
f 2724/7795/1158 2701/7796/1114 2725/7797/1160 2748/7798/1182
f 2725/7799/1160 2726/7800/1159 2750/7801/1183 2749/7802/1184
f 2726/7803/1159 2727/7804/1161 2751/7805/1185 2750/7806/1183
f 2727/7807/1161 2728/7808/1162 2752/7809/1186 2751/7810/1185
f 2728/7811/1162 2729/7812/1163 2753/7813/1187 2752/7814/1186
f 2729/7815/1163 2730/7816/1164 2754/7817/1188 2753/7818/1187
f 2730/7819/1164 2731/7820/1165 2755/7821/1189 2754/7822/1188
f 2731/7823/1165 2732/7824/1166 2756/7825/1190 2755/7826/1189
f 2732/7827/1166 2733/7828/1167 2757/7829/1191 2756/7830/1190
f 2733/7831/1167 2734/7832/1168 2758/7833/1192 2757/7834/1191
f 2734/7835/1168 2735/7836/1169 2759/7837/1193 2758/7838/1192
f 2735/7839/1169 2736/7840/1170 2760/7841/1194 2759/7842/1193
f 2736/7843/1170 2737/7844/1171 2761/7845/1195 2760/7846/1194
f 2737/7847/1171 2738/7848/1172 2762/7849/1196 2761/7850/1195
f 2738/7851/1172 2739/7852/1173 2763/7853/1197 2762/7854/1196
f 2739/7855/1173 2740/7856/1174 2764/7857/1198 2763/7858/1197
f 2740/7859/1174 2741/7860/1175 2765/7861/1199 2764/7862/1198
f 2741/7863/1175 2742/7864/1176 2766/7865/1200 2765/7866/1199
f 2742/7867/1176 2743/7868/1177 2767/7869/1201 2766/7870/1200
f 2743/7871/1177 2744/7872/1178 2768/7873/1202 2767/7874/1201
f 2744/7875/1178 2745/7876/1179 2769/7877/1203 2768/7878/1202
f 2745/7879/1179 2746/7880/1180 2770/7881/1204 2769/7882/1203
f 2746/7883/1180 2747/7884/1181 2771/7885/1205 2770/7886/1204
f 2747/7887/1181 2748/7888/1182 2772/7889/1206 2771/7890/1205
f 2748/7891/1182 2725/7892/1160 2749/7893/1184 2772/7894/1206
f 2749/7895/1184 2750/7896/1183 2774/7897/1207 2773/7898/1208
f 2750/7899/1183 2751/7900/1185 2775/7901/1209 2774/7902/1207
f 2751/7903/1185 2752/7904/1186 2776/7905/1210 2775/7906/1209
f 2752/7907/1186 2753/7908/1187 2777/7909/1211 2776/7910/1210
f 2753/7911/1187 2754/7912/1188 2778/7913/1212 2777/7914/1211
f 2754/7915/1188 2755/7916/1189 2779/7917/1213 2778/7918/1212
f 2755/7919/1189 2756/7920/1190 2780/7921/1214 2779/7922/1213
f 2756/7923/1190 2757/7924/1191 2781/7925/1215 2780/7926/1214
f 2757/7927/1191 2758/7928/1192 2782/7929/1216 2781/7930/1215
f 2758/7931/1192 2759/7932/1193 2783/7933/1217 2782/7934/1216
f 2759/7935/1193 2760/7936/1194 2784/7937/1218 2783/7938/1217
f 2760/7939/1194 2761/7940/1195 2785/7941/1219 2784/7942/1218
f 2761/7943/1195 2762/7944/1196 2786/7945/1220 2785/7946/1219
f 2762/7947/1196 2763/7948/1197 2787/7949/1221 2786/7950/1220
f 2763/7951/1197 2764/7952/1198 2788/7953/1222 2787/7954/1221
f 2764/7955/1198 2765/7956/1199 2789/7957/1223 2788/7958/1222
f 2765/7959/1199 2766/7960/1200 2790/7961/1224 2789/7962/1223
f 2766/7963/1200 2767/7964/1201 2791/7965/1225 2790/7966/1224
f 2767/7967/1201 2768/7968/1202 2792/7969/1226 2791/7970/1225
f 2768/7971/1202 2769/7972/1203 2793/7973/1227 2792/7974/1226
f 2769/7975/1203 2770/7976/1204 2794/7977/1228 2793/7978/1227
f 2770/7979/1204 2771/7980/1205 2795/7981/1229 2794/7982/1228
f 2771/7983/1205 2772/7984/1206 2796/7985/1230 2795/7986/1229
f 2772/7987/1206 2749/7988/1184 2773/7989/1208 2796/7990/1230
f 2773/7991/1208 2774/7992/1207 2798/7993/1231 2797/7994/1232
f 2774/7995/1207 2775/7996/1209 2799/7997/1233 2798/7998/1231
f 2775/7999/1209 2776/8000/1210 2800/8001/1234 2799/8002/1233
f 2776/8003/1210 2777/8004/1211 2801/8005/1235 2800/8006/1234
f 2777/8007/1211 2778/8008/1212 2802/8009/1236 2801/8010/1235
f 2778/8011/1212 2779/8012/1213 2803/8013/1237 2802/8014/1236
f 2779/8015/1213 2780/8016/1214 2804/8017/1238 2803/8018/1237
f 2780/8019/1214 2781/8020/1215 2805/8021/1239 2804/8022/1238
f 2781/8023/1215 2782/8024/1216 2806/8025/1240 2805/8026/1239
f 2782/8027/1216 2783/8028/1217 2807/8029/1241 2806/8030/1240
f 2783/8031/1217 2784/8032/1218 2808/8033/1242 2807/8034/1241
f 2784/8035/1218 2785/8036/1219 2809/8037/1243 2808/8038/1242
f 2785/8039/1219 2786/8040/1220 2810/8041/1244 2809/8042/1243
f 2786/8043/1220 2787/8044/1221 2811/8045/1245 2810/8046/1244
f 2787/8047/1221 2788/8048/1222 2812/8049/1246 2811/8050/1245
f 2788/8051/1222 2789/8052/1223 2813/8053/1247 2812/8054/1246
f 2789/8055/1223 2790/8056/1224 2814/8057/1248 2813/8058/1247
f 2790/8059/1224 2791/8060/1225 2815/8061/1249 2814/8062/1248
f 2791/8063/1225 2792/8064/1226 2816/8065/1250 2815/8066/1249
f 2792/8067/1226 2793/8068/1227 2817/8069/1251 2816/8070/1250
f 2793/8071/1227 2794/8072/1228 2818/8073/1252 2817/8074/1251
f 2794/8075/1228 2795/8076/1229 2819/8077/1253 2818/8078/1252
f 2795/8079/1229 2796/8080/1230 2820/8081/1254 2819/8082/1253
f 2796/8083/1230 2773/8084/1208 2797/8085/1232 2820/8086/1254
f 2797/8087/1232 2798/8088/1231 2822/8089/1255 2821/8090/1256
f 2798/8091/1231 2799/8092/1233 2823/8093/1257 2822/8094/1255
f 2799/8095/1233 2800/8096/1234 2824/8097/1258 2823/8098/1257
f 2800/8099/1234 2801/8100/1235 2825/8101/1259 2824/8102/1258
f 2801/8103/1235 2802/8104/1236 2826/8105/1260 2825/8106/1259
f 2802/8107/1236 2803/8108/1237 2827/8109/1261 2826/8110/1260
f 2803/8111/1237 2804/8112/1238 2828/8113/1262 2827/8114/1261
f 2804/8115/1238 2805/8116/1239 2829/8117/1263 2828/8118/1262
f 2805/8119/1239 2806/8120/1240 2830/8121/1264 2829/8122/1263
f 2806/8123/1240 2807/8124/1241 2831/8125/1265 2830/8126/1264
f 2807/8127/1241 2808/8128/1242 2832/8129/1266 2831/8130/1265
f 2808/8131/1242 2809/8132/1243 2833/8133/1267 2832/8134/1266
f 2809/8135/1243 2810/8136/1244 2834/8137/1268 2833/8138/1267
f 2810/8139/1244 2811/8140/1245 2835/8141/1269 2834/8142/1268
f 2811/8143/1245 2812/8144/1246 2836/8145/1270 2835/8146/1269
f 2812/8147/1246 2813/8148/1247 2837/8149/1271 2836/8150/1270
f 2813/8151/1247 2814/8152/1248 2838/8153/1272 2837/8154/1271
f 2814/8155/1248 2815/8156/1249 2839/8157/1273 2838/8158/1272
f 2815/8159/1249 2816/8160/1250 2840/8161/1274 2839/8162/1273
f 2816/8163/1250 2817/8164/1251 2841/8165/1275 2840/8166/1274
f 2817/8167/1251 2818/8168/1252 2842/8169/1276 2841/8170/1275
f 2818/8171/1252 2819/8172/1253 2843/8173/1277 2842/8174/1276
f 2819/8175/1253 2820/8176/1254 2844/8177/1278 2843/8178/1277
f 2820/8179/1254 2797/8180/1232 2821/8181/1256 2844/8182/1278
f 2821/8183/1256 2822/8184/1255 2846/8185/1279 2845/8186/1280
f 2822/8187/1255 2823/8188/1257 2847/8189/1281 2846/8190/1279
f 2823/8191/1257 2824/8192/1258 2848/8193/1282 2847/8194/1281
f 2824/8195/1258 2825/8196/1259 2849/8197/1283 2848/8198/1282
f 2825/8199/1259 2826/8200/1260 2850/8201/1284 2849/8202/1283
f 2826/8203/1260 2827/8204/1261 2851/8205/1285 2850/8206/1284
f 2827/8207/1261 2828/8208/1262 2852/8209/1286 2851/8210/1285
f 2828/8211/1262 2829/8212/1263 2853/8213/1287 2852/8214/1286
f 2829/8215/1263 2830/8216/1264 2854/8217/1288 2853/8218/1287
f 2830/8219/1264 2831/8220/1265 2855/8221/1289 2854/8222/1288
f 2831/8223/1265 2832/8224/1266 2856/8225/1290 2855/8226/1289
f 2832/8227/1266 2833/8228/1267 2857/8229/1291 2856/8230/1290
f 2833/8231/1267 2834/8232/1268 2858/8233/1292 2857/8234/1291
f 2834/8235/1268 2835/8236/1269 2859/8237/1293 2858/8238/1292
f 2835/8239/1269 2836/8240/1270 2860/8241/1294 2859/8242/1293
f 2836/8243/1270 2837/8244/1271 2861/8245/1295 2860/8246/1294
f 2837/8247/1271 2838/8248/1272 2862/8249/1296 2861/8250/1295
f 2838/8251/1272 2839/8252/1273 2863/8253/1297 2862/8254/1296
f 2839/8255/1273 2840/8256/1274 2864/8257/1298 2863/8258/1297
f 2840/8259/1274 2841/8260/1275 2865/8261/1299 2864/8262/1298
f 2841/8263/1275 2842/8264/1276 2866/8265/1300 2865/8266/1299
f 2842/8267/1276 2843/8268/1277 2867/8269/1301 2866/8270/1300
f 2843/8271/1277 2844/8272/1278 2868/8273/1302 2867/8274/1301
f 2844/8275/1278 2821/8276/1256 2845/8277/1280 2868/8278/1302
f 2845/8279/1280 2846/8280/1279 2870/8281/1303 2869/8282/1304
f 2846/8283/1279 2847/8284/1281 2871/8285/1305 2870/8286/1303
f 2847/8287/1281 2848/8288/1282 2872/8289/1306 2871/8290/1305
f 2848/8291/1282 2849/8292/1283 2873/8293/1307 2872/8294/1306
f 2849/8295/1283 2850/8296/1284 2874/8297/1308 2873/8298/1307
f 2850/8299/1284 2851/8300/1285 2875/8301/1309 2874/8302/1308
f 2851/8303/1285 2852/8304/1286 2876/8305/1310 2875/8306/1309
f 2852/8307/1286 2853/8308/1287 2877/8309/1311 2876/8310/1310
f 2853/8311/1287 2854/8312/1288 2878/8313/1312 2877/8314/1311
f 2854/8315/1288 2855/8316/1289 2879/8317/1313 2878/8318/1312
f 2855/8319/1289 2856/8320/1290 2880/8321/1314 2879/8322/1313
f 2856/8323/1290 2857/8324/1291 2881/8325/1315 2880/8326/1314
f 2857/8327/1291 2858/8328/1292 2882/8329/1316 2881/8330/1315
f 2858/8331/1292 2859/8332/1293 2883/8333/1317 2882/8334/1316
f 2859/8335/1293 2860/8336/1294 2884/8337/1318 2883/8338/1317
f 2860/8339/1294 2861/8340/1295 2885/8341/1319 2884/8342/1318
f 2861/8343/1295 2862/8344/1296 2886/8345/1320 2885/8346/1319
f 2862/8347/1296 2863/8348/1297 2887/8349/1321 2886/8350/1320
f 2863/8351/1297 2864/8352/1298 2888/8353/1322 2887/8354/1321
f 2864/8355/1298 2865/8356/1299 2889/8357/1323 2888/8358/1322
f 2865/8359/1299 2866/8360/1300 2890/8361/1324 2889/8362/1323
f 2866/8363/1300 2867/8364/1301 2891/8365/1325 2890/8366/1324
f 2867/8367/1301 2868/8368/1302 2892/8369/1326 2891/8370/1325
f 2868/8371/1302 2845/8372/1280 2869/8373/1304 2892/8374/1326
f 2869/8375/1304 2870/8376/1303 2894/8377/1327 2893/8378/1328
f 2870/8379/1303 2871/8380/1305 2895/8381/1329 2894/8382/1327
f 2871/8383/1305 2872/8384/1306 2896/8385/1330 2895/8386/1329
f 2872/8387/1306 2873/8388/1307 2897/8389/1331 2896/8390/1330
f 2873/8391/1307 2874/8392/1308 2898/8393/1332 2897/8394/1331
f 2874/8395/1308 2875/8396/1309 2899/8397/1333 2898/8398/1332
f 2875/8399/1309 2876/8400/1310 2900/8401/1334 2899/8402/1333
f 2876/8403/1310 2877/8404/1311 2901/8405/1335 2900/8406/1334
f 2877/8407/1311 2878/8408/1312 2902/8409/1336 2901/8410/1335
f 2878/8411/1312 2879/8412/1313 2903/8413/1337 2902/8414/1336
f 2879/8415/1313 2880/8416/1314 2904/8417/1338 2903/8418/1337
f 2880/8419/1314 2881/8420/1315 2905/8421/1339 2904/8422/1338
f 2881/8423/1315 2882/8424/1316 2906/8425/1340 2905/8426/1339
f 2882/8427/1316 2883/8428/1317 2907/8429/1341 2906/8430/1340
f 2883/8431/1317 2884/8432/1318 2908/8433/1342 2907/8434/1341
f 2884/8435/1318 2885/8436/1319 2909/8437/1343 2908/8438/1342
f 2885/8439/1319 2886/8440/1320 2910/8441/1344 2909/8442/1343
f 2886/8443/1320 2887/8444/1321 2911/8445/1345 2910/8446/1344
f 2887/8447/1321 2888/8448/1322 2912/8449/1346 2911/8450/1345
f 2888/8451/1322 2889/8452/1323 2913/8453/1347 2912/8454/1346
f 2889/8455/1323 2890/8456/1324 2914/8457/1348 2913/8458/1347
f 2890/8459/1324 2891/8460/1325 2915/8461/1349 2914/8462/1348
f 2891/8463/1325 2892/8464/1326 2916/8465/1350 2915/8466/1349
f 2892/8467/1326 2869/8468/1304 2893/8469/1328 2916/8470/1350
f 2893/8471/1328 2894/8472/1327 2918/8473/1351 2917/8474/1352
f 2894/8475/1327 2895/8476/1329 2919/8477/1353 2918/8478/1351
f 2895/8479/1329 2896/8480/1330 2920/8481/1354 2919/8482/1353
f 2896/8483/1330 2897/8484/1331 2921/8485/1355 2920/8486/1354
f 2897/8487/1331 2898/8488/1332 2922/8489/1356 2921/8490/1355
f 2898/8491/1332 2899/8492/1333 2923/8493/1357 2922/8494/1356
f 2899/8495/1333 2900/8496/1334 2924/8497/1358 2923/8498/1357
f 2900/8499/1334 2901/8500/1335 2925/8501/1359 2924/8502/1358
f 2901/8503/1335 2902/8504/1336 2926/8505/1360 2925/8506/1359
f 2902/8507/1336 2903/8508/1337 2927/8509/1361 2926/8510/1360
f 2903/8511/1337 2904/8512/1338 2928/8513/1362 2927/8514/1361
f 2904/8515/1338 2905/8516/1339 2929/8517/1363 2928/8518/1362
f 2905/8519/1339 2906/8520/1340 2930/8521/1364 2929/8522/1363
f 2906/8523/1340 2907/8524/1341 2931/8525/1365 2930/8526/1364
f 2907/8527/1341 2908/8528/1342 2932/8529/1366 2931/8530/1365
f 2908/8531/1342 2909/8532/1343 2933/8533/1367 2932/8534/1366
f 2909/8535/1343 2910/8536/1344 2934/8537/1368 2933/8538/1367
f 2910/8539/1344 2911/8540/1345 2935/8541/1369 2934/8542/1368
f 2911/8543/1345 2912/8544/1346 2936/8545/1370 2935/8546/1369
f 2912/8547/1346 2913/8548/1347 2937/8549/1371 2936/8550/1370
f 2913/8551/1347 2914/8552/1348 2938/8553/1372 2937/8554/1371
f 2914/8555/1348 2915/8556/1349 2939/8557/1373 2938/8558/1372
f 2915/8559/1349 2916/8560/1350 2940/8561/1374 2939/8562/1373
f 2916/8563/1350 2893/8564/1328 2917/8565/1352 2940/8566/1374
f 2917/8567/1352 2918/8568/1351 2942/8569/1375 2941/8570/1376
f 2918/8571/1351 2919/8572/1353 2943/8573/1377 2942/8574/1375
f 2919/8575/1353 2920/8576/1354 2944/8577/1378 2943/8578/1377
f 2920/8579/1354 2921/8580/1355 2945/8581/1379 2944/8582/1378
f 2921/8583/1355 2922/8584/1356 2946/8585/1380 2945/8586/1379
f 2922/8587/1356 2923/8588/1357 2947/8589/1381 2946/8590/1380
f 2923/8591/1357 2924/8592/1358 2948/8593/1382 2947/8594/1381
f 2924/8595/1358 2925/8596/1359 2949/8597/1383 2948/8598/1382
f 2925/8599/1359 2926/8600/1360 2950/8601/1384 2949/8602/1383
f 2926/8603/1360 2927/8604/1361 2951/8605/1385 2950/8606/1384
f 2927/8607/1361 2928/8608/1362 2952/8609/1386 2951/8610/1385
f 2928/8611/1362 2929/8612/1363 2953/8613/1387 2952/8614/1386
f 2929/8615/1363 2930/8616/1364 2954/8617/1388 2953/8618/1387
f 2930/8619/1364 2931/8620/1365 2955/8621/1389 2954/8622/1388
f 2931/8623/1365 2932/8624/1366 2956/8625/1390 2955/8626/1389
f 2932/8627/1366 2933/8628/1367 2957/8629/1391 2956/8630/1390
f 2933/8631/1367 2934/8632/1368 2958/8633/1392 2957/8634/1391
f 2934/8635/1368 2935/8636/1369 2959/8637/1393 2958/8638/1392
f 2935/8639/1369 2936/8640/1370 2960/8641/1394 2959/8642/1393
f 2936/8643/1370 2937/8644/1371 2961/8645/1395 2960/8646/1394
f 2937/8647/1371 2938/8648/1372 2962/8649/1396 2961/8650/1395
f 2938/8651/1372 2939/8652/1373 2963/8653/1397 2962/8654/1396
f 2939/8655/1373 2940/8656/1374 2964/8657/1398 2963/8658/1397
f 2940/8659/1374 2917/8660/1352 2941/8661/1376 2964/8662/1398
f 2941/8663/1376 2942/8664/1375 2966/8665/1399 2965/8666/1400
f 2942/8667/1375 2943/8668/1377 2967/8669/1401 2966/8670/1399
f 2943/8671/1377 2944/8672/1378 2968/8673/1402 2967/8674/1401
f 2944/8675/1378 2945/8676/1379 2969/8677/1403 2968/8678/1402
f 2945/8679/1379 2946/8680/1380 2970/8681/1404 2969/8682/1403
f 2946/8683/1380 2947/8684/1381 2971/8685/1405 2970/8686/1404
f 2947/8687/1381 2948/8688/1382 2972/8689/1406 2971/8690/1405
f 2948/8691/1382 2949/8692/1383 2973/8693/1407 2972/8694/1406
f 2949/8695/1383 2950/8696/1384 2974/8697/1408 2973/8698/1407
f 2950/8699/1384 2951/8700/1385 2975/8701/1409 2974/8702/1408
f 2951/8703/1385 2952/8704/1386 2976/8705/1410 2975/8706/1409
f 2952/8707/1386 2953/8708/1387 2977/8709/1411 2976/8710/1410
f 2953/8711/1387 2954/8712/1388 2978/8713/1412 2977/8714/1411
f 2954/8715/1388 2955/8716/1389 2979/8717/1413 2978/8718/1412
f 2955/8719/1389 2956/8720/1390 2980/8721/1414 2979/8722/1413
f 2956/8723/1390 2957/8724/1391 2981/8725/1415 2980/8726/1414
f 2957/8727/1391 2958/8728/1392 2982/8729/1416 2981/8730/1415
f 2958/8731/1392 2959/8732/1393 2983/8733/1417 2982/8734/1416
f 2959/8735/1393 2960/8736/1394 2984/8737/1418 2983/8738/1417
f 2960/8739/1394 2961/8740/1395 2985/8741/1419 2984/8742/1418
f 2961/8743/1395 2962/8744/1396 2986/8745/1420 2985/8746/1419
f 2962/8747/1396 2963/8748/1397 2987/8749/1421 2986/8750/1420
f 2963/8751/1397 2964/8752/1398 2988/8753/1422 2987/8754/1421
f 2964/8755/1398 2941/8756/1376 2965/8757/1400 2988/8758/1422
o body_drop_flange
usemtl intake_pump
v 0.664827 0.23125 -0.483766
v 0.658493 0.23125 -0.451922
v 0.646068 0.23125 -0.421925
v 0.62803 0.23125 -0.394929
v 0.605071 0.23125 -0.37197
v 0.578075 0.23125 -0.353932
v 0.548078 0.23125 -0.341507
v 0.516234 0.23125 -0.335173
v 0.483766 0.23125 -0.335173
v 0.451922 0.23125 -0.341507
v 0.421925 0.23125 -0.353932
v 0.394929 0.23125 -0.37197
v 0.37197 0.23125 -0.394929
v 0.353932 0.23125 -0.421925
v 0.341507 0.23125 -0.451922
v 0.335173 0.23125 -0.483766
v 0.335173 0.23125 -0.516234
v 0.341507 0.23125 -0.548078
v 0.353932 0.23125 -0.578075
v 0.37197 0.23125 -0.605071
v 0.394929 0.23125 -0.62803
v 0.421925 0.23125 -0.646068
v 0.451922 0.23125 -0.658493
v 0.483766 0.23125 -0.664827
v 0.516234 0.23125 -0.664827
v 0.548078 0.23125 -0.658493
v 0.578075 0.23125 -0.646068
v 0.605071 0.23125 -0.62803
v 0.62803 0.23125 -0.605071
v 0.646068 0.23125 -0.578075
v 0.658493 0.23125 -0.548078
v 0.664827 0.23125 -0.516234
v 0.674157 0.23875 -0.482847
v 0.667465 0.23875 -0.4492
v 0.654336 0.23875 -0.417506
v 0.635277 0.23875 -0.388981
v 0.611019 0.23875 -0.364723
v 0.582494 0.23875 -0.345664
v 0.5508 0.23875 -0.332535
v 0.517153 0.23875 -0.325843
v 0.482847 0.23875 -0.325843
v 0.4492 0.23875 -0.332535
v 0.417506 0.23875 -0.345664
v 0.388981 0.23875 -0.364723
v 0.364723 0.23875 -0.388981
v 0.345664 0.23875 -0.417506
v 0.332535 0.23875 -0.4492
v 0.325843 0.23875 -0.482847
v 0.325843 0.23875 -0.517153
v 0.332535 0.23875 -0.5508
v 0.345664 0.23875 -0.582494
v 0.364723 0.23875 -0.611019
v 0.388981 0.23875 -0.635277
v 0.417506 0.23875 -0.654336
v 0.4492 0.23875 -0.667465
v 0.482847 0.23875 -0.674157
v 0.517153 0.23875 -0.674157
v 0.5508 0.23875 -0.667465
v 0.582494 0.23875 -0.654336
v 0.611019 0.23875 -0.635277
v 0.635277 0.23875 -0.611019
v 0.654336 0.23875 -0.582494
v 0.667465 0.23875 -0.5508
v 0.674157 0.23875 -0.517153
v 0.674157 0.255 -0.482847
v 0.667465 0.255 -0.4492
v 0.654336 0.255 -0.417506
v 0.635277 0.255 -0.388981
v 0.611019 0.255 -0.364723
v 0.582494 0.255 -0.345664
v 0.5508 0.255 -0.332535
v 0.517153 0.255 -0.325843
v 0.482847 0.255 -0.325843
v 0.4492 0.255 -0.332535
v 0.417506 0.255 -0.345664
v 0.388981 0.255 -0.364723
v 0.364723 0.255 -0.388981
v 0.345664 0.255 -0.417506
v 0.332535 0.255 -0.4492
v 0.325843 0.255 -0.482847
v 0.325843 0.255 -0.517153
v 0.332535 0.255 -0.5508
v 0.345664 0.255 -0.582494
v 0.364723 0.255 -0.611019
v 0.388981 0.255 -0.635277
v 0.417506 0.255 -0.654336
v 0.4492 0.255 -0.667465
v 0.482847 0.255 -0.674157
v 0.517153 0.255 -0.674157
v 0.5508 0.255 -0.667465
v 0.582494 0.255 -0.654336
v 0.611019 0.255 -0.635277
v 0.635277 0.255 -0.611019
v 0.654336 0.255 -0.582494
v 0.667465 0.255 -0.5508
v 0.674157 0.255 -0.517153
v 0.664827 0.2625 -0.483766
v 0.658493 0.2625 -0.451922
v 0.646068 0.2625 -0.421925
v 0.62803 0.2625 -0.394929
v 0.605071 0.2625 -0.37197
v 0.578075 0.2625 -0.353932
v 0.548078 0.2625 -0.341507
v 0.516234 0.2625 -0.335173
v 0.483766 0.2625 -0.335173
v 0.451922 0.2625 -0.341507
v 0.421925 0.2625 -0.353932
v 0.394929 0.2625 -0.37197
v 0.37197 0.2625 -0.394929
v 0.353932 0.2625 -0.421925
v 0.341507 0.2625 -0.451922
v 0.335173 0.2625 -0.483766
v 0.335173 0.2625 -0.516234
v 0.341507 0.2625 -0.548078
v 0.353932 0.2625 -0.578075
v 0.37197 0.2625 -0.605071
v 0.394929 0.2625 -0.62803
v 0.421925 0.2625 -0.646068
v 0.451922 0.2625 -0.658493
v 0.483766 0.2625 -0.664827
v 0.516234 0.2625 -0.664827
v 0.548078 0.2625 -0.658493
v 0.578075 0.2625 -0.646068
v 0.605071 0.2625 -0.62803
v 0.62803 0.2625 -0.605071
v 0.646068 0.2625 -0.578075
v 0.658493 0.2625 -0.548078
v 0.664827 0.2625 -0.516234
v 0.5 0.23125 -0.5
v 0.5 0.2625 -0.5
vt 0.184661 0.320057
vt 0.190883 0.321036
vt 0.190375 0.32318
vt 0.184486 0.322254
vt 0.190883 0.321036
vt 0.196834 0.322956
vt 0.196007 0.324998
vt 0.190375 0.32318
vt 0.196834 0.322956
vt 0.202286 0.325745
vt 0.201167 0.327637
vt 0.196007 0.324998
vt 0.017645 0.395609
vt 0.01357 0.400351
vt 0.012016 0.398788
vt 0.015873 0.394301
vt 0.01357 0.400351
vt 0.008778 0.404438
vt 0.007481 0.402657
vt 0.012016 0.398788
vt 0.008778 0.404438
vt 0.003454 0.407715
vt 0.002441 0.405758
vt 0.007481 0.402657
vt 0.918555 0.118666
vt 0.912378 0.119629
vt 0.912209 0.117431
vt 0.918056 0.11652
vt 0.912378 0.119629
vt 0.90608 0.119629
vt 0.906248 0.117431
vt 0.912209 0.117431
vt 0.90608 0.119629
vt 0.899902 0.118666
vt 0.900402 0.11652
vt 0.906248 0.117431
vt 0.053742 0.407715
vt 0.048418 0.404438
vt 0.049716 0.402657
vt 0.054755 0.405758
vt 0.048418 0.404438
vt 0.043626 0.400351
vt 0.045181 0.398788
vt 0.049716 0.402657
vt 0.043626 0.400351
vt 0.039551 0.395609
vt 0.041324 0.394301
vt 0.045181 0.398788
vt 0.071152 0.32188
vt 0.065574 0.324702
vt 0.064735 0.322664
vt 0.070015 0.319993
vt 0.065574 0.324702
vt 0.059583 0.326646
vt 0.059065 0.324503
vt 0.064735 0.322664
vt 0.059583 0.326646
vt 0.05341 0.327637
vt 0.053223 0.325441
vt 0.059065 0.324503
vt 0.646849 0.186035
vt 0.640597 0.186035
vt 0.640768 0.183838
vt 0.646685 0.183838
vt 0.640597 0.186035
vt 0.634373 0.185065
vt 0.634879 0.18292
vt 0.640768 0.183838
vt 0.634373 0.185065
vt 0.628418 0.183163
vt 0.629242 0.18112
vt 0.634879 0.18292
vt 0.147009 0.407715
vt 0.141552 0.404663
vt 0.142774 0.402829
vt 0.147939 0.405717
vt 0.141552 0.404663
vt 0.136594 0.400779
vt 0.138082 0.399153
vt 0.142774 0.402829
vt 0.136594 0.400779
vt 0.132324 0.396212
vt 0.134041 0.394831
vt 0.138082 0.399153
vt 0.223145 0.293453
vt 0.228895 0.291
vt 0.229599 0.293088
vt 0.224157 0.29541
vt 0.228895 0.291
vt 0.235 0.28945
vt 0.235377 0.291621
vt 0.229599 0.293088
vt 0.235 0.28945
vt 0.241224 0.288862
vt 0.241268 0.291065
vt 0.235377 0.291621
vt 0.274487 0.38073
vt 0.280398 0.382767
vt 0.27952 0.384789
vt 0.273926 0.382861
vt 0.280398 0.382767
vt 0.285966 0.385711
vt 0.284789 0.387575
vt 0.27952 0.384789
vt 0.285966 0.385711
vt 0.290977 0.38945
vt 0.289532 0.391113
vt 0.284789 0.387575
vt 0.335449 0.389444
vt 0.340476 0.385726
vt 0.341644 0.387595
vt 0.336887 0.391113
vt 0.340476 0.385726
vt 0.346056 0.382806
vt 0.346926 0.384831
vt 0.341644 0.387595
vt 0.346056 0.382806
vt 0.351975 0.380794
vt 0.352528 0.382927
vt 0.346926 0.384831
vt 0.172363 0.321036
vt 0.178408 0.320057
vt 0.178568 0.322254
vt 0.172847 0.32318
vt 0.178408 0.320057
vt 0.184661 0.320057
vt 0.184486 0.322254
vt 0.178568 0.322254
vt 0.352369 0.10981
vt 0.358667 0.10981
vt 0.358667 0.112793
vt 0.352369 0.112793
vt 0.358667 0.10981
vt 0.364844 0.10981
vt 0.364844 0.112793
vt 0.358667 0.112793
vt 0.236816 0.10981
vt 0.243084 0.10981
vt 0.243084 0.112793
vt 0.236816 0.112793
vt 0.243084 0.10981
vt 0.249352 0.10981
vt 0.249352 0.112793
vt 0.243084 0.112793
vt 0.127441 0.10981
vt 0.133709 0.10981
vt 0.133709 0.112793
vt 0.127441 0.112793
vt 0.133709 0.10981
vt 0.139977 0.10981
vt 0.139977 0.112793
vt 0.133709 0.112793
vt 0.202477 0.112793
vt 0.196209 0.112793
vt 0.196209 0.10981
vt 0.202477 0.10981
vt 0.196209 0.112793
vt 0.189941 0.112793
vt 0.189941 0.10981
vt 0.196209 0.10981
vt 0.218102 0.112793
vt 0.211834 0.112793
vt 0.211834 0.10981
vt 0.218102 0.10981
vt 0.211834 0.112793
vt 0.205566 0.112793
vt 0.205566 0.10981
vt 0.211834 0.10981
vt 0.155602 0.112793
vt 0.149334 0.112793
vt 0.149334 0.10981
vt 0.155602 0.10981
vt 0.149334 0.112793
vt 0.143066 0.112793
vt 0.143066 0.10981
vt 0.149334 0.10981
vt 0.108727 0.112793
vt 0.102459 0.112793
vt 0.102459 0.10981
vt 0.108727 0.10981
vt 0.102459 0.112793
vt 0.096191 0.112793
vt 0.096191 0.10981
vt 0.102459 0.10981
vt 0.171227 0.112793
vt 0.164959 0.112793
vt 0.164959 0.10981
vt 0.171227 0.10981
vt 0.164959 0.112793
vt 0.158691 0.112793
vt 0.158691 0.10981
vt 0.164959 0.10981
vt 0.280602 0.112793
vt 0.274334 0.112793
vt 0.274334 0.10981
vt 0.280602 0.10981
vt 0.274334 0.112793
vt 0.268066 0.112793
vt 0.268066 0.10981
vt 0.274334 0.10981
vt 0.985681 0.112793
vt 0.979413 0.112793
vt 0.979413 0.10981
vt 0.985681 0.10981
vt 0.979413 0.112793
vt 0.973145 0.112793
vt 0.973145 0.10981
vt 0.979413 0.10981
vt 0.124352 0.112793
vt 0.118084 0.112793
vt 0.118084 0.10981
vt 0.124352 0.10981
vt 0.118084 0.112793
vt 0.111816 0.112793
vt 0.111816 0.10981
vt 0.118084 0.10981
vt 0.233727 0.112793
vt 0.227459 0.112793
vt 0.227459 0.10981
vt 0.233727 0.10981
vt 0.227459 0.112793
vt 0.221191 0.112793
vt 0.221191 0.10981
vt 0.227459 0.10981
vt 0.186852 0.112793
vt 0.180584 0.112793
vt 0.180584 0.10981
vt 0.186852 0.10981
vt 0.180584 0.112793
vt 0.174316 0.112793
vt 0.174316 0.10981
vt 0.180584 0.10981
vt 0.252441 0.10981
vt 0.258709 0.10981
vt 0.258709 0.112793
vt 0.252441 0.112793
vt 0.258709 0.10981
vt 0.264977 0.10981
vt 0.264977 0.112793
vt 0.258709 0.112793
vt 0.080566 0.10981
vt 0.086834 0.10981
vt 0.086834 0.112793
vt 0.080566 0.112793
vt 0.086834 0.10981
vt 0.093102 0.10981
vt 0.093102 0.112793
vt 0.086834 0.112793
vt 0.283691 0.10981
vt 0.28999 0.10981
vt 0.28999 0.112793
vt 0.283691 0.112793
vt 0.346191 0.10981
vt 0.352369 0.10981
vt 0.352369 0.112793
vt 0.346191 0.112793
vt 0.217689 0.32544
vt 0.223578 0.324513
vt 0.224086 0.326658
vt 0.217864 0.327637
vt 0.223578 0.324513
vt 0.22921 0.322696
vt 0.230037 0.324737
vt 0.224086 0.326658
vt 0.22921 0.322696
vt 0.23437 0.320057
vt 0.235489 0.321949
vt 0.230037 0.324737
vt 0.022769 0.394301
vt 0.026626 0.398788
vt 0.025071 0.400351
vt 0.020996 0.395609
vt 0.026626 0.398788
vt 0.031161 0.402657
vt 0.029863 0.404438
vt 0.025071 0.400351
vt 0.031161 0.402657
vt 0.0362 0.405758
vt 0.035187 0.407715
vt 0.029863 0.404438
vt 0.85548 0.11652
vt 0.861327 0.117431
vt 0.861158 0.119629
vt 0.85498 0.118666
vt 0.861327 0.117431
vt 0.867287 0.117431
vt 0.867456 0.119629
vt 0.861158 0.119629
vt 0.867287 0.117431
vt 0.873134 0.11652
vt 0.873634 0.118666
vt 0.867456 0.119629
vt 0.058105 0.405758
vt 0.063145 0.402657
vt 0.064443 0.404438
vt 0.059118 0.407715
vt 0.063145 0.402657
vt 0.06768 0.398788
vt 0.069234 0.400351
vt 0.064443 0.404438
vt 0.06768 0.398788
vt 0.071537 0.394301
vt 0.07331 0.395609
vt 0.069234 0.400351
vt 0.091499 0.327637
vt 0.086219 0.324966
vt 0.087058 0.322928
vt 0.092637 0.32575
vt 0.086219 0.324966
vt 0.080549 0.323126
vt 0.081067 0.320984
vt 0.087058 0.322928
vt 0.080549 0.323126
vt 0.074707 0.322188
vt 0.074894 0.319993
vt 0.081067 0.320984
vt 0.711138 0.183317
vt 0.705222 0.183317
vt 0.70505 0.18112
vt 0.711302 0.18112
vt 0.705222 0.183317
vt 0.699332 0.184235
vt 0.698827 0.182089
vt 0.70505 0.18112
vt 0.699332 0.184235
vt 0.693695 0.186035
vt 0.692871 0.183992
vt 0.698827 0.182089
vt 0.129384 0.396829
vt 0.12422 0.399717
vt 0.122997 0.397883
vt 0.128454 0.394831
vt 0.12422 0.399717
vt 0.119527 0.403393
vt 0.118039 0.401766
vt 0.122997 0.397883
vt 0.119527 0.403393
vt 0.115486 0.407715
vt 0.11377 0.406333
vt 0.118039 0.401766
vt 0.26174 0.29541
vt 0.256297 0.293088
vt 0.257002 0.291
vt 0.262752 0.293453
vt 0.256297 0.293088
vt 0.25052 0.291621
vt 0.250897 0.28945
vt 0.257002 0.291
vt 0.25052 0.291621
vt 0.244629 0.291065
vt 0.244673 0.288862
vt 0.250897 0.28945
vt 0.311485 0.382861
vt 0.305891 0.384789
vt 0.305012 0.382767
vt 0.310923 0.38073
vt 0.305891 0.384789
vt 0.300621 0.387575
vt 0.299445 0.385711
vt 0.305012 0.382767
vt 0.300621 0.387575
vt 0.295879 0.391113
vt 0.294434 0.38945
vt 0.299445 0.385711
vt 0.316379 0.380794
vt 0.321137 0.384312
vt 0.319968 0.386181
vt 0.314941 0.382463
vt 0.321137 0.384312
vt 0.326418 0.387076
vt 0.325548 0.389101
vt 0.319968 0.386181
vt 0.326418 0.387076
vt 0.33202 0.38898
vt 0.331468 0.391113
vt 0.325548 0.389101
vt 0.20605 0.324513
vt 0.211771 0.32544
vt 0.211611 0.327637
vt 0.205566 0.326658
vt 0.211771 0.32544
vt 0.217689 0.32544
vt 0.217864 0.327637
vt 0.211611 0.327637
vt 0.232898 0.747571
vt 0.235878 0.717309
vt 0.241725 0.718472
vt 0.232898 0.747571
vt 0.241725 0.718472
vt 0.247232 0.720754
vt 0.232898 0.747571
vt 0.247232 0.720754
vt 0.252188 0.724065
vt 0.232898 0.747571
vt 0.252188 0.724065
vt 0.256403 0.72828
vt 0.232898 0.747571
vt 0.256403 0.72828
vt 0.259715 0.733237
vt 0.232898 0.747571
vt 0.259715 0.733237
vt 0.261996 0.738744
vt 0.232898 0.747571
vt 0.261996 0.738744
vt 0.263159 0.74459
vt 0.232898 0.747571
vt 0.263159 0.74459
vt 0.263159 0.750551
vt 0.232898 0.747571
vt 0.263159 0.750551
vt 0.261996 0.756398
vt 0.232898 0.747571
vt 0.261996 0.756398
vt 0.259715 0.761905
vt 0.232898 0.747571
vt 0.259715 0.761905
vt 0.256403 0.766861
vt 0.232898 0.747571
vt 0.256403 0.766861
vt 0.252188 0.771076
vt 0.232898 0.747571
vt 0.252188 0.771076
vt 0.247232 0.774388
vt 0.232898 0.747571
vt 0.247232 0.774388
vt 0.241725 0.776669
vt 0.232898 0.747571
vt 0.241725 0.776669
vt 0.235878 0.777832
vt 0.232898 0.747571
vt 0.235878 0.777832
vt 0.229918 0.777832
vt 0.232898 0.747571
vt 0.229918 0.777832
vt 0.224071 0.776669
vt 0.232898 0.747571
vt 0.224071 0.776669
vt 0.218564 0.774388
vt 0.232898 0.747571
vt 0.218564 0.774388
vt 0.213608 0.771076
vt 0.232898 0.747571
vt 0.213608 0.771076
vt 0.209393 0.766861
vt 0.232898 0.747571
vt 0.209393 0.766861
vt 0.206081 0.761905
vt 0.232898 0.747571
vt 0.206081 0.761905
vt 0.2038 0.756398
vt 0.232898 0.747571
vt 0.2038 0.756398
vt 0.202637 0.750551
vt 0.232898 0.747571
vt 0.202637 0.750551
vt 0.202637 0.74459
vt 0.232898 0.747571
vt 0.202637 0.74459
vt 0.2038 0.738744
vt 0.232898 0.747571
vt 0.2038 0.738744
vt 0.206081 0.733237
vt 0.232898 0.747571
vt 0.206081 0.733237
vt 0.209393 0.72828
vt 0.232898 0.747571
vt 0.209393 0.72828
vt 0.213608 0.724065
vt 0.232898 0.747571
vt 0.213608 0.724065
vt 0.218564 0.720754
vt 0.232898 0.747571
vt 0.218564 0.720754
vt 0.224071 0.718472
vt 0.232898 0.747571
vt 0.224071 0.718472
vt 0.229918 0.717309
vt 0.232898 0.747571
vt 0.229918 0.717309
vt 0.235878 0.717309
vt 0.305201 0.776669
vt 0.299355 0.777832
vt 0.296375 0.747571
vt 0.310709 0.774388
vt 0.305201 0.776669
vt 0.296375 0.747571
vt 0.315665 0.771076
vt 0.310709 0.774388
vt 0.296375 0.747571
vt 0.31988 0.766861
vt 0.315665 0.771076
vt 0.296375 0.747571
vt 0.323192 0.761905
vt 0.31988 0.766861
vt 0.296375 0.747571
vt 0.325473 0.756398
vt 0.323192 0.761905
vt 0.296375 0.747571
vt 0.326636 0.750551
vt 0.325473 0.756398
vt 0.296375 0.747571
vt 0.326636 0.74459
vt 0.326636 0.750551
vt 0.296375 0.747571
vt 0.325473 0.738744
vt 0.326636 0.74459
vt 0.296375 0.747571
vt 0.323192 0.733237
vt 0.325473 0.738744
vt 0.296375 0.747571
vt 0.31988 0.72828
vt 0.323192 0.733237
vt 0.296375 0.747571
vt 0.315665 0.724065
vt 0.31988 0.72828
vt 0.296375 0.747571
vt 0.310709 0.720754
vt 0.315665 0.724065
vt 0.296375 0.747571
vt 0.305201 0.718472
vt 0.310709 0.720754
vt 0.296375 0.747571
vt 0.299355 0.717309
vt 0.305201 0.718472
vt 0.296375 0.747571
vt 0.293394 0.717309
vt 0.299355 0.717309
vt 0.296375 0.747571
vt 0.287548 0.718472
vt 0.293394 0.717309
vt 0.296375 0.747571
vt 0.28204 0.720754
vt 0.287548 0.718472
vt 0.296375 0.747571
vt 0.277084 0.724065
vt 0.28204 0.720754
vt 0.296375 0.747571
vt 0.272869 0.72828
vt 0.277084 0.724065
vt 0.296375 0.747571
vt 0.269557 0.733237
vt 0.272869 0.72828
vt 0.296375 0.747571
vt 0.267276 0.738744
vt 0.269557 0.733237
vt 0.296375 0.747571
vt 0.266113 0.74459
vt 0.267276 0.738744
vt 0.296375 0.747571
vt 0.266113 0.750551
vt 0.266113 0.74459
vt 0.296375 0.747571
vt 0.267276 0.756398
vt 0.266113 0.750551
vt 0.296375 0.747571
vt 0.269557 0.761905
vt 0.267276 0.756398
vt 0.296375 0.747571
vt 0.272869 0.766861
vt 0.269557 0.761905
vt 0.296375 0.747571
vt 0.277084 0.771076
vt 0.272869 0.766861
vt 0.296375 0.747571
vt 0.28204 0.774388
vt 0.277084 0.771076
vt 0.296375 0.747571
vt 0.287548 0.776669
vt 0.28204 0.774388
vt 0.296375 0.747571
vt 0.293394 0.777832
vt 0.287548 0.776669
vt 0.296375 0.747571
vt 0.299355 0.777832
vt 0.293394 0.777832
vt 0.296375 0.747571
vn 0.621687 -0.780869 0.061231
vn 0.597796 -0.780869 0.181339
vn 0.550932 -0.780869 0.294479
vn 0.482896 -0.780869 0.396302
vn 0.396302 -0.780869 0.482896
vn 0.294479 -0.780869 0.550932
vn 0.181339 -0.780869 0.597796
vn 0.061231 -0.780869 0.621687
vn -0.061231 -0.780869 0.621687
vn -0.181339 -0.780869 0.597796
vn -0.294479 -0.780869 0.550932
vn -0.396302 -0.780869 0.482896
vn -0.482896 -0.780869 0.396302
vn -0.550932 -0.780869 0.294479
vn -0.597796 -0.780869 0.181339
vn -0.621687 -0.780869 0.061231
vn -0.621687 -0.780869 -0.061231
vn -0.597796 -0.780869 -0.181339
vn -0.550932 -0.780869 -0.294479
vn -0.482896 -0.780869 -0.396302
vn -0.396302 -0.780869 -0.482896
vn -0.294479 -0.780869 -0.550932
vn -0.181339 -0.780869 -0.597796
vn -0.061231 -0.780869 -0.621687
vn 0.061231 -0.780869 -0.621687
vn 0.181339 -0.780869 -0.597796
vn 0.294479 -0.780869 -0.550932
vn 0.396302 -0.780869 -0.482896
vn 0.482896 -0.780869 -0.396302
vn 0.550932 -0.780869 -0.294479
vn 0.597796 -0.780869 -0.181339
vn 0.621687 -0.780869 -0.061231
vn 0.995185 0 0.098017
vn 0.95694 0 0.290285
vn 0.881921 0 0.471397
vn 0.77301 0 0.634393
vn 0.634393 0 0.77301
vn 0.471397 0 0.881921
vn 0.290285 0 0.95694
vn 0.098017 0 0.995185
vn -0.098017 0 0.995185
vn -0.290285 0 0.95694
vn -0.471397 0 0.881921
vn -0.634393 0 0.77301
vn -0.77301 0 0.634393
vn -0.881921 0 0.471397
vn -0.95694 0 0.290285
vn -0.995185 0 0.098017
vn -0.995185 0 -0.098017
vn -0.95694 0 -0.290285
vn -0.881921 0 -0.471397
vn -0.77301 0 -0.634393
vn -0.634393 0 -0.77301
vn -0.471397 0 -0.881921
vn -0.290285 0 -0.95694
vn -0.098017 0 -0.995185
vn 0.098017 0 -0.995185
vn 0.290285 0 -0.95694
vn 0.471397 0 -0.881921
vn 0.634393 0 -0.77301
vn 0.77301 0 -0.634393
vn 0.881921 0 -0.471397
vn 0.95694 0 -0.290285
vn 0.995185 0 -0.098017
vn 0.621687 0.780869 0.061231
vn 0.597796 0.780869 0.181339
vn 0.550932 0.780869 0.294479
vn 0.482896 0.780869 0.396302
vn 0.396302 0.780869 0.482896
vn 0.294479 0.780869 0.550932
vn 0.181339 0.780869 0.597796
vn 0.061231 0.780869 0.621687
vn -0.061231 0.780869 0.621687
vn -0.181339 0.780869 0.597796
vn -0.294479 0.780869 0.550932
vn -0.396302 0.780869 0.482896
vn -0.482896 0.780869 0.396302
vn -0.550932 0.780869 0.294479
vn -0.597796 0.780869 0.181339
vn -0.621687 0.780869 0.061231
vn -0.621687 0.780869 -0.061231
vn -0.597796 0.780869 -0.181339
vn -0.550932 0.780869 -0.294479
vn -0.482896 0.780869 -0.396302
vn -0.396302 0.780869 -0.482896
vn -0.294479 0.780869 -0.550932
vn -0.181339 0.780869 -0.597796
vn -0.061231 0.780869 -0.621687
vn 0.061231 0.780869 -0.621687
vn 0.181339 0.780869 -0.597796
vn 0.294479 0.780869 -0.550932
vn 0.396302 0.780869 -0.482896
vn 0.482896 0.780869 -0.396302
vn 0.550932 0.780869 -0.294479
vn 0.597796 0.780869 -0.181339
vn 0.621687 0.780869 -0.061231
vn 0 -1 0
vn 0 1 0
f 3021/8759/1423 3022/8760/1424 2990/8761/1424 2989/8762/1423
f 3022/8763/1424 3023/8764/1425 2991/8765/1425 2990/8766/1424
f 3023/8767/1425 3024/8768/1426 2992/8769/1426 2991/8770/1425
f 3024/8771/1426 3025/8772/1427 2993/8773/1427 2992/8774/1426
f 3025/8775/1427 3026/8776/1428 2994/8777/1428 2993/8778/1427
f 3026/8779/1428 3027/8780/1429 2995/8781/1429 2994/8782/1428
f 3027/8783/1429 3028/8784/1430 2996/8785/1430 2995/8786/1429
f 3028/8787/1430 3029/8788/1431 2997/8789/1431 2996/8790/1430
f 3029/8791/1431 3030/8792/1432 2998/8793/1432 2997/8794/1431
f 3030/8795/1432 3031/8796/1433 2999/8797/1433 2998/8798/1432
f 3031/8799/1433 3032/8800/1434 3000/8801/1434 2999/8802/1433
f 3032/8803/1434 3033/8804/1435 3001/8805/1435 3000/8806/1434
f 3033/8807/1435 3034/8808/1436 3002/8809/1436 3001/8810/1435
f 3034/8811/1436 3035/8812/1437 3003/8813/1437 3002/8814/1436
f 3035/8815/1437 3036/8816/1438 3004/8817/1438 3003/8818/1437
f 3036/8819/1438 3037/8820/1439 3005/8821/1439 3004/8822/1438
f 3037/8823/1439 3038/8824/1440 3006/8825/1440 3005/8826/1439
f 3038/8827/1440 3039/8828/1441 3007/8829/1441 3006/8830/1440
f 3039/8831/1441 3040/8832/1442 3008/8833/1442 3007/8834/1441
f 3040/8835/1442 3041/8836/1443 3009/8837/1443 3008/8838/1442
f 3041/8839/1443 3042/8840/1444 3010/8841/1444 3009/8842/1443
f 3042/8843/1444 3043/8844/1445 3011/8845/1445 3010/8846/1444
f 3043/8847/1445 3044/8848/1446 3012/8849/1446 3011/8850/1445
f 3044/8851/1446 3045/8852/1447 3013/8853/1447 3012/8854/1446
f 3045/8855/1447 3046/8856/1448 3014/8857/1448 3013/8858/1447
f 3046/8859/1448 3047/8860/1449 3015/8861/1449 3014/8862/1448
f 3047/8863/1449 3048/8864/1450 3016/8865/1450 3015/8866/1449
f 3048/8867/1450 3049/8868/1451 3017/8869/1451 3016/8870/1450
f 3049/8871/1451 3050/8872/1452 3018/8873/1452 3017/8874/1451
f 3050/8875/1452 3051/8876/1453 3019/8877/1453 3018/8878/1452
f 3051/8879/1453 3052/8880/1454 3020/8881/1454 3019/8882/1453
f 3052/8883/1454 3021/8884/1423 2989/8885/1423 3020/8886/1454
f 3053/8887/1455 3054/8888/1456 3022/8889/1456 3021/8890/1455
f 3054/8891/1456 3055/8892/1457 3023/8893/1457 3022/8894/1456
f 3055/8895/1457 3056/8896/1458 3024/8897/1458 3023/8898/1457
f 3056/8899/1458 3057/8900/1459 3025/8901/1459 3024/8902/1458
f 3057/8903/1459 3058/8904/1460 3026/8905/1460 3025/8906/1459
f 3058/8907/1460 3059/8908/1461 3027/8909/1461 3026/8910/1460
f 3059/8911/1461 3060/8912/1462 3028/8913/1462 3027/8914/1461
f 3060/8915/1462 3061/8916/1463 3029/8917/1463 3028/8918/1462
f 3061/8919/1463 3062/8920/1464 3030/8921/1464 3029/8922/1463
f 3062/8923/1464 3063/8924/1465 3031/8925/1465 3030/8926/1464
f 3063/8927/1465 3064/8928/1466 3032/8929/1466 3031/8930/1465
f 3064/8931/1466 3065/8932/1467 3033/8933/1467 3032/8934/1466
f 3065/8935/1467 3066/8936/1468 3034/8937/1468 3033/8938/1467
f 3066/8939/1468 3067/8940/1469 3035/8941/1469 3034/8942/1468
f 3067/8943/1469 3068/8944/1470 3036/8945/1470 3035/8946/1469
f 3068/8947/1470 3069/8948/1471 3037/8949/1471 3036/8950/1470
f 3069/8951/1471 3070/8952/1472 3038/8953/1472 3037/8954/1471
f 3070/8955/1472 3071/8956/1473 3039/8957/1473 3038/8958/1472
f 3071/8959/1473 3072/8960/1474 3040/8961/1474 3039/8962/1473
f 3072/8963/1474 3073/8964/1475 3041/8965/1475 3040/8966/1474
f 3073/8967/1475 3074/8968/1476 3042/8969/1476 3041/8970/1475
f 3074/8971/1476 3075/8972/1477 3043/8973/1477 3042/8974/1476
f 3075/8975/1477 3076/8976/1478 3044/8977/1478 3043/8978/1477
f 3076/8979/1478 3077/8980/1479 3045/8981/1479 3044/8982/1478
f 3077/8983/1479 3078/8984/1480 3046/8985/1480 3045/8986/1479
f 3078/8987/1480 3079/8988/1481 3047/8989/1481 3046/8990/1480
f 3079/8991/1481 3080/8992/1482 3048/8993/1482 3047/8994/1481
f 3080/8995/1482 3081/8996/1483 3049/8997/1483 3048/8998/1482
f 3081/8999/1483 3082/9000/1484 3050/9001/1484 3049/9002/1483
f 3082/9003/1484 3083/9004/1485 3051/9005/1485 3050/9006/1484
f 3083/9007/1485 3084/9008/1486 3052/9009/1486 3051/9010/1485
f 3084/9011/1486 3053/9012/1455 3021/9013/1455 3052/9014/1486
f 3085/9015/1487 3086/9016/1488 3054/9017/1488 3053/9018/1487
f 3086/9019/1488 3087/9020/1489 3055/9021/1489 3054/9022/1488
f 3087/9023/1489 3088/9024/1490 3056/9025/1490 3055/9026/1489
f 3088/9027/1490 3089/9028/1491 3057/9029/1491 3056/9030/1490
f 3089/9031/1491 3090/9032/1492 3058/9033/1492 3057/9034/1491
f 3090/9035/1492 3091/9036/1493 3059/9037/1493 3058/9038/1492
f 3091/9039/1493 3092/9040/1494 3060/9041/1494 3059/9042/1493
f 3092/9043/1494 3093/9044/1495 3061/9045/1495 3060/9046/1494
f 3093/9047/1495 3094/9048/1496 3062/9049/1496 3061/9050/1495
f 3094/9051/1496 3095/9052/1497 3063/9053/1497 3062/9054/1496
f 3095/9055/1497 3096/9056/1498 3064/9057/1498 3063/9058/1497
f 3096/9059/1498 3097/9060/1499 3065/9061/1499 3064/9062/1498
f 3097/9063/1499 3098/9064/1500 3066/9065/1500 3065/9066/1499
f 3098/9067/1500 3099/9068/1501 3067/9069/1501 3066/9070/1500
f 3099/9071/1501 3100/9072/1502 3068/9073/1502 3067/9074/1501
f 3100/9075/1502 3101/9076/1503 3069/9077/1503 3068/9078/1502
f 3101/9079/1503 3102/9080/1504 3070/9081/1504 3069/9082/1503
f 3102/9083/1504 3103/9084/1505 3071/9085/1505 3070/9086/1504
f 3103/9087/1505 3104/9088/1506 3072/9089/1506 3071/9090/1505
f 3104/9091/1506 3105/9092/1507 3073/9093/1507 3072/9094/1506
f 3105/9095/1507 3106/9096/1508 3074/9097/1508 3073/9098/1507
f 3106/9099/1508 3107/9100/1509 3075/9101/1509 3074/9102/1508
f 3107/9103/1509 3108/9104/1510 3076/9105/1510 3075/9106/1509
f 3108/9107/1510 3109/9108/1511 3077/9109/1511 3076/9110/1510
f 3109/9111/1511 3110/9112/1512 3078/9113/1512 3077/9114/1511
f 3110/9115/1512 3111/9116/1513 3079/9117/1513 3078/9118/1512
f 3111/9119/1513 3112/9120/1514 3080/9121/1514 3079/9122/1513
f 3112/9123/1514 3113/9124/1515 3081/9125/1515 3080/9126/1514
f 3113/9127/1515 3114/9128/1516 3082/9129/1516 3081/9130/1515
f 3114/9131/1516 3115/9132/1517 3083/9133/1517 3082/9134/1516
f 3115/9135/1517 3116/9136/1518 3084/9137/1518 3083/9138/1517
f 3116/9139/1518 3085/9140/1487 3053/9141/1487 3084/9142/1518
f 3117/9143/1519 2989/9144/1519 2990/9145/1519
f 3117/9146/1519 2990/9147/1519 2991/9148/1519
f 3117/9149/1519 2991/9150/1519 2992/9151/1519
f 3117/9152/1519 2992/9153/1519 2993/9154/1519
f 3117/9155/1519 2993/9156/1519 2994/9157/1519
f 3117/9158/1519 2994/9159/1519 2995/9160/1519
f 3117/9161/1519 2995/9162/1519 2996/9163/1519
f 3117/9164/1519 2996/9165/1519 2997/9166/1519
f 3117/9167/1519 2997/9168/1519 2998/9169/1519
f 3117/9170/1519 2998/9171/1519 2999/9172/1519
f 3117/9173/1519 2999/9174/1519 3000/9175/1519
f 3117/9176/1519 3000/9177/1519 3001/9178/1519
f 3117/9179/1519 3001/9180/1519 3002/9181/1519
f 3117/9182/1519 3002/9183/1519 3003/9184/1519
f 3117/9185/1519 3003/9186/1519 3004/9187/1519
f 3117/9188/1519 3004/9189/1519 3005/9190/1519
f 3117/9191/1519 3005/9192/1519 3006/9193/1519
f 3117/9194/1519 3006/9195/1519 3007/9196/1519
f 3117/9197/1519 3007/9198/1519 3008/9199/1519
f 3117/9200/1519 3008/9201/1519 3009/9202/1519
f 3117/9203/1519 3009/9204/1519 3010/9205/1519
f 3117/9206/1519 3010/9207/1519 3011/9208/1519
f 3117/9209/1519 3011/9210/1519 3012/9211/1519
f 3117/9212/1519 3012/9213/1519 3013/9214/1519
f 3117/9215/1519 3013/9216/1519 3014/9217/1519
f 3117/9218/1519 3014/9219/1519 3015/9220/1519
f 3117/9221/1519 3015/9222/1519 3016/9223/1519
f 3117/9224/1519 3016/9225/1519 3017/9226/1519
f 3117/9227/1519 3017/9228/1519 3018/9229/1519
f 3117/9230/1519 3018/9231/1519 3019/9232/1519
f 3117/9233/1519 3019/9234/1519 3020/9235/1519
f 3117/9236/1519 3020/9237/1519 2989/9238/1519
f 3086/9239/1520 3085/9240/1520 3118/9241/1520
f 3087/9242/1520 3086/9243/1520 3118/9244/1520
f 3088/9245/1520 3087/9246/1520 3118/9247/1520
f 3089/9248/1520 3088/9249/1520 3118/9250/1520
f 3090/9251/1520 3089/9252/1520 3118/9253/1520
f 3091/9254/1520 3090/9255/1520 3118/9256/1520
f 3092/9257/1520 3091/9258/1520 3118/9259/1520
f 3093/9260/1520 3092/9261/1520 3118/9262/1520
f 3094/9263/1520 3093/9264/1520 3118/9265/1520
f 3095/9266/1520 3094/9267/1520 3118/9268/1520
f 3096/9269/1520 3095/9270/1520 3118/9271/1520
f 3097/9272/1520 3096/9273/1520 3118/9274/1520
f 3098/9275/1520 3097/9276/1520 3118/9277/1520
f 3099/9278/1520 3098/9279/1520 3118/9280/1520
f 3100/9281/1520 3099/9282/1520 3118/9283/1520
f 3101/9284/1520 3100/9285/1520 3118/9286/1520
f 3102/9287/1520 3101/9288/1520 3118/9289/1520
f 3103/9290/1520 3102/9291/1520 3118/9292/1520
f 3104/9293/1520 3103/9294/1520 3118/9295/1520
f 3105/9296/1520 3104/9297/1520 3118/9298/1520
f 3106/9299/1520 3105/9300/1520 3118/9301/1520
f 3107/9302/1520 3106/9303/1520 3118/9304/1520
f 3108/9305/1520 3107/9306/1520 3118/9307/1520
f 3109/9308/1520 3108/9309/1520 3118/9310/1520
f 3110/9311/1520 3109/9312/1520 3118/9313/1520
f 3111/9314/1520 3110/9315/1520 3118/9316/1520
f 3112/9317/1520 3111/9318/1520 3118/9319/1520
f 3113/9320/1520 3112/9321/1520 3118/9322/1520
f 3114/9323/1520 3113/9324/1520 3118/9325/1520
f 3115/9326/1520 3114/9327/1520 3118/9328/1520
f 3116/9329/1520 3115/9330/1520 3118/9331/1520
f 3085/9332/1520 3116/9333/1520 3118/9334/1520
o body_strainer_flange
usemtl intake_pump
v 0.664827 -0.725 -0.483766
v 0.658493 -0.725 -0.451922
v 0.646068 -0.725 -0.421925
v 0.62803 -0.725 -0.394929
v 0.605071 -0.725 -0.37197
v 0.578075 -0.725 -0.353932
v 0.548078 -0.725 -0.341507
v 0.516234 -0.725 -0.335173
v 0.483766 -0.725 -0.335173
v 0.451922 -0.725 -0.341507
v 0.421925 -0.725 -0.353932
v 0.394929 -0.725 -0.37197
v 0.37197 -0.725 -0.394929
v 0.353932 -0.725 -0.421925
v 0.341507 -0.725 -0.451922
v 0.335173 -0.725 -0.483766
v 0.335173 -0.725 -0.516234
v 0.341507 -0.725 -0.548078
v 0.353932 -0.725 -0.578075
v 0.37197 -0.725 -0.605071
v 0.394929 -0.725 -0.62803
v 0.421925 -0.725 -0.646068
v 0.451922 -0.725 -0.658493
v 0.483766 -0.725 -0.664827
v 0.516234 -0.725 -0.664827
v 0.548078 -0.725 -0.658493
v 0.578075 -0.725 -0.646068
v 0.605071 -0.725 -0.62803
v 0.62803 -0.725 -0.605071
v 0.646068 -0.725 -0.578075
v 0.658493 -0.725 -0.548078
v 0.664827 -0.725 -0.516234
v 0.674157 -0.7175 -0.482847
v 0.667465 -0.7175 -0.4492
v 0.654336 -0.7175 -0.417506
v 0.635277 -0.7175 -0.388981
v 0.611019 -0.7175 -0.364723
v 0.582494 -0.7175 -0.345664
v 0.5508 -0.7175 -0.332535
v 0.517153 -0.7175 -0.325843
v 0.482847 -0.7175 -0.325843
v 0.4492 -0.7175 -0.332535
v 0.417506 -0.7175 -0.345664
v 0.388981 -0.7175 -0.364723
v 0.364723 -0.7175 -0.388981
v 0.345664 -0.7175 -0.417506
v 0.332535 -0.7175 -0.4492
v 0.325843 -0.7175 -0.482847
v 0.325843 -0.7175 -0.517153
v 0.332535 -0.7175 -0.5508
v 0.345664 -0.7175 -0.582494
v 0.364723 -0.7175 -0.611019
v 0.388981 -0.7175 -0.635277
v 0.417506 -0.7175 -0.654336
v 0.4492 -0.7175 -0.667465
v 0.482847 -0.7175 -0.674157
v 0.517153 -0.7175 -0.674157
v 0.5508 -0.7175 -0.667465
v 0.582494 -0.7175 -0.654336
v 0.611019 -0.7175 -0.635277
v 0.635277 -0.7175 -0.611019
v 0.654336 -0.7175 -0.582494
v 0.667465 -0.7175 -0.5508
v 0.674157 -0.7175 -0.517153
v 0.674157 -0.695 -0.482847
v 0.667465 -0.695 -0.4492
v 0.654336 -0.695 -0.417506
v 0.635277 -0.695 -0.388981
v 0.611019 -0.695 -0.364723
v 0.582494 -0.695 -0.345664
v 0.5508 -0.695 -0.332535
v 0.517153 -0.695 -0.325843
v 0.482847 -0.695 -0.325843
v 0.4492 -0.695 -0.332535
v 0.417506 -0.695 -0.345664
v 0.388981 -0.695 -0.364723
v 0.364723 -0.695 -0.388981
v 0.345664 -0.695 -0.417506
v 0.332535 -0.695 -0.4492
v 0.325843 -0.695 -0.482847
v 0.325843 -0.695 -0.517153
v 0.332535 -0.695 -0.5508
v 0.345664 -0.695 -0.582494
v 0.364723 -0.695 -0.611019
v 0.388981 -0.695 -0.635277
v 0.417506 -0.695 -0.654336
v 0.4492 -0.695 -0.667465
v 0.482847 -0.695 -0.674157
v 0.517153 -0.695 -0.674157
v 0.5508 -0.695 -0.667465
v 0.582494 -0.695 -0.654336
v 0.611019 -0.695 -0.635277
v 0.635277 -0.695 -0.611019
v 0.654336 -0.695 -0.582494
v 0.667465 -0.695 -0.5508
v 0.674157 -0.695 -0.517153
v 0.664827 -0.6875 -0.483766
v 0.658493 -0.6875 -0.451922
v 0.646068 -0.6875 -0.421925
v 0.62803 -0.6875 -0.394929
v 0.605071 -0.6875 -0.37197
v 0.578075 -0.6875 -0.353932
v 0.548078 -0.6875 -0.341507
v 0.516234 -0.6875 -0.335173
v 0.483766 -0.6875 -0.335173
v 0.451922 -0.6875 -0.341507
v 0.421925 -0.6875 -0.353932
v 0.394929 -0.6875 -0.37197
v 0.37197 -0.6875 -0.394929
v 0.353932 -0.6875 -0.421925
v 0.341507 -0.6875 -0.451922
v 0.335173 -0.6875 -0.483766
v 0.335173 -0.6875 -0.516234
v 0.341507 -0.6875 -0.548078
v 0.353932 -0.6875 -0.578075
v 0.37197 -0.6875 -0.605071
v 0.394929 -0.6875 -0.62803
v 0.421925 -0.6875 -0.646068
v 0.451922 -0.6875 -0.658493
v 0.483766 -0.6875 -0.664827
v 0.516234 -0.6875 -0.664827
v 0.548078 -0.6875 -0.658493
v 0.578075 -0.6875 -0.646068
v 0.605071 -0.6875 -0.62803
v 0.62803 -0.6875 -0.605071
v 0.646068 -0.6875 -0.578075
v 0.658493 -0.6875 -0.548078
v 0.664827 -0.6875 -0.516234
v 0.5 -0.725 -0.5
v 0.5 -0.6875 -0.5
vt 0.251067 0.320057
vt 0.257289 0.321036
vt 0.256781 0.32318
vt 0.250893 0.322254
vt 0.257289 0.321036
vt 0.26324 0.322956
vt 0.262413 0.324998
vt 0.256781 0.32318
vt 0.26324 0.322956
vt 0.268692 0.325745
vt 0.267573 0.327637
vt 0.262413 0.324998
vt 0.091864 0.395609
vt 0.087789 0.400351
vt 0.086234 0.398788
vt 0.090091 0.394301
vt 0.087789 0.400351
vt 0.082997 0.404438
vt 0.081699 0.402657
vt 0.086234 0.398788
vt 0.082997 0.404438
vt 0.077673 0.407715
vt 0.07666 0.405758
vt 0.081699 0.402657
vt 0.963477 0.118666
vt 0.9573 0.119629
vt 0.957131 0.117431
vt 0.962978 0.11652
vt 0.9573 0.119629
vt 0.951002 0.119629
vt 0.95117 0.117431
vt 0.957131 0.117431
vt 0.951002 0.119629
vt 0.944824 0.118666
vt 0.945324 0.11652
vt 0.95117 0.117431
vt 0.954133 0.425293
vt 0.948808 0.422016
vt 0.950106 0.420235
vt 0.955145 0.423336
vt 0.948808 0.422016
vt 0.944017 0.417929
vt 0.945571 0.416366
vt 0.950106 0.420235
vt 0.944017 0.417929
vt 0.939941 0.413188
vt 0.941714 0.411879
vt 0.945571 0.416366
vt 0.114121 0.32188
vt 0.108542 0.324702
vt 0.107704 0.322664
vt 0.112983 0.319993
vt 0.108542 0.324702
vt 0.102551 0.326646
vt 0.102034 0.324503
vt 0.107704 0.322664
vt 0.102551 0.326646
vt 0.096379 0.327637
vt 0.096191 0.325441
vt 0.102034 0.324503
vt 0.668333 0.186035
vt 0.662081 0.186035
vt 0.662253 0.183838
vt 0.66817 0.183838
vt 0.662081 0.186035
vt 0.655858 0.185065
vt 0.656363 0.18292
vt 0.662253 0.183838
vt 0.655858 0.185065
vt 0.649902 0.183163
vt 0.650726 0.18112
vt 0.656363 0.18292
vt 0.165563 0.407715
vt 0.160107 0.404663
vt 0.161329 0.402829
vt 0.166493 0.405717
vt 0.160107 0.404663
vt 0.155148 0.400779
vt 0.156636 0.399153
vt 0.161329 0.402829
vt 0.155148 0.400779
vt 0.150879 0.396212
vt 0.152596 0.394831
vt 0.156636 0.399153
vt 0.266113 0.293453
vt 0.271864 0.291
vt 0.272568 0.293088
vt 0.267126 0.29541
vt 0.271864 0.291
vt 0.277968 0.28945
vt 0.278346 0.291621
vt 0.272568 0.293088
vt 0.277968 0.28945
vt 0.284193 0.288862
vt 0.284236 0.291065
vt 0.278346 0.291621
vt 0.233472 0.38073
vt 0.239382 0.382767
vt 0.238504 0.384789
vt 0.23291 0.382861
vt 0.239382 0.382767
vt 0.24495 0.385711
vt 0.243774 0.387575
vt 0.238504 0.384789
vt 0.24495 0.385711
vt 0.249961 0.38945
vt 0.248516 0.391113
vt 0.243774 0.387575
vt 0.376465 0.389444
vt 0.381492 0.385726
vt 0.38266 0.387595
vt 0.377903 0.391113
vt 0.381492 0.385726
vt 0.387072 0.382806
vt 0.387941 0.384831
vt 0.38266 0.387595
vt 0.387072 0.382806
vt 0.392991 0.380794
vt 0.393544 0.382927
vt 0.387941 0.384831
vt 0.23877 0.321036
vt 0.244814 0.320057
vt 0.244974 0.322254
vt 0.239253 0.32318
vt 0.244814 0.320057
vt 0.251067 0.320057
vt 0.250893 0.322254
vt 0.244974 0.322254
vt 0.825025 0.165303
vt 0.831323 0.165303
vt 0.831323 0.169434
vt 0.825025 0.169434
vt 0.831323 0.165303
vt 0.837501 0.165303
vt 0.837501 0.169434
vt 0.831323 0.169434
vt 0.888184 0.165303
vt 0.894452 0.165303
vt 0.894452 0.169434
vt 0.888184 0.169434
vt 0.894452 0.165303
vt 0.90072 0.165303
vt 0.90072 0.169434
vt 0.894452 0.169434
vt 0.872559 0.165303
vt 0.878827 0.165303
vt 0.878827 0.169434
vt 0.872559 0.169434
vt 0.878827 0.165303
vt 0.885095 0.165303
vt 0.885095 0.169434
vt 0.878827 0.169434
vt 0.96322 0.169434
vt 0.956952 0.169434
vt 0.956952 0.165303
vt 0.96322 0.165303
vt 0.956952 0.169434
vt 0.950684 0.169434
vt 0.950684 0.165303
vt 0.956952 0.165303
vt 0.978845 0.169434
vt 0.972577 0.169434
vt 0.972577 0.165303
vt 0.978845 0.165303
vt 0.972577 0.169434
vt 0.966309 0.169434
vt 0.966309 0.165303
vt 0.972577 0.165303
vt 0.99447 0.169434
vt 0.988202 0.169434
vt 0.988202 0.165303
vt 0.99447 0.165303
vt 0.988202 0.169434
vt 0.981934 0.169434
vt 0.981934 0.165303
vt 0.988202 0.165303
vt 0.86947 0.169434
vt 0.863202 0.169434
vt 0.863202 0.165303
vt 0.86947 0.165303
vt 0.863202 0.169434
vt 0.856934 0.169434
vt 0.856934 0.165303
vt 0.863202 0.165303
vt 0.916345 0.169434
vt 0.910077 0.169434
vt 0.910077 0.165303
vt 0.916345 0.165303
vt 0.910077 0.169434
vt 0.903809 0.169434
vt 0.903809 0.165303
vt 0.910077 0.165303
vt 0.046227 0.161621
vt 0.039959 0.161621
vt 0.039959 0.15749
vt 0.046227 0.15749
vt 0.039959 0.161621
vt 0.033691 0.161621
vt 0.033691 0.15749
vt 0.039959 0.15749
vt 0.93197 0.169434
vt 0.925702 0.169434
vt 0.925702 0.165303
vt 0.93197 0.165303
vt 0.925702 0.169434
vt 0.919434 0.169434
vt 0.919434 0.165303
vt 0.925702 0.165303
vt 0.014977 0.161621
vt 0.008709 0.161621
vt 0.008709 0.15749
vt 0.014977 0.15749
vt 0.008709 0.161621
vt 0.002441 0.161621
vt 0.002441 0.15749
vt 0.008709 0.15749
vt 0.030602 0.161621
vt 0.024334 0.161621
vt 0.024334 0.15749
vt 0.030602 0.15749
vt 0.024334 0.161621
vt 0.018066 0.161621
vt 0.018066 0.15749
vt 0.024334 0.15749
vt 0.947595 0.169434
vt 0.941327 0.169434
vt 0.941327 0.165303
vt 0.947595 0.165303
vt 0.941327 0.169434
vt 0.935059 0.169434
vt 0.935059 0.165303
vt 0.941327 0.165303
vt 0.049316 0.15749
vt 0.055584 0.15749
vt 0.055584 0.161621
vt 0.049316 0.161621
vt 0.055584 0.15749
vt 0.061852 0.15749
vt 0.061852 0.161621
vt 0.055584 0.161621
vt 0.841309 0.165303
vt 0.847577 0.165303
vt 0.847577 0.169434
vt 0.841309 0.169434
vt 0.847577 0.165303
vt 0.853845 0.165303
vt 0.853845 0.169434
vt 0.847577 0.169434
vt 0.064941 0.15749
vt 0.07124 0.15749
vt 0.07124 0.161621
vt 0.064941 0.161621
vt 0.818848 0.165303
vt 0.825025 0.165303
vt 0.825025 0.169434
vt 0.818848 0.169434
vt 0.151283 0.32544
vt 0.157172 0.324513
vt 0.15768 0.326658
vt 0.151458 0.327637
vt 0.157172 0.324513
vt 0.162804 0.322696
vt 0.163631 0.324737
vt 0.15768 0.326658
vt 0.162804 0.322696
vt 0.167964 0.320057
vt 0.169083 0.321949
vt 0.163631 0.324737
vt 0.960269 0.411879
vt 0.964126 0.416366
vt 0.962571 0.417929
vt 0.958496 0.413188
vt 0.964126 0.416366
vt 0.968661 0.420235
vt 0.967363 0.422016
vt 0.962571 0.417929
vt 0.968661 0.420235
vt 0.9737 0.423336
vt 0.972687 0.425293
vt 0.967363 0.422016
vt 0.922863 0.11652
vt 0.928709 0.117431
vt 0.928541 0.119629
vt 0.922363 0.118666
vt 0.928709 0.117431
vt 0.93467 0.117431
vt 0.934839 0.119629
vt 0.928541 0.119629
vt 0.93467 0.117431
vt 0.940517 0.11652
vt 0.941016 0.118666
vt 0.934839 0.119629
vt 0.977051 0.423336
vt 0.98209 0.420235
vt 0.983388 0.422016
vt 0.978063 0.425293
vt 0.98209 0.420235
vt 0.986625 0.416366
vt 0.98818 0.417929
vt 0.983388 0.422016
vt 0.986625 0.416366
vt 0.990482 0.411879
vt 0.992255 0.413188
vt 0.98818 0.417929
vt 0.134468 0.327637
vt 0.129188 0.324966
vt 0.130027 0.322928
vt 0.135605 0.32575
vt 0.129188 0.324966
vt 0.123518 0.323126
vt 0.124036 0.320984
vt 0.130027 0.322928
vt 0.123518 0.323126
vt 0.117676 0.322188
vt 0.117863 0.319993
vt 0.124036 0.320984
vt 0.689654 0.183317
vt 0.683737 0.183317
vt 0.683566 0.18112
vt 0.689817 0.18112
vt 0.683737 0.183317
vt 0.677847 0.184235
vt 0.677342 0.182089
vt 0.683566 0.18112
vt 0.677847 0.184235
vt 0.672211 0.186035
vt 0.671387 0.183992
vt 0.677342 0.182089
vt 0.110829 0.396829
vt 0.105665 0.399717
vt 0.104443 0.397883
vt 0.109899 0.394831
vt 0.105665 0.399717
vt 0.100972 0.403393
vt 0.099484 0.401766
vt 0.104443 0.397883
vt 0.100972 0.403393
vt 0.096932 0.407715
vt 0.095215 0.406333
vt 0.099484 0.401766
vt 0.218771 0.29541
vt 0.213329 0.293088
vt 0.214033 0.291
vt 0.219783 0.293453
vt 0.213329 0.293088
vt 0.207551 0.291621
vt 0.207928 0.28945
vt 0.214033 0.291
vt 0.207551 0.291621
vt 0.20166 0.291065
vt 0.201704 0.288862
vt 0.207928 0.28945
vt 0.270469 0.382861
vt 0.264875 0.384789
vt 0.263997 0.382767
vt 0.269908 0.38073
vt 0.264875 0.384789
vt 0.259605 0.387575
vt 0.258429 0.385711
vt 0.263997 0.382767
vt 0.259605 0.387575
vt 0.254863 0.391113
vt 0.253418 0.38945
vt 0.258429 0.385711
vt 0.357395 0.380794
vt 0.362152 0.384312
vt 0.360984 0.386181
vt 0.355957 0.382463
vt 0.362152 0.384312
vt 0.367434 0.387076
vt 0.366564 0.389101
vt 0.360984 0.386181
vt 0.367434 0.387076
vt 0.373036 0.38898
vt 0.372483 0.391113
vt 0.366564 0.389101
vt 0.139644 0.324513
vt 0.145365 0.32544
vt 0.145205 0.327637
vt 0.13916 0.326658
vt 0.145365 0.32544
vt 0.151283 0.32544
vt 0.151458 0.327637
vt 0.145205 0.327637
vt 0.359851 0.747571
vt 0.362832 0.717309
vt 0.368678 0.718472
vt 0.359851 0.747571
vt 0.368678 0.718472
vt 0.374185 0.720754
vt 0.359851 0.747571
vt 0.374185 0.720754
vt 0.379142 0.724065
vt 0.359851 0.747571
vt 0.379142 0.724065
vt 0.383357 0.72828
vt 0.359851 0.747571
vt 0.383357 0.72828
vt 0.386668 0.733237
vt 0.359851 0.747571
vt 0.386668 0.733237
vt 0.38895 0.738744
vt 0.359851 0.747571
vt 0.38895 0.738744
vt 0.390112 0.74459
vt 0.359851 0.747571
vt 0.390112 0.74459
vt 0.390112 0.750551
vt 0.359851 0.747571
vt 0.390112 0.750551
vt 0.38895 0.756398
vt 0.359851 0.747571
vt 0.38895 0.756398
vt 0.386668 0.761905
vt 0.359851 0.747571
vt 0.386668 0.761905
vt 0.383357 0.766861
vt 0.359851 0.747571
vt 0.383357 0.766861
vt 0.379142 0.771076
vt 0.359851 0.747571
vt 0.379142 0.771076
vt 0.374185 0.774388
vt 0.359851 0.747571
vt 0.374185 0.774388
vt 0.368678 0.776669
vt 0.359851 0.747571
vt 0.368678 0.776669
vt 0.362832 0.777832
vt 0.359851 0.747571
vt 0.362832 0.777832
vt 0.356871 0.777832
vt 0.359851 0.747571
vt 0.356871 0.777832
vt 0.351024 0.776669
vt 0.359851 0.747571
vt 0.351024 0.776669
vt 0.345517 0.774388
vt 0.359851 0.747571
vt 0.345517 0.774388
vt 0.340561 0.771076
vt 0.359851 0.747571
vt 0.340561 0.771076
vt 0.336346 0.766861
vt 0.359851 0.747571
vt 0.336346 0.766861
vt 0.333034 0.761905
vt 0.359851 0.747571
vt 0.333034 0.761905
vt 0.330753 0.756398
vt 0.359851 0.747571
vt 0.330753 0.756398
vt 0.32959 0.750551
vt 0.359851 0.747571
vt 0.32959 0.750551
vt 0.32959 0.74459
vt 0.359851 0.747571
vt 0.32959 0.74459
vt 0.330753 0.738744
vt 0.359851 0.747571
vt 0.330753 0.738744
vt 0.333034 0.733237
vt 0.359851 0.747571
vt 0.333034 0.733237
vt 0.336346 0.72828
vt 0.359851 0.747571
vt 0.336346 0.72828
vt 0.340561 0.724065
vt 0.359851 0.747571
vt 0.340561 0.724065
vt 0.345517 0.720754
vt 0.359851 0.747571
vt 0.345517 0.720754
vt 0.351024 0.718472
vt 0.359851 0.747571
vt 0.351024 0.718472
vt 0.356871 0.717309
vt 0.359851 0.747571
vt 0.356871 0.717309
vt 0.362832 0.717309
vt 0.178248 0.776669
vt 0.172402 0.777832
vt 0.169421 0.747571
vt 0.183756 0.774388
vt 0.178248 0.776669
vt 0.169421 0.747571
vt 0.188712 0.771076
vt 0.183756 0.774388
vt 0.169421 0.747571
vt 0.192927 0.766861
vt 0.188712 0.771076
vt 0.169421 0.747571
vt 0.196239 0.761905
vt 0.192927 0.766861
vt 0.169421 0.747571
vt 0.19852 0.756398
vt 0.196239 0.761905
vt 0.169421 0.747571
vt 0.199683 0.750551
vt 0.19852 0.756398
vt 0.169421 0.747571
vt 0.199683 0.74459
vt 0.199683 0.750551
vt 0.169421 0.747571
vt 0.19852 0.738744
vt 0.199683 0.74459
vt 0.169421 0.747571
vt 0.196239 0.733237
vt 0.19852 0.738744
vt 0.169421 0.747571
vt 0.192927 0.72828
vt 0.196239 0.733237
vt 0.169421 0.747571
vt 0.188712 0.724065
vt 0.192927 0.72828
vt 0.169421 0.747571
vt 0.183756 0.720754
vt 0.188712 0.724065
vt 0.169421 0.747571
vt 0.178248 0.718472
vt 0.183756 0.720754
vt 0.169421 0.747571
vt 0.172402 0.717309
vt 0.178248 0.718472
vt 0.169421 0.747571
vt 0.166441 0.717309
vt 0.172402 0.717309
vt 0.169421 0.747571
vt 0.160595 0.718472
vt 0.166441 0.717309
vt 0.169421 0.747571
vt 0.155087 0.720754
vt 0.160595 0.718472
vt 0.169421 0.747571
vt 0.150131 0.724065
vt 0.155087 0.720754
vt 0.169421 0.747571
vt 0.145916 0.72828
vt 0.150131 0.724065
vt 0.169421 0.747571
vt 0.142604 0.733237
vt 0.145916 0.72828
vt 0.169421 0.747571
vt 0.140323 0.738744
vt 0.142604 0.733237
vt 0.169421 0.747571
vt 0.13916 0.74459
vt 0.140323 0.738744
vt 0.169421 0.747571
vt 0.13916 0.750551
vt 0.13916 0.74459
vt 0.169421 0.747571
vt 0.140323 0.756398
vt 0.13916 0.750551
vt 0.169421 0.747571
vt 0.142604 0.761905
vt 0.140323 0.756398
vt 0.169421 0.747571
vt 0.145916 0.766861
vt 0.142604 0.761905
vt 0.169421 0.747571
vt 0.150131 0.771076
vt 0.145916 0.766861
vt 0.169421 0.747571
vt 0.155087 0.774388
vt 0.150131 0.771076
vt 0.169421 0.747571
vt 0.160595 0.776669
vt 0.155087 0.774388
vt 0.169421 0.747571
vt 0.166441 0.777832
vt 0.160595 0.776669
vt 0.169421 0.747571
vt 0.172402 0.777832
vt 0.166441 0.777832
vt 0.169421 0.747571
vn 0.621687 -0.780869 0.061231
vn 0.597796 -0.780869 0.181339
vn 0.550932 -0.780869 0.294479
vn 0.482896 -0.780869 0.396302
vn 0.396302 -0.780869 0.482896
vn 0.294479 -0.780869 0.550932
vn 0.181339 -0.780869 0.597796
vn 0.061231 -0.780869 0.621687
vn -0.061231 -0.780869 0.621687
vn -0.181339 -0.780869 0.597796
vn -0.294479 -0.780869 0.550932
vn -0.396302 -0.780869 0.482896
vn -0.482896 -0.780869 0.396302
vn -0.550932 -0.780869 0.294479
vn -0.597796 -0.780869 0.181339
vn -0.621687 -0.780869 0.061231
vn -0.621687 -0.780869 -0.061231
vn -0.597796 -0.780869 -0.181339
vn -0.550932 -0.780869 -0.294479
vn -0.482896 -0.780869 -0.396302
vn -0.396302 -0.780869 -0.482896
vn -0.294479 -0.780869 -0.550932
vn -0.181339 -0.780869 -0.597796
vn -0.061231 -0.780869 -0.621687
vn 0.061231 -0.780869 -0.621687
vn 0.181339 -0.780869 -0.597796
vn 0.294479 -0.780869 -0.550932
vn 0.396302 -0.780869 -0.482896
vn 0.482896 -0.780869 -0.396302
vn 0.550932 -0.780869 -0.294479
vn 0.597796 -0.780869 -0.181339
vn 0.621687 -0.780869 -0.061231
vn 0.995185 0 0.098017
vn 0.95694 0 0.290285
vn 0.881921 0 0.471397
vn 0.77301 0 0.634393
vn 0.634393 0 0.77301
vn 0.471397 0 0.881921
vn 0.290285 0 0.95694
vn 0.098017 0 0.995185
vn -0.098017 0 0.995185
vn -0.290285 0 0.95694
vn -0.471397 0 0.881921
vn -0.634393 0 0.77301
vn -0.77301 0 0.634393
vn -0.881921 0 0.471397
vn -0.95694 0 0.290285
vn -0.995185 0 0.098017
vn -0.995185 0 -0.098017
vn -0.95694 0 -0.290285
vn -0.881921 0 -0.471397
vn -0.77301 0 -0.634393
vn -0.634393 0 -0.77301
vn -0.471397 0 -0.881921
vn -0.290285 0 -0.95694
vn -0.098017 0 -0.995185
vn 0.098017 0 -0.995185
vn 0.290285 0 -0.95694
vn 0.471397 0 -0.881921
vn 0.634393 0 -0.77301
vn 0.77301 0 -0.634393
vn 0.881921 0 -0.471397
vn 0.95694 0 -0.290285
vn 0.995185 0 -0.098017
vn 0.621687 0.780869 0.061231
vn 0.597796 0.780869 0.181339
vn 0.550932 0.780869 0.294479
vn 0.482896 0.780869 0.396302
vn 0.396302 0.780869 0.482896
vn 0.294479 0.780869 0.550932
vn 0.181339 0.780869 0.597796
vn 0.061231 0.780869 0.621687
vn -0.061231 0.780869 0.621687
vn -0.181339 0.780869 0.597796
vn -0.294479 0.780869 0.550932
vn -0.396302 0.780869 0.482896
vn -0.482896 0.780869 0.396302
vn -0.550932 0.780869 0.294479
vn -0.597796 0.780869 0.181339
vn -0.621687 0.780869 0.061231
vn -0.621687 0.780869 -0.061231
vn -0.597796 0.780869 -0.181339
vn -0.550932 0.780869 -0.294479
vn -0.482896 0.780869 -0.396302
vn -0.396302 0.780869 -0.482896
vn -0.294479 0.780869 -0.550932
vn -0.181339 0.780869 -0.597796
vn -0.061231 0.780869 -0.621687
vn 0.061231 0.780869 -0.621687
vn 0.181339 0.780869 -0.597796
vn 0.294479 0.780869 -0.550932
vn 0.396302 0.780869 -0.482896
vn 0.482896 0.780869 -0.396302
vn 0.550932 0.780869 -0.294479
vn 0.597796 0.780869 -0.181339
vn 0.621687 0.780869 -0.061231
vn 0 -1 0
vn 0 1 0
f 3151/9335/1521 3152/9336/1522 3120/9337/1522 3119/9338/1521
f 3152/9339/1522 3153/9340/1523 3121/9341/1523 3120/9342/1522
f 3153/9343/1523 3154/9344/1524 3122/9345/1524 3121/9346/1523
f 3154/9347/1524 3155/9348/1525 3123/9349/1525 3122/9350/1524
f 3155/9351/1525 3156/9352/1526 3124/9353/1526 3123/9354/1525
f 3156/9355/1526 3157/9356/1527 3125/9357/1527 3124/9358/1526
f 3157/9359/1527 3158/9360/1528 3126/9361/1528 3125/9362/1527
f 3158/9363/1528 3159/9364/1529 3127/9365/1529 3126/9366/1528
f 3159/9367/1529 3160/9368/1530 3128/9369/1530 3127/9370/1529
f 3160/9371/1530 3161/9372/1531 3129/9373/1531 3128/9374/1530
f 3161/9375/1531 3162/9376/1532 3130/9377/1532 3129/9378/1531
f 3162/9379/1532 3163/9380/1533 3131/9381/1533 3130/9382/1532
f 3163/9383/1533 3164/9384/1534 3132/9385/1534 3131/9386/1533
f 3164/9387/1534 3165/9388/1535 3133/9389/1535 3132/9390/1534
f 3165/9391/1535 3166/9392/1536 3134/9393/1536 3133/9394/1535
f 3166/9395/1536 3167/9396/1537 3135/9397/1537 3134/9398/1536
f 3167/9399/1537 3168/9400/1538 3136/9401/1538 3135/9402/1537
f 3168/9403/1538 3169/9404/1539 3137/9405/1539 3136/9406/1538
f 3169/9407/1539 3170/9408/1540 3138/9409/1540 3137/9410/1539
f 3170/9411/1540 3171/9412/1541 3139/9413/1541 3138/9414/1540
f 3171/9415/1541 3172/9416/1542 3140/9417/1542 3139/9418/1541
f 3172/9419/1542 3173/9420/1543 3141/9421/1543 3140/9422/1542
f 3173/9423/1543 3174/9424/1544 3142/9425/1544 3141/9426/1543
f 3174/9427/1544 3175/9428/1545 3143/9429/1545 3142/9430/1544
f 3175/9431/1545 3176/9432/1546 3144/9433/1546 3143/9434/1545
f 3176/9435/1546 3177/9436/1547 3145/9437/1547 3144/9438/1546
f 3177/9439/1547 3178/9440/1548 3146/9441/1548 3145/9442/1547
f 3178/9443/1548 3179/9444/1549 3147/9445/1549 3146/9446/1548
f 3179/9447/1549 3180/9448/1550 3148/9449/1550 3147/9450/1549
f 3180/9451/1550 3181/9452/1551 3149/9453/1551 3148/9454/1550
f 3181/9455/1551 3182/9456/1552 3150/9457/1552 3149/9458/1551
f 3182/9459/1552 3151/9460/1521 3119/9461/1521 3150/9462/1552
f 3183/9463/1553 3184/9464/1554 3152/9465/1554 3151/9466/1553
f 3184/9467/1554 3185/9468/1555 3153/9469/1555 3152/9470/1554
f 3185/9471/1555 3186/9472/1556 3154/9473/1556 3153/9474/1555
f 3186/9475/1556 3187/9476/1557 3155/9477/1557 3154/9478/1556
f 3187/9479/1557 3188/9480/1558 3156/9481/1558 3155/9482/1557
f 3188/9483/1558 3189/9484/1559 3157/9485/1559 3156/9486/1558
f 3189/9487/1559 3190/9488/1560 3158/9489/1560 3157/9490/1559
f 3190/9491/1560 3191/9492/1561 3159/9493/1561 3158/9494/1560
f 3191/9495/1561 3192/9496/1562 3160/9497/1562 3159/9498/1561
f 3192/9499/1562 3193/9500/1563 3161/9501/1563 3160/9502/1562
f 3193/9503/1563 3194/9504/1564 3162/9505/1564 3161/9506/1563
f 3194/9507/1564 3195/9508/1565 3163/9509/1565 3162/9510/1564
f 3195/9511/1565 3196/9512/1566 3164/9513/1566 3163/9514/1565
f 3196/9515/1566 3197/9516/1567 3165/9517/1567 3164/9518/1566
f 3197/9519/1567 3198/9520/1568 3166/9521/1568 3165/9522/1567
f 3198/9523/1568 3199/9524/1569 3167/9525/1569 3166/9526/1568
f 3199/9527/1569 3200/9528/1570 3168/9529/1570 3167/9530/1569
f 3200/9531/1570 3201/9532/1571 3169/9533/1571 3168/9534/1570
f 3201/9535/1571 3202/9536/1572 3170/9537/1572 3169/9538/1571
f 3202/9539/1572 3203/9540/1573 3171/9541/1573 3170/9542/1572
f 3203/9543/1573 3204/9544/1574 3172/9545/1574 3171/9546/1573
f 3204/9547/1574 3205/9548/1575 3173/9549/1575 3172/9550/1574
f 3205/9551/1575 3206/9552/1576 3174/9553/1576 3173/9554/1575
f 3206/9555/1576 3207/9556/1577 3175/9557/1577 3174/9558/1576
f 3207/9559/1577 3208/9560/1578 3176/9561/1578 3175/9562/1577
f 3208/9563/1578 3209/9564/1579 3177/9565/1579 3176/9566/1578
f 3209/9567/1579 3210/9568/1580 3178/9569/1580 3177/9570/1579
f 3210/9571/1580 3211/9572/1581 3179/9573/1581 3178/9574/1580
f 3211/9575/1581 3212/9576/1582 3180/9577/1582 3179/9578/1581
f 3212/9579/1582 3213/9580/1583 3181/9581/1583 3180/9582/1582
f 3213/9583/1583 3214/9584/1584 3182/9585/1584 3181/9586/1583
f 3214/9587/1584 3183/9588/1553 3151/9589/1553 3182/9590/1584
f 3215/9591/1585 3216/9592/1586 3184/9593/1586 3183/9594/1585
f 3216/9595/1586 3217/9596/1587 3185/9597/1587 3184/9598/1586
f 3217/9599/1587 3218/9600/1588 3186/9601/1588 3185/9602/1587
f 3218/9603/1588 3219/9604/1589 3187/9605/1589 3186/9606/1588
f 3219/9607/1589 3220/9608/1590 3188/9609/1590 3187/9610/1589
f 3220/9611/1590 3221/9612/1591 3189/9613/1591 3188/9614/1590
f 3221/9615/1591 3222/9616/1592 3190/9617/1592 3189/9618/1591
f 3222/9619/1592 3223/9620/1593 3191/9621/1593 3190/9622/1592
f 3223/9623/1593 3224/9624/1594 3192/9625/1594 3191/9626/1593
f 3224/9627/1594 3225/9628/1595 3193/9629/1595 3192/9630/1594
f 3225/9631/1595 3226/9632/1596 3194/9633/1596 3193/9634/1595
f 3226/9635/1596 3227/9636/1597 3195/9637/1597 3194/9638/1596
f 3227/9639/1597 3228/9640/1598 3196/9641/1598 3195/9642/1597
f 3228/9643/1598 3229/9644/1599 3197/9645/1599 3196/9646/1598
f 3229/9647/1599 3230/9648/1600 3198/9649/1600 3197/9650/1599
f 3230/9651/1600 3231/9652/1601 3199/9653/1601 3198/9654/1600
f 3231/9655/1601 3232/9656/1602 3200/9657/1602 3199/9658/1601
f 3232/9659/1602 3233/9660/1603 3201/9661/1603 3200/9662/1602
f 3233/9663/1603 3234/9664/1604 3202/9665/1604 3201/9666/1603
f 3234/9667/1604 3235/9668/1605 3203/9669/1605 3202/9670/1604
f 3235/9671/1605 3236/9672/1606 3204/9673/1606 3203/9674/1605
f 3236/9675/1606 3237/9676/1607 3205/9677/1607 3204/9678/1606
f 3237/9679/1607 3238/9680/1608 3206/9681/1608 3205/9682/1607
f 3238/9683/1608 3239/9684/1609 3207/9685/1609 3206/9686/1608
f 3239/9687/1609 3240/9688/1610 3208/9689/1610 3207/9690/1609
f 3240/9691/1610 3241/9692/1611 3209/9693/1611 3208/9694/1610
f 3241/9695/1611 3242/9696/1612 3210/9697/1612 3209/9698/1611
f 3242/9699/1612 3243/9700/1613 3211/9701/1613 3210/9702/1612
f 3243/9703/1613 3244/9704/1614 3212/9705/1614 3211/9706/1613
f 3244/9707/1614 3245/9708/1615 3213/9709/1615 3212/9710/1614
f 3245/9711/1615 3246/9712/1616 3214/9713/1616 3213/9714/1615
f 3246/9715/1616 3215/9716/1585 3183/9717/1585 3214/9718/1616
f 3247/9719/1617 3119/9720/1617 3120/9721/1617
f 3247/9722/1617 3120/9723/1617 3121/9724/1617
f 3247/9725/1617 3121/9726/1617 3122/9727/1617
f 3247/9728/1617 3122/9729/1617 3123/9730/1617
f 3247/9731/1617 3123/9732/1617 3124/9733/1617
f 3247/9734/1617 3124/9735/1617 3125/9736/1617
f 3247/9737/1617 3125/9738/1617 3126/9739/1617
f 3247/9740/1617 3126/9741/1617 3127/9742/1617
f 3247/9743/1617 3127/9744/1617 3128/9745/1617
f 3247/9746/1617 3128/9747/1617 3129/9748/1617
f 3247/9749/1617 3129/9750/1617 3130/9751/1617
f 3247/9752/1617 3130/9753/1617 3131/9754/1617
f 3247/9755/1617 3131/9756/1617 3132/9757/1617
f 3247/9758/1617 3132/9759/1617 3133/9760/1617
f 3247/9761/1617 3133/9762/1617 3134/9763/1617
f 3247/9764/1617 3134/9765/1617 3135/9766/1617
f 3247/9767/1617 3135/9768/1617 3136/9769/1617
f 3247/9770/1617 3136/9771/1617 3137/9772/1617
f 3247/9773/1617 3137/9774/1617 3138/9775/1617
f 3247/9776/1617 3138/9777/1617 3139/9778/1617
f 3247/9779/1617 3139/9780/1617 3140/9781/1617
f 3247/9782/1617 3140/9783/1617 3141/9784/1617
f 3247/9785/1617 3141/9786/1617 3142/9787/1617
f 3247/9788/1617 3142/9789/1617 3143/9790/1617
f 3247/9791/1617 3143/9792/1617 3144/9793/1617
f 3247/9794/1617 3144/9795/1617 3145/9796/1617
f 3247/9797/1617 3145/9798/1617 3146/9799/1617
f 3247/9800/1617 3146/9801/1617 3147/9802/1617
f 3247/9803/1617 3147/9804/1617 3148/9805/1617
f 3247/9806/1617 3148/9807/1617 3149/9808/1617
f 3247/9809/1617 3149/9810/1617 3150/9811/1617
f 3247/9812/1617 3150/9813/1617 3119/9814/1617
f 3216/9815/1618 3215/9816/1618 3248/9817/1618
f 3217/9818/1618 3216/9819/1618 3248/9820/1618
f 3218/9821/1618 3217/9822/1618 3248/9823/1618
f 3219/9824/1618 3218/9825/1618 3248/9826/1618
f 3220/9827/1618 3219/9828/1618 3248/9829/1618
f 3221/9830/1618 3220/9831/1618 3248/9832/1618
f 3222/9833/1618 3221/9834/1618 3248/9835/1618
f 3223/9836/1618 3222/9837/1618 3248/9838/1618
f 3224/9839/1618 3223/9840/1618 3248/9841/1618
f 3225/9842/1618 3224/9843/1618 3248/9844/1618
f 3226/9845/1618 3225/9846/1618 3248/9847/1618
f 3227/9848/1618 3226/9849/1618 3248/9850/1618
f 3228/9851/1618 3227/9852/1618 3248/9853/1618
f 3229/9854/1618 3228/9855/1618 3248/9856/1618
f 3230/9857/1618 3229/9858/1618 3248/9859/1618
f 3231/9860/1618 3230/9861/1618 3248/9862/1618
f 3232/9863/1618 3231/9864/1618 3248/9865/1618
f 3233/9866/1618 3232/9867/1618 3248/9868/1618
f 3234/9869/1618 3233/9870/1618 3248/9871/1618
f 3235/9872/1618 3234/9873/1618 3248/9874/1618
f 3236/9875/1618 3235/9876/1618 3248/9877/1618
f 3237/9878/1618 3236/9879/1618 3248/9880/1618
f 3238/9881/1618 3237/9882/1618 3248/9883/1618
f 3239/9884/1618 3238/9885/1618 3248/9886/1618
f 3240/9887/1618 3239/9888/1618 3248/9889/1618
f 3241/9890/1618 3240/9891/1618 3248/9892/1618
f 3242/9893/1618 3241/9894/1618 3248/9895/1618
f 3243/9896/1618 3242/9897/1618 3248/9898/1618
f 3244/9899/1618 3243/9900/1618 3248/9901/1618
f 3245/9902/1618 3244/9903/1618 3248/9904/1618
f 3246/9905/1618 3245/9906/1618 3248/9907/1618
f 3215/9908/1618 3246/9909/1618 3248/9910/1618
o body_strainer
usemtl intake_pump
v 0.647477 -0.91875 -0.480584
v 0.637427 -0.91875 -0.443076
v 0.618011 -0.91875 -0.409447
v 0.590553 -0.91875 -0.381989
v 0.556924 -0.91875 -0.362573
v 0.519416 -0.91875 -0.352523
v 0.480584 -0.91875 -0.352523
v 0.443076 -0.91875 -0.362573
v 0.409447 -0.91875 -0.381989
v 0.381989 -0.91875 -0.409447
v 0.362573 -0.91875 -0.443076
v 0.352523 -0.91875 -0.480584
v 0.352523 -0.91875 -0.519416
v 0.362573 -0.91875 -0.556924
v 0.381989 -0.91875 -0.590553
v 0.409447 -0.91875 -0.618011
v 0.443076 -0.91875 -0.637427
v 0.480584 -0.91875 -0.647477
v 0.519416 -0.91875 -0.647477
v 0.556924 -0.91875 -0.637427
v 0.590553 -0.91875 -0.618011
v 0.618011 -0.91875 -0.590553
v 0.637427 -0.91875 -0.556924
v 0.647477 -0.91875 -0.519416
v 0.647477 -0.725 -0.480584
v 0.637427 -0.725 -0.443076
v 0.618011 -0.725 -0.409447
v 0.590553 -0.725 -0.381989
v 0.556924 -0.725 -0.362573
v 0.519416 -0.725 -0.352523
v 0.480584 -0.725 -0.352523
v 0.443076 -0.725 -0.362573
v 0.409447 -0.725 -0.381989
v 0.381989 -0.725 -0.409447
v 0.362573 -0.725 -0.443076
v 0.352523 -0.725 -0.480584
v 0.352523 -0.725 -0.519416
v 0.362573 -0.725 -0.556924
v 0.381989 -0.725 -0.590553
v 0.409447 -0.725 -0.618011
v 0.443076 -0.725 -0.637427
v 0.480584 -0.725 -0.647477
v 0.519416 -0.725 -0.647477
v 0.556924 -0.725 -0.637427
v 0.590553 -0.725 -0.618011
v 0.618011 -0.725 -0.590553
v 0.637427 -0.725 -0.556924
v 0.647477 -0.725 -0.519416
vt 0.604419 0.320507
vt 0.604419 0.327637
vt 0.568848 0.327637
vt 0.568848 0.320507
vt 0.350513 0.309765
vt 0.350513 0.316895
vt 0.314941 0.316895
vt 0.314941 0.309765
vt 0.448169 0.320507
vt 0.448169 0.327637
vt 0.412598 0.327637
vt 0.412598 0.320507
vt 0.643481 0.320507
vt 0.643481 0.327637
vt 0.60791 0.327637
vt 0.60791 0.320507
vt 0.682544 0.320507
vt 0.682544 0.327637
vt 0.646973 0.327637
vt 0.646973 0.320507
vt 0.721606 0.320507
vt 0.721606 0.327637
vt 0.686035 0.327637
vt 0.686035 0.320507
vt 0.077075 0.309765
vt 0.077075 0.316895
vt 0.041504 0.316895
vt 0.041504 0.309765
vt 0.725098 0.327637
vt 0.725098 0.320507
vt 0.760669 0.320507
vt 0.760669 0.327637
vt 0.76416 0.327637
vt 0.76416 0.320507
vt 0.799731 0.320507
vt 0.799731 0.327637
vt 0.803223 0.327637
vt 0.803223 0.320507
vt 0.838794 0.320507
vt 0.838794 0.327637
vt 0.119629 0.316895
vt 0.119629 0.309765
vt 0.1552 0.309765
vt 0.1552 0.316895
vt 0.45166 0.327637
vt 0.45166 0.320507
vt 0.487231 0.320507
vt 0.487231 0.327637
vt 0.158691 0.316895
vt 0.158691 0.309765
vt 0.194263 0.309765
vt 0.194263 0.316895
vt 0.197754 0.316895
vt 0.197754 0.309765
vt 0.233325 0.309765
vt 0.233325 0.316895
vt 0.490723 0.327637
vt 0.490723 0.320507
vt 0.526294 0.320507
vt 0.526294 0.327637
vt 0.529785 0.327637
vt 0.529785 0.320507
vt 0.565356 0.320507
vt 0.565356 0.327637
vt 0.116138 0.309765
vt 0.116138 0.316895
vt 0.080566 0.316895
vt 0.080566 0.309765
vt 0.995044 0.320507
vt 0.995044 0.327637
vt 0.959473 0.327637
vt 0.959473 0.320507
vt 0.955981 0.320507
vt 0.955981 0.327637
vt 0.92041 0.327637
vt 0.92041 0.320507
vt 0.038013 0.309765
vt 0.038013 0.316895
vt 0.002441 0.316895
vt 0.002441 0.309765
vt 0.877856 0.320507
vt 0.877856 0.327637
vt 0.842285 0.327637
vt 0.842285 0.320507
vt 0.272388 0.309765
vt 0.272388 0.316895
vt 0.236816 0.316895
vt 0.236816 0.309765
vt 0.31145 0.309765
vt 0.31145 0.316895
vt 0.275879 0.316895
vt 0.275879 0.309765
vt 0.916919 0.320507
vt 0.916919 0.327637
vt 0.881348 0.327637
vt 0.881348 0.320507
vn 0.991445 0 0.130526
vn 0.92388 0 0.382683
vn 0.793353 0 0.608761
vn 0.608761 0 0.793353
vn 0.382683 0 0.92388
vn 0.130526 0 0.991445
vn -0.130526 0 0.991445
vn -0.382683 0 0.92388
vn -0.608761 0 0.793353
vn -0.793353 0 0.608761
vn -0.92388 0 0.382683
vn -0.991445 0 0.130526
vn -0.991445 0 -0.130526
vn -0.92388 0 -0.382683
vn -0.793353 0 -0.608761
vn -0.608761 0 -0.793353
vn -0.382683 0 -0.92388
vn -0.130526 0 -0.991445
vn 0.130526 0 -0.991445
vn 0.382683 0 -0.92388
vn 0.608761 0 -0.793353
vn 0.793353 0 -0.608761
vn 0.92388 0 -0.382683
vn 0.991445 0 -0.130526
f 3273/9911/1619 3274/9912/1620 3250/9913/1620 3249/9914/1619
f 3274/9915/1620 3275/9916/1621 3251/9917/1621 3250/9918/1620
f 3275/9919/1621 3276/9920/1622 3252/9921/1622 3251/9922/1621
f 3276/9923/1622 3277/9924/1623 3253/9925/1623 3252/9926/1622
f 3277/9927/1623 3278/9928/1624 3254/9929/1624 3253/9930/1623
f 3278/9931/1624 3279/9932/1625 3255/9933/1625 3254/9934/1624
f 3279/9935/1625 3280/9936/1626 3256/9937/1626 3255/9938/1625
f 3280/9939/1626 3281/9940/1627 3257/9941/1627 3256/9942/1626
f 3281/9943/1627 3282/9944/1628 3258/9945/1628 3257/9946/1627
f 3282/9947/1628 3283/9948/1629 3259/9949/1629 3258/9950/1628
f 3283/9951/1629 3284/9952/1630 3260/9953/1630 3259/9954/1629
f 3284/9955/1630 3285/9956/1631 3261/9957/1631 3260/9958/1630
f 3285/9959/1631 3286/9960/1632 3262/9961/1632 3261/9962/1631
f 3286/9963/1632 3287/9964/1633 3263/9965/1633 3262/9966/1632
f 3287/9967/1633 3288/9968/1634 3264/9969/1634 3263/9970/1633
f 3288/9971/1634 3289/9972/1635 3265/9973/1635 3264/9974/1634
f 3289/9975/1635 3290/9976/1636 3266/9977/1636 3265/9978/1635
f 3290/9979/1636 3291/9980/1637 3267/9981/1637 3266/9982/1636
f 3291/9983/1637 3292/9984/1638 3268/9985/1638 3267/9986/1637
f 3292/9987/1638 3293/9988/1639 3269/9989/1639 3268/9990/1638
f 3293/9991/1639 3294/9992/1640 3270/9993/1640 3269/9994/1639
f 3294/9995/1640 3295/9996/1641 3271/9997/1641 3270/9998/1640
f 3295/9999/1641 3296/10000/1642 3272/10001/1642 3271/10002/1641
f 3296/10003/1642 3273/10004/1619 3249/10005/1619 3272/10006/1642
o body_strainer_bands
usemtl intake_pump
v 0.648717 -0.91875 -0.480421
v 0.638582 -0.91875 -0.442597
v 0.619003 -0.91875 -0.408686
v 0.591314 -0.91875 -0.380997
v 0.557403 -0.91875 -0.361418
v 0.519579 -0.91875 -0.351283
v 0.480421 -0.91875 -0.351283
v 0.442597 -0.91875 -0.361418
v 0.408686 -0.91875 -0.380997
v 0.380997 -0.91875 -0.408686
v 0.361418 -0.91875 -0.442597
v 0.351283 -0.91875 -0.480421
v 0.351283 -0.91875 -0.519579
v 0.361418 -0.91875 -0.557403
v 0.380997 -0.91875 -0.591314
v 0.408686 -0.91875 -0.619003
v 0.442597 -0.91875 -0.638582
v 0.480421 -0.91875 -0.648717
v 0.519579 -0.91875 -0.648717
v 0.557403 -0.91875 -0.638582
v 0.591314 -0.91875 -0.619003
v 0.619003 -0.91875 -0.591314
v 0.638582 -0.91875 -0.557403
v 0.648717 -0.91875 -0.519579
v 0.654913 -0.91875 -0.479605
v 0.644356 -0.91875 -0.440206
v 0.623961 -0.91875 -0.404881
v 0.595119 -0.91875 -0.376039
v 0.559794 -0.91875 -0.355644
v 0.520395 -0.91875 -0.345087
v 0.479605 -0.91875 -0.345087
v 0.440206 -0.91875 -0.355644
v 0.404881 -0.91875 -0.376039
v 0.376039 -0.91875 -0.404881
v 0.355644 -0.91875 -0.440206
v 0.345087 -0.91875 -0.479605
v 0.345087 -0.91875 -0.520395
v 0.355644 -0.91875 -0.559794
v 0.376039 -0.91875 -0.595119
v 0.404881 -0.91875 -0.623961
v 0.440206 -0.91875 -0.644356
v 0.479605 -0.91875 -0.654913
v 0.520395 -0.91875 -0.654913
v 0.559794 -0.91875 -0.644356
v 0.595119 -0.91875 -0.623961
v 0.623961 -0.91875 -0.595119
v 0.644356 -0.91875 -0.559794
v 0.654913 -0.91875 -0.520395
v 0.654913 -0.89875 -0.479605
v 0.644356 -0.89875 -0.440206
v 0.623961 -0.89875 -0.404881
v 0.595119 -0.89875 -0.376039
v 0.559794 -0.89875 -0.355644
v 0.520395 -0.89875 -0.345087
v 0.479605 -0.89875 -0.345087
v 0.440206 -0.89875 -0.355644
v 0.404881 -0.89875 -0.376039
v 0.376039 -0.89875 -0.404881
v 0.355644 -0.89875 -0.440206
v 0.345087 -0.89875 -0.479605
v 0.345087 -0.89875 -0.520395
v 0.355644 -0.89875 -0.559794
v 0.376039 -0.89875 -0.595119
v 0.404881 -0.89875 -0.623961
v 0.440206 -0.89875 -0.644356
v 0.479605 -0.89875 -0.654913
v 0.520395 -0.89875 -0.654913
v 0.559794 -0.89875 -0.644356
v 0.595119 -0.89875 -0.623961
v 0.623961 -0.89875 -0.595119
v 0.644356 -0.89875 -0.559794
v 0.654913 -0.89875 -0.520395
v 0.648717 -0.89875 -0.480421
v 0.638582 -0.89875 -0.442597
v 0.619003 -0.89875 -0.408686
v 0.591314 -0.89875 -0.380997
v 0.557403 -0.89875 -0.361418
v 0.519579 -0.89875 -0.351283
v 0.480421 -0.89875 -0.351283
v 0.442597 -0.89875 -0.361418
v 0.408686 -0.89875 -0.380997
v 0.380997 -0.89875 -0.408686
v 0.361418 -0.89875 -0.442597
v 0.351283 -0.89875 -0.480421
v 0.351283 -0.89875 -0.519579
v 0.361418 -0.89875 -0.557403
v 0.380997 -0.89875 -0.591314
v 0.408686 -0.89875 -0.619003
v 0.442597 -0.89875 -0.638582
v 0.480421 -0.89875 -0.648717
v 0.519579 -0.89875 -0.648717
v 0.557403 -0.89875 -0.638582
v 0.591314 -0.89875 -0.619003
v 0.619003 -0.89875 -0.591314
v 0.638582 -0.89875 -0.557403
v 0.648717 -0.89875 -0.519579
v 0.648717 -0.871875 -0.480421
v 0.638582 -0.871875 -0.442597
v 0.619003 -0.871875 -0.408686
v 0.591314 -0.871875 -0.380997
v 0.557403 -0.871875 -0.361418
v 0.519579 -0.871875 -0.351283
v 0.480421 -0.871875 -0.351283
v 0.442597 -0.871875 -0.361418
v 0.408686 -0.871875 -0.380997
v 0.380997 -0.871875 -0.408686
v 0.361418 -0.871875 -0.442597
v 0.351283 -0.871875 -0.480421
v 0.351283 -0.871875 -0.519579
v 0.361418 -0.871875 -0.557403
v 0.380997 -0.871875 -0.591314
v 0.408686 -0.871875 -0.619003
v 0.442597 -0.871875 -0.638582
v 0.480421 -0.871875 -0.648717
v 0.519579 -0.871875 -0.648717
v 0.557403 -0.871875 -0.638582
v 0.591314 -0.871875 -0.619003
v 0.619003 -0.871875 -0.591314
v 0.638582 -0.871875 -0.557403
v 0.648717 -0.871875 -0.519579
v 0.654913 -0.871875 -0.479605
v 0.644356 -0.871875 -0.440206
v 0.623961 -0.871875 -0.404881
v 0.595119 -0.871875 -0.376039
v 0.559794 -0.871875 -0.355644
v 0.520395 -0.871875 -0.345087
v 0.479605 -0.871875 -0.345087
v 0.440206 -0.871875 -0.355644
v 0.404881 -0.871875 -0.376039
v 0.376039 -0.871875 -0.404881
v 0.355644 -0.871875 -0.440206
v 0.345087 -0.871875 -0.479605
v 0.345087 -0.871875 -0.520395
v 0.355644 -0.871875 -0.559794
v 0.376039 -0.871875 -0.595119
v 0.404881 -0.871875 -0.623961
v 0.440206 -0.871875 -0.644356
v 0.479605 -0.871875 -0.654913
v 0.520395 -0.871875 -0.654913
v 0.559794 -0.871875 -0.644356
v 0.595119 -0.871875 -0.623961
v 0.623961 -0.871875 -0.595119
v 0.644356 -0.871875 -0.559794
v 0.654913 -0.871875 -0.520395
v 0.654913 -0.851875 -0.479605
v 0.644356 -0.851875 -0.440206
v 0.623961 -0.851875 -0.404881
v 0.595119 -0.851875 -0.376039
v 0.559794 -0.851875 -0.355644
v 0.520395 -0.851875 -0.345087
v 0.479605 -0.851875 -0.345087
v 0.440206 -0.851875 -0.355644
v 0.404881 -0.851875 -0.376039
v 0.376039 -0.851875 -0.404881
v 0.355644 -0.851875 -0.440206
v 0.345087 -0.851875 -0.479605
v 0.345087 -0.851875 -0.520395
v 0.355644 -0.851875 -0.559794
v 0.376039 -0.851875 -0.595119
v 0.404881 -0.851875 -0.623961
v 0.440206 -0.851875 -0.644356
v 0.479605 -0.851875 -0.654913
v 0.520395 -0.851875 -0.654913
v 0.559794 -0.851875 -0.644356
v 0.595119 -0.851875 -0.623961
v 0.623961 -0.851875 -0.595119
v 0.644356 -0.851875 -0.559794
v 0.654913 -0.851875 -0.520395
v 0.648717 -0.851875 -0.480421
v 0.638582 -0.851875 -0.442597
v 0.619003 -0.851875 -0.408686
v 0.591314 -0.851875 -0.380997
v 0.557403 -0.851875 -0.361418
v 0.519579 -0.851875 -0.351283
v 0.480421 -0.851875 -0.351283
v 0.442597 -0.851875 -0.361418
v 0.408686 -0.851875 -0.380997
v 0.380997 -0.851875 -0.408686
v 0.361418 -0.851875 -0.442597
v 0.351283 -0.851875 -0.480421
v 0.351283 -0.851875 -0.519579
v 0.361418 -0.851875 -0.557403
v 0.380997 -0.851875 -0.591314
v 0.408686 -0.851875 -0.619003
v 0.442597 -0.851875 -0.638582
v 0.480421 -0.851875 -0.648717
v 0.519579 -0.851875 -0.648717
v 0.557403 -0.851875 -0.638582
v 0.591314 -0.851875 -0.619003
v 0.619003 -0.851875 -0.591314
v 0.638582 -0.851875 -0.557403
v 0.648717 -0.851875 -0.519579
v 0.648717 -0.825 -0.480421
v 0.638582 -0.825 -0.442597
v 0.619003 -0.825 -0.408686
v 0.591314 -0.825 -0.380997
v 0.557403 -0.825 -0.361418
v 0.519579 -0.825 -0.351283
v 0.480421 -0.825 -0.351283
v 0.442597 -0.825 -0.361418
v 0.408686 -0.825 -0.380997
v 0.380997 -0.825 -0.408686
v 0.361418 -0.825 -0.442597
v 0.351283 -0.825 -0.480421
v 0.351283 -0.825 -0.519579
v 0.361418 -0.825 -0.557403
v 0.380997 -0.825 -0.591314
v 0.408686 -0.825 -0.619003
v 0.442597 -0.825 -0.638582
v 0.480421 -0.825 -0.648717
v 0.519579 -0.825 -0.648717
v 0.557403 -0.825 -0.638582
v 0.591314 -0.825 -0.619003
v 0.619003 -0.825 -0.591314
v 0.638582 -0.825 -0.557403
v 0.648717 -0.825 -0.519579
v 0.654913 -0.825 -0.479605
v 0.644356 -0.825 -0.440206
v 0.623961 -0.825 -0.404881
v 0.595119 -0.825 -0.376039
v 0.559794 -0.825 -0.355644
v 0.520395 -0.825 -0.345087
v 0.479605 -0.825 -0.345087
v 0.440206 -0.825 -0.355644
v 0.404881 -0.825 -0.376039
v 0.376039 -0.825 -0.404881
v 0.355644 -0.825 -0.440206
v 0.345087 -0.825 -0.479605
v 0.345087 -0.825 -0.520395
v 0.355644 -0.825 -0.559794
v 0.376039 -0.825 -0.595119
v 0.404881 -0.825 -0.623961
v 0.440206 -0.825 -0.644356
v 0.479605 -0.825 -0.654913
v 0.520395 -0.825 -0.654913
v 0.559794 -0.825 -0.644356
v 0.595119 -0.825 -0.623961
v 0.623961 -0.825 -0.595119
v 0.644356 -0.825 -0.559794
v 0.654913 -0.825 -0.520395
v 0.654913 -0.805 -0.479605
v 0.644356 -0.805 -0.440206
v 0.623961 -0.805 -0.404881
v 0.595119 -0.805 -0.376039
v 0.559794 -0.805 -0.355644
v 0.520395 -0.805 -0.345087
v 0.479605 -0.805 -0.345087
v 0.440206 -0.805 -0.355644
v 0.404881 -0.805 -0.376039
v 0.376039 -0.805 -0.404881
v 0.355644 -0.805 -0.440206
v 0.345087 -0.805 -0.479605
v 0.345087 -0.805 -0.520395
v 0.355644 -0.805 -0.559794
v 0.376039 -0.805 -0.595119
v 0.404881 -0.805 -0.623961
v 0.440206 -0.805 -0.644356
v 0.479605 -0.805 -0.654913
v 0.520395 -0.805 -0.654913
v 0.559794 -0.805 -0.644356
v 0.595119 -0.805 -0.623961
v 0.623961 -0.805 -0.595119
v 0.644356 -0.805 -0.559794
v 0.654913 -0.805 -0.520395
v 0.648717 -0.805 -0.480421
v 0.638582 -0.805 -0.442597
v 0.619003 -0.805 -0.408686
v 0.591314 -0.805 -0.380997
v 0.557403 -0.805 -0.361418
v 0.519579 -0.805 -0.351283
v 0.480421 -0.805 -0.351283
v 0.442597 -0.805 -0.361418
v 0.408686 -0.805 -0.380997
v 0.380997 -0.805 -0.408686
v 0.361418 -0.805 -0.442597
v 0.351283 -0.805 -0.480421
v 0.351283 -0.805 -0.519579
v 0.361418 -0.805 -0.557403
v 0.380997 -0.805 -0.591314
v 0.408686 -0.805 -0.619003
v 0.442597 -0.805 -0.638582
v 0.480421 -0.805 -0.648717
v 0.519579 -0.805 -0.648717
v 0.557403 -0.805 -0.638582
v 0.591314 -0.805 -0.619003
v 0.619003 -0.805 -0.591314
v 0.638582 -0.805 -0.557403
v 0.648717 -0.805 -0.519579
v 0.648717 -0.778125 -0.480421
v 0.638582 -0.778125 -0.442597
v 0.619003 -0.778125 -0.408686
v 0.591314 -0.778125 -0.380997
v 0.557403 -0.778125 -0.361418
v 0.519579 -0.778125 -0.351283
v 0.480421 -0.778125 -0.351283
v 0.442597 -0.778125 -0.361418
v 0.408686 -0.778125 -0.380997
v 0.380997 -0.778125 -0.408686
v 0.361418 -0.778125 -0.442597
v 0.351283 -0.778125 -0.480421
v 0.351283 -0.778125 -0.519579
v 0.361418 -0.778125 -0.557403
v 0.380997 -0.778125 -0.591314
v 0.408686 -0.778125 -0.619003
v 0.442597 -0.778125 -0.638582
v 0.480421 -0.778125 -0.648717
v 0.519579 -0.778125 -0.648717
v 0.557403 -0.778125 -0.638582
v 0.591314 -0.778125 -0.619003
v 0.619003 -0.778125 -0.591314
v 0.638582 -0.778125 -0.557403
v 0.648717 -0.778125 -0.519579
v 0.654913 -0.778125 -0.479605
v 0.644356 -0.778125 -0.440206
v 0.623961 -0.778125 -0.404881
v 0.595119 -0.778125 -0.376039
v 0.559794 -0.778125 -0.355644
v 0.520395 -0.778125 -0.345087
v 0.479605 -0.778125 -0.345087
v 0.440206 -0.778125 -0.355644
v 0.404881 -0.778125 -0.376039
v 0.376039 -0.778125 -0.404881
v 0.355644 -0.778125 -0.440206
v 0.345087 -0.778125 -0.479605
v 0.345087 -0.778125 -0.520395
v 0.355644 -0.778125 -0.559794
v 0.376039 -0.778125 -0.595119
v 0.404881 -0.778125 -0.623961
v 0.440206 -0.778125 -0.644356
v 0.479605 -0.778125 -0.654913
v 0.520395 -0.778125 -0.654913
v 0.559794 -0.778125 -0.644356
v 0.595119 -0.778125 -0.623961
v 0.623961 -0.778125 -0.595119
v 0.644356 -0.778125 -0.559794
v 0.654913 -0.778125 -0.520395
v 0.654913 -0.758125 -0.479605
v 0.644356 -0.758125 -0.440206
v 0.623961 -0.758125 -0.404881
v 0.595119 -0.758125 -0.376039
v 0.559794 -0.758125 -0.355644
v 0.520395 -0.758125 -0.345087
v 0.479605 -0.758125 -0.345087
v 0.440206 -0.758125 -0.355644
v 0.404881 -0.758125 -0.376039
v 0.376039 -0.758125 -0.404881
v 0.355644 -0.758125 -0.440206
v 0.345087 -0.758125 -0.479605
v 0.345087 -0.758125 -0.520395
v 0.355644 -0.758125 -0.559794
v 0.376039 -0.758125 -0.595119
v 0.404881 -0.758125 -0.623961
v 0.440206 -0.758125 -0.644356
v 0.479605 -0.758125 -0.654913
v 0.520395 -0.758125 -0.654913
v 0.559794 -0.758125 -0.644356
v 0.595119 -0.758125 -0.623961
v 0.623961 -0.758125 -0.595119
v 0.644356 -0.758125 -0.559794
v 0.654913 -0.758125 -0.520395
v 0.648717 -0.758125 -0.480421
v 0.638582 -0.758125 -0.442597
v 0.619003 -0.758125 -0.408686
v 0.591314 -0.758125 -0.380997
v 0.557403 -0.758125 -0.361418
v 0.519579 -0.758125 -0.351283
v 0.480421 -0.758125 -0.351283
v 0.442597 -0.758125 -0.361418
v 0.408686 -0.758125 -0.380997
v 0.380997 -0.758125 -0.408686
v 0.361418 -0.758125 -0.442597
v 0.351283 -0.758125 -0.480421
v 0.351283 -0.758125 -0.519579
v 0.361418 -0.758125 -0.557403
v 0.380997 -0.758125 -0.591314
v 0.408686 -0.758125 -0.619003
v 0.442597 -0.758125 -0.638582
v 0.480421 -0.758125 -0.648717
v 0.519579 -0.758125 -0.648717
v 0.557403 -0.758125 -0.638582
v 0.591314 -0.758125 -0.619003
v 0.619003 -0.758125 -0.591314
v 0.638582 -0.758125 -0.557403
v 0.648717 -0.758125 -0.519579
v 0.630025 -0.91875 -0.452
v 0.630025 -0.91875 -0.432
v 0.650025 -0.91875 -0.432
v 0.650025 -0.91875 -0.452
v 0.630025 -0.725 -0.452
v 0.630025 -0.725 -0.432
v 0.650025 -0.725 -0.432
v 0.650025 -0.725 -0.452
v 0.630025 -0.91875 -0.452
v 0.630025 -0.91875 -0.432
v 0.650025 -0.91875 -0.432
v 0.650025 -0.91875 -0.452
v 0.630025 -0.725 -0.452
v 0.630025 -0.725 -0.432
v 0.650025 -0.725 -0.432
v 0.650025 -0.725 -0.452
v 0.548 -0.91875 -0.369975
v 0.548 -0.91875 -0.349975
v 0.568 -0.91875 -0.349975
v 0.568 -0.91875 -0.369975
v 0.548 -0.725 -0.369975
v 0.548 -0.725 -0.349975
v 0.568 -0.725 -0.349975
v 0.568 -0.725 -0.369975
v 0.548 -0.91875 -0.369975
v 0.548 -0.91875 -0.349975
v 0.568 -0.91875 -0.349975
v 0.568 -0.91875 -0.369975
v 0.548 -0.725 -0.369975
v 0.548 -0.725 -0.349975
v 0.568 -0.725 -0.349975
v 0.568 -0.725 -0.369975
v 0.432 -0.91875 -0.369975
v 0.432 -0.91875 -0.349975
v 0.452 -0.91875 -0.349975
v 0.452 -0.91875 -0.369975
v 0.432 -0.725 -0.369975
v 0.432 -0.725 -0.349975
v 0.452 -0.725 -0.349975
v 0.452 -0.725 -0.369975
v 0.432 -0.91875 -0.369975
v 0.432 -0.91875 -0.349975
v 0.452 -0.91875 -0.349975
v 0.452 -0.91875 -0.369975
v 0.432 -0.725 -0.369975
v 0.432 -0.725 -0.349975
v 0.452 -0.725 -0.349975
v 0.452 -0.725 -0.369975
v 0.349975 -0.91875 -0.452
v 0.349975 -0.91875 -0.432
v 0.369975 -0.91875 -0.432
v 0.369975 -0.91875 -0.452
v 0.349975 -0.725 -0.452
v 0.349975 -0.725 -0.432
v 0.369975 -0.725 -0.432
v 0.369975 -0.725 -0.452
v 0.349975 -0.91875 -0.452
v 0.349975 -0.91875 -0.432
v 0.369975 -0.91875 -0.432
v 0.369975 -0.91875 -0.452
v 0.349975 -0.725 -0.452
v 0.349975 -0.725 -0.432
v 0.369975 -0.725 -0.432
v 0.369975 -0.725 -0.452
v 0.349975 -0.91875 -0.568
v 0.349975 -0.91875 -0.548
v 0.369975 -0.91875 -0.548
v 0.369975 -0.91875 -0.568
v 0.349975 -0.725 -0.568
v 0.349975 -0.725 -0.548
v 0.369975 -0.725 -0.548
v 0.369975 -0.725 -0.568
v 0.349975 -0.91875 -0.568
v 0.349975 -0.91875 -0.548
v 0.369975 -0.91875 -0.548
v 0.369975 -0.91875 -0.568
v 0.349975 -0.725 -0.568
v 0.349975 -0.725 -0.548
v 0.369975 -0.725 -0.548
v 0.369975 -0.725 -0.568
v 0.432 -0.91875 -0.650025
v 0.432 -0.91875 -0.630025
v 0.452 -0.91875 -0.630025
v 0.452 -0.91875 -0.650025
v 0.432 -0.725 -0.650025
v 0.432 -0.725 -0.630025
v 0.452 -0.725 -0.630025
v 0.452 -0.725 -0.650025
v 0.432 -0.91875 -0.650025
v 0.432 -0.91875 -0.630025
v 0.452 -0.91875 -0.630025
v 0.452 -0.91875 -0.650025
v 0.432 -0.725 -0.650025
v 0.432 -0.725 -0.630025
v 0.452 -0.725 -0.630025
v 0.452 -0.725 -0.650025
v 0.548 -0.91875 -0.650025
v 0.548 -0.91875 -0.630025
v 0.568 -0.91875 -0.630025
v 0.568 -0.91875 -0.650025
v 0.548 -0.725 -0.650025
v 0.548 -0.725 -0.630025
v 0.568 -0.725 -0.630025
v 0.568 -0.725 -0.650025
v 0.548 -0.91875 -0.650025
v 0.548 -0.91875 -0.630025
v 0.568 -0.91875 -0.630025
v 0.568 -0.91875 -0.650025
v 0.548 -0.725 -0.650025
v 0.548 -0.725 -0.630025
v 0.568 -0.725 -0.630025
v 0.568 -0.725 -0.650025
v 0.630025 -0.91875 -0.568
v 0.630025 -0.91875 -0.548
v 0.650025 -0.91875 -0.548
v 0.650025 -0.91875 -0.568
v 0.630025 -0.725 -0.568
v 0.630025 -0.725 -0.548
v 0.650025 -0.725 -0.548
v 0.650025 -0.725 -0.568
v 0.630025 -0.91875 -0.568
v 0.630025 -0.91875 -0.548
v 0.650025 -0.91875 -0.548
v 0.650025 -0.91875 -0.568
v 0.630025 -0.725 -0.568
v 0.630025 -0.725 -0.548
v 0.650025 -0.725 -0.548
v 0.650025 -0.725 -0.568
vt 0.824949 0.753135
vt 0.82301 0.760369
vt 0.82195 0.75993
vt 0.823811 0.752985
vt 0.82301 0.760369
vt 0.819266 0.766854
vt 0.818356 0.766156
vt 0.82195 0.75993
vt 0.819266 0.766854
vt 0.813971 0.772149
vt 0.813272 0.771239
vt 0.818356 0.766156
vt 0.813971 0.772149
vt 0.807485 0.775894
vt 0.807046 0.774834
vt 0.813272 0.771239
vt 0.807485 0.775894
vt 0.800252 0.777832
vt 0.800102 0.776694
vt 0.807046 0.774834
vt 0.800252 0.777832
vt 0.792763 0.777832
vt 0.792913 0.776694
vt 0.800102 0.776694
vt 0.792763 0.777832
vt 0.78553 0.775894
vt 0.785969 0.774834
vt 0.792913 0.776694
vt 0.78553 0.775894
vt 0.779044 0.772149
vt 0.779743 0.771239
vt 0.785969 0.774834
vt 0.779044 0.772149
vt 0.773749 0.766854
vt 0.774659 0.766156
vt 0.779743 0.771239
vt 0.773749 0.766854
vt 0.770005 0.760369
vt 0.771065 0.75993
vt 0.774659 0.766156
vt 0.770005 0.760369
vt 0.768066 0.753135
vt 0.769204 0.752985
vt 0.771065 0.75993
vt 0.768066 0.753135
vt 0.768066 0.745647
vt 0.769204 0.745796
vt 0.769204 0.752985
vt 0.768066 0.745647
vt 0.770005 0.738413
vt 0.771065 0.738852
vt 0.769204 0.745796
vt 0.770005 0.738413
vt 0.773749 0.731928
vt 0.774659 0.732626
vt 0.771065 0.738852
vt 0.773749 0.731928
vt 0.779044 0.726632
vt 0.779743 0.727543
vt 0.774659 0.732626
vt 0.779044 0.726632
vt 0.78553 0.722888
vt 0.785969 0.723948
vt 0.779743 0.727543
vt 0.78553 0.722888
vt 0.792763 0.72095
vt 0.792913 0.722087
vt 0.785969 0.723948
vt 0.792763 0.72095
vt 0.800252 0.72095
vt 0.800102 0.722087
vt 0.792913 0.722087
vt 0.800252 0.72095
vt 0.807485 0.722888
vt 0.807046 0.723948
vt 0.800102 0.722087
vt 0.807485 0.722888
vt 0.813971 0.726632
vt 0.813272 0.727543
vt 0.807046 0.723948
vt 0.813971 0.726632
vt 0.819266 0.731928
vt 0.818356 0.732626
vt 0.813272 0.727543
vt 0.819266 0.731928
vt 0.82301 0.738413
vt 0.82195 0.738852
vt 0.818356 0.732626
vt 0.82301 0.738413
vt 0.824949 0.745647
vt 0.823811 0.745796
vt 0.82195 0.738852
vt 0.824949 0.745647
vt 0.824949 0.753135
vt 0.823811 0.752985
vt 0.823811 0.745796
vt 0.056152 0.136465
vt 0.063641 0.136465
vt 0.063641 0.140137
vt 0.056152 0.140137
vt 0.894043 0.136465
vt 0.901532 0.136465
vt 0.901532 0.140137
vt 0.894043 0.140137
vt 0.066895 0.136465
vt 0.074383 0.136465
vt 0.074383 0.140137
vt 0.066895 0.140137
vt 0.399902 0.136465
vt 0.407391 0.136465
vt 0.407391 0.140137
vt 0.399902 0.140137
vt 0.418133 0.140137
vt 0.410645 0.140137
vt 0.410645 0.136465
vt 0.418133 0.136465
vt 0.310711 0.140137
vt 0.303223 0.140137
vt 0.303223 0.136465
vt 0.310711 0.136465
vt 0.428875 0.140137
vt 0.421387 0.140137
vt 0.421387 0.136465
vt 0.428875 0.136465
vt 0.321454 0.140137
vt 0.313965 0.140137
vt 0.313965 0.136465
vt 0.321454 0.136465
vt 0.439618 0.140137
vt 0.432129 0.140137
vt 0.432129 0.136465
vt 0.439618 0.136465
vt 0.085125 0.140137
vt 0.077637 0.140137
vt 0.077637 0.136465
vt 0.085125 0.136465
vt 0.45036 0.140137
vt 0.442871 0.140137
vt 0.442871 0.136465
vt 0.45036 0.136465
vt 0.095868 0.140137
vt 0.088379 0.140137
vt 0.088379 0.136465
vt 0.095868 0.136465
vt 0.10661 0.140137
vt 0.099121 0.140137
vt 0.099121 0.136465
vt 0.10661 0.136465
vt 0.912274 0.140137
vt 0.904785 0.140137
vt 0.904785 0.136465
vt 0.912274 0.136465
vt 0.461102 0.140137
vt 0.453613 0.140137
vt 0.453613 0.136465
vt 0.461102 0.136465
vt 0.00993 0.140137
vt 0.002441 0.140137
vt 0.002441 0.136465
vt 0.00993 0.136465
vt 0.772625 0.140137
vt 0.765137 0.140137
vt 0.765137 0.136465
vt 0.772625 0.136465
vt 0.708172 0.140137
vt 0.700684 0.140137
vt 0.700684 0.136465
vt 0.708172 0.136465
vt 0.783368 0.140137
vt 0.775879 0.140137
vt 0.775879 0.136465
vt 0.783368 0.136465
vt 0.786621 0.136465
vt 0.79411 0.136465
vt 0.79411 0.140137
vt 0.786621 0.140137
vt 0.983887 0.143301
vt 0.991375 0.143301
vt 0.991375 0.146973
vt 0.983887 0.146973
vt 0.915527 0.136465
vt 0.923016 0.136465
vt 0.923016 0.140137
vt 0.915527 0.140137
vt 0.109863 0.136465
vt 0.117352 0.136465
vt 0.117352 0.140137
vt 0.109863 0.140137
vt 0.464355 0.136465
vt 0.471844 0.136465
vt 0.471844 0.140137
vt 0.464355 0.140137
vt 0.829751 0.752985
vt 0.831612 0.75993
vt 0.830551 0.760369
vt 0.828613 0.753135
vt 0.831612 0.75993
vt 0.835206 0.766156
vt 0.834296 0.766854
vt 0.830551 0.760369
vt 0.835206 0.766156
vt 0.84029 0.771239
vt 0.839591 0.772149
vt 0.834296 0.766854
vt 0.84029 0.771239
vt 0.846516 0.774834
vt 0.846077 0.775894
vt 0.839591 0.772149
vt 0.846516 0.774834
vt 0.85346 0.776694
vt 0.85331 0.777832
vt 0.846077 0.775894
vt 0.85346 0.776694
vt 0.860649 0.776694
vt 0.860799 0.777832
vt 0.85331 0.777832
vt 0.860649 0.776694
vt 0.867593 0.774834
vt 0.868032 0.775894
vt 0.860799 0.777832
vt 0.867593 0.774834
vt 0.873819 0.771239
vt 0.874518 0.772149
vt 0.868032 0.775894
vt 0.873819 0.771239
vt 0.878903 0.766156
vt 0.879813 0.766854
vt 0.874518 0.772149
vt 0.878903 0.766156
vt 0.882497 0.75993
vt 0.883557 0.760369
vt 0.879813 0.766854
vt 0.882497 0.75993
vt 0.884358 0.752985
vt 0.885495 0.753135
vt 0.883557 0.760369
vt 0.884358 0.752985
vt 0.884358 0.745796
vt 0.885495 0.745647
vt 0.885495 0.753135
vt 0.884358 0.745796
vt 0.882497 0.738852
vt 0.883557 0.738413
vt 0.885495 0.745647
vt 0.882497 0.738852
vt 0.878903 0.732626
vt 0.879813 0.731928
vt 0.883557 0.738413
vt 0.878903 0.732626
vt 0.873819 0.727543
vt 0.874518 0.726632
vt 0.879813 0.731928
vt 0.873819 0.727543
vt 0.867593 0.723948
vt 0.868032 0.722888
vt 0.874518 0.726632
vt 0.867593 0.723948
vt 0.860649 0.722087
vt 0.860799 0.72095
vt 0.868032 0.722888
vt 0.860649 0.722087
vt 0.85346 0.722087
vt 0.85331 0.72095
vt 0.860799 0.72095
vt 0.85346 0.722087
vt 0.846516 0.723948
vt 0.846077 0.722888
vt 0.85331 0.72095
vt 0.846516 0.723948
vt 0.84029 0.727543
vt 0.839591 0.726632
vt 0.846077 0.722888
vt 0.84029 0.727543
vt 0.835206 0.732626
vt 0.834296 0.731928
vt 0.839591 0.726632
vt 0.835206 0.732626
vt 0.831612 0.738852
vt 0.830551 0.738413
vt 0.834296 0.731928
vt 0.831612 0.738852
vt 0.829751 0.745796
vt 0.828613 0.745647
vt 0.830551 0.738413
vt 0.829751 0.745796
vt 0.829751 0.752985
vt 0.828613 0.753135
vt 0.828613 0.745647
vt 0.180417 0.684776
vt 0.178479 0.692009
vt 0.177419 0.69157
vt 0.17928 0.684626
vt 0.178479 0.692009
vt 0.174735 0.698495
vt 0.173824 0.697796
vt 0.177419 0.69157
vt 0.174735 0.698495
vt 0.16944 0.70379
vt 0.168741 0.70288
vt 0.173824 0.697796
vt 0.16944 0.70379
vt 0.162954 0.707534
vt 0.162515 0.706474
vt 0.168741 0.70288
vt 0.162954 0.707534
vt 0.155721 0.709473
vt 0.155571 0.708335
vt 0.162515 0.706474
vt 0.155721 0.709473
vt 0.148232 0.709473
vt 0.148382 0.708335
vt 0.155571 0.708335
vt 0.148232 0.709473
vt 0.140998 0.707534
vt 0.141438 0.706474
vt 0.148382 0.708335
vt 0.140998 0.707534
vt 0.134513 0.70379
vt 0.135212 0.70288
vt 0.141438 0.706474
vt 0.134513 0.70379
vt 0.129218 0.698495
vt 0.130128 0.697796
vt 0.135212 0.70288
vt 0.129218 0.698495
vt 0.125473 0.692009
vt 0.126533 0.69157
vt 0.130128 0.697796
vt 0.125473 0.692009
vt 0.123535 0.684776
vt 0.124673 0.684626
vt 0.126533 0.69157
vt 0.123535 0.684776
vt 0.123535 0.677287
vt 0.124673 0.677437
vt 0.124673 0.684626
vt 0.123535 0.677287
vt 0.125473 0.670054
vt 0.126533 0.670493
vt 0.124673 0.677437
vt 0.125473 0.670054
vt 0.129218 0.663568
vt 0.130128 0.664267
vt 0.126533 0.670493
vt 0.129218 0.663568
vt 0.134513 0.658273
vt 0.135212 0.659183
vt 0.130128 0.664267
vt 0.134513 0.658273
vt 0.140998 0.654529
vt 0.141438 0.655589
vt 0.135212 0.659183
vt 0.140998 0.654529
vt 0.148232 0.65259
vt 0.148382 0.653728
vt 0.141438 0.655589
vt 0.148232 0.65259
vt 0.155721 0.65259
vt 0.155571 0.653728
vt 0.148382 0.653728
vt 0.155721 0.65259
vt 0.162954 0.654529
vt 0.162515 0.655589
vt 0.155571 0.653728
vt 0.162954 0.654529
vt 0.16944 0.658273
vt 0.168741 0.659183
vt 0.162515 0.655589
vt 0.16944 0.658273
vt 0.174735 0.663568
vt 0.173824 0.664267
vt 0.168741 0.659183
vt 0.174735 0.663568
vt 0.178479 0.670054
vt 0.177419 0.670493
vt 0.173824 0.664267
vt 0.178479 0.670054
vt 0.180417 0.677287
vt 0.17928 0.677437
vt 0.177419 0.670493
vt 0.180417 0.677287
vt 0.180417 0.684776
vt 0.17928 0.684626
vt 0.17928 0.677437
vt 0.120605 0.136465
vt 0.128094 0.136465
vt 0.128094 0.140137
vt 0.120605 0.140137
vt 0.92627 0.136465
vt 0.933758 0.136465
vt 0.933758 0.140137
vt 0.92627 0.140137
vt 0.131348 0.136465
vt 0.138836 0.136465
vt 0.138836 0.140137
vt 0.131348 0.140137
vt 0.475098 0.136465
vt 0.482586 0.136465
vt 0.482586 0.140137
vt 0.475098 0.140137
vt 0.375164 0.140137
vt 0.367676 0.140137
vt 0.367676 0.136465
vt 0.375164 0.136465
vt 0.332196 0.140137
vt 0.324707 0.140137
vt 0.324707 0.136465
vt 0.332196 0.136465
vt 0.751141 0.140137
vt 0.743652 0.140137
vt 0.743652 0.136465
vt 0.751141 0.136465
vt 0.342938 0.140137
vt 0.335449 0.140137
vt 0.335449 0.136465
vt 0.342938 0.136465
vt 0.493329 0.140137
vt 0.48584 0.140137
vt 0.48584 0.136465
vt 0.493329 0.136465
vt 0.149579 0.140137
vt 0.14209 0.140137
vt 0.14209 0.136465
vt 0.149579 0.136465
vt 0.504071 0.140137
vt 0.496582 0.140137
vt 0.496582 0.136465
vt 0.504071 0.136465
vt 0.160321 0.140137
vt 0.152832 0.140137
vt 0.152832 0.136465
vt 0.160321 0.136465
vt 0.171063 0.140137
vt 0.163574 0.140137
vt 0.163574 0.136465
vt 0.171063 0.136465
vt 0.9445 0.140137
vt 0.937012 0.140137
vt 0.937012 0.136465
vt 0.9445 0.136465
vt 0.514813 0.140137
vt 0.507324 0.140137
vt 0.507324 0.136465
vt 0.514813 0.136465
vt 0.020672 0.140137
vt 0.013184 0.140137
vt 0.013184 0.136465
vt 0.020672 0.136465
vt 0.837079 0.140137
vt 0.82959 0.140137
vt 0.82959 0.136465
vt 0.837079 0.136465
vt 0.718914 0.140137
vt 0.711426 0.140137
vt 0.711426 0.136465
vt 0.718914 0.136465
vt 0.847821 0.140137
vt 0.840332 0.140137
vt 0.840332 0.136465
vt 0.847821 0.136465
vt 0.797363 0.136465
vt 0.804852 0.136465
vt 0.804852 0.140137
vt 0.797363 0.140137
vt 0.023926 0.136465
vt 0.031414 0.136465
vt 0.031414 0.140137
vt 0.023926 0.140137
vt 0.518066 0.136465
vt 0.525555 0.136465
vt 0.525555 0.140137
vt 0.518066 0.140137
vt 0.174316 0.136465
vt 0.181805 0.136465
vt 0.181805 0.140137
vt 0.174316 0.140137
vt 0.528809 0.136465
vt 0.536297 0.136465
vt 0.536297 0.140137
vt 0.528809 0.140137
vt 0.679008 0.776694
vt 0.685953 0.774834
vt 0.686392 0.775894
vt 0.679158 0.777832
vt 0.685953 0.774834
vt 0.692178 0.771239
vt 0.692877 0.772149
vt 0.686392 0.775894
vt 0.692178 0.771239
vt 0.697262 0.766156
vt 0.698172 0.766854
vt 0.692877 0.772149
vt 0.697262 0.766156
vt 0.700857 0.75993
vt 0.701917 0.760369
vt 0.698172 0.766854
vt 0.700857 0.75993
vt 0.702717 0.752985
vt 0.703855 0.753135
vt 0.701917 0.760369
vt 0.702717 0.752985
vt 0.702717 0.745796
vt 0.703855 0.745647
vt 0.703855 0.753135
vt 0.702717 0.745796
vt 0.700857 0.738852
vt 0.701917 0.738413
vt 0.703855 0.745647
vt 0.700857 0.738852
vt 0.697262 0.732626
vt 0.698172 0.731928
vt 0.701917 0.738413
vt 0.697262 0.732626
vt 0.692178 0.727543
vt 0.692877 0.726632
vt 0.698172 0.731928
vt 0.692178 0.727543
vt 0.685953 0.723948
vt 0.686392 0.722888
vt 0.692877 0.726632
vt 0.685953 0.723948
vt 0.679008 0.722087
vt 0.679158 0.72095
vt 0.686392 0.722888
vt 0.679008 0.722087
vt 0.671819 0.722087
vt 0.671669 0.72095
vt 0.679158 0.72095
vt 0.671819 0.722087
vt 0.664875 0.723948
vt 0.664436 0.722888
vt 0.671669 0.72095
vt 0.664875 0.723948
vt 0.658649 0.727543
vt 0.657951 0.726632
vt 0.664436 0.722888
vt 0.658649 0.727543
vt 0.653566 0.732626
vt 0.652655 0.731928
vt 0.657951 0.726632
vt 0.653566 0.732626
vt 0.649971 0.738852
vt 0.648911 0.738413
vt 0.652655 0.731928
vt 0.649971 0.738852
vt 0.64811 0.745796
vt 0.646973 0.745647
vt 0.648911 0.738413
vt 0.64811 0.745796
vt 0.64811 0.752985
vt 0.646973 0.753135
vt 0.646973 0.745647
vt 0.64811 0.752985
vt 0.649971 0.75993
vt 0.648911 0.760369
vt 0.646973 0.753135
vt 0.649971 0.75993
vt 0.653566 0.766156
vt 0.652655 0.766854
vt 0.648911 0.760369
vt 0.653566 0.766156
vt 0.658649 0.771239
vt 0.657951 0.772149
vt 0.652655 0.766854
vt 0.658649 0.771239
vt 0.664875 0.774834
vt 0.664436 0.775894
vt 0.657951 0.772149
vt 0.664875 0.774834
vt 0.671819 0.776694
vt 0.671669 0.777832
vt 0.664436 0.775894
vt 0.671819 0.776694
vt 0.679008 0.776694
vt 0.679158 0.777832
vt 0.671669 0.777832
vt 0.946042 0.753135
vt 0.944104 0.760369
vt 0.943044 0.75993
vt 0.944905 0.752985
vt 0.944104 0.760369
vt 0.94036 0.766854
vt 0.939449 0.766156
vt 0.943044 0.75993
vt 0.94036 0.766854
vt 0.935065 0.772149
vt 0.934366 0.771239
vt 0.939449 0.766156
vt 0.935065 0.772149
vt 0.928579 0.775894
vt 0.92814 0.774834
vt 0.934366 0.771239
vt 0.928579 0.775894
vt 0.921346 0.777832
vt 0.921196 0.776694
vt 0.92814 0.774834
vt 0.921346 0.777832
vt 0.913857 0.777832
vt 0.914007 0.776694
vt 0.921196 0.776694
vt 0.913857 0.777832
vt 0.906623 0.775894
vt 0.907063 0.774834
vt 0.914007 0.776694
vt 0.906623 0.775894
vt 0.900138 0.772149
vt 0.900837 0.771239
vt 0.907063 0.774834
vt 0.900138 0.772149
vt 0.894843 0.766854
vt 0.895753 0.766156
vt 0.900837 0.771239
vt 0.894843 0.766854
vt 0.891098 0.760369
vt 0.892158 0.75993
vt 0.895753 0.766156
vt 0.891098 0.760369
vt 0.88916 0.753135
vt 0.890298 0.752985
vt 0.892158 0.75993
vt 0.88916 0.753135
vt 0.88916 0.745647
vt 0.890298 0.745796
vt 0.890298 0.752985
vt 0.88916 0.745647
vt 0.891098 0.738413
vt 0.892158 0.738852
vt 0.890298 0.745796
vt 0.891098 0.738413
vt 0.894843 0.731928
vt 0.895753 0.732626
vt 0.892158 0.738852
vt 0.894843 0.731928
vt 0.900138 0.726632
vt 0.900837 0.727543
vt 0.895753 0.732626
vt 0.900138 0.726632
vt 0.906623 0.722888
vt 0.907063 0.723948
vt 0.900837 0.727543
vt 0.906623 0.722888
vt 0.913857 0.72095
vt 0.914007 0.722087
vt 0.907063 0.723948
vt 0.913857 0.72095
vt 0.921346 0.72095
vt 0.921196 0.722087
vt 0.914007 0.722087
vt 0.921346 0.72095
vt 0.928579 0.722888
vt 0.92814 0.723948
vt 0.921196 0.722087
vt 0.928579 0.722888
vt 0.935065 0.726632
vt 0.934366 0.727543
vt 0.92814 0.723948
vt 0.935065 0.726632
vt 0.94036 0.731928
vt 0.939449 0.732626
vt 0.934366 0.727543
vt 0.94036 0.731928
vt 0.944104 0.738413
vt 0.943044 0.738852
vt 0.939449 0.732626
vt 0.944104 0.738413
vt 0.946042 0.745647
vt 0.944905 0.745796
vt 0.943044 0.738852
vt 0.946042 0.745647
vt 0.946042 0.753135
vt 0.944905 0.752985
vt 0.944905 0.745796
vt 0.539551 0.136465
vt 0.547039 0.136465
vt 0.547039 0.140137
vt 0.539551 0.140137
vt 0.947754 0.136465
vt 0.955243 0.136465
vt 0.955243 0.140137
vt 0.947754 0.140137
vt 0.185059 0.136465
vt 0.192547 0.136465
vt 0.192547 0.140137
vt 0.185059 0.140137
vt 0.550293 0.136465
vt 0.557782 0.136465
vt 0.557782 0.140137
vt 0.550293 0.140137
vt 0.385907 0.140137
vt 0.378418 0.140137
vt 0.378418 0.136465
vt 0.385907 0.136465
vt 0.35368 0.140137
vt 0.346191 0.140137
vt 0.346191 0.136465
vt 0.35368 0.136465
vt 0.568524 0.140137
vt 0.561035 0.140137
vt 0.561035 0.136465
vt 0.568524 0.136465
vt 0.579266 0.140137
vt 0.571777 0.140137
vt 0.571777 0.136465
vt 0.579266 0.136465
vt 0.590008 0.140137
vt 0.58252 0.140137
vt 0.58252 0.136465
vt 0.590008 0.136465
vt 0.203289 0.140137
vt 0.195801 0.140137
vt 0.195801 0.136465
vt 0.203289 0.136465
vt 0.965985 0.140137
vt 0.958496 0.140137
vt 0.958496 0.136465
vt 0.965985 0.136465
vt 0.214032 0.140137
vt 0.206543 0.140137
vt 0.206543 0.136465
vt 0.214032 0.136465
vt 0.976727 0.140137
vt 0.969238 0.140137
vt 0.969238 0.136465
vt 0.976727 0.136465
vt 0.987469 0.140137
vt 0.97998 0.140137
vt 0.97998 0.136465
vt 0.987469 0.136465
vt 0.60075 0.140137
vt 0.593262 0.140137
vt 0.593262 0.136465
vt 0.60075 0.136465
vt 0.224774 0.140137
vt 0.217285 0.140137
vt 0.217285 0.136465
vt 0.224774 0.136465
vt 0.858563 0.140137
vt 0.851074 0.140137
vt 0.851074 0.136465
vt 0.858563 0.136465
vt 0.729657 0.140137
vt 0.722168 0.140137
vt 0.722168 0.136465
vt 0.729657 0.136465
vt 0.869305 0.140137
vt 0.861816 0.140137
vt 0.861816 0.136465
vt 0.869305 0.136465
vt 0.808105 0.136465
vt 0.815594 0.136465
vt 0.815594 0.140137
vt 0.808105 0.140137
vt 0.034668 0.136465
vt 0.042157 0.136465
vt 0.042157 0.140137
vt 0.034668 0.140137
vt 0.604004 0.136465
vt 0.611493 0.136465
vt 0.611493 0.140137
vt 0.604004 0.140137
vt 0.002441 0.129629
vt 0.00993 0.129629
vt 0.00993 0.133301
vt 0.002441 0.133301
vt 0.614746 0.136465
vt 0.622235 0.136465
vt 0.622235 0.140137
vt 0.614746 0.140137
vt 0.003579 0.684626
vt 0.00544 0.69157
vt 0.00438 0.692009
vt 0.002441 0.684776
vt 0.00544 0.69157
vt 0.009034 0.697796
vt 0.008124 0.698495
vt 0.00438 0.692009
vt 0.009034 0.697796
vt 0.014118 0.70288
vt 0.013419 0.70379
vt 0.008124 0.698495
vt 0.014118 0.70288
vt 0.020344 0.706474
vt 0.019905 0.707534
vt 0.013419 0.70379
vt 0.020344 0.706474
vt 0.027288 0.708335
vt 0.027138 0.709473
vt 0.019905 0.707534
vt 0.027288 0.708335
vt 0.034477 0.708335
vt 0.034627 0.709473
vt 0.027138 0.709473
vt 0.034477 0.708335
vt 0.041421 0.706474
vt 0.04186 0.707534
vt 0.034627 0.709473
vt 0.041421 0.706474
vt 0.047647 0.70288
vt 0.048346 0.70379
vt 0.04186 0.707534
vt 0.047647 0.70288
vt 0.052731 0.697796
vt 0.053641 0.698495
vt 0.048346 0.70379
vt 0.052731 0.697796
vt 0.056325 0.69157
vt 0.057385 0.692009
vt 0.053641 0.698495
vt 0.056325 0.69157
vt 0.058186 0.684626
vt 0.059324 0.684776
vt 0.057385 0.692009
vt 0.058186 0.684626
vt 0.058186 0.677437
vt 0.059324 0.677287
vt 0.059324 0.684776
vt 0.058186 0.677437
vt 0.056325 0.670493
vt 0.057385 0.670054
vt 0.059324 0.677287
vt 0.056325 0.670493
vt 0.052731 0.664267
vt 0.053641 0.663568
vt 0.057385 0.670054
vt 0.052731 0.664267
vt 0.047647 0.659183
vt 0.048346 0.658273
vt 0.053641 0.663568
vt 0.047647 0.659183
vt 0.041421 0.655589
vt 0.04186 0.654529
vt 0.048346 0.658273
vt 0.041421 0.655589
vt 0.034477 0.653728
vt 0.034627 0.65259
vt 0.04186 0.654529
vt 0.034477 0.653728
vt 0.027288 0.653728
vt 0.027138 0.65259
vt 0.034627 0.65259
vt 0.027288 0.653728
vt 0.020344 0.655589
vt 0.019905 0.654529
vt 0.027138 0.65259
vt 0.020344 0.655589
vt 0.014118 0.659183
vt 0.013419 0.658273
vt 0.019905 0.654529
vt 0.014118 0.659183
vt 0.009034 0.664267
vt 0.008124 0.663568
vt 0.013419 0.658273
vt 0.009034 0.664267
vt 0.00544 0.670493
vt 0.00438 0.670054
vt 0.008124 0.663568
vt 0.00544 0.670493
vt 0.003579 0.677437
vt 0.002441 0.677287
vt 0.00438 0.670054
vt 0.003579 0.677437
vt 0.003579 0.684626
vt 0.002441 0.684776
vt 0.002441 0.677287
vt 0.240964 0.684776
vt 0.239026 0.692009
vt 0.237966 0.69157
vt 0.239827 0.684626
vt 0.239026 0.692009
vt 0.235282 0.698495
vt 0.234371 0.697796
vt 0.237966 0.69157
vt 0.235282 0.698495
vt 0.229986 0.70379
vt 0.229288 0.70288
vt 0.234371 0.697796
vt 0.229986 0.70379
vt 0.223501 0.707534
vt 0.223062 0.706474
vt 0.229288 0.70288
vt 0.223501 0.707534
vt 0.216267 0.709473
vt 0.216118 0.708335
vt 0.223062 0.706474
vt 0.216267 0.709473
vt 0.208779 0.709473
vt 0.208929 0.708335
vt 0.216118 0.708335
vt 0.208779 0.709473
vt 0.201545 0.707534
vt 0.201984 0.706474
vt 0.208929 0.708335
vt 0.201545 0.707534
vt 0.19506 0.70379
vt 0.195758 0.70288
vt 0.201984 0.706474
vt 0.19506 0.70379
vt 0.189765 0.698495
vt 0.190675 0.697796
vt 0.195758 0.70288
vt 0.189765 0.698495
vt 0.18602 0.692009
vt 0.18708 0.69157
vt 0.190675 0.697796
vt 0.18602 0.692009
vt 0.184082 0.684776
vt 0.18522 0.684626
vt 0.18708 0.69157
vt 0.184082 0.684776
vt 0.184082 0.677287
vt 0.18522 0.677437
vt 0.18522 0.684626
vt 0.184082 0.677287
vt 0.18602 0.670054
vt 0.18708 0.670493
vt 0.18522 0.677437
vt 0.18602 0.670054
vt 0.189765 0.663568
vt 0.190675 0.664267
vt 0.18708 0.670493
vt 0.189765 0.663568
vt 0.19506 0.658273
vt 0.195758 0.659183
vt 0.190675 0.664267
vt 0.19506 0.658273
vt 0.201545 0.654529
vt 0.201984 0.655589
vt 0.195758 0.659183
vt 0.201545 0.654529
vt 0.208779 0.65259
vt 0.208929 0.653728
vt 0.201984 0.655589
vt 0.208779 0.65259
vt 0.216267 0.65259
vt 0.216118 0.653728
vt 0.208929 0.653728
vt 0.216267 0.65259
vt 0.223501 0.654529
vt 0.223062 0.655589
vt 0.216118 0.653728
vt 0.223501 0.654529
vt 0.229986 0.658273
vt 0.229288 0.659183
vt 0.223062 0.655589
vt 0.229986 0.658273
vt 0.235282 0.663568
vt 0.234371 0.664267
vt 0.229288 0.659183
vt 0.235282 0.663568
vt 0.239026 0.670054
vt 0.237966 0.670493
vt 0.234371 0.664267
vt 0.239026 0.670054
vt 0.240964 0.677287
vt 0.239827 0.677437
vt 0.237966 0.670493
vt 0.240964 0.677287
vt 0.240964 0.684776
vt 0.239827 0.684626
vt 0.239827 0.677437
vt 0.228027 0.136465
vt 0.235516 0.136465
vt 0.235516 0.140137
vt 0.228027 0.140137
vt 0.013184 0.129629
vt 0.020672 0.129629
vt 0.020672 0.133301
vt 0.013184 0.133301
vt 0.23877 0.136465
vt 0.246258 0.136465
vt 0.246258 0.140137
vt 0.23877 0.140137
vt 0.625488 0.136465
vt 0.632977 0.136465
vt 0.632977 0.140137
vt 0.625488 0.140137
vt 0.396649 0.140137
vt 0.38916 0.140137
vt 0.38916 0.136465
vt 0.396649 0.136465
vt 0.364422 0.140137
vt 0.356934 0.140137
vt 0.356934 0.136465
vt 0.364422 0.136465
vt 0.761883 0.140137
vt 0.754395 0.140137
vt 0.754395 0.136465
vt 0.761883 0.136465
vt 0.643719 0.140137
vt 0.63623 0.140137
vt 0.63623 0.136465
vt 0.643719 0.136465
vt 0.654461 0.140137
vt 0.646973 0.140137
vt 0.646973 0.136465
vt 0.654461 0.136465
vt 0.257 0.140137
vt 0.249512 0.140137
vt 0.249512 0.136465
vt 0.257 0.136465
vt 0.665204 0.140137
vt 0.657715 0.140137
vt 0.657715 0.136465
vt 0.665204 0.136465
vt 0.267743 0.140137
vt 0.260254 0.140137
vt 0.260254 0.136465
vt 0.267743 0.136465
vt 0.278485 0.140137
vt 0.270996 0.140137
vt 0.270996 0.136465
vt 0.278485 0.136465
vt 0.031414 0.133301
vt 0.023926 0.133301
vt 0.023926 0.129629
vt 0.031414 0.129629
vt 0.675946 0.140137
vt 0.668457 0.140137
vt 0.668457 0.136465
vt 0.675946 0.136465
vt 0.289227 0.140137
vt 0.281738 0.140137
vt 0.281738 0.136465
vt 0.289227 0.136465
vt 0.880047 0.140137
vt 0.872559 0.140137
vt 0.872559 0.136465
vt 0.880047 0.136465
vt 0.740399 0.140137
vt 0.73291 0.140137
vt 0.73291 0.136465
vt 0.740399 0.136465
vt 0.890789 0.140137
vt 0.883301 0.140137
vt 0.883301 0.136465
vt 0.890789 0.136465
vt 0.818848 0.136465
vt 0.826336 0.136465
vt 0.826336 0.140137
vt 0.818848 0.140137
vt 0.04541 0.136465
vt 0.052899 0.136465
vt 0.052899 0.140137
vt 0.04541 0.140137
vt 0.679199 0.136465
vt 0.686688 0.136465
vt 0.686688 0.140137
vt 0.679199 0.140137
vt 0.29248 0.136465
vt 0.299969 0.136465
vt 0.299969 0.140137
vt 0.29248 0.140137
vt 0.689941 0.136465
vt 0.69743 0.136465
vt 0.69743 0.140137
vt 0.689941 0.140137
vt 0.739555 0.776694
vt 0.746499 0.774834
vt 0.746938 0.775894
vt 0.739705 0.777832
vt 0.746499 0.774834
vt 0.752725 0.771239
vt 0.753424 0.772149
vt 0.746938 0.775894
vt 0.752725 0.771239
vt 0.757809 0.766156
vt 0.758719 0.766854
vt 0.753424 0.772149
vt 0.757809 0.766156
vt 0.761403 0.75993
vt 0.762464 0.760369
vt 0.758719 0.766854
vt 0.761403 0.75993
vt 0.763264 0.752985
vt 0.764402 0.753135
vt 0.762464 0.760369
vt 0.763264 0.752985
vt 0.763264 0.745796
vt 0.764402 0.745647
vt 0.764402 0.753135
vt 0.763264 0.745796
vt 0.761403 0.738852
vt 0.762464 0.738413
vt 0.764402 0.745647
vt 0.761403 0.738852
vt 0.757809 0.732626
vt 0.758719 0.731928
vt 0.762464 0.738413
vt 0.757809 0.732626
vt 0.752725 0.727543
vt 0.753424 0.726632
vt 0.758719 0.731928
vt 0.752725 0.727543
vt 0.746499 0.723948
vt 0.746938 0.722888
vt 0.753424 0.726632
vt 0.746499 0.723948
vt 0.739555 0.722087
vt 0.739705 0.72095
vt 0.746938 0.722888
vt 0.739555 0.722087
vt 0.732366 0.722087
vt 0.732216 0.72095
vt 0.739705 0.72095
vt 0.732366 0.722087
vt 0.725422 0.723948
vt 0.724983 0.722888
vt 0.732216 0.72095
vt 0.725422 0.723948
vt 0.719196 0.727543
vt 0.718497 0.726632
vt 0.724983 0.722888
vt 0.719196 0.727543
vt 0.714112 0.732626
vt 0.713202 0.731928
vt 0.718497 0.726632
vt 0.714112 0.732626
vt 0.710518 0.738852
vt 0.709458 0.738413
vt 0.713202 0.731928
vt 0.710518 0.738852
vt 0.708657 0.745796
vt 0.70752 0.745647
vt 0.709458 0.738413
vt 0.708657 0.745796
vt 0.708657 0.752985
vt 0.70752 0.753135
vt 0.70752 0.745647
vt 0.708657 0.752985
vt 0.710518 0.75993
vt 0.709458 0.760369
vt 0.70752 0.753135
vt 0.710518 0.75993
vt 0.714112 0.766156
vt 0.713202 0.766854
vt 0.709458 0.760369
vt 0.714112 0.766156
vt 0.719196 0.771239
vt 0.718497 0.772149
vt 0.713202 0.766854
vt 0.719196 0.771239
vt 0.725422 0.774834
vt 0.724983 0.775894
vt 0.718497 0.772149
vt 0.725422 0.774834
vt 0.732366 0.776694
vt 0.732216 0.777832
vt 0.724983 0.775894
vt 0.732366 0.776694
vt 0.739555 0.776694
vt 0.739705 0.777832
vt 0.732216 0.777832
vt 0.081958 0.143301
vt 0.081958 0.146973
vt 0.046387 0.146973
vt 0.046387 0.143301
vt 0.085449 0.146973
vt 0.085449 0.143301
vt 0.121021 0.143301
vt 0.121021 0.146973
vt 0.124512 0.146973
vt 0.124512 0.143301
vt 0.160083 0.143301
vt 0.160083 0.146973
vt 0.163574 0.146973
vt 0.163574 0.143301
vt 0.199146 0.143301
vt 0.199146 0.146973
vt 0.22584 0.133301
vt 0.222168 0.133301
vt 0.222168 0.129629
vt 0.222168 0.129629
vt 0.22584 0.129629
vt 0.22584 0.133301
vt 0.229004 0.133301
vt 0.229004 0.129629
vt 0.232676 0.129629
vt 0.232676 0.129629
vt 0.232676 0.133301
vt 0.229004 0.133301
vt 0.238208 0.143301
vt 0.238208 0.146973
vt 0.202637 0.146973
vt 0.202637 0.143301
vt 0.368652 0.133301
vt 0.368652 0.129629
vt 0.404224 0.129629
vt 0.404224 0.133301
vt 0.241699 0.146973
vt 0.241699 0.143301
vt 0.277271 0.143301
vt 0.277271 0.146973
vt 0.407715 0.133301
vt 0.407715 0.129629
vt 0.443286 0.129629
vt 0.443286 0.133301
vt 0.606699 0.133301
vt 0.603027 0.133301
vt 0.603027 0.129629
vt 0.603027 0.129629
vt 0.606699 0.129629
vt 0.606699 0.133301
vt 0.609863 0.133301
vt 0.609863 0.129629
vt 0.613535 0.129629
vt 0.613535 0.129629
vt 0.613535 0.133301
vt 0.609863 0.133301
vt 0.316333 0.143301
vt 0.316333 0.146973
vt 0.280762 0.146973
vt 0.280762 0.143301
vt 0.446777 0.133301
vt 0.446777 0.129629
vt 0.482349 0.129629
vt 0.482349 0.133301
vt 0.319824 0.146973
vt 0.319824 0.143301
vt 0.355396 0.143301
vt 0.355396 0.146973
vt 0.48584 0.133301
vt 0.48584 0.129629
vt 0.521411 0.129629
vt 0.521411 0.133301
vt 0.620371 0.133301
vt 0.616699 0.133301
vt 0.616699 0.129629
vt 0.616699 0.129629
vt 0.620371 0.129629
vt 0.620371 0.133301
vt 0.623535 0.133301
vt 0.623535 0.129629
vt 0.627207 0.129629
vt 0.627207 0.129629
vt 0.627207 0.133301
vt 0.623535 0.133301
vt 0.394458 0.143301
vt 0.394458 0.146973
vt 0.358887 0.146973
vt 0.358887 0.143301
vt 0.397949 0.146973
vt 0.397949 0.143301
vt 0.433521 0.143301
vt 0.433521 0.146973
vt 0.437012 0.146973
vt 0.437012 0.143301
vt 0.472583 0.143301
vt 0.472583 0.146973
vt 0.476074 0.146973
vt 0.476074 0.143301
vt 0.511646 0.143301
vt 0.511646 0.146973
vt 0.239512 0.133301
vt 0.23584 0.133301
vt 0.23584 0.129629
vt 0.23584 0.129629
vt 0.239512 0.129629
vt 0.239512 0.133301
vt 0.242676 0.133301
vt 0.242676 0.129629
vt 0.246348 0.129629
vt 0.246348 0.129629
vt 0.246348 0.133301
vt 0.242676 0.133301
vt 0.550708 0.143301
vt 0.550708 0.146973
vt 0.515137 0.146973
vt 0.515137 0.143301
vt 0.554199 0.146973
vt 0.554199 0.143301
vt 0.589771 0.143301
vt 0.589771 0.146973
vt 0.593262 0.146973
vt 0.593262 0.143301
vt 0.628833 0.143301
vt 0.628833 0.146973
vt 0.632324 0.146973
vt 0.632324 0.143301
vt 0.667896 0.143301
vt 0.667896 0.146973
vt 0.253184 0.133301
vt 0.249512 0.133301
vt 0.249512 0.129629
vt 0.249512 0.129629
vt 0.253184 0.129629
vt 0.253184 0.133301
vt 0.256348 0.133301
vt 0.256348 0.129629
vt 0.26002 0.129629
vt 0.26002 0.129629
vt 0.26002 0.133301
vt 0.256348 0.133301
vt 0.706958 0.143301
vt 0.706958 0.146973
vt 0.671387 0.146973
vt 0.671387 0.143301
vt 0.276855 0.133301
vt 0.276855 0.129629
vt 0.312427 0.129629
vt 0.312427 0.133301
vt 0.710449 0.146973
vt 0.710449 0.143301
vt 0.746021 0.143301
vt 0.746021 0.146973
vt 0.315918 0.133301
vt 0.315918 0.129629
vt 0.351489 0.129629
vt 0.351489 0.133301
vt 0.358652 0.133301
vt 0.35498 0.133301
vt 0.35498 0.129629
vt 0.35498 0.129629
vt 0.358652 0.129629
vt 0.358652 0.133301
vt 0.361816 0.133301
vt 0.361816 0.129629
vt 0.365488 0.129629
vt 0.365488 0.129629
vt 0.365488 0.133301
vt 0.361816 0.133301
vt 0.785083 0.143301
vt 0.785083 0.146973
vt 0.749512 0.146973
vt 0.749512 0.143301
vt 0.524902 0.133301
vt 0.524902 0.129629
vt 0.560474 0.129629
vt 0.560474 0.133301
vt 0.788574 0.146973
vt 0.788574 0.143301
vt 0.824146 0.143301
vt 0.824146 0.146973
vt 0.563965 0.133301
vt 0.563965 0.129629
vt 0.599536 0.129629
vt 0.599536 0.133301
vt 0.634043 0.133301
vt 0.630371 0.133301
vt 0.630371 0.129629
vt 0.630371 0.129629
vt 0.634043 0.129629
vt 0.634043 0.133301
vt 0.637207 0.133301
vt 0.637207 0.129629
vt 0.640879 0.129629
vt 0.640879 0.129629
vt 0.640879 0.133301
vt 0.637207 0.133301
vt 0.863208 0.143301
vt 0.863208 0.146973
vt 0.827637 0.146973
vt 0.827637 0.143301
vt 0.866699 0.146973
vt 0.866699 0.143301
vt 0.902271 0.143301
vt 0.902271 0.146973
vt 0.905762 0.146973
vt 0.905762 0.143301
vt 0.941333 0.143301
vt 0.941333 0.146973
vt 0.944824 0.146973
vt 0.944824 0.143301
vt 0.980396 0.143301
vt 0.980396 0.146973
vt 0.266855 0.133301
vt 0.263184 0.133301
vt 0.263184 0.129629
vt 0.263184 0.129629
vt 0.266855 0.129629
vt 0.266855 0.133301
vt 0.27002 0.133301
vt 0.27002 0.129629
vt 0.273691 0.129629
vt 0.273691 0.129629
vt 0.273691 0.133301
vt 0.27002 0.133301
vn 0 -1 0
vn 0.991445 0 0.130526
vn 0.92388 0 0.382683
vn 0.793353 0 0.608761
vn 0.608761 0 0.793353
vn 0.382683 0 0.92388
vn 0.130526 0 0.991445
vn -0.130526 0 0.991445
vn -0.382683 0 0.92388
vn -0.608761 0 0.793353
vn -0.793353 0 0.608761
vn -0.92388 0 0.382683
vn -0.991445 0 0.130526
vn -0.991445 0 -0.130526
vn -0.92388 0 -0.382683
vn -0.793353 0 -0.608761
vn -0.608761 0 -0.793353
vn -0.382683 0 -0.92388
vn -0.130526 0 -0.991445
vn 0.130526 0 -0.991445
vn 0.382683 0 -0.92388
vn 0.608761 0 -0.793353
vn 0.793353 0 -0.608761
vn 0.92388 0 -0.382683
vn 0.991445 0 -0.130526
vn 0 1 0
vn -1 0 0
vn 0 0 1
vn 1 0 0
vn 0 0 -1
f 3321/10007/1643 3322/10008/1643 3298/10009/1643 3297/10010/1643
f 3322/10011/1643 3323/10012/1643 3299/10013/1643 3298/10014/1643
f 3323/10015/1643 3324/10016/1643 3300/10017/1643 3299/10018/1643
f 3324/10019/1643 3325/10020/1643 3301/10021/1643 3300/10022/1643
f 3325/10023/1643 3326/10024/1643 3302/10025/1643 3301/10026/1643
f 3326/10027/1643 3327/10028/1643 3303/10029/1643 3302/10030/1643
f 3327/10031/1643 3328/10032/1643 3304/10033/1643 3303/10034/1643
f 3328/10035/1643 3329/10036/1643 3305/10037/1643 3304/10038/1643
f 3329/10039/1643 3330/10040/1643 3306/10041/1643 3305/10042/1643
f 3330/10043/1643 3331/10044/1643 3307/10045/1643 3306/10046/1643
f 3331/10047/1643 3332/10048/1643 3308/10049/1643 3307/10050/1643
f 3332/10051/1643 3333/10052/1643 3309/10053/1643 3308/10054/1643
f 3333/10055/1643 3334/10056/1643 3310/10057/1643 3309/10058/1643
f 3334/10059/1643 3335/10060/1643 3311/10061/1643 3310/10062/1643
f 3335/10063/1643 3336/10064/1643 3312/10065/1643 3311/10066/1643
f 3336/10067/1643 3337/10068/1643 3313/10069/1643 3312/10070/1643
f 3337/10071/1643 3338/10072/1643 3314/10073/1643 3313/10074/1643
f 3338/10075/1643 3339/10076/1643 3315/10077/1643 3314/10078/1643
f 3339/10079/1643 3340/10080/1643 3316/10081/1643 3315/10082/1643
f 3340/10083/1643 3341/10084/1643 3317/10085/1643 3316/10086/1643
f 3341/10087/1643 3342/10088/1643 3318/10089/1643 3317/10090/1643
f 3342/10091/1643 3343/10092/1643 3319/10093/1643 3318/10094/1643
f 3343/10095/1643 3344/10096/1643 3320/10097/1643 3319/10098/1643
f 3344/10099/1643 3321/10100/1643 3297/10101/1643 3320/10102/1643
f 3345/10103/1644 3346/10104/1645 3322/10105/1645 3321/10106/1644
f 3346/10107/1645 3347/10108/1646 3323/10109/1646 3322/10110/1645
f 3347/10111/1646 3348/10112/1647 3324/10113/1647 3323/10114/1646
f 3348/10115/1647 3349/10116/1648 3325/10117/1648 3324/10118/1647
f 3349/10119/1648 3350/10120/1649 3326/10121/1649 3325/10122/1648
f 3350/10123/1649 3351/10124/1650 3327/10125/1650 3326/10126/1649
f 3351/10127/1650 3352/10128/1651 3328/10129/1651 3327/10130/1650
f 3352/10131/1651 3353/10132/1652 3329/10133/1652 3328/10134/1651
f 3353/10135/1652 3354/10136/1653 3330/10137/1653 3329/10138/1652
f 3354/10139/1653 3355/10140/1654 3331/10141/1654 3330/10142/1653
f 3355/10143/1654 3356/10144/1655 3332/10145/1655 3331/10146/1654
f 3356/10147/1655 3357/10148/1656 3333/10149/1656 3332/10150/1655
f 3357/10151/1656 3358/10152/1657 3334/10153/1657 3333/10154/1656
f 3358/10155/1657 3359/10156/1658 3335/10157/1658 3334/10158/1657
f 3359/10159/1658 3360/10160/1659 3336/10161/1659 3335/10162/1658
f 3360/10163/1659 3361/10164/1660 3337/10165/1660 3336/10166/1659
f 3361/10167/1660 3362/10168/1661 3338/10169/1661 3337/10170/1660
f 3362/10171/1661 3363/10172/1662 3339/10173/1662 3338/10174/1661
f 3363/10175/1662 3364/10176/1663 3340/10177/1663 3339/10178/1662
f 3364/10179/1663 3365/10180/1664 3341/10181/1664 3340/10182/1663
f 3365/10183/1664 3366/10184/1665 3342/10185/1665 3341/10186/1664
f 3366/10187/1665 3367/10188/1666 3343/10189/1666 3342/10190/1665
f 3367/10191/1666 3368/10192/1667 3344/10193/1667 3343/10194/1666
f 3368/10195/1667 3345/10196/1644 3321/10197/1644 3344/10198/1667
f 3369/10199/1668 3370/10200/1668 3346/10201/1668 3345/10202/1668
f 3370/10203/1668 3371/10204/1668 3347/10205/1668 3346/10206/1668
f 3371/10207/1668 3372/10208/1668 3348/10209/1668 3347/10210/1668
f 3372/10211/1668 3373/10212/1668 3349/10213/1668 3348/10214/1668
f 3373/10215/1668 3374/10216/1668 3350/10217/1668 3349/10218/1668
f 3374/10219/1668 3375/10220/1668 3351/10221/1668 3350/10222/1668
f 3375/10223/1668 3376/10224/1668 3352/10225/1668 3351/10226/1668
f 3376/10227/1668 3377/10228/1668 3353/10229/1668 3352/10230/1668
f 3377/10231/1668 3378/10232/1668 3354/10233/1668 3353/10234/1668
f 3378/10235/1668 3379/10236/1668 3355/10237/1668 3354/10238/1668
f 3379/10239/1668 3380/10240/1668 3356/10241/1668 3355/10242/1668
f 3380/10243/1668 3381/10244/1668 3357/10245/1668 3356/10246/1668
f 3381/10247/1668 3382/10248/1668 3358/10249/1668 3357/10250/1668
f 3382/10251/1668 3383/10252/1668 3359/10253/1668 3358/10254/1668
f 3383/10255/1668 3384/10256/1668 3360/10257/1668 3359/10258/1668
f 3384/10259/1668 3385/10260/1668 3361/10261/1668 3360/10262/1668
f 3385/10263/1668 3386/10264/1668 3362/10265/1668 3361/10266/1668
f 3386/10267/1668 3387/10268/1668 3363/10269/1668 3362/10270/1668
f 3387/10271/1668 3388/10272/1668 3364/10273/1668 3363/10274/1668
f 3388/10275/1668 3389/10276/1668 3365/10277/1668 3364/10278/1668
f 3389/10279/1668 3390/10280/1668 3366/10281/1668 3365/10282/1668
f 3390/10283/1668 3391/10284/1668 3367/10285/1668 3366/10286/1668
f 3391/10287/1668 3392/10288/1668 3368/10289/1668 3367/10290/1668
f 3392/10291/1668 3369/10292/1668 3345/10293/1668 3368/10294/1668
f 3417/10295/1643 3418/10296/1643 3394/10297/1643 3393/10298/1643
f 3418/10299/1643 3419/10300/1643 3395/10301/1643 3394/10302/1643
f 3419/10303/1643 3420/10304/1643 3396/10305/1643 3395/10306/1643
f 3420/10307/1643 3421/10308/1643 3397/10309/1643 3396/10310/1643
f 3421/10311/1643 3422/10312/1643 3398/10313/1643 3397/10314/1643
f 3422/10315/1643 3423/10316/1643 3399/10317/1643 3398/10318/1643
f 3423/10319/1643 3424/10320/1643 3400/10321/1643 3399/10322/1643
f 3424/10323/1643 3425/10324/1643 3401/10325/1643 3400/10326/1643
f 3425/10327/1643 3426/10328/1643 3402/10329/1643 3401/10330/1643
f 3426/10331/1643 3427/10332/1643 3403/10333/1643 3402/10334/1643
f 3427/10335/1643 3428/10336/1643 3404/10337/1643 3403/10338/1643
f 3428/10339/1643 3429/10340/1643 3405/10341/1643 3404/10342/1643
f 3429/10343/1643 3430/10344/1643 3406/10345/1643 3405/10346/1643
f 3430/10347/1643 3431/10348/1643 3407/10349/1643 3406/10350/1643
f 3431/10351/1643 3432/10352/1643 3408/10353/1643 3407/10354/1643
f 3432/10355/1643 3433/10356/1643 3409/10357/1643 3408/10358/1643
f 3433/10359/1643 3434/10360/1643 3410/10361/1643 3409/10362/1643
f 3434/10363/1643 3435/10364/1643 3411/10365/1643 3410/10366/1643
f 3435/10367/1643 3436/10368/1643 3412/10369/1643 3411/10370/1643
f 3436/10371/1643 3437/10372/1643 3413/10373/1643 3412/10374/1643
f 3437/10375/1643 3438/10376/1643 3414/10377/1643 3413/10378/1643
f 3438/10379/1643 3439/10380/1643 3415/10381/1643 3414/10382/1643
f 3439/10383/1643 3440/10384/1643 3416/10385/1643 3415/10386/1643
f 3440/10387/1643 3417/10388/1643 3393/10389/1643 3416/10390/1643
f 3441/10391/1644 3442/10392/1645 3418/10393/1645 3417/10394/1644
f 3442/10395/1645 3443/10396/1646 3419/10397/1646 3418/10398/1645
f 3443/10399/1646 3444/10400/1647 3420/10401/1647 3419/10402/1646
f 3444/10403/1647 3445/10404/1648 3421/10405/1648 3420/10406/1647
f 3445/10407/1648 3446/10408/1649 3422/10409/1649 3421/10410/1648
f 3446/10411/1649 3447/10412/1650 3423/10413/1650 3422/10414/1649
f 3447/10415/1650 3448/10416/1651 3424/10417/1651 3423/10418/1650
f 3448/10419/1651 3449/10420/1652 3425/10421/1652 3424/10422/1651
f 3449/10423/1652 3450/10424/1653 3426/10425/1653 3425/10426/1652
f 3450/10427/1653 3451/10428/1654 3427/10429/1654 3426/10430/1653
f 3451/10431/1654 3452/10432/1655 3428/10433/1655 3427/10434/1654
f 3452/10435/1655 3453/10436/1656 3429/10437/1656 3428/10438/1655
f 3453/10439/1656 3454/10440/1657 3430/10441/1657 3429/10442/1656
f 3454/10443/1657 3455/10444/1658 3431/10445/1658 3430/10446/1657
f 3455/10447/1658 3456/10448/1659 3432/10449/1659 3431/10450/1658
f 3456/10451/1659 3457/10452/1660 3433/10453/1660 3432/10454/1659
f 3457/10455/1660 3458/10456/1661 3434/10457/1661 3433/10458/1660
f 3458/10459/1661 3459/10460/1662 3435/10461/1662 3434/10462/1661
f 3459/10463/1662 3460/10464/1663 3436/10465/1663 3435/10466/1662
f 3460/10467/1663 3461/10468/1664 3437/10469/1664 3436/10470/1663
f 3461/10471/1664 3462/10472/1665 3438/10473/1665 3437/10474/1664
f 3462/10475/1665 3463/10476/1666 3439/10477/1666 3438/10478/1665
f 3463/10479/1666 3464/10480/1667 3440/10481/1667 3439/10482/1666
f 3464/10483/1667 3441/10484/1644 3417/10485/1644 3440/10486/1667
f 3465/10487/1668 3466/10488/1668 3442/10489/1668 3441/10490/1668
f 3466/10491/1668 3467/10492/1668 3443/10493/1668 3442/10494/1668
f 3467/10495/1668 3468/10496/1668 3444/10497/1668 3443/10498/1668
f 3468/10499/1668 3469/10500/1668 3445/10501/1668 3444/10502/1668
f 3469/10503/1668 3470/10504/1668 3446/10505/1668 3445/10506/1668
f 3470/10507/1668 3471/10508/1668 3447/10509/1668 3446/10510/1668
f 3471/10511/1668 3472/10512/1668 3448/10513/1668 3447/10514/1668
f 3472/10515/1668 3473/10516/1668 3449/10517/1668 3448/10518/1668
f 3473/10519/1668 3474/10520/1668 3450/10521/1668 3449/10522/1668
f 3474/10523/1668 3475/10524/1668 3451/10525/1668 3450/10526/1668
f 3475/10527/1668 3476/10528/1668 3452/10529/1668 3451/10530/1668
f 3476/10531/1668 3477/10532/1668 3453/10533/1668 3452/10534/1668
f 3477/10535/1668 3478/10536/1668 3454/10537/1668 3453/10538/1668
f 3478/10539/1668 3479/10540/1668 3455/10541/1668 3454/10542/1668
f 3479/10543/1668 3480/10544/1668 3456/10545/1668 3455/10546/1668
f 3480/10547/1668 3481/10548/1668 3457/10549/1668 3456/10550/1668
f 3481/10551/1668 3482/10552/1668 3458/10553/1668 3457/10554/1668
f 3482/10555/1668 3483/10556/1668 3459/10557/1668 3458/10558/1668
f 3483/10559/1668 3484/10560/1668 3460/10561/1668 3459/10562/1668
f 3484/10563/1668 3485/10564/1668 3461/10565/1668 3460/10566/1668
f 3485/10567/1668 3486/10568/1668 3462/10569/1668 3461/10570/1668
f 3486/10571/1668 3487/10572/1668 3463/10573/1668 3462/10574/1668
f 3487/10575/1668 3488/10576/1668 3464/10577/1668 3463/10578/1668
f 3488/10579/1668 3465/10580/1668 3441/10581/1668 3464/10582/1668
f 3513/10583/1643 3514/10584/1643 3490/10585/1643 3489/10586/1643
f 3514/10587/1643 3515/10588/1643 3491/10589/1643 3490/10590/1643
f 3515/10591/1643 3516/10592/1643 3492/10593/1643 3491/10594/1643
f 3516/10595/1643 3517/10596/1643 3493/10597/1643 3492/10598/1643
f 3517/10599/1643 3518/10600/1643 3494/10601/1643 3493/10602/1643
f 3518/10603/1643 3519/10604/1643 3495/10605/1643 3494/10606/1643
f 3519/10607/1643 3520/10608/1643 3496/10609/1643 3495/10610/1643
f 3520/10611/1643 3521/10612/1643 3497/10613/1643 3496/10614/1643
f 3521/10615/1643 3522/10616/1643 3498/10617/1643 3497/10618/1643
f 3522/10619/1643 3523/10620/1643 3499/10621/1643 3498/10622/1643
f 3523/10623/1643 3524/10624/1643 3500/10625/1643 3499/10626/1643
f 3524/10627/1643 3525/10628/1643 3501/10629/1643 3500/10630/1643
f 3525/10631/1643 3526/10632/1643 3502/10633/1643 3501/10634/1643
f 3526/10635/1643 3527/10636/1643 3503/10637/1643 3502/10638/1643
f 3527/10639/1643 3528/10640/1643 3504/10641/1643 3503/10642/1643
f 3528/10643/1643 3529/10644/1643 3505/10645/1643 3504/10646/1643
f 3529/10647/1643 3530/10648/1643 3506/10649/1643 3505/10650/1643
f 3530/10651/1643 3531/10652/1643 3507/10653/1643 3506/10654/1643
f 3531/10655/1643 3532/10656/1643 3508/10657/1643 3507/10658/1643
f 3532/10659/1643 3533/10660/1643 3509/10661/1643 3508/10662/1643
f 3533/10663/1643 3534/10664/1643 3510/10665/1643 3509/10666/1643
f 3534/10667/1643 3535/10668/1643 3511/10669/1643 3510/10670/1643
f 3535/10671/1643 3536/10672/1643 3512/10673/1643 3511/10674/1643
f 3536/10675/1643 3513/10676/1643 3489/10677/1643 3512/10678/1643
f 3537/10679/1644 3538/10680/1645 3514/10681/1645 3513/10682/1644
f 3538/10683/1645 3539/10684/1646 3515/10685/1646 3514/10686/1645
f 3539/10687/1646 3540/10688/1647 3516/10689/1647 3515/10690/1646
f 3540/10691/1647 3541/10692/1648 3517/10693/1648 3516/10694/1647
f 3541/10695/1648 3542/10696/1649 3518/10697/1649 3517/10698/1648
f 3542/10699/1649 3543/10700/1650 3519/10701/1650 3518/10702/1649
f 3543/10703/1650 3544/10704/1651 3520/10705/1651 3519/10706/1650
f 3544/10707/1651 3545/10708/1652 3521/10709/1652 3520/10710/1651
f 3545/10711/1652 3546/10712/1653 3522/10713/1653 3521/10714/1652
f 3546/10715/1653 3547/10716/1654 3523/10717/1654 3522/10718/1653
f 3547/10719/1654 3548/10720/1655 3524/10721/1655 3523/10722/1654
f 3548/10723/1655 3549/10724/1656 3525/10725/1656 3524/10726/1655
f 3549/10727/1656 3550/10728/1657 3526/10729/1657 3525/10730/1656
f 3550/10731/1657 3551/10732/1658 3527/10733/1658 3526/10734/1657
f 3551/10735/1658 3552/10736/1659 3528/10737/1659 3527/10738/1658
f 3552/10739/1659 3553/10740/1660 3529/10741/1660 3528/10742/1659
f 3553/10743/1660 3554/10744/1661 3530/10745/1661 3529/10746/1660
f 3554/10747/1661 3555/10748/1662 3531/10749/1662 3530/10750/1661
f 3555/10751/1662 3556/10752/1663 3532/10753/1663 3531/10754/1662
f 3556/10755/1663 3557/10756/1664 3533/10757/1664 3532/10758/1663
f 3557/10759/1664 3558/10760/1665 3534/10761/1665 3533/10762/1664
f 3558/10763/1665 3559/10764/1666 3535/10765/1666 3534/10766/1665
f 3559/10767/1666 3560/10768/1667 3536/10769/1667 3535/10770/1666
f 3560/10771/1667 3537/10772/1644 3513/10773/1644 3536/10774/1667
f 3561/10775/1668 3562/10776/1668 3538/10777/1668 3537/10778/1668
f 3562/10779/1668 3563/10780/1668 3539/10781/1668 3538/10782/1668
f 3563/10783/1668 3564/10784/1668 3540/10785/1668 3539/10786/1668
f 3564/10787/1668 3565/10788/1668 3541/10789/1668 3540/10790/1668
f 3565/10791/1668 3566/10792/1668 3542/10793/1668 3541/10794/1668
f 3566/10795/1668 3567/10796/1668 3543/10797/1668 3542/10798/1668
f 3567/10799/1668 3568/10800/1668 3544/10801/1668 3543/10802/1668
f 3568/10803/1668 3569/10804/1668 3545/10805/1668 3544/10806/1668
f 3569/10807/1668 3570/10808/1668 3546/10809/1668 3545/10810/1668
f 3570/10811/1668 3571/10812/1668 3547/10813/1668 3546/10814/1668
f 3571/10815/1668 3572/10816/1668 3548/10817/1668 3547/10818/1668
f 3572/10819/1668 3573/10820/1668 3549/10821/1668 3548/10822/1668
f 3573/10823/1668 3574/10824/1668 3550/10825/1668 3549/10826/1668
f 3574/10827/1668 3575/10828/1668 3551/10829/1668 3550/10830/1668
f 3575/10831/1668 3576/10832/1668 3552/10833/1668 3551/10834/1668
f 3576/10835/1668 3577/10836/1668 3553/10837/1668 3552/10838/1668
f 3577/10839/1668 3578/10840/1668 3554/10841/1668 3553/10842/1668
f 3578/10843/1668 3579/10844/1668 3555/10845/1668 3554/10846/1668
f 3579/10847/1668 3580/10848/1668 3556/10849/1668 3555/10850/1668
f 3580/10851/1668 3581/10852/1668 3557/10853/1668 3556/10854/1668
f 3581/10855/1668 3582/10856/1668 3558/10857/1668 3557/10858/1668
f 3582/10859/1668 3583/10860/1668 3559/10861/1668 3558/10862/1668
f 3583/10863/1668 3584/10864/1668 3560/10865/1668 3559/10866/1668
f 3584/10867/1668 3561/10868/1668 3537/10869/1668 3560/10870/1668
f 3609/10871/1643 3610/10872/1643 3586/10873/1643 3585/10874/1643
f 3610/10875/1643 3611/10876/1643 3587/10877/1643 3586/10878/1643
f 3611/10879/1643 3612/10880/1643 3588/10881/1643 3587/10882/1643
f 3612/10883/1643 3613/10884/1643 3589/10885/1643 3588/10886/1643
f 3613/10887/1643 3614/10888/1643 3590/10889/1643 3589/10890/1643
f 3614/10891/1643 3615/10892/1643 3591/10893/1643 3590/10894/1643
f 3615/10895/1643 3616/10896/1643 3592/10897/1643 3591/10898/1643
f 3616/10899/1643 3617/10900/1643 3593/10901/1643 3592/10902/1643
f 3617/10903/1643 3618/10904/1643 3594/10905/1643 3593/10906/1643
f 3618/10907/1643 3619/10908/1643 3595/10909/1643 3594/10910/1643
f 3619/10911/1643 3620/10912/1643 3596/10913/1643 3595/10914/1643
f 3620/10915/1643 3621/10916/1643 3597/10917/1643 3596/10918/1643
f 3621/10919/1643 3622/10920/1643 3598/10921/1643 3597/10922/1643
f 3622/10923/1643 3623/10924/1643 3599/10925/1643 3598/10926/1643
f 3623/10927/1643 3624/10928/1643 3600/10929/1643 3599/10930/1643
f 3624/10931/1643 3625/10932/1643 3601/10933/1643 3600/10934/1643
f 3625/10935/1643 3626/10936/1643 3602/10937/1643 3601/10938/1643
f 3626/10939/1643 3627/10940/1643 3603/10941/1643 3602/10942/1643
f 3627/10943/1643 3628/10944/1643 3604/10945/1643 3603/10946/1643
f 3628/10947/1643 3629/10948/1643 3605/10949/1643 3604/10950/1643
f 3629/10951/1643 3630/10952/1643 3606/10953/1643 3605/10954/1643
f 3630/10955/1643 3631/10956/1643 3607/10957/1643 3606/10958/1643
f 3631/10959/1643 3632/10960/1643 3608/10961/1643 3607/10962/1643
f 3632/10963/1643 3609/10964/1643 3585/10965/1643 3608/10966/1643
f 3633/10967/1644 3634/10968/1645 3610/10969/1645 3609/10970/1644
f 3634/10971/1645 3635/10972/1646 3611/10973/1646 3610/10974/1645
f 3635/10975/1646 3636/10976/1647 3612/10977/1647 3611/10978/1646
f 3636/10979/1647 3637/10980/1648 3613/10981/1648 3612/10982/1647
f 3637/10983/1648 3638/10984/1649 3614/10985/1649 3613/10986/1648
f 3638/10987/1649 3639/10988/1650 3615/10989/1650 3614/10990/1649
f 3639/10991/1650 3640/10992/1651 3616/10993/1651 3615/10994/1650
f 3640/10995/1651 3641/10996/1652 3617/10997/1652 3616/10998/1651
f 3641/10999/1652 3642/11000/1653 3618/11001/1653 3617/11002/1652
f 3642/11003/1653 3643/11004/1654 3619/11005/1654 3618/11006/1653
f 3643/11007/1654 3644/11008/1655 3620/11009/1655 3619/11010/1654
f 3644/11011/1655 3645/11012/1656 3621/11013/1656 3620/11014/1655
f 3645/11015/1656 3646/11016/1657 3622/11017/1657 3621/11018/1656
f 3646/11019/1657 3647/11020/1658 3623/11021/1658 3622/11022/1657
f 3647/11023/1658 3648/11024/1659 3624/11025/1659 3623/11026/1658
f 3648/11027/1659 3649/11028/1660 3625/11029/1660 3624/11030/1659
f 3649/11031/1660 3650/11032/1661 3626/11033/1661 3625/11034/1660
f 3650/11035/1661 3651/11036/1662 3627/11037/1662 3626/11038/1661
f 3651/11039/1662 3652/11040/1663 3628/11041/1663 3627/11042/1662
f 3652/11043/1663 3653/11044/1664 3629/11045/1664 3628/11046/1663
f 3653/11047/1664 3654/11048/1665 3630/11049/1665 3629/11050/1664
f 3654/11051/1665 3655/11052/1666 3631/11053/1666 3630/11054/1665
f 3655/11055/1666 3656/11056/1667 3632/11057/1667 3631/11058/1666
f 3656/11059/1667 3633/11060/1644 3609/11061/1644 3632/11062/1667
f 3657/11063/1668 3658/11064/1668 3634/11065/1668 3633/11066/1668
f 3658/11067/1668 3659/11068/1668 3635/11069/1668 3634/11070/1668
f 3659/11071/1668 3660/11072/1668 3636/11073/1668 3635/11074/1668
f 3660/11075/1668 3661/11076/1668 3637/11077/1668 3636/11078/1668
f 3661/11079/1668 3662/11080/1668 3638/11081/1668 3637/11082/1668
f 3662/11083/1668 3663/11084/1668 3639/11085/1668 3638/11086/1668
f 3663/11087/1668 3664/11088/1668 3640/11089/1668 3639/11090/1668
f 3664/11091/1668 3665/11092/1668 3641/11093/1668 3640/11094/1668
f 3665/11095/1668 3666/11096/1668 3642/11097/1668 3641/11098/1668
f 3666/11099/1668 3667/11100/1668 3643/11101/1668 3642/11102/1668
f 3667/11103/1668 3668/11104/1668 3644/11105/1668 3643/11106/1668
f 3668/11107/1668 3669/11108/1668 3645/11109/1668 3644/11110/1668
f 3669/11111/1668 3670/11112/1668 3646/11113/1668 3645/11114/1668
f 3670/11115/1668 3671/11116/1668 3647/11117/1668 3646/11118/1668
f 3671/11119/1668 3672/11120/1668 3648/11121/1668 3647/11122/1668
f 3672/11123/1668 3673/11124/1668 3649/11125/1668 3648/11126/1668
f 3673/11127/1668 3674/11128/1668 3650/11129/1668 3649/11130/1668
f 3674/11131/1668 3675/11132/1668 3651/11133/1668 3650/11134/1668
f 3675/11135/1668 3676/11136/1668 3652/11137/1668 3651/11138/1668
f 3676/11139/1668 3677/11140/1668 3653/11141/1668 3652/11142/1668
f 3677/11143/1668 3678/11144/1668 3654/11145/1668 3653/11146/1668
f 3678/11147/1668 3679/11148/1668 3655/11149/1668 3654/11150/1668
f 3679/11151/1668 3680/11152/1668 3656/11153/1668 3655/11154/1668
f 3680/11155/1668 3657/11156/1668 3633/11157/1668 3656/11158/1668
f 3681/11159/1669 3682/11160/1669 3686/11161/1669 3685/11162/1669
f 3682/11163/1670 3683/11164/1670 3687/11165/1670 3686/11166/1670
f 3683/11167/1671 3684/11168/1671 3688/11169/1671 3687/11170/1671
f 3684/11171/1672 3681/11172/1672 3685/11173/1672 3688/11174/1672
f 3690/11175/1643 3689/11176/1643 3692/11177/1643
f 3692/11178/1643 3691/11179/1643 3690/11180/1643
f 3696/11181/1668 3693/11182/1668 3694/11183/1668
f 3694/11184/1668 3695/11185/1668 3696/11186/1668
f 3697/11187/1669 3698/11188/1669 3702/11189/1669 3701/11190/1669
f 3698/11191/1670 3699/11192/1670 3703/11193/1670 3702/11194/1670
f 3699/11195/1671 3700/11196/1671 3704/11197/1671 3703/11198/1671
f 3700/11199/1672 3697/11200/1672 3701/11201/1672 3704/11202/1672
f 3706/11203/1643 3705/11204/1643 3708/11205/1643
f 3708/11206/1643 3707/11207/1643 3706/11208/1643
f 3712/11209/1668 3709/11210/1668 3710/11211/1668
f 3710/11212/1668 3711/11213/1668 3712/11214/1668
f 3713/11215/1669 3714/11216/1669 3718/11217/1669 3717/11218/1669
f 3714/11219/1670 3715/11220/1670 3719/11221/1670 3718/11222/1670
f 3715/11223/1671 3716/11224/1671 3720/11225/1671 3719/11226/1671
f 3716/11227/1672 3713/11228/1672 3717/11229/1672 3720/11230/1672
f 3722/11231/1643 3721/11232/1643 3724/11233/1643
f 3724/11234/1643 3723/11235/1643 3722/11236/1643
f 3728/11237/1668 3725/11238/1668 3726/11239/1668
f 3726/11240/1668 3727/11241/1668 3728/11242/1668
f 3729/11243/1669 3730/11244/1669 3734/11245/1669 3733/11246/1669
f 3730/11247/1670 3731/11248/1670 3735/11249/1670 3734/11250/1670
f 3731/11251/1671 3732/11252/1671 3736/11253/1671 3735/11254/1671
f 3732/11255/1672 3729/11256/1672 3733/11257/1672 3736/11258/1672
f 3738/11259/1643 3737/11260/1643 3740/11261/1643
f 3740/11262/1643 3739/11263/1643 3738/11264/1643
f 3744/11265/1668 3741/11266/1668 3742/11267/1668
f 3742/11268/1668 3743/11269/1668 3744/11270/1668
f 3745/11271/1669 3746/11272/1669 3750/11273/1669 3749/11274/1669
f 3746/11275/1670 3747/11276/1670 3751/11277/1670 3750/11278/1670
f 3747/11279/1671 3748/11280/1671 3752/11281/1671 3751/11282/1671
f 3748/11283/1672 3745/11284/1672 3749/11285/1672 3752/11286/1672
f 3754/11287/1643 3753/11288/1643 3756/11289/1643
f 3756/11290/1643 3755/11291/1643 3754/11292/1643
f 3760/11293/1668 3757/11294/1668 3758/11295/1668
f 3758/11296/1668 3759/11297/1668 3760/11298/1668
f 3761/11299/1669 3762/11300/1669 3766/11301/1669 3765/11302/1669
f 3762/11303/1670 3763/11304/1670 3767/11305/1670 3766/11306/1670
f 3763/11307/1671 3764/11308/1671 3768/11309/1671 3767/11310/1671
f 3764/11311/1672 3761/11312/1672 3765/11313/1672 3768/11314/1672
f 3770/11315/1643 3769/11316/1643 3772/11317/1643
f 3772/11318/1643 3771/11319/1643 3770/11320/1643
f 3776/11321/1668 3773/11322/1668 3774/11323/1668
f 3774/11324/1668 3775/11325/1668 3776/11326/1668
f 3777/11327/1669 3778/11328/1669 3782/11329/1669 3781/11330/1669
f 3778/11331/1670 3779/11332/1670 3783/11333/1670 3782/11334/1670
f 3779/11335/1671 3780/11336/1671 3784/11337/1671 3783/11338/1671
f 3780/11339/1672 3777/11340/1672 3781/11341/1672 3784/11342/1672
f 3786/11343/1643 3785/11344/1643 3788/11345/1643
f 3788/11346/1643 3787/11347/1643 3786/11348/1643
f 3792/11349/1668 3789/11350/1668 3790/11351/1668
f 3790/11352/1668 3791/11353/1668 3792/11354/1668
f 3793/11355/1669 3794/11356/1669 3798/11357/1669 3797/11358/1669
f 3794/11359/1670 3795/11360/1670 3799/11361/1670 3798/11362/1670
f 3795/11363/1671 3796/11364/1671 3800/11365/1671 3799/11366/1671
f 3796/11367/1672 3793/11368/1672 3797/11369/1672 3800/11370/1672
f 3802/11371/1643 3801/11372/1643 3804/11373/1643
f 3804/11374/1643 3803/11375/1643 3802/11376/1643
f 3808/11377/1668 3805/11378/1668 3806/11379/1668
f 3806/11380/1668 3807/11381/1668 3808/11382/1668
o body_strainer_cap
usemtl intake_pump
v 0.639422 -0.9375 -0.481645
v 0.629921 -0.9375 -0.446185
v 0.611565 -0.9375 -0.414393
v 0.585607 -0.9375 -0.388435
v 0.553815 -0.9375 -0.370079
v 0.518355 -0.9375 -0.360578
v 0.481645 -0.9375 -0.360578
v 0.446185 -0.9375 -0.370079
v 0.414393 -0.9375 -0.388435
v 0.388435 -0.9375 -0.414393
v 0.370079 -0.9375 -0.446185
v 0.360578 -0.9375 -0.481645
v 0.360578 -0.9375 -0.518355
v 0.370079 -0.9375 -0.553815
v 0.388435 -0.9375 -0.585607
v 0.414393 -0.9375 -0.611565
v 0.446185 -0.9375 -0.629921
v 0.481645 -0.9375 -0.639422
v 0.518355 -0.9375 -0.639422
v 0.553815 -0.9375 -0.629921
v 0.585607 -0.9375 -0.611565
v 0.611565 -0.9375 -0.585607
v 0.629921 -0.9375 -0.553815
v 0.639422 -0.9375 -0.518355
v 0.654913 -0.9325 -0.479605
v 0.644356 -0.9325 -0.440206
v 0.623961 -0.9325 -0.404881
v 0.595119 -0.9325 -0.376039
v 0.559794 -0.9325 -0.355644
v 0.520395 -0.9325 -0.345087
v 0.479605 -0.9325 -0.345087
v 0.440206 -0.9325 -0.355644
v 0.404881 -0.9325 -0.376039
v 0.376039 -0.9325 -0.404881
v 0.355644 -0.9325 -0.440206
v 0.345087 -0.9325 -0.479605
v 0.345087 -0.9325 -0.520395
v 0.355644 -0.9325 -0.559794
v 0.376039 -0.9325 -0.595119
v 0.404881 -0.9325 -0.623961
v 0.440206 -0.9325 -0.644356
v 0.479605 -0.9325 -0.654913
v 0.520395 -0.9325 -0.654913
v 0.559794 -0.9325 -0.644356
v 0.595119 -0.9325 -0.623961
v 0.623961 -0.9325 -0.595119
v 0.644356 -0.9325 -0.559794
v 0.654913 -0.9325 -0.520395
v 0.654913 -0.91875 -0.479605
v 0.644356 -0.91875 -0.440206
v 0.623961 -0.91875 -0.404881
v 0.595119 -0.91875 -0.376039
v 0.559794 -0.91875 -0.355644
v 0.520395 -0.91875 -0.345087
v 0.479605 -0.91875 -0.345087
v 0.440206 -0.91875 -0.355644
v 0.404881 -0.91875 -0.376039
v 0.376039 -0.91875 -0.404881
v 0.355644 -0.91875 -0.440206
v 0.345087 -0.91875 -0.479605
v 0.345087 -0.91875 -0.520395
v 0.355644 -0.91875 -0.559794
v 0.376039 -0.91875 -0.595119
v 0.404881 -0.91875 -0.623961
v 0.440206 -0.91875 -0.644356
v 0.479605 -0.91875 -0.654913
v 0.520395 -0.91875 -0.654913
v 0.559794 -0.91875 -0.644356
v 0.595119 -0.91875 -0.623961
v 0.623961 -0.91875 -0.595119
v 0.644356 -0.91875 -0.559794
v 0.654913 -0.91875 -0.520395
v 0.5 -0.9375 -0.5
v 0.5 -0.91875 -0.5
vt 0.398841 0.554045
vt 0.406089 0.555927
vt 0.404977 0.55872
vt 0.398454 0.557026
vt 0.406089 0.555927
vt 0.412618 0.559564
vt 0.410853 0.561993
vt 0.404977 0.55872
vt 0.412618 0.559564
vt 0.417983 0.564707
vt 0.415682 0.566621
vt 0.410853 0.561993
vt 0.417983 0.564707
vt 0.421818 0.571006
vt 0.419133 0.57229
vt 0.415682 0.566621
vt 0.421818 0.571006
vt 0.423862 0.578031
vt 0.420973 0.578613
vt 0.419133 0.57229
vt 0.225711 0.549316
vt 0.218306 0.549038
vt 0.218813 0.546071
vt 0.225477 0.546322
vt 0.218306 0.549038
vt 0.211153 0.546892
vt 0.212375 0.54414
vt 0.218813 0.546071
vt 0.211153 0.546892
vt 0.20474 0.543026
vt 0.206603 0.54066
vt 0.212375 0.54414
vt 0.20474 0.543026
vt 0.199503 0.537701
vt 0.201891 0.535868
vt 0.206603 0.54066
vt 0.199503 0.537701
vt 0.195801 0.531282
vt 0.198558 0.530091
vt 0.201891 0.535868
vt 0.254046 0.405854
vt 0.246873 0.407715
vt 0.246506 0.404728
vt 0.252961 0.403053
vt 0.246873 0.407715
vt 0.239405 0.407715
vt 0.239785 0.404728
vt 0.246506 0.404728
vt 0.239405 0.407715
vt 0.232151 0.405854
vt 0.233256 0.403053
vt 0.239785 0.404728
vt 0.232151 0.405854
vt 0.225606 0.402258
vt 0.227366 0.399817
vt 0.233256 0.403053
vt 0.225606 0.402258
vt 0.220215 0.397174
vt 0.222514 0.39524
vt 0.227366 0.399817
vt 0.962402 0.336912
vt 0.968888 0.333326
vt 0.969986 0.336129
vt 0.964149 0.339355
vt 0.968888 0.333326
vt 0.976121 0.33147
vt 0.976496 0.334458
vt 0.969986 0.336129
vt 0.976121 0.33147
vt 0.98361 0.33147
vt 0.983236 0.334458
vt 0.976496 0.334458
vt 0.98361 0.33147
vt 0.990843 0.333326
vt 0.989746 0.336129
vt 0.983236 0.334458
vt 0.990843 0.333326
vt 0.997329 0.336912
vt 0.995583 0.339355
vt 0.989746 0.336129
vt 0.372559 0.564707
vt 0.377763 0.559564
vt 0.379483 0.561993
vt 0.3748 0.566621
vt 0.377763 0.559564
vt 0.384178 0.555927
vt 0.385257 0.55872
vt 0.379483 0.561993
vt 0.384178 0.555927
vt 0.391368 0.554045
vt 0.391728 0.557026
vt 0.385257 0.55872
vt 0.391368 0.554045
vt 0.398841 0.554045
vt 0.398454 0.557026
vt 0.391728 0.557026
vt 0.034668 0.0673
vt 0.042157 0.0673
vt 0.042157 0.069824
vt 0.034668 0.069824
vt 0.04541 0.0673
vt 0.052899 0.0673
vt 0.052899 0.069824
vt 0.04541 0.069824
vt 0.95459 0.073159
vt 0.962079 0.073159
vt 0.962079 0.075684
vt 0.95459 0.075684
vt 0.002441 0.0673
vt 0.00993 0.0673
vt 0.00993 0.069824
vt 0.002441 0.069824
vt 0.063641 0.069824
vt 0.056152 0.069824
vt 0.056152 0.0673
vt 0.063641 0.0673
vt 0.020672 0.069824
vt 0.013184 0.069824
vt 0.013184 0.0673
vt 0.020672 0.0673
vt 0.031414 0.069824
vt 0.023926 0.069824
vt 0.023926 0.0673
vt 0.031414 0.0673
vt 0.972821 0.075684
vt 0.965332 0.075684
vt 0.965332 0.073159
vt 0.972821 0.073159
vt 0.074383 0.069824
vt 0.066895 0.069824
vt 0.066895 0.0673
vt 0.074383 0.0673
vt 0.983563 0.075684
vt 0.976074 0.075684
vt 0.976074 0.073159
vt 0.983563 0.073159
vt 0.181805 0.069824
vt 0.174316 0.069824
vt 0.174316 0.0673
vt 0.181805 0.0673
vt 0.994305 0.075684
vt 0.986816 0.075684
vt 0.986816 0.073159
vt 0.994305 0.073159
vt 0.085125 0.069824
vt 0.077637 0.069824
vt 0.077637 0.0673
vt 0.085125 0.0673
vt 0.095868 0.069824
vt 0.088379 0.069824
vt 0.088379 0.0673
vt 0.095868 0.0673
vt 0.10661 0.069824
vt 0.099121 0.069824
vt 0.099121 0.0673
vt 0.10661 0.0673
vt 0.951336 0.075684
vt 0.943848 0.075684
vt 0.943848 0.073159
vt 0.951336 0.073159
vt 0.160321 0.069824
vt 0.152832 0.069824
vt 0.152832 0.0673
vt 0.160321 0.0673
vt 0.149579 0.069824
vt 0.14209 0.069824
vt 0.14209 0.0673
vt 0.149579 0.0673
vt 0.171063 0.069824
vt 0.163574 0.069824
vt 0.163574 0.0673
vt 0.171063 0.0673
vt 0.185059 0.0673
vt 0.192547 0.0673
vt 0.192547 0.069824
vt 0.185059 0.069824
vt 0.933105 0.073159
vt 0.940594 0.073159
vt 0.940594 0.075684
vt 0.933105 0.075684
vt 0.109863 0.0673
vt 0.117352 0.0673
vt 0.117352 0.069824
vt 0.109863 0.069824
vt 0.120605 0.0673
vt 0.128094 0.0673
vt 0.128094 0.069824
vt 0.120605 0.069824
vt 0.131348 0.0673
vt 0.138836 0.0673
vt 0.138836 0.069824
vt 0.131348 0.069824
vt 0.379601 0.683876
vt 0.405198 0.687246
vt 0.403454 0.693756
vt 0.379601 0.683876
vt 0.403454 0.693756
vt 0.400084 0.699593
vt 0.379601 0.683876
vt 0.400084 0.699593
vt 0.395318 0.704358
vt 0.379601 0.683876
vt 0.395318 0.704358
vt 0.389481 0.707728
vt 0.379601 0.683876
vt 0.389481 0.707728
vt 0.382971 0.709473
vt 0.379601 0.683876
vt 0.382971 0.709473
vt 0.376231 0.709473
vt 0.379601 0.683876
vt 0.376231 0.709473
vt 0.369721 0.707728
vt 0.379601 0.683876
vt 0.369721 0.707728
vt 0.363884 0.704358
vt 0.379601 0.683876
vt 0.363884 0.704358
vt 0.359118 0.699593
vt 0.379601 0.683876
vt 0.359118 0.699593
vt 0.355748 0.693756
vt 0.379601 0.683876
vt 0.355748 0.693756
vt 0.354004 0.687246
vt 0.379601 0.683876
vt 0.354004 0.687246
vt 0.354004 0.680506
vt 0.379601 0.683876
vt 0.354004 0.680506
vt 0.355748 0.673996
vt 0.379601 0.683876
vt 0.355748 0.673996
vt 0.359118 0.668159
vt 0.379601 0.683876
vt 0.359118 0.668159
vt 0.363884 0.663393
vt 0.379601 0.683876
vt 0.363884 0.663393
vt 0.369721 0.660023
vt 0.379601 0.683876
vt 0.369721 0.660023
vt 0.376231 0.658279
vt 0.379601 0.683876
vt 0.376231 0.658279
vt 0.382971 0.658279
vt 0.379601 0.683876
vt 0.382971 0.658279
vt 0.389481 0.660023
vt 0.379601 0.683876
vt 0.389481 0.660023
vt 0.395318 0.663393
vt 0.379601 0.683876
vt 0.395318 0.663393
vt 0.400084 0.668159
vt 0.379601 0.683876
vt 0.400084 0.668159
vt 0.403454 0.673996
vt 0.379601 0.683876
vt 0.403454 0.673996
vt 0.405198 0.680506
vt 0.379601 0.683876
vt 0.405198 0.680506
vt 0.405198 0.687246
vt 0.064926 0.692009
vt 0.062988 0.684776
vt 0.091429 0.681032
vt 0.068671 0.698495
vt 0.064926 0.692009
vt 0.091429 0.681032
vt 0.073966 0.70379
vt 0.068671 0.698495
vt 0.091429 0.681032
vt 0.080452 0.707534
vt 0.073966 0.70379
vt 0.091429 0.681032
vt 0.087685 0.709473
vt 0.080452 0.707534
vt 0.091429 0.681032
vt 0.095174 0.709473
vt 0.087685 0.709473
vt 0.091429 0.681032
vt 0.102407 0.707534
vt 0.095174 0.709473
vt 0.091429 0.681032
vt 0.108893 0.70379
vt 0.102407 0.707534
vt 0.091429 0.681032
vt 0.114188 0.698495
vt 0.108893 0.70379
vt 0.091429 0.681032
vt 0.117932 0.692009
vt 0.114188 0.698495
vt 0.091429 0.681032
vt 0.11987 0.684776
vt 0.117932 0.692009
vt 0.091429 0.681032
vt 0.11987 0.677287
vt 0.11987 0.684776
vt 0.091429 0.681032
vt 0.117932 0.670054
vt 0.11987 0.677287
vt 0.091429 0.681032
vt 0.114188 0.663568
vt 0.117932 0.670054
vt 0.091429 0.681032
vt 0.108893 0.658273
vt 0.114188 0.663568
vt 0.091429 0.681032
vt 0.102407 0.654529
vt 0.108893 0.658273
vt 0.091429 0.681032
vt 0.095174 0.65259
vt 0.102407 0.654529
vt 0.091429 0.681032
vt 0.087685 0.65259
vt 0.095174 0.65259
vt 0.091429 0.681032
vt 0.080452 0.654529
vt 0.087685 0.65259
vt 0.091429 0.681032
vt 0.073966 0.658273
vt 0.080452 0.654529
vt 0.091429 0.681032
vt 0.068671 0.663568
vt 0.073966 0.658273
vt 0.091429 0.681032
vt 0.064926 0.670054
vt 0.068671 0.663568
vt 0.091429 0.681032
vt 0.062988 0.677287
vt 0.064926 0.670054
vt 0.091429 0.681032
vt 0.062988 0.684776
vt 0.062988 0.677287
vt 0.091429 0.681032
vn 0.302168 -0.952424 0.039781
vn 0.281576 -0.952424 0.116633
vn 0.056068 -0.998157 0.023224
vn 0.060169 -0.998157 0.007921
vn 0.241795 -0.952424 0.185536
vn 0.048147 -0.998157 0.036944
vn 0.185536 -0.952424 0.241795
vn 0.036944 -0.998157 0.048147
vn 0.116633 -0.952424 0.281576
vn 0.023224 -0.998157 0.056068
vn 0.039781 -0.952424 0.302168
vn 0.007921 -0.998157 0.060169
vn -0.039781 -0.952424 0.302168
vn -0.007921 -0.998157 0.060169
vn -0.116633 -0.952424 0.281576
vn -0.023224 -0.998157 0.056068
vn -0.185536 -0.952424 0.241795
vn -0.036944 -0.998157 0.048147
vn -0.241795 -0.952424 0.185536
vn -0.048147 -0.998157 0.036944
vn -0.281576 -0.952424 0.116633
vn -0.056068 -0.998157 0.023224
vn -0.302168 -0.952424 0.039781
vn -0.060169 -0.998157 0.007921
vn -0.302168 -0.952424 -0.039781
vn -0.060169 -0.998157 -0.007921
vn -0.281576 -0.952424 -0.116633
vn -0.056068 -0.998157 -0.023224
vn -0.241795 -0.952424 -0.185536
vn -0.048147 -0.998157 -0.036944
vn -0.185536 -0.952424 -0.241795
vn -0.036944 -0.998157 -0.048147
vn -0.116633 -0.952424 -0.281576
vn -0.023224 -0.998157 -0.056068
vn -0.039781 -0.952424 -0.302168
vn -0.007921 -0.998157 -0.060169
vn 0.039781 -0.952424 -0.302168
vn 0.007921 -0.998157 -0.060169
vn 0.116633 -0.952424 -0.281576
vn 0.023224 -0.998157 -0.056068
vn 0.185536 -0.952424 -0.241795
vn 0.036944 -0.998157 -0.048147
vn 0.241795 -0.952424 -0.185536
vn 0.048147 -0.998157 -0.036944
vn 0.281576 -0.952424 -0.116633
vn 0.056068 -0.998157 -0.023224
vn 0.302168 -0.952424 -0.039781
vn 0.060169 -0.998157 -0.007921
vn 0.991445 0 0.130526
vn 0.92388 0 0.382683
vn 0.793353 0 0.608761
vn 0.608761 0 0.793353
vn 0.382683 0 0.92388
vn 0.130526 0 0.991445
vn -0.130526 0 0.991445
vn -0.382683 0 0.92388
vn -0.608761 0 0.793353
vn -0.793353 0 0.608761
vn -0.92388 0 0.382683
vn -0.991445 0 0.130526
vn -0.991445 0 -0.130526
vn -0.92388 0 -0.382683
vn -0.793353 0 -0.608761
vn -0.608761 0 -0.793353
vn -0.382683 0 -0.92388
vn -0.130526 0 -0.991445
vn 0.130526 0 -0.991445
vn 0.382683 0 -0.92388
vn 0.608761 0 -0.793353
vn 0.793353 0 -0.608761
vn 0.92388 0 -0.382683
vn 0.991445 0 -0.130526
vn 0 -1 0
vn 0 1 0
f 3833/11383/1673 3834/11384/1674 3810/11385/1675 3809/11386/1676
f 3834/11387/1674 3835/11388/1677 3811/11389/1678 3810/11390/1675
f 3835/11391/1677 3836/11392/1679 3812/11393/1680 3811/11394/1678
f 3836/11395/1679 3837/11396/1681 3813/11397/1682 3812/11398/1680
f 3837/11399/1681 3838/11400/1683 3814/11401/1684 3813/11402/1682
f 3838/11403/1683 3839/11404/1685 3815/11405/1686 3814/11406/1684
f 3839/11407/1685 3840/11408/1687 3816/11409/1688 3815/11410/1686
f 3840/11411/1687 3841/11412/1689 3817/11413/1690 3816/11414/1688
f 3841/11415/1689 3842/11416/1691 3818/11417/1692 3817/11418/1690
f 3842/11419/1691 3843/11420/1693 3819/11421/1694 3818/11422/1692
f 3843/11423/1693 3844/11424/1695 3820/11425/1696 3819/11426/1694
f 3844/11427/1695 3845/11428/1697 3821/11429/1698 3820/11430/1696
f 3845/11431/1697 3846/11432/1699 3822/11433/1700 3821/11434/1698
f 3846/11435/1699 3847/11436/1701 3823/11437/1702 3822/11438/1700
f 3847/11439/1701 3848/11440/1703 3824/11441/1704 3823/11442/1702
f 3848/11443/1703 3849/11444/1705 3825/11445/1706 3824/11446/1704
f 3849/11447/1705 3850/11448/1707 3826/11449/1708 3825/11450/1706
f 3850/11451/1707 3851/11452/1709 3827/11453/1710 3826/11454/1708
f 3851/11455/1709 3852/11456/1711 3828/11457/1712 3827/11458/1710
f 3852/11459/1711 3853/11460/1713 3829/11461/1714 3828/11462/1712
f 3853/11463/1713 3854/11464/1715 3830/11465/1716 3829/11466/1714
f 3854/11467/1715 3855/11468/1717 3831/11469/1718 3830/11470/1716
f 3855/11471/1717 3856/11472/1719 3832/11473/1720 3831/11474/1718
f 3856/11475/1719 3833/11476/1673 3809/11477/1676 3832/11478/1720
f 3857/11479/1721 3858/11480/1722 3834/11481/1722 3833/11482/1721
f 3858/11483/1722 3859/11484/1723 3835/11485/1723 3834/11486/1722
f 3859/11487/1723 3860/11488/1724 3836/11489/1724 3835/11490/1723
f 3860/11491/1724 3861/11492/1725 3837/11493/1725 3836/11494/1724
f 3861/11495/1725 3862/11496/1726 3838/11497/1726 3837/11498/1725
f 3862/11499/1726 3863/11500/1727 3839/11501/1727 3838/11502/1726
f 3863/11503/1727 3864/11504/1728 3840/11505/1728 3839/11506/1727
f 3864/11507/1728 3865/11508/1729 3841/11509/1729 3840/11510/1728
f 3865/11511/1729 3866/11512/1730 3842/11513/1730 3841/11514/1729
f 3866/11515/1730 3867/11516/1731 3843/11517/1731 3842/11518/1730
f 3867/11519/1731 3868/11520/1732 3844/11521/1732 3843/11522/1731
f 3868/11523/1732 3869/11524/1733 3845/11525/1733 3844/11526/1732
f 3869/11527/1733 3870/11528/1734 3846/11529/1734 3845/11530/1733
f 3870/11531/1734 3871/11532/1735 3847/11533/1735 3846/11534/1734
f 3871/11535/1735 3872/11536/1736 3848/11537/1736 3847/11538/1735
f 3872/11539/1736 3873/11540/1737 3849/11541/1737 3848/11542/1736
f 3873/11543/1737 3874/11544/1738 3850/11545/1738 3849/11546/1737
f 3874/11547/1738 3875/11548/1739 3851/11549/1739 3850/11550/1738
f 3875/11551/1739 3876/11552/1740 3852/11553/1740 3851/11554/1739
f 3876/11555/1740 3877/11556/1741 3853/11557/1741 3852/11558/1740
f 3877/11559/1741 3878/11560/1742 3854/11561/1742 3853/11562/1741
f 3878/11563/1742 3879/11564/1743 3855/11565/1743 3854/11566/1742
f 3879/11567/1743 3880/11568/1744 3856/11569/1744 3855/11570/1743
f 3880/11571/1744 3857/11572/1721 3833/11573/1721 3856/11574/1744
f 3881/11575/1745 3809/11576/1676 3810/11577/1675
f 3881/11578/1745 3810/11579/1675 3811/11580/1678
f 3881/11581/1745 3811/11582/1678 3812/11583/1680
f 3881/11584/1745 3812/11585/1680 3813/11586/1682
f 3881/11587/1745 3813/11588/1682 3814/11589/1684
f 3881/11590/1745 3814/11591/1684 3815/11592/1686
f 3881/11593/1745 3815/11594/1686 3816/11595/1688
f 3881/11596/1745 3816/11597/1688 3817/11598/1690
f 3881/11599/1745 3817/11600/1690 3818/11601/1692
f 3881/11602/1745 3818/11603/1692 3819/11604/1694
f 3881/11605/1745 3819/11606/1694 3820/11607/1696
f 3881/11608/1745 3820/11609/1696 3821/11610/1698
f 3881/11611/1745 3821/11612/1698 3822/11613/1700
f 3881/11614/1745 3822/11615/1700 3823/11616/1702
f 3881/11617/1745 3823/11618/1702 3824/11619/1704
f 3881/11620/1745 3824/11621/1704 3825/11622/1706
f 3881/11623/1745 3825/11624/1706 3826/11625/1708
f 3881/11626/1745 3826/11627/1708 3827/11628/1710
f 3881/11629/1745 3827/11630/1710 3828/11631/1712
f 3881/11632/1745 3828/11633/1712 3829/11634/1714
f 3881/11635/1745 3829/11636/1714 3830/11637/1716
f 3881/11638/1745 3830/11639/1716 3831/11640/1718
f 3881/11641/1745 3831/11642/1718 3832/11643/1720
f 3881/11644/1745 3832/11645/1720 3809/11646/1676
f 3858/11647/1746 3857/11648/1746 3882/11649/1746
f 3859/11650/1746 3858/11651/1746 3882/11652/1746
f 3860/11653/1746 3859/11654/1746 3882/11655/1746
f 3861/11656/1746 3860/11657/1746 3882/11658/1746
f 3862/11659/1746 3861/11660/1746 3882/11661/1746
f 3863/11662/1746 3862/11663/1746 3882/11664/1746
f 3864/11665/1746 3863/11666/1746 3882/11667/1746
f 3865/11668/1746 3864/11669/1746 3882/11670/1746
f 3866/11671/1746 3865/11672/1746 3882/11673/1746
f 3867/11674/1746 3866/11675/1746 3882/11676/1746
f 3868/11677/1746 3867/11678/1746 3882/11679/1746
f 3869/11680/1746 3868/11681/1746 3882/11682/1746
f 3870/11683/1746 3869/11684/1746 3882/11685/1746
f 3871/11686/1746 3870/11687/1746 3882/11688/1746
f 3872/11689/1746 3871/11690/1746 3882/11691/1746
f 3873/11692/1746 3872/11693/1746 3882/11694/1746
f 3874/11695/1746 3873/11696/1746 3882/11697/1746
f 3875/11698/1746 3874/11699/1746 3882/11700/1746
f 3876/11701/1746 3875/11702/1746 3882/11703/1746
f 3877/11704/1746 3876/11705/1746 3882/11706/1746
f 3878/11707/1746 3877/11708/1746 3882/11709/1746
f 3879/11710/1746 3878/11711/1746 3882/11712/1746
f 3880/11713/1746 3879/11714/1746 3882/11715/1746
f 3857/11716/1746 3880/11717/1746 3882/11718/1746
o body_bracket
usemtl intake_pump
v 0.64252 0.418763 0.59375
v 0.632808 0.455011 0.59375
v 0.614045 0.487509 0.59375
v 0.587509 0.514045 0.59375
v 0.555011 0.532808 0.59375
v 0.518763 0.54252 0.59375
v 0.481237 0.54252 0.59375
v 0.444989 0.532808 0.59375
v 0.412491 0.514045 0.59375
v 0.385955 0.487509 0.59375
v 0.367192 0.455011 0.59375
v 0.35748 0.418763 0.59375
v 0.35748 0.381237 0.59375
v 0.367192 0.344989 0.59375
v 0.385955 0.312491 0.59375
v 0.412491 0.285955 0.59375
v 0.444989 0.267192 0.59375
v 0.481237 0.25748 0.59375
v 0.518763 0.25748 0.59375
v 0.555011 0.267192 0.59375
v 0.587509 0.285955 0.59375
v 0.614045 0.312491 0.59375
v 0.632808 0.344989 0.59375
v 0.64252 0.381237 0.59375
v 0.64252 0.418763 0.63125
v 0.632808 0.455011 0.63125
v 0.614045 0.487509 0.63125
v 0.587509 0.514045 0.63125
v 0.555011 0.532808 0.63125
v 0.518763 0.54252 0.63125
v 0.481237 0.54252 0.63125
v 0.444989 0.532808 0.63125
v 0.412491 0.514045 0.63125
v 0.385955 0.487509 0.63125
v 0.367192 0.455011 0.63125
v 0.35748 0.418763 0.63125
v 0.35748 0.381237 0.63125
v 0.367192 0.344989 0.63125
v 0.385955 0.312491 0.63125
v 0.412491 0.285955 0.63125
v 0.444989 0.267192 0.63125
v 0.481237 0.25748 0.63125
v 0.518763 0.25748 0.63125
v 0.555011 0.267192 0.63125
v 0.587509 0.285955 0.63125
v 0.614045 0.312491 0.63125
v 0.632808 0.344989 0.63125
v 0.64252 0.381237 0.63125
vt 0.835449 0.31001
vt 0.842339 0.31001
vt 0.842339 0.316895
vt 0.835449 0.316895
vt 0.899902 0.31001
vt 0.906792 0.31001
vt 0.906792 0.316895
vt 0.899902 0.316895
vt 0.856934 0.31001
vt 0.863823 0.31001
vt 0.863823 0.316895
vt 0.856934 0.316895
vt 0.910645 0.31001
vt 0.917534 0.31001
vt 0.917534 0.316895
vt 0.910645 0.316895
vt 0.921387 0.31001
vt 0.928276 0.31001
vt 0.928276 0.316895
vt 0.921387 0.316895
vt 0.846191 0.31001
vt 0.853081 0.31001
vt 0.853081 0.316895
vt 0.846191 0.316895
vt 0.953613 0.31001
vt 0.960503 0.31001
vt 0.960503 0.316895
vt 0.953613 0.316895
vt 0.824707 0.31001
vt 0.831597 0.31001
vt 0.831597 0.316895
vt 0.824707 0.316895
vt 0.932129 0.31001
vt 0.939018 0.31001
vt 0.939018 0.316895
vt 0.932129 0.316895
vt 0.867676 0.31001
vt 0.874565 0.31001
vt 0.874565 0.316895
vt 0.867676 0.316895
vt 0.942871 0.31001
vt 0.949761 0.31001
vt 0.949761 0.316895
vt 0.942871 0.316895
vt 0.79248 0.31001
vt 0.79937 0.31001
vt 0.79937 0.316895
vt 0.79248 0.316895
vt 0.034668 0.299268
vt 0.041558 0.299268
vt 0.041558 0.306152
vt 0.034668 0.306152
vt 0.878418 0.31001
vt 0.885308 0.31001
vt 0.885308 0.316895
vt 0.878418 0.316895
vt 0.023926 0.299268
vt 0.030815 0.299268
vt 0.030815 0.306152
vt 0.023926 0.306152
vt 0.781738 0.31001
vt 0.788628 0.31001
vt 0.788628 0.316895
vt 0.781738 0.316895
vt 0.964355 0.31001
vt 0.971245 0.31001
vt 0.971245 0.316895
vt 0.964355 0.316895
vt 0.975098 0.31001
vt 0.981987 0.31001
vt 0.981987 0.316895
vt 0.975098 0.316895
vt 0.013184 0.299268
vt 0.020073 0.299268
vt 0.020073 0.306152
vt 0.013184 0.306152
vt 0.98584 0.31001
vt 0.992729 0.31001
vt 0.992729 0.316895
vt 0.98584 0.316895
vt 0.803223 0.31001
vt 0.810112 0.31001
vt 0.810112 0.316895
vt 0.803223 0.316895
vt 0.813965 0.31001
vt 0.820854 0.31001
vt 0.820854 0.316895
vt 0.813965 0.316895
vt 0.002441 0.299268
vt 0.009331 0.299268
vt 0.009331 0.306152
vt 0.002441 0.306152
vt 0.88916 0.31001
vt 0.89605 0.31001
vt 0.89605 0.316895
vt 0.88916 0.316895
vn 0.991445 0.130526 0
vn 0.92388 0.382683 0
vn 0.793353 0.608761 0
vn 0.608761 0.793353 0
vn 0.382683 0.92388 0
vn 0.130526 0.991445 0
vn -0.130526 0.991445 0
vn -0.382683 0.92388 0
vn -0.608761 0.793353 0
vn -0.793353 0.608761 0
vn -0.92388 0.382683 0
vn -0.991445 0.130526 0
vn -0.991445 -0.130526 0
vn -0.92388 -0.382683 0
vn -0.793353 -0.608761 0
vn -0.608761 -0.793353 0
vn -0.382683 -0.92388 0
vn -0.130526 -0.991445 0
vn 0.130526 -0.991445 0
vn 0.382683 -0.92388 0
vn 0.608761 -0.793353 0
vn 0.793353 -0.608761 0
vn 0.92388 -0.382683 0
vn 0.991445 -0.130526 0
f 3883/11719/1747 3884/11720/1748 3908/11721/1748 3907/11722/1747
f 3884/11723/1748 3885/11724/1749 3909/11725/1749 3908/11726/1748
f 3885/11727/1749 3886/11728/1750 3910/11729/1750 3909/11730/1749
f 3886/11731/1750 3887/11732/1751 3911/11733/1751 3910/11734/1750
f 3887/11735/1751 3888/11736/1752 3912/11737/1752 3911/11738/1751
f 3888/11739/1752 3889/11740/1753 3913/11741/1753 3912/11742/1752
f 3889/11743/1753 3890/11744/1754 3914/11745/1754 3913/11746/1753
f 3890/11747/1754 3891/11748/1755 3915/11749/1755 3914/11750/1754
f 3891/11751/1755 3892/11752/1756 3916/11753/1756 3915/11754/1755
f 3892/11755/1756 3893/11756/1757 3917/11757/1757 3916/11758/1756
f 3893/11759/1757 3894/11760/1758 3918/11761/1758 3917/11762/1757
f 3894/11763/1758 3895/11764/1759 3919/11765/1759 3918/11766/1758
f 3895/11767/1759 3896/11768/1760 3920/11769/1760 3919/11770/1759
f 3896/11771/1760 3897/11772/1761 3921/11773/1761 3920/11774/1760
f 3897/11775/1761 3898/11776/1762 3922/11777/1762 3921/11778/1761
f 3898/11779/1762 3899/11780/1763 3923/11781/1763 3922/11782/1762
f 3899/11783/1763 3900/11784/1764 3924/11785/1764 3923/11786/1763
f 3900/11787/1764 3901/11788/1765 3925/11789/1765 3924/11790/1764
f 3901/11791/1765 3902/11792/1766 3926/11793/1766 3925/11794/1765
f 3902/11795/1766 3903/11796/1767 3927/11797/1767 3926/11798/1766
f 3903/11799/1767 3904/11800/1768 3928/11801/1768 3927/11802/1767
f 3904/11803/1768 3905/11804/1769 3929/11805/1769 3928/11806/1768
f 3905/11807/1769 3906/11808/1770 3930/11809/1770 3929/11810/1769
f 3906/11811/1770 3883/11812/1747 3907/11813/1747 3930/11814/1770
o body_motor_flange
usemtl intake_pump
v 0.733246 0.422973 0.63125
v 0.724283 0.468035 0.63125
v 0.7067 0.510484 0.63125
v 0.681174 0.548686 0.63125
v 0.648686 0.581174 0.63125
v 0.610484 0.6067 0.63125
v 0.568035 0.624283 0.63125
v 0.522973 0.633246 0.63125
v 0.477027 0.633246 0.63125
v 0.431965 0.624283 0.63125
v 0.389516 0.6067 0.63125
v 0.351314 0.581174 0.63125
v 0.318826 0.548686 0.63125
v 0.2933 0.510484 0.63125
v 0.275717 0.468035 0.63125
v 0.266754 0.422973 0.63125
v 0.266754 0.377027 0.63125
v 0.275717 0.331965 0.63125
v 0.2933 0.289516 0.63125
v 0.318826 0.251314 0.63125
v 0.351314 0.218826 0.63125
v 0.389516 0.1933 0.63125
v 0.431965 0.175717 0.63125
v 0.477027 0.166754 0.63125
v 0.522973 0.166754 0.63125
v 0.568035 0.175717 0.63125
v 0.610484 0.1933 0.63125
v 0.648686 0.218826 0.63125
v 0.681174 0.251314 0.63125
v 0.7067 0.289516 0.63125
v 0.724283 0.331965 0.63125
v 0.733246 0.377027 0.63125
v 0.742576 0.423892 0.63875
v 0.733254 0.470757 0.63875
v 0.714968 0.514903 0.63875
v 0.688421 0.554633 0.63875
v 0.654633 0.588421 0.63875
v 0.614903 0.614968 0.63875
v 0.570757 0.633254 0.63875
v 0.523892 0.642576 0.63875
v 0.476108 0.642576 0.63875
v 0.429243 0.633254 0.63875
v 0.385097 0.614968 0.63875
v 0.345367 0.588421 0.63875
v 0.311579 0.554633 0.63875
v 0.285032 0.514903 0.63875
v 0.266746 0.470757 0.63875
v 0.257424 0.423892 0.63875
v 0.257424 0.376108 0.63875
v 0.266746 0.329243 0.63875
v 0.285032 0.285097 0.63875
v 0.311579 0.245367 0.63875
v 0.345367 0.211579 0.63875
v 0.385097 0.185032 0.63875
v 0.429243 0.166746 0.63875
v 0.476108 0.157424 0.63875
v 0.523892 0.157424 0.63875
v 0.570757 0.166746 0.63875
v 0.614903 0.185032 0.63875
v 0.654633 0.211579 0.63875
v 0.688421 0.245367 0.63875
v 0.714968 0.285097 0.63875
v 0.733254 0.329243 0.63875
v 0.742576 0.376108 0.63875
v 0.742576 0.423892 0.655
v 0.733254 0.470757 0.655
v 0.714968 0.514903 0.655
v 0.688421 0.554633 0.655
v 0.654633 0.588421 0.655
v 0.614903 0.614968 0.655
v 0.570757 0.633254 0.655
v 0.523892 0.642576 0.655
v 0.476108 0.642576 0.655
v 0.429243 0.633254 0.655
v 0.385097 0.614968 0.655
v 0.345367 0.588421 0.655
v 0.311579 0.554633 0.655
v 0.285032 0.514903 0.655
v 0.266746 0.470757 0.655
v 0.257424 0.423892 0.655
v 0.257424 0.376108 0.655
v 0.266746 0.329243 0.655
v 0.285032 0.285097 0.655
v 0.311579 0.245367 0.655
v 0.345367 0.211579 0.655
v 0.385097 0.185032 0.655
v 0.429243 0.166746 0.655
v 0.476108 0.157424 0.655
v 0.523892 0.157424 0.655
v 0.570757 0.166746 0.655
v 0.614903 0.185032 0.655
v 0.654633 0.211579 0.655
v 0.688421 0.245367 0.655
v 0.714968 0.285097 0.655
v 0.733254 0.329243 0.655
v 0.742576 0.376108 0.655
v 0.733246 0.422973 0.6625
v 0.724283 0.468035 0.6625
v 0.7067 0.510484 0.6625
v 0.681174 0.548686 0.6625
v 0.648686 0.581174 0.6625
v 0.610484 0.6067 0.6625
v 0.568035 0.624283 0.6625
v 0.522973 0.633246 0.6625
v 0.477027 0.633246 0.6625
v 0.431965 0.624283 0.6625
v 0.389516 0.6067 0.6625
v 0.351314 0.581174 0.6625
v 0.318826 0.548686 0.6625
v 0.2933 0.510484 0.6625
v 0.275717 0.468035 0.6625
v 0.266754 0.422973 0.6625
v 0.266754 0.377027 0.6625
v 0.275717 0.331965 0.6625
v 0.2933 0.289516 0.6625
v 0.318826 0.251314 0.6625
v 0.351314 0.218826 0.6625
v 0.389516 0.1933 0.6625
v 0.431965 0.175717 0.6625
v 0.477027 0.166754 0.6625
v 0.522973 0.166754 0.6625
v 0.568035 0.175717 0.6625
v 0.610484 0.1933 0.6625
v 0.648686 0.218826 0.6625
v 0.681174 0.251314 0.6625
v 0.7067 0.289516 0.6625
v 0.724283 0.331965 0.6625
v 0.733246 0.377027 0.6625
v 0.5 0.4 0.63125
v 0.5 0.4 0.6625
vt 0.535921 0.283447
vt 0.544356 0.283447
vt 0.544525 0.285645
vt 0.535752 0.285645
vt 0.544356 0.283447
vt 0.552629 0.282145
vt 0.553129 0.284291
vt 0.544525 0.285645
vt 0.552629 0.282145
vt 0.560423 0.279592
vt 0.561234 0.281635
vt 0.553129 0.284291
vt 0.29591 0.122978
vt 0.304183 0.124267
vt 0.304014 0.126465
vt 0.29541 0.125124
vt 0.304183 0.124267
vt 0.312618 0.124267
vt 0.312787 0.126465
vt 0.304014 0.126465
vt 0.312618 0.124267
vt 0.320892 0.122978
vt 0.321391 0.125124
vt 0.312787 0.126465
vt 0.325207 0.122978
vt 0.33348 0.124267
vt 0.333311 0.126465
vt 0.324707 0.125124
vt 0.33348 0.124267
vt 0.341915 0.124267
vt 0.342084 0.126465
vt 0.333311 0.126465
vt 0.341915 0.124267
vt 0.350188 0.122978
vt 0.350688 0.125124
vt 0.342084 0.126465
vt 0.120129 0.122978
vt 0.128402 0.124267
vt 0.128233 0.126465
vt 0.119629 0.125124
vt 0.128402 0.124267
vt 0.136837 0.124267
vt 0.137006 0.126465
vt 0.128233 0.126465
vt 0.136837 0.124267
vt 0.14511 0.122978
vt 0.14561 0.125124
vt 0.137006 0.126465
vt 0.3838 0.122978
vt 0.392074 0.124267
vt 0.391905 0.126465
vt 0.383301 0.125124
vt 0.392074 0.124267
vt 0.400509 0.124267
vt 0.400678 0.126465
vt 0.391905 0.126465
vt 0.400509 0.124267
vt 0.408782 0.122978
vt 0.409282 0.125124
vt 0.400678 0.126465
vt 0.002941 0.122978
vt 0.011214 0.124267
vt 0.011046 0.126465
vt 0.002441 0.125124
vt 0.011214 0.124267
vt 0.01965 0.124267
vt 0.019818 0.126465
vt 0.011046 0.126465
vt 0.01965 0.124267
vt 0.027923 0.122978
vt 0.028422 0.125124
vt 0.019818 0.126465
vt 0.032238 0.122978
vt 0.040511 0.124267
vt 0.040342 0.126465
vt 0.031738 0.125124
vt 0.040511 0.124267
vt 0.048946 0.124267
vt 0.049115 0.126465
vt 0.040342 0.126465
vt 0.048946 0.124267
vt 0.05722 0.122978
vt 0.057719 0.125124
vt 0.049115 0.126465
vt 0.354504 0.122978
vt 0.362777 0.124267
vt 0.362608 0.126465
vt 0.354004 0.125124
vt 0.362777 0.124267
vt 0.371212 0.124267
vt 0.371381 0.126465
vt 0.362608 0.126465
vt 0.371212 0.124267
vt 0.379485 0.122978
vt 0.379985 0.125124
vt 0.371381 0.126465
vt 0.918957 0.129814
vt 0.92723 0.131103
vt 0.927061 0.133301
vt 0.918457 0.13196
vt 0.92723 0.131103
vt 0.935665 0.131103
vt 0.935834 0.133301
vt 0.927061 0.133301
vt 0.935665 0.131103
vt 0.943938 0.129814
vt 0.944438 0.13196
vt 0.935834 0.133301
vt 0.442394 0.122978
vt 0.450667 0.124267
vt 0.450499 0.126465
vt 0.441895 0.125124
vt 0.450667 0.124267
vt 0.459103 0.124267
vt 0.459271 0.126465
vt 0.450499 0.126465
vt 0.459103 0.124267
vt 0.467376 0.122978
vt 0.467876 0.125124
vt 0.459271 0.126465
vt 0.519854 0.279592
vt 0.527648 0.282145
vt 0.527148 0.284291
vt 0.519043 0.281635
vt 0.527648 0.282145
vt 0.535921 0.283447
vt 0.535752 0.285645
vt 0.527148 0.284291
vt 0.302061 0.10981
vt 0.310834 0.10981
vt 0.310834 0.112793
vt 0.302061 0.112793
vt 0.310834 0.10981
vt 0.319438 0.10981
vt 0.319438 0.112793
vt 0.310834 0.112793
vt 0.596191 0.10981
vt 0.604922 0.10981
vt 0.604922 0.112793
vt 0.596191 0.112793
vt 0.604922 0.10981
vt 0.613652 0.10981
vt 0.613652 0.112793
vt 0.604922 0.112793
vt 0.452637 0.10981
vt 0.461367 0.10981
vt 0.461367 0.112793
vt 0.452637 0.112793
vt 0.461367 0.10981
vt 0.470098 0.10981
vt 0.470098 0.112793
vt 0.461367 0.112793
vt 0.51416 0.10981
vt 0.522891 0.10981
vt 0.522891 0.112793
vt 0.51416 0.112793
vt 0.522891 0.10981
vt 0.531621 0.10981
vt 0.531621 0.112793
vt 0.522891 0.112793
vt 0.473145 0.10981
vt 0.481875 0.10981
vt 0.481875 0.112793
vt 0.473145 0.112793
vt 0.481875 0.10981
vt 0.490605 0.10981
vt 0.490605 0.112793
vt 0.481875 0.112793
vt 0.555176 0.10981
vt 0.563906 0.10981
vt 0.563906 0.112793
vt 0.555176 0.112793
vt 0.563906 0.10981
vt 0.572637 0.10981
vt 0.572637 0.112793
vt 0.563906 0.112793
vt 0.575684 0.10981
vt 0.584414 0.10981
vt 0.584414 0.112793
vt 0.575684 0.112793
vt 0.584414 0.10981
vt 0.593145 0.10981
vt 0.593145 0.112793
vt 0.584414 0.112793
vt 0.493652 0.10981
vt 0.502383 0.10981
vt 0.502383 0.112793
vt 0.493652 0.112793
vt 0.502383 0.10981
vt 0.511113 0.10981
vt 0.511113 0.112793
vt 0.502383 0.112793
vt 0.534668 0.10981
vt 0.543398 0.10981
vt 0.543398 0.112793
vt 0.534668 0.112793
vt 0.543398 0.10981
vt 0.552129 0.10981
vt 0.552129 0.112793
vt 0.543398 0.112793
vt 0.616699 0.10981
vt 0.62543 0.10981
vt 0.62543 0.112793
vt 0.616699 0.112793
vt 0.62543 0.10981
vt 0.63416 0.10981
vt 0.63416 0.112793
vt 0.62543 0.112793
vt 0.432129 0.10981
vt 0.440859 0.10981
vt 0.440859 0.112793
vt 0.432129 0.112793
vt 0.440859 0.10981
vt 0.44959 0.10981
vt 0.44959 0.112793
vt 0.440859 0.112793
vt 0.637207 0.10981
vt 0.645938 0.10981
vt 0.645938 0.112793
vt 0.637207 0.112793
vt 0.645938 0.10981
vt 0.654668 0.10981
vt 0.654668 0.112793
vt 0.645938 0.112793
vt 0.391113 0.10981
vt 0.399844 0.10981
vt 0.399844 0.112793
vt 0.391113 0.112793
vt 0.399844 0.10981
vt 0.408574 0.10981
vt 0.408574 0.112793
vt 0.399844 0.112793
vt 0.657715 0.10981
vt 0.666445 0.10981
vt 0.666445 0.112793
vt 0.657715 0.112793
vt 0.666445 0.10981
vt 0.675176 0.10981
vt 0.675176 0.112793
vt 0.666445 0.112793
vt 0.411621 0.10981
vt 0.420352 0.10981
vt 0.420352 0.112793
vt 0.411621 0.112793
vt 0.420352 0.10981
vt 0.429082 0.10981
vt 0.429082 0.112793
vt 0.420352 0.112793
vt 0.158691 0.102974
vt 0.167464 0.102974
vt 0.167464 0.105957
vt 0.158691 0.105957
vt 0.293457 0.10981
vt 0.302061 0.10981
vt 0.302061 0.112793
vt 0.293457 0.112793
vt 0.581651 0.279592
vt 0.590423 0.279592
vt 0.590255 0.281789
vt 0.581819 0.281789
vt 0.590423 0.279592
vt 0.599027 0.280946
vt 0.598528 0.283091
vt 0.590255 0.281789
vt 0.599027 0.280946
vt 0.607132 0.283601
vt 0.606321 0.285645
vt 0.598528 0.283091
vt 0.178223 0.124319
vt 0.186827 0.122978
vt 0.186996 0.125176
vt 0.178722 0.126465
vt 0.186827 0.122978
vt 0.1956 0.122978
vt 0.195431 0.125176
vt 0.186996 0.125176
vt 0.1956 0.122978
vt 0.204204 0.124319
vt 0.203704 0.126465
vt 0.195431 0.125176
vt 0.266113 0.124319
vt 0.274717 0.122978
vt 0.274886 0.125176
vt 0.266613 0.126465
vt 0.274717 0.122978
vt 0.28349 0.122978
vt 0.283321 0.125176
vt 0.274886 0.125176
vt 0.28349 0.122978
vt 0.292094 0.124319
vt 0.291595 0.126465
vt 0.283321 0.125176
vt 0.148926 0.124319
vt 0.15753 0.122978
vt 0.157699 0.125176
vt 0.149425 0.126465
vt 0.15753 0.122978
vt 0.166303 0.122978
vt 0.166134 0.125176
vt 0.157699 0.125176
vt 0.166303 0.122978
vt 0.174907 0.124319
vt 0.174407 0.126465
vt 0.166134 0.125176
vt 0.412598 0.124319
vt 0.421202 0.122978
vt 0.421371 0.125176
vt 0.413097 0.126465
vt 0.421202 0.122978
vt 0.429975 0.122978
vt 0.429806 0.125176
vt 0.421371 0.125176
vt 0.429975 0.122978
vt 0.438579 0.124319
vt 0.438079 0.126465
vt 0.429806 0.125176
vt 0.20752 0.124319
vt 0.216124 0.122978
vt 0.216292 0.125176
vt 0.208019 0.126465
vt 0.216124 0.122978
vt 0.224896 0.122978
vt 0.224728 0.125176
vt 0.216292 0.125176
vt 0.224896 0.122978
vt 0.233501 0.124319
vt 0.233001 0.126465
vt 0.224728 0.125176
vt 0.061035 0.124319
vt 0.069639 0.122978
vt 0.069808 0.125176
vt 0.061535 0.126465
vt 0.069639 0.122978
vt 0.078412 0.122978
vt 0.078243 0.125176
vt 0.069808 0.125176
vt 0.078412 0.122978
vt 0.087016 0.124319
vt 0.086517 0.126465
vt 0.078243 0.125176
vt 0.236816 0.124319
vt 0.245421 0.122978
vt 0.245589 0.125176
vt 0.237316 0.126465
vt 0.245421 0.122978
vt 0.254193 0.122978
vt 0.254025 0.125176
vt 0.245589 0.125176
vt 0.254193 0.122978
vt 0.262797 0.124319
vt 0.262298 0.126465
vt 0.254025 0.125176
vt 0.947754 0.131155
vt 0.956358 0.129814
vt 0.956527 0.132012
vt 0.948254 0.133301
vt 0.956358 0.129814
vt 0.965131 0.129814
vt 0.964962 0.132012
vt 0.956527 0.132012
vt 0.965131 0.129814
vt 0.973735 0.131155
vt 0.973235 0.133301
vt 0.964962 0.132012
vt 0.090332 0.124319
vt 0.098936 0.122978
vt 0.099105 0.125176
vt 0.090832 0.126465
vt 0.098936 0.122978
vt 0.107709 0.122978
vt 0.10754 0.125176
vt 0.099105 0.125176
vt 0.107709 0.122978
vt 0.116313 0.124319
vt 0.115813 0.126465
vt 0.10754 0.125176
vt 0.564941 0.283601
vt 0.573046 0.280946
vt 0.573546 0.283091
vt 0.565753 0.285645
vt 0.573046 0.280946
vt 0.581651 0.279592
vt 0.581819 0.281789
vt 0.573546 0.283091
vt 0.157364 0.867983
vt 0.149091 0.869629
vt 0.144873 0.826806
vt 0.165157 0.864755
vt 0.157364 0.867983
vt 0.144873 0.826806
vt 0.172171 0.860069
vt 0.165157 0.864755
vt 0.144873 0.826806
vt 0.178136 0.854104
vt 0.172171 0.860069
vt 0.144873 0.826806
vt 0.182822 0.84709
vt 0.178136 0.854104
vt 0.144873 0.826806
vt 0.18605 0.839297
vt 0.182822 0.84709
vt 0.144873 0.826806
vt 0.187696 0.831024
vt 0.18605 0.839297
vt 0.144873 0.826806
vt 0.187696 0.822589
vt 0.187696 0.831024
vt 0.144873 0.826806
vt 0.18605 0.814315
vt 0.187696 0.822589
vt 0.144873 0.826806
vt 0.182822 0.806522
vt 0.18605 0.814315
vt 0.144873 0.826806
vt 0.178136 0.799509
vt 0.182822 0.806522
vt 0.144873 0.826806
vt 0.172171 0.793544
vt 0.178136 0.799509
vt 0.144873 0.826806
vt 0.165157 0.788857
vt 0.172171 0.793544
vt 0.144873 0.826806
vt 0.157364 0.785629
vt 0.165157 0.788857
vt 0.144873 0.826806
vt 0.149091 0.783984
vt 0.157364 0.785629
vt 0.144873 0.826806
vt 0.140656 0.783984
vt 0.149091 0.783984
vt 0.144873 0.826806
vt 0.132382 0.785629
vt 0.140656 0.783984
vt 0.144873 0.826806
vt 0.124589 0.788857
vt 0.132382 0.785629
vt 0.144873 0.826806
vt 0.117576 0.793544
vt 0.124589 0.788857
vt 0.144873 0.826806
vt 0.111611 0.799509
vt 0.117576 0.793544
vt 0.144873 0.826806
vt 0.106924 0.806522
vt 0.111611 0.799509
vt 0.144873 0.826806
vt 0.103696 0.814315
vt 0.106924 0.806522
vt 0.144873 0.826806
vt 0.102051 0.822589
vt 0.103696 0.814315
vt 0.144873 0.826806
vt 0.102051 0.831024
vt 0.102051 0.822589
vt 0.144873 0.826806
vt 0.103696 0.839297
vt 0.102051 0.831024
vt 0.144873 0.826806
vt 0.106924 0.84709
vt 0.103696 0.839297
vt 0.144873 0.826806
vt 0.111611 0.854104
vt 0.106924 0.84709
vt 0.144873 0.826806
vt 0.117576 0.860069
vt 0.111611 0.854104
vt 0.144873 0.826806
vt 0.124589 0.864755
vt 0.117576 0.860069
vt 0.144873 0.826806
vt 0.132382 0.867983
vt 0.124589 0.864755
vt 0.144873 0.826806
vt 0.140656 0.869629
vt 0.132382 0.867983
vt 0.144873 0.826806
vt 0.149091 0.869629
vt 0.140656 0.869629
vt 0.144873 0.826806
vt 0.233741 0.826806
vt 0.237958 0.783984
vt 0.246231 0.785629
vt 0.233741 0.826806
vt 0.246231 0.785629
vt 0.254025 0.788857
vt 0.233741 0.826806
vt 0.254025 0.788857
vt 0.261038 0.793544
vt 0.233741 0.826806
vt 0.261038 0.793544
vt 0.267003 0.799509
vt 0.233741 0.826806
vt 0.267003 0.799509
vt 0.271689 0.806522
vt 0.233741 0.826806
vt 0.271689 0.806522
vt 0.274917 0.814315
vt 0.233741 0.826806
vt 0.274917 0.814315
vt 0.276563 0.822589
vt 0.233741 0.826806
vt 0.276563 0.822589
vt 0.276563 0.831024
vt 0.233741 0.826806
vt 0.276563 0.831024
vt 0.274917 0.839297
vt 0.233741 0.826806
vt 0.274917 0.839297
vt 0.271689 0.84709
vt 0.233741 0.826806
vt 0.271689 0.84709
vt 0.267003 0.854104
vt 0.233741 0.826806
vt 0.267003 0.854104
vt 0.261038 0.860069
vt 0.233741 0.826806
vt 0.261038 0.860069
vt 0.254025 0.864755
vt 0.233741 0.826806
vt 0.254025 0.864755
vt 0.246231 0.867983
vt 0.233741 0.826806
vt 0.246231 0.867983
vt 0.237958 0.869629
vt 0.233741 0.826806
vt 0.237958 0.869629
vt 0.229523 0.869629
vt 0.233741 0.826806
vt 0.229523 0.869629
vt 0.22125 0.867983
vt 0.233741 0.826806
vt 0.22125 0.867983
vt 0.213456 0.864755
vt 0.233741 0.826806
vt 0.213456 0.864755
vt 0.206443 0.860069
vt 0.233741 0.826806
vt 0.206443 0.860069
vt 0.200478 0.854104
vt 0.233741 0.826806
vt 0.200478 0.854104
vt 0.195792 0.84709
vt 0.233741 0.826806
vt 0.195792 0.84709
vt 0.192564 0.839297
vt 0.233741 0.826806
vt 0.192564 0.839297
vt 0.190918 0.831024
vt 0.233741 0.826806
vt 0.190918 0.831024
vt 0.190918 0.822589
vt 0.233741 0.826806
vt 0.190918 0.822589
vt 0.192564 0.814315
vt 0.233741 0.826806
vt 0.192564 0.814315
vt 0.195792 0.806522
vt 0.233741 0.826806
vt 0.195792 0.806522
vt 0.200478 0.799509
vt 0.233741 0.826806
vt 0.200478 0.799509
vt 0.206443 0.793544
vt 0.233741 0.826806
vt 0.206443 0.793544
vt 0.213456 0.788857
vt 0.233741 0.826806
vt 0.213456 0.788857
vt 0.22125 0.785629
vt 0.233741 0.826806
vt 0.22125 0.785629
vt 0.229523 0.783984
vt 0.233741 0.826806
vt 0.229523 0.783984
vt 0.237958 0.783984
vn 0.621687 0.061231 -0.780869
vn 0.597796 0.181339 -0.780869
vn 0.550932 0.294479 -0.780869
vn 0.482896 0.396302 -0.780869
vn 0.396302 0.482896 -0.780869
vn 0.294479 0.550932 -0.780869
vn 0.181339 0.597796 -0.780869
vn 0.061231 0.621687 -0.780869
vn -0.061231 0.621687 -0.780869
vn -0.181339 0.597796 -0.780869
vn -0.294479 0.550932 -0.780869
vn -0.396302 0.482896 -0.780869
vn -0.482896 0.396302 -0.780869
vn -0.550932 0.294479 -0.780869
vn -0.597796 0.181339 -0.780869
vn -0.621687 0.061231 -0.780869
vn -0.621687 -0.061231 -0.780869
vn -0.597796 -0.181339 -0.780869
vn -0.550932 -0.294479 -0.780869
vn -0.482896 -0.396302 -0.780869
vn -0.396302 -0.482896 -0.780869
vn -0.294479 -0.550932 -0.780869
vn -0.181339 -0.597796 -0.780869
vn -0.061231 -0.621687 -0.780869
vn 0.061231 -0.621687 -0.780869
vn 0.181339 -0.597796 -0.780869
vn 0.294479 -0.550932 -0.780869
vn 0.396302 -0.482896 -0.780869
vn 0.482896 -0.396302 -0.780869
vn 0.550932 -0.294479 -0.780869
vn 0.597796 -0.181339 -0.780869
vn 0.621687 -0.061231 -0.780869
vn 0.995185 0.098017 0
vn 0.95694 0.290285 0
vn 0.881921 0.471397 0
vn 0.77301 0.634393 0
vn 0.634393 0.77301 0
vn 0.471397 0.881921 0
vn 0.290285 0.95694 0
vn 0.098017 0.995185 0
vn -0.098017 0.995185 0
vn -0.290285 0.95694 0
vn -0.471397 0.881921 0
vn -0.634393 0.77301 0
vn -0.77301 0.634393 0
vn -0.881921 0.471397 0
vn -0.95694 0.290285 0
vn -0.995185 0.098017 0
vn -0.995185 -0.098017 0
vn -0.95694 -0.290285 0
vn -0.881921 -0.471397 0
vn -0.77301 -0.634393 0
vn -0.634393 -0.77301 0
vn -0.471397 -0.881921 0
vn -0.290285 -0.95694 0
vn -0.098017 -0.995185 0
vn 0.098017 -0.995185 0
vn 0.290285 -0.95694 0
vn 0.471397 -0.881921 0
vn 0.634393 -0.77301 0
vn 0.77301 -0.634393 0
vn 0.881921 -0.471397 0
vn 0.95694 -0.290285 0
vn 0.995185 -0.098017 0
vn 0.621687 0.061231 0.780869
vn 0.597796 0.181339 0.780869
vn 0.550932 0.294479 0.780869
vn 0.482896 0.396302 0.780869
vn 0.396302 0.482896 0.780869
vn 0.294479 0.550932 0.780869
vn 0.181339 0.597796 0.780869
vn 0.061231 0.621687 0.780869
vn -0.061231 0.621687 0.780869
vn -0.181339 0.597796 0.780869
vn -0.294479 0.550932 0.780869
vn -0.396302 0.482896 0.780869
vn -0.482896 0.396302 0.780869
vn -0.550932 0.294479 0.780869
vn -0.597796 0.181339 0.780869
vn -0.621687 0.061231 0.780869
vn -0.621687 -0.061231 0.780869
vn -0.597796 -0.181339 0.780869
vn -0.550932 -0.294479 0.780869
vn -0.482896 -0.396302 0.780869
vn -0.396302 -0.482896 0.780869
vn -0.294479 -0.550932 0.780869
vn -0.181339 -0.597796 0.780869
vn -0.061231 -0.621687 0.780869
vn 0.061231 -0.621687 0.780869
vn 0.181339 -0.597796 0.780869
vn 0.294479 -0.550932 0.780869
vn 0.396302 -0.482896 0.780869
vn 0.482896 -0.396302 0.780869
vn 0.550932 -0.294479 0.780869
vn 0.597796 -0.181339 0.780869
vn 0.621687 -0.061231 0.780869
vn 0 0 -1
vn 0 0 1
f 3931/11815/1771 3932/11816/1772 3964/11817/1772 3963/11818/1771
f 3932/11819/1772 3933/11820/1773 3965/11821/1773 3964/11822/1772
f 3933/11823/1773 3934/11824/1774 3966/11825/1774 3965/11826/1773
f 3934/11827/1774 3935/11828/1775 3967/11829/1775 3966/11830/1774
f 3935/11831/1775 3936/11832/1776 3968/11833/1776 3967/11834/1775
f 3936/11835/1776 3937/11836/1777 3969/11837/1777 3968/11838/1776
f 3937/11839/1777 3938/11840/1778 3970/11841/1778 3969/11842/1777
f 3938/11843/1778 3939/11844/1779 3971/11845/1779 3970/11846/1778
f 3939/11847/1779 3940/11848/1780 3972/11849/1780 3971/11850/1779
f 3940/11851/1780 3941/11852/1781 3973/11853/1781 3972/11854/1780
f 3941/11855/1781 3942/11856/1782 3974/11857/1782 3973/11858/1781
f 3942/11859/1782 3943/11860/1783 3975/11861/1783 3974/11862/1782
f 3943/11863/1783 3944/11864/1784 3976/11865/1784 3975/11866/1783
f 3944/11867/1784 3945/11868/1785 3977/11869/1785 3976/11870/1784
f 3945/11871/1785 3946/11872/1786 3978/11873/1786 3977/11874/1785
f 3946/11875/1786 3947/11876/1787 3979/11877/1787 3978/11878/1786
f 3947/11879/1787 3948/11880/1788 3980/11881/1788 3979/11882/1787
f 3948/11883/1788 3949/11884/1789 3981/11885/1789 3980/11886/1788
f 3949/11887/1789 3950/11888/1790 3982/11889/1790 3981/11890/1789
f 3950/11891/1790 3951/11892/1791 3983/11893/1791 3982/11894/1790
f 3951/11895/1791 3952/11896/1792 3984/11897/1792 3983/11898/1791
f 3952/11899/1792 3953/11900/1793 3985/11901/1793 3984/11902/1792
f 3953/11903/1793 3954/11904/1794 3986/11905/1794 3985/11906/1793
f 3954/11907/1794 3955/11908/1795 3987/11909/1795 3986/11910/1794
f 3955/11911/1795 3956/11912/1796 3988/11913/1796 3987/11914/1795
f 3956/11915/1796 3957/11916/1797 3989/11917/1797 3988/11918/1796
f 3957/11919/1797 3958/11920/1798 3990/11921/1798 3989/11922/1797
f 3958/11923/1798 3959/11924/1799 3991/11925/1799 3990/11926/1798
f 3959/11927/1799 3960/11928/1800 3992/11929/1800 3991/11930/1799
f 3960/11931/1800 3961/11932/1801 3993/11933/1801 3992/11934/1800
f 3961/11935/1801 3962/11936/1802 3994/11937/1802 3993/11938/1801
f 3962/11939/1802 3931/11940/1771 3963/11941/1771 3994/11942/1802
f 3963/11943/1803 3964/11944/1804 3996/11945/1804 3995/11946/1803
f 3964/11947/1804 3965/11948/1805 3997/11949/1805 3996/11950/1804
f 3965/11951/1805 3966/11952/1806 3998/11953/1806 3997/11954/1805
f 3966/11955/1806 3967/11956/1807 3999/11957/1807 3998/11958/1806
f 3967/11959/1807 3968/11960/1808 4000/11961/1808 3999/11962/1807
f 3968/11963/1808 3969/11964/1809 4001/11965/1809 4000/11966/1808
f 3969/11967/1809 3970/11968/1810 4002/11969/1810 4001/11970/1809
f 3970/11971/1810 3971/11972/1811 4003/11973/1811 4002/11974/1810
f 3971/11975/1811 3972/11976/1812 4004/11977/1812 4003/11978/1811
f 3972/11979/1812 3973/11980/1813 4005/11981/1813 4004/11982/1812
f 3973/11983/1813 3974/11984/1814 4006/11985/1814 4005/11986/1813
f 3974/11987/1814 3975/11988/1815 4007/11989/1815 4006/11990/1814
f 3975/11991/1815 3976/11992/1816 4008/11993/1816 4007/11994/1815
f 3976/11995/1816 3977/11996/1817 4009/11997/1817 4008/11998/1816
f 3977/11999/1817 3978/12000/1818 4010/12001/1818 4009/12002/1817
f 3978/12003/1818 3979/12004/1819 4011/12005/1819 4010/12006/1818
f 3979/12007/1819 3980/12008/1820 4012/12009/1820 4011/12010/1819
f 3980/12011/1820 3981/12012/1821 4013/12013/1821 4012/12014/1820
f 3981/12015/1821 3982/12016/1822 4014/12017/1822 4013/12018/1821
f 3982/12019/1822 3983/12020/1823 4015/12021/1823 4014/12022/1822
f 3983/12023/1823 3984/12024/1824 4016/12025/1824 4015/12026/1823
f 3984/12027/1824 3985/12028/1825 4017/12029/1825 4016/12030/1824
f 3985/12031/1825 3986/12032/1826 4018/12033/1826 4017/12034/1825
f 3986/12035/1826 3987/12036/1827 4019/12037/1827 4018/12038/1826
f 3987/12039/1827 3988/12040/1828 4020/12041/1828 4019/12042/1827
f 3988/12043/1828 3989/12044/1829 4021/12045/1829 4020/12046/1828
f 3989/12047/1829 3990/12048/1830 4022/12049/1830 4021/12050/1829
f 3990/12051/1830 3991/12052/1831 4023/12053/1831 4022/12054/1830
f 3991/12055/1831 3992/12056/1832 4024/12057/1832 4023/12058/1831
f 3992/12059/1832 3993/12060/1833 4025/12061/1833 4024/12062/1832
f 3993/12063/1833 3994/12064/1834 4026/12065/1834 4025/12066/1833
f 3994/12067/1834 3963/12068/1803 3995/12069/1803 4026/12070/1834
f 3995/12071/1835 3996/12072/1836 4028/12073/1836 4027/12074/1835
f 3996/12075/1836 3997/12076/1837 4029/12077/1837 4028/12078/1836
f 3997/12079/1837 3998/12080/1838 4030/12081/1838 4029/12082/1837
f 3998/12083/1838 3999/12084/1839 4031/12085/1839 4030/12086/1838
f 3999/12087/1839 4000/12088/1840 4032/12089/1840 4031/12090/1839
f 4000/12091/1840 4001/12092/1841 4033/12093/1841 4032/12094/1840
f 4001/12095/1841 4002/12096/1842 4034/12097/1842 4033/12098/1841
f 4002/12099/1842 4003/12100/1843 4035/12101/1843 4034/12102/1842
f 4003/12103/1843 4004/12104/1844 4036/12105/1844 4035/12106/1843
f 4004/12107/1844 4005/12108/1845 4037/12109/1845 4036/12110/1844
f 4005/12111/1845 4006/12112/1846 4038/12113/1846 4037/12114/1845
f 4006/12115/1846 4007/12116/1847 4039/12117/1847 4038/12118/1846
f 4007/12119/1847 4008/12120/1848 4040/12121/1848 4039/12122/1847
f 4008/12123/1848 4009/12124/1849 4041/12125/1849 4040/12126/1848
f 4009/12127/1849 4010/12128/1850 4042/12129/1850 4041/12130/1849
f 4010/12131/1850 4011/12132/1851 4043/12133/1851 4042/12134/1850
f 4011/12135/1851 4012/12136/1852 4044/12137/1852 4043/12138/1851
f 4012/12139/1852 4013/12140/1853 4045/12141/1853 4044/12142/1852
f 4013/12143/1853 4014/12144/1854 4046/12145/1854 4045/12146/1853
f 4014/12147/1854 4015/12148/1855 4047/12149/1855 4046/12150/1854
f 4015/12151/1855 4016/12152/1856 4048/12153/1856 4047/12154/1855
f 4016/12155/1856 4017/12156/1857 4049/12157/1857 4048/12158/1856
f 4017/12159/1857 4018/12160/1858 4050/12161/1858 4049/12162/1857
f 4018/12163/1858 4019/12164/1859 4051/12165/1859 4050/12166/1858
f 4019/12167/1859 4020/12168/1860 4052/12169/1860 4051/12170/1859
f 4020/12171/1860 4021/12172/1861 4053/12173/1861 4052/12174/1860
f 4021/12175/1861 4022/12176/1862 4054/12177/1862 4053/12178/1861
f 4022/12179/1862 4023/12180/1863 4055/12181/1863 4054/12182/1862
f 4023/12183/1863 4024/12184/1864 4056/12185/1864 4055/12186/1863
f 4024/12187/1864 4025/12188/1865 4057/12189/1865 4056/12190/1864
f 4025/12191/1865 4026/12192/1866 4058/12193/1866 4057/12194/1865
f 4026/12195/1866 3995/12196/1835 4027/12197/1835 4058/12198/1866
f 3932/12199/1867 3931/12200/1867 4059/12201/1867
f 3933/12202/1867 3932/12203/1867 4059/12204/1867
f 3934/12205/1867 3933/12206/1867 4059/12207/1867
f 3935/12208/1867 3934/12209/1867 4059/12210/1867
f 3936/12211/1867 3935/12212/1867 4059/12213/1867
f 3937/12214/1867 3936/12215/1867 4059/12216/1867
f 3938/12217/1867 3937/12218/1867 4059/12219/1867
f 3939/12220/1867 3938/12221/1867 4059/12222/1867
f 3940/12223/1867 3939/12224/1867 4059/12225/1867
f 3941/12226/1867 3940/12227/1867 4059/12228/1867
f 3942/12229/1867 3941/12230/1867 4059/12231/1867
f 3943/12232/1867 3942/12233/1867 4059/12234/1867
f 3944/12235/1867 3943/12236/1867 4059/12237/1867
f 3945/12238/1867 3944/12239/1867 4059/12240/1867
f 3946/12241/1867 3945/12242/1867 4059/12243/1867
f 3947/12244/1867 3946/12245/1867 4059/12246/1867
f 3948/12247/1867 3947/12248/1867 4059/12249/1867
f 3949/12250/1867 3948/12251/1867 4059/12252/1867
f 3950/12253/1867 3949/12254/1867 4059/12255/1867
f 3951/12256/1867 3950/12257/1867 4059/12258/1867
f 3952/12259/1867 3951/12260/1867 4059/12261/1867
f 3953/12262/1867 3952/12263/1867 4059/12264/1867
f 3954/12265/1867 3953/12266/1867 4059/12267/1867
f 3955/12268/1867 3954/12269/1867 4059/12270/1867
f 3956/12271/1867 3955/12272/1867 4059/12273/1867
f 3957/12274/1867 3956/12275/1867 4059/12276/1867
f 3958/12277/1867 3957/12278/1867 4059/12279/1867
f 3959/12280/1867 3958/12281/1867 4059/12282/1867
f 3960/12283/1867 3959/12284/1867 4059/12285/1867
f 3961/12286/1867 3960/12287/1867 4059/12288/1867
f 3962/12289/1867 3961/12290/1867 4059/12291/1867
f 3931/12292/1867 3962/12293/1867 4059/12294/1867
f 4060/12295/1868 4027/12296/1868 4028/12297/1868
f 4060/12298/1868 4028/12299/1868 4029/12300/1868
f 4060/12301/1868 4029/12302/1868 4030/12303/1868
f 4060/12304/1868 4030/12305/1868 4031/12306/1868
f 4060/12307/1868 4031/12308/1868 4032/12309/1868
f 4060/12310/1868 4032/12311/1868 4033/12312/1868
f 4060/12313/1868 4033/12314/1868 4034/12315/1868
f 4060/12316/1868 4034/12317/1868 4035/12318/1868
f 4060/12319/1868 4035/12320/1868 4036/12321/1868
f 4060/12322/1868 4036/12323/1868 4037/12324/1868
f 4060/12325/1868 4037/12326/1868 4038/12327/1868
f 4060/12328/1868 4038/12329/1868 4039/12330/1868
f 4060/12331/1868 4039/12332/1868 4040/12333/1868
f 4060/12334/1868 4040/12335/1868 4041/12336/1868
f 4060/12337/1868 4041/12338/1868 4042/12339/1868
f 4060/12340/1868 4042/12341/1868 4043/12342/1868
f 4060/12343/1868 4043/12344/1868 4044/12345/1868
f 4060/12346/1868 4044/12347/1868 4045/12348/1868
f 4060/12349/1868 4045/12350/1868 4046/12351/1868
f 4060/12352/1868 4046/12353/1868 4047/12354/1868
f 4060/12355/1868 4047/12356/1868 4048/12357/1868
f 4060/12358/1868 4048/12359/1868 4049/12360/1868
f 4060/12361/1868 4049/12362/1868 4050/12363/1868
f 4060/12364/1868 4050/12365/1868 4051/12366/1868
f 4060/12367/1868 4051/12368/1868 4052/12369/1868
f 4060/12370/1868 4052/12371/1868 4053/12372/1868
f 4060/12373/1868 4053/12374/1868 4054/12375/1868
f 4060/12376/1868 4054/12377/1868 4055/12378/1868
f 4060/12379/1868 4055/12380/1868 4056/12381/1868
f 4060/12382/1868 4056/12383/1868 4057/12384/1868
f 4060/12385/1868 4057/12386/1868 4058/12387/1868
f 4060/12388/1868 4058/12389/1868 4027/12390/1868
o body_motor
usemtl intake_pump
v 0.711477 0.420829 0.6625
v 0.70335 0.461685 0.6625
v 0.687408 0.500172 0.6625
v 0.664265 0.534809 0.6625
v 0.634809 0.564265 0.6625
v 0.600172 0.587408 0.6625
v 0.561685 0.60335 0.6625
v 0.520829 0.611477 0.6625
v 0.479171 0.611477 0.6625
v 0.438315 0.60335 0.6625
v 0.399828 0.587408 0.6625
v 0.365191 0.564265 0.6625
v 0.335735 0.534809 0.6625
v 0.312592 0.500172 0.6625
v 0.29665 0.461685 0.6625
v 0.288523 0.420829 0.6625
v 0.288523 0.379171 0.6625
v 0.29665 0.338315 0.6625
v 0.312592 0.299828 0.6625
v 0.335735 0.265191 0.6625
v 0.365191 0.235735 0.6625
v 0.399828 0.212592 0.6625
v 0.438315 0.19665 0.6625
v 0.479171 0.188523 0.6625
v 0.520829 0.188523 0.6625
v 0.561685 0.19665 0.6625
v 0.600172 0.212592 0.6625
v 0.634809 0.235735 0.6625
v 0.664265 0.265191 0.6625
v 0.687408 0.299828 0.6625
v 0.70335 0.338315 0.6625
v 0.711477 0.379171 0.6625
v 0.711477 0.420829 0.91875
v 0.70335 0.461685 0.91875
v 0.687408 0.500172 0.91875
v 0.664265 0.534809 0.91875
v 0.634809 0.564265 0.91875
v 0.600172 0.587408 0.91875
v 0.561685 0.60335 0.91875
v 0.520829 0.611477 0.91875
v 0.479171 0.611477 0.91875
v 0.438315 0.60335 0.91875
v 0.399828 0.587408 0.91875
v 0.365191 0.564265 0.91875
v 0.335735 0.534809 0.91875
v 0.312592 0.500172 0.91875
v 0.29665 0.461685 0.91875
v 0.288523 0.420829 0.91875
v 0.288523 0.379171 0.91875
v 0.29665 0.338315 0.91875
v 0.312592 0.299828 0.91875
v 0.335735 0.265191 0.91875
v 0.365191 0.235735 0.91875
v 0.399828 0.212592 0.91875
v 0.438315 0.19665 0.91875
v 0.479171 0.188523 0.91875
v 0.520829 0.188523 0.91875
v 0.561685 0.19665 0.91875
v 0.600172 0.212592 0.91875
v 0.634809 0.235735 0.91875
v 0.664265 0.265191 0.91875
v 0.687408 0.299828 0.91875
v 0.70335 0.338315 0.91875
v 0.711477 0.379171 0.91875
v 0.5 0.4 0.91875
vt 0.718262 0.571112
vt 0.718262 0.563464
vt 0.765308 0.563464
vt 0.765308 0.571112
vt 0.718262 0.563464
vt 0.718262 0.555963
vt 0.765308 0.555963
vt 0.765308 0.563464
vt 0.734863 0.462402
vt 0.734863 0.454791
vt 0.781909 0.454791
vt 0.781909 0.462402
vt 0.734863 0.454791
vt 0.734863 0.44718
vt 0.781909 0.44718
vt 0.781909 0.454791
vt 0.480957 0.462402
vt 0.480957 0.454791
vt 0.528003 0.454791
vt 0.528003 0.462402
vt 0.480957 0.454791
vt 0.480957 0.44718
vt 0.528003 0.44718
vt 0.528003 0.454791
vt 0.531738 0.462402
vt 0.531738 0.454791
vt 0.578784 0.454791
vt 0.578784 0.462402
vt 0.531738 0.454791
vt 0.531738 0.44718
vt 0.578784 0.44718
vt 0.578784 0.454791
vt 0.58252 0.462402
vt 0.58252 0.454791
vt 0.629565 0.454791
vt 0.629565 0.462402
vt 0.58252 0.454791
vt 0.58252 0.44718
vt 0.629565 0.44718
vt 0.629565 0.454791
vt 0.379395 0.462402
vt 0.379395 0.454791
vt 0.42644 0.454791
vt 0.42644 0.462402
vt 0.379395 0.454791
vt 0.379395 0.44718
vt 0.42644 0.44718
vt 0.42644 0.454791
vt 0.684082 0.462402
vt 0.684082 0.454791
vt 0.731128 0.454791
vt 0.731128 0.462402
vt 0.684082 0.454791
vt 0.684082 0.44718
vt 0.731128 0.44718
vt 0.731128 0.454791
vt 0.430176 0.462402
vt 0.430176 0.454791
vt 0.477222 0.454791
vt 0.477222 0.462402
vt 0.430176 0.454791
vt 0.430176 0.44718
vt 0.477222 0.44718
vt 0.477222 0.454791
vt 0.633301 0.462402
vt 0.633301 0.454791
vt 0.680347 0.454791
vt 0.680347 0.462402
vt 0.633301 0.454791
vt 0.633301 0.44718
vt 0.680347 0.44718
vt 0.680347 0.454791
vt 0.785645 0.462402
vt 0.785645 0.454791
vt 0.83269 0.454791
vt 0.83269 0.462402
vt 0.785645 0.454791
vt 0.785645 0.44718
vt 0.83269 0.44718
vt 0.83269 0.454791
vt 0.328613 0.462402
vt 0.328613 0.454791
vt 0.375659 0.454791
vt 0.375659 0.462402
vt 0.328613 0.454791
vt 0.328613 0.44718
vt 0.375659 0.44718
vt 0.375659 0.454791
vt 0.836426 0.462402
vt 0.836426 0.454791
vt 0.883472 0.454791
vt 0.883472 0.462402
vt 0.836426 0.454791
vt 0.836426 0.44718
vt 0.883472 0.44718
vt 0.883472 0.454791
vt 0.277832 0.462402
vt 0.277832 0.454791
vt 0.324878 0.454791
vt 0.324878 0.462402
vt 0.277832 0.454791
vt 0.277832 0.44718
vt 0.324878 0.44718
vt 0.324878 0.454791
vt 0.887207 0.462402
vt 0.887207 0.454791
vt 0.934253 0.454791
vt 0.934253 0.462402
vt 0.887207 0.454791
vt 0.887207 0.44718
vt 0.934253 0.44718
vt 0.934253 0.454791
vt 0.227051 0.462402
vt 0.227051 0.454791
vt 0.274097 0.454791
vt 0.274097 0.462402
vt 0.227051 0.454791
vt 0.227051 0.44718
vt 0.274097 0.44718
vt 0.274097 0.454791
vt 0.002441 0.327637
vt 0.002441 0.319989
vt 0.049487 0.319989
vt 0.049487 0.327637
vt 0.718262 0.578613
vt 0.718262 0.571112
vt 0.765308 0.571112
vt 0.765308 0.578613
vt 0.489509 0.830803
vt 0.493333 0.791977
vt 0.500834 0.793469
vt 0.489509 0.830803
vt 0.500834 0.793469
vt 0.5079 0.796396
vt 0.489509 0.830803
vt 0.5079 0.796396
vt 0.514259 0.800645
vt 0.489509 0.830803
vt 0.514259 0.800645
vt 0.519667 0.806053
vt 0.489509 0.830803
vt 0.519667 0.806053
vt 0.523916 0.812412
vt 0.489509 0.830803
vt 0.523916 0.812412
vt 0.526843 0.819478
vt 0.489509 0.830803
vt 0.526843 0.819478
vt 0.528335 0.826979
vt 0.489509 0.830803
vt 0.528335 0.826979
vt 0.528335 0.834627
vt 0.489509 0.830803
vt 0.528335 0.834627
vt 0.526843 0.842128
vt 0.489509 0.830803
vt 0.526843 0.842128
vt 0.523916 0.849194
vt 0.489509 0.830803
vt 0.523916 0.849194
vt 0.519667 0.855553
vt 0.489509 0.830803
vt 0.519667 0.855553
vt 0.514259 0.860961
vt 0.489509 0.830803
vt 0.514259 0.860961
vt 0.5079 0.86521
vt 0.489509 0.830803
vt 0.5079 0.86521
vt 0.500834 0.868137
vt 0.489509 0.830803
vt 0.500834 0.868137
vt 0.493333 0.869629
vt 0.489509 0.830803
vt 0.493333 0.869629
vt 0.485685 0.869629
vt 0.489509 0.830803
vt 0.485685 0.869629
vt 0.478184 0.868137
vt 0.489509 0.830803
vt 0.478184 0.868137
vt 0.471118 0.86521
vt 0.489509 0.830803
vt 0.471118 0.86521
vt 0.464759 0.860961
vt 0.489509 0.830803
vt 0.464759 0.860961
vt 0.459351 0.855553
vt 0.489509 0.830803
vt 0.459351 0.855553
vt 0.455102 0.849194
vt 0.489509 0.830803
vt 0.455102 0.849194
vt 0.452176 0.842128
vt 0.489509 0.830803
vt 0.452176 0.842128
vt 0.450684 0.834627
vt 0.489509 0.830803
vt 0.450684 0.834627
vt 0.450684 0.826979
vt 0.489509 0.830803
vt 0.450684 0.826979
vt 0.452176 0.819478
vt 0.489509 0.830803
vt 0.452176 0.819478
vt 0.455102 0.812412
vt 0.489509 0.830803
vt 0.455102 0.812412
vt 0.459351 0.806053
vt 0.489509 0.830803
vt 0.459351 0.806053
vt 0.464759 0.800645
vt 0.489509 0.830803
vt 0.464759 0.800645
vt 0.471118 0.796396
vt 0.489509 0.830803
vt 0.471118 0.796396
vt 0.478184 0.793469
vt 0.489509 0.830803
vt 0.478184 0.793469
vt 0.485685 0.791977
vt 0.489509 0.830803
vt 0.485685 0.791977
vt 0.493333 0.791977
vn 0.995185 0.098017 0
vn 0.95694 0.290285 0
vn 0.881921 0.471397 0
vn 0.77301 0.634393 0
vn 0.634393 0.77301 0
vn 0.471397 0.881921 0
vn 0.290285 0.95694 0
vn 0.098017 0.995185 0
vn -0.098017 0.995185 0
vn -0.290285 0.95694 0
vn -0.471397 0.881921 0
vn -0.634393 0.77301 0
vn -0.77301 0.634393 0
vn -0.881921 0.471397 0
vn -0.95694 0.290285 0
vn -0.995185 0.098017 0
vn -0.995185 -0.098017 0
vn -0.95694 -0.290285 0
vn -0.881921 -0.471397 0
vn -0.77301 -0.634393 0
vn -0.634393 -0.77301 0
vn -0.471397 -0.881921 0
vn -0.290285 -0.95694 0
vn -0.098017 -0.995185 0
vn 0.098017 -0.995185 0
vn 0.290285 -0.95694 0
vn 0.471397 -0.881921 0
vn 0.634393 -0.77301 0
vn 0.77301 -0.634393 0
vn 0.881921 -0.471397 0
vn 0.95694 -0.290285 0
vn 0.995185 -0.098017 0
vn 0 0 1
f 4061/12391/1869 4062/12392/1870 4094/12393/1870 4093/12394/1869
f 4062/12395/1870 4063/12396/1871 4095/12397/1871 4094/12398/1870
f 4063/12399/1871 4064/12400/1872 4096/12401/1872 4095/12402/1871
f 4064/12403/1872 4065/12404/1873 4097/12405/1873 4096/12406/1872
f 4065/12407/1873 4066/12408/1874 4098/12409/1874 4097/12410/1873
f 4066/12411/1874 4067/12412/1875 4099/12413/1875 4098/12414/1874
f 4067/12415/1875 4068/12416/1876 4100/12417/1876 4099/12418/1875
f 4068/12419/1876 4069/12420/1877 4101/12421/1877 4100/12422/1876
f 4069/12423/1877 4070/12424/1878 4102/12425/1878 4101/12426/1877
f 4070/12427/1878 4071/12428/1879 4103/12429/1879 4102/12430/1878
f 4071/12431/1879 4072/12432/1880 4104/12433/1880 4103/12434/1879
f 4072/12435/1880 4073/12436/1881 4105/12437/1881 4104/12438/1880
f 4073/12439/1881 4074/12440/1882 4106/12441/1882 4105/12442/1881
f 4074/12443/1882 4075/12444/1883 4107/12445/1883 4106/12446/1882
f 4075/12447/1883 4076/12448/1884 4108/12449/1884 4107/12450/1883
f 4076/12451/1884 4077/12452/1885 4109/12453/1885 4108/12454/1884
f 4077/12455/1885 4078/12456/1886 4110/12457/1886 4109/12458/1885
f 4078/12459/1886 4079/12460/1887 4111/12461/1887 4110/12462/1886
f 4079/12463/1887 4080/12464/1888 4112/12465/1888 4111/12466/1887
f 4080/12467/1888 4081/12468/1889 4113/12469/1889 4112/12470/1888
f 4081/12471/1889 4082/12472/1890 4114/12473/1890 4113/12474/1889
f 4082/12475/1890 4083/12476/1891 4115/12477/1891 4114/12478/1890
f 4083/12479/1891 4084/12480/1892 4116/12481/1892 4115/12482/1891
f 4084/12483/1892 4085/12484/1893 4117/12485/1893 4116/12486/1892
f 4085/12487/1893 4086/12488/1894 4118/12489/1894 4117/12490/1893
f 4086/12491/1894 4087/12492/1895 4119/12493/1895 4118/12494/1894
f 4087/12495/1895 4088/12496/1896 4120/12497/1896 4119/12498/1895
f 4088/12499/1896 4089/12500/1897 4121/12501/1897 4120/12502/1896
f 4089/12503/1897 4090/12504/1898 4122/12505/1898 4121/12506/1897
f 4090/12507/1898 4091/12508/1899 4123/12509/1899 4122/12510/1898
f 4091/12511/1899 4092/12512/1900 4124/12513/1900 4123/12514/1899
f 4092/12515/1900 4061/12516/1869 4093/12517/1869 4124/12518/1900
f 4125/12519/1901 4093/12520/1901 4094/12521/1901
f 4125/12522/1901 4094/12523/1901 4095/12524/1901
f 4125/12525/1901 4095/12526/1901 4096/12527/1901
f 4125/12528/1901 4096/12529/1901 4097/12530/1901
f 4125/12531/1901 4097/12532/1901 4098/12533/1901
f 4125/12534/1901 4098/12535/1901 4099/12536/1901
f 4125/12537/1901 4099/12538/1901 4100/12539/1901
f 4125/12540/1901 4100/12541/1901 4101/12542/1901
f 4125/12543/1901 4101/12544/1901 4102/12545/1901
f 4125/12546/1901 4102/12547/1901 4103/12548/1901
f 4125/12549/1901 4103/12550/1901 4104/12551/1901
f 4125/12552/1901 4104/12553/1901 4105/12554/1901
f 4125/12555/1901 4105/12556/1901 4106/12557/1901
f 4125/12558/1901 4106/12559/1901 4107/12560/1901
f 4125/12561/1901 4107/12562/1901 4108/12563/1901
f 4125/12564/1901 4108/12565/1901 4109/12566/1901
f 4125/12567/1901 4109/12568/1901 4110/12569/1901
f 4125/12570/1901 4110/12571/1901 4111/12572/1901
f 4125/12573/1901 4111/12574/1901 4112/12575/1901
f 4125/12576/1901 4112/12577/1901 4113/12578/1901
f 4125/12579/1901 4113/12580/1901 4114/12581/1901
f 4125/12582/1901 4114/12583/1901 4115/12584/1901
f 4125/12585/1901 4115/12586/1901 4116/12587/1901
f 4125/12588/1901 4116/12589/1901 4117/12590/1901
f 4125/12591/1901 4117/12592/1901 4118/12593/1901
f 4125/12594/1901 4118/12595/1901 4119/12596/1901
f 4125/12597/1901 4119/12598/1901 4120/12599/1901
f 4125/12600/1901 4120/12601/1901 4121/12602/1901
f 4125/12603/1901 4121/12604/1901 4122/12605/1901
f 4125/12606/1901 4122/12607/1901 4123/12608/1901
f 4125/12609/1901 4123/12610/1901 4124/12611/1901
f 4125/12612/1901 4124/12613/1901 4093/12614/1901
o body_fins
usemtl intake_pump
v 0.705373 0.42177 0.68125
v 0.748584 0.428614 0.68125
v 0.74526 0.449603 0.68125
v 0.702049 0.442759 0.68125
v 0.705373 0.42177 0.9
v 0.748584 0.428614 0.9
v 0.74526 0.449603 0.9
v 0.702049 0.442759 0.9
v 0.705373 0.42177 0.68125
v 0.748584 0.428614 0.68125
v 0.74526 0.449603 0.68125
v 0.702049 0.442759 0.68125
v 0.705373 0.42177 0.9
v 0.748584 0.428614 0.9
v 0.74526 0.449603 0.9
v 0.702049 0.442759 0.9
v 0.688594 0.484169 0.68125
v 0.727575 0.504031 0.68125
v 0.717928 0.522965 0.68125
v 0.678946 0.503102 0.68125
v 0.688594 0.484169 0.9
v 0.727575 0.504031 0.9
v 0.717928 0.522965 0.9
v 0.678946 0.503102 0.9
v 0.688594 0.484169 0.68125
v 0.727575 0.504031 0.68125
v 0.717928 0.522965 0.68125
v 0.678946 0.503102 0.68125
v 0.688594 0.484169 0.9
v 0.727575 0.504031 0.9
v 0.717928 0.522965 0.9
v 0.678946 0.503102 0.9
v 0.653354 0.538328 0.68125
v 0.68429 0.569264 0.68125
v 0.669264 0.58429 0.68125
v 0.638328 0.553354 0.68125
v 0.653354 0.538328 0.9
v 0.68429 0.569264 0.9
v 0.669264 0.58429 0.9
v 0.638328 0.553354 0.9
v 0.653354 0.538328 0.68125
v 0.68429 0.569264 0.68125
v 0.669264 0.58429 0.68125
v 0.638328 0.553354 0.68125
v 0.653354 0.538328 0.9
v 0.68429 0.569264 0.9
v 0.669264 0.58429 0.9
v 0.638328 0.553354 0.9
v 0.603102 0.578946 0.68125
v 0.622965 0.617928 0.68125
v 0.604031 0.627575 0.68125
v 0.584169 0.588594 0.68125
v 0.603102 0.578946 0.9
v 0.622965 0.617928 0.9
v 0.604031 0.627575 0.9
v 0.584169 0.588594 0.9
v 0.603102 0.578946 0.68125
v 0.622965 0.617928 0.68125
v 0.604031 0.627575 0.68125
v 0.584169 0.588594 0.68125
v 0.603102 0.578946 0.9
v 0.622965 0.617928 0.9
v 0.604031 0.627575 0.9
v 0.584169 0.588594 0.9
v 0.415831 0.588594 0.68125
v 0.395969 0.627575 0.68125
v 0.377035 0.617928 0.68125
v 0.396898 0.578946 0.68125
v 0.415831 0.588594 0.9
v 0.395969 0.627575 0.9
v 0.377035 0.617928 0.9
v 0.396898 0.578946 0.9
v 0.415831 0.588594 0.68125
v 0.395969 0.627575 0.68125
v 0.377035 0.617928 0.68125
v 0.396898 0.578946 0.68125
v 0.415831 0.588594 0.9
v 0.395969 0.627575 0.9
v 0.377035 0.617928 0.9
v 0.396898 0.578946 0.9
v 0.361672 0.553354 0.68125
v 0.330736 0.58429 0.68125
v 0.31571 0.569264 0.68125
v 0.346646 0.538328 0.68125
v 0.361672 0.553354 0.9
v 0.330736 0.58429 0.9
v 0.31571 0.569264 0.9
v 0.346646 0.538328 0.9
v 0.361672 0.553354 0.68125
v 0.330736 0.58429 0.68125
v 0.31571 0.569264 0.68125
v 0.346646 0.538328 0.68125
v 0.361672 0.553354 0.9
v 0.330736 0.58429 0.9
v 0.31571 0.569264 0.9
v 0.346646 0.538328 0.9
v 0.321054 0.503102 0.68125
v 0.282072 0.522965 0.68125
v 0.272425 0.504031 0.68125
v 0.311406 0.484169 0.68125
v 0.321054 0.503102 0.9
v 0.282072 0.522965 0.9
v 0.272425 0.504031 0.9
v 0.311406 0.484169 0.9
v 0.321054 0.503102 0.68125
v 0.282072 0.522965 0.68125
v 0.272425 0.504031 0.68125
v 0.311406 0.484169 0.68125
v 0.321054 0.503102 0.9
v 0.282072 0.522965 0.9
v 0.272425 0.504031 0.9
v 0.311406 0.484169 0.9
v 0.297951 0.442759 0.68125
v 0.25474 0.449603 0.68125
v 0.251416 0.428614 0.68125
v 0.294627 0.42177 0.68125
v 0.297951 0.442759 0.9
v 0.25474 0.449603 0.9
v 0.251416 0.428614 0.9
v 0.294627 0.42177 0.9
v 0.297951 0.442759 0.68125
v 0.25474 0.449603 0.68125
v 0.251416 0.428614 0.68125
v 0.294627 0.42177 0.68125
v 0.297951 0.442759 0.9
v 0.25474 0.449603 0.9
v 0.251416 0.428614 0.9
v 0.294627 0.42177 0.9
v 0.294627 0.37823 0.68125
v 0.251416 0.371386 0.68125
v 0.25474 0.350397 0.68125
v 0.297951 0.357241 0.68125
v 0.294627 0.37823 0.9
v 0.251416 0.371386 0.9
v 0.25474 0.350397 0.9
v 0.297951 0.357241 0.9
v 0.294627 0.37823 0.68125
v 0.251416 0.371386 0.68125
v 0.25474 0.350397 0.68125
v 0.297951 0.357241 0.68125
v 0.294627 0.37823 0.9
v 0.251416 0.371386 0.9
v 0.25474 0.350397 0.9
v 0.297951 0.357241 0.9
v 0.311406 0.315831 0.68125
v 0.272425 0.295969 0.68125
v 0.282072 0.277035 0.68125
v 0.321054 0.296898 0.68125
v 0.311406 0.315831 0.9
v 0.272425 0.295969 0.9
v 0.282072 0.277035 0.9
v 0.321054 0.296898 0.9
v 0.311406 0.315831 0.68125
v 0.272425 0.295969 0.68125
v 0.282072 0.277035 0.68125
v 0.321054 0.296898 0.68125
v 0.311406 0.315831 0.9
v 0.272425 0.295969 0.9
v 0.282072 0.277035 0.9
v 0.321054 0.296898 0.9
v 0.346646 0.261672 0.68125
v 0.31571 0.230736 0.68125
v 0.330736 0.21571 0.68125
v 0.361672 0.246646 0.68125
v 0.346646 0.261672 0.9
v 0.31571 0.230736 0.9
v 0.330736 0.21571 0.9
v 0.361672 0.246646 0.9
v 0.346646 0.261672 0.68125
v 0.31571 0.230736 0.68125
v 0.330736 0.21571 0.68125
v 0.361672 0.246646 0.68125
v 0.346646 0.261672 0.9
v 0.31571 0.230736 0.9
v 0.330736 0.21571 0.9
v 0.361672 0.246646 0.9
v 0.638328 0.246646 0.68125
v 0.669264 0.21571 0.68125
v 0.68429 0.230736 0.68125
v 0.653354 0.261672 0.68125
v 0.638328 0.246646 0.9
v 0.669264 0.21571 0.9
v 0.68429 0.230736 0.9
v 0.653354 0.261672 0.9
v 0.638328 0.246646 0.68125
v 0.669264 0.21571 0.68125
v 0.68429 0.230736 0.68125
v 0.653354 0.261672 0.68125
v 0.638328 0.246646 0.9
v 0.669264 0.21571 0.9
v 0.68429 0.230736 0.9
v 0.653354 0.261672 0.9
v 0.678946 0.296898 0.68125
v 0.717928 0.277035 0.68125
v 0.727575 0.295969 0.68125
v 0.688594 0.315831 0.68125
v 0.678946 0.296898 0.9
v 0.717928 0.277035 0.9
v 0.727575 0.295969 0.9
v 0.688594 0.315831 0.9
v 0.678946 0.296898 0.68125
v 0.717928 0.277035 0.68125
v 0.727575 0.295969 0.68125
v 0.688594 0.315831 0.68125
v 0.678946 0.296898 0.9
v 0.717928 0.277035 0.9
v 0.727575 0.295969 0.9
v 0.688594 0.315831 0.9
v 0.702049 0.357241 0.68125
v 0.74526 0.350397 0.68125
v 0.748584 0.371386 0.68125
v 0.705373 0.37823 0.68125
v 0.702049 0.357241 0.9
v 0.74526 0.350397 0.9
v 0.748584 0.371386 0.9
v 0.705373 0.37823 0.9
v 0.702049 0.357241 0.68125
v 0.74526 0.350397 0.68125
v 0.748584 0.371386 0.68125
v 0.705373 0.37823 0.68125
v 0.702049 0.357241 0.9
v 0.74526 0.350397 0.9
v 0.748584 0.371386 0.9
v 0.705373 0.37823 0.9
vt 0.310059 0.339355
vt 0.310059 0.331323
vt 0.35022 0.331323
vt 0.35022 0.339355
vt 0.772949 0.161621
vt 0.772949 0.15772
vt 0.81311 0.15772
vt 0.81311 0.161621
vt 0.730957 0.351074
vt 0.730957 0.343042
vt 0.771118 0.343042
vt 0.771118 0.351074
vt 0.134277 0.153809
vt 0.134277 0.149907
vt 0.174438 0.149907
vt 0.174438 0.153809
vt 0.450684 0.190971
vt 0.458617 0.189714
vt 0.459227 0.193568
vt 0.459227 0.193568
vt 0.451294 0.194824
vt 0.450684 0.190971
vt 0.462402 0.193568
vt 0.463013 0.189714
vt 0.470946 0.190971
vt 0.470946 0.190971
vt 0.470336 0.194824
vt 0.462402 0.193568
vt 0.354004 0.339355
vt 0.354004 0.331323
vt 0.394165 0.331323
vt 0.394165 0.339355
vt 0.178223 0.153809
vt 0.178223 0.149907
vt 0.218384 0.149907
vt 0.218384 0.153809
vt 0.397949 0.339355
vt 0.397949 0.331323
vt 0.43811 0.331323
vt 0.43811 0.339355
vt 0.793457 0.153809
vt 0.793457 0.149907
vt 0.833618 0.149907
vt 0.833618 0.153809
vt 0.354004 0.313418
vt 0.361161 0.309772
vt 0.362932 0.313248
vt 0.362932 0.313248
vt 0.355775 0.316895
vt 0.354004 0.313418
vt 0.366699 0.313248
vt 0.36847 0.309772
vt 0.375627 0.313418
vt 0.375627 0.313418
vt 0.373856 0.316895
vt 0.366699 0.313248
vt 0.774902 0.351074
vt 0.774902 0.343042
vt 0.815063 0.343042
vt 0.815063 0.351074
vt 0.046387 0.153809
vt 0.046387 0.149907
vt 0.086548 0.149907
vt 0.086548 0.153809
vt 0.818848 0.351074
vt 0.818848 0.343042
vt 0.859009 0.343042
vt 0.859009 0.351074
vt 0.661621 0.153809
vt 0.661621 0.149907
vt 0.701782 0.149907
vt 0.701782 0.153809
vt 0.149723 0.351074
vt 0.144043 0.345395
vt 0.146802 0.342636
vt 0.146802 0.342636
vt 0.152481 0.348316
vt 0.149723 0.351074
vt 0.15852 0.351074
vt 0.155762 0.348316
vt 0.161441 0.342636
vt 0.161441 0.342636
vt 0.1642 0.345395
vt 0.15852 0.351074
vt 0.441895 0.339355
vt 0.441895 0.331323
vt 0.482056 0.331323
vt 0.482056 0.339355
vt 0.222168 0.153809
vt 0.222168 0.149907
vt 0.262329 0.149907
vt 0.262329 0.153809
vt 0.48584 0.339355
vt 0.48584 0.331323
vt 0.526001 0.331323
vt 0.526001 0.339355
vt 0.090332 0.153809
vt 0.090332 0.149907
vt 0.130493 0.149907
vt 0.130493 0.153809
vt 0.411942 0.316895
vt 0.404785 0.313248
vt 0.406556 0.309772
vt 0.406556 0.309772
vt 0.413713 0.313418
vt 0.411942 0.316895
vt 0.419252 0.316895
vt 0.41748 0.313418
vt 0.424637 0.309772
vt 0.424637 0.309772
vt 0.426408 0.313248
vt 0.419252 0.316895
vt 0.749512 0.339355
vt 0.749512 0.331323
vt 0.789673 0.331323
vt 0.789673 0.339355
vt 0.266113 0.153809
vt 0.266113 0.149907
vt 0.306274 0.149907
vt 0.306274 0.153809
vt 0.862793 0.351074
vt 0.862793 0.343042
vt 0.902954 0.343042
vt 0.902954 0.351074
vt 0.816895 0.161621
vt 0.816895 0.15772
vt 0.857056 0.15772
vt 0.857056 0.161621
vt 0.439104 0.313248
vt 0.431947 0.316895
vt 0.430176 0.313418
vt 0.430176 0.313418
vt 0.437333 0.309772
vt 0.439104 0.313248
vt 0.442871 0.313248
vt 0.444642 0.309772
vt 0.451799 0.313418
vt 0.451799 0.313418
vt 0.450028 0.316895
vt 0.442871 0.313248
vt 0.906738 0.351074
vt 0.906738 0.343042
vt 0.946899 0.343042
vt 0.946899 0.351074
vt 0.705566 0.153809
vt 0.705566 0.149907
vt 0.745728 0.149907
vt 0.745728 0.153809
vt 0.950684 0.351074
vt 0.950684 0.343042
vt 0.990845 0.343042
vt 0.990845 0.351074
vt 0.749512 0.153809
vt 0.749512 0.149907
vt 0.789673 0.149907
vt 0.789673 0.153809
vt 0.199356 0.345395
vt 0.193677 0.351074
vt 0.190918 0.348316
vt 0.190918 0.348316
vt 0.196598 0.342636
vt 0.199356 0.345395
vt 0.202637 0.345395
vt 0.205395 0.342636
vt 0.211075 0.348316
vt 0.211075 0.348316
vt 0.208316 0.351074
vt 0.202637 0.345395
vt 0.002441 0.339355
vt 0.002441 0.331323
vt 0.042603 0.331323
vt 0.042603 0.339355
vt 0.310059 0.153809
vt 0.310059 0.149907
vt 0.35022 0.149907
vt 0.35022 0.153809
vt 0.643066 0.351074
vt 0.643066 0.343042
vt 0.683228 0.343042
vt 0.683228 0.351074
vt 0.354004 0.153809
vt 0.354004 0.149907
vt 0.394165 0.149907
vt 0.394165 0.153809
vt 0.386551 0.316895
vt 0.379395 0.313248
vt 0.381166 0.309772
vt 0.381166 0.309772
vt 0.388322 0.313418
vt 0.386551 0.316895
vt 0.399247 0.309772
vt 0.401018 0.313248
vt 0.393861 0.316895
vt 0.393861 0.316895
vt 0.39209 0.313418
vt 0.399247 0.309772
vt 0.529785 0.339355
vt 0.529785 0.331323
vt 0.569946 0.331323
vt 0.569946 0.339355
vt 0.397949 0.153809
vt 0.397949 0.149907
vt 0.43811 0.149907
vt 0.43811 0.153809
vt 0.57373 0.339355
vt 0.57373 0.331323
vt 0.613892 0.331323
vt 0.613892 0.339355
vt 0.86084 0.161621
vt 0.86084 0.15772
vt 0.901001 0.15772
vt 0.901001 0.161621
vt 0.482054 0.194824
vt 0.474121 0.193568
vt 0.474731 0.189714
vt 0.474731 0.189714
vt 0.482665 0.190971
vt 0.482054 0.194824
vt 0.493773 0.189714
vt 0.494383 0.193568
vt 0.48645 0.194824
vt 0.48645 0.194824
vt 0.48584 0.190971
vt 0.493773 0.189714
vt 0.617676 0.339355
vt 0.617676 0.331323
vt 0.657837 0.331323
vt 0.657837 0.339355
vt 0.441895 0.153809
vt 0.441895 0.149907
vt 0.482056 0.149907
vt 0.482056 0.153809
vt 0.687012 0.351074
vt 0.687012 0.343042
vt 0.727173 0.343042
vt 0.727173 0.351074
vt 0.904785 0.161621
vt 0.904785 0.15772
vt 0.944946 0.15772
vt 0.944946 0.161621
vt 0.506102 0.193568
vt 0.498169 0.194824
vt 0.497559 0.190971
vt 0.497559 0.190971
vt 0.505492 0.189714
vt 0.506102 0.193568
vt 0.517821 0.190971
vt 0.517211 0.194824
vt 0.509277 0.193568
vt 0.509277 0.193568
vt 0.509888 0.189714
vt 0.517821 0.190971
vt 0.046387 0.339355
vt 0.046387 0.331323
vt 0.086548 0.331323
vt 0.086548 0.339355
vt 0.837402 0.153809
vt 0.837402 0.149907
vt 0.877563 0.149907
vt 0.877563 0.153809
vt 0.090332 0.339355
vt 0.090332 0.331323
vt 0.130493 0.331323
vt 0.130493 0.339355
vt 0.881348 0.153809
vt 0.881348 0.149907
vt 0.921509 0.149907
vt 0.921509 0.153809
vt 0.489885 0.313248
vt 0.482728 0.316895
vt 0.480957 0.313418
vt 0.480957 0.313418
vt 0.488114 0.309772
vt 0.489885 0.313248
vt 0.50258 0.313418
vt 0.500809 0.316895
vt 0.493652 0.313248
vt 0.493652 0.313248
vt 0.495424 0.309772
vt 0.50258 0.313418
vt 0.793457 0.339355
vt 0.793457 0.331323
vt 0.833618 0.331323
vt 0.833618 0.339355
vt 0.48584 0.153809
vt 0.48584 0.149907
vt 0.526001 0.149907
vt 0.526001 0.153809
vt 0.134277 0.339355
vt 0.134277 0.331323
vt 0.174438 0.331323
vt 0.174438 0.339355
vt 0.002441 0.146973
vt 0.002441 0.143071
vt 0.042603 0.143071
vt 0.042603 0.146973
vt 0.222794 0.345395
vt 0.217114 0.351074
vt 0.214355 0.348316
vt 0.214355 0.348316
vt 0.220035 0.342636
vt 0.222794 0.345395
vt 0.234513 0.348316
vt 0.231754 0.351074
vt 0.226074 0.345395
vt 0.226074 0.345395
vt 0.228833 0.342636
vt 0.234513 0.348316
vt 0.178223 0.339355
vt 0.178223 0.331323
vt 0.218384 0.331323
vt 0.218384 0.339355
vt 0.529785 0.153809
vt 0.529785 0.149907
vt 0.569946 0.149907
vt 0.569946 0.153809
vt 0.222168 0.339355
vt 0.222168 0.331323
vt 0.262329 0.331323
vt 0.262329 0.339355
vt 0.94873 0.161621
vt 0.94873 0.15772
vt 0.988892 0.15772
vt 0.988892 0.161621
vt 0.16748 0.348316
vt 0.17316 0.342636
vt 0.175919 0.345395
vt 0.175919 0.345395
vt 0.170239 0.351074
vt 0.16748 0.348316
vt 0.187638 0.348316
vt 0.184879 0.351074
vt 0.179199 0.345395
vt 0.179199 0.345395
vt 0.181958 0.342636
vt 0.187638 0.348316
vt 0.266113 0.339355
vt 0.266113 0.331323
vt 0.306274 0.331323
vt 0.306274 0.339355
vt 0.925293 0.153809
vt 0.925293 0.149907
vt 0.965454 0.149907
vt 0.965454 0.153809
vt 0.599121 0.351074
vt 0.599121 0.343042
vt 0.639282 0.343042
vt 0.639282 0.351074
vt 0.57373 0.153809
vt 0.57373 0.149907
vt 0.613892 0.149907
vt 0.613892 0.153809
vt 0.457338 0.309772
vt 0.464494 0.313418
vt 0.462723 0.316895
vt 0.462723 0.316895
vt 0.455566 0.313248
vt 0.457338 0.309772
vt 0.470033 0.316895
vt 0.468262 0.313418
vt 0.475418 0.309772
vt 0.475418 0.309772
vt 0.47719 0.313248
vt 0.470033 0.316895
vt 0.661621 0.339355
vt 0.661621 0.331323
vt 0.701782 0.331323
vt 0.701782 0.339355
vt 0.002441 0.153809
vt 0.002441 0.149907
vt 0.042603 0.149907
vt 0.042603 0.153809
vt 0.705566 0.339355
vt 0.705566 0.331323
vt 0.745728 0.331323
vt 0.745728 0.339355
vt 0.617676 0.153809
vt 0.617676 0.149907
vt 0.657837 0.149907
vt 0.657837 0.153809
vt 0.521606 0.189714
vt 0.52954 0.190971
vt 0.528929 0.194824
vt 0.528929 0.194824
vt 0.520996 0.193568
vt 0.521606 0.189714
vt 0.533325 0.194824
vt 0.532715 0.190971
vt 0.540648 0.189714
vt 0.540648 0.189714
vt 0.541258 0.193568
vt 0.533325 0.194824
vn 0.156434 -0.987688 0
vn 0.987688 0.156434 0
vn -0.156434 0.987688 0
vn -0.987688 -0.156434 0
vn 0 0 -1
vn 0 0 1
vn 0.45399 -0.891007 0
vn 0.891007 0.45399 0
vn -0.45399 0.891007 0
vn -0.891007 -0.45399 0
vn 0.707107 -0.707107 0
vn 0.707107 0.707107 0
vn -0.707107 0.707107 0
vn -0.707107 -0.707107 0
vn 0.891007 -0.45399 0
vn 0.45399 0.891007 0
vn -0.891007 0.45399 0
vn -0.45399 -0.891007 0
vn 0.156434 0.987688 0
vn -0.987688 0.156434 0
vn -0.156434 -0.987688 0
vn 0.987688 -0.156434 0
f 4126/12615/1902 4127/12616/1902 4131/12617/1902 4130/12618/1902
f 4127/12619/1903 4128/12620/1903 4132/12621/1903 4131/12622/1903
f 4128/12623/1904 4129/12624/1904 4133/12625/1904 4132/12626/1904
f 4129/12627/1905 4126/12628/1905 4130/12629/1905 4133/12630/1905
f 4135/12631/1906 4134/12632/1906 4137/12633/1906
f 4137/12634/1906 4136/12635/1906 4135/12636/1906
f 4141/12637/1907 4138/12638/1907 4139/12639/1907
f 4139/12640/1907 4140/12641/1907 4141/12642/1907
f 4142/12643/1908 4143/12644/1908 4147/12645/1908 4146/12646/1908
f 4143/12647/1909 4144/12648/1909 4148/12649/1909 4147/12650/1909
f 4144/12651/1910 4145/12652/1910 4149/12653/1910 4148/12654/1910
f 4145/12655/1911 4142/12656/1911 4146/12657/1911 4149/12658/1911
f 4151/12659/1906 4150/12660/1906 4153/12661/1906
f 4153/12662/1906 4152/12663/1906 4151/12664/1906
f 4157/12665/1907 4154/12666/1907 4155/12667/1907
f 4155/12668/1907 4156/12669/1907 4157/12670/1907
f 4158/12671/1912 4159/12672/1912 4163/12673/1912 4162/12674/1912
f 4159/12675/1913 4160/12676/1913 4164/12677/1913 4163/12678/1913
f 4160/12679/1914 4161/12680/1914 4165/12681/1914 4164/12682/1914
f 4161/12683/1915 4158/12684/1915 4162/12685/1915 4165/12686/1915
f 4167/12687/1906 4166/12688/1906 4169/12689/1906
f 4169/12690/1906 4168/12691/1906 4167/12692/1906
f 4173/12693/1907 4170/12694/1907 4171/12695/1907
f 4171/12696/1907 4172/12697/1907 4173/12698/1907
f 4174/12699/1916 4175/12700/1916 4179/12701/1916 4178/12702/1916
f 4175/12703/1917 4176/12704/1917 4180/12705/1917 4179/12706/1917
f 4176/12707/1918 4177/12708/1918 4181/12709/1918 4180/12710/1918
f 4177/12711/1919 4174/12712/1919 4178/12713/1919 4181/12714/1919
f 4183/12715/1906 4182/12716/1906 4185/12717/1906
f 4185/12718/1906 4184/12719/1906 4183/12720/1906
f 4189/12721/1907 4186/12722/1907 4187/12723/1907
f 4187/12724/1907 4188/12725/1907 4189/12726/1907
f 4190/12727/1909 4191/12728/1909 4195/12729/1909 4194/12730/1909
f 4191/12731/1910 4192/12732/1910 4196/12733/1910 4195/12734/1910
f 4192/12735/1911 4193/12736/1911 4197/12737/1911 4196/12738/1911
f 4193/12739/1908 4190/12740/1908 4194/12741/1908 4197/12742/1908
f 4199/12743/1906 4198/12744/1906 4201/12745/1906
f 4201/12746/1906 4200/12747/1906 4199/12748/1906
f 4205/12749/1907 4202/12750/1907 4203/12751/1907
f 4203/12752/1907 4204/12753/1907 4205/12754/1907
f 4206/12755/1913 4207/12756/1913 4211/12757/1913 4210/12758/1913
f 4207/12759/1914 4208/12760/1914 4212/12761/1914 4211/12762/1914
f 4208/12763/1915 4209/12764/1915 4213/12765/1915 4212/12766/1915
f 4209/12767/1912 4206/12768/1912 4210/12769/1912 4213/12770/1912
f 4215/12771/1906 4214/12772/1906 4217/12773/1906
f 4217/12774/1906 4216/12775/1906 4215/12776/1906
f 4221/12777/1907 4218/12778/1907 4219/12779/1907
f 4219/12780/1907 4220/12781/1907 4221/12782/1907
f 4222/12783/1917 4223/12784/1917 4227/12785/1917 4226/12786/1917
f 4223/12787/1918 4224/12788/1918 4228/12789/1918 4227/12790/1918
f 4224/12791/1919 4225/12792/1919 4229/12793/1919 4228/12794/1919
f 4225/12795/1916 4222/12796/1916 4226/12797/1916 4229/12798/1916
f 4231/12799/1906 4230/12800/1906 4233/12801/1906
f 4233/12802/1906 4232/12803/1906 4231/12804/1906
f 4237/12805/1907 4234/12806/1907 4235/12807/1907
f 4235/12808/1907 4236/12809/1907 4237/12810/1907
f 4238/12811/1920 4239/12812/1920 4243/12813/1920 4242/12814/1920
f 4239/12815/1921 4240/12816/1921 4244/12817/1921 4243/12818/1921
f 4240/12819/1922 4241/12820/1922 4245/12821/1922 4244/12822/1922
f 4241/12823/1923 4238/12824/1923 4242/12825/1923 4245/12826/1923
f 4247/12827/1906 4246/12828/1906 4249/12829/1906
f 4249/12830/1906 4248/12831/1906 4247/12832/1906
f 4253/12833/1907 4250/12834/1907 4251/12835/1907
f 4251/12836/1907 4252/12837/1907 4253/12838/1907
f 4254/12839/1904 4255/12840/1904 4259/12841/1904 4258/12842/1904
f 4255/12843/1905 4256/12844/1905 4260/12845/1905 4259/12846/1905
f 4256/12847/1902 4257/12848/1902 4261/12849/1902 4260/12850/1902
f 4257/12851/1903 4254/12852/1903 4258/12853/1903 4261/12854/1903
f 4263/12855/1906 4262/12856/1906 4265/12857/1906
f 4265/12858/1906 4264/12859/1906 4263/12860/1906
f 4269/12861/1907 4266/12862/1907 4267/12863/1907
f 4267/12864/1907 4268/12865/1907 4269/12866/1907
f 4270/12867/1910 4271/12868/1910 4275/12869/1910 4274/12870/1910
f 4271/12871/1911 4272/12872/1911 4276/12873/1911 4275/12874/1911
f 4272/12875/1908 4273/12876/1908 4277/12877/1908 4276/12878/1908
f 4273/12879/1909 4270/12880/1909 4274/12881/1909 4277/12882/1909
f 4279/12883/1906 4278/12884/1906 4281/12885/1906
f 4281/12886/1906 4280/12887/1906 4279/12888/1906
f 4285/12889/1907 4282/12890/1907 4283/12891/1907
f 4283/12892/1907 4284/12893/1907 4285/12894/1907
f 4286/12895/1914 4287/12896/1914 4291/12897/1914 4290/12898/1914
f 4287/12899/1915 4288/12900/1915 4292/12901/1915 4291/12902/1915
f 4288/12903/1912 4289/12904/1912 4293/12905/1912 4292/12906/1912
f 4289/12907/1913 4286/12908/1913 4290/12909/1913 4293/12910/1913
f 4295/12911/1906 4294/12912/1906 4297/12913/1906
f 4297/12914/1906 4296/12915/1906 4295/12916/1906
f 4301/12917/1907 4298/12918/1907 4299/12919/1907
f 4299/12920/1907 4300/12921/1907 4301/12922/1907
f 4302/12923/1915 4303/12924/1915 4307/12925/1915 4306/12926/1915
f 4303/12927/1912 4304/12928/1912 4308/12929/1912 4307/12930/1912
f 4304/12931/1913 4305/12932/1913 4309/12933/1913 4308/12934/1913
f 4305/12935/1914 4302/12936/1914 4306/12937/1914 4309/12938/1914
f 4311/12939/1906 4310/12940/1906 4313/12941/1906
f 4313/12942/1906 4312/12943/1906 4311/12944/1906
f 4317/12945/1907 4314/12946/1907 4315/12947/1907
f 4315/12948/1907 4316/12949/1907 4317/12950/1907
f 4318/12951/1919 4319/12952/1919 4323/12953/1919 4322/12954/1919
f 4319/12955/1916 4320/12956/1916 4324/12957/1916 4323/12958/1916
f 4320/12959/1917 4321/12960/1917 4325/12961/1917 4324/12962/1917
f 4321/12963/1918 4318/12964/1918 4322/12965/1918 4325/12966/1918
f 4327/12967/1906 4326/12968/1906 4329/12969/1906
f 4329/12970/1906 4328/12971/1906 4327/12972/1906
f 4333/12973/1907 4330/12974/1907 4331/12975/1907
f 4331/12976/1907 4332/12977/1907 4333/12978/1907
f 4334/12979/1922 4335/12980/1922 4339/12981/1922 4338/12982/1922
f 4335/12983/1923 4336/12984/1923 4340/12985/1923 4339/12986/1923
f 4336/12987/1920 4337/12988/1920 4341/12989/1920 4340/12990/1920
f 4337/12991/1921 4334/12992/1921 4338/12993/1921 4341/12994/1921
f 4343/12995/1906 4342/12996/1906 4345/12997/1906
f 4345/12998/1906 4344/12999/1906 4343/13000/1906
f 4349/13001/1907 4346/13002/1907 4347/13003/1907
f 4347/13004/1907 4348/13005/1907 4349/13006/1907
o body_fan_cowl
usemtl intake_pump
v 0.711477 0.420829 0.91875
v 0.70335 0.461685 0.91875
v 0.687408 0.500172 0.91875
v 0.664265 0.534809 0.91875
v 0.634809 0.564265 0.91875
v 0.600172 0.587408 0.91875
v 0.561685 0.60335 0.91875
v 0.520829 0.611477 0.91875
v 0.479171 0.611477 0.91875
v 0.438315 0.60335 0.91875
v 0.399828 0.587408 0.91875
v 0.365191 0.564265 0.91875
v 0.335735 0.534809 0.91875
v 0.312592 0.500172 0.91875
v 0.29665 0.461685 0.91875
v 0.288523 0.420829 0.91875
v 0.288523 0.379171 0.91875
v 0.29665 0.338315 0.91875
v 0.312592 0.299828 0.91875
v 0.335735 0.265191 0.91875
v 0.365191 0.235735 0.91875
v 0.399828 0.212592 0.91875
v 0.438315 0.19665 0.91875
v 0.479171 0.188523 0.91875
v 0.520829 0.188523 0.91875
v 0.561685 0.19665 0.91875
v 0.600172 0.212592 0.91875
v 0.634809 0.235735 0.91875
v 0.664265 0.265191 0.91875
v 0.687408 0.299828 0.91875
v 0.70335 0.338315 0.91875
v 0.711477 0.379171 0.91875
v 0.723917 0.422054 0.91875
v 0.715312 0.465314 0.91875
v 0.698432 0.506064 0.91875
v 0.673927 0.542738 0.91875
v 0.642738 0.573927 0.91875
v 0.606064 0.598432 0.91875
v 0.565314 0.615312 0.91875
v 0.522054 0.623917 0.91875
v 0.477946 0.623917 0.91875
v 0.434686 0.615312 0.91875
v 0.393936 0.598432 0.91875
v 0.357262 0.573927 0.91875
v 0.326073 0.542738 0.91875
v 0.301568 0.506064 0.91875
v 0.284688 0.465314 0.91875
v 0.276083 0.422054 0.91875
v 0.276083 0.377946 0.91875
v 0.284688 0.334686 0.91875
v 0.301568 0.293936 0.91875
v 0.326073 0.257262 0.91875
v 0.357262 0.226073 0.91875
v 0.393936 0.201568 0.91875
v 0.434686 0.184688 0.91875
v 0.477946 0.176083 0.91875
v 0.522054 0.176083 0.91875
v 0.565314 0.184688 0.91875
v 0.606064 0.201568 0.91875
v 0.642738 0.226073 0.91875
v 0.673927 0.257262 0.91875
v 0.698432 0.293936 0.91875
v 0.715312 0.334686 0.91875
v 0.723917 0.377946 0.91875
v 0.733246 0.422973 0.928125
v 0.724283 0.468035 0.928125
v 0.7067 0.510484 0.928125
v 0.681174 0.548686 0.928125
v 0.648686 0.581174 0.928125
v 0.610484 0.6067 0.928125
v 0.568035 0.624283 0.928125
v 0.522973 0.633246 0.928125
v 0.477027 0.633246 0.928125
v 0.431965 0.624283 0.928125
v 0.389516 0.6067 0.928125
v 0.351314 0.581174 0.928125
v 0.318826 0.548686 0.928125
v 0.2933 0.510484 0.928125
v 0.275717 0.468035 0.928125
v 0.266754 0.422973 0.928125
v 0.266754 0.377027 0.928125
v 0.275717 0.331965 0.928125
v 0.2933 0.289516 0.928125
v 0.318826 0.251314 0.928125
v 0.351314 0.218826 0.928125
v 0.389516 0.1933 0.928125
v 0.431965 0.175717 0.928125
v 0.477027 0.166754 0.928125
v 0.522973 0.166754 0.928125
v 0.568035 0.175717 0.928125
v 0.610484 0.1933 0.928125
v 0.648686 0.218826 0.928125
v 0.681174 0.251314 0.928125
v 0.7067 0.289516 0.928125
v 0.724283 0.331965 0.928125
v 0.733246 0.377027 0.928125
v 0.733246 0.422973 0.96375
v 0.724283 0.468035 0.96375
v 0.7067 0.510484 0.96375
v 0.681174 0.548686 0.96375
v 0.648686 0.581174 0.96375
v 0.610484 0.6067 0.96375
v 0.568035 0.624283 0.96375
v 0.522973 0.633246 0.96375
v 0.477027 0.633246 0.96375
v 0.431965 0.624283 0.96375
v 0.389516 0.6067 0.96375
v 0.351314 0.581174 0.96375
v 0.318826 0.548686 0.96375
v 0.2933 0.510484 0.96375
v 0.275717 0.468035 0.96375
v 0.266754 0.422973 0.96375
v 0.266754 0.377027 0.96375
v 0.275717 0.331965 0.96375
v 0.2933 0.289516 0.96375
v 0.318826 0.251314 0.96375
v 0.351314 0.218826 0.96375
v 0.389516 0.1933 0.96375
v 0.431965 0.175717 0.96375
v 0.477027 0.166754 0.96375
v 0.522973 0.166754 0.96375
v 0.568035 0.175717 0.96375
v 0.610484 0.1933 0.96375
v 0.648686 0.218826 0.96375
v 0.681174 0.251314 0.96375
v 0.7067 0.289516 0.96375
v 0.724283 0.331965 0.96375
v 0.733246 0.377027 0.96375
v 0.722051 0.42187 0.975
v 0.713517 0.46477 0.975
v 0.696779 0.50518 0.975
v 0.672478 0.541549 0.975
v 0.641549 0.572478 0.975
v 0.60518 0.596779 0.975
v 0.56477 0.613517 0.975
v 0.52187 0.622051 0.975
v 0.47813 0.622051 0.975
v 0.43523 0.613517 0.975
v 0.39482 0.596779 0.975
v 0.358451 0.572478 0.975
v 0.327522 0.541549 0.975
v 0.303221 0.50518 0.975
v 0.286483 0.46477 0.975
v 0.277949 0.42187 0.975
v 0.277949 0.37813 0.975
v 0.286483 0.33523 0.975
v 0.303221 0.29482 0.975
v 0.327522 0.258451 0.975
v 0.358451 0.227522 0.975
v 0.39482 0.203221 0.975
v 0.43523 0.186483 0.975
v 0.47813 0.177949 0.975
v 0.52187 0.177949 0.975
v 0.56477 0.186483 0.975
v 0.60518 0.203221 0.975
v 0.641549 0.227522 0.975
v 0.672478 0.258451 0.975
v 0.696779 0.29482 0.975
v 0.713517 0.33523 0.975
v 0.722051 0.37813 0.975
v 0.705257 0.420216 0.975
v 0.697369 0.459871 0.975
v 0.681896 0.497226 0.975
v 0.659433 0.530844 0.975
v 0.630844 0.559433 0.975
v 0.597226 0.581896 0.975
v 0.559871 0.597369 0.975
v 0.520216 0.605257 0.975
v 0.479784 0.605257 0.975
v 0.440129 0.597369 0.975
v 0.402774 0.581896 0.975
v 0.369156 0.559433 0.975
v 0.340567 0.530844 0.975
v 0.318104 0.497226 0.975
v 0.302631 0.459871 0.975
v 0.294743 0.420216 0.975
v 0.294743 0.379784 0.975
v 0.302631 0.340129 0.975
v 0.318104 0.302774 0.975
v 0.340567 0.269156 0.975
v 0.369156 0.240567 0.975
v 0.402774 0.218104 0.975
v 0.440129 0.202631 0.975
v 0.479784 0.194743 0.975
v 0.520216 0.194743 0.975
v 0.559871 0.202631 0.975
v 0.597226 0.218104 0.975
v 0.630844 0.240567 0.975
v 0.659433 0.269156 0.975
v 0.681896 0.302774 0.975
v 0.697369 0.340129 0.975
v 0.705257 0.379784 0.975
vt 0.324719 0.867345
vt 0.33222 0.865853
vt 0.332886 0.868049
vt 0.324944 0.869629
vt 0.33222 0.865853
vt 0.339286 0.862926
vt 0.340368 0.86495
vt 0.332886 0.868049
vt 0.339286 0.862926
vt 0.345645 0.858677
vt 0.347101 0.860451
vt 0.340368 0.86495
vt 0.345645 0.858677
vt 0.351053 0.853269
vt 0.352827 0.854725
vt 0.347101 0.860451
vt 0.351053 0.853269
vt 0.355302 0.84691
vt 0.357326 0.847992
vt 0.352827 0.854725
vt 0.355302 0.84691
vt 0.358229 0.839844
vt 0.360425 0.84051
vt 0.357326 0.847992
vt 0.358229 0.839844
vt 0.359721 0.832343
vt 0.362005 0.832568
vt 0.360425 0.84051
vt 0.359721 0.832343
vt 0.359721 0.824695
vt 0.362005 0.82447
vt 0.362005 0.832568
vt 0.359721 0.824695
vt 0.358229 0.817194
vt 0.360425 0.816528
vt 0.362005 0.82447
vt 0.358229 0.817194
vt 0.355302 0.810128
vt 0.357326 0.809046
vt 0.360425 0.816528
vt 0.355302 0.810128
vt 0.351053 0.803769
vt 0.352827 0.802313
vt 0.357326 0.809046
vt 0.351053 0.803769
vt 0.345645 0.798361
vt 0.347101 0.796587
vt 0.352827 0.802313
vt 0.345645 0.798361
vt 0.339286 0.794112
vt 0.340368 0.792088
vt 0.347101 0.796587
vt 0.339286 0.794112
vt 0.33222 0.791185
vt 0.332886 0.788989
vt 0.340368 0.792088
vt 0.33222 0.791185
vt 0.324719 0.789693
vt 0.324944 0.78741
vt 0.332886 0.788989
vt 0.324719 0.789693
vt 0.317071 0.789693
vt 0.316846 0.78741
vt 0.324944 0.78741
vt 0.317071 0.789693
vt 0.30957 0.791185
vt 0.308904 0.788989
vt 0.316846 0.78741
vt 0.30957 0.791185
vt 0.302504 0.794112
vt 0.301422 0.792088
vt 0.308904 0.788989
vt 0.302504 0.794112
vt 0.296145 0.798361
vt 0.294689 0.796587
vt 0.301422 0.792088
vt 0.296145 0.798361
vt 0.290737 0.803769
vt 0.288963 0.802313
vt 0.294689 0.796587
vt 0.290737 0.803769
vt 0.286488 0.810128
vt 0.284464 0.809046
vt 0.288963 0.802313
vt 0.286488 0.810128
vt 0.283561 0.817194
vt 0.281365 0.816528
vt 0.284464 0.809046
vt 0.283561 0.817194
vt 0.282069 0.824695
vt 0.279785 0.82447
vt 0.281365 0.816528
vt 0.282069 0.824695
vt 0.282069 0.832343
vt 0.279785 0.832568
vt 0.279785 0.82447
vt 0.282069 0.832343
vt 0.283561 0.839844
vt 0.281365 0.84051
vt 0.279785 0.832568
vt 0.283561 0.839844
vt 0.286488 0.84691
vt 0.284464 0.847992
vt 0.281365 0.84051
vt 0.286488 0.84691
vt 0.290737 0.853269
vt 0.288963 0.854725
vt 0.284464 0.847992
vt 0.290737 0.853269
vt 0.296145 0.858677
vt 0.294689 0.860451
vt 0.288963 0.854725
vt 0.296145 0.858677
vt 0.302504 0.862926
vt 0.301422 0.86495
vt 0.294689 0.860451
vt 0.302504 0.862926
vt 0.30957 0.865853
vt 0.308904 0.868049
vt 0.301422 0.86495
vt 0.30957 0.865853
vt 0.317071 0.867345
vt 0.316846 0.869629
vt 0.308904 0.868049
vt 0.317071 0.867345
vt 0.324719 0.867345
vt 0.324944 0.869629
vt 0.316846 0.869629
vt 0.212036 0.263685
vt 0.220134 0.263685
vt 0.220303 0.266113
vt 0.211867 0.266113
vt 0.220134 0.263685
vt 0.228076 0.26255
vt 0.228576 0.26493
vt 0.220303 0.266113
vt 0.228076 0.26255
vt 0.235558 0.260321
vt 0.236369 0.262609
vt 0.228576 0.26493
vt 0.777355 0.129751
vt 0.785297 0.130873
vt 0.785129 0.133301
vt 0.776855 0.132132
vt 0.785297 0.130873
vt 0.793395 0.130873
vt 0.793564 0.133301
vt 0.785129 0.133301
vt 0.793395 0.130873
vt 0.801338 0.129751
vt 0.801837 0.132132
vt 0.793564 0.133301
vt 0.749035 0.129751
vt 0.756977 0.130873
vt 0.756808 0.133301
vt 0.748535 0.132132
vt 0.756977 0.130873
vt 0.765075 0.130873
vt 0.765244 0.133301
vt 0.756808 0.133301
vt 0.765075 0.130873
vt 0.773017 0.129751
vt 0.773517 0.132132
vt 0.765244 0.133301
vt 0.692394 0.129751
vt 0.700336 0.130873
vt 0.700168 0.133301
vt 0.691895 0.132132
vt 0.700336 0.130873
vt 0.708434 0.130873
vt 0.708603 0.133301
vt 0.700168 0.133301
vt 0.708434 0.130873
vt 0.716377 0.129751
vt 0.716876 0.132132
vt 0.708603 0.133301
vt 0.890636 0.129751
vt 0.898579 0.130873
vt 0.89841 0.133301
vt 0.890137 0.132132
vt 0.898579 0.130873
vt 0.906677 0.130873
vt 0.906845 0.133301
vt 0.89841 0.133301
vt 0.906677 0.130873
vt 0.914619 0.129751
vt 0.915118 0.132132
vt 0.906845 0.133301
vt 0.805675 0.129751
vt 0.813618 0.130873
vt 0.813449 0.133301
vt 0.805176 0.132132
vt 0.813618 0.130873
vt 0.821716 0.130873
vt 0.821884 0.133301
vt 0.813449 0.133301
vt 0.821716 0.130873
vt 0.829658 0.129751
vt 0.830158 0.132132
vt 0.821884 0.133301
vt 0.833996 0.129751
vt 0.841938 0.130873
vt 0.841769 0.133301
vt 0.833496 0.132132
vt 0.841938 0.130873
vt 0.850036 0.130873
vt 0.850205 0.133301
vt 0.841769 0.133301
vt 0.850036 0.130873
vt 0.857978 0.129751
vt 0.858478 0.132132
vt 0.850205 0.133301
vt 0.862316 0.129751
vt 0.870258 0.130873
vt 0.87009 0.133301
vt 0.861816 0.132132
vt 0.870258 0.130873
vt 0.878356 0.130873
vt 0.878525 0.133301
vt 0.87009 0.133301
vt 0.878356 0.130873
vt 0.886299 0.129751
vt 0.886798 0.132132
vt 0.878525 0.133301
vt 0.664074 0.129751
vt 0.672016 0.130873
vt 0.671847 0.133301
vt 0.663574 0.132132
vt 0.672016 0.130873
vt 0.680114 0.130873
vt 0.680283 0.133301
vt 0.671847 0.133301
vt 0.680114 0.130873
vt 0.688056 0.129751
vt 0.688556 0.132132
vt 0.680283 0.133301
vt 0.720714 0.129751
vt 0.728657 0.130873
vt 0.728488 0.133301
vt 0.720215 0.132132
vt 0.728657 0.130873
vt 0.736755 0.130873
vt 0.736923 0.133301
vt 0.728488 0.133301
vt 0.736755 0.130873
vt 0.744697 0.129751
vt 0.745197 0.132132
vt 0.736923 0.133301
vt 0.196612 0.260321
vt 0.204094 0.26255
vt 0.203594 0.26493
vt 0.195801 0.262609
vt 0.204094 0.26255
vt 0.212036 0.263685
vt 0.211867 0.266113
vt 0.203594 0.26493
vt 0.295871 0.28887
vt 0.304306 0.28887
vt 0.304306 0.29541
vt 0.295871 0.29541
vt 0.304306 0.28887
vt 0.312579 0.28887
vt 0.312579 0.29541
vt 0.304306 0.29541
vt 0.500488 0.28887
vt 0.508883 0.28887
vt 0.508883 0.29541
vt 0.500488 0.29541
vt 0.508883 0.28887
vt 0.517278 0.28887
vt 0.517278 0.29541
vt 0.508883 0.29541
vt 0.377441 0.28887
vt 0.385836 0.28887
vt 0.385836 0.29541
vt 0.377441 0.29541
vt 0.385836 0.28887
vt 0.394231 0.28887
vt 0.394231 0.29541
vt 0.385836 0.29541
vt 0.397949 0.28887
vt 0.406344 0.28887
vt 0.406344 0.29541
vt 0.397949 0.29541
vt 0.406344 0.28887
vt 0.414739 0.28887
vt 0.414739 0.29541
vt 0.406344 0.29541
vt 0.418457 0.28887
vt 0.426852 0.28887
vt 0.426852 0.29541
vt 0.418457 0.29541
vt 0.426852 0.28887
vt 0.435246 0.28887
vt 0.435246 0.29541
vt 0.426852 0.29541
vt 0.438965 0.28887
vt 0.44736 0.28887
vt 0.44736 0.29541
vt 0.438965 0.29541
vt 0.44736 0.28887
vt 0.455754 0.28887
vt 0.455754 0.29541
vt 0.44736 0.29541
vt 0.520996 0.28887
vt 0.529391 0.28887
vt 0.529391 0.29541
vt 0.520996 0.29541
vt 0.529391 0.28887
vt 0.537785 0.28887
vt 0.537785 0.29541
vt 0.529391 0.29541
vt 0.459473 0.28887
vt 0.467867 0.28887
vt 0.467867 0.29541
vt 0.459473 0.29541
vt 0.467867 0.28887
vt 0.476262 0.28887
vt 0.476262 0.29541
vt 0.467867 0.29541
vt 0.47998 0.28887
vt 0.488375 0.28887
vt 0.488375 0.29541
vt 0.47998 0.29541
vt 0.488375 0.28887
vt 0.49677 0.28887
vt 0.49677 0.29541
vt 0.488375 0.29541
vt 0.562012 0.28887
vt 0.570406 0.28887
vt 0.570406 0.29541
vt 0.562012 0.29541
vt 0.570406 0.28887
vt 0.578801 0.28887
vt 0.578801 0.29541
vt 0.570406 0.29541
vt 0.356934 0.28887
vt 0.365328 0.28887
vt 0.365328 0.29541
vt 0.356934 0.29541
vt 0.365328 0.28887
vt 0.373723 0.28887
vt 0.373723 0.29541
vt 0.365328 0.29541
vt 0.541504 0.28887
vt 0.549899 0.28887
vt 0.549899 0.29541
vt 0.541504 0.29541
vt 0.549899 0.28887
vt 0.558293 0.28887
vt 0.558293 0.29541
vt 0.549899 0.29541
vt 0.315918 0.28887
vt 0.324313 0.28887
vt 0.324313 0.29541
vt 0.315918 0.29541
vt 0.324313 0.28887
vt 0.332707 0.28887
vt 0.332707 0.29541
vt 0.324313 0.29541
vt 0.58252 0.28887
vt 0.590914 0.28887
vt 0.590914 0.29541
vt 0.58252 0.29541
vt 0.590914 0.28887
vt 0.599309 0.28887
vt 0.599309 0.29541
vt 0.590914 0.29541
vt 0.336426 0.28887
vt 0.34482 0.28887
vt 0.34482 0.29541
vt 0.336426 0.29541
vt 0.34482 0.28887
vt 0.353215 0.28887
vt 0.353215 0.29541
vt 0.34482 0.29541
vt 0.603027 0.28887
vt 0.611463 0.28887
vt 0.611463 0.29541
vt 0.603027 0.29541
vt 0.287598 0.28887
vt 0.295871 0.28887
vt 0.295871 0.29541
vt 0.287598 0.29541
vt 0.018508 0.279395
vt 0.026943 0.279395
vt 0.026741 0.282308
vt 0.01871 0.282308
vt 0.026943 0.279395
vt 0.035216 0.280578
vt 0.034617 0.283435
vt 0.026741 0.282308
vt 0.035216 0.280578
vt 0.04301 0.282899
vt 0.042036 0.285645
vt 0.034617 0.283435
vt 0.177246 0.158763
vt 0.185519 0.157595
vt 0.185722 0.160509
vt 0.177846 0.161621
vt 0.185519 0.157595
vt 0.193955 0.157595
vt 0.193752 0.160509
vt 0.185722 0.160509
vt 0.193955 0.157595
vt 0.202228 0.158763
vt 0.201628 0.161621
vt 0.193752 0.160509
vt 0.262207 0.158763
vt 0.27048 0.157595
vt 0.270683 0.160509
vt 0.262807 0.161621
vt 0.27048 0.157595
vt 0.278916 0.157595
vt 0.278713 0.160509
vt 0.270683 0.160509
vt 0.278916 0.157595
vt 0.287189 0.158763
vt 0.286589 0.161621
vt 0.278713 0.160509
vt 0.120605 0.158763
vt 0.128879 0.157595
vt 0.129081 0.160509
vt 0.121205 0.161621
vt 0.128879 0.157595
vt 0.137314 0.157595
vt 0.137112 0.160509
vt 0.129081 0.160509
vt 0.137314 0.157595
vt 0.145587 0.158763
vt 0.144988 0.161621
vt 0.137112 0.160509
vt 0.233887 0.158763
vt 0.24216 0.157595
vt 0.242362 0.160509
vt 0.234486 0.161621
vt 0.24216 0.157595
vt 0.250595 0.157595
vt 0.250393 0.160509
vt 0.242362 0.160509
vt 0.250595 0.157595
vt 0.258868 0.158763
vt 0.258269 0.161621
vt 0.250393 0.160509
vt 0.148926 0.158763
vt 0.157199 0.157595
vt 0.157401 0.160509
vt 0.149525 0.161621
vt 0.157199 0.157595
vt 0.165634 0.157595
vt 0.165432 0.160509
vt 0.157401 0.160509
vt 0.165634 0.157595
vt 0.173908 0.158763
vt 0.173308 0.161621
vt 0.165432 0.160509
vt 0.205566 0.158763
vt 0.21384 0.157595
vt 0.214042 0.160509
vt 0.206166 0.161621
vt 0.21384 0.157595
vt 0.222275 0.157595
vt 0.222073 0.160509
vt 0.214042 0.160509
vt 0.222275 0.157595
vt 0.230548 0.158763
vt 0.229949 0.161621
vt 0.222073 0.160509
vt 0.318848 0.158763
vt 0.327121 0.157595
vt 0.327323 0.160509
vt 0.319447 0.161621
vt 0.327121 0.157595
vt 0.335556 0.157595
vt 0.335354 0.160509
vt 0.327323 0.160509
vt 0.335556 0.157595
vt 0.343829 0.158763
vt 0.34323 0.161621
vt 0.335354 0.160509
vt 0.290527 0.158763
vt 0.298801 0.157595
vt 0.299003 0.160509
vt 0.291127 0.161621
vt 0.298801 0.157595
vt 0.307236 0.157595
vt 0.307033 0.160509
vt 0.299003 0.160509
vt 0.307236 0.157595
vt 0.315509 0.158763
vt 0.31491 0.161621
vt 0.307033 0.160509
vt 0.347168 0.158763
vt 0.355441 0.157595
vt 0.355644 0.160509
vt 0.347768 0.161621
vt 0.355441 0.157595
vt 0.363877 0.157595
vt 0.363674 0.160509
vt 0.355644 0.160509
vt 0.363877 0.157595
vt 0.37215 0.158763
vt 0.37155 0.161621
vt 0.363674 0.160509
vt 0.002441 0.282899
vt 0.010235 0.280578
vt 0.010834 0.283435
vt 0.003415 0.285645
vt 0.010235 0.280578
vt 0.018508 0.279395
vt 0.01871 0.282308
vt 0.010834 0.283435
vt 0.410505 0.788095
vt 0.418381 0.789661
vt 0.417482 0.792626
vt 0.410201 0.791178
vt 0.418381 0.789661
vt 0.4258 0.792734
vt 0.42434 0.795467
vt 0.417482 0.792626
vt 0.4258 0.792734
vt 0.432477 0.797196
vt 0.430512 0.799591
vt 0.42434 0.795467
vt 0.432477 0.797196
vt 0.438156 0.802874
vt 0.435761 0.80484
vt 0.430512 0.799591
vt 0.438156 0.802874
vt 0.442617 0.809551
vt 0.439885 0.811012
vt 0.435761 0.80484
vt 0.442617 0.809551
vt 0.44569 0.81697
vt 0.442725 0.81787
vt 0.439885 0.811012
vt 0.44569 0.81697
vt 0.447257 0.824847
vt 0.444174 0.82515
vt 0.442725 0.81787
vt 0.447257 0.824847
vt 0.447257 0.832877
vt 0.444174 0.832573
vt 0.444174 0.82515
vt 0.447257 0.832877
vt 0.44569 0.840753
vt 0.442725 0.839854
vt 0.444174 0.832573
vt 0.44569 0.840753
vt 0.442617 0.848172
vt 0.439885 0.846712
vt 0.442725 0.839854
vt 0.442617 0.848172
vt 0.438156 0.854849
vt 0.435761 0.852884
vt 0.439885 0.846712
vt 0.438156 0.854849
vt 0.432477 0.860528
vt 0.430512 0.858133
vt 0.435761 0.852884
vt 0.432477 0.860528
vt 0.4258 0.864989
vt 0.42434 0.862257
vt 0.430512 0.858133
vt 0.4258 0.864989
vt 0.418381 0.868062
vt 0.417482 0.865098
vt 0.42434 0.862257
vt 0.418381 0.868062
vt 0.410505 0.869629
vt 0.410201 0.866546
vt 0.417482 0.865098
vt 0.410505 0.869629
vt 0.402475 0.869629
vt 0.402778 0.866546
vt 0.410201 0.866546
vt 0.402475 0.869629
vt 0.394598 0.868062
vt 0.395498 0.865098
vt 0.402778 0.866546
vt 0.394598 0.868062
vt 0.387179 0.864989
vt 0.38864 0.862257
vt 0.395498 0.865098
vt 0.387179 0.864989
vt 0.380502 0.860528
vt 0.382468 0.858133
vt 0.38864 0.862257
vt 0.380502 0.860528
vt 0.374824 0.854849
vt 0.377219 0.852884
vt 0.382468 0.858133
vt 0.374824 0.854849
vt 0.370362 0.848172
vt 0.373095 0.846712
vt 0.377219 0.852884
vt 0.370362 0.848172
vt 0.367289 0.840753
vt 0.370254 0.839854
vt 0.373095 0.846712
vt 0.367289 0.840753
vt 0.365723 0.832877
vt 0.368806 0.832573
vt 0.370254 0.839854
vt 0.365723 0.832877
vt 0.365723 0.824847
vt 0.368806 0.82515
vt 0.368806 0.832573
vt 0.365723 0.824847
vt 0.367289 0.81697
vt 0.370254 0.81787
vt 0.368806 0.82515
vt 0.367289 0.81697
vt 0.370362 0.809551
vt 0.373095 0.811012
vt 0.370254 0.81787
vt 0.370362 0.809551
vt 0.374824 0.802874
vt 0.377219 0.80484
vt 0.373095 0.811012
vt 0.374824 0.802874
vt 0.380502 0.797196
vt 0.382468 0.799591
vt 0.377219 0.80484
vt 0.380502 0.797196
vt 0.387179 0.792734
vt 0.38864 0.795467
vt 0.382468 0.799591
vt 0.387179 0.792734
vt 0.394598 0.789661
vt 0.395498 0.792626
vt 0.38864 0.795467
vt 0.394598 0.789661
vt 0.402475 0.788095
vt 0.402778 0.791178
vt 0.395498 0.792626
vt 0.402475 0.788095
vt 0.410505 0.788095
vt 0.410201 0.791178
vt 0.402778 0.791178
vn 0 0 -1
vn 0.703702 0.069309 -0.707107
vn 0.676659 0.205262 -0.707107
vn 0.623613 0.333328 -0.707107
vn 0.546601 0.448584 -0.707107
vn 0.448584 0.546601 -0.707107
vn 0.333328 0.623613 -0.707107
vn 0.205262 0.676659 -0.707107
vn 0.069309 0.703702 -0.707107
vn -0.069309 0.703702 -0.707107
vn -0.205262 0.676659 -0.707107
vn -0.333328 0.623613 -0.707107
vn -0.448584 0.546601 -0.707107
vn -0.546601 0.448584 -0.707107
vn -0.623613 0.333328 -0.707107
vn -0.676659 0.205262 -0.707107
vn -0.703702 0.069309 -0.707107
vn -0.703702 -0.069309 -0.707107
vn -0.676659 -0.205262 -0.707107
vn -0.623613 -0.333328 -0.707107
vn -0.546601 -0.448584 -0.707107
vn -0.448584 -0.546601 -0.707107
vn -0.333328 -0.623613 -0.707107
vn -0.205262 -0.676659 -0.707107
vn -0.069309 -0.703702 -0.707107
vn 0.069309 -0.703702 -0.707107
vn 0.205262 -0.676659 -0.707107
vn 0.333328 -0.623613 -0.707107
vn 0.448584 -0.546601 -0.707107
vn 0.546601 -0.448584 -0.707107
vn 0.623613 -0.333328 -0.707107
vn 0.676659 -0.205262 -0.707107
vn 0.703702 -0.069309 -0.707107
vn 0.995185 0.098017 0
vn 0.95694 0.290285 0
vn 0.881921 0.471397 0
vn 0.77301 0.634393 0
vn 0.634393 0.77301 0
vn 0.471397 0.881921 0
vn 0.290285 0.95694 0
vn 0.098017 0.995185 0
vn -0.098017 0.995185 0
vn -0.290285 0.95694 0
vn -0.471397 0.881921 0
vn -0.634393 0.77301 0
vn -0.77301 0.634393 0
vn -0.881921 0.471397 0
vn -0.95694 0.290285 0
vn -0.995185 0.098017 0
vn -0.995185 -0.098017 0
vn -0.95694 -0.290285 0
vn -0.881921 -0.471397 0
vn -0.77301 -0.634393 0
vn -0.634393 -0.77301 0
vn -0.471397 -0.881921 0
vn -0.290285 -0.95694 0
vn -0.098017 -0.995185 0
vn 0.098017 -0.995185 0
vn 0.290285 -0.95694 0
vn 0.471397 -0.881921 0
vn 0.634393 -0.77301 0
vn 0.77301 -0.634393 0
vn 0.881921 -0.471397 0
vn 0.95694 -0.290285 0
vn 0.995185 -0.098017 0
vn 0.703702 0.069309 0.707107
vn 0.676659 0.205262 0.707107
vn 0.623613 0.333328 0.707107
vn 0.546601 0.448584 0.707107
vn 0.448584 0.546601 0.707107
vn 0.333328 0.623613 0.707107
vn 0.205262 0.676659 0.707107
vn 0.069309 0.703702 0.707107
vn -0.069309 0.703702 0.707107
vn -0.205262 0.676659 0.707107
vn -0.333328 0.623613 0.707107
vn -0.448584 0.546601 0.707107
vn -0.546601 0.448584 0.707107
vn -0.623613 0.333328 0.707107
vn -0.676659 0.205262 0.707107
vn -0.703702 0.069309 0.707107
vn -0.703702 -0.069309 0.707107
vn -0.676659 -0.205262 0.707107
vn -0.623613 -0.333328 0.707107
vn -0.546601 -0.448584 0.707107
vn -0.448584 -0.546601 0.707107
vn -0.333328 -0.623613 0.707107
vn -0.205262 -0.676659 0.707107
vn -0.069309 -0.703702 0.707107
vn 0.069309 -0.703702 0.707107
vn 0.205262 -0.676659 0.707107
vn 0.333328 -0.623613 0.707107
vn 0.448584 -0.546601 0.707107
vn 0.546601 -0.448584 0.707107
vn 0.623613 -0.333328 0.707107
vn 0.676659 -0.205262 0.707107
vn 0.703702 -0.069309 0.707107
vn 0 0 1
f 4350/13007/1924 4351/13008/1924 4383/13009/1924 4382/13010/1924
f 4351/13011/1924 4352/13012/1924 4384/13013/1924 4383/13014/1924
f 4352/13015/1924 4353/13016/1924 4385/13017/1924 4384/13018/1924
f 4353/13019/1924 4354/13020/1924 4386/13021/1924 4385/13022/1924
f 4354/13023/1924 4355/13024/1924 4387/13025/1924 4386/13026/1924
f 4355/13027/1924 4356/13028/1924 4388/13029/1924 4387/13030/1924
f 4356/13031/1924 4357/13032/1924 4389/13033/1924 4388/13034/1924
f 4357/13035/1924 4358/13036/1924 4390/13037/1924 4389/13038/1924
f 4358/13039/1924 4359/13040/1924 4391/13041/1924 4390/13042/1924
f 4359/13043/1924 4360/13044/1924 4392/13045/1924 4391/13046/1924
f 4360/13047/1924 4361/13048/1924 4393/13049/1924 4392/13050/1924
f 4361/13051/1924 4362/13052/1924 4394/13053/1924 4393/13054/1924
f 4362/13055/1924 4363/13056/1924 4395/13057/1924 4394/13058/1924
f 4363/13059/1924 4364/13060/1924 4396/13061/1924 4395/13062/1924
f 4364/13063/1924 4365/13064/1924 4397/13065/1924 4396/13066/1924
f 4365/13067/1924 4366/13068/1924 4398/13069/1924 4397/13070/1924
f 4366/13071/1924 4367/13072/1924 4399/13073/1924 4398/13074/1924
f 4367/13075/1924 4368/13076/1924 4400/13077/1924 4399/13078/1924
f 4368/13079/1924 4369/13080/1924 4401/13081/1924 4400/13082/1924
f 4369/13083/1924 4370/13084/1924 4402/13085/1924 4401/13086/1924
f 4370/13087/1924 4371/13088/1924 4403/13089/1924 4402/13090/1924
f 4371/13091/1924 4372/13092/1924 4404/13093/1924 4403/13094/1924
f 4372/13095/1924 4373/13096/1924 4405/13097/1924 4404/13098/1924
f 4373/13099/1924 4374/13100/1924 4406/13101/1924 4405/13102/1924
f 4374/13103/1924 4375/13104/1924 4407/13105/1924 4406/13106/1924
f 4375/13107/1924 4376/13108/1924 4408/13109/1924 4407/13110/1924
f 4376/13111/1924 4377/13112/1924 4409/13113/1924 4408/13114/1924
f 4377/13115/1924 4378/13116/1924 4410/13117/1924 4409/13118/1924
f 4378/13119/1924 4379/13120/1924 4411/13121/1924 4410/13122/1924
f 4379/13123/1924 4380/13124/1924 4412/13125/1924 4411/13126/1924
f 4380/13127/1924 4381/13128/1924 4413/13129/1924 4412/13130/1924
f 4381/13131/1924 4350/13132/1924 4382/13133/1924 4413/13134/1924
f 4382/13135/1925 4383/13136/1926 4415/13137/1926 4414/13138/1925
f 4383/13139/1926 4384/13140/1927 4416/13141/1927 4415/13142/1926
f 4384/13143/1927 4385/13144/1928 4417/13145/1928 4416/13146/1927
f 4385/13147/1928 4386/13148/1929 4418/13149/1929 4417/13150/1928
f 4386/13151/1929 4387/13152/1930 4419/13153/1930 4418/13154/1929
f 4387/13155/1930 4388/13156/1931 4420/13157/1931 4419/13158/1930
f 4388/13159/1931 4389/13160/1932 4421/13161/1932 4420/13162/1931
f 4389/13163/1932 4390/13164/1933 4422/13165/1933 4421/13166/1932
f 4390/13167/1933 4391/13168/1934 4423/13169/1934 4422/13170/1933
f 4391/13171/1934 4392/13172/1935 4424/13173/1935 4423/13174/1934
f 4392/13175/1935 4393/13176/1936 4425/13177/1936 4424/13178/1935
f 4393/13179/1936 4394/13180/1937 4426/13181/1937 4425/13182/1936
f 4394/13183/1937 4395/13184/1938 4427/13185/1938 4426/13186/1937
f 4395/13187/1938 4396/13188/1939 4428/13189/1939 4427/13190/1938
f 4396/13191/1939 4397/13192/1940 4429/13193/1940 4428/13194/1939
f 4397/13195/1940 4398/13196/1941 4430/13197/1941 4429/13198/1940
f 4398/13199/1941 4399/13200/1942 4431/13201/1942 4430/13202/1941
f 4399/13203/1942 4400/13204/1943 4432/13205/1943 4431/13206/1942
f 4400/13207/1943 4401/13208/1944 4433/13209/1944 4432/13210/1943
f 4401/13211/1944 4402/13212/1945 4434/13213/1945 4433/13214/1944
f 4402/13215/1945 4403/13216/1946 4435/13217/1946 4434/13218/1945
f 4403/13219/1946 4404/13220/1947 4436/13221/1947 4435/13222/1946
f 4404/13223/1947 4405/13224/1948 4437/13225/1948 4436/13226/1947
f 4405/13227/1948 4406/13228/1949 4438/13229/1949 4437/13230/1948
f 4406/13231/1949 4407/13232/1950 4439/13233/1950 4438/13234/1949
f 4407/13235/1950 4408/13236/1951 4440/13237/1951 4439/13238/1950
f 4408/13239/1951 4409/13240/1952 4441/13241/1952 4440/13242/1951
f 4409/13243/1952 4410/13244/1953 4442/13245/1953 4441/13246/1952
f 4410/13247/1953 4411/13248/1954 4443/13249/1954 4442/13250/1953
f 4411/13251/1954 4412/13252/1955 4444/13253/1955 4443/13254/1954
f 4412/13255/1955 4413/13256/1956 4445/13257/1956 4444/13258/1955
f 4413/13259/1956 4382/13260/1925 4414/13261/1925 4445/13262/1956
f 4414/13263/1957 4415/13264/1958 4447/13265/1958 4446/13266/1957
f 4415/13267/1958 4416/13268/1959 4448/13269/1959 4447/13270/1958
f 4416/13271/1959 4417/13272/1960 4449/13273/1960 4448/13274/1959
f 4417/13275/1960 4418/13276/1961 4450/13277/1961 4449/13278/1960
f 4418/13279/1961 4419/13280/1962 4451/13281/1962 4450/13282/1961
f 4419/13283/1962 4420/13284/1963 4452/13285/1963 4451/13286/1962
f 4420/13287/1963 4421/13288/1964 4453/13289/1964 4452/13290/1963
f 4421/13291/1964 4422/13292/1965 4454/13293/1965 4453/13294/1964
f 4422/13295/1965 4423/13296/1966 4455/13297/1966 4454/13298/1965
f 4423/13299/1966 4424/13300/1967 4456/13301/1967 4455/13302/1966
f 4424/13303/1967 4425/13304/1968 4457/13305/1968 4456/13306/1967
f 4425/13307/1968 4426/13308/1969 4458/13309/1969 4457/13310/1968
f 4426/13311/1969 4427/13312/1970 4459/13313/1970 4458/13314/1969
f 4427/13315/1970 4428/13316/1971 4460/13317/1971 4459/13318/1970
f 4428/13319/1971 4429/13320/1972 4461/13321/1972 4460/13322/1971
f 4429/13323/1972 4430/13324/1973 4462/13325/1973 4461/13326/1972
f 4430/13327/1973 4431/13328/1974 4463/13329/1974 4462/13330/1973
f 4431/13331/1974 4432/13332/1975 4464/13333/1975 4463/13334/1974
f 4432/13335/1975 4433/13336/1976 4465/13337/1976 4464/13338/1975
f 4433/13339/1976 4434/13340/1977 4466/13341/1977 4465/13342/1976
f 4434/13343/1977 4435/13344/1978 4467/13345/1978 4466/13346/1977
f 4435/13347/1978 4436/13348/1979 4468/13349/1979 4467/13350/1978
f 4436/13351/1979 4437/13352/1980 4469/13353/1980 4468/13354/1979
f 4437/13355/1980 4438/13356/1981 4470/13357/1981 4469/13358/1980
f 4438/13359/1981 4439/13360/1982 4471/13361/1982 4470/13362/1981
f 4439/13363/1982 4440/13364/1983 4472/13365/1983 4471/13366/1982
f 4440/13367/1983 4441/13368/1984 4473/13369/1984 4472/13370/1983
f 4441/13371/1984 4442/13372/1985 4474/13373/1985 4473/13374/1984
f 4442/13375/1985 4443/13376/1986 4475/13377/1986 4474/13378/1985
f 4443/13379/1986 4444/13380/1987 4476/13381/1987 4475/13382/1986
f 4444/13383/1987 4445/13384/1988 4477/13385/1988 4476/13386/1987
f 4445/13387/1988 4414/13388/1957 4446/13389/1957 4477/13390/1988
f 4446/13391/1989 4447/13392/1990 4479/13393/1990 4478/13394/1989
f 4447/13395/1990 4448/13396/1991 4480/13397/1991 4479/13398/1990
f 4448/13399/1991 4449/13400/1992 4481/13401/1992 4480/13402/1991
f 4449/13403/1992 4450/13404/1993 4482/13405/1993 4481/13406/1992
f 4450/13407/1993 4451/13408/1994 4483/13409/1994 4482/13410/1993
f 4451/13411/1994 4452/13412/1995 4484/13413/1995 4483/13414/1994
f 4452/13415/1995 4453/13416/1996 4485/13417/1996 4484/13418/1995
f 4453/13419/1996 4454/13420/1997 4486/13421/1997 4485/13422/1996
f 4454/13423/1997 4455/13424/1998 4487/13425/1998 4486/13426/1997
f 4455/13427/1998 4456/13428/1999 4488/13429/1999 4487/13430/1998
f 4456/13431/1999 4457/13432/2000 4489/13433/2000 4488/13434/1999
f 4457/13435/2000 4458/13436/2001 4490/13437/2001 4489/13438/2000
f 4458/13439/2001 4459/13440/2002 4491/13441/2002 4490/13442/2001
f 4459/13443/2002 4460/13444/2003 4492/13445/2003 4491/13446/2002
f 4460/13447/2003 4461/13448/2004 4493/13449/2004 4492/13450/2003
f 4461/13451/2004 4462/13452/2005 4494/13453/2005 4493/13454/2004
f 4462/13455/2005 4463/13456/2006 4495/13457/2006 4494/13458/2005
f 4463/13459/2006 4464/13460/2007 4496/13461/2007 4495/13462/2006
f 4464/13463/2007 4465/13464/2008 4497/13465/2008 4496/13466/2007
f 4465/13467/2008 4466/13468/2009 4498/13469/2009 4497/13470/2008
f 4466/13471/2009 4467/13472/2010 4499/13473/2010 4498/13474/2009
f 4467/13475/2010 4468/13476/2011 4500/13477/2011 4499/13478/2010
f 4468/13479/2011 4469/13480/2012 4501/13481/2012 4500/13482/2011
f 4469/13483/2012 4470/13484/2013 4502/13485/2013 4501/13486/2012
f 4470/13487/2013 4471/13488/2014 4503/13489/2014 4502/13490/2013
f 4471/13491/2014 4472/13492/2015 4504/13493/2015 4503/13494/2014
f 4472/13495/2015 4473/13496/2016 4505/13497/2016 4504/13498/2015
f 4473/13499/2016 4474/13500/2017 4506/13501/2017 4505/13502/2016
f 4474/13503/2017 4475/13504/2018 4507/13505/2018 4506/13506/2017
f 4475/13507/2018 4476/13508/2019 4508/13509/2019 4507/13510/2018
f 4476/13511/2019 4477/13512/2020 4509/13513/2020 4508/13514/2019
f 4477/13515/2020 4446/13516/1989 4478/13517/1989 4509/13518/2020
f 4478/13519/2021 4479/13520/2021 4511/13521/2021 4510/13522/2021
f 4479/13523/2021 4480/13524/2021 4512/13525/2021 4511/13526/2021
f 4480/13527/2021 4481/13528/2021 4513/13529/2021 4512/13530/2021
f 4481/13531/2021 4482/13532/2021 4514/13533/2021 4513/13534/2021
f 4482/13535/2021 4483/13536/2021 4515/13537/2021 4514/13538/2021
f 4483/13539/2021 4484/13540/2021 4516/13541/2021 4515/13542/2021
f 4484/13543/2021 4485/13544/2021 4517/13545/2021 4516/13546/2021
f 4485/13547/2021 4486/13548/2021 4518/13549/2021 4517/13550/2021
f 4486/13551/2021 4487/13552/2021 4519/13553/2021 4518/13554/2021
f 4487/13555/2021 4488/13556/2021 4520/13557/2021 4519/13558/2021
f 4488/13559/2021 4489/13560/2021 4521/13561/2021 4520/13562/2021
f 4489/13563/2021 4490/13564/2021 4522/13565/2021 4521/13566/2021
f 4490/13567/2021 4491/13568/2021 4523/13569/2021 4522/13570/2021
f 4491/13571/2021 4492/13572/2021 4524/13573/2021 4523/13574/2021
f 4492/13575/2021 4493/13576/2021 4525/13577/2021 4524/13578/2021
f 4493/13579/2021 4494/13580/2021 4526/13581/2021 4525/13582/2021
f 4494/13583/2021 4495/13584/2021 4527/13585/2021 4526/13586/2021
f 4495/13587/2021 4496/13588/2021 4528/13589/2021 4527/13590/2021
f 4496/13591/2021 4497/13592/2021 4529/13593/2021 4528/13594/2021
f 4497/13595/2021 4498/13596/2021 4530/13597/2021 4529/13598/2021
f 4498/13599/2021 4499/13600/2021 4531/13601/2021 4530/13602/2021
f 4499/13603/2021 4500/13604/2021 4532/13605/2021 4531/13606/2021
f 4500/13607/2021 4501/13608/2021 4533/13609/2021 4532/13610/2021
f 4501/13611/2021 4502/13612/2021 4534/13613/2021 4533/13614/2021
f 4502/13615/2021 4503/13616/2021 4535/13617/2021 4534/13618/2021
f 4503/13619/2021 4504/13620/2021 4536/13621/2021 4535/13622/2021
f 4504/13623/2021 4505/13624/2021 4537/13625/2021 4536/13626/2021
f 4505/13627/2021 4506/13628/2021 4538/13629/2021 4537/13630/2021
f 4506/13631/2021 4507/13632/2021 4539/13633/2021 4538/13634/2021
f 4507/13635/2021 4508/13636/2021 4540/13637/2021 4539/13638/2021
f 4508/13639/2021 4509/13640/2021 4541/13641/2021 4540/13642/2021
f 4509/13643/2021 4478/13644/2021 4510/13645/2021 4541/13646/2021
o body_grille
usemtl intake_pump
v 0.705257 0.420216 0.95625
v 0.697369 0.459871 0.95625
v 0.681896 0.497226 0.95625
v 0.659433 0.530844 0.95625
v 0.630844 0.559433 0.95625
v 0.597226 0.581896 0.95625
v 0.559871 0.597369 0.95625
v 0.520216 0.605257 0.95625
v 0.479784 0.605257 0.95625
v 0.440129 0.597369 0.95625
v 0.402774 0.581896 0.95625
v 0.369156 0.559433 0.95625
v 0.340567 0.530844 0.95625
v 0.318104 0.497226 0.95625
v 0.302631 0.459871 0.95625
v 0.294743 0.420216 0.95625
v 0.294743 0.379784 0.95625
v 0.302631 0.340129 0.95625
v 0.318104 0.302774 0.95625
v 0.340567 0.269156 0.95625
v 0.369156 0.240567 0.95625
v 0.402774 0.218104 0.95625
v 0.440129 0.202631 0.95625
v 0.479784 0.194743 0.95625
v 0.520216 0.194743 0.95625
v 0.559871 0.202631 0.95625
v 0.597226 0.218104 0.95625
v 0.630844 0.240567 0.95625
v 0.659433 0.269156 0.95625
v 0.681896 0.302774 0.95625
v 0.697369 0.340129 0.95625
v 0.705257 0.379784 0.95625
v 0.705257 0.420216 0.959375
v 0.697369 0.459871 0.959375
v 0.681896 0.497226 0.959375
v 0.659433 0.530844 0.959375
v 0.630844 0.559433 0.959375
v 0.597226 0.581896 0.959375
v 0.559871 0.597369 0.959375
v 0.520216 0.605257 0.959375
v 0.479784 0.605257 0.959375
v 0.440129 0.597369 0.959375
v 0.402774 0.581896 0.959375
v 0.369156 0.559433 0.959375
v 0.340567 0.530844 0.959375
v 0.318104 0.497226 0.959375
v 0.302631 0.459871 0.959375
v 0.294743 0.420216 0.959375
v 0.294743 0.379784 0.959375
v 0.302631 0.340129 0.959375
v 0.318104 0.302774 0.959375
v 0.340567 0.269156 0.959375
v 0.369156 0.240567 0.959375
v 0.402774 0.218104 0.959375
v 0.440129 0.202631 0.959375
v 0.479784 0.194743 0.959375
v 0.520216 0.194743 0.959375
v 0.559871 0.202631 0.959375
v 0.597226 0.218104 0.959375
v 0.630844 0.240567 0.959375
v 0.659433 0.269156 0.959375
v 0.681896 0.302774 0.959375
v 0.697369 0.340129 0.959375
v 0.705257 0.379784 0.959375
v 0.5 0.4 0.959375
vt 0.009722 0.018469
vt 0.017145 0.018469
vt 0.017145 0.019043
vt 0.009722 0.019043
vt 0.017145 0.018469
vt 0.024425 0.018469
vt 0.024425 0.019043
vt 0.017145 0.019043
vt 0.102051 0.018469
vt 0.109438 0.018469
vt 0.109438 0.019043
vt 0.102051 0.019043
vt 0.109438 0.018469
vt 0.116825 0.018469
vt 0.116825 0.019043
vt 0.109438 0.019043
vt 0.120605 0.018469
vt 0.127993 0.018469
vt 0.127993 0.019043
vt 0.120605 0.019043
vt 0.127993 0.018469
vt 0.13538 0.018469
vt 0.13538 0.019043
vt 0.127993 0.019043
vt 0.13916 0.018469
vt 0.146547 0.018469
vt 0.146547 0.019043
vt 0.13916 0.019043
vt 0.146547 0.018469
vt 0.153935 0.018469
vt 0.153935 0.019043
vt 0.146547 0.019043
vt 0.17627 0.018469
vt 0.183657 0.018469
vt 0.183657 0.019043
vt 0.17627 0.019043
vt 0.183657 0.018469
vt 0.191044 0.018469
vt 0.191044 0.019043
vt 0.183657 0.019043
vt 0.157715 0.018469
vt 0.165102 0.018469
vt 0.165102 0.019043
vt 0.157715 0.019043
vt 0.165102 0.018469
vt 0.17249 0.018469
vt 0.17249 0.019043
vt 0.165102 0.019043
vt 0.213379 0.018469
vt 0.220766 0.018469
vt 0.220766 0.019043
vt 0.213379 0.019043
vt 0.220766 0.018469
vt 0.228154 0.018469
vt 0.228154 0.019043
vt 0.220766 0.019043
vt 0.194824 0.018469
vt 0.202212 0.018469
vt 0.202212 0.019043
vt 0.194824 0.019043
vt 0.202212 0.018469
vt 0.209599 0.018469
vt 0.209599 0.019043
vt 0.202212 0.019043
vt 0.083496 0.018469
vt 0.090883 0.018469
vt 0.090883 0.019043
vt 0.083496 0.019043
vt 0.090883 0.018469
vt 0.098271 0.018469
vt 0.098271 0.019043
vt 0.090883 0.019043
vt 0.231934 0.018469
vt 0.239321 0.018469
vt 0.239321 0.019043
vt 0.231934 0.019043
vt 0.239321 0.018469
vt 0.246708 0.018469
vt 0.246708 0.019043
vt 0.239321 0.019043
vt 0.064941 0.018469
vt 0.072329 0.018469
vt 0.072329 0.019043
vt 0.064941 0.019043
vt 0.072329 0.018469
vt 0.079716 0.018469
vt 0.079716 0.019043
vt 0.072329 0.019043
vt 0.250488 0.018469
vt 0.257876 0.018469
vt 0.257876 0.019043
vt 0.250488 0.019043
vt 0.257876 0.018469
vt 0.265263 0.018469
vt 0.265263 0.019043
vt 0.257876 0.019043
vt 0.046387 0.018469
vt 0.053774 0.018469
vt 0.053774 0.019043
vt 0.046387 0.019043
vt 0.053774 0.018469
vt 0.061161 0.018469
vt 0.061161 0.019043
vt 0.053774 0.019043
vt 0.269043 0.018469
vt 0.27643 0.018469
vt 0.27643 0.019043
vt 0.269043 0.019043
vt 0.27643 0.018469
vt 0.283818 0.018469
vt 0.283818 0.019043
vt 0.27643 0.019043
vt 0.027832 0.018469
vt 0.035219 0.018469
vt 0.035219 0.019043
vt 0.027832 0.019043
vt 0.035219 0.018469
vt 0.042607 0.018469
vt 0.042607 0.019043
vt 0.035219 0.019043
vt 0.287598 0.018469
vt 0.295021 0.018469
vt 0.295021 0.019043
vt 0.287598 0.019043
vt 0.002441 0.018469
vt 0.009722 0.018469
vt 0.009722 0.019043
vt 0.002441 0.019043
vt 0.729578 0.831945
vt 0.73329 0.794261
vt 0.74057 0.795709
vt 0.729578 0.831945
vt 0.74057 0.795709
vt 0.747428 0.79855
vt 0.729578 0.831945
vt 0.747428 0.79855
vt 0.7536 0.802674
vt 0.729578 0.831945
vt 0.7536 0.802674
vt 0.758849 0.807923
vt 0.729578 0.831945
vt 0.758849 0.807923
vt 0.762973 0.814095
vt 0.729578 0.831945
vt 0.762973 0.814095
vt 0.765814 0.820953
vt 0.729578 0.831945
vt 0.765814 0.820953
vt 0.767262 0.828233
vt 0.729578 0.831945
vt 0.767262 0.828233
vt 0.767262 0.835657
vt 0.729578 0.831945
vt 0.767262 0.835657
vt 0.765814 0.842937
vt 0.729578 0.831945
vt 0.765814 0.842937
vt 0.762973 0.849795
vt 0.729578 0.831945
vt 0.762973 0.849795
vt 0.758849 0.855967
vt 0.729578 0.831945
vt 0.758849 0.855967
vt 0.7536 0.861216
vt 0.729578 0.831945
vt 0.7536 0.861216
vt 0.747428 0.86534
vt 0.729578 0.831945
vt 0.747428 0.86534
vt 0.74057 0.868181
vt 0.729578 0.831945
vt 0.74057 0.868181
vt 0.73329 0.869629
vt 0.729578 0.831945
vt 0.73329 0.869629
vt 0.725867 0.869629
vt 0.729578 0.831945
vt 0.725867 0.869629
vt 0.718586 0.868181
vt 0.729578 0.831945
vt 0.718586 0.868181
vt 0.711728 0.86534
vt 0.729578 0.831945
vt 0.711728 0.86534
vt 0.705556 0.861216
vt 0.729578 0.831945
vt 0.705556 0.861216
vt 0.700307 0.855967
vt 0.729578 0.831945
vt 0.700307 0.855967
vt 0.696183 0.849795
vt 0.729578 0.831945
vt 0.696183 0.849795
vt 0.693343 0.842937
vt 0.729578 0.831945
vt 0.693343 0.842937
vt 0.691895 0.835657
vt 0.729578 0.831945
vt 0.691895 0.835657
vt 0.691895 0.828233
vt 0.729578 0.831945
vt 0.691895 0.828233
vt 0.693343 0.820953
vt 0.729578 0.831945
vt 0.693343 0.820953
vt 0.696183 0.814095
vt 0.729578 0.831945
vt 0.696183 0.814095
vt 0.700307 0.807923
vt 0.729578 0.831945
vt 0.700307 0.807923
vt 0.705556 0.802674
vt 0.729578 0.831945
vt 0.705556 0.802674
vt 0.711728 0.79855
vt 0.729578 0.831945
vt 0.711728 0.79855
vt 0.718586 0.795709
vt 0.729578 0.831945
vt 0.718586 0.795709
vt 0.725867 0.794261
vt 0.729578 0.831945
vt 0.725867 0.794261
vt 0.73329 0.794261
vn 0.995185 0.098017 0
vn 0.95694 0.290285 0
vn 0.881921 0.471397 0
vn 0.77301 0.634393 0
vn 0.634393 0.77301 0
vn 0.471397 0.881921 0
vn 0.290285 0.95694 0
vn 0.098017 0.995185 0
vn -0.098017 0.995185 0
vn -0.290285 0.95694 0
vn -0.471397 0.881921 0
vn -0.634393 0.77301 0
vn -0.77301 0.634393 0
vn -0.881921 0.471397 0
vn -0.95694 0.290285 0
vn -0.995185 0.098017 0
vn -0.995185 -0.098017 0
vn -0.95694 -0.290285 0
vn -0.881921 -0.471397 0
vn -0.77301 -0.634393 0
vn -0.634393 -0.77301 0
vn -0.471397 -0.881921 0
vn -0.290285 -0.95694 0
vn -0.098017 -0.995185 0
vn 0.098017 -0.995185 0
vn 0.290285 -0.95694 0
vn 0.471397 -0.881921 0
vn 0.634393 -0.77301 0
vn 0.77301 -0.634393 0
vn 0.881921 -0.471397 0
vn 0.95694 -0.290285 0
vn 0.995185 -0.098017 0
vn 0 0 1
f 4542/13647/2022 4543/13648/2023 4575/13649/2023 4574/13650/2022
f 4543/13651/2023 4544/13652/2024 4576/13653/2024 4575/13654/2023
f 4544/13655/2024 4545/13656/2025 4577/13657/2025 4576/13658/2024
f 4545/13659/2025 4546/13660/2026 4578/13661/2026 4577/13662/2025
f 4546/13663/2026 4547/13664/2027 4579/13665/2027 4578/13666/2026
f 4547/13667/2027 4548/13668/2028 4580/13669/2028 4579/13670/2027
f 4548/13671/2028 4549/13672/2029 4581/13673/2029 4580/13674/2028
f 4549/13675/2029 4550/13676/2030 4582/13677/2030 4581/13678/2029
f 4550/13679/2030 4551/13680/2031 4583/13681/2031 4582/13682/2030
f 4551/13683/2031 4552/13684/2032 4584/13685/2032 4583/13686/2031
f 4552/13687/2032 4553/13688/2033 4585/13689/2033 4584/13690/2032
f 4553/13691/2033 4554/13692/2034 4586/13693/2034 4585/13694/2033
f 4554/13695/2034 4555/13696/2035 4587/13697/2035 4586/13698/2034
f 4555/13699/2035 4556/13700/2036 4588/13701/2036 4587/13702/2035
f 4556/13703/2036 4557/13704/2037 4589/13705/2037 4588/13706/2036
f 4557/13707/2037 4558/13708/2038 4590/13709/2038 4589/13710/2037
f 4558/13711/2038 4559/13712/2039 4591/13713/2039 4590/13714/2038
f 4559/13715/2039 4560/13716/2040 4592/13717/2040 4591/13718/2039
f 4560/13719/2040 4561/13720/2041 4593/13721/2041 4592/13722/2040
f 4561/13723/2041 4562/13724/2042 4594/13725/2042 4593/13726/2041
f 4562/13727/2042 4563/13728/2043 4595/13729/2043 4594/13730/2042
f 4563/13731/2043 4564/13732/2044 4596/13733/2044 4595/13734/2043
f 4564/13735/2044 4565/13736/2045 4597/13737/2045 4596/13738/2044
f 4565/13739/2045 4566/13740/2046 4598/13741/2046 4597/13742/2045
f 4566/13743/2046 4567/13744/2047 4599/13745/2047 4598/13746/2046
f 4567/13747/2047 4568/13748/2048 4600/13749/2048 4599/13750/2047
f 4568/13751/2048 4569/13752/2049 4601/13753/2049 4600/13754/2048
f 4569/13755/2049 4570/13756/2050 4602/13757/2050 4601/13758/2049
f 4570/13759/2050 4571/13760/2051 4603/13761/2051 4602/13762/2050
f 4571/13763/2051 4572/13764/2052 4604/13765/2052 4603/13766/2051
f 4572/13767/2052 4573/13768/2053 4605/13769/2053 4604/13770/2052
f 4573/13771/2053 4542/13772/2022 4574/13773/2022 4605/13774/2053
f 4606/13775/2054 4574/13776/2054 4575/13777/2054
f 4606/13778/2054 4575/13779/2054 4576/13780/2054
f 4606/13781/2054 4576/13782/2054 4577/13783/2054
f 4606/13784/2054 4577/13785/2054 4578/13786/2054
f 4606/13787/2054 4578/13788/2054 4579/13789/2054
f 4606/13790/2054 4579/13791/2054 4580/13792/2054
f 4606/13793/2054 4580/13794/2054 4581/13795/2054
f 4606/13796/2054 4581/13797/2054 4582/13798/2054
f 4606/13799/2054 4582/13800/2054 4583/13801/2054
f 4606/13802/2054 4583/13803/2054 4584/13804/2054
f 4606/13805/2054 4584/13806/2054 4585/13807/2054
f 4606/13808/2054 4585/13809/2054 4586/13810/2054
f 4606/13811/2054 4586/13812/2054 4587/13813/2054
f 4606/13814/2054 4587/13815/2054 4588/13816/2054
f 4606/13817/2054 4588/13818/2054 4589/13819/2054
f 4606/13820/2054 4589/13821/2054 4590/13822/2054
f 4606/13823/2054 4590/13824/2054 4591/13825/2054
f 4606/13826/2054 4591/13827/2054 4592/13828/2054
f 4606/13829/2054 4592/13830/2054 4593/13831/2054
f 4606/13832/2054 4593/13833/2054 4594/13834/2054
f 4606/13835/2054 4594/13836/2054 4595/13837/2054
f 4606/13838/2054 4595/13839/2054 4596/13840/2054
f 4606/13841/2054 4596/13842/2054 4597/13843/2054
f 4606/13844/2054 4597/13845/2054 4598/13846/2054
f 4606/13847/2054 4598/13848/2054 4599/13849/2054
f 4606/13850/2054 4599/13851/2054 4600/13852/2054
f 4606/13853/2054 4600/13854/2054 4601/13855/2054
f 4606/13856/2054 4601/13857/2054 4602/13858/2054
f 4606/13859/2054 4602/13860/2054 4603/13861/2054
f 4606/13862/2054 4603/13863/2054 4604/13864/2054
f 4606/13865/2054 4604/13866/2054 4605/13867/2054
f 4606/13868/2054 4605/13869/2054 4574/13870/2054
o body_grille_rings
usemtl intake_pump
v 0.565309 0.406432 0.958125
v 0.562799 0.41905 0.958125
v 0.557876 0.430935 0.958125
v 0.550729 0.441632 0.958125
v 0.541632 0.450729 0.958125
v 0.530935 0.457876 0.958125
v 0.51905 0.462799 0.958125
v 0.506432 0.465309 0.958125
v 0.493568 0.465309 0.958125
v 0.48095 0.462799 0.958125
v 0.469065 0.457876 0.958125
v 0.458368 0.450729 0.958125
v 0.449271 0.441632 0.958125
v 0.442124 0.430935 0.958125
v 0.437201 0.41905 0.958125
v 0.434691 0.406432 0.958125
v 0.434691 0.393568 0.958125
v 0.437201 0.38095 0.958125
v 0.442124 0.369065 0.958125
v 0.449271 0.358368 0.958125
v 0.458368 0.349271 0.958125
v 0.469065 0.342124 0.958125
v 0.48095 0.337201 0.958125
v 0.493568 0.334691 0.958125
v 0.506432 0.334691 0.958125
v 0.51905 0.337201 0.958125
v 0.530935 0.342124 0.958125
v 0.541632 0.349271 0.958125
v 0.550729 0.358368 0.958125
v 0.557876 0.369065 0.958125
v 0.562799 0.38095 0.958125
v 0.565309 0.393568 0.958125
v 0.565309 0.406432 0.97375
v 0.562799 0.41905 0.97375
v 0.557876 0.430935 0.97375
v 0.550729 0.441632 0.97375
v 0.541632 0.450729 0.97375
v 0.530935 0.457876 0.97375
v 0.51905 0.462799 0.97375
v 0.506432 0.465309 0.97375
v 0.493568 0.465309 0.97375
v 0.48095 0.462799 0.97375
v 0.469065 0.457876 0.97375
v 0.458368 0.450729 0.97375
v 0.449271 0.441632 0.97375
v 0.442124 0.430935 0.97375
v 0.437201 0.41905 0.97375
v 0.434691 0.406432 0.97375
v 0.434691 0.393568 0.97375
v 0.437201 0.38095 0.97375
v 0.442124 0.369065 0.97375
v 0.449271 0.358368 0.97375
v 0.458368 0.349271 0.97375
v 0.469065 0.342124 0.97375
v 0.48095 0.337201 0.97375
v 0.493568 0.334691 0.97375
v 0.506432 0.334691 0.97375
v 0.51905 0.337201 0.97375
v 0.530935 0.342124 0.97375
v 0.541632 0.349271 0.97375
v 0.550729 0.358368 0.97375
v 0.557876 0.369065 0.97375
v 0.562799 0.38095 0.97375
v 0.565309 0.393568 0.97375
v 0.546649 0.395405 0.958125
v 0.544857 0.386393 0.958125
v 0.54134 0.377903 0.958125
v 0.536235 0.370263 0.958125
v 0.529737 0.363765 0.958125
v 0.522097 0.35866 0.958125
v 0.513607 0.355143 0.958125
v 0.504595 0.353351 0.958125
v 0.495405 0.353351 0.958125
v 0.486393 0.355143 0.958125
v 0.477903 0.35866 0.958125
v 0.470263 0.363765 0.958125
v 0.463765 0.370263 0.958125
v 0.45866 0.377903 0.958125
v 0.455143 0.386393 0.958125
v 0.453351 0.395405 0.958125
v 0.453351 0.404595 0.958125
v 0.455143 0.413607 0.958125
v 0.45866 0.422097 0.958125
v 0.463765 0.429737 0.958125
v 0.470263 0.436235 0.958125
v 0.477903 0.44134 0.958125
v 0.486393 0.444857 0.958125
v 0.495405 0.446649 0.958125
v 0.504595 0.446649 0.958125
v 0.513607 0.444857 0.958125
v 0.522097 0.44134 0.958125
v 0.529737 0.436235 0.958125
v 0.536235 0.429737 0.958125
v 0.54134 0.422097 0.958125
v 0.544857 0.413607 0.958125
v 0.546649 0.404595 0.958125
v 0.546649 0.395405 0.97375
v 0.544857 0.386393 0.97375
v 0.54134 0.377903 0.97375
v 0.536235 0.370263 0.97375
v 0.529737 0.363765 0.97375
v 0.522097 0.35866 0.97375
v 0.513607 0.355143 0.97375
v 0.504595 0.353351 0.97375
v 0.495405 0.353351 0.97375
v 0.486393 0.355143 0.97375
v 0.477903 0.35866 0.97375
v 0.470263 0.363765 0.97375
v 0.463765 0.370263 0.97375
v 0.45866 0.377903 0.97375
v 0.455143 0.386393 0.97375
v 0.453351 0.395405 0.97375
v 0.453351 0.404595 0.97375
v 0.455143 0.413607 0.97375
v 0.45866 0.422097 0.97375
v 0.463765 0.429737 0.97375
v 0.470263 0.436235 0.97375
v 0.477903 0.44134 0.97375
v 0.486393 0.444857 0.97375
v 0.495405 0.446649 0.97375
v 0.504595 0.446649 0.97375
v 0.513607 0.444857 0.97375
v 0.522097 0.44134 0.97375
v 0.529737 0.436235 0.97375
v 0.536235 0.429737 0.97375
v 0.54134 0.422097 0.97375
v 0.544857 0.413607 0.97375
v 0.546649 0.404595 0.97375
v 0.565309 0.406432 0.958125
v 0.562799 0.41905 0.958125
v 0.557876 0.430935 0.958125
v 0.550729 0.441632 0.958125
v 0.541632 0.450729 0.958125
v 0.530935 0.457876 0.958125
v 0.51905 0.462799 0.958125
v 0.506432 0.465309 0.958125
v 0.493568 0.465309 0.958125
v 0.48095 0.462799 0.958125
v 0.469065 0.457876 0.958125
v 0.458368 0.450729 0.958125
v 0.449271 0.441632 0.958125
v 0.442124 0.430935 0.958125
v 0.437201 0.41905 0.958125
v 0.434691 0.406432 0.958125
v 0.434691 0.393568 0.958125
v 0.437201 0.38095 0.958125
v 0.442124 0.369065 0.958125
v 0.449271 0.358368 0.958125
v 0.458368 0.349271 0.958125
v 0.469065 0.342124 0.958125
v 0.48095 0.337201 0.958125
v 0.493568 0.334691 0.958125
v 0.506432 0.334691 0.958125
v 0.51905 0.337201 0.958125
v 0.530935 0.342124 0.958125
v 0.541632 0.349271 0.958125
v 0.550729 0.358368 0.958125
v 0.557876 0.369065 0.958125
v 0.562799 0.38095 0.958125
v 0.565309 0.393568 0.958125
v 0.546649 0.395405 0.958125
v 0.544857 0.386393 0.958125
v 0.54134 0.377903 0.958125
v 0.536235 0.370263 0.958125
v 0.529737 0.363765 0.958125
v 0.522097 0.35866 0.958125
v 0.513607 0.355143 0.958125
v 0.504595 0.353351 0.958125
v 0.495405 0.353351 0.958125
v 0.486393 0.355143 0.958125
v 0.477903 0.35866 0.958125
v 0.470263 0.363765 0.958125
v 0.463765 0.370263 0.958125
v 0.45866 0.377903 0.958125
v 0.455143 0.386393 0.958125
v 0.453351 0.395405 0.958125
v 0.453351 0.404595 0.958125
v 0.455143 0.413607 0.958125
v 0.45866 0.422097 0.958125
v 0.463765 0.429737 0.958125
v 0.470263 0.436235 0.958125
v 0.477903 0.44134 0.958125
v 0.486393 0.444857 0.958125
v 0.495405 0.446649 0.958125
v 0.504595 0.446649 0.958125
v 0.513607 0.444857 0.958125
v 0.522097 0.44134 0.958125
v 0.529737 0.436235 0.958125
v 0.536235 0.429737 0.958125
v 0.54134 0.422097 0.958125
v 0.544857 0.413607 0.958125
v 0.546649 0.404595 0.958125
v 0.565309 0.406432 0.97375
v 0.562799 0.41905 0.97375
v 0.557876 0.430935 0.97375
v 0.550729 0.441632 0.97375
v 0.541632 0.450729 0.97375
v 0.530935 0.457876 0.97375
v 0.51905 0.462799 0.97375
v 0.506432 0.465309 0.97375
v 0.493568 0.465309 0.97375
v 0.48095 0.462799 0.97375
v 0.469065 0.457876 0.97375
v 0.458368 0.450729 0.97375
v 0.449271 0.441632 0.97375
v 0.442124 0.430935 0.97375
v 0.437201 0.41905 0.97375
v 0.434691 0.406432 0.97375
v 0.434691 0.393568 0.97375
v 0.437201 0.38095 0.97375
v 0.442124 0.369065 0.97375
v 0.449271 0.358368 0.97375
v 0.458368 0.349271 0.97375
v 0.469065 0.342124 0.97375
v 0.48095 0.337201 0.97375
v 0.493568 0.334691 0.97375
v 0.506432 0.334691 0.97375
v 0.51905 0.337201 0.97375
v 0.530935 0.342124 0.97375
v 0.541632 0.349271 0.97375
v 0.550729 0.358368 0.97375
v 0.557876 0.369065 0.97375
v 0.562799 0.38095 0.97375
v 0.565309 0.393568 0.97375
v 0.546649 0.395405 0.97375
v 0.544857 0.386393 0.97375
v 0.54134 0.377903 0.97375
v 0.536235 0.370263 0.97375
v 0.529737 0.363765 0.97375
v 0.522097 0.35866 0.97375
v 0.513607 0.355143 0.97375
v 0.504595 0.353351 0.97375
v 0.495405 0.353351 0.97375
v 0.486393 0.355143 0.97375
v 0.477903 0.35866 0.97375
v 0.470263 0.363765 0.97375
v 0.463765 0.370263 0.97375
v 0.45866 0.377903 0.97375
v 0.455143 0.386393 0.97375
v 0.453351 0.395405 0.97375
v 0.453351 0.404595 0.97375
v 0.455143 0.413607 0.97375
v 0.45866 0.422097 0.97375
v 0.463765 0.429737 0.97375
v 0.470263 0.436235 0.97375
v 0.477903 0.44134 0.97375
v 0.486393 0.444857 0.97375
v 0.495405 0.446649 0.97375
v 0.504595 0.446649 0.97375
v 0.513607 0.444857 0.97375
v 0.522097 0.44134 0.97375
v 0.529737 0.436235 0.97375
v 0.536235 0.429737 0.97375
v 0.54134 0.422097 0.97375
v 0.544857 0.413607 0.97375
v 0.546649 0.404595 0.97375
v 0.615068 0.411333 0.958125
v 0.610646 0.433564 0.958125
v 0.601972 0.454505 0.958125
v 0.589379 0.473352 0.958125
v 0.573352 0.489379 0.958125
v 0.554505 0.501972 0.958125
v 0.533564 0.510646 0.958125
v 0.511333 0.515068 0.958125
v 0.488667 0.515068 0.958125
v 0.466436 0.510646 0.958125
v 0.445495 0.501972 0.958125
v 0.426648 0.489379 0.958125
v 0.410621 0.473352 0.958125
v 0.398028 0.454505 0.958125
v 0.389354 0.433564 0.958125
v 0.384932 0.411333 0.958125
v 0.384932 0.388667 0.958125
v 0.389354 0.366436 0.958125
v 0.398028 0.345495 0.958125
v 0.410621 0.326648 0.958125
v 0.426648 0.310621 0.958125
v 0.445495 0.298028 0.958125
v 0.466436 0.289354 0.958125
v 0.488667 0.284932 0.958125
v 0.511333 0.284932 0.958125
v 0.533564 0.289354 0.958125
v 0.554505 0.298028 0.958125
v 0.573352 0.310621 0.958125
v 0.589379 0.326648 0.958125
v 0.601972 0.345495 0.958125
v 0.610646 0.366436 0.958125
v 0.615068 0.388667 0.958125
v 0.615068 0.411333 0.97375
v 0.610646 0.433564 0.97375
v 0.601972 0.454505 0.97375
v 0.589379 0.473352 0.97375
v 0.573352 0.489379 0.97375
v 0.554505 0.501972 0.97375
v 0.533564 0.510646 0.97375
v 0.511333 0.515068 0.97375
v 0.488667 0.515068 0.97375
v 0.466436 0.510646 0.97375
v 0.445495 0.501972 0.97375
v 0.426648 0.489379 0.97375
v 0.410621 0.473352 0.97375
v 0.398028 0.454505 0.97375
v 0.389354 0.433564 0.97375
v 0.384932 0.411333 0.97375
v 0.384932 0.388667 0.97375
v 0.389354 0.366436 0.97375
v 0.398028 0.345495 0.97375
v 0.410621 0.326648 0.97375
v 0.426648 0.310621 0.97375
v 0.445495 0.298028 0.97375
v 0.466436 0.289354 0.97375
v 0.488667 0.284932 0.97375
v 0.511333 0.284932 0.97375
v 0.533564 0.289354 0.97375
v 0.554505 0.298028 0.97375
v 0.573352 0.310621 0.97375
v 0.589379 0.326648 0.97375
v 0.601972 0.345495 0.97375
v 0.610646 0.366436 0.97375
v 0.615068 0.388667 0.97375
v 0.596409 0.390505 0.958125
v 0.592704 0.371879 0.958125
v 0.585436 0.354333 0.958125
v 0.574885 0.338543 0.958125
v 0.561457 0.325115 0.958125
v 0.545667 0.314564 0.958125
v 0.528121 0.307296 0.958125
v 0.509495 0.303591 0.958125
v 0.490505 0.303591 0.958125
v 0.471879 0.307296 0.958125
v 0.454333 0.314564 0.958125
v 0.438543 0.325115 0.958125
v 0.425115 0.338543 0.958125
v 0.414564 0.354333 0.958125
v 0.407296 0.371879 0.958125
v 0.403591 0.390505 0.958125
v 0.403591 0.409495 0.958125
v 0.407296 0.428121 0.958125
v 0.414564 0.445667 0.958125
v 0.425115 0.461457 0.958125
v 0.438543 0.474885 0.958125
v 0.454333 0.485436 0.958125
v 0.471879 0.492704 0.958125
v 0.490505 0.496409 0.958125
v 0.509495 0.496409 0.958125
v 0.528121 0.492704 0.958125
v 0.545667 0.485436 0.958125
v 0.561457 0.474885 0.958125
v 0.574885 0.461457 0.958125
v 0.585436 0.445667 0.958125
v 0.592704 0.428121 0.958125
v 0.596409 0.409495 0.958125
v 0.596409 0.390505 0.97375
v 0.592704 0.371879 0.97375
v 0.585436 0.354333 0.97375
v 0.574885 0.338543 0.97375
v 0.561457 0.325115 0.97375
v 0.545667 0.314564 0.97375
v 0.528121 0.307296 0.97375
v 0.509495 0.303591 0.97375
v 0.490505 0.303591 0.97375
v 0.471879 0.307296 0.97375
v 0.454333 0.314564 0.97375
v 0.438543 0.325115 0.97375
v 0.425115 0.338543 0.97375
v 0.414564 0.354333 0.97375
v 0.407296 0.371879 0.97375
v 0.403591 0.390505 0.97375
v 0.403591 0.409495 0.97375
v 0.407296 0.428121 0.97375
v 0.414564 0.445667 0.97375
v 0.425115 0.461457 0.97375
v 0.438543 0.474885 0.97375
v 0.454333 0.485436 0.97375
v 0.471879 0.492704 0.97375
v 0.490505 0.496409 0.97375
v 0.509495 0.496409 0.97375
v 0.528121 0.492704 0.97375
v 0.545667 0.485436 0.97375
v 0.561457 0.474885 0.97375
v 0.574885 0.461457 0.97375
v 0.585436 0.445667 0.97375
v 0.592704 0.428121 0.97375
v 0.596409 0.409495 0.97375
v 0.615068 0.411333 0.958125
v 0.610646 0.433564 0.958125
v 0.601972 0.454505 0.958125
v 0.589379 0.473352 0.958125
v 0.573352 0.489379 0.958125
v 0.554505 0.501972 0.958125
v 0.533564 0.510646 0.958125
v 0.511333 0.515068 0.958125
v 0.488667 0.515068 0.958125
v 0.466436 0.510646 0.958125
v 0.445495 0.501972 0.958125
v 0.426648 0.489379 0.958125
v 0.410621 0.473352 0.958125
v 0.398028 0.454505 0.958125
v 0.389354 0.433564 0.958125
v 0.384932 0.411333 0.958125
v 0.384932 0.388667 0.958125
v 0.389354 0.366436 0.958125
v 0.398028 0.345495 0.958125
v 0.410621 0.326648 0.958125
v 0.426648 0.310621 0.958125
v 0.445495 0.298028 0.958125
v 0.466436 0.289354 0.958125
v 0.488667 0.284932 0.958125
v 0.511333 0.284932 0.958125
v 0.533564 0.289354 0.958125
v 0.554505 0.298028 0.958125
v 0.573352 0.310621 0.958125
v 0.589379 0.326648 0.958125
v 0.601972 0.345495 0.958125
v 0.610646 0.366436 0.958125
v 0.615068 0.388667 0.958125
v 0.596409 0.390505 0.958125
v 0.592704 0.371879 0.958125
v 0.585436 0.354333 0.958125
v 0.574885 0.338543 0.958125
v 0.561457 0.325115 0.958125
v 0.545667 0.314564 0.958125
v 0.528121 0.307296 0.958125
v 0.509495 0.303591 0.958125
v 0.490505 0.303591 0.958125
v 0.471879 0.307296 0.958125
v 0.454333 0.314564 0.958125
v 0.438543 0.325115 0.958125
v 0.425115 0.338543 0.958125
v 0.414564 0.354333 0.958125
v 0.407296 0.371879 0.958125
v 0.403591 0.390505 0.958125
v 0.403591 0.409495 0.958125
v 0.407296 0.428121 0.958125
v 0.414564 0.445667 0.958125
v 0.425115 0.461457 0.958125
v 0.438543 0.474885 0.958125
v 0.454333 0.485436 0.958125
v 0.471879 0.492704 0.958125
v 0.490505 0.496409 0.958125
v 0.509495 0.496409 0.958125
v 0.528121 0.492704 0.958125
v 0.545667 0.485436 0.958125
v 0.561457 0.474885 0.958125
v 0.574885 0.461457 0.958125
v 0.585436 0.445667 0.958125
v 0.592704 0.428121 0.958125
v 0.596409 0.409495 0.958125
v 0.615068 0.411333 0.97375
v 0.610646 0.433564 0.97375
v 0.601972 0.454505 0.97375
v 0.589379 0.473352 0.97375
v 0.573352 0.489379 0.97375
v 0.554505 0.501972 0.97375
v 0.533564 0.510646 0.97375
v 0.511333 0.515068 0.97375
v 0.488667 0.515068 0.97375
v 0.466436 0.510646 0.97375
v 0.445495 0.501972 0.97375
v 0.426648 0.489379 0.97375
v 0.410621 0.473352 0.97375
v 0.398028 0.454505 0.97375
v 0.389354 0.433564 0.97375
v 0.384932 0.411333 0.97375
v 0.384932 0.388667 0.97375
v 0.389354 0.366436 0.97375
v 0.398028 0.345495 0.97375
v 0.410621 0.326648 0.97375
v 0.426648 0.310621 0.97375
v 0.445495 0.298028 0.97375
v 0.466436 0.289354 0.97375
v 0.488667 0.284932 0.97375
v 0.511333 0.284932 0.97375
v 0.533564 0.289354 0.97375
v 0.554505 0.298028 0.97375
v 0.573352 0.310621 0.97375
v 0.589379 0.326648 0.97375
v 0.601972 0.345495 0.97375
v 0.610646 0.366436 0.97375
v 0.615068 0.388667 0.97375
v 0.596409 0.390505 0.97375
v 0.592704 0.371879 0.97375
v 0.585436 0.354333 0.97375
v 0.574885 0.338543 0.97375
v 0.561457 0.325115 0.97375
v 0.545667 0.314564 0.97375
v 0.528121 0.307296 0.97375
v 0.509495 0.303591 0.97375
v 0.490505 0.303591 0.97375
v 0.471879 0.307296 0.97375
v 0.454333 0.314564 0.97375
v 0.438543 0.325115 0.97375
v 0.425115 0.338543 0.97375
v 0.414564 0.354333 0.97375
v 0.407296 0.371879 0.97375
v 0.403591 0.390505 0.97375
v 0.403591 0.409495 0.97375
v 0.407296 0.428121 0.97375
v 0.414564 0.445667 0.97375
v 0.425115 0.461457 0.97375
v 0.438543 0.474885 0.97375
v 0.454333 0.485436 0.97375
v 0.471879 0.492704 0.97375
v 0.490505 0.496409 0.97375
v 0.509495 0.496409 0.97375
v 0.528121 0.492704 0.97375
v 0.545667 0.485436 0.97375
v 0.561457 0.474885 0.97375
v 0.574885 0.461457 0.97375
v 0.585436 0.445667 0.97375
v 0.592704 0.428121 0.97375
v 0.596409 0.409495 0.97375
v 0.664827 0.416234 0.958125
v 0.658493 0.448078 0.958125
v 0.646068 0.478075 0.958125
v 0.62803 0.505071 0.958125
v 0.605071 0.52803 0.958125
v 0.578075 0.546068 0.958125
v 0.548078 0.558493 0.958125
v 0.516234 0.564827 0.958125
v 0.483766 0.564827 0.958125
v 0.451922 0.558493 0.958125
v 0.421925 0.546068 0.958125
v 0.394929 0.52803 0.958125
v 0.37197 0.505071 0.958125
v 0.353932 0.478075 0.958125
v 0.341507 0.448078 0.958125
v 0.335173 0.416234 0.958125
v 0.335173 0.383766 0.958125
v 0.341507 0.351922 0.958125
v 0.353932 0.321925 0.958125
v 0.37197 0.294929 0.958125
v 0.394929 0.27197 0.958125
v 0.421925 0.253932 0.958125
v 0.451922 0.241507 0.958125
v 0.483766 0.235173 0.958125
v 0.516234 0.235173 0.958125
v 0.548078 0.241507 0.958125
v 0.578075 0.253932 0.958125
v 0.605071 0.27197 0.958125
v 0.62803 0.294929 0.958125
v 0.646068 0.321925 0.958125
v 0.658493 0.351922 0.958125
v 0.664827 0.383766 0.958125
v 0.664827 0.416234 0.97375
v 0.658493 0.448078 0.97375
v 0.646068 0.478075 0.97375
v 0.62803 0.505071 0.97375
v 0.605071 0.52803 0.97375
v 0.578075 0.546068 0.97375
v 0.548078 0.558493 0.97375
v 0.516234 0.564827 0.97375
v 0.483766 0.564827 0.97375
v 0.451922 0.558493 0.97375
v 0.421925 0.546068 0.97375
v 0.394929 0.52803 0.97375
v 0.37197 0.505071 0.97375
v 0.353932 0.478075 0.97375
v 0.341507 0.448078 0.97375
v 0.335173 0.416234 0.97375
v 0.335173 0.383766 0.97375
v 0.341507 0.351922 0.97375
v 0.353932 0.321925 0.97375
v 0.37197 0.294929 0.97375
v 0.394929 0.27197 0.97375
v 0.421925 0.253932 0.97375
v 0.451922 0.241507 0.97375
v 0.483766 0.235173 0.97375
v 0.516234 0.235173 0.97375
v 0.548078 0.241507 0.97375
v 0.578075 0.253932 0.97375
v 0.605071 0.27197 0.97375
v 0.62803 0.294929 0.97375
v 0.646068 0.321925 0.97375
v 0.658493 0.351922 0.97375
v 0.664827 0.383766 0.97375
v 0.646168 0.385604 0.958125
v 0.640551 0.357364 0.958125
v 0.629532 0.330764 0.958125
v 0.613536 0.306823 0.958125
v 0.593177 0.286464 0.958125
v 0.569236 0.270468 0.958125
v 0.542636 0.259449 0.958125
v 0.514396 0.253832 0.958125
v 0.485604 0.253832 0.958125
v 0.457364 0.259449 0.958125
v 0.430764 0.270468 0.958125
v 0.406823 0.286464 0.958125
v 0.386464 0.306823 0.958125
v 0.370468 0.330764 0.958125
v 0.359449 0.357364 0.958125
v 0.353832 0.385604 0.958125
v 0.353832 0.414396 0.958125
v 0.359449 0.442636 0.958125
v 0.370468 0.469236 0.958125
v 0.386464 0.493177 0.958125
v 0.406823 0.513536 0.958125
v 0.430764 0.529532 0.958125
v 0.457364 0.540551 0.958125
v 0.485604 0.546168 0.958125
v 0.514396 0.546168 0.958125
v 0.542636 0.540551 0.958125
v 0.569236 0.529532 0.958125
v 0.593177 0.513536 0.958125
v 0.613536 0.493177 0.958125
v 0.629532 0.469236 0.958125
v 0.640551 0.442636 0.958125
v 0.646168 0.414396 0.958125
v 0.646168 0.385604 0.97375
v 0.640551 0.357364 0.97375
v 0.629532 0.330764 0.97375
v 0.613536 0.306823 0.97375
v 0.593177 0.286464 0.97375
v 0.569236 0.270468 0.97375
v 0.542636 0.259449 0.97375
v 0.514396 0.253832 0.97375
v 0.485604 0.253832 0.97375
v 0.457364 0.259449 0.97375
v 0.430764 0.270468 0.97375
v 0.406823 0.286464 0.97375
v 0.386464 0.306823 0.97375
v 0.370468 0.330764 0.97375
v 0.359449 0.357364 0.97375
v 0.353832 0.385604 0.97375
v 0.353832 0.414396 0.97375
v 0.359449 0.442636 0.97375
v 0.370468 0.469236 0.97375
v 0.386464 0.493177 0.97375
v 0.406823 0.513536 0.97375
v 0.430764 0.529532 0.97375
v 0.457364 0.540551 0.97375
v 0.485604 0.546168 0.97375
v 0.514396 0.546168 0.97375
v 0.542636 0.540551 0.97375
v 0.569236 0.529532 0.97375
v 0.593177 0.513536 0.97375
v 0.613536 0.493177 0.97375
v 0.629532 0.469236 0.97375
v 0.640551 0.442636 0.97375
v 0.646168 0.414396 0.97375
v 0.664827 0.416234 0.958125
v 0.658493 0.448078 0.958125
v 0.646068 0.478075 0.958125
v 0.62803 0.505071 0.958125
v 0.605071 0.52803 0.958125
v 0.578075 0.546068 0.958125
v 0.548078 0.558493 0.958125
v 0.516234 0.564827 0.958125
v 0.483766 0.564827 0.958125
v 0.451922 0.558493 0.958125
v 0.421925 0.546068 0.958125
v 0.394929 0.52803 0.958125
v 0.37197 0.505071 0.958125
v 0.353932 0.478075 0.958125
v 0.341507 0.448078 0.958125
v 0.335173 0.416234 0.958125
v 0.335173 0.383766 0.958125
v 0.341507 0.351922 0.958125
v 0.353932 0.321925 0.958125
v 0.37197 0.294929 0.958125
v 0.394929 0.27197 0.958125
v 0.421925 0.253932 0.958125
v 0.451922 0.241507 0.958125
v 0.483766 0.235173 0.958125
v 0.516234 0.235173 0.958125
v 0.548078 0.241507 0.958125
v 0.578075 0.253932 0.958125
v 0.605071 0.27197 0.958125
v 0.62803 0.294929 0.958125
v 0.646068 0.321925 0.958125
v 0.658493 0.351922 0.958125
v 0.664827 0.383766 0.958125
v 0.646168 0.385604 0.958125
v 0.640551 0.357364 0.958125
v 0.629532 0.330764 0.958125
v 0.613536 0.306823 0.958125
v 0.593177 0.286464 0.958125
v 0.569236 0.270468 0.958125
v 0.542636 0.259449 0.958125
v 0.514396 0.253832 0.958125
v 0.485604 0.253832 0.958125
v 0.457364 0.259449 0.958125
v 0.430764 0.270468 0.958125
v 0.406823 0.286464 0.958125
v 0.386464 0.306823 0.958125
v 0.370468 0.330764 0.958125
v 0.359449 0.357364 0.958125
v 0.353832 0.385604 0.958125
v 0.353832 0.414396 0.958125
v 0.359449 0.442636 0.958125
v 0.370468 0.469236 0.958125
v 0.386464 0.493177 0.958125
v 0.406823 0.513536 0.958125
v 0.430764 0.529532 0.958125
v 0.457364 0.540551 0.958125
v 0.485604 0.546168 0.958125
v 0.514396 0.546168 0.958125
v 0.542636 0.540551 0.958125
v 0.569236 0.529532 0.958125
v 0.593177 0.513536 0.958125
v 0.613536 0.493177 0.958125
v 0.629532 0.469236 0.958125
v 0.640551 0.442636 0.958125
v 0.646168 0.414396 0.958125
v 0.664827 0.416234 0.97375
v 0.658493 0.448078 0.97375
v 0.646068 0.478075 0.97375
v 0.62803 0.505071 0.97375
v 0.605071 0.52803 0.97375
v 0.578075 0.546068 0.97375
v 0.548078 0.558493 0.97375
v 0.516234 0.564827 0.97375
v 0.483766 0.564827 0.97375
v 0.451922 0.558493 0.97375
v 0.421925 0.546068 0.97375
v 0.394929 0.52803 0.97375
v 0.37197 0.505071 0.97375
v 0.353932 0.478075 0.97375
v 0.341507 0.448078 0.97375
v 0.335173 0.416234 0.97375
v 0.335173 0.383766 0.97375
v 0.341507 0.351922 0.97375
v 0.353932 0.321925 0.97375
v 0.37197 0.294929 0.97375
v 0.394929 0.27197 0.97375
v 0.421925 0.253932 0.97375
v 0.451922 0.241507 0.97375
v 0.483766 0.235173 0.97375
v 0.516234 0.235173 0.97375
v 0.548078 0.241507 0.97375
v 0.578075 0.253932 0.97375
v 0.605071 0.27197 0.97375
v 0.62803 0.294929 0.97375
v 0.646068 0.321925 0.97375
v 0.658493 0.351922 0.97375
v 0.664827 0.383766 0.97375
v 0.646168 0.385604 0.97375
v 0.640551 0.357364 0.97375
v 0.629532 0.330764 0.97375
v 0.613536 0.306823 0.97375
v 0.593177 0.286464 0.97375
v 0.569236 0.270468 0.97375
v 0.542636 0.259449 0.97375
v 0.514396 0.253832 0.97375
v 0.485604 0.253832 0.97375
v 0.457364 0.259449 0.97375
v 0.430764 0.270468 0.97375
v 0.406823 0.286464 0.97375
v 0.386464 0.306823 0.97375
v 0.370468 0.330764 0.97375
v 0.359449 0.357364 0.97375
v 0.353832 0.385604 0.97375
v 0.353832 0.414396 0.97375
v 0.359449 0.442636 0.97375
v 0.370468 0.469236 0.97375
v 0.386464 0.493177 0.97375
v 0.406823 0.513536 0.97375
v 0.430764 0.529532 0.97375
v 0.457364 0.540551 0.97375
v 0.485604 0.546168 0.97375
v 0.514396 0.546168 0.97375
v 0.542636 0.540551 0.97375
v 0.569236 0.529532 0.97375
v 0.593177 0.513536 0.97375
v 0.613536 0.493177 0.97375
v 0.629532 0.469236 0.97375
v 0.640551 0.442636 0.97375
v 0.646168 0.414396 0.97375
v 0.708367 0.420522 0.958125
v 0.700359 0.460778 0.958125
v 0.684652 0.498699 0.958125
v 0.661849 0.532826 0.958125
v 0.632826 0.561849 0.958125
v 0.598699 0.584652 0.958125
v 0.560778 0.600359 0.958125
v 0.520522 0.608367 0.958125
v 0.479478 0.608367 0.958125
v 0.439222 0.600359 0.958125
v 0.401301 0.584652 0.958125
v 0.367174 0.561849 0.958125
v 0.338151 0.532826 0.958125
v 0.315348 0.498699 0.958125
v 0.299641 0.460778 0.958125
v 0.291633 0.420522 0.958125
v 0.291633 0.379478 0.958125
v 0.299641 0.339222 0.958125
v 0.315348 0.301301 0.958125
v 0.338151 0.267174 0.958125
v 0.367174 0.238151 0.958125
v 0.401301 0.215348 0.958125
v 0.439222 0.199641 0.958125
v 0.479478 0.191633 0.958125
v 0.520522 0.191633 0.958125
v 0.560778 0.199641 0.958125
v 0.598699 0.215348 0.958125
v 0.632826 0.238151 0.958125
v 0.661849 0.267174 0.958125
v 0.684652 0.301301 0.958125
v 0.700359 0.339222 0.958125
v 0.708367 0.379478 0.958125
v 0.708367 0.420522 0.97375
v 0.700359 0.460778 0.97375
v 0.684652 0.498699 0.97375
v 0.661849 0.532826 0.97375
v 0.632826 0.561849 0.97375
v 0.598699 0.584652 0.97375
v 0.560778 0.600359 0.97375
v 0.520522 0.608367 0.97375
v 0.479478 0.608367 0.97375
v 0.439222 0.600359 0.97375
v 0.401301 0.584652 0.97375
v 0.367174 0.561849 0.97375
v 0.338151 0.532826 0.97375
v 0.315348 0.498699 0.97375
v 0.299641 0.460778 0.97375
v 0.291633 0.420522 0.97375
v 0.291633 0.379478 0.97375
v 0.299641 0.339222 0.97375
v 0.315348 0.301301 0.97375
v 0.338151 0.267174 0.97375
v 0.367174 0.238151 0.97375
v 0.401301 0.215348 0.97375
v 0.439222 0.199641 0.97375
v 0.479478 0.191633 0.97375
v 0.520522 0.191633 0.97375
v 0.560778 0.199641 0.97375
v 0.598699 0.215348 0.97375
v 0.632826 0.238151 0.97375
v 0.661849 0.267174 0.97375
v 0.684652 0.301301 0.97375
v 0.700359 0.339222 0.97375
v 0.708367 0.379478 0.97375
v 0.689707 0.381315 0.958125
v 0.682417 0.344664 0.958125
v 0.668116 0.31014 0.958125
v 0.647355 0.279069 0.958125
v 0.620931 0.252645 0.958125
v 0.58986 0.231884 0.958125
v 0.555336 0.217583 0.958125
v 0.518685 0.210293 0.958125
v 0.481315 0.210293 0.958125
v 0.444664 0.217583 0.958125
v 0.41014 0.231884 0.958125
v 0.379069 0.252645 0.958125
v 0.352645 0.279069 0.958125
v 0.331884 0.31014 0.958125
v 0.317583 0.344664 0.958125
v 0.310293 0.381315 0.958125
v 0.310293 0.418685 0.958125
v 0.317583 0.455336 0.958125
v 0.331884 0.48986 0.958125
v 0.352645 0.520931 0.958125
v 0.379069 0.547355 0.958125
v 0.41014 0.568116 0.958125
v 0.444664 0.582417 0.958125
v 0.481315 0.589707 0.958125
v 0.518685 0.589707 0.958125
v 0.555336 0.582417 0.958125
v 0.58986 0.568116 0.958125
v 0.620931 0.547355 0.958125
v 0.647355 0.520931 0.958125
v 0.668116 0.48986 0.958125
v 0.682417 0.455336 0.958125
v 0.689707 0.418685 0.958125
v 0.689707 0.381315 0.97375
v 0.682417 0.344664 0.97375
v 0.668116 0.31014 0.97375
v 0.647355 0.279069 0.97375
v 0.620931 0.252645 0.97375
v 0.58986 0.231884 0.97375
v 0.555336 0.217583 0.97375
v 0.518685 0.210293 0.97375
v 0.481315 0.210293 0.97375
v 0.444664 0.217583 0.97375
v 0.41014 0.231884 0.97375
v 0.379069 0.252645 0.97375
v 0.352645 0.279069 0.97375
v 0.331884 0.31014 0.97375
v 0.317583 0.344664 0.97375
v 0.310293 0.381315 0.97375
v 0.310293 0.418685 0.97375
v 0.317583 0.455336 0.97375
v 0.331884 0.48986 0.97375
v 0.352645 0.520931 0.97375
v 0.379069 0.547355 0.97375
v 0.41014 0.568116 0.97375
v 0.444664 0.582417 0.97375
v 0.481315 0.589707 0.97375
v 0.518685 0.589707 0.97375
v 0.555336 0.582417 0.97375
v 0.58986 0.568116 0.97375
v 0.620931 0.547355 0.97375
v 0.647355 0.520931 0.97375
v 0.668116 0.48986 0.97375
v 0.682417 0.455336 0.97375
v 0.689707 0.418685 0.97375
v 0.708367 0.420522 0.958125
v 0.700359 0.460778 0.958125
v 0.684652 0.498699 0.958125
v 0.661849 0.532826 0.958125
v 0.632826 0.561849 0.958125
v 0.598699 0.584652 0.958125
v 0.560778 0.600359 0.958125
v 0.520522 0.608367 0.958125
v 0.479478 0.608367 0.958125
v 0.439222 0.600359 0.958125
v 0.401301 0.584652 0.958125
v 0.367174 0.561849 0.958125
v 0.338151 0.532826 0.958125
v 0.315348 0.498699 0.958125
v 0.299641 0.460778 0.958125
v 0.291633 0.420522 0.958125
v 0.291633 0.379478 0.958125
v 0.299641 0.339222 0.958125
v 0.315348 0.301301 0.958125
v 0.338151 0.267174 0.958125
v 0.367174 0.238151 0.958125
v 0.401301 0.215348 0.958125
v 0.439222 0.199641 0.958125
v 0.479478 0.191633 0.958125
v 0.520522 0.191633 0.958125
v 0.560778 0.199641 0.958125
v 0.598699 0.215348 0.958125
v 0.632826 0.238151 0.958125
v 0.661849 0.267174 0.958125
v 0.684652 0.301301 0.958125
v 0.700359 0.339222 0.958125
v 0.708367 0.379478 0.958125
v 0.689707 0.381315 0.958125
v 0.682417 0.344664 0.958125
v 0.668116 0.31014 0.958125
v 0.647355 0.279069 0.958125
v 0.620931 0.252645 0.958125
v 0.58986 0.231884 0.958125
v 0.555336 0.217583 0.958125
v 0.518685 0.210293 0.958125
v 0.481315 0.210293 0.958125
v 0.444664 0.217583 0.958125
v 0.41014 0.231884 0.958125
v 0.379069 0.252645 0.958125
v 0.352645 0.279069 0.958125
v 0.331884 0.31014 0.958125
v 0.317583 0.344664 0.958125
v 0.310293 0.381315 0.958125
v 0.310293 0.418685 0.958125
v 0.317583 0.455336 0.958125
v 0.331884 0.48986 0.958125
v 0.352645 0.520931 0.958125
v 0.379069 0.547355 0.958125
v 0.41014 0.568116 0.958125
v 0.444664 0.582417 0.958125
v 0.481315 0.589707 0.958125
v 0.518685 0.589707 0.958125
v 0.555336 0.582417 0.958125
v 0.58986 0.568116 0.958125
v 0.620931 0.547355 0.958125
v 0.647355 0.520931 0.958125
v 0.668116 0.48986 0.958125
v 0.682417 0.455336 0.958125
v 0.689707 0.418685 0.958125
v 0.708367 0.420522 0.97375
v 0.700359 0.460778 0.97375
v 0.684652 0.498699 0.97375
v 0.661849 0.532826 0.97375
v 0.632826 0.561849 0.97375
v 0.598699 0.584652 0.97375
v 0.560778 0.600359 0.97375
v 0.520522 0.608367 0.97375
v 0.479478 0.608367 0.97375
v 0.439222 0.600359 0.97375
v 0.401301 0.584652 0.97375
v 0.367174 0.561849 0.97375
v 0.338151 0.532826 0.97375
v 0.315348 0.498699 0.97375
v 0.299641 0.460778 0.97375
v 0.291633 0.420522 0.97375
v 0.291633 0.379478 0.97375
v 0.299641 0.339222 0.97375
v 0.315348 0.301301 0.97375
v 0.338151 0.267174 0.97375
v 0.367174 0.238151 0.97375
v 0.401301 0.215348 0.97375
v 0.439222 0.199641 0.97375
v 0.479478 0.191633 0.97375
v 0.520522 0.191633 0.97375
v 0.560778 0.199641 0.97375
v 0.598699 0.215348 0.97375
v 0.632826 0.238151 0.97375
v 0.661849 0.267174 0.97375
v 0.684652 0.301301 0.97375
v 0.700359 0.339222 0.97375
v 0.708367 0.379478 0.97375
v 0.689707 0.381315 0.97375
v 0.682417 0.344664 0.97375
v 0.668116 0.31014 0.97375
v 0.647355 0.279069 0.97375
v 0.620931 0.252645 0.97375
v 0.58986 0.231884 0.97375
v 0.555336 0.217583 0.97375
v 0.518685 0.210293 0.97375
v 0.481315 0.210293 0.97375
v 0.444664 0.217583 0.97375
v 0.41014 0.231884 0.97375
v 0.379069 0.252645 0.97375
v 0.352645 0.279069 0.97375
v 0.331884 0.31014 0.97375
v 0.317583 0.344664 0.97375
v 0.310293 0.381315 0.97375
v 0.310293 0.418685 0.97375
v 0.317583 0.455336 0.97375
v 0.331884 0.48986 0.97375
v 0.352645 0.520931 0.97375
v 0.379069 0.547355 0.97375
v 0.41014 0.568116 0.97375
v 0.444664 0.582417 0.97375
v 0.481315 0.589707 0.97375
v 0.518685 0.589707 0.97375
v 0.555336 0.582417 0.97375
v 0.58986 0.568116 0.97375
v 0.620931 0.547355 0.97375
v 0.647355 0.520931 0.97375
v 0.668116 0.48986 0.97375
v 0.682417 0.455336 0.97375
v 0.689707 0.418685 0.97375
v 0.527585 0.405487 0.958125
v 0.523385 0.415625 0.958125
v 0.515625 0.423385 0.958125
v 0.505487 0.427585 0.958125
v 0.494513 0.427585 0.958125
v 0.484375 0.423385 0.958125
v 0.476615 0.415625 0.958125
v 0.472415 0.405487 0.958125
v 0.472415 0.394513 0.958125
v 0.476615 0.384375 0.958125
v 0.484375 0.376615 0.958125
v 0.494513 0.372415 0.958125
v 0.505487 0.372415 0.958125
v 0.515625 0.376615 0.958125
v 0.523385 0.384375 0.958125
v 0.527585 0.394513 0.958125
v 0.527585 0.405487 0.97375
v 0.523385 0.415625 0.97375
v 0.515625 0.423385 0.97375
v 0.505487 0.427585 0.97375
v 0.494513 0.427585 0.97375
v 0.484375 0.423385 0.97375
v 0.476615 0.415625 0.97375
v 0.472415 0.405487 0.97375
v 0.472415 0.394513 0.97375
v 0.476615 0.384375 0.97375
v 0.484375 0.376615 0.97375
v 0.494513 0.372415 0.97375
v 0.505487 0.372415 0.97375
v 0.515625 0.376615 0.97375
v 0.523385 0.384375 0.97375
v 0.527585 0.394513 0.97375
v 0.527585 0.405487 0.958125
v 0.523385 0.415625 0.958125
v 0.515625 0.423385 0.958125
v 0.505487 0.427585 0.958125
v 0.494513 0.427585 0.958125
v 0.484375 0.423385 0.958125
v 0.476615 0.415625 0.958125
v 0.472415 0.405487 0.958125
v 0.472415 0.394513 0.958125
v 0.476615 0.384375 0.958125
v 0.484375 0.376615 0.958125
v 0.494513 0.372415 0.958125
v 0.505487 0.372415 0.958125
v 0.515625 0.376615 0.958125
v 0.523385 0.384375 0.958125
v 0.527585 0.394513 0.958125
v 0.527585 0.405487 0.97375
v 0.523385 0.415625 0.97375
v 0.515625 0.423385 0.97375
v 0.505487 0.427585 0.97375
v 0.494513 0.427585 0.97375
v 0.484375 0.423385 0.97375
v 0.476615 0.415625 0.97375
v 0.472415 0.405487 0.97375
v 0.472415 0.394513 0.97375
v 0.476615 0.384375 0.97375
v 0.484375 0.376615 0.97375
v 0.494513 0.372415 0.97375
v 0.505487 0.372415 0.97375
v 0.515625 0.376615 0.97375
v 0.523385 0.384375 0.97375
v 0.527585 0.394513 0.97375
v 0.526958 0.412816 0.95875
v 0.652912 0.53877 0.95875
v 0.63877 0.552912 0.95875
v 0.512816 0.426958 0.95875
v 0.526958 0.412816 0.973125
v 0.652912 0.53877 0.973125
v 0.63877 0.552912 0.973125
v 0.512816 0.426958 0.973125
v 0.526958 0.412816 0.95875
v 0.652912 0.53877 0.95875
v 0.63877 0.552912 0.95875
v 0.512816 0.426958 0.95875
v 0.526958 0.412816 0.973125
v 0.652912 0.53877 0.973125
v 0.63877 0.552912 0.973125
v 0.512816 0.426958 0.973125
v 0.487184 0.426958 0.95875
v 0.36123 0.552912 0.95875
v 0.347088 0.53877 0.95875
v 0.473042 0.412816 0.95875
v 0.487184 0.426958 0.973125
v 0.36123 0.552912 0.973125
v 0.347088 0.53877 0.973125
v 0.473042 0.412816 0.973125
v 0.487184 0.426958 0.95875
v 0.36123 0.552912 0.95875
v 0.347088 0.53877 0.95875
v 0.473042 0.412816 0.95875
v 0.487184 0.426958 0.973125
v 0.36123 0.552912 0.973125
v 0.347088 0.53877 0.973125
v 0.473042 0.412816 0.973125
v 0.473042 0.387184 0.95875
v 0.347088 0.26123 0.95875
v 0.36123 0.247088 0.95875
v 0.487184 0.373042 0.95875
v 0.473042 0.387184 0.973125
v 0.347088 0.26123 0.973125
v 0.36123 0.247088 0.973125
v 0.487184 0.373042 0.973125
v 0.473042 0.387184 0.95875
v 0.347088 0.26123 0.95875
v 0.36123 0.247088 0.95875
v 0.487184 0.373042 0.95875
v 0.473042 0.387184 0.973125
v 0.347088 0.26123 0.973125
v 0.36123 0.247088 0.973125
v 0.487184 0.373042 0.973125
v 0.512816 0.373042 0.95875
v 0.63877 0.247088 0.95875
v 0.652912 0.26123 0.95875
v 0.526958 0.387184 0.95875
v 0.512816 0.373042 0.973125
v 0.63877 0.247088 0.973125
v 0.652912 0.26123 0.973125
v 0.526958 0.387184 0.973125
v 0.512816 0.373042 0.95875
v 0.63877 0.247088 0.95875
v 0.652912 0.26123 0.95875
v 0.526958 0.387184 0.95875
v 0.512816 0.373042 0.973125
v 0.63877 0.247088 0.973125
v 0.652912 0.26123 0.973125
v 0.526958 0.387184 0.973125
vt 0.818234 0.090393
vt 0.820596 0.090393
vt 0.820596 0.093262
vt 0.818234 0.093262
vt 0.820596 0.090393
vt 0.822913 0.090393
vt 0.822913 0.093262
vt 0.820596 0.093262
vt 0.074707 0.084534
vt 0.077058 0.084534
vt 0.077058 0.087402
vt 0.074707 0.087402
vt 0.077058 0.084534
vt 0.079408 0.084534
vt 0.079408 0.087402
vt 0.077058 0.087402
vt 0.05127 0.084534
vt 0.05362 0.084534
vt 0.05362 0.087402
vt 0.05127 0.087402
vt 0.05362 0.084534
vt 0.055971 0.084534
vt 0.055971 0.087402
vt 0.05362 0.087402
vt 0.059082 0.084534
vt 0.061433 0.084534
vt 0.061433 0.087402
vt 0.059082 0.087402
vt 0.061433 0.084534
vt 0.063783 0.084534
vt 0.063783 0.087402
vt 0.061433 0.087402
vt 0.043457 0.084534
vt 0.045808 0.084534
vt 0.045808 0.087402
vt 0.043457 0.087402
vt 0.045808 0.084534
vt 0.048158 0.084534
vt 0.048158 0.087402
vt 0.045808 0.087402
vt 0.066895 0.084534
vt 0.069245 0.084534
vt 0.069245 0.087402
vt 0.066895 0.087402
vt 0.069245 0.084534
vt 0.071596 0.084534
vt 0.071596 0.087402
vt 0.069245 0.087402
vt 0.08252 0.084534
vt 0.08487 0.084534
vt 0.08487 0.087402
vt 0.08252 0.087402
vt 0.08487 0.084534
vt 0.087221 0.084534
vt 0.087221 0.087402
vt 0.08487 0.087402
vt 0.090332 0.084534
vt 0.092683 0.084534
vt 0.092683 0.087402
vt 0.090332 0.087402
vt 0.092683 0.084534
vt 0.095033 0.084534
vt 0.095033 0.087402
vt 0.092683 0.087402
vt 0.098145 0.084534
vt 0.100495 0.084534
vt 0.100495 0.087402
vt 0.098145 0.087402
vt 0.100495 0.084534
vt 0.102846 0.084534
vt 0.102846 0.087402
vt 0.100495 0.087402
vt 0.11377 0.084534
vt 0.11612 0.084534
vt 0.11612 0.087402
vt 0.11377 0.087402
vt 0.11612 0.084534
vt 0.118471 0.084534
vt 0.118471 0.087402
vt 0.11612 0.087402
vt 0.02002 0.084534
vt 0.02237 0.084534
vt 0.02237 0.087402
vt 0.02002 0.087402
vt 0.02237 0.084534
vt 0.024721 0.084534
vt 0.024721 0.087402
vt 0.02237 0.087402
vt 0.105957 0.084534
vt 0.108308 0.084534
vt 0.108308 0.087402
vt 0.105957 0.087402
vt 0.108308 0.084534
vt 0.110658 0.084534
vt 0.110658 0.087402
vt 0.108308 0.087402
vt 0.035645 0.084534
vt 0.037995 0.084534
vt 0.037995 0.087402
vt 0.035645 0.087402
vt 0.037995 0.084534
vt 0.040346 0.084534
vt 0.040346 0.087402
vt 0.037995 0.087402
vt 0.121582 0.084534
vt 0.123933 0.084534
vt 0.123933 0.087402
vt 0.121582 0.087402
vt 0.123933 0.084534
vt 0.126283 0.084534
vt 0.126283 0.087402
vt 0.123933 0.087402
vt 0.027832 0.084534
vt 0.030183 0.084534
vt 0.030183 0.087402
vt 0.027832 0.087402
vt 0.030183 0.084534
vt 0.032533 0.084534
vt 0.032533 0.087402
vt 0.030183 0.087402
vt 0.855957 0.069824
vt 0.855957 0.067462
vt 0.858826 0.067462
vt 0.858826 0.069824
vt 0.815918 0.090393
vt 0.818234 0.090393
vt 0.818234 0.093262
vt 0.815918 0.093262
vt 0.012885 0.084534
vt 0.014572 0.084534
vt 0.014572 0.087402
vt 0.012885 0.087402
vt 0.014572 0.084534
vt 0.016227 0.084534
vt 0.016227 0.087402
vt 0.014572 0.087402
vt 0.88916 0.084534
vt 0.890839 0.084534
vt 0.890839 0.087402
vt 0.88916 0.087402
vt 0.890839 0.084534
vt 0.892518 0.084534
vt 0.892518 0.087402
vt 0.890839 0.087402
vt 0.807129 0.084534
vt 0.808808 0.084534
vt 0.808808 0.087402
vt 0.807129 0.087402
vt 0.808808 0.084534
vt 0.810487 0.084534
vt 0.810487 0.087402
vt 0.808808 0.087402
vt 0.882324 0.084534
vt 0.884003 0.084534
vt 0.884003 0.087402
vt 0.882324 0.087402
vt 0.884003 0.084534
vt 0.885682 0.084534
vt 0.885682 0.087402
vt 0.884003 0.087402
vt 0.800293 0.084534
vt 0.801972 0.084534
vt 0.801972 0.087402
vt 0.800293 0.087402
vt 0.801972 0.084534
vt 0.803651 0.084534
vt 0.803651 0.087402
vt 0.801972 0.087402
vt 0.868652 0.084534
vt 0.870331 0.084534
vt 0.870331 0.087402
vt 0.868652 0.087402
vt 0.870331 0.084534
vt 0.87201 0.084534
vt 0.87201 0.087402
vt 0.870331 0.087402
vt 0.820801 0.084534
vt 0.82248 0.084534
vt 0.82248 0.087402
vt 0.820801 0.087402
vt 0.82248 0.084534
vt 0.824159 0.084534
vt 0.824159 0.087402
vt 0.82248 0.087402
vt 0.875488 0.084534
vt 0.877167 0.084534
vt 0.877167 0.087402
vt 0.875488 0.087402
vt 0.877167 0.084534
vt 0.878846 0.084534
vt 0.878846 0.087402
vt 0.877167 0.087402
vt 0.813965 0.084534
vt 0.815644 0.084534
vt 0.815644 0.087402
vt 0.813965 0.087402
vt 0.815644 0.084534
vt 0.817323 0.084534
vt 0.817323 0.087402
vt 0.815644 0.087402
vt 0.827637 0.084534
vt 0.829316 0.084534
vt 0.829316 0.087402
vt 0.827637 0.087402
vt 0.829316 0.084534
vt 0.830995 0.084534
vt 0.830995 0.087402
vt 0.829316 0.087402
vt 0.834473 0.084534
vt 0.836152 0.084534
vt 0.836152 0.087402
vt 0.834473 0.087402
vt 0.836152 0.084534
vt 0.837831 0.084534
vt 0.837831 0.087402
vt 0.836152 0.087402
vt 0.841309 0.084534
vt 0.842988 0.084534
vt 0.842988 0.087402
vt 0.841309 0.087402
vt 0.842988 0.084534
vt 0.844666 0.084534
vt 0.844666 0.087402
vt 0.842988 0.087402
vt 0.848145 0.084534
vt 0.849823 0.084534
vt 0.849823 0.087402
vt 0.848145 0.087402
vt 0.849823 0.084534
vt 0.851502 0.084534
vt 0.851502 0.087402
vt 0.849823 0.087402
vt 0.85498 0.084534
vt 0.856659 0.084534
vt 0.856659 0.087402
vt 0.85498 0.087402
vt 0.856659 0.084534
vt 0.858338 0.084534
vt 0.858338 0.087402
vt 0.856659 0.087402
vt 0.861816 0.084534
vt 0.863495 0.084534
vt 0.863495 0.087402
vt 0.861816 0.087402
vt 0.863495 0.084534
vt 0.865174 0.084534
vt 0.865174 0.087402
vt 0.863495 0.087402
vt 0.434082 0.058105
vt 0.434082 0.056418
vt 0.436951 0.056418
vt 0.436951 0.058105
vt 0.01123 0.084534
vt 0.012885 0.084534
vt 0.012885 0.087402
vt 0.01123 0.087402
vt 0.612656 0.578152
vt 0.610339 0.578613
vt 0.607977 0.578613
vt 0.614838 0.577249
vt 0.612656 0.578152
vt 0.607977 0.578613
vt 0.616802 0.575936
vt 0.614838 0.577249
vt 0.607977 0.578613
vt 0.618472 0.574266
vt 0.616802 0.575936
vt 0.607977 0.578613
vt 0.619784 0.572303
vt 0.618472 0.574266
vt 0.607977 0.578613
vt 0.620688 0.57012
vt 0.619784 0.572303
vt 0.607977 0.578613
vt 0.621149 0.565442
vt 0.621149 0.567804
vt 0.620688 0.57012
vt 0.620688 0.563126
vt 0.621149 0.565442
vt 0.620688 0.57012
vt 0.619784 0.560943
vt 0.620688 0.563126
vt 0.620688 0.57012
vt 0.618472 0.55898
vt 0.619784 0.560943
vt 0.620688 0.57012
vt 0.616802 0.557309
vt 0.618472 0.55898
vt 0.620688 0.57012
vt 0.614838 0.555997
vt 0.616802 0.557309
vt 0.620688 0.57012
vt 0.610339 0.554633
vt 0.612656 0.555093
vt 0.614838 0.555997
vt 0.607977 0.554633
vt 0.610339 0.554633
vt 0.614838 0.555997
vt 0.605661 0.555093
vt 0.607977 0.554633
vt 0.614838 0.555997
vt 0.603479 0.555997
vt 0.605661 0.555093
vt 0.614838 0.555997
vt 0.601515 0.557309
vt 0.603479 0.555997
vt 0.614838 0.555997
vt 0.599845 0.55898
vt 0.601515 0.557309
vt 0.614838 0.555997
vt 0.597629 0.563126
vt 0.598533 0.560943
vt 0.599845 0.55898
vt 0.597168 0.565442
vt 0.597629 0.563126
vt 0.599845 0.55898
vt 0.597168 0.567804
vt 0.597168 0.565442
vt 0.599845 0.55898
vt 0.597629 0.57012
vt 0.597168 0.567804
vt 0.599845 0.55898
vt 0.598533 0.572303
vt 0.597629 0.57012
vt 0.599845 0.55898
vt 0.599845 0.574266
vt 0.598533 0.572303
vt 0.599845 0.55898
vt 0.603479 0.577249
vt 0.601515 0.575936
vt 0.599845 0.574266
vt 0.605661 0.578152
vt 0.603479 0.577249
vt 0.599845 0.574266
vt 0.607977 0.578613
vt 0.605661 0.578152
vt 0.599845 0.574266
vt 0.608315 0.575187
vt 0.607977 0.578613
vt 0.599845 0.574266
vt 0.60666 0.574858
vt 0.608315 0.575187
vt 0.599845 0.574266
vt 0.605101 0.574213
vt 0.60666 0.574858
vt 0.599845 0.574266
vt 0.603699 0.573275
vt 0.605101 0.574213
vt 0.599845 0.574266
vt 0.602506 0.572083
vt 0.603699 0.573275
vt 0.599845 0.574266
vt 0.601569 0.57068
vt 0.602506 0.572083
vt 0.599845 0.574266
vt 0.600923 0.569121
vt 0.601569 0.57068
vt 0.599845 0.574266
vt 0.600594 0.567466
vt 0.600923 0.569121
vt 0.599845 0.574266
vt 0.600594 0.567466
vt 0.599845 0.574266
vt 0.599845 0.55898
vt 0.600594 0.565779
vt 0.600594 0.567466
vt 0.599845 0.55898
vt 0.600923 0.564125
vt 0.600594 0.565779
vt 0.599845 0.55898
vt 0.601569 0.562566
vt 0.600923 0.564125
vt 0.599845 0.55898
vt 0.602506 0.561163
vt 0.601569 0.562566
vt 0.599845 0.55898
vt 0.603699 0.55997
vt 0.602506 0.561163
vt 0.599845 0.55898
vt 0.605101 0.559033
vt 0.603699 0.55997
vt 0.599845 0.55898
vt 0.60666 0.558388
vt 0.605101 0.559033
vt 0.599845 0.55898
vt 0.60666 0.558388
vt 0.599845 0.55898
vt 0.614838 0.555997
vt 0.608315 0.558058
vt 0.60666 0.558388
vt 0.614838 0.555997
vt 0.610002 0.558058
vt 0.608315 0.558058
vt 0.614838 0.555997
vt 0.611656 0.558388
vt 0.610002 0.558058
vt 0.614838 0.555997
vt 0.613215 0.559033
vt 0.611656 0.558388
vt 0.614838 0.555997
vt 0.614618 0.55997
vt 0.613215 0.559033
vt 0.614838 0.555997
vt 0.615811 0.561163
vt 0.614618 0.55997
vt 0.614838 0.555997
vt 0.616748 0.562566
vt 0.615811 0.561163
vt 0.614838 0.555997
vt 0.616748 0.562566
vt 0.614838 0.555997
vt 0.620688 0.57012
vt 0.617394 0.564125
vt 0.616748 0.562566
vt 0.620688 0.57012
vt 0.617723 0.565779
vt 0.617394 0.564125
vt 0.620688 0.57012
vt 0.617723 0.567466
vt 0.617723 0.565779
vt 0.620688 0.57012
vt 0.617394 0.569121
vt 0.617723 0.567466
vt 0.620688 0.57012
vt 0.616748 0.57068
vt 0.617394 0.569121
vt 0.620688 0.57012
vt 0.615811 0.572083
vt 0.616748 0.57068
vt 0.620688 0.57012
vt 0.614618 0.573275
vt 0.615811 0.572083
vt 0.620688 0.57012
vt 0.614618 0.573275
vt 0.620688 0.57012
vt 0.607977 0.578613
vt 0.613215 0.574213
vt 0.614618 0.573275
vt 0.607977 0.578613
vt 0.611656 0.574858
vt 0.613215 0.574213
vt 0.607977 0.578613
vt 0.610002 0.575187
vt 0.611656 0.574858
vt 0.607977 0.578613
vt 0.607977 0.578613
vt 0.608315 0.575187
vt 0.610002 0.575187
vt 0.635321 0.554633
vt 0.637683 0.554633
vt 0.639999 0.555093
vt 0.635321 0.554633
vt 0.639999 0.555093
vt 0.642182 0.555997
vt 0.635321 0.554633
vt 0.642182 0.555997
vt 0.644145 0.557309
vt 0.635321 0.554633
vt 0.644145 0.557309
vt 0.645816 0.55898
vt 0.635321 0.554633
vt 0.645816 0.55898
vt 0.647128 0.560943
vt 0.635321 0.554633
vt 0.647128 0.560943
vt 0.648032 0.563126
vt 0.648032 0.563126
vt 0.648492 0.565442
vt 0.648492 0.567804
vt 0.648032 0.563126
vt 0.648492 0.567804
vt 0.648032 0.57012
vt 0.648032 0.563126
vt 0.648032 0.57012
vt 0.647128 0.572303
vt 0.648032 0.563126
vt 0.647128 0.572303
vt 0.645816 0.574266
vt 0.648032 0.563126
vt 0.645816 0.574266
vt 0.644145 0.575936
vt 0.648032 0.563126
vt 0.644145 0.575936
vt 0.642182 0.577249
vt 0.642182 0.577249
vt 0.639999 0.578152
vt 0.637683 0.578613
vt 0.642182 0.577249
vt 0.637683 0.578613
vt 0.635321 0.578613
vt 0.642182 0.577249
vt 0.635321 0.578613
vt 0.633005 0.578152
vt 0.642182 0.577249
vt 0.633005 0.578152
vt 0.630822 0.577249
vt 0.642182 0.577249
vt 0.630822 0.577249
vt 0.628859 0.575936
vt 0.642182 0.577249
vt 0.628859 0.575936
vt 0.627189 0.574266
vt 0.627189 0.574266
vt 0.625876 0.572303
vt 0.624973 0.57012
vt 0.627189 0.574266
vt 0.624973 0.57012
vt 0.624512 0.567804
vt 0.627189 0.574266
vt 0.624512 0.567804
vt 0.624512 0.565442
vt 0.627189 0.574266
vt 0.624512 0.565442
vt 0.624973 0.563126
vt 0.627189 0.574266
vt 0.624973 0.563126
vt 0.625876 0.560943
vt 0.627189 0.574266
vt 0.625876 0.560943
vt 0.627189 0.55898
vt 0.627189 0.55898
vt 0.628859 0.557309
vt 0.630822 0.555997
vt 0.627189 0.55898
vt 0.630822 0.555997
vt 0.633005 0.555093
vt 0.627189 0.55898
vt 0.633005 0.555093
vt 0.635321 0.554633
vt 0.627189 0.55898
vt 0.635321 0.554633
vt 0.635659 0.558058
vt 0.627189 0.55898
vt 0.635659 0.558058
vt 0.634004 0.558388
vt 0.627189 0.55898
vt 0.634004 0.558388
vt 0.632445 0.559033
vt 0.627189 0.55898
vt 0.632445 0.559033
vt 0.631042 0.55997
vt 0.627189 0.55898
vt 0.631042 0.55997
vt 0.62985 0.561163
vt 0.627189 0.55898
vt 0.62985 0.561163
vt 0.628912 0.562566
vt 0.627189 0.55898
vt 0.628912 0.562566
vt 0.628267 0.564125
vt 0.627189 0.55898
vt 0.628267 0.564125
vt 0.627938 0.565779
vt 0.627189 0.574266
vt 0.627189 0.55898
vt 0.627938 0.565779
vt 0.627189 0.574266
vt 0.627938 0.565779
vt 0.627938 0.567466
vt 0.627189 0.574266
vt 0.627938 0.567466
vt 0.628267 0.569121
vt 0.627189 0.574266
vt 0.628267 0.569121
vt 0.628912 0.57068
vt 0.627189 0.574266
vt 0.628912 0.57068
vt 0.62985 0.572083
vt 0.627189 0.574266
vt 0.62985 0.572083
vt 0.631042 0.573275
vt 0.627189 0.574266
vt 0.631042 0.573275
vt 0.632445 0.574213
vt 0.627189 0.574266
vt 0.632445 0.574213
vt 0.634004 0.574858
vt 0.642182 0.577249
vt 0.627189 0.574266
vt 0.634004 0.574858
vt 0.642182 0.577249
vt 0.634004 0.574858
vt 0.635659 0.575187
vt 0.642182 0.577249
vt 0.635659 0.575187
vt 0.637346 0.575187
vt 0.642182 0.577249
vt 0.637346 0.575187
vt 0.639 0.574858
vt 0.642182 0.577249
vt 0.639 0.574858
vt 0.640559 0.574213
vt 0.642182 0.577249
vt 0.640559 0.574213
vt 0.641962 0.573275
vt 0.642182 0.577249
vt 0.641962 0.573275
vt 0.643155 0.572083
vt 0.642182 0.577249
vt 0.643155 0.572083
vt 0.644092 0.57068
vt 0.648032 0.563126
vt 0.642182 0.577249
vt 0.644092 0.57068
vt 0.648032 0.563126
vt 0.644092 0.57068
vt 0.644737 0.569121
vt 0.648032 0.563126
vt 0.644737 0.569121
vt 0.645067 0.567466
vt 0.648032 0.563126
vt 0.645067 0.567466
vt 0.645067 0.565779
vt 0.648032 0.563126
vt 0.645067 0.565779
vt 0.644737 0.564125
vt 0.648032 0.563126
vt 0.644737 0.564125
vt 0.644092 0.562566
vt 0.648032 0.563126
vt 0.644092 0.562566
vt 0.643155 0.561163
vt 0.648032 0.563126
vt 0.643155 0.561163
vt 0.641962 0.55997
vt 0.635321 0.554633
vt 0.648032 0.563126
vt 0.641962 0.55997
vt 0.635321 0.554633
vt 0.641962 0.55997
vt 0.640559 0.559033
vt 0.635321 0.554633
vt 0.640559 0.559033
vt 0.639 0.558388
vt 0.635321 0.554633
vt 0.639 0.558388
vt 0.637346 0.558058
vt 0.637346 0.558058
vt 0.635659 0.558058
vt 0.635321 0.554633
vt 0.205742 0.090393
vt 0.209903 0.090393
vt 0.209903 0.093262
vt 0.205742 0.093262
vt 0.209903 0.090393
vt 0.213984 0.090393
vt 0.213984 0.093262
vt 0.209903 0.093262
vt 0.734863 0.090393
vt 0.739005 0.090393
vt 0.739005 0.093262
vt 0.734863 0.093262
vt 0.739005 0.090393
vt 0.743146 0.090393
vt 0.743146 0.093262
vt 0.739005 0.093262
vt 0.67627 0.090393
vt 0.680411 0.090393
vt 0.680411 0.093262
vt 0.67627 0.093262
vt 0.680411 0.090393
vt 0.684552 0.090393
vt 0.684552 0.093262
vt 0.680411 0.093262
vt 0.699707 0.090393
vt 0.703848 0.090393
vt 0.703848 0.093262
vt 0.699707 0.093262
vt 0.703848 0.090393
vt 0.70799 0.090393
vt 0.70799 0.093262
vt 0.703848 0.093262
vt 0.711426 0.090393
vt 0.715567 0.090393
vt 0.715567 0.093262
vt 0.711426 0.093262
vt 0.715567 0.090393
vt 0.719709 0.090393
vt 0.719709 0.093262
vt 0.715567 0.093262
vt 0.746582 0.090393
vt 0.750723 0.090393
vt 0.750723 0.093262
vt 0.746582 0.093262
vt 0.750723 0.090393
vt 0.754865 0.090393
vt 0.754865 0.093262
vt 0.750723 0.093262
vt 0.758301 0.090393
vt 0.762442 0.090393
vt 0.762442 0.093262
vt 0.758301 0.093262
vt 0.762442 0.090393
vt 0.766584 0.090393
vt 0.766584 0.093262
vt 0.762442 0.093262
vt 0.723145 0.090393
vt 0.727286 0.090393
vt 0.727286 0.093262
vt 0.723145 0.093262
vt 0.727286 0.090393
vt 0.731427 0.090393
vt 0.731427 0.093262
vt 0.727286 0.093262
vt 0.687988 0.090393
vt 0.69213 0.090393
vt 0.69213 0.093262
vt 0.687988 0.093262
vt 0.69213 0.090393
vt 0.696271 0.090393
vt 0.696271 0.093262
vt 0.69213 0.093262
vt 0.793457 0.090393
vt 0.797598 0.090393
vt 0.797598 0.093262
vt 0.793457 0.093262
vt 0.797598 0.090393
vt 0.80174 0.090393
vt 0.80174 0.093262
vt 0.797598 0.093262
vt 0.664551 0.090393
vt 0.668692 0.090393
vt 0.668692 0.093262
vt 0.664551 0.093262
vt 0.668692 0.090393
vt 0.672834 0.090393
vt 0.672834 0.093262
vt 0.668692 0.093262
vt 0.77002 0.090393
vt 0.774161 0.090393
vt 0.774161 0.093262
vt 0.77002 0.093262
vt 0.774161 0.090393
vt 0.778302 0.090393
vt 0.778302 0.093262
vt 0.774161 0.093262
vt 0.652832 0.090393
vt 0.656973 0.090393
vt 0.656973 0.093262
vt 0.652832 0.093262
vt 0.656973 0.090393
vt 0.661115 0.090393
vt 0.661115 0.093262
vt 0.656973 0.093262
vt 0.781738 0.090393
vt 0.78588 0.090393
vt 0.78588 0.093262
vt 0.781738 0.093262
vt 0.78588 0.090393
vt 0.790021 0.090393
vt 0.790021 0.093262
vt 0.78588 0.093262
vt 0.641113 0.090393
vt 0.645255 0.090393
vt 0.645255 0.093262
vt 0.641113 0.093262
vt 0.645255 0.090393
vt 0.649396 0.090393
vt 0.649396 0.093262
vt 0.645255 0.093262
vt 0.129395 0.084534
vt 0.133556 0.084534
vt 0.133556 0.087402
vt 0.129395 0.087402
vt 0.20166 0.090393
vt 0.205742 0.090393
vt 0.205742 0.093262
vt 0.20166 0.093262
vt 0.630861 0.090393
vt 0.634348 0.090393
vt 0.634348 0.093262
vt 0.630861 0.093262
vt 0.634348 0.090393
vt 0.637767 0.090393
vt 0.637767 0.093262
vt 0.634348 0.093262
vt 0.955566 0.090393
vt 0.959036 0.090393
vt 0.959036 0.093262
vt 0.955566 0.093262
vt 0.959036 0.090393
vt 0.962506 0.090393
vt 0.962506 0.093262
vt 0.959036 0.093262
vt 0.82666 0.090393
vt 0.83013 0.090393
vt 0.83013 0.093262
vt 0.82666 0.093262
vt 0.83013 0.090393
vt 0.8336 0.090393
vt 0.8336 0.093262
vt 0.83013 0.093262
vt 0.966309 0.090393
vt 0.969778 0.090393
vt 0.969778 0.093262
vt 0.966309 0.093262
vt 0.969778 0.090393
vt 0.973248 0.090393
vt 0.973248 0.093262
vt 0.969778 0.093262
vt 0.837402 0.090393
vt 0.840872 0.090393
vt 0.840872 0.093262
vt 0.837402 0.093262
vt 0.840872 0.090393
vt 0.844342 0.090393
vt 0.844342 0.093262
vt 0.840872 0.093262
vt 0.848145 0.090393
vt 0.851614 0.090393
vt 0.851614 0.093262
vt 0.848145 0.093262
vt 0.851614 0.090393
vt 0.855084 0.090393
vt 0.855084 0.093262
vt 0.851614 0.093262
vt 0.891113 0.090393
vt 0.894583 0.090393
vt 0.894583 0.093262
vt 0.891113 0.093262
vt 0.894583 0.090393
vt 0.898053 0.090393
vt 0.898053 0.093262
vt 0.894583 0.093262
vt 0.901855 0.090393
vt 0.905325 0.090393
vt 0.905325 0.093262
vt 0.901855 0.093262
vt 0.905325 0.090393
vt 0.908795 0.090393
vt 0.908795 0.093262
vt 0.905325 0.093262
vt 0.858887 0.090393
vt 0.862357 0.090393
vt 0.862357 0.093262
vt 0.858887 0.093262
vt 0.862357 0.090393
vt 0.865826 0.090393
vt 0.865826 0.093262
vt 0.862357 0.093262
vt 0.912598 0.090393
vt 0.916067 0.090393
vt 0.916067 0.093262
vt 0.912598 0.093262
vt 0.916067 0.090393
vt 0.919537 0.090393
vt 0.919537 0.093262
vt 0.916067 0.093262
vt 0.869629 0.090393
vt 0.873099 0.090393
vt 0.873099 0.093262
vt 0.869629 0.093262
vt 0.873099 0.090393
vt 0.876569 0.090393
vt 0.876569 0.093262
vt 0.873099 0.093262
vt 0.92334 0.090393
vt 0.92681 0.090393
vt 0.92681 0.093262
vt 0.92334 0.093262
vt 0.92681 0.090393
vt 0.930279 0.090393
vt 0.930279 0.093262
vt 0.92681 0.093262
vt 0.880371 0.090393
vt 0.883841 0.090393
vt 0.883841 0.093262
vt 0.880371 0.093262
vt 0.883841 0.090393
vt 0.887311 0.090393
vt 0.887311 0.093262
vt 0.883841 0.093262
vt 0.944824 0.090393
vt 0.948294 0.090393
vt 0.948294 0.093262
vt 0.944824 0.093262
vt 0.948294 0.090393
vt 0.951764 0.090393
vt 0.951764 0.093262
vt 0.948294 0.093262
vt 0.934082 0.090393
vt 0.937552 0.090393
vt 0.937552 0.093262
vt 0.934082 0.093262
vt 0.937552 0.090393
vt 0.941022 0.090393
vt 0.941022 0.093262
vt 0.937552 0.093262
vt 0.137207 0.084534
vt 0.140694 0.084534
vt 0.140694 0.087402
vt 0.137207 0.087402
vt 0.627441 0.090393
vt 0.630861 0.090393
vt 0.630861 0.093262
vt 0.627441 0.093262
vt 0.684026 0.708661
vt 0.679945 0.709473
vt 0.675783 0.709473
vt 0.687871 0.707068
vt 0.684026 0.708661
vt 0.675783 0.709473
vt 0.691331 0.704756
vt 0.687871 0.707068
vt 0.675783 0.709473
vt 0.694274 0.701814
vt 0.691331 0.704756
vt 0.675783 0.709473
vt 0.698178 0.694509
vt 0.696586 0.698354
vt 0.694274 0.701814
vt 0.69899 0.690428
vt 0.698178 0.694509
vt 0.694274 0.701814
vt 0.69899 0.686266
vt 0.69899 0.690428
vt 0.694274 0.701814
vt 0.698178 0.682185
vt 0.69899 0.686266
vt 0.694274 0.701814
vt 0.694274 0.67488
vt 0.696586 0.67834
vt 0.698178 0.682185
vt 0.691331 0.671937
vt 0.694274 0.67488
vt 0.698178 0.682185
vt 0.687871 0.669625
vt 0.691331 0.671937
vt 0.698178 0.682185
vt 0.684026 0.668033
vt 0.687871 0.669625
vt 0.698178 0.682185
vt 0.675783 0.667221
vt 0.679945 0.667221
vt 0.684026 0.668033
vt 0.671702 0.668033
vt 0.675783 0.667221
vt 0.684026 0.668033
vt 0.667857 0.669625
vt 0.671702 0.668033
vt 0.684026 0.668033
vt 0.664397 0.671937
vt 0.667857 0.669625
vt 0.684026 0.668033
vt 0.659143 0.67834
vt 0.661455 0.67488
vt 0.664397 0.671937
vt 0.65755 0.682185
vt 0.659143 0.67834
vt 0.664397 0.671937
vt 0.656738 0.686266
vt 0.65755 0.682185
vt 0.664397 0.671937
vt 0.656738 0.690428
vt 0.656738 0.686266
vt 0.664397 0.671937
vt 0.659143 0.698354
vt 0.65755 0.694509
vt 0.656738 0.690428
vt 0.661455 0.701814
vt 0.659143 0.698354
vt 0.656738 0.690428
vt 0.664397 0.704756
vt 0.661455 0.701814
vt 0.656738 0.690428
vt 0.667857 0.707068
vt 0.664397 0.704756
vt 0.656738 0.690428
vt 0.675783 0.709473
vt 0.671702 0.708661
vt 0.667857 0.707068
vt 0.676121 0.706047
vt 0.675783 0.709473
vt 0.667857 0.707068
vt 0.672701 0.705367
vt 0.676121 0.706047
vt 0.667857 0.707068
vt 0.66948 0.704032
vt 0.672701 0.705367
vt 0.667857 0.707068
vt 0.666581 0.702095
vt 0.66948 0.704032
vt 0.667857 0.707068
vt 0.664116 0.69963
vt 0.666581 0.702095
vt 0.667857 0.707068
vt 0.664116 0.69963
vt 0.667857 0.707068
vt 0.656738 0.690428
vt 0.662179 0.696731
vt 0.664116 0.69963
vt 0.656738 0.690428
vt 0.660844 0.69351
vt 0.662179 0.696731
vt 0.656738 0.690428
vt 0.660164 0.69009
vt 0.660844 0.69351
vt 0.656738 0.690428
vt 0.660164 0.686604
vt 0.660164 0.69009
vt 0.656738 0.690428
vt 0.660844 0.683184
vt 0.660164 0.686604
vt 0.656738 0.690428
vt 0.660844 0.683184
vt 0.656738 0.690428
vt 0.664397 0.671937
vt 0.662179 0.679963
vt 0.660844 0.683184
vt 0.664397 0.671937
vt 0.664116 0.677064
vt 0.662179 0.679963
vt 0.664397 0.671937
vt 0.666581 0.674598
vt 0.664116 0.677064
vt 0.664397 0.671937
vt 0.66948 0.672661
vt 0.666581 0.674598
vt 0.664397 0.671937
vt 0.672701 0.671327
vt 0.66948 0.672661
vt 0.664397 0.671937
vt 0.672701 0.671327
vt 0.664397 0.671937
vt 0.684026 0.668033
vt 0.676121 0.670647
vt 0.672701 0.671327
vt 0.684026 0.668033
vt 0.679607 0.670647
vt 0.676121 0.670647
vt 0.684026 0.668033
vt 0.683027 0.671327
vt 0.679607 0.670647
vt 0.684026 0.668033
vt 0.686248 0.672661
vt 0.683027 0.671327
vt 0.684026 0.668033
vt 0.689147 0.674598
vt 0.686248 0.672661
vt 0.684026 0.668033
vt 0.689147 0.674598
vt 0.684026 0.668033
vt 0.698178 0.682185
vt 0.691613 0.677064
vt 0.689147 0.674598
vt 0.698178 0.682185
vt 0.69355 0.679963
vt 0.691613 0.677064
vt 0.698178 0.682185
vt 0.694884 0.683184
vt 0.69355 0.679963
vt 0.698178 0.682185
vt 0.695564 0.686604
vt 0.694884 0.683184
vt 0.698178 0.682185
vt 0.695564 0.69009
vt 0.695564 0.686604
vt 0.698178 0.682185
vt 0.695564 0.69009
vt 0.698178 0.682185
vt 0.694274 0.701814
vt 0.694884 0.69351
vt 0.695564 0.69009
vt 0.694274 0.701814
vt 0.69355 0.696731
vt 0.694884 0.69351
vt 0.694274 0.701814
vt 0.691613 0.69963
vt 0.69355 0.696731
vt 0.694274 0.701814
vt 0.689147 0.702095
vt 0.691613 0.69963
vt 0.694274 0.701814
vt 0.686248 0.704032
vt 0.689147 0.702095
vt 0.694274 0.701814
vt 0.686248 0.704032
vt 0.694274 0.701814
vt 0.675783 0.709473
vt 0.683027 0.705367
vt 0.686248 0.704032
vt 0.675783 0.709473
vt 0.679607 0.706047
vt 0.683027 0.705367
vt 0.675783 0.709473
vt 0.675783 0.709473
vt 0.676121 0.706047
vt 0.679607 0.706047
vt 0.721682 0.667221
vt 0.725843 0.667221
vt 0.729925 0.668033
vt 0.721682 0.667221
vt 0.729925 0.668033
vt 0.733769 0.669625
vt 0.721682 0.667221
vt 0.733769 0.669625
vt 0.737229 0.671937
vt 0.721682 0.667221
vt 0.737229 0.671937
vt 0.740172 0.67488
vt 0.740172 0.67488
vt 0.742484 0.67834
vt 0.744076 0.682185
vt 0.740172 0.67488
vt 0.744076 0.682185
vt 0.744888 0.686266
vt 0.740172 0.67488
vt 0.744888 0.686266
vt 0.744888 0.690428
vt 0.740172 0.67488
vt 0.744888 0.690428
vt 0.744076 0.694509
vt 0.744076 0.694509
vt 0.742484 0.698354
vt 0.740172 0.701814
vt 0.744076 0.694509
vt 0.740172 0.701814
vt 0.737229 0.704756
vt 0.744076 0.694509
vt 0.737229 0.704756
vt 0.733769 0.707068
vt 0.744076 0.694509
vt 0.733769 0.707068
vt 0.729925 0.708661
vt 0.729925 0.708661
vt 0.725843 0.709473
vt 0.721682 0.709473
vt 0.729925 0.708661
vt 0.721682 0.709473
vt 0.7176 0.708661
vt 0.729925 0.708661
vt 0.7176 0.708661
vt 0.713756 0.707068
vt 0.729925 0.708661
vt 0.713756 0.707068
vt 0.710296 0.704756
vt 0.710296 0.704756
vt 0.707353 0.701814
vt 0.705041 0.698354
vt 0.710296 0.704756
vt 0.705041 0.698354
vt 0.703449 0.694509
vt 0.710296 0.704756
vt 0.703449 0.694509
vt 0.702637 0.690428
vt 0.710296 0.704756
vt 0.702637 0.690428
vt 0.702637 0.686266
vt 0.702637 0.686266
vt 0.703449 0.682185
vt 0.705041 0.67834
vt 0.702637 0.686266
vt 0.705041 0.67834
vt 0.707353 0.67488
vt 0.702637 0.686266
vt 0.707353 0.67488
vt 0.710296 0.671937
vt 0.702637 0.686266
vt 0.710296 0.671937
vt 0.713756 0.669625
vt 0.713756 0.669625
vt 0.7176 0.668033
vt 0.721682 0.667221
vt 0.713756 0.669625
vt 0.721682 0.667221
vt 0.722019 0.670647
vt 0.713756 0.669625
vt 0.722019 0.670647
vt 0.7186 0.671327
vt 0.713756 0.669625
vt 0.7186 0.671327
vt 0.715378 0.672661
vt 0.713756 0.669625
vt 0.715378 0.672661
vt 0.712479 0.674598
vt 0.713756 0.669625
vt 0.712479 0.674598
vt 0.710014 0.677064
vt 0.702637 0.686266
vt 0.713756 0.669625
vt 0.710014 0.677064
vt 0.702637 0.686266
vt 0.710014 0.677064
vt 0.708077 0.679963
vt 0.702637 0.686266
vt 0.708077 0.679963
vt 0.706743 0.683184
vt 0.702637 0.686266
vt 0.706743 0.683184
vt 0.706063 0.686604
vt 0.702637 0.686266
vt 0.706063 0.686604
vt 0.706063 0.69009
vt 0.702637 0.686266
vt 0.706063 0.69009
vt 0.706743 0.69351
vt 0.710296 0.704756
vt 0.702637 0.686266
vt 0.706743 0.69351
vt 0.710296 0.704756
vt 0.706743 0.69351
vt 0.708077 0.696731
vt 0.710296 0.704756
vt 0.708077 0.696731
vt 0.710014 0.69963
vt 0.710296 0.704756
vt 0.710014 0.69963
vt 0.712479 0.702095
vt 0.710296 0.704756
vt 0.712479 0.702095
vt 0.715378 0.704032
vt 0.710296 0.704756
vt 0.715378 0.704032
vt 0.7186 0.705367
vt 0.729925 0.708661
vt 0.710296 0.704756
vt 0.7186 0.705367
vt 0.729925 0.708661
vt 0.7186 0.705367
vt 0.722019 0.706047
vt 0.729925 0.708661
vt 0.722019 0.706047
vt 0.725506 0.706047
vt 0.729925 0.708661
vt 0.725506 0.706047
vt 0.728925 0.705367
vt 0.729925 0.708661
vt 0.728925 0.705367
vt 0.732147 0.704032
vt 0.729925 0.708661
vt 0.732147 0.704032
vt 0.735046 0.702095
vt 0.744076 0.694509
vt 0.729925 0.708661
vt 0.735046 0.702095
vt 0.744076 0.694509
vt 0.735046 0.702095
vt 0.737511 0.69963
vt 0.744076 0.694509
vt 0.737511 0.69963
vt 0.739448 0.696731
vt 0.744076 0.694509
vt 0.739448 0.696731
vt 0.740782 0.69351
vt 0.744076 0.694509
vt 0.740782 0.69351
vt 0.741463 0.69009
vt 0.744076 0.694509
vt 0.741463 0.69009
vt 0.741463 0.686604
vt 0.740172 0.67488
vt 0.744076 0.694509
vt 0.741463 0.686604
vt 0.740172 0.67488
vt 0.741463 0.686604
vt 0.740782 0.683184
vt 0.740172 0.67488
vt 0.740782 0.683184
vt 0.739448 0.679963
vt 0.740172 0.67488
vt 0.739448 0.679963
vt 0.737511 0.677064
vt 0.740172 0.67488
vt 0.737511 0.677064
vt 0.735046 0.674598
vt 0.740172 0.67488
vt 0.735046 0.674598
vt 0.732147 0.672661
vt 0.721682 0.667221
vt 0.740172 0.67488
vt 0.732147 0.672661
vt 0.721682 0.667221
vt 0.732147 0.672661
vt 0.728925 0.671327
vt 0.721682 0.667221
vt 0.728925 0.671327
vt 0.725506 0.670647
vt 0.725506 0.670647
vt 0.722019 0.670647
vt 0.721682 0.667221
vt 0.663561 0.096252
vt 0.669522 0.096252
vt 0.669522 0.099121
vt 0.663561 0.099121
vt 0.669522 0.096252
vt 0.675369 0.096252
vt 0.675369 0.099121
vt 0.669522 0.099121
vt 0.311035 0.090393
vt 0.316967 0.090393
vt 0.316967 0.093262
vt 0.311035 0.093262
vt 0.316967 0.090393
vt 0.3229 0.090393
vt 0.3229 0.093262
vt 0.316967 0.093262
vt 0.32666 0.090393
vt 0.332592 0.090393
vt 0.332592 0.093262
vt 0.32666 0.093262
vt 0.332592 0.090393
vt 0.338525 0.090393
vt 0.338525 0.093262
vt 0.332592 0.093262
vt 0.342285 0.090393
vt 0.348217 0.090393
vt 0.348217 0.093262
vt 0.342285 0.093262
vt 0.348217 0.090393
vt 0.35415 0.090393
vt 0.35415 0.093262
vt 0.348217 0.093262
vt 0.35791 0.090393
vt 0.363842 0.090393
vt 0.363842 0.093262
vt 0.35791 0.093262
vt 0.363842 0.090393
vt 0.369775 0.090393
vt 0.369775 0.093262
vt 0.363842 0.093262
vt 0.279785 0.090393
vt 0.285717 0.090393
vt 0.285717 0.093262
vt 0.279785 0.093262
vt 0.285717 0.090393
vt 0.29165 0.090393
vt 0.29165 0.093262
vt 0.285717 0.093262
vt 0.373535 0.090393
vt 0.379467 0.090393
vt 0.379467 0.093262
vt 0.373535 0.093262
vt 0.379467 0.090393
vt 0.3854 0.090393
vt 0.3854 0.093262
vt 0.379467 0.093262
vt 0.29541 0.090393
vt 0.301342 0.090393
vt 0.301342 0.093262
vt 0.29541 0.093262
vt 0.301342 0.090393
vt 0.307275 0.090393
vt 0.307275 0.093262
vt 0.301342 0.093262
vt 0.26416 0.090393
vt 0.270092 0.090393
vt 0.270092 0.093262
vt 0.26416 0.093262
vt 0.270092 0.090393
vt 0.276025 0.090393
vt 0.276025 0.093262
vt 0.270092 0.093262
vt 0.404785 0.090393
vt 0.410717 0.090393
vt 0.410717 0.093262
vt 0.404785 0.093262
vt 0.410717 0.090393
vt 0.41665 0.090393
vt 0.41665 0.093262
vt 0.410717 0.093262
vt 0.248535 0.090393
vt 0.254467 0.090393
vt 0.254467 0.093262
vt 0.248535 0.093262
vt 0.254467 0.090393
vt 0.2604 0.090393
vt 0.2604 0.093262
vt 0.254467 0.093262
vt 0.38916 0.090393
vt 0.395092 0.090393
vt 0.395092 0.093262
vt 0.38916 0.093262
vt 0.395092 0.090393
vt 0.401025 0.090393
vt 0.401025 0.093262
vt 0.395092 0.093262
vt 0.23291 0.090393
vt 0.238842 0.090393
vt 0.238842 0.093262
vt 0.23291 0.093262
vt 0.238842 0.090393
vt 0.244775 0.090393
vt 0.244775 0.093262
vt 0.238842 0.093262
vt 0.42041 0.090393
vt 0.426342 0.090393
vt 0.426342 0.093262
vt 0.42041 0.093262
vt 0.426342 0.090393
vt 0.432275 0.090393
vt 0.432275 0.093262
vt 0.426342 0.093262
vt 0.217285 0.090393
vt 0.223217 0.090393
vt 0.223217 0.093262
vt 0.217285 0.093262
vt 0.223217 0.090393
vt 0.22915 0.090393
vt 0.22915 0.093262
vt 0.223217 0.093262
vt 0.987793 0.090393
vt 0.993754 0.090393
vt 0.993754 0.093262
vt 0.987793 0.093262
vt 0.657715 0.096252
vt 0.663561 0.096252
vt 0.663561 0.099121
vt 0.657715 0.099121
vt 0.684384 0.096252
vt 0.68967 0.096252
vt 0.68967 0.099121
vt 0.684384 0.099121
vt 0.68967 0.096252
vt 0.694854 0.096252
vt 0.694854 0.099121
vt 0.68967 0.099121
vt 0.61377 0.090393
vt 0.61903 0.090393
vt 0.61903 0.093262
vt 0.61377 0.093262
vt 0.61903 0.090393
vt 0.624291 0.090393
vt 0.624291 0.093262
vt 0.61903 0.093262
vt 0.436035 0.090393
vt 0.441296 0.090393
vt 0.441296 0.093262
vt 0.436035 0.093262
vt 0.441296 0.090393
vt 0.446557 0.090393
vt 0.446557 0.093262
vt 0.441296 0.093262
vt 0.600098 0.090393
vt 0.605358 0.090393
vt 0.605358 0.093262
vt 0.600098 0.093262
vt 0.605358 0.090393
vt 0.610619 0.090393
vt 0.610619 0.093262
vt 0.605358 0.093262
vt 0.449707 0.090393
vt 0.454968 0.090393
vt 0.454968 0.093262
vt 0.449707 0.093262
vt 0.454968 0.090393
vt 0.460228 0.090393
vt 0.460228 0.093262
vt 0.454968 0.093262
vt 0.477051 0.090393
vt 0.482311 0.090393
vt 0.482311 0.093262
vt 0.477051 0.093262
vt 0.482311 0.090393
vt 0.487572 0.090393
vt 0.487572 0.093262
vt 0.482311 0.093262
vt 0.463379 0.090393
vt 0.46864 0.090393
vt 0.46864 0.093262
vt 0.463379 0.093262
vt 0.46864 0.090393
vt 0.4739 0.090393
vt 0.4739 0.093262
vt 0.46864 0.093262
vt 0.572754 0.090393
vt 0.578015 0.090393
vt 0.578015 0.093262
vt 0.572754 0.093262
vt 0.578015 0.090393
vt 0.583275 0.090393
vt 0.583275 0.093262
vt 0.578015 0.093262
vt 0.586426 0.090393
vt 0.591686 0.090393
vt 0.591686 0.093262
vt 0.586426 0.093262
vt 0.591686 0.090393
vt 0.596947 0.090393
vt 0.596947 0.093262
vt 0.591686 0.093262
vt 0.518066 0.090393
vt 0.523327 0.090393
vt 0.523327 0.093262
vt 0.518066 0.093262
vt 0.523327 0.090393
vt 0.528588 0.090393
vt 0.528588 0.093262
vt 0.523327 0.093262
vt 0.490723 0.090393
vt 0.495983 0.090393
vt 0.495983 0.093262
vt 0.490723 0.093262
vt 0.495983 0.090393
vt 0.501244 0.090393
vt 0.501244 0.093262
vt 0.495983 0.093262
vt 0.504395 0.090393
vt 0.509655 0.090393
vt 0.509655 0.093262
vt 0.504395 0.093262
vt 0.509655 0.090393
vt 0.514916 0.090393
vt 0.514916 0.093262
vt 0.509655 0.093262
vt 0.531738 0.090393
vt 0.536999 0.090393
vt 0.536999 0.093262
vt 0.531738 0.093262
vt 0.536999 0.090393
vt 0.54226 0.090393
vt 0.54226 0.093262
vt 0.536999 0.093262
vt 0.54541 0.090393
vt 0.550671 0.090393
vt 0.550671 0.093262
vt 0.54541 0.093262
vt 0.550671 0.090393
vt 0.555932 0.090393
vt 0.555932 0.093262
vt 0.550671 0.093262
vt 0.559082 0.090393
vt 0.564343 0.090393
vt 0.564343 0.093262
vt 0.559082 0.093262
vt 0.564343 0.090393
vt 0.569603 0.090393
vt 0.569603 0.093262
vt 0.564343 0.093262
vt 0.002441 0.084534
vt 0.007728 0.084534
vt 0.007728 0.087402
vt 0.002441 0.087402
vt 0.679199 0.096252
vt 0.684384 0.096252
vt 0.684384 0.099121
vt 0.679199 0.099121
vt 0.559108 0.776669
vt 0.553261 0.777832
vt 0.5473 0.777832
vt 0.564615 0.774388
vt 0.559108 0.776669
vt 0.5473 0.777832
vt 0.569571 0.771076
vt 0.564615 0.774388
vt 0.5473 0.777832
vt 0.577098 0.761905
vt 0.573786 0.766861
vt 0.569571 0.771076
vt 0.579379 0.756398
vt 0.577098 0.761905
vt 0.569571 0.771076
vt 0.580542 0.750551
vt 0.579379 0.756398
vt 0.569571 0.771076
vt 0.579379 0.738744
vt 0.580542 0.74459
vt 0.580542 0.750551
vt 0.577098 0.733237
vt 0.579379 0.738744
vt 0.580542 0.750551
vt 0.573786 0.72828
vt 0.577098 0.733237
vt 0.580542 0.750551
vt 0.564615 0.720754
vt 0.569571 0.724065
vt 0.573786 0.72828
vt 0.559108 0.718472
vt 0.564615 0.720754
vt 0.573786 0.72828
vt 0.553261 0.717309
vt 0.559108 0.718472
vt 0.573786 0.72828
vt 0.541454 0.718472
vt 0.5473 0.717309
vt 0.553261 0.717309
vt 0.535947 0.720754
vt 0.541454 0.718472
vt 0.553261 0.717309
vt 0.53099 0.724065
vt 0.535947 0.720754
vt 0.553261 0.717309
vt 0.523464 0.733237
vt 0.526775 0.72828
vt 0.53099 0.724065
vt 0.521182 0.738744
vt 0.523464 0.733237
vt 0.53099 0.724065
vt 0.52002 0.74459
vt 0.521182 0.738744
vt 0.53099 0.724065
vt 0.521182 0.756398
vt 0.52002 0.750551
vt 0.52002 0.74459
vt 0.523464 0.761905
vt 0.521182 0.756398
vt 0.52002 0.74459
vt 0.526775 0.766861
vt 0.523464 0.761905
vt 0.52002 0.74459
vt 0.535947 0.774388
vt 0.53099 0.771076
vt 0.526775 0.766861
vt 0.541454 0.776669
vt 0.535947 0.774388
vt 0.526775 0.766861
vt 0.5473 0.777832
vt 0.541454 0.776669
vt 0.526775 0.766861
vt 0.542453 0.773375
vt 0.547638 0.774406
vt 0.5473 0.777832
vt 0.537569 0.771352
vt 0.542453 0.773375
vt 0.5473 0.777832
vt 0.537569 0.771352
vt 0.5473 0.777832
vt 0.526775 0.766861
vt 0.533174 0.768415
vt 0.537569 0.771352
vt 0.526775 0.766861
vt 0.529436 0.764677
vt 0.533174 0.768415
vt 0.526775 0.766861
vt 0.5265 0.760282
vt 0.529436 0.764677
vt 0.526775 0.766861
vt 0.524477 0.755398
vt 0.5265 0.760282
vt 0.526775 0.766861
vt 0.524477 0.755398
vt 0.526775 0.766861
vt 0.52002 0.74459
vt 0.523445 0.750214
vt 0.524477 0.755398
vt 0.52002 0.74459
vt 0.523445 0.744928
vt 0.523445 0.750214
vt 0.52002 0.74459
vt 0.524477 0.739743
vt 0.523445 0.744928
vt 0.52002 0.74459
vt 0.5265 0.734859
vt 0.524477 0.739743
vt 0.52002 0.74459
vt 0.5265 0.734859
vt 0.52002 0.74459
vt 0.53099 0.724065
vt 0.529436 0.730464
vt 0.5265 0.734859
vt 0.53099 0.724065
vt 0.533174 0.726726
vt 0.529436 0.730464
vt 0.53099 0.724065
vt 0.537569 0.723789
vt 0.533174 0.726726
vt 0.53099 0.724065
vt 0.542453 0.721767
vt 0.537569 0.723789
vt 0.53099 0.724065
vt 0.542453 0.721767
vt 0.53099 0.724065
vt 0.553261 0.717309
vt 0.547638 0.720735
vt 0.542453 0.721767
vt 0.553261 0.717309
vt 0.552924 0.720735
vt 0.547638 0.720735
vt 0.553261 0.717309
vt 0.558108 0.721767
vt 0.552924 0.720735
vt 0.553261 0.717309
vt 0.562992 0.723789
vt 0.558108 0.721767
vt 0.553261 0.717309
vt 0.562992 0.723789
vt 0.553261 0.717309
vt 0.573786 0.72828
vt 0.567387 0.726726
vt 0.562992 0.723789
vt 0.573786 0.72828
vt 0.571125 0.730464
vt 0.567387 0.726726
vt 0.573786 0.72828
vt 0.574062 0.734859
vt 0.571125 0.730464
vt 0.573786 0.72828
vt 0.576085 0.739743
vt 0.574062 0.734859
vt 0.573786 0.72828
vt 0.576085 0.739743
vt 0.573786 0.72828
vt 0.580542 0.750551
vt 0.577116 0.744928
vt 0.576085 0.739743
vt 0.580542 0.750551
vt 0.577116 0.750214
vt 0.577116 0.744928
vt 0.580542 0.750551
vt 0.576085 0.755398
vt 0.577116 0.750214
vt 0.580542 0.750551
vt 0.574062 0.760282
vt 0.576085 0.755398
vt 0.580542 0.750551
vt 0.574062 0.760282
vt 0.580542 0.750551
vt 0.569571 0.771076
vt 0.571125 0.764677
vt 0.574062 0.760282
vt 0.569571 0.771076
vt 0.567387 0.768415
vt 0.571125 0.764677
vt 0.569571 0.771076
vt 0.562992 0.771352
vt 0.567387 0.768415
vt 0.569571 0.771076
vt 0.558108 0.773375
vt 0.562992 0.771352
vt 0.569571 0.771076
vt 0.558108 0.773375
vt 0.569571 0.771076
vt 0.5473 0.777832
vt 0.552924 0.774406
vt 0.558108 0.773375
vt 0.5473 0.777832
vt 0.5473 0.777832
vt 0.547638 0.774406
vt 0.552924 0.774406
vt 0.610777 0.717309
vt 0.616738 0.717309
vt 0.622584 0.718472
vt 0.610777 0.717309
vt 0.622584 0.718472
vt 0.628091 0.720754
vt 0.610777 0.717309
vt 0.628091 0.720754
vt 0.633048 0.724065
vt 0.633048 0.724065
vt 0.637263 0.72828
vt 0.640575 0.733237
vt 0.633048 0.724065
vt 0.640575 0.733237
vt 0.642856 0.738744
vt 0.633048 0.724065
vt 0.642856 0.738744
vt 0.644019 0.74459
vt 0.644019 0.74459
vt 0.644019 0.750551
vt 0.642856 0.756398
vt 0.644019 0.74459
vt 0.642856 0.756398
vt 0.640575 0.761905
vt 0.644019 0.74459
vt 0.640575 0.761905
vt 0.637263 0.766861
vt 0.637263 0.766861
vt 0.633048 0.771076
vt 0.628091 0.774388
vt 0.637263 0.766861
vt 0.628091 0.774388
vt 0.622584 0.776669
vt 0.637263 0.766861
vt 0.622584 0.776669
vt 0.616738 0.777832
vt 0.616738 0.777832
vt 0.610777 0.777832
vt 0.60493 0.776669
vt 0.616738 0.777832
vt 0.60493 0.776669
vt 0.599423 0.774388
vt 0.616738 0.777832
vt 0.599423 0.774388
vt 0.594467 0.771076
vt 0.594467 0.771076
vt 0.590252 0.766861
vt 0.58694 0.761905
vt 0.594467 0.771076
vt 0.58694 0.761905
vt 0.584659 0.756398
vt 0.594467 0.771076
vt 0.584659 0.756398
vt 0.583496 0.750551
vt 0.583496 0.750551
vt 0.583496 0.74459
vt 0.584659 0.738744
vt 0.583496 0.750551
vt 0.584659 0.738744
vt 0.58694 0.733237
vt 0.583496 0.750551
vt 0.58694 0.733237
vt 0.590252 0.72828
vt 0.590252 0.72828
vt 0.594467 0.724065
vt 0.599423 0.720754
vt 0.590252 0.72828
vt 0.599423 0.720754
vt 0.60493 0.718472
vt 0.590252 0.72828
vt 0.60493 0.718472
vt 0.610777 0.717309
vt 0.610777 0.717309
vt 0.611114 0.720735
vt 0.60593 0.721767
vt 0.610777 0.717309
vt 0.60593 0.721767
vt 0.601046 0.723789
vt 0.590252 0.72828
vt 0.610777 0.717309
vt 0.601046 0.723789
vt 0.590252 0.72828
vt 0.601046 0.723789
vt 0.596651 0.726726
vt 0.590252 0.72828
vt 0.596651 0.726726
vt 0.592913 0.730464
vt 0.590252 0.72828
vt 0.592913 0.730464
vt 0.589976 0.734859
vt 0.590252 0.72828
vt 0.589976 0.734859
vt 0.587953 0.739743
vt 0.583496 0.750551
vt 0.590252 0.72828
vt 0.587953 0.739743
vt 0.583496 0.750551
vt 0.587953 0.739743
vt 0.586922 0.744928
vt 0.583496 0.750551
vt 0.586922 0.744928
vt 0.586922 0.750214
vt 0.583496 0.750551
vt 0.586922 0.750214
vt 0.587953 0.755398
vt 0.583496 0.750551
vt 0.587953 0.755398
vt 0.589976 0.760282
vt 0.594467 0.771076
vt 0.583496 0.750551
vt 0.589976 0.760282
vt 0.594467 0.771076
vt 0.589976 0.760282
vt 0.592913 0.764677
vt 0.594467 0.771076
vt 0.592913 0.764677
vt 0.596651 0.768415
vt 0.594467 0.771076
vt 0.596651 0.768415
vt 0.601046 0.771352
vt 0.594467 0.771076
vt 0.601046 0.771352
vt 0.60593 0.773375
vt 0.616738 0.777832
vt 0.594467 0.771076
vt 0.60593 0.773375
vt 0.616738 0.777832
vt 0.60593 0.773375
vt 0.611114 0.774406
vt 0.616738 0.777832
vt 0.611114 0.774406
vt 0.6164 0.774406
vt 0.616738 0.777832
vt 0.6164 0.774406
vt 0.621585 0.773375
vt 0.616738 0.777832
vt 0.621585 0.773375
vt 0.626469 0.771352
vt 0.637263 0.766861
vt 0.616738 0.777832
vt 0.626469 0.771352
vt 0.637263 0.766861
vt 0.626469 0.771352
vt 0.630864 0.768415
vt 0.637263 0.766861
vt 0.630864 0.768415
vt 0.634602 0.764677
vt 0.637263 0.766861
vt 0.634602 0.764677
vt 0.637539 0.760282
vt 0.637263 0.766861
vt 0.637539 0.760282
vt 0.639562 0.755398
vt 0.644019 0.74459
vt 0.637263 0.766861
vt 0.639562 0.755398
vt 0.644019 0.74459
vt 0.639562 0.755398
vt 0.640593 0.750214
vt 0.644019 0.74459
vt 0.640593 0.750214
vt 0.640593 0.744928
vt 0.644019 0.74459
vt 0.640593 0.744928
vt 0.639562 0.739743
vt 0.644019 0.74459
vt 0.639562 0.739743
vt 0.637539 0.734859
vt 0.633048 0.724065
vt 0.644019 0.74459
vt 0.637539 0.734859
vt 0.633048 0.724065
vt 0.637539 0.734859
vt 0.634602 0.730464
vt 0.633048 0.724065
vt 0.634602 0.730464
vt 0.630864 0.726726
vt 0.633048 0.724065
vt 0.630864 0.726726
vt 0.626469 0.723789
vt 0.633048 0.724065
vt 0.626469 0.723789
vt 0.621585 0.721767
vt 0.610777 0.717309
vt 0.633048 0.724065
vt 0.621585 0.721767
vt 0.610777 0.717309
vt 0.621585 0.721767
vt 0.6164 0.720735
vt 0.6164 0.720735
vt 0.611114 0.720735
vt 0.610777 0.717309
vt 0.616277 0.096252
vt 0.623813 0.096252
vt 0.623813 0.099121
vt 0.616277 0.099121
vt 0.623813 0.096252
vt 0.631204 0.096252
vt 0.631204 0.099121
vt 0.623813 0.099121
vt 0.810059 0.096252
vt 0.817558 0.096252
vt 0.817558 0.099121
vt 0.810059 0.099121
vt 0.817558 0.096252
vt 0.825057 0.096252
vt 0.825057 0.099121
vt 0.817558 0.099121
vt 0.754395 0.096252
vt 0.761894 0.096252
vt 0.761894 0.099121
vt 0.754395 0.099121
vt 0.761894 0.096252
vt 0.769393 0.096252
vt 0.769393 0.099121
vt 0.761894 0.099121
vt 0.828613 0.096252
vt 0.836113 0.096252
vt 0.836113 0.099121
vt 0.828613 0.099121
vt 0.836113 0.096252
vt 0.843612 0.096252
vt 0.843612 0.099121
vt 0.836113 0.099121
vt 0.847168 0.096252
vt 0.854667 0.096252
vt 0.854667 0.099121
vt 0.847168 0.099121
vt 0.854667 0.096252
vt 0.862166 0.096252
vt 0.862166 0.099121
vt 0.854667 0.099121
vt 0.772949 0.096252
vt 0.780448 0.096252
vt 0.780448 0.099121
vt 0.772949 0.099121
vt 0.780448 0.096252
vt 0.787948 0.096252
vt 0.787948 0.099121
vt 0.780448 0.099121
vt 0.865723 0.096252
vt 0.873222 0.096252
vt 0.873222 0.099121
vt 0.865723 0.099121
vt 0.873222 0.096252
vt 0.880721 0.096252
vt 0.880721 0.099121
vt 0.873222 0.099121
vt 0.791504 0.096252
vt 0.799003 0.096252
vt 0.799003 0.099121
vt 0.791504 0.099121
vt 0.799003 0.096252
vt 0.806502 0.096252
vt 0.806502 0.099121
vt 0.799003 0.099121
vt 0.884277 0.096252
vt 0.891777 0.096252
vt 0.891777 0.099121
vt 0.884277 0.099121
vt 0.891777 0.096252
vt 0.899276 0.096252
vt 0.899276 0.099121
vt 0.891777 0.099121
vt 0.902832 0.096252
vt 0.910331 0.096252
vt 0.910331 0.099121
vt 0.902832 0.099121
vt 0.910331 0.096252
vt 0.917831 0.096252
vt 0.917831 0.099121
vt 0.910331 0.099121
vt 0.717285 0.096252
vt 0.724784 0.096252
vt 0.724784 0.099121
vt 0.717285 0.099121
vt 0.724784 0.096252
vt 0.732284 0.096252
vt 0.732284 0.099121
vt 0.724784 0.099121
vt 0.921387 0.096252
vt 0.928886 0.096252
vt 0.928886 0.099121
vt 0.921387 0.099121
vt 0.928886 0.096252
vt 0.936385 0.096252
vt 0.936385 0.099121
vt 0.928886 0.099121
vt 0.73584 0.096252
vt 0.743339 0.096252
vt 0.743339 0.099121
vt 0.73584 0.099121
vt 0.743339 0.096252
vt 0.750838 0.096252
vt 0.750838 0.099121
vt 0.743339 0.099121
vt 0.939941 0.096252
vt 0.947441 0.096252
vt 0.947441 0.099121
vt 0.939941 0.099121
vt 0.947441 0.096252
vt 0.95494 0.096252
vt 0.95494 0.099121
vt 0.947441 0.099121
vt 0.69873 0.096252
vt 0.70623 0.096252
vt 0.70623 0.099121
vt 0.69873 0.099121
vt 0.70623 0.096252
vt 0.713729 0.096252
vt 0.713729 0.099121
vt 0.70623 0.099121
vt 0.805176 0.090393
vt 0.812711 0.090393
vt 0.812711 0.093262
vt 0.805176 0.093262
vt 0.608887 0.096252
vt 0.616277 0.096252
vt 0.616277 0.099121
vt 0.608887 0.099121
vt 0.641006 0.096252
vt 0.647867 0.096252
vt 0.647867 0.099121
vt 0.641006 0.099121
vt 0.647867 0.096252
vt 0.654596 0.096252
vt 0.654596 0.099121
vt 0.647867 0.099121
vt 0.168457 0.090393
vt 0.175285 0.090393
vt 0.175285 0.093262
vt 0.168457 0.093262
vt 0.175285 0.090393
vt 0.182112 0.090393
vt 0.182112 0.093262
vt 0.175285 0.093262
vt 0.975098 0.096252
vt 0.981925 0.096252
vt 0.981925 0.099121
vt 0.975098 0.099121
vt 0.981925 0.096252
vt 0.988753 0.096252
vt 0.988753 0.099121
vt 0.981925 0.099121
vt 0.185059 0.090393
vt 0.191886 0.090393
vt 0.191886 0.093262
vt 0.185059 0.093262
vt 0.191886 0.090393
vt 0.198714 0.090393
vt 0.198714 0.093262
vt 0.191886 0.093262
vt 0.958496 0.096252
vt 0.965324 0.096252
vt 0.965324 0.099121
vt 0.958496 0.099121
vt 0.965324 0.096252
vt 0.972151 0.096252
vt 0.972151 0.099121
vt 0.965324 0.099121
vt 0.019043 0.090393
vt 0.025871 0.090393
vt 0.025871 0.093262
vt 0.019043 0.093262
vt 0.025871 0.090393
vt 0.032698 0.090393
vt 0.032698 0.093262
vt 0.025871 0.093262
vt 0.102051 0.090393
vt 0.108878 0.090393
vt 0.108878 0.093262
vt 0.102051 0.093262
vt 0.108878 0.090393
vt 0.115706 0.090393
vt 0.115706 0.093262
vt 0.108878 0.093262
vt 0.035645 0.090393
vt 0.042472 0.090393
vt 0.042472 0.093262
vt 0.035645 0.093262
vt 0.042472 0.090393
vt 0.0493 0.090393
vt 0.0493 0.093262
vt 0.042472 0.093262
vt 0.118652 0.090393
vt 0.12548 0.090393
vt 0.12548 0.093262
vt 0.118652 0.093262
vt 0.12548 0.090393
vt 0.132308 0.090393
vt 0.132308 0.093262
vt 0.12548 0.093262
vt 0.052246 0.090393
vt 0.059074 0.090393
vt 0.059074 0.093262
vt 0.052246 0.093262
vt 0.059074 0.090393
vt 0.065901 0.090393
vt 0.065901 0.093262
vt 0.059074 0.093262
vt 0.068848 0.090393
vt 0.075675 0.090393
vt 0.075675 0.093262
vt 0.068848 0.093262
vt 0.075675 0.090393
vt 0.082503 0.090393
vt 0.082503 0.093262
vt 0.075675 0.093262
vt 0.085449 0.090393
vt 0.092277 0.090393
vt 0.092277 0.093262
vt 0.085449 0.093262
vt 0.092277 0.090393
vt 0.099105 0.090393
vt 0.099105 0.093262
vt 0.092277 0.093262
vt 0.002441 0.090393
vt 0.009269 0.090393
vt 0.009269 0.093262
vt 0.002441 0.093262
vt 0.009269 0.090393
vt 0.016097 0.090393
vt 0.016097 0.093262
vt 0.009269 0.093262
vt 0.151855 0.090393
vt 0.158683 0.090393
vt 0.158683 0.093262
vt 0.151855 0.093262
vt 0.158683 0.090393
vt 0.165511 0.090393
vt 0.165511 0.093262
vt 0.158683 0.093262
vt 0.135254 0.090393
vt 0.142082 0.090393
vt 0.142082 0.093262
vt 0.135254 0.093262
vt 0.142082 0.090393
vt 0.148909 0.090393
vt 0.148909 0.093262
vt 0.142082 0.093262
vt 0.977051 0.090393
vt 0.983912 0.090393
vt 0.983912 0.093262
vt 0.977051 0.093262
vt 0.634277 0.096252
vt 0.641006 0.096252
vt 0.641006 0.099121
vt 0.634277 0.099121
vt 0.581152 0.868159
vt 0.573761 0.869629
vt 0.566225 0.869629
vt 0.588114 0.865275
vt 0.581152 0.868159
vt 0.566225 0.869629
vt 0.594379 0.861089
vt 0.588114 0.865275
vt 0.566225 0.869629
vt 0.603894 0.849495
vt 0.599708 0.85576
vt 0.594379 0.861089
vt 0.606778 0.842533
vt 0.603894 0.849495
vt 0.594379 0.861089
vt 0.608248 0.835142
vt 0.606778 0.842533
vt 0.594379 0.861089
vt 0.606778 0.820216
vt 0.608248 0.827606
vt 0.608248 0.835142
vt 0.603894 0.813254
vt 0.606778 0.820216
vt 0.608248 0.835142
vt 0.599708 0.806988
vt 0.603894 0.813254
vt 0.608248 0.835142
vt 0.588114 0.797473
vt 0.594379 0.80166
vt 0.599708 0.806988
vt 0.581152 0.794589
vt 0.588114 0.797473
vt 0.599708 0.806988
vt 0.573761 0.793119
vt 0.581152 0.794589
vt 0.599708 0.806988
vt 0.558835 0.794589
vt 0.566225 0.793119
vt 0.573761 0.793119
vt 0.551873 0.797473
vt 0.558835 0.794589
vt 0.573761 0.793119
vt 0.545607 0.80166
vt 0.551873 0.797473
vt 0.573761 0.793119
vt 0.536092 0.813254
vt 0.540279 0.806988
vt 0.545607 0.80166
vt 0.533208 0.820216
vt 0.536092 0.813254
vt 0.545607 0.80166
vt 0.531738 0.827606
vt 0.533208 0.820216
vt 0.545607 0.80166
vt 0.533208 0.842533
vt 0.531738 0.835142
vt 0.531738 0.827606
vt 0.536092 0.849495
vt 0.533208 0.842533
vt 0.531738 0.827606
vt 0.540279 0.85576
vt 0.536092 0.849495
vt 0.531738 0.827606
vt 0.551873 0.865275
vt 0.545607 0.861089
vt 0.540279 0.85576
vt 0.558835 0.868159
vt 0.551873 0.865275
vt 0.540279 0.85576
vt 0.566225 0.869629
vt 0.558835 0.868159
vt 0.540279 0.85576
vt 0.559834 0.864865
vt 0.566563 0.866203
vt 0.566225 0.869629
vt 0.553495 0.862239
vt 0.559834 0.864865
vt 0.566225 0.869629
vt 0.553495 0.862239
vt 0.566225 0.869629
vt 0.540279 0.85576
vt 0.547791 0.858428
vt 0.553495 0.862239
vt 0.540279 0.85576
vt 0.54294 0.853576
vt 0.547791 0.858428
vt 0.540279 0.85576
vt 0.539128 0.847872
vt 0.54294 0.853576
vt 0.540279 0.85576
vt 0.536503 0.841533
vt 0.539128 0.847872
vt 0.540279 0.85576
vt 0.536503 0.841533
vt 0.540279 0.85576
vt 0.531738 0.827606
vt 0.535164 0.834804
vt 0.536503 0.841533
vt 0.531738 0.827606
vt 0.535164 0.827944
vt 0.535164 0.834804
vt 0.531738 0.827606
vt 0.536503 0.821215
vt 0.535164 0.827944
vt 0.531738 0.827606
vt 0.539128 0.814876
vt 0.536503 0.821215
vt 0.531738 0.827606
vt 0.539128 0.814876
vt 0.531738 0.827606
vt 0.545607 0.80166
vt 0.54294 0.809172
vt 0.539128 0.814876
vt 0.545607 0.80166
vt 0.547791 0.804321
vt 0.54294 0.809172
vt 0.545607 0.80166
vt 0.553495 0.800509
vt 0.547791 0.804321
vt 0.545607 0.80166
vt 0.559834 0.797883
vt 0.553495 0.800509
vt 0.545607 0.80166
vt 0.559834 0.797883
vt 0.545607 0.80166
vt 0.573761 0.793119
vt 0.566563 0.796545
vt 0.559834 0.797883
vt 0.573761 0.793119
vt 0.573423 0.796545
vt 0.566563 0.796545
vt 0.573761 0.793119
vt 0.580152 0.797883
vt 0.573423 0.796545
vt 0.573761 0.793119
vt 0.586491 0.800509
vt 0.580152 0.797883
vt 0.573761 0.793119
vt 0.586491 0.800509
vt 0.573761 0.793119
vt 0.599708 0.806988
vt 0.592195 0.804321
vt 0.586491 0.800509
vt 0.599708 0.806988
vt 0.597047 0.809172
vt 0.592195 0.804321
vt 0.599708 0.806988
vt 0.600858 0.814876
vt 0.597047 0.809172
vt 0.599708 0.806988
vt 0.603484 0.821215
vt 0.600858 0.814876
vt 0.599708 0.806988
vt 0.603484 0.821215
vt 0.599708 0.806988
vt 0.608248 0.835142
vt 0.604822 0.827944
vt 0.603484 0.821215
vt 0.608248 0.835142
vt 0.604822 0.834804
vt 0.604822 0.827944
vt 0.608248 0.835142
vt 0.603484 0.841533
vt 0.604822 0.834804
vt 0.608248 0.835142
vt 0.600858 0.847872
vt 0.603484 0.841533
vt 0.608248 0.835142
vt 0.600858 0.847872
vt 0.608248 0.835142
vt 0.594379 0.861089
vt 0.597047 0.853576
vt 0.600858 0.847872
vt 0.594379 0.861089
vt 0.592195 0.858428
vt 0.597047 0.853576
vt 0.594379 0.861089
vt 0.586491 0.862239
vt 0.592195 0.858428
vt 0.594379 0.861089
vt 0.580152 0.864865
vt 0.586491 0.862239
vt 0.594379 0.861089
vt 0.580152 0.864865
vt 0.594379 0.861089
vt 0.566225 0.869629
vt 0.573423 0.866203
vt 0.580152 0.864865
vt 0.566225 0.869629
vt 0.566225 0.869629
vt 0.566563 0.866203
vt 0.573423 0.866203
vt 0.646303 0.793119
vt 0.653839 0.793119
vt 0.66123 0.794589
vt 0.646303 0.793119
vt 0.66123 0.794589
vt 0.668192 0.797473
vt 0.646303 0.793119
vt 0.668192 0.797473
vt 0.674457 0.80166
vt 0.674457 0.80166
vt 0.679786 0.806988
vt 0.683972 0.813254
vt 0.674457 0.80166
vt 0.683972 0.813254
vt 0.686856 0.820216
vt 0.674457 0.80166
vt 0.686856 0.820216
vt 0.688326 0.827606
vt 0.688326 0.827606
vt 0.688326 0.835142
vt 0.686856 0.842533
vt 0.688326 0.827606
vt 0.686856 0.842533
vt 0.683972 0.849495
vt 0.688326 0.827606
vt 0.683972 0.849495
vt 0.679786 0.85576
vt 0.679786 0.85576
vt 0.674457 0.861089
vt 0.668192 0.865275
vt 0.679786 0.85576
vt 0.668192 0.865275
vt 0.66123 0.868159
vt 0.679786 0.85576
vt 0.66123 0.868159
vt 0.653839 0.869629
vt 0.653839 0.869629
vt 0.646303 0.869629
vt 0.638913 0.868159
vt 0.653839 0.869629
vt 0.638913 0.868159
vt 0.631951 0.865275
vt 0.653839 0.869629
vt 0.631951 0.865275
vt 0.625685 0.861089
vt 0.625685 0.861089
vt 0.620357 0.85576
vt 0.61617 0.849495
vt 0.625685 0.861089
vt 0.61617 0.849495
vt 0.613287 0.842533
vt 0.625685 0.861089
vt 0.613287 0.842533
vt 0.611816 0.835142
vt 0.611816 0.835142
vt 0.611816 0.827606
vt 0.613287 0.820216
vt 0.611816 0.835142
vt 0.613287 0.820216
vt 0.61617 0.813254
vt 0.611816 0.835142
vt 0.61617 0.813254
vt 0.620357 0.806988
vt 0.620357 0.806988
vt 0.625685 0.80166
vt 0.631951 0.797473
vt 0.620357 0.806988
vt 0.631951 0.797473
vt 0.638913 0.794589
vt 0.620357 0.806988
vt 0.638913 0.794589
vt 0.646303 0.793119
vt 0.646303 0.793119
vt 0.646641 0.796545
vt 0.639912 0.797883
vt 0.646303 0.793119
vt 0.639912 0.797883
vt 0.633574 0.800509
vt 0.620357 0.806988
vt 0.646303 0.793119
vt 0.633574 0.800509
vt 0.620357 0.806988
vt 0.633574 0.800509
vt 0.627869 0.804321
vt 0.620357 0.806988
vt 0.627869 0.804321
vt 0.623018 0.809172
vt 0.620357 0.806988
vt 0.623018 0.809172
vt 0.619206 0.814876
vt 0.620357 0.806988
vt 0.619206 0.814876
vt 0.616581 0.821215
vt 0.611816 0.835142
vt 0.620357 0.806988
vt 0.616581 0.821215
vt 0.611816 0.835142
vt 0.616581 0.821215
vt 0.615242 0.827944
vt 0.611816 0.835142
vt 0.615242 0.827944
vt 0.615242 0.834804
vt 0.611816 0.835142
vt 0.615242 0.834804
vt 0.616581 0.841533
vt 0.611816 0.835142
vt 0.616581 0.841533
vt 0.619206 0.847872
vt 0.625685 0.861089
vt 0.611816 0.835142
vt 0.619206 0.847872
vt 0.625685 0.861089
vt 0.619206 0.847872
vt 0.623018 0.853576
vt 0.625685 0.861089
vt 0.623018 0.853576
vt 0.627869 0.858428
vt 0.625685 0.861089
vt 0.627869 0.858428
vt 0.633574 0.862239
vt 0.625685 0.861089
vt 0.633574 0.862239
vt 0.639912 0.864865
vt 0.653839 0.869629
vt 0.625685 0.861089
vt 0.639912 0.864865
vt 0.653839 0.869629
vt 0.639912 0.864865
vt 0.646641 0.866203
vt 0.653839 0.869629
vt 0.646641 0.866203
vt 0.653502 0.866203
vt 0.653839 0.869629
vt 0.653502 0.866203
vt 0.660231 0.864865
vt 0.653839 0.869629
vt 0.660231 0.864865
vt 0.666569 0.862239
vt 0.679786 0.85576
vt 0.653839 0.869629
vt 0.666569 0.862239
vt 0.679786 0.85576
vt 0.666569 0.862239
vt 0.672273 0.858428
vt 0.679786 0.85576
vt 0.672273 0.858428
vt 0.677125 0.853576
vt 0.679786 0.85576
vt 0.677125 0.853576
vt 0.680936 0.847872
vt 0.679786 0.85576
vt 0.680936 0.847872
vt 0.683562 0.841533
vt 0.688326 0.827606
vt 0.679786 0.85576
vt 0.683562 0.841533
vt 0.688326 0.827606
vt 0.683562 0.841533
vt 0.6849 0.834804
vt 0.688326 0.827606
vt 0.6849 0.834804
vt 0.6849 0.827944
vt 0.688326 0.827606
vt 0.6849 0.827944
vt 0.683562 0.821215
vt 0.688326 0.827606
vt 0.683562 0.821215
vt 0.680936 0.814876
vt 0.674457 0.80166
vt 0.688326 0.827606
vt 0.680936 0.814876
vt 0.674457 0.80166
vt 0.680936 0.814876
vt 0.677125 0.809172
vt 0.674457 0.80166
vt 0.677125 0.809172
vt 0.672273 0.804321
vt 0.674457 0.80166
vt 0.672273 0.804321
vt 0.666569 0.800509
vt 0.674457 0.80166
vt 0.666569 0.800509
vt 0.660231 0.797883
vt 0.646303 0.793119
vt 0.674457 0.80166
vt 0.660231 0.797883
vt 0.646303 0.793119
vt 0.660231 0.797883
vt 0.653502 0.796545
vt 0.653502 0.796545
vt 0.646641 0.796545
vt 0.646303 0.793119
vt 0.197754 0.063965
vt 0.197754 0.06195
vt 0.200623 0.06195
vt 0.200623 0.063965
vt 0.203613 0.063965
vt 0.203613 0.06195
vt 0.206482 0.06195
vt 0.206482 0.063965
vt 0.162598 0.063965
vt 0.162598 0.06195
vt 0.165466 0.06195
vt 0.165466 0.063965
vt 0.186035 0.063965
vt 0.186035 0.06195
vt 0.188904 0.06195
vt 0.188904 0.063965
vt 0.209473 0.063965
vt 0.209473 0.06195
vt 0.212341 0.06195
vt 0.212341 0.063965
vt 0.13916 0.063965
vt 0.13916 0.06195
vt 0.142029 0.06195
vt 0.142029 0.063965
vt 0.168457 0.063965
vt 0.168457 0.06195
vt 0.171326 0.06195
vt 0.171326 0.063965
vt 0.14502 0.063965
vt 0.14502 0.06195
vt 0.147888 0.06195
vt 0.147888 0.063965
vt 0.221191 0.063965
vt 0.221191 0.06195
vt 0.22406 0.06195
vt 0.22406 0.063965
vt 0.150879 0.063965
vt 0.150879 0.06195
vt 0.153748 0.06195
vt 0.153748 0.063965
vt 0.191895 0.063965
vt 0.191895 0.06195
vt 0.194763 0.06195
vt 0.194763 0.063965
vt 0.156738 0.063965
vt 0.156738 0.06195
vt 0.159607 0.06195
vt 0.159607 0.063965
vt 0.215332 0.063965
vt 0.215332 0.06195
vt 0.218201 0.06195
vt 0.218201 0.063965
vt 0.133301 0.063965
vt 0.133301 0.06195
vt 0.136169 0.06195
vt 0.136169 0.063965
vt 0.174316 0.063965
vt 0.174316 0.06195
vt 0.177185 0.06195
vt 0.177185 0.063965
vt 0.180176 0.063965
vt 0.180176 0.06195
vt 0.183044 0.06195
vt 0.183044 0.063965
vt 0.459593 0.390342
vt 0.457732 0.391113
vt 0.455717 0.391113
vt 0.461018 0.388918
vt 0.459593 0.390342
vt 0.455717 0.391113
vt 0.461789 0.387056
vt 0.461018 0.388918
vt 0.455717 0.391113
vt 0.461789 0.385042
vt 0.461789 0.387056
vt 0.455717 0.391113
vt 0.461018 0.38318
vt 0.461789 0.385042
vt 0.455717 0.391113
vt 0.459593 0.381756
vt 0.461018 0.38318
vt 0.455717 0.391113
vt 0.457732 0.380985
vt 0.459593 0.381756
vt 0.455717 0.391113
vt 0.455717 0.380985
vt 0.457732 0.380985
vt 0.455717 0.391113
vt 0.453856 0.381756
vt 0.455717 0.380985
vt 0.455717 0.391113
vt 0.452431 0.38318
vt 0.453856 0.381756
vt 0.455717 0.391113
vt 0.45166 0.385042
vt 0.452431 0.38318
vt 0.455717 0.391113
vt 0.45166 0.387056
vt 0.45166 0.385042
vt 0.455717 0.391113
vt 0.452431 0.388918
vt 0.45166 0.387056
vt 0.455717 0.391113
vt 0.455717 0.391113
vt 0.453856 0.390342
vt 0.452431 0.388918
vt 0.469389 0.380985
vt 0.471404 0.380985
vt 0.473265 0.381756
vt 0.469389 0.380985
vt 0.473265 0.381756
vt 0.47469 0.38318
vt 0.469389 0.380985
vt 0.47469 0.38318
vt 0.475461 0.385042
vt 0.469389 0.380985
vt 0.475461 0.385042
vt 0.475461 0.387056
vt 0.469389 0.380985
vt 0.475461 0.387056
vt 0.47469 0.388918
vt 0.469389 0.380985
vt 0.47469 0.388918
vt 0.473265 0.390342
vt 0.469389 0.380985
vt 0.473265 0.390342
vt 0.471404 0.391113
vt 0.469389 0.380985
vt 0.471404 0.391113
vt 0.469389 0.391113
vt 0.469389 0.380985
vt 0.469389 0.391113
vt 0.467528 0.390342
vt 0.469389 0.380985
vt 0.467528 0.390342
vt 0.466103 0.388918
vt 0.469389 0.380985
vt 0.466103 0.388918
vt 0.465332 0.387056
vt 0.469389 0.380985
vt 0.465332 0.387056
vt 0.465332 0.385042
vt 0.469389 0.380985
vt 0.465332 0.385042
vt 0.466103 0.38318
vt 0.466103 0.38318
vt 0.467528 0.381756
vt 0.469389 0.380985
vt 0.66748 0.073044
vt 0.700183 0.073044
vt 0.700183 0.075684
vt 0.66748 0.075684
vt 0.703613 0.073044
vt 0.707285 0.073044
vt 0.707285 0.075684
vt 0.703613 0.075684
vt 0.414551 0.073044
vt 0.447253 0.073044
vt 0.447253 0.075684
vt 0.414551 0.075684
vt 0.717285 0.073044
vt 0.720957 0.073044
vt 0.720957 0.075684
vt 0.717285 0.075684
vt 0.401542 0.61084
vt 0.378418 0.587716
vt 0.381014 0.585119
vt 0.381014 0.585119
vt 0.404139 0.608243
vt 0.401542 0.61084
vt 0.410311 0.61084
vt 0.407715 0.608243
vt 0.430839 0.585119
vt 0.430839 0.585119
vt 0.433436 0.587716
vt 0.410311 0.61084
vt 0.450684 0.073044
vt 0.483386 0.073044
vt 0.483386 0.075684
vt 0.450684 0.075684
vt 0.710449 0.073044
vt 0.714121 0.073044
vt 0.714121 0.075684
vt 0.710449 0.075684
vt 0.486816 0.073044
vt 0.519519 0.073044
vt 0.519519 0.075684
vt 0.486816 0.075684
vt 0.724121 0.073044
vt 0.727793 0.073044
vt 0.727793 0.075684
vt 0.724121 0.075684
vt 0.284355 0.61084
vt 0.26123 0.587716
vt 0.263827 0.585119
vt 0.263827 0.585119
vt 0.286951 0.608243
vt 0.284355 0.61084
vt 0.313652 0.585119
vt 0.316248 0.587716
vt 0.293124 0.61084
vt 0.293124 0.61084
vt 0.290527 0.608243
vt 0.313652 0.585119
vt 0.522949 0.073044
vt 0.555652 0.073044
vt 0.555652 0.075684
vt 0.522949 0.075684
vt 0.751465 0.073044
vt 0.755137 0.073044
vt 0.755137 0.075684
vt 0.751465 0.075684
vt 0.559082 0.073044
vt 0.591785 0.073044
vt 0.591785 0.075684
vt 0.559082 0.075684
vt 0.744629 0.073044
vt 0.748301 0.073044
vt 0.748301 0.075684
vt 0.744629 0.075684
vt 0.345545 0.587716
vt 0.322421 0.61084
vt 0.319824 0.608243
vt 0.319824 0.608243
vt 0.342948 0.585119
vt 0.345545 0.587716
vt 0.374842 0.608243
vt 0.372245 0.61084
vt 0.349121 0.587716
vt 0.349121 0.587716
vt 0.351718 0.585119
vt 0.374842 0.608243
vt 0.595215 0.073044
vt 0.627917 0.073044
vt 0.627917 0.075684
vt 0.595215 0.075684
vt 0.730957 0.073044
vt 0.734629 0.073044
vt 0.734629 0.075684
vt 0.730957 0.075684
vt 0.631348 0.073044
vt 0.66405 0.073044
vt 0.66405 0.075684
vt 0.631348 0.075684
vt 0.737793 0.073044
vt 0.741465 0.073044
vt 0.741465 0.075684
vt 0.737793 0.075684
vt 0.437012 0.608243
vt 0.460136 0.585119
vt 0.462732 0.587716
vt 0.462732 0.587716
vt 0.439608 0.61084
vt 0.437012 0.608243
vt 0.492029 0.608243
vt 0.489433 0.61084
vt 0.466309 0.587716
vt 0.466309 0.587716
vt 0.468905 0.585119
vt 0.492029 0.608243
vn 0.995185 0.098017 0
vn 0.95694 0.290285 0
vn 0.881921 0.471397 0
vn 0.77301 0.634393 0
vn 0.634393 0.77301 0
vn 0.471397 0.881921 0
vn 0.290285 0.95694 0
vn 0.098017 0.995185 0
vn -0.098017 0.995185 0
vn -0.290285 0.95694 0
vn -0.471397 0.881921 0
vn -0.634393 0.77301 0
vn -0.77301 0.634393 0
vn -0.881921 0.471397 0
vn -0.95694 0.290285 0
vn -0.995185 0.098017 0
vn -0.995185 -0.098017 0
vn -0.95694 -0.290285 0
vn -0.881921 -0.471397 0
vn -0.77301 -0.634393 0
vn -0.634393 -0.77301 0
vn -0.471397 -0.881921 0
vn -0.290285 -0.95694 0
vn -0.098017 -0.995185 0
vn 0.098017 -0.995185 0
vn 0.290285 -0.95694 0
vn 0.471397 -0.881921 0
vn 0.634393 -0.77301 0
vn 0.77301 -0.634393 0
vn 0.881921 -0.471397 0
vn 0.95694 -0.290285 0
vn 0.995185 -0.098017 0
vn 0 0 -1
vn 0 0 1
vn 0.980785 0.19509 0
vn 0.83147 0.55557 0
vn 0.55557 0.83147 0
vn 0.19509 0.980785 0
vn -0.19509 0.980785 0
vn -0.55557 0.83147 0
vn -0.83147 0.55557 0
vn -0.980785 0.19509 0
vn -0.980785 -0.19509 0
vn -0.83147 -0.55557 0
vn -0.55557 -0.83147 0
vn -0.19509 -0.980785 0
vn 0.19509 -0.980785 0
vn 0.55557 -0.83147 0
vn 0.83147 -0.55557 0
vn 0.980785 -0.19509 0
vn 0.707107 -0.707107 0
vn 0.707107 0.707107 0
vn -0.707107 0.707107 0
vn -0.707107 -0.707107 0
f 4607/13871/2055 4608/13872/2056 4640/13873/2056 4639/13874/2055
f 4608/13875/2056 4609/13876/2057 4641/13877/2057 4640/13878/2056
f 4609/13879/2057 4610/13880/2058 4642/13881/2058 4641/13882/2057
f 4610/13883/2058 4611/13884/2059 4643/13885/2059 4642/13886/2058
f 4611/13887/2059 4612/13888/2060 4644/13889/2060 4643/13890/2059
f 4612/13891/2060 4613/13892/2061 4645/13893/2061 4644/13894/2060
f 4613/13895/2061 4614/13896/2062 4646/13897/2062 4645/13898/2061
f 4614/13899/2062 4615/13900/2063 4647/13901/2063 4646/13902/2062
f 4615/13903/2063 4616/13904/2064 4648/13905/2064 4647/13906/2063
f 4616/13907/2064 4617/13908/2065 4649/13909/2065 4648/13910/2064
f 4617/13911/2065 4618/13912/2066 4650/13913/2066 4649/13914/2065
f 4618/13915/2066 4619/13916/2067 4651/13917/2067 4650/13918/2066
f 4619/13919/2067 4620/13920/2068 4652/13921/2068 4651/13922/2067
f 4620/13923/2068 4621/13924/2069 4653/13925/2069 4652/13926/2068
f 4621/13927/2069 4622/13928/2070 4654/13929/2070 4653/13930/2069
f 4622/13931/2070 4623/13932/2071 4655/13933/2071 4654/13934/2070
f 4623/13935/2071 4624/13936/2072 4656/13937/2072 4655/13938/2071
f 4624/13939/2072 4625/13940/2073 4657/13941/2073 4656/13942/2072
f 4625/13943/2073 4626/13944/2074 4658/13945/2074 4657/13946/2073
f 4626/13947/2074 4627/13948/2075 4659/13949/2075 4658/13950/2074
f 4627/13951/2075 4628/13952/2076 4660/13953/2076 4659/13954/2075
f 4628/13955/2076 4629/13956/2077 4661/13957/2077 4660/13958/2076
f 4629/13959/2077 4630/13960/2078 4662/13961/2078 4661/13962/2077
f 4630/13963/2078 4631/13964/2079 4663/13965/2079 4662/13966/2078
f 4631/13967/2079 4632/13968/2080 4664/13969/2080 4663/13970/2079
f 4632/13971/2080 4633/13972/2081 4665/13973/2081 4664/13974/2080
f 4633/13975/2081 4634/13976/2082 4666/13977/2082 4665/13978/2081
f 4634/13979/2082 4635/13980/2083 4667/13981/2083 4666/13982/2082
f 4635/13983/2083 4636/13984/2084 4668/13985/2084 4667/13986/2083
f 4636/13987/2084 4637/13988/2085 4669/13989/2085 4668/13990/2084
f 4637/13991/2085 4638/13992/2086 4670/13993/2086 4669/13994/2085
f 4638/13995/2086 4607/13996/2055 4639/13997/2055 4670/13998/2086
f 4671/13999/2070 4672/14000/2069 4704/14001/2069 4703/14002/2070
f 4672/14003/2069 4673/14004/2068 4705/14005/2068 4704/14006/2069
f 4673/14007/2068 4674/14008/2067 4706/14009/2067 4705/14010/2068
f 4674/14011/2067 4675/14012/2066 4707/14013/2066 4706/14014/2067
f 4675/14015/2066 4676/14016/2065 4708/14017/2065 4707/14018/2066
f 4676/14019/2065 4677/14020/2064 4709/14021/2064 4708/14022/2065
f 4677/14023/2064 4678/14024/2063 4710/14025/2063 4709/14026/2064
f 4678/14027/2063 4679/14028/2062 4711/14029/2062 4710/14030/2063
f 4679/14031/2062 4680/14032/2061 4712/14033/2061 4711/14034/2062
f 4680/14035/2061 4681/14036/2060 4713/14037/2060 4712/14038/2061
f 4681/14039/2060 4682/14040/2059 4714/14041/2059 4713/14042/2060
f 4682/14043/2059 4683/14044/2058 4715/14045/2058 4714/14046/2059
f 4683/14047/2058 4684/14048/2057 4716/14049/2057 4715/14050/2058
f 4684/14051/2057 4685/14052/2056 4717/14053/2056 4716/14054/2057
f 4685/14055/2056 4686/14056/2055 4718/14057/2055 4717/14058/2056
f 4686/14059/2055 4687/14060/2086 4719/14061/2086 4718/14062/2055
f 4687/14063/2086 4688/14064/2085 4720/14065/2085 4719/14066/2086
f 4688/14067/2085 4689/14068/2084 4721/14069/2084 4720/14070/2085
f 4689/14071/2084 4690/14072/2083 4722/14073/2083 4721/14074/2084
f 4690/14075/2083 4691/14076/2082 4723/14077/2082 4722/14078/2083
f 4691/14079/2082 4692/14080/2081 4724/14081/2081 4723/14082/2082
f 4692/14083/2081 4693/14084/2080 4725/14085/2080 4724/14086/2081
f 4693/14087/2080 4694/14088/2079 4726/14089/2079 4725/14090/2080
f 4694/14091/2079 4695/14092/2078 4727/14093/2078 4726/14094/2079
f 4695/14095/2078 4696/14096/2077 4728/14097/2077 4727/14098/2078
f 4696/14099/2077 4697/14100/2076 4729/14101/2076 4728/14102/2077
f 4697/14103/2076 4698/14104/2075 4730/14105/2075 4729/14106/2076
f 4698/14107/2075 4699/14108/2074 4731/14109/2074 4730/14110/2075
f 4699/14111/2074 4700/14112/2073 4732/14113/2073 4731/14114/2074
f 4700/14115/2073 4701/14116/2072 4733/14117/2072 4732/14118/2073
f 4701/14119/2072 4702/14120/2071 4734/14121/2071 4733/14122/2072
f 4702/14123/2071 4671/14124/2070 4703/14125/2070 4734/14126/2071
f 4736/14127/2087 4735/14128/2087 4766/14129/2087
f 4737/14130/2087 4736/14131/2087 4766/14132/2087
f 4738/14133/2087 4737/14134/2087 4766/14135/2087
f 4739/14136/2087 4738/14137/2087 4766/14138/2087
f 4740/14139/2087 4739/14140/2087 4766/14141/2087
f 4741/14142/2087 4740/14143/2087 4766/14144/2087
f 4743/14145/2087 4742/14146/2087 4741/14147/2087
f 4744/14148/2087 4743/14149/2087 4741/14150/2087
f 4745/14151/2087 4744/14152/2087 4741/14153/2087
f 4746/14154/2087 4745/14155/2087 4741/14156/2087
f 4747/14157/2087 4746/14158/2087 4741/14159/2087
f 4748/14160/2087 4747/14161/2087 4741/14162/2087
f 4750/14163/2087 4749/14164/2087 4748/14165/2087
f 4751/14166/2087 4750/14167/2087 4748/14168/2087
f 4752/14169/2087 4751/14170/2087 4748/14171/2087
f 4753/14172/2087 4752/14173/2087 4748/14174/2087
f 4754/14175/2087 4753/14176/2087 4748/14177/2087
f 4755/14178/2087 4754/14179/2087 4748/14180/2087
f 4757/14181/2087 4756/14182/2087 4755/14183/2087
f 4758/14184/2087 4757/14185/2087 4755/14186/2087
f 4759/14187/2087 4758/14188/2087 4755/14189/2087
f 4760/14190/2087 4759/14191/2087 4755/14192/2087
f 4761/14193/2087 4760/14194/2087 4755/14195/2087
f 4762/14196/2087 4761/14197/2087 4755/14198/2087
f 4764/14199/2087 4763/14200/2087 4762/14201/2087
f 4765/14202/2087 4764/14203/2087 4762/14204/2087
f 4766/14205/2087 4765/14206/2087 4762/14207/2087
f 4767/14208/2087 4766/14209/2087 4762/14210/2087
f 4768/14211/2087 4767/14212/2087 4762/14213/2087
f 4769/14214/2087 4768/14215/2087 4762/14216/2087
f 4770/14217/2087 4769/14218/2087 4762/14219/2087
f 4771/14220/2087 4770/14221/2087 4762/14222/2087
f 4772/14223/2087 4771/14224/2087 4762/14225/2087
f 4773/14226/2087 4772/14227/2087 4762/14228/2087
f 4774/14229/2087 4773/14230/2087 4762/14231/2087
f 4774/14232/2087 4762/14233/2087 4755/14234/2087
f 4775/14235/2087 4774/14236/2087 4755/14237/2087
f 4776/14238/2087 4775/14239/2087 4755/14240/2087
f 4777/14241/2087 4776/14242/2087 4755/14243/2087
f 4778/14244/2087 4777/14245/2087 4755/14246/2087
f 4779/14247/2087 4778/14248/2087 4755/14249/2087
f 4780/14250/2087 4779/14251/2087 4755/14252/2087
f 4781/14253/2087 4780/14254/2087 4755/14255/2087
f 4781/14256/2087 4755/14257/2087 4748/14258/2087
f 4782/14259/2087 4781/14260/2087 4748/14261/2087
f 4783/14262/2087 4782/14263/2087 4748/14264/2087
f 4784/14265/2087 4783/14266/2087 4748/14267/2087
f 4785/14268/2087 4784/14269/2087 4748/14270/2087
f 4786/14271/2087 4785/14272/2087 4748/14273/2087
f 4787/14274/2087 4786/14275/2087 4748/14276/2087
f 4788/14277/2087 4787/14278/2087 4748/14279/2087
f 4788/14280/2087 4748/14281/2087 4741/14282/2087
f 4789/14283/2087 4788/14284/2087 4741/14285/2087
f 4790/14286/2087 4789/14287/2087 4741/14288/2087
f 4791/14289/2087 4790/14290/2087 4741/14291/2087
f 4792/14292/2087 4791/14293/2087 4741/14294/2087
f 4793/14295/2087 4792/14296/2087 4741/14297/2087
f 4794/14298/2087 4793/14299/2087 4741/14300/2087
f 4795/14301/2087 4794/14302/2087 4741/14303/2087
f 4795/14304/2087 4741/14305/2087 4766/14306/2087
f 4796/14307/2087 4795/14308/2087 4766/14309/2087
f 4797/14310/2087 4796/14311/2087 4766/14312/2087
f 4798/14313/2087 4797/14314/2087 4766/14315/2087
f 4766/14316/2087 4767/14317/2087 4798/14318/2087
f 4830/14319/2088 4799/14320/2088 4800/14321/2088
f 4830/14322/2088 4800/14323/2088 4801/14324/2088
f 4830/14325/2088 4801/14326/2088 4802/14327/2088
f 4830/14328/2088 4802/14329/2088 4803/14330/2088
f 4830/14331/2088 4803/14332/2088 4804/14333/2088
f 4830/14334/2088 4804/14335/2088 4805/14336/2088
f 4805/14337/2088 4806/14338/2088 4807/14339/2088
f 4805/14340/2088 4807/14341/2088 4808/14342/2088
f 4805/14343/2088 4808/14344/2088 4809/14345/2088
f 4805/14346/2088 4809/14347/2088 4810/14348/2088
f 4805/14349/2088 4810/14350/2088 4811/14351/2088
f 4805/14352/2088 4811/14353/2088 4812/14354/2088
f 4812/14355/2088 4813/14356/2088 4814/14357/2088
f 4812/14358/2088 4814/14359/2088 4815/14360/2088
f 4812/14361/2088 4815/14362/2088 4816/14363/2088
f 4812/14364/2088 4816/14365/2088 4817/14366/2088
f 4812/14367/2088 4817/14368/2088 4818/14369/2088
f 4812/14370/2088 4818/14371/2088 4819/14372/2088
f 4819/14373/2088 4820/14374/2088 4821/14375/2088
f 4819/14376/2088 4821/14377/2088 4822/14378/2088
f 4819/14379/2088 4822/14380/2088 4823/14381/2088
f 4819/14382/2088 4823/14383/2088 4824/14384/2088
f 4819/14385/2088 4824/14386/2088 4825/14387/2088
f 4819/14388/2088 4825/14389/2088 4826/14390/2088
f 4826/14391/2088 4827/14392/2088 4828/14393/2088
f 4826/14394/2088 4828/14395/2088 4829/14396/2088
f 4826/14397/2088 4829/14398/2088 4830/14399/2088
f 4826/14400/2088 4830/14401/2088 4831/14402/2088
f 4826/14403/2088 4831/14404/2088 4832/14405/2088
f 4826/14406/2088 4832/14407/2088 4833/14408/2088
f 4826/14409/2088 4833/14410/2088 4834/14411/2088
f 4826/14412/2088 4834/14413/2088 4835/14414/2088
f 4826/14415/2088 4835/14416/2088 4836/14417/2088
f 4826/14418/2088 4836/14419/2088 4837/14420/2088
f 4826/14421/2088 4837/14422/2088 4838/14423/2088
f 4819/14424/2088 4826/14425/2088 4838/14426/2088
f 4819/14427/2088 4838/14428/2088 4839/14429/2088
f 4819/14430/2088 4839/14431/2088 4840/14432/2088
f 4819/14433/2088 4840/14434/2088 4841/14435/2088
f 4819/14436/2088 4841/14437/2088 4842/14438/2088
f 4819/14439/2088 4842/14440/2088 4843/14441/2088
f 4819/14442/2088 4843/14443/2088 4844/14444/2088
f 4819/14445/2088 4844/14446/2088 4845/14447/2088
f 4812/14448/2088 4819/14449/2088 4845/14450/2088
f 4812/14451/2088 4845/14452/2088 4846/14453/2088
f 4812/14454/2088 4846/14455/2088 4847/14456/2088
f 4812/14457/2088 4847/14458/2088 4848/14459/2088
f 4812/14460/2088 4848/14461/2088 4849/14462/2088
f 4812/14463/2088 4849/14464/2088 4850/14465/2088
f 4812/14466/2088 4850/14467/2088 4851/14468/2088
f 4812/14469/2088 4851/14470/2088 4852/14471/2088
f 4805/14472/2088 4812/14473/2088 4852/14474/2088
f 4805/14475/2088 4852/14476/2088 4853/14477/2088
f 4805/14478/2088 4853/14479/2088 4854/14480/2088
f 4805/14481/2088 4854/14482/2088 4855/14483/2088
f 4805/14484/2088 4855/14485/2088 4856/14486/2088
f 4805/14487/2088 4856/14488/2088 4857/14489/2088
f 4805/14490/2088 4857/14491/2088 4858/14492/2088
f 4805/14493/2088 4858/14494/2088 4859/14495/2088
f 4830/14496/2088 4805/14497/2088 4859/14498/2088
f 4830/14499/2088 4859/14500/2088 4860/14501/2088
f 4830/14502/2088 4860/14503/2088 4861/14504/2088
f 4830/14505/2088 4861/14506/2088 4862/14507/2088
f 4862/14508/2088 4831/14509/2088 4830/14510/2088
f 4863/14511/2055 4864/14512/2056 4896/14513/2056 4895/14514/2055
f 4864/14515/2056 4865/14516/2057 4897/14517/2057 4896/14518/2056
f 4865/14519/2057 4866/14520/2058 4898/14521/2058 4897/14522/2057
f 4866/14523/2058 4867/14524/2059 4899/14525/2059 4898/14526/2058
f 4867/14527/2059 4868/14528/2060 4900/14529/2060 4899/14530/2059
f 4868/14531/2060 4869/14532/2061 4901/14533/2061 4900/14534/2060
f 4869/14535/2061 4870/14536/2062 4902/14537/2062 4901/14538/2061
f 4870/14539/2062 4871/14540/2063 4903/14541/2063 4902/14542/2062
f 4871/14543/2063 4872/14544/2064 4904/14545/2064 4903/14546/2063
f 4872/14547/2064 4873/14548/2065 4905/14549/2065 4904/14550/2064
f 4873/14551/2065 4874/14552/2066 4906/14553/2066 4905/14554/2065
f 4874/14555/2066 4875/14556/2067 4907/14557/2067 4906/14558/2066
f 4875/14559/2067 4876/14560/2068 4908/14561/2068 4907/14562/2067
f 4876/14563/2068 4877/14564/2069 4909/14565/2069 4908/14566/2068
f 4877/14567/2069 4878/14568/2070 4910/14569/2070 4909/14570/2069
f 4878/14571/2070 4879/14572/2071 4911/14573/2071 4910/14574/2070
f 4879/14575/2071 4880/14576/2072 4912/14577/2072 4911/14578/2071
f 4880/14579/2072 4881/14580/2073 4913/14581/2073 4912/14582/2072
f 4881/14583/2073 4882/14584/2074 4914/14585/2074 4913/14586/2073
f 4882/14587/2074 4883/14588/2075 4915/14589/2075 4914/14590/2074
f 4883/14591/2075 4884/14592/2076 4916/14593/2076 4915/14594/2075
f 4884/14595/2076 4885/14596/2077 4917/14597/2077 4916/14598/2076
f 4885/14599/2077 4886/14600/2078 4918/14601/2078 4917/14602/2077
f 4886/14603/2078 4887/14604/2079 4919/14605/2079 4918/14606/2078
f 4887/14607/2079 4888/14608/2080 4920/14609/2080 4919/14610/2079
f 4888/14611/2080 4889/14612/2081 4921/14613/2081 4920/14614/2080
f 4889/14615/2081 4890/14616/2082 4922/14617/2082 4921/14618/2081
f 4890/14619/2082 4891/14620/2083 4923/14621/2083 4922/14622/2082
f 4891/14623/2083 4892/14624/2084 4924/14625/2084 4923/14626/2083
f 4892/14627/2084 4893/14628/2085 4925/14629/2085 4924/14630/2084
f 4893/14631/2085 4894/14632/2086 4926/14633/2086 4925/14634/2085
f 4894/14635/2086 4863/14636/2055 4895/14637/2055 4926/14638/2086
f 4927/14639/2070 4928/14640/2069 4960/14641/2069 4959/14642/2070
f 4928/14643/2069 4929/14644/2068 4961/14645/2068 4960/14646/2069
f 4929/14647/2068 4930/14648/2067 4962/14649/2067 4961/14650/2068
f 4930/14651/2067 4931/14652/2066 4963/14653/2066 4962/14654/2067
f 4931/14655/2066 4932/14656/2065 4964/14657/2065 4963/14658/2066
f 4932/14659/2065 4933/14660/2064 4965/14661/2064 4964/14662/2065
f 4933/14663/2064 4934/14664/2063 4966/14665/2063 4965/14666/2064
f 4934/14667/2063 4935/14668/2062 4967/14669/2062 4966/14670/2063
f 4935/14671/2062 4936/14672/2061 4968/14673/2061 4967/14674/2062
f 4936/14675/2061 4937/14676/2060 4969/14677/2060 4968/14678/2061
f 4937/14679/2060 4938/14680/2059 4970/14681/2059 4969/14682/2060
f 4938/14683/2059 4939/14684/2058 4971/14685/2058 4970/14686/2059
f 4939/14687/2058 4940/14688/2057 4972/14689/2057 4971/14690/2058
f 4940/14691/2057 4941/14692/2056 4973/14693/2056 4972/14694/2057
f 4941/14695/2056 4942/14696/2055 4974/14697/2055 4973/14698/2056
f 4942/14699/2055 4943/14700/2086 4975/14701/2086 4974/14702/2055
f 4943/14703/2086 4944/14704/2085 4976/14705/2085 4975/14706/2086
f 4944/14707/2085 4945/14708/2084 4977/14709/2084 4976/14710/2085
f 4945/14711/2084 4946/14712/2083 4978/14713/2083 4977/14714/2084
f 4946/14715/2083 4947/14716/2082 4979/14717/2082 4978/14718/2083
f 4947/14719/2082 4948/14720/2081 4980/14721/2081 4979/14722/2082
f 4948/14723/2081 4949/14724/2080 4981/14725/2080 4980/14726/2081
f 4949/14727/2080 4950/14728/2079 4982/14729/2079 4981/14730/2080
f 4950/14731/2079 4951/14732/2078 4983/14733/2078 4982/14734/2079
f 4951/14735/2078 4952/14736/2077 4984/14737/2077 4983/14738/2078
f 4952/14739/2077 4953/14740/2076 4985/14741/2076 4984/14742/2077
f 4953/14743/2076 4954/14744/2075 4986/14745/2075 4985/14746/2076
f 4954/14747/2075 4955/14748/2074 4987/14749/2074 4986/14750/2075
f 4955/14751/2074 4956/14752/2073 4988/14753/2073 4987/14754/2074
f 4956/14755/2073 4957/14756/2072 4989/14757/2072 4988/14758/2073
f 4957/14759/2072 4958/14760/2071 4990/14761/2071 4989/14762/2072
f 4958/14763/2071 4927/14764/2070 4959/14765/2070 4990/14766/2071
f 4992/14767/2087 4991/14768/2087 5022/14769/2087
f 4993/14770/2087 4992/14771/2087 5022/14772/2087
f 4994/14773/2087 4993/14774/2087 5022/14775/2087
f 4995/14776/2087 4994/14777/2087 5022/14778/2087
f 4997/14779/2087 4996/14780/2087 4995/14781/2087
f 4998/14782/2087 4997/14783/2087 4995/14784/2087
f 4999/14785/2087 4998/14786/2087 4995/14787/2087
f 5000/14788/2087 4999/14789/2087 4995/14790/2087
f 5002/14791/2087 5001/14792/2087 5000/14793/2087
f 5003/14794/2087 5002/14795/2087 5000/14796/2087
f 5004/14797/2087 5003/14798/2087 5000/14799/2087
f 5005/14800/2087 5004/14801/2087 5000/14802/2087
f 5007/14803/2087 5006/14804/2087 5005/14805/2087
f 5008/14806/2087 5007/14807/2087 5005/14808/2087
f 5009/14809/2087 5008/14810/2087 5005/14811/2087
f 5010/14812/2087 5009/14813/2087 5005/14814/2087
f 5012/14815/2087 5011/14816/2087 5010/14817/2087
f 5013/14818/2087 5012/14819/2087 5010/14820/2087
f 5014/14821/2087 5013/14822/2087 5010/14823/2087
f 5015/14824/2087 5014/14825/2087 5010/14826/2087
f 5017/14827/2087 5016/14828/2087 5015/14829/2087
f 5018/14830/2087 5017/14831/2087 5015/14832/2087
f 5019/14833/2087 5018/14834/2087 5015/14835/2087
f 5020/14836/2087 5019/14837/2087 5015/14838/2087
f 5022/14839/2087 5021/14840/2087 5020/14841/2087
f 5023/14842/2087 5022/14843/2087 5020/14844/2087
f 5024/14845/2087 5023/14846/2087 5020/14847/2087
f 5025/14848/2087 5024/14849/2087 5020/14850/2087
f 5026/14851/2087 5025/14852/2087 5020/14853/2087
f 5027/14854/2087 5026/14855/2087 5020/14856/2087
f 5027/14857/2087 5020/14858/2087 5015/14859/2087
f 5028/14860/2087 5027/14861/2087 5015/14862/2087
f 5029/14863/2087 5028/14864/2087 5015/14865/2087
f 5030/14866/2087 5029/14867/2087 5015/14868/2087
f 5031/14869/2087 5030/14870/2087 5015/14871/2087
f 5032/14872/2087 5031/14873/2087 5015/14874/2087
f 5032/14875/2087 5015/14876/2087 5010/14877/2087
f 5033/14878/2087 5032/14879/2087 5010/14880/2087
f 5034/14881/2087 5033/14882/2087 5010/14883/2087
f 5035/14884/2087 5034/14885/2087 5010/14886/2087
f 5036/14887/2087 5035/14888/2087 5010/14889/2087
f 5037/14890/2087 5036/14891/2087 5010/14892/2087
f 5037/14893/2087 5010/14894/2087 5005/14895/2087
f 5038/14896/2087 5037/14897/2087 5005/14898/2087
f 5039/14899/2087 5038/14900/2087 5005/14901/2087
f 5040/14902/2087 5039/14903/2087 5005/14904/2087
f 5041/14905/2087 5040/14906/2087 5005/14907/2087
f 5042/14908/2087 5041/14909/2087 5005/14910/2087
f 5042/14911/2087 5005/14912/2087 5000/14913/2087
f 5043/14914/2087 5042/14915/2087 5000/14916/2087
f 5044/14917/2087 5043/14918/2087 5000/14919/2087
f 5045/14920/2087 5044/14921/2087 5000/14922/2087
f 5046/14923/2087 5045/14924/2087 5000/14925/2087
f 5047/14926/2087 5046/14927/2087 5000/14928/2087
f 5047/14929/2087 5000/14930/2087 4995/14931/2087
f 5048/14932/2087 5047/14933/2087 4995/14934/2087
f 5049/14935/2087 5048/14936/2087 4995/14937/2087
f 5050/14938/2087 5049/14939/2087 4995/14940/2087
f 5051/14941/2087 5050/14942/2087 4995/14943/2087
f 5052/14944/2087 5051/14945/2087 4995/14946/2087
f 5052/14947/2087 4995/14948/2087 5022/14949/2087
f 5053/14950/2087 5052/14951/2087 5022/14952/2087
f 5054/14953/2087 5053/14954/2087 5022/14955/2087
f 5022/14956/2087 5023/14957/2087 5054/14958/2087
f 5086/14959/2088 5055/14960/2088 5056/14961/2088
f 5086/14962/2088 5056/14963/2088 5057/14964/2088
f 5086/14965/2088 5057/14966/2088 5058/14967/2088
f 5086/14968/2088 5058/14969/2088 5059/14970/2088
f 5059/14971/2088 5060/14972/2088 5061/14973/2088
f 5059/14974/2088 5061/14975/2088 5062/14976/2088
f 5059/14977/2088 5062/14978/2088 5063/14979/2088
f 5059/14980/2088 5063/14981/2088 5064/14982/2088
f 5064/14983/2088 5065/14984/2088 5066/14985/2088
f 5064/14986/2088 5066/14987/2088 5067/14988/2088
f 5064/14989/2088 5067/14990/2088 5068/14991/2088
f 5064/14992/2088 5068/14993/2088 5069/14994/2088
f 5069/14995/2088 5070/14996/2088 5071/14997/2088
f 5069/14998/2088 5071/14999/2088 5072/15000/2088
f 5069/15001/2088 5072/15002/2088 5073/15003/2088
f 5069/15004/2088 5073/15005/2088 5074/15006/2088
f 5074/15007/2088 5075/15008/2088 5076/15009/2088
f 5074/15010/2088 5076/15011/2088 5077/15012/2088
f 5074/15013/2088 5077/15014/2088 5078/15015/2088
f 5074/15016/2088 5078/15017/2088 5079/15018/2088
f 5079/15019/2088 5080/15020/2088 5081/15021/2088
f 5079/15022/2088 5081/15023/2088 5082/15024/2088
f 5079/15025/2088 5082/15026/2088 5083/15027/2088
f 5079/15028/2088 5083/15029/2088 5084/15030/2088
f 5084/15031/2088 5085/15032/2088 5086/15033/2088
f 5084/15034/2088 5086/15035/2088 5087/15036/2088
f 5084/15037/2088 5087/15038/2088 5088/15039/2088
f 5084/15040/2088 5088/15041/2088 5089/15042/2088
f 5084/15043/2088 5089/15044/2088 5090/15045/2088
f 5084/15046/2088 5090/15047/2088 5091/15048/2088
f 5079/15049/2088 5084/15050/2088 5091/15051/2088
f 5079/15052/2088 5091/15053/2088 5092/15054/2088
f 5079/15055/2088 5092/15056/2088 5093/15057/2088
f 5079/15058/2088 5093/15059/2088 5094/15060/2088
f 5079/15061/2088 5094/15062/2088 5095/15063/2088
f 5079/15064/2088 5095/15065/2088 5096/15066/2088
f 5074/15067/2088 5079/15068/2088 5096/15069/2088
f 5074/15070/2088 5096/15071/2088 5097/15072/2088
f 5074/15073/2088 5097/15074/2088 5098/15075/2088
f 5074/15076/2088 5098/15077/2088 5099/15078/2088
f 5074/15079/2088 5099/15080/2088 5100/15081/2088
f 5074/15082/2088 5100/15083/2088 5101/15084/2088
f 5069/15085/2088 5074/15086/2088 5101/15087/2088
f 5069/15088/2088 5101/15089/2088 5102/15090/2088
f 5069/15091/2088 5102/15092/2088 5103/15093/2088
f 5069/15094/2088 5103/15095/2088 5104/15096/2088
f 5069/15097/2088 5104/15098/2088 5105/15099/2088
f 5069/15100/2088 5105/15101/2088 5106/15102/2088
f 5064/15103/2088 5069/15104/2088 5106/15105/2088
f 5064/15106/2088 5106/15107/2088 5107/15108/2088
f 5064/15109/2088 5107/15110/2088 5108/15111/2088
f 5064/15112/2088 5108/15113/2088 5109/15114/2088
f 5064/15115/2088 5109/15116/2088 5110/15117/2088
f 5064/15118/2088 5110/15119/2088 5111/15120/2088
f 5059/15121/2088 5064/15122/2088 5111/15123/2088
f 5059/15124/2088 5111/15125/2088 5112/15126/2088
f 5059/15127/2088 5112/15128/2088 5113/15129/2088
f 5059/15130/2088 5113/15131/2088 5114/15132/2088
f 5059/15133/2088 5114/15134/2088 5115/15135/2088
f 5059/15136/2088 5115/15137/2088 5116/15138/2088
f 5086/15139/2088 5059/15140/2088 5116/15141/2088
f 5086/15142/2088 5116/15143/2088 5117/15144/2088
f 5086/15145/2088 5117/15146/2088 5118/15147/2088
f 5118/15148/2088 5087/15149/2088 5086/15150/2088
f 5119/15151/2055 5120/15152/2056 5152/15153/2056 5151/15154/2055
f 5120/15155/2056 5121/15156/2057 5153/15157/2057 5152/15158/2056
f 5121/15159/2057 5122/15160/2058 5154/15161/2058 5153/15162/2057
f 5122/15163/2058 5123/15164/2059 5155/15165/2059 5154/15166/2058
f 5123/15167/2059 5124/15168/2060 5156/15169/2060 5155/15170/2059
f 5124/15171/2060 5125/15172/2061 5157/15173/2061 5156/15174/2060
f 5125/15175/2061 5126/15176/2062 5158/15177/2062 5157/15178/2061
f 5126/15179/2062 5127/15180/2063 5159/15181/2063 5158/15182/2062
f 5127/15183/2063 5128/15184/2064 5160/15185/2064 5159/15186/2063
f 5128/15187/2064 5129/15188/2065 5161/15189/2065 5160/15190/2064
f 5129/15191/2065 5130/15192/2066 5162/15193/2066 5161/15194/2065
f 5130/15195/2066 5131/15196/2067 5163/15197/2067 5162/15198/2066
f 5131/15199/2067 5132/15200/2068 5164/15201/2068 5163/15202/2067
f 5132/15203/2068 5133/15204/2069 5165/15205/2069 5164/15206/2068
f 5133/15207/2069 5134/15208/2070 5166/15209/2070 5165/15210/2069
f 5134/15211/2070 5135/15212/2071 5167/15213/2071 5166/15214/2070
f 5135/15215/2071 5136/15216/2072 5168/15217/2072 5167/15218/2071
f 5136/15219/2072 5137/15220/2073 5169/15221/2073 5168/15222/2072
f 5137/15223/2073 5138/15224/2074 5170/15225/2074 5169/15226/2073
f 5138/15227/2074 5139/15228/2075 5171/15229/2075 5170/15230/2074
f 5139/15231/2075 5140/15232/2076 5172/15233/2076 5171/15234/2075
f 5140/15235/2076 5141/15236/2077 5173/15237/2077 5172/15238/2076
f 5141/15239/2077 5142/15240/2078 5174/15241/2078 5173/15242/2077
f 5142/15243/2078 5143/15244/2079 5175/15245/2079 5174/15246/2078
f 5143/15247/2079 5144/15248/2080 5176/15249/2080 5175/15250/2079
f 5144/15251/2080 5145/15252/2081 5177/15253/2081 5176/15254/2080
f 5145/15255/2081 5146/15256/2082 5178/15257/2082 5177/15258/2081
f 5146/15259/2082 5147/15260/2083 5179/15261/2083 5178/15262/2082
f 5147/15263/2083 5148/15264/2084 5180/15265/2084 5179/15266/2083
f 5148/15267/2084 5149/15268/2085 5181/15269/2085 5180/15270/2084
f 5149/15271/2085 5150/15272/2086 5182/15273/2086 5181/15274/2085
f 5150/15275/2086 5119/15276/2055 5151/15277/2055 5182/15278/2086
f 5183/15279/2070 5184/15280/2069 5216/15281/2069 5215/15282/2070
f 5184/15283/2069 5185/15284/2068 5217/15285/2068 5216/15286/2069
f 5185/15287/2068 5186/15288/2067 5218/15289/2067 5217/15290/2068
f 5186/15291/2067 5187/15292/2066 5219/15293/2066 5218/15294/2067
f 5187/15295/2066 5188/15296/2065 5220/15297/2065 5219/15298/2066
f 5188/15299/2065 5189/15300/2064 5221/15301/2064 5220/15302/2065
f 5189/15303/2064 5190/15304/2063 5222/15305/2063 5221/15306/2064
f 5190/15307/2063 5191/15308/2062 5223/15309/2062 5222/15310/2063
f 5191/15311/2062 5192/15312/2061 5224/15313/2061 5223/15314/2062
f 5192/15315/2061 5193/15316/2060 5225/15317/2060 5224/15318/2061
f 5193/15319/2060 5194/15320/2059 5226/15321/2059 5225/15322/2060
f 5194/15323/2059 5195/15324/2058 5227/15325/2058 5226/15326/2059
f 5195/15327/2058 5196/15328/2057 5228/15329/2057 5227/15330/2058
f 5196/15331/2057 5197/15332/2056 5229/15333/2056 5228/15334/2057
f 5197/15335/2056 5198/15336/2055 5230/15337/2055 5229/15338/2056
f 5198/15339/2055 5199/15340/2086 5231/15341/2086 5230/15342/2055
f 5199/15343/2086 5200/15344/2085 5232/15345/2085 5231/15346/2086
f 5200/15347/2085 5201/15348/2084 5233/15349/2084 5232/15350/2085
f 5201/15351/2084 5202/15352/2083 5234/15353/2083 5233/15354/2084
f 5202/15355/2083 5203/15356/2082 5235/15357/2082 5234/15358/2083
f 5203/15359/2082 5204/15360/2081 5236/15361/2081 5235/15362/2082
f 5204/15363/2081 5205/15364/2080 5237/15365/2080 5236/15366/2081
f 5205/15367/2080 5206/15368/2079 5238/15369/2079 5237/15370/2080
f 5206/15371/2079 5207/15372/2078 5239/15373/2078 5238/15374/2079
f 5207/15375/2078 5208/15376/2077 5240/15377/2077 5239/15378/2078
f 5208/15379/2077 5209/15380/2076 5241/15381/2076 5240/15382/2077
f 5209/15383/2076 5210/15384/2075 5242/15385/2075 5241/15386/2076
f 5210/15387/2075 5211/15388/2074 5243/15389/2074 5242/15390/2075
f 5211/15391/2074 5212/15392/2073 5244/15393/2073 5243/15394/2074
f 5212/15395/2073 5213/15396/2072 5245/15397/2072 5244/15398/2073
f 5213/15399/2072 5214/15400/2071 5246/15401/2071 5245/15402/2072
f 5214/15403/2071 5183/15404/2070 5215/15405/2070 5246/15406/2071
f 5248/15407/2087 5247/15408/2087 5278/15409/2087
f 5249/15410/2087 5248/15411/2087 5278/15412/2087
f 5250/15413/2087 5249/15414/2087 5278/15415/2087
f 5252/15416/2087 5251/15417/2087 5250/15418/2087
f 5253/15419/2087 5252/15420/2087 5250/15421/2087
f 5254/15422/2087 5253/15423/2087 5250/15424/2087
f 5256/15425/2087 5255/15426/2087 5254/15427/2087
f 5257/15428/2087 5256/15429/2087 5254/15430/2087
f 5258/15431/2087 5257/15432/2087 5254/15433/2087
f 5260/15434/2087 5259/15435/2087 5258/15436/2087
f 5261/15437/2087 5260/15438/2087 5258/15439/2087
f 5262/15440/2087 5261/15441/2087 5258/15442/2087
f 5264/15443/2087 5263/15444/2087 5262/15445/2087
f 5265/15446/2087 5264/15447/2087 5262/15448/2087
f 5266/15449/2087 5265/15450/2087 5262/15451/2087
f 5268/15452/2087 5267/15453/2087 5266/15454/2087
f 5269/15455/2087 5268/15456/2087 5266/15457/2087
f 5270/15458/2087 5269/15459/2087 5266/15460/2087
f 5272/15461/2087 5271/15462/2087 5270/15463/2087
f 5273/15464/2087 5272/15465/2087 5270/15466/2087
f 5274/15467/2087 5273/15468/2087 5270/15469/2087
f 5276/15470/2087 5275/15471/2087 5274/15472/2087
f 5277/15473/2087 5276/15474/2087 5274/15475/2087
f 5278/15476/2087 5277/15477/2087 5274/15478/2087
f 5280/15479/2087 5279/15480/2087 5278/15481/2087
f 5281/15482/2087 5280/15483/2087 5278/15484/2087
f 5281/15485/2087 5278/15486/2087 5274/15487/2087
f 5282/15488/2087 5281/15489/2087 5274/15490/2087
f 5283/15491/2087 5282/15492/2087 5274/15493/2087
f 5284/15494/2087 5283/15495/2087 5274/15496/2087
f 5285/15497/2087 5284/15498/2087 5274/15499/2087
f 5285/15500/2087 5274/15501/2087 5270/15502/2087
f 5286/15503/2087 5285/15504/2087 5270/15505/2087
f 5287/15506/2087 5286/15507/2087 5270/15508/2087
f 5288/15509/2087 5287/15510/2087 5270/15511/2087
f 5289/15512/2087 5288/15513/2087 5270/15514/2087
f 5289/15515/2087 5270/15516/2087 5266/15517/2087
f 5290/15518/2087 5289/15519/2087 5266/15520/2087
f 5291/15521/2087 5290/15522/2087 5266/15523/2087
f 5292/15524/2087 5291/15525/2087 5266/15526/2087
f 5293/15527/2087 5292/15528/2087 5266/15529/2087
f 5293/15530/2087 5266/15531/2087 5262/15532/2087
f 5294/15533/2087 5293/15534/2087 5262/15535/2087
f 5295/15536/2087 5294/15537/2087 5262/15538/2087
f 5296/15539/2087 5295/15540/2087 5262/15541/2087
f 5297/15542/2087 5296/15543/2087 5262/15544/2087
f 5297/15545/2087 5262/15546/2087 5258/15547/2087
f 5298/15548/2087 5297/15549/2087 5258/15550/2087
f 5299/15551/2087 5298/15552/2087 5258/15553/2087
f 5300/15554/2087 5299/15555/2087 5258/15556/2087
f 5301/15557/2087 5300/15558/2087 5258/15559/2087
f 5301/15560/2087 5258/15561/2087 5254/15562/2087
f 5302/15563/2087 5301/15564/2087 5254/15565/2087
f 5303/15566/2087 5302/15567/2087 5254/15568/2087
f 5304/15569/2087 5303/15570/2087 5254/15571/2087
f 5305/15572/2087 5304/15573/2087 5254/15574/2087
f 5305/15575/2087 5254/15576/2087 5250/15577/2087
f 5306/15578/2087 5305/15579/2087 5250/15580/2087
f 5307/15581/2087 5306/15582/2087 5250/15583/2087
f 5308/15584/2087 5307/15585/2087 5250/15586/2087
f 5309/15587/2087 5308/15588/2087 5250/15589/2087
f 5309/15590/2087 5250/15591/2087 5278/15592/2087
f 5310/15593/2087 5309/15594/2087 5278/15595/2087
f 5278/15596/2087 5279/15597/2087 5310/15598/2087
f 5342/15599/2088 5311/15600/2088 5312/15601/2088
f 5342/15602/2088 5312/15603/2088 5313/15604/2088
f 5342/15605/2088 5313/15606/2088 5314/15607/2088
f 5314/15608/2088 5315/15609/2088 5316/15610/2088
f 5314/15611/2088 5316/15612/2088 5317/15613/2088
f 5314/15614/2088 5317/15615/2088 5318/15616/2088
f 5318/15617/2088 5319/15618/2088 5320/15619/2088
f 5318/15620/2088 5320/15621/2088 5321/15622/2088
f 5318/15623/2088 5321/15624/2088 5322/15625/2088
f 5322/15626/2088 5323/15627/2088 5324/15628/2088
f 5322/15629/2088 5324/15630/2088 5325/15631/2088
f 5322/15632/2088 5325/15633/2088 5326/15634/2088
f 5326/15635/2088 5327/15636/2088 5328/15637/2088
f 5326/15638/2088 5328/15639/2088 5329/15640/2088
f 5326/15641/2088 5329/15642/2088 5330/15643/2088
f 5330/15644/2088 5331/15645/2088 5332/15646/2088
f 5330/15647/2088 5332/15648/2088 5333/15649/2088
f 5330/15650/2088 5333/15651/2088 5334/15652/2088
f 5334/15653/2088 5335/15654/2088 5336/15655/2088
f 5334/15656/2088 5336/15657/2088 5337/15658/2088
f 5334/15659/2088 5337/15660/2088 5338/15661/2088
f 5338/15662/2088 5339/15663/2088 5340/15664/2088
f 5338/15665/2088 5340/15666/2088 5341/15667/2088
f 5338/15668/2088 5341/15669/2088 5342/15670/2088
f 5342/15671/2088 5343/15672/2088 5344/15673/2088
f 5342/15674/2088 5344/15675/2088 5345/15676/2088
f 5338/15677/2088 5342/15678/2088 5345/15679/2088
f 5338/15680/2088 5345/15681/2088 5346/15682/2088
f 5338/15683/2088 5346/15684/2088 5347/15685/2088
f 5338/15686/2088 5347/15687/2088 5348/15688/2088
f 5338/15689/2088 5348/15690/2088 5349/15691/2088
f 5334/15692/2088 5338/15693/2088 5349/15694/2088
f 5334/15695/2088 5349/15696/2088 5350/15697/2088
f 5334/15698/2088 5350/15699/2088 5351/15700/2088
f 5334/15701/2088 5351/15702/2088 5352/15703/2088
f 5334/15704/2088 5352/15705/2088 5353/15706/2088
f 5330/15707/2088 5334/15708/2088 5353/15709/2088
f 5330/15710/2088 5353/15711/2088 5354/15712/2088
f 5330/15713/2088 5354/15714/2088 5355/15715/2088
f 5330/15716/2088 5355/15717/2088 5356/15718/2088
f 5330/15719/2088 5356/15720/2088 5357/15721/2088
f 5326/15722/2088 5330/15723/2088 5357/15724/2088
f 5326/15725/2088 5357/15726/2088 5358/15727/2088
f 5326/15728/2088 5358/15729/2088 5359/15730/2088
f 5326/15731/2088 5359/15732/2088 5360/15733/2088
f 5326/15734/2088 5360/15735/2088 5361/15736/2088
f 5322/15737/2088 5326/15738/2088 5361/15739/2088
f 5322/15740/2088 5361/15741/2088 5362/15742/2088
f 5322/15743/2088 5362/15744/2088 5363/15745/2088
f 5322/15746/2088 5363/15747/2088 5364/15748/2088
f 5322/15749/2088 5364/15750/2088 5365/15751/2088
f 5318/15752/2088 5322/15753/2088 5365/15754/2088
f 5318/15755/2088 5365/15756/2088 5366/15757/2088
f 5318/15758/2088 5366/15759/2088 5367/15760/2088
f 5318/15761/2088 5367/15762/2088 5368/15763/2088
f 5318/15764/2088 5368/15765/2088 5369/15766/2088
f 5314/15767/2088 5318/15768/2088 5369/15769/2088
f 5314/15770/2088 5369/15771/2088 5370/15772/2088
f 5314/15773/2088 5370/15774/2088 5371/15775/2088
f 5314/15776/2088 5371/15777/2088 5372/15778/2088
f 5314/15779/2088 5372/15780/2088 5373/15781/2088
f 5342/15782/2088 5314/15783/2088 5373/15784/2088
f 5342/15785/2088 5373/15786/2088 5374/15787/2088
f 5374/15788/2088 5343/15789/2088 5342/15790/2088
f 5375/15791/2055 5376/15792/2056 5408/15793/2056 5407/15794/2055
f 5376/15795/2056 5377/15796/2057 5409/15797/2057 5408/15798/2056
f 5377/15799/2057 5378/15800/2058 5410/15801/2058 5409/15802/2057
f 5378/15803/2058 5379/15804/2059 5411/15805/2059 5410/15806/2058
f 5379/15807/2059 5380/15808/2060 5412/15809/2060 5411/15810/2059
f 5380/15811/2060 5381/15812/2061 5413/15813/2061 5412/15814/2060
f 5381/15815/2061 5382/15816/2062 5414/15817/2062 5413/15818/2061
f 5382/15819/2062 5383/15820/2063 5415/15821/2063 5414/15822/2062
f 5383/15823/2063 5384/15824/2064 5416/15825/2064 5415/15826/2063
f 5384/15827/2064 5385/15828/2065 5417/15829/2065 5416/15830/2064
f 5385/15831/2065 5386/15832/2066 5418/15833/2066 5417/15834/2065
f 5386/15835/2066 5387/15836/2067 5419/15837/2067 5418/15838/2066
f 5387/15839/2067 5388/15840/2068 5420/15841/2068 5419/15842/2067
f 5388/15843/2068 5389/15844/2069 5421/15845/2069 5420/15846/2068
f 5389/15847/2069 5390/15848/2070 5422/15849/2070 5421/15850/2069
f 5390/15851/2070 5391/15852/2071 5423/15853/2071 5422/15854/2070
f 5391/15855/2071 5392/15856/2072 5424/15857/2072 5423/15858/2071
f 5392/15859/2072 5393/15860/2073 5425/15861/2073 5424/15862/2072
f 5393/15863/2073 5394/15864/2074 5426/15865/2074 5425/15866/2073
f 5394/15867/2074 5395/15868/2075 5427/15869/2075 5426/15870/2074
f 5395/15871/2075 5396/15872/2076 5428/15873/2076 5427/15874/2075
f 5396/15875/2076 5397/15876/2077 5429/15877/2077 5428/15878/2076
f 5397/15879/2077 5398/15880/2078 5430/15881/2078 5429/15882/2077
f 5398/15883/2078 5399/15884/2079 5431/15885/2079 5430/15886/2078
f 5399/15887/2079 5400/15888/2080 5432/15889/2080 5431/15890/2079
f 5400/15891/2080 5401/15892/2081 5433/15893/2081 5432/15894/2080
f 5401/15895/2081 5402/15896/2082 5434/15897/2082 5433/15898/2081
f 5402/15899/2082 5403/15900/2083 5435/15901/2083 5434/15902/2082
f 5403/15903/2083 5404/15904/2084 5436/15905/2084 5435/15906/2083
f 5404/15907/2084 5405/15908/2085 5437/15909/2085 5436/15910/2084
f 5405/15911/2085 5406/15912/2086 5438/15913/2086 5437/15914/2085
f 5406/15915/2086 5375/15916/2055 5407/15917/2055 5438/15918/2086
f 5439/15919/2070 5440/15920/2069 5472/15921/2069 5471/15922/2070
f 5440/15923/2069 5441/15924/2068 5473/15925/2068 5472/15926/2069
f 5441/15927/2068 5442/15928/2067 5474/15929/2067 5473/15930/2068
f 5442/15931/2067 5443/15932/2066 5475/15933/2066 5474/15934/2067
f 5443/15935/2066 5444/15936/2065 5476/15937/2065 5475/15938/2066
f 5444/15939/2065 5445/15940/2064 5477/15941/2064 5476/15942/2065
f 5445/15943/2064 5446/15944/2063 5478/15945/2063 5477/15946/2064
f 5446/15947/2063 5447/15948/2062 5479/15949/2062 5478/15950/2063
f 5447/15951/2062 5448/15952/2061 5480/15953/2061 5479/15954/2062
f 5448/15955/2061 5449/15956/2060 5481/15957/2060 5480/15958/2061
f 5449/15959/2060 5450/15960/2059 5482/15961/2059 5481/15962/2060
f 5450/15963/2059 5451/15964/2058 5483/15965/2058 5482/15966/2059
f 5451/15967/2058 5452/15968/2057 5484/15969/2057 5483/15970/2058
f 5452/15971/2057 5453/15972/2056 5485/15973/2056 5484/15974/2057
f 5453/15975/2056 5454/15976/2055 5486/15977/2055 5485/15978/2056
f 5454/15979/2055 5455/15980/2086 5487/15981/2086 5486/15982/2055
f 5455/15983/2086 5456/15984/2085 5488/15985/2085 5487/15986/2086
f 5456/15987/2085 5457/15988/2084 5489/15989/2084 5488/15990/2085
f 5457/15991/2084 5458/15992/2083 5490/15993/2083 5489/15994/2084
f 5458/15995/2083 5459/15996/2082 5491/15997/2082 5490/15998/2083
f 5459/15999/2082 5460/16000/2081 5492/16001/2081 5491/16002/2082
f 5460/16003/2081 5461/16004/2080 5493/16005/2080 5492/16006/2081
f 5461/16007/2080 5462/16008/2079 5494/16009/2079 5493/16010/2080
f 5462/16011/2079 5463/16012/2078 5495/16013/2078 5494/16014/2079
f 5463/16015/2078 5464/16016/2077 5496/16017/2077 5495/16018/2078
f 5464/16019/2077 5465/16020/2076 5497/16021/2076 5496/16022/2077
f 5465/16023/2076 5466/16024/2075 5498/16025/2075 5497/16026/2076
f 5466/16027/2075 5467/16028/2074 5499/16029/2074 5498/16030/2075
f 5467/16031/2074 5468/16032/2073 5500/16033/2073 5499/16034/2074
f 5468/16035/2073 5469/16036/2072 5501/16037/2072 5500/16038/2073
f 5469/16039/2072 5470/16040/2071 5502/16041/2071 5501/16042/2072
f 5470/16043/2071 5439/16044/2070 5471/16045/2070 5502/16046/2071
f 5504/16047/2087 5503/16048/2087 5534/16049/2087
f 5505/16050/2087 5504/16051/2087 5534/16052/2087
f 5506/16053/2087 5505/16054/2087 5534/16055/2087
f 5508/16056/2087 5507/16057/2087 5506/16058/2087
f 5509/16059/2087 5508/16060/2087 5506/16061/2087
f 5510/16062/2087 5509/16063/2087 5506/16064/2087
f 5512/16065/2087 5511/16066/2087 5510/16067/2087
f 5513/16068/2087 5512/16069/2087 5510/16070/2087
f 5514/16071/2087 5513/16072/2087 5510/16073/2087
f 5516/16074/2087 5515/16075/2087 5514/16076/2087
f 5517/16077/2087 5516/16078/2087 5514/16079/2087
f 5518/16080/2087 5517/16081/2087 5514/16082/2087
f 5520/16083/2087 5519/16084/2087 5518/16085/2087
f 5521/16086/2087 5520/16087/2087 5518/16088/2087
f 5522/16089/2087 5521/16090/2087 5518/16091/2087
f 5524/16092/2087 5523/16093/2087 5522/16094/2087
f 5525/16095/2087 5524/16096/2087 5522/16097/2087
f 5526/16098/2087 5525/16099/2087 5522/16100/2087
f 5528/16101/2087 5527/16102/2087 5526/16103/2087
f 5529/16104/2087 5528/16105/2087 5526/16106/2087
f 5530/16107/2087 5529/16108/2087 5526/16109/2087
f 5532/16110/2087 5531/16111/2087 5530/16112/2087
f 5533/16113/2087 5532/16114/2087 5530/16115/2087
f 5534/16116/2087 5533/16117/2087 5530/16118/2087
f 5536/16119/2087 5535/16120/2087 5534/16121/2087
f 5537/16122/2087 5536/16123/2087 5534/16124/2087
f 5537/16125/2087 5534/16126/2087 5530/16127/2087
f 5538/16128/2087 5537/16129/2087 5530/16130/2087
f 5539/16131/2087 5538/16132/2087 5530/16133/2087
f 5540/16134/2087 5539/16135/2087 5530/16136/2087
f 5541/16137/2087 5540/16138/2087 5530/16139/2087
f 5541/16140/2087 5530/16141/2087 5526/16142/2087
f 5542/16143/2087 5541/16144/2087 5526/16145/2087
f 5543/16146/2087 5542/16147/2087 5526/16148/2087
f 5544/16149/2087 5543/16150/2087 5526/16151/2087
f 5545/16152/2087 5544/16153/2087 5526/16154/2087
f 5545/16155/2087 5526/16156/2087 5522/16157/2087
f 5546/16158/2087 5545/16159/2087 5522/16160/2087
f 5547/16161/2087 5546/16162/2087 5522/16163/2087
f 5548/16164/2087 5547/16165/2087 5522/16166/2087
f 5549/16167/2087 5548/16168/2087 5522/16169/2087
f 5549/16170/2087 5522/16171/2087 5518/16172/2087
f 5550/16173/2087 5549/16174/2087 5518/16175/2087
f 5551/16176/2087 5550/16177/2087 5518/16178/2087
f 5552/16179/2087 5551/16180/2087 5518/16181/2087
f 5553/16182/2087 5552/16183/2087 5518/16184/2087
f 5553/16185/2087 5518/16186/2087 5514/16187/2087
f 5554/16188/2087 5553/16189/2087 5514/16190/2087
f 5555/16191/2087 5554/16192/2087 5514/16193/2087
f 5556/16194/2087 5555/16195/2087 5514/16196/2087
f 5557/16197/2087 5556/16198/2087 5514/16199/2087
f 5557/16200/2087 5514/16201/2087 5510/16202/2087
f 5558/16203/2087 5557/16204/2087 5510/16205/2087
f 5559/16206/2087 5558/16207/2087 5510/16208/2087
f 5560/16209/2087 5559/16210/2087 5510/16211/2087
f 5561/16212/2087 5560/16213/2087 5510/16214/2087
f 5561/16215/2087 5510/16216/2087 5506/16217/2087
f 5562/16218/2087 5561/16219/2087 5506/16220/2087
f 5563/16221/2087 5562/16222/2087 5506/16223/2087
f 5564/16224/2087 5563/16225/2087 5506/16226/2087
f 5565/16227/2087 5564/16228/2087 5506/16229/2087
f 5565/16230/2087 5506/16231/2087 5534/16232/2087
f 5566/16233/2087 5565/16234/2087 5534/16235/2087
f 5534/16236/2087 5535/16237/2087 5566/16238/2087
f 5598/16239/2088 5567/16240/2088 5568/16241/2088
f 5598/16242/2088 5568/16243/2088 5569/16244/2088
f 5598/16245/2088 5569/16246/2088 5570/16247/2088
f 5570/16248/2088 5571/16249/2088 5572/16250/2088
f 5570/16251/2088 5572/16252/2088 5573/16253/2088
f 5570/16254/2088 5573/16255/2088 5574/16256/2088
f 5574/16257/2088 5575/16258/2088 5576/16259/2088
f 5574/16260/2088 5576/16261/2088 5577/16262/2088
f 5574/16263/2088 5577/16264/2088 5578/16265/2088
f 5578/16266/2088 5579/16267/2088 5580/16268/2088
f 5578/16269/2088 5580/16270/2088 5581/16271/2088
f 5578/16272/2088 5581/16273/2088 5582/16274/2088
f 5582/16275/2088 5583/16276/2088 5584/16277/2088
f 5582/16278/2088 5584/16279/2088 5585/16280/2088
f 5582/16281/2088 5585/16282/2088 5586/16283/2088
f 5586/16284/2088 5587/16285/2088 5588/16286/2088
f 5586/16287/2088 5588/16288/2088 5589/16289/2088
f 5586/16290/2088 5589/16291/2088 5590/16292/2088
f 5590/16293/2088 5591/16294/2088 5592/16295/2088
f 5590/16296/2088 5592/16297/2088 5593/16298/2088
f 5590/16299/2088 5593/16300/2088 5594/16301/2088
f 5594/16302/2088 5595/16303/2088 5596/16304/2088
f 5594/16305/2088 5596/16306/2088 5597/16307/2088
f 5594/16308/2088 5597/16309/2088 5598/16310/2088
f 5598/16311/2088 5599/16312/2088 5600/16313/2088
f 5598/16314/2088 5600/16315/2088 5601/16316/2088
f 5594/16317/2088 5598/16318/2088 5601/16319/2088
f 5594/16320/2088 5601/16321/2088 5602/16322/2088
f 5594/16323/2088 5602/16324/2088 5603/16325/2088
f 5594/16326/2088 5603/16327/2088 5604/16328/2088
f 5594/16329/2088 5604/16330/2088 5605/16331/2088
f 5590/16332/2088 5594/16333/2088 5605/16334/2088
f 5590/16335/2088 5605/16336/2088 5606/16337/2088
f 5590/16338/2088 5606/16339/2088 5607/16340/2088
f 5590/16341/2088 5607/16342/2088 5608/16343/2088
f 5590/16344/2088 5608/16345/2088 5609/16346/2088
f 5586/16347/2088 5590/16348/2088 5609/16349/2088
f 5586/16350/2088 5609/16351/2088 5610/16352/2088
f 5586/16353/2088 5610/16354/2088 5611/16355/2088
f 5586/16356/2088 5611/16357/2088 5612/16358/2088
f 5586/16359/2088 5612/16360/2088 5613/16361/2088
f 5582/16362/2088 5586/16363/2088 5613/16364/2088
f 5582/16365/2088 5613/16366/2088 5614/16367/2088
f 5582/16368/2088 5614/16369/2088 5615/16370/2088
f 5582/16371/2088 5615/16372/2088 5616/16373/2088
f 5582/16374/2088 5616/16375/2088 5617/16376/2088
f 5578/16377/2088 5582/16378/2088 5617/16379/2088
f 5578/16380/2088 5617/16381/2088 5618/16382/2088
f 5578/16383/2088 5618/16384/2088 5619/16385/2088
f 5578/16386/2088 5619/16387/2088 5620/16388/2088
f 5578/16389/2088 5620/16390/2088 5621/16391/2088
f 5574/16392/2088 5578/16393/2088 5621/16394/2088
f 5574/16395/2088 5621/16396/2088 5622/16397/2088
f 5574/16398/2088 5622/16399/2088 5623/16400/2088
f 5574/16401/2088 5623/16402/2088 5624/16403/2088
f 5574/16404/2088 5624/16405/2088 5625/16406/2088
f 5570/16407/2088 5574/16408/2088 5625/16409/2088
f 5570/16410/2088 5625/16411/2088 5626/16412/2088
f 5570/16413/2088 5626/16414/2088 5627/16415/2088
f 5570/16416/2088 5627/16417/2088 5628/16418/2088
f 5570/16419/2088 5628/16420/2088 5629/16421/2088
f 5598/16422/2088 5570/16423/2088 5629/16424/2088
f 5598/16425/2088 5629/16426/2088 5630/16427/2088
f 5630/16428/2088 5599/16429/2088 5598/16430/2088
f 5631/16431/2089 5632/16432/2090 5648/16433/2090 5647/16434/2089
f 5632/16435/2090 5633/16436/2091 5649/16437/2091 5648/16438/2090
f 5633/16439/2091 5634/16440/2092 5650/16441/2092 5649/16442/2091
f 5634/16443/2092 5635/16444/2093 5651/16445/2093 5650/16446/2092
f 5635/16447/2093 5636/16448/2094 5652/16449/2094 5651/16450/2093
f 5636/16451/2094 5637/16452/2095 5653/16453/2095 5652/16454/2094
f 5637/16455/2095 5638/16456/2096 5654/16457/2096 5653/16458/2095
f 5638/16459/2096 5639/16460/2097 5655/16461/2097 5654/16462/2096
f 5639/16463/2097 5640/16464/2098 5656/16465/2098 5655/16466/2097
f 5640/16467/2098 5641/16468/2099 5657/16469/2099 5656/16470/2098
f 5641/16471/2099 5642/16472/2100 5658/16473/2100 5657/16474/2099
f 5642/16475/2100 5643/16476/2101 5659/16477/2101 5658/16478/2100
f 5643/16479/2101 5644/16480/2102 5660/16481/2102 5659/16482/2101
f 5644/16483/2102 5645/16484/2103 5661/16485/2103 5660/16486/2102
f 5645/16487/2103 5646/16488/2104 5662/16489/2104 5661/16490/2103
f 5646/16491/2104 5631/16492/2089 5647/16493/2089 5662/16494/2104
f 5664/16495/2087 5663/16496/2087 5678/16497/2087
f 5665/16498/2087 5664/16499/2087 5678/16500/2087
f 5666/16501/2087 5665/16502/2087 5678/16503/2087
f 5667/16504/2087 5666/16505/2087 5678/16506/2087
f 5668/16507/2087 5667/16508/2087 5678/16509/2087
f 5669/16510/2087 5668/16511/2087 5678/16512/2087
f 5670/16513/2087 5669/16514/2087 5678/16515/2087
f 5671/16516/2087 5670/16517/2087 5678/16518/2087
f 5672/16519/2087 5671/16520/2087 5678/16521/2087
f 5673/16522/2087 5672/16523/2087 5678/16524/2087
f 5674/16525/2087 5673/16526/2087 5678/16527/2087
f 5675/16528/2087 5674/16529/2087 5678/16530/2087
f 5676/16531/2087 5675/16532/2087 5678/16533/2087
f 5678/16534/2087 5677/16535/2087 5676/16536/2087
f 5694/16537/2088 5679/16538/2088 5680/16539/2088
f 5694/16540/2088 5680/16541/2088 5681/16542/2088
f 5694/16543/2088 5681/16544/2088 5682/16545/2088
f 5694/16546/2088 5682/16547/2088 5683/16548/2088
f 5694/16549/2088 5683/16550/2088 5684/16551/2088
f 5694/16552/2088 5684/16553/2088 5685/16554/2088
f 5694/16555/2088 5685/16556/2088 5686/16557/2088
f 5694/16558/2088 5686/16559/2088 5687/16560/2088
f 5694/16561/2088 5687/16562/2088 5688/16563/2088
f 5694/16564/2088 5688/16565/2088 5689/16566/2088
f 5694/16567/2088 5689/16568/2088 5690/16569/2088
f 5694/16570/2088 5690/16571/2088 5691/16572/2088
f 5694/16573/2088 5691/16574/2088 5692/16575/2088
f 5692/16576/2088 5693/16577/2088 5694/16578/2088
f 5695/16579/2105 5696/16580/2105 5700/16581/2105 5699/16582/2105
f 5696/16583/2106 5697/16584/2106 5701/16585/2106 5700/16586/2106
f 5697/16587/2107 5698/16588/2107 5702/16589/2107 5701/16590/2107
f 5698/16591/2108 5695/16592/2108 5699/16593/2108 5702/16594/2108
f 5704/16595/2087 5703/16596/2087 5706/16597/2087
f 5706/16598/2087 5705/16599/2087 5704/16600/2087
f 5710/16601/2088 5707/16602/2088 5708/16603/2088
f 5708/16604/2088 5709/16605/2088 5710/16606/2088
f 5711/16607/2106 5712/16608/2106 5716/16609/2106 5715/16610/2106
f 5712/16611/2107 5713/16612/2107 5717/16613/2107 5716/16614/2107
f 5713/16615/2108 5714/16616/2108 5718/16617/2108 5717/16618/2108
f 5714/16619/2105 5711/16620/2105 5715/16621/2105 5718/16622/2105
f 5720/16623/2087 5719/16624/2087 5722/16625/2087
f 5722/16626/2087 5721/16627/2087 5720/16628/2087
f 5726/16629/2088 5723/16630/2088 5724/16631/2088
f 5724/16632/2088 5725/16633/2088 5726/16634/2088
f 5727/16635/2107 5728/16636/2107 5732/16637/2107 5731/16638/2107
f 5728/16639/2108 5729/16640/2108 5733/16641/2108 5732/16642/2108
f 5729/16643/2105 5730/16644/2105 5734/16645/2105 5733/16646/2105
f 5730/16647/2106 5727/16648/2106 5731/16649/2106 5734/16650/2106
f 5736/16651/2087 5735/16652/2087 5738/16653/2087
f 5738/16654/2087 5737/16655/2087 5736/16656/2087
f 5742/16657/2088 5739/16658/2088 5740/16659/2088
f 5740/16660/2088 5741/16661/2088 5742/16662/2088
f 5743/16663/2108 5744/16664/2108 5748/16665/2108 5747/16666/2108
f 5744/16667/2105 5745/16668/2105 5749/16669/2105 5748/16670/2105
f 5745/16671/2106 5746/16672/2106 5750/16673/2106 5749/16674/2106
f 5746/16675/2107 5743/16676/2107 5747/16677/2107 5750/16678/2107
f 5752/16679/2087 5751/16680/2087 5754/16681/2087
f 5754/16682/2087 5753/16683/2087 5752/16684/2087
f 5758/16685/2088 5755/16686/2088 5756/16687/2088
f 5756/16688/2088 5757/16689/2088 5758/16690/2088
o body_motor_feet
usemtl intake_pump
v 0.30625 0.0875 0.73125
v 0.30625 0.0875 0.85625
v 0.40625 0.0875 0.85625
v 0.40625 0.0875 0.73125
v 0.3 0.09375 0.725
v 0.3 0.09375 0.8625
v 0.4125 0.09375 0.8625
v 0.4125 0.09375 0.725
v 0.3 0.24375 0.725
v 0.3 0.24375 0.8625
v 0.4125 0.24375 0.8625
v 0.4125 0.24375 0.725
v 0.30625 0.25 0.73125
v 0.30625 0.25 0.85625
v 0.40625 0.25 0.85625
v 0.40625 0.25 0.73125
v 0.30625 0.0875 0.73125
v 0.30625 0.0875 0.85625
v 0.40625 0.0875 0.85625
v 0.40625 0.0875 0.73125
v 0.30625 0.25 0.73125
v 0.30625 0.25 0.85625
v 0.40625 0.25 0.85625
v 0.40625 0.25 0.73125
v 0.59375 0.0875 0.73125
v 0.59375 0.0875 0.85625
v 0.69375 0.0875 0.85625
v 0.69375 0.0875 0.73125
v 0.5875 0.09375 0.725
v 0.5875 0.09375 0.8625
v 0.7 0.09375 0.8625
v 0.7 0.09375 0.725
v 0.5875 0.24375 0.725
v 0.5875 0.24375 0.8625
v 0.7 0.24375 0.8625
v 0.7 0.24375 0.725
v 0.59375 0.25 0.73125
v 0.59375 0.25 0.85625
v 0.69375 0.25 0.85625
v 0.69375 0.25 0.73125
v 0.59375 0.0875 0.73125
v 0.59375 0.0875 0.85625
v 0.69375 0.0875 0.85625
v 0.69375 0.0875 0.73125
v 0.59375 0.25 0.73125
v 0.59375 0.25 0.85625
v 0.69375 0.25 0.85625
v 0.69375 0.25 0.73125
vt 0.034839 0.036951
vt 0.057788 0.036951
vt 0.058936 0.038574
vt 0.033691 0.038574
vt 0.419604 0.032069
vt 0.437964 0.032069
vt 0.439111 0.033691
vt 0.418457 0.033691
vt 0.086108 0.038574
vt 0.063159 0.038574
vt 0.062012 0.036951
vt 0.087256 0.036951
vt 0.1948 0.038574
vt 0.17644 0.038574
vt 0.175293 0.036951
vt 0.195947 0.036951
vt 0.241895 0.553369
vt 0.241895 0.578613
vt 0.214355 0.578613
vt 0.214355 0.553369
vt 0.95459 0.578613
vt 0.95459 0.557959
vt 0.982129 0.557959
vt 0.982129 0.578613
vt 0.245605 0.578613
vt 0.245605 0.553369
vt 0.273145 0.553369
vt 0.273145 0.578613
vt 0.002441 0.549316
vt 0.002441 0.528662
vt 0.02998 0.528662
vt 0.02998 0.549316
vt 0.390137 0.032069
vt 0.415381 0.032069
vt 0.414233 0.033691
vt 0.391284 0.033691
vt 0.463525 0.033691
vt 0.442871 0.033691
vt 0.444019 0.032069
vt 0.462378 0.032069
vt 0.181982 0.053223
vt 0.156738 0.053223
vt 0.157886 0.0516
vt 0.180835 0.0516
vt 0.064941 0.0516
vt 0.085596 0.0516
vt 0.084448 0.053223
vt 0.066089 0.053223
vt 0.332031 0.549316
vt 0.309082 0.549316
vt 0.309082 0.530957
vt 0.309082 0.530957
vt 0.332031 0.530957
vt 0.332031 0.549316
vt 0.335449 0.549316
vt 0.335449 0.530957
vt 0.358398 0.530957
vt 0.358398 0.530957
vt 0.358398 0.549316
vt 0.335449 0.549316
vt 0.688159 0.056483
vt 0.711108 0.056483
vt 0.712256 0.058105
vt 0.687012 0.058105
vt 0.468433 0.032069
vt 0.486792 0.032069
vt 0.487939 0.033691
vt 0.467285 0.033691
vt 0.114429 0.038574
vt 0.091479 0.038574
vt 0.090332 0.036951
vt 0.115576 0.036951
vt 0.219214 0.038574
vt 0.200854 0.038574
vt 0.199707 0.036951
vt 0.220361 0.036951
vt 0.304395 0.553369
vt 0.304395 0.578613
vt 0.276855 0.578613
vt 0.276855 0.553369
vt 0.033691 0.549316
vt 0.033691 0.528662
vt 0.06123 0.528662
vt 0.06123 0.549316
vt 0.308105 0.578613
vt 0.308105 0.553369
vt 0.335645 0.553369
vt 0.335645 0.578613
vt 0.064941 0.549316
vt 0.064941 0.528662
vt 0.09248 0.528662
vt 0.09248 0.549316
vt 0.118652 0.036951
vt 0.143896 0.036951
vt 0.142749 0.038574
vt 0.1198 0.038574
vt 0.512354 0.033691
vt 0.491699 0.033691
vt 0.492847 0.032069
vt 0.511206 0.032069
vt 0.172217 0.038574
vt 0.146973 0.038574
vt 0.14812 0.036951
vt 0.171069 0.036951
vt 0.089355 0.0516
vt 0.11001 0.0516
vt 0.108862 0.053223
vt 0.090503 0.053223
vt 0.384766 0.549316
vt 0.361816 0.549316
vt 0.361816 0.530957
vt 0.361816 0.530957
vt 0.384766 0.530957
vt 0.384766 0.549316
vt 0.388184 0.549316
vt 0.388184 0.530957
vt 0.411133 0.530957
vt 0.411133 0.530957
vt 0.411133 0.549316
vt 0.388184 0.549316
vn -0.707107 -0.707107 0
vn 0 -0.707107 0.707107
vn 0.707107 -0.707107 0
vn 0 -0.707107 -0.707107
vn -1 0 0
vn 0 0 1
vn 1 0 0
vn 0 0 -1
vn -0.707107 0.707107 0
vn 0 0.707107 0.707107
vn 0.707107 0.707107 0
vn 0 0.707107 -0.707107
vn 0 -1 0
vn 0 1 0
f 5759/16691/2109 5760/16692/2109 5764/16693/2109 5763/16694/2109
f 5760/16695/2110 5761/16696/2110 5765/16697/2110 5764/16698/2110
f 5761/16699/2111 5762/16700/2111 5766/16701/2111 5765/16702/2111
f 5762/16703/2112 5759/16704/2112 5763/16705/2112 5766/16706/2112
f 5763/16707/2113 5764/16708/2113 5768/16709/2113 5767/16710/2113
f 5764/16711/2114 5765/16712/2114 5769/16713/2114 5768/16714/2114
f 5765/16715/2115 5766/16716/2115 5770/16717/2115 5769/16718/2115
f 5766/16719/2116 5763/16720/2116 5767/16721/2116 5770/16722/2116
f 5767/16723/2117 5768/16724/2117 5772/16725/2117 5771/16726/2117
f 5768/16727/2118 5769/16728/2118 5773/16729/2118 5772/16730/2118
f 5769/16731/2119 5770/16732/2119 5774/16733/2119 5773/16734/2119
f 5770/16735/2120 5767/16736/2120 5771/16737/2120 5774/16738/2120
f 5776/16739/2121 5775/16740/2121 5778/16741/2121
f 5778/16742/2121 5777/16743/2121 5776/16744/2121
f 5782/16745/2122 5779/16746/2122 5780/16747/2122
f 5780/16748/2122 5781/16749/2122 5782/16750/2122
f 5783/16751/2109 5784/16752/2109 5788/16753/2109 5787/16754/2109
f 5784/16755/2110 5785/16756/2110 5789/16757/2110 5788/16758/2110
f 5785/16759/2111 5786/16760/2111 5790/16761/2111 5789/16762/2111
f 5786/16763/2112 5783/16764/2112 5787/16765/2112 5790/16766/2112
f 5787/16767/2113 5788/16768/2113 5792/16769/2113 5791/16770/2113
f 5788/16771/2114 5789/16772/2114 5793/16773/2114 5792/16774/2114
f 5789/16775/2115 5790/16776/2115 5794/16777/2115 5793/16778/2115
f 5790/16779/2116 5787/16780/2116 5791/16781/2116 5794/16782/2116
f 5791/16783/2117 5792/16784/2117 5796/16785/2117 5795/16786/2117
f 5792/16787/2118 5793/16788/2118 5797/16789/2118 5796/16790/2118
f 5793/16791/2119 5794/16792/2119 5798/16793/2119 5797/16794/2119
f 5794/16795/2120 5791/16796/2120 5795/16797/2120 5798/16798/2120
f 5800/16799/2121 5799/16800/2121 5802/16801/2121
f 5802/16802/2121 5801/16803/2121 5800/16804/2121
f 5806/16805/2122 5803/16806/2122 5804/16807/2122
f 5804/16808/2122 5805/16809/2122 5806/16810/2122
o body_motor_feet_bolts
usemtl intake_pump
v 0.3375 0.25 0.772488
v 0.346875 0.25 0.75625
v 0.3375 0.25 0.740012
v 0.31875 0.25 0.740012
v 0.309375 0.25 0.75625
v 0.31875 0.25 0.772488
v 0.3375 0.265625 0.772488
v 0.346875 0.265625 0.75625
v 0.3375 0.265625 0.740012
v 0.31875 0.265625 0.740012
v 0.309375 0.265625 0.75625
v 0.31875 0.265625 0.772488
v 0.3375 0.25 0.772488
v 0.346875 0.25 0.75625
v 0.3375 0.25 0.740012
v 0.31875 0.25 0.740012
v 0.309375 0.25 0.75625
v 0.31875 0.25 0.772488
v 0.3375 0.265625 0.772488
v 0.346875 0.265625 0.75625
v 0.3375 0.265625 0.740012
v 0.31875 0.265625 0.740012
v 0.309375 0.265625 0.75625
v 0.31875 0.265625 0.772488
v 0.3375 0.25 0.847488
v 0.346875 0.25 0.83125
v 0.3375 0.25 0.815012
v 0.31875 0.25 0.815012
v 0.309375 0.25 0.83125
v 0.31875 0.25 0.847488
v 0.3375 0.265625 0.847488
v 0.346875 0.265625 0.83125
v 0.3375 0.265625 0.815012
v 0.31875 0.265625 0.815012
v 0.309375 0.265625 0.83125
v 0.31875 0.265625 0.847488
v 0.3375 0.25 0.847488
v 0.346875 0.25 0.83125
v 0.3375 0.25 0.815012
v 0.31875 0.25 0.815012
v 0.309375 0.25 0.83125
v 0.31875 0.25 0.847488
v 0.3375 0.265625 0.847488
v 0.346875 0.265625 0.83125
v 0.3375 0.265625 0.815012
v 0.31875 0.265625 0.815012
v 0.309375 0.265625 0.83125
v 0.31875 0.265625 0.847488
v 0.68125 0.25 0.772488
v 0.690625 0.25 0.75625
v 0.68125 0.25 0.740012
v 0.6625 0.25 0.740012
v 0.653125 0.25 0.75625
v 0.6625 0.25 0.772488
v 0.68125 0.265625 0.772488
v 0.690625 0.265625 0.75625
v 0.68125 0.265625 0.740012
v 0.6625 0.265625 0.740012
v 0.653125 0.265625 0.75625
v 0.6625 0.265625 0.772488
v 0.68125 0.25 0.772488
v 0.690625 0.25 0.75625
v 0.68125 0.25 0.740012
v 0.6625 0.25 0.740012
v 0.653125 0.25 0.75625
v 0.6625 0.25 0.772488
v 0.68125 0.265625 0.772488
v 0.690625 0.265625 0.75625
v 0.68125 0.265625 0.740012
v 0.6625 0.265625 0.740012
v 0.653125 0.265625 0.75625
v 0.6625 0.265625 0.772488
v 0.68125 0.25 0.847488
v 0.690625 0.25 0.83125
v 0.68125 0.25 0.815012
v 0.6625 0.25 0.815012
v 0.653125 0.25 0.83125
v 0.6625 0.25 0.847488
v 0.68125 0.265625 0.847488
v 0.690625 0.265625 0.83125
v 0.68125 0.265625 0.815012
v 0.6625 0.265625 0.815012
v 0.653125 0.265625 0.83125
v 0.6625 0.265625 0.847488
v 0.68125 0.25 0.847488
v 0.690625 0.25 0.83125
v 0.68125 0.25 0.815012
v 0.6625 0.25 0.815012
v 0.653125 0.25 0.83125
v 0.6625 0.25 0.847488
v 0.68125 0.265625 0.847488
v 0.690625 0.265625 0.83125
v 0.68125 0.265625 0.815012
v 0.6625 0.265625 0.815012
v 0.653125 0.265625 0.83125
v 0.6625 0.265625 0.847488
vt 0.619165 0.087402
vt 0.615723 0.087402
vt 0.615723 0.084534
vt 0.619165 0.084534
vt 0.714868 0.087402
vt 0.711426 0.087402
vt 0.711426 0.084534
vt 0.714868 0.084534
vt 0.622559 0.084534
vt 0.626001 0.084534
vt 0.626001 0.087402
vt 0.622559 0.087402
vt 0.759277 0.084534
vt 0.76272 0.084534
vt 0.76272 0.087402
vt 0.759277 0.087402
vt 0.629395 0.084534
vt 0.632837 0.084534
vt 0.632837 0.087402
vt 0.629395 0.087402
vt 0.273926 0.084534
vt 0.277368 0.084534
vt 0.277368 0.087402
vt 0.273926 0.087402
vt 0.893115 0.272898
vt 0.891394 0.275879
vt 0.887952 0.275879
vt 0.891394 0.269917
vt 0.893115 0.272898
vt 0.887952 0.275879
vt 0.887952 0.269917
vt 0.891394 0.269917
vt 0.887952 0.275879
vt 0.887952 0.275879
vt 0.88623 0.272898
vt 0.887952 0.269917
vt 0.029089 0.266113
vt 0.025647 0.266113
vt 0.023926 0.263132
vt 0.029089 0.266113
vt 0.023926 0.263132
vt 0.025647 0.260151
vt 0.029089 0.266113
vt 0.025647 0.260151
vt 0.029089 0.260151
vt 0.029089 0.260151
vt 0.030811 0.263132
vt 0.029089 0.266113
vt 0.209009 0.087402
vt 0.205566 0.087402
vt 0.205566 0.084534
vt 0.209009 0.084534
vt 0.284204 0.087402
vt 0.280762 0.087402
vt 0.280762 0.084534
vt 0.284204 0.084534
vt 0.63623 0.084534
vt 0.639673 0.084534
vt 0.639673 0.087402
vt 0.63623 0.087402
vt 0.643066 0.084534
vt 0.646509 0.084534
vt 0.646509 0.087402
vt 0.643066 0.087402
vt 0.649902 0.084534
vt 0.653345 0.084534
vt 0.653345 0.087402
vt 0.649902 0.087402
vt 0.287598 0.084534
vt 0.29104 0.084534
vt 0.29104 0.087402
vt 0.287598 0.087402
vt 0.785693 0.272898
vt 0.783972 0.275879
vt 0.78053 0.275879
vt 0.783972 0.269917
vt 0.785693 0.272898
vt 0.78053 0.275879
vt 0.78053 0.269917
vt 0.783972 0.269917
vt 0.78053 0.275879
vt 0.78053 0.275879
vt 0.778809 0.272898
vt 0.78053 0.269917
vt 0.794714 0.275879
vt 0.791272 0.275879
vt 0.789551 0.272898
vt 0.794714 0.275879
vt 0.789551 0.272898
vt 0.791272 0.269917
vt 0.794714 0.275879
vt 0.791272 0.269917
vt 0.794714 0.269917
vt 0.794714 0.269917
vt 0.796436 0.272898
vt 0.794714 0.275879
vt 0.297876 0.087402
vt 0.294434 0.087402
vt 0.294434 0.084534
vt 0.297876 0.084534
vt 0.769556 0.087402
vt 0.766113 0.087402
vt 0.766113 0.084534
vt 0.769556 0.084534
vt 0.656738 0.084534
vt 0.660181 0.084534
vt 0.660181 0.087402
vt 0.656738 0.087402
vt 0.718262 0.084534
vt 0.721704 0.084534
vt 0.721704 0.087402
vt 0.718262 0.087402
vt 0.663574 0.084534
vt 0.667017 0.084534
vt 0.667017 0.087402
vt 0.663574 0.087402
vt 0.30127 0.084534
vt 0.304712 0.084534
vt 0.304712 0.087402
vt 0.30127 0.087402
vt 0.903857 0.272898
vt 0.902136 0.275879
vt 0.898694 0.275879
vt 0.902136 0.269917
vt 0.903857 0.272898
vt 0.898694 0.275879
vt 0.898694 0.269917
vt 0.902136 0.269917
vt 0.898694 0.275879
vt 0.898694 0.275879
vt 0.896973 0.272898
vt 0.898694 0.269917
vt 0.039832 0.266113
vt 0.036389 0.266113
vt 0.034668 0.263132
vt 0.039832 0.266113
vt 0.034668 0.263132
vt 0.036389 0.260151
vt 0.039832 0.266113
vt 0.036389 0.260151
vt 0.039832 0.260151
vt 0.039832 0.260151
vt 0.041553 0.263132
vt 0.039832 0.266113
vt 0.311548 0.087402
vt 0.308105 0.087402
vt 0.308105 0.084534
vt 0.311548 0.084534
vt 0.673853 0.087402
vt 0.67041 0.087402
vt 0.67041 0.084534
vt 0.673853 0.084534
vt 0.677246 0.084534
vt 0.680688 0.084534
vt 0.680688 0.087402
vt 0.677246 0.087402
vt 0.314941 0.084534
vt 0.318384 0.084534
vt 0.318384 0.087402
vt 0.314941 0.087402
vt 0.684082 0.084534
vt 0.687524 0.084534
vt 0.687524 0.087402
vt 0.684082 0.087402
vt 0.321777 0.084534
vt 0.32522 0.084534
vt 0.32522 0.087402
vt 0.321777 0.087402
vt 0.807178 0.272898
vt 0.805457 0.275879
vt 0.802014 0.275879
vt 0.805457 0.269917
vt 0.807178 0.272898
vt 0.802014 0.275879
vt 0.802014 0.269917
vt 0.805457 0.269917
vt 0.802014 0.275879
vt 0.802014 0.275879
vt 0.800293 0.272898
vt 0.802014 0.269917
vt 0.816199 0.275879
vt 0.812756 0.275879
vt 0.811035 0.272898
vt 0.816199 0.275879
vt 0.811035 0.272898
vt 0.812756 0.269917
vt 0.816199 0.275879
vt 0.812756 0.269917
vt 0.816199 0.269917
vt 0.816199 0.269917
vt 0.81792 0.272898
vt 0.816199 0.275879
vn 0.866025 0 0.5
vn 0.866025 0 -0.5
vn 0 0 -1
vn -0.866025 0 -0.5
vn -0.866025 0 0.5
vn 0 0 1
vn 0 -1 0
vn 0 1 0
f 5807/16811/2123 5808/16812/2123 5814/16813/2123 5813/16814/2123
f 5808/16815/2124 5809/16816/2124 5815/16817/2124 5814/16818/2124
f 5809/16819/2125 5810/16820/2125 5816/16821/2125 5815/16822/2125
f 5810/16823/2126 5811/16824/2126 5817/16825/2126 5816/16826/2126
f 5811/16827/2127 5812/16828/2127 5818/16829/2127 5817/16830/2127
f 5812/16831/2128 5807/16832/2128 5813/16833/2128 5818/16834/2128
f 5820/16835/2129 5819/16836/2129 5824/16837/2129
f 5821/16838/2129 5820/16839/2129 5824/16840/2129
f 5822/16841/2129 5821/16842/2129 5824/16843/2129
f 5824/16844/2129 5823/16845/2129 5822/16846/2129
f 5830/16847/2130 5825/16848/2130 5826/16849/2130
f 5830/16850/2130 5826/16851/2130 5827/16852/2130
f 5830/16853/2130 5827/16854/2130 5828/16855/2130
f 5828/16856/2130 5829/16857/2130 5830/16858/2130
f 5831/16859/2123 5832/16860/2123 5838/16861/2123 5837/16862/2123
f 5832/16863/2124 5833/16864/2124 5839/16865/2124 5838/16866/2124
f 5833/16867/2125 5834/16868/2125 5840/16869/2125 5839/16870/2125
f 5834/16871/2126 5835/16872/2126 5841/16873/2126 5840/16874/2126
f 5835/16875/2127 5836/16876/2127 5842/16877/2127 5841/16878/2127
f 5836/16879/2128 5831/16880/2128 5837/16881/2128 5842/16882/2128
f 5844/16883/2129 5843/16884/2129 5848/16885/2129
f 5845/16886/2129 5844/16887/2129 5848/16888/2129
f 5846/16889/2129 5845/16890/2129 5848/16891/2129
f 5848/16892/2129 5847/16893/2129 5846/16894/2129
f 5854/16895/2130 5849/16896/2130 5850/16897/2130
f 5854/16898/2130 5850/16899/2130 5851/16900/2130
f 5854/16901/2130 5851/16902/2130 5852/16903/2130
f 5852/16904/2130 5853/16905/2130 5854/16906/2130
f 5855/16907/2123 5856/16908/2123 5862/16909/2123 5861/16910/2123
f 5856/16911/2124 5857/16912/2124 5863/16913/2124 5862/16914/2124
f 5857/16915/2125 5858/16916/2125 5864/16917/2125 5863/16918/2125
f 5858/16919/2126 5859/16920/2126 5865/16921/2126 5864/16922/2126
f 5859/16923/2127 5860/16924/2127 5866/16925/2127 5865/16926/2127
f 5860/16927/2128 5855/16928/2128 5861/16929/2128 5866/16930/2128
f 5868/16931/2129 5867/16932/2129 5872/16933/2129
f 5869/16934/2129 5868/16935/2129 5872/16936/2129
f 5870/16937/2129 5869/16938/2129 5872/16939/2129
f 5872/16940/2129 5871/16941/2129 5870/16942/2129
f 5878/16943/2130 5873/16944/2130 5874/16945/2130
f 5878/16946/2130 5874/16947/2130 5875/16948/2130
f 5878/16949/2130 5875/16950/2130 5876/16951/2130
f 5876/16952/2130 5877/16953/2130 5878/16954/2130
f 5879/16955/2123 5880/16956/2123 5886/16957/2123 5885/16958/2123
f 5880/16959/2124 5881/16960/2124 5887/16961/2124 5886/16962/2124
f 5881/16963/2125 5882/16964/2125 5888/16965/2125 5887/16966/2125
f 5882/16967/2126 5883/16968/2126 5889/16969/2126 5888/16970/2126
f 5883/16971/2127 5884/16972/2127 5890/16973/2127 5889/16974/2127
f 5884/16975/2128 5879/16976/2128 5885/16977/2128 5890/16978/2128
f 5892/16979/2129 5891/16980/2129 5896/16981/2129
f 5893/16982/2129 5892/16983/2129 5896/16984/2129
f 5894/16985/2129 5893/16986/2129 5896/16987/2129
f 5896/16988/2129 5895/16989/2129 5894/16990/2129
f 5902/16991/2130 5897/16992/2130 5898/16993/2130
f 5902/16994/2130 5898/16995/2130 5899/16996/2130
f 5902/16997/2130 5899/16998/2130 5900/16999/2130
f 5900/17000/2130 5901/17001/2130 5902/17002/2130
o body_terminal_box
usemtl intake_pump
v 0.409375 0.596875 0.721875
v 0.409375 0.596875 0.853125
v 0.590625 0.596875 0.853125
v 0.590625 0.596875 0.721875
v 0.4 0.60625 0.7125
v 0.4 0.60625 0.8625
v 0.6 0.60625 0.8625
v 0.6 0.60625 0.7125
v 0.4 0.703125 0.7125
v 0.4 0.703125 0.8625
v 0.6 0.703125 0.8625
v 0.6 0.703125 0.7125
v 0.409375 0.7125 0.721875
v 0.409375 0.7125 0.853125
v 0.590625 0.7125 0.853125
v 0.590625 0.7125 0.721875
v 0.409375 0.596875 0.721875
v 0.409375 0.596875 0.853125
v 0.590625 0.596875 0.853125
v 0.590625 0.596875 0.721875
v 0.409375 0.7125 0.721875
v 0.409375 0.7125 0.853125
v 0.590625 0.7125 0.853125
v 0.590625 0.7125 0.721875
v 0.396875 0.7125 0.709375
v 0.396875 0.7125 0.865625
v 0.603125 0.7125 0.865625
v 0.603125 0.7125 0.709375
v 0.390625 0.71875 0.703125
v 0.390625 0.71875 0.871875
v 0.609375 0.71875 0.871875
v 0.609375 0.71875 0.703125
v 0.390625 0.728125 0.703125
v 0.390625 0.728125 0.871875
v 0.609375 0.728125 0.871875
v 0.609375 0.728125 0.703125
v 0.396875 0.734375 0.709375
v 0.396875 0.734375 0.865625
v 0.603125 0.734375 0.865625
v 0.603125 0.734375 0.709375
v 0.396875 0.7125 0.709375
v 0.396875 0.7125 0.865625
v 0.603125 0.7125 0.865625
v 0.603125 0.7125 0.709375
v 0.396875 0.734375 0.709375
v 0.396875 0.734375 0.865625
v 0.603125 0.734375 0.865625
v 0.603125 0.734375 0.709375
vt 0.692639 0.06739
vt 0.716736 0.06739
vt 0.718457 0.069824
vt 0.690918 0.069824
vt 0.572522 0.06739
vt 0.605798 0.06739
vt 0.60752 0.069824
vt 0.570801 0.069824
vt 0.850525 0.069824
vt 0.826428 0.069824
vt 0.824707 0.06739
vt 0.852246 0.06739
vt 0.645837 0.069824
vt 0.612561 0.069824
vt 0.61084 0.06739
vt 0.647559 0.06739
vt 0.48291 0.485632
vt 0.510449 0.485632
vt 0.510449 0.503418
vt 0.48291 0.503418
vt 0.402832 0.485632
vt 0.439551 0.485632
vt 0.439551 0.503418
vt 0.402832 0.503418
vt 0.541699 0.503418
vt 0.51416 0.503418
vt 0.51416 0.485632
vt 0.541699 0.485632
vt 0.442871 0.485632
vt 0.47959 0.485632
vt 0.47959 0.503418
vt 0.442871 0.503418
vt 0.753418 0.06739
vt 0.780957 0.06739
vt 0.779236 0.069824
vt 0.755139 0.069824
vt 0.687598 0.069824
vt 0.650879 0.069824
vt 0.6526 0.06739
vt 0.685876 0.06739
vt 0.749707 0.069824
vt 0.722168 0.069824
vt 0.723889 0.06739
vt 0.747986 0.06739
vt 0.784668 0.06739
vt 0.821387 0.06739
vt 0.819666 0.069824
vt 0.786389 0.069824
vt 0.489746 0.578613
vt 0.489746 0.554517
vt 0.523022 0.554517
vt 0.523022 0.554517
vt 0.523022 0.578613
vt 0.489746 0.578613
vt 0.526855 0.554517
vt 0.560132 0.554517
vt 0.560132 0.578613
vt 0.560132 0.578613
vt 0.526855 0.578613
vt 0.526855 0.554517
vt 0.52312 0.056483
vt 0.551807 0.056483
vt 0.552954 0.058105
vt 0.521973 0.058105
vt 0.347339 0.032069
vt 0.385205 0.032069
vt 0.386353 0.033691
vt 0.346191 0.033691
vt 0.585986 0.058105
vt 0.5573 0.058105
vt 0.556152 0.056483
vt 0.587134 0.056483
vt 0.478955 0.058105
vt 0.441089 0.058105
vt 0.439941 0.056483
vt 0.480103 0.056483
vt 0.365723 0.056384
vt 0.396704 0.056384
vt 0.396704 0.058105
vt 0.365723 0.058105
vt 0.277832 0.056384
vt 0.317993 0.056384
vt 0.317993 0.058105
vt 0.277832 0.058105
vt 0.430884 0.058105
vt 0.399902 0.058105
vt 0.399902 0.056384
vt 0.430884 0.056384
vt 0.321777 0.056384
vt 0.361938 0.056384
vt 0.361938 0.058105
vt 0.321777 0.058105
vt 0.715332 0.056483
vt 0.746313 0.056483
vt 0.745166 0.058105
vt 0.716479 0.058105
vt 0.950806 0.058105
vt 0.910645 0.058105
vt 0.911792 0.056483
vt 0.949658 0.056483
vt 0.780493 0.058105
vt 0.749512 0.058105
vt 0.750659 0.056483
vt 0.779346 0.056483
vt 0.241699 0.041834
vt 0.28186 0.041834
vt 0.280713 0.043457
vt 0.242847 0.043457
vt 0.049316 0.61084
vt 0.049316 0.582153
vt 0.087183 0.582153
vt 0.087183 0.582153
vt 0.087183 0.61084
vt 0.049316 0.61084
vt 0.090332 0.582153
vt 0.128198 0.582153
vt 0.128198 0.61084
vt 0.128198 0.61084
vt 0.090332 0.61084
vt 0.090332 0.582153
vn -0.707107 -0.707107 0
vn 0 -0.707107 0.707107
vn 0.707107 -0.707107 0
vn 0 -0.707107 -0.707107
vn -1 0 0
vn 0 0 1
vn 1 0 0
vn 0 0 -1
vn -0.707107 0.707107 0
vn 0 0.707107 0.707107
vn 0.707107 0.707107 0
vn 0 0.707107 -0.707107
vn 0 -1 0
vn 0 1 0
f 5903/17003/2131 5904/17004/2131 5908/17005/2131 5907/17006/2131
f 5904/17007/2132 5905/17008/2132 5909/17009/2132 5908/17010/2132
f 5905/17011/2133 5906/17012/2133 5910/17013/2133 5909/17014/2133
f 5906/17015/2134 5903/17016/2134 5907/17017/2134 5910/17018/2134
f 5907/17019/2135 5908/17020/2135 5912/17021/2135 5911/17022/2135
f 5908/17023/2136 5909/17024/2136 5913/17025/2136 5912/17026/2136
f 5909/17027/2137 5910/17028/2137 5914/17029/2137 5913/17030/2137
f 5910/17031/2138 5907/17032/2138 5911/17033/2138 5914/17034/2138
f 5911/17035/2139 5912/17036/2139 5916/17037/2139 5915/17038/2139
f 5912/17039/2140 5913/17040/2140 5917/17041/2140 5916/17042/2140
f 5913/17043/2141 5914/17044/2141 5918/17045/2141 5917/17046/2141
f 5914/17047/2142 5911/17048/2142 5915/17049/2142 5918/17050/2142
f 5920/17051/2143 5919/17052/2143 5922/17053/2143
f 5922/17054/2143 5921/17055/2143 5920/17056/2143
f 5926/17057/2144 5923/17058/2144 5924/17059/2144
f 5924/17060/2144 5925/17061/2144 5926/17062/2144
f 5927/17063/2131 5928/17064/2131 5932/17065/2131 5931/17066/2131
f 5928/17067/2132 5929/17068/2132 5933/17069/2132 5932/17070/2132
f 5929/17071/2133 5930/17072/2133 5934/17073/2133 5933/17074/2133
f 5930/17075/2134 5927/17076/2134 5931/17077/2134 5934/17078/2134
f 5931/17079/2135 5932/17080/2135 5936/17081/2135 5935/17082/2135
f 5932/17083/2136 5933/17084/2136 5937/17085/2136 5936/17086/2136
f 5933/17087/2137 5934/17088/2137 5938/17089/2137 5937/17090/2137
f 5934/17091/2138 5931/17092/2138 5935/17093/2138 5938/17094/2138
f 5935/17095/2139 5936/17096/2139 5940/17097/2139 5939/17098/2139
f 5936/17099/2140 5937/17100/2140 5941/17101/2140 5940/17102/2140
f 5937/17103/2141 5938/17104/2141 5942/17105/2141 5941/17106/2141
f 5938/17107/2142 5935/17108/2142 5939/17109/2142 5942/17110/2142
f 5944/17111/2143 5943/17112/2143 5946/17113/2143
f 5946/17114/2143 5945/17115/2143 5944/17116/2143
f 5950/17117/2144 5947/17118/2144 5948/17119/2144
f 5948/17120/2144 5949/17121/2144 5950/17122/2144
o body_conduit
usemtl intake_pump
v 0.6 0.689808 0.806875
v 0.6 0.65625 0.82625
v 0.6 0.622692 0.806875
v 0.6 0.622692 0.768125
v 0.6 0.65625 0.74875
v 0.6 0.689808 0.768125
v 0.64375 0.689808 0.806875
v 0.64375 0.65625 0.82625
v 0.64375 0.622692 0.806875
v 0.64375 0.622692 0.768125
v 0.64375 0.65625 0.74875
v 0.64375 0.689808 0.768125
v 0.6 0.65625 0.7875
v 0.64375 0.65625 0.7875
v 0.64375 0.681606 0.794294
v 0.64375 0.674812 0.806062
v 0.64375 0.663044 0.812856
v 0.64375 0.649456 0.812856
v 0.64375 0.637688 0.806062
v 0.64375 0.630894 0.794294
v 0.64375 0.630894 0.780706
v 0.64375 0.637688 0.768938
v 0.64375 0.649456 0.762144
v 0.64375 0.663044 0.762144
v 0.64375 0.674812 0.768938
v 0.64375 0.681606 0.780706
v 0.76375 0.681606 0.794294
v 0.76375 0.674812 0.806062
v 0.76375 0.663044 0.812856
v 0.76375 0.649456 0.812856
v 0.76375 0.637688 0.806062
v 0.76375 0.630894 0.794294
v 0.76375 0.630894 0.780706
v 0.76375 0.637688 0.768938
v 0.76375 0.649456 0.762144
v 0.76375 0.663044 0.762144
v 0.76375 0.674812 0.768938
v 0.76375 0.681606 0.780706
v 0.728125 0.689808 0.806875
v 0.728125 0.65625 0.82625
v 0.728125 0.622692 0.806875
v 0.728125 0.622692 0.768125
v 0.728125 0.65625 0.74875
v 0.728125 0.689808 0.768125
v 0.7625 0.689808 0.806875
v 0.7625 0.65625 0.82625
v 0.7625 0.622692 0.806875
v 0.7625 0.622692 0.768125
v 0.7625 0.65625 0.74875
v 0.7625 0.689808 0.768125
v 0.728125 0.65625 0.7875
v 0.7625 0.65625 0.7875
vt 0.549536 0.30978
vt 0.549536 0.316895
vt 0.541504 0.316895
vt 0.541504 0.30978
vt 0.518066 0.316895
vt 0.518066 0.30978
vt 0.526099 0.30978
vt 0.526099 0.316895
vt 0.553223 0.316895
vt 0.553223 0.30978
vt 0.561255 0.30978
vt 0.561255 0.316895
vt 0.506348 0.316895
vt 0.506348 0.30978
vt 0.51438 0.30978
vt 0.51438 0.316895
vt 0.572974 0.30978
vt 0.572974 0.316895
vt 0.564941 0.316895
vt 0.564941 0.30978
vt 0.537817 0.30978
vt 0.537817 0.316895
vt 0.529785 0.316895
vt 0.529785 0.30978
vt 0.271553 0.401554
vt 0.267996 0.407715
vt 0.264438 0.401554
vt 0.267996 0.395393
vt 0.271553 0.401554
vt 0.264438 0.401554
vt 0.260881 0.395393
vt 0.267996 0.395393
vt 0.264438 0.401554
vt 0.257324 0.401554
vt 0.260881 0.395393
vt 0.264438 0.401554
vt 0.260881 0.407715
vt 0.257324 0.401554
vt 0.264438 0.401554
vt 0.267996 0.407715
vt 0.260881 0.407715
vt 0.264438 0.401554
vt 0.282017 0.401554
vt 0.285574 0.395393
vt 0.289131 0.401554
vt 0.282017 0.401554
vt 0.289131 0.401554
vt 0.285574 0.407715
vt 0.282017 0.401554
vt 0.285574 0.407715
vt 0.278459 0.407715
vt 0.282017 0.401554
vt 0.278459 0.407715
vt 0.274902 0.401554
vt 0.282017 0.401554
vt 0.274902 0.401554
vt 0.278459 0.395393
vt 0.282017 0.401554
vt 0.278459 0.395393
vt 0.285574 0.395393
vt 0.395566 0.06733
vt 0.395566 0.069824
vt 0.373535 0.069824
vt 0.373535 0.06733
vt 0.294004 0.06733
vt 0.294004 0.069824
vt 0.271973 0.069824
vt 0.271973 0.06733
vt 0.297363 0.069824
vt 0.297363 0.06733
vt 0.319395 0.06733
vt 0.319395 0.069824
vt 0.398926 0.069824
vt 0.398926 0.06733
vt 0.420957 0.06733
vt 0.420957 0.069824
vt 0.424316 0.069824
vt 0.424316 0.06733
vt 0.446348 0.06733
vt 0.446348 0.069824
vt 0.221191 0.069824
vt 0.221191 0.06733
vt 0.243223 0.06733
vt 0.243223 0.069824
vt 0.475098 0.069824
vt 0.475098 0.06733
vt 0.497129 0.06733
vt 0.497129 0.069824
vt 0.246582 0.069824
vt 0.246582 0.06733
vt 0.268613 0.06733
vt 0.268613 0.069824
vt 0.344785 0.06733
vt 0.344785 0.069824
vt 0.322754 0.069824
vt 0.322754 0.06733
vt 0.217832 0.06733
vt 0.217832 0.069824
vt 0.195801 0.069824
vt 0.195801 0.06733
vt 0.471738 0.06733
vt 0.471738 0.069824
vt 0.449707 0.069824
vt 0.449707 0.06733
vt 0.370176 0.06733
vt 0.370176 0.069824
vt 0.348145 0.069824
vt 0.348145 0.06733
vt 0.786621 0.289099
vt 0.793735 0.289099
vt 0.793735 0.29541
vt 0.786621 0.29541
vt 0.804478 0.29541
vt 0.797363 0.29541
vt 0.797363 0.289099
vt 0.804478 0.289099
vt 0.836704 0.29541
vt 0.82959 0.29541
vt 0.82959 0.289099
vt 0.836704 0.289099
vt 0.81522 0.29541
vt 0.808105 0.29541
vt 0.808105 0.289099
vt 0.81522 0.289099
vt 0.840332 0.289099
vt 0.847446 0.289099
vt 0.847446 0.29541
vt 0.840332 0.29541
vt 0.818848 0.289099
vt 0.825962 0.289099
vt 0.825962 0.29541
vt 0.818848 0.29541
vt 0.306709 0.401554
vt 0.303152 0.407715
vt 0.299595 0.401554
vt 0.303152 0.395393
vt 0.306709 0.401554
vt 0.299595 0.401554
vt 0.296038 0.395393
vt 0.303152 0.395393
vt 0.299595 0.401554
vt 0.29248 0.401554
vt 0.296038 0.395393
vt 0.299595 0.401554
vt 0.296038 0.407715
vt 0.29248 0.401554
vt 0.299595 0.401554
vt 0.303152 0.407715
vt 0.296038 0.407715
vt 0.299595 0.401554
vt 0.317173 0.401554
vt 0.32073 0.395393
vt 0.324287 0.401554
vt 0.317173 0.401554
vt 0.324287 0.401554
vt 0.32073 0.407715
vt 0.317173 0.401554
vt 0.32073 0.407715
vt 0.313616 0.407715
vt 0.317173 0.401554
vt 0.313616 0.407715
vt 0.310059 0.401554
vt 0.317173 0.401554
vt 0.310059 0.401554
vt 0.313616 0.395393
vt 0.317173 0.401554
vt 0.313616 0.395393
vt 0.32073 0.395393
vn 0 0.5 0.866025
vn 0 -0.5 0.866025
vn 0 -1 0
vn 0 -0.5 -0.866025
vn 0 0.5 -0.866025
vn 0 1 0
vn -1 0 0
vn 1 0 0
vn 0 0.965926 0.258819
vn 0 0.707107 0.707107
vn 0 0.258819 0.965926
vn 0 -0.258819 0.965926
vn 0 -0.707107 0.707107
vn 0 -0.965926 0.258819
vn 0 -0.965926 -0.258819
vn 0 -0.707107 -0.707107
vn 0 -0.258819 -0.965926
vn 0 0.258819 -0.965926
vn 0 0.707107 -0.707107
vn 0 0.965926 -0.258819
f 5951/17123/2145 5952/17124/2145 5958/17125/2145 5957/17126/2145
f 5952/17127/2146 5953/17128/2146 5959/17129/2146 5958/17130/2146
f 5953/17131/2147 5954/17132/2147 5960/17133/2147 5959/17134/2147
f 5954/17135/2148 5955/17136/2148 5961/17137/2148 5960/17138/2148
f 5955/17139/2149 5956/17140/2149 5962/17141/2149 5961/17142/2149
f 5956/17143/2150 5951/17144/2150 5957/17145/2150 5962/17146/2150
f 5952/17147/2151 5951/17148/2151 5963/17149/2151
f 5953/17150/2151 5952/17151/2151 5963/17152/2151
f 5954/17153/2151 5953/17154/2151 5963/17155/2151
f 5955/17156/2151 5954/17157/2151 5963/17158/2151
f 5956/17159/2151 5955/17160/2151 5963/17161/2151
f 5951/17162/2151 5956/17163/2151 5963/17164/2151
f 5964/17165/2152 5957/17166/2152 5958/17167/2152
f 5964/17168/2152 5958/17169/2152 5959/17170/2152
f 5964/17171/2152 5959/17172/2152 5960/17173/2152
f 5964/17174/2152 5960/17175/2152 5961/17176/2152
f 5964/17177/2152 5961/17178/2152 5962/17179/2152
f 5964/17180/2152 5962/17181/2152 5957/17182/2152
f 5965/17183/2153 5966/17184/2154 5978/17185/2154 5977/17186/2153
f 5966/17187/2154 5967/17188/2155 5979/17189/2155 5978/17190/2154
f 5967/17191/2155 5968/17192/2156 5980/17193/2156 5979/17194/2155
f 5968/17195/2156 5969/17196/2157 5981/17197/2157 5980/17198/2156
f 5969/17199/2157 5970/17200/2158 5982/17201/2158 5981/17202/2157
f 5970/17203/2158 5971/17204/2159 5983/17205/2159 5982/17206/2158
f 5971/17207/2159 5972/17208/2160 5984/17209/2160 5983/17210/2159
f 5972/17211/2160 5973/17212/2161 5985/17213/2161 5984/17214/2160
f 5973/17215/2161 5974/17216/2162 5986/17217/2162 5985/17218/2161
f 5974/17219/2162 5975/17220/2163 5987/17221/2163 5986/17222/2162
f 5975/17223/2163 5976/17224/2164 5988/17225/2164 5987/17226/2163
f 5976/17227/2164 5965/17228/2153 5977/17229/2153 5988/17230/2164
f 5989/17231/2145 5990/17232/2145 5996/17233/2145 5995/17234/2145
f 5990/17235/2146 5991/17236/2146 5997/17237/2146 5996/17238/2146
f 5991/17239/2147 5992/17240/2147 5998/17241/2147 5997/17242/2147
f 5992/17243/2148 5993/17244/2148 5999/17245/2148 5998/17246/2148
f 5993/17247/2149 5994/17248/2149 6000/17249/2149 5999/17250/2149
f 5994/17251/2150 5989/17252/2150 5995/17253/2150 6000/17254/2150
f 5990/17255/2151 5989/17256/2151 6001/17257/2151
f 5991/17258/2151 5990/17259/2151 6001/17260/2151
f 5992/17261/2151 5991/17262/2151 6001/17263/2151
f 5993/17264/2151 5992/17265/2151 6001/17266/2151
f 5994/17267/2151 5993/17268/2151 6001/17269/2151
f 5989/17270/2151 5994/17271/2151 6001/17272/2151
f 6002/17273/2152 5995/17274/2152 5996/17275/2152
f 6002/17276/2152 5996/17277/2152 5997/17278/2152
f 6002/17279/2152 5997/17280/2152 5998/17281/2152
f 6002/17282/2152 5998/17283/2152 5999/17284/2152
f 6002/17285/2152 5999/17286/2152 6000/17287/2152
f 6002/17288/2152 6000/17289/2152 5995/17290/2152
o body_starter_box
usemtl intake_pump
v 0.7625 0.09875 0.29875
v 0.7625 0.09875 0.92625
v 0.7625 0.71375 0.92625
v 0.7625 0.71375 0.29875
v 0.77375 0.0875 0.2875
v 0.77375 0.0875 0.9375
v 0.77375 0.725 0.9375
v 0.77375 0.725 0.2875
v 0.91375 0.0875 0.2875
v 0.91375 0.0875 0.9375
v 0.91375 0.725 0.9375
v 0.91375 0.725 0.2875
v 0.925 0.09875 0.29875
v 0.925 0.09875 0.92625
v 0.925 0.71375 0.92625
v 0.925 0.71375 0.29875
v 0.7625 0.09875 0.29875
v 0.7625 0.09875 0.92625
v 0.7625 0.71375 0.92625
v 0.7625 0.71375 0.29875
v 0.925 0.09875 0.29875
v 0.925 0.09875 0.92625
v 0.925 0.71375 0.92625
v 0.925 0.71375 0.29875
v 0.75625 0.725 0.28125
v 0.75625 0.725 0.94375
v 0.93125 0.725 0.94375
v 0.93125 0.725 0.28125
v 0.75 0.73125 0.275
v 0.75 0.73125 0.95
v 0.9375 0.73125 0.95
v 0.9375 0.73125 0.275
v 0.75 0.746875 0.275
v 0.75 0.746875 0.95
v 0.9375 0.746875 0.95
v 0.9375 0.746875 0.275
v 0.75625 0.753125 0.28125
v 0.75625 0.753125 0.94375
v 0.93125 0.753125 0.94375
v 0.93125 0.753125 0.28125
v 0.75625 0.725 0.28125
v 0.75625 0.725 0.94375
v 0.93125 0.725 0.94375
v 0.93125 0.725 0.28125
v 0.75625 0.753125 0.28125
v 0.75625 0.753125 0.94375
v 0.93125 0.753125 0.94375
v 0.93125 0.753125 0.28125
vt 0.720215 0.103036
vt 0.839551 0.103036
vt 0.837485 0.105957
vt 0.72228 0.105957
vt 0.119482 0.099121
vt 0.002441 0.099121
vt 0.004507 0.0962
vt 0.117417 0.0962
vt 0.962598 0.105957
vt 0.843262 0.105957
vt 0.845327 0.103036
vt 0.960532 0.103036
vt 0.122559 0.0962
vt 0.2396 0.0962
vt 0.237534 0.099121
vt 0.124624 0.099121
vt 0.495605 0.585137
vt 0.614941 0.585137
vt 0.614941 0.61084
vt 0.495605 0.61084
vt 0.741699 0.585137
vt 0.85874 0.585137
vt 0.85874 0.61084
vt 0.741699 0.61084
vt 0.737988 0.61084
vt 0.618652 0.61084
vt 0.618652 0.585137
vt 0.737988 0.585137
vt 0.978857 0.61084
vt 0.861816 0.61084
vt 0.861816 0.585137
vt 0.978857 0.585137
vt 0.244741 0.0962
vt 0.359946 0.0962
vt 0.362012 0.099121
vt 0.242676 0.099121
vt 0.490835 0.0962
vt 0.603745 0.0962
vt 0.605811 0.099121
vt 0.48877 0.099121
vt 0.482993 0.099121
vt 0.367788 0.099121
vt 0.365723 0.0962
vt 0.485059 0.0962
vt 0.715073 0.105957
vt 0.602163 0.105957
vt 0.600098 0.103036
vt 0.717139 0.103036
vt 0.258301 0.997559
vt 0.258301 0.884648
vt 0.373506 0.884648
vt 0.373506 0.884648
vt 0.373506 0.997559
vt 0.258301 0.997559
vt 0.49167 0.997559
vt 0.376465 0.997559
vt 0.376465 0.884648
vt 0.376465 0.884648
vt 0.49167 0.884648
vt 0.49167 0.997559
vt 0.784839 0.056483
vt 0.90647 0.056483
vt 0.907617 0.058105
vt 0.783691 0.058105
vt 0.485034 0.056483
vt 0.517163 0.056483
vt 0.518311 0.058105
vt 0.483887 0.058105
vt 0.307837 0.053223
vt 0.186206 0.053223
vt 0.185059 0.0516
vt 0.308984 0.0516
vt 0.829663 0.043457
vt 0.797534 0.043457
vt 0.796387 0.041834
vt 0.830811 0.041834
vt 0.002441 0.078674
vt 0.126367 0.078674
vt 0.126367 0.081543
vt 0.002441 0.081543
vt 0.256348 0.078674
vt 0.290771 0.078674
vt 0.290771 0.081543
vt 0.256348 0.081543
vt 0.25332 0.081543
vt 0.129395 0.081543
vt 0.129395 0.078674
vt 0.25332 0.078674
vt 0.294434 0.078674
vt 0.328857 0.078674
vt 0.328857 0.081543
vt 0.294434 0.081543
vt 0.312012 0.0516
vt 0.435937 0.0516
vt 0.43479 0.053223
vt 0.313159 0.053223
vt 0.989014 0.058105
vt 0.95459 0.058105
vt 0.955737 0.056483
vt 0.987866 0.056483
vt 0.644922 0.038574
vt 0.520996 0.038574
vt 0.522144 0.036951
vt 0.643774 0.036951
vt 0.758301 0.041834
vt 0.792725 0.041834
vt 0.791577 0.043457
vt 0.759448 0.043457
vt 0.319385 0.648926
vt 0.197754 0.648926
vt 0.197754 0.616797
vt 0.197754 0.616797
vt 0.319385 0.616797
vt 0.319385 0.648926
vt 0.322754 0.648926
vt 0.322754 0.616797
vt 0.444385 0.616797
vt 0.444385 0.616797
vt 0.444385 0.648926
vt 0.322754 0.648926
vn -0.707107 -0.707107 0
vn -0.707107 0 0.707107
vn -0.707107 0.707107 0
vn -0.707107 0 -0.707107
vn 0 -1 0
vn 0 0 1
vn 0 1 0
vn 0 0 -1
vn 0.707107 -0.707107 0
vn 0.707107 0 0.707107
vn 0.707107 0.707107 0
vn 0.707107 0 -0.707107
vn -1 0 0
vn 1 0 0
vn 0 -0.707107 0.707107
vn 0 -0.707107 -0.707107
vn 0 0.707107 0.707107
vn 0 0.707107 -0.707107
f 6007/17291/2165 6008/17292/2165 6004/17293/2165 6003/17294/2165
f 6008/17295/2166 6009/17296/2166 6005/17297/2166 6004/17298/2166
f 6009/17299/2167 6010/17300/2167 6006/17301/2167 6005/17302/2167
f 6010/17303/2168 6007/17304/2168 6003/17305/2168 6006/17306/2168
f 6011/17307/2169 6012/17308/2169 6008/17309/2169 6007/17310/2169
f 6012/17311/2170 6013/17312/2170 6009/17313/2170 6008/17314/2170
f 6013/17315/2171 6014/17316/2171 6010/17317/2171 6009/17318/2171
f 6014/17319/2172 6011/17320/2172 6007/17321/2172 6010/17322/2172
f 6015/17323/2173 6016/17324/2173 6012/17325/2173 6011/17326/2173
f 6016/17327/2174 6017/17328/2174 6013/17329/2174 6012/17330/2174
f 6017/17331/2175 6018/17332/2175 6014/17333/2175 6013/17334/2175
f 6018/17335/2176 6015/17336/2176 6011/17337/2176 6014/17338/2176
f 6022/17339/2177 6019/17340/2177 6020/17341/2177
f 6020/17342/2177 6021/17343/2177 6022/17344/2177
f 6024/17345/2178 6023/17346/2178 6026/17347/2178
f 6026/17348/2178 6025/17349/2178 6024/17350/2178
f 6027/17351/2165 6028/17352/2165 6032/17353/2165 6031/17354/2165
f 6028/17355/2179 6029/17356/2179 6033/17357/2179 6032/17358/2179
f 6029/17359/2173 6030/17360/2173 6034/17361/2173 6033/17362/2173
f 6030/17363/2180 6027/17364/2180 6031/17365/2180 6034/17366/2180
f 6031/17367/2177 6032/17368/2177 6036/17369/2177 6035/17370/2177
f 6032/17371/2170 6033/17372/2170 6037/17373/2170 6036/17374/2170
f 6033/17375/2178 6034/17376/2178 6038/17377/2178 6037/17378/2178
f 6034/17379/2172 6031/17380/2172 6035/17381/2172 6038/17382/2172
f 6035/17383/2167 6036/17384/2167 6040/17385/2167 6039/17386/2167
f 6036/17387/2181 6037/17388/2181 6041/17389/2181 6040/17390/2181
f 6037/17391/2175 6038/17392/2175 6042/17393/2175 6041/17394/2175
f 6038/17395/2182 6035/17396/2182 6039/17397/2182 6042/17398/2182
f 6044/17399/2169 6043/17400/2169 6046/17401/2169
f 6046/17402/2169 6045/17403/2169 6044/17404/2169
f 6050/17405/2171 6047/17406/2171 6048/17407/2171
f 6048/17408/2171 6049/17409/2171 6050/17410/2171
o body_pport_plate
usemtl intake_pump
v 0.92375 0.32 0.68
v 0.92375 0.32 0.32
v 0.92375 0.68 0.32
v 0.92375 0.68 0.68
v 0.93125 0.3125 0.6875
v 0.93125 0.3125 0.3125
v 0.93125 0.6875 0.3125
v 0.93125 0.6875 0.6875
v 0.9925 0.3125 0.6875
v 0.9925 0.3125 0.3125
v 0.9925 0.6875 0.3125
v 0.9925 0.6875 0.6875
v 1 0.32 0.68
v 1 0.32 0.32
v 1 0.68 0.32
v 1 0.68 0.68
v 0.92375 0.474732 0.372967
v 0.92375 0.428041 0.392306
v 0.92375 0.392306 0.428041
v 0.92375 0.372967 0.474732
v 0.92375 0.372967 0.525268
v 0.92375 0.392306 0.571959
v 0.92375 0.428041 0.607694
v 0.92375 0.474732 0.627033
v 0.92375 0.525268 0.627033
v 0.92375 0.571959 0.607694
v 0.92375 0.607694 0.571959
v 0.92375 0.627033 0.525268
v 0.92375 0.627033 0.474732
v 0.92375 0.607694 0.428041
v 0.92375 0.571959 0.392306
v 0.92375 0.525268 0.372967
v 0.93125 0.476223 0.380467
v 0.93125 0.43229 0.398665
v 0.93125 0.398665 0.43229
v 0.93125 0.380467 0.476223
v 0.93125 0.380467 0.523777
v 0.93125 0.398665 0.56771
v 0.93125 0.43229 0.601335
v 0.93125 0.476223 0.619533
v 0.93125 0.523777 0.619533
v 0.93125 0.56771 0.601335
v 0.93125 0.601335 0.56771
v 0.93125 0.619533 0.523777
v 0.93125 0.619533 0.476223
v 0.93125 0.601335 0.43229
v 0.93125 0.56771 0.398665
v 0.93125 0.523777 0.380467
v 0.9925 0.476223 0.380467
v 0.9925 0.43229 0.398665
v 0.9925 0.398665 0.43229
v 0.9925 0.380467 0.476223
v 0.9925 0.380467 0.523777
v 0.9925 0.398665 0.56771
v 0.9925 0.43229 0.601335
v 0.9925 0.476223 0.619533
v 0.9925 0.523777 0.619533
v 0.9925 0.56771 0.601335
v 0.9925 0.601335 0.56771
v 0.9925 0.619533 0.523777
v 0.9925 0.619533 0.476223
v 0.9925 0.601335 0.43229
v 0.9925 0.56771 0.398665
v 0.9925 0.523777 0.380467
v 1 0.474732 0.372967
v 1 0.428041 0.392306
v 1 0.392306 0.428041
v 1 0.372967 0.474732
v 1 0.372967 0.525268
v 1 0.392306 0.571959
v 1 0.428041 0.607694
v 1 0.474732 0.627033
v 1 0.525268 0.627033
v 1 0.571959 0.607694
v 1 0.607694 0.571959
v 1 0.627033 0.525268
v 1 0.627033 0.474732
v 1 0.607694 0.428041
v 1 0.571959 0.392306
v 1 0.525268 0.372967
v 0.92375 0.32 0.68
v 0.92375 0.32 0.32
v 0.92375 0.68 0.32
v 0.92375 0.68 0.68
v 0.92375 0.474732 0.372967
v 0.92375 0.428041 0.392306
v 0.92375 0.392306 0.428041
v 0.92375 0.372967 0.474732
v 0.92375 0.372967 0.525268
v 0.92375 0.392306 0.571959
v 0.92375 0.428041 0.607694
v 0.92375 0.474732 0.627033
v 0.92375 0.525268 0.627033
v 0.92375 0.571959 0.607694
v 0.92375 0.607694 0.571959
v 0.92375 0.627033 0.525268
v 0.92375 0.627033 0.474732
v 0.92375 0.607694 0.428041
v 0.92375 0.571959 0.392306
v 0.92375 0.525268 0.372967
v 1 0.32 0.68
v 1 0.32 0.32
v 1 0.68 0.32
v 1 0.68 0.68
v 1 0.474732 0.372967
v 1 0.428041 0.392306
v 1 0.392306 0.428041
v 1 0.372967 0.474732
v 1 0.372967 0.525268
v 1 0.392306 0.571959
v 1 0.428041 0.607694
v 1 0.474732 0.627033
v 1 0.525268 0.627033
v 1 0.571959 0.607694
v 1 0.607694 0.571959
v 1 0.627033 0.525268
v 1 0.627033 0.474732
v 1 0.607694 0.428041
v 1 0.571959 0.392306
v 1 0.525268 0.372967
vt 0.651943 0.063965
vt 0.58585 0.063965
vt 0.584473 0.062018
vt 0.65332 0.062018
vt 0.724209 0.063965
vt 0.658115 0.063965
vt 0.656738 0.062018
vt 0.725586 0.062018
vt 0.730381 0.062018
vt 0.796475 0.062018
vt 0.797852 0.063965
vt 0.729004 0.063965
vt 0.802646 0.062018
vt 0.86874 0.062018
vt 0.870117 0.063965
vt 0.80127 0.063965
vt 0.853516 0.407715
vt 0.784668 0.407715
vt 0.784668 0.39647
vt 0.853516 0.39647
vt 0.856934 0.39647
vt 0.925781 0.39647
vt 0.925781 0.407715
vt 0.856934 0.407715
vt 0.002441 0.379868
vt 0.071289 0.379868
vt 0.071289 0.391113
vt 0.002441 0.391113
vt 0.143555 0.391113
vt 0.074707 0.391113
vt 0.074707 0.379868
vt 0.143555 0.379868
vt 0.338867 0.063965
vt 0.27002 0.063965
vt 0.271396 0.062018
vt 0.33749 0.062018
vt 0.342285 0.062018
vt 0.411133 0.062018
vt 0.409756 0.063965
vt 0.343662 0.063965
vt 0.414551 0.062018
vt 0.483398 0.062018
vt 0.482021 0.063965
vt 0.415928 0.063965
vt 0.555664 0.063965
vt 0.486816 0.063965
vt 0.488193 0.062018
vt 0.554287 0.062018
vt 0.047135 0.279413
vt 0.05514 0.284103
vt 0.05392 0.285645
vt 0.046387 0.281232
vt 0.105957 0.293978
vt 0.113533 0.288622
vt 0.114433 0.29037
vt 0.107305 0.29541
vt 0.706543 0.167642
vt 0.715447 0.165034
vt 0.715732 0.16698
vt 0.707353 0.169434
vt 0.873535 0.062018
vt 0.882813 0.062018
vt 0.88254 0.063965
vt 0.873809 0.063965
vt 0.770304 0.165034
vt 0.779208 0.167642
vt 0.778398 0.169434
vt 0.77002 0.16698
vt 0.024826 0.288622
vt 0.032402 0.293978
vt 0.031054 0.29541
vt 0.023926 0.29037
vt 0.090297 0.280955
vt 0.082291 0.285645
vt 0.081543 0.283826
vt 0.089076 0.279413
vt 0.56836 0.063965
vt 0.559082 0.063965
vt 0.559356 0.062018
vt 0.568086 0.062018
vt 0.112986 0.285645
vt 0.10498 0.280955
vt 0.106201 0.279413
vt 0.113734 0.283826
vt 0.090996 0.290053
vt 0.08342 0.29541
vt 0.08252 0.293662
vt 0.089648 0.288622
vt 0.703036 0.166826
vt 0.694132 0.169434
vt 0.693848 0.167488
vt 0.702226 0.165034
vt 0.908204 0.063965
vt 0.898926 0.063965
vt 0.8992 0.062018
vt 0.90793 0.062018
vt 0.753533 0.169434
vt 0.744629 0.166826
vt 0.745439 0.165034
vt 0.753818 0.167488
vt 0.04322 0.29541
vt 0.035645 0.290053
vt 0.036992 0.288622
vt 0.044121 0.293662
vt 0.058105 0.284103
vt 0.066111 0.279413
vt 0.066859 0.281232
vt 0.059326 0.285645
vt 0.571777 0.062018
vt 0.581056 0.062018
vt 0.580782 0.063965
vt 0.572051 0.063965
vt 0.028335 0.342344
vt 0.028335 0.351074
vt 0.01709 0.351074
vt 0.01709 0.342344
vt 0.98439 0.355039
vt 0.98439 0.36377
vt 0.973145 0.36377
vt 0.973145 0.355039
vt 0.808608 0.355039
vt 0.808608 0.36377
vt 0.797363 0.36377
vt 0.797363 0.355039
vt 0.823257 0.355039
vt 0.823257 0.36377
vt 0.812012 0.36377
vt 0.812012 0.355039
vt 0.969741 0.355039
vt 0.969741 0.36377
vt 0.958496 0.36377
vt 0.958496 0.355039
vt 0.867202 0.355039
vt 0.867202 0.36377
vt 0.855957 0.36377
vt 0.855957 0.355039
vt 0.013687 0.342344
vt 0.013687 0.351074
vt 0.002441 0.351074
vt 0.002441 0.342344
vt 0.837905 0.355039
vt 0.837905 0.36377
vt 0.82666 0.36377
vt 0.82666 0.355039
vt 0.031738 0.351074
vt 0.031738 0.342344
vt 0.042983 0.342344
vt 0.042983 0.351074
vt 0.870605 0.36377
vt 0.870605 0.355039
vt 0.881851 0.355039
vt 0.881851 0.36377
vt 0.943848 0.36377
vt 0.943848 0.355039
vt 0.955093 0.355039
vt 0.955093 0.36377
vt 0.885254 0.36377
vt 0.885254 0.355039
vt 0.896499 0.355039
vt 0.896499 0.36377
vt 0.899902 0.36377
vt 0.899902 0.355039
vt 0.911147 0.355039
vt 0.911147 0.36377
vt 0.914551 0.36377
vt 0.914551 0.355039
vt 0.925796 0.355039
vt 0.925796 0.36377
vt 0.929199 0.36377
vt 0.929199 0.355039
vt 0.940444 0.355039
vt 0.940444 0.36377
vt 0.841309 0.36377
vt 0.841309 0.355039
vt 0.852554 0.355039
vt 0.852554 0.36377
vt 0.125453 0.281232
vt 0.11792 0.285645
vt 0.116699 0.284103
vt 0.124705 0.279413
vt 0.095586 0.288622
vt 0.102715 0.293662
vt 0.101814 0.29541
vt 0.094238 0.290053
vt 0.720048 0.165034
vt 0.728427 0.167488
vt 0.728142 0.169434
vt 0.719238 0.166826
vt 0.886504 0.062018
vt 0.895235 0.062018
vt 0.895509 0.063965
vt 0.88623 0.063965
vt 0.782715 0.167488
vt 0.791093 0.165034
vt 0.791904 0.166826
vt 0.782999 0.169434
vt 0.047363 0.293662
vt 0.054492 0.288622
vt 0.05584 0.290053
vt 0.048264 0.29541
vt 0.129639 0.279413
vt 0.137172 0.283826
vt 0.136424 0.285645
vt 0.128418 0.280955
vt 0.244903 0.062018
vt 0.253633 0.062018
vt 0.253907 0.063965
vt 0.244629 0.063965
vt 0.069824 0.283826
vt 0.077357 0.279413
vt 0.078578 0.280955
vt 0.070572 0.285645
vt 0.077929 0.29541
vt 0.070801 0.29037
vt 0.071701 0.288622
vt 0.079277 0.293978
vt 0.765703 0.169434
vt 0.757324 0.16698
vt 0.757609 0.165034
vt 0.766513 0.167642
vt 0.920625 0.063965
vt 0.911895 0.063965
vt 0.911621 0.062018
vt 0.920899 0.062018
vt 0.741122 0.16698
vt 0.732744 0.169434
vt 0.731934 0.167642
vt 0.740838 0.165034
vt 0.067558 0.29037
vt 0.06043 0.29541
vt 0.059082 0.293978
vt 0.066658 0.288622
vt 0.100795 0.285645
vt 0.093262 0.281232
vt 0.09401 0.279413
vt 0.102015 0.284103
vt 0.266329 0.063965
vt 0.257598 0.063965
vt 0.257324 0.062018
vt 0.266602 0.062018
vt 0.859466 0.823371
vt 0.855916 0.831943
vt 0.846191 0.803535
vt 0.866027 0.81681
vt 0.859466 0.823371
vt 0.846191 0.803535
vt 0.874599 0.81326
vt 0.866027 0.81681
vt 0.846191 0.803535
vt 0.874599 0.81326
vt 0.846191 0.803535
vt 0.912285 0.803535
vt 0.883877 0.81326
vt 0.874599 0.81326
vt 0.912285 0.803535
vt 0.892449 0.81681
vt 0.883877 0.81326
vt 0.912285 0.803535
vt 0.89901 0.823371
vt 0.892449 0.81681
vt 0.912285 0.803535
vt 0.902561 0.831943
vt 0.89901 0.823371
vt 0.912285 0.803535
vt 0.902561 0.831943
vt 0.912285 0.803535
vt 0.912285 0.869629
vt 0.902561 0.841221
vt 0.902561 0.831943
vt 0.912285 0.869629
vt 0.89901 0.849793
vt 0.902561 0.841221
vt 0.912285 0.869629
vt 0.892449 0.856354
vt 0.89901 0.849793
vt 0.912285 0.869629
vt 0.883877 0.859905
vt 0.892449 0.856354
vt 0.912285 0.869629
vt 0.874599 0.859905
vt 0.883877 0.859905
vt 0.912285 0.869629
vt 0.846191 0.803535
vt 0.855916 0.831943
vt 0.855916 0.841221
vt 0.846191 0.869629
vt 0.846191 0.803535
vt 0.855916 0.841221
vt 0.846191 0.869629
vt 0.855916 0.841221
vt 0.859466 0.849793
vt 0.846191 0.869629
vt 0.859466 0.849793
vt 0.866027 0.856354
vt 0.846191 0.869629
vt 0.866027 0.856354
vt 0.874599 0.859905
vt 0.912285 0.869629
vt 0.846191 0.869629
vt 0.874599 0.859905
vt 0.915527 0.869629
vt 0.925252 0.841221
vt 0.928802 0.849793
vt 0.915527 0.869629
vt 0.928802 0.849793
vt 0.935363 0.856354
vt 0.915527 0.869629
vt 0.935363 0.856354
vt 0.943935 0.859905
vt 0.981621 0.869629
vt 0.915527 0.869629
vt 0.943935 0.859905
vt 0.981621 0.869629
vt 0.943935 0.859905
vt 0.953213 0.859905
vt 0.981621 0.869629
vt 0.953213 0.859905
vt 0.961785 0.856354
vt 0.981621 0.869629
vt 0.961785 0.856354
vt 0.968346 0.849793
vt 0.981621 0.869629
vt 0.968346 0.849793
vt 0.971897 0.841221
vt 0.981621 0.803535
vt 0.981621 0.869629
vt 0.971897 0.841221
vt 0.981621 0.803535
vt 0.971897 0.841221
vt 0.971897 0.831943
vt 0.981621 0.803535
vt 0.971897 0.831943
vt 0.968346 0.823371
vt 0.981621 0.803535
vt 0.968346 0.823371
vt 0.961785 0.81681
vt 0.981621 0.803535
vt 0.961785 0.81681
vt 0.953213 0.81326
vt 0.981621 0.803535
vt 0.953213 0.81326
vt 0.943935 0.81326
vt 0.925252 0.831943
vt 0.925252 0.841221
vt 0.915527 0.869629
vt 0.925252 0.831943
vt 0.915527 0.869629
vt 0.915527 0.803535
vt 0.928802 0.823371
vt 0.925252 0.831943
vt 0.915527 0.803535
vt 0.935363 0.81681
vt 0.928802 0.823371
vt 0.915527 0.803535
vt 0.943935 0.81326
vt 0.935363 0.81681
vt 0.915527 0.803535
vt 0.943935 0.81326
vt 0.915527 0.803535
vt 0.981621 0.803535
vn -0.707107 -0.707107 0
vn -0.707107 0 -0.707107
vn -0.707107 0.707107 0
vn -0.707107 0 0.707107
vn 0 -1 0
vn 0 0 -1
vn 0 1 0
vn 0 0 1
vn 0.707107 -0.707107 0
vn 0.707107 0 -0.707107
vn 0.707107 0.707107 0
vn 0.707107 0 0.707107
vn -0.713933 0.136605 0.68676
vn -0.713933 0.389018 0.582207
vn -0.713933 0.582207 0.389018
vn -0.713933 0.68676 0.136605
vn -0.713933 0.68676 -0.136605
vn -0.713933 0.582207 -0.389018
vn -0.713933 0.389018 -0.582207
vn -0.713933 0.136605 -0.68676
vn -0.713933 -0.136605 -0.68676
vn -0.713933 -0.389018 -0.582207
vn -0.713933 -0.582207 -0.389018
vn -0.713933 -0.68676 -0.136605
vn -0.713933 -0.68676 0.136605
vn -0.713933 -0.582207 0.389018
vn -0.713933 -0.389018 0.582207
vn -0.713933 -0.136605 0.68676
vn 0 0.19509 0.980785
vn 0 0.55557 0.83147
vn 0 0.83147 0.55557
vn 0 0.980785 0.19509
vn 0 0.980785 -0.19509
vn 0 0.83147 -0.55557
vn 0 0.55557 -0.83147
vn 0 0.19509 -0.980785
vn 0 -0.19509 -0.980785
vn 0 -0.55557 -0.83147
vn 0 -0.83147 -0.55557
vn 0 -0.980785 -0.19509
vn 0 -0.980785 0.19509
vn 0 -0.83147 0.55557
vn 0 -0.55557 0.83147
vn 0 -0.19509 0.980785
vn 0.713933 0.136605 0.68676
vn 0.713933 0.389018 0.582207
vn 0.713933 0.582207 0.389018
vn 0.713933 0.68676 0.136605
vn 0.713933 0.68676 -0.136605
vn 0.713933 0.582207 -0.389018
vn 0.713933 0.389018 -0.582207
vn 0.713933 0.136605 -0.68676
vn 0.713933 -0.136605 -0.68676
vn 0.713933 -0.389018 -0.582207
vn 0.713933 -0.582207 -0.389018
vn 0.713933 -0.68676 -0.136605
vn 0.713933 -0.68676 0.136605
vn 0.713933 -0.582207 0.389018
vn 0.713933 -0.389018 0.582207
vn 0.713933 -0.136605 0.68676
vn -1 0 0
vn 1 0 0
f 6051/17411/2183 6052/17412/2183 6056/17413/2183 6055/17414/2183
f 6052/17415/2184 6053/17416/2184 6057/17417/2184 6056/17418/2184
f 6053/17419/2185 6054/17420/2185 6058/17421/2185 6057/17422/2185
f 6054/17423/2186 6051/17424/2186 6055/17425/2186 6058/17426/2186
f 6055/17427/2187 6056/17428/2187 6060/17429/2187 6059/17430/2187
f 6056/17431/2188 6057/17432/2188 6061/17433/2188 6060/17434/2188
f 6057/17435/2189 6058/17436/2189 6062/17437/2189 6061/17438/2189
f 6058/17439/2190 6055/17440/2190 6059/17441/2190 6062/17442/2190
f 6059/17443/2191 6060/17444/2191 6064/17445/2191 6063/17446/2191
f 6060/17447/2192 6061/17448/2192 6065/17449/2192 6064/17450/2192
f 6061/17451/2193 6062/17452/2193 6066/17453/2193 6065/17454/2193
f 6062/17455/2194 6059/17456/2194 6063/17457/2194 6066/17458/2194
f 6067/17459/2195 6068/17460/2196 6084/17461/2196 6083/17462/2195
f 6068/17463/2196 6069/17464/2197 6085/17465/2197 6084/17466/2196
f 6069/17467/2197 6070/17468/2198 6086/17469/2198 6085/17470/2197
f 6070/17471/2198 6071/17472/2199 6087/17473/2199 6086/17474/2198
f 6071/17475/2199 6072/17476/2200 6088/17477/2200 6087/17478/2199
f 6072/17479/2200 6073/17480/2201 6089/17481/2201 6088/17482/2200
f 6073/17483/2201 6074/17484/2202 6090/17485/2202 6089/17486/2201
f 6074/17487/2202 6075/17488/2203 6091/17489/2203 6090/17490/2202
f 6075/17491/2203 6076/17492/2204 6092/17493/2204 6091/17494/2203
f 6076/17495/2204 6077/17496/2205 6093/17497/2205 6092/17498/2204
f 6077/17499/2205 6078/17500/2206 6094/17501/2206 6093/17502/2205
f 6078/17503/2206 6079/17504/2207 6095/17505/2207 6094/17506/2206
f 6079/17507/2207 6080/17508/2208 6096/17509/2208 6095/17510/2207
f 6080/17511/2208 6081/17512/2209 6097/17513/2209 6096/17514/2208
f 6081/17515/2209 6082/17516/2210 6098/17517/2210 6097/17518/2209
f 6082/17519/2210 6067/17520/2195 6083/17521/2195 6098/17522/2210
f 6083/17523/2211 6084/17524/2212 6100/17525/2212 6099/17526/2211
f 6084/17527/2212 6085/17528/2213 6101/17529/2213 6100/17530/2212
f 6085/17531/2213 6086/17532/2214 6102/17533/2214 6101/17534/2213
f 6086/17535/2214 6087/17536/2215 6103/17537/2215 6102/17538/2214
f 6087/17539/2215 6088/17540/2216 6104/17541/2216 6103/17542/2215
f 6088/17543/2216 6089/17544/2217 6105/17545/2217 6104/17546/2216
f 6089/17547/2217 6090/17548/2218 6106/17549/2218 6105/17550/2217
f 6090/17551/2218 6091/17552/2219 6107/17553/2219 6106/17554/2218
f 6091/17555/2219 6092/17556/2220 6108/17557/2220 6107/17558/2219
f 6092/17559/2220 6093/17560/2221 6109/17561/2221 6108/17562/2220
f 6093/17563/2221 6094/17564/2222 6110/17565/2222 6109/17566/2221
f 6094/17567/2222 6095/17568/2223 6111/17569/2223 6110/17570/2222
f 6095/17571/2223 6096/17572/2224 6112/17573/2224 6111/17574/2223
f 6096/17575/2224 6097/17576/2225 6113/17577/2225 6112/17578/2224
f 6097/17579/2225 6098/17580/2226 6114/17581/2226 6113/17582/2225
f 6098/17583/2226 6083/17584/2211 6099/17585/2211 6114/17586/2226
f 6099/17587/2227 6100/17588/2228 6116/17589/2228 6115/17590/2227
f 6100/17591/2228 6101/17592/2229 6117/17593/2229 6116/17594/2228
f 6101/17595/2229 6102/17596/2230 6118/17597/2230 6117/17598/2229
f 6102/17599/2230 6103/17600/2231 6119/17601/2231 6118/17602/2230
f 6103/17603/2231 6104/17604/2232 6120/17605/2232 6119/17606/2231
f 6104/17607/2232 6105/17608/2233 6121/17609/2233 6120/17610/2232
f 6105/17611/2233 6106/17612/2234 6122/17613/2234 6121/17614/2233
f 6106/17615/2234 6107/17616/2235 6123/17617/2235 6122/17618/2234
f 6107/17619/2235 6108/17620/2236 6124/17621/2236 6123/17622/2235
f 6108/17623/2236 6109/17624/2237 6125/17625/2237 6124/17626/2236
f 6109/17627/2237 6110/17628/2238 6126/17629/2238 6125/17630/2237
f 6110/17631/2238 6111/17632/2239 6127/17633/2239 6126/17634/2238
f 6111/17635/2239 6112/17636/2240 6128/17637/2240 6127/17638/2239
f 6112/17639/2240 6113/17640/2241 6129/17641/2241 6128/17642/2240
f 6113/17643/2241 6114/17644/2242 6130/17645/2242 6129/17646/2241
f 6114/17647/2242 6099/17648/2227 6115/17649/2227 6130/17650/2242
f 6136/17651/2243 6135/17652/2243 6132/17653/2243
f 6137/17654/2243 6136/17655/2243 6132/17656/2243
f 6138/17657/2243 6137/17658/2243 6132/17659/2243
f 6138/17660/2243 6132/17661/2243 6131/17662/2243
f 6139/17663/2243 6138/17664/2243 6131/17665/2243
f 6140/17666/2243 6139/17667/2243 6131/17668/2243
f 6141/17669/2243 6140/17670/2243 6131/17671/2243
f 6142/17672/2243 6141/17673/2243 6131/17674/2243
f 6142/17675/2243 6131/17676/2243 6134/17677/2243
f 6143/17678/2243 6142/17679/2243 6134/17680/2243
f 6144/17681/2243 6143/17682/2243 6134/17683/2243
f 6145/17684/2243 6144/17685/2243 6134/17686/2243
f 6146/17687/2243 6145/17688/2243 6134/17689/2243
f 6147/17690/2243 6146/17691/2243 6134/17692/2243
f 6132/17693/2243 6135/17694/2243 6150/17695/2243
f 6133/17696/2243 6132/17697/2243 6150/17698/2243
f 6133/17699/2243 6150/17700/2243 6149/17701/2243
f 6133/17702/2243 6149/17703/2243 6148/17704/2243
f 6133/17705/2243 6148/17706/2243 6147/17707/2243
f 6134/17708/2243 6133/17709/2243 6147/17710/2243
f 6152/17711/2244 6155/17712/2244 6156/17713/2244
f 6152/17714/2244 6156/17715/2244 6157/17716/2244
f 6152/17717/2244 6157/17718/2244 6158/17719/2244
f 6151/17720/2244 6152/17721/2244 6158/17722/2244
f 6151/17723/2244 6158/17724/2244 6159/17725/2244
f 6151/17726/2244 6159/17727/2244 6160/17728/2244
f 6151/17729/2244 6160/17730/2244 6161/17731/2244
f 6151/17732/2244 6161/17733/2244 6162/17734/2244
f 6154/17735/2244 6151/17736/2244 6162/17737/2244
f 6154/17738/2244 6162/17739/2244 6163/17740/2244
f 6154/17741/2244 6163/17742/2244 6164/17743/2244
f 6154/17744/2244 6164/17745/2244 6165/17746/2244
f 6154/17747/2244 6165/17748/2244 6166/17749/2244
f 6154/17750/2244 6166/17751/2244 6167/17752/2244
f 6170/17753/2244 6155/17754/2244 6152/17755/2244
f 6170/17756/2244 6152/17757/2244 6153/17758/2244
f 6169/17759/2244 6170/17760/2244 6153/17761/2244
f 6168/17762/2244 6169/17763/2244 6153/17764/2244
f 6167/17765/2244 6168/17766/2244 6153/17767/2244
f 6167/17768/2244 6153/17769/2244 6154/17770/2244
o body_pport_socket
usemtl intake_pump
v 0.92375 0.523167 0.383532
v 0.92375 0.565974 0.401263
v 0.92375 0.598737 0.434026
v 0.92375 0.616468 0.476833
v 0.92375 0.616468 0.523167
v 0.92375 0.598737 0.565974
v 0.92375 0.565974 0.598737
v 0.92375 0.523167 0.616468
v 0.92375 0.476833 0.616468
v 0.92375 0.434026 0.598737
v 0.92375 0.401263 0.565974
v 0.92375 0.383532 0.523167
v 0.92375 0.383532 0.476833
v 0.92375 0.401263 0.434026
v 0.92375 0.434026 0.401263
v 0.92375 0.476833 0.383532
v 0.93875 0.523167 0.383532
v 0.93875 0.565974 0.401263
v 0.93875 0.598737 0.434026
v 0.93875 0.616468 0.476833
v 0.93875 0.616468 0.523167
v 0.93875 0.598737 0.565974
v 0.93875 0.565974 0.598737
v 0.93875 0.523167 0.616468
v 0.93875 0.476833 0.616468
v 0.93875 0.434026 0.598737
v 0.93875 0.401263 0.565974
v 0.93875 0.383532 0.523167
v 0.93875 0.383532 0.476833
v 0.93875 0.401263 0.434026
v 0.93875 0.434026 0.401263
v 0.93875 0.476833 0.383532
v 0.92375 0.5 0.5
v 0.93875 0.5 0.5
vt 0.289551 0.07293
vt 0.298057 0.07293
vt 0.298057 0.075684
vt 0.289551 0.075684
vt 0.312988 0.07293
vt 0.321495 0.07293
vt 0.321495 0.075684
vt 0.312988 0.075684
vt 0.277832 0.07293
vt 0.286339 0.07293
vt 0.286339 0.075684
vt 0.277832 0.075684
vt 0.30127 0.07293
vt 0.309776 0.07293
vt 0.309776 0.075684
vt 0.30127 0.075684
vt 0.324707 0.07293
vt 0.333214 0.07293
vt 0.333214 0.075684
vt 0.324707 0.075684
vt 0.254395 0.07293
vt 0.262901 0.07293
vt 0.262901 0.075684
vt 0.254395 0.075684
vt 0.336426 0.07293
vt 0.344932 0.07293
vt 0.344932 0.075684
vt 0.336426 0.075684
vt 0.216026 0.075684
vt 0.20752 0.075684
vt 0.20752 0.07293
vt 0.216026 0.07293
vt 0.380089 0.075684
vt 0.371582 0.075684
vt 0.371582 0.07293
vt 0.380089 0.07293
vt 0.27462 0.075684
vt 0.266113 0.075684
vt 0.266113 0.07293
vt 0.27462 0.07293
vt 0.356651 0.075684
vt 0.348145 0.075684
vt 0.348145 0.07293
vt 0.356651 0.07293
vt 0.227745 0.075684
vt 0.219238 0.075684
vt 0.219238 0.07293
vt 0.227745 0.07293
vt 0.239464 0.075684
vt 0.230957 0.075684
vt 0.230957 0.07293
vt 0.239464 0.07293
vt 0.36837 0.075684
vt 0.359863 0.075684
vt 0.359863 0.07293
vt 0.36837 0.07293
vt 0.391807 0.075684
vt 0.383301 0.075684
vt 0.383301 0.07293
vt 0.391807 0.07293
vt 0.242676 0.07293
vt 0.251182 0.07293
vt 0.251182 0.075684
vt 0.242676 0.075684
vt 0.568197 0.700202
vt 0.564941 0.692343
vt 0.586324 0.68809
vt 0.574212 0.706217
vt 0.568197 0.700202
vt 0.586324 0.68809
vt 0.582071 0.709473
vt 0.574212 0.706217
vt 0.586324 0.68809
vt 0.590578 0.709473
vt 0.582071 0.709473
vt 0.586324 0.68809
vt 0.598437 0.706217
vt 0.590578 0.709473
vt 0.586324 0.68809
vt 0.604452 0.700202
vt 0.598437 0.706217
vt 0.586324 0.68809
vt 0.607707 0.692343
vt 0.604452 0.700202
vt 0.586324 0.68809
vt 0.607707 0.683837
vt 0.607707 0.692343
vt 0.586324 0.68809
vt 0.604452 0.675977
vt 0.607707 0.683837
vt 0.586324 0.68809
vt 0.598437 0.669962
vt 0.604452 0.675977
vt 0.586324 0.68809
vt 0.590578 0.666707
vt 0.598437 0.669962
vt 0.586324 0.68809
vt 0.582071 0.666707
vt 0.590578 0.666707
vt 0.586324 0.68809
vt 0.574212 0.669962
vt 0.582071 0.666707
vt 0.586324 0.68809
vt 0.568197 0.675977
vt 0.574212 0.669962
vt 0.586324 0.68809
vt 0.564941 0.683837
vt 0.568197 0.675977
vt 0.586324 0.68809
vt 0.564941 0.692343
vt 0.564941 0.683837
vt 0.586324 0.68809
vt 0.632223 0.68809
vt 0.61084 0.683837
vt 0.614095 0.675977
vt 0.632223 0.68809
vt 0.614095 0.675977
vt 0.62011 0.669962
vt 0.632223 0.68809
vt 0.62011 0.669962
vt 0.627969 0.666707
vt 0.632223 0.68809
vt 0.627969 0.666707
vt 0.636476 0.666707
vt 0.632223 0.68809
vt 0.636476 0.666707
vt 0.644335 0.669962
vt 0.632223 0.68809
vt 0.644335 0.669962
vt 0.65035 0.675977
vt 0.632223 0.68809
vt 0.65035 0.675977
vt 0.653606 0.683837
vt 0.632223 0.68809
vt 0.653606 0.683837
vt 0.653606 0.692343
vt 0.632223 0.68809
vt 0.653606 0.692343
vt 0.65035 0.700202
vt 0.632223 0.68809
vt 0.65035 0.700202
vt 0.644335 0.706217
vt 0.632223 0.68809
vt 0.644335 0.706217
vt 0.636476 0.709473
vt 0.632223 0.68809
vt 0.636476 0.709473
vt 0.627969 0.709473
vt 0.632223 0.68809
vt 0.627969 0.709473
vt 0.62011 0.706217
vt 0.632223 0.68809
vt 0.62011 0.706217
vt 0.614095 0.700202
vt 0.632223 0.68809
vt 0.614095 0.700202
vt 0.61084 0.692343
vt 0.632223 0.68809
vt 0.61084 0.692343
vt 0.61084 0.683837
vn 0 0.382683 -0.92388
vn 0 0.55557 -0.83147
vn 0 0.83147 -0.55557
vn 0 0.980785 -0.19509
vn 0 0.980785 0.19509
vn 0 0.83147 0.55557
vn 0 0.55557 0.83147
vn 0 0.19509 0.980785
vn 0 -0.19509 0.980785
vn 0 -0.55557 0.83147
vn 0 -0.83147 0.55557
vn 0 -0.980785 0.19509
vn 0 -0.980785 -0.19509
vn 0 -0.83147 -0.55557
vn 0 -0.55557 -0.83147
vn 0 -0.382683 -0.92388
vn 0 0 1
vn -1 0 0
vn 1 0 0
f 6171/17771/2245 6172/17772/2246 6188/17773/2246 6187/17774/2245
f 6172/17775/2246 6173/17776/2247 6189/17777/2247 6188/17778/2246
f 6173/17779/2247 6174/17780/2248 6190/17781/2248 6189/17782/2247
f 6174/17783/2248 6175/17784/2249 6191/17785/2249 6190/17786/2248
f 6175/17787/2249 6176/17788/2250 6192/17789/2250 6191/17790/2249
f 6176/17791/2250 6177/17792/2251 6193/17793/2251 6192/17794/2250
f 6177/17795/2251 6178/17796/2252 6194/17797/2252 6193/17798/2251
f 6178/17799/2252 6179/17800/2253 6195/17801/2253 6194/17802/2252
f 6179/17803/2253 6180/17804/2254 6196/17805/2254 6195/17806/2253
f 6180/17807/2254 6181/17808/2255 6197/17809/2255 6196/17810/2254
f 6181/17811/2255 6182/17812/2256 6198/17813/2256 6197/17814/2255
f 6182/17815/2256 6183/17816/2257 6199/17817/2257 6198/17818/2256
f 6183/17819/2257 6184/17820/2258 6200/17821/2258 6199/17822/2257
f 6184/17823/2258 6185/17824/2259 6201/17825/2259 6200/17826/2258
f 6185/17827/2259 6186/17828/2260 6202/17829/2260 6201/17830/2259
f 6202/17831/2261 6187/17832/2261 6171/17833/2261 6186/17834/2261
f 6172/17835/2262 6171/17836/2262 6203/17837/2262
f 6173/17838/2262 6172/17839/2262 6203/17840/2262
f 6174/17841/2262 6173/17842/2262 6203/17843/2262
f 6175/17844/2262 6174/17845/2262 6203/17846/2262
f 6176/17847/2262 6175/17848/2262 6203/17849/2262
f 6177/17850/2262 6176/17851/2262 6203/17852/2262
f 6178/17853/2262 6177/17854/2262 6203/17855/2262
f 6179/17856/2262 6178/17857/2262 6203/17858/2262
f 6180/17859/2262 6179/17860/2262 6203/17861/2262
f 6181/17862/2262 6180/17863/2262 6203/17864/2262
f 6182/17865/2262 6181/17866/2262 6203/17867/2262
f 6183/17868/2262 6182/17869/2262 6203/17870/2262
f 6184/17871/2262 6183/17872/2262 6203/17873/2262
f 6185/17874/2262 6184/17875/2262 6203/17876/2262
f 6186/17877/2262 6185/17878/2262 6203/17879/2262
f 6171/17880/2262 6186/17881/2262 6203/17882/2262
f 6204/17883/2263 6187/17884/2263 6188/17885/2263
f 6204/17886/2263 6188/17887/2263 6189/17888/2263
f 6204/17889/2263 6189/17890/2263 6190/17891/2263
f 6204/17892/2263 6190/17893/2263 6191/17894/2263
f 6204/17895/2263 6191/17896/2263 6192/17897/2263
f 6204/17898/2263 6192/17899/2263 6193/17900/2263
f 6204/17901/2263 6193/17902/2263 6194/17903/2263
f 6204/17904/2263 6194/17905/2263 6195/17906/2263
f 6204/17907/2263 6195/17908/2263 6196/17909/2263
f 6204/17910/2263 6196/17911/2263 6197/17912/2263
f 6204/17913/2263 6197/17914/2263 6198/17915/2263
f 6204/17916/2263 6198/17917/2263 6199/17918/2263
f 6204/17919/2263 6199/17920/2263 6200/17921/2263
f 6204/17922/2263 6200/17923/2263 6201/17924/2263
f 6204/17925/2263 6201/17926/2263 6202/17927/2263
f 6204/17928/2263 6202/17929/2263 6187/17930/2263
o body_pport_pin
usemtl intake_pump
v 0.93875 0.510763 0.474016
v 0.93875 0.525984 0.489237
v 0.93875 0.525984 0.510763
v 0.93875 0.510763 0.525984
v 0.93875 0.489237 0.525984
v 0.93875 0.474016 0.510763
v 0.93875 0.474016 0.489237
v 0.93875 0.489237 0.474016
v 0.95125 0.510763 0.474016
v 0.95125 0.525984 0.489237
v 0.95125 0.525984 0.510763
v 0.95125 0.510763 0.525984
v 0.95125 0.489237 0.525984
v 0.95125 0.474016 0.510763
v 0.95125 0.474016 0.489237
v 0.95125 0.489237 0.474016
v 0.93875 0.5 0.5
v 0.95125 0.5 0.5
vt 0.104004 0.06167
vt 0.107956 0.06167
vt 0.107956 0.063965
vt 0.104004 0.063965
vt 0.080566 0.06167
vt 0.084518 0.06167
vt 0.084518 0.063965
vt 0.080566 0.063965
vt 0.088379 0.06167
vt 0.092331 0.06167
vt 0.092331 0.063965
vt 0.088379 0.063965
vt 0.100143 0.063965
vt 0.096191 0.063965
vt 0.096191 0.06167
vt 0.100143 0.06167
vt 0.115768 0.063965
vt 0.111816 0.063965
vt 0.111816 0.06167
vt 0.115768 0.06167
vt 0.068893 0.063965
vt 0.064941 0.063965
vt 0.064941 0.06167
vt 0.068893 0.06167
vt 0.123581 0.063965
vt 0.119629 0.063965
vt 0.119629 0.06167
vt 0.123581 0.06167
vt 0.072754 0.06167
vt 0.076706 0.06167
vt 0.076706 0.063965
vt 0.072754 0.063965
vt 0.513048 0.391113
vt 0.510254 0.388319
vt 0.515024 0.386343
vt 0.517 0.391113
vt 0.513048 0.391113
vt 0.515024 0.386343
vt 0.519795 0.388319
vt 0.517 0.391113
vt 0.515024 0.386343
vt 0.519795 0.384367
vt 0.519795 0.388319
vt 0.515024 0.386343
vt 0.517 0.381572
vt 0.519795 0.384367
vt 0.515024 0.386343
vt 0.513048 0.381572
vt 0.517 0.381572
vt 0.515024 0.386343
vt 0.510254 0.384367
vt 0.513048 0.381572
vt 0.515024 0.386343
vt 0.510254 0.388319
vt 0.510254 0.384367
vt 0.515024 0.386343
vt 0.52772 0.386343
vt 0.522949 0.384367
vt 0.525744 0.381572
vt 0.52772 0.386343
vt 0.525744 0.381572
vt 0.529696 0.381572
vt 0.52772 0.386343
vt 0.529696 0.381572
vt 0.53249 0.384367
vt 0.52772 0.386343
vt 0.53249 0.384367
vt 0.53249 0.388319
vt 0.52772 0.386343
vt 0.53249 0.388319
vt 0.529696 0.391113
vt 0.52772 0.386343
vt 0.529696 0.391113
vt 0.525744 0.391113
vt 0.52772 0.386343
vt 0.525744 0.391113
vt 0.522949 0.388319
vt 0.52772 0.386343
vt 0.522949 0.388319
vt 0.522949 0.384367
vn 0 0.707107 -0.707107
vn 0 1 0
vn 0 0.707107 0.707107
vn 0 0 1
vn 0 -0.707107 0.707107
vn 0 -1 0
vn 0 -0.707107 -0.707107
vn -1 0 0
vn 1 0 0
f 6205/17931/2264 6206/17932/2264 6214/17933/2264 6213/17934/2264
f 6206/17935/2265 6207/17936/2265 6215/17937/2265 6214/17938/2265
f 6207/17939/2266 6208/17940/2266 6216/17941/2266 6215/17942/2266
f 6208/17943/2267 6209/17944/2267 6217/17945/2267 6216/17946/2267
f 6209/17947/2268 6210/17948/2268 6218/17949/2268 6217/17950/2268
f 6210/17951/2269 6211/17952/2269 6219/17953/2269 6218/17954/2269
f 6211/17955/2270 6212/17956/2270 6220/17957/2270 6219/17958/2270
f 6220/17959/2267 6213/17960/2267 6205/17961/2267 6212/17962/2267
f 6206/17963/2271 6205/17964/2271 6221/17965/2271
f 6207/17966/2271 6206/17967/2271 6221/17968/2271
f 6208/17969/2271 6207/17970/2271 6221/17971/2271
f 6209/17972/2271 6208/17973/2271 6221/17974/2271
f 6210/17975/2271 6209/17976/2271 6221/17977/2271
f 6211/17978/2271 6210/17979/2271 6221/17980/2271
f 6212/17981/2271 6211/17982/2271 6221/17983/2271
f 6205/17984/2271 6212/17985/2271 6221/17986/2271
f 6222/17987/2272 6213/17988/2272 6214/17989/2272
f 6222/17990/2272 6214/17991/2272 6215/17992/2272
f 6222/17993/2272 6215/17994/2272 6216/17995/2272
f 6222/17996/2272 6216/17997/2272 6217/17998/2272
f 6222/17999/2272 6217/18000/2272 6218/18001/2272
f 6222/18002/2272 6218/18003/2272 6219/18004/2272
f 6222/18005/2272 6219/18006/2272 6220/18007/2272
f 6222/18008/2272 6220/18009/2272 6213/18010/2272
o body_escutcheon
usemtl intake_pump
v 0.92375 0.45625 0.73125
v 0.92375 0.45625 0.89375
v 0.92375 0.61875 0.89375
v 0.92375 0.61875 0.73125
v 0.9425 0.45625 0.73125
v 0.9425 0.45625 0.89375
v 0.9425 0.61875 0.89375
v 0.9425 0.61875 0.73125
v 0.92375 0.45625 0.73125
v 0.92375 0.45625 0.89375
v 0.92375 0.61875 0.89375
v 0.92375 0.61875 0.73125
v 0.9425 0.45625 0.73125
v 0.9425 0.45625 0.89375
v 0.9425 0.61875 0.89375
v 0.9425 0.61875 0.73125
vt 0.537598 0.123022
vt 0.567432 0.123022
vt 0.567432 0.126465
vt 0.537598 0.126465
vt 0.471191 0.123022
vt 0.501025 0.123022
vt 0.501025 0.126465
vt 0.471191 0.126465
vt 0.600635 0.126465
vt 0.570801 0.126465
vt 0.570801 0.123022
vt 0.600635 0.123022
vt 0.534229 0.126465
vt 0.504395 0.126465
vt 0.504395 0.123022
vt 0.534229 0.123022
vt 0.692871 0.619092
vt 0.722705 0.619092
vt 0.722705 0.648926
vt 0.722705 0.648926
vt 0.692871 0.648926
vt 0.692871 0.619092
vt 0.726074 0.648926
vt 0.726074 0.619092
vt 0.755908 0.619092
vt 0.755908 0.619092
vt 0.755908 0.648926
vt 0.726074 0.648926
vn 0 -1 0
vn 0 0 1
vn 0 1 0
vn 0 0 -1
vn -1 0 0
vn 1 0 0
f 6227/18011/2273 6228/18012/2273 6224/18013/2273 6223/18014/2273
f 6228/18015/2274 6229/18016/2274 6225/18017/2274 6224/18018/2274
f 6229/18019/2275 6230/18020/2275 6226/18021/2275 6225/18022/2275
f 6230/18023/2276 6227/18024/2276 6223/18025/2276 6226/18026/2276
f 6234/18027/2277 6231/18028/2277 6232/18029/2277
f 6232/18030/2277 6233/18031/2277 6234/18032/2277
f 6236/18033/2278 6235/18034/2278 6238/18035/2278
f 6238/18036/2278 6237/18037/2278 6236/18038/2278
o body_knob
usemtl intake_pump
v 0.9425 0.596367 0.82025
v 0.9425 0.592355 0.835222
v 0.9425 0.584605 0.848645
v 0.9425 0.573645 0.859605
v 0.9425 0.560222 0.867355
v 0.9425 0.54525 0.871367
v 0.9425 0.52975 0.871367
v 0.9425 0.514778 0.867355
v 0.9425 0.501355 0.859605
v 0.9425 0.490395 0.848645
v 0.9425 0.482645 0.835222
v 0.9425 0.478633 0.82025
v 0.9425 0.478633 0.80475
v 0.9425 0.482645 0.789778
v 0.9425 0.490395 0.776355
v 0.9425 0.501355 0.765395
v 0.9425 0.514778 0.757645
v 0.9425 0.52975 0.753633
v 0.9425 0.54525 0.753633
v 0.9425 0.560222 0.757645
v 0.9425 0.573645 0.765395
v 0.9425 0.584605 0.776355
v 0.9425 0.592355 0.789778
v 0.9425 0.596367 0.80475
v 0.96375 0.596367 0.82025
v 0.96375 0.592355 0.835222
v 0.96375 0.584605 0.848645
v 0.96375 0.573645 0.859605
v 0.96375 0.560222 0.867355
v 0.96375 0.54525 0.871367
v 0.96375 0.52975 0.871367
v 0.96375 0.514778 0.867355
v 0.96375 0.501355 0.859605
v 0.96375 0.490395 0.848645
v 0.96375 0.482645 0.835222
v 0.96375 0.478633 0.82025
v 0.96375 0.478633 0.80475
v 0.96375 0.482645 0.789778
v 0.96375 0.490395 0.776355
v 0.96375 0.501355 0.765395
v 0.96375 0.514778 0.757645
v 0.96375 0.52975 0.753633
v 0.96375 0.54525 0.753633
v 0.96375 0.560222 0.757645
v 0.96375 0.573645 0.765395
v 0.96375 0.584605 0.776355
v 0.96375 0.592355 0.789778
v 0.96375 0.596367 0.80475
v 0.97 0.588312 0.819189
v 0.97 0.584849 0.832113
v 0.97 0.578159 0.843699
v 0.97 0.568699 0.853159
v 0.97 0.557113 0.859849
v 0.97 0.544189 0.863312
v 0.97 0.530811 0.863312
v 0.97 0.517887 0.859849
v 0.97 0.506301 0.853159
v 0.97 0.496841 0.843699
v 0.97 0.490151 0.832113
v 0.97 0.486688 0.819189
v 0.97 0.486688 0.805811
v 0.97 0.490151 0.792887
v 0.97 0.496841 0.781301
v 0.97 0.506301 0.771841
v 0.97 0.517887 0.765151
v 0.97 0.530811 0.761688
v 0.97 0.544189 0.761688
v 0.97 0.557113 0.765151
v 0.97 0.568699 0.771841
v 0.97 0.578159 0.781301
v 0.97 0.584849 0.792887
v 0.97 0.588312 0.805811
v 0.97 0.5375 0.8125
vt 0.397944 0.078697
vt 0.397944 0.081543
vt 0.394043 0.081543
vt 0.394043 0.078697
vt 0.486812 0.078697
vt 0.486812 0.081543
vt 0.48291 0.081543
vt 0.48291 0.078697
vt 0.370601 0.078697
vt 0.370601 0.081543
vt 0.366699 0.081543
vt 0.366699 0.078697
vt 0.40478 0.078697
vt 0.40478 0.081543
vt 0.400879 0.081543
vt 0.400879 0.078697
vt 0.462402 0.081543
vt 0.462402 0.078697
vt 0.466304 0.078697
vt 0.466304 0.081543
vt 0.387207 0.081543
vt 0.387207 0.078697
vt 0.391108 0.078697
vt 0.391108 0.081543
vt 0.407715 0.081543
vt 0.407715 0.078697
vt 0.411616 0.078697
vt 0.411616 0.081543
vt 0.373535 0.081543
vt 0.373535 0.078697
vt 0.377437 0.078697
vt 0.377437 0.081543
vt 0.380371 0.081543
vt 0.380371 0.078697
vt 0.384272 0.078697
vt 0.384272 0.081543
vt 0.414551 0.081543
vt 0.414551 0.078697
vt 0.418452 0.078697
vt 0.418452 0.081543
vt 0.421387 0.081543
vt 0.421387 0.078697
vt 0.425288 0.078697
vt 0.425288 0.081543
vt 0.339355 0.081543
vt 0.339355 0.078697
vt 0.343257 0.078697
vt 0.343257 0.081543
vt 0.428223 0.081543
vt 0.428223 0.078697
vt 0.432124 0.078697
vt 0.432124 0.081543
vt 0.435059 0.081543
vt 0.435059 0.078697
vt 0.43896 0.078697
vt 0.43896 0.081543
vt 0.441895 0.081543
vt 0.441895 0.078697
vt 0.445796 0.078697
vt 0.445796 0.081543
vt 0.359863 0.081543
vt 0.359863 0.078697
vt 0.363765 0.078697
vt 0.363765 0.081543
vt 0.479976 0.078697
vt 0.479976 0.081543
vt 0.476074 0.081543
vt 0.476074 0.078697
vt 0.47314 0.078697
vt 0.47314 0.081543
vt 0.469238 0.081543
vt 0.469238 0.078697
vt 0.452632 0.078697
vt 0.452632 0.081543
vt 0.44873 0.081543
vt 0.44873 0.078697
vt 0.459468 0.078697
vt 0.459468 0.081543
vt 0.455566 0.081543
vt 0.455566 0.078697
vt 0.336421 0.078697
vt 0.336421 0.081543
vt 0.33252 0.081543
vt 0.33252 0.078697
vt 0.350093 0.078697
vt 0.350093 0.081543
vt 0.346191 0.081543
vt 0.346191 0.078697
vt 0.493647 0.078697
vt 0.493647 0.081543
vt 0.489746 0.081543
vt 0.489746 0.078697
vt 0.356929 0.078697
vt 0.356929 0.081543
vt 0.353027 0.081543
vt 0.353027 0.078697
vt 0.800876 0.181214
vt 0.803657 0.181818
vt 0.80307 0.183605
vt 0.800669 0.183084
vt 0.803657 0.181818
vt 0.806216 0.182984
vt 0.805279 0.184612
vt 0.80307 0.183605
vt 0.806216 0.182984
vt 0.80838 0.184633
vt 0.807147 0.186035
vt 0.805279 0.184612
vt 0.803348 0.166774
vt 0.80093 0.168207
vt 0.800149 0.166495
vt 0.802236 0.165258
vt 0.80093 0.168207
vt 0.798233 0.169114
vt 0.79782 0.167278
vt 0.800149 0.166495
vt 0.798233 0.169114
vt 0.79544 0.169434
vt 0.79541 0.167554
vt 0.79782 0.167278
vt 0.674237 0.285645
vt 0.671666 0.284507
vt 0.672607 0.282877
vt 0.674825 0.283859
vt 0.671666 0.284507
vt 0.669362 0.282837
vt 0.670618 0.281436
vt 0.672607 0.282877
vt 0.669362 0.282837
vt 0.66748 0.280749
vt 0.668994 0.279634
vt 0.670618 0.281436
vt 0.612163 0.124723
vt 0.609598 0.125871
vt 0.609016 0.124081
vt 0.611231 0.12309
vt 0.609598 0.125871
vt 0.606815 0.126465
vt 0.606614 0.124594
vt 0.609016 0.124081
vt 0.606815 0.126465
vt 0.604004 0.126465
vt 0.604188 0.124594
vt 0.606614 0.124594
vt 0.721935 0.186035
vt 0.719193 0.18542
vt 0.719798 0.183638
vt 0.722165 0.184169
vt 0.719193 0.18542
vt 0.716607 0.18423
vt 0.717567 0.182611
vt 0.719798 0.183638
vt 0.716607 0.18423
vt 0.714355 0.182548
vt 0.715623 0.181159
vt 0.717567 0.182611
vt 0.807129 0.167918
vt 0.809547 0.166485
vt 0.810328 0.168197
vt 0.808241 0.169434
vt 0.809547 0.166485
vt 0.812245 0.165578
vt 0.812657 0.167414
vt 0.810328 0.168197
vt 0.812245 0.165578
vt 0.815037 0.165258
vt 0.815067 0.167138
vt 0.812657 0.167414
vt 0.678811 0.279634
vt 0.681382 0.280771
vt 0.680441 0.282401
vt 0.678223 0.281419
vt 0.681382 0.280771
vt 0.683686 0.282441
vt 0.68243 0.283842
vt 0.680441 0.282401
vt 0.683686 0.282441
vt 0.685568 0.284529
vt 0.684054 0.285645
vt 0.68243 0.283842
vt 0.828613 0.079921
vt 0.831202 0.07874
vt 0.831802 0.080524
vt 0.829567 0.081543
vt 0.79541 0.181818
vt 0.798063 0.181214
vt 0.798241 0.183084
vt 0.795952 0.183605
vt 0.798063 0.181214
vt 0.800876 0.181214
vt 0.800669 0.183084
vt 0.798241 0.183084
vt 0.29595 0.539988
vt 0.305278 0.541216
vt 0.304643 0.543588
vt 0.29595 0.539988
vt 0.304643 0.543588
vt 0.303415 0.545716
vt 0.29595 0.539988
vt 0.303415 0.545716
vt 0.301678 0.547453
vt 0.29595 0.539988
vt 0.301678 0.547453
vt 0.299551 0.548681
vt 0.29595 0.539988
vt 0.299551 0.548681
vt 0.297178 0.549316
vt 0.29595 0.539988
vt 0.297178 0.549316
vt 0.294722 0.549316
vt 0.29595 0.539988
vt 0.294722 0.549316
vt 0.292349 0.548681
vt 0.29595 0.539988
vt 0.292349 0.548681
vt 0.290222 0.547453
vt 0.29595 0.539988
vt 0.290222 0.547453
vt 0.288485 0.545716
vt 0.29595 0.539988
vt 0.288485 0.545716
vt 0.287257 0.543588
vt 0.29595 0.539988
vt 0.287257 0.543588
vt 0.286621 0.541216
vt 0.29595 0.539988
vt 0.286621 0.541216
vt 0.286621 0.53876
vt 0.29595 0.539988
vt 0.286621 0.53876
vt 0.287257 0.536387
vt 0.29595 0.539988
vt 0.287257 0.536387
vt 0.288485 0.53426
vt 0.29595 0.539988
vt 0.288485 0.53426
vt 0.290222 0.532523
vt 0.29595 0.539988
vt 0.290222 0.532523
vt 0.292349 0.531295
vt 0.29595 0.539988
vt 0.292349 0.531295
vt 0.294722 0.530659
vt 0.29595 0.539988
vt 0.294722 0.530659
vt 0.297178 0.530659
vt 0.29595 0.539988
vt 0.297178 0.530659
vt 0.299551 0.531295
vt 0.29595 0.539988
vt 0.299551 0.531295
vt 0.301678 0.532523
vt 0.29595 0.539988
vt 0.301678 0.532523
vt 0.303415 0.53426
vt 0.29595 0.539988
vt 0.303415 0.53426
vt 0.304643 0.536387
vt 0.29595 0.539988
vt 0.304643 0.536387
vt 0.305278 0.53876
vt 0.29595 0.539988
vt 0.305278 0.53876
vt 0.305278 0.541216
vn 0 0.991445 0.130526
vn 0 0.92388 0.382683
vn 0 0.793353 0.608761
vn 0 0.608761 0.793353
vn 0 0.382683 0.92388
vn 0 0.130526 0.991445
vn 0 -0.130526 0.991445
vn 0 -0.382683 0.92388
vn 0 -0.608761 0.793353
vn 0 -0.793353 0.608761
vn 0 -0.92388 0.382683
vn 0 -0.991445 0.130526
vn 0 -0.991445 -0.130526
vn 0 -0.92388 -0.382683
vn 0 -0.793353 -0.608761
vn 0 -0.608761 -0.793353
vn 0 -0.382683 -0.92388
vn 0 -0.130526 -0.991445
vn 0 0.130526 -0.991445
vn 0 0.382683 -0.92388
vn 0 0.608761 -0.793353
vn 0 0.793353 -0.608761
vn 0 0.92388 -0.382683
vn 0 0.991445 -0.130526
vn 0.792624 0.604495 0.079583
vn 0.792624 0.563299 0.233326
vn 0.792624 0.483716 0.371168
vn 0.792624 0.371168 0.483716
vn 0.792624 0.233326 0.563299
vn 0.792624 0.079583 0.604495
vn 0.792624 -0.079583 0.604495
vn 0.792624 -0.233326 0.563299
vn 0.792624 -0.371168 0.483716
vn 0.792624 -0.483716 0.371168
vn 0.792624 -0.563299 0.233326
vn 0.792624 -0.604495 0.079583
vn 0.792624 -0.604495 -0.079583
vn 0.792624 -0.563299 -0.233326
vn 0.792624 -0.483716 -0.371168
vn 0.792624 -0.371168 -0.483716
vn 0.792624 -0.233326 -0.563299
vn 0.792624 -0.079583 -0.604495
vn 0.792624 0.079583 -0.604495
vn 0.792624 0.233326 -0.563299
vn 0.792624 0.371168 -0.483716
vn 0.792624 0.483716 -0.371168
vn 0.792624 0.563299 -0.233326
vn 0.792624 0.604495 -0.079583
vn 1 0 0
f 6239/18039/2279 6240/18040/2280 6264/18041/2280 6263/18042/2279
f 6240/18043/2280 6241/18044/2281 6265/18045/2281 6264/18046/2280
f 6241/18047/2281 6242/18048/2282 6266/18049/2282 6265/18050/2281
f 6242/18051/2282 6243/18052/2283 6267/18053/2283 6266/18054/2282
f 6243/18055/2283 6244/18056/2284 6268/18057/2284 6267/18058/2283
f 6244/18059/2284 6245/18060/2285 6269/18061/2285 6268/18062/2284
f 6245/18063/2285 6246/18064/2286 6270/18065/2286 6269/18066/2285
f 6246/18067/2286 6247/18068/2287 6271/18069/2287 6270/18070/2286
f 6247/18071/2287 6248/18072/2288 6272/18073/2288 6271/18074/2287
f 6248/18075/2288 6249/18076/2289 6273/18077/2289 6272/18078/2288
f 6249/18079/2289 6250/18080/2290 6274/18081/2290 6273/18082/2289
f 6250/18083/2290 6251/18084/2291 6275/18085/2291 6274/18086/2290
f 6251/18087/2291 6252/18088/2292 6276/18089/2292 6275/18090/2291
f 6252/18091/2292 6253/18092/2293 6277/18093/2293 6276/18094/2292
f 6253/18095/2293 6254/18096/2294 6278/18097/2294 6277/18098/2293
f 6254/18099/2294 6255/18100/2295 6279/18101/2295 6278/18102/2294
f 6255/18103/2295 6256/18104/2296 6280/18105/2296 6279/18106/2295
f 6256/18107/2296 6257/18108/2297 6281/18109/2297 6280/18110/2296
f 6257/18111/2297 6258/18112/2298 6282/18113/2298 6281/18114/2297
f 6258/18115/2298 6259/18116/2299 6283/18117/2299 6282/18118/2298
f 6259/18119/2299 6260/18120/2300 6284/18121/2300 6283/18122/2299
f 6260/18123/2300 6261/18124/2301 6285/18125/2301 6284/18126/2300
f 6261/18127/2301 6262/18128/2302 6286/18129/2302 6285/18130/2301
f 6262/18131/2302 6239/18132/2279 6263/18133/2279 6286/18134/2302
f 6263/18135/2303 6264/18136/2304 6288/18137/2304 6287/18138/2303
f 6264/18139/2304 6265/18140/2305 6289/18141/2305 6288/18142/2304
f 6265/18143/2305 6266/18144/2306 6290/18145/2306 6289/18146/2305
f 6266/18147/2306 6267/18148/2307 6291/18149/2307 6290/18150/2306
f 6267/18151/2307 6268/18152/2308 6292/18153/2308 6291/18154/2307
f 6268/18155/2308 6269/18156/2309 6293/18157/2309 6292/18158/2308
f 6269/18159/2309 6270/18160/2310 6294/18161/2310 6293/18162/2309
f 6270/18163/2310 6271/18164/2311 6295/18165/2311 6294/18166/2310
f 6271/18167/2311 6272/18168/2312 6296/18169/2312 6295/18170/2311
f 6272/18171/2312 6273/18172/2313 6297/18173/2313 6296/18174/2312
f 6273/18175/2313 6274/18176/2314 6298/18177/2314 6297/18178/2313
f 6274/18179/2314 6275/18180/2315 6299/18181/2315 6298/18182/2314
f 6275/18183/2315 6276/18184/2316 6300/18185/2316 6299/18186/2315
f 6276/18187/2316 6277/18188/2317 6301/18189/2317 6300/18190/2316
f 6277/18191/2317 6278/18192/2318 6302/18193/2318 6301/18194/2317
f 6278/18195/2318 6279/18196/2319 6303/18197/2319 6302/18198/2318
f 6279/18199/2319 6280/18200/2320 6304/18201/2320 6303/18202/2319
f 6280/18203/2320 6281/18204/2321 6305/18205/2321 6304/18206/2320
f 6281/18207/2321 6282/18208/2322 6306/18209/2322 6305/18210/2321
f 6282/18211/2322 6283/18212/2323 6307/18213/2323 6306/18214/2322
f 6283/18215/2323 6284/18216/2324 6308/18217/2324 6307/18218/2323
f 6284/18219/2324 6285/18220/2325 6309/18221/2325 6308/18222/2324
f 6285/18223/2325 6286/18224/2326 6310/18225/2326 6309/18226/2325
f 6286/18227/2326 6263/18228/2303 6287/18229/2303 6310/18230/2326
f 6311/18231/2327 6287/18232/2327 6288/18233/2327
f 6311/18234/2327 6288/18235/2327 6289/18236/2327
f 6311/18237/2327 6289/18238/2327 6290/18239/2327
f 6311/18240/2327 6290/18241/2327 6291/18242/2327
f 6311/18243/2327 6291/18244/2327 6292/18245/2327
f 6311/18246/2327 6292/18247/2327 6293/18248/2327
f 6311/18249/2327 6293/18250/2327 6294/18251/2327
f 6311/18252/2327 6294/18253/2327 6295/18254/2327
f 6311/18255/2327 6295/18256/2327 6296/18257/2327
f 6311/18258/2327 6296/18259/2327 6297/18260/2327
f 6311/18261/2327 6297/18262/2327 6298/18263/2327
f 6311/18264/2327 6298/18265/2327 6299/18266/2327
f 6311/18267/2327 6299/18268/2327 6300/18269/2327
f 6311/18270/2327 6300/18271/2327 6301/18272/2327
f 6311/18273/2327 6301/18274/2327 6302/18275/2327
f 6311/18276/2327 6302/18277/2327 6303/18278/2327
f 6311/18279/2327 6303/18280/2327 6304/18281/2327
f 6311/18282/2327 6304/18283/2327 6305/18284/2327
f 6311/18285/2327 6305/18286/2327 6306/18287/2327
f 6311/18288/2327 6306/18289/2327 6307/18290/2327
f 6311/18291/2327 6307/18292/2327 6308/18293/2327
f 6311/18294/2327 6308/18295/2327 6309/18296/2327
f 6311/18297/2327 6309/18298/2327 6310/18299/2327
f 6311/18300/2327 6310/18301/2327 6287/18302/2327
o body_lamp_bezel
usemtl intake_pump
v 0.92375 0.392029 0.819679
v 0.92375 0.388313 0.833548
v 0.92375 0.381134 0.845982
v 0.92375 0.370982 0.856134
v 0.92375 0.358548 0.863313
v 0.92375 0.344679 0.867029
v 0.92375 0.330321 0.867029
v 0.92375 0.316452 0.863313
v 0.92375 0.304018 0.856134
v 0.92375 0.293866 0.845982
v 0.92375 0.286687 0.833548
v 0.92375 0.282971 0.819679
v 0.92375 0.282971 0.805321
v 0.92375 0.286687 0.791452
v 0.92375 0.293866 0.779018
v 0.92375 0.304018 0.768866
v 0.92375 0.316452 0.761687
v 0.92375 0.330321 0.757971
v 0.92375 0.344679 0.757971
v 0.92375 0.358548 0.761687
v 0.92375 0.370982 0.768866
v 0.92375 0.381134 0.779018
v 0.92375 0.388313 0.791452
v 0.92375 0.392029 0.805321
v 0.94375 0.392029 0.819679
v 0.94375 0.388313 0.833548
v 0.94375 0.381134 0.845982
v 0.94375 0.370982 0.856134
v 0.94375 0.358548 0.863313
v 0.94375 0.344679 0.867029
v 0.94375 0.330321 0.867029
v 0.94375 0.316452 0.863313
v 0.94375 0.304018 0.856134
v 0.94375 0.293866 0.845982
v 0.94375 0.286687 0.833548
v 0.94375 0.282971 0.819679
v 0.94375 0.282971 0.805321
v 0.94375 0.286687 0.791452
v 0.94375 0.293866 0.779018
v 0.94375 0.304018 0.768866
v 0.94375 0.316452 0.761687
v 0.94375 0.330321 0.757971
v 0.94375 0.344679 0.757971
v 0.94375 0.358548 0.761687
v 0.94375 0.370982 0.768866
v 0.94375 0.381134 0.779018
v 0.94375 0.388313 0.791452
v 0.94375 0.392029 0.805321
v 0.9475 0.387072 0.819026
v 0.9475 0.383694 0.831634
v 0.9475 0.377168 0.842938
v 0.9475 0.367938 0.852168
v 0.9475 0.356634 0.858694
v 0.9475 0.344026 0.862072
v 0.9475 0.330974 0.862072
v 0.9475 0.318366 0.858694
v 0.9475 0.307062 0.852168
v 0.9475 0.297832 0.842938
v 0.9475 0.291306 0.831634
v 0.9475 0.287928 0.819026
v 0.9475 0.287928 0.805974
v 0.9475 0.291306 0.793366
v 0.9475 0.297832 0.782062
v 0.9475 0.307062 0.772832
v 0.9475 0.318366 0.766306
v 0.9475 0.330974 0.762928
v 0.9475 0.344026 0.762928
v 0.9475 0.356634 0.766306
v 0.9475 0.367938 0.772832
v 0.9475 0.377168 0.782062
v 0.9475 0.383694 0.793366
v 0.9475 0.387072 0.805974
v 0.9475 0.375918 0.817558
v 0.9475 0.3733 0.827329
v 0.9475 0.368242 0.83609
v 0.9475 0.36109 0.843242
v 0.9475 0.352329 0.8483
v 0.9475 0.342558 0.850918
v 0.9475 0.332442 0.850918
v 0.9475 0.322671 0.8483
v 0.9475 0.31391 0.843242
v 0.9475 0.306758 0.83609
v 0.9475 0.3017 0.827329
v 0.9475 0.299082 0.817558
v 0.9475 0.299082 0.807442
v 0.9475 0.3017 0.797671
v 0.9475 0.306758 0.78891
v 0.9475 0.31391 0.781758
v 0.9475 0.322671 0.7767
v 0.9475 0.332442 0.774082
v 0.9475 0.342558 0.774082
v 0.9475 0.352329 0.7767
v 0.9475 0.36109 0.781758
v 0.9475 0.368242 0.78891
v 0.9475 0.3733 0.797671
v 0.9475 0.375918 0.807442
vt 0.761973 0.073048
vt 0.761973 0.075684
vt 0.758301 0.075684
vt 0.758301 0.073048
vt 0.823496 0.073048
vt 0.823496 0.075684
vt 0.819824 0.075684
vt 0.819824 0.073048
vt 0.768809 0.073048
vt 0.768809 0.075684
vt 0.765137 0.075684
vt 0.765137 0.073048
vt 0.830332 0.073048
vt 0.830332 0.075684
vt 0.82666 0.075684
vt 0.82666 0.073048
vt 0.799316 0.075684
vt 0.799316 0.073048
vt 0.802988 0.073048
vt 0.802988 0.075684
vt 0.833496 0.075684
vt 0.833496 0.073048
vt 0.837168 0.073048
vt 0.837168 0.075684
vt 0.840332 0.075684
vt 0.840332 0.073048
vt 0.844004 0.073048
vt 0.844004 0.075684
vt 0.847168 0.075684
vt 0.847168 0.073048
vt 0.85084 0.073048
vt 0.85084 0.075684
vt 0.806152 0.075684
vt 0.806152 0.073048
vt 0.809824 0.073048
vt 0.809824 0.075684
vt 0.854004 0.075684
vt 0.854004 0.073048
vt 0.857676 0.073048
vt 0.857676 0.075684
vt 0.915527 0.075684
vt 0.915527 0.073048
vt 0.919199 0.073048
vt 0.919199 0.075684
vt 0.771973 0.075684
vt 0.771973 0.073048
vt 0.775645 0.073048
vt 0.775645 0.075684
vt 0.86084 0.075684
vt 0.86084 0.073048
vt 0.864512 0.073048
vt 0.864512 0.075684
vt 0.867676 0.075684
vt 0.867676 0.073048
vt 0.871348 0.073048
vt 0.871348 0.075684
vt 0.874512 0.075684
vt 0.874512 0.073048
vt 0.878184 0.073048
vt 0.878184 0.075684
vt 0.778809 0.075684
vt 0.778809 0.073048
vt 0.78248 0.073048
vt 0.78248 0.075684
vt 0.88502 0.073048
vt 0.88502 0.075684
vt 0.881348 0.075684
vt 0.881348 0.073048
vt 0.891855 0.073048
vt 0.891855 0.075684
vt 0.888184 0.075684
vt 0.888184 0.073048
vt 0.912363 0.073048
vt 0.912363 0.075684
vt 0.908691 0.075684
vt 0.908691 0.073048
vt 0.81666 0.073048
vt 0.81666 0.075684
vt 0.812988 0.075684
vt 0.812988 0.073048
vt 0.796152 0.073048
vt 0.796152 0.075684
vt 0.79248 0.075684
vt 0.79248 0.073048
vt 0.898691 0.073048
vt 0.898691 0.075684
vt 0.89502 0.075684
vt 0.89502 0.073048
vt 0.789316 0.073048
vt 0.789316 0.075684
vt 0.785645 0.075684
vt 0.785645 0.073048
vt 0.905527 0.073048
vt 0.905527 0.075684
vt 0.901855 0.075684
vt 0.901855 0.073048
vt 0.110047 0.157579
vt 0.112622 0.158142
vt 0.112261 0.159231
vt 0.10992 0.158718
vt 0.112622 0.158142
vt 0.11499 0.159231
vt 0.114414 0.160221
vt 0.112261 0.159231
vt 0.11499 0.159231
vt 0.11699 0.160772
vt 0.116232 0.161621
vt 0.114414 0.160221
vt 0.623066 0.124022
vt 0.620824 0.125347
vt 0.62035 0.124302
vt 0.622388 0.123097
vt 0.620824 0.125347
vt 0.618323 0.12618
vt 0.618076 0.12506
vt 0.62035 0.124302
vt 0.618323 0.12618
vt 0.615734 0.126465
vt 0.615723 0.125319
vt 0.618076 0.12506
vt 0.371024 0.194824
vt 0.368636 0.193785
vt 0.369204 0.192788
vt 0.371375 0.193733
vt 0.368636 0.193785
vt 0.366494 0.192247
vt 0.367257 0.19139
vt 0.369204 0.192788
vt 0.366494 0.192247
vt 0.364746 0.190317
vt 0.365668 0.189635
vt 0.367257 0.19139
vt 0.929918 0.074056
vt 0.927545 0.075128
vt 0.927187 0.074038
vt 0.929345 0.073063
vt 0.927545 0.075128
vt 0.924968 0.075684
vt 0.924845 0.074543
vt 0.927187 0.074038
vt 0.924968 0.075684
vt 0.922363 0.075684
vt 0.922477 0.074543
vt 0.924845 0.074543
vt 0.101248 0.161621
vt 0.098708 0.161047
vt 0.099079 0.159961
vt 0.101389 0.160483
vt 0.098708 0.161047
vt 0.096317 0.159937
vt 0.096906 0.158952
vt 0.099079 0.159961
vt 0.096317 0.159937
vt 0.094238 0.158367
vt 0.095016 0.157525
vt 0.096906 0.158952
vt 0.626465 0.125541
vt 0.628707 0.124215
vt 0.629181 0.12526
vt 0.627143 0.126465
vt 0.628707 0.124215
vt 0.631208 0.123382
vt 0.631455 0.124502
vt 0.629181 0.12526
vt 0.631208 0.123382
vt 0.633797 0.123097
vt 0.633809 0.124244
vt 0.631455 0.124502
vt 0.355332 0.189635
vt 0.35772 0.190675
vt 0.357152 0.191671
vt 0.35498 0.190727
vt 0.35772 0.190675
vt 0.359861 0.192212
vt 0.359098 0.193069
vt 0.357152 0.191671
vt 0.359861 0.192212
vt 0.361609 0.194143
vt 0.360688 0.194824
vt 0.359098 0.193069
vt 0.127441 0.062978
vt 0.129836 0.061876
vt 0.130204 0.062963
vt 0.128028 0.063965
vt 0.10498 0.158142
vt 0.107441 0.157579
vt 0.107551 0.158718
vt 0.105314 0.159231
vt 0.107441 0.157579
vt 0.110047 0.157579
vt 0.10992 0.158718
vt 0.107551 0.158718
vt 0.358444 0.485216
vt 0.360759 0.485836
vt 0.359968 0.487744
vt 0.358174 0.487263
vt 0.360759 0.485836
vt 0.362834 0.487034
vt 0.361577 0.488673
vt 0.359968 0.487744
vt 0.362834 0.487034
vt 0.364528 0.488729
vt 0.36289 0.489986
vt 0.361577 0.488673
vt 0.364528 0.488729
vt 0.365727 0.490804
vt 0.363818 0.491594
vt 0.36289 0.489986
vt 0.365727 0.490804
vt 0.366347 0.493119
vt 0.364299 0.493388
vt 0.363818 0.491594
vt 0.366347 0.493119
vt 0.366347 0.495515
vt 0.364299 0.495245
vt 0.364299 0.493388
vt 0.366347 0.495515
vt 0.365727 0.49783
vt 0.363818 0.497039
vt 0.364299 0.495245
vt 0.365727 0.49783
vt 0.364528 0.499905
vt 0.36289 0.498648
vt 0.363818 0.497039
vt 0.364528 0.499905
vt 0.362834 0.5016
vt 0.361577 0.499961
vt 0.36289 0.498648
vt 0.362834 0.5016
vt 0.360759 0.502798
vt 0.359968 0.50089
vt 0.361577 0.499961
vt 0.360759 0.502798
vt 0.358444 0.503418
vt 0.358174 0.50137
vt 0.359968 0.50089
vt 0.358444 0.503418
vt 0.356047 0.503418
vt 0.356317 0.50137
vt 0.358174 0.50137
vt 0.356047 0.503418
vt 0.353733 0.502798
vt 0.354523 0.50089
vt 0.356317 0.50137
vt 0.353733 0.502798
vt 0.351657 0.5016
vt 0.352915 0.499961
vt 0.354523 0.50089
vt 0.351657 0.5016
vt 0.349963 0.499905
vt 0.351602 0.498648
vt 0.352915 0.499961
vt 0.349963 0.499905
vt 0.348765 0.49783
vt 0.350673 0.497039
vt 0.351602 0.498648
vt 0.348765 0.49783
vt 0.348145 0.495515
vt 0.350192 0.495245
vt 0.350673 0.497039
vt 0.348145 0.495515
vt 0.348145 0.493119
vt 0.350192 0.493388
vt 0.350192 0.495245
vt 0.348145 0.493119
vt 0.348765 0.490804
vt 0.350673 0.491594
vt 0.350192 0.493388
vt 0.348765 0.490804
vt 0.349963 0.488729
vt 0.351602 0.489986
vt 0.350673 0.491594
vt 0.349963 0.488729
vt 0.351657 0.487034
vt 0.352915 0.488673
vt 0.351602 0.489986
vt 0.351657 0.487034
vt 0.353733 0.485836
vt 0.354523 0.487744
vt 0.352915 0.488673
vt 0.353733 0.485836
vt 0.356047 0.485216
vt 0.356317 0.487263
vt 0.354523 0.487744
vt 0.356047 0.485216
vt 0.358444 0.485216
vt 0.358174 0.487263
vt 0.356317 0.487263
vn 0 0.991445 0.130526
vn 0 0.92388 0.382683
vn 0 0.793353 0.608761
vn 0 0.608761 0.793353
vn 0 0.382683 0.92388
vn 0 0.130526 0.991445
vn 0 -0.130526 0.991445
vn 0 -0.382683 0.92388
vn 0 -0.608761 0.793353
vn 0 -0.793353 0.608761
vn 0 -0.92388 0.382683
vn 0 -0.991445 0.130526
vn 0 -0.991445 -0.130526
vn 0 -0.92388 -0.382683
vn 0 -0.793353 -0.608761
vn 0 -0.608761 -0.793353
vn 0 -0.382683 -0.92388
vn 0 -0.130526 -0.991445
vn 0 0.130526 -0.991445
vn 0 0.382683 -0.92388
vn 0 0.608761 -0.793353
vn 0 0.793353 -0.608761
vn 0 0.92388 -0.382683
vn 0 0.991445 -0.130526
vn 0.8 0.594867 0.078316
vn 0.8 0.554328 0.22961
vn 0.8 0.476012 0.365257
vn 0.8 0.365257 0.476012
vn 0.8 0.22961 0.554328
vn 0.8 0.078316 0.594867
vn 0.8 -0.078316 0.594867
vn 0.8 -0.22961 0.554328
vn 0.8 -0.365257 0.476012
vn 0.8 -0.476012 0.365257
vn 0.8 -0.554328 0.22961
vn 0.8 -0.594867 0.078316
vn 0.8 -0.594867 -0.078316
vn 0.8 -0.554328 -0.22961
vn 0.8 -0.476012 -0.365257
vn 0.8 -0.365257 -0.476012
vn 0.8 -0.22961 -0.554328
vn 0.8 -0.078316 -0.594867
vn 0.8 0.078316 -0.594867
vn 0.8 0.22961 -0.554328
vn 0.8 0.365257 -0.476012
vn 0.8 0.476012 -0.365257
vn 0.8 0.554328 -0.22961
vn 0.8 0.594867 -0.078316
vn 1 0 0
f 6312/18303/2328 6313/18304/2329 6337/18305/2329 6336/18306/2328
f 6313/18307/2329 6314/18308/2330 6338/18309/2330 6337/18310/2329
f 6314/18311/2330 6315/18312/2331 6339/18313/2331 6338/18314/2330
f 6315/18315/2331 6316/18316/2332 6340/18317/2332 6339/18318/2331
f 6316/18319/2332 6317/18320/2333 6341/18321/2333 6340/18322/2332
f 6317/18323/2333 6318/18324/2334 6342/18325/2334 6341/18326/2333
f 6318/18327/2334 6319/18328/2335 6343/18329/2335 6342/18330/2334
f 6319/18331/2335 6320/18332/2336 6344/18333/2336 6343/18334/2335
f 6320/18335/2336 6321/18336/2337 6345/18337/2337 6344/18338/2336
f 6321/18339/2337 6322/18340/2338 6346/18341/2338 6345/18342/2337
f 6322/18343/2338 6323/18344/2339 6347/18345/2339 6346/18346/2338
f 6323/18347/2339 6324/18348/2340 6348/18349/2340 6347/18350/2339
f 6324/18351/2340 6325/18352/2341 6349/18353/2341 6348/18354/2340
f 6325/18355/2341 6326/18356/2342 6350/18357/2342 6349/18358/2341
f 6326/18359/2342 6327/18360/2343 6351/18361/2343 6350/18362/2342
f 6327/18363/2343 6328/18364/2344 6352/18365/2344 6351/18366/2343
f 6328/18367/2344 6329/18368/2345 6353/18369/2345 6352/18370/2344
f 6329/18371/2345 6330/18372/2346 6354/18373/2346 6353/18374/2345
f 6330/18375/2346 6331/18376/2347 6355/18377/2347 6354/18378/2346
f 6331/18379/2347 6332/18380/2348 6356/18381/2348 6355/18382/2347
f 6332/18383/2348 6333/18384/2349 6357/18385/2349 6356/18386/2348
f 6333/18387/2349 6334/18388/2350 6358/18389/2350 6357/18390/2349
f 6334/18391/2350 6335/18392/2351 6359/18393/2351 6358/18394/2350
f 6335/18395/2351 6312/18396/2328 6336/18397/2328 6359/18398/2351
f 6336/18399/2352 6337/18400/2353 6361/18401/2353 6360/18402/2352
f 6337/18403/2353 6338/18404/2354 6362/18405/2354 6361/18406/2353
f 6338/18407/2354 6339/18408/2355 6363/18409/2355 6362/18410/2354
f 6339/18411/2355 6340/18412/2356 6364/18413/2356 6363/18414/2355
f 6340/18415/2356 6341/18416/2357 6365/18417/2357 6364/18418/2356
f 6341/18419/2357 6342/18420/2358 6366/18421/2358 6365/18422/2357
f 6342/18423/2358 6343/18424/2359 6367/18425/2359 6366/18426/2358
f 6343/18427/2359 6344/18428/2360 6368/18429/2360 6367/18430/2359
f 6344/18431/2360 6345/18432/2361 6369/18433/2361 6368/18434/2360
f 6345/18435/2361 6346/18436/2362 6370/18437/2362 6369/18438/2361
f 6346/18439/2362 6347/18440/2363 6371/18441/2363 6370/18442/2362
f 6347/18443/2363 6348/18444/2364 6372/18445/2364 6371/18446/2363
f 6348/18447/2364 6349/18448/2365 6373/18449/2365 6372/18450/2364
f 6349/18451/2365 6350/18452/2366 6374/18453/2366 6373/18454/2365
f 6350/18455/2366 6351/18456/2367 6375/18457/2367 6374/18458/2366
f 6351/18459/2367 6352/18460/2368 6376/18461/2368 6375/18462/2367
f 6352/18463/2368 6353/18464/2369 6377/18465/2369 6376/18466/2368
f 6353/18467/2369 6354/18468/2370 6378/18469/2370 6377/18470/2369
f 6354/18471/2370 6355/18472/2371 6379/18473/2371 6378/18474/2370
f 6355/18475/2371 6356/18476/2372 6380/18477/2372 6379/18478/2371
f 6356/18479/2372 6357/18480/2373 6381/18481/2373 6380/18482/2372
f 6357/18483/2373 6358/18484/2374 6382/18485/2374 6381/18486/2373
f 6358/18487/2374 6359/18488/2375 6383/18489/2375 6382/18490/2374
f 6359/18491/2375 6336/18492/2352 6360/18493/2352 6383/18494/2375
f 6360/18495/2376 6361/18496/2376 6385/18497/2376 6384/18498/2376
f 6361/18499/2376 6362/18500/2376 6386/18501/2376 6385/18502/2376
f 6362/18503/2376 6363/18504/2376 6387/18505/2376 6386/18506/2376
f 6363/18507/2376 6364/18508/2376 6388/18509/2376 6387/18510/2376
f 6364/18511/2376 6365/18512/2376 6389/18513/2376 6388/18514/2376
f 6365/18515/2376 6366/18516/2376 6390/18517/2376 6389/18518/2376
f 6366/18519/2376 6367/18520/2376 6391/18521/2376 6390/18522/2376
f 6367/18523/2376 6368/18524/2376 6392/18525/2376 6391/18526/2376
f 6368/18527/2376 6369/18528/2376 6393/18529/2376 6392/18530/2376
f 6369/18531/2376 6370/18532/2376 6394/18533/2376 6393/18534/2376
f 6370/18535/2376 6371/18536/2376 6395/18537/2376 6394/18538/2376
f 6371/18539/2376 6372/18540/2376 6396/18541/2376 6395/18542/2376
f 6372/18543/2376 6373/18544/2376 6397/18545/2376 6396/18546/2376
f 6373/18547/2376 6374/18548/2376 6398/18549/2376 6397/18550/2376
f 6374/18551/2376 6375/18552/2376 6399/18553/2376 6398/18554/2376
f 6375/18555/2376 6376/18556/2376 6400/18557/2376 6399/18558/2376
f 6376/18559/2376 6377/18560/2376 6401/18561/2376 6400/18562/2376
f 6377/18563/2376 6378/18564/2376 6402/18565/2376 6401/18566/2376
f 6378/18567/2376 6379/18568/2376 6403/18569/2376 6402/18570/2376
f 6379/18571/2376 6380/18572/2376 6404/18573/2376 6403/18574/2376
f 6380/18575/2376 6381/18576/2376 6405/18577/2376 6404/18578/2376
f 6381/18579/2376 6382/18580/2376 6406/18581/2376 6405/18582/2376
f 6382/18583/2376 6383/18584/2376 6407/18585/2376 6406/18586/2376
f 6383/18587/2376 6360/18588/2376 6384/18589/2376 6407/18590/2376
o switch_off_handle
usemtl intake_pump
v 0.96875 0.52125 0.740625
v 0.96875 0.52125 0.884375
v 0.96875 0.55375 0.884375
v 0.96875 0.55375 0.740625
v 0.975 0.515 0.734375
v 0.975 0.515 0.890625
v 0.975 0.56 0.890625
v 0.975 0.56 0.734375
v 0.99 0.515 0.734375
v 0.99 0.515 0.890625
v 0.99 0.56 0.890625
v 0.99 0.56 0.734375
v 0.99625 0.52125 0.740625
v 0.99625 0.52125 0.884375
v 0.99625 0.55375 0.884375
v 0.99625 0.55375 0.740625
v 0.96875 0.52125 0.740625
v 0.96875 0.52125 0.884375
v 0.96875 0.55375 0.884375
v 0.96875 0.55375 0.740625
v 0.99625 0.52125 0.740625
v 0.99625 0.52125 0.884375
v 0.99625 0.55375 0.884375
v 0.99625 0.55375 0.740625
vt 0.834473 0.041834
vt 0.863159 0.041834
vt 0.862012 0.043457
vt 0.83562 0.043457
vt 0.494102 0.038574
vt 0.48584 0.038574
vt 0.486987 0.036951
vt 0.492954 0.036951
vt 0.619019 0.058105
vt 0.590332 0.058105
vt 0.591479 0.056483
vt 0.617871 0.056483
vt 0.784668 0.036951
vt 0.79293 0.036951
vt 0.791782 0.038574
vt 0.785815 0.038574
vt 0.002441 0.07293
vt 0.031128 0.07293
vt 0.031128 0.075684
vt 0.002441 0.075684
vt 0.090332 0.07293
vt 0.098594 0.07293
vt 0.098594 0.075684
vt 0.090332 0.075684
vt 0.063354 0.075684
vt 0.034668 0.075684
vt 0.034668 0.07293
vt 0.063354 0.07293
vt 0.110312 0.075684
vt 0.102051 0.075684
vt 0.102051 0.07293
vt 0.110312 0.07293
vt 0.623706 0.056483
vt 0.650098 0.056483
vt 0.651245 0.058105
vt 0.622559 0.058105
vt 0.498706 0.036951
vt 0.504673 0.036951
vt 0.50582 0.038574
vt 0.497559 0.038574
vt 0.682324 0.058105
vt 0.655933 0.058105
vt 0.654785 0.056483
vt 0.683472 0.056483
vt 0.516392 0.038574
vt 0.510425 0.038574
vt 0.509277 0.036951
vt 0.517539 0.036951
vt 0.632324 0.275879
vt 0.632324 0.269912
vt 0.658716 0.269912
vt 0.658716 0.269912
vt 0.658716 0.275879
vt 0.632324 0.275879
vt 0.688989 0.275879
vt 0.662598 0.275879
vt 0.662598 0.269912
vt 0.662598 0.269912
vt 0.688989 0.269912
vt 0.688989 0.275879
vn -0.707107 -0.707107 0
vn -0.707107 0 0.707107
vn -0.707107 0.707107 0
vn -0.707107 0 -0.707107
vn 0 -1 0
vn 0 0 1
vn 0 1 0
vn 0 0 -1
vn 0.707107 -0.707107 0
vn 0.707107 0 0.707107
vn 0.707107 0.707107 0
vn 0.707107 0 -0.707107
vn -1 0 0
vn 1 0 0
f 6412/18591/2377 6413/18592/2377 6409/18593/2377 6408/18594/2377
f 6413/18595/2378 6414/18596/2378 6410/18597/2378 6409/18598/2378
f 6414/18599/2379 6415/18600/2379 6411/18601/2379 6410/18602/2379
f 6415/18603/2380 6412/18604/2380 6408/18605/2380 6411/18606/2380
f 6416/18607/2381 6417/18608/2381 6413/18609/2381 6412/18610/2381
f 6417/18611/2382 6418/18612/2382 6414/18613/2382 6413/18614/2382
f 6418/18615/2383 6419/18616/2383 6415/18617/2383 6414/18618/2383
f 6419/18619/2384 6416/18620/2384 6412/18621/2384 6415/18622/2384
f 6420/18623/2385 6421/18624/2385 6417/18625/2385 6416/18626/2385
f 6421/18627/2386 6422/18628/2386 6418/18629/2386 6417/18630/2386
f 6422/18631/2387 6423/18632/2387 6419/18633/2387 6418/18634/2387
f 6423/18635/2388 6420/18636/2388 6416/18637/2388 6419/18638/2388
f 6427/18639/2389 6424/18640/2389 6425/18641/2389
f 6425/18642/2389 6426/18643/2389 6427/18644/2389
f 6429/18645/2390 6428/18646/2390 6431/18647/2390
f 6431/18648/2390 6430/18649/2390 6429/18650/2390
o lamp_off_lens
usemtl intake_pump
v 0.94375 0.375505 0.82006
v 0.94375 0.369719 0.834028
v 0.94375 0.359028 0.844719
v 0.94375 0.34506 0.850505
v 0.94375 0.32994 0.850505
v 0.94375 0.315972 0.844719
v 0.94375 0.305281 0.834028
v 0.94375 0.299495 0.82006
v 0.94375 0.299495 0.80494
v 0.94375 0.305281 0.790972
v 0.94375 0.315972 0.780281
v 0.94375 0.32994 0.774495
v 0.94375 0.34506 0.774495
v 0.94375 0.359028 0.780281
v 0.94375 0.369719 0.790972
v 0.94375 0.375505 0.80494
v 0.95375 0.375505 0.82006
v 0.95375 0.369719 0.834028
v 0.95375 0.359028 0.844719
v 0.95375 0.34506 0.850505
v 0.95375 0.32994 0.850505
v 0.95375 0.315972 0.844719
v 0.95375 0.305281 0.834028
v 0.95375 0.299495 0.82006
v 0.95375 0.299495 0.80494
v 0.95375 0.305281 0.790972
v 0.95375 0.315972 0.780281
v 0.95375 0.32994 0.774495
v 0.95375 0.34506 0.774495
v 0.95375 0.359028 0.780281
v 0.95375 0.369719 0.790972
v 0.95375 0.375505 0.80494
v 0.96 0.36815 0.818597
v 0.96 0.363483 0.829862
v 0.96 0.354862 0.838483
v 0.96 0.343597 0.84315
v 0.96 0.331403 0.84315
v 0.96 0.320138 0.838483
v 0.96 0.311517 0.829862
v 0.96 0.30685 0.818597
v 0.96 0.30685 0.806403
v 0.96 0.311517 0.795138
v 0.96 0.320138 0.786517
v 0.96 0.331403 0.78185
v 0.96 0.343597 0.78185
v 0.96 0.354862 0.786517
v 0.96 0.363483 0.795138
v 0.96 0.36815 0.806403
v 0.96375 0.35589 0.816158
v 0.96375 0.35309 0.822917
v 0.96375 0.347917 0.82809
v 0.96375 0.341158 0.83089
v 0.96375 0.333842 0.83089
v 0.96375 0.327083 0.82809
v 0.96375 0.32191 0.822917
v 0.96375 0.31911 0.816158
v 0.96375 0.31911 0.808842
v 0.96375 0.32191 0.802083
v 0.96375 0.327083 0.79691
v 0.96375 0.333842 0.79411
v 0.96375 0.341158 0.79411
v 0.96375 0.347917 0.79691
v 0.96375 0.35309 0.802083
v 0.96375 0.35589 0.808842
v 0.965 0.3375 0.8125
v 0.965 0.3375 0.8125
v 0.965 0.3375 0.8125
v 0.965 0.3375 0.8125
v 0.965 0.3375 0.8125
v 0.965 0.3375 0.8125
v 0.965 0.3375 0.8125
v 0.965 0.3375 0.8125
v 0.965 0.3375 0.8125
v 0.965 0.3375 0.8125
v 0.965 0.3375 0.8125
v 0.965 0.3375 0.8125
v 0.965 0.3375 0.8125
v 0.965 0.3375 0.8125
v 0.965 0.3375 0.8125
v 0.965 0.3375 0.8125
v 0.94375 0.3375 0.8125
vt 0.977051 0.062129
vt 0.979827 0.062129
vt 0.979827 0.063965
vt 0.977051 0.063965
vt 0.98291 0.062129
vt 0.985686 0.062129
vt 0.985686 0.063965
vt 0.98291 0.063965
vt 0.98877 0.062129
vt 0.991545 0.062129
vt 0.991545 0.063965
vt 0.98877 0.063965
vt 0.997405 0.063965
vt 0.994629 0.063965
vt 0.994629 0.062129
vt 0.997405 0.062129
vt 0.94467 0.063965
vt 0.941895 0.063965
vt 0.941895 0.062129
vt 0.94467 0.062129
vt 0.95053 0.063965
vt 0.947754 0.063965
vt 0.947754 0.062129
vt 0.95053 0.062129
vt 0.005217 0.058105
vt 0.002441 0.058105
vt 0.002441 0.05627
vt 0.005217 0.05627
vt 0.011077 0.058105
vt 0.008301 0.058105
vt 0.008301 0.05627
vt 0.011077 0.05627
vt 0.016936 0.058105
vt 0.01416 0.058105
vt 0.01416 0.05627
vt 0.016936 0.05627
vt 0.927092 0.063965
vt 0.924316 0.063965
vt 0.924316 0.062129
vt 0.927092 0.062129
vt 0.022795 0.058105
vt 0.02002 0.058105
vt 0.02002 0.05627
vt 0.022795 0.05627
vt 0.025879 0.05627
vt 0.028655 0.05627
vt 0.028655 0.058105
vt 0.025879 0.058105
vt 0.172363 0.05627
vt 0.175139 0.05627
vt 0.175139 0.058105
vt 0.172363 0.058105
vt 0.031738 0.05627
vt 0.034514 0.05627
vt 0.034514 0.058105
vt 0.031738 0.058105
vt 0.189941 0.05627
vt 0.192717 0.05627
vt 0.192717 0.058105
vt 0.189941 0.058105
vt 0.037598 0.05627
vt 0.040374 0.05627
vt 0.040374 0.058105
vt 0.037598 0.058105
vt 0.5535 0.06738
vt 0.556147 0.068215
vt 0.555357 0.069824
vt 0.553223 0.06915
vt 0.559943 0.103028
vt 0.56215 0.10471
vt 0.560863 0.105957
vt 0.559082 0.1046
vt 0.838498 0.080217
vt 0.836059 0.081543
vt 0.835449 0.079858
vt 0.837416 0.078789
vt 0.227874 0.058105
vt 0.225098 0.058105
vt 0.225366 0.056333
vt 0.227605 0.056333
vt 0.844724 0.081543
vt 0.842285 0.080217
vt 0.843367 0.078789
vt 0.845334 0.079858
vt 0.541643 0.104275
vt 0.539435 0.105957
vt 0.538574 0.104385
vt 0.540355 0.103028
vt 0.520991 0.068989
vt 0.518344 0.069824
vt 0.518066 0.068053
vt 0.520201 0.06738
vt 0.245452 0.058105
vt 0.242676 0.058105
vt 0.242944 0.056333
vt 0.245183 0.056333
vt 0.538292 0.069824
vt 0.535645 0.068989
vt 0.536434 0.06738
vt 0.538569 0.068053
vt 0.520274 0.105957
vt 0.518066 0.104275
vt 0.519354 0.103028
vt 0.521135 0.104385
vt 0.896973 0.080114
vt 0.899412 0.078789
vt 0.900022 0.080474
vt 0.898055 0.081543
vt 0.20752 0.056333
vt 0.210295 0.056333
vt 0.210027 0.058105
vt 0.207788 0.058105
vt 0.849731 0.078789
vt 0.85217 0.080114
vt 0.851088 0.081543
vt 0.849121 0.080474
vt 0.565918 0.10471
vt 0.568126 0.103028
vt 0.568986 0.1046
vt 0.567206 0.105957
vt 0.500488 0.068215
vt 0.503135 0.06738
vt 0.503413 0.06915
vt 0.501278 0.069824
vt 0.260254 0.056333
vt 0.26303 0.056333
vt 0.262761 0.058105
vt 0.260523 0.058105
vt 0.123543 0.288714
vt 0.125614 0.289564
vt 0.124318 0.291542
vt 0.123075 0.291032
vt 0.125614 0.289564
vt 0.127205 0.291135
vt 0.125272 0.292484
vt 0.124318 0.291542
vt 0.127205 0.291135
vt 0.128073 0.293188
vt 0.125793 0.293716
vt 0.125272 0.292484
vt 0.128073 0.293188
vt 0.128086 0.29541
vt 0.125801 0.295049
vt 0.125793 0.293716
vt 0.275818 0.261648
vt 0.274939 0.263697
vt 0.272992 0.262339
vt 0.27352 0.26111
vt 0.274939 0.263697
vt 0.273342 0.265265
vt 0.272034 0.26328
vt 0.272992 0.262339
vt 0.273342 0.265265
vt 0.271272 0.266113
vt 0.270792 0.263789
vt 0.272034 0.26328
vt 0.271272 0.266113
vt 0.269043 0.266113
vt 0.269455 0.263789
vt 0.270792 0.263789
vt 0.239746 0.264951
vt 0.240599 0.262891
vt 0.242563 0.264224
vt 0.242051 0.265459
vt 0.240599 0.262891
vt 0.242175 0.261303
vt 0.243508 0.263271
vt 0.242563 0.264224
vt 0.242175 0.261303
vt 0.244235 0.260428
vt 0.244744 0.262746
vt 0.243508 0.263271
vt 0.244235 0.260428
vt 0.246464 0.2604
vt 0.246081 0.262729
vt 0.244744 0.262746
vt 0.637207 0.125284
vt 0.638076 0.123221
vt 0.640057 0.124541
vt 0.639536 0.125779
vt 0.117676 0.291135
vt 0.119247 0.289564
vt 0.120498 0.291542
vt 0.119555 0.292484
vt 0.119247 0.289564
vt 0.121307 0.288714
vt 0.121734 0.291032
vt 0.120498 0.291542
vt 0.121307 0.288714
vt 0.123543 0.288714
vt 0.123075 0.291032
vt 0.121734 0.291032
vt 0.509277 0.019043
vt 0.509277 0.019043
vt 0.509949 0.019043
vt 0.123075 0.291032
vt 0.124318 0.291542
vt 0.122414 0.294411
vt 0.450684 0.019043
vt 0.450684 0.019043
vt 0.452596 0.019043
vt 0.124318 0.291542
vt 0.125272 0.292484
vt 0.122414 0.294411
vt 0.415527 0.019043
vt 0.415527 0.019043
vt 0.41839 0.019043
vt 0.125272 0.292484
vt 0.125793 0.293716
vt 0.122414 0.294411
vt 0.29834 0.019043
vt 0.29834 0.019043
vt 0.301716 0.019043
vt 0.125793 0.293716
vt 0.125801 0.295049
vt 0.122414 0.294411
vt 0.305176 0.019043
vt 0.305176 0.019043
vt 0.308552 0.019043
vt 0.27352 0.26111
vt 0.272992 0.262339
vt 0.270145 0.260413
vt 0.380371 0.019043
vt 0.380371 0.019043
vt 0.383233 0.019043
vt 0.272992 0.262339
vt 0.272034 0.26328
vt 0.270145 0.260413
vt 0.455566 0.019043
vt 0.455566 0.019043
vt 0.457479 0.019043
vt 0.272034 0.26328
vt 0.270792 0.263789
vt 0.270145 0.260413
vt 0.513184 0.019043
vt 0.513184 0.019043
vt 0.513855 0.019043
vt 0.270792 0.263789
vt 0.269455 0.263789
vt 0.270145 0.260413
vt 0.517761 0.019043
vt 0.517761 0.019043
vt 0.51709 0.019043
vt 0.242051 0.265459
vt 0.242563 0.264224
vt 0.245434 0.266113
vt 0.496541 0.019043
vt 0.496541 0.019043
vt 0.494629 0.019043
vt 0.242563 0.264224
vt 0.243508 0.263271
vt 0.245434 0.266113
vt 0.424249 0.019043
vt 0.424249 0.019043
vt 0.421387 0.019043
vt 0.243508 0.263271
vt 0.244744 0.262746
vt 0.245434 0.266113
vt 0.315388 0.019043
vt 0.315388 0.019043
vt 0.312012 0.019043
vt 0.244744 0.262746
vt 0.246081 0.262729
vt 0.245434 0.266113
vt 0.322224 0.019043
vt 0.322224 0.019043
vt 0.318848 0.019043
vt 0.639536 0.125779
vt 0.640057 0.124541
vt 0.642895 0.126465
vt 0.389093 0.019043
vt 0.389093 0.019043
vt 0.38623 0.019043
vt 0.119555 0.292484
vt 0.120498 0.291542
vt 0.122414 0.294411
vt 0.462362 0.019043
vt 0.462362 0.019043
vt 0.460449 0.019043
vt 0.120498 0.291542
vt 0.121734 0.291032
vt 0.122414 0.294411
vt 0.521668 0.019043
vt 0.521668 0.019043
vt 0.520996 0.019043
vt 0.121734 0.291032
vt 0.123075 0.291032
vt 0.122414 0.294411
vt 0.091496 0.441809
vt 0.088932 0.442871
vt 0.087544 0.435894
vt 0.093459 0.439846
vt 0.091496 0.441809
vt 0.087544 0.435894
vt 0.094522 0.437281
vt 0.093459 0.439846
vt 0.087544 0.435894
vt 0.094522 0.434506
vt 0.094522 0.437281
vt 0.087544 0.435894
vt 0.093459 0.431941
vt 0.094522 0.434506
vt 0.087544 0.435894
vt 0.091496 0.429978
vt 0.093459 0.431941
vt 0.087544 0.435894
vt 0.088932 0.428916
vt 0.091496 0.429978
vt 0.087544 0.435894
vt 0.086156 0.428916
vt 0.088932 0.428916
vt 0.087544 0.435894
vt 0.083591 0.429978
vt 0.086156 0.428916
vt 0.087544 0.435894
vt 0.081629 0.431941
vt 0.083591 0.429978
vt 0.087544 0.435894
vt 0.080566 0.434506
vt 0.081629 0.431941
vt 0.087544 0.435894
vt 0.080566 0.437281
vt 0.080566 0.434506
vt 0.087544 0.435894
vt 0.081629 0.439846
vt 0.080566 0.437281
vt 0.087544 0.435894
vt 0.083591 0.441809
vt 0.081629 0.439846
vt 0.087544 0.435894
vt 0.086156 0.442871
vt 0.083591 0.441809
vt 0.087544 0.435894
vt 0.088932 0.442871
vt 0.086156 0.442871
vt 0.087544 0.435894
vn 0 0.980785 0.19509
vn 0 0.83147 0.55557
vn 0 0.55557 0.83147
vn 0 0.19509 0.980785
vn 0 -0.19509 0.980785
vn 0 -0.55557 0.83147
vn 0 -0.83147 0.55557
vn 0 -0.980785 0.19509
vn 0 -0.980785 -0.19509
vn 0 -0.83147 -0.55557
vn 0 -0.55557 -0.83147
vn 0 -0.19509 -0.980785
vn 0 0.19509 -0.980785
vn 0 0.55557 -0.83147
vn 0 0.83147 -0.55557
vn 0 0.980785 -0.19509
vn 0.768221 0.627883 0.124894
vn 0.768221 0.532294 0.355667
vn 0.878625 0.397038 0.265292
vn 0.878625 0.468338 0.093158
vn 0.768221 0.355667 0.532294
vn 0.878625 0.265292 0.397038
vn 0.768221 0.124894 0.627883
vn 0.878625 0.093158 0.468338
vn 0.768221 -0.124894 0.627883
vn 0.878625 -0.093158 0.468338
vn 0.768221 -0.355667 0.532294
vn 0.878625 -0.265292 0.397038
vn 0.768221 -0.532294 0.355667
vn 0.878625 -0.397038 0.265292
vn 0.768221 -0.627883 0.124894
vn 0.878625 -0.468338 0.093158
vn 0.768221 -0.627883 -0.124894
vn 0.878625 -0.468338 -0.093158
vn 0.768221 -0.532294 -0.355667
vn 0.878625 -0.397038 -0.265292
vn 0.768221 -0.355667 -0.532294
vn 0.878625 -0.265292 -0.397038
vn 0.768221 -0.124894 -0.627883
vn 0.878625 -0.093158 -0.468338
vn 0.768221 0.124894 -0.627883
vn 0.878625 0.093158 -0.468338
vn 0.768221 0.355667 -0.532294
vn 0.878625 0.265292 -0.397038
vn 0.768221 0.532294 -0.355667
vn 0.878625 0.397038 -0.265292
vn 0.768221 0.627883 -0.124894
vn 0.878625 0.468338 -0.093158
vn 0.977458 0.175549 0.117298
vn 0.977458 0.207074 0.04119
vn 0.977458 0.117298 0.175549
vn 0.977458 0.04119 0.207074
vn 0.977458 -0.04119 0.207074
vn 0.977458 -0.117298 0.175549
vn 0.977458 -0.175549 0.117298
vn 0.977458 -0.207074 0.04119
vn 0.977458 -0.207074 -0.04119
vn 0.977458 -0.175549 -0.117298
vn 0.977458 -0.117298 -0.175549
vn 0.977458 -0.04119 -0.207074
vn 0.977458 0.04119 -0.207074
vn 0.977458 0.117298 -0.175549
vn 0.977458 0.175549 -0.117298
vn 0.977458 0.207074 -0.04119
vn 0 0 0
vn 0.997698 0.062654 0.025952
vn 0.997698 0.047953 0.047953
vn 0.997698 0.025952 0.062654
vn 0.997698 0 0.067816
vn 0.997698 -0.025952 0.062654
vn 0.997698 -0.047953 0.047953
vn 0.997698 -0.062654 0.025952
vn 0.997698 -0.067816 0
vn 0.997698 -0.062654 -0.025952
vn 0.997698 -0.047953 -0.047953
vn 0.997698 -0.025952 -0.062654
vn 0.997698 0 -0.067816
vn 0.997698 0.025952 -0.062654
vn 0.997698 0.047953 -0.047953
vn 0.997698 0.062654 -0.025952
vn 0.997698 0.067816 0
vn -1 0 0
f 6432/18651/2391 6433/18652/2392 6449/18653/2392 6448/18654/2391
f 6433/18655/2392 6434/18656/2393 6450/18657/2393 6449/18658/2392
f 6434/18659/2393 6435/18660/2394 6451/18661/2394 6450/18662/2393
f 6435/18663/2394 6436/18664/2395 6452/18665/2395 6451/18666/2394
f 6436/18667/2395 6437/18668/2396 6453/18669/2396 6452/18670/2395
f 6437/18671/2396 6438/18672/2397 6454/18673/2397 6453/18674/2396
f 6438/18675/2397 6439/18676/2398 6455/18677/2398 6454/18678/2397
f 6439/18679/2398 6440/18680/2399 6456/18681/2399 6455/18682/2398
f 6440/18683/2399 6441/18684/2400 6457/18685/2400 6456/18686/2399
f 6441/18687/2400 6442/18688/2401 6458/18689/2401 6457/18690/2400
f 6442/18691/2401 6443/18692/2402 6459/18693/2402 6458/18694/2401
f 6443/18695/2402 6444/18696/2403 6460/18697/2403 6459/18698/2402
f 6444/18699/2403 6445/18700/2404 6461/18701/2404 6460/18702/2403
f 6445/18703/2404 6446/18704/2405 6462/18705/2405 6461/18706/2404
f 6446/18707/2405 6447/18708/2406 6463/18709/2406 6462/18710/2405
f 6447/18711/2406 6432/18712/2391 6448/18713/2391 6463/18714/2406
f 6448/18715/2407 6449/18716/2408 6465/18717/2409 6464/18718/2410
f 6449/18719/2408 6450/18720/2411 6466/18721/2412 6465/18722/2409
f 6450/18723/2411 6451/18724/2413 6467/18725/2414 6466/18726/2412
f 6451/18727/2413 6452/18728/2415 6468/18729/2416 6467/18730/2414
f 6452/18731/2415 6453/18732/2417 6469/18733/2418 6468/18734/2416
f 6453/18735/2417 6454/18736/2419 6470/18737/2420 6469/18738/2418
f 6454/18739/2419 6455/18740/2421 6471/18741/2422 6470/18742/2420
f 6455/18743/2421 6456/18744/2423 6472/18745/2424 6471/18746/2422
f 6456/18747/2423 6457/18748/2425 6473/18749/2426 6472/18750/2424
f 6457/18751/2425 6458/18752/2427 6474/18753/2428 6473/18754/2426
f 6458/18755/2427 6459/18756/2429 6475/18757/2430 6474/18758/2428
f 6459/18759/2429 6460/18760/2431 6476/18761/2432 6475/18762/2430
f 6460/18763/2431 6461/18764/2433 6477/18765/2434 6476/18766/2432
f 6461/18767/2433 6462/18768/2435 6478/18769/2436 6477/18770/2434
f 6462/18771/2435 6463/18772/2437 6479/18773/2438 6478/18774/2436
f 6463/18775/2437 6448/18776/2407 6464/18777/2410 6479/18778/2438
f 6464/18779/2410 6465/18780/2409 6481/18781/2439 6480/18782/2440
f 6465/18783/2409 6466/18784/2412 6482/18785/2441 6481/18786/2439
f 6466/18787/2412 6467/18788/2414 6483/18789/2442 6482/18790/2441
f 6467/18791/2414 6468/18792/2416 6484/18793/2443 6483/18794/2442
f 6468/18795/2416 6469/18796/2418 6485/18797/2444 6484/18798/2443
f 6469/18799/2418 6470/18800/2420 6486/18801/2445 6485/18802/2444
f 6470/18803/2420 6471/18804/2422 6487/18805/2446 6486/18806/2445
f 6471/18807/2422 6472/18808/2424 6488/18809/2447 6487/18810/2446
f 6472/18811/2424 6473/18812/2426 6489/18813/2448 6488/18814/2447
f 6473/18815/2426 6474/18816/2428 6490/18817/2449 6489/18818/2448
f 6474/18819/2428 6475/18820/2430 6491/18821/2450 6490/18822/2449
f 6475/18823/2430 6476/18824/2432 6492/18825/2451 6491/18826/2450
f 6476/18827/2432 6477/18828/2434 6493/18829/2452 6492/18830/2451
f 6477/18831/2434 6478/18832/2436 6494/18833/2453 6493/18834/2452
f 6478/18835/2436 6479/18836/2438 6495/18837/2454 6494/18838/2453
f 6479/18839/2438 6464/18840/2410 6480/18841/2440 6495/18842/2454
f 6497/18843/2455 6496/18844/2455 6480/18845/2455
f 6480/18846/2440 6481/18847/2439 6497/18848/2456
f 6498/18849/2455 6497/18850/2455 6481/18851/2455
f 6481/18852/2439 6482/18853/2441 6498/18854/2457
f 6499/18855/2455 6498/18856/2455 6482/18857/2455
f 6482/18858/2441 6483/18859/2442 6499/18860/2458
f 6500/18861/2455 6499/18862/2455 6483/18863/2455
f 6483/18864/2442 6484/18865/2443 6500/18866/2459
f 6501/18867/2455 6500/18868/2455 6484/18869/2455
f 6484/18870/2443 6485/18871/2444 6501/18872/2460
f 6502/18873/2455 6501/18874/2455 6485/18875/2455
f 6485/18876/2444 6486/18877/2445 6502/18878/2461
f 6503/18879/2455 6502/18880/2455 6486/18881/2455
f 6486/18882/2445 6487/18883/2446 6503/18884/2462
f 6504/18885/2455 6503/18886/2455 6487/18887/2455
f 6487/18888/2446 6488/18889/2447 6504/18890/2463
f 6505/18891/2455 6504/18892/2455 6488/18893/2455
f 6488/18894/2447 6489/18895/2448 6505/18896/2464
f 6506/18897/2455 6505/18898/2455 6489/18899/2455
f 6489/18900/2448 6490/18901/2449 6506/18902/2465
f 6507/18903/2455 6506/18904/2455 6490/18905/2455
f 6490/18906/2449 6491/18907/2450 6507/18908/2466
f 6508/18909/2455 6507/18910/2455 6491/18911/2455
f 6491/18912/2450 6492/18913/2451 6508/18914/2467
f 6509/18915/2455 6508/18916/2455 6492/18917/2455
f 6492/18918/2451 6493/18919/2452 6509/18920/2468
f 6510/18921/2455 6509/18922/2455 6493/18923/2455
f 6493/18924/2452 6494/18925/2453 6510/18926/2469
f 6511/18927/2455 6510/18928/2455 6494/18929/2455
f 6494/18930/2453 6495/18931/2454 6511/18932/2470
f 6496/18933/2455 6511/18934/2455 6495/18935/2455
f 6495/18936/2454 6480/18937/2440 6496/18938/2471
f 6433/18939/2472 6432/18940/2472 6512/18941/2472
f 6434/18942/2472 6433/18943/2472 6512/18944/2472
f 6435/18945/2472 6434/18946/2472 6512/18947/2472
f 6436/18948/2472 6435/18949/2472 6512/18950/2472
f 6437/18951/2472 6436/18952/2472 6512/18953/2472
f 6438/18954/2472 6437/18955/2472 6512/18956/2472
f 6439/18957/2472 6438/18958/2472 6512/18959/2472
f 6440/18960/2472 6439/18961/2472 6512/18962/2472
f 6441/18963/2472 6440/18964/2472 6512/18965/2472
f 6442/18966/2472 6441/18967/2472 6512/18968/2472
f 6443/18969/2472 6442/18970/2472 6512/18971/2472
f 6444/18972/2472 6443/18973/2472 6512/18974/2472
f 6445/18975/2472 6444/18976/2472 6512/18977/2472
f 6446/18978/2472 6445/18979/2472 6512/18980/2472
f 6447/18981/2472 6446/18982/2472 6512/18983/2472
f 6432/18984/2472 6447/18985/2472 6512/18986/2472
