# AFL PRAIRIE signage V1 channel letter C (off), generated by tools/build-prairie-signage-v1.mjs
mtllib c_off.mtl
o C_body
usemtl letters_am
v 0.569363 0.125421 0.8786
v 0.603363 0.129821 0.8786
v 0.621363 0.134159 0.8786
v 0.637363 0.139259 0.8786
v 0.653363 0.145613 0.8786
v 0.669363 0.15333 0.8786
v 0.683726 0.161544 0.8786
v 0.698664 0.171544 0.8786
v 0.711553 0.181544 0.8786
v 0.725363 0.193929 0.8786
v 0.737363 0.206391 0.8786
v 0.748358 0.219544 0.8786
v 0.767363 0.247826 0.8786
v 0.775663 0.263544 0.8786
v 0.78269 0.279544 0.8786
v 0.78965 0.299544 0.8786
v 0.79516 0.321544 0.8786
v 0.798342 0.341544 0.8786
v 0.799915 0.363544 0.8786
v 0.799937 0.635544 0.8786
v 0.797693 0.663544 0.8786
v 0.792654 0.689544 0.8786
v 0.78458 0.715544 0.8786
v 0.773135 0.741544 0.8786
v 0.75909 0.765544 0.8786
v 0.742629 0.787544 0.8786
v 0.723363 0.807984 0.8786
v 0.701363 0.826475 0.8786
v 0.678586 0.841544 0.8786
v 0.653363 0.854387 0.8786
v 0.633363 0.862129 0.8786
v 0.611363 0.868428 0.8786
v 0.589363 0.872578 0.8786
v 0.567363 0.874688 0.8786
v 0.435363 0.87481 0.8786
v 0.409363 0.872394 0.8786
v 0.385363 0.867631 0.8786
v 0.365363 0.861696 0.8786
v 0.345363 0.853825 0.8786
v 0.327363 0.84491 0.8786
v 0.309363 0.834028 0.8786
v 0.293363 0.822434 0.8786
v 0.277363 0.808669 0.8786
v 0.262577 0.793544 0.8786
v 0.249409 0.777544 0.8786
v 0.23705 0.759544 0.8786
v 0.226865 0.741544 0.8786
v 0.218561 0.723544 0.8786
v 0.211299 0.703544 0.8786
v 0.205923 0.683544 0.8786
v 0.202307 0.663544 0.8786
v 0.200375 0.643544 0.8786
v 0.199974 0.619991 0.8786
v 0.349363 0.620379 0.8786
v 0.350704 0.641544 0.8786
v 0.354081 0.657544 0.8786
v 0.360568 0.673544 0.8786
v 0.369363 0.687481 0.8786
v 0.380284 0.699544 0.8786
v 0.393363 0.709741 0.8786
v 0.409363 0.718062 0.8786
v 0.425363 0.722948 0.8786
v 0.443363 0.724986 0.8786
v 0.561363 0.724787 0.8786
v 0.573363 0.723208 0.8786
v 0.583363 0.720667 0.8786
v 0.595363 0.715998 0.8786
v 0.605363 0.71055 0.8786
v 0.621802 0.697544 0.8786
v 0.629363 0.689116 0.8786
v 0.636057 0.679544 0.8786
v 0.641379 0.669544 0.8786
v 0.645289 0.659544 0.8786
v 0.649519 0.639544 0.8786
v 0.649999 0.369544 0.8786
v 0.648894 0.355544 0.8786
v 0.645638 0.341544 0.8786
v 0.641868 0.331544 0.8786
v 0.636711 0.321544 0.8786
v 0.629884 0.311544 0.8786
v 0.622884 0.303544 0.8786
v 0.613998 0.295544 0.8786
v 0.605363 0.289449 0.8786
v 0.595363 0.284002 0.8786
v 0.583363 0.279333 0.8786
v 0.571363 0.27642 0.8786
v 0.557363 0.275029 0.8786
v 0.437363 0.275307 0.8786
v 0.419363 0.278525 0.8786
v 0.401363 0.285615 0.8786
v 0.385363 0.296053 0.8786
v 0.371721 0.309544 0.8786
v 0.361363 0.324953 0.8786
v 0.354363 0.341544 0.8786
v 0.35082 0.357544 0.8786
v 0.349363 0.38 0.8786
v 0.199925 0.38 0.8786
v 0.200856 0.349544 0.8786
v 0.203363 0.329544 0.8786
v 0.207076 0.311544 0.8786
v 0.215017 0.285544 0.8786
v 0.225313 0.261544 0.8786
v 0.237621 0.239544 0.8786
v 0.253214 0.217544 0.8786
v 0.270978 0.197544 0.8786
v 0.289363 0.180786 0.8786
v 0.310011 0.165544 0.8786
v 0.333363 0.151913 0.8786
v 0.353363 0.142783 0.8786
v 0.373363 0.135707 0.8786
v 0.395363 0.130081 0.8786
v 0.417363 0.126564 0.8786
v 0.443363 0.125005 0.8786
v 0.569363 0.125421 0.9996
v 0.603363 0.129821 0.9996
v 0.621363 0.134159 0.9996
v 0.637363 0.139259 0.9996
v 0.653363 0.145613 0.9996
v 0.669363 0.15333 0.9996
v 0.683726 0.161544 0.9996
v 0.698664 0.171544 0.9996
v 0.711553 0.181544 0.9996
v 0.725363 0.193929 0.9996
v 0.737363 0.206391 0.9996
v 0.748358 0.219544 0.9996
v 0.767363 0.247826 0.9996
v 0.775663 0.263544 0.9996
v 0.78269 0.279544 0.9996
v 0.78965 0.299544 0.9996
v 0.79516 0.321544 0.9996
v 0.798342 0.341544 0.9996
v 0.799915 0.363544 0.9996
v 0.799937 0.635544 0.9996
v 0.797693 0.663544 0.9996
v 0.792654 0.689544 0.9996
v 0.78458 0.715544 0.9996
v 0.773135 0.741544 0.9996
v 0.75909 0.765544 0.9996
v 0.742629 0.787544 0.9996
v 0.723363 0.807984 0.9996
v 0.701363 0.826475 0.9996
v 0.678586 0.841544 0.9996
v 0.653363 0.854387 0.9996
v 0.633363 0.862129 0.9996
v 0.611363 0.868428 0.9996
v 0.589363 0.872578 0.9996
v 0.567363 0.874688 0.9996
v 0.435363 0.87481 0.9996
v 0.409363 0.872394 0.9996
v 0.385363 0.867631 0.9996
v 0.365363 0.861696 0.9996
v 0.345363 0.853825 0.9996
v 0.327363 0.84491 0.9996
v 0.309363 0.834028 0.9996
v 0.293363 0.822434 0.9996
v 0.277363 0.808669 0.9996
v 0.262577 0.793544 0.9996
v 0.249409 0.777544 0.9996
v 0.23705 0.759544 0.9996
v 0.226865 0.741544 0.9996
v 0.218561 0.723544 0.9996
v 0.211299 0.703544 0.9996
v 0.205923 0.683544 0.9996
v 0.202307 0.663544 0.9996
v 0.200375 0.643544 0.9996
v 0.199974 0.619991 0.9996
v 0.349363 0.620379 0.9996
v 0.350704 0.641544 0.9996
v 0.354081 0.657544 0.9996
v 0.360568 0.673544 0.9996
v 0.369363 0.687481 0.9996
v 0.380284 0.699544 0.9996
v 0.393363 0.709741 0.9996
v 0.409363 0.718062 0.9996
v 0.425363 0.722948 0.9996
v 0.443363 0.724986 0.9996
v 0.561363 0.724787 0.9996
v 0.573363 0.723208 0.9996
v 0.583363 0.720667 0.9996
v 0.595363 0.715998 0.9996
v 0.605363 0.71055 0.9996
v 0.621802 0.697544 0.9996
v 0.629363 0.689116 0.9996
v 0.636057 0.679544 0.9996
v 0.641379 0.669544 0.9996
v 0.645289 0.659544 0.9996
v 0.649519 0.639544 0.9996
v 0.649999 0.369544 0.9996
v 0.648894 0.355544 0.9996
v 0.645638 0.341544 0.9996
v 0.641868 0.331544 0.9996
v 0.636711 0.321544 0.9996
v 0.629884 0.311544 0.9996
v 0.622884 0.303544 0.9996
v 0.613998 0.295544 0.9996
v 0.605363 0.289449 0.9996
v 0.595363 0.284002 0.9996
v 0.583363 0.279333 0.9996
v 0.571363 0.27642 0.9996
v 0.557363 0.275029 0.9996
v 0.437363 0.275307 0.9996
v 0.419363 0.278525 0.9996
v 0.401363 0.285615 0.9996
v 0.385363 0.296053 0.9996
v 0.371721 0.309544 0.9996
v 0.361363 0.324953 0.9996
v 0.354363 0.341544 0.9996
v 0.35082 0.357544 0.9996
v 0.349363 0.38 0.9996
v 0.199925 0.38 0.9996
v 0.200856 0.349544 0.9996
v 0.203363 0.329544 0.9996
v 0.207076 0.311544 0.9996
v 0.215017 0.285544 0.9996
v 0.225313 0.261544 0.9996
v 0.237621 0.239544 0.9996
v 0.253214 0.217544 0.9996
v 0.270978 0.197544 0.9996
v 0.289363 0.180786 0.9996
v 0.310011 0.165544 0.9996
v 0.333363 0.151913 0.9996
v 0.353363 0.142783 0.9996
v 0.373363 0.135707 0.9996
v 0.395363 0.130081 0.9996
v 0.417363 0.126564 0.9996
v 0.443363 0.125005 0.9996
v 0.569363 0.125421 0.8786
v 0.603363 0.129821 0.8786
v 0.621363 0.134159 0.8786
v 0.637363 0.139259 0.8786
v 0.653363 0.145613 0.8786
v 0.669363 0.15333 0.8786
v 0.683726 0.161544 0.8786
v 0.698664 0.171544 0.8786
v 0.711553 0.181544 0.8786
v 0.725363 0.193929 0.8786
v 0.737363 0.206391 0.8786
v 0.748358 0.219544 0.8786
v 0.767363 0.247826 0.8786
v 0.775663 0.263544 0.8786
v 0.78269 0.279544 0.8786
v 0.78965 0.299544 0.8786
v 0.79516 0.321544 0.8786
v 0.798342 0.341544 0.8786
v 0.799915 0.363544 0.8786
v 0.799937 0.635544 0.8786
v 0.797693 0.663544 0.8786
v 0.792654 0.689544 0.8786
v 0.78458 0.715544 0.8786
v 0.773135 0.741544 0.8786
v 0.75909 0.765544 0.8786
v 0.742629 0.787544 0.8786
v 0.723363 0.807984 0.8786
v 0.701363 0.826475 0.8786
v 0.678586 0.841544 0.8786
v 0.653363 0.854387 0.8786
v 0.633363 0.862129 0.8786
v 0.611363 0.868428 0.8786
v 0.589363 0.872578 0.8786
v 0.567363 0.874688 0.8786
v 0.435363 0.87481 0.8786
v 0.409363 0.872394 0.8786
v 0.385363 0.867631 0.8786
v 0.365363 0.861696 0.8786
v 0.345363 0.853825 0.8786
v 0.327363 0.84491 0.8786
v 0.309363 0.834028 0.8786
v 0.293363 0.822434 0.8786
v 0.277363 0.808669 0.8786
v 0.262577 0.793544 0.8786
v 0.249409 0.777544 0.8786
v 0.23705 0.759544 0.8786
v 0.226865 0.741544 0.8786
v 0.218561 0.723544 0.8786
v 0.211299 0.703544 0.8786
v 0.205923 0.683544 0.8786
v 0.202307 0.663544 0.8786
v 0.200375 0.643544 0.8786
v 0.199974 0.619991 0.8786
v 0.349363 0.620379 0.8786
v 0.350704 0.641544 0.8786
v 0.354081 0.657544 0.8786
v 0.360568 0.673544 0.8786
v 0.369363 0.687481 0.8786
v 0.380284 0.699544 0.8786
v 0.393363 0.709741 0.8786
v 0.409363 0.718062 0.8786
v 0.425363 0.722948 0.8786
v 0.443363 0.724986 0.8786
v 0.561363 0.724787 0.8786
v 0.573363 0.723208 0.8786
v 0.583363 0.720667 0.8786
v 0.595363 0.715998 0.8786
v 0.605363 0.71055 0.8786
v 0.621802 0.697544 0.8786
v 0.629363 0.689116 0.8786
v 0.636057 0.679544 0.8786
v 0.641379 0.669544 0.8786
v 0.645289 0.659544 0.8786
v 0.649519 0.639544 0.8786
v 0.649999 0.369544 0.8786
v 0.648894 0.355544 0.8786
v 0.645638 0.341544 0.8786
v 0.641868 0.331544 0.8786
v 0.636711 0.321544 0.8786
v 0.629884 0.311544 0.8786
v 0.622884 0.303544 0.8786
v 0.613998 0.295544 0.8786
v 0.605363 0.289449 0.8786
v 0.595363 0.284002 0.8786
v 0.583363 0.279333 0.8786
v 0.571363 0.27642 0.8786
v 0.557363 0.275029 0.8786
v 0.437363 0.275307 0.8786
v 0.419363 0.278525 0.8786
v 0.401363 0.285615 0.8786
v 0.385363 0.296053 0.8786
v 0.371721 0.309544 0.8786
v 0.361363 0.324953 0.8786
v 0.354363 0.341544 0.8786
v 0.35082 0.357544 0.8786
v 0.349363 0.38 0.8786
v 0.199925 0.38 0.8786
v 0.200856 0.349544 0.8786
v 0.203363 0.329544 0.8786
v 0.207076 0.311544 0.8786
v 0.215017 0.285544 0.8786
v 0.225313 0.261544 0.8786
v 0.237621 0.239544 0.8786
v 0.253214 0.217544 0.8786
v 0.270978 0.197544 0.8786
v 0.289363 0.180786 0.8786
v 0.310011 0.165544 0.8786
v 0.333363 0.151913 0.8786
v 0.353363 0.142783 0.8786
v 0.373363 0.135707 0.8786
v 0.395363 0.130081 0.8786
v 0.417363 0.126564 0.8786
v 0.443363 0.125005 0.8786
v 0.569363 0.125421 0.9996
v 0.603363 0.129821 0.9996
v 0.621363 0.134159 0.9996
v 0.637363 0.139259 0.9996
v 0.653363 0.145613 0.9996
v 0.669363 0.15333 0.9996
v 0.683726 0.161544 0.9996
v 0.698664 0.171544 0.9996
v 0.711553 0.181544 0.9996
v 0.725363 0.193929 0.9996
v 0.737363 0.206391 0.9996
v 0.748358 0.219544 0.9996
v 0.767363 0.247826 0.9996
v 0.775663 0.263544 0.9996
v 0.78269 0.279544 0.9996
v 0.78965 0.299544 0.9996
v 0.79516 0.321544 0.9996
v 0.798342 0.341544 0.9996
v 0.799915 0.363544 0.9996
v 0.799937 0.635544 0.9996
v 0.797693 0.663544 0.9996
v 0.792654 0.689544 0.9996
v 0.78458 0.715544 0.9996
v 0.773135 0.741544 0.9996
v 0.75909 0.765544 0.9996
v 0.742629 0.787544 0.9996
v 0.723363 0.807984 0.9996
v 0.701363 0.826475 0.9996
v 0.678586 0.841544 0.9996
v 0.653363 0.854387 0.9996
v 0.633363 0.862129 0.9996
v 0.611363 0.868428 0.9996
v 0.589363 0.872578 0.9996
v 0.567363 0.874688 0.9996
v 0.435363 0.87481 0.9996
v 0.409363 0.872394 0.9996
v 0.385363 0.867631 0.9996
v 0.365363 0.861696 0.9996
v 0.345363 0.853825 0.9996
v 0.327363 0.84491 0.9996
v 0.309363 0.834028 0.9996
v 0.293363 0.822434 0.9996
v 0.277363 0.808669 0.9996
v 0.262577 0.793544 0.9996
v 0.249409 0.777544 0.9996
v 0.23705 0.759544 0.9996
v 0.226865 0.741544 0.9996
v 0.218561 0.723544 0.9996
v 0.211299 0.703544 0.9996
v 0.205923 0.683544 0.9996
v 0.202307 0.663544 0.9996
v 0.200375 0.643544 0.9996
v 0.199974 0.619991 0.9996
v 0.349363 0.620379 0.9996
v 0.350704 0.641544 0.9996
v 0.354081 0.657544 0.9996
v 0.360568 0.673544 0.9996
v 0.369363 0.687481 0.9996
v 0.380284 0.699544 0.9996
v 0.393363 0.709741 0.9996
v 0.409363 0.718062 0.9996
v 0.425363 0.722948 0.9996
v 0.443363 0.724986 0.9996
v 0.561363 0.724787 0.9996
v 0.573363 0.723208 0.9996
v 0.583363 0.720667 0.9996
v 0.595363 0.715998 0.9996
v 0.605363 0.71055 0.9996
v 0.621802 0.697544 0.9996
v 0.629363 0.689116 0.9996
v 0.636057 0.679544 0.9996
v 0.641379 0.669544 0.9996
v 0.645289 0.659544 0.9996
v 0.649519 0.639544 0.9996
v 0.649999 0.369544 0.9996
v 0.648894 0.355544 0.9996
v 0.645638 0.341544 0.9996
v 0.641868 0.331544 0.9996
v 0.636711 0.321544 0.9996
v 0.629884 0.311544 0.9996
v 0.622884 0.303544 0.9996
v 0.613998 0.295544 0.9996
v 0.605363 0.289449 0.9996
v 0.595363 0.284002 0.9996
v 0.583363 0.279333 0.9996
v 0.571363 0.27642 0.9996
v 0.557363 0.275029 0.9996
v 0.437363 0.275307 0.9996
v 0.419363 0.278525 0.9996
v 0.401363 0.285615 0.9996
v 0.385363 0.296053 0.9996
v 0.371721 0.309544 0.9996
v 0.361363 0.324953 0.9996
v 0.354363 0.341544 0.9996
v 0.35082 0.357544 0.9996
v 0.349363 0.38 0.9996
v 0.199925 0.38 0.9996
v 0.200856 0.349544 0.9996
v 0.203363 0.329544 0.9996
v 0.207076 0.311544 0.9996
v 0.215017 0.285544 0.9996
v 0.225313 0.261544 0.9996
v 0.237621 0.239544 0.9996
v 0.253214 0.217544 0.9996
v 0.270978 0.197544 0.9996
v 0.289363 0.180786 0.9996
v 0.310011 0.165544 0.9996
v 0.333363 0.151913 0.9996
v 0.353363 0.142783 0.9996
v 0.373363 0.135707 0.9996
v 0.395363 0.130081 0.9996
v 0.417363 0.126564 0.9996
v 0.443363 0.125005 0.9996
vt 0.342549 0.443584
vt 0.346565 0.443584
vt 0.346565 0.457764
vt 0.342549 0.457764
vt 0.346565 0.443584
vt 0.348728 0.443584
vt 0.348728 0.457764
vt 0.346565 0.457764
vt 0.348728 0.443584
vt 0.350675 0.443584
vt 0.350675 0.457764
vt 0.348728 0.457764
vt 0.350675 0.443584
vt 0.352645 0.443584
vt 0.352645 0.457764
vt 0.350675 0.457764
vt 0.352645 0.443584
vt 0.354641 0.443584
vt 0.354641 0.457764
vt 0.352645 0.457764
vt 0.323486 0.425537
vt 0.323486 0.423618
vt 0.337666 0.423618
vt 0.337666 0.425537
vt 0.323486 0.423618
vt 0.323486 0.421516
vt 0.337666 0.421516
vt 0.337666 0.423618
vt 0.323486 0.421516
vt 0.323486 0.419605
vt 0.337666 0.419605
vt 0.337666 0.421516
vt 0.323486 0.419605
vt 0.323486 0.417436
vt 0.337666 0.417436
vt 0.337666 0.419605
vt 0.323486 0.417436
vt 0.323486 0.415429
vt 0.337666 0.415429
vt 0.337666 0.417436
vt 0.3396 0.425537
vt 0.3396 0.423551
vt 0.353779 0.423551
vt 0.353779 0.425537
vt 0.3396 0.423551
vt 0.3396 0.419561
vt 0.353779 0.419561
vt 0.353779 0.423551
vt 0.3396 0.419561
vt 0.3396 0.417482
vt 0.353779 0.417482
vt 0.353779 0.419561
vt 0.3396 0.417482
vt 0.3396 0.415453
vt 0.353779 0.415453
vt 0.353779 0.417482
vt 0.425049 0.459697
vt 0.427493 0.459697
vt 0.427493 0.473877
vt 0.425049 0.473877
vt 0.427493 0.459697
vt 0.430142 0.459697
vt 0.430142 0.473877
vt 0.427493 0.473877
vt 0.430142 0.459697
vt 0.432515 0.459697
vt 0.432515 0.473877
vt 0.430142 0.473877
vt 0.432515 0.459697
vt 0.435089 0.459697
vt 0.435089 0.473877
vt 0.432515 0.473877
vt 0.435089 0.459697
vt 0.466548 0.459697
vt 0.466548 0.473877
vt 0.435089 0.473877
vt 0.881104 0.44165
vt 0.881104 0.438404
vt 0.895283 0.438404
vt 0.895283 0.44165
vt 0.881104 0.438404
vt 0.881104 0.435305
vt 0.895283 0.435305
vt 0.895283 0.438404
vt 0.881104 0.435305
vt 0.881104 0.43212
vt 0.895283 0.43212
vt 0.895283 0.435305
vt 0.881104 0.43212
vt 0.881104 0.428838
vt 0.895283 0.428838
vt 0.895283 0.43212
vt 0.848877 0.44165
vt 0.848877 0.438439
vt 0.863057 0.438439
vt 0.863057 0.44165
vt 0.848877 0.438439
vt 0.848877 0.435224
vt 0.863057 0.435224
vt 0.863057 0.438439
vt 0.848877 0.435224
vt 0.848877 0.431938
vt 0.863057 0.431938
vt 0.863057 0.435224
vt 0.848877 0.431938
vt 0.848877 0.42862
vt 0.863057 0.42862
vt 0.863057 0.431938
vt 0.081787 0.425537
vt 0.081787 0.422377
vt 0.095967 0.422377
vt 0.095967 0.425537
vt 0.081787 0.422377
vt 0.081787 0.419063
vt 0.095967 0.419063
vt 0.095967 0.422377
vt 0.081787 0.419063
vt 0.081787 0.416554
vt 0.095967 0.416554
vt 0.095967 0.419063
vt 0.081787 0.416554
vt 0.081787 0.413901
vt 0.095967 0.413901
vt 0.095967 0.416554
vt 0.784424 0.443584
vt 0.787022 0.443584
vt 0.787022 0.457764
vt 0.784424 0.457764
vt 0.787022 0.443584
vt 0.789609 0.443584
vt 0.789609 0.457764
vt 0.787022 0.457764
vt 0.789609 0.443584
vt 0.805061 0.443584
vt 0.805061 0.457764
vt 0.789609 0.457764
vt 0.805061 0.443584
vt 0.808091 0.443584
vt 0.808091 0.457764
vt 0.805061 0.457764
vt 0.91333 0.44165
vt 0.91333 0.438828
vt 0.92751 0.438828
vt 0.92751 0.44165
vt 0.91333 0.438828
vt 0.91333 0.436392
vt 0.92751 0.436392
vt 0.92751 0.438828
vt 0.91333 0.436392
vt 0.91333 0.433873
vt 0.92751 0.433873
vt 0.92751 0.436392
vt 0.91333 0.433873
vt 0.91333 0.431528
vt 0.92751 0.431528
vt 0.92751 0.433873
vt 0.91333 0.431528
vt 0.91333 0.429099
vt 0.92751 0.429099
vt 0.92751 0.431528
vt 0.001221 0.425537
vt 0.001221 0.423255
vt 0.0154 0.423255
vt 0.0154 0.425537
vt 0.001221 0.423255
vt 0.001221 0.420791
vt 0.0154 0.420791
vt 0.0154 0.423255
vt 0.001221 0.420791
vt 0.001221 0.418312
vt 0.0154 0.418312
vt 0.0154 0.420791
vt 0.001221 0.418312
vt 0.001221 0.415893
vt 0.0154 0.415893
vt 0.0154 0.418312
vt 0.001221 0.415893
vt 0.001221 0.413372
vt 0.0154 0.413372
vt 0.0154 0.415893
vt 0.049561 0.425537
vt 0.049561 0.423147
vt 0.06374 0.423147
vt 0.06374 0.425537
vt 0.049561 0.423147
vt 0.049561 0.420833
vt 0.06374 0.420833
vt 0.06374 0.423147
vt 0.049561 0.420833
vt 0.049561 0.418339
vt 0.06374 0.418339
vt 0.06374 0.420833
vt 0.049561 0.418339
vt 0.049561 0.415921
vt 0.06374 0.415921
vt 0.06374 0.418339
vt 0.049561 0.415921
vt 0.049561 0.413573
vt 0.06374 0.413573
vt 0.06374 0.415921
vt 0.445068 0.411865
vt 0.445068 0.409512
vt 0.459248 0.409512
vt 0.459248 0.411865
vt 0.445068 0.409512
vt 0.445068 0.406754
vt 0.459248 0.406754
vt 0.459248 0.409512
vt 0.707275 0.427471
vt 0.724782 0.427471
vt 0.724782 0.44165
vt 0.707275 0.44165
vt 0.93042 0.425537
vt 0.93042 0.423082
vt 0.9446 0.423082
vt 0.9446 0.425537
vt 0.93042 0.423082
vt 0.93042 0.421166
vt 0.9446 0.421166
vt 0.9446 0.423082
vt 0.93042 0.421166
vt 0.93042 0.41917
vt 0.9446 0.41917
vt 0.9446 0.421166
vt 0.228271 0.411865
vt 0.228271 0.409963
vt 0.242451 0.409963
vt 0.242451 0.411865
vt 0.228271 0.409963
vt 0.228271 0.408056
vt 0.242451 0.408056
vt 0.242451 0.409963
vt 0.228271 0.408056
vt 0.228271 0.406141
vt 0.242451 0.406141
vt 0.242451 0.408056
vt 0.919678 0.411865
vt 0.919678 0.409761
vt 0.933857 0.409761
vt 0.933857 0.411865
vt 0.919678 0.409761
vt 0.919678 0.407808
vt 0.933857 0.407808
vt 0.933857 0.409761
vt 0.745361 0.427471
vt 0.747469 0.427471
vt 0.747469 0.44165
vt 0.745361 0.44165
vt 0.747469 0.427471
vt 0.761297 0.427471
vt 0.761297 0.44165
vt 0.747469 0.44165
vt 0.761297 0.427471
vt 0.762705 0.427471
vt 0.762705 0.44165
vt 0.761297 0.44165
vt 0.951904 0.411865
vt 0.951904 0.410665
vt 0.966084 0.410665
vt 0.966084 0.411865
vt 0.951904 0.410665
vt 0.951904 0.409156
vt 0.966084 0.409156
vt 0.966084 0.410665
vt 0.951904 0.409156
vt 0.951904 0.407833
vt 0.966084 0.407833
vt 0.966084 0.409156
vt 0.461182 0.411865
vt 0.461182 0.409438
vt 0.475361 0.409438
vt 0.475361 0.411865
vt 0.461182 0.409438
vt 0.461182 0.408111
vt 0.475361 0.408111
vt 0.475361 0.409438
vt 0.461182 0.408111
vt 0.461182 0.406755
vt 0.475361 0.406755
vt 0.475361 0.408111
vt 0.645752 0.411865
vt 0.645752 0.410549
vt 0.659932 0.410549
vt 0.659932 0.411865
vt 0.645752 0.410549
vt 0.645752 0.409291
vt 0.659932 0.409291
vt 0.659932 0.410549
vt 0.645752 0.409291
vt 0.645752 0.406922
vt 0.659932 0.406922
vt 0.659932 0.409291
vt 0.111084 0.443584
vt 0.142555 0.443584
vt 0.142555 0.457764
vt 0.111084 0.457764
vt 0.142555 0.443584
vt 0.1442 0.443584
vt 0.1442 0.457764
vt 0.142555 0.457764
vt 0.1442 0.443584
vt 0.145871 0.443584
vt 0.145871 0.457764
vt 0.1442 0.457764
vt 0.968018 0.411865
vt 0.968018 0.410622
vt 0.982197 0.410622
vt 0.982197 0.411865
vt 0.968018 0.410622
vt 0.968018 0.409303
vt 0.982197 0.409303
vt 0.982197 0.410622
vt 0.968018 0.409303
vt 0.968018 0.407894
vt 0.982197 0.407894
vt 0.982197 0.409303
vt 0.173096 0.404053
vt 0.173096 0.402816
vt 0.187275 0.402816
vt 0.187275 0.404053
vt 0.173096 0.402816
vt 0.173096 0.401415
vt 0.187275 0.401415
vt 0.187275 0.402816
vt 0.173096 0.401415
vt 0.173096 0.400185
vt 0.187275 0.400185
vt 0.187275 0.401415
vt 0.855225 0.411865
vt 0.855225 0.410542
vt 0.869404 0.410542
vt 0.869404 0.411865
vt 0.855225 0.410542
vt 0.855225 0.409033
vt 0.869404 0.409033
vt 0.869404 0.410542
vt 0.855225 0.409033
vt 0.855225 0.407598
vt 0.869404 0.407598
vt 0.869404 0.409033
vt 0.189697 0.427471
vt 0.191333 0.427471
vt 0.191333 0.44165
vt 0.189697 0.44165
vt 0.191333 0.427471
vt 0.205391 0.427471
vt 0.205391 0.44165
vt 0.191333 0.44165
vt 0.205391 0.427471
vt 0.20751 0.427471
vt 0.20751 0.44165
vt 0.205391 0.44165
vt 0.742432 0.411865
vt 0.742432 0.40961
vt 0.756611 0.40961
vt 0.756611 0.411865
vt 0.742432 0.40961
vt 0.742432 0.407383
vt 0.756611 0.407383
vt 0.756611 0.40961
vt 0.774658 0.411865
vt 0.774658 0.409628
vt 0.788838 0.409628
vt 0.788838 0.411865
vt 0.774658 0.409628
vt 0.774658 0.407463
vt 0.788838 0.407463
vt 0.788838 0.409628
vt 0.898193 0.425537
vt 0.898193 0.423458
vt 0.912373 0.423458
vt 0.912373 0.425537
vt 0.898193 0.423458
vt 0.898193 0.421538
vt 0.912373 0.421538
vt 0.912373 0.423458
vt 0.898193 0.421538
vt 0.898193 0.418935
vt 0.912373 0.418935
vt 0.912373 0.421538
vt 0.669189 0.427471
vt 0.686702 0.427471
vt 0.686702 0.44165
vt 0.669189 0.44165
vt 0.114014 0.425537
vt 0.114014 0.421998
vt 0.128193 0.421998
vt 0.128193 0.425537
vt 0.114014 0.421998
vt 0.114014 0.419638
vt 0.128193 0.419638
vt 0.128193 0.421998
vt 0.114014 0.419638
vt 0.114014 0.417486
vt 0.128193 0.417486
vt 0.128193 0.419638
vt 0.114014 0.417486
vt 0.114014 0.414328
vt 0.128193 0.414328
vt 0.128193 0.417486
vt 0.96167 0.44165
vt 0.96167 0.438629
vt 0.97585 0.438629
vt 0.97585 0.44165
vt 0.96167 0.438629
vt 0.96167 0.435679
vt 0.97585 0.435679
vt 0.97585 0.438629
vt 0.96167 0.435679
vt 0.96167 0.432523
vt 0.97585 0.432523
vt 0.97585 0.435679
vt 0.96167 0.432523
vt 0.96167 0.429429
vt 0.97585 0.429429
vt 0.97585 0.432523
vt 0.0979 0.425537
vt 0.0979 0.422657
vt 0.11208 0.422657
vt 0.11208 0.425537
vt 0.0979 0.422657
vt 0.0979 0.419654
vt 0.11208 0.419654
vt 0.11208 0.422657
vt 0.0979 0.419654
vt 0.0979 0.41649
vt 0.11208 0.41649
vt 0.11208 0.419654
vt 0.0979 0.41649
vt 0.0979 0.413945
vt 0.11208 0.413945
vt 0.11208 0.41649
vt 0.412842 0.411865
vt 0.412842 0.409382
vt 0.427021 0.409382
vt 0.427021 0.411865
vt 0.412842 0.409382
vt 0.412842 0.406723
vt 0.427021 0.406723
vt 0.427021 0.409382
vt 0.32251 0.443584
vt 0.324989 0.443584
vt 0.324989 0.457764
vt 0.32251 0.457764
vt 0.324989 0.443584
vt 0.327967 0.443584
vt 0.327967 0.457764
vt 0.324989 0.457764
vt 0.327967 0.443584
vt 0.342549 0.443584
vt 0.342549 0.457764
vt 0.327967 0.457764
vt 0.36116 0.811193
vt 0.360644 0.807208
vt 0.360596 0.792443
vt 0.361668 0.813302
vt 0.36116 0.811193
vt 0.360596 0.792443
vt 0.362266 0.815177
vt 0.361668 0.813302
vt 0.360596 0.792443
vt 0.363011 0.817052
vt 0.362266 0.815177
vt 0.360596 0.792443
vt 0.363915 0.818927
vt 0.363011 0.817052
vt 0.360596 0.792443
vt 0.364878 0.82061
vt 0.363915 0.818927
vt 0.360596 0.792443
vt 0.366049 0.822361
vt 0.364878 0.82061
vt 0.360596 0.792443
vt 0.367221 0.823871
vt 0.366049 0.822361
vt 0.360596 0.792443
vt 0.368673 0.825489
vt 0.367221 0.823871
vt 0.360596 0.792443
vt 0.370133 0.826896
vt 0.368673 0.825489
vt 0.360596 0.792443
vt 0.371674 0.828184
vt 0.370133 0.826896
vt 0.360596 0.792443
vt 0.374989 0.830411
vt 0.371674 0.828184
vt 0.360596 0.792443
vt 0.376831 0.831384
vt 0.374989 0.830411
vt 0.360596 0.792443
vt 0.378706 0.832207
vt 0.376831 0.831384
vt 0.360596 0.792443
vt 0.381049 0.833023
vt 0.378706 0.832207
vt 0.360596 0.792443
vt 0.383628 0.833669
vt 0.381049 0.833023
vt 0.360596 0.792443
vt 0.385971 0.834042
vt 0.383628 0.833669
vt 0.360596 0.792443
vt 0.388549 0.834226
vt 0.385971 0.834042
vt 0.360596 0.792443
vt 0.423706 0.833965
vt 0.420424 0.834229
vt 0.388549 0.834226
vt 0.426753 0.833375
vt 0.423706 0.833965
vt 0.388549 0.834226
vt 0.429799 0.832429
vt 0.426753 0.833375
vt 0.388549 0.834226
vt 0.432846 0.831088
vt 0.429799 0.832429
vt 0.388549 0.834226
vt 0.435659 0.829442
vt 0.432846 0.831088
vt 0.388549 0.834226
vt 0.438237 0.827513
vt 0.435659 0.829442
vt 0.388549 0.834226
vt 0.440632 0.825255
vt 0.438237 0.827513
vt 0.388549 0.834226
vt 0.442799 0.822677
vt 0.440632 0.825255
vt 0.388549 0.834226
vt 0.444565 0.820008
vt 0.442799 0.822677
vt 0.388549 0.834226
vt 0.44607 0.817052
vt 0.444565 0.820008
vt 0.388549 0.834226
vt 0.446977 0.814708
vt 0.44607 0.817052
vt 0.388549 0.834226
vt 0.447716 0.81213
vt 0.446977 0.814708
vt 0.388549 0.834226
vt 0.448202 0.809552
vt 0.447716 0.81213
vt 0.388549 0.834226
vt 0.448449 0.806974
vt 0.448202 0.809552
vt 0.388549 0.834226
vt 0.44818 0.788458
vt 0.448463 0.791505
vt 0.448449 0.806974
vt 0.447622 0.785646
vt 0.44818 0.788458
vt 0.448449 0.806974
vt 0.446927 0.783302
vt 0.447622 0.785646
vt 0.448449 0.806974
vt 0.446004 0.780958
vt 0.446927 0.783302
vt 0.448449 0.806974
vt 0.44496 0.778849
vt 0.446004 0.780958
vt 0.448449 0.806974
vt 0.443684 0.776739
vt 0.44496 0.778849
vt 0.448449 0.806974
vt 0.442326 0.774864
vt 0.443684 0.776739
vt 0.448449 0.806974
vt 0.440712 0.772989
vt 0.442326 0.774864
vt 0.448449 0.806974
vt 0.43894 0.771257
vt 0.440712 0.772989
vt 0.448449 0.806974
vt 0.437065 0.769713
vt 0.43894 0.771257
vt 0.448449 0.806974
vt 0.434956 0.768265
vt 0.437065 0.769713
vt 0.448449 0.806974
vt 0.432846 0.767072
vt 0.434956 0.768265
vt 0.448449 0.806974
vt 0.430737 0.766099
vt 0.432846 0.767072
vt 0.448449 0.806974
vt 0.428393 0.765247
vt 0.430737 0.766099
vt 0.448449 0.806974
vt 0.426049 0.764617
vt 0.428393 0.765247
vt 0.448449 0.806974
vt 0.423706 0.764194
vt 0.426049 0.764617
vt 0.448449 0.806974
vt 0.421362 0.763967
vt 0.423706 0.764194
vt 0.448449 0.806974
vt 0.418602 0.76392
vt 0.421362 0.763967
vt 0.448449 0.806974
vt 0.421128 0.781584
vt 0.418647 0.781427
vt 0.418602 0.76392
vt 0.423003 0.78198
vt 0.421128 0.781584
vt 0.418602 0.76392
vt 0.424878 0.78274
vt 0.423003 0.78198
vt 0.418602 0.76392
vt 0.426511 0.783771
vt 0.424878 0.78274
vt 0.418602 0.76392
vt 0.427924 0.78505
vt 0.426511 0.783771
vt 0.418602 0.76392
vt 0.427924 0.78505
vt 0.418602 0.76392
vt 0.448449 0.806974
vt 0.429119 0.786583
vt 0.427924 0.78505
vt 0.448449 0.806974
vt 0.430095 0.788458
vt 0.429119 0.786583
vt 0.448449 0.806974
vt 0.430667 0.790333
vt 0.430095 0.788458
vt 0.448449 0.806974
vt 0.430906 0.792443
vt 0.430667 0.790333
vt 0.448449 0.806974
vt 0.430883 0.806271
vt 0.430906 0.792443
vt 0.448449 0.806974
vt 0.430698 0.807677
vt 0.430883 0.806271
vt 0.448449 0.806974
vt 0.4304 0.808849
vt 0.430698 0.807677
vt 0.448449 0.806974
vt 0.429853 0.810255
vt 0.4304 0.808849
vt 0.448449 0.806974
vt 0.429214 0.811427
vt 0.429853 0.810255
vt 0.448449 0.806974
vt 0.42769 0.813353
vt 0.429214 0.811427
vt 0.448449 0.806974
vt 0.426702 0.814239
vt 0.42769 0.813353
vt 0.448449 0.806974
vt 0.425581 0.815024
vt 0.426702 0.814239
vt 0.448449 0.806974
vt 0.424409 0.815647
vt 0.425581 0.815024
vt 0.448449 0.806974
vt 0.424409 0.815647
vt 0.448449 0.806974
vt 0.388549 0.834226
vt 0.423237 0.816106
vt 0.424409 0.815647
vt 0.388549 0.834226
vt 0.420893 0.816601
vt 0.423237 0.816106
vt 0.388549 0.834226
vt 0.389253 0.816658
vt 0.420893 0.816601
vt 0.388549 0.834226
vt 0.387612 0.816528
vt 0.389253 0.816658
vt 0.388549 0.834226
vt 0.385971 0.816147
vt 0.387612 0.816528
vt 0.388549 0.834226
vt 0.384799 0.815705
vt 0.385971 0.816147
vt 0.388549 0.834226
vt 0.383628 0.8151
vt 0.384799 0.815705
vt 0.388549 0.834226
vt 0.382456 0.8143
vt 0.383628 0.8151
vt 0.388549 0.834226
vt 0.381518 0.81348
vt 0.382456 0.8143
vt 0.388549 0.834226
vt 0.381518 0.81348
vt 0.388549 0.834226
vt 0.360596 0.792443
vt 0.380581 0.812439
vt 0.381518 0.81348
vt 0.360596 0.792443
vt 0.379866 0.811427
vt 0.380581 0.812439
vt 0.360596 0.792443
vt 0.379228 0.810255
vt 0.379866 0.811427
vt 0.360596 0.792443
vt 0.378681 0.808849
vt 0.379228 0.810255
vt 0.360596 0.792443
vt 0.37834 0.807443
vt 0.378681 0.808849
vt 0.360596 0.792443
vt 0.378177 0.805802
vt 0.37834 0.807443
vt 0.360596 0.792443
vt 0.378209 0.791739
vt 0.378177 0.805802
vt 0.360596 0.792443
vt 0.378586 0.78963
vt 0.378209 0.791739
vt 0.360596 0.792443
vt 0.379417 0.787521
vt 0.378586 0.78963
vt 0.360596 0.792443
vt 0.38064 0.785646
vt 0.379417 0.787521
vt 0.360596 0.792443
vt 0.382221 0.784047
vt 0.38064 0.785646
vt 0.360596 0.792443
vt 0.384027 0.782833
vt 0.382221 0.784047
vt 0.360596 0.792443
vt 0.385971 0.782013
vt 0.384027 0.782833
vt 0.360596 0.792443
vt 0.390478 0.763915
vt 0.390478 0.781427
vt 0.387846 0.781598
vt 0.390478 0.763915
vt 0.387846 0.781598
vt 0.385971 0.782013
vt 0.390478 0.763915
vt 0.385971 0.782013
vt 0.360596 0.792443
vt 0.386909 0.764024
vt 0.390478 0.763915
vt 0.360596 0.792443
vt 0.384565 0.764318
vt 0.386909 0.764024
vt 0.360596 0.792443
vt 0.382456 0.764753
vt 0.384565 0.764318
vt 0.360596 0.792443
vt 0.379409 0.765683
vt 0.382456 0.764753
vt 0.360596 0.792443
vt 0.376596 0.76689
vt 0.379409 0.765683
vt 0.360596 0.792443
vt 0.374018 0.768332
vt 0.376596 0.76689
vt 0.360596 0.792443
vt 0.37144 0.770159
vt 0.374018 0.768332
vt 0.360596 0.792443
vt 0.369096 0.772241
vt 0.37144 0.770159
vt 0.360596 0.792443
vt 0.367133 0.774396
vt 0.369096 0.772241
vt 0.360596 0.792443
vt 0.365346 0.776815
vt 0.367133 0.774396
vt 0.360596 0.792443
vt 0.363749 0.779552
vt 0.365346 0.776815
vt 0.360596 0.792443
vt 0.362679 0.781896
vt 0.363749 0.779552
vt 0.360596 0.792443
vt 0.36185 0.784239
vt 0.362679 0.781896
vt 0.360596 0.792443
vt 0.36119 0.786818
vt 0.36185 0.784239
vt 0.360596 0.792443
vt 0.360596 0.792443
vt 0.360778 0.789396
vt 0.36119 0.786818
vt 0.449951 0.805701
vt 0.45 0.790935
vt 0.450515 0.786951
vt 0.449951 0.805701
vt 0.450515 0.786951
vt 0.451024 0.784841
vt 0.449951 0.805701
vt 0.451024 0.784841
vt 0.451622 0.782966
vt 0.449951 0.805701
vt 0.451622 0.782966
vt 0.452366 0.781091
vt 0.449951 0.805701
vt 0.452366 0.781091
vt 0.45327 0.779216
vt 0.449951 0.805701
vt 0.45327 0.779216
vt 0.454233 0.777533
vt 0.449951 0.805701
vt 0.454233 0.777533
vt 0.455405 0.775782
vt 0.449951 0.805701
vt 0.455405 0.775782
vt 0.456577 0.774272
vt 0.449951 0.805701
vt 0.456577 0.774272
vt 0.458028 0.772654
vt 0.449951 0.805701
vt 0.458028 0.772654
vt 0.459488 0.771247
vt 0.449951 0.805701
vt 0.459488 0.771247
vt 0.46103 0.769959
vt 0.449951 0.805701
vt 0.46103 0.769959
vt 0.464344 0.767732
vt 0.449951 0.805701
vt 0.464344 0.767732
vt 0.466186 0.766759
vt 0.449951 0.805701
vt 0.466186 0.766759
vt 0.468061 0.765936
vt 0.449951 0.805701
vt 0.468061 0.765936
vt 0.470405 0.76512
vt 0.449951 0.805701
vt 0.470405 0.76512
vt 0.472983 0.764474
vt 0.449951 0.805701
vt 0.472983 0.764474
vt 0.475327 0.764102
vt 0.449951 0.805701
vt 0.475327 0.764102
vt 0.477905 0.763917
vt 0.477905 0.763917
vt 0.50978 0.763915
vt 0.513061 0.764178
vt 0.477905 0.763917
vt 0.513061 0.764178
vt 0.516108 0.764768
vt 0.477905 0.763917
vt 0.516108 0.764768
vt 0.519155 0.765714
vt 0.477905 0.763917
vt 0.519155 0.765714
vt 0.522202 0.767055
vt 0.477905 0.763917
vt 0.522202 0.767055
vt 0.525014 0.768701
vt 0.477905 0.763917
vt 0.525014 0.768701
vt 0.527592 0.77063
vt 0.477905 0.763917
vt 0.527592 0.77063
vt 0.529988 0.772888
vt 0.477905 0.763917
vt 0.529988 0.772888
vt 0.532155 0.775466
vt 0.477905 0.763917
vt 0.532155 0.775466
vt 0.53392 0.778135
vt 0.477905 0.763917
vt 0.53392 0.778135
vt 0.535426 0.781091
vt 0.477905 0.763917
vt 0.535426 0.781091
vt 0.536333 0.783435
vt 0.477905 0.763917
vt 0.536333 0.783435
vt 0.537071 0.786013
vt 0.477905 0.763917
vt 0.537071 0.786013
vt 0.537557 0.788591
vt 0.477905 0.763917
vt 0.537557 0.788591
vt 0.537805 0.791169
vt 0.537805 0.791169
vt 0.537819 0.806638
vt 0.537536 0.809685
vt 0.537805 0.791169
vt 0.537536 0.809685
vt 0.536978 0.812497
vt 0.537805 0.791169
vt 0.536978 0.812497
vt 0.536282 0.814841
vt 0.537805 0.791169
vt 0.536282 0.814841
vt 0.53536 0.817185
vt 0.537805 0.791169
vt 0.53536 0.817185
vt 0.534315 0.819294
vt 0.537805 0.791169
vt 0.534315 0.819294
vt 0.53304 0.821404
vt 0.537805 0.791169
vt 0.53304 0.821404
vt 0.531681 0.823279
vt 0.537805 0.791169
vt 0.531681 0.823279
vt 0.530068 0.825154
vt 0.537805 0.791169
vt 0.530068 0.825154
vt 0.528295 0.826886
vt 0.537805 0.791169
vt 0.528295 0.826886
vt 0.52642 0.82843
vt 0.537805 0.791169
vt 0.52642 0.82843
vt 0.524311 0.829878
vt 0.537805 0.791169
vt 0.524311 0.829878
vt 0.522202 0.831071
vt 0.537805 0.791169
vt 0.522202 0.831071
vt 0.520092 0.832045
vt 0.537805 0.791169
vt 0.520092 0.832045
vt 0.517749 0.832896
vt 0.537805 0.791169
vt 0.517749 0.832896
vt 0.515405 0.833526
vt 0.537805 0.791169
vt 0.515405 0.833526
vt 0.513061 0.833949
vt 0.537805 0.791169
vt 0.513061 0.833949
vt 0.510717 0.834176
vt 0.537805 0.791169
vt 0.510717 0.834176
vt 0.507957 0.834223
vt 0.507957 0.834223
vt 0.508003 0.816716
vt 0.510483 0.816559
vt 0.507957 0.834223
vt 0.510483 0.816559
vt 0.512358 0.816163
vt 0.507957 0.834223
vt 0.512358 0.816163
vt 0.514233 0.815403
vt 0.507957 0.834223
vt 0.514233 0.815403
vt 0.515866 0.814372
vt 0.507957 0.834223
vt 0.515866 0.814372
vt 0.51728 0.813093
vt 0.537805 0.791169
vt 0.507957 0.834223
vt 0.51728 0.813093
vt 0.537805 0.791169
vt 0.51728 0.813093
vt 0.518475 0.81156
vt 0.537805 0.791169
vt 0.518475 0.81156
vt 0.51945 0.809685
vt 0.537805 0.791169
vt 0.51945 0.809685
vt 0.520023 0.80781
vt 0.537805 0.791169
vt 0.520023 0.80781
vt 0.520261 0.805701
vt 0.537805 0.791169
vt 0.520261 0.805701
vt 0.520238 0.791872
vt 0.537805 0.791169
vt 0.520238 0.791872
vt 0.520053 0.790466
vt 0.537805 0.791169
vt 0.520053 0.790466
vt 0.519755 0.789294
vt 0.537805 0.791169
vt 0.519755 0.789294
vt 0.519208 0.787888
vt 0.537805 0.791169
vt 0.519208 0.787888
vt 0.51857 0.786716
vt 0.537805 0.791169
vt 0.51857 0.786716
vt 0.517045 0.78479
vt 0.537805 0.791169
vt 0.517045 0.78479
vt 0.516058 0.783904
vt 0.537805 0.791169
vt 0.516058 0.783904
vt 0.514936 0.783119
vt 0.537805 0.791169
vt 0.514936 0.783119
vt 0.513764 0.782496
vt 0.477905 0.763917
vt 0.537805 0.791169
vt 0.513764 0.782496
vt 0.477905 0.763917
vt 0.513764 0.782496
vt 0.512592 0.782037
vt 0.477905 0.763917
vt 0.512592 0.782037
vt 0.510249 0.781542
vt 0.477905 0.763917
vt 0.510249 0.781542
vt 0.478608 0.781485
vt 0.477905 0.763917
vt 0.478608 0.781485
vt 0.476967 0.781615
vt 0.477905 0.763917
vt 0.476967 0.781615
vt 0.475327 0.781997
vt 0.477905 0.763917
vt 0.475327 0.781997
vt 0.474155 0.782438
vt 0.477905 0.763917
vt 0.474155 0.782438
vt 0.472983 0.783043
vt 0.477905 0.763917
vt 0.472983 0.783043
vt 0.471811 0.783843
vt 0.477905 0.763917
vt 0.471811 0.783843
vt 0.470874 0.784663
vt 0.449951 0.805701
vt 0.477905 0.763917
vt 0.470874 0.784663
vt 0.449951 0.805701
vt 0.470874 0.784663
vt 0.469936 0.785704
vt 0.449951 0.805701
vt 0.469936 0.785704
vt 0.469222 0.786716
vt 0.449951 0.805701
vt 0.469222 0.786716
vt 0.468584 0.787888
vt 0.449951 0.805701
vt 0.468584 0.787888
vt 0.468036 0.789294
vt 0.449951 0.805701
vt 0.468036 0.789294
vt 0.467695 0.790701
vt 0.449951 0.805701
vt 0.467695 0.790701
vt 0.467532 0.792341
vt 0.449951 0.805701
vt 0.467532 0.792341
vt 0.467565 0.806404
vt 0.449951 0.805701
vt 0.467565 0.806404
vt 0.467942 0.808513
vt 0.449951 0.805701
vt 0.467942 0.808513
vt 0.468773 0.810622
vt 0.449951 0.805701
vt 0.468773 0.810622
vt 0.469996 0.812497
vt 0.449951 0.805701
vt 0.469996 0.812497
vt 0.471577 0.814096
vt 0.449951 0.805701
vt 0.471577 0.814096
vt 0.473382 0.81531
vt 0.449951 0.805701
vt 0.473382 0.81531
vt 0.475327 0.81613
vt 0.477202 0.816545
vt 0.479833 0.816716
vt 0.479833 0.834229
vt 0.475327 0.81613
vt 0.477202 0.816545
vt 0.479833 0.834229
vt 0.449951 0.805701
vt 0.475327 0.81613
vt 0.479833 0.834229
vt 0.449951 0.805701
vt 0.479833 0.834229
vt 0.476264 0.834119
vt 0.449951 0.805701
vt 0.476264 0.834119
vt 0.47392 0.833826
vt 0.449951 0.805701
vt 0.47392 0.833826
vt 0.471811 0.83339
vt 0.449951 0.805701
vt 0.471811 0.83339
vt 0.468764 0.83246
vt 0.449951 0.805701
vt 0.468764 0.83246
vt 0.465952 0.831253
vt 0.449951 0.805701
vt 0.465952 0.831253
vt 0.463374 0.829811
vt 0.449951 0.805701
vt 0.463374 0.829811
vt 0.460795 0.827984
vt 0.449951 0.805701
vt 0.460795 0.827984
vt 0.458452 0.825902
vt 0.449951 0.805701
vt 0.458452 0.825902
vt 0.456488 0.823747
vt 0.449951 0.805701
vt 0.456488 0.823747
vt 0.454702 0.821328
vt 0.449951 0.805701
vt 0.454702 0.821328
vt 0.453104 0.818591
vt 0.449951 0.805701
vt 0.453104 0.818591
vt 0.452034 0.816247
vt 0.449951 0.805701
vt 0.452034 0.816247
vt 0.451205 0.813904
vt 0.449951 0.805701
vt 0.451205 0.813904
vt 0.450546 0.811326
vt 0.450546 0.811326
vt 0.450134 0.808747
vt 0.449951 0.805701
vn 0.030083 -0.999547 0
vn 0.165713 -0.986174 0
vn 0.267486 -0.963562 0
vn 0.336987 -0.941509 0
vn 0.402511 -0.915415 0
vn 0.46461 -0.885515 0
vn 0.527925 -0.849291 0
vn 0.583623 -0.812024 0
vn 0.642488 -0.766295 0
vn 0.693539 -0.720419 0
vn 0.744133 -0.668031 0
vn 0.80999 -0.586444 0
vn 0.849695 -0.527275 0
vn 0.900393 -0.435078 0
vn 0.93211 -0.362176 0
vn 0.958634 -0.284641 0
vn 0.979253 -0.202642 0
vn 0.993653 -0.112487 0
vn 0.999985 -0.005427 0
vn 0.999973 0.007407 0
vn 0.991027 0.133662 0
vn 0.969647 0.244508 0
vn 0.936216 0.351424 0
vn 0.890905 0.454189 0
vn 0.83339 0.552686 0
vn 0.765025 0.644 0
vn 0.686235 0.72738 0
vn 0.599731 0.800202 0
vn 0.502688 0.864468 0
vn 0.414303 0.910139 0
vn 0.317071 0.948402 0
vn 0.231044 0.972943 0
vn 0.140842 0.990032 0
vn 0.014494 0.999895 0
vn -0.014514 0.999895 0
vn -0.142131 0.989848 0
vn -0.236263 0.971689 0
vn -0.32627 0.945277 0
vn -0.404061 0.914732 0
vn -0.481853 0.876252 0
vn -0.551457 0.834203 0
vn -0.621096 0.783735 0
vn -0.684303 0.729198 0
vn -0.743985 0.668196 0
vn -0.79969 0.600414 0
vn -0.847533 0.530743 0
vn -0.889548 0.456842 0
vn -0.925368 0.379069 0
vn -0.953533 0.301289 0
vn -0.975654 0.219314 0
vn -0.990518 0.137382 0
vn -0.998568 0.053505 0
vn -0.999855 0.017027 0
vn 0.002594 -0.999997 0
vn 0.998 -0.063215 0
vn 0.99204 -0.125925 0
vn 0.955629 -0.294574 0
vn 0.89066 -0.454669 0
vn 0.796811 -0.604228 0
vn 0.680028 -0.733187 0
vn 0.537152 -0.843485 0
vn 0.381519 -0.924361 0
vn 0.199547 -0.979888 0
vn 0.013517 -0.999909 0
vn -0.013674 -0.999907 0
vn -0.184074 -0.982912 0
vn -0.311433 -0.950268 0
vn -0.417801 -0.908539 0
vn -0.572367 -0.819998 0
vn -0.666108 -0.745855 0
vn -0.783948 -0.620826 0
vn -0.852221 -0.523182 0
vn -0.907927 -0.419128 0
vn -0.9651 -0.261883 0
vn -0.999868 -0.016238 0
vn -0.999998 0.002204 0
vn -0.988086 0.153902 0
vn -0.959721 0.280955 0
vn -0.913176 0.407565 0
vn -0.857796 0.51399 0
vn -0.793016 0.609201 0
vn -0.709629 0.704576 0
vn -0.626822 0.779163 0
vn -0.52656 0.850138 0
vn -0.417762 0.908556 0
vn -0.301238 0.953549 0
vn -0.163305 0.986576 0
vn -0.008303 0.999966 0
vn 0.025322 0.999679 0
vn 0.275262 0.961369 0
vn 0.458222 0.888838 0
vn 0.628127 0.778111 0
vn 0.769307 0.638879 0
vn 0.879001 0.47682 0
vn 0.951453 0.307793 0
vn 0.991656 0.128911 0
vn 0.997902 0.064739 0
vn 0 1 0
vn -0.999534 -0.03054 0
vn -0.997686 -0.067988 0
vn -0.986865 -0.161547 0
vn -0.966668 -0.256034 0
vn -0.939458 -0.342665 0
vn -0.897498 -0.441019 0
vn -0.844526 -0.535514 0
vn -0.783071 -0.621933 0
vn -0.712977 -0.701187 0
vn -0.633999 -0.773334 0
vn -0.548639 -0.83606 0
vn -0.464847 -0.885391 0
vn -0.375491 -0.926826 0
vn -0.28948 -0.957184 0
vn -0.203456 -0.979084 0
vn -0.105152 -0.994456 0
vn -0.007515 -0.999972 0
vn 0 0 -1
vn 0 0 1
f 1/1/1 2/2/2 115/3/2 114/4/1
f 2/5/2 3/6/3 116/7/3 115/8/2
f 3/9/3 4/10/4 117/11/4 116/12/3
f 4/13/4 5/14/5 118/15/5 117/16/4
f 5/17/5 6/18/6 119/19/6 118/20/5
f 6/21/6 7/22/7 120/23/7 119/24/6
f 7/25/7 8/26/8 121/27/8 120/28/7
f 8/29/8 9/30/9 122/31/9 121/32/8
f 9/33/9 10/34/10 123/35/10 122/36/9
f 10/37/10 11/38/11 124/39/11 123/40/10
f 11/41/11 12/42/12 125/43/12 124/44/11
f 12/45/12 13/46/13 126/47/13 125/48/12
f 13/49/13 14/50/14 127/51/14 126/52/13
f 14/53/14 15/54/15 128/55/15 127/56/14
f 15/57/15 16/58/16 129/59/16 128/60/15
f 16/61/16 17/62/17 130/63/17 129/64/16
f 17/65/17 18/66/18 131/67/18 130/68/17
f 18/69/18 19/70/19 132/71/19 131/72/18
f 19/73/19 20/74/20 133/75/20 132/76/19
f 20/77/20 21/78/21 134/79/21 133/80/20
f 21/81/21 22/82/22 135/83/22 134/84/21
f 22/85/22 23/86/23 136/87/23 135/88/22
f 23/89/23 24/90/24 137/91/24 136/92/23
f 24/93/24 25/94/25 138/95/25 137/96/24
f 25/97/25 26/98/26 139/99/26 138/100/25
f 26/101/26 27/102/27 140/103/27 139/104/26
f 27/105/27 28/106/28 141/107/28 140/108/27
f 28/109/28 29/110/29 142/111/29 141/112/28
f 29/113/29 30/114/30 143/115/30 142/116/29
f 30/117/30 31/118/31 144/119/31 143/120/30
f 31/121/31 32/122/32 145/123/32 144/124/31
f 32/125/32 33/126/33 146/127/33 145/128/32
f 33/129/33 34/130/34 147/131/34 146/132/33
f 34/133/34 35/134/35 148/135/35 147/136/34
f 35/137/35 36/138/36 149/139/36 148/140/35
f 36/141/36 37/142/37 150/143/37 149/144/36
f 37/145/37 38/146/38 151/147/38 150/148/37
f 38/149/38 39/150/39 152/151/39 151/152/38
f 39/153/39 40/154/40 153/155/40 152/156/39
f 40/157/40 41/158/41 154/159/41 153/160/40
f 41/161/41 42/162/42 155/163/42 154/164/41
f 42/165/42 43/166/43 156/167/43 155/168/42
f 43/169/43 44/170/44 157/171/44 156/172/43
f 44/173/44 45/174/45 158/175/45 157/176/44
f 45/177/45 46/178/46 159/179/46 158/180/45
f 46/181/46 47/182/47 160/183/47 159/184/46
f 47/185/47 48/186/48 161/187/48 160/188/47
f 48/189/48 49/190/49 162/191/49 161/192/48
f 49/193/49 50/194/50 163/195/50 162/196/49
f 50/197/50 51/198/51 164/199/51 163/200/50
f 51/201/51 52/202/52 165/203/52 164/204/51
f 52/205/52 53/206/53 166/207/53 165/208/52
f 53/209/54 54/210/54 167/211/54 166/212/54
f 54/213/55 55/214/56 168/215/56 167/216/55
f 55/217/56 56/218/57 169/219/57 168/220/56
f 56/221/57 57/222/58 170/223/58 169/224/57
f 57/225/58 58/226/59 171/227/59 170/228/58
f 58/229/59 59/230/60 172/231/60 171/232/59
f 59/233/60 60/234/61 173/235/61 172/236/60
f 60/237/61 61/238/62 174/239/62 173/240/61
f 61/241/62 62/242/63 175/243/63 174/244/62
f 62/245/63 63/246/64 176/247/64 175/248/63
f 63/249/64 64/250/65 177/251/65 176/252/64
f 64/253/65 65/254/66 178/255/66 177/256/65
f 65/257/66 66/258/67 179/259/67 178/260/66
f 66/261/67 67/262/68 180/263/68 179/264/67
f 67/265/68 68/266/69 181/267/69 180/268/68
f 68/269/69 69/270/70 182/271/70 181/272/69
f 69/273/70 70/274/71 183/275/71 182/276/70
f 70/277/71 71/278/72 184/279/72 183/280/71
f 71/281/72 72/282/73 185/283/73 184/284/72
f 72/285/73 73/286/74 186/287/74 185/288/73
f 73/289/74 74/290/75 187/291/75 186/292/74
f 74/293/75 75/294/76 188/295/76 187/296/75
f 75/297/76 76/298/77 189/299/77 188/300/76
f 76/301/77 77/302/78 190/303/78 189/304/77
f 77/305/78 78/306/79 191/307/79 190/308/78
f 78/309/79 79/310/80 192/311/80 191/312/79
f 79/313/80 80/314/81 193/315/81 192/316/80
f 80/317/81 81/318/82 194/319/82 193/320/81
f 81/321/82 82/322/83 195/323/83 194/324/82
f 82/325/83 83/326/84 196/327/84 195/328/83
f 83/329/84 84/330/85 197/331/85 196/332/84
f 84/333/85 85/334/86 198/335/86 197/336/85
f 85/337/86 86/338/87 199/339/87 198/340/86
f 86/341/87 87/342/88 200/343/88 199/344/87
f 87/345/88 88/346/89 201/347/89 200/348/88
f 88/349/89 89/350/90 202/351/90 201/352/89
f 89/353/90 90/354/91 203/355/91 202/356/90
f 90/357/91 91/358/92 204/359/92 203/360/91
f 91/361/92 92/362/93 205/363/93 204/364/92
f 92/365/93 93/366/94 206/367/94 205/368/93
f 93/369/94 94/370/95 207/371/95 206/372/94
f 94/373/95 95/374/96 208/375/96 207/376/95
f 95/377/96 96/378/97 209/379/97 208/380/96
f 96/381/98 97/382/98 210/383/98 209/384/98
f 97/385/99 98/386/100 211/387/100 210/388/99
f 98/389/100 99/390/101 212/391/101 211/392/100
f 99/393/101 100/394/102 213/395/102 212/396/101
f 100/397/102 101/398/103 214/399/103 213/400/102
f 101/401/103 102/402/104 215/403/104 214/404/103
f 102/405/104 103/406/105 216/407/105 215/408/104
f 103/409/105 104/410/106 217/411/106 216/412/105
f 104/413/106 105/414/107 218/415/107 217/416/106
f 105/417/107 106/418/108 219/419/108 218/420/107
f 106/421/108 107/422/109 220/423/109 219/424/108
f 107/425/109 108/426/110 221/427/110 220/428/109
f 108/429/110 109/430/111 222/431/111 221/432/110
f 109/433/111 110/434/112 223/435/112 222/436/111
f 110/437/112 111/438/113 224/439/113 223/440/112
f 111/441/113 112/442/114 225/443/114 224/444/113
f 112/445/114 113/446/115 226/447/115 225/448/114
f 113/449/115 1/450/1 114/451/1 226/452/115
f 228/453/116 227/454/116 339/455/116
f 229/456/116 228/457/116 339/458/116
f 230/459/116 229/460/116 339/461/116
f 231/462/116 230/463/116 339/464/116
f 232/465/116 231/466/116 339/467/116
f 233/468/116 232/469/116 339/470/116
f 234/471/116 233/472/116 339/473/116
f 235/474/116 234/475/116 339/476/116
f 236/477/116 235/478/116 339/479/116
f 237/480/116 236/481/116 339/482/116
f 238/483/116 237/484/116 339/485/116
f 239/486/116 238/487/116 339/488/116
f 240/489/116 239/490/116 339/491/116
f 241/492/116 240/493/116 339/494/116
f 242/495/116 241/496/116 339/497/116
f 243/498/116 242/499/116 339/500/116
f 244/501/116 243/502/116 339/503/116
f 245/504/116 244/505/116 339/506/116
f 247/507/116 246/508/116 245/509/116
f 248/510/116 247/511/116 245/512/116
f 249/513/116 248/514/116 245/515/116
f 250/516/116 249/517/116 245/518/116
f 251/519/116 250/520/116 245/521/116
f 252/522/116 251/523/116 245/524/116
f 253/525/116 252/526/116 245/527/116
f 254/528/116 253/529/116 245/530/116
f 255/531/116 254/532/116 245/533/116
f 256/534/116 255/535/116 245/536/116
f 257/537/116 256/538/116 245/539/116
f 258/540/116 257/541/116 245/542/116
f 259/543/116 258/544/116 245/545/116
f 260/546/116 259/547/116 245/548/116
f 262/549/116 261/550/116 260/551/116
f 263/552/116 262/553/116 260/554/116
f 264/555/116 263/556/116 260/557/116
f 265/558/116 264/559/116 260/560/116
f 266/561/116 265/562/116 260/563/116
f 267/564/116 266/565/116 260/566/116
f 268/567/116 267/568/116 260/569/116
f 269/570/116 268/571/116 260/572/116
f 270/573/116 269/574/116 260/575/116
f 271/576/116 270/577/116 260/578/116
f 272/579/116 271/580/116 260/581/116
f 273/582/116 272/583/116 260/584/116
f 274/585/116 273/586/116 260/587/116
f 275/588/116 274/589/116 260/590/116
f 276/591/116 275/592/116 260/593/116
f 277/594/116 276/595/116 260/596/116
f 278/597/116 277/598/116 260/599/116
f 279/600/116 278/601/116 260/602/116
f 281/603/116 280/604/116 279/605/116
f 282/606/116 281/607/116 279/608/116
f 283/609/116 282/610/116 279/611/116
f 284/612/116 283/613/116 279/614/116
f 285/615/116 284/616/116 279/617/116
f 285/618/116 279/619/116 260/620/116
f 286/621/116 285/622/116 260/623/116
f 287/624/116 286/625/116 260/626/116
f 288/627/116 287/628/116 260/629/116
f 289/630/116 288/631/116 260/632/116
f 290/633/116 289/634/116 260/635/116
f 291/636/116 290/637/116 260/638/116
f 292/639/116 291/640/116 260/641/116
f 293/642/116 292/643/116 260/644/116
f 294/645/116 293/646/116 260/647/116
f 295/648/116 294/649/116 260/650/116
f 296/651/116 295/652/116 260/653/116
f 297/654/116 296/655/116 260/656/116
f 298/657/116 297/658/116 260/659/116
f 298/660/116 260/661/116 245/662/116
f 299/663/116 298/664/116 245/665/116
f 300/666/116 299/667/116 245/668/116
f 301/669/116 300/670/116 245/671/116
f 302/672/116 301/673/116 245/674/116
f 303/675/116 302/676/116 245/677/116
f 304/678/116 303/679/116 245/680/116
f 305/681/116 304/682/116 245/683/116
f 306/684/116 305/685/116 245/686/116
f 307/687/116 306/688/116 245/689/116
f 307/690/116 245/691/116 339/692/116
f 308/693/116 307/694/116 339/695/116
f 309/696/116 308/697/116 339/698/116
f 310/699/116 309/700/116 339/701/116
f 311/702/116 310/703/116 339/704/116
f 312/705/116 311/706/116 339/707/116
f 313/708/116 312/709/116 339/710/116
f 314/711/116 313/712/116 339/713/116
f 315/714/116 314/715/116 339/716/116
f 316/717/116 315/718/116 339/719/116
f 317/720/116 316/721/116 339/722/116
f 318/723/116 317/724/116 339/725/116
f 319/726/116 318/727/116 339/728/116
f 320/729/116 319/730/116 339/731/116
f 323/732/116 322/733/116 321/734/116
f 323/735/116 321/736/116 320/737/116
f 323/738/116 320/739/116 339/740/116
f 324/741/116 323/742/116 339/743/116
f 325/744/116 324/745/116 339/746/116
f 326/747/116 325/748/116 339/749/116
f 327/750/116 326/751/116 339/752/116
f 328/753/116 327/754/116 339/755/116
f 329/756/116 328/757/116 339/758/116
f 330/759/116 329/760/116 339/761/116
f 331/762/116 330/763/116 339/764/116
f 332/765/116 331/766/116 339/767/116
f 333/768/116 332/769/116 339/770/116
f 334/771/116 333/772/116 339/773/116
f 335/774/116 334/775/116 339/776/116
f 336/777/116 335/778/116 339/779/116
f 337/780/116 336/781/116 339/782/116
f 339/783/116 338/784/116 337/785/116
f 452/786/117 340/787/117 341/788/117
f 452/789/117 341/790/117 342/791/117
f 452/792/117 342/793/117 343/794/117
f 452/795/117 343/796/117 344/797/117
f 452/798/117 344/799/117 345/800/117
f 452/801/117 345/802/117 346/803/117
f 452/804/117 346/805/117 347/806/117
f 452/807/117 347/808/117 348/809/117
f 452/810/117 348/811/117 349/812/117
f 452/813/117 349/814/117 350/815/117
f 452/816/117 350/817/117 351/818/117
f 452/819/117 351/820/117 352/821/117
f 452/822/117 352/823/117 353/824/117
f 452/825/117 353/826/117 354/827/117
f 452/828/117 354/829/117 355/830/117
f 452/831/117 355/832/117 356/833/117
f 452/834/117 356/835/117 357/836/117
f 452/837/117 357/838/117 358/839/117
f 358/840/117 359/841/117 360/842/117
f 358/843/117 360/844/117 361/845/117
f 358/846/117 361/847/117 362/848/117
f 358/849/117 362/850/117 363/851/117
f 358/852/117 363/853/117 364/854/117
f 358/855/117 364/856/117 365/857/117
f 358/858/117 365/859/117 366/860/117
f 358/861/117 366/862/117 367/863/117
f 358/864/117 367/865/117 368/866/117
f 358/867/117 368/868/117 369/869/117
f 358/870/117 369/871/117 370/872/117
f 358/873/117 370/874/117 371/875/117
f 358/876/117 371/877/117 372/878/117
f 358/879/117 372/880/117 373/881/117
f 373/882/117 374/883/117 375/884/117
f 373/885/117 375/886/117 376/887/117
f 373/888/117 376/889/117 377/890/117
f 373/891/117 377/892/117 378/893/117
f 373/894/117 378/895/117 379/896/117
f 373/897/117 379/898/117 380/899/117
f 373/900/117 380/901/117 381/902/117
f 373/903/117 381/904/117 382/905/117
f 373/906/117 382/907/117 383/908/117
f 373/909/117 383/910/117 384/911/117
f 373/912/117 384/913/117 385/914/117
f 373/915/117 385/916/117 386/917/117
f 373/918/117 386/919/117 387/920/117
f 373/921/117 387/922/117 388/923/117
f 373/924/117 388/925/117 389/926/117
f 373/927/117 389/928/117 390/929/117
f 373/930/117 390/931/117 391/932/117
f 373/933/117 391/934/117 392/935/117
f 392/936/117 393/937/117 394/938/117
f 392/939/117 394/940/117 395/941/117
f 392/942/117 395/943/117 396/944/117
f 392/945/117 396/946/117 397/947/117
f 392/948/117 397/949/117 398/950/117
f 373/951/117 392/952/117 398/953/117
f 373/954/117 398/955/117 399/956/117
f 373/957/117 399/958/117 400/959/117
f 373/960/117 400/961/117 401/962/117
f 373/963/117 401/964/117 402/965/117
f 373/966/117 402/967/117 403/968/117
f 373/969/117 403/970/117 404/971/117
f 373/972/117 404/973/117 405/974/117
f 373/975/117 405/976/117 406/977/117
f 373/978/117 406/979/117 407/980/117
f 373/981/117 407/982/117 408/983/117
f 373/984/117 408/985/117 409/986/117
f 373/987/117 409/988/117 410/989/117
f 373/990/117 410/991/117 411/992/117
f 358/993/117 373/994/117 411/995/117
f 358/996/117 411/997/117 412/998/117
f 358/999/117 412/1000/117 413/1001/117
f 358/1002/117 413/1003/117 414/1004/117
f 358/1005/117 414/1006/117 415/1007/117
f 358/1008/117 415/1009/117 416/1010/117
f 358/1011/117 416/1012/117 417/1013/117
f 358/1014/117 417/1015/117 418/1016/117
f 358/1017/117 418/1018/117 419/1019/117
f 358/1020/117 419/1021/117 420/1022/117
f 452/1023/117 358/1024/117 420/1025/117
f 452/1026/117 420/1027/117 421/1028/117
f 452/1029/117 421/1030/117 422/1031/117
f 452/1032/117 422/1033/117 423/1034/117
f 452/1035/117 423/1036/117 424/1037/117
f 452/1038/117 424/1039/117 425/1040/117
f 452/1041/117 425/1042/117 426/1043/117
f 452/1044/117 426/1045/117 427/1046/117
f 452/1047/117 427/1048/117 428/1049/117
f 452/1050/117 428/1051/117 429/1052/117
f 452/1053/117 429/1054/117 430/1055/117
f 452/1056/117 430/1057/117 431/1058/117
f 452/1059/117 431/1060/117 432/1061/117
f 452/1062/117 432/1063/117 433/1064/117
f 434/1065/117 435/1066/117 436/1067/117
f 433/1068/117 434/1069/117 436/1070/117
f 452/1071/117 433/1072/117 436/1073/117
f 452/1074/117 436/1075/117 437/1076/117
f 452/1077/117 437/1078/117 438/1079/117
f 452/1080/117 438/1081/117 439/1082/117
f 452/1083/117 439/1084/117 440/1085/117
f 452/1086/117 440/1087/117 441/1088/117
f 452/1089/117 441/1090/117 442/1091/117
f 452/1092/117 442/1093/117 443/1094/117
f 452/1095/117 443/1096/117 444/1097/117
f 452/1098/117 444/1099/117 445/1100/117
f 452/1101/117 445/1102/117 446/1103/117
f 452/1104/117 446/1105/117 447/1106/117
f 452/1107/117 447/1108/117 448/1109/117
f 452/1110/117 448/1111/117 449/1112/117
f 452/1113/117 449/1114/117 450/1115/117
f 450/1116/117 451/1117/117 452/1118/117
o C_face_off
usemtl letters_am
v 0.577237 0.124708 0.8726
v 0.611108 0.130178 0.8726
v 0.629005 0.135082 0.8726
v 0.644924 0.140703 0.8726
v 0.660847 0.147605 0.8726
v 0.676753 0.1559 0.8726
v 0.704633 0.174367 0.8726
v 0.729704 0.196391 0.8726
v 0.75207 0.222266 0.8726
v 0.770323 0.250422 0.8726
v 0.778289 0.266051 0.8726
v 0.78503 0.281969 0.8726
v 0.791689 0.301874 0.8726
v 0.796922 0.323772 0.8726
v 0.799887 0.34367 0.8726
v 0.80126 0.365581 0.8726
v 0.801238 0.635496 0.8726
v 0.799026 0.66338 0.8726
v 0.793562 0.691246 0.8726
v 0.785376 0.717117 0.8726
v 0.77385 0.742993 0.8726
v 0.759763 0.766875 0.8726
v 0.742449 0.789766 0.8726
v 0.722545 0.81053 0.8726
v 0.700708 0.828574 0.8726
v 0.676767 0.844092 0.8726
v 0.65288 0.856014 0.8726
v 0.632985 0.863627 0.8726
v 0.611089 0.869827 0.8726
v 0.589196 0.873913 0.8726
v 0.567306 0.875991 0.8726
v 0.435418 0.876112 0.8726
v 0.409537 0.873732 0.8726
v 0.383669 0.86854 0.8726
v 0.353808 0.858793 0.8726
v 0.325944 0.845611 0.8726
v 0.300071 0.829143 0.8726
v 0.276187 0.809344 0.8726
v 0.255046 0.786779 0.8726
v 0.236382 0.760923 0.8726
v 0.221292 0.733039 0.8726
v 0.210451 0.705164 0.8726
v 0.20545 0.687264 0.8726
v 0.201865 0.669351 0.8726
v 0.199636 0.651441 0.8726
v 0.198705 0.631516 0.8726
v 0.198784 0.363594 0.8726
v 0.2011 0.335711 0.8726
v 0.206673 0.307845 0.8726
v 0.21497 0.281972 0.8726
v 0.225595 0.258089 0.8726
v 0.238371 0.235959 0.8726
v 0.254156 0.214303 0.8726
v 0.272207 0.194486 0.8726
v 0.292109 0.176902 0.8726
v 0.314004 0.161427 0.8726
v 0.335899 0.149184 0.8726
v 0.355799 0.140421 0.8726
v 0.3757 0.133652 0.8726
v 0.397595 0.128306 0.8726
v 0.419483 0.125027 0.8726
v 0.445394 0.1237 0.8726
v 0.557333 0.123711 0.8726
v 0.577363 0.123512 0.8738
v 0.611363 0.129003 0.8738
v 0.629363 0.133936 0.8738
v 0.645363 0.139586 0.8738
v 0.661363 0.146521 0.8738
v 0.677363 0.154865 0.8738
v 0.705363 0.173412 0.8738
v 0.730558 0.195544 0.8738
v 0.753032 0.221544 0.8738
v 0.771363 0.249822 0.8738
v 0.779377 0.265544 0.8738
v 0.786153 0.281544 0.8738
v 0.792844 0.301544 0.8738
v 0.798101 0.323544 0.8738
v 0.801082 0.343544 0.8738
v 0.80246 0.365544 0.8738
v 0.802438 0.635544 0.8738
v 0.800216 0.663544 0.8738
v 0.794726 0.691544 0.8738
v 0.7865 0.717544 0.8738
v 0.774918 0.743544 0.8738
v 0.760761 0.767544 0.8738
v 0.743363 0.790546 0.8738
v 0.723363 0.811411 0.8738
v 0.701419 0.829544 0.8738
v 0.677363 0.845136 0.8738
v 0.653363 0.857114 0.8738
v 0.633363 0.864767 0.8738
v 0.611363 0.870997 0.8738
v 0.589363 0.875103 0.8738
v 0.567363 0.877191 0.8738
v 0.435363 0.877312 0.8738
v 0.409363 0.874921 0.8738
v 0.383363 0.869702 0.8738
v 0.353363 0.859911 0.8738
v 0.325363 0.846664 0.8738
v 0.299363 0.830115 0.8738
v 0.275363 0.81022 0.8738
v 0.254118 0.787544 0.8738
v 0.235363 0.761563 0.8738
v 0.220201 0.733544 0.8738
v 0.209311 0.705544 0.8738
v 0.204282 0.687544 0.8738
v 0.200679 0.669544 0.8738
v 0.198439 0.651544 0.8738
v 0.197505 0.631544 0.8738
v 0.197584 0.363544 0.8738
v 0.19991 0.335544 0.8738
v 0.20551 0.307544 0.8738
v 0.213847 0.281544 0.8738
v 0.224524 0.257544 0.8738
v 0.237363 0.235304 0.8738
v 0.253225 0.213544 0.8738
v 0.271363 0.19363 0.8738
v 0.291363 0.175959 0.8738
v 0.313363 0.16041 0.8738
v 0.335363 0.148108 0.8738
v 0.355363 0.139302 0.8738
v 0.375363 0.132499 0.8738
v 0.397363 0.127128 0.8738
v 0.419363 0.123831 0.8738
v 0.445363 0.1225 0.8738
v 0.557363 0.122511 0.8738
v 0.577363 0.123512 0.8784
v 0.611363 0.129003 0.8784
v 0.629363 0.133936 0.8784
v 0.645363 0.139586 0.8784
v 0.661363 0.146521 0.8784
v 0.677363 0.154865 0.8784
v 0.705363 0.173412 0.8784
v 0.730558 0.195544 0.8784
v 0.753032 0.221544 0.8784
v 0.771363 0.249822 0.8784
v 0.779377 0.265544 0.8784
v 0.786153 0.281544 0.8784
v 0.792844 0.301544 0.8784
v 0.798101 0.323544 0.8784
v 0.801082 0.343544 0.8784
v 0.80246 0.365544 0.8784
v 0.802438 0.635544 0.8784
v 0.800216 0.663544 0.8784
v 0.794726 0.691544 0.8784
v 0.7865 0.717544 0.8784
v 0.774918 0.743544 0.8784
v 0.760761 0.767544 0.8784
v 0.743363 0.790546 0.8784
v 0.723363 0.811411 0.8784
v 0.701419 0.829544 0.8784
v 0.677363 0.845136 0.8784
v 0.653363 0.857114 0.8784
v 0.633363 0.864767 0.8784
v 0.611363 0.870997 0.8784
v 0.589363 0.875103 0.8784
v 0.567363 0.877191 0.8784
v 0.435363 0.877312 0.8784
v 0.409363 0.874921 0.8784
v 0.383363 0.869702 0.8784
v 0.353363 0.859911 0.8784
v 0.325363 0.846664 0.8784
v 0.299363 0.830115 0.8784
v 0.275363 0.81022 0.8784
v 0.254118 0.787544 0.8784
v 0.235363 0.761563 0.8784
v 0.220201 0.733544 0.8784
v 0.209311 0.705544 0.8784
v 0.204282 0.687544 0.8784
v 0.200679 0.669544 0.8784
v 0.198439 0.651544 0.8784
v 0.197505 0.631544 0.8784
v 0.197584 0.363544 0.8784
v 0.19991 0.335544 0.8784
v 0.20551 0.307544 0.8784
v 0.213847 0.281544 0.8784
v 0.224524 0.257544 0.8784
v 0.237363 0.235304 0.8784
v 0.253225 0.213544 0.8784
v 0.271363 0.19363 0.8784
v 0.291363 0.175959 0.8784
v 0.313363 0.16041 0.8784
v 0.335363 0.148108 0.8784
v 0.355363 0.139302 0.8784
v 0.375363 0.132499 0.8784
v 0.397363 0.127128 0.8784
v 0.419363 0.123831 0.8784
v 0.445363 0.1225 0.8784
v 0.557363 0.122511 0.8784
v 0.577237 0.124708 0.8796
v 0.611108 0.130178 0.8796
v 0.629005 0.135082 0.8796
v 0.644924 0.140703 0.8796
v 0.660847 0.147605 0.8796
v 0.676753 0.1559 0.8796
v 0.704633 0.174367 0.8796
v 0.729704 0.196391 0.8796
v 0.75207 0.222266 0.8796
v 0.770323 0.250422 0.8796
v 0.778289 0.266051 0.8796
v 0.78503 0.281969 0.8796
v 0.791689 0.301874 0.8796
v 0.796922 0.323772 0.8796
v 0.799887 0.34367 0.8796
v 0.80126 0.365581 0.8796
v 0.801238 0.635496 0.8796
v 0.799026 0.66338 0.8796
v 0.793562 0.691246 0.8796
v 0.785376 0.717117 0.8796
v 0.77385 0.742993 0.8796
v 0.759763 0.766875 0.8796
v 0.742449 0.789766 0.8796
v 0.722545 0.81053 0.8796
v 0.700708 0.828574 0.8796
v 0.676767 0.844092 0.8796
v 0.65288 0.856014 0.8796
v 0.632985 0.863627 0.8796
v 0.611089 0.869827 0.8796
v 0.589196 0.873913 0.8796
v 0.567306 0.875991 0.8796
v 0.435418 0.876112 0.8796
v 0.409537 0.873732 0.8796
v 0.383669 0.86854 0.8796
v 0.353808 0.858793 0.8796
v 0.325944 0.845611 0.8796
v 0.300071 0.829143 0.8796
v 0.276187 0.809344 0.8796
v 0.255046 0.786779 0.8796
v 0.236382 0.760923 0.8796
v 0.221292 0.733039 0.8796
v 0.210451 0.705164 0.8796
v 0.20545 0.687264 0.8796
v 0.201865 0.669351 0.8796
v 0.199636 0.651441 0.8796
v 0.198705 0.631516 0.8796
v 0.198784 0.363594 0.8796
v 0.2011 0.335711 0.8796
v 0.206673 0.307845 0.8796
v 0.21497 0.281972 0.8796
v 0.225595 0.258089 0.8796
v 0.238371 0.235959 0.8796
v 0.254156 0.214303 0.8796
v 0.272207 0.194486 0.8796
v 0.292109 0.176902 0.8796
v 0.314004 0.161427 0.8796
v 0.335899 0.149184 0.8796
v 0.355799 0.140421 0.8796
v 0.3757 0.133652 0.8796
v 0.397595 0.128306 0.8796
v 0.419483 0.125027 0.8796
v 0.445394 0.1237 0.8796
v 0.557333 0.123711 0.8796
v 0.5578 0.276344 0.8726
v 0.439267 0.276472 0.8726
v 0.421052 0.279406 0.8726
v 0.402836 0.286318 0.8726
v 0.390666 0.29366 0.8726
v 0.379827 0.302678 0.8726
v 0.370774 0.312811 0.8726
v 0.362831 0.324962 0.8726
v 0.357256 0.337119 0.8726
v 0.353616 0.349283 0.8726
v 0.351527 0.363445 0.8726
v 0.351219 0.3813 0.8726
v 0.200396 0.3813 0.8726
v 0.200299 0.618697 0.8726
v 0.351273 0.618744 0.8726
v 0.352027 0.641685 0.8726
v 0.354942 0.655885 0.8726
v 0.361277 0.672083 0.8726
v 0.37007 0.686266 0.8726
v 0.380983 0.698426 0.8726
v 0.394719 0.709071 0.8726
v 0.410921 0.717288 0.8726
v 0.427138 0.721987 0.8726
v 0.445307 0.7237 0.8726
v 0.555405 0.723699 0.8726
v 0.567532 0.722861 0.8726
v 0.581709 0.719816 0.8726
v 0.595889 0.714311 0.8726
v 0.609066 0.706528 0.8726
v 0.620208 0.69729 0.8726
v 0.631406 0.684243 0.8726
v 0.639711 0.670056 0.8726
v 0.645618 0.653853 0.8726
v 0.648392 0.637646 0.8726
v 0.648699 0.369496 0.8726
v 0.647551 0.355347 0.8726
v 0.64348 0.339151 0.8726
v 0.637169 0.32496 0.8726
v 0.62762 0.310784 0.8726
v 0.616153 0.299003 0.8726
v 0.603991 0.290124 0.8726
v 0.589808 0.283001 0.8726
v 0.573606 0.278161 0.8726
v 0.557732 0.277544 0.8738
v 0.439363 0.277672 0.8738
v 0.421363 0.280571 0.8738
v 0.403363 0.287401 0.8738
v 0.391363 0.294641 0.8738
v 0.380662 0.303544 0.8738
v 0.371729 0.313544 0.8738
v 0.363885 0.325544 0.8738
v 0.358382 0.337544 0.8738
v 0.354791 0.349544 0.8738
v 0.352726 0.363544 0.8738
v 0.352398 0.3825 0.8738
v 0.201595 0.3825 0.8738
v 0.201499 0.617497 0.8738
v 0.352434 0.617544 0.8738
v 0.353223 0.641544 0.8738
v 0.356097 0.655544 0.8738
v 0.362355 0.671544 0.8738
v 0.371034 0.685544 0.8738
v 0.381804 0.697544 0.8738
v 0.395363 0.708053 0.8738
v 0.411363 0.716167 0.8738
v 0.427363 0.720803 0.8738
v 0.445363 0.7225 0.8738
v 0.555363 0.722499 0.8738
v 0.567363 0.72167 0.8738
v 0.581363 0.718663 0.8738
v 0.595363 0.713228 0.8738
v 0.608374 0.705544 0.8738
v 0.619363 0.696431 0.8738
v 0.630425 0.683544 0.8738
v 0.63862 0.669544 0.8738
v 0.644453 0.653544 0.8738
v 0.647192 0.637544 0.8738
v 0.647499 0.369544 0.8738
v 0.646363 0.355544 0.8738
v 0.642342 0.339544 0.8738
v 0.636115 0.325544 0.8738
v 0.626685 0.311544 0.8738
v 0.615363 0.299913 0.8738
v 0.603363 0.291152 0.8738
v 0.589363 0.28412 0.8738
v 0.573363 0.279341 0.8738
v 0.557732 0.277544 0.8784
v 0.439363 0.277672 0.8784
v 0.421363 0.280571 0.8784
v 0.403363 0.287401 0.8784
v 0.391363 0.294641 0.8784
v 0.380662 0.303544 0.8784
v 0.371729 0.313544 0.8784
v 0.363885 0.325544 0.8784
v 0.358382 0.337544 0.8784
v 0.354791 0.349544 0.8784
v 0.352726 0.363544 0.8784
v 0.352398 0.3825 0.8784
v 0.201595 0.3825 0.8784
v 0.201499 0.617497 0.8784
v 0.352434 0.617544 0.8784
v 0.353223 0.641544 0.8784
v 0.356097 0.655544 0.8784
v 0.362355 0.671544 0.8784
v 0.371034 0.685544 0.8784
v 0.381804 0.697544 0.8784
v 0.395363 0.708053 0.8784
v 0.411363 0.716167 0.8784
v 0.427363 0.720803 0.8784
v 0.445363 0.7225 0.8784
v 0.555363 0.722499 0.8784
v 0.567363 0.72167 0.8784
v 0.581363 0.718663 0.8784
v 0.595363 0.713228 0.8784
v 0.608374 0.705544 0.8784
v 0.619363 0.696431 0.8784
v 0.630425 0.683544 0.8784
v 0.63862 0.669544 0.8784
v 0.644453 0.653544 0.8784
v 0.647192 0.637544 0.8784
v 0.647499 0.369544 0.8784
v 0.646363 0.355544 0.8784
v 0.642342 0.339544 0.8784
v 0.636115 0.325544 0.8784
v 0.626685 0.311544 0.8784
v 0.615363 0.299913 0.8784
v 0.603363 0.291152 0.8784
v 0.589363 0.28412 0.8784
v 0.573363 0.279341 0.8784
v 0.5578 0.276344 0.8796
v 0.439267 0.276472 0.8796
v 0.421052 0.279406 0.8796
v 0.402836 0.286318 0.8796
v 0.390666 0.29366 0.8796
v 0.379827 0.302678 0.8796
v 0.370774 0.312811 0.8796
v 0.362831 0.324962 0.8796
v 0.357256 0.337119 0.8796
v 0.353616 0.349283 0.8796
v 0.351527 0.363445 0.8796
v 0.351219 0.3813 0.8796
v 0.200396 0.3813 0.8796
v 0.200299 0.618697 0.8796
v 0.351273 0.618744 0.8796
v 0.352027 0.641685 0.8796
v 0.354942 0.655885 0.8796
v 0.361277 0.672083 0.8796
v 0.37007 0.686266 0.8796
v 0.380983 0.698426 0.8796
v 0.394719 0.709071 0.8796
v 0.410921 0.717288 0.8796
v 0.427138 0.721987 0.8796
v 0.445307 0.7237 0.8796
v 0.555405 0.723699 0.8796
v 0.567532 0.722861 0.8796
v 0.581709 0.719816 0.8796
v 0.595889 0.714311 0.8796
v 0.609066 0.706528 0.8796
v 0.620208 0.69729 0.8796
v 0.631406 0.684243 0.8796
v 0.639711 0.670056 0.8796
v 0.645618 0.653853 0.8796
v 0.648392 0.637646 0.8796
v 0.648699 0.369496 0.8796
v 0.647551 0.355347 0.8796
v 0.64348 0.339151 0.8796
v 0.637169 0.32496 0.8796
v 0.62762 0.310784 0.8796
v 0.616153 0.299003 0.8796
v 0.603991 0.290124 0.8796
v 0.589808 0.283001 0.8796
v 0.573606 0.278161 0.8796
v 0.577237 0.124708 0.8726
v 0.611108 0.130178 0.8726
v 0.629005 0.135082 0.8726
v 0.644924 0.140703 0.8726
v 0.660847 0.147605 0.8726
v 0.676753 0.1559 0.8726
v 0.704633 0.174367 0.8726
v 0.729704 0.196391 0.8726
v 0.75207 0.222266 0.8726
v 0.770323 0.250422 0.8726
v 0.778289 0.266051 0.8726
v 0.78503 0.281969 0.8726
v 0.791689 0.301874 0.8726
v 0.796922 0.323772 0.8726
v 0.799887 0.34367 0.8726
v 0.80126 0.365581 0.8726
v 0.801238 0.635496 0.8726
v 0.799026 0.66338 0.8726
v 0.793562 0.691246 0.8726
v 0.785376 0.717117 0.8726
v 0.77385 0.742993 0.8726
v 0.759763 0.766875 0.8726
v 0.742449 0.789766 0.8726
v 0.722545 0.81053 0.8726
v 0.700708 0.828574 0.8726
v 0.676767 0.844092 0.8726
v 0.65288 0.856014 0.8726
v 0.632985 0.863627 0.8726
v 0.611089 0.869827 0.8726
v 0.589196 0.873913 0.8726
v 0.567306 0.875991 0.8726
v 0.435418 0.876112 0.8726
v 0.409537 0.873732 0.8726
v 0.383669 0.86854 0.8726
v 0.353808 0.858793 0.8726
v 0.325944 0.845611 0.8726
v 0.300071 0.829143 0.8726
v 0.276187 0.809344 0.8726
v 0.255046 0.786779 0.8726
v 0.236382 0.760923 0.8726
v 0.221292 0.733039 0.8726
v 0.210451 0.705164 0.8726
v 0.20545 0.687264 0.8726
v 0.201865 0.669351 0.8726
v 0.199636 0.651441 0.8726
v 0.198705 0.631516 0.8726
v 0.198784 0.363594 0.8726
v 0.2011 0.335711 0.8726
v 0.206673 0.307845 0.8726
v 0.21497 0.281972 0.8726
v 0.225595 0.258089 0.8726
v 0.238371 0.235959 0.8726
v 0.254156 0.214303 0.8726
v 0.272207 0.194486 0.8726
v 0.292109 0.176902 0.8726
v 0.314004 0.161427 0.8726
v 0.335899 0.149184 0.8726
v 0.355799 0.140421 0.8726
v 0.3757 0.133652 0.8726
v 0.397595 0.128306 0.8726
v 0.419483 0.125027 0.8726
v 0.445394 0.1237 0.8726
v 0.557333 0.123711 0.8726
v 0.5578 0.276344 0.8726
v 0.439267 0.276472 0.8726
v 0.421052 0.279406 0.8726
v 0.402836 0.286318 0.8726
v 0.390666 0.29366 0.8726
v 0.379827 0.302678 0.8726
v 0.370774 0.312811 0.8726
v 0.362831 0.324962 0.8726
v 0.357256 0.337119 0.8726
v 0.353616 0.349283 0.8726
v 0.351527 0.363445 0.8726
v 0.351219 0.3813 0.8726
v 0.200396 0.3813 0.8726
v 0.200299 0.618697 0.8726
v 0.351273 0.618744 0.8726
v 0.352027 0.641685 0.8726
v 0.354942 0.655885 0.8726
v 0.361277 0.672083 0.8726
v 0.37007 0.686266 0.8726
v 0.380983 0.698426 0.8726
v 0.394719 0.709071 0.8726
v 0.410921 0.717288 0.8726
v 0.427138 0.721987 0.8726
v 0.445307 0.7237 0.8726
v 0.555405 0.723699 0.8726
v 0.567532 0.722861 0.8726
v 0.581709 0.719816 0.8726
v 0.595889 0.714311 0.8726
v 0.609066 0.706528 0.8726
v 0.620208 0.69729 0.8726
v 0.631406 0.684243 0.8726
v 0.639711 0.670056 0.8726
v 0.645618 0.653853 0.8726
v 0.648392 0.637646 0.8726
v 0.648699 0.369496 0.8726
v 0.647551 0.355347 0.8726
v 0.64348 0.339151 0.8726
v 0.637169 0.32496 0.8726
v 0.62762 0.310784 0.8726
v 0.616153 0.299003 0.8726
v 0.603991 0.290124 0.8726
v 0.589808 0.283001 0.8726
v 0.573606 0.278161 0.8726
v 0.577237 0.124708 0.8796
v 0.611108 0.130178 0.8796
v 0.629005 0.135082 0.8796
v 0.644924 0.140703 0.8796
v 0.660847 0.147605 0.8796
v 0.676753 0.1559 0.8796
v 0.704633 0.174367 0.8796
v 0.729704 0.196391 0.8796
v 0.75207 0.222266 0.8796
v 0.770323 0.250422 0.8796
v 0.778289 0.266051 0.8796
v 0.78503 0.281969 0.8796
v 0.791689 0.301874 0.8796
v 0.796922 0.323772 0.8796
v 0.799887 0.34367 0.8796
v 0.80126 0.365581 0.8796
v 0.801238 0.635496 0.8796
v 0.799026 0.66338 0.8796
v 0.793562 0.691246 0.8796
v 0.785376 0.717117 0.8796
v 0.77385 0.742993 0.8796
v 0.759763 0.766875 0.8796
v 0.742449 0.789766 0.8796
v 0.722545 0.81053 0.8796
v 0.700708 0.828574 0.8796
v 0.676767 0.844092 0.8796
v 0.65288 0.856014 0.8796
v 0.632985 0.863627 0.8796
v 0.611089 0.869827 0.8796
v 0.589196 0.873913 0.8796
v 0.567306 0.875991 0.8796
v 0.435418 0.876112 0.8796
v 0.409537 0.873732 0.8796
v 0.383669 0.86854 0.8796
v 0.353808 0.858793 0.8796
v 0.325944 0.845611 0.8796
v 0.300071 0.829143 0.8796
v 0.276187 0.809344 0.8796
v 0.255046 0.786779 0.8796
v 0.236382 0.760923 0.8796
v 0.221292 0.733039 0.8796
v 0.210451 0.705164 0.8796
v 0.20545 0.687264 0.8796
v 0.201865 0.669351 0.8796
v 0.199636 0.651441 0.8796
v 0.198705 0.631516 0.8796
v 0.198784 0.363594 0.8796
v 0.2011 0.335711 0.8796
v 0.206673 0.307845 0.8796
v 0.21497 0.281972 0.8796
v 0.225595 0.258089 0.8796
v 0.238371 0.235959 0.8796
v 0.254156 0.214303 0.8796
v 0.272207 0.194486 0.8796
v 0.292109 0.176902 0.8796
v 0.314004 0.161427 0.8796
v 0.335899 0.149184 0.8796
v 0.355799 0.140421 0.8796
v 0.3757 0.133652 0.8796
v 0.397595 0.128306 0.8796
v 0.419483 0.125027 0.8796
v 0.445394 0.1237 0.8796
v 0.557333 0.123711 0.8796
v 0.5578 0.276344 0.8796
v 0.439267 0.276472 0.8796
v 0.421052 0.279406 0.8796
v 0.402836 0.286318 0.8796
v 0.390666 0.29366 0.8796
v 0.379827 0.302678 0.8796
v 0.370774 0.312811 0.8796
v 0.362831 0.324962 0.8796
v 0.357256 0.337119 0.8796
v 0.353616 0.349283 0.8796
v 0.351527 0.363445 0.8796
v 0.351219 0.3813 0.8796
v 0.200396 0.3813 0.8796
v 0.200299 0.618697 0.8796
v 0.351273 0.618744 0.8796
v 0.352027 0.641685 0.8796
v 0.354942 0.655885 0.8796
v 0.361277 0.672083 0.8796
v 0.37007 0.686266 0.8796
v 0.380983 0.698426 0.8796
v 0.394719 0.709071 0.8796
v 0.410921 0.717288 0.8796
v 0.427138 0.721987 0.8796
v 0.445307 0.7237 0.8796
v 0.555405 0.723699 0.8796
v 0.567532 0.722861 0.8796
v 0.581709 0.719816 0.8796
v 0.595889 0.714311 0.8796
v 0.609066 0.706528 0.8796
v 0.620208 0.69729 0.8796
v 0.631406 0.684243 0.8796
v 0.639711 0.670056 0.8796
v 0.645618 0.653853 0.8796
v 0.648392 0.637646 0.8796
v 0.648699 0.369496 0.8796
v 0.647551 0.355347 0.8796
v 0.64348 0.339151 0.8796
v 0.637169 0.32496 0.8796
v 0.62762 0.310784 0.8796
v 0.616153 0.299003 0.8796
v 0.603991 0.290124 0.8796
v 0.589808 0.283001 0.8796
v 0.573606 0.278161 0.8796
vt 0.112733 0.403854
vt 0.116751 0.403758
vt 0.116764 0.403956
vt 0.11273 0.404053
vt 0.116751 0.403758
vt 0.118905 0.403538
vt 0.118929 0.403736
vt 0.116764 0.403956
vt 0.118905 0.403538
vt 0.120839 0.403238
vt 0.120873 0.403433
vt 0.118929 0.403736
vt 0.120839 0.403238
vt 0.122792 0.402829
vt 0.122836 0.403023
vt 0.120873 0.403433
vt 0.122792 0.402829
vt 0.124764 0.402304
vt 0.12482 0.402495
vt 0.122836 0.403023
vt 0.124764 0.402304
vt 0.128279 0.401055
vt 0.12835 0.40124
vt 0.12482 0.402495
vt 0.223432 0.38967
vt 0.227223 0.390354
vt 0.227198 0.390552
vt 0.223389 0.389864
vt 0.227223 0.390354
vt 0.231207 0.39067
vt 0.231201 0.390869
vt 0.227198 0.390552
vt 0.231207 0.39067
vt 0.235137 0.390596
vt 0.235149 0.390794
vt 0.231201 0.390869
vt 0.235137 0.390596
vt 0.237176 0.390405
vt 0.237199 0.390603
vt 0.235149 0.390794
vt 0.237176 0.390405
vt 0.239161 0.390117
vt 0.239194 0.390313
vt 0.237199 0.390603
vt 0.471958 0.403213
vt 0.474365 0.403574
vt 0.474342 0.403772
vt 0.471924 0.403409
vt 0.474365 0.403574
vt 0.476984 0.403798
vt 0.476974 0.403997
vt 0.474342 0.403772
vt 0.476984 0.403798
vt 0.479341 0.403854
vt 0.479342 0.404053
vt 0.476974 0.403997
vt 0.479341 0.403854
vt 0.48191 0.403758
vt 0.481922 0.403957
vt 0.479342 0.404053
vt 0.48191 0.403758
vt 0.513332 0.401184
vt 0.513354 0.401382
vt 0.481922 0.403957
vt 0.513332 0.401184
vt 0.516549 0.400736
vt 0.516584 0.400931
vt 0.513354 0.401382
vt 0.681924 0.389881
vt 0.685167 0.390412
vt 0.685143 0.39061
vt 0.681885 0.390076
vt 0.685167 0.390412
vt 0.688326 0.390668
vt 0.688318 0.390867
vt 0.685143 0.39061
vt 0.688326 0.390668
vt 0.691646 0.39067
vt 0.691654 0.390869
vt 0.688318 0.390867
vt 0.691646 0.39067
vt 0.694875 0.390409
vt 0.694898 0.390607
vt 0.691654 0.390869
vt 0.694875 0.390409
vt 0.698151 0.389869
vt 0.698191 0.390064
vt 0.694898 0.390607
vt 0.718057 0.389871
vt 0.721342 0.39041
vt 0.721318 0.390607
vt 0.718018 0.390066
vt 0.721342 0.39041
vt 0.724641 0.39067
vt 0.724634 0.390869
vt 0.721318 0.390607
vt 0.724641 0.39067
vt 0.727984 0.390658
vt 0.727993 0.390857
vt 0.724634 0.390869
vt 0.727984 0.390658
vt 0.731092 0.390398
vt 0.731115 0.390596
vt 0.727993 0.390857
vt 0.731092 0.390398
vt 0.733531 0.39002
vt 0.733567 0.390216
vt 0.731115 0.390596
vt 0.614052 0.393301
vt 0.616648 0.393737
vt 0.616622 0.393934
vt 0.614014 0.393496
vt 0.616648 0.393737
vt 0.619232 0.393996
vt 0.619219 0.394195
vt 0.616622 0.393934
vt 0.619232 0.393996
vt 0.621806 0.394088
vt 0.621805 0.394287
vt 0.619219 0.394195
vt 0.621806 0.394088
vt 0.637247 0.39361
vt 0.637259 0.393808
vt 0.621805 0.394287
vt 0.637247 0.39361
vt 0.640264 0.393316
vt 0.640291 0.393513
vt 0.637259 0.393808
vt 0.640264 0.393316
vt 0.643266 0.392787
vt 0.643307 0.392982
vt 0.640291 0.393513
vt 0.183384 0.38709
vt 0.187 0.387581
vt 0.186982 0.387779
vt 0.18335 0.387286
vt 0.187 0.387581
vt 0.190605 0.38774
vt 0.190605 0.387939
vt 0.186982 0.387779
vt 0.190605 0.38774
vt 0.194192 0.38758
vt 0.19421 0.387779
vt 0.190605 0.387939
vt 0.194192 0.38758
vt 0.197763 0.387097
vt 0.197798 0.387293
vt 0.19421 0.387779
vt 0.405073 0.389709
vt 0.408584 0.390347
vt 0.408558 0.390544
vt 0.405029 0.389904
vt 0.408584 0.390347
vt 0.412293 0.39067
vt 0.412285 0.390869
vt 0.408558 0.390544
vt 0.412293 0.39067
vt 0.416009 0.390651
vt 0.416019 0.39085
vt 0.412285 0.390869
vt 0.416009 0.390651
vt 0.419483 0.390321
vt 0.419508 0.390518
vt 0.416019 0.39085
vt 0.419483 0.390321
vt 0.421603 0.389966
vt 0.42164 0.390161
vt 0.419508 0.390518
vt 0.001251 0.390177
vt 0.003357 0.390453
vt 0.003336 0.390651
vt 0.001221 0.390374
vt 0.003357 0.390453
vt 0.005459 0.390617
vt 0.005449 0.390816
vt 0.003336 0.390651
vt 0.005459 0.390617
vt 0.007795 0.39067
vt 0.007794 0.390869
vt 0.005449 0.390816
vt 0.007795 0.39067
vt 0.039189 0.390337
vt 0.039197 0.390535
vt 0.007794 0.390869
vt 0.039189 0.390337
vt 0.042452 0.39011
vt 0.042474 0.390308
vt 0.039197 0.390535
vt 0.042452 0.39011
vt 0.045708 0.389612
vt 0.045745 0.389808
vt 0.042474 0.390308
vt 0.018348 0.387029
vt 0.02146 0.38751
vt 0.021437 0.387707
vt 0.018311 0.387224
vt 0.02146 0.38751
vt 0.024506 0.387739
vt 0.024498 0.387938
vt 0.021437 0.387707
vt 0.024506 0.387739
vt 0.0275 0.387741
vt 0.027508 0.387939
vt 0.024498 0.387938
vt 0.0275 0.387741
vt 0.030623 0.387505
vt 0.030646 0.387703
vt 0.027508 0.387939
vt 0.030623 0.387505
vt 0.033693 0.387029
vt 0.03373 0.387225
vt 0.030646 0.387703
vt 0.071075 0.382401
vt 0.074148 0.382748
vt 0.074134 0.382946
vt 0.071045 0.382597
vt 0.074148 0.382748
vt 0.077286 0.382858
vt 0.077287 0.383057
vt 0.074134 0.382946
vt 0.077286 0.382858
vt 0.080221 0.382741
vt 0.080236 0.382939
vt 0.077287 0.383057
vt 0.080221 0.382741
vt 0.08274 0.382469
vt 0.082768 0.382666
vt 0.080236 0.382939
vt 0.087225 0.400166
vt 0.089438 0.400947
vt 0.089382 0.401137
vt 0.087158 0.400353
vt 0.089438 0.400947
vt 0.091904 0.401629
vt 0.09186 0.401823
vt 0.089382 0.401137
vt 0.091904 0.401629
vt 0.0944 0.402138
vt 0.094368 0.402335
vt 0.09186 0.401823
vt 0.0944 0.402138
vt 0.097392 0.402527
vt 0.097371 0.402725
vt 0.094368 0.402335
vt 0.097392 0.402527
vt 0.110404 0.403724
vt 0.11039 0.403923
vt 0.097371 0.402725
vt 0.110404 0.403724
vt 0.112733 0.403854
vt 0.11273 0.404053
vt 0.11039 0.403923
vt 0.419898 0.367869
vt 0.423934 0.367869
vt 0.423934 0.368408
vt 0.419898 0.368408
vt 0.423934 0.367869
vt 0.42611 0.367869
vt 0.42611 0.368408
vt 0.423934 0.368408
vt 0.42611 0.367869
vt 0.428069 0.367869
vt 0.428069 0.368408
vt 0.42611 0.368408
vt 0.428069 0.367869
vt 0.430054 0.367869
vt 0.430054 0.368408
vt 0.428069 0.368408
vt 0.430054 0.367869
vt 0.432065 0.367869
vt 0.432065 0.368408
vt 0.430054 0.368408
vt 0.679443 0.360545
vt 0.683343 0.360545
vt 0.683343 0.361084
vt 0.679443 0.361084
vt 0.683343 0.360545
vt 0.687273 0.360545
vt 0.687273 0.361084
vt 0.683343 0.361084
vt 0.687273 0.360545
vt 0.691262 0.360545
vt 0.691262 0.361084
vt 0.687273 0.361084
vt 0.451904 0.360545
vt 0.455794 0.360545
vt 0.455794 0.361084
vt 0.451904 0.361084
vt 0.455794 0.360545
vt 0.457857 0.360545
vt 0.457857 0.361084
vt 0.455794 0.361084
vt 0.457857 0.360545
vt 0.459893 0.360545
vt 0.459893 0.361084
vt 0.457857 0.361084
vt 0.459893 0.360545
vt 0.462357 0.360545
vt 0.462357 0.361084
vt 0.459893 0.361084
vt 0.462357 0.360545
vt 0.464971 0.360545
vt 0.464971 0.361084
vt 0.462357 0.361084
vt 0.724854 0.372752
vt 0.727193 0.372752
vt 0.727193 0.373291
vt 0.724854 0.373291
vt 0.727193 0.372752
vt 0.729769 0.372752
vt 0.729769 0.373291
vt 0.727193 0.373291
vt 0.729769 0.372752
vt 0.761407 0.372752
vt 0.761407 0.373291
vt 0.729769 0.373291
vt 0.761407 0.372752
vt 0.764691 0.372752
vt 0.764691 0.373291
vt 0.761407 0.373291
vt 0.764691 0.372752
vt 0.76798 0.372752
vt 0.76798 0.373291
vt 0.764691 0.373291
vt 0.422607 0.360545
vt 0.425757 0.360545
vt 0.425757 0.361084
vt 0.422607 0.361084
vt 0.425757 0.360545
vt 0.429087 0.360545
vt 0.429087 0.361084
vt 0.425757 0.361084
vt 0.429087 0.360545
vt 0.432347 0.360545
vt 0.432347 0.361084
vt 0.429087 0.361084
vt 0.432347 0.360545
vt 0.435678 0.360545
vt 0.435678 0.361084
vt 0.432347 0.361084
vt 0.393311 0.360545
vt 0.396647 0.360545
vt 0.396647 0.361084
vt 0.393311 0.361084
vt 0.396647 0.360545
vt 0.399978 0.360545
vt 0.399978 0.361084
vt 0.396647 0.361084
vt 0.399978 0.360545
vt 0.403331 0.360545
vt 0.403331 0.361084
vt 0.399978 0.361084
vt 0.403331 0.360545
vt 0.406429 0.360545
vt 0.406429 0.361084
vt 0.403331 0.361084
vt 0.95874 0.360545
vt 0.961227 0.360545
vt 0.961227 0.361084
vt 0.95874 0.361084
vt 0.961227 0.360545
vt 0.963903 0.360545
vt 0.963903 0.361084
vt 0.961227 0.361084
vt 0.963903 0.360545
vt 0.966523 0.360545
vt 0.966523 0.361084
vt 0.963903 0.361084
vt 0.966523 0.360545
vt 0.969089 0.360545
vt 0.969089 0.361084
vt 0.966523 0.361084
vt 0.168213 0.365428
vt 0.183503 0.365428
vt 0.183503 0.365967
vt 0.168213 0.365967
vt 0.183503 0.365428
vt 0.186558 0.365428
vt 0.186558 0.365967
vt 0.183503 0.365967
vt 0.186558 0.365428
vt 0.189662 0.365428
vt 0.189662 0.365967
vt 0.186558 0.365967
vt 0.189662 0.365428
vt 0.19331 0.365428
vt 0.19331 0.365967
vt 0.189662 0.365967
vt 0.785889 0.360545
vt 0.78949 0.360545
vt 0.78949 0.361084
vt 0.785889 0.361084
vt 0.78949 0.360545
vt 0.793102 0.360545
vt 0.793102 0.361084
vt 0.78949 0.361084
vt 0.793102 0.360545
vt 0.796727 0.360545
vt 0.796727 0.361084
vt 0.793102 0.361084
vt 0.760498 0.360545
vt 0.76411 0.360545
vt 0.76411 0.361084
vt 0.760498 0.361084
vt 0.76411 0.360545
vt 0.767865 0.360545
vt 0.767865 0.361084
vt 0.76411 0.361084
vt 0.767865 0.360545
vt 0.771567 0.360545
vt 0.771567 0.361084
vt 0.767865 0.361084
vt 0.623779 0.360545
vt 0.62725 0.360545
vt 0.62725 0.361084
vt 0.623779 0.361084
vt 0.62725 0.360545
vt 0.629435 0.360545
vt 0.629435 0.361084
vt 0.62725 0.361084
vt 0.629435 0.360545
vt 0.631586 0.360545
vt 0.631586 0.361084
vt 0.629435 0.361084
vt 0.631586 0.360545
vt 0.633705 0.360545
vt 0.633705 0.361084
vt 0.631586 0.361084
vt 0.633705 0.360545
vt 0.636023 0.360545
vt 0.636023 0.361084
vt 0.633705 0.361084
vt 0.261963 0.370311
vt 0.293029 0.370311
vt 0.293029 0.37085
vt 0.261963 0.37085
vt 0.293029 0.370311
vt 0.296314 0.370311
vt 0.296314 0.37085
vt 0.293029 0.37085
vt 0.296314 0.370311
vt 0.299656 0.370311
vt 0.299656 0.37085
vt 0.296314 0.37085
vt 0.299656 0.370311
vt 0.302814 0.370311
vt 0.302814 0.37085
vt 0.299656 0.37085
vt 0.595459 0.360545
vt 0.598498 0.360545
vt 0.598498 0.361084
vt 0.595459 0.361084
vt 0.598498 0.360545
vt 0.601503 0.360545
vt 0.601503 0.361084
vt 0.598498 0.361084
vt 0.601503 0.360545
vt 0.604655 0.360545
vt 0.604655 0.361084
vt 0.601503 0.361084
vt 0.604655 0.360545
vt 0.60777 0.360545
vt 0.60777 0.361084
vt 0.604655 0.361084
vt 0.706787 0.360545
vt 0.709876 0.360545
vt 0.709876 0.361084
vt 0.706787 0.361084
vt 0.709876 0.360545
vt 0.713029 0.360545
vt 0.713029 0.361084
vt 0.709876 0.361084
vt 0.713029 0.360545
vt 0.715978 0.360545
vt 0.715978 0.361084
vt 0.713029 0.361084
vt 0.715978 0.360545
vt 0.71851 0.360545
vt 0.71851 0.361084
vt 0.715978 0.361084
vt 0.414307 0.358104
vt 0.41678 0.358104
vt 0.41678 0.358643
vt 0.414307 0.358643
vt 0.41678 0.358104
vt 0.419431 0.358104
vt 0.419431 0.358643
vt 0.41678 0.358643
vt 0.39917 0.367869
vt 0.401648 0.367869
vt 0.401648 0.368408
vt 0.39917 0.368408
vt 0.401648 0.367869
vt 0.404626 0.367869
vt 0.404626 0.368408
vt 0.401648 0.368408
vt 0.404626 0.367869
vt 0.417568 0.367869
vt 0.417568 0.368408
vt 0.404626 0.368408
vt 0.417568 0.367869
vt 0.419898 0.367869
vt 0.419898 0.368408
vt 0.417568 0.368408
vt 0.026792 0.400166
vt 0.030826 0.400263
vt 0.030814 0.400461
vt 0.026795 0.400365
vt 0.030826 0.400263
vt 0.032992 0.400483
vt 0.032967 0.400681
vt 0.030814 0.400461
vt 0.032992 0.400483
vt 0.034936 0.400786
vt 0.034901 0.400981
vt 0.032967 0.400681
vt 0.034936 0.400786
vt 0.036898 0.401196
vt 0.036854 0.40139
vt 0.034901 0.400981
vt 0.036898 0.401196
vt 0.038882 0.401724
vt 0.038827 0.401915
vt 0.036854 0.40139
vt 0.038882 0.401724
vt 0.042412 0.402979
vt 0.042342 0.403164
vt 0.038827 0.401915
vt 0.258545 0.390675
vt 0.262354 0.389988
vt 0.26238 0.390185
vt 0.258589 0.390869
vt 0.262354 0.389988
vt 0.266357 0.38967
vt 0.266363 0.389869
vt 0.26238 0.390185
vt 0.266357 0.38967
vt 0.270305 0.389745
vt 0.270294 0.389944
vt 0.266363 0.389869
vt 0.270305 0.389745
vt 0.272355 0.389936
vt 0.272332 0.390134
vt 0.270294 0.389944
vt 0.272355 0.389936
vt 0.27435 0.390226
vt 0.274317 0.390422
vt 0.272332 0.390134
vt 0.37915 0.401379
vt 0.381569 0.401017
vt 0.381591 0.401214
vt 0.379185 0.401575
vt 0.381569 0.401017
vt 0.3842 0.400792
vt 0.384211 0.40099
vt 0.381591 0.401214
vt 0.3842 0.400792
vt 0.386569 0.400736
vt 0.386567 0.400935
vt 0.384211 0.40099
vt 0.386569 0.400736
vt 0.389148 0.400831
vt 0.389136 0.40103
vt 0.386567 0.400935
vt 0.389148 0.400831
vt 0.420581 0.403406
vt 0.420559 0.403604
vt 0.389136 0.40103
vt 0.420581 0.403406
vt 0.42381 0.403857
vt 0.423775 0.404053
vt 0.420559 0.403604
vt 0.645752 0.390663
vt 0.64901 0.390129
vt 0.649034 0.390326
vt 0.645791 0.390858
vt 0.64901 0.390129
vt 0.652186 0.389871
vt 0.652194 0.39007
vt 0.649034 0.390326
vt 0.652186 0.389871
vt 0.655521 0.389869
vt 0.655513 0.390068
vt 0.652194 0.39007
vt 0.655521 0.389869
vt 0.658766 0.390131
vt 0.658742 0.390329
vt 0.655513 0.390068
vt 0.658766 0.390131
vt 0.662058 0.390674
vt 0.662018 0.390869
vt 0.658742 0.390329
vt 0.752197 0.390674
vt 0.755498 0.390133
vt 0.755521 0.390331
vt 0.752237 0.390869
vt 0.755498 0.390133
vt 0.758813 0.389871
vt 0.758821 0.39007
vt 0.755521 0.390331
vt 0.758813 0.389871
vt 0.762173 0.389883
vt 0.762164 0.390082
vt 0.758821 0.39007
vt 0.762173 0.389883
vt 0.765295 0.390145
vt 0.765271 0.390342
vt 0.762164 0.390082
vt 0.765295 0.390145
vt 0.767746 0.390525
vt 0.76771 0.39072
vt 0.765271 0.390342
vt 0.55249 0.393578
vt 0.555098 0.39314
vt 0.555124 0.393338
vt 0.552529 0.393773
vt 0.555098 0.39314
vt 0.557695 0.39288
vt 0.557709 0.393078
vt 0.555124 0.393338
vt 0.557695 0.39288
vt 0.560282 0.392787
vt 0.560282 0.392986
vt 0.557709 0.393078
vt 0.560282 0.392787
vt 0.575736 0.393266
vt 0.575723 0.393465
vt 0.560282 0.392986
vt 0.575736 0.393266
vt 0.578767 0.393561
vt 0.578741 0.393759
vt 0.575723 0.393465
vt 0.578767 0.393561
vt 0.581784 0.394093
vt 0.581742 0.394287
vt 0.578741 0.393759
vt 0.151123 0.387743
vt 0.154756 0.387251
vt 0.154773 0.387449
vt 0.151158 0.387939
vt 0.154756 0.387251
vt 0.158379 0.38709
vt 0.158379 0.38729
vt 0.154773 0.387449
vt 0.158379 0.38709
vt 0.161983 0.387251
vt 0.161966 0.38745
vt 0.158379 0.38729
vt 0.161983 0.387251
vt 0.165572 0.387737
vt 0.165537 0.387933
vt 0.161966 0.38745
vt 0.36792 0.390675
vt 0.371449 0.390035
vt 0.371475 0.390232
vt 0.367963 0.390869
vt 0.371449 0.390035
vt 0.375176 0.389709
vt 0.375184 0.389908
vt 0.371475 0.390232
vt 0.375176 0.389709
vt 0.378909 0.389729
vt 0.378899 0.389928
vt 0.375184 0.389908
vt 0.378909 0.389729
vt 0.382399 0.39006
vt 0.382374 0.390258
vt 0.378899 0.389928
vt 0.382399 0.39006
vt 0.384531 0.390418
vt 0.384494 0.390613
vt 0.382374 0.390258
vt 0.866943 0.393526
vt 0.869059 0.393248
vt 0.869079 0.393446
vt 0.866974 0.393722
vt 0.869059 0.393248
vt 0.871172 0.393084
vt 0.871182 0.393282
vt 0.869079 0.393446
vt 0.871172 0.393084
vt 0.873517 0.39303
vt 0.873518 0.393229
vt 0.871182 0.393282
vt 0.873517 0.39303
vt 0.90492 0.393364
vt 0.904912 0.393563
vt 0.873518 0.393229
vt 0.90492 0.393364
vt 0.908196 0.393592
vt 0.908175 0.393789
vt 0.904912 0.393563
vt 0.908196 0.393592
vt 0.911468 0.394092
vt 0.91143 0.394287
vt 0.908175 0.393789
vt 0.977783 0.390674
vt 0.98091 0.390191
vt 0.980932 0.390388
vt 0.977821 0.390869
vt 0.98091 0.390191
vt 0.983971 0.38996
vt 0.983979 0.390159
vt 0.980932 0.390388
vt 0.983971 0.38996
vt 0.98698 0.389959
vt 0.986973 0.390157
vt 0.983979 0.390159
vt 0.98698 0.389959
vt 0.990118 0.390195
vt 0.990096 0.390393
vt 0.986973 0.390157
vt 0.990118 0.390195
vt 0.993203 0.390673
vt 0.993165 0.390869
vt 0.990096 0.390393
vt 0.043701 0.38286
vt 0.04679 0.382511
vt 0.046804 0.38271
vt 0.043731 0.383057
vt 0.04679 0.382511
vt 0.049943 0.382401
vt 0.049943 0.3826
vt 0.046804 0.38271
vt 0.049943 0.382401
vt 0.052892 0.382518
vt 0.052878 0.382716
vt 0.049943 0.3826
vt 0.052892 0.382518
vt 0.055424 0.382791
vt 0.055397 0.382989
vt 0.052878 0.382716
vt 0.001221 0.403866
vt 0.003445 0.403082
vt 0.003501 0.403272
vt 0.001288 0.404053
vt 0.003445 0.403082
vt 0.005922 0.402396
vt 0.005967 0.40259
vt 0.003501 0.403272
vt 0.005922 0.402396
vt 0.008431 0.401884
vt 0.008462 0.402081
vt 0.005967 0.40259
vt 0.008431 0.401884
vt 0.011433 0.401494
vt 0.011455 0.401692
vt 0.008462 0.402081
vt 0.011433 0.401494
vt 0.024453 0.400296
vt 0.024467 0.400495
vt 0.011455 0.401692
vt 0.024453 0.400296
vt 0.026792 0.400166
vt 0.026795 0.400365
vt 0.024467 0.400495
vt 0.198613 0.392503
vt 0.212479 0.393093
vt 0.21246 0.393291
vt 0.198612 0.392702
vt 0.212479 0.393093
vt 0.21459 0.393429
vt 0.214546 0.393624
vt 0.21246 0.393291
vt 0.21459 0.393429
vt 0.216674 0.394101
vt 0.216605 0.394287
vt 0.214546 0.393624
vt 0.244385 0.382859
vt 0.246009 0.382595
vt 0.24603 0.382793
vt 0.244428 0.383054
vt 0.246009 0.382595
vt 0.247656 0.382509
vt 0.247656 0.382708
vt 0.24603 0.382793
vt 0.247656 0.382509
vt 0.249244 0.382593
vt 0.249224 0.382791
vt 0.247656 0.382708
vt 0.249244 0.382593
vt 0.250903 0.382862
vt 0.250861 0.383057
vt 0.249224 0.382791
vt 0.098389 0.382755
vt 0.099922 0.382523
vt 0.099942 0.382721
vt 0.098428 0.38295
vt 0.099922 0.382523
vt 0.101406 0.38245
vt 0.101406 0.382649
vt 0.099942 0.382721
vt 0.101406 0.38245
vt 0.103079 0.382539
vt 0.10306 0.382737
vt 0.101406 0.382649
vt 0.103079 0.382539
vt 0.105129 0.38284
vt 0.105235 0.383057
vt 0.10306 0.382737
vt 0.679093 0.330612
vt 0.696768 0.330612
vt 0.696627 0.330811
vt 0.678955 0.330811
vt 0.345459 0.338424
vt 0.373279 0.338424
vt 0.373138 0.338623
vt 0.3456 0.338623
vt 0.756104 0.332565
vt 0.773796 0.332565
vt 0.773932 0.332764
vt 0.756244 0.332764
vt 0.783558 0.358429
vt 0.786209 0.358106
vt 0.786221 0.358305
vt 0.783447 0.358643
vt 0.786209 0.358106
vt 0.787908 0.358105
vt 0.787896 0.358304
vt 0.786221 0.358305
vt 0.787908 0.358105
vt 0.789916 0.358351
vt 0.78988 0.358546
vt 0.787896 0.358304
vt 0.987549 0.358437
vt 0.989474 0.358191
vt 0.989486 0.35839
vt 0.987586 0.358632
vt 0.989474 0.358191
vt 0.991388 0.358189
vt 0.991376 0.358388
vt 0.989486 0.35839
vt 0.991388 0.358189
vt 0.993392 0.358447
vt 0.993354 0.358643
vt 0.991376 0.358388
vt 0.455811 0.396868
vt 0.457869 0.396481
vt 0.457892 0.396679
vt 0.455859 0.397061
vt 0.457869 0.396481
vt 0.459842 0.396381
vt 0.459839 0.39658
vt 0.457892 0.396679
vt 0.459842 0.396381
vt 0.461966 0.396559
vt 0.461943 0.396756
vt 0.459839 0.39658
vt 0.461966 0.396559
vt 0.474582 0.398486
vt 0.474548 0.398682
vt 0.461943 0.396756
vt 0.149658 0.382798
vt 0.151046 0.38257
vt 0.151068 0.382768
vt 0.149695 0.382994
vt 0.151046 0.38257
vt 0.152739 0.382468
vt 0.15274 0.382667
vt 0.151068 0.382768
vt 0.152739 0.382468
vt 0.154517 0.382562
vt 0.154495 0.38276
vt 0.15274 0.382667
vt 0.154517 0.382562
vt 0.15626 0.382862
vt 0.156216 0.383057
vt 0.154495 0.38276
vt 0.077881 0.355978
vt 0.079552 0.35577
vt 0.079564 0.355969
vt 0.077916 0.356174
vt 0.079552 0.35577
vt 0.081567 0.355765
vt 0.081554 0.355964
vt 0.079564 0.355969
vt 0.081567 0.355765
vt 0.083463 0.356005
vt 0.083426 0.356201
vt 0.081554 0.355964
vt 0.956299 0.401636
vt 0.958262 0.401294
vt 0.958283 0.401492
vt 0.956345 0.40183
vt 0.958262 0.401294
vt 0.960185 0.401212
vt 0.960182 0.401411
vt 0.958283 0.401492
vt 0.960185 0.401212
vt 0.991425 0.403633
vt 0.991404 0.403831
vt 0.960182 0.401411
vt 0.991425 0.403633
vt 0.993058 0.403857
vt 0.99302 0.404053
vt 0.991404 0.403831
vt 0.048584 0.356
vt 0.050512 0.35576
vt 0.050524 0.355959
vt 0.04862 0.356196
vt 0.050512 0.35576
vt 0.052332 0.355759
vt 0.05232 0.355958
vt 0.050524 0.355959
vt 0.052332 0.355759
vt 0.054305 0.356005
vt 0.054268 0.356201
vt 0.05232 0.355958
vt 0.287842 0.356003
vt 0.289762 0.355889
vt 0.289762 0.356088
vt 0.287866 0.356201
vt 0.289762 0.355889
vt 0.29152 0.355994
vt 0.291497 0.356192
vt 0.289762 0.356088
vt 0.193115 0.393439
vt 0.194823 0.392908
vt 0.194867 0.393102
vt 0.193182 0.393626
vt 0.194823 0.392908
vt 0.196751 0.392579
vt 0.196771 0.392777
vt 0.194867 0.393102
vt 0.196751 0.392579
vt 0.198613 0.392503
vt 0.198612 0.392702
vt 0.196771 0.392777
vt 0.004968 0.362986
vt 0.018812 0.362986
vt 0.018812 0.363525
vt 0.004968 0.363525
vt 0.018812 0.362986
vt 0.020897 0.362986
vt 0.020897 0.363525
vt 0.018812 0.363525
vt 0.343018 0.358104
vt 0.345241 0.358104
vt 0.345241 0.358643
vt 0.343018 0.358643
vt 0.345241 0.358104
vt 0.346883 0.358104
vt 0.346883 0.358643
vt 0.345241 0.358643
vt 0.346883 0.358104
vt 0.348493 0.358104
vt 0.348493 0.358643
vt 0.346883 0.358643
vt 0.440674 0.358104
vt 0.442228 0.358104
vt 0.442228 0.358643
vt 0.440674 0.358643
vt 0.442228 0.358104
vt 0.443908 0.358104
vt 0.443908 0.358643
vt 0.442228 0.358643
vt 0.443908 0.358104
vt 0.445438 0.358104
vt 0.445438 0.358643
vt 0.443908 0.358643
vt 0.386963 0.358104
vt 0.388417 0.358104
vt 0.388417 0.358643
vt 0.386963 0.358643
vt 0.388417 0.358104
vt 0.390075 0.358104
vt 0.390075 0.358643
vt 0.388417 0.358643
vt 0.390075 0.358104
vt 0.392277 0.358104
vt 0.392277 0.358643
vt 0.390075 0.358643
vt 0.17749 0.360545
vt 0.195162 0.360545
vt 0.195162 0.361084
vt 0.17749 0.361084
vt 0.862061 0.367869
vt 0.889599 0.367869
vt 0.889599 0.368408
vt 0.862061 0.368408
vt 0.138428 0.360545
vt 0.156115 0.360545
vt 0.156115 0.361084
vt 0.138428 0.361084
vt 0.296143 0.358104
vt 0.298916 0.358104
vt 0.298916 0.358643
vt 0.296143 0.358643
vt 0.298916 0.358104
vt 0.300591 0.358104
vt 0.300591 0.358643
vt 0.298916 0.358643
vt 0.300591 0.358104
vt 0.302575 0.358104
vt 0.302575 0.358643
vt 0.300591 0.358643
vt 0.545166 0.358104
vt 0.547089 0.358104
vt 0.547089 0.358643
vt 0.545166 0.358643
vt 0.547089 0.358104
vt 0.548971 0.358104
vt 0.548971 0.358643
vt 0.547089 0.358643
vt 0.489502 0.358104
vt 0.491503 0.358104
vt 0.491503 0.358643
vt 0.489502 0.358643
vt 0.491503 0.358104
vt 0.493596 0.358104
vt 0.493596 0.358643
vt 0.491503 0.358643
vt 0.290771 0.360545
vt 0.2927 0.360545
vt 0.2927 0.361084
vt 0.290771 0.361084
vt 0.2927 0.360545
vt 0.294817 0.360545
vt 0.294817 0.361084
vt 0.2927 0.361084
vt 0.294817 0.360545
vt 0.307607 0.360545
vt 0.307607 0.361084
vt 0.294817 0.361084
vt 0.427979 0.358104
vt 0.429373 0.358104
vt 0.429373 0.358643
vt 0.427979 0.358643
vt 0.429373 0.358104
vt 0.431051 0.358104
vt 0.431051 0.358643
vt 0.429373 0.358643
vt 0.431051 0.358104
vt 0.43279 0.358104
vt 0.43279 0.358643
vt 0.431051 0.358643
vt 0.372314 0.358104
vt 0.374062 0.358104
vt 0.374062 0.358643
vt 0.372314 0.358643
vt 0.374062 0.358104
vt 0.375735 0.358104
vt 0.375735 0.358643
vt 0.374062 0.358643
vt 0.375735 0.358104
vt 0.377698 0.358104
vt 0.377698 0.358643
vt 0.375735 0.358643
vt 0.523682 0.358104
vt 0.525575 0.358104
vt 0.525575 0.358643
vt 0.523682 0.358643
vt 0.525575 0.358104
vt 0.527563 0.358104
vt 0.527563 0.358643
vt 0.525575 0.358643
vt 0.037842 0.367869
vt 0.039726 0.367869
vt 0.039726 0.368408
vt 0.037842 0.368408
vt 0.039726 0.367869
vt 0.071119 0.367869
vt 0.071119 0.368408
vt 0.039726 0.368408
vt 0.071119 0.367869
vt 0.072755 0.367869
vt 0.072755 0.368408
vt 0.071119 0.368408
vt 0.328369 0.358104
vt 0.330274 0.358104
vt 0.330274 0.358643
vt 0.328369 0.358643
vt 0.330274 0.358104
vt 0.332069 0.358104
vt 0.332069 0.358643
vt 0.330274 0.358643
vt 0.332069 0.358104
vt 0.334018 0.358104
vt 0.334018 0.358643
vt 0.332069 0.358643
vt 0.357666 0.358104
vt 0.359542 0.358104
vt 0.359542 0.358643
vt 0.357666 0.358643
vt 0.359542 0.358104
vt 0.361283 0.358104
vt 0.361283 0.358643
vt 0.359542 0.358643
vt 0.361283 0.358104
vt 0.363093 0.358104
vt 0.363093 0.358643
vt 0.361283 0.358643
vt 0.001221 0.362986
vt 0.003126 0.362986
vt 0.003126 0.363525
vt 0.001221 0.363525
vt 0.003126 0.362986
vt 0.004968 0.362986
vt 0.004968 0.363525
vt 0.003126 0.363525
vt 0.147831 0.394088
vt 0.161678 0.393499
vt 0.161698 0.393697
vt 0.147831 0.394287
vt 0.161678 0.393499
vt 0.163765 0.393167
vt 0.163809 0.393361
vt 0.161698 0.393697
vt 0.163765 0.393167
vt 0.165824 0.392503
vt 0.165893 0.392689
vt 0.163809 0.393361
vt 0.26103 0.382511
vt 0.262631 0.382772
vt 0.26261 0.38297
vt 0.260986 0.382706
vt 0.262631 0.382772
vt 0.264258 0.382857
vt 0.264258 0.383057
vt 0.26261 0.38297
vt 0.264258 0.382857
vt 0.265825 0.382775
vt 0.265846 0.382973
vt 0.264258 0.383057
vt 0.265825 0.382775
vt 0.267463 0.382509
vt 0.267505 0.382703
vt 0.265846 0.382973
vt 0.116006 0.382557
vt 0.11752 0.382785
vt 0.1175 0.382983
vt 0.115967 0.382752
vt 0.11752 0.382785
vt 0.118984 0.382858
vt 0.118984 0.383057
vt 0.1175 0.382983
vt 0.118984 0.382858
vt 0.120638 0.38277
vt 0.120657 0.382968
vt 0.118984 0.383057
vt 0.120638 0.38277
vt 0.122814 0.38245
vt 0.122707 0.382666
vt 0.120657 0.382968
vt 0.795166 0.332565
vt 0.812838 0.332565
vt 0.812979 0.332764
vt 0.795304 0.332764
vt 0.031635 0.332565
vt 0.059173 0.332565
vt 0.059314 0.332764
vt 0.031494 0.332764
vt 0.299701 0.340377
vt 0.317389 0.340377
vt 0.317253 0.340576
vt 0.299561 0.340576
vt 0.800049 0.358105
vt 0.802822 0.358443
vt 0.80281 0.358642
vt 0.800159 0.358319
vt 0.802822 0.358443
vt 0.804497 0.358444
vt 0.804509 0.358643
vt 0.80281 0.358642
vt 0.804497 0.358444
vt 0.806481 0.358202
vt 0.806518 0.358397
vt 0.804509 0.358643
vt 0.972938 0.3582
vt 0.974838 0.358442
vt 0.974825 0.358641
vt 0.9729 0.358395
vt 0.974838 0.358442
vt 0.976727 0.358444
vt 0.97674 0.358643
vt 0.974825 0.358641
vt 0.976727 0.358444
vt 0.978706 0.358189
vt 0.978744 0.358385
vt 0.97674 0.358643
vt 0.496875 0.398001
vt 0.498908 0.398384
vt 0.498884 0.398582
vt 0.496826 0.398194
vt 0.498908 0.398384
vt 0.500855 0.398482
vt 0.500858 0.398682
vt 0.498884 0.398582
vt 0.500855 0.398482
vt 0.502959 0.398306
vt 0.502982 0.398504
vt 0.500858 0.398682
vt 0.502959 0.398306
vt 0.515564 0.396381
vt 0.515598 0.396577
vt 0.502982 0.398504
vt 0.166296 0.382531
vt 0.16767 0.382757
vt 0.167648 0.382955
vt 0.16626 0.382726
vt 0.16767 0.382757
vt 0.169342 0.382857
vt 0.169341 0.383057
vt 0.167648 0.382955
vt 0.169342 0.382857
vt 0.171097 0.382764
vt 0.171119 0.382962
vt 0.169341 0.383057
vt 0.171097 0.382764
vt 0.172818 0.382468
vt 0.172862 0.382662
vt 0.171119 0.382962
vt 0.063268 0.355793
vt 0.064916 0.355997
vt 0.064903 0.356196
vt 0.063232 0.355989
vt 0.064916 0.355997
vt 0.066906 0.356002
vt 0.066918 0.356201
vt 0.064903 0.356196
vt 0.066906 0.356002
vt 0.068778 0.355765
vt 0.068815 0.355961
vt 0.066918 0.356201
vt 0.039841 0.398064
vt 0.041779 0.398401
vt 0.041758 0.398599
vt 0.039795 0.398257
vt 0.041779 0.398401
vt 0.043678 0.398482
vt 0.043681 0.398682
vt 0.041758 0.398599
vt 0.043678 0.398482
vt 0.0749 0.396063
vt 0.074921 0.39626
vt 0.043681 0.398682
vt 0.0749 0.396063
vt 0.076516 0.395841
vt 0.076554 0.396036
vt 0.074921 0.39626
vt 0.033971 0.355765
vt 0.035876 0.356001
vt 0.035863 0.3562
vt 0.033936 0.355961
vt 0.035876 0.356001
vt 0.037671 0.356002
vt 0.037683 0.356201
vt 0.035863 0.3562
vt 0.037671 0.356002
vt 0.03962 0.355759
vt 0.039656 0.355955
vt 0.037683 0.356201
vt 0.298608 0.355889
vt 0.300504 0.356002
vt 0.300504 0.356201
vt 0.298584 0.356086
vt 0.300504 0.356002
vt 0.302239 0.355898
vt 0.302262 0.356096
vt 0.300504 0.356201
vt 0.1424 0.393164
vt 0.144086 0.393688
vt 0.144042 0.393882
vt 0.142334 0.393351
vt 0.144086 0.393688
vt 0.14599 0.394013
vt 0.14597 0.394211
vt 0.144042 0.393882
vt 0.14599 0.394013
vt 0.147831 0.394088
vt 0.147831 0.394287
vt 0.14597 0.394211
vt 0.00198 0.811945
vt 0.001339 0.807976
vt 0.001222 0.805643
vt 0.002555 0.814042
vt 0.00198 0.811945
vt 0.001222 0.805643
vt 0.003213 0.815908
vt 0.002555 0.814042
vt 0.001222 0.805643
vt 0.004022 0.817774
vt 0.003213 0.815908
vt 0.001222 0.805643
vt 0.004994 0.819638
vt 0.004022 0.817774
vt 0.001222 0.805643
vt 0.007158 0.822905
vt 0.004994 0.819638
vt 0.001222 0.805643
vt 0.009739 0.825843
vt 0.007158 0.822905
vt 0.001222 0.805643
vt 0.012771 0.828464
vt 0.009739 0.825843
vt 0.001222 0.805643
vt 0.016071 0.830603
vt 0.012771 0.828464
vt 0.001222 0.805643
vt 0.017902 0.831537
vt 0.016071 0.830603
vt 0.001222 0.805643
vt 0.019768 0.832327
vt 0.017902 0.831537
vt 0.001222 0.805643
vt 0.0221 0.833107
vt 0.019768 0.832327
vt 0.001222 0.805643
vt 0.024667 0.83372
vt 0.0221 0.833107
vt 0.001222 0.805643
vt 0.026998 0.834068
vt 0.024667 0.83372
vt 0.001222 0.805643
vt 0.029566 0.834229
vt 0.026998 0.834068
vt 0.001222 0.805643
vt 0.028367 0.816216
vt 0.030025 0.81635
vt 0.029566 0.834229
vt 0.026469 0.815739
vt 0.028367 0.816216
vt 0.029566 0.834229
vt 0.026469 0.815739
vt 0.029566 0.834229
vt 0.001222 0.805643
vt 0.024806 0.814999
vt 0.026469 0.815739
vt 0.001222 0.805643
vt 0.023145 0.81388
vt 0.024806 0.814999
vt 0.001222 0.805643
vt 0.021764 0.812536
vt 0.023145 0.81388
vt 0.001222 0.805643
vt 0.020724 0.811111
vt 0.021764 0.812536
vt 0.001222 0.805643
vt 0.019889 0.809449
vt 0.020724 0.811111
vt 0.001222 0.805643
vt 0.019322 0.80755
vt 0.019889 0.809449
vt 0.001222 0.805643
vt 0.019109 0.805698
vt 0.019322 0.80755
vt 0.001222 0.805643
vt 0.019124 0.791807
vt 0.019109 0.805698
vt 0.001222 0.805643
vt 0.019467 0.789673
vt 0.019124 0.791807
vt 0.001222 0.805643
vt 0.020277 0.787538
vt 0.019467 0.789673
vt 0.001222 0.805643
vt 0.021138 0.786112
vt 0.020277 0.787538
vt 0.001222 0.805643
vt 0.022195 0.784842
vt 0.021138 0.786112
vt 0.001222 0.805643
vt 0.031408 0.763815
vt 0.031408 0.781489
vt 0.029316 0.781525
vt 0.031408 0.763815
vt 0.029316 0.781525
vt 0.027656 0.78177
vt 0.031408 0.763815
vt 0.027656 0.78177
vt 0.026231 0.782197
vt 0.031408 0.763815
vt 0.026231 0.782197
vt 0.024806 0.78285
vt 0.031408 0.763815
vt 0.024806 0.78285
vt 0.023382 0.783781
vt 0.031408 0.763815
vt 0.023382 0.783781
vt 0.022195 0.784842
vt 0.031408 0.763815
vt 0.022195 0.784842
vt 0.001222 0.805643
vt 0.061922 0.781584
vt 0.059234 0.781496
vt 0.059228 0.763803
vt 0.063586 0.781926
vt 0.061922 0.781584
vt 0.059228 0.763803
vt 0.065484 0.782668
vt 0.063586 0.781926
vt 0.059228 0.763803
vt 0.067146 0.783698
vt 0.065484 0.782668
vt 0.059228 0.763803
vt 0.068571 0.784977
vt 0.067146 0.783698
vt 0.059228 0.763803
vt 0.069819 0.786587
vt 0.068571 0.784977
vt 0.059228 0.763803
vt 0.070782 0.788486
vt 0.069819 0.786587
vt 0.059228 0.763803
vt 0.029566 0.834229
vt 0.030025 0.81635
vt 0.061449 0.816314
vt 0.029566 0.834229
vt 0.061449 0.816314
vt 0.063348 0.815989
vt 0.029566 0.834229
vt 0.063348 0.815989
vt 0.065247 0.815297
vt 0.061197 0.834226
vt 0.029566 0.834229
vt 0.065247 0.815297
vt 0.061197 0.834226
vt 0.065247 0.815297
vt 0.066909 0.814324
vt 0.061197 0.834226
vt 0.066909 0.814324
vt 0.068438 0.813011
vt 0.061197 0.834226
vt 0.068438 0.813011
vt 0.069521 0.811706
vt 0.061197 0.834226
vt 0.069521 0.811706
vt 0.070433 0.810162
vt 0.061197 0.834226
vt 0.070433 0.810162
vt 0.071078 0.8085
vt 0.064464 0.833967
vt 0.061197 0.834226
vt 0.071078 0.8085
vt 0.06773 0.833326
vt 0.064464 0.833967
vt 0.071078 0.8085
vt 0.06773 0.833326
vt 0.071078 0.8085
vt 0.071435 0.806838
vt 0.070762 0.832367
vt 0.06773 0.833326
vt 0.071435 0.806838
vt 0.070762 0.832367
vt 0.071435 0.806838
vt 0.071533 0.805417
vt 0.073794 0.831016
vt 0.070762 0.832367
vt 0.071533 0.805417
vt 0.073794 0.831016
vt 0.071533 0.805417
vt 0.071533 0.792515
vt 0.076593 0.829366
vt 0.073794 0.831016
vt 0.071533 0.792515
vt 0.076593 0.829366
vt 0.071533 0.792515
vt 0.071332 0.790386
vt 0.079275 0.827337
vt 0.076593 0.829366
vt 0.071332 0.790386
vt 0.081709 0.825004
vt 0.079275 0.827337
vt 0.071332 0.790386
vt 0.081709 0.825004
vt 0.071332 0.790386
vt 0.070782 0.788486
vt 0.083823 0.822445
vt 0.081709 0.825004
vt 0.070782 0.788486
vt 0.085642 0.81964
vt 0.083823 0.822445
vt 0.070782 0.788486
vt 0.085642 0.81964
vt 0.070782 0.788486
vt 0.059228 0.763803
vt 0.087039 0.81684
vt 0.085642 0.81964
vt 0.059228 0.763803
vt 0.087931 0.814509
vt 0.087039 0.81684
vt 0.059228 0.763803
vt 0.088657 0.811943
vt 0.087931 0.814509
vt 0.059228 0.763803
vt 0.089136 0.809377
vt 0.088657 0.811943
vt 0.059228 0.763803
vt 0.08938 0.806812
vt 0.089136 0.809377
vt 0.059228 0.763803
vt 0.089394 0.791356
vt 0.08938 0.806812
vt 0.059228 0.763803
vt 0.089115 0.788323
vt 0.089394 0.791356
vt 0.059228 0.763803
vt 0.088507 0.785292
vt 0.089115 0.788323
vt 0.059228 0.763803
vt 0.087364 0.781793
vt 0.088507 0.785292
vt 0.059228 0.763803
vt 0.08582 0.778527
vt 0.087364 0.781793
vt 0.059228 0.763803
vt 0.08389 0.775495
vt 0.08582 0.778527
vt 0.059228 0.763803
vt 0.08157 0.772697
vt 0.08389 0.775495
vt 0.059228 0.763803
vt 0.078925 0.770219
vt 0.08157 0.772697
vt 0.059228 0.763803
vt 0.075895 0.768032
vt 0.078925 0.770219
vt 0.059228 0.763803
vt 0.072628 0.766263
vt 0.075895 0.768032
vt 0.059228 0.763803
vt 0.069361 0.764993
vt 0.072628 0.766263
vt 0.059228 0.763803
vt 0.067263 0.764407
vt 0.069361 0.764993
vt 0.059228 0.763803
vt 0.065164 0.763987
vt 0.067263 0.764407
vt 0.059228 0.763803
vt 0.063065 0.763726
vt 0.065164 0.763987
vt 0.059228 0.763803
vt 0.063065 0.763726
vt 0.059228 0.763803
vt 0.031408 0.763815
vt 0.06073 0.763617
vt 0.063065 0.763726
vt 0.031408 0.763815
vt 0.029333 0.763626
vt 0.06073 0.763617
vt 0.031408 0.763815
vt 0.029333 0.763626
vt 0.031408 0.763815
vt 0.001222 0.805643
vt 0.026066 0.763897
vt 0.029333 0.763626
vt 0.001222 0.805643
vt 0.0228 0.76455
vt 0.026066 0.763897
vt 0.001222 0.805643
vt 0.019768 0.765523
vt 0.0228 0.76455
vt 0.001222 0.805643
vt 0.016969 0.766768
vt 0.019768 0.765523
vt 0.001222 0.805643
vt 0.014376 0.768265
vt 0.016969 0.766768
vt 0.001222 0.805643
vt 0.011838 0.770115
vt 0.014376 0.768265
vt 0.001222 0.805643
vt 0.009516 0.77223
vt 0.011838 0.770115
vt 0.001222 0.805643
vt 0.007455 0.774562
vt 0.009516 0.77223
vt 0.001222 0.805643
vt 0.005642 0.777128
vt 0.007455 0.774562
vt 0.001222 0.805643
vt 0.004207 0.779694
vt 0.005642 0.777128
vt 0.001222 0.805643
vt 0.00318 0.782026
vt 0.004207 0.779694
vt 0.001222 0.805643
vt 0.002387 0.784358
vt 0.00318 0.782026
vt 0.001222 0.805643
vt 0.001761 0.786924
vt 0.002387 0.784358
vt 0.001222 0.805643
vt 0.001376 0.789489
vt 0.001761 0.786924
vt 0.001222 0.805643
vt 0.001222 0.805643
vt 0.001221 0.792525
vt 0.001376 0.789489
vt 0.091066 0.792202
vt 0.091183 0.789869
vt 0.091824 0.7859
vt 0.091066 0.792202
vt 0.091824 0.7859
vt 0.092398 0.783803
vt 0.091066 0.792202
vt 0.092398 0.783803
vt 0.093057 0.781937
vt 0.091066 0.792202
vt 0.093057 0.781937
vt 0.093866 0.780071
vt 0.091066 0.792202
vt 0.093866 0.780071
vt 0.094838 0.778207
vt 0.091066 0.792202
vt 0.094838 0.778207
vt 0.097002 0.77494
vt 0.091066 0.792202
vt 0.097002 0.77494
vt 0.099583 0.772002
vt 0.091066 0.792202
vt 0.099583 0.772002
vt 0.102615 0.769381
vt 0.091066 0.792202
vt 0.102615 0.769381
vt 0.105915 0.767242
vt 0.091066 0.792202
vt 0.105915 0.767242
vt 0.107746 0.766309
vt 0.091066 0.792202
vt 0.107746 0.766309
vt 0.109612 0.765519
vt 0.091066 0.792202
vt 0.109612 0.765519
vt 0.111944 0.764738
vt 0.091066 0.792202
vt 0.111944 0.764738
vt 0.11451 0.764125
vt 0.091066 0.792202
vt 0.11451 0.764125
vt 0.116842 0.763777
vt 0.091066 0.792202
vt 0.116842 0.763777
vt 0.11941 0.763617
vt 0.11941 0.763617
vt 0.119869 0.781495
vt 0.118211 0.781629
vt 0.11941 0.763617
vt 0.118211 0.781629
vt 0.116313 0.782106
vt 0.091066 0.792202
vt 0.11941 0.763617
vt 0.116313 0.782106
vt 0.091066 0.792202
vt 0.116313 0.782106
vt 0.11465 0.782846
vt 0.091066 0.792202
vt 0.11465 0.782846
vt 0.112988 0.783965
vt 0.091066 0.792202
vt 0.112988 0.783965
vt 0.111608 0.785309
vt 0.091066 0.792202
vt 0.111608 0.785309
vt 0.110567 0.786734
vt 0.091066 0.792202
vt 0.110567 0.786734
vt 0.109733 0.788396
vt 0.091066 0.792202
vt 0.109733 0.788396
vt 0.109165 0.790295
vt 0.091066 0.792202
vt 0.109165 0.790295
vt 0.108952 0.792147
vt 0.091066 0.792202
vt 0.108952 0.792147
vt 0.108967 0.806038
vt 0.091066 0.792202
vt 0.108967 0.806038
vt 0.109311 0.808172
vt 0.091066 0.792202
vt 0.109311 0.808172
vt 0.110121 0.810307
vt 0.091066 0.792202
vt 0.110121 0.810307
vt 0.110982 0.811733
vt 0.091066 0.792202
vt 0.110982 0.811733
vt 0.112038 0.813003
vt 0.11916 0.81632
vt 0.121252 0.816356
vt 0.121252 0.83403
vt 0.1175 0.816075
vt 0.11916 0.81632
vt 0.121252 0.83403
vt 0.116075 0.815648
vt 0.1175 0.816075
vt 0.121252 0.83403
vt 0.11465 0.814995
vt 0.116075 0.815648
vt 0.121252 0.83403
vt 0.113226 0.814064
vt 0.11465 0.814995
vt 0.121252 0.83403
vt 0.112038 0.813003
vt 0.113226 0.814064
vt 0.121252 0.83403
vt 0.091066 0.792202
vt 0.112038 0.813003
vt 0.121252 0.83403
vt 0.149072 0.834042
vt 0.149077 0.816349
vt 0.151766 0.816261
vt 0.149072 0.834042
vt 0.151766 0.816261
vt 0.15343 0.815919
vt 0.149072 0.834042
vt 0.15343 0.815919
vt 0.155328 0.815177
vt 0.149072 0.834042
vt 0.155328 0.815177
vt 0.15699 0.814147
vt 0.149072 0.834042
vt 0.15699 0.814147
vt 0.158415 0.812868
vt 0.149072 0.834042
vt 0.158415 0.812868
vt 0.159663 0.811258
vt 0.149072 0.834042
vt 0.159663 0.811258
vt 0.160626 0.809359
vt 0.151293 0.781531
vt 0.119869 0.781495
vt 0.11941 0.763617
vt 0.153192 0.781856
vt 0.151293 0.781531
vt 0.11941 0.763617
vt 0.155091 0.782548
vt 0.153192 0.781856
vt 0.11941 0.763617
vt 0.155091 0.782548
vt 0.11941 0.763617
vt 0.151041 0.763619
vt 0.156753 0.783521
vt 0.155091 0.782548
vt 0.151041 0.763619
vt 0.158282 0.784834
vt 0.156753 0.783521
vt 0.151041 0.763619
vt 0.159365 0.786139
vt 0.158282 0.784834
vt 0.151041 0.763619
vt 0.160277 0.787683
vt 0.159365 0.786139
vt 0.151041 0.763619
vt 0.160922 0.789345
vt 0.160277 0.787683
vt 0.151041 0.763619
vt 0.160922 0.789345
vt 0.151041 0.763619
vt 0.154308 0.763878
vt 0.160922 0.789345
vt 0.154308 0.763878
vt 0.157574 0.764519
vt 0.161279 0.791007
vt 0.160922 0.789345
vt 0.157574 0.764519
vt 0.161279 0.791007
vt 0.157574 0.764519
vt 0.160606 0.765478
vt 0.161377 0.792428
vt 0.161279 0.791007
vt 0.160606 0.765478
vt 0.161377 0.792428
vt 0.160606 0.765478
vt 0.163638 0.766829
vt 0.161377 0.80533
vt 0.161377 0.792428
vt 0.163638 0.766829
vt 0.161377 0.80533
vt 0.163638 0.766829
vt 0.166436 0.76848
vt 0.161176 0.807459
vt 0.161377 0.80533
vt 0.166436 0.76848
vt 0.161176 0.807459
vt 0.166436 0.76848
vt 0.169119 0.770509
vt 0.161176 0.807459
vt 0.169119 0.770509
vt 0.171552 0.772841
vt 0.160626 0.809359
vt 0.161176 0.807459
vt 0.171552 0.772841
vt 0.160626 0.809359
vt 0.171552 0.772841
vt 0.173667 0.7754
vt 0.160626 0.809359
vt 0.173667 0.7754
vt 0.175485 0.778206
vt 0.149072 0.834042
vt 0.160626 0.809359
vt 0.175485 0.778206
vt 0.149072 0.834042
vt 0.175485 0.778206
vt 0.176883 0.781005
vt 0.149072 0.834042
vt 0.176883 0.781005
vt 0.177775 0.783336
vt 0.149072 0.834042
vt 0.177775 0.783336
vt 0.178501 0.785902
vt 0.149072 0.834042
vt 0.178501 0.785902
vt 0.17898 0.788468
vt 0.149072 0.834042
vt 0.17898 0.788468
vt 0.179224 0.791033
vt 0.149072 0.834042
vt 0.179224 0.791033
vt 0.179238 0.806489
vt 0.149072 0.834042
vt 0.179238 0.806489
vt 0.178959 0.809522
vt 0.149072 0.834042
vt 0.178959 0.809522
vt 0.17835 0.812553
vt 0.149072 0.834042
vt 0.17835 0.812553
vt 0.177208 0.816052
vt 0.149072 0.834042
vt 0.177208 0.816052
vt 0.175663 0.819318
vt 0.149072 0.834042
vt 0.175663 0.819318
vt 0.173734 0.82235
vt 0.149072 0.834042
vt 0.173734 0.82235
vt 0.171413 0.825149
vt 0.149072 0.834042
vt 0.171413 0.825149
vt 0.168769 0.827626
vt 0.149072 0.834042
vt 0.168769 0.827626
vt 0.165739 0.829813
vt 0.149072 0.834042
vt 0.165739 0.829813
vt 0.162471 0.831582
vt 0.149072 0.834042
vt 0.162471 0.831582
vt 0.159205 0.832852
vt 0.149072 0.834042
vt 0.159205 0.832852
vt 0.157107 0.833438
vt 0.149072 0.834042
vt 0.157107 0.833438
vt 0.155008 0.833858
vt 0.149072 0.834042
vt 0.155008 0.833858
vt 0.152909 0.834119
vt 0.121252 0.83403
vt 0.149072 0.834042
vt 0.152909 0.834119
vt 0.121252 0.83403
vt 0.152909 0.834119
vt 0.150574 0.834229
vt 0.121252 0.83403
vt 0.150574 0.834229
vt 0.119177 0.834219
vt 0.091066 0.792202
vt 0.121252 0.83403
vt 0.119177 0.834219
vt 0.091066 0.792202
vt 0.119177 0.834219
vt 0.11591 0.833948
vt 0.091066 0.792202
vt 0.11591 0.833948
vt 0.112644 0.833295
vt 0.091066 0.792202
vt 0.112644 0.833295
vt 0.109612 0.832322
vt 0.091066 0.792202
vt 0.109612 0.832322
vt 0.106813 0.831077
vt 0.091066 0.792202
vt 0.106813 0.831077
vt 0.10422 0.82958
vt 0.091066 0.792202
vt 0.10422 0.82958
vt 0.101682 0.82773
vt 0.091066 0.792202
vt 0.101682 0.82773
vt 0.09936 0.825615
vt 0.091066 0.792202
vt 0.09936 0.825615
vt 0.097299 0.823283
vt 0.091066 0.792202
vt 0.097299 0.823283
vt 0.095486 0.820717
vt 0.091066 0.792202
vt 0.095486 0.820717
vt 0.094051 0.818151
vt 0.091066 0.792202
vt 0.094051 0.818151
vt 0.093024 0.815819
vt 0.091066 0.792202
vt 0.093024 0.815819
vt 0.092231 0.813487
vt 0.091066 0.792202
vt 0.092231 0.813487
vt 0.091604 0.810921
vt 0.091066 0.792202
vt 0.091604 0.810921
vt 0.09122 0.808356
vt 0.09122 0.808356
vt 0.091064 0.80532
vt 0.091066 0.792202
vn 0.084353 -0.701555 -0.707605
vn 0.138867 -0.692863 -0.707571
vn 0.210079 -0.67494 -0.707335
vn 0.258721 -0.657846 -0.707321
vn 0.304567 -0.637901 -0.707334
vn 0.368521 -0.60297 -0.707544
vn 0.429034 -0.56105 -0.707921
vn 0.50182 -0.496989 -0.707939
vn 0.564537 -0.424397 -0.707944
vn 0.606298 -0.363036 -0.707536
vn 0.640678 -0.298693 -0.707328
vn 0.662036 -0.247657 -0.707371
vn 0.67979 -0.193385 -0.707451
vn 0.693562 -0.136034 -0.707437
vn 0.70301 -0.072955 -0.707429
vn 0.707051 -0.003278 -0.707155
vn 0.706993 0.005314 -0.707201
vn 0.699923 0.096381 -0.707686
vn 0.684799 0.173942 -0.707669
vn 0.660264 0.251512 -0.707667
vn 0.628188 0.323372 -0.70768
vn 0.586594 0.393809 -0.707687
vn 0.537643 0.458354 -0.707708
vn 0.481076 0.517421 -0.707701
vn 0.417737 0.569791 -0.707696
vn 0.351605 0.612853 -0.707662
vn 0.287943 0.64537 -0.707522
vn 0.221802 0.671047 -0.70746
vn 0.161625 0.688008 -0.707476
vn 0.098527 0.699848 -0.707464
vn 0.010125 0.706844 -0.707297
vn -0.010139 0.706825 -0.707316
vn -0.102316 0.69916 -0.707607
vn -0.182919 0.682411 -0.707711
vn -0.260773 0.656504 -0.707813
vn -0.341277 0.618509 -0.707796
vn -0.416088 0.570866 -0.707801
vn -0.48407 0.514477 -0.707807
vn -0.545671 0.448581 -0.707826
vn -0.598163 0.375708 -0.707845
vn -0.640535 0.297888 -0.707798
vn -0.667842 0.231113 -0.707512
vn -0.687379 0.164801 -0.707354
vn -0.697736 0.113248 -0.707347
vn -0.704391 0.058838 -0.707369
vn -0.707078 0.002096 -0.707132
vn -0.70698 -0.005735 -0.70721
vn -0.699556 -0.099004 -0.707686
vn -0.684125 -0.176566 -0.70767
vn -0.660445 -0.251155 -0.707625
vn -0.629845 -0.320322 -0.707594
vn -0.591827 -0.38605 -0.707606
vn -0.54749 -0.446669 -0.707631
vn -0.495965 -0.503273 -0.707626
vn -0.43833 -0.554195 -0.707626
vn -0.377924 -0.597059 -0.707597
vn -0.317353 -0.631446 -0.707505
vn -0.256942 -0.658414 -0.70744
vn -0.196767 -0.678818 -0.707452
vn -0.136594 -0.693417 -0.707471
vn -0.067803 -0.703428 -0.707525
vn -0.006755 -0.707003 -0.707178
vn 0.005413 -0.707029 -0.707163
vn 0.119364 -0.992851 0
vn 0.196541 -0.980496 0
vn 0.297186 -0.95482 0
vn 0.365996 -0.930616 0
vn 0.430869 -0.902414 0
vn 0.521475 -0.853267 0
vn 0.607455 -0.794354 0
vn 0.710518 -0.703679 0
vn 0.799319 -0.600907 0
vn 0.857966 -0.513706 0
vn 0.906337 -0.422555 0
vn 0.93661 -0.350374 0
vn 0.961837 -0.273622 0
vn 0.981304 -0.192466 0
vn 0.994657 -0.103232 0
vn 0.999989 -0.004644 0
vn 0.999972 0.007528 0
vn 0.990651 0.136424 0
vn 0.969222 0.246189 0
vn 0.934497 0.355971 0
vn 0.889112 0.45769 0
vn 0.830253 0.557387 0
vn 0.76099 0.648764 0
vn 0.680916 0.732361 0
vn 0.591265 0.806478 0
vn 0.497636 0.867386 0
vn 0.407446 0.913229 0
vn 0.313838 0.949477 0
vn 0.22869 0.973499 0
vn 0.139407 0.990235 0
vn 0.014346 0.999897 0
vn -0.014366 0.999897 0
vn -0.144805 0.98946 0
vn -0.258902 0.965904 0
vn -0.369161 0.929365 0
vn -0.483111 0.875559 0
vn -0.589016 0.808121 0
vn -0.685258 0.728301 0
vn -0.772482 0.635037 0
vn -0.846815 0.531888 0
vn -0.906738 0.421694 0
vn -0.945018 0.327019 0
vn -0.97244 0.233152 0
vn -0.987083 0.16021 0
vn -0.996528 0.083253 0
vn -0.999996 0.002969 0
vn -0.999967 -0.008126 0
vn -0.990132 -0.140136 0
vn -0.968271 -0.249903 0
vn -0.934696 -0.355448 0
vn -0.891349 -0.453317 0
vn -0.837563 -0.546341 0
vn -0.774843 -0.632154 0
vn -0.701916 -0.712259 0
vn -0.620349 -0.784326 0
vn -0.534837 -0.844955 0
vn -0.449055 -0.893504 0
vn -0.363542 -0.931578 0
vn -0.27841 -0.960462 0
vn -0.193269 -0.981146 0
vn -0.095964 -0.995385 0
vn -0.009565 -0.999954 0
vn 0.00767 -0.999971 0
vn 0.084353 -0.701555 0.707605
vn 0.138867 -0.692863 0.707571
vn 0.210079 -0.67494 0.707335
vn 0.258721 -0.657846 0.707321
vn 0.304567 -0.637901 0.707334
vn 0.368521 -0.60297 0.707544
vn 0.429034 -0.56105 0.707921
vn 0.50182 -0.496989 0.707939
vn 0.564537 -0.424397 0.707944
vn 0.606298 -0.363036 0.707536
vn 0.640678 -0.298693 0.707328
vn 0.662036 -0.247657 0.707371
vn 0.67979 -0.193385 0.707451
vn 0.693562 -0.136034 0.707437
vn 0.70301 -0.072955 0.707429
vn 0.707051 -0.003278 0.707155
vn 0.706993 0.005314 0.707201
vn 0.699923 0.096381 0.707686
vn 0.684799 0.173942 0.707669
vn 0.660264 0.251512 0.707667
vn 0.628188 0.323372 0.70768
vn 0.586594 0.393809 0.707687
vn 0.537643 0.458354 0.707708
vn 0.481076 0.517421 0.707701
vn 0.417737 0.569791 0.707696
vn 0.351605 0.612853 0.707662
vn 0.287943 0.64537 0.707522
vn 0.221802 0.671047 0.70746
vn 0.161625 0.688008 0.707476
vn 0.098527 0.699848 0.707464
vn 0.010125 0.706844 0.707297
vn -0.010139 0.706825 0.707316
vn -0.102316 0.69916 0.707607
vn -0.182919 0.682411 0.707711
vn -0.260773 0.656504 0.707813
vn -0.341277 0.618509 0.707796
vn -0.416088 0.570866 0.707801
vn -0.48407 0.514477 0.707807
vn -0.545671 0.448581 0.707826
vn -0.598163 0.375708 0.707845
vn -0.640535 0.297888 0.707798
vn -0.667842 0.231113 0.707512
vn -0.687379 0.164801 0.707354
vn -0.697736 0.113248 0.707347
vn -0.704391 0.058838 0.707369
vn -0.707078 0.002096 0.707132
vn -0.70698 -0.005735 0.70721
vn -0.699556 -0.099004 0.707686
vn -0.684125 -0.176566 0.70767
vn -0.660445 -0.251155 0.707625
vn -0.629845 -0.320322 0.707594
vn -0.591827 -0.38605 0.707606
vn -0.54749 -0.446669 0.707631
vn -0.495965 -0.503273 0.707626
vn -0.43833 -0.554195 0.707626
vn -0.377924 -0.597059 0.707597
vn -0.317353 -0.631446 0.707505
vn -0.256942 -0.658414 0.70744
vn -0.196767 -0.678818 0.707452
vn -0.136594 -0.693417 0.707471
vn -0.067803 -0.703428 0.707525
vn -0.006755 -0.707003 0.707178
vn 0.005413 -0.707029 0.707163
vn -0.008846 0.706806 -0.707352
vn 0.015752 0.706415 -0.707623
vn 0.184005 0.680857 -0.708926
vn 0.299676 0.638915 -0.708507
vn 0.409179 0.575451 -0.708116
vn 0.489751 0.508704 -0.708071
vn 0.56146 0.428197 -0.708103
vn 0.617122 0.343182 -0.708086
vn 0.660429 0.250245 -0.707962
vn 0.690043 0.150142 -0.708024
vn 0.704469 0.051936 -0.707832
vn 0.707001 0.01222 -0.707107
vn 0 0.707107 -0.707107
vn 0.707107 0.000289 -0.707107
vn 0.000218 -0.707107 -0.707107
vn 0.706725 -0.02323 -0.707107
vn 0.702569 -0.068556 -0.708305
vn 0.67525 -0.205515 -0.708379
vn 0.631668 -0.314517 -0.708572
vn 0.565113 -0.422727 -0.708484
vn 0.479237 -0.517982 -0.708538
vn 0.376077 -0.596915 -0.708702
vn 0.261141 -0.655448 -0.708656
vn 0.129267 -0.6936 -0.708667
vn 0.009402 -0.706854 -0.707297
vn -0.004831 -0.707015 -0.707182
vn -0.103109 -0.698646 -0.707998
vn -0.203793 -0.675939 -0.70822
vn -0.308425 -0.634986 -0.708285
vn -0.404821 -0.578398 -0.70822
vn -0.498508 -0.499712 -0.708363
vn -0.573721 -0.410881 -0.708534
vn -0.639237 -0.298914 -0.708538
vn -0.681643 -0.182579 -0.708539
vn -0.706795 -0.007619 -0.707378
vn -0.707047 0.002091 -0.707163
vn -0.695695 0.119622 -0.708307
vn -0.667894 0.228176 -0.708416
vn -0.616011 0.344433 -0.708447
vn -0.548459 0.444055 -0.708525
vn -0.464616 0.53138 -0.708356
vn -0.366459 0.603325 -0.708312
vn -0.258534 0.65669 -0.708462
vn -0.143689 0.690957 -0.708471
vn -0.012456 0.999922 0
vn 0.022197 0.999754 0
vn 0.260894 0.965367 0
vn 0.424604 0.905379 0
vn 0.579515 0.814962 0
vn 0.693553 0.720405 0
vn 0.795156 0.606405 0
vn 0.87395 0.486017 0
vn 0.935118 0.354336 0
vn 0.977145 0.212574 0
vn 0.997375 0.072407 0
vn 0.999851 0.017282 0
vn 0 1 0
vn 1 0.000409 0
vn 0.000309 -1 0
vn 0.99946 -0.032852 0
vn 0.995386 -0.09595 0
vn 0.95666 -0.291206 0
vn 0.89518 -0.445705 0
vn 0.800756 -0.598991 0
vn 0.679116 -0.734031 0
vn 0.533053 -0.846082 0
vn 0.370141 -0.928976 0
vn 0.183121 -0.98309 0
vn 0.013252 -0.999912 0
vn -0.006803 -0.999977 0
vn -0.145966 -0.98929 0
vn -0.288658 -0.957432 0
vn -0.43691 -0.899505 0
vn -0.573391 -0.819282 0
vn -0.706275 -0.707938 0
vn -0.812996 -0.582269 0
vn -0.905861 -0.423575 0
vn -0.965948 -0.258736 0
vn -0.999943 -0.010723 0
vn -0.999996 0.002938 0
vn -0.985543 0.169425 0
vn -0.946309 0.323262 0
vn -0.872817 0.488047 0
vn -0.777204 0.629249 0
vn -0.65824 0.752808 0
vn -0.519131 0.854695 0
vn -0.366318 0.93049 0
vn -0.203568 0.979061 0
vn -0.008846 0.706806 0.707352
vn 0.015752 0.706415 0.707623
vn 0.184005 0.680857 0.708926
vn 0.299676 0.638915 0.708507
vn 0.409179 0.575451 0.708116
vn 0.489751 0.508704 0.708071
vn 0.56146 0.428197 0.708103
vn 0.617122 0.343182 0.708086
vn 0.660429 0.250245 0.707962
vn 0.690043 0.150142 0.708024
vn 0.704469 0.051936 0.707832
vn 0.707001 0.01222 0.707107
vn 0 0.707107 0.707107
vn 0.707107 0.000289 0.707107
vn 0.000218 -0.707107 0.707107
vn 0.706725 -0.02323 0.707107
vn 0.702569 -0.068556 0.708305
vn 0.67525 -0.205515 0.708379
vn 0.631668 -0.314517 0.708572
vn 0.565113 -0.422727 0.708484
vn 0.479237 -0.517982 0.708538
vn 0.376077 -0.596915 0.708702
vn 0.261141 -0.655448 0.708656
vn 0.129267 -0.6936 0.708667
vn 0.009402 -0.706854 0.707297
vn -0.004831 -0.707015 0.707182
vn -0.103109 -0.698646 0.707998
vn -0.203793 -0.675939 0.70822
vn -0.308425 -0.634986 0.708285
vn -0.404821 -0.578398 0.70822
vn -0.498508 -0.499712 0.708363
vn -0.573721 -0.410881 0.708534
vn -0.639237 -0.298914 0.708538
vn -0.681643 -0.182579 0.708539
vn -0.706795 -0.007619 0.707378
vn -0.707047 0.002091 0.707163
vn -0.695695 0.119622 0.708307
vn -0.667894 0.228176 0.708416
vn -0.616011 0.344433 0.708447
vn -0.548459 0.444055 0.708525
vn -0.464616 0.53138 0.708356
vn -0.366459 0.603325 0.708312
vn -0.258534 0.65669 0.708462
vn -0.143689 0.690957 0.708471
vn 0 0 -1
vn 0 0 1
f 453/1119/118 454/1120/119 517/1121/119 516/1122/118
f 454/1123/119 455/1124/120 518/1125/120 517/1126/119
f 455/1127/120 456/1128/121 519/1129/121 518/1130/120
f 456/1131/121 457/1132/122 520/1133/122 519/1134/121
f 457/1135/122 458/1136/123 521/1137/123 520/1138/122
f 458/1139/123 459/1140/124 522/1141/124 521/1142/123
f 459/1143/124 460/1144/125 523/1145/125 522/1146/124
f 460/1147/125 461/1148/126 524/1149/126 523/1150/125
f 461/1151/126 462/1152/127 525/1153/127 524/1154/126
f 462/1155/127 463/1156/128 526/1157/128 525/1158/127
f 463/1159/128 464/1160/129 527/1161/129 526/1162/128
f 464/1163/129 465/1164/130 528/1165/130 527/1166/129
f 465/1167/130 466/1168/131 529/1169/131 528/1170/130
f 466/1171/131 467/1172/132 530/1173/132 529/1174/131
f 467/1175/132 468/1176/133 531/1177/133 530/1178/132
f 468/1179/133 469/1180/134 532/1181/134 531/1182/133
f 469/1183/134 470/1184/135 533/1185/135 532/1186/134
f 470/1187/135 471/1188/136 534/1189/136 533/1190/135
f 471/1191/136 472/1192/137 535/1193/137 534/1194/136
f 472/1195/137 473/1196/138 536/1197/138 535/1198/137
f 473/1199/138 474/1200/139 537/1201/139 536/1202/138
f 474/1203/139 475/1204/140 538/1205/140 537/1206/139
f 475/1207/140 476/1208/141 539/1209/141 538/1210/140
f 476/1211/141 477/1212/142 540/1213/142 539/1214/141
f 477/1215/142 478/1216/143 541/1217/143 540/1218/142
f 478/1219/143 479/1220/144 542/1221/144 541/1222/143
f 479/1223/144 480/1224/145 543/1225/145 542/1226/144
f 480/1227/145 481/1228/146 544/1229/146 543/1230/145
f 481/1231/146 482/1232/147 545/1233/147 544/1234/146
f 482/1235/147 483/1236/148 546/1237/148 545/1238/147
f 483/1239/148 484/1240/149 547/1241/149 546/1242/148
f 484/1243/149 485/1244/150 548/1245/150 547/1246/149
f 485/1247/150 486/1248/151 549/1249/151 548/1250/150
f 486/1251/151 487/1252/152 550/1253/152 549/1254/151
f 487/1255/152 488/1256/153 551/1257/153 550/1258/152
f 488/1259/153 489/1260/154 552/1261/154 551/1262/153
f 489/1263/154 490/1264/155 553/1265/155 552/1266/154
f 490/1267/155 491/1268/156 554/1269/156 553/1270/155
f 491/1271/156 492/1272/157 555/1273/157 554/1274/156
f 492/1275/157 493/1276/158 556/1277/158 555/1278/157
f 493/1279/158 494/1280/159 557/1281/159 556/1282/158
f 494/1283/159 495/1284/160 558/1285/160 557/1286/159
f 495/1287/160 496/1288/161 559/1289/161 558/1290/160
f 496/1291/161 497/1292/162 560/1293/162 559/1294/161
f 497/1295/162 498/1296/163 561/1297/163 560/1298/162
f 498/1299/163 499/1300/164 562/1301/164 561/1302/163
f 499/1303/164 500/1304/165 563/1305/165 562/1306/164
f 500/1307/165 501/1308/166 564/1309/166 563/1310/165
f 501/1311/166 502/1312/167 565/1313/167 564/1314/166
f 502/1315/167 503/1316/168 566/1317/168 565/1318/167
f 503/1319/168 504/1320/169 567/1321/169 566/1322/168
f 504/1323/169 505/1324/170 568/1325/170 567/1326/169
f 505/1327/170 506/1328/171 569/1329/171 568/1330/170
f 506/1331/171 507/1332/172 570/1333/172 569/1334/171
f 507/1335/172 508/1336/173 571/1337/173 570/1338/172
f 508/1339/173 509/1340/174 572/1341/174 571/1342/173
f 509/1343/174 510/1344/175 573/1345/175 572/1346/174
f 510/1347/175 511/1348/176 574/1349/176 573/1350/175
f 511/1351/176 512/1352/177 575/1353/177 574/1354/176
f 512/1355/177 513/1356/178 576/1357/178 575/1358/177
f 513/1359/178 514/1360/179 577/1361/179 576/1362/178
f 514/1363/179 515/1364/180 578/1365/180 577/1366/179
f 515/1367/180 453/1368/118 516/1369/118 578/1370/180
f 516/1371/181 517/1372/182 580/1373/182 579/1374/181
f 517/1375/182 518/1376/183 581/1377/183 580/1378/182
f 518/1379/183 519/1380/184 582/1381/184 581/1382/183
f 519/1383/184 520/1384/185 583/1385/185 582/1386/184
f 520/1387/185 521/1388/186 584/1389/186 583/1390/185
f 521/1391/186 522/1392/187 585/1393/187 584/1394/186
f 522/1395/187 523/1396/188 586/1397/188 585/1398/187
f 523/1399/188 524/1400/189 587/1401/189 586/1402/188
f 524/1403/189 525/1404/190 588/1405/190 587/1406/189
f 525/1407/190 526/1408/191 589/1409/191 588/1410/190
f 526/1411/191 527/1412/192 590/1413/192 589/1414/191
f 527/1415/192 528/1416/193 591/1417/193 590/1418/192
f 528/1419/193 529/1420/194 592/1421/194 591/1422/193
f 529/1423/194 530/1424/195 593/1425/195 592/1426/194
f 530/1427/195 531/1428/196 594/1429/196 593/1430/195
f 531/1431/196 532/1432/197 595/1433/197 594/1434/196
f 532/1435/197 533/1436/198 596/1437/198 595/1438/197
f 533/1439/198 534/1440/199 597/1441/199 596/1442/198
f 534/1443/199 535/1444/200 598/1445/200 597/1446/199
f 535/1447/200 536/1448/201 599/1449/201 598/1450/200
f 536/1451/201 537/1452/202 600/1453/202 599/1454/201
f 537/1455/202 538/1456/203 601/1457/203 600/1458/202
f 538/1459/203 539/1460/204 602/1461/204 601/1462/203
f 539/1463/204 540/1464/205 603/1465/205 602/1466/204
f 540/1467/205 541/1468/206 604/1469/206 603/1470/205
f 541/1471/206 542/1472/207 605/1473/207 604/1474/206
f 542/1475/207 543/1476/208 606/1477/208 605/1478/207
f 543/1479/208 544/1480/209 607/1481/209 606/1482/208
f 544/1483/209 545/1484/210 608/1485/210 607/1486/209
f 545/1487/210 546/1488/211 609/1489/211 608/1490/210
f 546/1491/211 547/1492/212 610/1493/212 609/1494/211
f 547/1495/212 548/1496/213 611/1497/213 610/1498/212
f 548/1499/213 549/1500/214 612/1501/214 611/1502/213
f 549/1503/214 550/1504/215 613/1505/215 612/1506/214
f 550/1507/215 551/1508/216 614/1509/216 613/1510/215
f 551/1511/216 552/1512/217 615/1513/217 614/1514/216
f 552/1515/217 553/1516/218 616/1517/218 615/1518/217
f 553/1519/218 554/1520/219 617/1521/219 616/1522/218
f 554/1523/219 555/1524/220 618/1525/220 617/1526/219
f 555/1527/220 556/1528/221 619/1529/221 618/1530/220
f 556/1531/221 557/1532/222 620/1533/222 619/1534/221
f 557/1535/222 558/1536/223 621/1537/223 620/1538/222
f 558/1539/223 559/1540/224 622/1541/224 621/1542/223
f 559/1543/224 560/1544/225 623/1545/225 622/1546/224
f 560/1547/225 561/1548/226 624/1549/226 623/1550/225
f 561/1551/226 562/1552/227 625/1553/227 624/1554/226
f 562/1555/227 563/1556/228 626/1557/228 625/1558/227
f 563/1559/228 564/1560/229 627/1561/229 626/1562/228
f 564/1563/229 565/1564/230 628/1565/230 627/1566/229
f 565/1567/230 566/1568/231 629/1569/231 628/1570/230
f 566/1571/231 567/1572/232 630/1573/232 629/1574/231
f 567/1575/232 568/1576/233 631/1577/233 630/1578/232
f 568/1579/233 569/1580/234 632/1581/234 631/1582/233
f 569/1583/234 570/1584/235 633/1585/235 632/1586/234
f 570/1587/235 571/1588/236 634/1589/236 633/1590/235
f 571/1591/236 572/1592/237 635/1593/237 634/1594/236
f 572/1595/237 573/1596/238 636/1597/238 635/1598/237
f 573/1599/238 574/1600/239 637/1601/239 636/1602/238
f 574/1603/239 575/1604/240 638/1605/240 637/1606/239
f 575/1607/240 576/1608/241 639/1609/241 638/1610/240
f 576/1611/241 577/1612/242 640/1613/242 639/1614/241
f 577/1615/242 578/1616/243 641/1617/243 640/1618/242
f 578/1619/243 516/1620/181 579/1621/181 641/1622/243
f 579/1623/244 580/1624/245 643/1625/245 642/1626/244
f 580/1627/245 581/1628/246 644/1629/246 643/1630/245
f 581/1631/246 582/1632/247 645/1633/247 644/1634/246
f 582/1635/247 583/1636/248 646/1637/248 645/1638/247
f 583/1639/248 584/1640/249 647/1641/249 646/1642/248
f 584/1643/249 585/1644/250 648/1645/250 647/1646/249
f 585/1647/250 586/1648/251 649/1649/251 648/1650/250
f 586/1651/251 587/1652/252 650/1653/252 649/1654/251
f 587/1655/252 588/1656/253 651/1657/253 650/1658/252
f 588/1659/253 589/1660/254 652/1661/254 651/1662/253
f 589/1663/254 590/1664/255 653/1665/255 652/1666/254
f 590/1667/255 591/1668/256 654/1669/256 653/1670/255
f 591/1671/256 592/1672/257 655/1673/257 654/1674/256
f 592/1675/257 593/1676/258 656/1677/258 655/1678/257
f 593/1679/258 594/1680/259 657/1681/259 656/1682/258
f 594/1683/259 595/1684/260 658/1685/260 657/1686/259
f 595/1687/260 596/1688/261 659/1689/261 658/1690/260
f 596/1691/261 597/1692/262 660/1693/262 659/1694/261
f 597/1695/262 598/1696/263 661/1697/263 660/1698/262
f 598/1699/263 599/1700/264 662/1701/264 661/1702/263
f 599/1703/264 600/1704/265 663/1705/265 662/1706/264
f 600/1707/265 601/1708/266 664/1709/266 663/1710/265
f 601/1711/266 602/1712/267 665/1713/267 664/1714/266
f 602/1715/267 603/1716/268 666/1717/268 665/1718/267
f 603/1719/268 604/1720/269 667/1721/269 666/1722/268
f 604/1723/269 605/1724/270 668/1725/270 667/1726/269
f 605/1727/270 606/1728/271 669/1729/271 668/1730/270
f 606/1731/271 607/1732/272 670/1733/272 669/1734/271
f 607/1735/272 608/1736/273 671/1737/273 670/1738/272
f 608/1739/273 609/1740/274 672/1741/274 671/1742/273
f 609/1743/274 610/1744/275 673/1745/275 672/1746/274
f 610/1747/275 611/1748/276 674/1749/276 673/1750/275
f 611/1751/276 612/1752/277 675/1753/277 674/1754/276
f 612/1755/277 613/1756/278 676/1757/278 675/1758/277
f 613/1759/278 614/1760/279 677/1761/279 676/1762/278
f 614/1763/279 615/1764/280 678/1765/280 677/1766/279
f 615/1767/280 616/1768/281 679/1769/281 678/1770/280
f 616/1771/281 617/1772/282 680/1773/282 679/1774/281
f 617/1775/282 618/1776/283 681/1777/283 680/1778/282
f 618/1779/283 619/1780/284 682/1781/284 681/1782/283
f 619/1783/284 620/1784/285 683/1785/285 682/1786/284
f 620/1787/285 621/1788/286 684/1789/286 683/1790/285
f 621/1791/286 622/1792/287 685/1793/287 684/1794/286
f 622/1795/287 623/1796/288 686/1797/288 685/1798/287
f 623/1799/288 624/1800/289 687/1801/289 686/1802/288
f 624/1803/289 625/1804/290 688/1805/290 687/1806/289
f 625/1807/290 626/1808/291 689/1809/291 688/1810/290
f 626/1811/291 627/1812/292 690/1813/292 689/1814/291
f 627/1815/292 628/1816/293 691/1817/293 690/1818/292
f 628/1819/293 629/1820/294 692/1821/294 691/1822/293
f 629/1823/294 630/1824/295 693/1825/295 692/1826/294
f 630/1827/295 631/1828/296 694/1829/296 693/1830/295
f 631/1831/296 632/1832/297 695/1833/297 694/1834/296
f 632/1835/297 633/1836/298 696/1837/298 695/1838/297
f 633/1839/298 634/1840/299 697/1841/299 696/1842/298
f 634/1843/299 635/1844/300 698/1845/300 697/1846/299
f 635/1847/300 636/1848/301 699/1849/301 698/1850/300
f 636/1851/301 637/1852/302 700/1853/302 699/1854/301
f 637/1855/302 638/1856/303 701/1857/303 700/1858/302
f 638/1859/303 639/1860/304 702/1861/304 701/1862/303
f 639/1863/304 640/1864/305 703/1865/305 702/1866/304
f 640/1867/305 641/1868/306 704/1869/306 703/1870/305
f 641/1871/306 579/1872/244 642/1873/244 704/1874/306
f 705/1875/307 706/1876/308 749/1877/308 748/1878/307
f 706/1879/308 707/1880/309 750/1881/309 749/1882/308
f 707/1883/309 708/1884/310 751/1885/310 750/1886/309
f 708/1887/310 709/1888/311 752/1889/311 751/1890/310
f 709/1891/311 710/1892/312 753/1893/312 752/1894/311
f 710/1895/312 711/1896/313 754/1897/313 753/1898/312
f 711/1899/313 712/1900/314 755/1901/314 754/1902/313
f 712/1903/314 713/1904/315 756/1905/315 755/1906/314
f 713/1907/315 714/1908/316 757/1909/316 756/1910/315
f 714/1911/316 715/1912/317 758/1913/317 757/1914/316
f 715/1915/317 716/1916/318 759/1917/318 758/1918/317
f 716/1919/319 717/1920/319 760/1921/319 759/1922/319
f 717/1923/320 718/1924/320 761/1925/320 760/1926/320
f 718/1927/321 719/1928/321 762/1929/321 761/1930/321
f 719/1931/322 720/1932/323 763/1933/323 762/1934/322
f 720/1935/323 721/1936/324 764/1937/324 763/1938/323
f 721/1939/324 722/1940/325 765/1941/325 764/1942/324
f 722/1943/325 723/1944/326 766/1945/326 765/1946/325
f 723/1947/326 724/1948/327 767/1949/327 766/1950/326
f 724/1951/327 725/1952/328 768/1953/328 767/1954/327
f 725/1955/328 726/1956/329 769/1957/329 768/1958/328
f 726/1959/329 727/1960/330 770/1961/330 769/1962/329
f 727/1963/330 728/1964/331 771/1965/331 770/1966/330
f 728/1967/331 729/1968/332 772/1969/332 771/1970/331
f 729/1971/332 730/1972/333 773/1973/333 772/1974/332
f 730/1975/333 731/1976/334 774/1977/334 773/1978/333
f 731/1979/334 732/1980/335 775/1981/335 774/1982/334
f 732/1983/335 733/1984/336 776/1985/336 775/1986/335
f 733/1987/336 734/1988/337 777/1989/337 776/1990/336
f 734/1991/337 735/1992/338 778/1993/338 777/1994/337
f 735/1995/338 736/1996/339 779/1997/339 778/1998/338
f 736/1999/339 737/2000/340 780/2001/340 779/2002/339
f 737/2003/340 738/2004/341 781/2005/341 780/2006/340
f 738/2007/341 739/2008/342 782/2009/342 781/2010/341
f 739/2011/342 740/2012/343 783/2013/343 782/2014/342
f 740/2015/343 741/2016/344 784/2017/344 783/2018/343
f 741/2019/344 742/2020/345 785/2021/345 784/2022/344
f 742/2023/345 743/2024/346 786/2025/346 785/2026/345
f 743/2027/346 744/2028/347 787/2029/347 786/2030/346
f 744/2031/347 745/2032/348 788/2033/348 787/2034/347
f 745/2035/348 746/2036/349 789/2037/349 788/2038/348
f 746/2039/349 747/2040/350 790/2041/350 789/2042/349
f 747/2043/350 705/2044/307 748/2045/307 790/2046/350
f 748/2047/351 749/2048/352 792/2049/352 791/2050/351
f 749/2051/352 750/2052/353 793/2053/353 792/2054/352
f 750/2055/353 751/2056/354 794/2057/354 793/2058/353
f 751/2059/354 752/2060/355 795/2061/355 794/2062/354
f 752/2063/355 753/2064/356 796/2065/356 795/2066/355
f 753/2067/356 754/2068/357 797/2069/357 796/2070/356
f 754/2071/357 755/2072/358 798/2073/358 797/2074/357
f 755/2075/358 756/2076/359 799/2077/359 798/2078/358
f 756/2079/359 757/2080/360 800/2081/360 799/2082/359
f 757/2083/360 758/2084/361 801/2085/361 800/2086/360
f 758/2087/361 759/2088/362 802/2089/362 801/2090/361
f 759/2091/363 760/2092/363 803/2093/363 802/2094/363
f 760/2095/364 761/2096/364 804/2097/364 803/2098/364
f 761/2099/365 762/2100/365 805/2101/365 804/2102/365
f 762/2103/366 763/2104/367 806/2105/367 805/2106/366
f 763/2107/367 764/2108/368 807/2109/368 806/2110/367
f 764/2111/368 765/2112/369 808/2113/369 807/2114/368
f 765/2115/369 766/2116/370 809/2117/370 808/2118/369
f 766/2119/370 767/2120/371 810/2121/371 809/2122/370
f 767/2123/371 768/2124/372 811/2125/372 810/2126/371
f 768/2127/372 769/2128/373 812/2129/373 811/2130/372
f 769/2131/373 770/2132/374 813/2133/374 812/2134/373
f 770/2135/374 771/2136/375 814/2137/375 813/2138/374
f 771/2139/375 772/2140/376 815/2141/376 814/2142/375
f 772/2143/376 773/2144/377 816/2145/377 815/2146/376
f 773/2147/377 774/2148/378 817/2149/378 816/2150/377
f 774/2151/378 775/2152/379 818/2153/379 817/2154/378
f 775/2155/379 776/2156/380 819/2157/380 818/2158/379
f 776/2159/380 777/2160/381 820/2161/381 819/2162/380
f 777/2163/381 778/2164/382 821/2165/382 820/2166/381
f 778/2167/382 779/2168/383 822/2169/383 821/2170/382
f 779/2171/383 780/2172/384 823/2173/384 822/2174/383
f 780/2175/384 781/2176/385 824/2177/385 823/2178/384
f 781/2179/385 782/2180/386 825/2181/386 824/2182/385
f 782/2183/386 783/2184/387 826/2185/387 825/2186/386
f 783/2187/387 784/2188/388 827/2189/388 826/2190/387
f 784/2191/388 785/2192/389 828/2193/389 827/2194/388
f 785/2195/389 786/2196/390 829/2197/390 828/2198/389
f 786/2199/390 787/2200/391 830/2201/391 829/2202/390
f 787/2203/391 788/2204/392 831/2205/392 830/2206/391
f 788/2207/392 789/2208/393 832/2209/393 831/2210/392
f 789/2211/393 790/2212/394 833/2213/394 832/2214/393
f 790/2215/394 748/2216/351 791/2217/351 833/2218/394
f 791/2219/395 792/2220/396 835/2221/396 834/2222/395
f 792/2223/396 793/2224/397 836/2225/397 835/2226/396
f 793/2227/397 794/2228/398 837/2229/398 836/2230/397
f 794/2231/398 795/2232/399 838/2233/399 837/2234/398
f 795/2235/399 796/2236/400 839/2237/400 838/2238/399
f 796/2239/400 797/2240/401 840/2241/401 839/2242/400
f 797/2243/401 798/2244/402 841/2245/402 840/2246/401
f 798/2247/402 799/2248/403 842/2249/403 841/2250/402
f 799/2251/403 800/2252/404 843/2253/404 842/2254/403
f 800/2255/404 801/2256/405 844/2257/405 843/2258/404
f 801/2259/405 802/2260/406 845/2261/406 844/2262/405
f 802/2263/407 803/2264/407 846/2265/407 845/2266/407
f 803/2267/408 804/2268/408 847/2269/408 846/2270/408
f 804/2271/409 805/2272/409 848/2273/409 847/2274/409
f 805/2275/410 806/2276/411 849/2277/411 848/2278/410
f 806/2279/411 807/2280/412 850/2281/412 849/2282/411
f 807/2283/412 808/2284/413 851/2285/413 850/2286/412
f 808/2287/413 809/2288/414 852/2289/414 851/2290/413
f 809/2291/414 810/2292/415 853/2293/415 852/2294/414
f 810/2295/415 811/2296/416 854/2297/416 853/2298/415
f 811/2299/416 812/2300/417 855/2301/417 854/2302/416
f 812/2303/417 813/2304/418 856/2305/418 855/2306/417
f 813/2307/418 814/2308/419 857/2309/419 856/2310/418
f 814/2311/419 815/2312/420 858/2313/420 857/2314/419
f 815/2315/420 816/2316/421 859/2317/421 858/2318/420
f 816/2319/421 817/2320/422 860/2321/422 859/2322/421
f 817/2323/422 818/2324/423 861/2325/423 860/2326/422
f 818/2327/423 819/2328/424 862/2329/424 861/2330/423
f 819/2331/424 820/2332/425 863/2333/425 862/2334/424
f 820/2335/425 821/2336/426 864/2337/426 863/2338/425
f 821/2339/426 822/2340/427 865/2341/427 864/2342/426
f 822/2343/427 823/2344/428 866/2345/428 865/2346/427
f 823/2347/428 824/2348/429 867/2349/429 866/2350/428
f 824/2351/429 825/2352/430 868/2353/430 867/2354/429
f 825/2355/430 826/2356/431 869/2357/431 868/2358/430
f 826/2359/431 827/2360/432 870/2361/432 869/2362/431
f 827/2363/432 828/2364/433 871/2365/433 870/2366/432
f 828/2367/433 829/2368/434 872/2369/434 871/2370/433
f 829/2371/434 830/2372/435 873/2373/435 872/2374/434
f 830/2375/435 831/2376/436 874/2377/436 873/2378/435
f 831/2379/436 832/2380/437 875/2381/437 874/2382/436
f 832/2383/437 833/2384/438 876/2385/438 875/2386/437
f 833/2387/438 791/2388/395 834/2389/395 876/2390/438
f 878/2391/439 877/2392/439 939/2393/439
f 879/2394/439 878/2395/439 939/2396/439
f 880/2397/439 879/2398/439 939/2399/439
f 881/2400/439 880/2401/439 939/2402/439
f 882/2403/439 881/2404/439 939/2405/439
f 883/2406/439 882/2407/439 939/2408/439
f 884/2409/439 883/2410/439 939/2411/439
f 885/2412/439 884/2413/439 939/2414/439
f 886/2415/439 885/2416/439 939/2417/439
f 887/2418/439 886/2419/439 939/2420/439
f 888/2421/439 887/2422/439 939/2423/439
f 889/2424/439 888/2425/439 939/2426/439
f 890/2427/439 889/2428/439 939/2429/439
f 891/2430/439 890/2431/439 939/2432/439
f 892/2433/439 891/2434/439 939/2435/439
f 975/2436/439 974/2437/439 892/2438/439
f 976/2439/439 975/2440/439 892/2441/439
f 976/2442/439 892/2443/439 939/2444/439
f 977/2445/439 976/2446/439 939/2447/439
f 978/2448/439 977/2449/439 939/2450/439
f 979/2451/439 978/2452/439 939/2453/439
f 980/2454/439 979/2455/439 939/2456/439
f 981/2457/439 980/2458/439 939/2459/439
f 982/2460/439 981/2461/439 939/2462/439
f 940/2463/439 982/2464/439 939/2465/439
f 941/2466/439 940/2467/439 939/2468/439
f 942/2469/439 941/2470/439 939/2471/439
f 943/2472/439 942/2473/439 939/2474/439
f 944/2475/439 943/2476/439 939/2477/439
f 945/2478/439 944/2479/439 939/2480/439
f 952/2481/439 951/2482/439 950/2483/439
f 952/2484/439 950/2485/439 949/2486/439
f 952/2487/439 949/2488/439 948/2489/439
f 952/2490/439 948/2491/439 947/2492/439
f 952/2493/439 947/2494/439 946/2495/439
f 952/2496/439 946/2497/439 945/2498/439
f 952/2499/439 945/2500/439 939/2501/439
f 955/2502/439 954/2503/439 953/2504/439
f 956/2505/439 955/2506/439 953/2507/439
f 957/2508/439 956/2509/439 953/2510/439
f 958/2511/439 957/2512/439 953/2513/439
f 959/2514/439 958/2515/439 953/2516/439
f 960/2517/439 959/2518/439 953/2519/439
f 961/2520/439 960/2521/439 953/2522/439
f 892/2523/439 974/2524/439 973/2525/439
f 892/2526/439 973/2527/439 972/2528/439
f 892/2529/439 972/2530/439 971/2531/439
f 893/2532/439 892/2533/439 971/2534/439
f 893/2535/439 971/2536/439 970/2537/439
f 893/2538/439 970/2539/439 969/2540/439
f 893/2541/439 969/2542/439 968/2543/439
f 893/2544/439 968/2545/439 967/2546/439
f 893/2547/439 967/2548/439 966/2549/439
f 894/2550/439 893/2551/439 966/2552/439
f 895/2553/439 894/2554/439 966/2555/439
f 895/2556/439 966/2557/439 965/2558/439
f 896/2559/439 895/2560/439 965/2561/439
f 896/2562/439 965/2563/439 964/2564/439
f 897/2565/439 896/2566/439 964/2567/439
f 897/2568/439 964/2569/439 963/2570/439
f 898/2571/439 897/2572/439 963/2573/439
f 898/2574/439 963/2575/439 962/2576/439
f 899/2577/439 898/2578/439 962/2579/439
f 900/2580/439 899/2581/439 962/2582/439
f 900/2583/439 962/2584/439 961/2585/439
f 901/2586/439 900/2587/439 961/2588/439
f 902/2589/439 901/2590/439 961/2591/439
f 902/2592/439 961/2593/439 953/2594/439
f 903/2595/439 902/2596/439 953/2597/439
f 904/2598/439 903/2599/439 953/2600/439
f 905/2601/439 904/2602/439 953/2603/439
f 906/2604/439 905/2605/439 953/2606/439
f 907/2607/439 906/2608/439 953/2609/439
f 908/2610/439 907/2611/439 953/2612/439
f 909/2613/439 908/2614/439 953/2615/439
f 910/2616/439 909/2617/439 953/2618/439
f 911/2619/439 910/2620/439 953/2621/439
f 912/2622/439 911/2623/439 953/2624/439
f 913/2625/439 912/2626/439 953/2627/439
f 914/2628/439 913/2629/439 953/2630/439
f 915/2631/439 914/2632/439 953/2633/439
f 916/2634/439 915/2635/439 953/2636/439
f 917/2637/439 916/2638/439 953/2639/439
f 918/2640/439 917/2641/439 953/2642/439
f 919/2643/439 918/2644/439 953/2645/439
f 920/2646/439 919/2647/439 953/2648/439
f 921/2649/439 920/2650/439 953/2651/439
f 921/2652/439 953/2653/439 952/2654/439
f 922/2655/439 921/2656/439 952/2657/439
f 923/2658/439 922/2659/439 952/2660/439
f 923/2661/439 952/2662/439 939/2663/439
f 924/2664/439 923/2665/439 939/2666/439
f 925/2667/439 924/2668/439 939/2669/439
f 926/2670/439 925/2671/439 939/2672/439
f 927/2673/439 926/2674/439 939/2675/439
f 928/2676/439 927/2677/439 939/2678/439
f 929/2679/439 928/2680/439 939/2681/439
f 930/2682/439 929/2683/439 939/2684/439
f 931/2685/439 930/2686/439 939/2687/439
f 932/2688/439 931/2689/439 939/2690/439
f 933/2691/439 932/2692/439 939/2693/439
f 934/2694/439 933/2695/439 939/2696/439
f 935/2697/439 934/2698/439 939/2699/439
f 936/2700/439 935/2701/439 939/2702/439
f 937/2703/439 936/2704/439 939/2705/439
f 939/2706/439 938/2707/439 937/2708/439
f 1045/2709/440 983/2710/440 984/2711/440
f 1045/2712/440 984/2713/440 985/2714/440
f 1045/2715/440 985/2716/440 986/2717/440
f 1045/2718/440 986/2719/440 987/2720/440
f 1045/2721/440 987/2722/440 988/2723/440
f 1045/2724/440 988/2725/440 989/2726/440
f 1045/2727/440 989/2728/440 990/2729/440
f 1045/2730/440 990/2731/440 991/2732/440
f 1045/2733/440 991/2734/440 992/2735/440
f 1045/2736/440 992/2737/440 993/2738/440
f 1045/2739/440 993/2740/440 994/2741/440
f 1045/2742/440 994/2743/440 995/2744/440
f 1045/2745/440 995/2746/440 996/2747/440
f 1045/2748/440 996/2749/440 997/2750/440
f 1045/2751/440 997/2752/440 998/2753/440
f 998/2754/440 1080/2755/440 1081/2756/440
f 998/2757/440 1081/2758/440 1082/2759/440
f 1045/2760/440 998/2761/440 1082/2762/440
f 1045/2763/440 1082/2764/440 1083/2765/440
f 1045/2766/440 1083/2767/440 1084/2768/440
f 1045/2769/440 1084/2770/440 1085/2771/440
f 1045/2772/440 1085/2773/440 1086/2774/440
f 1045/2775/440 1086/2776/440 1087/2777/440
f 1045/2778/440 1087/2779/440 1088/2780/440
f 1045/2781/440 1088/2782/440 1046/2783/440
f 1045/2784/440 1046/2785/440 1047/2786/440
f 1045/2787/440 1047/2788/440 1048/2789/440
f 1045/2790/440 1048/2791/440 1049/2792/440
f 1045/2793/440 1049/2794/440 1050/2795/440
f 1045/2796/440 1050/2797/440 1051/2798/440
f 1056/2799/440 1057/2800/440 1058/2801/440
f 1055/2802/440 1056/2803/440 1058/2804/440
f 1054/2805/440 1055/2806/440 1058/2807/440
f 1053/2808/440 1054/2809/440 1058/2810/440
f 1052/2811/440 1053/2812/440 1058/2813/440
f 1051/2814/440 1052/2815/440 1058/2816/440
f 1045/2817/440 1051/2818/440 1058/2819/440
f 1059/2820/440 1060/2821/440 1061/2822/440
f 1059/2823/440 1061/2824/440 1062/2825/440
f 1059/2826/440 1062/2827/440 1063/2828/440
f 1059/2829/440 1063/2830/440 1064/2831/440
f 1059/2832/440 1064/2833/440 1065/2834/440
f 1059/2835/440 1065/2836/440 1066/2837/440
f 1059/2838/440 1066/2839/440 1067/2840/440
f 1079/2841/440 1080/2842/440 998/2843/440
f 1078/2844/440 1079/2845/440 998/2846/440
f 1077/2847/440 1078/2848/440 998/2849/440
f 1077/2850/440 998/2851/440 999/2852/440
f 1076/2853/440 1077/2854/440 999/2855/440
f 1075/2856/440 1076/2857/440 999/2858/440
f 1074/2859/440 1075/2860/440 999/2861/440
f 1073/2862/440 1074/2863/440 999/2864/440
f 1072/2865/440 1073/2866/440 999/2867/440
f 1072/2868/440 999/2869/440 1000/2870/440
f 1072/2871/440 1000/2872/440 1001/2873/440
f 1071/2874/440 1072/2875/440 1001/2876/440
f 1071/2877/440 1001/2878/440 1002/2879/440
f 1070/2880/440 1071/2881/440 1002/2882/440
f 1070/2883/440 1002/2884/440 1003/2885/440
f 1069/2886/440 1070/2887/440 1003/2888/440
f 1069/2889/440 1003/2890/440 1004/2891/440
f 1068/2892/440 1069/2893/440 1004/2894/440
f 1068/2895/440 1004/2896/440 1005/2897/440
f 1068/2898/440 1005/2899/440 1006/2900/440
f 1067/2901/440 1068/2902/440 1006/2903/440
f 1067/2904/440 1006/2905/440 1007/2906/440
f 1067/2907/440 1007/2908/440 1008/2909/440
f 1059/2910/440 1067/2911/440 1008/2912/440
f 1059/2913/440 1008/2914/440 1009/2915/440
f 1059/2916/440 1009/2917/440 1010/2918/440
f 1059/2919/440 1010/2920/440 1011/2921/440
f 1059/2922/440 1011/2923/440 1012/2924/440
f 1059/2925/440 1012/2926/440 1013/2927/440
f 1059/2928/440 1013/2929/440 1014/2930/440
f 1059/2931/440 1014/2932/440 1015/2933/440
f 1059/2934/440 1015/2935/440 1016/2936/440
f 1059/2937/440 1016/2938/440 1017/2939/440
f 1059/2940/440 1017/2941/440 1018/2942/440
f 1059/2943/440 1018/2944/440 1019/2945/440
f 1059/2946/440 1019/2947/440 1020/2948/440
f 1059/2949/440 1020/2950/440 1021/2951/440
f 1059/2952/440 1021/2953/440 1022/2954/440
f 1059/2955/440 1022/2956/440 1023/2957/440
f 1059/2958/440 1023/2959/440 1024/2960/440
f 1059/2961/440 1024/2962/440 1025/2963/440
f 1059/2964/440 1025/2965/440 1026/2966/440
f 1059/2967/440 1026/2968/440 1027/2969/440
f 1058/2970/440 1059/2971/440 1027/2972/440
f 1058/2973/440 1027/2974/440 1028/2975/440
f 1058/2976/440 1028/2977/440 1029/2978/440
f 1045/2979/440 1058/2980/440 1029/2981/440
f 1045/2982/440 1029/2983/440 1030/2984/440
f 1045/2985/440 1030/2986/440 1031/2987/440
f 1045/2988/440 1031/2989/440 1032/2990/440
f 1045/2991/440 1032/2992/440 1033/2993/440
f 1045/2994/440 1033/2995/440 1034/2996/440
f 1045/2997/440 1034/2998/440 1035/2999/440
f 1045/3000/440 1035/3001/440 1036/3002/440
f 1045/3003/440 1036/3004/440 1037/3005/440
f 1045/3006/440 1037/3007/440 1038/3008/440
f 1045/3009/440 1038/3010/440 1039/3011/440
f 1045/3012/440 1039/3013/440 1040/3014/440
f 1045/3015/440 1040/3016/440 1041/3017/440
f 1045/3018/440 1041/3019/440 1042/3020/440
f 1045/3021/440 1042/3022/440 1043/3023/440
f 1043/3024/440 1044/3025/440 1045/3026/440
