# AFL PRAIRIE signage V1 channel letter D (off), generated by tools/build-prairie-signage-v1.mjs
mtllib d_off.mtl
o D_body
usemtl letters_am
v 0.81 0.125 0.8786
v 0.81 0.874621 0.8786
v 0.660059 0.874977 0.8786
v 0.659363 0.857993 0.8786
v 0.639363 0.864758 0.8786
v 0.621363 0.869439 0.8786
v 0.603363 0.87267 0.8786
v 0.585363 0.874508 0.8786
v 0.429363 0.874999 0.8786
v 0.409363 0.874111 0.8786
v 0.377363 0.869157 0.8786
v 0.345363 0.859581 0.8786
v 0.315363 0.845851 0.8786
v 0.301252 0.837544 0.8786
v 0.28673 0.827544 0.8786
v 0.267363 0.811492 0.8786
v 0.249363 0.793019 0.8786
v 0.234027 0.773544 0.8786
v 0.220197 0.751544 0.8786
v 0.20856 0.727544 0.8786
v 0.199996 0.703544 0.8786
v 0.19417 0.679544 0.8786
v 0.190717 0.653544 0.8786
v 0.190001 0.635544 0.8786
v 0.19 0.365544 0.8786
v 0.191354 0.339544 0.8786
v 0.196979 0.307544 0.8786
v 0.206502 0.277544 0.8786
v 0.220706 0.247544 0.8786
v 0.237594 0.221544 0.8786
v 0.252429 0.203544 0.8786
v 0.268418 0.187544 0.8786
v 0.285363 0.173479 0.8786
v 0.305363 0.159901 0.8786
v 0.325363 0.149011 0.8786
v 0.345363 0.140419 0.8786
v 0.367363 0.133318 0.8786
v 0.389363 0.128465 0.8786
v 0.407363 0.12607 0.8786
v 0.425363 0.125045 0.8786
v 0.581363 0.125269 0.8786
v 0.601363 0.127058 0.8786
v 0.621363 0.130561 0.8786
v 0.641363 0.135855 0.8786
v 0.66 0.142465 0.8786
v 0.66 0.125 0.8786
v 0.81 0.125 0.9996
v 0.81 0.874621 0.9996
v 0.660059 0.874977 0.9996
v 0.659363 0.857993 0.9996
v 0.639363 0.864758 0.9996
v 0.621363 0.869439 0.9996
v 0.603363 0.87267 0.9996
v 0.585363 0.874508 0.9996
v 0.429363 0.874999 0.9996
v 0.409363 0.874111 0.9996
v 0.377363 0.869157 0.9996
v 0.345363 0.859581 0.9996
v 0.315363 0.845851 0.9996
v 0.301252 0.837544 0.9996
v 0.28673 0.827544 0.9996
v 0.267363 0.811492 0.9996
v 0.249363 0.793019 0.9996
v 0.234027 0.773544 0.9996
v 0.220197 0.751544 0.9996
v 0.20856 0.727544 0.9996
v 0.199996 0.703544 0.9996
v 0.19417 0.679544 0.9996
v 0.190717 0.653544 0.9996
v 0.190001 0.635544 0.9996
v 0.19 0.365544 0.9996
v 0.191354 0.339544 0.9996
v 0.196979 0.307544 0.9996
v 0.206502 0.277544 0.9996
v 0.220706 0.247544 0.9996
v 0.237594 0.221544 0.9996
v 0.252429 0.203544 0.9996
v 0.268418 0.187544 0.9996
v 0.285363 0.173479 0.9996
v 0.305363 0.159901 0.9996
v 0.325363 0.149011 0.9996
v 0.345363 0.140419 0.9996
v 0.367363 0.133318 0.9996
v 0.389363 0.128465 0.9996
v 0.407363 0.12607 0.9996
v 0.425363 0.125045 0.9996
v 0.581363 0.125269 0.9996
v 0.601363 0.127058 0.9996
v 0.621363 0.130561 0.9996
v 0.641363 0.135855 0.9996
v 0.66 0.142465 0.9996
v 0.66 0.125 0.9996
v 0.579841 0.275544 0.8786
v 0.429363 0.275002 0.8786
v 0.409363 0.277398 0.8786
v 0.399363 0.280376 0.8786
v 0.389363 0.284698 0.8786
v 0.37277 0.295544 0.8786
v 0.364253 0.303544 0.8786
v 0.357597 0.311544 0.8786
v 0.347279 0.329544 0.8786
v 0.342128 0.345544 0.8786
v 0.340012 0.363544 0.8786
v 0.34062 0.645544 0.8786
v 0.342869 0.657544 0.8786
v 0.346894 0.669544 0.8786
v 0.351797 0.679544 0.8786
v 0.358413 0.689544 0.8786
v 0.367278 0.699544 0.8786
v 0.375363 0.706516 0.8786
v 0.385363 0.71315 0.8786
v 0.395363 0.718067 0.8786
v 0.411363 0.723049 0.8786
v 0.427363 0.724961 0.8786
v 0.571363 0.72499 0.8786
v 0.587363 0.723309 0.8786
v 0.599363 0.720075 0.8786
v 0.609363 0.715935 0.8786
v 0.619363 0.710253 0.8786
v 0.627363 0.704347 0.8786
v 0.635363 0.696864 0.8786
v 0.643068 0.687544 0.8786
v 0.653106 0.669544 0.8786
v 0.658069 0.653544 0.8786
v 0.659964 0.637544 0.8786
v 0.66 0.365544 0.8786
v 0.658663 0.349544 0.8786
v 0.655043 0.335544 0.8786
v 0.648812 0.321544 0.8786
v 0.640882 0.309544 0.8786
v 0.631363 0.299165 0.8786
v 0.619363 0.289746 0.8786
v 0.607363 0.283123 0.8786
v 0.593363 0.278086 0.8786
v 0.579841 0.275544 0.9996
v 0.429363 0.275002 0.9996
v 0.409363 0.277398 0.9996
v 0.399363 0.280376 0.9996
v 0.389363 0.284698 0.9996
v 0.37277 0.295544 0.9996
v 0.364253 0.303544 0.9996
v 0.357597 0.311544 0.9996
v 0.347279 0.329544 0.9996
v 0.342128 0.345544 0.9996
v 0.340012 0.363544 0.9996
v 0.34062 0.645544 0.9996
v 0.342869 0.657544 0.9996
v 0.346894 0.669544 0.9996
v 0.351797 0.679544 0.9996
v 0.358413 0.689544 0.9996
v 0.367278 0.699544 0.9996
v 0.375363 0.706516 0.9996
v 0.385363 0.71315 0.9996
v 0.395363 0.718067 0.9996
v 0.411363 0.723049 0.9996
v 0.427363 0.724961 0.9996
v 0.571363 0.72499 0.9996
v 0.587363 0.723309 0.9996
v 0.599363 0.720075 0.9996
v 0.609363 0.715935 0.9996
v 0.619363 0.710253 0.9996
v 0.627363 0.704347 0.9996
v 0.635363 0.696864 0.9996
v 0.643068 0.687544 0.9996
v 0.653106 0.669544 0.9996
v 0.658069 0.653544 0.9996
v 0.659964 0.637544 0.9996
v 0.66 0.365544 0.9996
v 0.658663 0.349544 0.9996
v 0.655043 0.335544 0.9996
v 0.648812 0.321544 0.9996
v 0.640882 0.309544 0.9996
v 0.631363 0.299165 0.9996
v 0.619363 0.289746 0.9996
v 0.607363 0.283123 0.9996
v 0.593363 0.278086 0.9996
v 0.81 0.125 0.8786
v 0.81 0.874621 0.8786
v 0.660059 0.874977 0.8786
v 0.659363 0.857993 0.8786
v 0.639363 0.864758 0.8786
v 0.621363 0.869439 0.8786
v 0.603363 0.87267 0.8786
v 0.585363 0.874508 0.8786
v 0.429363 0.874999 0.8786
v 0.409363 0.874111 0.8786
v 0.377363 0.869157 0.8786
v 0.345363 0.859581 0.8786
v 0.315363 0.845851 0.8786
v 0.301252 0.837544 0.8786
v 0.28673 0.827544 0.8786
v 0.267363 0.811492 0.8786
v 0.249363 0.793019 0.8786
v 0.234027 0.773544 0.8786
v 0.220197 0.751544 0.8786
v 0.20856 0.727544 0.8786
v 0.199996 0.703544 0.8786
v 0.19417 0.679544 0.8786
v 0.190717 0.653544 0.8786
v 0.190001 0.635544 0.8786
v 0.19 0.365544 0.8786
v 0.191354 0.339544 0.8786
v 0.196979 0.307544 0.8786
v 0.206502 0.277544 0.8786
v 0.220706 0.247544 0.8786
v 0.237594 0.221544 0.8786
v 0.252429 0.203544 0.8786
v 0.268418 0.187544 0.8786
v 0.285363 0.173479 0.8786
v 0.305363 0.159901 0.8786
v 0.325363 0.149011 0.8786
v 0.345363 0.140419 0.8786
v 0.367363 0.133318 0.8786
v 0.389363 0.128465 0.8786
v 0.407363 0.12607 0.8786
v 0.425363 0.125045 0.8786
v 0.581363 0.125269 0.8786
v 0.601363 0.127058 0.8786
v 0.621363 0.130561 0.8786
v 0.641363 0.135855 0.8786
v 0.66 0.142465 0.8786
v 0.66 0.125 0.8786
v 0.579841 0.275544 0.8786
v 0.429363 0.275002 0.8786
v 0.409363 0.277398 0.8786
v 0.399363 0.280376 0.8786
v 0.389363 0.284698 0.8786
v 0.37277 0.295544 0.8786
v 0.364253 0.303544 0.8786
v 0.357597 0.311544 0.8786
v 0.347279 0.329544 0.8786
v 0.342128 0.345544 0.8786
v 0.340012 0.363544 0.8786
v 0.34062 0.645544 0.8786
v 0.342869 0.657544 0.8786
v 0.346894 0.669544 0.8786
v 0.351797 0.679544 0.8786
v 0.358413 0.689544 0.8786
v 0.367278 0.699544 0.8786
v 0.375363 0.706516 0.8786
v 0.385363 0.71315 0.8786
v 0.395363 0.718067 0.8786
v 0.411363 0.723049 0.8786
v 0.427363 0.724961 0.8786
v 0.571363 0.72499 0.8786
v 0.587363 0.723309 0.8786
v 0.599363 0.720075 0.8786
v 0.609363 0.715935 0.8786
v 0.619363 0.710253 0.8786
v 0.627363 0.704347 0.8786
v 0.635363 0.696864 0.8786
v 0.643068 0.687544 0.8786
v 0.653106 0.669544 0.8786
v 0.658069 0.653544 0.8786
v 0.659964 0.637544 0.8786
v 0.66 0.365544 0.8786
v 0.658663 0.349544 0.8786
v 0.655043 0.335544 0.8786
v 0.648812 0.321544 0.8786
v 0.640882 0.309544 0.8786
v 0.631363 0.299165 0.8786
v 0.619363 0.289746 0.8786
v 0.607363 0.283123 0.8786
v 0.593363 0.278086 0.8786
v 0.81 0.125 0.9996
v 0.81 0.874621 0.9996
v 0.660059 0.874977 0.9996
v 0.659363 0.857993 0.9996
v 0.639363 0.864758 0.9996
v 0.621363 0.869439 0.9996
v 0.603363 0.87267 0.9996
v 0.585363 0.874508 0.9996
v 0.429363 0.874999 0.9996
v 0.409363 0.874111 0.9996
v 0.377363 0.869157 0.9996
v 0.345363 0.859581 0.9996
v 0.315363 0.845851 0.9996
v 0.301252 0.837544 0.9996
v 0.28673 0.827544 0.9996
v 0.267363 0.811492 0.9996
v 0.249363 0.793019 0.9996
v 0.234027 0.773544 0.9996
v 0.220197 0.751544 0.9996
v 0.20856 0.727544 0.9996
v 0.199996 0.703544 0.9996
v 0.19417 0.679544 0.9996
v 0.190717 0.653544 0.9996
v 0.190001 0.635544 0.9996
v 0.19 0.365544 0.9996
v 0.191354 0.339544 0.9996
v 0.196979 0.307544 0.9996
v 0.206502 0.277544 0.9996
v 0.220706 0.247544 0.9996
v 0.237594 0.221544 0.9996
v 0.252429 0.203544 0.9996
v 0.268418 0.187544 0.9996
v 0.285363 0.173479 0.9996
v 0.305363 0.159901 0.9996
v 0.325363 0.149011 0.9996
v 0.345363 0.140419 0.9996
v 0.367363 0.133318 0.9996
v 0.389363 0.128465 0.9996
v 0.407363 0.12607 0.9996
v 0.425363 0.125045 0.9996
v 0.581363 0.125269 0.9996
v 0.601363 0.127058 0.9996
v 0.621363 0.130561 0.9996
v 0.641363 0.135855 0.9996
v 0.66 0.142465 0.9996
v 0.66 0.125 0.9996
v 0.579841 0.275544 0.9996
v 0.429363 0.275002 0.9996
v 0.409363 0.277398 0.9996
v 0.399363 0.280376 0.9996
v 0.389363 0.284698 0.9996
v 0.37277 0.295544 0.9996
v 0.364253 0.303544 0.9996
v 0.357597 0.311544 0.9996
v 0.347279 0.329544 0.9996
v 0.342128 0.345544 0.9996
v 0.340012 0.363544 0.9996
v 0.34062 0.645544 0.9996
v 0.342869 0.657544 0.9996
v 0.346894 0.669544 0.9996
v 0.351797 0.679544 0.9996
v 0.358413 0.689544 0.9996
v 0.367278 0.699544 0.9996
v 0.375363 0.706516 0.9996
v 0.385363 0.71315 0.9996
v 0.395363 0.718067 0.9996
v 0.411363 0.723049 0.9996
v 0.427363 0.724961 0.9996
v 0.571363 0.72499 0.9996
v 0.587363 0.723309 0.9996
v 0.599363 0.720075 0.9996
v 0.609363 0.715935 0.9996
v 0.619363 0.710253 0.9996
v 0.627363 0.704347 0.9996
v 0.635363 0.696864 0.9996
v 0.643068 0.687544 0.9996
v 0.653106 0.669544 0.9996
v 0.658069 0.653544 0.9996
v 0.659964 0.637544 0.9996
v 0.66 0.365544 0.9996
v 0.658663 0.349544 0.9996
v 0.655043 0.335544 0.9996
v 0.648812 0.321544 0.9996
v 0.640882 0.309544 0.9996
v 0.631363 0.299165 0.9996
v 0.619363 0.289746 0.9996
v 0.607363 0.283123 0.9996
v 0.593363 0.278086 0.9996
vt 0.090576 0.475811
vt 0.178422 0.475811
vt 0.178422 0.48999
vt 0.090576 0.48999
vt 0.459717 0.427471
vt 0.477288 0.427471
vt 0.477288 0.44165
vt 0.459717 0.44165
vt 0.796143 0.398682
vt 0.796143 0.39669
vt 0.810322 0.39669
vt 0.810322 0.398682
vt 0.542725 0.443584
vt 0.54517 0.443584
vt 0.54517 0.457764
vt 0.542725 0.457764
vt 0.54517 0.443584
vt 0.547342 0.443584
vt 0.547342 0.457764
vt 0.54517 0.457764
vt 0.547342 0.443584
vt 0.549485 0.443584
vt 0.549485 0.457764
vt 0.547342 0.457764
vt 0.549485 0.443584
vt 0.5516 0.443584
vt 0.5516 0.457764
vt 0.549485 0.457764
vt 0.5516 0.443584
vt 0.569619 0.443584
vt 0.569619 0.457764
vt 0.5516 0.457764
vt 0.371826 0.425537
vt 0.371826 0.423208
vt 0.386006 0.423208
vt 0.386006 0.425537
vt 0.371826 0.423208
vt 0.371826 0.419413
vt 0.386006 0.419413
vt 0.386006 0.423208
vt 0.371826 0.419413
vt 0.371826 0.415531
vt 0.386006 0.415531
vt 0.386006 0.419413
vt 0.130127 0.425537
vt 0.130127 0.421706
vt 0.144307 0.421706
vt 0.144307 0.425537
vt 0.130127 0.421706
vt 0.130127 0.419788
vt 0.144307 0.419788
vt 0.144307 0.421706
vt 0.130127 0.419788
vt 0.130127 0.417723
vt 0.144307 0.417723
vt 0.144307 0.419788
vt 0.130127 0.417723
vt 0.130127 0.4148
vt 0.144307 0.4148
vt 0.144307 0.417723
vt 0.017334 0.425537
vt 0.017334 0.422553
vt 0.031514 0.422553
vt 0.031514 0.425537
vt 0.017334 0.422553
vt 0.017334 0.419652
vt 0.031514 0.419652
vt 0.031514 0.422553
vt 0.017334 0.419652
vt 0.017334 0.416611
vt 0.031514 0.416611
vt 0.031514 0.419652
vt 0.017334 0.416611
vt 0.017334 0.413526
vt 0.031514 0.413526
vt 0.031514 0.416611
vt 0.337646 0.459697
vt 0.340578 0.459697
vt 0.340578 0.473877
vt 0.337646 0.473877
vt 0.340578 0.459697
vt 0.343461 0.459697
vt 0.343461 0.473877
vt 0.340578 0.473877
vt 0.343461 0.459697
vt 0.346534 0.459697
vt 0.346534 0.473877
vt 0.343461 0.473877
vt 0.346534 0.459697
vt 0.348632 0.459697
vt 0.348632 0.473877
vt 0.346534 0.473877
vt 0.348632 0.459697
vt 0.379915 0.459697
vt 0.379915 0.473877
vt 0.348632 0.473877
vt 0.210693 0.425537
vt 0.210693 0.42251
vt 0.224873 0.42251
vt 0.224873 0.425537
vt 0.210693 0.42251
vt 0.210693 0.418703
vt 0.224873 0.418703
vt 0.224873 0.42251
vt 0.210693 0.418703
vt 0.210693 0.415045
vt 0.224873 0.415045
vt 0.224873 0.418703
vt 0.897217 0.44165
vt 0.897217 0.437824
vt 0.911396 0.437824
vt 0.911396 0.44165
vt 0.897217 0.437824
vt 0.897217 0.434195
vt 0.911396 0.434195
vt 0.911396 0.437824
vt 0.897217 0.434195
vt 0.897217 0.431468
vt 0.911396 0.431468
vt 0.911396 0.434195
vt 0.897217 0.431468
vt 0.897217 0.428851
vt 0.911396 0.428851
vt 0.911396 0.431468
vt 0.178467 0.425537
vt 0.178467 0.422983
vt 0.192646 0.422983
vt 0.192646 0.425537
vt 0.178467 0.422983
vt 0.178467 0.420154
vt 0.192646 0.420154
vt 0.192646 0.422983
vt 0.178467 0.420154
vt 0.178467 0.417488
vt 0.192646 0.417488
vt 0.192646 0.420154
vt 0.178467 0.417488
vt 0.178467 0.414963
vt 0.192646 0.414963
vt 0.192646 0.417488
vt 0.484619 0.443584
vt 0.48729 0.443584
vt 0.48729 0.457764
vt 0.484619 0.457764
vt 0.48729 0.443584
vt 0.489923 0.443584
vt 0.489923 0.457764
vt 0.48729 0.457764
vt 0.489923 0.443584
vt 0.49205 0.443584
vt 0.49205 0.457764
vt 0.489923 0.457764
vt 0.49205 0.443584
vt 0.494155 0.443584
vt 0.494155 0.457764
vt 0.49205 0.457764
vt 0.494155 0.443584
vt 0.512245 0.443584
vt 0.512245 0.457764
vt 0.494155 0.457764
vt 0.404053 0.425537
vt 0.404053 0.423203
vt 0.418232 0.423203
vt 0.418232 0.425537
vt 0.404053 0.423203
vt 0.404053 0.420825
vt 0.418232 0.420825
vt 0.418232 0.423203
vt 0.404053 0.420825
vt 0.404053 0.418403
vt 0.418232 0.418403
vt 0.418232 0.420825
vt 0.404053 0.418403
vt 0.404053 0.416104
vt 0.418232 0.416104
vt 0.418232 0.418403
vt 0.676514 0.398682
vt 0.676514 0.396635
vt 0.690693 0.396635
vt 0.690693 0.398682
vt 0.326416 0.427471
vt 0.343994 0.427471
vt 0.343994 0.44165
vt 0.326416 0.44165
vt 0.684643 0.443584
vt 0.702273 0.443584
vt 0.702273 0.457764
vt 0.684643 0.457764
vt 0.702273 0.443584
vt 0.704609 0.443584
vt 0.704609 0.457764
vt 0.702273 0.457764
vt 0.704609 0.443584
vt 0.705772 0.443584
vt 0.705772 0.457764
vt 0.704609 0.457764
vt 0.661865 0.411865
vt 0.661865 0.410608
vt 0.676045 0.410608
vt 0.676045 0.411865
vt 0.661865 0.410608
vt 0.661865 0.408284
vt 0.676045 0.408284
vt 0.676045 0.410608
vt 0.661865 0.408284
vt 0.661865 0.406936
vt 0.676045 0.406936
vt 0.676045 0.408284
vt 0.221436 0.404053
vt 0.221436 0.402838
vt 0.235615 0.402838
vt 0.235615 0.404053
vt 0.221436 0.402838
vt 0.221436 0.400416
vt 0.235615 0.400416
vt 0.235615 0.402838
vt 0.676514 0.459697
vt 0.678455 0.459697
vt 0.678455 0.473877
vt 0.676514 0.473877
vt 0.678455 0.459697
vt 0.680578 0.459697
vt 0.680578 0.473877
vt 0.678455 0.473877
vt 0.680578 0.459697
vt 0.713283 0.459697
vt 0.713283 0.473877
vt 0.680578 0.473877
vt 0.903564 0.411865
vt 0.903564 0.410448
vt 0.917744 0.410448
vt 0.917744 0.411865
vt 0.903564 0.410448
vt 0.903564 0.408965
vt 0.917744 0.408965
vt 0.917744 0.410448
vt 0.903564 0.408965
vt 0.903564 0.407671
vt 0.917744 0.407671
vt 0.917744 0.408965
vt 0.887451 0.411865
vt 0.887451 0.410474
vt 0.901631 0.410474
vt 0.901631 0.411865
vt 0.887451 0.410474
vt 0.887451 0.408908
vt 0.901631 0.408908
vt 0.901631 0.410474
vt 0.887451 0.408908
vt 0.887451 0.407668
vt 0.901631 0.407668
vt 0.901631 0.408908
vt 0.710205 0.411865
vt 0.710205 0.410472
vt 0.724385 0.410472
vt 0.724385 0.411865
vt 0.710205 0.410472
vt 0.710205 0.409166
vt 0.724385 0.409166
vt 0.724385 0.410472
vt 0.710205 0.409166
vt 0.710205 0.407224
vt 0.724385 0.407224
vt 0.724385 0.409166
vt 0.971924 0.443584
vt 0.9738 0.443584
vt 0.9738 0.457764
vt 0.971924 0.457764
vt 0.9738 0.443584
vt 0.990675 0.443584
vt 0.990675 0.457764
vt 0.9738 0.457764
vt 0.990675 0.443584
vt 0.992549 0.443584
vt 0.992549 0.457764
vt 0.990675 0.457764
vt 0.935791 0.411865
vt 0.935791 0.410421
vt 0.949971 0.410421
vt 0.949971 0.411865
vt 0.935791 0.410421
vt 0.935791 0.409152
vt 0.949971 0.409152
vt 0.949971 0.410421
vt 0.935791 0.409152
vt 0.935791 0.407815
vt 0.949971 0.407815
vt 0.949971 0.409152
vt 0.205322 0.404053
vt 0.205322 0.402896
vt 0.219502 0.402896
vt 0.219502 0.404053
vt 0.205322 0.402896
vt 0.205322 0.401612
vt 0.219502 0.401612
vt 0.219502 0.402896
vt 0.205322 0.401612
vt 0.205322 0.400206
vt 0.219502 0.400206
vt 0.219502 0.401612
vt 0.839111 0.411865
vt 0.839111 0.409463
vt 0.853291 0.409463
vt 0.853291 0.411865
vt 0.839111 0.409463
vt 0.839111 0.407511
vt 0.853291 0.407511
vt 0.853291 0.409463
vt 0.715088 0.459697
vt 0.716965 0.459697
vt 0.716965 0.473877
vt 0.715088 0.473877
vt 0.716965 0.459697
vt 0.748838 0.459697
vt 0.748838 0.473877
vt 0.716965 0.473877
vt 0.748838 0.459697
vt 0.750711 0.459697
vt 0.750711 0.473877
vt 0.748838 0.473877
vt 0.428955 0.411865
vt 0.428955 0.410194
vt 0.443135 0.410194
vt 0.443135 0.411865
vt 0.428955 0.410194
vt 0.428955 0.408398
vt 0.443135 0.408398
vt 0.443135 0.410194
vt 0.428955 0.408398
vt 0.428955 0.406735
vt 0.443135 0.406735
vt 0.443135 0.408398
vt 0.629639 0.411865
vt 0.629639 0.410237
vt 0.643818 0.410237
vt 0.643818 0.411865
vt 0.629639 0.410237
vt 0.629639 0.408449
vt 0.643818 0.408449
vt 0.643818 0.410237
vt 0.629639 0.408449
vt 0.629639 0.406864
vt 0.643818 0.406864
vt 0.643818 0.408449
vt 0.681396 0.443584
vt 0.683051 0.443584
vt 0.683051 0.457764
vt 0.681396 0.457764
vt 0.683051 0.443584
vt 0.684643 0.443584
vt 0.684643 0.457764
vt 0.683051 0.457764
vt 0.358598 0.908936
vt 0.270752 0.908936
vt 0.270752 0.891357
vt 0.35864 0.891364
vt 0.358598 0.908936
vt 0.270752 0.891357
vt 0.357991 0.88683
vt 0.357442 0.888939
vt 0.35665 0.891283
vt 0.358369 0.88472
vt 0.357991 0.88683
vt 0.35665 0.891283
vt 0.358585 0.882611
vt 0.358369 0.88472
vt 0.35665 0.891283
vt 0.358642 0.86433
vt 0.358585 0.882611
vt 0.35665 0.891283
vt 0.358538 0.861986
vt 0.358642 0.86433
vt 0.35665 0.891283
vt 0.357958 0.858236
vt 0.358538 0.861986
vt 0.35665 0.891283
vt 0.356836 0.854486
vt 0.357958 0.858236
vt 0.35665 0.891283
vt 0.355227 0.85097
vt 0.356836 0.854486
vt 0.35665 0.891283
vt 0.354253 0.849317
vt 0.355227 0.85097
vt 0.35665 0.891283
vt 0.353081 0.847615
vt 0.354253 0.849317
vt 0.35665 0.891283
vt 0.3512 0.845345
vt 0.353081 0.847615
vt 0.35665 0.891283
vt 0.349035 0.843236
vt 0.3512 0.845345
vt 0.35665 0.891283
vt 0.346753 0.841439
vt 0.349035 0.843236
vt 0.35665 0.891283
vt 0.344175 0.839818
vt 0.346753 0.841439
vt 0.35665 0.891283
vt 0.341363 0.838454
vt 0.344175 0.839818
vt 0.35665 0.891283
vt 0.33855 0.837451
vt 0.341363 0.838454
vt 0.35665 0.891283
vt 0.335738 0.836768
vt 0.33855 0.837451
vt 0.35665 0.891283
vt 0.332691 0.836363
vt 0.335738 0.836768
vt 0.35665 0.891283
vt 0.330581 0.836279
vt 0.332691 0.836363
vt 0.35665 0.891283
vt 0.295894 0.836438
vt 0.298941 0.836279
vt 0.330581 0.836279
vt 0.292144 0.837097
vt 0.295894 0.836438
vt 0.330581 0.836279
vt 0.288628 0.838213
vt 0.292144 0.837097
vt 0.330581 0.836279
vt 0.285113 0.839878
vt 0.288628 0.838213
vt 0.330581 0.836279
vt 0.282066 0.841857
vt 0.285113 0.839878
vt 0.330581 0.836279
vt 0.279956 0.843595
vt 0.282066 0.841857
vt 0.330581 0.836279
vt 0.278081 0.845469
vt 0.279956 0.843595
vt 0.330581 0.836279
vt 0.276433 0.847455
vt 0.278081 0.845469
vt 0.330581 0.836279
vt 0.274842 0.849798
vt 0.276433 0.847455
vt 0.330581 0.836279
vt 0.273566 0.852142
vt 0.274842 0.849798
vt 0.330581 0.836279
vt 0.272559 0.854486
vt 0.273566 0.852142
vt 0.330581 0.836279
vt 0.271727 0.857064
vt 0.272559 0.854486
vt 0.330581 0.836279
vt 0.271158 0.859642
vt 0.271727 0.857064
vt 0.330581 0.836279
vt 0.270877 0.861752
vt 0.271158 0.859642
vt 0.330581 0.836279
vt 0.270757 0.863861
vt 0.270877 0.861752
vt 0.330581 0.836279
vt 0.270993 0.884486
vt 0.270783 0.882142
vt 0.270757 0.863861
vt 0.271404 0.88683
vt 0.270993 0.884486
vt 0.270757 0.863861
vt 0.272024 0.889173
vt 0.271404 0.88683
vt 0.270757 0.863861
vt 0.272799 0.891357
vt 0.272024 0.889173
vt 0.270757 0.863861
vt 0.297066 0.891201
vt 0.298941 0.891357
vt 0.272799 0.891357
vt 0.295425 0.890776
vt 0.297066 0.891201
vt 0.272799 0.891357
vt 0.293784 0.890046
vt 0.295425 0.890776
vt 0.272799 0.891357
vt 0.292378 0.889117
vt 0.293784 0.890046
vt 0.272799 0.891357
vt 0.291162 0.888002
vt 0.292378 0.889117
vt 0.272799 0.891357
vt 0.291162 0.888002
vt 0.272799 0.891357
vt 0.270757 0.863861
vt 0.290058 0.886595
vt 0.291162 0.888002
vt 0.270757 0.863861
vt 0.289282 0.885189
vt 0.290058 0.886595
vt 0.270757 0.863861
vt 0.288692 0.883548
vt 0.289282 0.885189
vt 0.270757 0.863861
vt 0.288394 0.881964
vt 0.288692 0.883548
vt 0.270757 0.863861
vt 0.28833 0.86433
vt 0.288394 0.881964
vt 0.270757 0.863861
vt 0.288611 0.861986
vt 0.28833 0.86433
vt 0.270757 0.863861
vt 0.28896 0.860814
vt 0.288611 0.861986
vt 0.270757 0.863861
vt 0.289467 0.859642
vt 0.28896 0.860814
vt 0.270757 0.863861
vt 0.290738 0.857698
vt 0.289467 0.859642
vt 0.270757 0.863861
vt 0.291675 0.8567
vt 0.290738 0.857698
vt 0.270757 0.863861
vt 0.292613 0.85592
vt 0.291675 0.8567
vt 0.270757 0.863861
vt 0.294722 0.85471
vt 0.292613 0.85592
vt 0.270757 0.863861
vt 0.294722 0.85471
vt 0.270757 0.863861
vt 0.330581 0.836279
vt 0.296597 0.854107
vt 0.294722 0.85471
vt 0.330581 0.836279
vt 0.298706 0.853859
vt 0.296597 0.854107
vt 0.330581 0.836279
vt 0.331753 0.85393
vt 0.298706 0.853859
vt 0.330581 0.836279
vt 0.333159 0.854194
vt 0.331753 0.85393
vt 0.330581 0.836279
vt 0.334566 0.854665
vt 0.333159 0.854194
vt 0.330581 0.836279
vt 0.335738 0.85524
vt 0.334566 0.854665
vt 0.330581 0.836279
vt 0.336909 0.856015
vt 0.335738 0.85524
vt 0.330581 0.836279
vt 0.338081 0.857054
vt 0.336909 0.856015
vt 0.330581 0.836279
vt 0.338898 0.858002
vt 0.338081 0.857054
vt 0.330581 0.836279
vt 0.339676 0.859173
vt 0.338898 0.858002
vt 0.330581 0.836279
vt 0.339676 0.859173
vt 0.330581 0.836279
vt 0.35665 0.891283
vt 0.340252 0.860345
vt 0.339676 0.859173
vt 0.35665 0.891283
vt 0.340836 0.86222
vt 0.340252 0.860345
vt 0.35665 0.891283
vt 0.34106 0.864095
vt 0.340836 0.86222
vt 0.35665 0.891283
vt 0.341063 0.88097
vt 0.34106 0.864095
vt 0.35665 0.891283
vt 0.340866 0.882845
vt 0.341063 0.88097
vt 0.35665 0.891283
vt 0.340487 0.884252
vt 0.340866 0.882845
vt 0.35665 0.891283
vt 0.340002 0.885423
vt 0.340487 0.884252
vt 0.35665 0.891283
vt 0.339336 0.886595
vt 0.340002 0.885423
vt 0.35665 0.891283
vt 0.338644 0.887533
vt 0.339336 0.886595
vt 0.35665 0.891283
vt 0.337767 0.88847
vt 0.338644 0.887533
vt 0.35665 0.891283
vt 0.336675 0.889373
vt 0.337767 0.88847
vt 0.35665 0.891283
vt 0.334566 0.89055
vt 0.336675 0.889373
vt 0.35665 0.891283
vt 0.334566 0.89055
vt 0.35665 0.891283
vt 0.35864 0.891364
vt 0.332691 0.891131
vt 0.334566 0.89055
vt 0.35864 0.891364
vt 0.330816 0.891353
vt 0.332691 0.891131
vt 0.35864 0.891364
vt 0.298941 0.891357
vt 0.330816 0.891353
vt 0.35864 0.891364
vt 0.272799 0.891357
vt 0.298941 0.891357
vt 0.35864 0.891364
vt 0.270752 0.891357
vt 0.272799 0.891357
vt 0.35864 0.891364
vt 0.360107 0.853857
vt 0.360107 0.836279
vt 0.447954 0.836279
vt 0.360107 0.853857
vt 0.447954 0.836279
vt 0.447995 0.853851
vt 0.446005 0.853932
vt 0.446798 0.856276
vt 0.447346 0.858385
vt 0.446005 0.853932
vt 0.447346 0.858385
vt 0.447725 0.860495
vt 0.446005 0.853932
vt 0.447725 0.860495
vt 0.44794 0.862604
vt 0.446005 0.853932
vt 0.44794 0.862604
vt 0.447998 0.880885
vt 0.446005 0.853932
vt 0.447998 0.880885
vt 0.447894 0.883229
vt 0.446005 0.853932
vt 0.447894 0.883229
vt 0.447313 0.886979
vt 0.446005 0.853932
vt 0.447313 0.886979
vt 0.446191 0.890729
vt 0.446005 0.853932
vt 0.446191 0.890729
vt 0.444582 0.894245
vt 0.446005 0.853932
vt 0.444582 0.894245
vt 0.443609 0.895898
vt 0.446005 0.853932
vt 0.443609 0.895898
vt 0.442437 0.8976
vt 0.446005 0.853932
vt 0.442437 0.8976
vt 0.440556 0.89987
vt 0.446005 0.853932
vt 0.440556 0.89987
vt 0.438391 0.901979
vt 0.446005 0.853932
vt 0.438391 0.901979
vt 0.436109 0.903776
vt 0.446005 0.853932
vt 0.436109 0.903776
vt 0.43353 0.905397
vt 0.446005 0.853932
vt 0.43353 0.905397
vt 0.430718 0.906761
vt 0.446005 0.853932
vt 0.430718 0.906761
vt 0.427905 0.907764
vt 0.446005 0.853932
vt 0.427905 0.907764
vt 0.425093 0.908447
vt 0.446005 0.853932
vt 0.425093 0.908447
vt 0.422046 0.908851
vt 0.446005 0.853932
vt 0.422046 0.908851
vt 0.419937 0.908935
vt 0.419937 0.908935
vt 0.388296 0.908936
vt 0.385249 0.908777
vt 0.419937 0.908935
vt 0.385249 0.908777
vt 0.381499 0.908118
vt 0.419937 0.908935
vt 0.381499 0.908118
vt 0.377984 0.907002
vt 0.419937 0.908935
vt 0.377984 0.907002
vt 0.374468 0.905337
vt 0.419937 0.908935
vt 0.374468 0.905337
vt 0.371421 0.903358
vt 0.419937 0.908935
vt 0.371421 0.903358
vt 0.369312 0.90162
vt 0.419937 0.908935
vt 0.369312 0.90162
vt 0.367437 0.899746
vt 0.419937 0.908935
vt 0.367437 0.899746
vt 0.365789 0.89776
vt 0.419937 0.908935
vt 0.365789 0.89776
vt 0.364197 0.895416
vt 0.419937 0.908935
vt 0.364197 0.895416
vt 0.362921 0.893073
vt 0.419937 0.908935
vt 0.362921 0.893073
vt 0.361914 0.890729
vt 0.419937 0.908935
vt 0.361914 0.890729
vt 0.361082 0.888151
vt 0.419937 0.908935
vt 0.361082 0.888151
vt 0.360514 0.885573
vt 0.419937 0.908935
vt 0.360514 0.885573
vt 0.360233 0.883463
vt 0.419937 0.908935
vt 0.360233 0.883463
vt 0.360113 0.881354
vt 0.360113 0.881354
vt 0.360139 0.863073
vt 0.360349 0.860729
vt 0.360113 0.881354
vt 0.360349 0.860729
vt 0.360759 0.858385
vt 0.360113 0.881354
vt 0.360759 0.858385
vt 0.36138 0.856041
vt 0.360113 0.881354
vt 0.36138 0.856041
vt 0.362154 0.853857
vt 0.362154 0.853857
vt 0.388296 0.853857
vt 0.386421 0.854014
vt 0.362154 0.853857
vt 0.386421 0.854014
vt 0.384781 0.854438
vt 0.362154 0.853857
vt 0.384781 0.854438
vt 0.38314 0.855168
vt 0.362154 0.853857
vt 0.38314 0.855168
vt 0.381734 0.856098
vt 0.362154 0.853857
vt 0.381734 0.856098
vt 0.380517 0.857213
vt 0.360113 0.881354
vt 0.362154 0.853857
vt 0.380517 0.857213
vt 0.360113 0.881354
vt 0.380517 0.857213
vt 0.379414 0.85862
vt 0.360113 0.881354
vt 0.379414 0.85862
vt 0.378637 0.860026
vt 0.360113 0.881354
vt 0.378637 0.860026
vt 0.378047 0.861666
vt 0.360113 0.881354
vt 0.378047 0.861666
vt 0.377749 0.863251
vt 0.360113 0.881354
vt 0.377749 0.863251
vt 0.377686 0.880885
vt 0.360113 0.881354
vt 0.377686 0.880885
vt 0.377967 0.883229
vt 0.360113 0.881354
vt 0.377967 0.883229
vt 0.378316 0.884401
vt 0.360113 0.881354
vt 0.378316 0.884401
vt 0.378822 0.885573
vt 0.360113 0.881354
vt 0.378822 0.885573
vt 0.380093 0.887517
vt 0.360113 0.881354
vt 0.380093 0.887517
vt 0.38103 0.888515
vt 0.360113 0.881354
vt 0.38103 0.888515
vt 0.381968 0.889295
vt 0.360113 0.881354
vt 0.381968 0.889295
vt 0.384077 0.890504
vt 0.419937 0.908935
vt 0.360113 0.881354
vt 0.384077 0.890504
vt 0.419937 0.908935
vt 0.384077 0.890504
vt 0.385952 0.891108
vt 0.419937 0.908935
vt 0.385952 0.891108
vt 0.388062 0.891356
vt 0.419937 0.908935
vt 0.388062 0.891356
vt 0.421109 0.891285
vt 0.419937 0.908935
vt 0.421109 0.891285
vt 0.422515 0.891021
vt 0.419937 0.908935
vt 0.422515 0.891021
vt 0.423921 0.89055
vt 0.419937 0.908935
vt 0.423921 0.89055
vt 0.425093 0.889975
vt 0.419937 0.908935
vt 0.425093 0.889975
vt 0.426265 0.8892
vt 0.419937 0.908935
vt 0.426265 0.8892
vt 0.427437 0.888161
vt 0.419937 0.908935
vt 0.427437 0.888161
vt 0.428254 0.887213
vt 0.419937 0.908935
vt 0.428254 0.887213
vt 0.429031 0.886041
vt 0.446005 0.853932
vt 0.419937 0.908935
vt 0.429031 0.886041
vt 0.446005 0.853932
vt 0.429031 0.886041
vt 0.429608 0.88487
vt 0.446005 0.853932
vt 0.429608 0.88487
vt 0.430191 0.882995
vt 0.446005 0.853932
vt 0.430191 0.882995
vt 0.430415 0.88112
vt 0.446005 0.853932
vt 0.430415 0.88112
vt 0.430419 0.864245
vt 0.446005 0.853932
vt 0.430419 0.864245
vt 0.430222 0.86237
vt 0.446005 0.853932
vt 0.430222 0.86237
vt 0.429843 0.860963
vt 0.446005 0.853932
vt 0.429843 0.860963
vt 0.429358 0.859791
vt 0.446005 0.853932
vt 0.429358 0.859791
vt 0.428692 0.85862
vt 0.446005 0.853932
vt 0.428692 0.85862
vt 0.428 0.857682
vt 0.446005 0.853932
vt 0.428 0.857682
vt 0.427123 0.856745
vt 0.446005 0.853932
vt 0.427123 0.856745
vt 0.42603 0.855842
vt 0.446005 0.853932
vt 0.42603 0.855842
vt 0.423921 0.854665
vt 0.447995 0.853851
vt 0.446005 0.853932
vt 0.423921 0.854665
vt 0.447995 0.853851
vt 0.423921 0.854665
vt 0.422046 0.854084
vt 0.447995 0.853851
vt 0.422046 0.854084
vt 0.420171 0.853862
vt 0.447995 0.853851
vt 0.420171 0.853862
vt 0.388296 0.853857
vt 0.447995 0.853851
vt 0.388296 0.853857
vt 0.362154 0.853857
vt 0.447995 0.853851
vt 0.362154 0.853857
vt 0.360107 0.853857
vn 1 0 0
vn 0.002372 0.999997 0
vn -0.999163 0.040903 0
vn 0.320407 0.94728 0
vn 0.288418 0.957505 0
vn 0.214651 0.976691 0
vn 0.139415 0.990234 0
vn 0.013387 0.99991 0
vn -0.002254 0.999997 0
vn -0.111652 0.993747 0
vn -0.221398 0.975183 0
vn -0.351855 0.936055 0
vn -0.44692 0.894574 0
vn -0.538682 0.842509 0
vn -0.609468 0.79281 0
vn -0.678628 0.734482 0
vn -0.751282 0.659981 0
vn -0.81799 0.575232 0
vn -0.874873 0.484353 0
vn -0.921704 0.387894 0
vn -0.957879 0.287172 0
vn -0.983213 0.182461 0
vn -0.995541 0.094334 0
vn -0.999997 0.002491 0
vn -0.99999 -0.004572 0
vn -0.992838 -0.119468 0
vn -0.971425 -0.237347 0
vn -0.929927 -0.367745 0
vn -0.874286 -0.485411 0
vn -0.81116 -0.584824 0
vn -0.740859 -0.671661 0
vn -0.674197 -0.738552 0
vn -0.599079 -0.80069 0
vn -0.521811 -0.853061 0
vn -0.437873 -0.899037 0
vn -0.350022 -0.936742 0
vn -0.262176 -0.96502 0
vn -0.178294 -0.983977 0
vn -0.09459 -0.995516 0
vn -0.004602 -0.999989 0
vn 0.011439 -0.999935 0
vn 0.131147 -0.991363 0
vn 0.214799 -0.976658 0
vn 0.294454 -0.955666 0
vn 0.334266 -0.942479 0
vn -1 0 0
vn 0 -1 0
vn -0.018798 0.999823 0
vn 0.010877 0.999941 0
vn 0.176307 0.984335 0
vn 0.342861 0.939386 0
vn 0.495438 0.868643 0
vn 0.60027 0.799797 0
vn 0.725608 0.688109 0
vn 0.837346 0.546673 0
vn 0.91023 0.414102 0
vn 0.977913 0.209011 0
vn 0.999987 0.005029 0
vn 0.999953 -0.009719 0
vn 0.967488 -0.252919 0
vn 0.926611 -0.376021 0
vn 0.866538 -0.499111 0
vn 0.790779 -0.612102 0
vn 0.707566 -0.706647 0
vn 0.601197 -0.799101 0
vn 0.500157 -0.865935 0
vn 0.355819 -0.934555 0
vn 0.210605 -0.977571 0
vn 0.012128 -0.999926 0
vn -0.010326 -0.999947 0
vn -0.172891 -0.984941 0
vn -0.317825 -0.948149 0
vn -0.440809 -0.897601 0
vn -0.54128 -0.840842 0
vn -0.641752 -0.766912 0
vn -0.730587 -0.682819 0
vn -0.838657 -0.544659 0
vn -0.914915 -0.403646 0
vn -0.977799 -0.209544 0
vn -0.999978 -0.006706 0
vn -0.99999 0.004519 0
vn -0.986621 0.163032 0
vn -0.943326 0.331867 0
vn -0.8782 0.478293 0
vn -0.788615 0.614887 0
vn -0.677057 0.735931 0
vn -0.555709 0.831377 0
vn -0.40921 0.91244 0
vn -0.265498 0.964111 0
vn 0 0 -1
vn 0 0 1
f 1/1/1 2/2/1 48/3/1 47/4/1
f 2/5/2 3/6/2 49/7/2 48/8/2
f 3/9/3 4/10/3 50/11/3 49/12/3
f 4/13/4 5/14/5 51/15/5 50/16/4
f 5/17/5 6/18/6 52/19/6 51/20/5
f 6/21/6 7/22/7 53/23/7 52/24/6
f 7/25/7 8/26/8 54/27/8 53/28/7
f 8/29/8 9/30/9 55/31/9 54/32/8
f 9/33/9 10/34/10 56/35/10 55/36/9
f 10/37/10 11/38/11 57/39/11 56/40/10
f 11/41/11 12/42/12 58/43/12 57/44/11
f 12/45/12 13/46/13 59/47/13 58/48/12
f 13/49/13 14/50/14 60/51/14 59/52/13
f 14/53/14 15/54/15 61/55/15 60/56/14
f 15/57/15 16/58/16 62/59/16 61/60/15
f 16/61/16 17/62/17 63/63/17 62/64/16
f 17/65/17 18/66/18 64/67/18 63/68/17
f 18/69/18 19/70/19 65/71/19 64/72/18
f 19/73/19 20/74/20 66/75/20 65/76/19
f 20/77/20 21/78/21 67/79/21 66/80/20
f 21/81/21 22/82/22 68/83/22 67/84/21
f 22/85/22 23/86/23 69/87/23 68/88/22
f 23/89/23 24/90/24 70/91/24 69/92/23
f 24/93/24 25/94/25 71/95/25 70/96/24
f 25/97/25 26/98/26 72/99/26 71/100/25
f 26/101/26 27/102/27 73/103/27 72/104/26
f 27/105/27 28/106/28 74/107/28 73/108/27
f 28/109/28 29/110/29 75/111/29 74/112/28
f 29/113/29 30/114/30 76/115/30 75/116/29
f 30/117/30 31/118/31 77/119/31 76/120/30
f 31/121/31 32/122/32 78/123/32 77/124/31
f 32/125/32 33/126/33 79/127/33 78/128/32
f 33/129/33 34/130/34 80/131/34 79/132/33
f 34/133/34 35/134/35 81/135/35 80/136/34
f 35/137/35 36/138/36 82/139/36 81/140/35
f 36/141/36 37/142/37 83/143/37 82/144/36
f 37/145/37 38/146/38 84/147/38 83/148/37
f 38/149/38 39/150/39 85/151/39 84/152/38
f 39/153/39 40/154/40 86/155/40 85/156/39
f 40/157/40 41/158/41 87/159/41 86/160/40
f 41/161/41 42/162/42 88/163/42 87/164/41
f 42/165/42 43/166/43 89/167/43 88/168/42
f 43/169/43 44/170/44 90/171/44 89/172/43
f 44/173/44 45/174/45 91/175/45 90/176/44
f 45/177/46 46/178/46 92/179/46 91/180/46
f 46/181/47 1/182/47 47/183/47 92/184/47
f 93/185/48 94/186/49 136/187/49 135/188/48
f 94/189/49 95/190/50 137/191/50 136/192/49
f 95/193/50 96/194/51 138/195/51 137/196/50
f 96/197/51 97/198/52 139/199/52 138/200/51
f 97/201/52 98/202/53 140/203/53 139/204/52
f 98/205/53 99/206/54 141/207/54 140/208/53
f 99/209/54 100/210/55 142/211/55 141/212/54
f 100/213/55 101/214/56 143/215/56 142/216/55
f 101/217/56 102/218/57 144/219/57 143/220/56
f 102/221/57 103/222/58 145/223/58 144/224/57
f 103/225/58 104/226/59 146/227/59 145/228/58
f 104/229/59 105/230/60 147/231/60 146/232/59
f 105/233/60 106/234/61 148/235/61 147/236/60
f 106/237/61 107/238/62 149/239/62 148/240/61
f 107/241/62 108/242/63 150/243/63 149/244/62
f 108/245/63 109/246/64 151/247/64 150/248/63
f 109/249/64 110/250/65 152/251/65 151/252/64
f 110/253/65 111/254/66 153/255/66 152/256/65
f 111/257/66 112/258/67 154/259/67 153/260/66
f 112/261/67 113/262/68 155/263/68 154/264/67
f 113/265/68 114/266/69 156/267/69 155/268/68
f 114/269/69 115/270/70 157/271/70 156/272/69
f 115/273/70 116/274/71 158/275/71 157/276/70
f 116/277/71 117/278/72 159/279/72 158/280/71
f 117/281/72 118/282/73 160/283/73 159/284/72
f 118/285/73 119/286/74 161/287/74 160/288/73
f 119/289/74 120/290/75 162/291/75 161/292/74
f 120/293/75 121/294/76 163/295/76 162/296/75
f 121/297/76 122/298/77 164/299/77 163/300/76
f 122/301/77 123/302/78 165/303/78 164/304/77
f 123/305/78 124/306/79 166/307/79 165/308/78
f 124/309/79 125/310/80 167/311/80 166/312/79
f 125/313/80 126/314/81 168/315/81 167/316/80
f 126/317/81 127/318/82 169/319/82 168/320/81
f 127/321/82 128/322/83 170/323/83 169/324/82
f 128/325/83 129/326/84 171/327/84 170/328/83
f 129/329/84 130/330/85 172/331/85 171/332/84
f 130/333/85 131/334/86 173/335/86 172/336/85
f 131/337/86 132/338/87 174/339/87 173/340/86
f 132/341/87 133/342/88 175/343/88 174/344/87
f 133/345/88 134/346/89 176/347/89 175/348/88
f 134/349/89 93/350/48 135/351/48 176/352/89
f 178/353/90 177/354/90 222/355/90
f 179/356/90 178/357/90 222/358/90
f 182/359/90 181/360/90 180/361/90
f 183/362/90 182/363/90 180/364/90
f 184/365/90 183/366/90 180/367/90
f 185/368/90 184/369/90 180/370/90
f 186/371/90 185/372/90 180/373/90
f 187/374/90 186/375/90 180/376/90
f 188/377/90 187/378/90 180/379/90
f 189/380/90 188/381/90 180/382/90
f 190/383/90 189/384/90 180/385/90
f 191/386/90 190/387/90 180/388/90
f 192/389/90 191/390/90 180/391/90
f 193/392/90 192/393/90 180/394/90
f 194/395/90 193/396/90 180/397/90
f 195/398/90 194/399/90 180/400/90
f 196/401/90 195/402/90 180/403/90
f 197/404/90 196/405/90 180/406/90
f 198/407/90 197/408/90 180/409/90
f 199/410/90 198/411/90 180/412/90
f 200/413/90 199/414/90 180/415/90
f 202/416/90 201/417/90 200/418/90
f 203/419/90 202/420/90 200/421/90
f 204/422/90 203/423/90 200/424/90
f 205/425/90 204/426/90 200/427/90
f 206/428/90 205/429/90 200/430/90
f 207/431/90 206/432/90 200/433/90
f 208/434/90 207/435/90 200/436/90
f 209/437/90 208/438/90 200/439/90
f 210/440/90 209/441/90 200/442/90
f 211/443/90 210/444/90 200/445/90
f 212/446/90 211/447/90 200/448/90
f 213/449/90 212/450/90 200/451/90
f 214/452/90 213/453/90 200/454/90
f 215/455/90 214/456/90 200/457/90
f 216/458/90 215/459/90 200/460/90
f 218/461/90 217/462/90 216/463/90
f 219/464/90 218/465/90 216/466/90
f 220/467/90 219/468/90 216/469/90
f 221/470/90 220/471/90 216/472/90
f 257/473/90 256/474/90 221/475/90
f 258/476/90 257/477/90 221/478/90
f 259/479/90 258/480/90 221/481/90
f 260/482/90 259/483/90 221/484/90
f 261/485/90 260/486/90 221/487/90
f 261/488/90 221/489/90 216/490/90
f 262/491/90 261/492/90 216/493/90
f 263/494/90 262/495/90 216/496/90
f 264/497/90 263/498/90 216/499/90
f 223/500/90 264/501/90 216/502/90
f 224/503/90 223/504/90 216/505/90
f 225/506/90 224/507/90 216/508/90
f 226/509/90 225/510/90 216/511/90
f 227/512/90 226/513/90 216/514/90
f 228/515/90 227/516/90 216/517/90
f 229/518/90 228/519/90 216/520/90
f 230/521/90 229/522/90 216/523/90
f 231/524/90 230/525/90 216/526/90
f 231/527/90 216/528/90 200/529/90
f 232/530/90 231/531/90 200/532/90
f 233/533/90 232/534/90 200/535/90
f 234/536/90 233/537/90 200/538/90
f 235/539/90 234/540/90 200/541/90
f 236/542/90 235/543/90 200/544/90
f 237/545/90 236/546/90 200/547/90
f 238/548/90 237/549/90 200/550/90
f 239/551/90 238/552/90 200/553/90
f 240/554/90 239/555/90 200/556/90
f 241/557/90 240/558/90 200/559/90
f 241/560/90 200/561/90 180/562/90
f 242/563/90 241/564/90 180/565/90
f 243/566/90 242/567/90 180/568/90
f 244/569/90 243/570/90 180/571/90
f 245/572/90 244/573/90 180/574/90
f 246/575/90 245/576/90 180/577/90
f 247/578/90 246/579/90 180/580/90
f 248/581/90 247/582/90 180/583/90
f 249/584/90 248/585/90 180/586/90
f 250/587/90 249/588/90 180/589/90
f 251/590/90 250/591/90 180/592/90
f 252/593/90 251/594/90 180/595/90
f 253/596/90 252/597/90 180/598/90
f 253/599/90 180/600/90 179/601/90
f 254/602/90 253/603/90 179/604/90
f 255/605/90 254/606/90 179/607/90
f 256/608/90 255/609/90 179/610/90
f 221/611/90 256/612/90 179/613/90
f 222/614/90 221/615/90 179/616/90
f 310/617/91 265/618/91 266/619/91
f 310/620/91 266/621/91 267/622/91
f 268/623/91 269/624/91 270/625/91
f 268/626/91 270/627/91 271/628/91
f 268/629/91 271/630/91 272/631/91
f 268/632/91 272/633/91 273/634/91
f 268/635/91 273/636/91 274/637/91
f 268/638/91 274/639/91 275/640/91
f 268/641/91 275/642/91 276/643/91
f 268/644/91 276/645/91 277/646/91
f 268/647/91 277/648/91 278/649/91
f 268/650/91 278/651/91 279/652/91
f 268/653/91 279/654/91 280/655/91
f 268/656/91 280/657/91 281/658/91
f 268/659/91 281/660/91 282/661/91
f 268/662/91 282/663/91 283/664/91
f 268/665/91 283/666/91 284/667/91
f 268/668/91 284/669/91 285/670/91
f 268/671/91 285/672/91 286/673/91
f 268/674/91 286/675/91 287/676/91
f 268/677/91 287/678/91 288/679/91
f 288/680/91 289/681/91 290/682/91
f 288/683/91 290/684/91 291/685/91
f 288/686/91 291/687/91 292/688/91
f 288/689/91 292/690/91 293/691/91
f 288/692/91 293/693/91 294/694/91
f 288/695/91 294/696/91 295/697/91
f 288/698/91 295/699/91 296/700/91
f 288/701/91 296/702/91 297/703/91
f 288/704/91 297/705/91 298/706/91
f 288/707/91 298/708/91 299/709/91
f 288/710/91 299/711/91 300/712/91
f 288/713/91 300/714/91 301/715/91
f 288/716/91 301/717/91 302/718/91
f 288/719/91 302/720/91 303/721/91
f 288/722/91 303/723/91 304/724/91
f 304/725/91 305/726/91 306/727/91
f 304/728/91 306/729/91 307/730/91
f 304/731/91 307/732/91 308/733/91
f 304/734/91 308/735/91 309/736/91
f 309/737/91 344/738/91 345/739/91
f 309/740/91 345/741/91 346/742/91
f 309/743/91 346/744/91 347/745/91
f 309/746/91 347/747/91 348/748/91
f 309/749/91 348/750/91 349/751/91
f 304/752/91 309/753/91 349/754/91
f 304/755/91 349/756/91 350/757/91
f 304/758/91 350/759/91 351/760/91
f 304/761/91 351/762/91 352/763/91
f 304/764/91 352/765/91 311/766/91
f 304/767/91 311/768/91 312/769/91
f 304/770/91 312/771/91 313/772/91
f 304/773/91 313/774/91 314/775/91
f 304/776/91 314/777/91 315/778/91
f 304/779/91 315/780/91 316/781/91
f 304/782/91 316/783/91 317/784/91
f 304/785/91 317/786/91 318/787/91
f 304/788/91 318/789/91 319/790/91
f 288/791/91 304/792/91 319/793/91
f 288/794/91 319/795/91 320/796/91
f 288/797/91 320/798/91 321/799/91
f 288/800/91 321/801/91 322/802/91
f 288/803/91 322/804/91 323/805/91
f 288/806/91 323/807/91 324/808/91
f 288/809/91 324/810/91 325/811/91
f 288/812/91 325/813/91 326/814/91
f 288/815/91 326/816/91 327/817/91
f 288/818/91 327/819/91 328/820/91
f 288/821/91 328/822/91 329/823/91
f 268/824/91 288/825/91 329/826/91
f 268/827/91 329/828/91 330/829/91
f 268/830/91 330/831/91 331/832/91
f 268/833/91 331/834/91 332/835/91
f 268/836/91 332/837/91 333/838/91
f 268/839/91 333/840/91 334/841/91
f 268/842/91 334/843/91 335/844/91
f 268/845/91 335/846/91 336/847/91
f 268/848/91 336/849/91 337/850/91
f 268/851/91 337/852/91 338/853/91
f 268/854/91 338/855/91 339/856/91
f 268/857/91 339/858/91 340/859/91
f 268/860/91 340/861/91 341/862/91
f 267/863/91 268/864/91 341/865/91
f 267/866/91 341/867/91 342/868/91
f 267/869/91 342/870/91 343/871/91
f 267/872/91 343/873/91 344/874/91
f 267/875/91 344/876/91 309/877/91
f 267/878/91 309/879/91 310/880/91
o D_face_off
usemtl letters_am
v 0.8113 0.124156 0.8726
v 0.8113 0.875799 0.8726
v 0.65878 0.876208 0.8726
v 0.658539 0.859727 0.8726
v 0.639024 0.866216 0.8726
v 0.621109 0.870824 0.8726
v 0.603198 0.874005 0.8726
v 0.585301 0.875813 0.8726
v 0.42939 0.876299 0.8726
v 0.407488 0.875246 0.8726
v 0.375636 0.870093 0.8726
v 0.343793 0.860372 0.8726
v 0.313942 0.846553 0.8726
v 0.286072 0.828674 0.8726
v 0.266716 0.812659 0.8726
v 0.249155 0.794748 0.8726
v 0.23336 0.774848 0.8726
v 0.219499 0.752957 0.8726
v 0.207795 0.729074 0.8726
v 0.199137 0.705193 0.8726
v 0.193188 0.681315 0.8726
v 0.189568 0.655434 0.8726
v 0.188701 0.635517 0.8726
v 0.1887 0.365574 0.8726
v 0.190035 0.339678 0.8726
v 0.195574 0.307827 0.8726
v 0.204941 0.277979 0.8726
v 0.218897 0.248125 0.8726
v 0.236334 0.221064 0.8726
v 0.251758 0.202352 0.8726
v 0.26771 0.186432 0.8726
v 0.284502 0.172503 0.8726
v 0.303992 0.159217 0.8726
v 0.32389 0.148284 0.8726
v 0.345784 0.138875 0.8726
v 0.367674 0.13189 0.8726
v 0.38957 0.127112 0.8726
v 0.407476 0.124754 0.8726
v 0.425396 0.123744 0.8726
v 0.58131 0.123966 0.8726
v 0.60121 0.125728 0.8726
v 0.619119 0.128753 0.8726
v 0.637029 0.133198 0.8726
v 0.6587 0.140394 0.8726
v 0.6587 0.123796 0.8726
v 0.8125 0.122959 0.8738
v 0.8125 0.876996 0.8738
v 0.657598 0.877412 0.8738
v 0.657363 0.861383 0.8738
v 0.639363 0.867368 0.8738
v 0.621363 0.871998 0.8738
v 0.603363 0.875194 0.8738
v 0.585363 0.877013 0.8738
v 0.429363 0.877499 0.8738
v 0.407363 0.876441 0.8738
v 0.375363 0.871265 0.8738
v 0.343363 0.861496 0.8738
v 0.313363 0.847608 0.8738
v 0.285363 0.829644 0.8738
v 0.265902 0.813544 0.8738
v 0.248254 0.795544 0.8738
v 0.232381 0.775544 0.8738
v 0.21845 0.753544 0.8738
v 0.206689 0.729544 0.8738
v 0.197988 0.705544 0.8738
v 0.192009 0.681544 0.8738
v 0.188372 0.655544 0.8738
v 0.187501 0.635544 0.8738
v 0.1875 0.365544 0.8738
v 0.18884 0.339544 0.8738
v 0.194405 0.307544 0.8738
v 0.20382 0.277544 0.8738
v 0.217844 0.247544 0.8738
v 0.235363 0.220355 0.8738
v 0.250869 0.201544 0.8738
v 0.266901 0.185544 0.8738
v 0.283779 0.171544 0.8738
v 0.303363 0.158193 0.8738
v 0.323363 0.147205 0.8738
v 0.345363 0.137749 0.8738
v 0.367363 0.130729 0.8738
v 0.389363 0.125929 0.8738
v 0.407363 0.123559 0.8738
v 0.425363 0.122544 0.8738
v 0.581363 0.122766 0.8738
v 0.601363 0.124537 0.8738
v 0.619363 0.127577 0.8738
v 0.637363 0.132044 0.8738
v 0.6575 0.138731 0.8738
v 0.6575 0.122593 0.8738
v 0.8125 0.122959 0.8784
v 0.8125 0.876996 0.8784
v 0.657598 0.877412 0.8784
v 0.657363 0.861383 0.8784
v 0.639363 0.867368 0.8784
v 0.621363 0.871998 0.8784
v 0.603363 0.875194 0.8784
v 0.585363 0.877013 0.8784
v 0.429363 0.877499 0.8784
v 0.407363 0.876441 0.8784
v 0.375363 0.871265 0.8784
v 0.343363 0.861496 0.8784
v 0.313363 0.847608 0.8784
v 0.285363 0.829644 0.8784
v 0.265902 0.813544 0.8784
v 0.248254 0.795544 0.8784
v 0.232381 0.775544 0.8784
v 0.21845 0.753544 0.8784
v 0.206689 0.729544 0.8784
v 0.197988 0.705544 0.8784
v 0.192009 0.681544 0.8784
v 0.188372 0.655544 0.8784
v 0.187501 0.635544 0.8784
v 0.1875 0.365544 0.8784
v 0.18884 0.339544 0.8784
v 0.194405 0.307544 0.8784
v 0.20382 0.277544 0.8784
v 0.217844 0.247544 0.8784
v 0.235363 0.220355 0.8784
v 0.250869 0.201544 0.8784
v 0.266901 0.185544 0.8784
v 0.283779 0.171544 0.8784
v 0.303363 0.158193 0.8784
v 0.323363 0.147205 0.8784
v 0.345363 0.137749 0.8784
v 0.367363 0.130729 0.8784
v 0.389363 0.125929 0.8784
v 0.407363 0.123559 0.8784
v 0.425363 0.122544 0.8784
v 0.581363 0.122766 0.8784
v 0.601363 0.124537 0.8784
v 0.619363 0.127577 0.8784
v 0.637363 0.132044 0.8784
v 0.6575 0.138731 0.8784
v 0.6575 0.122593 0.8784
v 0.8113 0.124156 0.8796
v 0.8113 0.875799 0.8796
v 0.65878 0.876208 0.8796
v 0.658539 0.859727 0.8796
v 0.639024 0.866216 0.8796
v 0.621109 0.870824 0.8796
v 0.603198 0.874005 0.8796
v 0.585301 0.875813 0.8796
v 0.42939 0.876299 0.8796
v 0.407488 0.875246 0.8796
v 0.375636 0.870093 0.8796
v 0.343793 0.860372 0.8796
v 0.313942 0.846553 0.8796
v 0.286072 0.828674 0.8796
v 0.266716 0.812659 0.8796
v 0.249155 0.794748 0.8796
v 0.23336 0.774848 0.8796
v 0.219499 0.752957 0.8796
v 0.207795 0.729074 0.8796
v 0.199137 0.705193 0.8796
v 0.193188 0.681315 0.8796
v 0.189568 0.655434 0.8796
v 0.188701 0.635517 0.8796
v 0.1887 0.365574 0.8796
v 0.190035 0.339678 0.8796
v 0.195574 0.307827 0.8796
v 0.204941 0.277979 0.8796
v 0.218897 0.248125 0.8796
v 0.236334 0.221064 0.8796
v 0.251758 0.202352 0.8796
v 0.26771 0.186432 0.8796
v 0.284502 0.172503 0.8796
v 0.303992 0.159217 0.8796
v 0.32389 0.148284 0.8796
v 0.345784 0.138875 0.8796
v 0.367674 0.13189 0.8796
v 0.38957 0.127112 0.8796
v 0.407476 0.124754 0.8796
v 0.425396 0.123744 0.8796
v 0.58131 0.123966 0.8796
v 0.60121 0.125728 0.8796
v 0.619119 0.128753 0.8796
v 0.637029 0.133198 0.8796
v 0.6587 0.140394 0.8796
v 0.6587 0.123796 0.8796
v 0.572653 0.276344 0.8726
v 0.42929 0.276302 0.8726
v 0.409112 0.27879 0.8726
v 0.398941 0.281914 0.8726
v 0.388779 0.286456 0.8726
v 0.372607 0.297368 0.8726
v 0.364924 0.304726 0.8726
v 0.358259 0.312834 0.8726
v 0.353009 0.320951 0.8726
v 0.34803 0.331101 0.8726
v 0.343079 0.347301 0.8726
v 0.341312 0.363478 0.8726
v 0.341302 0.635582 0.8726
v 0.341945 0.645696 0.8726
v 0.344291 0.657848 0.8726
v 0.347662 0.667993 0.8726
v 0.35249 0.678131 0.8726
v 0.359076 0.68827 0.8726
v 0.367964 0.698399 0.8726
v 0.376642 0.705857 0.8726
v 0.386775 0.712458 0.8726
v 0.396926 0.717306 0.8726
v 0.411112 0.72167 0.8726
v 0.42729 0.72366 0.8726
v 0.571428 0.723689 0.8726
v 0.587583 0.721943 0.8726
v 0.597741 0.719252 0.8726
v 0.607879 0.715207 0.8726
v 0.61801 0.709585 0.8726
v 0.626126 0.703684 0.8726
v 0.634038 0.696376 0.8726
v 0.64093 0.688262 0.8726
v 0.647509 0.678131 0.8726
v 0.652347 0.667973 0.8726
v 0.657105 0.651774 0.8726
v 0.658698 0.635603 0.8726
v 0.658688 0.363478 0.8726
v 0.656922 0.347308 0.8726
v 0.652772 0.333107 0.8726
v 0.645795 0.31892 0.8726
v 0.636899 0.306754 0.8726
v 0.626495 0.296616 0.8726
v 0.614901 0.288505 0.8726
v 0.601794 0.28219 0.8726
v 0.587601 0.27806 0.8726
v 0.572584 0.277544 0.8738
v 0.429363 0.277502 0.8738
v 0.409363 0.279969 0.8738
v 0.399363 0.283039 0.8738
v 0.389363 0.287509 0.8738
v 0.373363 0.298306 0.8738
v 0.365806 0.305544 0.8738
v 0.35923 0.313544 0.8738
v 0.354056 0.321544 0.8738
v 0.349149 0.331544 0.8738
v 0.344259 0.347544 0.8738
v 0.342512 0.363544 0.8738
v 0.342502 0.635544 0.8738
v 0.343138 0.645544 0.8738
v 0.345454 0.657544 0.8738
v 0.348778 0.667544 0.8738
v 0.353539 0.677544 0.8738
v 0.360035 0.687544 0.8738
v 0.368811 0.697544 0.8738
v 0.377363 0.704895 0.8738
v 0.387363 0.711409 0.8738
v 0.397363 0.716185 0.8738
v 0.411363 0.720492 0.8738
v 0.427363 0.72246 0.8738
v 0.571363 0.722489 0.8738
v 0.587363 0.72076 0.8738
v 0.597363 0.718111 0.8738
v 0.607363 0.714121 0.8738
v 0.617363 0.708571 0.8738
v 0.625363 0.702755 0.8738
v 0.633171 0.695544 0.8738
v 0.639965 0.687544 0.8738
v 0.64646 0.677544 0.8738
v 0.651223 0.667544 0.8738
v 0.655922 0.651544 0.8738
v 0.657498 0.635544 0.8738
v 0.657488 0.363544 0.8738
v 0.655741 0.347544 0.8738
v 0.65165 0.333544 0.8738
v 0.644765 0.319544 0.8738
v 0.63599 0.307544 0.8738
v 0.625727 0.297544 0.8738
v 0.614293 0.289544 0.8738
v 0.601363 0.283314 0.8738
v 0.587363 0.27924 0.8738
v 0.572584 0.277544 0.8784
v 0.429363 0.277502 0.8784
v 0.409363 0.279969 0.8784
v 0.399363 0.283039 0.8784
v 0.389363 0.287509 0.8784
v 0.373363 0.298306 0.8784
v 0.365806 0.305544 0.8784
v 0.35923 0.313544 0.8784
v 0.354056 0.321544 0.8784
v 0.349149 0.331544 0.8784
v 0.344259 0.347544 0.8784
v 0.342512 0.363544 0.8784
v 0.342502 0.635544 0.8784
v 0.343138 0.645544 0.8784
v 0.345454 0.657544 0.8784
v 0.348778 0.667544 0.8784
v 0.353539 0.677544 0.8784
v 0.360035 0.687544 0.8784
v 0.368811 0.697544 0.8784
v 0.377363 0.704895 0.8784
v 0.387363 0.711409 0.8784
v 0.397363 0.716185 0.8784
v 0.411363 0.720492 0.8784
v 0.427363 0.72246 0.8784
v 0.571363 0.722489 0.8784
v 0.587363 0.72076 0.8784
v 0.597363 0.718111 0.8784
v 0.607363 0.714121 0.8784
v 0.617363 0.708571 0.8784
v 0.625363 0.702755 0.8784
v 0.633171 0.695544 0.8784
v 0.639965 0.687544 0.8784
v 0.64646 0.677544 0.8784
v 0.651223 0.667544 0.8784
v 0.655922 0.651544 0.8784
v 0.657498 0.635544 0.8784
v 0.657488 0.363544 0.8784
v 0.655741 0.347544 0.8784
v 0.65165 0.333544 0.8784
v 0.644765 0.319544 0.8784
v 0.63599 0.307544 0.8784
v 0.625727 0.297544 0.8784
v 0.614293 0.289544 0.8784
v 0.601363 0.283314 0.8784
v 0.587363 0.27924 0.8784
v 0.572653 0.276344 0.8796
v 0.42929 0.276302 0.8796
v 0.409112 0.27879 0.8796
v 0.398941 0.281914 0.8796
v 0.388779 0.286456 0.8796
v 0.372607 0.297368 0.8796
v 0.364924 0.304726 0.8796
v 0.358259 0.312834 0.8796
v 0.353009 0.320951 0.8796
v 0.34803 0.331101 0.8796
v 0.343079 0.347301 0.8796
v 0.341312 0.363478 0.8796
v 0.341302 0.635582 0.8796
v 0.341945 0.645696 0.8796
v 0.344291 0.657848 0.8796
v 0.347662 0.667993 0.8796
v 0.35249 0.678131 0.8796
v 0.359076 0.68827 0.8796
v 0.367964 0.698399 0.8796
v 0.376642 0.705857 0.8796
v 0.386775 0.712458 0.8796
v 0.396926 0.717306 0.8796
v 0.411112 0.72167 0.8796
v 0.42729 0.72366 0.8796
v 0.571428 0.723689 0.8796
v 0.587583 0.721943 0.8796
v 0.597741 0.719252 0.8796
v 0.607879 0.715207 0.8796
v 0.61801 0.709585 0.8796
v 0.626126 0.703684 0.8796
v 0.634038 0.696376 0.8796
v 0.64093 0.688262 0.8796
v 0.647509 0.678131 0.8796
v 0.652347 0.667973 0.8796
v 0.657105 0.651774 0.8796
v 0.658698 0.635603 0.8796
v 0.658688 0.363478 0.8796
v 0.656922 0.347308 0.8796
v 0.652772 0.333107 0.8796
v 0.645795 0.31892 0.8796
v 0.636899 0.306754 0.8796
v 0.626495 0.296616 0.8796
v 0.614901 0.288505 0.8796
v 0.601794 0.28219 0.8796
v 0.587601 0.27806 0.8796
v 0.8113 0.124156 0.8726
v 0.8113 0.875799 0.8726
v 0.65878 0.876208 0.8726
v 0.658539 0.859727 0.8726
v 0.639024 0.866216 0.8726
v 0.621109 0.870824 0.8726
v 0.603198 0.874005 0.8726
v 0.585301 0.875813 0.8726
v 0.42939 0.876299 0.8726
v 0.407488 0.875246 0.8726
v 0.375636 0.870093 0.8726
v 0.343793 0.860372 0.8726
v 0.313942 0.846553 0.8726
v 0.286072 0.828674 0.8726
v 0.266716 0.812659 0.8726
v 0.249155 0.794748 0.8726
v 0.23336 0.774848 0.8726
v 0.219499 0.752957 0.8726
v 0.207795 0.729074 0.8726
v 0.199137 0.705193 0.8726
v 0.193188 0.681315 0.8726
v 0.189568 0.655434 0.8726
v 0.188701 0.635517 0.8726
v 0.1887 0.365574 0.8726
v 0.190035 0.339678 0.8726
v 0.195574 0.307827 0.8726
v 0.204941 0.277979 0.8726
v 0.218897 0.248125 0.8726
v 0.236334 0.221064 0.8726
v 0.251758 0.202352 0.8726
v 0.26771 0.186432 0.8726
v 0.284502 0.172503 0.8726
v 0.303992 0.159217 0.8726
v 0.32389 0.148284 0.8726
v 0.345784 0.138875 0.8726
v 0.367674 0.13189 0.8726
v 0.38957 0.127112 0.8726
v 0.407476 0.124754 0.8726
v 0.425396 0.123744 0.8726
v 0.58131 0.123966 0.8726
v 0.60121 0.125728 0.8726
v 0.619119 0.128753 0.8726
v 0.637029 0.133198 0.8726
v 0.6587 0.140394 0.8726
v 0.6587 0.123796 0.8726
v 0.572653 0.276344 0.8726
v 0.42929 0.276302 0.8726
v 0.409112 0.27879 0.8726
v 0.398941 0.281914 0.8726
v 0.388779 0.286456 0.8726
v 0.372607 0.297368 0.8726
v 0.364924 0.304726 0.8726
v 0.358259 0.312834 0.8726
v 0.353009 0.320951 0.8726
v 0.34803 0.331101 0.8726
v 0.343079 0.347301 0.8726
v 0.341312 0.363478 0.8726
v 0.341302 0.635582 0.8726
v 0.341945 0.645696 0.8726
v 0.344291 0.657848 0.8726
v 0.347662 0.667993 0.8726
v 0.35249 0.678131 0.8726
v 0.359076 0.68827 0.8726
v 0.367964 0.698399 0.8726
v 0.376642 0.705857 0.8726
v 0.386775 0.712458 0.8726
v 0.396926 0.717306 0.8726
v 0.411112 0.72167 0.8726
v 0.42729 0.72366 0.8726
v 0.571428 0.723689 0.8726
v 0.587583 0.721943 0.8726
v 0.597741 0.719252 0.8726
v 0.607879 0.715207 0.8726
v 0.61801 0.709585 0.8726
v 0.626126 0.703684 0.8726
v 0.634038 0.696376 0.8726
v 0.64093 0.688262 0.8726
v 0.647509 0.678131 0.8726
v 0.652347 0.667973 0.8726
v 0.657105 0.651774 0.8726
v 0.658698 0.635603 0.8726
v 0.658688 0.363478 0.8726
v 0.656922 0.347308 0.8726
v 0.652772 0.333107 0.8726
v 0.645795 0.31892 0.8726
v 0.636899 0.306754 0.8726
v 0.626495 0.296616 0.8726
v 0.614901 0.288505 0.8726
v 0.601794 0.28219 0.8726
v 0.587601 0.27806 0.8726
v 0.8113 0.124156 0.8796
v 0.8113 0.875799 0.8796
v 0.65878 0.876208 0.8796
v 0.658539 0.859727 0.8796
v 0.639024 0.866216 0.8796
v 0.621109 0.870824 0.8796
v 0.603198 0.874005 0.8796
v 0.585301 0.875813 0.8796
v 0.42939 0.876299 0.8796
v 0.407488 0.875246 0.8796
v 0.375636 0.870093 0.8796
v 0.343793 0.860372 0.8796
v 0.313942 0.846553 0.8796
v 0.286072 0.828674 0.8796
v 0.266716 0.812659 0.8796
v 0.249155 0.794748 0.8796
v 0.23336 0.774848 0.8796
v 0.219499 0.752957 0.8796
v 0.207795 0.729074 0.8796
v 0.199137 0.705193 0.8796
v 0.193188 0.681315 0.8796
v 0.189568 0.655434 0.8796
v 0.188701 0.635517 0.8796
v 0.1887 0.365574 0.8796
v 0.190035 0.339678 0.8796
v 0.195574 0.307827 0.8796
v 0.204941 0.277979 0.8796
v 0.218897 0.248125 0.8796
v 0.236334 0.221064 0.8796
v 0.251758 0.202352 0.8796
v 0.26771 0.186432 0.8796
v 0.284502 0.172503 0.8796
v 0.303992 0.159217 0.8796
v 0.32389 0.148284 0.8796
v 0.345784 0.138875 0.8796
v 0.367674 0.13189 0.8796
v 0.38957 0.127112 0.8796
v 0.407476 0.124754 0.8796
v 0.425396 0.123744 0.8796
v 0.58131 0.123966 0.8796
v 0.60121 0.125728 0.8796
v 0.619119 0.128753 0.8796
v 0.637029 0.133198 0.8796
v 0.6587 0.140394 0.8796
v 0.6587 0.123796 0.8796
v 0.572653 0.276344 0.8796
v 0.42929 0.276302 0.8796
v 0.409112 0.27879 0.8796
v 0.398941 0.281914 0.8796
v 0.388779 0.286456 0.8796
v 0.372607 0.297368 0.8796
v 0.364924 0.304726 0.8796
v 0.358259 0.312834 0.8796
v 0.353009 0.320951 0.8796
v 0.34803 0.331101 0.8796
v 0.343079 0.347301 0.8796
v 0.341312 0.363478 0.8796
v 0.341302 0.635582 0.8796
v 0.341945 0.645696 0.8796
v 0.344291 0.657848 0.8796
v 0.347662 0.667993 0.8796
v 0.35249 0.678131 0.8796
v 0.359076 0.68827 0.8796
v 0.367964 0.698399 0.8796
v 0.376642 0.705857 0.8796
v 0.386775 0.712458 0.8796
v 0.396926 0.717306 0.8796
v 0.411112 0.72167 0.8796
v 0.42729 0.72366 0.8796
v 0.571428 0.723689 0.8796
v 0.587583 0.721943 0.8796
v 0.597741 0.719252 0.8796
v 0.607879 0.715207 0.8796
v 0.61801 0.709585 0.8796
v 0.626126 0.703684 0.8796
v 0.634038 0.696376 0.8796
v 0.64093 0.688262 0.8796
v 0.647509 0.678131 0.8796
v 0.652347 0.667973 0.8796
v 0.657105 0.651774 0.8796
v 0.658698 0.635603 0.8796
v 0.658688 0.363478 0.8796
v 0.656922 0.347308 0.8796
v 0.652772 0.333107 0.8796
v 0.645795 0.31892 0.8796
v 0.636899 0.306754 0.8796
v 0.626495 0.296616 0.8796
v 0.614901 0.288505 0.8796
v 0.601794 0.28219 0.8796
v 0.587601 0.27806 0.8796
vt 0.453021 0.336471
vt 0.541104 0.336471
vt 0.541245 0.33667
vt 0.452881 0.33667
vt 0.863666 0.330612
vt 0.881539 0.330612
vt 0.881678 0.330811
vt 0.863525 0.330811
vt 0.606828 0.350143
vt 0.60876 0.350143
vt 0.608568 0.350342
vt 0.606689 0.350342
vt 0.537842 0.397708
vt 0.540189 0.398098
vt 0.540162 0.398295
vt 0.537997 0.397936
vt 0.540189 0.398098
vt 0.542329 0.398343
vt 0.542312 0.398541
vt 0.540162 0.398295
vt 0.542329 0.398343
vt 0.544453 0.39847
vt 0.544447 0.398669
vt 0.542312 0.398541
vt 0.544453 0.39847
vt 0.546561 0.398483
vt 0.546567 0.398682
vt 0.544447 0.398669
vt 0.546561 0.398483
vt 0.56476 0.397328
vt 0.564776 0.397526
vt 0.546567 0.398682
vt 0.56476 0.397328
vt 0.567304 0.397073
vt 0.567332 0.39727
vt 0.564776 0.397526
vt 0.567304 0.397073
vt 0.570966 0.396401
vt 0.57101 0.396595
vt 0.567332 0.39727
vt 0.883094 0.389938
vt 0.886917 0.390494
vt 0.886898 0.390692
vt 0.883057 0.390134
vt 0.886917 0.390494
vt 0.890764 0.39067
vt 0.890764 0.390869
vt 0.886898 0.390692
vt 0.890764 0.39067
vt 0.894634 0.39047
vt 0.894652 0.390668
vt 0.890764 0.390869
vt 0.894634 0.39047
vt 0.897523 0.390068
vt 0.897557 0.390264
vt 0.894652 0.390668
vt 0.06864 0.387068
vt 0.071514 0.387509
vt 0.071491 0.387707
vt 0.068604 0.387263
vt 0.071514 0.387509
vt 0.074474 0.387737
vt 0.074466 0.387936
vt 0.071491 0.387707
vt 0.074474 0.387737
vt 0.07751 0.387741
vt 0.077517 0.387939
vt 0.074466 0.387936
vt 0.07751 0.387741
vt 0.080609 0.387503
vt 0.080631 0.387701
vt 0.077517 0.387939
vt 0.080609 0.387503
vt 0.083517 0.387052
vt 0.083554 0.387247
vt 0.080631 0.387701
vt 0.359167 0.393416
vt 0.361988 0.393844
vt 0.361965 0.394042
vt 0.359131 0.393612
vt 0.361988 0.393844
vt 0.365033 0.394072
vt 0.365025 0.394271
vt 0.361965 0.394042
vt 0.365033 0.394072
vt 0.367369 0.394088
vt 0.367371 0.394287
vt 0.365025 0.394271
vt 0.367369 0.394088
vt 0.398985 0.393329
vt 0.398993 0.393528
vt 0.367371 0.394287
vt 0.398985 0.393329
vt 0.402013 0.393145
vt 0.402033 0.393343
vt 0.398993 0.393528
vt 0.402013 0.393145
vt 0.405721 0.392595
vt 0.405759 0.39279
vt 0.402033 0.393343
vt 0.293745 0.389683
vt 0.297294 0.390339
vt 0.297268 0.390536
vt 0.293701 0.389877
vt 0.297294 0.390339
vt 0.301128 0.39067
vt 0.30112 0.390869
vt 0.297268 0.390536
vt 0.301128 0.39067
vt 0.3049 0.390632
vt 0.30491 0.39083
vt 0.30112 0.390869
vt 0.3049 0.390632
vt 0.307717 0.390367
vt 0.307742 0.390564
vt 0.30491 0.39083
vt 0.307717 0.390367
vt 0.31029 0.389941
vt 0.310328 0.390136
vt 0.307742 0.390564
vt 0.610635 0.389865
vt 0.613119 0.390295
vt 0.613093 0.390492
vt 0.610596 0.390059
vt 0.613119 0.390295
vt 0.615855 0.390578
vt 0.615841 0.390777
vt 0.613093 0.390492
vt 0.615855 0.390578
vt 0.618512 0.39067
vt 0.618512 0.390869
vt 0.615841 0.390777
vt 0.618512 0.39067
vt 0.621302 0.390575
vt 0.621315 0.390774
vt 0.618512 0.390869
vt 0.621302 0.390575
vt 0.623966 0.390298
vt 0.623993 0.390495
vt 0.621315 0.390774
vt 0.623966 0.390298
vt 0.626518 0.389856
vt 0.626557 0.390051
vt 0.623993 0.390495
vt 0.001257 0.392379
vt 0.003322 0.39271
vt 0.003296 0.392907
vt 0.001221 0.392575
vt 0.003322 0.39271
vt 0.005403 0.392929
vt 0.005386 0.393127
vt 0.003296 0.392907
vt 0.005403 0.392929
vt 0.023602 0.394085
vt 0.023595 0.394283
vt 0.005386 0.393127
vt 0.023602 0.394085
vt 0.025943 0.394088
vt 0.025948 0.394287
vt 0.023595 0.394283
vt 0.025943 0.394088
vt 0.028065 0.393972
vt 0.028081 0.39417
vt 0.025948 0.394287
vt 0.028065 0.393972
vt 0.030202 0.393738
vt 0.030229 0.393935
vt 0.028081 0.39417
vt 0.030202 0.393738
vt 0.032808 0.393304
vt 0.03265 0.393532
vt 0.030229 0.393935
vt 0.414795 0.340377
vt 0.41674 0.340377
vt 0.416881 0.340576
vt 0.41499 0.340576
vt 0.529194 0.338424
vt 0.547077 0.338424
vt 0.547217 0.338623
vt 0.529053 0.338623
vt 0.361572 0.377635
vt 0.449936 0.377635
vt 0.449936 0.378174
vt 0.361572 0.378174
vt 0.729736 0.362986
vt 0.747889 0.362986
vt 0.747889 0.363525
vt 0.729736 0.363525
vt 0.669189 0.358104
vt 0.671068 0.358104
vt 0.671068 0.358643
vt 0.669189 0.358643
vt 0.001221 0.365428
vt 0.003419 0.365428
vt 0.003419 0.365967
vt 0.001221 0.365967
vt 0.003419 0.365428
vt 0.005589 0.365428
vt 0.005589 0.365967
vt 0.003419 0.365967
vt 0.005589 0.365428
vt 0.007732 0.365428
vt 0.007732 0.365967
vt 0.005589 0.365967
vt 0.007732 0.365428
vt 0.009847 0.365428
vt 0.009847 0.365967
vt 0.007732 0.365967
vt 0.009847 0.365428
vt 0.027872 0.365428
vt 0.027872 0.365967
vt 0.009847 0.365967
vt 0.983154 0.360545
vt 0.985717 0.360545
vt 0.985717 0.361084
vt 0.983154 0.361084
vt 0.985717 0.360545
vt 0.989515 0.360545
vt 0.989515 0.361084
vt 0.985717 0.361084
vt 0.989515 0.360545
vt 0.993404 0.360545
vt 0.993404 0.361084
vt 0.989515 0.361084
vt 0.83667 0.360545
vt 0.840511 0.360545
vt 0.840511 0.361084
vt 0.83667 0.361084
vt 0.840511 0.360545
vt 0.844409 0.360545
vt 0.844409 0.361084
vt 0.840511 0.361084
vt 0.844409 0.360545
vt 0.847345 0.360545
vt 0.847345 0.361084
vt 0.844409 0.361084
vt 0.6521 0.360545
vt 0.655017 0.360545
vt 0.655017 0.361084
vt 0.6521 0.361084
vt 0.655017 0.360545
vt 0.658004 0.360545
vt 0.658004 0.361084
vt 0.655017 0.361084
vt 0.658004 0.360545
vt 0.661052 0.360545
vt 0.661052 0.361084
vt 0.658004 0.361084
vt 0.661052 0.360545
vt 0.664143 0.360545
vt 0.664143 0.361084
vt 0.661052 0.361084
vt 0.903564 0.372752
vt 0.906501 0.372752
vt 0.906501 0.373291
vt 0.903564 0.373291
vt 0.906501 0.372752
vt 0.909387 0.372752
vt 0.909387 0.373291
vt 0.906501 0.373291
vt 0.909387 0.372752
vt 0.912464 0.372752
vt 0.912464 0.373291
vt 0.909387 0.373291
vt 0.912464 0.372752
vt 0.914795 0.372752
vt 0.914795 0.373291
vt 0.912464 0.373291
vt 0.914795 0.372752
vt 0.946057 0.372752
vt 0.946057 0.373291
vt 0.914795 0.373291
vt 0.885498 0.360545
vt 0.888525 0.360545
vt 0.888525 0.361084
vt 0.885498 0.361084
vt 0.888525 0.360545
vt 0.892332 0.360545
vt 0.892332 0.361084
vt 0.888525 0.361084
vt 0.892332 0.360545
vt 0.895986 0.360545
vt 0.895986 0.361084
vt 0.892332 0.361084
vt 0.909912 0.360545
vt 0.913761 0.360545
vt 0.913761 0.361084
vt 0.909912 0.361084
vt 0.913761 0.360545
vt 0.917551 0.360545
vt 0.917551 0.361084
vt 0.913761 0.361084
vt 0.917551 0.360545
vt 0.920386 0.360545
vt 0.920386 0.361084
vt 0.917551 0.361084
vt 0.861084 0.360545
vt 0.863712 0.360545
vt 0.863712 0.361084
vt 0.861084 0.361084
vt 0.863712 0.360545
vt 0.866279 0.360545
vt 0.866279 0.361084
vt 0.863712 0.361084
vt 0.866279 0.360545
vt 0.869054 0.360545
vt 0.869054 0.361084
vt 0.866279 0.361084
vt 0.869054 0.360545
vt 0.871701 0.360545
vt 0.871701 0.361084
vt 0.869054 0.361084
vt 0.012939 0.358104
vt 0.015718 0.358104
vt 0.015718 0.358643
vt 0.012939 0.358643
vt 0.015718 0.358104
vt 0.018421 0.358104
vt 0.018421 0.358643
vt 0.015718 0.358643
vt 0.018421 0.358104
vt 0.021057 0.358104
vt 0.021057 0.358643
vt 0.018421 0.358643
vt 0.021057 0.358104
vt 0.023165 0.358104
vt 0.023165 0.358643
vt 0.021057 0.358643
vt 0.920654 0.367869
vt 0.922745 0.367869
vt 0.922745 0.368408
vt 0.920654 0.368408
vt 0.922745 0.367869
vt 0.940956 0.367869
vt 0.940956 0.368408
vt 0.922745 0.368408
vt 0.940956 0.367869
vt 0.943309 0.367869
vt 0.943309 0.368408
vt 0.940956 0.368408
vt 0.943309 0.367869
vt 0.945442 0.367869
vt 0.945442 0.368408
vt 0.943309 0.368408
vt 0.945442 0.367869
vt 0.947589 0.367869
vt 0.947589 0.368408
vt 0.945442 0.368408
vt 0.645752 0.358104
vt 0.648238 0.358104
vt 0.648238 0.358643
vt 0.645752 0.358643
vt 0.662354 0.358104
vt 0.664245 0.358104
vt 0.664245 0.358643
vt 0.662354 0.358643
vt 0.329346 0.362986
vt 0.34751 0.362986
vt 0.34751 0.363525
vt 0.329346 0.363525
vt 0.001221 0.330612
vt 0.089584 0.330612
vt 0.089444 0.330811
vt 0.001361 0.330811
vt 0.02124 0.340377
vt 0.039393 0.340377
vt 0.039254 0.340576
vt 0.02138 0.340576
vt 0.422607 0.340377
vt 0.424486 0.340377
vt 0.424678 0.340576
vt 0.422746 0.340576
vt 0.607333 0.397147
vt 0.609498 0.396788
vt 0.609525 0.396985
vt 0.607178 0.397374
vt 0.609498 0.396788
vt 0.611648 0.396541
vt 0.611665 0.396739
vt 0.609525 0.396985
vt 0.611648 0.396541
vt 0.613783 0.396414
vt 0.613789 0.396613
vt 0.611665 0.396739
vt 0.613783 0.396414
vt 0.615903 0.396401
vt 0.615897 0.3966
vt 0.613789 0.396613
vt 0.615903 0.396401
vt 0.634112 0.397556
vt 0.634096 0.397754
vt 0.615897 0.3966
vt 0.634112 0.397556
vt 0.636668 0.397813
vt 0.63664 0.39801
vt 0.634096 0.397754
vt 0.636668 0.397813
vt 0.640346 0.398488
vt 0.640302 0.398682
vt 0.63664 0.39801
vt 0.85083 0.390674
vt 0.854672 0.390115
vt 0.85469 0.390314
vt 0.850868 0.390869
vt 0.854672 0.390115
vt 0.858538 0.389938
vt 0.858537 0.390137
vt 0.85469 0.390314
vt 0.858538 0.389938
vt 0.862426 0.390139
vt 0.862407 0.390337
vt 0.858537 0.390137
vt 0.862426 0.390139
vt 0.865331 0.390543
vt 0.865296 0.390739
vt 0.862407 0.390337
vt 0.101807 0.387728
vt 0.104694 0.387284
vt 0.104717 0.387482
vt 0.101843 0.387923
vt 0.104694 0.387284
vt 0.107669 0.387055
vt 0.107677 0.387254
vt 0.104717 0.387482
vt 0.107669 0.387055
vt 0.110721 0.387052
vt 0.110713 0.38725
vt 0.107677 0.387254
vt 0.110721 0.387052
vt 0.113835 0.38729
vt 0.113812 0.387488
vt 0.110713 0.38725
vt 0.113835 0.38729
vt 0.116757 0.387744
vt 0.11672 0.387939
vt 0.113812 0.387488
vt 0.455811 0.39327
vt 0.458645 0.39284
vt 0.458667 0.393038
vt 0.455847 0.393466
vt 0.458645 0.39284
vt 0.461705 0.392611
vt 0.461713 0.39281
vt 0.458667 0.393038
vt 0.461705 0.392611
vt 0.464051 0.392595
vt 0.464049 0.392794
vt 0.461713 0.39281
vt 0.464051 0.392595
vt 0.495673 0.393354
vt 0.495665 0.393553
vt 0.464049 0.392794
vt 0.495673 0.393354
vt 0.498713 0.393539
vt 0.498692 0.393737
vt 0.495665 0.393553
vt 0.498713 0.393539
vt 0.502439 0.394092
vt 0.502401 0.394287
vt 0.498692 0.393737
vt 0.330811 0.390675
vt 0.334377 0.390016
vt 0.334403 0.390213
vt 0.330855 0.390869
vt 0.334377 0.390016
vt 0.33823 0.389683
vt 0.338237 0.389882
vt 0.334403 0.390213
vt 0.33823 0.389683
vt 0.34202 0.389721
vt 0.342009 0.38992
vt 0.338237 0.389882
vt 0.34202 0.389721
vt 0.344852 0.389988
vt 0.344827 0.390185
vt 0.342009 0.38992
vt 0.344852 0.389988
vt 0.347437 0.390416
vt 0.347399 0.390611
vt 0.344827 0.390185
vt 0.575439 0.390665
vt 0.577936 0.390233
vt 0.577963 0.39043
vt 0.575479 0.39086
vt 0.577936 0.390233
vt 0.580685 0.389948
vt 0.580699 0.390147
vt 0.577963 0.39043
vt 0.580685 0.389948
vt 0.583356 0.389856
vt 0.583356 0.390055
vt 0.580699 0.390147
vt 0.583356 0.389856
vt 0.586159 0.389951
vt 0.586145 0.39015
vt 0.583356 0.390055
vt 0.586159 0.389951
vt 0.588837 0.390229
vt 0.58881 0.390427
vt 0.586145 0.39015
vt 0.588837 0.390229
vt 0.591401 0.390674
vt 0.591362 0.390869
vt 0.58881 0.390427
vt 0.911865 0.398486
vt 0.913941 0.398154
vt 0.913967 0.398351
vt 0.911902 0.398682
vt 0.913941 0.398154
vt 0.916031 0.397934
vt 0.916047 0.398132
vt 0.913967 0.398351
vt 0.916031 0.397934
vt 0.93424 0.396778
vt 0.934246 0.396977
vt 0.916047 0.398132
vt 0.93424 0.396778
vt 0.936593 0.396774
vt 0.936587 0.396973
vt 0.934246 0.396977
vt 0.936593 0.396774
vt 0.938726 0.396891
vt 0.938709 0.397089
vt 0.936587 0.396973
vt 0.938726 0.396891
vt 0.940874 0.397126
vt 0.940847 0.397323
vt 0.938709 0.397089
vt 0.940874 0.397126
vt 0.943294 0.397529
vt 0.943452 0.397757
vt 0.940847 0.397323
vt 0.745556 0.330612
vt 0.747447 0.330612
vt 0.747306 0.330811
vt 0.745361 0.330811
vt 0.568604 0.34233
vt 0.586768 0.34233
vt 0.586627 0.342529
vt 0.568744 0.342529
vt 0.115059 0.389658
vt 0.13186 0.389661
vt 0.131851 0.38986
vt 0.115067 0.389856
vt 0.13186 0.389661
vt 0.134224 0.389872
vt 0.134194 0.390069
vt 0.131851 0.38986
vt 0.134224 0.389872
vt 0.135416 0.390137
vt 0.135366 0.390329
vt 0.134194 0.390069
vt 0.135416 0.390137
vt 0.136606 0.390522
vt 0.136538 0.390708
vt 0.135366 0.390329
vt 0.19751 0.382862
vt 0.199743 0.382514
vt 0.199761 0.382712
vt 0.197552 0.383057
vt 0.199743 0.382514
vt 0.200988 0.382474
vt 0.200986 0.382673
vt 0.199761 0.382712
vt 0.200988 0.382474
vt 0.202215 0.382538
vt 0.202197 0.382736
vt 0.200986 0.382673
vt 0.202215 0.382538
vt 0.203328 0.382688
vt 0.203294 0.382884
vt 0.202197 0.382736
vt 0.260498 0.407013
vt 0.261785 0.406788
vt 0.261807 0.406986
vt 0.26054 0.407208
vt 0.261785 0.406788
vt 0.263763 0.406673
vt 0.263761 0.406872
vt 0.261807 0.406986
vt 0.263763 0.406673
vt 0.265659 0.406818
vt 0.265637 0.407015
vt 0.263761 0.406872
vt 0.265659 0.406818
vt 0.296811 0.411669
vt 0.296777 0.411865
vt 0.265637 0.407015
vt 0.162842 0.355997
vt 0.164008 0.355837
vt 0.164026 0.356035
vt 0.162873 0.356194
vt 0.164008 0.355837
vt 0.165455 0.35577
vt 0.165455 0.35597
vt 0.164026 0.356035
vt 0.165455 0.35577
vt 0.166705 0.355829
vt 0.166687 0.356027
vt 0.165455 0.35597
vt 0.166705 0.355829
vt 0.167998 0.356005
vt 0.167962 0.356201
vt 0.166687 0.356027
vt 0.938721 0.358447
vt 0.940106 0.358236
vt 0.940126 0.358434
vt 0.938759 0.358643
vt 0.940106 0.358236
vt 0.941682 0.35816
vt 0.941681 0.358359
vt 0.940126 0.358434
vt 0.941682 0.35816
vt 0.943019 0.35823
vt 0.942999 0.358428
vt 0.941681 0.358359
vt 0.943019 0.35823
vt 0.944406 0.358436
vt 0.944368 0.358631
vt 0.942999 0.358428
vt 0.864502 0.401461
vt 0.865786 0.401248
vt 0.865808 0.401446
vt 0.864543 0.401656
vt 0.865786 0.401248
vt 0.867519 0.401147
vt 0.867518 0.401346
vt 0.865808 0.401446
vt 0.867519 0.401147
vt 0.869421 0.401275
vt 0.869399 0.401472
vt 0.867518 0.401346
vt 0.869421 0.401275
vt 0.885918 0.403857
vt 0.885881 0.404053
vt 0.869399 0.401472
vt 0.852295 0.358447
vt 0.854159 0.358171
vt 0.854177 0.358369
vt 0.852331 0.358643
vt 0.854159 0.358171
vt 0.855389 0.358123
vt 0.855388 0.358322
vt 0.854177 0.358369
vt 0.855389 0.358123
vt 0.856665 0.358183
vt 0.856647 0.358382
vt 0.855388 0.358322
vt 0.856665 0.358183
vt 0.857997 0.358369
vt 0.857962 0.358565
vt 0.856647 0.358382
vt 0.092529 0.355975
vt 0.093686 0.355825
vt 0.093703 0.356023
vt 0.092563 0.356171
vt 0.093686 0.355825
vt 0.094946 0.355768
vt 0.094946 0.355967
vt 0.093703 0.356023
vt 0.094946 0.355768
vt 0.096191 0.355819
vt 0.096174 0.356018
vt 0.094946 0.355967
vt 0.096191 0.355819
vt 0.097583 0.356005
vt 0.097547 0.356201
vt 0.096174 0.356018
vt 0.477295 0.407186
vt 0.478576 0.406965
vt 0.478599 0.407163
vt 0.477337 0.407381
vt 0.478576 0.406965
vt 0.480549 0.406855
vt 0.480547 0.407054
vt 0.478599 0.407163
vt 0.480549 0.406855
vt 0.482442 0.407002
vt 0.48242 0.4072
vt 0.480547 0.407054
vt 0.482442 0.407002
vt 0.513651 0.41167
vt 0.513614 0.411865
vt 0.48242 0.4072
vt 0.134521 0.356005
vt 0.136399 0.355769
vt 0.136411 0.355968
vt 0.134553 0.356201
vt 0.136399 0.355769
vt 0.138132 0.355771
vt 0.13812 0.355969
vt 0.136411 0.355968
vt 0.138132 0.355771
vt 0.139957 0.355998
vt 0.139921 0.356194
vt 0.13812 0.355969
vt 0.190186 0.356005
vt 0.191928 0.355799
vt 0.191939 0.355998
vt 0.190221 0.356201
vt 0.191928 0.355799
vt 0.19363 0.355801
vt 0.193618 0.356
vt 0.191939 0.355998
vt 0.19363 0.355801
vt 0.195266 0.355993
vt 0.195232 0.356189
vt 0.193618 0.356
vt 0.110107 0.390684
vt 0.111644 0.390151
vt 0.111694 0.390343
vt 0.110179 0.390869
vt 0.111644 0.390151
vt 0.113307 0.389802
vt 0.113335 0.389999
vt 0.111694 0.390343
vt 0.113307 0.389802
vt 0.115059 0.389658
vt 0.115067 0.389856
vt 0.113335 0.389999
vt 0.484082 0.365428
vt 0.500866 0.365428
vt 0.500866 0.365967
vt 0.484082 0.365967
vt 0.500866 0.365428
vt 0.503211 0.365428
vt 0.503211 0.365967
vt 0.500866 0.365967
vt 0.503211 0.365428
vt 0.504384 0.365428
vt 0.504384 0.365967
vt 0.503211 0.365967
vt 0.453369 0.358104
vt 0.454634 0.358104
vt 0.454634 0.358643
vt 0.453369 0.358643
vt 0.454634 0.358104
vt 0.456896 0.358104
vt 0.456896 0.358643
vt 0.454634 0.358643
vt 0.456896 0.358104
vt 0.458104 0.358104
vt 0.458104 0.358643
vt 0.456896 0.358643
vt 0.56665 0.358104
vt 0.567856 0.358104
vt 0.567856 0.358643
vt 0.56665 0.358643
vt 0.567856 0.358104
vt 0.568972 0.358104
vt 0.568972 0.358643
vt 0.567856 0.358643
vt 0.568972 0.358104
vt 0.570269 0.358104
vt 0.570269 0.358643
vt 0.568972 0.358643
vt 0.66626 0.370311
vt 0.668195 0.370311
vt 0.668195 0.37085
vt 0.66626 0.37085
vt 0.668195 0.370311
vt 0.67008 0.370311
vt 0.67008 0.37085
vt 0.668195 0.37085
vt 0.67008 0.370311
vt 0.701665 0.370311
vt 0.701665 0.37085
vt 0.67008 0.37085
vt 0.534424 0.358104
vt 0.535588 0.358104
vt 0.535588 0.358643
vt 0.534424 0.358643
vt 0.535588 0.358104
vt 0.537021 0.358104
vt 0.537021 0.358643
vt 0.535588 0.358643
vt 0.537021 0.358104
vt 0.538245 0.358104
vt 0.538245 0.358643
vt 0.537021 0.358643
vt 0.477783 0.358104
vt 0.479069 0.358104
vt 0.479069 0.358643
vt 0.477783 0.358643
vt 0.479069 0.358104
vt 0.480467 0.358104
vt 0.480467 0.358643
vt 0.479069 0.358643
vt 0.480467 0.358104
vt 0.48201 0.358104
vt 0.48201 0.358643
vt 0.480467 0.358643
vt 0.501221 0.358104
vt 0.502531 0.358104
vt 0.502531 0.358643
vt 0.501221 0.358643
vt 0.502531 0.358104
vt 0.503929 0.358104
vt 0.503929 0.358643
vt 0.502531 0.358643
vt 0.503929 0.358104
vt 0.505217 0.358104
vt 0.505217 0.358643
vt 0.503929 0.358643
vt 0.952393 0.365428
vt 0.954088 0.365428
vt 0.954088 0.365967
vt 0.952393 0.365967
vt 0.954088 0.365428
vt 0.955976 0.365428
vt 0.955976 0.365967
vt 0.954088 0.365967
vt 0.955976 0.365428
vt 0.972686 0.365428
vt 0.972686 0.365967
vt 0.955976 0.365967
vt 0.466064 0.358104
vt 0.467932 0.358104
vt 0.467932 0.358643
vt 0.466064 0.358643
vt 0.467932 0.358104
vt 0.469144 0.358104
vt 0.469144 0.358643
vt 0.467932 0.358643
vt 0.469144 0.358104
vt 0.470395 0.358104
vt 0.470395 0.358643
vt 0.469144 0.358643
vt 0.555908 0.358104
vt 0.557239 0.358104
vt 0.557239 0.358643
vt 0.555908 0.358643
vt 0.557239 0.358104
vt 0.558398 0.358104
vt 0.558398 0.358643
vt 0.557239 0.358643
vt 0.558398 0.358104
vt 0.559635 0.358104
vt 0.559635 0.358643
vt 0.558398 0.358643
vt 0.512939 0.358104
vt 0.514159 0.358104
vt 0.514159 0.358643
vt 0.512939 0.358643
vt 0.514159 0.358104
vt 0.515556 0.358104
vt 0.515556 0.358643
vt 0.514159 0.358643
vt 0.515556 0.358104
vt 0.516844 0.358104
vt 0.516844 0.358643
vt 0.515556 0.358643
vt 0.592041 0.370311
vt 0.593971 0.370311
vt 0.593971 0.37085
vt 0.592041 0.37085
vt 0.593971 0.370311
vt 0.595854 0.370311
vt 0.595854 0.37085
vt 0.593971 0.37085
vt 0.595854 0.370311
vt 0.627469 0.370311
vt 0.627469 0.37085
vt 0.595854 0.37085
vt 0.577393 0.358104
vt 0.579271 0.358104
vt 0.579271 0.358643
vt 0.577393 0.358643
vt 0.579271 0.358104
vt 0.580974 0.358104
vt 0.580974 0.358643
vt 0.579271 0.358643
vt 0.400635 0.358104
vt 0.402436 0.358104
vt 0.402436 0.358643
vt 0.400635 0.358643
vt 0.402436 0.358104
vt 0.404178 0.358104
vt 0.404178 0.358643
vt 0.402436 0.358643
vt 0.404178 0.358104
vt 0.405833 0.358104
vt 0.405833 0.358643
vt 0.404178 0.358643
vt 0.588135 0.358104
vt 0.589765 0.358104
vt 0.589765 0.358643
vt 0.588135 0.358643
vt 0.589765 0.358104
vt 0.591441 0.358104
vt 0.591441 0.358643
vt 0.589765 0.358643
vt 0.480713 0.365428
vt 0.482351 0.365428
vt 0.482351 0.365967
vt 0.480713 0.365967
vt 0.482351 0.365428
vt 0.484082 0.365428
vt 0.484082 0.365967
vt 0.482351 0.365967
vt 0.171708 0.39067
vt 0.188491 0.390667
vt 0.1885 0.390866
vt 0.1717 0.390869
vt 0.188491 0.390667
vt 0.190835 0.390457
vt 0.190865 0.390654
vt 0.1885 0.390866
vt 0.190835 0.390457
vt 0.192007 0.390197
vt 0.192056 0.39039
vt 0.190865 0.390654
vt 0.192007 0.390197
vt 0.193178 0.389819
vt 0.193247 0.390005
vt 0.192056 0.39039
vt 0.182903 0.382474
vt 0.185113 0.382818
vt 0.185095 0.383016
vt 0.182861 0.382668
vt 0.185113 0.382818
vt 0.186338 0.382858
vt 0.18634 0.383057
vt 0.185095 0.383016
vt 0.186338 0.382858
vt 0.187548 0.382794
vt 0.187567 0.382992
vt 0.18634 0.383057
vt 0.187548 0.382794
vt 0.188645 0.382646
vt 0.18868 0.382842
vt 0.187567 0.382992
vt 0.336712 0.411331
vt 0.337979 0.411552
vt 0.337957 0.41175
vt 0.33667 0.411525
vt 0.337979 0.411552
vt 0.339933 0.411666
vt 0.339935 0.411865
vt 0.337957 0.41175
vt 0.339933 0.411666
vt 0.341809 0.411523
vt 0.341831 0.411721
vt 0.339935 0.411865
vt 0.341809 0.411523
vt 0.372948 0.406673
vt 0.372983 0.406869
vt 0.341831 0.411721
vt 0.149201 0.355778
vt 0.150354 0.355937
vt 0.150336 0.356135
vt 0.14917 0.355975
vt 0.150354 0.355937
vt 0.151783 0.356002
vt 0.151783 0.356201
vt 0.150336 0.356135
vt 0.151783 0.356002
vt 0.153015 0.355944
vt 0.153033 0.356142
vt 0.151783 0.356201
vt 0.153015 0.355944
vt 0.15429 0.35577
vt 0.154326 0.355966
vt 0.153033 0.356142
vt 0.953408 0.35816
vt 0.954774 0.358369
vt 0.954754 0.358567
vt 0.953369 0.358355
vt 0.954774 0.358369
vt 0.95633 0.358443
vt 0.95633 0.358643
vt 0.954754 0.358567
vt 0.95633 0.358443
vt 0.957648 0.358375
vt 0.957667 0.358573
vt 0.95633 0.358643
vt 0.957648 0.358375
vt 0.959017 0.358171
vt 0.959055 0.358367
vt 0.957667 0.358573
vt 0.910441 0.403544
vt 0.911706 0.403754
vt 0.911684 0.403951
vt 0.9104 0.403738
vt 0.911706 0.403754
vt 0.913417 0.403853
vt 0.913418 0.404053
vt 0.911684 0.403951
vt 0.913417 0.403853
vt 0.915298 0.403727
vt 0.915319 0.403925
vt 0.913418 0.404053
vt 0.915298 0.403727
vt 0.931779 0.401147
vt 0.931817 0.401342
vt 0.915319 0.403925
vt 0.837683 0.358123
vt 0.839529 0.358397
vt 0.839511 0.358595
vt 0.837646 0.358319
vt 0.839529 0.358397
vt 0.840739 0.358444
vt 0.84074 0.358643
vt 0.839511 0.358595
vt 0.840739 0.358444
vt 0.841998 0.358384
vt 0.842017 0.358582
vt 0.84074 0.358643
vt 0.841998 0.358384
vt 0.843314 0.358201
vt 0.843349 0.358397
vt 0.842017 0.358582
vt 0.106235 0.355799
vt 0.107375 0.355946
vt 0.107358 0.356145
vt 0.106201 0.355995
vt 0.107375 0.355946
vt 0.108618 0.356002
vt 0.108618 0.356201
vt 0.107358 0.356145
vt 0.108618 0.356002
vt 0.109846 0.355952
vt 0.109863 0.35615
vt 0.108618 0.356201
vt 0.109846 0.355952
vt 0.111219 0.355768
vt 0.111254 0.355964
vt 0.109863 0.35615
vt 0.553509 0.411339
vt 0.55477 0.411556
vt 0.554748 0.411754
vt 0.553467 0.411533
vt 0.55477 0.411556
vt 0.556719 0.411666
vt 0.556721 0.411865
vt 0.554748 0.411754
vt 0.556719 0.411666
vt 0.558592 0.41152
vt 0.558614 0.411718
vt 0.556721 0.411865
vt 0.558592 0.41152
vt 0.589786 0.406855
vt 0.589823 0.40705
vt 0.558614 0.411718
vt 0.119905 0.355769
vt 0.121762 0.356002
vt 0.12175 0.356201
vt 0.119873 0.355966
vt 0.121762 0.356002
vt 0.123472 0.356001
vt 0.123484 0.3562
vt 0.12175 0.356201
vt 0.123472 0.356001
vt 0.125273 0.355777
vt 0.125309 0.355972
vt 0.123484 0.3562
vt 0.176549 0.355799
vt 0.178267 0.356002
vt 0.178256 0.356201
vt 0.176514 0.355995
vt 0.178267 0.356002
vt 0.179946 0.356
vt 0.179958 0.356199
vt 0.178256 0.356201
vt 0.179946 0.356
vt 0.18156 0.355811
vt 0.181594 0.356007
vt 0.179958 0.356199
vt 0.166819 0.389658
vt 0.168335 0.390184
vt 0.168284 0.390376
vt 0.166748 0.389843
vt 0.168335 0.390184
vt 0.169976 0.390528
vt 0.169948 0.390725
vt 0.168284 0.390376
vt 0.169976 0.390528
vt 0.171708 0.39067
vt 0.1717 0.390869
vt 0.169948 0.390725
vt 0.997555 0.998779
vt 0.909472 0.998779
vt 0.90943 0.980896
vt 0.997603 0.980906
vt 0.997555 0.998779
vt 0.90943 0.980896
vt 0.969407 0.980896
vt 0.995672 0.980878
vt 0.997603 0.980906
vt 0.937518 0.980895
vt 0.969407 0.980896
vt 0.997603 0.980906
vt 0.995672 0.980878
vt 0.969407 0.980896
vt 0.971302 0.98071
vt 0.995672 0.980878
vt 0.971302 0.98071
vt 0.973201 0.980152
vt 0.995672 0.980878
vt 0.973201 0.980152
vt 0.974391 0.979585
vt 0.995672 0.980878
vt 0.974391 0.979585
vt 0.975578 0.978814
vt 0.995672 0.980878
vt 0.975578 0.978814
vt 0.976529 0.978006
vt 0.995672 0.980878
vt 0.976529 0.978006
vt 0.977386 0.977079
vt 0.995672 0.980878
vt 0.977386 0.977079
vt 0.978077 0.976128
vt 0.995672 0.980878
vt 0.978077 0.976128
vt 0.978736 0.974941
vt 0.995672 0.980878
vt 0.978736 0.974941
vt 0.97921 0.973753
vt 0.995672 0.980878
vt 0.97921 0.973753
vt 0.979525 0.972562
vt 0.995672 0.980878
vt 0.979525 0.972562
vt 0.97973 0.970669
vt 0.995672 0.980878
vt 0.97973 0.970669
vt 0.979726 0.953778
vt 0.995672 0.980878
vt 0.979726 0.953778
vt 0.979493 0.951882
vt 0.995672 0.980878
vt 0.979493 0.951882
vt 0.978982 0.95022
vt 0.995672 0.980878
vt 0.978982 0.95022
vt 0.978414 0.94903
vt 0.996432 0.978591
vt 0.995672 0.980878
vt 0.978414 0.94903
vt 0.996972 0.976491
vt 0.996432 0.978591
vt 0.978414 0.94903
vt 0.996972 0.976491
vt 0.978414 0.94903
vt 0.97764 0.947843
vt 0.997345 0.974392
vt 0.996972 0.976491
vt 0.97764 0.947843
vt 0.997557 0.972295
vt 0.997345 0.974392
vt 0.97764 0.947843
vt 0.997614 0.954024
vt 0.997557 0.972295
vt 0.97764 0.947843
vt 0.997614 0.954024
vt 0.97764 0.947843
vt 0.976766 0.946826
vt 0.997614 0.954024
vt 0.976766 0.946826
vt 0.975579 0.945784
vt 0.997614 0.954024
vt 0.975579 0.945784
vt 0.974391 0.945013
vt 0.997614 0.954024
vt 0.974391 0.945013
vt 0.973203 0.944447
vt 0.99749 0.951458
vt 0.997614 0.954024
vt 0.973203 0.944447
vt 0.99749 0.951458
vt 0.973203 0.944447
vt 0.972014 0.944052
vt 0.996887 0.947725
vt 0.99749 0.951458
vt 0.972014 0.944052
vt 0.996887 0.947725
vt 0.972014 0.944052
vt 0.97059 0.943777
vt 0.995747 0.943993
vt 0.996887 0.947725
vt 0.97059 0.943777
vt 0.995747 0.943993
vt 0.97059 0.943777
vt 0.969405 0.943701
vt 0.994128 0.940495
vt 0.995747 0.943993
vt 0.969405 0.943701
vt 0.994128 0.940495
vt 0.969405 0.943701
vt 0.937518 0.943703
vt 0.992033 0.937229
vt 0.994128 0.940495
vt 0.937518 0.943703
vt 0.992033 0.937229
vt 0.937518 0.943703
vt 0.935622 0.94391
vt 0.990156 0.934961
vt 0.992033 0.937229
vt 0.935622 0.94391
vt 0.988057 0.932903
vt 0.990156 0.934961
vt 0.935622 0.94391
vt 0.985725 0.931052
vt 0.988057 0.932903
vt 0.935622 0.94391
vt 0.98316 0.929428
vt 0.985725 0.931052
vt 0.935622 0.94391
vt 0.980361 0.928056
vt 0.98316 0.929428
vt 0.935622 0.94391
vt 0.980361 0.928056
vt 0.935622 0.94391
vt 0.933723 0.94449
vt 0.977562 0.927041
vt 0.980361 0.928056
vt 0.933723 0.94449
vt 0.974764 0.926344
vt 0.977562 0.927041
vt 0.933723 0.94449
vt 0.971731 0.92592
vt 0.974764 0.926344
vt 0.933723 0.94449
vt 0.969397 0.925818
vt 0.971731 0.92592
vt 0.933723 0.94449
vt 0.969397 0.925818
vt 0.933723 0.94449
vt 0.932534 0.945073
vt 0.937763 0.925818
vt 0.969397 0.925818
vt 0.932534 0.945073
vt 0.937763 0.925818
vt 0.932534 0.945073
vt 0.931583 0.945689
vt 0.937763 0.925818
vt 0.931583 0.945689
vt 0.930633 0.94647
vt 0.937763 0.925818
vt 0.930633 0.94647
vt 0.92977 0.94737
vt 0.937763 0.925818
vt 0.92977 0.94737
vt 0.928492 0.949265
vt 0.937763 0.925818
vt 0.928492 0.949265
vt 0.927959 0.950456
vt 0.934729 0.925975
vt 0.937763 0.925818
vt 0.927959 0.950456
vt 0.934729 0.925975
vt 0.927959 0.950456
vt 0.927593 0.951648
vt 0.930996 0.926624
vt 0.934729 0.925975
vt 0.927593 0.951648
vt 0.927498 0.927722
vt 0.930996 0.926624
vt 0.927593 0.951648
vt 0.927498 0.927722
vt 0.927593 0.951648
vt 0.927302 0.954012
vt 0.924 0.929357
vt 0.927498 0.927722
vt 0.927302 0.954012
vt 0.924 0.929357
vt 0.927302 0.954012
vt 0.927307 0.970813
vt 0.920828 0.9314
vt 0.924 0.929357
vt 0.927307 0.970813
vt 0.920828 0.9314
vt 0.927307 0.970813
vt 0.927508 0.972565
vt 0.918636 0.933208
vt 0.920828 0.9314
vt 0.927508 0.972565
vt 0.91677 0.935077
vt 0.918636 0.933208
vt 0.927508 0.972565
vt 0.915138 0.937045
vt 0.91677 0.935077
vt 0.927508 0.972565
vt 0.915138 0.937045
vt 0.927508 0.972565
vt 0.927992 0.974228
vt 0.913581 0.939329
vt 0.915138 0.937045
vt 0.927992 0.974228
vt 0.9123 0.941661
vt 0.913581 0.939329
vt 0.927992 0.974228
vt 0.9123 0.941661
vt 0.927992 0.974228
vt 0.928732 0.975764
vt 0.911197 0.944227
vt 0.9123 0.941661
vt 0.928732 0.975764
vt 0.910378 0.946792
vt 0.911197 0.944227
vt 0.928732 0.975764
vt 0.909819 0.949358
vt 0.910378 0.946792
vt 0.928732 0.975764
vt 0.909819 0.949358
vt 0.928732 0.975764
vt 0.929682 0.977122
vt 0.909542 0.951456
vt 0.909819 0.949358
vt 0.929682 0.977122
vt 0.909424 0.953556
vt 0.909542 0.951456
vt 0.929682 0.977122
vt 0.90945 0.971827
vt 0.909424 0.953556
vt 0.929682 0.977122
vt 0.90945 0.971827
vt 0.929682 0.977122
vt 0.93087 0.978342
vt 0.90945 0.971827
vt 0.93087 0.978342
vt 0.932296 0.979384
vt 0.90945 0.971827
vt 0.932296 0.979384
vt 0.933959 0.980202
vt 0.909656 0.974159
vt 0.90945 0.971827
vt 0.933959 0.980202
vt 0.909656 0.974159
vt 0.933959 0.980202
vt 0.935623 0.980688
vt 0.910011 0.976258
vt 0.909656 0.974159
vt 0.935623 0.980688
vt 0.910532 0.978357
vt 0.910011 0.976258
vt 0.935623 0.980688
vt 0.910532 0.978357
vt 0.935623 0.980688
vt 0.937518 0.980895
vt 0.911375 0.980896
vt 0.910532 0.978357
vt 0.937518 0.980895
vt 0.911375 0.980896
vt 0.937518 0.980895
vt 0.997603 0.980906
vt 0.90943 0.980896
vt 0.911375 0.980896
vt 0.997603 0.980906
vt 0.001227 0.853857
vt 0.001269 0.835975
vt 0.089352 0.835975
vt 0.001227 0.853857
vt 0.089352 0.835975
vt 0.0894 0.853848
vt 0.0894 0.853848
vt 0.087469 0.853876
vt 0.061204 0.853858
vt 0.0894 0.853848
vt 0.061204 0.853858
vt 0.029315 0.853859
vt 0.063099 0.854044
vt 0.061204 0.853858
vt 0.087469 0.853876
vt 0.064998 0.854602
vt 0.063099 0.854044
vt 0.087469 0.853876
vt 0.066188 0.855169
vt 0.064998 0.854602
vt 0.087469 0.853876
vt 0.067375 0.85594
vt 0.066188 0.855169
vt 0.087469 0.853876
vt 0.068326 0.856747
vt 0.067375 0.85594
vt 0.087469 0.853876
vt 0.069182 0.857675
vt 0.068326 0.856747
vt 0.087469 0.853876
vt 0.069874 0.858626
vt 0.069182 0.857675
vt 0.087469 0.853876
vt 0.070533 0.859813
vt 0.069874 0.858626
vt 0.087469 0.853876
vt 0.071007 0.861001
vt 0.070533 0.859813
vt 0.087469 0.853876
vt 0.071322 0.862191
vt 0.071007 0.861001
vt 0.087469 0.853876
vt 0.071527 0.864085
vt 0.071322 0.862191
vt 0.087469 0.853876
vt 0.071523 0.880976
vt 0.071527 0.864085
vt 0.087469 0.853876
vt 0.07129 0.882872
vt 0.071523 0.880976
vt 0.087469 0.853876
vt 0.070779 0.884534
vt 0.07129 0.882872
vt 0.087469 0.853876
vt 0.070211 0.885724
vt 0.070779 0.884534
vt 0.087469 0.853876
vt 0.070211 0.885724
vt 0.087469 0.853876
vt 0.088229 0.856163
vt 0.070211 0.885724
vt 0.088229 0.856163
vt 0.088769 0.858263
vt 0.069437 0.886911
vt 0.070211 0.885724
vt 0.088769 0.858263
vt 0.069437 0.886911
vt 0.088769 0.858263
vt 0.089142 0.860362
vt 0.069437 0.886911
vt 0.089142 0.860362
vt 0.089354 0.862459
vt 0.069437 0.886911
vt 0.089354 0.862459
vt 0.089411 0.88073
vt 0.068563 0.887928
vt 0.069437 0.886911
vt 0.089411 0.88073
vt 0.067376 0.88897
vt 0.068563 0.887928
vt 0.089411 0.88073
vt 0.066188 0.889741
vt 0.067376 0.88897
vt 0.089411 0.88073
vt 0.065 0.890307
vt 0.066188 0.889741
vt 0.089411 0.88073
vt 0.065 0.890307
vt 0.089411 0.88073
vt 0.089287 0.883296
vt 0.063811 0.890702
vt 0.065 0.890307
vt 0.089287 0.883296
vt 0.063811 0.890702
vt 0.089287 0.883296
vt 0.088683 0.887029
vt 0.062387 0.890977
vt 0.063811 0.890702
vt 0.088683 0.887029
vt 0.062387 0.890977
vt 0.088683 0.887029
vt 0.087544 0.890761
vt 0.061202 0.891053
vt 0.062387 0.890977
vt 0.087544 0.890761
vt 0.061202 0.891053
vt 0.087544 0.890761
vt 0.085925 0.894259
vt 0.029315 0.891051
vt 0.061202 0.891053
vt 0.085925 0.894259
vt 0.029315 0.891051
vt 0.085925 0.894259
vt 0.08383 0.897525
vt 0.027419 0.890844
vt 0.029315 0.891051
vt 0.08383 0.897525
vt 0.027419 0.890844
vt 0.08383 0.897525
vt 0.081953 0.899793
vt 0.027419 0.890844
vt 0.081953 0.899793
vt 0.079854 0.901851
vt 0.027419 0.890844
vt 0.079854 0.901851
vt 0.077522 0.903702
vt 0.027419 0.890844
vt 0.077522 0.903702
vt 0.074957 0.905326
vt 0.027419 0.890844
vt 0.074957 0.905326
vt 0.072158 0.906698
vt 0.02552 0.890264
vt 0.027419 0.890844
vt 0.072158 0.906698
vt 0.02552 0.890264
vt 0.072158 0.906698
vt 0.069359 0.907712
vt 0.02552 0.890264
vt 0.069359 0.907712
vt 0.066561 0.90841
vt 0.02552 0.890264
vt 0.066561 0.90841
vt 0.063528 0.908834
vt 0.02552 0.890264
vt 0.063528 0.908834
vt 0.061194 0.908935
vt 0.024331 0.889681
vt 0.02552 0.890264
vt 0.061194 0.908935
vt 0.024331 0.889681
vt 0.061194 0.908935
vt 0.02956 0.908936
vt 0.02338 0.889065
vt 0.024331 0.889681
vt 0.02956 0.908936
vt 0.02243 0.888284
vt 0.02338 0.889065
vt 0.02956 0.908936
vt 0.021567 0.887384
vt 0.02243 0.888284
vt 0.02956 0.908936
vt 0.020288 0.885489
vt 0.021567 0.887384
vt 0.02956 0.908936
vt 0.019756 0.884298
vt 0.020288 0.885489
vt 0.02956 0.908936
vt 0.019756 0.884298
vt 0.02956 0.908936
vt 0.026525 0.908779
vt 0.01939 0.883106
vt 0.019756 0.884298
vt 0.026525 0.908779
vt 0.01939 0.883106
vt 0.026525 0.908779
vt 0.022793 0.90813
vt 0.01939 0.883106
vt 0.022793 0.90813
vt 0.019295 0.907032
vt 0.019099 0.880741
vt 0.01939 0.883106
vt 0.019295 0.907032
vt 0.019099 0.880741
vt 0.019295 0.907032
vt 0.015797 0.905397
vt 0.019103 0.863941
vt 0.019099 0.880741
vt 0.015797 0.905397
vt 0.019103 0.863941
vt 0.015797 0.905397
vt 0.012625 0.903353
vt 0.019305 0.862189
vt 0.019103 0.863941
vt 0.012625 0.903353
vt 0.019305 0.862189
vt 0.012625 0.903353
vt 0.010433 0.901546
vt 0.019305 0.862189
vt 0.010433 0.901546
vt 0.008567 0.899677
vt 0.019305 0.862189
vt 0.008567 0.899677
vt 0.006935 0.897709
vt 0.019789 0.860526
vt 0.019305 0.862189
vt 0.006935 0.897709
vt 0.019789 0.860526
vt 0.006935 0.897709
vt 0.005378 0.895425
vt 0.019789 0.860526
vt 0.005378 0.895425
vt 0.004096 0.893093
vt 0.020529 0.85899
vt 0.019789 0.860526
vt 0.004096 0.893093
vt 0.020529 0.85899
vt 0.004096 0.893093
vt 0.002994 0.890527
vt 0.020529 0.85899
vt 0.002994 0.890527
vt 0.002175 0.887962
vt 0.020529 0.85899
vt 0.002175 0.887962
vt 0.001615 0.885396
vt 0.021479 0.857631
vt 0.020529 0.85899
vt 0.001615 0.885396
vt 0.021479 0.857631
vt 0.001615 0.885396
vt 0.001339 0.883298
vt 0.021479 0.857631
vt 0.001339 0.883298
vt 0.001221 0.881198
vt 0.021479 0.857631
vt 0.001221 0.881198
vt 0.001247 0.862927
vt 0.022667 0.856412
vt 0.021479 0.857631
vt 0.001247 0.862927
vt 0.024093 0.85537
vt 0.022667 0.856412
vt 0.001247 0.862927
vt 0.025755 0.854552
vt 0.024093 0.85537
vt 0.001247 0.862927
vt 0.025755 0.854552
vt 0.001247 0.862927
vt 0.001453 0.860594
vt 0.02742 0.854066
vt 0.025755 0.854552
vt 0.001453 0.860594
vt 0.02742 0.854066
vt 0.001453 0.860594
vt 0.001808 0.858496
vt 0.02742 0.854066
vt 0.001808 0.858496
vt 0.002329 0.856397
vt 0.029315 0.853859
vt 0.02742 0.854066
vt 0.002329 0.856397
vt 0.029315 0.853859
vt 0.002329 0.856397
vt 0.003172 0.853857
vt 0.0894 0.853848
vt 0.029315 0.853859
vt 0.003172 0.853857
vt 0.0894 0.853848
vt 0.003172 0.853857
vt 0.001227 0.853857
vn 0.707107 0 -0.707107
vn 0.001896 0.707104 -0.707107
vn -0.707031 0.010339 -0.707107
vn 0.223123 0.670982 -0.707107
vn 0.200444 0.677881 -0.707319
vn 0.150153 0.690719 -0.707362
vn 0.097531 0.700097 -0.707355
vn 0.009349 0.706889 -0.707263
vn -0.002263 0.707053 -0.707157
vn -0.081034 0.701907 -0.707644
vn -0.160609 0.687786 -0.707923
vn -0.251781 0.65987 -0.70794
vn -0.339974 0.619069 -0.707935
vn -0.411933 0.573948 -0.707739
vn -0.478127 0.520305 -0.707586
vn -0.529905 0.467457 -0.707591
vn -0.576257 0.408925 -0.707607
vn -0.616891 0.344536 -0.70763
vn -0.649995 0.277094 -0.70762
vn -0.675732 0.206674 -0.707582
vn -0.693903 0.133444 -0.707595
vn -0.703342 0.068924 -0.707502
vn -0.707082 0.002122 -0.707128
vn -0.707062 -0.003194 -0.707144
vn -0.701517 -0.083511 -0.707743
vn -0.686583 -0.165881 -0.707876
vn -0.657902 -0.257013 -0.707891
vn -0.618459 -0.341127 -0.707913
vn -0.573926 -0.412031 -0.7077
vn -0.523722 -0.474476 -0.707522
vn -0.476107 -0.522296 -0.70748
vn -0.424067 -0.565345 -0.707498
vn -0.370155 -0.602005 -0.707514
vn -0.309289 -0.63542 -0.707518
vn -0.247815 -0.661815 -0.707523
vn -0.183351 -0.682517 -0.707498
vn -0.124715 -0.695709 -0.707414
vn -0.066163 -0.703757 -0.707353
vn -0.003213 -0.707045 -0.707161
vn 0.007989 -0.706927 -0.707241
vn 0.088779 -0.701234 -0.707382
vn 0.144305 -0.691965 -0.707361
vn 0.198935 -0.678272 -0.707369
vn 0.222841 -0.671075 -0.707107
vn -0.707107 0 -0.707107
vn 0.00167 -0.707105 -0.707107
vn 1 0 0
vn 0.002681 0.999996 0
vn -0.999893 0.014621 0
vn 0.315543 0.948911 0
vn 0.282832 0.959169 0
vn 0.212422 0.977178 0
vn 0.137971 0.990436 0
vn 0.013247 0.999912 0
vn -0.003212 0.999995 0
vn -0.114689 0.993401 0
vn -0.227403 0.973801 0
vn -0.356494 0.934298 0
vn -0.481355 0.876526 0
vn -0.583091 0.812407 0
vn -0.676629 0.736324 0
vn -0.749912 0.661537 0
vn -0.815528 0.578718 0
vn -0.873062 0.48761 0
vn -0.9199 0.392153 0
vn -0.956273 0.292476 0
vn -0.982005 0.188855 0
vn -0.995232 0.097532 0
vn -0.999995 0.003006 0
vn -0.99999 -0.004524 0
vn -0.992988 -0.118219 0
vn -0.972031 -0.234852 0
vn -0.931449 -0.363872 0
vn -0.875634 -0.482975 0
vn -0.812331 -0.583197 0
vn -0.741093 -0.671402 0
vn -0.673673 -0.73903 0
vn -0.600056 -0.799958 0
vn -0.523778 -0.851855 0
vn -0.437658 -0.899142 0
vn -0.350668 -0.9365 0
vn -0.259444 -0.965758 0
vn -0.176445 -0.984311 0
vn -0.093608 -0.995609 0
vn -0.004554 -0.99999 0
vn 0.01132 -0.999936 0
vn 0.125602 -0.992081 0
vn 0.20415 -0.97894 0
vn 0.280705 -0.959794 0
vn 0.315145 -0.949043 0
vn -1 0 0
vn 0.002362 -0.999997 0
vn 0.707107 0 0.707107
vn 0.001896 0.707104 0.707107
vn -0.707031 0.010339 0.707107
vn 0.223123 0.670982 0.707107
vn 0.200444 0.677881 0.707319
vn 0.150153 0.690719 0.707362
vn 0.097531 0.700097 0.707355
vn 0.009349 0.706889 0.707263
vn -0.002263 0.707053 0.707157
vn -0.081034 0.701907 0.707644
vn -0.160609 0.687786 0.707923
vn -0.251781 0.65987 0.70794
vn -0.339974 0.619069 0.707935
vn -0.411933 0.573948 0.707739
vn -0.478127 0.520305 0.707586
vn -0.529905 0.467457 0.707591
vn -0.576257 0.408925 0.707607
vn -0.616891 0.344536 0.70763
vn -0.649995 0.277094 0.70762
vn -0.675732 0.206674 0.707582
vn -0.693903 0.133444 0.707595
vn -0.703342 0.068924 0.707502
vn -0.707082 0.002122 0.707128
vn -0.707062 -0.003194 0.707144
vn -0.701517 -0.083511 0.707743
vn -0.686583 -0.165881 0.707876
vn -0.657902 -0.257013 0.707891
vn -0.618459 -0.341127 0.707913
vn -0.573926 -0.412031 0.7077
vn -0.523722 -0.474476 0.707522
vn -0.476107 -0.522296 0.70748
vn -0.424067 -0.565345 0.707498
vn -0.370155 -0.602005 0.707514
vn -0.309289 -0.63542 0.707518
vn -0.247815 -0.661815 0.707523
vn -0.183351 -0.682517 0.707498
vn -0.124715 -0.695709 0.707414
vn -0.066163 -0.703757 0.707353
vn -0.003213 -0.707045 0.707161
vn 0.007989 -0.706927 0.707241
vn 0.088779 -0.701234 0.707382
vn 0.144305 -0.691965 0.707361
vn 0.198935 -0.678272 0.707369
vn 0.222841 -0.671075 0.707107
vn -0.707107 0 0.707107
vn 0.00167 -0.707105 0.707107
vn -0.007811 0.706867 -0.707303
vn 0.010537 0.706738 -0.707397
vn 0.12823 0.694137 -0.70833
vn 0.249203 0.661031 -0.707768
vn 0.357342 0.608744 -0.708334
vn 0.429192 0.560482 -0.708275
vn 0.517956 0.480455 -0.707732
vn 0.569467 0.418207 -0.707679
vn 0.616411 0.345213 -0.707718
vn 0.660673 0.248965 -0.708187
vn 0.690837 0.143308 -0.708666
vn 0.706983 0.004336 -0.707217
vn 0.70708 -0.001577 -0.707131
vn 0.70012 -0.093967 -0.707815
vn 0.684227 -0.175438 -0.707852
vn 0.654939 -0.264766 -0.707781
vn 0.615533 -0.346462 -0.707872
vn 0.561286 -0.428557 -0.708023
vn 0.499704 -0.499068 -0.707974
vn 0.422845 -0.565776 -0.707884
vn 0.347202 -0.615115 -0.707873
vn 0.249979 -0.660441 -0.708045
vn 0.144531 -0.690779 -0.708474
vn 0.008863 -0.706811 -0.707347
vn -0.007543 -0.70688 -0.707293
vn -0.117343 -0.696324 -0.708071
vn -0.222549 -0.670493 -0.707751
vn -0.304117 -0.637578 -0.707819
vn -0.377185 -0.597333 -0.70776
vn -0.449311 -0.545218 -0.707713
vn -0.509659 -0.489216 -0.707754
vn -0.568285 -0.419559 -0.707829
vn -0.615547 -0.346443 -0.70787
vn -0.663449 -0.241495 -0.708177
vn -0.692357 -0.13581 -0.708659
vn -0.707006 -0.003864 -0.707197
vn -0.706983 0.004335 -0.707217
vn -0.692738 0.134868 -0.708466
vn -0.657106 0.257578 -0.708425
vn -0.604566 0.364143 -0.708449
vn -0.533774 0.46189 -0.708339
vn -0.450738 0.543318 -0.708266
vn -0.356027 0.609601 -0.70826
vn -0.252246 0.659282 -0.708322
vn -0.138807 0.69206 -0.708368
vn -0.010999 0.99994 0
vn 0.014855 0.99989 0
vn 0.1815 0.983391 0
vn 0.352768 0.935711 0
vn 0.506334 0.862338 0
vn 0.607885 0.794025 0
vn 0.73318 0.680034 0
vn 0.805992 0.591927 0
vn 0.87249 0.488633 0
vn 0.93578 0.352584 0
vn 0.979161 0.203084 0
vn 0.999981 0.006102 0
vn 0.999998 -0.002218 0
vn 0.991115 -0.133004 0
vn 0.968673 -0.24834 0
vn 0.927105 -0.374803 0
vn 0.87144 -0.490502 0
vn 0.794798 -0.606874 0
vn 0.707577 -0.706636 0
vn 0.598635 -0.801022 0
vn 0.491577 -0.870834 0
vn 0.353963 -0.935259 0
vn 0.204748 -0.978815 0
vn 0.012483 -0.999922 0
vn -0.010628 -0.999944 0
vn -0.166066 -0.986115 0
vn -0.315048 -0.949076 0
vn -0.430531 -0.902576 0
vn -0.533895 -0.845551 0
vn -0.635979 -0.771707 0
vn -0.72142 -0.692498 0
vn -0.804511 -0.593938 0
vn -0.871434 -0.490512 0
vn -0.939705 -0.341985 0
vn -0.981307 -0.192447 0
vn -0.999985 -0.005438 0
vn -0.999981 0.006102 0
vn -0.981586 0.191021 0
vn -0.931019 0.364971 0
vn -0.856619 0.515949 0
vn -0.75619 0.654353 0
vn -0.63849 0.76963 0
vn -0.504318 0.863518 0
vn -0.357346 0.933972 0
vn -0.196606 0.980483 0
vn -0.007811 0.706867 0.707303
vn 0.010537 0.706738 0.707397
vn 0.12823 0.694137 0.70833
vn 0.249203 0.661031 0.707768
vn 0.357342 0.608744 0.708334
vn 0.429192 0.560482 0.708275
vn 0.517956 0.480455 0.707732
vn 0.569467 0.418207 0.707679
vn 0.616411 0.345213 0.707718
vn 0.660673 0.248965 0.708187
vn 0.690837 0.143308 0.708666
vn 0.706983 0.004336 0.707217
vn 0.70708 -0.001577 0.707131
vn 0.70012 -0.093967 0.707815
vn 0.684227 -0.175438 0.707852
vn 0.654939 -0.264766 0.707781
vn 0.615533 -0.346462 0.707872
vn 0.561286 -0.428557 0.708023
vn 0.499704 -0.499068 0.707974
vn 0.422845 -0.565776 0.707884
vn 0.347202 -0.615115 0.707873
vn 0.249979 -0.660441 0.708045
vn 0.144531 -0.690779 0.708474
vn 0.008863 -0.706811 0.707347
vn -0.007543 -0.70688 0.707293
vn -0.117343 -0.696324 0.708071
vn -0.222549 -0.670493 0.707751
vn -0.304117 -0.637578 0.707819
vn -0.377185 -0.597333 0.70776
vn -0.449311 -0.545218 0.707713
vn -0.509659 -0.489216 0.707754
vn -0.568285 -0.419559 0.707829
vn -0.615547 -0.346443 0.70787
vn -0.663449 -0.241495 0.708177
vn -0.692357 -0.13581 0.708659
vn -0.707006 -0.003864 0.707197
vn -0.706983 0.004335 0.707217
vn -0.692738 0.134868 0.708466
vn -0.657106 0.257578 0.708425
vn -0.604566 0.364143 0.708449
vn -0.533774 0.46189 0.708339
vn -0.450738 0.543318 0.708266
vn -0.356027 0.609601 0.70826
vn -0.252246 0.659282 0.708322
vn -0.138807 0.69206 0.708368
vn 0 0 -1
vn 0 0 1
f 353/881/92 354/882/92 399/883/92 398/884/92
f 354/885/93 355/886/93 400/887/93 399/888/93
f 355/889/94 356/890/94 401/891/94 400/892/94
f 356/893/95 357/894/96 402/895/96 401/896/95
f 357/897/96 358/898/97 403/899/97 402/900/96
f 358/901/97 359/902/98 404/903/98 403/904/97
f 359/905/98 360/906/99 405/907/99 404/908/98
f 360/909/99 361/910/100 406/911/100 405/912/99
f 361/913/100 362/914/101 407/915/101 406/916/100
f 362/917/101 363/918/102 408/919/102 407/920/101
f 363/921/102 364/922/103 409/923/103 408/924/102
f 364/925/103 365/926/104 410/927/104 409/928/103
f 365/929/104 366/930/105 411/931/105 410/932/104
f 366/933/105 367/934/106 412/935/106 411/936/105
f 367/937/106 368/938/107 413/939/107 412/940/106
f 368/941/107 369/942/108 414/943/108 413/944/107
f 369/945/108 370/946/109 415/947/109 414/948/108
f 370/949/109 371/950/110 416/951/110 415/952/109
f 371/953/110 372/954/111 417/955/111 416/956/110
f 372/957/111 373/958/112 418/959/112 417/960/111
f 373/961/112 374/962/113 419/963/113 418/964/112
f 374/965/113 375/966/114 420/967/114 419/968/113
f 375/969/114 376/970/115 421/971/115 420/972/114
f 376/973/115 377/974/116 422/975/116 421/976/115
f 377/977/116 378/978/117 423/979/117 422/980/116
f 378/981/117 379/982/118 424/983/118 423/984/117
f 379/985/118 380/986/119 425/987/119 424/988/118
f 380/989/119 381/990/120 426/991/120 425/992/119
f 381/993/120 382/994/121 427/995/121 426/996/120
f 382/997/121 383/998/122 428/999/122 427/1000/121
f 383/1001/122 384/1002/123 429/1003/123 428/1004/122
f 384/1005/123 385/1006/124 430/1007/124 429/1008/123
f 385/1009/124 386/1010/125 431/1011/125 430/1012/124
f 386/1013/125 387/1014/126 432/1015/126 431/1016/125
f 387/1017/126 388/1018/127 433/1019/127 432/1020/126
f 388/1021/127 389/1022/128 434/1023/128 433/1024/127
f 389/1025/128 390/1026/129 435/1027/129 434/1028/128
f 390/1029/129 391/1030/130 436/1031/130 435/1032/129
f 391/1033/130 392/1034/131 437/1035/131 436/1036/130
f 392/1037/131 393/1038/132 438/1039/132 437/1040/131
f 393/1041/132 394/1042/133 439/1043/133 438/1044/132
f 394/1045/133 395/1046/134 440/1047/134 439/1048/133
f 395/1049/134 396/1050/135 441/1051/135 440/1052/134
f 396/1053/136 397/1054/136 442/1055/136 441/1056/136
f 397/1057/137 353/1058/137 398/1059/137 442/1060/137
f 398/1061/138 399/1062/138 444/1063/138 443/1064/138
f 399/1065/139 400/1066/139 445/1067/139 444/1068/139
f 400/1069/140 401/1070/140 446/1071/140 445/1072/140
f 401/1073/141 402/1074/142 447/1075/142 446/1076/141
f 402/1077/142 403/1078/143 448/1079/143 447/1080/142
f 403/1081/143 404/1082/144 449/1083/144 448/1084/143
f 404/1085/144 405/1086/145 450/1087/145 449/1088/144
f 405/1089/145 406/1090/146 451/1091/146 450/1092/145
f 406/1093/146 407/1094/147 452/1095/147 451/1096/146
f 407/1097/147 408/1098/148 453/1099/148 452/1100/147
f 408/1101/148 409/1102/149 454/1103/149 453/1104/148
f 409/1105/149 410/1106/150 455/1107/150 454/1108/149
f 410/1109/150 411/1110/151 456/1111/151 455/1112/150
f 411/1113/151 412/1114/152 457/1115/152 456/1116/151
f 412/1117/152 413/1118/153 458/1119/153 457/1120/152
f 413/1121/153 414/1122/154 459/1123/154 458/1124/153
f 414/1125/154 415/1126/155 460/1127/155 459/1128/154
f 415/1129/155 416/1130/156 461/1131/156 460/1132/155
f 416/1133/156 417/1134/157 462/1135/157 461/1136/156
f 417/1137/157 418/1138/158 463/1139/158 462/1140/157
f 418/1141/158 419/1142/159 464/1143/159 463/1144/158
f 419/1145/159 420/1146/160 465/1147/160 464/1148/159
f 420/1149/160 421/1150/161 466/1151/161 465/1152/160
f 421/1153/161 422/1154/162 467/1155/162 466/1156/161
f 422/1157/162 423/1158/163 468/1159/163 467/1160/162
f 423/1161/163 424/1162/164 469/1163/164 468/1164/163
f 424/1165/164 425/1166/165 470/1167/165 469/1168/164
f 425/1169/165 426/1170/166 471/1171/166 470/1172/165
f 426/1173/166 427/1174/167 472/1175/167 471/1176/166
f 427/1177/167 428/1178/168 473/1179/168 472/1180/167
f 428/1181/168 429/1182/169 474/1183/169 473/1184/168
f 429/1185/169 430/1186/170 475/1187/170 474/1188/169
f 430/1189/170 431/1190/171 476/1191/171 475/1192/170
f 431/1193/171 432/1194/172 477/1195/172 476/1196/171
f 432/1197/172 433/1198/173 478/1199/173 477/1200/172
f 433/1201/173 434/1202/174 479/1203/174 478/1204/173
f 434/1205/174 435/1206/175 480/1207/175 479/1208/174
f 435/1209/175 436/1210/176 481/1211/176 480/1212/175
f 436/1213/176 437/1214/177 482/1215/177 481/1216/176
f 437/1217/177 438/1218/178 483/1219/178 482/1220/177
f 438/1221/178 439/1222/179 484/1223/179 483/1224/178
f 439/1225/179 440/1226/180 485/1227/180 484/1228/179
f 440/1229/180 441/1230/181 486/1231/181 485/1232/180
f 441/1233/182 442/1234/182 487/1235/182 486/1236/182
f 442/1237/183 398/1238/183 443/1239/183 487/1240/183
f 443/1241/184 444/1242/184 489/1243/184 488/1244/184
f 444/1245/185 445/1246/185 490/1247/185 489/1248/185
f 445/1249/186 446/1250/186 491/1251/186 490/1252/186
f 446/1253/187 447/1254/188 492/1255/188 491/1256/187
f 447/1257/188 448/1258/189 493/1259/189 492/1260/188
f 448/1261/189 449/1262/190 494/1263/190 493/1264/189
f 449/1265/190 450/1266/191 495/1267/191 494/1268/190
f 450/1269/191 451/1270/192 496/1271/192 495/1272/191
f 451/1273/192 452/1274/193 497/1275/193 496/1276/192
f 452/1277/193 453/1278/194 498/1279/194 497/1280/193
f 453/1281/194 454/1282/195 499/1283/195 498/1284/194
f 454/1285/195 455/1286/196 500/1287/196 499/1288/195
f 455/1289/196 456/1290/197 501/1291/197 500/1292/196
f 456/1293/197 457/1294/198 502/1295/198 501/1296/197
f 457/1297/198 458/1298/199 503/1299/199 502/1300/198
f 458/1301/199 459/1302/200 504/1303/200 503/1304/199
f 459/1305/200 460/1306/201 505/1307/201 504/1308/200
f 460/1309/201 461/1310/202 506/1311/202 505/1312/201
f 461/1313/202 462/1314/203 507/1315/203 506/1316/202
f 462/1317/203 463/1318/204 508/1319/204 507/1320/203
f 463/1321/204 464/1322/205 509/1323/205 508/1324/204
f 464/1325/205 465/1326/206 510/1327/206 509/1328/205
f 465/1329/206 466/1330/207 511/1331/207 510/1332/206
f 466/1333/207 467/1334/208 512/1335/208 511/1336/207
f 467/1337/208 468/1338/209 513/1339/209 512/1340/208
f 468/1341/209 469/1342/210 514/1343/210 513/1344/209
f 469/1345/210 470/1346/211 515/1347/211 514/1348/210
f 470/1349/211 471/1350/212 516/1351/212 515/1352/211
f 471/1353/212 472/1354/213 517/1355/213 516/1356/212
f 472/1357/213 473/1358/214 518/1359/214 517/1360/213
f 473/1361/214 474/1362/215 519/1363/215 518/1364/214
f 474/1365/215 475/1366/216 520/1367/216 519/1368/215
f 475/1369/216 476/1370/217 521/1371/217 520/1372/216
f 476/1373/217 477/1374/218 522/1375/218 521/1376/217
f 477/1377/218 478/1378/219 523/1379/219 522/1380/218
f 478/1381/219 479/1382/220 524/1383/220 523/1384/219
f 479/1385/220 480/1386/221 525/1387/221 524/1388/220
f 480/1389/221 481/1390/222 526/1391/222 525/1392/221
f 481/1393/222 482/1394/223 527/1395/223 526/1396/222
f 482/1397/223 483/1398/224 528/1399/224 527/1400/223
f 483/1401/224 484/1402/225 529/1403/225 528/1404/224
f 484/1405/225 485/1406/226 530/1407/226 529/1408/225
f 485/1409/226 486/1410/227 531/1411/227 530/1412/226
f 486/1413/228 487/1414/228 532/1415/228 531/1416/228
f 487/1417/229 443/1418/229 488/1419/229 532/1420/229
f 533/1421/230 534/1422/231 579/1423/231 578/1424/230
f 534/1425/231 535/1426/232 580/1427/232 579/1428/231
f 535/1429/232 536/1430/233 581/1431/233 580/1432/232
f 536/1433/233 537/1434/234 582/1435/234 581/1436/233
f 537/1437/234 538/1438/235 583/1439/235 582/1440/234
f 538/1441/235 539/1442/236 584/1443/236 583/1444/235
f 539/1445/236 540/1446/237 585/1447/237 584/1448/236
f 540/1449/237 541/1450/238 586/1451/238 585/1452/237
f 541/1453/238 542/1454/239 587/1455/239 586/1456/238
f 542/1457/239 543/1458/240 588/1459/240 587/1460/239
f 543/1461/240 544/1462/241 589/1463/241 588/1464/240
f 544/1465/241 545/1466/242 590/1467/242 589/1468/241
f 545/1469/242 546/1470/243 591/1471/243 590/1472/242
f 546/1473/243 547/1474/244 592/1475/244 591/1476/243
f 547/1477/244 548/1478/245 593/1479/245 592/1480/244
f 548/1481/245 549/1482/246 594/1483/246 593/1484/245
f 549/1485/246 550/1486/247 595/1487/247 594/1488/246
f 550/1489/247 551/1490/248 596/1491/248 595/1492/247
f 551/1493/248 552/1494/249 597/1495/249 596/1496/248
f 552/1497/249 553/1498/250 598/1499/250 597/1500/249
f 553/1501/250 554/1502/251 599/1503/251 598/1504/250
f 554/1505/251 555/1506/252 600/1507/252 599/1508/251
f 555/1509/252 556/1510/253 601/1511/253 600/1512/252
f 556/1513/253 557/1514/254 602/1515/254 601/1516/253
f 557/1517/254 558/1518/255 603/1519/255 602/1520/254
f 558/1521/255 559/1522/256 604/1523/256 603/1524/255
f 559/1525/256 560/1526/257 605/1527/257 604/1528/256
f 560/1529/257 561/1530/258 606/1531/258 605/1532/257
f 561/1533/258 562/1534/259 607/1535/259 606/1536/258
f 562/1537/259 563/1538/260 608/1539/260 607/1540/259
f 563/1541/260 564/1542/261 609/1543/261 608/1544/260
f 564/1545/261 565/1546/262 610/1547/262 609/1548/261
f 565/1549/262 566/1550/263 611/1551/263 610/1552/262
f 566/1553/263 567/1554/264 612/1555/264 611/1556/263
f 567/1557/264 568/1558/265 613/1559/265 612/1560/264
f 568/1561/265 569/1562/266 614/1563/266 613/1564/265
f 569/1565/266 570/1566/267 615/1567/267 614/1568/266
f 570/1569/267 571/1570/268 616/1571/268 615/1572/267
f 571/1573/268 572/1574/269 617/1575/269 616/1576/268
f 572/1577/269 573/1578/270 618/1579/270 617/1580/269
f 573/1581/270 574/1582/271 619/1583/271 618/1584/270
f 574/1585/271 575/1586/272 620/1587/272 619/1588/271
f 575/1589/272 576/1590/273 621/1591/273 620/1592/272
f 576/1593/273 577/1594/274 622/1595/274 621/1596/273
f 577/1597/274 533/1598/230 578/1599/230 622/1600/274
f 578/1601/275 579/1602/276 624/1603/276 623/1604/275
f 579/1605/276 580/1606/277 625/1607/277 624/1608/276
f 580/1609/277 581/1610/278 626/1611/278 625/1612/277
f 581/1613/278 582/1614/279 627/1615/279 626/1616/278
f 582/1617/279 583/1618/280 628/1619/280 627/1620/279
f 583/1621/280 584/1622/281 629/1623/281 628/1624/280
f 584/1625/281 585/1626/282 630/1627/282 629/1628/281
f 585/1629/282 586/1630/283 631/1631/283 630/1632/282
f 586/1633/283 587/1634/284 632/1635/284 631/1636/283
f 587/1637/284 588/1638/285 633/1639/285 632/1640/284
f 588/1641/285 589/1642/286 634/1643/286 633/1644/285
f 589/1645/286 590/1646/287 635/1647/287 634/1648/286
f 590/1649/287 591/1650/288 636/1651/288 635/1652/287
f 591/1653/288 592/1654/289 637/1655/289 636/1656/288
f 592/1657/289 593/1658/290 638/1659/290 637/1660/289
f 593/1661/290 594/1662/291 639/1663/291 638/1664/290
f 594/1665/291 595/1666/292 640/1667/292 639/1668/291
f 595/1669/292 596/1670/293 641/1671/293 640/1672/292
f 596/1673/293 597/1674/294 642/1675/294 641/1676/293
f 597/1677/294 598/1678/295 643/1679/295 642/1680/294
f 598/1681/295 599/1682/296 644/1683/296 643/1684/295
f 599/1685/296 600/1686/297 645/1687/297 644/1688/296
f 600/1689/297 601/1690/298 646/1691/298 645/1692/297
f 601/1693/298 602/1694/299 647/1695/299 646/1696/298
f 602/1697/299 603/1698/300 648/1699/300 647/1700/299
f 603/1701/300 604/1702/301 649/1703/301 648/1704/300
f 604/1705/301 605/1706/302 650/1707/302 649/1708/301
f 605/1709/302 606/1710/303 651/1711/303 650/1712/302
f 606/1713/303 607/1714/304 652/1715/304 651/1716/303
f 607/1717/304 608/1718/305 653/1719/305 652/1720/304
f 608/1721/305 609/1722/306 654/1723/306 653/1724/305
f 609/1725/306 610/1726/307 655/1727/307 654/1728/306
f 610/1729/307 611/1730/308 656/1731/308 655/1732/307
f 611/1733/308 612/1734/309 657/1735/309 656/1736/308
f 612/1737/309 613/1738/310 658/1739/310 657/1740/309
f 613/1741/310 614/1742/311 659/1743/311 658/1744/310
f 614/1745/311 615/1746/312 660/1747/312 659/1748/311
f 615/1749/312 616/1750/313 661/1751/313 660/1752/312
f 616/1753/313 617/1754/314 662/1755/314 661/1756/313
f 617/1757/314 618/1758/315 663/1759/315 662/1760/314
f 618/1761/315 619/1762/316 664/1763/316 663/1764/315
f 619/1765/316 620/1766/317 665/1767/317 664/1768/316
f 620/1769/317 621/1770/318 666/1771/318 665/1772/317
f 621/1773/318 622/1774/319 667/1775/319 666/1776/318
f 622/1777/319 578/1778/275 623/1779/275 667/1780/319
f 623/1781/320 624/1782/321 669/1783/321 668/1784/320
f 624/1785/321 625/1786/322 670/1787/322 669/1788/321
f 625/1789/322 626/1790/323 671/1791/323 670/1792/322
f 626/1793/323 627/1794/324 672/1795/324 671/1796/323
f 627/1797/324 628/1798/325 673/1799/325 672/1800/324
f 628/1801/325 629/1802/326 674/1803/326 673/1804/325
f 629/1805/326 630/1806/327 675/1807/327 674/1808/326
f 630/1809/327 631/1810/328 676/1811/328 675/1812/327
f 631/1813/328 632/1814/329 677/1815/329 676/1816/328
f 632/1817/329 633/1818/330 678/1819/330 677/1820/329
f 633/1821/330 634/1822/331 679/1823/331 678/1824/330
f 634/1825/331 635/1826/332 680/1827/332 679/1828/331
f 635/1829/332 636/1830/333 681/1831/333 680/1832/332
f 636/1833/333 637/1834/334 682/1835/334 681/1836/333
f 637/1837/334 638/1838/335 683/1839/335 682/1840/334
f 638/1841/335 639/1842/336 684/1843/336 683/1844/335
f 639/1845/336 640/1846/337 685/1847/337 684/1848/336
f 640/1849/337 641/1850/338 686/1851/338 685/1852/337
f 641/1853/338 642/1854/339 687/1855/339 686/1856/338
f 642/1857/339 643/1858/340 688/1859/340 687/1860/339
f 643/1861/340 644/1862/341 689/1863/341 688/1864/340
f 644/1865/341 645/1866/342 690/1867/342 689/1868/341
f 645/1869/342 646/1870/343 691/1871/343 690/1872/342
f 646/1873/343 647/1874/344 692/1875/344 691/1876/343
f 647/1877/344 648/1878/345 693/1879/345 692/1880/344
f 648/1881/345 649/1882/346 694/1883/346 693/1884/345
f 649/1885/346 650/1886/347 695/1887/347 694/1888/346
f 650/1889/347 651/1890/348 696/1891/348 695/1892/347
f 651/1893/348 652/1894/349 697/1895/349 696/1896/348
f 652/1897/349 653/1898/350 698/1899/350 697/1900/349
f 653/1901/350 654/1902/351 699/1903/351 698/1904/350
f 654/1905/351 655/1906/352 700/1907/352 699/1908/351
f 655/1909/352 656/1910/353 701/1911/353 700/1912/352
f 656/1913/353 657/1914/354 702/1915/354 701/1916/353
f 657/1917/354 658/1918/355 703/1919/355 702/1920/354
f 658/1921/355 659/1922/356 704/1923/356 703/1924/355
f 659/1925/356 660/1926/357 705/1927/357 704/1928/356
f 660/1929/357 661/1930/358 706/1931/358 705/1932/357
f 661/1933/358 662/1934/359 707/1935/359 706/1936/358
f 662/1937/359 663/1938/360 708/1939/360 707/1940/359
f 663/1941/360 664/1942/361 709/1943/361 708/1944/360
f 664/1945/361 665/1946/362 710/1947/362 709/1948/361
f 665/1949/362 666/1950/363 711/1951/363 710/1952/362
f 666/1953/363 667/1954/364 712/1955/364 711/1956/363
f 667/1957/364 623/1958/320 668/1959/320 712/1960/364
f 714/1961/365 713/1962/365 757/1963/365
f 715/1964/365 714/1965/365 757/1966/365
f 793/1967/365 716/1968/365 715/1969/365
f 794/1970/365 793/1971/365 715/1972/365
f 716/1973/365 793/1974/365 792/1975/365
f 716/1976/365 792/1977/365 791/1978/365
f 716/1979/365 791/1980/365 790/1981/365
f 716/1982/365 790/1983/365 789/1984/365
f 716/1985/365 789/1986/365 788/1987/365
f 716/1988/365 788/1989/365 787/1990/365
f 716/1991/365 787/1992/365 786/1993/365
f 716/1994/365 786/1995/365 785/1996/365
f 716/1997/365 785/1998/365 784/1999/365
f 716/2000/365 784/2001/365 783/2002/365
f 716/2003/365 783/2004/365 782/2005/365
f 716/2006/365 782/2007/365 781/2008/365
f 716/2009/365 781/2010/365 780/2011/365
f 716/2012/365 780/2013/365 779/2014/365
f 716/2015/365 779/2016/365 778/2017/365
f 717/2018/365 716/2019/365 778/2020/365
f 718/2021/365 717/2022/365 778/2023/365
f 718/2024/365 778/2025/365 777/2026/365
f 719/2027/365 718/2028/365 777/2029/365
f 720/2030/365 719/2031/365 777/2032/365
f 721/2033/365 720/2034/365 777/2035/365
f 721/2036/365 777/2037/365 776/2038/365
f 721/2039/365 776/2040/365 775/2041/365
f 721/2042/365 775/2043/365 774/2044/365
f 721/2045/365 774/2046/365 773/2047/365
f 722/2048/365 721/2049/365 773/2050/365
f 722/2051/365 773/2052/365 772/2053/365
f 723/2054/365 722/2055/365 772/2056/365
f 723/2057/365 772/2058/365 771/2059/365
f 724/2060/365 723/2061/365 771/2062/365
f 724/2063/365 771/2064/365 770/2065/365
f 725/2066/365 724/2067/365 770/2068/365
f 725/2069/365 770/2070/365 769/2071/365
f 726/2072/365 725/2073/365 769/2074/365
f 726/2075/365 769/2076/365 768/2077/365
f 727/2078/365 726/2079/365 768/2080/365
f 728/2081/365 727/2082/365 768/2083/365
f 729/2084/365 728/2085/365 768/2086/365
f 730/2087/365 729/2088/365 768/2089/365
f 731/2090/365 730/2091/365 768/2092/365
f 731/2093/365 768/2094/365 767/2095/365
f 732/2096/365 731/2097/365 767/2098/365
f 733/2099/365 732/2100/365 767/2101/365
f 734/2102/365 733/2103/365 767/2104/365
f 735/2105/365 734/2106/365 767/2107/365
f 735/2108/365 767/2109/365 766/2110/365
f 736/2111/365 735/2112/365 766/2113/365
f 736/2114/365 766/2115/365 765/2116/365
f 736/2117/365 765/2118/365 764/2119/365
f 736/2120/365 764/2121/365 763/2122/365
f 736/2123/365 763/2124/365 762/2125/365
f 736/2126/365 762/2127/365 761/2128/365
f 737/2129/365 736/2130/365 761/2131/365
f 737/2132/365 761/2133/365 760/2134/365
f 738/2135/365 737/2136/365 760/2137/365
f 739/2138/365 738/2139/365 760/2140/365
f 739/2141/365 760/2142/365 759/2143/365
f 740/2144/365 739/2145/365 759/2146/365
f 740/2147/365 759/2148/365 758/2149/365
f 741/2150/365 740/2151/365 758/2152/365
f 741/2153/365 758/2154/365 802/2155/365
f 742/2156/365 741/2157/365 802/2158/365
f 743/2159/365 742/2160/365 802/2161/365
f 744/2162/365 743/2163/365 802/2164/365
f 744/2165/365 802/2166/365 801/2167/365
f 745/2168/365 744/2169/365 801/2170/365
f 746/2171/365 745/2172/365 801/2173/365
f 746/2174/365 801/2175/365 800/2176/365
f 747/2177/365 746/2178/365 800/2179/365
f 748/2180/365 747/2181/365 800/2182/365
f 749/2183/365 748/2184/365 800/2185/365
f 749/2186/365 800/2187/365 799/2188/365
f 750/2189/365 749/2190/365 799/2191/365
f 751/2192/365 750/2193/365 799/2194/365
f 752/2195/365 751/2196/365 799/2197/365
f 752/2198/365 799/2199/365 798/2200/365
f 752/2201/365 798/2202/365 797/2203/365
f 752/2204/365 797/2205/365 796/2206/365
f 753/2207/365 752/2208/365 796/2209/365
f 753/2210/365 796/2211/365 795/2212/365
f 754/2213/365 753/2214/365 795/2215/365
f 755/2216/365 754/2217/365 795/2218/365
f 755/2219/365 795/2220/365 794/2221/365
f 756/2222/365 755/2223/365 794/2224/365
f 756/2225/365 794/2226/365 715/2227/365
f 757/2228/365 756/2229/365 715/2230/365
f 847/2231/366 803/2232/366 804/2233/366
f 847/2234/366 804/2235/366 805/2236/366
f 805/2237/366 806/2238/366 883/2239/366
f 805/2240/366 883/2241/366 884/2242/366
f 882/2243/366 883/2244/366 806/2245/366
f 881/2246/366 882/2247/366 806/2248/366
f 880/2249/366 881/2250/366 806/2251/366
f 879/2252/366 880/2253/366 806/2254/366
f 878/2255/366 879/2256/366 806/2257/366
f 877/2258/366 878/2259/366 806/2260/366
f 876/2261/366 877/2262/366 806/2263/366
f 875/2264/366 876/2265/366 806/2266/366
f 874/2267/366 875/2268/366 806/2269/366
f 873/2270/366 874/2271/366 806/2272/366
f 872/2273/366 873/2274/366 806/2275/366
f 871/2276/366 872/2277/366 806/2278/366
f 870/2279/366 871/2280/366 806/2281/366
f 869/2282/366 870/2283/366 806/2284/366
f 868/2285/366 869/2286/366 806/2287/366
f 868/2288/366 806/2289/366 807/2290/366
f 868/2291/366 807/2292/366 808/2293/366
f 867/2294/366 868/2295/366 808/2296/366
f 867/2297/366 808/2298/366 809/2299/366
f 867/2300/366 809/2301/366 810/2302/366
f 867/2303/366 810/2304/366 811/2305/366
f 866/2306/366 867/2307/366 811/2308/366
f 865/2309/366 866/2310/366 811/2311/366
f 864/2312/366 865/2313/366 811/2314/366
f 863/2315/366 864/2316/366 811/2317/366
f 863/2318/366 811/2319/366 812/2320/366
f 862/2321/366 863/2322/366 812/2323/366
f 862/2324/366 812/2325/366 813/2326/366
f 861/2327/366 862/2328/366 813/2329/366
f 861/2330/366 813/2331/366 814/2332/366
f 860/2333/366 861/2334/366 814/2335/366
f 860/2336/366 814/2337/366 815/2338/366
f 859/2339/366 860/2340/366 815/2341/366
f 859/2342/366 815/2343/366 816/2344/366
f 858/2345/366 859/2346/366 816/2347/366
f 858/2348/366 816/2349/366 817/2350/366
f 858/2351/366 817/2352/366 818/2353/366
f 858/2354/366 818/2355/366 819/2356/366
f 858/2357/366 819/2358/366 820/2359/366
f 858/2360/366 820/2361/366 821/2362/366
f 857/2363/366 858/2364/366 821/2365/366
f 857/2366/366 821/2367/366 822/2368/366
f 857/2369/366 822/2370/366 823/2371/366
f 857/2372/366 823/2373/366 824/2374/366
f 857/2375/366 824/2376/366 825/2377/366
f 856/2378/366 857/2379/366 825/2380/366
f 856/2381/366 825/2382/366 826/2383/366
f 855/2384/366 856/2385/366 826/2386/366
f 854/2387/366 855/2388/366 826/2389/366
f 853/2390/366 854/2391/366 826/2392/366
f 852/2393/366 853/2394/366 826/2395/366
f 851/2396/366 852/2397/366 826/2398/366
f 851/2399/366 826/2400/366 827/2401/366
f 850/2402/366 851/2403/366 827/2404/366
f 850/2405/366 827/2406/366 828/2407/366
f 850/2408/366 828/2409/366 829/2410/366
f 849/2411/366 850/2412/366 829/2413/366
f 849/2414/366 829/2415/366 830/2416/366
f 848/2417/366 849/2418/366 830/2419/366
f 848/2420/366 830/2421/366 831/2422/366
f 892/2423/366 848/2424/366 831/2425/366
f 892/2426/366 831/2427/366 832/2428/366
f 892/2429/366 832/2430/366 833/2431/366
f 892/2432/366 833/2433/366 834/2434/366
f 891/2435/366 892/2436/366 834/2437/366
f 891/2438/366 834/2439/366 835/2440/366
f 891/2441/366 835/2442/366 836/2443/366
f 890/2444/366 891/2445/366 836/2446/366
f 890/2447/366 836/2448/366 837/2449/366
f 890/2450/366 837/2451/366 838/2452/366
f 890/2453/366 838/2454/366 839/2455/366
f 889/2456/366 890/2457/366 839/2458/366
f 889/2459/366 839/2460/366 840/2461/366
f 889/2462/366 840/2463/366 841/2464/366
f 889/2465/366 841/2466/366 842/2467/366
f 888/2468/366 889/2469/366 842/2470/366
f 887/2471/366 888/2472/366 842/2473/366
f 886/2474/366 887/2475/366 842/2476/366
f 886/2477/366 842/2478/366 843/2479/366
f 885/2480/366 886/2481/366 843/2482/366
f 885/2483/366 843/2484/366 844/2485/366
f 885/2486/366 844/2487/366 845/2488/366
f 884/2489/366 885/2490/366 845/2491/366
f 884/2492/366 845/2493/366 846/2494/366
f 805/2495/366 884/2496/366 846/2497/366
f 805/2498/366 846/2499/366 847/2500/366
