# AFL PRAIRIE signage V1 channel letter S (off), generated by tools/build-prairie-signage-v1.mjs
mtllib s_off.mtl
o S_body
usemtl letters_nz
v 0.623363 0.125526 0.8786
v 0.651363 0.130109 0.8786
v 0.665363 0.134268 0.8786
v 0.679363 0.139795 0.8786
v 0.693363 0.146844 0.8786
v 0.705363 0.154268 0.8786
v 0.727363 0.172014 0.8786
v 0.737363 0.182403 0.8786
v 0.746405 0.193544 0.8786
v 0.761363 0.217611 0.8786
v 0.767712 0.231544 0.8786
v 0.772647 0.245544 0.8786
v 0.776261 0.259544 0.8786
v 0.778888 0.275 0.8786
v 0.391363 0.275 0.8786
v 0.383363 0.276136 0.8786
v 0.377363 0.279499 0.8786
v 0.373611 0.283544 0.8786
v 0.371443 0.287544 0.8786
v 0.370053 0.293544 0.8786
v 0.370524 0.409544 0.8786
v 0.373009 0.415544 0.8786
v 0.377363 0.420489 0.8786
v 0.383363 0.423865 0.8786
v 0.389363 0.42499 0.8786
v 0.611363 0.42499 0.8786
v 0.637363 0.427217 0.8786
v 0.661363 0.432945 0.8786
v 0.683363 0.441645 0.8786
v 0.704284 0.453544 0.8786
v 0.723363 0.468318 0.8786
v 0.733363 0.478034 0.8786
v 0.743338 0.489544 0.8786
v 0.752006 0.501544 0.8786
v 0.759363 0.51382 0.8786
v 0.766043 0.527544 0.8786
v 0.771377 0.541544 0.8786
v 0.775358 0.555544 0.8786
v 0.778083 0.569544 0.8786
v 0.779994 0.593544 0.8786
v 0.779785 0.713544 0.8786
v 0.776026 0.741544 0.8786
v 0.768076 0.767544 0.8786
v 0.758615 0.787544 0.8786
v 0.747363 0.805154 0.8786
v 0.733763 0.821544 0.8786
v 0.719363 0.835151 0.8786
v 0.703363 0.847067 0.8786
v 0.685033 0.857544 0.8786
v 0.665363 0.865732 0.8786
v 0.645363 0.871281 0.8786
v 0.629363 0.873894 0.8786
v 0.613363 0.874967 0.8786
v 0.385363 0.874937 0.8786
v 0.369363 0.873743 0.8786
v 0.355363 0.871434 0.8786
v 0.341363 0.867894 0.8786
v 0.327363 0.86304 0.8786
v 0.307327 0.853544 0.8786
v 0.287363 0.840519 0.8786
v 0.27013 0.825544 0.8786
v 0.255363 0.80879 0.8786
v 0.242514 0.789544 0.8786
v 0.23273 0.769544 0.8786
v 0.225409 0.747544 0.8786
v 0.221363 0.725395 0.8786
v 0.609363 0.725 0.8786
v 0.615363 0.724266 0.8786
v 0.621231 0.721544 0.8786
v 0.625363 0.717795 0.8786
v 0.628079 0.713544 0.8786
v 0.629837 0.707544 0.8786
v 0.629699 0.591544 0.8786
v 0.627621 0.585544 0.8786
v 0.623363 0.580133 0.8786
v 0.617363 0.576408 0.8786
v 0.611363 0.575047 0.8786
v 0.387363 0.57498 0.8786
v 0.361363 0.572571 0.8786
v 0.337363 0.566646 0.8786
v 0.315363 0.557739 0.8786
v 0.294361 0.545544 0.8786
v 0.275363 0.530531 0.8786
v 0.265363 0.520608 0.8786
v 0.255947 0.509544 0.8786
v 0.247397 0.497544 0.8786
v 0.240292 0.485544 0.8786
v 0.233565 0.471544 0.8786
v 0.228324 0.457544 0.8786
v 0.224427 0.443544 0.8786
v 0.221781 0.429544 0.8786
v 0.220019 0.407544 0.8786
v 0.220263 0.285544 0.8786
v 0.224178 0.257544 0.8786
v 0.232288 0.231544 0.8786
v 0.240787 0.213544 0.8786
v 0.250709 0.197544 0.8786
v 0.263363 0.181584 0.8786
v 0.277363 0.16767 0.8786
v 0.292782 0.155544 0.8786
v 0.309363 0.145342 0.8786
v 0.327363 0.13696 0.8786
v 0.345363 0.130965 0.8786
v 0.365363 0.126795 0.8786
v 0.387363 0.12502 0.8786
v 0.623363 0.125526 0.9996
v 0.651363 0.130109 0.9996
v 0.665363 0.134268 0.9996
v 0.679363 0.139795 0.9996
v 0.693363 0.146844 0.9996
v 0.705363 0.154268 0.9996
v 0.727363 0.172014 0.9996
v 0.737363 0.182403 0.9996
v 0.746405 0.193544 0.9996
v 0.761363 0.217611 0.9996
v 0.767712 0.231544 0.9996
v 0.772647 0.245544 0.9996
v 0.776261 0.259544 0.9996
v 0.778888 0.275 0.9996
v 0.391363 0.275 0.9996
v 0.383363 0.276136 0.9996
v 0.377363 0.279499 0.9996
v 0.373611 0.283544 0.9996
v 0.371443 0.287544 0.9996
v 0.370053 0.293544 0.9996
v 0.370524 0.409544 0.9996
v 0.373009 0.415544 0.9996
v 0.377363 0.420489 0.9996
v 0.383363 0.423865 0.9996
v 0.389363 0.42499 0.9996
v 0.611363 0.42499 0.9996
v 0.637363 0.427217 0.9996
v 0.661363 0.432945 0.9996
v 0.683363 0.441645 0.9996
v 0.704284 0.453544 0.9996
v 0.723363 0.468318 0.9996
v 0.733363 0.478034 0.9996
v 0.743338 0.489544 0.9996
v 0.752006 0.501544 0.9996
v 0.759363 0.51382 0.9996
v 0.766043 0.527544 0.9996
v 0.771377 0.541544 0.9996
v 0.775358 0.555544 0.9996
v 0.778083 0.569544 0.9996
v 0.779994 0.593544 0.9996
v 0.779785 0.713544 0.9996
v 0.776026 0.741544 0.9996
v 0.768076 0.767544 0.9996
v 0.758615 0.787544 0.9996
v 0.747363 0.805154 0.9996
v 0.733763 0.821544 0.9996
v 0.719363 0.835151 0.9996
v 0.703363 0.847067 0.9996
v 0.685033 0.857544 0.9996
v 0.665363 0.865732 0.9996
v 0.645363 0.871281 0.9996
v 0.629363 0.873894 0.9996
v 0.613363 0.874967 0.9996
v 0.385363 0.874937 0.9996
v 0.369363 0.873743 0.9996
v 0.355363 0.871434 0.9996
v 0.341363 0.867894 0.9996
v 0.327363 0.86304 0.9996
v 0.307327 0.853544 0.9996
v 0.287363 0.840519 0.9996
v 0.27013 0.825544 0.9996
v 0.255363 0.80879 0.9996
v 0.242514 0.789544 0.9996
v 0.23273 0.769544 0.9996
v 0.225409 0.747544 0.9996
v 0.221363 0.725395 0.9996
v 0.609363 0.725 0.9996
v 0.615363 0.724266 0.9996
v 0.621231 0.721544 0.9996
v 0.625363 0.717795 0.9996
v 0.628079 0.713544 0.9996
v 0.629837 0.707544 0.9996
v 0.629699 0.591544 0.9996
v 0.627621 0.585544 0.9996
v 0.623363 0.580133 0.9996
v 0.617363 0.576408 0.9996
v 0.611363 0.575047 0.9996
v 0.387363 0.57498 0.9996
v 0.361363 0.572571 0.9996
v 0.337363 0.566646 0.9996
v 0.315363 0.557739 0.9996
v 0.294361 0.545544 0.9996
v 0.275363 0.530531 0.9996
v 0.265363 0.520608 0.9996
v 0.255947 0.509544 0.9996
v 0.247397 0.497544 0.9996
v 0.240292 0.485544 0.9996
v 0.233565 0.471544 0.9996
v 0.228324 0.457544 0.9996
v 0.224427 0.443544 0.9996
v 0.221781 0.429544 0.9996
v 0.220019 0.407544 0.9996
v 0.220263 0.285544 0.9996
v 0.224178 0.257544 0.9996
v 0.232288 0.231544 0.9996
v 0.240787 0.213544 0.9996
v 0.250709 0.197544 0.9996
v 0.263363 0.181584 0.9996
v 0.277363 0.16767 0.9996
v 0.292782 0.155544 0.9996
v 0.309363 0.145342 0.9996
v 0.327363 0.13696 0.9996
v 0.345363 0.130965 0.9996
v 0.365363 0.126795 0.9996
v 0.387363 0.12502 0.9996
v 0.623363 0.125526 0.8786
v 0.651363 0.130109 0.8786
v 0.665363 0.134268 0.8786
v 0.679363 0.139795 0.8786
v 0.693363 0.146844 0.8786
v 0.705363 0.154268 0.8786
v 0.727363 0.172014 0.8786
v 0.737363 0.182403 0.8786
v 0.746405 0.193544 0.8786
v 0.761363 0.217611 0.8786
v 0.767712 0.231544 0.8786
v 0.772647 0.245544 0.8786
v 0.776261 0.259544 0.8786
v 0.778888 0.275 0.8786
v 0.391363 0.275 0.8786
v 0.383363 0.276136 0.8786
v 0.377363 0.279499 0.8786
v 0.373611 0.283544 0.8786
v 0.371443 0.287544 0.8786
v 0.370053 0.293544 0.8786
v 0.370524 0.409544 0.8786
v 0.373009 0.415544 0.8786
v 0.377363 0.420489 0.8786
v 0.383363 0.423865 0.8786
v 0.389363 0.42499 0.8786
v 0.611363 0.42499 0.8786
v 0.637363 0.427217 0.8786
v 0.661363 0.432945 0.8786
v 0.683363 0.441645 0.8786
v 0.704284 0.453544 0.8786
v 0.723363 0.468318 0.8786
v 0.733363 0.478034 0.8786
v 0.743338 0.489544 0.8786
v 0.752006 0.501544 0.8786
v 0.759363 0.51382 0.8786
v 0.766043 0.527544 0.8786
v 0.771377 0.541544 0.8786
v 0.775358 0.555544 0.8786
v 0.778083 0.569544 0.8786
v 0.779994 0.593544 0.8786
v 0.779785 0.713544 0.8786
v 0.776026 0.741544 0.8786
v 0.768076 0.767544 0.8786
v 0.758615 0.787544 0.8786
v 0.747363 0.805154 0.8786
v 0.733763 0.821544 0.8786
v 0.719363 0.835151 0.8786
v 0.703363 0.847067 0.8786
v 0.685033 0.857544 0.8786
v 0.665363 0.865732 0.8786
v 0.645363 0.871281 0.8786
v 0.629363 0.873894 0.8786
v 0.613363 0.874967 0.8786
v 0.385363 0.874937 0.8786
v 0.369363 0.873743 0.8786
v 0.355363 0.871434 0.8786
v 0.341363 0.867894 0.8786
v 0.327363 0.86304 0.8786
v 0.307327 0.853544 0.8786
v 0.287363 0.840519 0.8786
v 0.27013 0.825544 0.8786
v 0.255363 0.80879 0.8786
v 0.242514 0.789544 0.8786
v 0.23273 0.769544 0.8786
v 0.225409 0.747544 0.8786
v 0.221363 0.725395 0.8786
v 0.609363 0.725 0.8786
v 0.615363 0.724266 0.8786
v 0.621231 0.721544 0.8786
v 0.625363 0.717795 0.8786
v 0.628079 0.713544 0.8786
v 0.629837 0.707544 0.8786
v 0.629699 0.591544 0.8786
v 0.627621 0.585544 0.8786
v 0.623363 0.580133 0.8786
v 0.617363 0.576408 0.8786
v 0.611363 0.575047 0.8786
v 0.387363 0.57498 0.8786
v 0.361363 0.572571 0.8786
v 0.337363 0.566646 0.8786
v 0.315363 0.557739 0.8786
v 0.294361 0.545544 0.8786
v 0.275363 0.530531 0.8786
v 0.265363 0.520608 0.8786
v 0.255947 0.509544 0.8786
v 0.247397 0.497544 0.8786
v 0.240292 0.485544 0.8786
v 0.233565 0.471544 0.8786
v 0.228324 0.457544 0.8786
v 0.224427 0.443544 0.8786
v 0.221781 0.429544 0.8786
v 0.220019 0.407544 0.8786
v 0.220263 0.285544 0.8786
v 0.224178 0.257544 0.8786
v 0.232288 0.231544 0.8786
v 0.240787 0.213544 0.8786
v 0.250709 0.197544 0.8786
v 0.263363 0.181584 0.8786
v 0.277363 0.16767 0.8786
v 0.292782 0.155544 0.8786
v 0.309363 0.145342 0.8786
v 0.327363 0.13696 0.8786
v 0.345363 0.130965 0.8786
v 0.365363 0.126795 0.8786
v 0.387363 0.12502 0.8786
v 0.623363 0.125526 0.9996
v 0.651363 0.130109 0.9996
v 0.665363 0.134268 0.9996
v 0.679363 0.139795 0.9996
v 0.693363 0.146844 0.9996
v 0.705363 0.154268 0.9996
v 0.727363 0.172014 0.9996
v 0.737363 0.182403 0.9996
v 0.746405 0.193544 0.9996
v 0.761363 0.217611 0.9996
v 0.767712 0.231544 0.9996
v 0.772647 0.245544 0.9996
v 0.776261 0.259544 0.9996
v 0.778888 0.275 0.9996
v 0.391363 0.275 0.9996
v 0.383363 0.276136 0.9996
v 0.377363 0.279499 0.9996
v 0.373611 0.283544 0.9996
v 0.371443 0.287544 0.9996
v 0.370053 0.293544 0.9996
v 0.370524 0.409544 0.9996
v 0.373009 0.415544 0.9996
v 0.377363 0.420489 0.9996
v 0.383363 0.423865 0.9996
v 0.389363 0.42499 0.9996
v 0.611363 0.42499 0.9996
v 0.637363 0.427217 0.9996
v 0.661363 0.432945 0.9996
v 0.683363 0.441645 0.9996
v 0.704284 0.453544 0.9996
v 0.723363 0.468318 0.9996
v 0.733363 0.478034 0.9996
v 0.743338 0.489544 0.9996
v 0.752006 0.501544 0.9996
v 0.759363 0.51382 0.9996
v 0.766043 0.527544 0.9996
v 0.771377 0.541544 0.9996
v 0.775358 0.555544 0.9996
v 0.778083 0.569544 0.9996
v 0.779994 0.593544 0.9996
v 0.779785 0.713544 0.9996
v 0.776026 0.741544 0.9996
v 0.768076 0.767544 0.9996
v 0.758615 0.787544 0.9996
v 0.747363 0.805154 0.9996
v 0.733763 0.821544 0.9996
v 0.719363 0.835151 0.9996
v 0.703363 0.847067 0.9996
v 0.685033 0.857544 0.9996
v 0.665363 0.865732 0.9996
v 0.645363 0.871281 0.9996
v 0.629363 0.873894 0.9996
v 0.613363 0.874967 0.9996
v 0.385363 0.874937 0.9996
v 0.369363 0.873743 0.9996
v 0.355363 0.871434 0.9996
v 0.341363 0.867894 0.9996
v 0.327363 0.86304 0.9996
v 0.307327 0.853544 0.9996
v 0.287363 0.840519 0.9996
v 0.27013 0.825544 0.9996
v 0.255363 0.80879 0.9996
v 0.242514 0.789544 0.9996
v 0.23273 0.769544 0.9996
v 0.225409 0.747544 0.9996
v 0.221363 0.725395 0.9996
v 0.609363 0.725 0.9996
v 0.615363 0.724266 0.9996
v 0.621231 0.721544 0.9996
v 0.625363 0.717795 0.9996
v 0.628079 0.713544 0.9996
v 0.629837 0.707544 0.9996
v 0.629699 0.591544 0.9996
v 0.627621 0.585544 0.9996
v 0.623363 0.580133 0.9996
v 0.617363 0.576408 0.9996
v 0.611363 0.575047 0.9996
v 0.387363 0.57498 0.9996
v 0.361363 0.572571 0.9996
v 0.337363 0.566646 0.9996
v 0.315363 0.557739 0.9996
v 0.294361 0.545544 0.9996
v 0.275363 0.530531 0.9996
v 0.265363 0.520608 0.9996
v 0.255947 0.509544 0.9996
v 0.247397 0.497544 0.9996
v 0.240292 0.485544 0.9996
v 0.233565 0.471544 0.9996
v 0.228324 0.457544 0.9996
v 0.224427 0.443544 0.9996
v 0.221781 0.429544 0.9996
v 0.220019 0.407544 0.9996
v 0.220263 0.285544 0.9996
v 0.224178 0.257544 0.9996
v 0.232288 0.231544 0.9996
v 0.240787 0.213544 0.9996
v 0.250709 0.197544 0.9996
v 0.263363 0.181584 0.9996
v 0.277363 0.16767 0.9996
v 0.292782 0.155544 0.9996
v 0.309363 0.145342 0.9996
v 0.327363 0.13696 0.9996
v 0.345363 0.130965 0.9996
v 0.365363 0.126795 0.9996
v 0.387363 0.12502 0.9996
vt 0.239791 0.364971
vt 0.243113 0.364971
vt 0.243113 0.37915
vt 0.239791 0.37915
vt 0.243113 0.364971
vt 0.244818 0.364971
vt 0.244818 0.37915
vt 0.243113 0.37915
vt 0.244818 0.364971
vt 0.246555 0.364971
vt 0.246555 0.37915
vt 0.244818 0.37915
vt 0.246555 0.364971
vt 0.248329 0.364971
vt 0.248329 0.37915
vt 0.246555 0.37915
vt 0.818604 0.330811
vt 0.818604 0.329183
vt 0.832783 0.329183
vt 0.832783 0.330811
vt 0.818604 0.329183
vt 0.818604 0.325875
vt 0.832783 0.325875
vt 0.832783 0.329183
vt 0.818604 0.325875
vt 0.818604 0.32419
vt 0.832783 0.32419
vt 0.832783 0.325875
vt 0.818604 0.32419
vt 0.818604 0.322529
vt 0.832783 0.322529
vt 0.832783 0.32419
vt 0.770264 0.330811
vt 0.770264 0.327533
vt 0.784443 0.327533
vt 0.784443 0.330811
vt 0.770264 0.327533
vt 0.770264 0.32574
vt 0.784443 0.32574
vt 0.784443 0.327533
vt 0.770264 0.32574
vt 0.770264 0.324003
vt 0.784443 0.324003
vt 0.784443 0.32574
vt 0.770264 0.324003
vt 0.770264 0.322326
vt 0.784443 0.322326
vt 0.784443 0.324003
vt 0.783447 0.293701
vt 0.783447 0.291864
vt 0.797627 0.291864
vt 0.797627 0.293701
vt 0.685303 0.381084
vt 0.730603 0.381084
vt 0.730603 0.395264
vt 0.685303 0.395264
vt 0.730603 0.381084
vt 0.731547 0.381084
vt 0.731547 0.395264
vt 0.730603 0.395264
vt 0.753662 0.284424
vt 0.753662 0.283618
vt 0.767842 0.283618
vt 0.767842 0.284424
vt 0.245361 0.281982
vt 0.245361 0.281336
vt 0.259541 0.281336
vt 0.259541 0.281982
vt 0.61499 0.255127
vt 0.61499 0.254594
vt 0.62917 0.254594
vt 0.62917 0.255127
vt 0.170654 0.332744
vt 0.171371 0.332744
vt 0.171371 0.346924
vt 0.170654 0.346924
vt 0.171371 0.332744
vt 0.184874 0.332744
vt 0.184874 0.346924
vt 0.171371 0.346924
vt 0.956299 0.284424
vt 0.956299 0.283663
vt 0.970479 0.283663
vt 0.970479 0.284424
vt 0.891357 0.284424
vt 0.891357 0.283652
vt 0.905537 0.283652
vt 0.905537 0.284424
vt 0.737549 0.284424
vt 0.737549 0.283617
vt 0.751729 0.283617
vt 0.751729 0.284424
vt 0.289795 0.364971
vt 0.290509 0.364971
vt 0.290509 0.37915
vt 0.289795 0.37915
vt 0.290509 0.364971
vt 0.315823 0.364971
vt 0.315823 0.37915
vt 0.290509 0.37915
vt 0.315823 0.364971
vt 0.318848 0.364971
vt 0.318848 0.37915
vt 0.315823 0.37915
vt 0.318848 0.364971
vt 0.321739 0.364971
vt 0.321739 0.37915
vt 0.318848 0.37915
vt 0.321739 0.364971
vt 0.324483 0.364971
vt 0.324483 0.37915
vt 0.321739 0.37915
vt 0.324483 0.364971
vt 0.32719 0.364971
vt 0.32719 0.37915
vt 0.324483 0.37915
vt 0.89917 0.330811
vt 0.89917 0.328014
vt 0.91335 0.328014
vt 0.91335 0.330811
vt 0.89917 0.328014
vt 0.89917 0.326381
vt 0.91335 0.326381
vt 0.91335 0.328014
vt 0.89917 0.326381
vt 0.89917 0.324599
vt 0.91335 0.324599
vt 0.91335 0.326381
vt 0.89917 0.324599
vt 0.89917 0.32288
vt 0.91335 0.32288
vt 0.91335 0.324599
vt 0.738037 0.330811
vt 0.738037 0.329159
vt 0.752217 0.329159
vt 0.752217 0.330811
vt 0.738037 0.329159
vt 0.738037 0.327377
vt 0.752217 0.327377
vt 0.752217 0.329159
vt 0.738037 0.327377
vt 0.738037 0.325621
vt 0.752217 0.325621
vt 0.752217 0.327377
vt 0.738037 0.325621
vt 0.738037 0.323922
vt 0.752217 0.323922
vt 0.752217 0.325621
vt 0.738037 0.323922
vt 0.738037 0.322276
vt 0.752217 0.322276
vt 0.752217 0.323922
vt 0.492432 0.348857
vt 0.49524 0.348857
vt 0.49524 0.363037
vt 0.492432 0.363037
vt 0.49524 0.348857
vt 0.5093 0.348857
vt 0.5093 0.363037
vt 0.49524 0.363037
vt 0.5093 0.348857
vt 0.512589 0.348857
vt 0.512589 0.363037
vt 0.5093 0.363037
vt 0.834717 0.330811
vt 0.834717 0.327655
vt 0.848896 0.327655
vt 0.848896 0.330811
vt 0.834717 0.327655
vt 0.834717 0.325062
vt 0.848896 0.325062
vt 0.848896 0.327655
vt 0.834717 0.325062
vt 0.834717 0.322635
vt 0.848896 0.322635
vt 0.848896 0.325062
vt 0.033447 0.31958
vt 0.033447 0.317102
vt 0.047627 0.317102
vt 0.047627 0.31958
vt 0.033447 0.317102
vt 0.033447 0.31478
vt 0.047627 0.31478
vt 0.047627 0.317102
vt 0.033447 0.31478
vt 0.033447 0.312459
vt 0.047627 0.312459
vt 0.047627 0.31478
vt 0.001221 0.31958
vt 0.001221 0.317125
vt 0.0154 0.317125
vt 0.0154 0.31958
vt 0.001221 0.317125
vt 0.001221 0.314628
vt 0.0154 0.314628
vt 0.0154 0.317125
vt 0.001221 0.314628
vt 0.001221 0.312215
vt 0.0154 0.312215
vt 0.0154 0.314628
vt 0.696533 0.364971
vt 0.698408 0.364971
vt 0.698408 0.37915
vt 0.696533 0.37915
vt 0.698408 0.364971
vt 0.700282 0.364971
vt 0.700282 0.37915
vt 0.698408 0.37915
vt 0.700282 0.364971
vt 0.727001 0.364971
vt 0.727001 0.37915
vt 0.700282 0.37915
vt 0.727001 0.364971
vt 0.728876 0.364971
vt 0.728876 0.37915
vt 0.727001 0.37915
vt 0.728876 0.364971
vt 0.730517 0.364971
vt 0.730517 0.37915
vt 0.728876 0.37915
vt 0.705811 0.330811
vt 0.705811 0.329138
vt 0.71999 0.329138
vt 0.71999 0.330811
vt 0.705811 0.329138
vt 0.705811 0.327405
vt 0.71999 0.327405
vt 0.71999 0.329138
vt 0.705811 0.327405
vt 0.705811 0.324809
vt 0.71999 0.324809
vt 0.71999 0.327405
vt 0.705811 0.324809
vt 0.705811 0.32206
vt 0.71999 0.32206
vt 0.71999 0.324809
vt 0.883057 0.330811
vt 0.883057 0.328159
vt 0.897236 0.328159
vt 0.897236 0.330811
vt 0.883057 0.328159
vt 0.883057 0.325542
vt 0.897236 0.325542
vt 0.897236 0.328159
vt 0.883057 0.325542
vt 0.883057 0.322854
vt 0.897236 0.322854
vt 0.897236 0.325542
vt 0.915283 0.330811
vt 0.915283 0.328225
vt 0.929463 0.328225
vt 0.929463 0.330811
vt 0.915283 0.328225
vt 0.915283 0.325508
vt 0.929463 0.325508
vt 0.929463 0.328225
vt 0.915283 0.325508
vt 0.915283 0.322895
vt 0.929463 0.322895
vt 0.929463 0.325508
vt 0.733154 0.381084
vt 0.77854 0.381084
vt 0.77854 0.395264
vt 0.733154 0.395264
vt 0.77854 0.381084
vt 0.779247 0.381084
vt 0.779247 0.395264
vt 0.77854 0.395264
vt 0.977295 0.284424
vt 0.977295 0.283666
vt 0.991475 0.283666
vt 0.991475 0.284424
vt 0.187256 0.281982
vt 0.187256 0.281329
vt 0.201436 0.281329
vt 0.201436 0.281982
vt 0.324951 0.281982
vt 0.324951 0.281391
vt 0.339131 0.281391
vt 0.339131 0.281982
vt 0.033447 0.281982
vt 0.033447 0.28125
vt 0.047627 0.28125
vt 0.047627 0.281982
vt 0.186768 0.346924
vt 0.186768 0.33333
vt 0.200947 0.33333
vt 0.200947 0.346924
vt 0.017334 0.281982
vt 0.017334 0.281238
vt 0.031514 0.281238
vt 0.031514 0.281982
vt 0.721436 0.284424
vt 0.721436 0.283617
vt 0.735615 0.283617
vt 0.735615 0.284424
vt 0.5354 0.286865
vt 0.5354 0.286038
vt 0.54958 0.286038
vt 0.54958 0.286865
vt 0.250244 0.364971
vt 0.250965 0.364971
vt 0.250965 0.37915
vt 0.250244 0.37915
vt 0.250965 0.364971
vt 0.276436 0.364971
vt 0.276436 0.37915
vt 0.250965 0.37915
vt 0.276436 0.364971
vt 0.27946 0.364971
vt 0.27946 0.37915
vt 0.276436 0.37915
vt 0.27946 0.364971
vt 0.282357 0.364971
vt 0.282357 0.37915
vt 0.27946 0.37915
vt 0.282357 0.364971
vt 0.285111 0.364971
vt 0.285111 0.37915
vt 0.282357 0.37915
vt 0.285111 0.364971
vt 0.287845 0.364971
vt 0.287845 0.37915
vt 0.285111 0.37915
vt 0.931396 0.330811
vt 0.931396 0.328004
vt 0.945576 0.328004
vt 0.945576 0.330811
vt 0.931396 0.328004
vt 0.931396 0.326354
vt 0.945576 0.326354
vt 0.945576 0.328004
vt 0.931396 0.326354
vt 0.931396 0.324654
vt 0.945576 0.324654
vt 0.945576 0.326354
vt 0.931396 0.324654
vt 0.931396 0.322943
vt 0.945576 0.322943
vt 0.945576 0.324654
vt 0.75415 0.330811
vt 0.75415 0.329201
vt 0.76833 0.329201
vt 0.76833 0.330811
vt 0.75415 0.329201
vt 0.75415 0.327388
vt 0.76833 0.327388
vt 0.76833 0.329201
vt 0.75415 0.327388
vt 0.75415 0.325636
vt 0.76833 0.325636
vt 0.76833 0.327388
vt 0.75415 0.325636
vt 0.75415 0.32394
vt 0.76833 0.32394
vt 0.76833 0.325636
vt 0.75415 0.32394
vt 0.75415 0.322295
vt 0.76833 0.322295
vt 0.76833 0.32394
vt 0.470459 0.348857
vt 0.473032 0.348857
vt 0.473032 0.363037
vt 0.470459 0.363037
vt 0.473032 0.348857
vt 0.487327 0.348857
vt 0.487327 0.363037
vt 0.473032 0.363037
vt 0.487327 0.348857
vt 0.490617 0.348857
vt 0.490617 0.363037
vt 0.487327 0.363037
vt 0.94751 0.330811
vt 0.94751 0.327646
vt 0.961689 0.327646
vt 0.961689 0.330811
vt 0.94751 0.327646
vt 0.94751 0.325313
vt 0.961689 0.325313
vt 0.961689 0.327646
vt 0.94751 0.325313
vt 0.94751 0.323124
vt 0.961689 0.323124
vt 0.961689 0.325313
vt 0.049561 0.31958
vt 0.049561 0.31721
vt 0.06374 0.31721
vt 0.06374 0.31958
vt 0.049561 0.31721
vt 0.049561 0.314897
vt 0.06374 0.314897
vt 0.06374 0.31721
vt 0.049561 0.314897
vt 0.049561 0.312613
vt 0.06374 0.312613
vt 0.06374 0.314897
vt 0.316162 0.330811
vt 0.316162 0.328563
vt 0.330342 0.328563
vt 0.330342 0.330811
vt 0.316162 0.328563
vt 0.316162 0.32624
vt 0.330342 0.32624
vt 0.330342 0.328563
vt 0.316162 0.32624
vt 0.316162 0.32402
vt 0.330342 0.32402
vt 0.330342 0.32624
vt 0.316162 0.32402
vt 0.316162 0.321662
vt 0.330342 0.321662
vt 0.330342 0.32402
vt 0.210205 0.364971
vt 0.212689 0.364971
vt 0.212689 0.37915
vt 0.210205 0.37915
vt 0.212689 0.364971
vt 0.239791 0.364971
vt 0.239791 0.37915
vt 0.212689 0.37915
vt 0.450059 0.529116
vt 0.449522 0.525834
vt 0.449463 0.498178
vt 0.450547 0.530756
vt 0.450059 0.529116
vt 0.449463 0.498178
vt 0.451194 0.532397
vt 0.450547 0.530756
vt 0.449463 0.498178
vt 0.45202 0.534037
vt 0.451194 0.532397
vt 0.449463 0.498178
vt 0.45289 0.535444
vt 0.45202 0.534037
vt 0.449463 0.498178
vt 0.45497 0.538022
vt 0.45289 0.535444
vt 0.449463 0.498178
vt 0.456187 0.539194
vt 0.45497 0.538022
vt 0.449463 0.498178
vt 0.457493 0.540253
vt 0.456187 0.539194
vt 0.449463 0.498178
vt 0.460313 0.542006
vt 0.457493 0.540253
vt 0.449463 0.498178
vt 0.461946 0.54275
vt 0.460313 0.542006
vt 0.449463 0.498178
vt 0.463587 0.543328
vt 0.461946 0.54275
vt 0.449463 0.498178
vt 0.465227 0.543752
vt 0.463587 0.543328
vt 0.449463 0.498178
vt 0.467039 0.54406
vt 0.465227 0.543752
vt 0.449463 0.498178
vt 0.467039 0.498647
vt 0.467039 0.54406
vt 0.449463 0.498178
vt 0.467172 0.497709
vt 0.467039 0.498647
vt 0.449463 0.498178
vt 0.467566 0.497006
vt 0.467172 0.497709
vt 0.449463 0.498178
vt 0.46804 0.496566
vt 0.467566 0.497006
vt 0.449463 0.498178
vt 0.468509 0.496312
vt 0.46804 0.496566
vt 0.449463 0.498178
vt 0.469212 0.49615
vt 0.468509 0.496312
vt 0.449463 0.498178
vt 0.484877 0.527475
vt 0.484616 0.524428
vt 0.484616 0.498412
vt 0.485548 0.530287
vt 0.484877 0.527475
vt 0.484616 0.498412
vt 0.486567 0.532866
vt 0.485548 0.530287
vt 0.484616 0.498412
vt 0.487962 0.535317
vt 0.486567 0.532866
vt 0.484616 0.498412
vt 0.489693 0.537553
vt 0.487962 0.535317
vt 0.484616 0.498412
vt 0.490832 0.538725
vt 0.489693 0.537553
vt 0.484616 0.498412
vt 0.49218 0.539894
vt 0.490832 0.538725
vt 0.484616 0.498412
vt 0.493587 0.54091
vt 0.49218 0.539894
vt 0.484616 0.498412
vt 0.493587 0.54091
vt 0.484616 0.498412
vt 0.484484 0.497709
vt 0.495025 0.541772
vt 0.493587 0.54091
vt 0.484484 0.497709
vt 0.496634 0.542555
vt 0.495025 0.541772
vt 0.484484 0.497709
vt 0.498274 0.54318
vt 0.496634 0.542555
vt 0.484484 0.497709
vt 0.499915 0.543646
vt 0.498274 0.54318
vt 0.484484 0.497709
vt 0.501555 0.543966
vt 0.499915 0.543646
vt 0.484484 0.497709
vt 0.504368 0.544189
vt 0.501555 0.543966
vt 0.484484 0.497709
vt 0.521712 0.543724
vt 0.51843 0.544165
vt 0.504368 0.544189
vt 0.524759 0.542793
vt 0.521712 0.543724
vt 0.504368 0.544189
vt 0.527102 0.541684
vt 0.524759 0.542793
vt 0.504368 0.544189
vt 0.529166 0.540366
vt 0.527102 0.541684
vt 0.504368 0.544189
vt 0.531087 0.538772
vt 0.529166 0.540366
vt 0.504368 0.544189
vt 0.532681 0.537084
vt 0.531087 0.538772
vt 0.504368 0.544189
vt 0.534078 0.535209
vt 0.532681 0.537084
vt 0.504368 0.544189
vt 0.535305 0.533061
vt 0.534078 0.535209
vt 0.504368 0.544189
vt 0.536265 0.530756
vt 0.535305 0.533061
vt 0.504368 0.544189
vt 0.536915 0.528412
vt 0.536265 0.530756
vt 0.504368 0.544189
vt 0.537221 0.526537
vt 0.536915 0.528412
vt 0.504368 0.544189
vt 0.537347 0.524662
vt 0.537221 0.526537
vt 0.504368 0.544189
vt 0.537204 0.496069
vt 0.537344 0.497944
vt 0.537347 0.524662
vt 0.536933 0.494428
vt 0.537204 0.496069
vt 0.537347 0.524662
vt 0.536518 0.492787
vt 0.536933 0.494428
vt 0.537347 0.524662
vt 0.53595 0.491147
vt 0.536518 0.492787
vt 0.537347 0.524662
vt 0.534837 0.488799
vt 0.53595 0.491147
vt 0.537347 0.524662
vt 0.53331 0.486459
vt 0.534837 0.488799
vt 0.537347 0.524662
vt 0.531555 0.48444
vt 0.53331 0.486459
vt 0.537347 0.524662
vt 0.529592 0.482709
vt 0.531555 0.48444
vt 0.537347 0.524662
vt 0.527337 0.481204
vt 0.529592 0.482709
vt 0.537347 0.524662
vt 0.524993 0.480057
vt 0.527337 0.481204
vt 0.537347 0.524662
vt 0.522415 0.479199
vt 0.524993 0.480057
vt 0.537347 0.524662
vt 0.519819 0.478725
vt 0.522415 0.479199
vt 0.537347 0.524662
vt 0.519773 0.524194
vt 0.519819 0.478725
vt 0.537347 0.524662
vt 0.519687 0.524897
vt 0.519773 0.524194
vt 0.537347 0.524662
vt 0.519368 0.525584
vt 0.519687 0.524897
vt 0.537347 0.524662
vt 0.519368 0.525584
vt 0.537347 0.524662
vt 0.504368 0.544189
vt 0.518929 0.526069
vt 0.519368 0.525584
vt 0.504368 0.544189
vt 0.51843 0.526387
vt 0.518929 0.526069
vt 0.504368 0.544189
vt 0.517727 0.526593
vt 0.51843 0.526387
vt 0.504368 0.544189
vt 0.504134 0.526577
vt 0.517727 0.526593
vt 0.504368 0.544189
vt 0.50343 0.526333
vt 0.504134 0.526577
vt 0.504368 0.544189
vt 0.502796 0.525834
vt 0.50343 0.526333
vt 0.504368 0.544189
vt 0.502796 0.525834
vt 0.504368 0.544189
vt 0.484484 0.497709
vt 0.502796 0.525834
vt 0.484484 0.497709
vt 0.484088 0.497006
vt 0.50236 0.525131
vt 0.502796 0.525834
vt 0.484088 0.497006
vt 0.5022 0.524428
vt 0.50236 0.525131
vt 0.484088 0.497006
vt 0.502192 0.498178
vt 0.5022 0.524428
vt 0.484088 0.497006
vt 0.502192 0.498178
vt 0.484088 0.497006
vt 0.483509 0.496496
vt 0.502192 0.498178
vt 0.483509 0.496496
vt 0.482805 0.496205
vt 0.50191 0.495131
vt 0.502192 0.498178
vt 0.482805 0.496205
vt 0.50191 0.495131
vt 0.482805 0.496205
vt 0.469212 0.49615
vt 0.501216 0.492319
vt 0.50191 0.495131
vt 0.469212 0.49615
vt 0.501216 0.492319
vt 0.469212 0.49615
vt 0.449463 0.498178
vt 0.500172 0.489741
vt 0.501216 0.492319
vt 0.449463 0.498178
vt 0.498743 0.487279
vt 0.500172 0.489741
vt 0.449463 0.498178
vt 0.496984 0.485053
vt 0.498743 0.487279
vt 0.449463 0.498178
vt 0.495821 0.483881
vt 0.496984 0.485053
vt 0.449463 0.498178
vt 0.494524 0.482778
vt 0.495821 0.483881
vt 0.449463 0.498178
vt 0.493118 0.481776
vt 0.494524 0.482778
vt 0.449463 0.498178
vt 0.491712 0.480943
vt 0.493118 0.481776
vt 0.449463 0.498178
vt 0.490071 0.480155
vt 0.491712 0.480943
vt 0.449463 0.498178
vt 0.48843 0.479541
vt 0.490071 0.480155
vt 0.449463 0.498178
vt 0.48679 0.479084
vt 0.48843 0.479541
vt 0.449463 0.498178
vt 0.485149 0.478774
vt 0.48679 0.479084
vt 0.449463 0.498178
vt 0.482571 0.478567
vt 0.485149 0.478774
vt 0.449463 0.498178
vt 0.468274 0.478596
vt 0.482571 0.478567
vt 0.449463 0.498178
vt 0.464993 0.479055
vt 0.468274 0.478596
vt 0.449463 0.498178
vt 0.461946 0.480005
vt 0.464993 0.479055
vt 0.449463 0.498178
vt 0.459837 0.481001
vt 0.461946 0.480005
vt 0.449463 0.498178
vt 0.457962 0.482164
vt 0.459837 0.481001
vt 0.449463 0.498178
vt 0.456091 0.483647
vt 0.457962 0.482164
vt 0.449463 0.498178
vt 0.454461 0.485287
vt 0.456091 0.483647
vt 0.449463 0.498178
vt 0.45304 0.487094
vt 0.454461 0.485287
vt 0.449463 0.498178
vt 0.451844 0.489037
vt 0.45304 0.487094
vt 0.449463 0.498178
vt 0.450862 0.491147
vt 0.451844 0.489037
vt 0.449463 0.498178
vt 0.45016 0.493256
vt 0.450862 0.491147
vt 0.449463 0.498178
vt 0.449463 0.498178
vt 0.449671 0.4956
vt 0.45016 0.493256
vt 0.538818 0.524579
vt 0.538878 0.496923
vt 0.539415 0.493641
vt 0.538818 0.524579
vt 0.539415 0.493641
vt 0.539902 0.492001
vt 0.538818 0.524579
vt 0.539902 0.492001
vt 0.54055 0.49036
vt 0.538818 0.524579
vt 0.54055 0.49036
vt 0.541376 0.488719
vt 0.538818 0.524579
vt 0.541376 0.488719
vt 0.542246 0.487313
vt 0.538818 0.524579
vt 0.542246 0.487313
vt 0.544325 0.484735
vt 0.538818 0.524579
vt 0.544325 0.484735
vt 0.545543 0.483563
vt 0.538818 0.524579
vt 0.545543 0.483563
vt 0.546848 0.482504
vt 0.538818 0.524579
vt 0.546848 0.482504
vt 0.549669 0.480751
vt 0.538818 0.524579
vt 0.549669 0.480751
vt 0.551302 0.480007
vt 0.538818 0.524579
vt 0.551302 0.480007
vt 0.552942 0.479428
vt 0.538818 0.524579
vt 0.552942 0.479428
vt 0.554583 0.479005
vt 0.538818 0.524579
vt 0.554583 0.479005
vt 0.556394 0.478697
vt 0.538818 0.524579
vt 0.556394 0.478697
vt 0.556394 0.52411
vt 0.538818 0.524579
vt 0.556394 0.52411
vt 0.556527 0.525048
vt 0.538818 0.524579
vt 0.556527 0.525048
vt 0.556921 0.525751
vt 0.538818 0.524579
vt 0.556921 0.525751
vt 0.557395 0.52619
vt 0.538818 0.524579
vt 0.557395 0.52619
vt 0.557864 0.526445
vt 0.538818 0.524579
vt 0.557864 0.526445
vt 0.558567 0.526607
vt 0.573971 0.524344
vt 0.573971 0.498329
vt 0.574232 0.495282
vt 0.573971 0.524344
vt 0.574232 0.495282
vt 0.574903 0.492469
vt 0.573971 0.524344
vt 0.574903 0.492469
vt 0.575923 0.489891
vt 0.573971 0.524344
vt 0.575923 0.489891
vt 0.577317 0.48744
vt 0.573971 0.524344
vt 0.577317 0.48744
vt 0.579049 0.485204
vt 0.573971 0.524344
vt 0.579049 0.485204
vt 0.580187 0.484032
vt 0.573971 0.524344
vt 0.580187 0.484032
vt 0.581536 0.482863
vt 0.573971 0.524344
vt 0.581536 0.482863
vt 0.582942 0.481847
vt 0.573839 0.525048
vt 0.573971 0.524344
vt 0.582942 0.481847
vt 0.573839 0.525048
vt 0.582942 0.481847
vt 0.584381 0.480985
vt 0.573839 0.525048
vt 0.584381 0.480985
vt 0.585989 0.480202
vt 0.573839 0.525048
vt 0.585989 0.480202
vt 0.58763 0.479577
vt 0.573839 0.525048
vt 0.58763 0.479577
vt 0.58927 0.479111
vt 0.573839 0.525048
vt 0.58927 0.479111
vt 0.590911 0.478791
vt 0.573839 0.525048
vt 0.590911 0.478791
vt 0.593723 0.478567
vt 0.593723 0.478567
vt 0.607786 0.478592
vt 0.611067 0.479032
vt 0.593723 0.478567
vt 0.611067 0.479032
vt 0.614114 0.479964
vt 0.593723 0.478567
vt 0.614114 0.479964
vt 0.616458 0.481073
vt 0.593723 0.478567
vt 0.616458 0.481073
vt 0.618522 0.482391
vt 0.593723 0.478567
vt 0.618522 0.482391
vt 0.620442 0.483985
vt 0.593723 0.478567
vt 0.620442 0.483985
vt 0.622037 0.485673
vt 0.593723 0.478567
vt 0.622037 0.485673
vt 0.623433 0.487548
vt 0.593723 0.478567
vt 0.623433 0.487548
vt 0.624661 0.489696
vt 0.593723 0.478567
vt 0.624661 0.489696
vt 0.625621 0.492001
vt 0.593723 0.478567
vt 0.625621 0.492001
vt 0.626271 0.494344
vt 0.593723 0.478567
vt 0.626271 0.494344
vt 0.626577 0.496219
vt 0.593723 0.478567
vt 0.626577 0.496219
vt 0.626703 0.498094
vt 0.626703 0.498094
vt 0.626699 0.524813
vt 0.626559 0.526688
vt 0.626703 0.498094
vt 0.626559 0.526688
vt 0.626289 0.528329
vt 0.626703 0.498094
vt 0.626289 0.528329
vt 0.625874 0.529969
vt 0.626703 0.498094
vt 0.625874 0.529969
vt 0.625305 0.53161
vt 0.626703 0.498094
vt 0.625305 0.53161
vt 0.624192 0.533958
vt 0.626703 0.498094
vt 0.624192 0.533958
vt 0.622666 0.536298
vt 0.626703 0.498094
vt 0.622666 0.536298
vt 0.620911 0.538317
vt 0.626703 0.498094
vt 0.620911 0.538317
vt 0.618948 0.540048
vt 0.626703 0.498094
vt 0.618948 0.540048
vt 0.616692 0.541553
vt 0.626703 0.498094
vt 0.616692 0.541553
vt 0.614348 0.5427
vt 0.626703 0.498094
vt 0.614348 0.5427
vt 0.61177 0.543558
vt 0.626703 0.498094
vt 0.61177 0.543558
vt 0.609175 0.544032
vt 0.626703 0.498094
vt 0.609175 0.544032
vt 0.609128 0.498563
vt 0.626703 0.498094
vt 0.609128 0.498563
vt 0.609042 0.49786
vt 0.626703 0.498094
vt 0.609042 0.49786
vt 0.608723 0.497172
vt 0.593723 0.478567
vt 0.626703 0.498094
vt 0.608723 0.497172
vt 0.593723 0.478567
vt 0.608723 0.497172
vt 0.608284 0.496688
vt 0.593723 0.478567
vt 0.608284 0.496688
vt 0.607786 0.49637
vt 0.593723 0.478567
vt 0.607786 0.49637
vt 0.607083 0.496164
vt 0.593723 0.478567
vt 0.607083 0.496164
vt 0.593489 0.49618
vt 0.593723 0.478567
vt 0.593489 0.49618
vt 0.592786 0.496424
vt 0.593723 0.478567
vt 0.592786 0.496424
vt 0.592152 0.496923
vt 0.573839 0.525048
vt 0.593723 0.478567
vt 0.592152 0.496923
vt 0.573444 0.525751
vt 0.573839 0.525048
vt 0.592152 0.496923
vt 0.573444 0.525751
vt 0.592152 0.496923
vt 0.591715 0.497626
vt 0.573444 0.525751
vt 0.591715 0.497626
vt 0.591556 0.498329
vt 0.573444 0.525751
vt 0.591556 0.498329
vt 0.591548 0.524579
vt 0.572864 0.526261
vt 0.573444 0.525751
vt 0.591548 0.524579
vt 0.572161 0.526552
vt 0.572864 0.526261
vt 0.591548 0.524579
vt 0.572161 0.526552
vt 0.591548 0.524579
vt 0.591266 0.527626
vt 0.558567 0.526607
vt 0.572161 0.526552
vt 0.591266 0.527626
vt 0.558567 0.526607
vt 0.591266 0.527626
vt 0.590571 0.530438
vt 0.538818 0.524579
vt 0.558567 0.526607
vt 0.590571 0.530438
vt 0.538818 0.524579
vt 0.590571 0.530438
vt 0.589528 0.533016
vt 0.538818 0.524579
vt 0.589528 0.533016
vt 0.588098 0.535478
vt 0.538818 0.524579
vt 0.588098 0.535478
vt 0.586339 0.537704
vt 0.538818 0.524579
vt 0.586339 0.537704
vt 0.585176 0.538876
vt 0.538818 0.524579
vt 0.585176 0.538876
vt 0.58388 0.539979
vt 0.538818 0.524579
vt 0.58388 0.539979
vt 0.582473 0.540981
vt 0.538818 0.524579
vt 0.582473 0.540981
vt 0.581067 0.541814
vt 0.538818 0.524579
vt 0.581067 0.541814
vt 0.579427 0.542602
vt 0.538818 0.524579
vt 0.579427 0.542602
vt 0.577786 0.543216
vt 0.538818 0.524579
vt 0.577786 0.543216
vt 0.576145 0.543673
vt 0.538818 0.524579
vt 0.576145 0.543673
vt 0.574505 0.543983
vt 0.538818 0.524579
vt 0.574505 0.543983
vt 0.571927 0.544189
vt 0.538818 0.524579
vt 0.571927 0.544189
vt 0.55763 0.544161
vt 0.538818 0.524579
vt 0.55763 0.544161
vt 0.554348 0.543702
vt 0.538818 0.524579
vt 0.554348 0.543702
vt 0.551302 0.542752
vt 0.538818 0.524579
vt 0.551302 0.542752
vt 0.549192 0.541756
vt 0.538818 0.524579
vt 0.549192 0.541756
vt 0.547317 0.540593
vt 0.538818 0.524579
vt 0.547317 0.540593
vt 0.545447 0.53911
vt 0.538818 0.524579
vt 0.545447 0.53911
vt 0.543816 0.537469
vt 0.538818 0.524579
vt 0.543816 0.537469
vt 0.542395 0.535663
vt 0.538818 0.524579
vt 0.542395 0.535663
vt 0.5412 0.533719
vt 0.538818 0.524579
vt 0.5412 0.533719
vt 0.540218 0.53161
vt 0.538818 0.524579
vt 0.540218 0.53161
vt 0.539515 0.529501
vt 0.539515 0.529501
vt 0.539026 0.527157
vt 0.538818 0.524579
vn 0.019271 -0.999814 0
vn 0.203773 -0.979018 0
vn 0.326913 -0.945054 0
vn 0.409705 -0.912218 0
vn 0.486377 -0.873749 0
vn 0.595006 -0.803721 0
vn 0.660303 -0.750999 0
vn 0.749063 -0.662498 0
vn 0.826287 -0.56325 0
vn 0.872235 -0.489088 0
vn 0.927207 -0.37455 0
vn 0.956416 -0.292008 0
vn 0.978282 -0.207277 0
vn 0.985865 -0.167543 0
vn 0 1 0
vn 0.002871 0.999996 0
vn 0.305942 0.95205 0
vn 0.604878 0.796318 0
vn 0.805382 0.592757 0
vn 0.942148 0.335196 0
vn 0.999972 0.007527 0
vn 0.999707 -0.024224 0
vn 0.848064 -0.529894 0
vn 0.626463 -0.779452 0
vn 0.351159 -0.936316 0
vn 0.004933 -0.999988 0
vn 0.008979 -0.99996 0
vn 0.157127 -0.987578 0
vn 0.299281 -0.954165 0
vn 0.432673 -0.901551 0
vn 0.554793 -0.831988 0
vn 0.644167 -0.764885 0
vn 0.728247 -0.685315 0
vn 0.783551 -0.621327 0
vn 0.834556 -0.550923 0
vn 0.879941 -0.475083 0
vn 0.91756 -0.397597 0
vn 0.948874 -0.315654 0
vn 0.972493 -0.232931 0
vn 0.99264 -0.121102 0
vn 0.99993 -0.011819 0
vn 0.999641 0.026802 0
vn 0.977291 0.211904 0
vn 0.935249 0.353991 0
vn 0.875948 0.482405 0
vn 0.807329 0.590102 0
vn 0.731022 0.682354 0
vn 0.643012 0.765856 0
vn 0.54632 0.837577 0
vn 0.440875 0.897568 0
vn 0.32723 0.944945 0
vn 0.221094 0.975253 0
vn 0.114419 0.993433 0
vn 0.004275 0.999991 0
vn -0.005016 0.999987 0
vn -0.115969 0.993253 0
vn -0.204474 0.978872 0
vn -0.28717 0.95788 0
vn -0.388504 0.921447 0
vn -0.490606 0.871381 0
vn -0.601402 0.798947 0
vn -0.70409 0.71011 0
vn -0.793433 0.608658 0
vn -0.866266 0.499584 0
vn -0.926144 0.377171 0
vn -0.96842 0.249323 0
vn -0.98372 0.179707 0
vn -0.001019 -0.999999 0
vn -0.002867 -0.999996 0
vn -0.279632 -0.960107 0
vn -0.543247 -0.839573 0
vn -0.759686 -0.65029 0
vn -0.916524 -0.39998 0
vn -0.999912 -0.013276 0
vn -0.999835 0.018168 0
vn -0.874291 0.485402 0
vn -0.665084 0.746769 0
vn -0.390238 0.920714 0
vn -0.006213 0.999981 0
vn -0.009903 0.999951 0
vn -0.164411 0.986392 0
vn -0.306863 0.951754 0
vn -0.440534 0.897736 0
vn -0.56243 0.826845 0
vn -0.652006 0.758214 0
vn -0.734036 0.67911 0
vn -0.788893 0.61453 0
vn -0.837571 0.546328 0
vn -0.882844 0.469666 0
vn -0.919528 0.393025 0
vn -0.950656 0.310247 0
vn -0.973766 0.227551 0
vn -0.992586 0.121542 0
vn -0.999944 0.01054 0
vn -0.999616 -0.027715 0
vn -0.976093 -0.217353 0
vn -0.935568 -0.353147 0
vn -0.879242 -0.476376 0
vn -0.816759 -0.576979 0
vn -0.746166 -0.66576 0
vn -0.662811 -0.748787 0
vn -0.572234 -0.82009 0
vn -0.473359 -0.88087 0
vn -0.370871 -0.928684 0
vn -0.258428 -0.96603 0
vn -0.140138 -0.990132 0
vn -0.004917 -0.999988 0
vn 0 0 -1
vn 0 0 1
f 1/1/1 2/2/2 107/3/2 106/4/1
f 2/5/2 3/6/3 108/7/3 107/8/2
f 3/9/3 4/10/4 109/11/4 108/12/3
f 4/13/4 5/14/5 110/15/5 109/16/4
f 5/17/5 6/18/6 111/19/6 110/20/5
f 6/21/6 7/22/7 112/23/7 111/24/6
f 7/25/7 8/26/8 113/27/8 112/28/7
f 8/29/8 9/30/9 114/31/9 113/32/8
f 9/33/9 10/34/10 115/35/10 114/36/9
f 10/37/10 11/38/11 116/39/11 115/40/10
f 11/41/11 12/42/12 117/43/12 116/44/11
f 12/45/12 13/46/13 118/47/13 117/48/12
f 13/49/13 14/50/14 119/51/14 118/52/13
f 14/53/15 15/54/16 120/55/16 119/56/15
f 15/57/16 16/58/17 121/59/17 120/60/16
f 16/61/17 17/62/18 122/63/18 121/64/17
f 17/65/18 18/66/19 123/67/19 122/68/18
f 18/69/19 19/70/20 124/71/20 123/72/19
f 19/73/20 20/74/21 125/75/21 124/76/20
f 20/77/21 21/78/22 126/79/22 125/80/21
f 21/81/22 22/82/23 127/83/23 126/84/22
f 22/85/23 23/86/24 128/87/24 127/88/23
f 23/89/24 24/90/25 129/91/25 128/92/24
f 24/93/25 25/94/26 130/95/26 129/96/25
f 25/97/26 26/98/27 131/99/27 130/100/26
f 26/101/27 27/102/28 132/103/28 131/104/27
f 27/105/28 28/106/29 133/107/29 132/108/28
f 28/109/29 29/110/30 134/111/30 133/112/29
f 29/113/30 30/114/31 135/115/31 134/116/30
f 30/117/31 31/118/32 136/119/32 135/120/31
f 31/121/32 32/122/33 137/123/33 136/124/32
f 32/125/33 33/126/34 138/127/34 137/128/33
f 33/129/34 34/130/35 139/131/35 138/132/34
f 34/133/35 35/134/36 140/135/36 139/136/35
f 35/137/36 36/138/37 141/139/37 140/140/36
f 36/141/37 37/142/38 142/143/38 141/144/37
f 37/145/38 38/146/39 143/147/39 142/148/38
f 38/149/39 39/150/40 144/151/40 143/152/39
f 39/153/40 40/154/41 145/155/41 144/156/40
f 40/157/41 41/158/42 146/159/42 145/160/41
f 41/161/42 42/162/43 147/163/43 146/164/42
f 42/165/43 43/166/44 148/167/44 147/168/43
f 43/169/44 44/170/45 149/171/45 148/172/44
f 44/173/45 45/174/46 150/175/46 149/176/45
f 45/177/46 46/178/47 151/179/47 150/180/46
f 46/181/47 47/182/48 152/183/48 151/184/47
f 47/185/48 48/186/49 153/187/49 152/188/48
f 48/189/49 49/190/50 154/191/50 153/192/49
f 49/193/50 50/194/51 155/195/51 154/196/50
f 50/197/51 51/198/52 156/199/52 155/200/51
f 51/201/52 52/202/53 157/203/53 156/204/52
f 52/205/53 53/206/54 158/207/54 157/208/53
f 53/209/54 54/210/55 159/211/55 158/212/54
f 54/213/55 55/214/56 160/215/56 159/216/55
f 55/217/56 56/218/57 161/219/57 160/220/56
f 56/221/57 57/222/58 162/223/58 161/224/57
f 57/225/58 58/226/59 163/227/59 162/228/58
f 58/229/59 59/230/60 164/231/60 163/232/59
f 59/233/60 60/234/61 165/235/61 164/236/60
f 60/237/61 61/238/62 166/239/62 165/240/61
f 61/241/62 62/242/63 167/243/63 166/244/62
f 62/245/63 63/246/64 168/247/64 167/248/63
f 63/249/64 64/250/65 169/251/65 168/252/64
f 64/253/65 65/254/66 170/255/66 169/256/65
f 65/257/66 66/258/67 171/259/67 170/260/66
f 66/261/68 67/262/69 172/263/69 171/264/68
f 67/265/69 68/266/70 173/267/70 172/268/69
f 68/269/70 69/270/71 174/271/71 173/272/70
f 69/273/71 70/274/72 175/275/72 174/276/71
f 70/277/72 71/278/73 176/279/73 175/280/72
f 71/281/73 72/282/74 177/283/74 176/284/73
f 72/285/74 73/286/75 178/287/75 177/288/74
f 73/289/75 74/290/76 179/291/76 178/292/75
f 74/293/76 75/294/77 180/295/77 179/296/76
f 75/297/77 76/298/78 181/299/78 180/300/77
f 76/301/78 77/302/79 182/303/79 181/304/78
f 77/305/79 78/306/80 183/307/80 182/308/79
f 78/309/80 79/310/81 184/311/81 183/312/80
f 79/313/81 80/314/82 185/315/82 184/316/81
f 80/317/82 81/318/83 186/319/83 185/320/82
f 81/321/83 82/322/84 187/323/84 186/324/83
f 82/325/84 83/326/85 188/327/85 187/328/84
f 83/329/85 84/330/86 189/331/86 188/332/85
f 84/333/86 85/334/87 190/335/87 189/336/86
f 85/337/87 86/338/88 191/339/88 190/340/87
f 86/341/88 87/342/89 192/343/89 191/344/88
f 87/345/89 88/346/90 193/347/90 192/348/89
f 88/349/90 89/350/91 194/351/91 193/352/90
f 89/353/91 90/354/92 195/355/92 194/356/91
f 90/357/92 91/358/93 196/359/93 195/360/92
f 91/361/93 92/362/94 197/363/94 196/364/93
f 92/365/94 93/366/95 198/367/95 197/368/94
f 93/369/95 94/370/96 199/371/96 198/372/95
f 94/373/96 95/374/97 200/375/97 199/376/96
f 95/377/97 96/378/98 201/379/98 200/380/97
f 96/381/98 97/382/99 202/383/99 201/384/98
f 97/385/99 98/386/100 203/387/100 202/388/99
f 98/389/100 99/390/101 204/391/101 203/392/100
f 99/393/101 100/394/102 205/395/102 204/396/101
f 100/397/102 101/398/103 206/399/103 205/400/102
f 101/401/103 102/402/104 207/403/104 206/404/103
f 102/405/104 103/406/105 208/407/105 207/408/104
f 103/409/105 104/410/106 209/411/106 208/412/105
f 104/413/106 105/414/107 210/415/107 209/416/106
f 105/417/107 1/418/1 106/419/1 210/420/107
f 212/421/108 211/422/108 315/423/108
f 213/424/108 212/425/108 315/426/108
f 214/427/108 213/428/108 315/429/108
f 215/430/108 214/431/108 315/432/108
f 216/433/108 215/434/108 315/435/108
f 217/436/108 216/437/108 315/438/108
f 218/439/108 217/440/108 315/441/108
f 219/442/108 218/443/108 315/444/108
f 220/445/108 219/446/108 315/447/108
f 221/448/108 220/449/108 315/450/108
f 222/451/108 221/452/108 315/453/108
f 223/454/108 222/455/108 315/456/108
f 224/457/108 223/458/108 315/459/108
f 225/460/108 224/461/108 315/462/108
f 226/463/108 225/464/108 315/465/108
f 227/466/108 226/467/108 315/468/108
f 228/469/108 227/470/108 315/471/108
f 229/472/108 228/473/108 315/474/108
f 230/475/108 229/476/108 315/477/108
f 237/478/108 236/479/108 235/480/108
f 238/481/108 237/482/108 235/483/108
f 239/484/108 238/485/108 235/486/108
f 240/487/108 239/488/108 235/489/108
f 241/490/108 240/491/108 235/492/108
f 242/493/108 241/494/108 235/495/108
f 243/496/108 242/497/108 235/498/108
f 244/499/108 243/500/108 235/501/108
f 244/502/108 235/503/108 234/504/108
f 245/505/108 244/506/108 234/507/108
f 246/508/108 245/509/108 234/510/108
f 247/511/108 246/512/108 234/513/108
f 248/514/108 247/515/108 234/516/108
f 249/517/108 248/518/108 234/519/108
f 250/520/108 249/521/108 234/522/108
f 252/523/108 251/524/108 250/525/108
f 253/526/108 252/527/108 250/528/108
f 254/529/108 253/530/108 250/531/108
f 255/532/108 254/533/108 250/534/108
f 256/535/108 255/536/108 250/537/108
f 257/538/108 256/539/108 250/540/108
f 258/541/108 257/542/108 250/543/108
f 259/544/108 258/545/108 250/546/108
f 260/547/108 259/548/108 250/549/108
f 261/550/108 260/551/108 250/552/108
f 262/553/108 261/554/108 250/555/108
f 263/556/108 262/557/108 250/558/108
f 265/559/108 264/560/108 263/561/108
f 266/562/108 265/563/108 263/564/108
f 267/565/108 266/566/108 263/567/108
f 268/568/108 267/569/108 263/570/108
f 269/571/108 268/572/108 263/573/108
f 270/574/108 269/575/108 263/576/108
f 271/577/108 270/578/108 263/579/108
f 272/580/108 271/581/108 263/582/108
f 273/583/108 272/584/108 263/585/108
f 274/586/108 273/587/108 263/588/108
f 275/589/108 274/590/108 263/591/108
f 276/592/108 275/593/108 263/594/108
f 277/595/108 276/596/108 263/597/108
f 278/598/108 277/599/108 263/600/108
f 279/601/108 278/602/108 263/603/108
f 279/604/108 263/605/108 250/606/108
f 280/607/108 279/608/108 250/609/108
f 281/610/108 280/611/108 250/612/108
f 282/613/108 281/614/108 250/615/108
f 283/616/108 282/617/108 250/618/108
f 284/619/108 283/620/108 250/621/108
f 285/622/108 284/623/108 250/624/108
f 285/625/108 250/626/108 234/627/108
f 285/628/108 234/629/108 233/630/108
f 286/631/108 285/632/108 233/633/108
f 287/634/108 286/635/108 233/636/108
f 288/637/108 287/638/108 233/639/108
f 288/640/108 233/641/108 232/642/108
f 288/643/108 232/644/108 231/645/108
f 289/646/108 288/647/108 231/648/108
f 289/649/108 231/650/108 230/651/108
f 290/652/108 289/653/108 230/654/108
f 290/655/108 230/656/108 315/657/108
f 291/658/108 290/659/108 315/660/108
f 292/661/108 291/662/108 315/663/108
f 293/664/108 292/665/108 315/666/108
f 294/667/108 293/668/108 315/669/108
f 295/670/108 294/671/108 315/672/108
f 296/673/108 295/674/108 315/675/108
f 297/676/108 296/677/108 315/678/108
f 298/679/108 297/680/108 315/681/108
f 299/682/108 298/683/108 315/684/108
f 300/685/108 299/686/108 315/687/108
f 301/688/108 300/689/108 315/690/108
f 302/691/108 301/692/108 315/693/108
f 303/694/108 302/695/108 315/696/108
f 304/697/108 303/698/108 315/699/108
f 305/700/108 304/701/108 315/702/108
f 306/703/108 305/704/108 315/705/108
f 307/706/108 306/707/108 315/708/108
f 308/709/108 307/710/108 315/711/108
f 309/712/108 308/713/108 315/714/108
f 310/715/108 309/716/108 315/717/108
f 311/718/108 310/719/108 315/720/108
f 312/721/108 311/722/108 315/723/108
f 313/724/108 312/725/108 315/726/108
f 315/727/108 314/728/108 313/729/108
f 420/730/109 316/731/109 317/732/109
f 420/733/109 317/734/109 318/735/109
f 420/736/109 318/737/109 319/738/109
f 420/739/109 319/740/109 320/741/109
f 420/742/109 320/743/109 321/744/109
f 420/745/109 321/746/109 322/747/109
f 420/748/109 322/749/109 323/750/109
f 420/751/109 323/752/109 324/753/109
f 420/754/109 324/755/109 325/756/109
f 420/757/109 325/758/109 326/759/109
f 420/760/109 326/761/109 327/762/109
f 420/763/109 327/764/109 328/765/109
f 420/766/109 328/767/109 329/768/109
f 420/769/109 329/770/109 330/771/109
f 420/772/109 330/773/109 331/774/109
f 420/775/109 331/776/109 332/777/109
f 420/778/109 332/779/109 333/780/109
f 420/781/109 333/782/109 334/783/109
f 420/784/109 334/785/109 335/786/109
f 340/787/109 341/788/109 342/789/109
f 340/790/109 342/791/109 343/792/109
f 340/793/109 343/794/109 344/795/109
f 340/796/109 344/797/109 345/798/109
f 340/799/109 345/800/109 346/801/109
f 340/802/109 346/803/109 347/804/109
f 340/805/109 347/806/109 348/807/109
f 340/808/109 348/809/109 349/810/109
f 339/811/109 340/812/109 349/813/109
f 339/814/109 349/815/109 350/816/109
f 339/817/109 350/818/109 351/819/109
f 339/820/109 351/821/109 352/822/109
f 339/823/109 352/824/109 353/825/109
f 339/826/109 353/827/109 354/828/109
f 339/829/109 354/830/109 355/831/109
f 355/832/109 356/833/109 357/834/109
f 355/835/109 357/836/109 358/837/109
f 355/838/109 358/839/109 359/840/109
f 355/841/109 359/842/109 360/843/109
f 355/844/109 360/845/109 361/846/109
f 355/847/109 361/848/109 362/849/109
f 355/850/109 362/851/109 363/852/109
f 355/853/109 363/854/109 364/855/109
f 355/856/109 364/857/109 365/858/109
f 355/859/109 365/860/109 366/861/109
f 355/862/109 366/863/109 367/864/109
f 355/865/109 367/866/109 368/867/109
f 368/868/109 369/869/109 370/870/109
f 368/871/109 370/872/109 371/873/109
f 368/874/109 371/875/109 372/876/109
f 368/877/109 372/878/109 373/879/109
f 368/880/109 373/881/109 374/882/109
f 368/883/109 374/884/109 375/885/109
f 368/886/109 375/887/109 376/888/109
f 368/889/109 376/890/109 377/891/109
f 368/892/109 377/893/109 378/894/109
f 368/895/109 378/896/109 379/897/109
f 368/898/109 379/899/109 380/900/109
f 368/901/109 380/902/109 381/903/109
f 368/904/109 381/905/109 382/906/109
f 368/907/109 382/908/109 383/909/109
f 368/910/109 383/911/109 384/912/109
f 355/913/109 368/914/109 384/915/109
f 355/916/109 384/917/109 385/918/109
f 355/919/109 385/920/109 386/921/109
f 355/922/109 386/923/109 387/924/109
f 355/925/109 387/926/109 388/927/109
f 355/928/109 388/929/109 389/930/109
f 355/931/109 389/932/109 390/933/109
f 339/934/109 355/935/109 390/936/109
f 338/937/109 339/938/109 390/939/109
f 338/940/109 390/941/109 391/942/109
f 338/943/109 391/944/109 392/945/109
f 338/946/109 392/947/109 393/948/109
f 337/949/109 338/950/109 393/951/109
f 336/952/109 337/953/109 393/954/109
f 336/955/109 393/956/109 394/957/109
f 335/958/109 336/959/109 394/960/109
f 335/961/109 394/962/109 395/963/109
f 420/964/109 335/965/109 395/966/109
f 420/967/109 395/968/109 396/969/109
f 420/970/109 396/971/109 397/972/109
f 420/973/109 397/974/109 398/975/109
f 420/976/109 398/977/109 399/978/109
f 420/979/109 399/980/109 400/981/109
f 420/982/109 400/983/109 401/984/109
f 420/985/109 401/986/109 402/987/109
f 420/988/109 402/989/109 403/990/109
f 420/991/109 403/992/109 404/993/109
f 420/994/109 404/995/109 405/996/109
f 420/997/109 405/998/109 406/999/109
f 420/1000/109 406/1001/109 407/1002/109
f 420/1003/109 407/1004/109 408/1005/109
f 420/1006/109 408/1007/109 409/1008/109
f 420/1009/109 409/1010/109 410/1011/109
f 420/1012/109 410/1013/109 411/1014/109
f 420/1015/109 411/1016/109 412/1017/109
f 420/1018/109 412/1019/109 413/1020/109
f 420/1021/109 413/1022/109 414/1023/109
f 420/1024/109 414/1025/109 415/1026/109
f 420/1027/109 415/1028/109 416/1029/109
f 420/1030/109 416/1031/109 417/1032/109
f 420/1033/109 417/1034/109 418/1035/109
f 418/1036/109 419/1037/109 420/1038/109
o S_face_off
usemtl letters_nz
v 0.627363 0.123376 0.8726
v 0.649363 0.127051 0.8726
v 0.669363 0.133037 0.8726
v 0.689363 0.141841 0.8726
v 0.708721 0.153544 0.8726
v 0.726235 0.167544 0.8726
v 0.741363 0.183198 0.8726
v 0.75499 0.201544 0.8726
v 0.765121 0.219544 0.8726
v 0.771929 0.235544 0.8726
v 0.776936 0.251544 0.8726
v 0.780301 0.267544 0.8726
v 0.782119 0.283544 0.8726
v 0.782481 0.407544 0.8726
v 0.7815 0.423544 0.8726
v 0.779363 0.437741 0.8726
v 0.7785 0.431544 0.8726
v 0.7785 0.2775 0.8726
v 0.391363 0.2775 0.8726
v 0.385363 0.278127 0.8726
v 0.381363 0.279783 0.8726
v 0.376784 0.283544 0.8726
v 0.374174 0.287544 0.8726
v 0.372561 0.293544 0.8726
v 0.373101 0.409544 0.8726
v 0.375363 0.414556 0.8726
v 0.379363 0.418884 0.8726
v 0.383363 0.42119 0.8726
v 0.389363 0.422488 0.8726
v 0.611363 0.422447 0.8726
v 0.637363 0.424684 0.8726
v 0.661363 0.430325 0.8726
v 0.685363 0.439834 0.8726
v 0.707363 0.452605 0.8726
v 0.726235 0.467544 0.8726
v 0.736332 0.477544 0.8726
v 0.746509 0.489544 0.8726
v 0.762056 0.513544 0.8726
v 0.768763 0.527544 0.8726
v 0.774008 0.541544 0.8726
v 0.777927 0.555544 0.8726
v 0.780611 0.569544 0.8726
v 0.782494 0.593544 0.8726
v 0.782288 0.713544 0.8726
v 0.778585 0.741544 0.8726
v 0.774929 0.755544 0.8726
v 0.76997 0.769544 0.8726
v 0.760361 0.789544 0.8726
v 0.749363 0.806654 0.8726
v 0.735363 0.823491 0.8726
v 0.720399 0.837544 0.8726
v 0.703363 0.850049 0.8726
v 0.685363 0.860166 0.8726
v 0.665363 0.868374 0.8726
v 0.645363 0.873836 0.8726
v 0.629363 0.87641 0.8726
v 0.613363 0.877467 0.8726
v 0.385363 0.877438 0.8726
v 0.369363 0.876261 0.8726
v 0.355363 0.873987 0.8726
v 0.339363 0.8699 0.8726
v 0.325363 0.864932 0.8726
v 0.309363 0.857493 0.8726
v 0.292855 0.847544 0.8726
v 0.277363 0.835649 0.8726
v 0.264687 0.823544 0.8726
v 0.25279 0.809544 0.8726
v 0.241959 0.793544 0.8726
v 0.233496 0.777544 0.8726
v 0.226351 0.759544 0.8726
v 0.220226 0.735544 0.8726
v 0.21756 0.709544 0.8726
v 0.217535 0.591544 0.8726
v 0.218601 0.575544 0.8726
v 0.219363 0.56972 0.8726
v 0.22078 0.567544 0.8726
v 0.221363 0.55883 0.8726
v 0.221503 0.7225 0.8726
v 0.609363 0.7225 0.8726
v 0.615363 0.721657 0.8726
v 0.619363 0.719781 0.8726
v 0.623363 0.716276 0.8726
v 0.626226 0.711544 0.8726
v 0.627314 0.707544 0.8726
v 0.627155 0.591544 0.8726
v 0.624716 0.585544 0.8726
v 0.621363 0.581696 0.8726
v 0.617363 0.579128 0.8726
v 0.611363 0.577553 0.8726
v 0.389363 0.577511 0.8726
v 0.361363 0.575106 0.8726
v 0.337363 0.569273 0.8726
v 0.313368 0.559544 0.8726
v 0.292855 0.547544 0.8726
v 0.273363 0.53209 0.8726
v 0.262825 0.521544 0.8726
v 0.253363 0.510291 0.8726
v 0.244426 0.497544 0.8726
v 0.237458 0.485544 0.8726
v 0.230852 0.471544 0.8726
v 0.225697 0.457544 0.8726
v 0.219255 0.429544 0.8726
v 0.217519 0.407544 0.8726
v 0.217759 0.285544 0.8726
v 0.221616 0.257544 0.8726
v 0.225353 0.243544 0.8726
v 0.230402 0.229544 0.8726
v 0.239033 0.211544 0.8726
v 0.249363 0.195114 0.8726
v 0.261837 0.179544 0.8726
v 0.275996 0.165544 0.8726
v 0.291363 0.153483 0.8726
v 0.309363 0.142508 0.8726
v 0.327363 0.134274 0.8726
v 0.345363 0.128375 0.8726
v 0.365363 0.124268 0.8726
v 0.387363 0.12252 0.8726
v 0.611363 0.122505 0.8726
v 0.627363 0.123376 0.8796
v 0.649363 0.127051 0.8796
v 0.669363 0.133037 0.8796
v 0.689363 0.141841 0.8796
v 0.708721 0.153544 0.8796
v 0.726235 0.167544 0.8796
v 0.741363 0.183198 0.8796
v 0.75499 0.201544 0.8796
v 0.765121 0.219544 0.8796
v 0.771929 0.235544 0.8796
v 0.776936 0.251544 0.8796
v 0.780301 0.267544 0.8796
v 0.782119 0.283544 0.8796
v 0.782481 0.407544 0.8796
v 0.7815 0.423544 0.8796
v 0.779363 0.437741 0.8796
v 0.7785 0.431544 0.8796
v 0.7785 0.2775 0.8796
v 0.391363 0.2775 0.8796
v 0.385363 0.278127 0.8796
v 0.381363 0.279783 0.8796
v 0.376784 0.283544 0.8796
v 0.374174 0.287544 0.8796
v 0.372561 0.293544 0.8796
v 0.373101 0.409544 0.8796
v 0.375363 0.414556 0.8796
v 0.379363 0.418884 0.8796
v 0.383363 0.42119 0.8796
v 0.389363 0.422488 0.8796
v 0.611363 0.422447 0.8796
v 0.637363 0.424684 0.8796
v 0.661363 0.430325 0.8796
v 0.685363 0.439834 0.8796
v 0.707363 0.452605 0.8796
v 0.726235 0.467544 0.8796
v 0.736332 0.477544 0.8796
v 0.746509 0.489544 0.8796
v 0.762056 0.513544 0.8796
v 0.768763 0.527544 0.8796
v 0.774008 0.541544 0.8796
v 0.777927 0.555544 0.8796
v 0.780611 0.569544 0.8796
v 0.782494 0.593544 0.8796
v 0.782288 0.713544 0.8796
v 0.778585 0.741544 0.8796
v 0.774929 0.755544 0.8796
v 0.76997 0.769544 0.8796
v 0.760361 0.789544 0.8796
v 0.749363 0.806654 0.8796
v 0.735363 0.823491 0.8796
v 0.720399 0.837544 0.8796
v 0.703363 0.850049 0.8796
v 0.685363 0.860166 0.8796
v 0.665363 0.868374 0.8796
v 0.645363 0.873836 0.8796
v 0.629363 0.87641 0.8796
v 0.613363 0.877467 0.8796
v 0.385363 0.877438 0.8796
v 0.369363 0.876261 0.8796
v 0.355363 0.873987 0.8796
v 0.339363 0.8699 0.8796
v 0.325363 0.864932 0.8796
v 0.309363 0.857493 0.8796
v 0.292855 0.847544 0.8796
v 0.277363 0.835649 0.8796
v 0.264687 0.823544 0.8796
v 0.25279 0.809544 0.8796
v 0.241959 0.793544 0.8796
v 0.233496 0.777544 0.8796
v 0.226351 0.759544 0.8796
v 0.220226 0.735544 0.8796
v 0.21756 0.709544 0.8796
v 0.217535 0.591544 0.8796
v 0.218601 0.575544 0.8796
v 0.219363 0.56972 0.8796
v 0.22078 0.567544 0.8796
v 0.221363 0.55883 0.8796
v 0.221503 0.7225 0.8796
v 0.609363 0.7225 0.8796
v 0.615363 0.721657 0.8796
v 0.619363 0.719781 0.8796
v 0.623363 0.716276 0.8796
v 0.626226 0.711544 0.8796
v 0.627314 0.707544 0.8796
v 0.627155 0.591544 0.8796
v 0.624716 0.585544 0.8796
v 0.621363 0.581696 0.8796
v 0.617363 0.579128 0.8796
v 0.611363 0.577553 0.8796
v 0.389363 0.577511 0.8796
v 0.361363 0.575106 0.8796
v 0.337363 0.569273 0.8796
v 0.313368 0.559544 0.8796
v 0.292855 0.547544 0.8796
v 0.273363 0.53209 0.8796
v 0.262825 0.521544 0.8796
v 0.253363 0.510291 0.8796
v 0.244426 0.497544 0.8796
v 0.237458 0.485544 0.8796
v 0.230852 0.471544 0.8796
v 0.225697 0.457544 0.8796
v 0.219255 0.429544 0.8796
v 0.217519 0.407544 0.8796
v 0.217759 0.285544 0.8796
v 0.221616 0.257544 0.8796
v 0.225353 0.243544 0.8796
v 0.230402 0.229544 0.8796
v 0.239033 0.211544 0.8796
v 0.249363 0.195114 0.8796
v 0.261837 0.179544 0.8796
v 0.275996 0.165544 0.8796
v 0.291363 0.153483 0.8796
v 0.309363 0.142508 0.8796
v 0.327363 0.134274 0.8796
v 0.345363 0.128375 0.8796
v 0.365363 0.124268 0.8796
v 0.387363 0.12252 0.8796
v 0.611363 0.122505 0.8796
v 0.627363 0.123376 0.8726
v 0.649363 0.127051 0.8726
v 0.669363 0.133037 0.8726
v 0.689363 0.141841 0.8726
v 0.708721 0.153544 0.8726
v 0.726235 0.167544 0.8726
v 0.741363 0.183198 0.8726
v 0.75499 0.201544 0.8726
v 0.765121 0.219544 0.8726
v 0.771929 0.235544 0.8726
v 0.776936 0.251544 0.8726
v 0.780301 0.267544 0.8726
v 0.782119 0.283544 0.8726
v 0.782481 0.407544 0.8726
v 0.7815 0.423544 0.8726
v 0.779363 0.437741 0.8726
v 0.7785 0.431544 0.8726
v 0.7785 0.2775 0.8726
v 0.391363 0.2775 0.8726
v 0.385363 0.278127 0.8726
v 0.381363 0.279783 0.8726
v 0.376784 0.283544 0.8726
v 0.374174 0.287544 0.8726
v 0.372561 0.293544 0.8726
v 0.373101 0.409544 0.8726
v 0.375363 0.414556 0.8726
v 0.379363 0.418884 0.8726
v 0.383363 0.42119 0.8726
v 0.389363 0.422488 0.8726
v 0.611363 0.422447 0.8726
v 0.637363 0.424684 0.8726
v 0.661363 0.430325 0.8726
v 0.685363 0.439834 0.8726
v 0.707363 0.452605 0.8726
v 0.726235 0.467544 0.8726
v 0.736332 0.477544 0.8726
v 0.746509 0.489544 0.8726
v 0.762056 0.513544 0.8726
v 0.768763 0.527544 0.8726
v 0.774008 0.541544 0.8726
v 0.777927 0.555544 0.8726
v 0.780611 0.569544 0.8726
v 0.782494 0.593544 0.8726
v 0.782288 0.713544 0.8726
v 0.778585 0.741544 0.8726
v 0.774929 0.755544 0.8726
v 0.76997 0.769544 0.8726
v 0.760361 0.789544 0.8726
v 0.749363 0.806654 0.8726
v 0.735363 0.823491 0.8726
v 0.720399 0.837544 0.8726
v 0.703363 0.850049 0.8726
v 0.685363 0.860166 0.8726
v 0.665363 0.868374 0.8726
v 0.645363 0.873836 0.8726
v 0.629363 0.87641 0.8726
v 0.613363 0.877467 0.8726
v 0.385363 0.877438 0.8726
v 0.369363 0.876261 0.8726
v 0.355363 0.873987 0.8726
v 0.339363 0.8699 0.8726
v 0.325363 0.864932 0.8726
v 0.309363 0.857493 0.8726
v 0.292855 0.847544 0.8726
v 0.277363 0.835649 0.8726
v 0.264687 0.823544 0.8726
v 0.25279 0.809544 0.8726
v 0.241959 0.793544 0.8726
v 0.233496 0.777544 0.8726
v 0.226351 0.759544 0.8726
v 0.220226 0.735544 0.8726
v 0.21756 0.709544 0.8726
v 0.217535 0.591544 0.8726
v 0.218601 0.575544 0.8726
v 0.219363 0.56972 0.8726
v 0.22078 0.567544 0.8726
v 0.221363 0.55883 0.8726
v 0.221503 0.7225 0.8726
v 0.609363 0.7225 0.8726
v 0.615363 0.721657 0.8726
v 0.619363 0.719781 0.8726
v 0.623363 0.716276 0.8726
v 0.626226 0.711544 0.8726
v 0.627314 0.707544 0.8726
v 0.627155 0.591544 0.8726
v 0.624716 0.585544 0.8726
v 0.621363 0.581696 0.8726
v 0.617363 0.579128 0.8726
v 0.611363 0.577553 0.8726
v 0.389363 0.577511 0.8726
v 0.361363 0.575106 0.8726
v 0.337363 0.569273 0.8726
v 0.313368 0.559544 0.8726
v 0.292855 0.547544 0.8726
v 0.273363 0.53209 0.8726
v 0.262825 0.521544 0.8726
v 0.253363 0.510291 0.8726
v 0.244426 0.497544 0.8726
v 0.237458 0.485544 0.8726
v 0.230852 0.471544 0.8726
v 0.225697 0.457544 0.8726
v 0.219255 0.429544 0.8726
v 0.217519 0.407544 0.8726
v 0.217759 0.285544 0.8726
v 0.221616 0.257544 0.8726
v 0.225353 0.243544 0.8726
v 0.230402 0.229544 0.8726
v 0.239033 0.211544 0.8726
v 0.249363 0.195114 0.8726
v 0.261837 0.179544 0.8726
v 0.275996 0.165544 0.8726
v 0.291363 0.153483 0.8726
v 0.309363 0.142508 0.8726
v 0.327363 0.134274 0.8726
v 0.345363 0.128375 0.8726
v 0.365363 0.124268 0.8726
v 0.387363 0.12252 0.8726
v 0.611363 0.122505 0.8726
v 0.627363 0.123376 0.8796
v 0.649363 0.127051 0.8796
v 0.669363 0.133037 0.8796
v 0.689363 0.141841 0.8796
v 0.708721 0.153544 0.8796
v 0.726235 0.167544 0.8796
v 0.741363 0.183198 0.8796
v 0.75499 0.201544 0.8796
v 0.765121 0.219544 0.8796
v 0.771929 0.235544 0.8796
v 0.776936 0.251544 0.8796
v 0.780301 0.267544 0.8796
v 0.782119 0.283544 0.8796
v 0.782481 0.407544 0.8796
v 0.7815 0.423544 0.8796
v 0.779363 0.437741 0.8796
v 0.7785 0.431544 0.8796
v 0.7785 0.2775 0.8796
v 0.391363 0.2775 0.8796
v 0.385363 0.278127 0.8796
v 0.381363 0.279783 0.8796
v 0.376784 0.283544 0.8796
v 0.374174 0.287544 0.8796
v 0.372561 0.293544 0.8796
v 0.373101 0.409544 0.8796
v 0.375363 0.414556 0.8796
v 0.379363 0.418884 0.8796
v 0.383363 0.42119 0.8796
v 0.389363 0.422488 0.8796
v 0.611363 0.422447 0.8796
v 0.637363 0.424684 0.8796
v 0.661363 0.430325 0.8796
v 0.685363 0.439834 0.8796
v 0.707363 0.452605 0.8796
v 0.726235 0.467544 0.8796
v 0.736332 0.477544 0.8796
v 0.746509 0.489544 0.8796
v 0.762056 0.513544 0.8796
v 0.768763 0.527544 0.8796
v 0.774008 0.541544 0.8796
v 0.777927 0.555544 0.8796
v 0.780611 0.569544 0.8796
v 0.782494 0.593544 0.8796
v 0.782288 0.713544 0.8796
v 0.778585 0.741544 0.8796
v 0.774929 0.755544 0.8796
v 0.76997 0.769544 0.8796
v 0.760361 0.789544 0.8796
v 0.749363 0.806654 0.8796
v 0.735363 0.823491 0.8796
v 0.720399 0.837544 0.8796
v 0.703363 0.850049 0.8796
v 0.685363 0.860166 0.8796
v 0.665363 0.868374 0.8796
v 0.645363 0.873836 0.8796
v 0.629363 0.87641 0.8796
v 0.613363 0.877467 0.8796
v 0.385363 0.877438 0.8796
v 0.369363 0.876261 0.8796
v 0.355363 0.873987 0.8796
v 0.339363 0.8699 0.8796
v 0.325363 0.864932 0.8796
v 0.309363 0.857493 0.8796
v 0.292855 0.847544 0.8796
v 0.277363 0.835649 0.8796
v 0.264687 0.823544 0.8796
v 0.25279 0.809544 0.8796
v 0.241959 0.793544 0.8796
v 0.233496 0.777544 0.8796
v 0.226351 0.759544 0.8796
v 0.220226 0.735544 0.8796
v 0.21756 0.709544 0.8796
v 0.217535 0.591544 0.8796
v 0.218601 0.575544 0.8796
v 0.219363 0.56972 0.8796
v 0.22078 0.567544 0.8796
v 0.221363 0.55883 0.8796
v 0.221503 0.7225 0.8796
v 0.609363 0.7225 0.8796
v 0.615363 0.721657 0.8796
v 0.619363 0.719781 0.8796
v 0.623363 0.716276 0.8796
v 0.626226 0.711544 0.8796
v 0.627314 0.707544 0.8796
v 0.627155 0.591544 0.8796
v 0.624716 0.585544 0.8796
v 0.621363 0.581696 0.8796
v 0.617363 0.579128 0.8796
v 0.611363 0.577553 0.8796
v 0.389363 0.577511 0.8796
v 0.361363 0.575106 0.8796
v 0.337363 0.569273 0.8796
v 0.313368 0.559544 0.8796
v 0.292855 0.547544 0.8796
v 0.273363 0.53209 0.8796
v 0.262825 0.521544 0.8796
v 0.253363 0.510291 0.8796
v 0.244426 0.497544 0.8796
v 0.237458 0.485544 0.8796
v 0.230852 0.471544 0.8796
v 0.225697 0.457544 0.8796
v 0.219255 0.429544 0.8796
v 0.217519 0.407544 0.8796
v 0.217759 0.285544 0.8796
v 0.221616 0.257544 0.8796
v 0.225353 0.243544 0.8796
v 0.230402 0.229544 0.8796
v 0.239033 0.211544 0.8796
v 0.249363 0.195114 0.8796
v 0.261837 0.179544 0.8796
v 0.275996 0.165544 0.8796
v 0.291363 0.153483 0.8796
v 0.309363 0.142508 0.8796
v 0.327363 0.134274 0.8796
v 0.345363 0.128375 0.8796
v 0.365363 0.124268 0.8796
v 0.387363 0.12252 0.8796
v 0.611363 0.122505 0.8796
vt 0.773305 0.286045
vt 0.775918 0.286045
vt 0.775918 0.286865
vt 0.773305 0.286865
vt 0.775918 0.286045
vt 0.778337 0.286045
vt 0.778337 0.286865
vt 0.775918 0.286865
vt 0.778337 0.286045
vt 0.780802 0.286045
vt 0.780802 0.286865
vt 0.778337 0.286865
vt 0.536377 0.283604
vt 0.539005 0.283604
vt 0.539005 0.284424
vt 0.536377 0.284424
vt 0.539005 0.283604
vt 0.541633 0.283604
vt 0.541633 0.284424
vt 0.539005 0.284424
vt 0.541633 0.283604
vt 0.544163 0.283604
vt 0.544163 0.284424
vt 0.541633 0.284424
vt 0.433838 0.283604
vt 0.436475 0.283604
vt 0.436475 0.284424
vt 0.433838 0.284424
vt 0.436475 0.283604
vt 0.438893 0.283604
vt 0.438893 0.284424
vt 0.436475 0.284424
vt 0.438893 0.283604
vt 0.440927 0.283604
vt 0.440927 0.284424
vt 0.438893 0.284424
vt 0.440927 0.283604
vt 0.442866 0.283604
vt 0.442866 0.284424
vt 0.440927 0.284424
vt 0.1604 0.283604
vt 0.162297 0.283604
vt 0.162297 0.284424
vt 0.1604 0.284424
vt 0.162297 0.283604
vt 0.164182 0.283604
vt 0.164182 0.284424
vt 0.162297 0.284424
vt 0.164182 0.283604
vt 0.178685 0.283604
vt 0.178685 0.284424
vt 0.164182 0.284424
vt 0.178685 0.283604
vt 0.180548 0.283604
vt 0.180548 0.284424
vt 0.178685 0.284424
vt 0.692627 0.283604
vt 0.694309 0.283604
vt 0.694309 0.284424
vt 0.692627 0.284424
vt 0.28833 0.283604
vt 0.289062 0.283604
vt 0.289062 0.284424
vt 0.28833 0.284424
vt 0.289062 0.283604
vt 0.30707 0.283604
vt 0.30707 0.284424
vt 0.289062 0.284424
vt 0.647217 0.286045
vt 0.692523 0.286045
vt 0.692523 0.286865
vt 0.647217 0.286865
vt 0.692523 0.286045
vt 0.693229 0.286045
vt 0.693229 0.286865
vt 0.692523 0.286865
vt 0.635986 0.255127
vt 0.635986 0.25462
vt 0.636807 0.25462
vt 0.636807 0.255127
vt 0.091553 0.281982
vt 0.091553 0.281288
vt 0.092373 0.281288
vt 0.092373 0.281982
vt 0.44458 0.281982
vt 0.44458 0.281423
vt 0.4454 0.281423
vt 0.4454 0.281982
vt 0.065674 0.281982
vt 0.065674 0.281254
vt 0.066494 0.281254
vt 0.066494 0.281982
vt 0.329346 0.283604
vt 0.34294 0.283604
vt 0.34294 0.284424
vt 0.329346 0.284424
vt 0.310303 0.281982
vt 0.310303 0.281338
vt 0.311123 0.281338
vt 0.311123 0.281982
vt 0.096436 0.281982
vt 0.096436 0.281292
vt 0.097256 0.281292
vt 0.097256 0.281982
vt 0.454346 0.281982
vt 0.454346 0.281441
vt 0.455166 0.281441
vt 0.455166 0.281982
vt 0.822021 0.286045
vt 0.822741 0.286045
vt 0.822741 0.286865
vt 0.822021 0.286865
vt 0.822741 0.286045
vt 0.848018 0.286045
vt 0.848018 0.286865
vt 0.822741 0.286865
vt 0.848018 0.286045
vt 0.851041 0.286045
vt 0.851041 0.286865
vt 0.848018 0.286865
vt 0.851041 0.286045
vt 0.85393 0.286045
vt 0.85393 0.286865
vt 0.851041 0.286865
vt 0.85393 0.286045
vt 0.856926 0.286045
vt 0.856926 0.286865
vt 0.85393 0.286865
vt 0.856926 0.286045
vt 0.859785 0.286045
vt 0.859785 0.286865
vt 0.856926 0.286865
vt 0.389893 0.283604
vt 0.392678 0.283604
vt 0.392678 0.284424
vt 0.389893 0.284424
vt 0.392678 0.283604
vt 0.394341 0.283604
vt 0.394341 0.284424
vt 0.392678 0.284424
vt 0.394341 0.283604
vt 0.396184 0.283604
vt 0.396184 0.284424
vt 0.394341 0.284424
vt 0.396184 0.283604
vt 0.399488 0.283604
vt 0.399488 0.284424
vt 0.396184 0.284424
vt 0.645752 0.283604
vt 0.647556 0.283604
vt 0.647556 0.284424
vt 0.645752 0.284424
vt 0.647556 0.283604
vt 0.649306 0.283604
vt 0.649306 0.284424
vt 0.647556 0.284424
vt 0.649306 0.283604
vt 0.651008 0.283604
vt 0.651008 0.284424
vt 0.649306 0.284424
vt 0.651008 0.283604
vt 0.652665 0.283604
vt 0.652665 0.284424
vt 0.651008 0.284424
vt 0.068604 0.283604
vt 0.07139 0.283604
vt 0.07139 0.284424
vt 0.068604 0.284424
vt 0.07139 0.283604
vt 0.085413 0.283604
vt 0.085413 0.284424
vt 0.07139 0.284424
vt 0.085413 0.283604
vt 0.088718 0.283604
vt 0.088718 0.284424
vt 0.085413 0.284424
vt 0.088718 0.283604
vt 0.090386 0.283604
vt 0.090386 0.284424
vt 0.088718 0.284424
vt 0.66333 0.283604
vt 0.66506 0.283604
vt 0.66506 0.284424
vt 0.66333 0.284424
vt 0.66506 0.283604
vt 0.66766 0.283604
vt 0.66766 0.284424
vt 0.66506 0.284424
vt 0.66766 0.283604
vt 0.670027 0.283604
vt 0.670027 0.284424
vt 0.66766 0.284424
vt 0.573486 0.283604
vt 0.576033 0.283604
vt 0.576033 0.284424
vt 0.573486 0.284424
vt 0.576033 0.283604
vt 0.578439 0.283604
vt 0.578439 0.284424
vt 0.576033 0.284424
vt 0.578439 0.283604
vt 0.580897 0.283604
vt 0.580897 0.284424
vt 0.578439 0.284424
vt 0.592041 0.283604
vt 0.594443 0.283604
vt 0.594443 0.284424
vt 0.592041 0.284424
vt 0.594443 0.283604
vt 0.596976 0.283604
vt 0.596976 0.284424
vt 0.594443 0.284424
vt 0.596976 0.283604
vt 0.599387 0.283604
vt 0.599387 0.284424
vt 0.596976 0.284424
vt 0.901123 0.286045
vt 0.902997 0.286045
vt 0.902997 0.286865
vt 0.901123 0.286865
vt 0.902997 0.286045
vt 0.904872 0.286045
vt 0.904872 0.286865
vt 0.902997 0.286865
vt 0.904872 0.286045
vt 0.931591 0.286045
vt 0.931591 0.286865
vt 0.904872 0.286865
vt 0.931591 0.286045
vt 0.933466 0.286045
vt 0.933466 0.286865
vt 0.931591 0.286865
vt 0.933466 0.286045
vt 0.935107 0.286045
vt 0.935107 0.286865
vt 0.933466 0.286865
vt 0.516846 0.283604
vt 0.518761 0.283604
vt 0.518761 0.284424
vt 0.516846 0.284424
vt 0.518761 0.283604
vt 0.5205 0.283604
vt 0.5205 0.284424
vt 0.518761 0.284424
vt 0.5205 0.283604
vt 0.522566 0.283604
vt 0.522566 0.284424
vt 0.5205 0.284424
vt 0.522566 0.283604
vt 0.524799 0.283604
vt 0.524799 0.284424
vt 0.522566 0.284424
vt 0.455322 0.283604
vt 0.457582 0.283604
vt 0.457582 0.284424
vt 0.455322 0.284424
vt 0.457582 0.283604
vt 0.459633 0.283604
vt 0.459633 0.284424
vt 0.457582 0.284424
vt 0.459633 0.283604
vt 0.461783 0.283604
vt 0.461783 0.284424
vt 0.459633 0.284424
vt 0.461783 0.283604
vt 0.464018 0.283604
vt 0.464018 0.284424
vt 0.461783 0.284424
vt 0.610596 0.283604
vt 0.612703 0.283604
vt 0.612703 0.284424
vt 0.610596 0.284424
vt 0.612703 0.283604
vt 0.614972 0.283604
vt 0.614972 0.284424
vt 0.612703 0.284424
vt 0.614972 0.283604
vt 0.617853 0.283604
vt 0.617853 0.284424
vt 0.614972 0.284424
vt 0.204346 0.283604
vt 0.207384 0.283604
vt 0.207384 0.284424
vt 0.204346 0.284424
vt 0.207384 0.283604
vt 0.221209 0.283604
vt 0.221209 0.284424
vt 0.207384 0.284424
vt 0.221209 0.283604
vt 0.223086 0.283604
vt 0.223086 0.284424
vt 0.221209 0.284424
vt 0.223086 0.283604
vt 0.22377 0.283604
vt 0.22377 0.284424
vt 0.223086 0.284424
vt 0.266846 0.252686
vt 0.266846 0.252381
vt 0.267666 0.252381
vt 0.267666 0.252686
vt 0.699463 0.283604
vt 0.700486 0.283604
vt 0.700486 0.284424
vt 0.699463 0.284424
vt 0.246338 0.283604
vt 0.265518 0.283604
vt 0.265518 0.284424
vt 0.246338 0.284424
vt 0.551514 0.286045
vt 0.596856 0.286045
vt 0.596856 0.286865
vt 0.551514 0.286865
vt 0.596856 0.286045
vt 0.597564 0.286045
vt 0.597564 0.286865
vt 0.596856 0.286865
vt 0.631104 0.255127
vt 0.631104 0.254609
vt 0.631924 0.254609
vt 0.631924 0.255127
vt 0.315186 0.281982
vt 0.315186 0.281359
vt 0.316006 0.281359
vt 0.316006 0.281982
vt 0.240479 0.281982
vt 0.240479 0.281334
vt 0.241299 0.281334
vt 0.241299 0.281982
vt 0.844971 0.255127
vt 0.844971 0.254641
vt 0.845791 0.254641
vt 0.845791 0.255127
vt 0.359619 0.283604
vt 0.373213 0.283604
vt 0.373213 0.284424
vt 0.359619 0.284424
vt 0.972412 0.284424
vt 0.972412 0.283665
vt 0.973232 0.283665
vt 0.973232 0.284424
vt 0.320068 0.281982
vt 0.320068 0.281384
vt 0.320889 0.281384
vt 0.320889 0.281982
vt 0.449463 0.281982
vt 0.449463 0.281425
vt 0.450283 0.281425
vt 0.450283 0.281982
vt 0.070557 0.281982
vt 0.070557 0.281255
vt 0.071377 0.281255
vt 0.071377 0.281982
vt 0.001221 0.283604
vt 0.027085 0.283604
vt 0.027085 0.284424
vt 0.001221 0.284424
vt 0.027085 0.283604
vt 0.030378 0.283604
vt 0.030378 0.284424
vt 0.027085 0.284424
vt 0.030378 0.283604
vt 0.033247 0.283604
vt 0.033247 0.284424
vt 0.030378 0.284424
vt 0.47583 0.283604
vt 0.478833 0.283604
vt 0.478833 0.284424
vt 0.47583 0.284424
vt 0.478833 0.283604
vt 0.481618 0.283604
vt 0.481618 0.284424
vt 0.478833 0.284424
vt 0.481618 0.283604
vt 0.484504 0.283604
vt 0.484504 0.284424
vt 0.481618 0.284424
vt 0.496338 0.283604
vt 0.498059 0.283604
vt 0.498059 0.284424
vt 0.496338 0.284424
vt 0.498059 0.283604
vt 0.499776 0.283604
vt 0.499776 0.284424
vt 0.498059 0.284424
vt 0.499776 0.283604
vt 0.5016 0.283604
vt 0.5016 0.284424
vt 0.499776 0.284424
vt 0.5016 0.283604
vt 0.50322 0.283604
vt 0.50322 0.284424
vt 0.5016 0.284424
vt 0.50322 0.283604
vt 0.505007 0.283604
vt 0.505007 0.284424
vt 0.50322 0.284424
vt 0.554932 0.283604
vt 0.556664 0.283604
vt 0.556664 0.284424
vt 0.554932 0.284424
vt 0.556664 0.283604
vt 0.560031 0.283604
vt 0.560031 0.284424
vt 0.556664 0.284424
vt 0.560031 0.283604
vt 0.562592 0.283604
vt 0.562592 0.284424
vt 0.560031 0.284424
vt 0.115479 0.283604
vt 0.129533 0.283604
vt 0.129533 0.284424
vt 0.115479 0.284424
vt 0.129533 0.283604
vt 0.132841 0.283604
vt 0.132841 0.284424
vt 0.129533 0.284424
vt 0.132841 0.283604
vt 0.134534 0.283604
vt 0.134534 0.284424
vt 0.132841 0.284424
vt 0.134534 0.283604
vt 0.136256 0.283604
vt 0.136256 0.284424
vt 0.134534 0.284424
vt 0.412354 0.283604
vt 0.414658 0.283604
vt 0.414658 0.284424
vt 0.412354 0.284424
vt 0.414658 0.283604
vt 0.416929 0.283604
vt 0.416929 0.284424
vt 0.414658 0.284424
vt 0.416929 0.283604
vt 0.419263 0.283604
vt 0.419263 0.284424
vt 0.416929 0.284424
vt 0.419263 0.283604
vt 0.421562 0.283604
vt 0.421562 0.284424
vt 0.419263 0.284424
vt 0.628174 0.283604
vt 0.630447 0.283604
vt 0.630447 0.284424
vt 0.628174 0.284424
vt 0.630447 0.283604
vt 0.632918 0.283604
vt 0.632918 0.284424
vt 0.630447 0.284424
vt 0.632918 0.283604
vt 0.635221 0.283604
vt 0.635221 0.284424
vt 0.632918 0.284424
vt 0.679932 0.283604
vt 0.682148 0.283604
vt 0.682148 0.284424
vt 0.679932 0.284424
vt 0.682148 0.283604
vt 0.684537 0.283604
vt 0.684537 0.284424
vt 0.682148 0.284424
vt 0.74292 0.286045
vt 0.745444 0.286045
vt 0.745444 0.286865
vt 0.74292 0.286865
vt 0.745444 0.286045
vt 0.771434 0.286045
vt 0.771434 0.286865
vt 0.745444 0.286865
vt 0.771434 0.286045
vt 0.773305 0.286045
vt 0.773305 0.286865
vt 0.771434 0.286865
vt 0.540816 0.596948
vt 0.540385 0.594369
vt 0.540283 0.592494
vt 0.541517 0.599291
vt 0.540816 0.596948
vt 0.540283 0.592494
vt 0.542549 0.601635
vt 0.541517 0.599291
vt 0.540283 0.592494
vt 0.54392 0.603904
vt 0.542549 0.601635
vt 0.540283 0.592494
vt 0.545561 0.605956
vt 0.54392 0.603904
vt 0.540283 0.592494
vt 0.547396 0.607729
vt 0.545561 0.605956
vt 0.540283 0.592494
vt 0.549545 0.609326
vt 0.547396 0.607729
vt 0.540283 0.592494
vt 0.551655 0.610513
vt 0.549545 0.609326
vt 0.540283 0.592494
vt 0.55353 0.611311
vt 0.551655 0.610513
vt 0.540283 0.592494
vt 0.555405 0.611898
vt 0.55353 0.611311
vt 0.540283 0.592494
vt 0.55728 0.612292
vt 0.555405 0.611898
vt 0.540283 0.592494
vt 0.573686 0.612547
vt 0.559155 0.612505
vt 0.55728 0.612292
vt 0.575561 0.612432
vt 0.573686 0.612547
vt 0.55728 0.612292
vt 0.577225 0.612182
vt 0.575561 0.612432
vt 0.55728 0.612292
vt 0.576499 0.612081
vt 0.577225 0.612182
vt 0.55728 0.612292
vt 0.558447 0.612081
vt 0.576499 0.612081
vt 0.55728 0.612292
vt 0.558447 0.612081
vt 0.55728 0.612292
vt 0.540283 0.592494
vt 0.558447 0.566713
vt 0.558447 0.612081
vt 0.540283 0.592494
vt 0.55852 0.56601
vt 0.558447 0.566713
vt 0.540283 0.592494
vt 0.558714 0.565541
vt 0.55852 0.56601
vt 0.540283 0.592494
vt 0.575695 0.595541
vt 0.575433 0.592494
vt 0.575437 0.566479
vt 0.576356 0.598354
vt 0.575695 0.595541
vt 0.575437 0.566479
vt 0.57747 0.601166
vt 0.576356 0.598354
vt 0.575437 0.566479
vt 0.578967 0.603744
vt 0.57747 0.601166
vt 0.575437 0.566479
vt 0.580717 0.605956
vt 0.578967 0.603744
vt 0.575437 0.566479
vt 0.581889 0.607139
vt 0.580717 0.605956
vt 0.575437 0.566479
vt 0.583295 0.608332
vt 0.581889 0.607139
vt 0.575437 0.566479
vt 0.586108 0.610154
vt 0.583295 0.608332
vt 0.575437 0.566479
vt 0.586108 0.610154
vt 0.575437 0.566479
vt 0.575285 0.565776
vt 0.587749 0.61094
vt 0.586108 0.610154
vt 0.575285 0.565776
vt 0.589389 0.611554
vt 0.587749 0.61094
vt 0.575285 0.565776
vt 0.59103 0.612014
vt 0.589389 0.611554
vt 0.575285 0.565776
vt 0.59267 0.612328
vt 0.59103 0.612014
vt 0.575285 0.565776
vt 0.595483 0.612549
vt 0.59267 0.612328
vt 0.575285 0.565776
vt 0.612827 0.612091
vt 0.609545 0.612525
vt 0.595483 0.612549
vt 0.614467 0.611662
vt 0.612827 0.612091
vt 0.595483 0.612549
vt 0.616108 0.611081
vt 0.614467 0.611662
vt 0.595483 0.612549
vt 0.618452 0.609955
vt 0.616108 0.611081
vt 0.595483 0.612549
vt 0.620457 0.608666
vt 0.618452 0.609955
vt 0.595483 0.612549
vt 0.62243 0.607026
vt 0.620457 0.608666
vt 0.595483 0.612549
vt 0.624077 0.605272
vt 0.62243 0.607026
vt 0.595483 0.612549
vt 0.625542 0.603276
vt 0.624077 0.605272
vt 0.595483 0.612549
vt 0.626728 0.601166
vt 0.625542 0.603276
vt 0.595483 0.612549
vt 0.62769 0.598823
vt 0.626728 0.601166
vt 0.595483 0.612549
vt 0.62833 0.596479
vt 0.62769 0.598823
vt 0.595483 0.612549
vt 0.628631 0.594604
vt 0.62833 0.596479
vt 0.595483 0.612549
vt 0.628755 0.592729
vt 0.628631 0.594604
vt 0.595483 0.612549
vt 0.628614 0.564135
vt 0.628752 0.56601
vt 0.628755 0.592729
vt 0.628347 0.562494
vt 0.628614 0.564135
vt 0.628755 0.592729
vt 0.627869 0.560619
vt 0.628347 0.562494
vt 0.628755 0.592729
vt 0.627286 0.558979
vt 0.627869 0.560619
vt 0.628755 0.592729
vt 0.626415 0.557104
vt 0.627286 0.558979
vt 0.628755 0.592729
vt 0.625249 0.555169
vt 0.626415 0.557104
vt 0.628755 0.592729
vt 0.623855 0.553354
vt 0.625249 0.555169
vt 0.628755 0.592729
vt 0.622436 0.551868
vt 0.623855 0.553354
vt 0.628755 0.592729
vt 0.620795 0.550474
vt 0.622436 0.551868
vt 0.628755 0.592729
vt 0.61892 0.549205
vt 0.620795 0.550474
vt 0.628755 0.592729
vt 0.617045 0.548213
vt 0.61892 0.549205
vt 0.628755 0.592729
vt 0.614936 0.547376
vt 0.617045 0.548213
vt 0.628755 0.592729
vt 0.612124 0.546658
vt 0.614936 0.547376
vt 0.628755 0.592729
vt 0.595249 0.546343
vt 0.609077 0.546346
vt 0.612124 0.546658
vt 0.593374 0.546468
vt 0.595249 0.546343
vt 0.612124 0.546658
vt 0.592691 0.546557
vt 0.593374 0.546468
vt 0.612124 0.546658
vt 0.592436 0.546723
vt 0.592691 0.546557
vt 0.612124 0.546658
vt 0.591415 0.546791
vt 0.592436 0.546723
vt 0.612124 0.546658
vt 0.610595 0.546808
vt 0.591415 0.546791
vt 0.612124 0.546658
vt 0.610595 0.546808
vt 0.612124 0.546658
vt 0.628755 0.592729
vt 0.610595 0.59226
vt 0.610595 0.546808
vt 0.628755 0.592729
vt 0.610496 0.592963
vt 0.610595 0.59226
vt 0.628755 0.592729
vt 0.610276 0.593432
vt 0.610496 0.592963
vt 0.628755 0.592729
vt 0.610276 0.593432
vt 0.628755 0.592729
vt 0.595483 0.612549
vt 0.609866 0.593901
vt 0.610276 0.593432
vt 0.595483 0.612549
vt 0.609311 0.594236
vt 0.609866 0.593901
vt 0.595483 0.612549
vt 0.608842 0.594364
vt 0.609311 0.594236
vt 0.595483 0.612549
vt 0.595249 0.594345
vt 0.608842 0.594364
vt 0.595483 0.612549
vt 0.594545 0.594059
vt 0.595249 0.594345
vt 0.595483 0.612549
vt 0.594095 0.593666
vt 0.594545 0.594059
vt 0.595483 0.612549
vt 0.594095 0.593666
vt 0.595483 0.612549
vt 0.575285 0.565776
vt 0.594095 0.593666
vt 0.575285 0.565776
vt 0.575015 0.565307
vt 0.593794 0.593198
vt 0.594095 0.593666
vt 0.575015 0.565307
vt 0.593609 0.592494
vt 0.593794 0.593198
vt 0.575015 0.565307
vt 0.593604 0.566479
vt 0.593609 0.592494
vt 0.575015 0.565307
vt 0.593604 0.566479
vt 0.575015 0.565307
vt 0.574508 0.564838
vt 0.593604 0.566479
vt 0.574508 0.564838
vt 0.57392 0.564573
vt 0.593322 0.563198
vt 0.593604 0.566479
vt 0.57392 0.564573
vt 0.593322 0.563198
vt 0.57392 0.564573
vt 0.560327 0.56451
vt 0.592639 0.560385
vt 0.593322 0.563198
vt 0.560327 0.56451
vt 0.591499 0.557573
vt 0.592639 0.560385
vt 0.560327 0.56451
vt 0.590092 0.555169
vt 0.591499 0.557573
vt 0.560327 0.56451
vt 0.590092 0.555169
vt 0.560327 0.56451
vt 0.559624 0.564699
vt 0.588281 0.552885
vt 0.590092 0.555169
vt 0.559624 0.564699
vt 0.587045 0.55165
vt 0.588281 0.552885
vt 0.559624 0.564699
vt 0.585727 0.550541
vt 0.587045 0.55165
vt 0.559624 0.564699
vt 0.584233 0.549494
vt 0.585727 0.550541
vt 0.559624 0.564699
vt 0.582827 0.548677
vt 0.584233 0.549494
vt 0.559624 0.564699
vt 0.582827 0.548677
vt 0.559624 0.564699
vt 0.559155 0.565005
vt 0.581186 0.547903
vt 0.582827 0.548677
vt 0.559155 0.565005
vt 0.579545 0.547299
vt 0.581186 0.547903
vt 0.559155 0.565005
vt 0.576264 0.546544
vt 0.579545 0.547299
vt 0.559155 0.565005
vt 0.573686 0.546341
vt 0.576264 0.546544
vt 0.559155 0.565005
vt 0.573686 0.546341
vt 0.559155 0.565005
vt 0.558714 0.565541
vt 0.559389 0.546369
vt 0.573686 0.546341
vt 0.558714 0.565541
vt 0.559389 0.546369
vt 0.558714 0.565541
vt 0.540283 0.592494
vt 0.556108 0.546821
vt 0.559389 0.546369
vt 0.540283 0.592494
vt 0.554467 0.547259
vt 0.556108 0.546821
vt 0.540283 0.592494
vt 0.552827 0.547851
vt 0.554467 0.547259
vt 0.540283 0.592494
vt 0.550717 0.548862
vt 0.552827 0.547851
vt 0.540283 0.592494
vt 0.548792 0.550073
vt 0.550717 0.548862
vt 0.540283 0.592494
vt 0.546967 0.551534
vt 0.548792 0.550073
vt 0.540283 0.592494
vt 0.545327 0.553194
vt 0.546967 0.551534
vt 0.540283 0.592494
vt 0.543913 0.554994
vt 0.545327 0.553194
vt 0.540283 0.592494
vt 0.542627 0.557104
vt 0.543913 0.554994
vt 0.540283 0.592494
vt 0.541662 0.559213
vt 0.542627 0.557104
vt 0.540283 0.592494
vt 0.540971 0.561323
vt 0.541662 0.559213
vt 0.540283 0.592494
vt 0.54049 0.563666
vt 0.540971 0.561323
vt 0.540283 0.592494
vt 0.540283 0.592494
vt 0.540285 0.566244
vt 0.54049 0.563666
vt 0.630615 0.566395
vt 0.630717 0.56452
vt 0.631148 0.561942
vt 0.630615 0.566395
vt 0.631148 0.561942
vt 0.631849 0.559598
vt 0.630615 0.566395
vt 0.631849 0.559598
vt 0.632881 0.557255
vt 0.630615 0.566395
vt 0.632881 0.557255
vt 0.634253 0.554986
vt 0.630615 0.566395
vt 0.634253 0.554986
vt 0.635893 0.552934
vt 0.630615 0.566395
vt 0.635893 0.552934
vt 0.637728 0.551161
vt 0.630615 0.566395
vt 0.637728 0.551161
vt 0.639878 0.549564
vt 0.630615 0.566395
vt 0.639878 0.549564
vt 0.641987 0.548377
vt 0.630615 0.566395
vt 0.641987 0.548377
vt 0.643862 0.547579
vt 0.630615 0.566395
vt 0.643862 0.547579
vt 0.645737 0.546992
vt 0.630615 0.566395
vt 0.645737 0.546992
vt 0.647612 0.546598
vt 0.647612 0.546598
vt 0.649487 0.546385
vt 0.664018 0.546342
vt 0.647612 0.546598
vt 0.664018 0.546342
vt 0.665893 0.546457
vt 0.647612 0.546598
vt 0.665893 0.546457
vt 0.667557 0.546708
vt 0.647612 0.546598
vt 0.667557 0.546708
vt 0.666831 0.546809
vt 0.647612 0.546598
vt 0.666831 0.546809
vt 0.648779 0.546809
vt 0.630615 0.566395
vt 0.647612 0.546598
vt 0.648779 0.546809
vt 0.630615 0.566395
vt 0.648779 0.546809
vt 0.648779 0.592176
vt 0.630615 0.566395
vt 0.648779 0.592176
vt 0.648852 0.59288
vt 0.630615 0.566395
vt 0.648852 0.59288
vt 0.649046 0.593348
vt 0.665769 0.592411
vt 0.665765 0.566395
vt 0.666027 0.563348
vt 0.665769 0.592411
vt 0.666027 0.563348
vt 0.666688 0.560536
vt 0.665769 0.592411
vt 0.666688 0.560536
vt 0.667802 0.557723
vt 0.665769 0.592411
vt 0.667802 0.557723
vt 0.669299 0.555145
vt 0.665769 0.592411
vt 0.669299 0.555145
vt 0.671049 0.552934
vt 0.665769 0.592411
vt 0.671049 0.552934
vt 0.672221 0.55175
vt 0.665769 0.592411
vt 0.672221 0.55175
vt 0.673628 0.550558
vt 0.665769 0.592411
vt 0.673628 0.550558
vt 0.67644 0.548736
vt 0.665617 0.593114
vt 0.665769 0.592411
vt 0.67644 0.548736
vt 0.665617 0.593114
vt 0.67644 0.548736
vt 0.678081 0.54795
vt 0.665617 0.593114
vt 0.678081 0.54795
vt 0.679721 0.547335
vt 0.665617 0.593114
vt 0.679721 0.547335
vt 0.681362 0.546876
vt 0.665617 0.593114
vt 0.681362 0.546876
vt 0.683003 0.546561
vt 0.665617 0.593114
vt 0.683003 0.546561
vt 0.685815 0.546341
vt 0.685815 0.546341
vt 0.699878 0.546365
vt 0.703159 0.546799
vt 0.685815 0.546341
vt 0.703159 0.546799
vt 0.704799 0.547227
vt 0.685815 0.546341
vt 0.704799 0.547227
vt 0.70644 0.547809
vt 0.685815 0.546341
vt 0.70644 0.547809
vt 0.708784 0.548935
vt 0.685815 0.546341
vt 0.708784 0.548935
vt 0.710789 0.550223
vt 0.685815 0.546341
vt 0.710789 0.550223
vt 0.712762 0.551864
vt 0.685815 0.546341
vt 0.712762 0.551864
vt 0.714409 0.553618
vt 0.685815 0.546341
vt 0.714409 0.553618
vt 0.715874 0.555614
vt 0.685815 0.546341
vt 0.715874 0.555614
vt 0.71706 0.557723
vt 0.685815 0.546341
vt 0.71706 0.557723
vt 0.718022 0.560067
vt 0.685815 0.546341
vt 0.718022 0.560067
vt 0.718662 0.562411
vt 0.685815 0.546341
vt 0.718662 0.562411
vt 0.718963 0.564286
vt 0.685815 0.546341
vt 0.718963 0.564286
vt 0.719087 0.566161
vt 0.719087 0.566161
vt 0.719084 0.59288
vt 0.718946 0.594755
vt 0.719087 0.566161
vt 0.718946 0.594755
vt 0.718679 0.596395
vt 0.719087 0.566161
vt 0.718679 0.596395
vt 0.718201 0.59827
vt 0.719087 0.566161
vt 0.718201 0.59827
vt 0.717618 0.599911
vt 0.719087 0.566161
vt 0.717618 0.599911
vt 0.716747 0.601786
vt 0.719087 0.566161
vt 0.716747 0.601786
vt 0.715581 0.60372
vt 0.719087 0.566161
vt 0.715581 0.60372
vt 0.714187 0.605536
vt 0.719087 0.566161
vt 0.714187 0.605536
vt 0.712768 0.607021
vt 0.719087 0.566161
vt 0.712768 0.607021
vt 0.711128 0.608415
vt 0.719087 0.566161
vt 0.711128 0.608415
vt 0.709253 0.609685
vt 0.719087 0.566161
vt 0.709253 0.609685
vt 0.707378 0.610677
vt 0.719087 0.566161
vt 0.707378 0.610677
vt 0.705268 0.611514
vt 0.719087 0.566161
vt 0.705268 0.611514
vt 0.702456 0.612232
vt 0.702456 0.612232
vt 0.699409 0.612544
vt 0.685581 0.612547
vt 0.702456 0.612232
vt 0.685581 0.612547
vt 0.683706 0.612422
vt 0.702456 0.612232
vt 0.683706 0.612422
vt 0.683023 0.612333
vt 0.702456 0.612232
vt 0.683023 0.612333
vt 0.682768 0.612167
vt 0.702456 0.612232
vt 0.682768 0.612167
vt 0.681747 0.612098
vt 0.702456 0.612232
vt 0.681747 0.612098
vt 0.700927 0.612082
vt 0.719087 0.566161
vt 0.702456 0.612232
vt 0.700927 0.612082
vt 0.719087 0.566161
vt 0.700927 0.612082
vt 0.700927 0.56663
vt 0.719087 0.566161
vt 0.700927 0.56663
vt 0.700828 0.565926
vt 0.719087 0.566161
vt 0.700828 0.565926
vt 0.700608 0.565458
vt 0.685815 0.546341
vt 0.719087 0.566161
vt 0.700608 0.565458
vt 0.685815 0.546341
vt 0.700608 0.565458
vt 0.700198 0.564989
vt 0.685815 0.546341
vt 0.700198 0.564989
vt 0.699643 0.564653
vt 0.685815 0.546341
vt 0.699643 0.564653
vt 0.699174 0.564526
vt 0.685815 0.546341
vt 0.699174 0.564526
vt 0.685581 0.564545
vt 0.685815 0.546341
vt 0.685581 0.564545
vt 0.684878 0.56483
vt 0.685815 0.546341
vt 0.684878 0.56483
vt 0.684427 0.565223
vt 0.665617 0.593114
vt 0.685815 0.546341
vt 0.684427 0.565223
vt 0.665347 0.593583
vt 0.665617 0.593114
vt 0.684427 0.565223
vt 0.665347 0.593583
vt 0.684427 0.565223
vt 0.684126 0.565692
vt 0.665347 0.593583
vt 0.684126 0.565692
vt 0.683941 0.566395
vt 0.665347 0.593583
vt 0.683941 0.566395
vt 0.683936 0.592411
vt 0.66484 0.594051
vt 0.665347 0.593583
vt 0.683936 0.592411
vt 0.664253 0.594317
vt 0.66484 0.594051
vt 0.683936 0.592411
vt 0.664253 0.594317
vt 0.683936 0.592411
vt 0.683654 0.595692
vt 0.650659 0.59438
vt 0.664253 0.594317
vt 0.683654 0.595692
vt 0.650659 0.59438
vt 0.683654 0.595692
vt 0.682971 0.598505
vt 0.650659 0.59438
vt 0.682971 0.598505
vt 0.681831 0.601317
vt 0.650659 0.59438
vt 0.681831 0.601317
vt 0.680424 0.60372
vt 0.649956 0.594191
vt 0.650659 0.59438
vt 0.680424 0.60372
vt 0.649956 0.594191
vt 0.680424 0.60372
vt 0.678613 0.606005
vt 0.649956 0.594191
vt 0.678613 0.606005
vt 0.677378 0.60724
vt 0.649956 0.594191
vt 0.677378 0.60724
vt 0.676059 0.608348
vt 0.649956 0.594191
vt 0.676059 0.608348
vt 0.674565 0.609396
vt 0.649956 0.594191
vt 0.674565 0.609396
vt 0.673159 0.610212
vt 0.649487 0.593885
vt 0.649956 0.594191
vt 0.673159 0.610212
vt 0.649487 0.593885
vt 0.673159 0.610212
vt 0.671518 0.610986
vt 0.649487 0.593885
vt 0.671518 0.610986
vt 0.669878 0.61159
vt 0.649487 0.593885
vt 0.669878 0.61159
vt 0.666596 0.612345
vt 0.649487 0.593885
vt 0.666596 0.612345
vt 0.664018 0.612549
vt 0.649046 0.593348
vt 0.649487 0.593885
vt 0.664018 0.612549
vt 0.649046 0.593348
vt 0.664018 0.612549
vt 0.649721 0.612521
vt 0.630615 0.566395
vt 0.649046 0.593348
vt 0.649721 0.612521
vt 0.630615 0.566395
vt 0.649721 0.612521
vt 0.64644 0.612069
vt 0.630615 0.566395
vt 0.64644 0.612069
vt 0.644799 0.611631
vt 0.630615 0.566395
vt 0.644799 0.611631
vt 0.643159 0.611039
vt 0.630615 0.566395
vt 0.643159 0.611039
vt 0.641049 0.610028
vt 0.630615 0.566395
vt 0.641049 0.610028
vt 0.639124 0.608817
vt 0.630615 0.566395
vt 0.639124 0.608817
vt 0.637299 0.607355
vt 0.630615 0.566395
vt 0.637299 0.607355
vt 0.635659 0.605696
vt 0.630615 0.566395
vt 0.635659 0.605696
vt 0.634245 0.603895
vt 0.630615 0.566395
vt 0.634245 0.603895
vt 0.632959 0.601786
vt 0.630615 0.566395
vt 0.632959 0.601786
vt 0.631994 0.599676
vt 0.630615 0.566395
vt 0.631994 0.599676
vt 0.631303 0.597567
vt 0.630615 0.566395
vt 0.631303 0.597567
vt 0.630822 0.595223
vt 0.630822 0.595223
vt 0.630617 0.592645
vt 0.630615 0.566395
vn 0.118785 -0.99292 0
vn 0.224158 -0.974553 0
vn 0.3468 -0.937939 0
vn 0.462085 -0.886836 0
vn 0.571851 -0.820357 0
vn 0.672419 -0.74017 0
vn 0.763549 -0.64575 0
vn 0.837039 -0.547143 0
vn 0.895061 -0.445944 0
vn 0.938096 -0.346376 0
vn 0.967442 -0.253093 0
vn 0.987137 -0.159878 0
vn 0.999879 -0.015573 0
vn 0.99999 0.00442 0
vn 0.994712 0.102704 0
vn 0.98886 0.148847 0
vn -0.990433 0.137993 0
vn -0.999985 0.005388 0
vn -1 0 0
vn 0 1 0
vn 0.001595 0.999999 0
vn 0.222601 0.97491 0
vn 0.533844 0.845583 0
vn 0.733559 0.679626 0
vn 0.921217 0.38905 0
vn 0.999961 0.008792 0
vn 0.999732 -0.023153 0
vn 0.8306 -0.55687 0
vn 0.638325 -0.769767 0
vn 0.339056 -0.940766 0
vn 0.005512 -0.999985 0
vn 0.008854 -0.999961 0
vn 0.15564 -0.987814 0
vn 0.300984 -0.953629 0
vn 0.435916 -0.899987 0
vn 0.56116 -0.827707 0
vn 0.652422 -0.757856 0
vn 0.735357 -0.67768 0
vn 0.813634 -0.581377 0
vn 0.862917 -0.505346 0
vn 0.919712 -0.392594 0
vn 0.950398 -0.311037 0
vn 0.9733 -0.229539 0
vn 0.992855 -0.119328 0
vn 0.999932 -0.011645 0
vn 0.999651 0.026405 0
vn 0.984993 0.172594 0
vn 0.955782 0.294076 0
vn 0.919178 0.393841 0
vn 0.874262 0.485454 0
vn 0.805245 0.592942 0
vn 0.729474 0.684009 0
vn 0.63864 0.769506 0
vn 0.542447 0.84009 0
vn 0.434361 0.900739 0
vn 0.323394 0.946265 0
vn 0.217855 0.975981 0
vn 0.112746 0.993624 0
vn 0.004213 0.999991 0
vn -0.004943 0.999988 0
vn -0.114277 0.993449 0
vn -0.207414 0.978253 0
vn -0.288951 0.957344 0
vn -0.382196 0.924081 0
vn -0.471661 0.88178 0
vn -0.563783 0.825923 0
vn -0.648544 0.761177 0
vn -0.72815 0.685418 0
vn -0.797081 0.603873 0
vn -0.856376 0.516352 0
vn -0.908808 0.417215 0
vn -0.953539 0.30127 0
vn -0.984894 0.173158 0
vn -0.999825 0.018685 0
vn -0.99997 -0.007768 0
vn -0.996507 -0.083504 0
vn -0.964854 -0.262787 0
vn -0.98355 -0.180638 0
vn -0.997764 -0.066841 0
vn 1 -0.00085 0
vn 0 -1 0
vn -0.00214 -0.999998 0
vn -0.262413 -0.964956 0
vn -0.558174 -0.829724 0
vn -0.768274 -0.640121 0
vn -0.911087 -0.412215 0
vn -0.99997 -0.007737 0
vn -0.999773 0.021291 0
vn -0.861983 0.506938 0
vn -0.657463 0.753487 0
vn -0.382741 0.923856 0
vn -0.00709 0.999975 0
vn -0.009787 0.999952 0
vn -0.15648 0.987681 0
vn -0.308443 0.951243 0
vn -0.43872 0.898624 0
vn -0.565843 0.824513 0
vn -0.654551 0.756018 0
vn -0.73686 0.676045 0
vn -0.79363 0.6084 0
vn -0.841237 0.540667 0
vn -0.886455 0.462815 0
vn -0.921969 0.387263 0
vn -0.963929 0.266159 0
vn -0.986885 0.161426 0
vn -0.999946 0.010386 0
vn -0.999627 -0.027303 0
vn -0.984044 -0.177926 0
vn -0.954129 -0.299395 0
vn -0.91951 -0.393067 0
vn -0.875943 -0.482415 0
vn -0.814368 -0.580349 0
vn -0.743051 -0.669235 0
vn -0.661733 -0.749739 0
vn -0.568131 -0.822938 0
vn -0.470758 -0.882262 0
vn -0.365426 -0.930841 0
vn -0.254631 -0.967038 0
vn -0.138075 -0.990422 0
vn -0.007167 -0.999974 0
vn 0.003566 -0.999994 0
vn 0 0 -1
vn 0 0 1
f 421/1039/110 422/1040/111 540/1041/111 539/1042/110
f 422/1043/111 423/1044/112 541/1045/112 540/1046/111
f 423/1047/112 424/1048/113 542/1049/113 541/1050/112
f 424/1051/113 425/1052/114 543/1053/114 542/1054/113
f 425/1055/114 426/1056/115 544/1057/115 543/1058/114
f 426/1059/115 427/1060/116 545/1061/116 544/1062/115
f 427/1063/116 428/1064/117 546/1065/117 545/1066/116
f 428/1067/117 429/1068/118 547/1069/118 546/1070/117
f 429/1071/118 430/1072/119 548/1073/119 547/1074/118
f 430/1075/119 431/1076/120 549/1077/120 548/1078/119
f 431/1079/120 432/1080/121 550/1081/121 549/1082/120
f 432/1083/121 433/1084/122 551/1085/122 550/1086/121
f 433/1087/122 434/1088/123 552/1089/123 551/1090/122
f 434/1091/123 435/1092/124 553/1093/124 552/1094/123
f 435/1095/124 436/1096/125 554/1097/125 553/1098/124
f 436/1099/126 437/1100/127 555/1101/127 554/1102/126
f 437/1103/127 438/1104/128 556/1105/128 555/1106/127
f 438/1107/129 439/1108/130 557/1109/130 556/1110/129
f 439/1111/130 440/1112/131 558/1113/131 557/1114/130
f 440/1115/131 441/1116/132 559/1117/132 558/1118/131
f 441/1119/132 442/1120/133 560/1121/133 559/1122/132
f 442/1123/133 443/1124/134 561/1125/134 560/1126/133
f 443/1127/134 444/1128/135 562/1129/135 561/1130/134
f 444/1131/135 445/1132/136 563/1133/136 562/1134/135
f 445/1135/136 446/1136/137 564/1137/137 563/1138/136
f 446/1139/137 447/1140/138 565/1141/138 564/1142/137
f 447/1143/138 448/1144/139 566/1145/139 565/1146/138
f 448/1147/139 449/1148/140 567/1149/140 566/1150/139
f 449/1151/140 450/1152/141 568/1153/141 567/1154/140
f 450/1155/141 451/1156/142 569/1157/142 568/1158/141
f 451/1159/142 452/1160/143 570/1161/143 569/1162/142
f 452/1163/143 453/1164/144 571/1165/144 570/1166/143
f 453/1167/144 454/1168/145 572/1169/145 571/1170/144
f 454/1171/145 455/1172/146 573/1173/146 572/1174/145
f 455/1175/146 456/1176/147 574/1177/147 573/1178/146
f 456/1179/147 457/1180/148 575/1181/148 574/1182/147
f 457/1183/148 458/1184/149 576/1185/149 575/1186/148
f 458/1187/149 459/1188/150 577/1189/150 576/1190/149
f 459/1191/150 460/1192/151 578/1193/151 577/1194/150
f 460/1195/151 461/1196/152 579/1197/152 578/1198/151
f 461/1199/152 462/1200/153 580/1201/153 579/1202/152
f 462/1203/153 463/1204/154 581/1205/154 580/1206/153
f 463/1207/154 464/1208/155 582/1209/155 581/1210/154
f 464/1211/155 465/1212/156 583/1213/156 582/1214/155
f 465/1215/156 466/1216/157 584/1217/157 583/1218/156
f 466/1219/157 467/1220/158 585/1221/158 584/1222/157
f 467/1223/158 468/1224/159 586/1225/159 585/1226/158
f 468/1227/159 469/1228/160 587/1229/160 586/1230/159
f 469/1231/160 470/1232/161 588/1233/161 587/1234/160
f 470/1235/161 471/1236/162 589/1237/162 588/1238/161
f 471/1239/162 472/1240/163 590/1241/163 589/1242/162
f 472/1243/163 473/1244/164 591/1245/164 590/1246/163
f 473/1247/164 474/1248/165 592/1249/165 591/1250/164
f 474/1251/165 475/1252/166 593/1253/166 592/1254/165
f 475/1255/166 476/1256/167 594/1257/167 593/1258/166
f 476/1259/167 477/1260/168 595/1261/168 594/1262/167
f 477/1263/168 478/1264/169 596/1265/169 595/1266/168
f 478/1267/169 479/1268/170 597/1269/170 596/1270/169
f 479/1271/170 480/1272/171 598/1273/171 597/1274/170
f 480/1275/171 481/1276/172 599/1277/172 598/1278/171
f 481/1279/172 482/1280/173 600/1281/173 599/1282/172
f 482/1283/173 483/1284/174 601/1285/174 600/1286/173
f 483/1287/174 484/1288/175 602/1289/175 601/1290/174
f 484/1291/175 485/1292/176 603/1293/176 602/1294/175
f 485/1295/176 486/1296/177 604/1297/177 603/1298/176
f 486/1299/177 487/1300/178 605/1301/178 604/1302/177
f 487/1303/178 488/1304/179 606/1305/179 605/1306/178
f 488/1307/179 489/1308/180 607/1309/180 606/1310/179
f 489/1311/180 490/1312/181 608/1313/181 607/1314/180
f 490/1315/181 491/1316/182 609/1317/182 608/1318/181
f 491/1319/182 492/1320/183 610/1321/183 609/1322/182
f 492/1323/183 493/1324/184 611/1325/184 610/1326/183
f 493/1327/184 494/1328/185 612/1329/185 611/1330/184
f 494/1331/185 495/1332/186 613/1333/186 612/1334/185
f 495/1335/186 496/1336/187 614/1337/187 613/1338/186
f 496/1339/187 497/1340/188 615/1341/188 614/1342/187
f 497/1343/189 498/1344/189 616/1345/189 615/1346/189
f 498/1347/190 499/1348/191 617/1349/191 616/1350/190
f 499/1351/191 500/1352/192 618/1353/192 617/1354/191
f 500/1355/192 501/1356/193 619/1357/193 618/1358/192
f 501/1359/193 502/1360/194 620/1361/194 619/1362/193
f 502/1363/194 503/1364/195 621/1365/195 620/1366/194
f 503/1367/195 504/1368/196 622/1369/196 621/1370/195
f 504/1371/196 505/1372/197 623/1373/197 622/1374/196
f 505/1375/197 506/1376/198 624/1377/198 623/1378/197
f 506/1379/198 507/1380/199 625/1381/199 624/1382/198
f 507/1383/199 508/1384/200 626/1385/200 625/1386/199
f 508/1387/200 509/1388/201 627/1389/201 626/1390/200
f 509/1391/201 510/1392/202 628/1393/202 627/1394/201
f 510/1395/202 511/1396/203 629/1397/203 628/1398/202
f 511/1399/203 512/1400/204 630/1401/204 629/1402/203
f 512/1403/204 513/1404/205 631/1405/205 630/1406/204
f 513/1407/205 514/1408/206 632/1409/206 631/1410/205
f 514/1411/206 515/1412/207 633/1413/207 632/1414/206
f 515/1415/207 516/1416/208 634/1417/208 633/1418/207
f 516/1419/208 517/1420/209 635/1421/209 634/1422/208
f 517/1423/209 518/1424/210 636/1425/210 635/1426/209
f 518/1427/210 519/1428/211 637/1429/211 636/1430/210
f 519/1431/211 520/1432/212 638/1433/212 637/1434/211
f 520/1435/212 521/1436/213 639/1437/213 638/1438/212
f 521/1439/213 522/1440/214 640/1441/214 639/1442/213
f 522/1443/214 523/1444/215 641/1445/215 640/1446/214
f 523/1447/215 524/1448/216 642/1449/216 641/1450/215
f 524/1451/216 525/1452/217 643/1453/217 642/1454/216
f 525/1455/217 526/1456/218 644/1457/218 643/1458/217
f 526/1459/218 527/1460/219 645/1461/219 644/1462/218
f 527/1463/219 528/1464/220 646/1465/220 645/1466/219
f 528/1467/220 529/1468/221 647/1469/221 646/1470/220
f 529/1471/221 530/1472/222 648/1473/222 647/1474/221
f 530/1475/222 531/1476/223 649/1477/223 648/1478/222
f 531/1479/223 532/1480/224 650/1481/224 649/1482/223
f 532/1483/224 533/1484/225 651/1485/225 650/1486/224
f 533/1487/225 534/1488/226 652/1489/226 651/1490/225
f 534/1491/226 535/1492/227 653/1493/227 652/1494/226
f 535/1495/227 536/1496/228 654/1497/228 653/1498/227
f 536/1499/228 537/1500/229 655/1501/229 654/1502/228
f 537/1503/229 538/1504/230 656/1505/230 655/1506/229
f 538/1507/230 421/1508/110 539/1509/110 656/1510/230
f 658/1511/231 657/1512/231 774/1513/231
f 659/1514/231 658/1515/231 774/1516/231
f 660/1517/231 659/1518/231 774/1519/231
f 661/1520/231 660/1521/231 774/1522/231
f 662/1523/231 661/1524/231 774/1525/231
f 663/1526/231 662/1527/231 774/1528/231
f 664/1529/231 663/1530/231 774/1531/231
f 665/1532/231 664/1533/231 774/1534/231
f 666/1535/231 665/1536/231 774/1537/231
f 667/1538/231 666/1539/231 774/1540/231
f 668/1541/231 667/1542/231 774/1543/231
f 670/1544/231 669/1545/231 668/1546/231
f 671/1547/231 670/1548/231 668/1549/231
f 672/1550/231 671/1551/231 668/1552/231
f 673/1553/231 672/1554/231 668/1555/231
f 674/1556/231 673/1557/231 668/1558/231
f 674/1559/231 668/1560/231 774/1561/231
f 675/1562/231 674/1563/231 774/1564/231
f 676/1565/231 675/1566/231 774/1567/231
f 677/1568/231 676/1569/231 774/1570/231
f 687/1571/231 686/1572/231 685/1573/231
f 688/1574/231 687/1575/231 685/1576/231
f 689/1577/231 688/1578/231 685/1579/231
f 690/1580/231 689/1581/231 685/1582/231
f 691/1583/231 690/1584/231 685/1585/231
f 692/1586/231 691/1587/231 685/1588/231
f 693/1589/231 692/1590/231 685/1591/231
f 694/1592/231 693/1593/231 685/1594/231
f 694/1595/231 685/1596/231 684/1597/231
f 695/1598/231 694/1599/231 684/1600/231
f 696/1601/231 695/1602/231 684/1603/231
f 697/1604/231 696/1605/231 684/1606/231
f 698/1607/231 697/1608/231 684/1609/231
f 699/1610/231 698/1611/231 684/1612/231
f 701/1613/231 700/1614/231 699/1615/231
f 702/1616/231 701/1617/231 699/1618/231
f 703/1619/231 702/1620/231 699/1621/231
f 704/1622/231 703/1623/231 699/1624/231
f 705/1625/231 704/1626/231 699/1627/231
f 706/1628/231 705/1629/231 699/1630/231
f 707/1631/231 706/1632/231 699/1633/231
f 708/1634/231 707/1635/231 699/1636/231
f 709/1637/231 708/1638/231 699/1639/231
f 710/1640/231 709/1641/231 699/1642/231
f 711/1643/231 710/1644/231 699/1645/231
f 712/1646/231 711/1647/231 699/1648/231
f 713/1649/231 712/1650/231 699/1651/231
f 715/1652/231 714/1653/231 713/1654/231
f 716/1655/231 715/1656/231 713/1657/231
f 717/1658/231 716/1659/231 713/1660/231
f 718/1661/231 717/1662/231 713/1663/231
f 719/1664/231 718/1665/231 713/1666/231
f 720/1667/231 719/1668/231 713/1669/231
f 721/1670/231 720/1671/231 713/1672/231
f 722/1673/231 721/1674/231 713/1675/231
f 723/1676/231 722/1677/231 713/1678/231
f 724/1679/231 723/1680/231 713/1681/231
f 725/1682/231 724/1683/231 713/1684/231
f 726/1685/231 725/1686/231 713/1687/231
f 727/1688/231 726/1689/231 713/1690/231
f 729/1691/231 728/1692/231 727/1693/231
f 730/1694/231 729/1695/231 727/1696/231
f 731/1697/231 730/1698/231 727/1699/231
f 732/1700/231 731/1701/231 727/1702/231
f 733/1703/231 732/1704/231 727/1705/231
f 734/1706/231 733/1707/231 727/1708/231
f 734/1709/231 727/1710/231 713/1711/231
f 735/1712/231 734/1713/231 713/1714/231
f 736/1715/231 735/1716/231 713/1717/231
f 737/1718/231 736/1719/231 713/1720/231
f 737/1721/231 713/1722/231 699/1723/231
f 738/1724/231 737/1725/231 699/1726/231
f 739/1727/231 738/1728/231 699/1729/231
f 740/1730/231 739/1731/231 699/1732/231
f 741/1733/231 740/1734/231 699/1735/231
f 742/1736/231 741/1737/231 699/1738/231
f 743/1739/231 742/1740/231 699/1741/231
f 743/1742/231 699/1743/231 684/1744/231
f 743/1745/231 684/1746/231 683/1747/231
f 744/1748/231 743/1749/231 683/1750/231
f 745/1751/231 744/1752/231 683/1753/231
f 746/1754/231 745/1755/231 683/1756/231
f 746/1757/231 683/1758/231 682/1759/231
f 746/1760/231 682/1761/231 681/1762/231
f 747/1763/231 746/1764/231 681/1765/231
f 747/1766/231 681/1767/231 680/1768/231
f 748/1769/231 747/1770/231 680/1771/231
f 749/1772/231 748/1773/231 680/1774/231
f 750/1775/231 749/1776/231 680/1777/231
f 750/1778/231 680/1779/231 679/1780/231
f 751/1781/231 750/1782/231 679/1783/231
f 752/1784/231 751/1785/231 679/1786/231
f 753/1787/231 752/1788/231 679/1789/231
f 754/1790/231 753/1791/231 679/1792/231
f 755/1793/231 754/1794/231 679/1795/231
f 755/1796/231 679/1797/231 678/1798/231
f 756/1799/231 755/1800/231 678/1801/231
f 757/1802/231 756/1803/231 678/1804/231
f 758/1805/231 757/1806/231 678/1807/231
f 759/1808/231 758/1809/231 678/1810/231
f 759/1811/231 678/1812/231 677/1813/231
f 760/1814/231 759/1815/231 677/1816/231
f 760/1817/231 677/1818/231 774/1819/231
f 761/1820/231 760/1821/231 774/1822/231
f 762/1823/231 761/1824/231 774/1825/231
f 763/1826/231 762/1827/231 774/1828/231
f 764/1829/231 763/1830/231 774/1831/231
f 765/1832/231 764/1833/231 774/1834/231
f 766/1835/231 765/1836/231 774/1837/231
f 767/1838/231 766/1839/231 774/1840/231
f 768/1841/231 767/1842/231 774/1843/231
f 769/1844/231 768/1845/231 774/1846/231
f 770/1847/231 769/1848/231 774/1849/231
f 771/1850/231 770/1851/231 774/1852/231
f 772/1853/231 771/1854/231 774/1855/231
f 774/1856/231 773/1857/231 772/1858/231
f 892/1859/232 775/1860/232 776/1861/232
f 892/1862/232 776/1863/232 777/1864/232
f 892/1865/232 777/1866/232 778/1867/232
f 892/1868/232 778/1869/232 779/1870/232
f 892/1871/232 779/1872/232 780/1873/232
f 892/1874/232 780/1875/232 781/1876/232
f 892/1877/232 781/1878/232 782/1879/232
f 892/1880/232 782/1881/232 783/1882/232
f 892/1883/232 783/1884/232 784/1885/232
f 892/1886/232 784/1887/232 785/1888/232
f 892/1889/232 785/1890/232 786/1891/232
f 786/1892/232 787/1893/232 788/1894/232
f 786/1895/232 788/1896/232 789/1897/232
f 786/1898/232 789/1899/232 790/1900/232
f 786/1901/232 790/1902/232 791/1903/232
f 786/1904/232 791/1905/232 792/1906/232
f 892/1907/232 786/1908/232 792/1909/232
f 892/1910/232 792/1911/232 793/1912/232
f 892/1913/232 793/1914/232 794/1915/232
f 892/1916/232 794/1917/232 795/1918/232
f 803/1919/232 804/1920/232 805/1921/232
f 803/1922/232 805/1923/232 806/1924/232
f 803/1925/232 806/1926/232 807/1927/232
f 803/1928/232 807/1929/232 808/1930/232
f 803/1931/232 808/1932/232 809/1933/232
f 803/1934/232 809/1935/232 810/1936/232
f 803/1937/232 810/1938/232 811/1939/232
f 803/1940/232 811/1941/232 812/1942/232
f 802/1943/232 803/1944/232 812/1945/232
f 802/1946/232 812/1947/232 813/1948/232
f 802/1949/232 813/1950/232 814/1951/232
f 802/1952/232 814/1953/232 815/1954/232
f 802/1955/232 815/1956/232 816/1957/232
f 802/1958/232 816/1959/232 817/1960/232
f 817/1961/232 818/1962/232 819/1963/232
f 817/1964/232 819/1965/232 820/1966/232
f 817/1967/232 820/1968/232 821/1969/232
f 817/1970/232 821/1971/232 822/1972/232
f 817/1973/232 822/1974/232 823/1975/232
f 817/1976/232 823/1977/232 824/1978/232
f 817/1979/232 824/1980/232 825/1981/232
f 817/1982/232 825/1983/232 826/1984/232
f 817/1985/232 826/1986/232 827/1987/232
f 817/1988/232 827/1989/232 828/1990/232
f 817/1991/232 828/1992/232 829/1993/232
f 817/1994/232 829/1995/232 830/1996/232
f 817/1997/232 830/1998/232 831/1999/232
f 831/2000/232 832/2001/232 833/2002/232
f 831/2003/232 833/2004/232 834/2005/232
f 831/2006/232 834/2007/232 835/2008/232
f 831/2009/232 835/2010/232 836/2011/232
f 831/2012/232 836/2013/232 837/2014/232
f 831/2015/232 837/2016/232 838/2017/232
f 831/2018/232 838/2019/232 839/2020/232
f 831/2021/232 839/2022/232 840/2023/232
f 831/2024/232 840/2025/232 841/2026/232
f 831/2027/232 841/2028/232 842/2029/232
f 831/2030/232 842/2031/232 843/2032/232
f 831/2033/232 843/2034/232 844/2035/232
f 831/2036/232 844/2037/232 845/2038/232
f 845/2039/232 846/2040/232 847/2041/232
f 845/2042/232 847/2043/232 848/2044/232
f 845/2045/232 848/2046/232 849/2047/232
f 845/2048/232 849/2049/232 850/2050/232
f 845/2051/232 850/2052/232 851/2053/232
f 845/2054/232 851/2055/232 852/2056/232
f 831/2057/232 845/2058/232 852/2059/232
f 831/2060/232 852/2061/232 853/2062/232
f 831/2063/232 853/2064/232 854/2065/232
f 831/2066/232 854/2067/232 855/2068/232
f 817/2069/232 831/2070/232 855/2071/232
f 817/2072/232 855/2073/232 856/2074/232
f 817/2075/232 856/2076/232 857/2077/232
f 817/2078/232 857/2079/232 858/2080/232
f 817/2081/232 858/2082/232 859/2083/232
f 817/2084/232 859/2085/232 860/2086/232
f 817/2087/232 860/2088/232 861/2089/232
f 802/2090/232 817/2091/232 861/2092/232
f 801/2093/232 802/2094/232 861/2095/232
f 801/2096/232 861/2097/232 862/2098/232
f 801/2099/232 862/2100/232 863/2101/232
f 801/2102/232 863/2103/232 864/2104/232
f 800/2105/232 801/2106/232 864/2107/232
f 799/2108/232 800/2109/232 864/2110/232
f 799/2111/232 864/2112/232 865/2113/232
f 798/2114/232 799/2115/232 865/2116/232
f 798/2117/232 865/2118/232 866/2119/232
f 798/2120/232 866/2121/232 867/2122/232
f 798/2123/232 867/2124/232 868/2125/232
f 797/2126/232 798/2127/232 868/2128/232
f 797/2129/232 868/2130/232 869/2131/232
f 797/2132/232 869/2133/232 870/2134/232
f 797/2135/232 870/2136/232 871/2137/232
f 797/2138/232 871/2139/232 872/2140/232
f 797/2141/232 872/2142/232 873/2143/232
f 796/2144/232 797/2145/232 873/2146/232
f 796/2147/232 873/2148/232 874/2149/232
f 796/2150/232 874/2151/232 875/2152/232
f 796/2153/232 875/2154/232 876/2155/232
f 796/2156/232 876/2157/232 877/2158/232
f 795/2159/232 796/2160/232 877/2161/232
f 795/2162/232 877/2163/232 878/2164/232
f 892/2165/232 795/2166/232 878/2167/232
f 892/2168/232 878/2169/232 879/2170/232
f 892/2171/232 879/2172/232 880/2173/232
f 892/2174/232 880/2175/232 881/2176/232
f 892/2177/232 881/2178/232 882/2179/232
f 892/2180/232 882/2181/232 883/2182/232
f 892/2183/232 883/2184/232 884/2185/232
f 892/2186/232 884/2187/232 885/2188/232
f 892/2189/232 885/2190/232 886/2191/232
f 892/2192/232 886/2193/232 887/2194/232
f 892/2195/232 887/2196/232 888/2197/232
f 892/2198/232 888/2199/232 889/2200/232
f 892/2201/232 889/2202/232 890/2203/232
f 890/2204/232 891/2205/232 892/2206/232
