# AFL submersible_fuel_pump/body, generated by tools/build-fuel-station-sump-v1.mjs
mtllib body.mtl
o submersible_fuel_pump__body__sump_walls
usemtl fuel_station_sump
v 0 0 0
v 1 0 0
v 1 1 0
v 0 1 0
v 0 0 0.0375
v 1 0 0.0375
v 1 1 0.0375
v 0 1 0.0375
v 0.15 0.85 0
v 0.85 0.85 0
v 0.85 0.15 0
v 0.15 0.15 0
v 0.15 0.85 0.0375
v 0.85 0.85 0.0375
v 0.85 0.15 0.0375
v 0.15 0.15 0.0375
v 0 0 0
v 1 0 0
v 1 1 0
v 0 1 0
v 0.15 0.85 0
v 0.85 0.85 0
v 0.85 0.15 0
v 0.15 0.15 0
v 0 0 0.0375
v 1 0 0.0375
v 1 1 0.0375
v 0 1 0.0375
v 0.15 0.85 0.0375
v 0.85 0.85 0.0375
v 0.85 0.15 0.0375
v 0.15 0.15 0.0375
v 0 0 0.9625
v 1 0 0.9625
v 1 1 0.9625
v 0 1 0.9625
v 0 0 1
v 1 0 1
v 1 1 1
v 0 1 1
v 0.309375 0.690625 0.9625
v 0.690625 0.690625 0.9625
v 0.690625 0.309375 0.9625
v 0.309375 0.309375 0.9625
v 0.309375 0.690625 1
v 0.690625 0.690625 1
v 0.690625 0.309375 1
v 0.309375 0.309375 1
v 0 0 0.9625
v 1 0 0.9625
v 1 1 0.9625
v 0 1 0.9625
v 0.309375 0.690625 0.9625
v 0.690625 0.690625 0.9625
v 0.690625 0.309375 0.9625
v 0.309375 0.309375 0.9625
v 0 0 1
v 1 0 1
v 1 1 1
v 0 1 1
v 0.309375 0.690625 1
v 0.690625 0.690625 1
v 0.690625 0.309375 1
v 0.309375 0.309375 1
v 0 0 0.0375
v 0 0 0.9625
v 0 1 0.9625
v 0 1 0.0375
v 0.0375 0 0.0375
v 0.0375 0 0.9625
v 0.0375 1 0.9625
v 0.0375 1 0.0375
v 0 0 0.0375
v 0 0 0.9625
v 0 1 0.9625
v 0 1 0.0375
v 0.0375 0 0.0375
v 0.0375 0 0.9625
v 0.0375 1 0.9625
v 0.0375 1 0.0375
v 0.9625 0 0.0375
v 0.9625 0 0.9625
v 0.9625 1 0.9625
v 0.9625 1 0.0375
v 1 0 0.0375
v 1 0 0.9625
v 1 1 0.9625
v 1 1 0.0375
v 0.9625 0 0.0375
v 0.9625 0 0.9625
v 0.9625 1 0.9625
v 0.9625 1 0.0375
v 1 0 0.0375
v 1 0 0.9625
v 1 1 0.9625
v 1 1 0.0375
vt 0.391113 0.143457
vt 0.484863 0.143457
vt 0.484863 0.146973
vt 0.391113 0.146973
vt 0.487793 0.143457
vt 0.581543 0.143457
vt 0.581543 0.146973
vt 0.487793 0.146973
vt 0.584473 0.143457
vt 0.678223 0.143457
vt 0.678223 0.146973
vt 0.584473 0.146973
vt 0.681152 0.143457
vt 0.774902 0.143457
vt 0.774902 0.146973
vt 0.681152 0.146973
vt 0.002441 0.129785
vt 0.068066 0.129785
vt 0.068066 0.133301
vt 0.002441 0.133301
vt 0.071777 0.129785
vt 0.137402 0.129785
vt 0.137402 0.133301
vt 0.071777 0.133301
vt 0.141113 0.129785
vt 0.206738 0.129785
vt 0.206738 0.133301
vt 0.141113 0.133301
vt 0.210449 0.129785
vt 0.276074 0.129785
vt 0.276074 0.133301
vt 0.210449 0.133301
vt 0.449316 0.983496
vt 0.463379 0.997559
vt 0.369629 0.997559
vt 0.383691 0.983496
vt 0.449316 0.983496
vt 0.369629 0.997559
vt 0.383691 0.983496
vt 0.369629 0.997559
vt 0.369629 0.903809
vt 0.383691 0.917871
vt 0.383691 0.983496
vt 0.369629 0.903809
vt 0.383691 0.917871
vt 0.369629 0.903809
vt 0.463379 0.903809
vt 0.449316 0.917871
vt 0.383691 0.917871
vt 0.463379 0.903809
vt 0.449316 0.983496
vt 0.449316 0.917871
vt 0.463379 0.903809
vt 0.463379 0.903809
vt 0.463379 0.997559
vt 0.449316 0.983496
vt 0.466309 0.903809
vt 0.560059 0.903809
vt 0.545996 0.917871
vt 0.466309 0.903809
vt 0.545996 0.917871
vt 0.480371 0.917871
vt 0.466309 0.997559
vt 0.466309 0.903809
vt 0.480371 0.917871
vt 0.466309 0.997559
vt 0.480371 0.917871
vt 0.480371 0.983496
vt 0.560059 0.997559
vt 0.466309 0.997559
vt 0.480371 0.983496
vt 0.560059 0.997559
vt 0.480371 0.983496
vt 0.545996 0.983496
vt 0.560059 0.997559
vt 0.545996 0.983496
vt 0.545996 0.917871
vt 0.545996 0.917871
vt 0.560059 0.903809
vt 0.560059 0.997559
vt 0.777832 0.143457
vt 0.871582 0.143457
vt 0.871582 0.146973
vt 0.777832 0.146973
vt 0.874512 0.143457
vt 0.968262 0.143457
vt 0.968262 0.146973
vt 0.874512 0.146973
vt 0.002441 0.136621
vt 0.096191 0.136621
vt 0.096191 0.140137
vt 0.002441 0.140137
vt 0.099121 0.136621
vt 0.192871 0.136621
vt 0.192871 0.140137
vt 0.099121 0.140137
vt 0.279785 0.129785
vt 0.315527 0.129785
vt 0.315527 0.133301
vt 0.279785 0.133301
vt 0.318848 0.129785
vt 0.35459 0.129785
vt 0.35459 0.133301
vt 0.318848 0.133301
vt 0.35791 0.129785
vt 0.393652 0.129785
vt 0.393652 0.133301
vt 0.35791 0.133301
vt 0.396973 0.129785
vt 0.432715 0.129785
vt 0.432715 0.133301
vt 0.396973 0.133301
vt 0.627734 0.968555
vt 0.656738 0.997559
vt 0.562988 0.997559
vt 0.591992 0.968555
vt 0.627734 0.968555
vt 0.562988 0.997559
vt 0.591992 0.968555
vt 0.562988 0.997559
vt 0.562988 0.903809
vt 0.591992 0.932813
vt 0.591992 0.968555
vt 0.562988 0.903809
vt 0.591992 0.932813
vt 0.562988 0.903809
vt 0.656738 0.903809
vt 0.627734 0.932813
vt 0.591992 0.932813
vt 0.656738 0.903809
vt 0.627734 0.968555
vt 0.627734 0.932813
vt 0.656738 0.903809
vt 0.656738 0.903809
vt 0.656738 0.997559
vt 0.627734 0.968555
vt 0.659668 0.903809
vt 0.753418 0.903809
vt 0.724414 0.932813
vt 0.659668 0.903809
vt 0.724414 0.932813
vt 0.688672 0.932813
vt 0.659668 0.997559
vt 0.659668 0.903809
vt 0.688672 0.932813
vt 0.659668 0.997559
vt 0.688672 0.932813
vt 0.688672 0.968555
vt 0.753418 0.997559
vt 0.659668 0.997559
vt 0.688672 0.968555
vt 0.753418 0.997559
vt 0.688672 0.968555
vt 0.724414 0.968555
vt 0.753418 0.997559
vt 0.724414 0.968555
vt 0.724414 0.932813
vt 0.724414 0.932813
vt 0.753418 0.903809
vt 0.753418 0.997559
vt 0.58252 0.136621
vt 0.669238 0.136621
vt 0.669238 0.140137
vt 0.58252 0.140137
vt 0.195801 0.136621
vt 0.289551 0.136621
vt 0.289551 0.140137
vt 0.195801 0.140137
vt 0.759082 0.140137
vt 0.672363 0.140137
vt 0.672363 0.136621
vt 0.759082 0.136621
vt 0.38623 0.140137
vt 0.29248 0.140137
vt 0.29248 0.136621
vt 0.38623 0.136621
vt 0.186035 0.630566
vt 0.279785 0.630566
vt 0.279785 0.717285
vt 0.279785 0.717285
vt 0.186035 0.717285
vt 0.186035 0.630566
vt 0.282715 0.717285
vt 0.282715 0.630566
vt 0.376465 0.630566
vt 0.376465 0.630566
vt 0.376465 0.717285
vt 0.282715 0.717285
vt 0.762207 0.136621
vt 0.848926 0.136621
vt 0.848926 0.140137
vt 0.762207 0.140137
vt 0.38916 0.136621
vt 0.48291 0.136621
vt 0.48291 0.140137
vt 0.38916 0.140137
vt 0.93877 0.140137
vt 0.852051 0.140137
vt 0.852051 0.136621
vt 0.93877 0.136621
vt 0.57959 0.140137
vt 0.48584 0.140137
vt 0.48584 0.136621
vt 0.57959 0.136621
vt 0.379395 0.630566
vt 0.473145 0.630566
vt 0.473145 0.717285
vt 0.473145 0.717285
vt 0.379395 0.717285
vt 0.379395 0.630566
vt 0.476074 0.717285
vt 0.476074 0.630566
vt 0.569824 0.630566
vt 0.569824 0.630566
vt 0.569824 0.717285
vt 0.476074 0.717285
vn 0 -1 0
vn 1 0 0
vn 0 1 0
vn -1 0 0
vn 0 0 -1
vn 0 0 1
f 1/1/1 2/2/1 6/3/1 5/4/1
f 2/5/2 3/6/2 7/7/2 6/8/2
f 3/9/3 4/10/3 8/11/3 7/12/3
f 4/13/4 1/14/4 5/15/4 8/16/4
f 9/17/1 10/18/1 14/19/1 13/20/1
f 10/21/4 11/22/4 15/23/4 14/24/4
f 11/25/3 12/26/3 16/27/3 15/28/3
f 12/29/2 9/30/2 13/31/2 16/32/2
f 22/33/5 19/34/5 18/35/5
f 23/36/5 22/37/5 18/38/5
f 23/39/5 18/40/5 17/41/5
f 24/42/5 23/43/5 17/44/5
f 24/45/5 17/46/5 20/47/5
f 21/48/5 24/49/5 20/50/5
f 22/51/5 21/52/5 20/53/5
f 20/54/5 19/55/5 22/56/5
f 26/57/6 27/58/6 30/59/6
f 26/60/6 30/61/6 31/62/6
f 25/63/6 26/64/6 31/65/6
f 25/66/6 31/67/6 32/68/6
f 28/69/6 25/70/6 32/71/6
f 28/72/6 32/73/6 29/74/6
f 28/75/6 29/76/6 30/77/6
f 30/78/6 27/79/6 28/80/6
f 33/81/1 34/82/1 38/83/1 37/84/1
f 34/85/2 35/86/2 39/87/2 38/88/2
f 35/89/3 36/90/3 40/91/3 39/92/3
f 36/93/4 33/94/4 37/95/4 40/96/4
f 41/97/1 42/98/1 46/99/1 45/100/1
f 42/101/4 43/102/4 47/103/4 46/104/4
f 43/105/3 44/106/3 48/107/3 47/108/3
f 44/109/2 41/110/2 45/111/2 48/112/2
f 54/113/5 51/114/5 50/115/5
f 55/116/5 54/117/5 50/118/5
f 55/119/5 50/120/5 49/121/5
f 56/122/5 55/123/5 49/124/5
f 56/125/5 49/126/5 52/127/5
f 53/128/5 56/129/5 52/130/5
f 54/131/5 53/132/5 52/133/5
f 52/134/5 51/135/5 54/136/5
f 58/137/6 59/138/6 62/139/6
f 58/140/6 62/141/6 63/142/6
f 57/143/6 58/144/6 63/145/6
f 57/146/6 63/147/6 64/148/6
f 60/149/6 57/150/6 64/151/6
f 60/152/6 64/153/6 61/154/6
f 60/155/6 61/156/6 62/157/6
f 62/158/6 59/159/6 60/160/6
f 69/161/1 70/162/1 66/163/1 65/164/1
f 70/165/6 71/166/6 67/167/6 66/168/6
f 71/169/3 72/170/3 68/171/3 67/172/3
f 72/173/5 69/174/5 65/175/5 68/176/5
f 76/177/4 73/178/4 74/179/4
f 74/180/4 75/181/4 76/182/4
f 78/183/2 77/184/2 80/185/2
f 80/186/2 79/187/2 78/188/2
f 85/189/1 86/190/1 82/191/1 81/192/1
f 86/193/6 87/194/6 83/195/6 82/196/6
f 87/197/3 88/198/3 84/199/3 83/200/3
f 88/201/5 85/202/5 81/203/5 84/204/5
f 92/205/4 89/206/4 90/207/4
f 90/208/4 91/209/4 92/210/4
f 94/211/2 93/212/2 96/213/2
f 96/214/2 95/215/2 94/216/2
o submersible_fuel_pump__body__base_flange
usemtl fuel_station_sump
v 0.16875 0 0.83125
v 0.83125 0 0.83125
v 0.83125 0 0.16875
v 0.16875 0 0.16875
v 0.1625 0.00625 0.8375
v 0.8375 0.00625 0.8375
v 0.8375 0.00625 0.1625
v 0.1625 0.00625 0.1625
v 0.1625 0.04375 0.8375
v 0.8375 0.04375 0.8375
v 0.8375 0.04375 0.1625
v 0.1625 0.04375 0.1625
v 0.16875 0.05 0.83125
v 0.83125 0.05 0.83125
v 0.83125 0.05 0.16875
v 0.16875 0.05 0.16875
v 0.16875 0 0.83125
v 0.83125 0 0.83125
v 0.83125 0 0.16875
v 0.16875 0 0.16875
v 0.16875 0.05 0.83125
v 0.83125 0.05 0.83125
v 0.83125 0.05 0.16875
v 0.16875 0.05 0.16875
vt 0.799902 0.063136
vt 0.862012 0.063136
vt 0.862598 0.063965
vt 0.799316 0.063965
vt 0.729199 0.063965
vt 0.66709 0.063965
vt 0.666504 0.063136
vt 0.729785 0.063136
vt 0.928418 0.063965
vt 0.866309 0.063965
vt 0.865723 0.063136
vt 0.929004 0.063136
vt 0.733496 0.063136
vt 0.795605 0.063136
vt 0.796191 0.063965
vt 0.73291 0.063965
vt 0.125488 0.143457
vt 0.18877 0.143457
vt 0.18877 0.146973
vt 0.125488 0.146973
vt 0.255176 0.146973
vt 0.191895 0.146973
vt 0.191895 0.143457
vt 0.255176 0.143457
vt 0.258301 0.143457
vt 0.321582 0.143457
vt 0.321582 0.146973
vt 0.258301 0.146973
vt 0.324707 0.143457
vt 0.387988 0.143457
vt 0.387988 0.146973
vt 0.324707 0.146973
vt 0.132129 0.060059
vt 0.068848 0.060059
vt 0.069434 0.05923
vt 0.131543 0.05923
vt 0.99541 0.063965
vt 0.932129 0.063965
vt 0.932715 0.063136
vt 0.994824 0.063136
vt 0.135254 0.05923
vt 0.198535 0.05923
vt 0.197949 0.060059
vt 0.13584 0.060059
vt 0.002441 0.05923
vt 0.065723 0.05923
vt 0.065137 0.060059
vt 0.003027 0.060059
vt 0.946387 0.477441
vt 0.946387 0.539551
vt 0.884277 0.539551
vt 0.884277 0.539551
vt 0.884277 0.477441
vt 0.946387 0.477441
vt 0.002441 0.406152
vt 0.064551 0.406152
vt 0.064551 0.468262
vt 0.064551 0.468262
vt 0.002441 0.468262
vt 0.002441 0.406152
vn 0 -0.707107 0.707107
vn 0.707107 -0.707107 0
vn 0 -0.707107 -0.707107
vn -0.707107 -0.707107 0
vn 0 0 1
vn 1 0 0
vn 0 0 -1
vn -1 0 0
vn 0 0.707107 0.707107
vn 0.707107 0.707107 0
vn 0 0.707107 -0.707107
vn -0.707107 0.707107 0
vn 0 -1 0
vn 0 1 0
f 97/217/7 98/218/7 102/219/7 101/220/7
f 98/221/8 99/222/8 103/223/8 102/224/8
f 99/225/9 100/226/9 104/227/9 103/228/9
f 100/229/10 97/230/10 101/231/10 104/232/10
f 101/233/11 102/234/11 106/235/11 105/236/11
f 102/237/12 103/238/12 107/239/12 106/240/12
f 103/241/13 104/242/13 108/243/13 107/244/13
f 104/245/14 101/246/14 105/247/14 108/248/14
f 105/249/15 106/250/15 110/251/15 109/252/15
f 106/253/16 107/254/16 111/255/16 110/256/16
f 107/257/17 108/258/17 112/259/17 111/260/17
f 108/261/18 105/262/18 109/263/18 112/264/18
f 114/265/19 113/266/19 116/267/19
f 116/268/19 115/269/19 114/270/19
f 120/271/20 117/272/20 118/273/20
f 118/274/20 119/275/20 120/276/20
o submersible_fuel_pump__body__column
usemtl fuel_station_sump
v 0.685192 0.05 0.529331
v 0.667064 0.05 0.585123
v 0.632583 0.05 0.632583
v 0.585123 0.05 0.667064
v 0.529331 0.05 0.685192
v 0.470669 0.05 0.685192
v 0.414877 0.05 0.667064
v 0.367417 0.05 0.632583
v 0.332936 0.05 0.585123
v 0.314808 0.05 0.529331
v 0.314808 0.05 0.470669
v 0.332936 0.05 0.414877
v 0.367417 0.05 0.367417
v 0.414877 0.05 0.332936
v 0.470669 0.05 0.314808
v 0.529331 0.05 0.314808
v 0.585123 0.05 0.332936
v 0.632583 0.05 0.367417
v 0.667064 0.05 0.414877
v 0.685192 0.05 0.470669
v 0.685192 0.2375 0.529331
v 0.667064 0.2375 0.585123
v 0.632583 0.2375 0.632583
v 0.585123 0.2375 0.667064
v 0.529331 0.2375 0.685192
v 0.470669 0.2375 0.685192
v 0.414877 0.2375 0.667064
v 0.367417 0.2375 0.632583
v 0.332936 0.2375 0.585123
v 0.314808 0.2375 0.529331
v 0.314808 0.2375 0.470669
v 0.332936 0.2375 0.414877
v 0.367417 0.2375 0.367417
v 0.414877 0.2375 0.332936
v 0.470669 0.2375 0.314808
v 0.529331 0.2375 0.314808
v 0.585123 0.2375 0.332936
v 0.632583 0.2375 0.367417
v 0.667064 0.2375 0.414877
v 0.685192 0.2375 0.470669
vt 0.711426 0.166864
vt 0.711426 0.172363
vt 0.693848 0.172363
vt 0.693848 0.166864
vt 0.919434 0.166864
vt 0.919434 0.172363
vt 0.901855 0.172363
vt 0.901855 0.166864
vt 0.878418 0.166864
vt 0.878418 0.172363
vt 0.86084 0.172363
vt 0.86084 0.166864
vt 0.585449 0.166864
vt 0.585449 0.172363
vt 0.567871 0.172363
vt 0.567871 0.166864
vt 0.939941 0.166864
vt 0.939941 0.172363
vt 0.922363 0.172363
vt 0.922363 0.166864
vt 0.546387 0.172363
vt 0.546387 0.166864
vt 0.563965 0.166864
vt 0.563965 0.172363
vt 0.799316 0.172363
vt 0.799316 0.166864
vt 0.816895 0.166864
vt 0.816895 0.172363
vt 0.67334 0.172363
vt 0.67334 0.166864
vt 0.690918 0.166864
vt 0.690918 0.172363
vt 0.715332 0.172363
vt 0.715332 0.166864
vt 0.73291 0.166864
vt 0.73291 0.172363
vt 0.736816 0.172363
vt 0.736816 0.166864
vt 0.754395 0.166864
vt 0.754395 0.172363
vt 0.589355 0.172363
vt 0.589355 0.166864
vt 0.606934 0.166864
vt 0.606934 0.172363
vt 0.632324 0.172363
vt 0.632324 0.166864
vt 0.649902 0.166864
vt 0.649902 0.172363
vt 0.881348 0.172363
vt 0.881348 0.166864
vt 0.898926 0.166864
vt 0.898926 0.172363
vt 0.61084 0.172363
vt 0.61084 0.166864
vt 0.628418 0.166864
vt 0.628418 0.172363
vt 0.837402 0.166864
vt 0.837402 0.172363
vt 0.819824 0.172363
vt 0.819824 0.166864
vt 0.774902 0.166864
vt 0.774902 0.172363
vt 0.757324 0.172363
vt 0.757324 0.166864
vt 0.85791 0.166864
vt 0.85791 0.172363
vt 0.840332 0.172363
vt 0.840332 0.166864
vt 0.67041 0.166864
vt 0.67041 0.172363
vt 0.652832 0.172363
vt 0.652832 0.166864
vt 0.79541 0.166864
vt 0.79541 0.172363
vt 0.777832 0.172363
vt 0.777832 0.166864
vt 0.543457 0.166864
vt 0.543457 0.172363
vt 0.525879 0.172363
vt 0.525879 0.166864
vn 0.987688 0 0.156434
vn 0.891007 0 0.45399
vn 0.707107 0 0.707107
vn 0.45399 0 0.891007
vn 0.156434 0 0.987688
vn -0.156434 0 0.987688
vn -0.45399 0 0.891007
vn -0.707107 0 0.707107
vn -0.891007 0 0.45399
vn -0.987688 0 0.156434
vn -0.987688 0 -0.156434
vn -0.891007 0 -0.45399
vn -0.707107 0 -0.707107
vn -0.45399 0 -0.891007
vn -0.156434 0 -0.987688
vn 0.156434 0 -0.987688
vn 0.45399 0 -0.891007
vn 0.707107 0 -0.707107
vn 0.891007 0 -0.45399
vn 0.987688 0 -0.156434
f 141/277/21 142/278/22 122/279/22 121/280/21
f 142/281/22 143/282/23 123/283/23 122/284/22
f 143/285/23 144/286/24 124/287/24 123/288/23
f 144/289/24 145/290/25 125/291/25 124/292/24
f 145/293/25 146/294/26 126/295/26 125/296/25
f 146/297/26 147/298/27 127/299/27 126/300/26
f 147/301/27 148/302/28 128/303/28 127/304/27
f 148/305/28 149/306/29 129/307/29 128/308/28
f 149/309/29 150/310/30 130/311/30 129/312/29
f 150/313/30 151/314/31 131/315/31 130/316/30
f 151/317/31 152/318/32 132/319/32 131/320/31
f 152/321/32 153/322/33 133/323/33 132/324/32
f 153/325/33 154/326/34 134/327/34 133/328/33
f 154/329/34 155/330/35 135/331/35 134/332/34
f 155/333/35 156/334/36 136/335/36 135/336/35
f 156/337/36 157/338/37 137/339/37 136/340/36
f 157/341/37 158/342/38 138/343/38 137/344/37
f 158/345/38 159/346/39 139/347/39 138/348/38
f 159/349/39 160/350/40 140/351/40 139/352/39
f 160/353/40 141/354/21 121/355/21 140/356/40
o submersible_fuel_pump__body__casting
usemtl fuel_station_sump
v 0.698289 0.2375 0.526105
v 0.684776 0.2375 0.576537
v 0.658671 0.2375 0.621752
v 0.621752 0.2375 0.658671
v 0.576537 0.2375 0.684776
v 0.526105 0.2375 0.698289
v 0.473895 0.2375 0.698289
v 0.423463 0.2375 0.684776
v 0.378248 0.2375 0.658671
v 0.341329 0.2375 0.621752
v 0.315224 0.2375 0.576537
v 0.301711 0.2375 0.526105
v 0.301711 0.2375 0.473895
v 0.315224 0.2375 0.423463
v 0.341329 0.2375 0.378248
v 0.378248 0.2375 0.341329
v 0.423463 0.2375 0.315224
v 0.473895 0.2375 0.301711
v 0.526105 0.2375 0.301711
v 0.576537 0.2375 0.315224
v 0.621752 0.2375 0.341329
v 0.658671 0.2375 0.378248
v 0.684776 0.2375 0.423463
v 0.698289 0.2375 0.473895
v 0.78504 0.275 0.537526
v 0.765615 0.275 0.610021
v 0.728089 0.275 0.675019
v 0.675019 0.275 0.728089
v 0.610021 0.275 0.765615
v 0.537526 0.275 0.78504
v 0.462474 0.275 0.78504
v 0.389979 0.275 0.765615
v 0.324981 0.275 0.728089
v 0.271911 0.275 0.675019
v 0.234385 0.275 0.610021
v 0.21496 0.275 0.537526
v 0.21496 0.275 0.462474
v 0.234385 0.275 0.389979
v 0.271911 0.275 0.324981
v 0.324981 0.275 0.271911
v 0.389979 0.275 0.234385
v 0.462474 0.275 0.21496
v 0.537526 0.275 0.21496
v 0.610021 0.275 0.234385
v 0.675019 0.275 0.271911
v 0.728089 0.275 0.324981
v 0.765615 0.275 0.389979
v 0.78504 0.275 0.462474
v 0.78504 0.5625 0.537526
v 0.765615 0.5625 0.610021
v 0.728089 0.5625 0.675019
v 0.675019 0.5625 0.728089
v 0.610021 0.5625 0.765615
v 0.537526 0.5625 0.78504
v 0.462474 0.5625 0.78504
v 0.389979 0.5625 0.765615
v 0.324981 0.5625 0.728089
v 0.271911 0.5625 0.675019
v 0.234385 0.5625 0.610021
v 0.21496 0.5625 0.537526
v 0.21496 0.5625 0.462474
v 0.234385 0.5625 0.389979
v 0.271911 0.5625 0.324981
v 0.324981 0.5625 0.271911
v 0.389979 0.5625 0.234385
v 0.462474 0.5625 0.21496
v 0.537526 0.5625 0.21496
v 0.610021 0.5625 0.234385
v 0.675019 0.5625 0.271911
v 0.728089 0.5625 0.324981
v 0.765615 0.5625 0.389979
v 0.78504 0.5625 0.462474
v 0.760254 0.6 0.534263
v 0.742518 0.6 0.600454
v 0.708255 0.6 0.6598
v 0.6598 0.6 0.708255
v 0.600454 0.6 0.742518
v 0.534263 0.6 0.760254
v 0.465737 0.6 0.760254
v 0.399546 0.6 0.742518
v 0.3402 0.6 0.708255
v 0.291745 0.6 0.6598
v 0.257482 0.6 0.600454
v 0.239746 0.6 0.534263
v 0.239746 0.6 0.465737
v 0.257482 0.6 0.399546
v 0.291745 0.6 0.3402
v 0.3402 0.6 0.291745
v 0.399546 0.6 0.257482
v 0.465737 0.6 0.239746
v 0.534263 0.6 0.239746
v 0.600454 0.6 0.257482
v 0.6598 0.6 0.291745
v 0.708255 0.6 0.3402
v 0.742518 0.6 0.399546
v 0.760254 0.6 0.465737
vt 0.849268 0.383257
vt 0.856093 0.384969
vt 0.852901 0.393292
vt 0.848153 0.392101
vt 0.856093 0.384969
vt 0.86227 0.388276
vt 0.857198 0.395593
vt 0.852901 0.393292
vt 0.86227 0.388276
vt 0.867379 0.392954
vt 0.860752 0.398847
vt 0.857198 0.395593
vt 0.867379 0.392954
vt 0.871071 0.398683
vt 0.863321 0.402832
vt 0.860752 0.398847
vt 0.826 0.310466
vt 0.819213 0.312012
vt 0.818334 0.303133
vt 0.823055 0.302058
vt 0.819213 0.312012
vt 0.812188 0.311868
vt 0.813446 0.303033
vt 0.818334 0.303133
vt 0.812188 0.311868
vt 0.805401 0.310044
vt 0.808725 0.301764
vt 0.813446 0.303033
vt 0.805401 0.310044
vt 0.799316 0.306664
vt 0.804493 0.299413
vt 0.808725 0.301764
vt 0.297145 0.322886
vt 0.291963 0.327533
vt 0.286883 0.320198
vt 0.290488 0.316965
vt 0.291963 0.327533
vt 0.285751 0.330819
vt 0.282562 0.322484
vt 0.286883 0.320198
vt 0.285751 0.330819
vt 0.278933 0.33252
vt 0.277818 0.323667
vt 0.282562 0.322484
vt 0.278933 0.33252
vt 0.271973 0.33252
vt 0.272976 0.323667
vt 0.277818 0.323667
vt 0.82521 0.402832
vt 0.818468 0.401102
vt 0.821748 0.392805
vt 0.826438 0.394008
vt 0.818468 0.401102
vt 0.812287 0.397759
vt 0.817448 0.390479
vt 0.821748 0.392805
vt 0.812287 0.397759
vt 0.807087 0.393032
vt 0.813831 0.387191
vt 0.817448 0.390479
vt 0.807087 0.393032
vt 0.803223 0.387243
vt 0.811143 0.383164
vt 0.813831 0.387191
vt 0.82959 0.300959
vt 0.836376 0.299413
vt 0.837256 0.308291
vt 0.832535 0.309367
vt 0.836376 0.299413
vt 0.843402 0.299557
vt 0.842143 0.308391
vt 0.837256 0.308291
vt 0.843402 0.299557
vt 0.850189 0.301381
vt 0.846865 0.30966
vt 0.842143 0.308391
vt 0.850189 0.301381
vt 0.856273 0.304761
vt 0.851097 0.312012
vt 0.846865 0.30966
vt 0.041448 0.284047
vt 0.046206 0.289231
vt 0.038954 0.294434
vt 0.035645 0.290828
vt 0.82959 0.388276
vt 0.835549 0.384969
vt 0.83861 0.393292
vt 0.834464 0.395593
vt 0.835549 0.384969
vt 0.842261 0.383257
vt 0.843279 0.392101
vt 0.83861 0.393292
vt 0.842261 0.383257
vt 0.849268 0.383257
vt 0.848153 0.392101
vt 0.843279 0.392101
vt 0.616309 0.237593
vt 0.616309 0.244629
vt 0.589355 0.244629
vt 0.589355 0.237593
vt 0.880957 0.237593
vt 0.880957 0.244629
vt 0.854004 0.244629
vt 0.854004 0.237593
vt 0.646582 0.237593
vt 0.646582 0.244629
vt 0.619629 0.244629
vt 0.619629 0.237593
vt 0.029395 0.226851
vt 0.029395 0.233887
vt 0.002441 0.233887
vt 0.002441 0.226851
vt 0.676855 0.237593
vt 0.676855 0.244629
vt 0.649902 0.244629
vt 0.649902 0.237593
vt 0.995215 0.248335
vt 0.995215 0.255371
vt 0.968262 0.255371
vt 0.968262 0.248335
vt 0.992285 0.226851
vt 0.992285 0.233887
vt 0.965332 0.233887
vt 0.965332 0.226851
vt 0.715332 0.255371
vt 0.715332 0.248335
vt 0.742285 0.248335
vt 0.742285 0.255371
vt 0.144043 0.233887
vt 0.144043 0.226851
vt 0.170996 0.226851
vt 0.170996 0.233887
vt 0.680176 0.244629
vt 0.680176 0.237593
vt 0.707129 0.237593
vt 0.707129 0.244629
vt 0.682129 0.233887
vt 0.682129 0.226851
vt 0.709082 0.226851
vt 0.709082 0.233887
vt 0.290527 0.255371
vt 0.290527 0.248335
vt 0.31748 0.248335
vt 0.31748 0.255371
vt 0.651855 0.233887
vt 0.651855 0.226851
vt 0.678809 0.226851
vt 0.678809 0.233887
vt 0.002441 0.244629
vt 0.002441 0.237593
vt 0.029395 0.237593
vt 0.029395 0.244629
vt 0.002441 0.223145
vt 0.002441 0.216108
vt 0.029395 0.216108
vt 0.029395 0.223145
vt 0.543457 0.255371
vt 0.543457 0.248335
vt 0.57041 0.248335
vt 0.57041 0.255371
vt 0.425879 0.216108
vt 0.425879 0.223145
vt 0.398926 0.223145
vt 0.398926 0.216108
vt 0.739355 0.226851
vt 0.739355 0.233887
vt 0.712402 0.233887
vt 0.712402 0.226851
vt 0.456152 0.216108
vt 0.456152 0.223145
vt 0.429199 0.223145
vt 0.429199 0.216108
vt 0.20127 0.226851
vt 0.20127 0.233887
vt 0.174316 0.233887
vt 0.174316 0.226851
vt 0.175879 0.248335
vt 0.175879 0.255371
vt 0.148926 0.255371
vt 0.148926 0.248335
vt 0.600684 0.248335
vt 0.600684 0.255371
vt 0.57373 0.255371
vt 0.57373 0.248335
vt 0.395605 0.216108
vt 0.395605 0.223145
vt 0.368652 0.223145
vt 0.368652 0.216108
vt 0.737402 0.237593
vt 0.737402 0.244629
vt 0.710449 0.244629
vt 0.710449 0.237593
vt 0.547077 0.197448
vt 0.55343 0.196494
vt 0.554358 0.200616
vt 0.5474 0.20166
vt 0.55343 0.196494
vt 0.559428 0.194651
vt 0.560928 0.198598
vt 0.554358 0.200616
vt 0.940918 0.308268
vt 0.946352 0.304913
vt 0.948828 0.308338
vt 0.942876 0.312012
vt 0.946352 0.304913
vt 0.951242 0.300805
vt 0.954183 0.303838
vt 0.948828 0.308338
vt 0.972747 0.260917
vt 0.978837 0.26284
vt 0.977861 0.266951
vt 0.971191 0.264845
vt 0.978837 0.26284
vt 0.985142 0.263858
vt 0.984766 0.268066
vt 0.977861 0.266951
vt 0.891113 0.308299
vt 0.896495 0.304861
vt 0.899023 0.308246
vt 0.893129 0.312012
vt 0.896495 0.304861
vt 0.90132 0.300677
vt 0.904308 0.303664
vt 0.899023 0.308246
vt 0.148928 0.294434
vt 0.14325 0.291511
vt 0.144905 0.287623
vt 0.151124 0.290824
vt 0.14325 0.291511
vt 0.137207 0.289445
vt 0.138286 0.28536
vt 0.144905 0.287623
vt 0.087712 0.163574
vt 0.081394 0.162646
vt 0.081702 0.158432
vt 0.088622 0.159449
vt 0.081394 0.162646
vt 0.075008 0.162646
vt 0.074707 0.158432
vt 0.081702 0.158432
vt 0.033962 0.252519
vt 0.02765 0.253491
vt 0.026704 0.249374
vt 0.033617 0.248308
vt 0.02765 0.253491
vt 0.021547 0.255371
vt 0.02002 0.251432
vt 0.026704 0.249374
vt 0.937581 0.304549
vt 0.932147 0.307903
vt 0.929671 0.304479
vt 0.935623 0.300805
vt 0.932147 0.307903
vt 0.927257 0.312012
vt 0.924316 0.308979
vt 0.929671 0.304479
vt 0.014836 0.255371
vt 0.008746 0.253448
vt 0.009722 0.249337
vt 0.016392 0.251443
vt 0.008746 0.253448
vt 0.002441 0.252429
vt 0.002817 0.248221
vt 0.009722 0.249337
vt 0.920909 0.30439
vt 0.915528 0.307828
vt 0.913 0.304443
vt 0.918894 0.300677
vt 0.915528 0.307828
vt 0.910702 0.312012
vt 0.907715 0.309025
vt 0.913 0.304443
vt 0.121824 0.28536
vt 0.127503 0.288283
vt 0.125848 0.29217
vt 0.119629 0.288969
vt 0.127503 0.288283
vt 0.133546 0.290349
vt 0.132466 0.294434
vt 0.125848 0.29217
vt 0.064883 0.158422
vt 0.071239 0.159361
vt 0.070925 0.163574
vt 0.063965 0.162546
vt 0.540802 0.197448
vt 0.547077 0.197448
vt 0.5474 0.20166
vt 0.540527 0.20166
vn 0.390549 -0.919145 0.051417
vn 0.363934 -0.919145 0.150746
vn 0.312517 -0.919145 0.239803
vn 0.239803 -0.919145 0.312517
vn 0.150746 -0.919145 0.363934
vn 0.051417 -0.919145 0.390549
vn -0.051417 -0.919145 0.390549
vn -0.150746 -0.919145 0.363934
vn -0.239803 -0.919145 0.312517
vn -0.312517 -0.919145 0.239803
vn -0.363934 -0.919145 0.150746
vn -0.390549 -0.919145 0.051417
vn -0.390549 -0.919145 -0.051417
vn -0.363934 -0.919145 -0.150746
vn -0.312517 -0.919145 -0.239803
vn -0.239803 -0.919145 -0.312517
vn -0.150746 -0.919145 -0.363934
vn -0.051417 -0.919145 -0.390549
vn 0.051417 -0.919145 -0.390549
vn 0.150746 -0.919145 -0.363934
vn 0.239803 -0.919145 -0.312517
vn 0.312517 -0.919145 -0.239803
vn 0.363934 -0.919145 -0.150746
vn 0.390549 -0.919145 -0.051417
vn 0.989648 0.039115 0.138081
vn 0.926101 0.039115 0.375243
vn 0.92388 0 0.382683
vn 0.991445 0 0.130526
vn 0.920189 0.039115 0.389516
vn 0.797425 0.039115 0.602149
vn 0.793353 0 0.608761
vn 0.78802 0.039115 0.614406
vn 0.614406 0.039115 0.78802
vn 0.608761 0 0.793353
vn 0.602149 0.039115 0.797425
vn 0.389516 0.039115 0.920189
vn 0.382683 0 0.92388
vn 0.375243 0.039115 0.926101
vn 0.138081 0.039115 0.989648
vn 0.130526 0 0.991445
vn 0.122764 0.039115 0.991665
vn -0.122764 0.039115 0.991665
vn -0.130526 0 0.991445
vn -0.138081 0.039115 0.989648
vn -0.375243 0.039115 0.926101
vn -0.382683 0 0.92388
vn -0.389516 0.039115 0.920189
vn -0.602149 0.039115 0.797425
vn -0.608761 0 0.793353
vn -0.614406 0.039115 0.78802
vn -0.78802 0.039115 0.614406
vn -0.793353 0 0.608761
vn -0.797425 0.039115 0.602149
vn -0.920189 0.039115 0.389516
vn -0.92388 0 0.382683
vn -0.926101 0.039115 0.375243
vn -0.989648 0.039115 0.138081
vn -0.991445 0 0.130526
vn -0.991665 0.039115 0.122764
vn -0.991665 0.039115 -0.122764
vn -0.991445 0 -0.130526
vn -0.989648 0.039115 -0.138081
vn -0.926101 0.039115 -0.375243
vn -0.92388 0 -0.382683
vn -0.920189 0.039115 -0.389516
vn -0.797425 0.039115 -0.602149
vn -0.793353 0 -0.608761
vn -0.78802 0.039115 -0.614406
vn -0.614406 0.039115 -0.78802
vn -0.608761 0 -0.793353
vn -0.602149 0.039115 -0.797425
vn -0.389516 0.039115 -0.920189
vn -0.382683 0 -0.92388
vn -0.375243 0.039115 -0.926101
vn -0.138081 0.039115 -0.989648
vn -0.130526 0 -0.991445
vn -0.122764 0.039115 -0.991665
vn 0.122764 0.039115 -0.991665
vn 0.130526 0 -0.991445
vn 0.138081 0.039115 -0.989648
vn 0.375243 0.039115 -0.926101
vn 0.382683 0 -0.92388
vn 0.389516 0.039115 -0.920189
vn 0.602149 0.039115 -0.797425
vn 0.608761 0 -0.793353
vn 0.614406 0.039115 -0.78802
vn 0.78802 0.039115 -0.614406
vn 0.793353 0 -0.608761
vn 0.797425 0.039115 -0.602149
vn 0.920189 0.039115 -0.389516
vn 0.92388 0 -0.382683
vn 0.926101 0.039115 -0.375243
vn 0.989648 0.039115 -0.138081
vn 0.991445 0 -0.130526
vn 0.991665 0.039115 -0.122764
vn 0.991665 0.039115 0.122764
vn 0.824932 0.5547 0.108604
vn 0.768714 0.5547 0.318412
vn 0.950597 0.131253 0.281316
vn 0.963899 0.131253 0.231671
vn 0.66011 0.5547 0.50652
vn 0.845396 0.131253 0.517763
vn 0.871094 0.131253 0.473253
vn 0.50652 0.5547 0.66011
vn 0.682583 0.131253 0.718925
vn 0.718925 0.131253 0.682583
vn 0.318412 0.5547 0.768714
vn 0.473253 0.131253 0.871094
vn 0.517763 0.131253 0.845396
vn 0.108604 0.5547 0.824932
vn 0.231671 0.131253 0.963899
vn 0.281316 0.131253 0.950597
vn -0.108604 0.5547 0.824932
vn -0.025698 0.131253 0.991016
vn 0.025698 0.131253 0.991016
vn -0.318412 0.5547 0.768714
vn -0.281316 0.131253 0.950597
vn -0.231671 0.131253 0.963899
vn -0.50652 0.5547 0.66011
vn -0.517763 0.131253 0.845396
vn -0.473253 0.131253 0.871094
vn -0.66011 0.5547 0.50652
vn -0.718925 0.131253 0.682583
vn -0.682583 0.131253 0.718925
vn -0.768714 0.5547 0.318412
vn -0.871094 0.131253 0.473253
vn -0.845396 0.131253 0.517763
vn -0.824932 0.5547 0.108604
vn -0.963899 0.131253 0.231671
vn -0.950597 0.131253 0.281316
vn -0.824932 0.5547 -0.108604
vn -0.991016 0.131253 -0.025698
vn -0.991016 0.131253 0.025698
vn -0.768714 0.5547 -0.318412
vn -0.950597 0.131253 -0.281316
vn -0.963899 0.131253 -0.231671
vn -0.66011 0.5547 -0.50652
vn -0.845396 0.131253 -0.517763
vn -0.871094 0.131253 -0.473253
vn -0.50652 0.5547 -0.66011
vn -0.682583 0.131253 -0.718925
vn -0.718925 0.131253 -0.682583
vn -0.318412 0.5547 -0.768714
vn -0.473253 0.131253 -0.871094
vn -0.517763 0.131253 -0.845396
vn -0.108604 0.5547 -0.824932
vn -0.231671 0.131253 -0.963899
vn -0.281316 0.131253 -0.950597
vn 0.108604 0.5547 -0.824932
vn 0.025698 0.131253 -0.991016
vn -0.025698 0.131253 -0.991016
vn 0.318412 0.5547 -0.768714
vn 0.281316 0.131253 -0.950597
vn 0.231671 0.131253 -0.963899
vn 0.50652 0.5547 -0.66011
vn 0.517763 0.131253 -0.845396
vn 0.473253 0.131253 -0.871094
vn 0.66011 0.5547 -0.50652
vn 0.718925 0.131253 -0.682583
vn 0.682583 0.131253 -0.718925
vn 0.768714 0.5547 -0.318412
vn 0.871094 0.131253 -0.473253
vn 0.845396 0.131253 -0.517763
vn 0.824932 0.5547 -0.108604
vn 0.963899 0.131253 -0.231671
vn 0.950597 0.131253 -0.281316
vn 0.991016 0.131253 0.025698
vn 0.991016 0.131253 -0.025698
f 185/357/41 186/358/42 162/359/42 161/360/41
f 186/361/42 187/362/43 163/363/43 162/364/42
f 187/365/43 188/366/44 164/367/44 163/368/43
f 188/369/44 189/370/45 165/371/45 164/372/44
f 189/373/45 190/374/46 166/375/46 165/376/45
f 190/377/46 191/378/47 167/379/47 166/380/46
f 191/381/47 192/382/48 168/383/48 167/384/47
f 192/385/48 193/386/49 169/387/49 168/388/48
f 193/389/49 194/390/50 170/391/50 169/392/49
f 194/393/50 195/394/51 171/395/51 170/396/50
f 195/397/51 196/398/52 172/399/52 171/400/51
f 196/401/52 197/402/53 173/403/53 172/404/52
f 197/405/53 198/406/54 174/407/54 173/408/53
f 198/409/54 199/410/55 175/411/55 174/412/54
f 199/413/55 200/414/56 176/415/56 175/416/55
f 200/417/56 201/418/57 177/419/57 176/420/56
f 201/421/57 202/422/58 178/423/58 177/424/57
f 202/425/58 203/426/59 179/427/59 178/428/58
f 203/429/59 204/430/60 180/431/60 179/432/59
f 204/433/60 205/434/61 181/435/61 180/436/60
f 205/437/61 206/438/62 182/439/62 181/440/61
f 206/441/62 207/442/63 183/443/63 182/444/62
f 207/445/63 208/446/64 184/447/64 183/448/63
f 208/449/64 185/450/41 161/451/41 184/452/64
f 209/453/65 210/454/66 186/455/67 185/456/68
f 210/457/69 211/458/70 187/459/71 186/460/67
f 211/461/72 212/462/73 188/463/74 187/464/71
f 212/465/75 213/466/76 189/467/77 188/468/74
f 213/469/78 214/470/79 190/471/80 189/472/77
f 214/473/81 215/474/82 191/475/83 190/476/80
f 215/477/84 216/478/85 192/479/86 191/480/83
f 216/481/87 217/482/88 193/483/89 192/484/86
f 217/485/90 218/486/91 194/487/92 193/488/89
f 218/489/93 219/490/94 195/491/95 194/492/92
f 219/493/96 220/494/97 196/495/98 195/496/95
f 220/497/99 221/498/100 197/499/101 196/500/98
f 221/501/102 222/502/103 198/503/104 197/504/101
f 222/505/105 223/506/106 199/507/107 198/508/104
f 223/509/108 224/510/109 200/511/110 199/512/107
f 224/513/111 225/514/112 201/515/113 200/516/110
f 225/517/114 226/518/115 202/519/116 201/520/113
f 226/521/117 227/522/118 203/523/119 202/524/116
f 227/525/120 228/526/121 204/527/122 203/528/119
f 228/529/123 229/530/124 205/531/125 204/532/122
f 229/533/126 230/534/127 206/535/128 205/536/125
f 230/537/129 231/538/130 207/539/131 206/540/128
f 231/541/132 232/542/133 208/543/134 207/544/131
f 232/545/135 209/546/136 185/547/68 208/548/134
f 233/549/137 234/550/138 210/551/139 209/552/140
f 234/553/138 235/554/141 211/555/142 210/556/143
f 235/557/141 236/558/144 212/559/145 211/560/146
f 236/561/144 237/562/147 213/563/148 212/564/149
f 237/565/147 238/566/150 214/567/151 213/568/152
f 238/569/150 239/570/153 215/571/154 214/572/155
f 239/573/153 240/574/156 216/575/157 215/576/158
f 240/577/156 241/578/159 217/579/160 216/580/161
f 241/581/159 242/582/162 218/583/163 217/584/164
f 242/585/162 243/586/165 219/587/166 218/588/167
f 243/589/165 244/590/168 220/591/169 219/592/170
f 244/593/168 245/594/171 221/595/172 220/596/173
f 245/597/171 246/598/174 222/599/175 221/600/176
f 246/601/174 247/602/177 223/603/178 222/604/179
f 247/605/177 248/606/180 224/607/181 223/608/182
f 248/609/180 249/610/183 225/611/184 224/612/185
f 249/613/183 250/614/186 226/615/187 225/616/188
f 250/617/186 251/618/189 227/619/190 226/620/191
f 251/621/189 252/622/192 228/623/193 227/624/194
f 252/625/192 253/626/195 229/627/196 228/628/197
f 253/629/195 254/630/198 230/631/199 229/632/200
f 254/633/198 255/634/201 231/635/202 230/636/203
f 255/637/201 256/638/204 232/639/205 231/640/206
f 256/641/204 233/642/137 209/643/207 232/644/208
o submersible_fuel_pump__body__cap
usemtl fuel_station_sump
v 0.797433 0.6 0.539158
v 0.777164 0.6 0.614805
v 0.738006 0.6 0.682628
v 0.682628 0.6 0.738006
v 0.614805 0.6 0.777164
v 0.539158 0.6 0.797433
v 0.460842 0.6 0.797433
v 0.385195 0.6 0.777164
v 0.317372 0.6 0.738006
v 0.261994 0.6 0.682628
v 0.222836 0.6 0.614805
v 0.202567 0.6 0.539158
v 0.202567 0.6 0.460842
v 0.222836 0.6 0.385195
v 0.261994 0.6 0.317372
v 0.317372 0.6 0.261994
v 0.385195 0.6 0.222836
v 0.460842 0.6 0.202567
v 0.539158 0.6 0.202567
v 0.614805 0.6 0.222836
v 0.682628 0.6 0.261994
v 0.738006 0.6 0.317372
v 0.777164 0.6 0.385195
v 0.797433 0.6 0.460842
v 0.809827 0.61875 0.540789
v 0.788712 0.61875 0.619589
v 0.747923 0.61875 0.690238
v 0.690238 0.61875 0.747923
v 0.619589 0.61875 0.788712
v 0.540789 0.61875 0.809827
v 0.459211 0.61875 0.809827
v 0.380411 0.61875 0.788712
v 0.309762 0.61875 0.747923
v 0.252077 0.61875 0.690238
v 0.211288 0.61875 0.619589
v 0.190173 0.61875 0.540789
v 0.190173 0.61875 0.459211
v 0.211288 0.61875 0.380411
v 0.252077 0.61875 0.309762
v 0.309762 0.61875 0.252077
v 0.380411 0.61875 0.211288
v 0.459211 0.61875 0.190173
v 0.540789 0.61875 0.190173
v 0.619589 0.61875 0.211288
v 0.690238 0.61875 0.252077
v 0.747923 0.61875 0.309762
v 0.788712 0.61875 0.380411
v 0.809827 0.61875 0.459211
v 0.809827 0.6625 0.540789
v 0.788712 0.6625 0.619589
v 0.747923 0.6625 0.690238
v 0.690238 0.6625 0.747923
v 0.619589 0.6625 0.788712
v 0.540789 0.6625 0.809827
v 0.459211 0.6625 0.809827
v 0.380411 0.6625 0.788712
v 0.309762 0.6625 0.747923
v 0.252077 0.6625 0.690238
v 0.211288 0.6625 0.619589
v 0.190173 0.6625 0.540789
v 0.190173 0.6625 0.459211
v 0.211288 0.6625 0.380411
v 0.252077 0.6625 0.309762
v 0.309762 0.6625 0.252077
v 0.380411 0.6625 0.211288
v 0.459211 0.6625 0.190173
v 0.540789 0.6625 0.190173
v 0.619589 0.6625 0.211288
v 0.690238 0.6625 0.252077
v 0.747923 0.6625 0.309762
v 0.788712 0.6625 0.380411
v 0.809827 0.6625 0.459211
v 0.791237 0.68125 0.538342
v 0.77139 0.68125 0.612413
v 0.733048 0.68125 0.678824
v 0.678824 0.68125 0.733048
v 0.612413 0.68125 0.77139
v 0.538342 0.68125 0.791237
v 0.461658 0.68125 0.791237
v 0.387587 0.68125 0.77139
v 0.321176 0.68125 0.733048
v 0.266952 0.68125 0.678824
v 0.22861 0.68125 0.612413
v 0.208763 0.68125 0.538342
v 0.208763 0.68125 0.461658
v 0.22861 0.68125 0.387587
v 0.266952 0.68125 0.321176
v 0.321176 0.68125 0.266952
v 0.387587 0.68125 0.22861
v 0.461658 0.68125 0.208763
v 0.538342 0.68125 0.208763
v 0.612413 0.68125 0.22861
v 0.678824 0.68125 0.266952
v 0.733048 0.68125 0.321176
v 0.77139 0.68125 0.387587
v 0.791237 0.68125 0.461658
v 0.5 0.68125 0.5
vt 0.046044 0.158272
vt 0.053608 0.159408
vt 0.053144 0.161469
vt 0.045883 0.160379
vt 0.053608 0.159408
vt 0.060749 0.161601
vt 0.059999 0.163574
vt 0.053144 0.161469
vt 0.020022 0.284033
vt 0.026491 0.288026
vt 0.025254 0.289738
vt 0.019043 0.285904
vt 0.026491 0.288026
vt 0.032312 0.292917
vt 0.030842 0.294434
vt 0.025254 0.289738
vt 0.976369 0.168861
vt 0.969119 0.171151
vt 0.968631 0.169096
vt 0.975591 0.166897
vt 0.969119 0.171151
vt 0.961613 0.172363
vt 0.961426 0.170259
vt 0.968631 0.169096
vt 0.969671 0.312012
vt 0.963264 0.307919
vt 0.964528 0.306226
vt 0.970678 0.310155
vt 0.963264 0.307919
vt 0.95752 0.302938
vt 0.959013 0.301444
vt 0.964528 0.306226
vt 0.968107 0.262127
vt 0.961347 0.265606
vt 0.960519 0.263662
vt 0.967009 0.260322
vt 0.961347 0.265606
vt 0.954153 0.268066
vt 0.953613 0.266024
vt 0.960519 0.263662
vt 0.07909 0.111688
vt 0.071568 0.112793
vt 0.071414 0.110686
vt 0.078635 0.109626
vt 0.071568 0.112793
vt 0.063965 0.112793
vt 0.064115 0.110686
vt 0.071414 0.110686
vt 0.0348 0.163574
vt 0.027286 0.162416
vt 0.027759 0.160357
vt 0.034972 0.161469
vt 0.027286 0.162416
vt 0.02002 0.160178
vt 0.020783 0.158209
vt 0.027759 0.160357
vt 0.014732 0.294434
vt 0.008262 0.29044
vt 0.0095 0.288728
vt 0.01571 0.292562
vt 0.008262 0.29044
vt 0.002441 0.285549
vt 0.003912 0.284033
vt 0.0095 0.288728
vt 0.942871 0.170399
vt 0.950121 0.16811
vt 0.950609 0.170165
vt 0.943649 0.172363
vt 0.950121 0.16811
vt 0.957626 0.166897
vt 0.957814 0.169001
vt 0.950609 0.170165
vt 0.975129 0.301444
vt 0.981536 0.305538
vt 0.980272 0.30723
vt 0.974121 0.303301
vt 0.981536 0.305538
vt 0.98728 0.310518
vt 0.985786 0.312012
vt 0.980272 0.30723
vt 0.936035 0.266262
vt 0.942795 0.262783
vt 0.943623 0.264726
vt 0.937133 0.268066
vt 0.942795 0.262783
vt 0.949989 0.260322
vt 0.950529 0.262365
vt 0.943623 0.264726
vt 0.053223 0.110731
vt 0.060789 0.109613
vt 0.060945 0.11172
vt 0.053682 0.112793
vt 0.038574 0.158272
vt 0.046044 0.158272
vt 0.045883 0.160379
vt 0.038712 0.160379
vt 0.391113 0.150684
vt 0.398761 0.150684
vt 0.398761 0.154785
vt 0.391113 0.154785
vt 0.541504 0.150684
vt 0.549152 0.150684
vt 0.549152 0.154785
vt 0.541504 0.154785
vt 0.401855 0.150684
vt 0.409503 0.150684
vt 0.409503 0.154785
vt 0.401855 0.154785
vt 0.42334 0.150684
vt 0.430988 0.150684
vt 0.430988 0.154785
vt 0.42334 0.154785
vt 0.44173 0.154785
vt 0.434082 0.154785
vt 0.434082 0.150684
vt 0.44173 0.150684
vt 0.388019 0.154785
vt 0.380371 0.154785
vt 0.380371 0.150684
vt 0.388019 0.150684
vt 0.473957 0.154785
vt 0.466309 0.154785
vt 0.466309 0.150684
vt 0.473957 0.150684
vt 0.366535 0.154785
vt 0.358887 0.154785
vt 0.358887 0.150684
vt 0.366535 0.150684
vt 0.484699 0.154785
vt 0.477051 0.154785
vt 0.477051 0.150684
vt 0.484699 0.150684
vt 0.377277 0.154785
vt 0.369629 0.154785
vt 0.369629 0.150684
vt 0.377277 0.150684
vt 0.559894 0.154785
vt 0.552246 0.154785
vt 0.552246 0.150684
vt 0.559894 0.150684
vt 0.334308 0.154785
vt 0.32666 0.154785
vt 0.32666 0.150684
vt 0.334308 0.150684
vt 0.570636 0.154785
vt 0.562988 0.154785
vt 0.562988 0.150684
vt 0.570636 0.150684
vt 0.53841 0.154785
vt 0.530762 0.154785
vt 0.530762 0.150684
vt 0.53841 0.150684
vt 0.516925 0.154785
vt 0.509277 0.154785
vt 0.509277 0.150684
vt 0.516925 0.150684
vt 0.355793 0.154785
vt 0.348145 0.154785
vt 0.348145 0.150684
vt 0.355793 0.150684
vt 0.463214 0.154785
vt 0.455566 0.154785
vt 0.455566 0.150684
vt 0.463214 0.150684
vt 0.495441 0.154785
vt 0.487793 0.154785
vt 0.487793 0.150684
vt 0.495441 0.150684
vt 0.452472 0.154785
vt 0.444824 0.154785
vt 0.444824 0.150684
vt 0.452472 0.150684
vt 0.498535 0.150684
vt 0.506183 0.150684
vt 0.506183 0.154785
vt 0.498535 0.154785
vt 0.337402 0.150684
vt 0.34505 0.150684
vt 0.34505 0.154785
vt 0.337402 0.154785
vt 0.52002 0.150684
vt 0.527668 0.150684
vt 0.527668 0.154785
vt 0.52002 0.154785
vt 0.57373 0.150684
vt 0.581378 0.150684
vt 0.581378 0.154785
vt 0.57373 0.154785
vt 0.412598 0.150684
vt 0.420246 0.150684
vt 0.420246 0.154785
vt 0.412598 0.154785
vt 0.761677 0.199186
vt 0.768738 0.197838
vt 0.769428 0.200227
vt 0.761915 0.20166
vt 0.768738 0.197838
vt 0.775311 0.195235
vt 0.77642 0.197457
vt 0.769428 0.200227
vt 0.875488 0.309906
vt 0.881179 0.305564
vt 0.882864 0.307392
vt 0.87681 0.312012
vt 0.881179 0.305564
vt 0.885971 0.300246
vt 0.887962 0.301735
vt 0.882864 0.307392
vt 0.111734 0.158479
vt 0.11862 0.160436
vt 0.118165 0.16288
vt 0.11084 0.160798
vt 0.11862 0.160436
vt 0.125749 0.161089
vt 0.125749 0.163574
vt 0.118165 0.16288
vt 0.049316 0.292095
vt 0.055802 0.289065
vt 0.057058 0.29121
vt 0.050159 0.294434
vt 0.055802 0.289065
vt 0.061617 0.28489
vt 0.063244 0.286768
vt 0.057058 0.29121
vt 0.114581 0.294434
vt 0.108632 0.290451
vt 0.109818 0.288266
vt 0.116146 0.292503
vt 0.108632 0.290451
vt 0.102051 0.287635
vt 0.102816 0.28527
vt 0.109818 0.288266
vt 0.699479 0.154785
vt 0.692444 0.153464
vt 0.692674 0.150989
vt 0.700158 0.152394
vt 0.692444 0.153464
vt 0.685285 0.153464
vt 0.685059 0.150989
vt 0.692674 0.150989
vt 0.733066 0.197653
vt 0.726039 0.19902
vt 0.72534 0.196634
vt 0.732815 0.19518
vt 0.726039 0.19902
vt 0.719385 0.20166
vt 0.718262 0.199443
vt 0.72534 0.196634
vt 0.872337 0.302351
vt 0.866646 0.306694
vt 0.864961 0.304866
vt 0.871015 0.300246
vt 0.866646 0.306694
vt 0.861854 0.312012
vt 0.859863 0.310523
vt 0.864961 0.304866
vt 0.1063 0.163574
vt 0.099414 0.161617
vt 0.099869 0.159173
vt 0.107194 0.161255
vt 0.099414 0.161617
vt 0.092285 0.160965
vt 0.092285 0.158479
vt 0.099869 0.159173
vt 0.080822 0.287228
vt 0.074337 0.290258
vt 0.07308 0.288113
vt 0.07998 0.28489
vt 0.074337 0.290258
vt 0.068522 0.294434
vt 0.066895 0.292555
vt 0.07308 0.288113
vt 0.086038 0.28527
vt 0.091986 0.289253
vt 0.090801 0.291438
vt 0.084473 0.287201
vt 0.091986 0.289253
vt 0.098568 0.292069
vt 0.097802 0.294434
vt 0.090801 0.291438
vt 0.675001 0.150977
vt 0.682065 0.15231
vt 0.681832 0.154785
vt 0.674316 0.153367
vt 0.754607 0.199186
vt 0.761677 0.199186
vt 0.761915 0.20166
vt 0.754395 0.20166
vt 0.232666 0.466401
vt 0.225722 0.468262
vt 0.222128 0.440958
vt 0.238892 0.462806
vt 0.232666 0.466401
vt 0.222128 0.440958
vt 0.243976 0.457723
vt 0.238892 0.462806
vt 0.222128 0.440958
vt 0.24757 0.451497
vt 0.243976 0.457723
vt 0.222128 0.440958
vt 0.249431 0.444553
vt 0.24757 0.451497
vt 0.222128 0.440958
vt 0.249431 0.437364
vt 0.249431 0.444553
vt 0.222128 0.440958
vt 0.24757 0.43042
vt 0.249431 0.437364
vt 0.222128 0.440958
vt 0.243976 0.424194
vt 0.24757 0.43042
vt 0.222128 0.440958
vt 0.238892 0.41911
vt 0.243976 0.424194
vt 0.222128 0.440958
vt 0.232666 0.415515
vt 0.238892 0.41911
vt 0.222128 0.440958
vt 0.225722 0.413655
vt 0.232666 0.415515
vt 0.222128 0.440958
vt 0.218533 0.413655
vt 0.225722 0.413655
vt 0.222128 0.440958
vt 0.211589 0.415515
vt 0.218533 0.413655
vt 0.222128 0.440958
vt 0.205363 0.41911
vt 0.211589 0.415515
vt 0.222128 0.440958
vt 0.200279 0.424194
vt 0.205363 0.41911
vt 0.222128 0.440958
vt 0.196685 0.43042
vt 0.200279 0.424194
vt 0.222128 0.440958
vt 0.194824 0.437364
vt 0.196685 0.43042
vt 0.222128 0.440958
vt 0.194824 0.444553
vt 0.194824 0.437364
vt 0.222128 0.440958
vt 0.196685 0.451497
vt 0.194824 0.444553
vt 0.222128 0.440958
vt 0.200279 0.457723
vt 0.196685 0.451497
vt 0.222128 0.440958
vt 0.205363 0.462806
vt 0.200279 0.457723
vt 0.222128 0.440958
vt 0.211589 0.466401
vt 0.205363 0.462806
vt 0.222128 0.440958
vt 0.218533 0.468262
vt 0.211589 0.466401
vt 0.222128 0.440958
vt 0.225722 0.468262
vt 0.218533 0.468262
vt 0.222128 0.440958
vn 0.937361 -0.290482 0.192286
vn 0.907922 -0.290482 0.302156
vn 0.768714 -0.5547 0.318412
vn 0.824932 -0.5547 0.108604
vn 0.855654 -0.290482 0.428341
vn 0.798781 -0.290482 0.526848
vn 0.66011 -0.5547 0.50652
vn 0.715636 -0.290482 0.635205
vn 0.635205 -0.290482 0.715636
vn 0.50652 -0.5547 0.66011
vn 0.526848 -0.290482 0.798781
vn 0.428341 -0.290482 0.855654
vn 0.318412 -0.5547 0.768714
vn 0.302156 -0.290482 0.907922
vn 0.192286 -0.290482 0.937361
vn 0.108604 -0.5547 0.824932
vn 0.056873 -0.290482 0.955189
vn -0.056873 -0.290482 0.955189
vn -0.108604 -0.5547 0.824932
vn -0.192286 -0.290482 0.937361
vn -0.302156 -0.290482 0.907922
vn -0.318412 -0.5547 0.768714
vn -0.428341 -0.290482 0.855654
vn -0.526848 -0.290482 0.798781
vn -0.50652 -0.5547 0.66011
vn -0.635205 -0.290482 0.715636
vn -0.715636 -0.290482 0.635205
vn -0.66011 -0.5547 0.50652
vn -0.798781 -0.290482 0.526848
vn -0.855654 -0.290482 0.428341
vn -0.768714 -0.5547 0.318412
vn -0.907922 -0.290482 0.302156
vn -0.937361 -0.290482 0.192286
vn -0.824932 -0.5547 0.108604
vn -0.955189 -0.290482 0.056873
vn -0.955189 -0.290482 -0.056873
vn -0.824932 -0.5547 -0.108604
vn -0.937361 -0.290482 -0.192286
vn -0.907922 -0.290482 -0.302156
vn -0.768714 -0.5547 -0.318412
vn -0.855654 -0.290482 -0.428341
vn -0.798781 -0.290482 -0.526848
vn -0.66011 -0.5547 -0.50652
vn -0.715636 -0.290482 -0.635205
vn -0.635205 -0.290482 -0.715636
vn -0.50652 -0.5547 -0.66011
vn -0.526848 -0.290482 -0.798781
vn -0.428341 -0.290482 -0.855654
vn -0.318412 -0.5547 -0.768714
vn -0.302156 -0.290482 -0.907922
vn -0.192286 -0.290482 -0.937361
vn -0.108604 -0.5547 -0.824932
vn -0.056873 -0.290482 -0.955189
vn 0.056873 -0.290482 -0.955189
vn 0.108604 -0.5547 -0.824932
vn 0.192286 -0.290482 -0.937361
vn 0.302156 -0.290482 -0.907922
vn 0.318412 -0.5547 -0.768714
vn 0.428341 -0.290482 -0.855654
vn 0.526848 -0.290482 -0.798781
vn 0.50652 -0.5547 -0.66011
vn 0.635205 -0.290482 -0.715636
vn 0.715636 -0.290482 -0.635205
vn 0.66011 -0.5547 -0.50652
vn 0.798781 -0.290482 -0.526848
vn 0.855654 -0.290482 -0.428341
vn 0.768714 -0.5547 -0.318412
vn 0.907922 -0.290482 -0.302156
vn 0.937361 -0.290482 -0.192286
vn 0.824932 -0.5547 -0.108604
vn 0.955189 -0.290482 -0.056873
vn 0.955189 -0.290482 0.056873
vn 0.991445 0 0.130526
vn 0.92388 0 0.382683
vn 0.926204 -0.114906 0.359085
vn 0.981659 -0.114906 0.152125
vn 0.793353 0 0.608761
vn 0.801707 -0.114906 0.586569
vn 0.908837 -0.114906 0.401014
vn 0.608761 0 0.793353
vn 0.622574 -0.114906 0.774079
vn 0.774079 -0.114906 0.622574
vn 0.382683 0 0.92388
vn 0.401014 -0.114906 0.908837
vn 0.586569 -0.114906 0.801707
vn 0.130526 0 0.991445
vn 0.152125 -0.114906 0.981659
vn 0.359085 -0.114906 0.926204
vn -0.130526 0 0.991445
vn -0.10713 -0.114906 0.987583
vn 0.10713 -0.114906 0.987583
vn -0.382683 0 0.92388
vn -0.359085 -0.114906 0.926204
vn -0.152125 -0.114906 0.981659
vn -0.608761 0 0.793353
vn -0.586569 -0.114906 0.801707
vn -0.401014 -0.114906 0.908837
vn -0.793353 0 0.608761
vn -0.774079 -0.114906 0.622574
vn -0.622574 -0.114906 0.774079
vn -0.92388 0 0.382683
vn -0.908837 -0.114906 0.401014
vn -0.801707 -0.114906 0.586569
vn -0.991445 0 0.130526
vn -0.981659 -0.114906 0.152125
vn -0.926204 -0.114906 0.359085
vn -0.991445 0 -0.130526
vn -0.987583 -0.114906 -0.10713
vn -0.987583 -0.114906 0.10713
vn -0.92388 0 -0.382683
vn -0.926204 -0.114906 -0.359085
vn -0.981659 -0.114906 -0.152125
vn -0.793353 0 -0.608761
vn -0.801707 -0.114906 -0.586569
vn -0.908837 -0.114906 -0.401014
vn -0.608761 0 -0.793353
vn -0.622574 -0.114906 -0.774079
vn -0.774079 -0.114906 -0.622574
vn -0.382683 0 -0.92388
vn -0.401014 -0.114906 -0.908837
vn -0.586569 -0.114906 -0.801707
vn -0.130526 0 -0.991445
vn -0.152125 -0.114906 -0.981659
vn -0.359085 -0.114906 -0.926204
vn 0.130526 0 -0.991445
vn 0.10713 -0.114906 -0.987583
vn -0.10713 -0.114906 -0.987583
vn 0.382683 0 -0.92388
vn 0.359085 -0.114906 -0.926204
vn 0.152125 -0.114906 -0.981659
vn 0.608761 0 -0.793353
vn 0.586569 -0.114906 -0.801707
vn 0.401014 -0.114906 -0.908837
vn 0.793353 0 -0.608761
vn 0.774079 -0.114906 -0.622574
vn 0.622574 -0.114906 -0.774079
vn 0.92388 0 -0.382683
vn 0.908837 -0.114906 -0.401014
vn 0.801707 -0.114906 -0.586569
vn 0.991445 0 -0.130526
vn 0.981659 -0.114906 -0.152125
vn 0.926204 -0.114906 -0.359085
vn 0.987583 -0.114906 0.10713
vn 0.987583 -0.114906 -0.10713
vn 0.701057 0.707107 0.092296
vn 0.653281 0.707107 0.270598
vn 0.560986 0.707107 0.430459
vn 0.430459 0.707107 0.560986
vn 0.270598 0.707107 0.653281
vn 0.092296 0.707107 0.701057
vn -0.092296 0.707107 0.701057
vn -0.270598 0.707107 0.653281
vn -0.430459 0.707107 0.560986
vn -0.560986 0.707107 0.430459
vn -0.653281 0.707107 0.270598
vn -0.701057 0.707107 0.092296
vn -0.701057 0.707107 -0.092296
vn -0.653281 0.707107 -0.270598
vn -0.560986 0.707107 -0.430459
vn -0.430459 0.707107 -0.560986
vn -0.270598 0.707107 -0.653281
vn -0.092296 0.707107 -0.701057
vn 0.092296 0.707107 -0.701057
vn 0.270598 0.707107 -0.653281
vn 0.430459 0.707107 -0.560986
vn 0.560986 0.707107 -0.430459
vn 0.653281 0.707107 -0.270598
vn 0.701057 0.707107 -0.092296
vn 0 1 0
f 281/645/209 282/646/210 258/647/211 257/648/212
f 282/649/213 283/650/214 259/651/215 258/652/211
f 283/653/216 284/654/217 260/655/218 259/656/215
f 284/657/219 285/658/220 261/659/221 260/660/218
f 285/661/222 286/662/223 262/663/224 261/664/221
f 286/665/225 287/666/226 263/667/227 262/668/224
f 287/669/228 288/670/229 264/671/230 263/672/227
f 288/673/231 289/674/232 265/675/233 264/676/230
f 289/677/234 290/678/235 266/679/236 265/680/233
f 290/681/237 291/682/238 267/683/239 266/684/236
f 291/685/240 292/686/241 268/687/242 267/688/239
f 292/689/243 293/690/244 269/691/245 268/692/242
f 293/693/246 294/694/247 270/695/248 269/696/245
f 294/697/249 295/698/250 271/699/251 270/700/248
f 295/701/252 296/702/253 272/703/254 271/704/251
f 296/705/255 297/706/256 273/707/257 272/708/254
f 297/709/258 298/710/259 274/711/260 273/712/257
f 298/713/261 299/714/262 275/715/263 274/716/260
f 299/717/264 300/718/265 276/719/266 275/720/263
f 300/721/267 301/722/268 277/723/269 276/724/266
f 301/725/270 302/726/271 278/727/272 277/728/269
f 302/729/273 303/730/274 279/731/275 278/732/272
f 303/733/276 304/734/277 280/735/278 279/736/275
f 304/737/279 281/738/280 257/739/212 280/740/278
f 305/741/281 306/742/282 282/743/283 281/744/284
f 306/745/282 307/746/285 283/747/286 282/748/287
f 307/749/285 308/750/288 284/751/289 283/752/290
f 308/753/288 309/754/291 285/755/292 284/756/293
f 309/757/291 310/758/294 286/759/295 285/760/296
f 310/761/294 311/762/297 287/763/298 286/764/299
f 311/765/297 312/766/300 288/767/301 287/768/302
f 312/769/300 313/770/303 289/771/304 288/772/305
f 313/773/303 314/774/306 290/775/307 289/776/308
f 314/777/306 315/778/309 291/779/310 290/780/311
f 315/781/309 316/782/312 292/783/313 291/784/314
f 316/785/312 317/786/315 293/787/316 292/788/317
f 317/789/315 318/790/318 294/791/319 293/792/320
f 318/793/318 319/794/321 295/795/322 294/796/323
f 319/797/321 320/798/324 296/799/325 295/800/326
f 320/801/324 321/802/327 297/803/328 296/804/329
f 321/805/327 322/806/330 298/807/331 297/808/332
f 322/809/330 323/810/333 299/811/334 298/812/335
f 323/813/333 324/814/336 300/815/337 299/816/338
f 324/817/336 325/818/339 301/819/340 300/820/341
f 325/821/339 326/822/342 302/823/343 301/824/344
f 326/825/342 327/826/345 303/827/346 302/828/347
f 327/829/345 328/830/348 304/831/349 303/832/350
f 328/833/348 305/834/281 281/835/351 304/836/352
f 329/837/353 330/838/354 306/839/354 305/840/353
f 330/841/354 331/842/355 307/843/355 306/844/354
f 331/845/355 332/846/356 308/847/356 307/848/355
f 332/849/356 333/850/357 309/851/357 308/852/356
f 333/853/357 334/854/358 310/855/358 309/856/357
f 334/857/358 335/858/359 311/859/359 310/860/358
f 335/861/359 336/862/360 312/863/360 311/864/359
f 336/865/360 337/866/361 313/867/361 312/868/360
f 337/869/361 338/870/362 314/871/362 313/872/361
f 338/873/362 339/874/363 315/875/363 314/876/362
f 339/877/363 340/878/364 316/879/364 315/880/363
f 340/881/364 341/882/365 317/883/365 316/884/364
f 341/885/365 342/886/366 318/887/366 317/888/365
f 342/889/366 343/890/367 319/891/367 318/892/366
f 343/893/367 344/894/368 320/895/368 319/896/367
f 344/897/368 345/898/369 321/899/369 320/900/368
f 345/901/369 346/902/370 322/903/370 321/904/369
f 346/905/370 347/906/371 323/907/371 322/908/370
f 347/909/371 348/910/372 324/911/372 323/912/371
f 348/913/372 349/914/373 325/915/373 324/916/372
f 349/917/373 350/918/374 326/919/374 325/920/373
f 350/921/374 351/922/375 327/923/375 326/924/374
f 351/925/375 352/926/376 328/927/376 327/928/375
f 352/929/376 329/930/353 305/931/353 328/932/376
f 330/933/377 329/934/377 353/935/377
f 331/936/377 330/937/377 353/938/377
f 332/939/377 331/940/377 353/941/377
f 333/942/377 332/943/377 353/944/377
f 334/945/377 333/946/377 353/947/377
f 335/948/377 334/949/377 353/950/377
f 336/951/377 335/952/377 353/953/377
f 337/954/377 336/955/377 353/956/377
f 338/957/377 337/958/377 353/959/377
f 339/960/377 338/961/377 353/962/377
f 340/963/377 339/964/377 353/965/377
f 341/966/377 340/967/377 353/968/377
f 342/969/377 341/970/377 353/971/377
f 343/972/377 342/973/377 353/974/377
f 344/975/377 343/976/377 353/977/377
f 345/978/377 344/979/377 353/980/377
f 346/981/377 345/982/377 353/983/377
f 347/984/377 346/985/377 353/986/377
f 348/987/377 347/988/377 353/989/377
f 349/990/377 348/991/377 353/992/377
f 350/993/377 349/994/377 353/995/377
f 351/996/377 350/997/377 353/998/377
f 352/999/377 351/1000/377 353/1001/377
f 329/1002/377 352/1003/377 353/1004/377
o submersible_fuel_pump__body__cap_bolts
usemtl fuel_station_sump
v 0.749407 0.68125 0.656986
v 0.760657 0.68125 0.6375
v 0.749407 0.68125 0.618014
v 0.726907 0.68125 0.618014
v 0.715657 0.68125 0.6375
v 0.726907 0.68125 0.656986
v 0.749407 0.7 0.656986
v 0.760657 0.7 0.6375
v 0.749407 0.7 0.618014
v 0.726907 0.7 0.618014
v 0.715657 0.7 0.6375
v 0.726907 0.7 0.656986
v 0.749407 0.68125 0.656986
v 0.760657 0.68125 0.6375
v 0.749407 0.68125 0.618014
v 0.726907 0.68125 0.618014
v 0.715657 0.68125 0.6375
v 0.726907 0.68125 0.656986
v 0.749407 0.7 0.656986
v 0.760657 0.7 0.6375
v 0.749407 0.7 0.618014
v 0.726907 0.7 0.618014
v 0.715657 0.7 0.6375
v 0.726907 0.7 0.656986
v 0.51125 0.68125 0.794486
v 0.5225 0.68125 0.775
v 0.51125 0.68125 0.755514
v 0.48875 0.68125 0.755514
v 0.4775 0.68125 0.775
v 0.48875 0.68125 0.794486
v 0.51125 0.7 0.794486
v 0.5225 0.7 0.775
v 0.51125 0.7 0.755514
v 0.48875 0.7 0.755514
v 0.4775 0.7 0.775
v 0.48875 0.7 0.794486
v 0.51125 0.68125 0.794486
v 0.5225 0.68125 0.775
v 0.51125 0.68125 0.755514
v 0.48875 0.68125 0.755514
v 0.4775 0.68125 0.775
v 0.48875 0.68125 0.794486
v 0.51125 0.7 0.794486
v 0.5225 0.7 0.775
v 0.51125 0.7 0.755514
v 0.48875 0.7 0.755514
v 0.4775 0.7 0.775
v 0.48875 0.7 0.794486
v 0.273093 0.68125 0.656986
v 0.284343 0.68125 0.6375
v 0.273093 0.68125 0.618014
v 0.250593 0.68125 0.618014
v 0.239343 0.68125 0.6375
v 0.250593 0.68125 0.656986
v 0.273093 0.7 0.656986
v 0.284343 0.7 0.6375
v 0.273093 0.7 0.618014
v 0.250593 0.7 0.618014
v 0.239343 0.7 0.6375
v 0.250593 0.7 0.656986
v 0.273093 0.68125 0.656986
v 0.284343 0.68125 0.6375
v 0.273093 0.68125 0.618014
v 0.250593 0.68125 0.618014
v 0.239343 0.68125 0.6375
v 0.250593 0.68125 0.656986
v 0.273093 0.7 0.656986
v 0.284343 0.7 0.6375
v 0.273093 0.7 0.618014
v 0.250593 0.7 0.618014
v 0.239343 0.7 0.6375
v 0.250593 0.7 0.656986
v 0.273093 0.68125 0.381986
v 0.284343 0.68125 0.3625
v 0.273093 0.68125 0.343014
v 0.250593 0.68125 0.343014
v 0.239343 0.68125 0.3625
v 0.250593 0.68125 0.381986
v 0.273093 0.7 0.381986
v 0.284343 0.7 0.3625
v 0.273093 0.7 0.343014
v 0.250593 0.7 0.343014
v 0.239343 0.7 0.3625
v 0.250593 0.7 0.381986
v 0.273093 0.68125 0.381986
v 0.284343 0.68125 0.3625
v 0.273093 0.68125 0.343014
v 0.250593 0.68125 0.343014
v 0.239343 0.68125 0.3625
v 0.250593 0.68125 0.381986
v 0.273093 0.7 0.381986
v 0.284343 0.7 0.3625
v 0.273093 0.7 0.343014
v 0.250593 0.7 0.343014
v 0.239343 0.7 0.3625
v 0.250593 0.7 0.381986
v 0.51125 0.68125 0.244486
v 0.5225 0.68125 0.225
v 0.51125 0.68125 0.205514
v 0.48875 0.68125 0.205514
v 0.4775 0.68125 0.225
v 0.48875 0.68125 0.244486
v 0.51125 0.7 0.244486
v 0.5225 0.7 0.225
v 0.51125 0.7 0.205514
v 0.48875 0.7 0.205514
v 0.4775 0.7 0.225
v 0.48875 0.7 0.244486
v 0.51125 0.68125 0.244486
v 0.5225 0.68125 0.225
v 0.51125 0.68125 0.205514
v 0.48875 0.68125 0.205514
v 0.4775 0.68125 0.225
v 0.48875 0.68125 0.244486
v 0.51125 0.7 0.244486
v 0.5225 0.7 0.225
v 0.51125 0.7 0.205514
v 0.48875 0.7 0.205514
v 0.4775 0.7 0.225
v 0.48875 0.7 0.244486
v 0.749407 0.68125 0.381986
v 0.760657 0.68125 0.3625
v 0.749407 0.68125 0.343014
v 0.726907 0.68125 0.343014
v 0.715657 0.68125 0.3625
v 0.726907 0.68125 0.381986
v 0.749407 0.7 0.381986
v 0.760657 0.7 0.3625
v 0.749407 0.7 0.343014
v 0.726907 0.7 0.343014
v 0.715657 0.7 0.3625
v 0.726907 0.7 0.381986
v 0.749407 0.68125 0.381986
v 0.760657 0.68125 0.3625
v 0.749407 0.68125 0.343014
v 0.726907 0.68125 0.343014
v 0.715657 0.68125 0.3625
v 0.726907 0.68125 0.381986
v 0.749407 0.7 0.381986
v 0.760657 0.7 0.3625
v 0.749407 0.7 0.343014
v 0.726907 0.7 0.343014
v 0.715657 0.7 0.3625
v 0.726907 0.7 0.381986
vt 0.577793 0.088379
vt 0.575684 0.088379
vt 0.575684 0.086621
vt 0.577793 0.086621
vt 0.624668 0.088379
vt 0.622559 0.088379
vt 0.622559 0.086621
vt 0.624668 0.086621
vt 0.522949 0.086621
vt 0.525059 0.086621
vt 0.525059 0.088379
vt 0.522949 0.088379
vt 0.581543 0.086621
vt 0.583652 0.086621
vt 0.583652 0.088379
vt 0.581543 0.088379
vt 0.70459 0.086621
vt 0.706699 0.086621
vt 0.706699 0.088379
vt 0.70459 0.088379
vt 0.528809 0.086621
vt 0.530918 0.086621
vt 0.530918 0.088379
vt 0.528809 0.088379
vt 0.035957 0.145146
vt 0.034902 0.146973
vt 0.032793 0.146973
vt 0.034902 0.143319
vt 0.035957 0.145146
vt 0.032793 0.146973
vt 0.032793 0.143319
vt 0.034902 0.143319
vt 0.032793 0.146973
vt 0.032793 0.146973
vt 0.031738 0.145146
vt 0.032793 0.143319
vt 0.042715 0.146973
vt 0.040605 0.146973
vt 0.039551 0.145146
vt 0.042715 0.146973
vt 0.039551 0.145146
vt 0.040605 0.143319
vt 0.042715 0.146973
vt 0.040605 0.143319
vt 0.042715 0.143319
vt 0.042715 0.143319
vt 0.04377 0.145146
vt 0.042715 0.146973
vt 0.712559 0.088379
vt 0.710449 0.088379
vt 0.710449 0.086621
vt 0.712559 0.086621
vt 0.630527 0.088379
vt 0.628418 0.088379
vt 0.628418 0.086621
vt 0.630527 0.086621
vt 0.61084 0.086621
vt 0.612949 0.086621
vt 0.612949 0.088379
vt 0.61084 0.088379
vt 0.716309 0.086621
vt 0.718418 0.086621
vt 0.718418 0.088379
vt 0.716309 0.088379
vt 0.634277 0.086621
vt 0.636387 0.086621
vt 0.636387 0.088379
vt 0.634277 0.088379
vt 0.587402 0.086621
vt 0.589512 0.086621
vt 0.589512 0.088379
vt 0.587402 0.088379
vt 0.098457 0.145146
vt 0.097402 0.146973
vt 0.095293 0.146973
vt 0.097402 0.143319
vt 0.098457 0.145146
vt 0.095293 0.146973
vt 0.095293 0.143319
vt 0.097402 0.143319
vt 0.095293 0.146973
vt 0.095293 0.146973
vt 0.094238 0.145146
vt 0.095293 0.143319
vt 0.105215 0.146973
vt 0.103105 0.146973
vt 0.102051 0.145146
vt 0.105215 0.146973
vt 0.102051 0.145146
vt 0.103105 0.143319
vt 0.105215 0.146973
vt 0.103105 0.143319
vt 0.105215 0.143319
vt 0.105215 0.143319
vt 0.10627 0.145146
vt 0.105215 0.146973
vt 0.642246 0.088379
vt 0.640137 0.088379
vt 0.640137 0.086621
vt 0.642246 0.086621
vt 0.595371 0.088379
vt 0.593262 0.088379
vt 0.593262 0.086621
vt 0.595371 0.086621
vt 0.534668 0.086621
vt 0.536777 0.086621
vt 0.536777 0.088379
vt 0.534668 0.088379
vt 0.645996 0.086621
vt 0.648105 0.086621
vt 0.648105 0.088379
vt 0.645996 0.088379
vt 0.692871 0.086621
vt 0.69498 0.086621
vt 0.69498 0.088379
vt 0.692871 0.088379
vt 0.540527 0.086621
vt 0.542637 0.086621
vt 0.542637 0.088379
vt 0.540527 0.088379
vt 0.051582 0.145146
vt 0.050527 0.146973
vt 0.048418 0.146973
vt 0.050527 0.143319
vt 0.051582 0.145146
vt 0.048418 0.146973
vt 0.048418 0.143319
vt 0.050527 0.143319
vt 0.048418 0.146973
vt 0.048418 0.146973
vt 0.047363 0.145146
vt 0.048418 0.143319
vt 0.05834 0.146973
vt 0.05623 0.146973
vt 0.055176 0.145146
vt 0.05834 0.146973
vt 0.055176 0.145146
vt 0.05623 0.143319
vt 0.05834 0.146973
vt 0.05623 0.143319
vt 0.05834 0.143319
vt 0.05834 0.143319
vt 0.059395 0.145146
vt 0.05834 0.146973
vt 0.70084 0.088379
vt 0.69873 0.088379
vt 0.69873 0.086621
vt 0.70084 0.086621
vt 0.653965 0.088379
vt 0.651855 0.088379
vt 0.651855 0.086621
vt 0.653965 0.086621
vt 0.546387 0.086621
vt 0.548496 0.086621
vt 0.548496 0.088379
vt 0.546387 0.088379
vt 0.552246 0.086621
vt 0.554355 0.086621
vt 0.554355 0.088379
vt 0.552246 0.088379
vt 0.657715 0.086621
vt 0.659824 0.086621
vt 0.659824 0.088379
vt 0.657715 0.088379
vt 0.558105 0.086621
vt 0.560215 0.086621
vt 0.560215 0.088379
vt 0.558105 0.088379
vt 0.067207 0.145146
vt 0.066152 0.146973
vt 0.064043 0.146973
vt 0.066152 0.143319
vt 0.067207 0.145146
vt 0.064043 0.146973
vt 0.064043 0.143319
vt 0.066152 0.143319
vt 0.064043 0.146973
vt 0.064043 0.146973
vt 0.062988 0.145146
vt 0.064043 0.143319
vt 0.073965 0.146973
vt 0.071855 0.146973
vt 0.070801 0.145146
vt 0.073965 0.146973
vt 0.070801 0.145146
vt 0.071855 0.143319
vt 0.073965 0.146973
vt 0.071855 0.143319
vt 0.073965 0.143319
vt 0.073965 0.143319
vt 0.07502 0.145146
vt 0.073965 0.146973
vt 0.51334 0.088379
vt 0.51123 0.088379
vt 0.51123 0.086621
vt 0.51334 0.086621
vt 0.665684 0.088379
vt 0.663574 0.088379
vt 0.663574 0.086621
vt 0.665684 0.086621
vt 0.616699 0.086621
vt 0.618809 0.086621
vt 0.618809 0.088379
vt 0.616699 0.088379
vt 0.669434 0.086621
vt 0.671543 0.086621
vt 0.671543 0.088379
vt 0.669434 0.088379
vt 0.51709 0.086621
vt 0.519199 0.086621
vt 0.519199 0.088379
vt 0.51709 0.088379
vt 0.599121 0.086621
vt 0.60123 0.086621
vt 0.60123 0.088379
vt 0.599121 0.088379
vt 0.114082 0.145146
vt 0.113027 0.146973
vt 0.110918 0.146973
vt 0.113027 0.143319
vt 0.114082 0.145146
vt 0.110918 0.146973
vt 0.110918 0.143319
vt 0.113027 0.143319
vt 0.110918 0.146973
vt 0.110918 0.146973
vt 0.109863 0.145146
vt 0.110918 0.143319
vt 0.12084 0.146973
vt 0.11873 0.146973
vt 0.117676 0.145146
vt 0.12084 0.146973
vt 0.117676 0.145146
vt 0.11873 0.143319
vt 0.12084 0.146973
vt 0.11873 0.143319
vt 0.12084 0.143319
vt 0.12084 0.143319
vt 0.121895 0.145146
vt 0.12084 0.146973
vt 0.677402 0.088379
vt 0.675293 0.088379
vt 0.675293 0.086621
vt 0.677402 0.086621
vt 0.60709 0.088379
vt 0.60498 0.088379
vt 0.60498 0.086621
vt 0.60709 0.086621
vt 0.563965 0.086621
vt 0.566074 0.086621
vt 0.566074 0.088379
vt 0.563965 0.088379
vt 0.681152 0.086621
vt 0.683262 0.086621
vt 0.683262 0.088379
vt 0.681152 0.088379
vt 0.687012 0.086621
vt 0.689121 0.086621
vt 0.689121 0.088379
vt 0.687012 0.088379
vt 0.569824 0.086621
vt 0.571934 0.086621
vt 0.571934 0.088379
vt 0.569824 0.088379
vt 0.082832 0.145146
vt 0.081777 0.146973
vt 0.079668 0.146973
vt 0.081777 0.143319
vt 0.082832 0.145146
vt 0.079668 0.146973
vt 0.079668 0.143319
vt 0.081777 0.143319
vt 0.079668 0.146973
vt 0.079668 0.146973
vt 0.078613 0.145146
vt 0.079668 0.143319
vt 0.08959 0.146973
vt 0.08748 0.146973
vt 0.086426 0.145146
vt 0.08959 0.146973
vt 0.086426 0.145146
vt 0.08748 0.143319
vt 0.08959 0.146973
vt 0.08748 0.143319
vt 0.08959 0.143319
vt 0.08959 0.143319
vt 0.090645 0.145146
vt 0.08959 0.146973
vn 0.866025 0 0.5
vn 0.866025 0 -0.5
vn 0 0 -1
vn -0.866025 0 -0.5
vn -0.866025 0 0.5
vn 0 0 1
vn 0 -1 0
vn 0 1 0
f 354/1005/378 355/1006/378 361/1007/378 360/1008/378
f 355/1009/379 356/1010/379 362/1011/379 361/1012/379
f 356/1013/380 357/1014/380 363/1015/380 362/1016/380
f 357/1017/381 358/1018/381 364/1019/381 363/1020/381
f 358/1021/382 359/1022/382 365/1023/382 364/1024/382
f 359/1025/383 354/1026/383 360/1027/383 365/1028/383
f 367/1029/384 366/1030/384 371/1031/384
f 368/1032/384 367/1033/384 371/1034/384
f 369/1035/384 368/1036/384 371/1037/384
f 371/1038/384 370/1039/384 369/1040/384
f 377/1041/385 372/1042/385 373/1043/385
f 377/1044/385 373/1045/385 374/1046/385
f 377/1047/385 374/1048/385 375/1049/385
f 375/1050/385 376/1051/385 377/1052/385
f 378/1053/378 379/1054/378 385/1055/378 384/1056/378
f 379/1057/379 380/1058/379 386/1059/379 385/1060/379
f 380/1061/380 381/1062/380 387/1063/380 386/1064/380
f 381/1065/381 382/1066/381 388/1067/381 387/1068/381
f 382/1069/382 383/1070/382 389/1071/382 388/1072/382
f 383/1073/383 378/1074/383 384/1075/383 389/1076/383
f 391/1077/384 390/1078/384 395/1079/384
f 392/1080/384 391/1081/384 395/1082/384
f 393/1083/384 392/1084/384 395/1085/384
f 395/1086/384 394/1087/384 393/1088/384
f 401/1089/385 396/1090/385 397/1091/385
f 401/1092/385 397/1093/385 398/1094/385
f 401/1095/385 398/1096/385 399/1097/385
f 399/1098/385 400/1099/385 401/1100/385
f 402/1101/378 403/1102/378 409/1103/378 408/1104/378
f 403/1105/379 404/1106/379 410/1107/379 409/1108/379
f 404/1109/380 405/1110/380 411/1111/380 410/1112/380
f 405/1113/381 406/1114/381 412/1115/381 411/1116/381
f 406/1117/382 407/1118/382 413/1119/382 412/1120/382
f 407/1121/383 402/1122/383 408/1123/383 413/1124/383
f 415/1125/384 414/1126/384 419/1127/384
f 416/1128/384 415/1129/384 419/1130/384
f 417/1131/384 416/1132/384 419/1133/384
f 419/1134/384 418/1135/384 417/1136/384
f 425/1137/385 420/1138/385 421/1139/385
f 425/1140/385 421/1141/385 422/1142/385
f 425/1143/385 422/1144/385 423/1145/385
f 423/1146/385 424/1147/385 425/1148/385
f 426/1149/378 427/1150/378 433/1151/378 432/1152/378
f 427/1153/379 428/1154/379 434/1155/379 433/1156/379
f 428/1157/380 429/1158/380 435/1159/380 434/1160/380
f 429/1161/381 430/1162/381 436/1163/381 435/1164/381
f 430/1165/382 431/1166/382 437/1167/382 436/1168/382
f 431/1169/383 426/1170/383 432/1171/383 437/1172/383
f 439/1173/384 438/1174/384 443/1175/384
f 440/1176/384 439/1177/384 443/1178/384
f 441/1179/384 440/1180/384 443/1181/384
f 443/1182/384 442/1183/384 441/1184/384
f 449/1185/385 444/1186/385 445/1187/385
f 449/1188/385 445/1189/385 446/1190/385
f 449/1191/385 446/1192/385 447/1193/385
f 447/1194/385 448/1195/385 449/1196/385
f 450/1197/378 451/1198/378 457/1199/378 456/1200/378
f 451/1201/379 452/1202/379 458/1203/379 457/1204/379
f 452/1205/380 453/1206/380 459/1207/380 458/1208/380
f 453/1209/381 454/1210/381 460/1211/381 459/1212/381
f 454/1213/382 455/1214/382 461/1215/382 460/1216/382
f 455/1217/383 450/1218/383 456/1219/383 461/1220/383
f 463/1221/384 462/1222/384 467/1223/384
f 464/1224/384 463/1225/384 467/1226/384
f 465/1227/384 464/1228/384 467/1229/384
f 467/1230/384 466/1231/384 465/1232/384
f 473/1233/385 468/1234/385 469/1235/385
f 473/1236/385 469/1237/385 470/1238/385
f 473/1239/385 470/1240/385 471/1241/385
f 471/1242/385 472/1243/385 473/1244/385
f 474/1245/378 475/1246/378 481/1247/378 480/1248/378
f 475/1249/379 476/1250/379 482/1251/379 481/1252/379
f 476/1253/380 477/1254/380 483/1255/380 482/1256/380
f 477/1257/381 478/1258/381 484/1259/381 483/1260/381
f 478/1261/382 479/1262/382 485/1263/382 484/1264/382
f 479/1265/383 474/1266/383 480/1267/383 485/1268/383
f 487/1269/384 486/1270/384 491/1271/384
f 488/1272/384 487/1273/384 491/1274/384
f 489/1275/384 488/1276/384 491/1277/384
f 491/1278/384 490/1279/384 489/1280/384
f 497/1281/385 492/1282/385 493/1283/385
f 497/1284/385 493/1285/385 494/1286/385
f 497/1287/385 494/1288/385 495/1289/385
f 495/1290/385 496/1291/385 497/1292/385
o submersible_fuel_pump__body__outlet
usemtl fuel_station_sump
v 0.623461 0.519554 0.1125
v 0.611376 0.556749 0.1125
v 0.588388 0.588388 0.1125
v 0.556749 0.611376 0.1125
v 0.519554 0.623461 0.1125
v 0.480446 0.623461 0.1125
v 0.443251 0.611376 0.1125
v 0.411612 0.588388 0.1125
v 0.388624 0.556749 0.1125
v 0.376539 0.519554 0.1125
v 0.376539 0.480446 0.1125
v 0.388624 0.443251 0.1125
v 0.411612 0.411612 0.1125
v 0.443251 0.388624 0.1125
v 0.480446 0.376539 0.1125
v 0.519554 0.376539 0.1125
v 0.556749 0.388624 0.1125
v 0.588388 0.411612 0.1125
v 0.611376 0.443251 0.1125
v 0.623461 0.480446 0.1125
v 0.623461 0.519554 0.2375
v 0.611376 0.556749 0.2375
v 0.588388 0.588388 0.2375
v 0.556749 0.611376 0.2375
v 0.519554 0.623461 0.2375
v 0.480446 0.623461 0.2375
v 0.443251 0.611376 0.2375
v 0.411612 0.588388 0.2375
v 0.388624 0.556749 0.2375
v 0.376539 0.519554 0.2375
v 0.376539 0.480446 0.2375
v 0.388624 0.443251 0.2375
v 0.411612 0.411612 0.2375
v 0.443251 0.388624 0.2375
v 0.480446 0.376539 0.2375
v 0.519554 0.376539 0.2375
v 0.556749 0.388624 0.2375
v 0.588388 0.411612 0.2375
v 0.611376 0.443251 0.2375
v 0.623461 0.480446 0.2375
vt 0.912598 0.154785
vt 0.912598 0.151119
vt 0.924316 0.151119
vt 0.924316 0.154785
vt 0.002441 0.146973
vt 0.002441 0.143306
vt 0.01416 0.143306
vt 0.01416 0.146973
vt 0.854004 0.154785
vt 0.854004 0.151119
vt 0.865723 0.151119
vt 0.865723 0.154785
vt 0.766113 0.154785
vt 0.766113 0.151119
vt 0.777832 0.151119
vt 0.777832 0.154785
vt 0.01709 0.146973
vt 0.01709 0.143306
vt 0.028809 0.143306
vt 0.028809 0.146973
vt 0.736816 0.154785
vt 0.736816 0.151119
vt 0.748535 0.151119
vt 0.748535 0.154785
vt 0.927246 0.154785
vt 0.927246 0.151119
vt 0.938965 0.151119
vt 0.938965 0.154785
vt 0.941895 0.154785
vt 0.941895 0.151119
vt 0.953613 0.151119
vt 0.953613 0.154785
vt 0.780762 0.154785
vt 0.780762 0.151119
vt 0.79248 0.151119
vt 0.79248 0.154785
vt 0.956543 0.154785
vt 0.956543 0.151119
vt 0.968262 0.151119
vt 0.968262 0.154785
vt 0.79541 0.154785
vt 0.79541 0.151119
vt 0.807129 0.151119
vt 0.807129 0.154785
vt 0.868652 0.154785
vt 0.868652 0.151119
vt 0.880371 0.151119
vt 0.880371 0.154785
vt 0.883301 0.154785
vt 0.883301 0.151119
vt 0.89502 0.151119
vt 0.89502 0.154785
vt 0.810059 0.154785
vt 0.810059 0.151119
vt 0.821777 0.151119
vt 0.821777 0.154785
vt 0.971191 0.154785
vt 0.971191 0.151119
vt 0.98291 0.151119
vt 0.98291 0.154785
vt 0.824707 0.154785
vt 0.824707 0.151119
vt 0.836426 0.151119
vt 0.836426 0.154785
vt 0.839355 0.154785
vt 0.839355 0.151119
vt 0.851074 0.151119
vt 0.851074 0.154785
vt 0.897949 0.154785
vt 0.897949 0.151119
vt 0.909668 0.151119
vt 0.909668 0.154785
vt 0.98584 0.154785
vt 0.98584 0.151119
vt 0.997559 0.151119
vt 0.997559 0.154785
vt 0.751465 0.154785
vt 0.751465 0.151119
vt 0.763184 0.151119
vt 0.763184 0.154785
vn 0.987688 0.156434 0
vn 0.891007 0.45399 0
vn 0.707107 0.707107 0
vn 0.45399 0.891007 0
vn 0.156434 0.987688 0
vn -0.156434 0.987688 0
vn -0.45399 0.891007 0
vn -0.707107 0.707107 0
vn -0.891007 0.45399 0
vn -0.987688 0.156434 0
vn -0.987688 -0.156434 0
vn -0.891007 -0.45399 0
vn -0.707107 -0.707107 0
vn -0.45399 -0.891007 0
vn -0.156434 -0.987688 0
vn 0.156434 -0.987688 0
vn 0.45399 -0.891007 0
vn 0.707107 -0.707107 0
vn 0.891007 -0.45399 0
vn 0.987688 -0.156434 0
f 498/1293/386 499/1294/387 519/1295/387 518/1296/386
f 499/1297/387 500/1298/388 520/1299/388 519/1300/387
f 500/1301/388 501/1302/389 521/1303/389 520/1304/388
f 501/1305/389 502/1306/390 522/1307/390 521/1308/389
f 502/1309/390 503/1310/391 523/1311/391 522/1312/390
f 503/1313/391 504/1314/392 524/1315/392 523/1316/391
f 504/1317/392 505/1318/393 525/1319/393 524/1320/392
f 505/1321/393 506/1322/394 526/1323/394 525/1324/393
f 506/1325/394 507/1326/395 527/1327/395 526/1328/394
f 507/1329/395 508/1330/396 528/1331/396 527/1332/395
f 508/1333/396 509/1334/397 529/1335/397 528/1336/396
f 509/1337/397 510/1338/398 530/1339/398 529/1340/397
f 510/1341/398 511/1342/399 531/1343/399 530/1344/398
f 511/1345/399 512/1346/400 532/1347/400 531/1348/399
f 512/1349/400 513/1350/401 533/1351/401 532/1352/400
f 513/1353/401 514/1354/402 534/1355/402 533/1356/401
f 514/1357/402 515/1358/403 535/1359/403 534/1360/402
f 515/1361/403 516/1362/404 536/1363/404 535/1364/403
f 516/1365/404 517/1366/405 537/1367/405 536/1368/404
f 517/1369/405 498/1370/386 518/1371/386 537/1372/405
o submersible_fuel_pump__body__outlet_neck
usemtl fuel_station_sump
v 0.155 0.155 0.040625
v 0.845 0.155 0.040625
v 0.845 0.845 0.040625
v 0.155 0.845 0.040625
v 0.15 0.15 0.045625
v 0.85 0.15 0.045625
v 0.85 0.85 0.045625
v 0.15 0.85 0.045625
v 0.15 0.15 0.1075
v 0.85 0.15 0.1075
v 0.85 0.85 0.1075
v 0.15 0.85 0.1075
v 0.155 0.155 0.1125
v 0.845 0.155 0.1125
v 0.845 0.845 0.1125
v 0.155 0.845 0.1125
v 0.155 0.155 0.040625
v 0.845 0.155 0.040625
v 0.845 0.845 0.040625
v 0.155 0.845 0.040625
v 0.155 0.155 0.1125
v 0.845 0.155 0.1125
v 0.845 0.845 0.1125
v 0.155 0.845 0.1125
vt 0.764629 0.047677
vt 0.829316 0.047677
vt 0.829785 0.04834
vt 0.76416 0.04834
vt 0.653301 0.039864
vt 0.717988 0.039864
vt 0.718457 0.040527
vt 0.652832 0.040527
vt 0.833965 0.047677
vt 0.898652 0.047677
vt 0.899121 0.04834
vt 0.833496 0.04834
vt 0.722637 0.039864
vt 0.787324 0.039864
vt 0.787793 0.040527
vt 0.722168 0.040527
vt 0.572754 0.175352
vt 0.638379 0.175352
vt 0.638379 0.181152
vt 0.572754 0.181152
vt 0.64209 0.175352
vt 0.707715 0.175352
vt 0.707715 0.181152
vt 0.64209 0.181152
vt 0.711426 0.175352
vt 0.777051 0.175352
vt 0.777051 0.181152
vt 0.711426 0.181152
vt 0.780762 0.175352
vt 0.846387 0.175352
vt 0.846387 0.181152
vt 0.780762 0.181152
vt 0.500488 0.059396
vt 0.566113 0.059396
vt 0.565645 0.060059
vt 0.500957 0.060059
vt 0.791504 0.039864
vt 0.857129 0.039864
vt 0.85666 0.040527
vt 0.791973 0.040527
vt 0.569824 0.059396
vt 0.635449 0.059396
vt 0.63498 0.060059
vt 0.570293 0.060059
vt 0.86084 0.039864
vt 0.926465 0.039864
vt 0.925996 0.040527
vt 0.861309 0.040527
vt 0.07373 0.539551
vt 0.07373 0.474863
vt 0.138418 0.474863
vt 0.138418 0.474863
vt 0.138418 0.539551
vt 0.07373 0.539551
vt 0.206777 0.539551
vt 0.14209 0.539551
vt 0.14209 0.474863
vt 0.14209 0.474863
vt 0.206777 0.474863
vt 0.206777 0.539551
vn 0 -0.707107 -0.707107
vn 0.707107 0 -0.707107
vn 0 0.707107 -0.707107
vn -0.707107 0 -0.707107
vn 0 -1 0
vn 1 0 0
vn 0 1 0
vn -1 0 0
vn 0 -0.707107 0.707107
vn 0.707107 0 0.707107
vn 0 0.707107 0.707107
vn -0.707107 0 0.707107
vn 0 0 -1
vn 0 0 1
f 538/1373/406 539/1374/406 543/1375/406 542/1376/406
f 539/1377/407 540/1378/407 544/1379/407 543/1380/407
f 540/1381/408 541/1382/408 545/1383/408 544/1384/408
f 541/1385/409 538/1386/409 542/1387/409 545/1388/409
f 542/1389/410 543/1390/410 547/1391/410 546/1392/410
f 543/1393/411 544/1394/411 548/1395/411 547/1396/411
f 544/1397/412 545/1398/412 549/1399/412 548/1400/412
f 545/1401/413 542/1402/413 546/1403/413 549/1404/413
f 546/1405/414 547/1406/414 551/1407/414 550/1408/414
f 547/1409/415 548/1410/415 552/1411/415 551/1412/415
f 548/1413/416 549/1414/416 553/1415/416 552/1416/416
f 549/1417/417 546/1418/417 550/1419/417 553/1420/417
f 555/1421/418 554/1422/418 557/1423/418
f 557/1424/418 556/1425/418 555/1426/418
f 561/1427/419 558/1428/419 559/1429/419
f 559/1430/419 560/1431/419 561/1432/419
o submersible_fuel_pump__body__fport_plate
usemtl fuel_station_sump
v 0.83875 0.16125 0.0375
v 0.16125 0.16125 0.0375
v 0.16125 0.83875 0.0375
v 0.83875 0.83875 0.0375
v 0.84375 0.15625 0.0325
v 0.15625 0.15625 0.0325
v 0.15625 0.84375 0.0325
v 0.84375 0.84375 0.0325
v 0.84375 0.15625 0.005
v 0.15625 0.15625 0.005
v 0.15625 0.84375 0.005
v 0.84375 0.84375 0.005
v 0.83875 0.16125 0
v 0.16125 0.16125 0
v 0.16125 0.83875 0
v 0.83875 0.83875 0
v 0.755 0.755 0.0375
v 0.245 0.755 0.0375
v 0.245 0.245 0.0375
v 0.755 0.245 0.0375
v 0.75 0.75 0.0325
v 0.25 0.75 0.0325
v 0.25 0.25 0.0325
v 0.75 0.25 0.0325
v 0.75 0.75 0.005
v 0.25 0.75 0.005
v 0.25 0.25 0.005
v 0.75 0.25 0.005
v 0.755 0.755 0
v 0.245 0.755 0
v 0.245 0.245 0
v 0.755 0.245 0
v 0.83875 0.16125 0.0375
v 0.16125 0.16125 0.0375
v 0.16125 0.83875 0.0375
v 0.83875 0.83875 0.0375
v 0.755 0.755 0.0375
v 0.245 0.755 0.0375
v 0.245 0.245 0.0375
v 0.755 0.245 0.0375
v 0.83875 0.16125 0
v 0.16125 0.16125 0
v 0.16125 0.83875 0
v 0.83875 0.83875 0
v 0.755 0.755 0
v 0.245 0.755 0
v 0.245 0.245 0
v 0.755 0.245 0
vt 0.703145 0.060059
vt 0.639629 0.060059
vt 0.63916 0.059396
vt 0.703613 0.059396
vt 0.99416 0.040527
vt 0.930645 0.040527
vt 0.930176 0.039864
vt 0.994629 0.039864
vt 0.770527 0.060059
vt 0.707012 0.060059
vt 0.706543 0.059396
vt 0.770996 0.059396
vt 0.066426 0.036621
vt 0.00291 0.036621
vt 0.002441 0.035958
vt 0.066895 0.035958
vt 0.615723 0.112793
vt 0.55127 0.112793
vt 0.55127 0.110215
vt 0.615723 0.110215
vt 0.683105 0.112793
vt 0.618652 0.112793
vt 0.618652 0.110215
vt 0.683105 0.110215
vt 0.750488 0.112793
vt 0.686035 0.112793
vt 0.686035 0.110215
vt 0.750488 0.110215
vt 0.817871 0.112793
vt 0.753418 0.112793
vt 0.753418 0.110215
vt 0.817871 0.110215
vt 0.838379 0.060059
vt 0.773926 0.060059
vt 0.774395 0.059396
vt 0.83791 0.059396
vt 0.967285 0.04834
vt 0.902832 0.04834
vt 0.903301 0.047677
vt 0.966816 0.047677
vt 0.905762 0.060059
vt 0.841309 0.060059
vt 0.841777 0.059396
vt 0.905293 0.059396
vt 0.066895 0.044434
vt 0.002441 0.044434
vt 0.00291 0.043771
vt 0.066426 0.043771
vt 0.732871 0.044434
vt 0.685059 0.044434
vt 0.685527 0.043771
vt 0.732402 0.043771
vt 0.71041 0.04834
vt 0.662598 0.04834
vt 0.663066 0.047677
vt 0.709941 0.047677
vt 0.783652 0.044434
vt 0.73584 0.044434
vt 0.736309 0.043771
vt 0.783184 0.043771
vt 0.761191 0.04834
vt 0.713379 0.04834
vt 0.713848 0.047677
vt 0.760723 0.047677
vt 0.723145 0.105957
vt 0.67627 0.105957
vt 0.67627 0.103379
vt 0.723145 0.103379
vt 0.772949 0.105957
vt 0.726074 0.105957
vt 0.726074 0.103379
vt 0.772949 0.103379
vt 0.822754 0.105957
vt 0.775879 0.105957
vt 0.775879 0.103379
vt 0.822754 0.103379
vt 0.872559 0.105957
vt 0.825684 0.105957
vt 0.825684 0.103379
vt 0.872559 0.103379
vt 0.673809 0.052246
vt 0.626934 0.052246
vt 0.626465 0.051583
vt 0.674277 0.051583
vt 0.72459 0.052246
vt 0.677715 0.052246
vt 0.677246 0.051583
vt 0.725059 0.051583
vt 0.775371 0.052246
vt 0.728496 0.052246
vt 0.728027 0.051583
vt 0.77584 0.051583
vt 0.826152 0.052246
vt 0.779277 0.052246
vt 0.778809 0.051583
vt 0.826621 0.051583
vt 0.266113 0.531699
vt 0.273965 0.539551
vt 0.210449 0.539551
vt 0.218301 0.531699
vt 0.266113 0.531699
vt 0.210449 0.539551
vt 0.218301 0.531699
vt 0.210449 0.539551
vt 0.210449 0.476035
vt 0.218301 0.483887
vt 0.218301 0.531699
vt 0.210449 0.476035
vt 0.218301 0.483887
vt 0.210449 0.476035
vt 0.273965 0.476035
vt 0.266113 0.483887
vt 0.218301 0.483887
vt 0.273965 0.476035
vt 0.266113 0.531699
vt 0.266113 0.483887
vt 0.273965 0.476035
vt 0.273965 0.476035
vt 0.273965 0.539551
vt 0.266113 0.531699
vt 0.277832 0.476035
vt 0.341348 0.476035
vt 0.333496 0.483887
vt 0.277832 0.476035
vt 0.333496 0.483887
vt 0.285684 0.483887
vt 0.277832 0.539551
vt 0.277832 0.476035
vt 0.285684 0.483887
vt 0.277832 0.539551
vt 0.285684 0.483887
vt 0.285684 0.531699
vt 0.341348 0.539551
vt 0.277832 0.539551
vt 0.285684 0.531699
vt 0.341348 0.539551
vt 0.285684 0.531699
vt 0.333496 0.531699
vt 0.341348 0.539551
vt 0.333496 0.531699
vt 0.333496 0.483887
vt 0.333496 0.483887
vt 0.341348 0.476035
vt 0.341348 0.539551
vn 0 -0.707107 0.707107
vn -0.707107 0 0.707107
vn 0 0.707107 0.707107
vn 0.707107 0 0.707107
vn 0 -1 0
vn -1 0 0
vn 0 1 0
vn 1 0 0
vn 0 -0.707107 -0.707107
vn -0.707107 0 -0.707107
vn 0 0.707107 -0.707107
vn 0.707107 0 -0.707107
vn 0 0 1
vn 0 0 -1
f 562/1433/420 563/1434/420 567/1435/420 566/1436/420
f 563/1437/421 564/1438/421 568/1439/421 567/1440/421
f 564/1441/422 565/1442/422 569/1443/422 568/1444/422
f 565/1445/423 562/1446/423 566/1447/423 569/1448/423
f 566/1449/424 567/1450/424 571/1451/424 570/1452/424
f 567/1453/425 568/1454/425 572/1455/425 571/1456/425
f 568/1457/426 569/1458/426 573/1459/426 572/1460/426
f 569/1461/427 566/1462/427 570/1463/427 573/1464/427
f 570/1465/428 571/1466/428 575/1467/428 574/1468/428
f 571/1469/429 572/1470/429 576/1471/429 575/1472/429
f 572/1473/430 573/1474/430 577/1475/430 576/1476/430
f 573/1477/431 570/1478/431 574/1479/431 577/1480/431
f 578/1481/420 579/1482/420 583/1483/420 582/1484/420
f 579/1485/423 580/1486/423 584/1487/423 583/1488/423
f 580/1489/422 581/1490/422 585/1491/422 584/1492/422
f 581/1493/421 578/1494/421 582/1495/421 585/1496/421
f 582/1497/424 583/1498/424 587/1499/424 586/1500/424
f 583/1501/427 584/1502/427 588/1503/427 587/1504/427
f 584/1505/426 585/1506/426 589/1507/426 588/1508/426
f 585/1509/425 582/1510/425 586/1511/425 589/1512/425
f 586/1513/428 587/1514/428 591/1515/428 590/1516/428
f 587/1517/431 588/1518/431 592/1519/431 591/1520/431
f 588/1521/430 589/1522/430 593/1523/430 592/1524/430
f 589/1525/429 586/1526/429 590/1527/429 593/1528/429
f 599/1529/432 596/1530/432 595/1531/432
f 600/1532/432 599/1533/432 595/1534/432
f 600/1535/432 595/1536/432 594/1537/432
f 601/1538/432 600/1539/432 594/1540/432
f 601/1541/432 594/1542/432 597/1543/432
f 598/1544/432 601/1545/432 597/1546/432
f 599/1547/432 598/1548/432 597/1549/432
f 597/1550/432 596/1551/432 599/1552/432
f 603/1553/433 604/1554/433 607/1555/433
f 603/1556/433 607/1557/433 608/1558/433
f 602/1559/433 603/1560/433 608/1561/433
f 602/1562/433 608/1563/433 609/1564/433
f 605/1565/433 602/1566/433 609/1567/433
f 605/1568/433 609/1569/433 606/1570/433
f 605/1571/433 606/1572/433 607/1573/433
f 607/1574/433 604/1575/433 605/1576/433
o submersible_fuel_pump__body__fport_throat
usemtl fuel_station_sump
v 0.75 0.25 0.1
v 0.25 0.25 0.1
v 0.25 0.75 0.1
v 0.75 0.75 0.1
v 0.75 0.25 0.034375
v 0.25 0.25 0.034375
v 0.25 0.75 0.034375
v 0.75 0.75 0.034375
v 0.75 0.25 0.1
v 0.25 0.25 0.1
v 0.25 0.75 0.1
v 0.75 0.75 0.1
v 0.75 0.25 0.034375
v 0.25 0.25 0.034375
v 0.25 0.75 0.034375
v 0.75 0.75 0.034375
vt 0.099121 0.190918
vt 0.052246 0.190918
vt 0.052246 0.184766
vt 0.099121 0.184766
vt 0.148926 0.190918
vt 0.102051 0.190918
vt 0.102051 0.184766
vt 0.148926 0.184766
vt 0.19873 0.190918
vt 0.151855 0.190918
vt 0.151855 0.184766
vt 0.19873 0.184766
vt 0.248535 0.190918
vt 0.20166 0.190918
vt 0.20166 0.184766
vt 0.248535 0.184766
vt 0.79541 0.468262
vt 0.79541 0.421387
vt 0.842285 0.421387
vt 0.842285 0.421387
vt 0.842285 0.468262
vt 0.79541 0.468262
vt 0.89209 0.468262
vt 0.845215 0.468262
vt 0.845215 0.421387
vt 0.845215 0.421387
vt 0.89209 0.421387
vt 0.89209 0.468262
vn 0 -1 0
vn -1 0 0
vn 0 1 0
vn 1 0 0
vn 0 0 1
vn 0 0 -1
f 610/1577/434 611/1578/434 615/1579/434 614/1580/434
f 611/1581/435 612/1582/435 616/1583/435 615/1584/435
f 612/1585/436 613/1586/436 617/1587/436 616/1588/436
f 613/1589/437 610/1590/437 614/1591/437 617/1592/437
f 619/1593/438 618/1594/438 621/1595/438
f 621/1596/438 620/1597/438 619/1598/438
f 625/1599/439 622/1600/439 623/1601/439
f 623/1602/439 624/1603/439 625/1604/439
o submersible_fuel_pump__body__fport_studs
usemtl fuel_station_sump
v 0.767892 0.2225 0
v 0.790625 0.235625 0
v 0.813358 0.2225 0
v 0.813358 0.19625 0
v 0.790625 0.183125 0
v 0.767892 0.19625 0
v 0.767892 0.2225 -0.02
v 0.790625 0.235625 -0.02
v 0.813358 0.2225 -0.02
v 0.813358 0.19625 -0.02
v 0.790625 0.183125 -0.02
v 0.767892 0.19625 -0.02
v 0.767892 0.2225 0
v 0.790625 0.235625 0
v 0.813358 0.2225 0
v 0.813358 0.19625 0
v 0.790625 0.183125 0
v 0.767892 0.19625 0
v 0.767892 0.2225 -0.02
v 0.790625 0.235625 -0.02
v 0.813358 0.2225 -0.02
v 0.813358 0.19625 -0.02
v 0.790625 0.183125 -0.02
v 0.767892 0.19625 -0.02
v 0.767892 0.80375 0
v 0.790625 0.816875 0
v 0.813358 0.80375 0
v 0.813358 0.7775 0
v 0.790625 0.764375 0
v 0.767892 0.7775 0
v 0.767892 0.80375 -0.02
v 0.790625 0.816875 -0.02
v 0.813358 0.80375 -0.02
v 0.813358 0.7775 -0.02
v 0.790625 0.764375 -0.02
v 0.767892 0.7775 -0.02
v 0.767892 0.80375 0
v 0.790625 0.816875 0
v 0.813358 0.80375 0
v 0.813358 0.7775 0
v 0.790625 0.764375 0
v 0.767892 0.7775 0
v 0.767892 0.80375 -0.02
v 0.790625 0.816875 -0.02
v 0.813358 0.80375 -0.02
v 0.813358 0.7775 -0.02
v 0.790625 0.764375 -0.02
v 0.767892 0.7775 -0.02
v 0.186642 0.2225 0
v 0.209375 0.235625 0
v 0.232108 0.2225 0
v 0.232108 0.19625 0
v 0.209375 0.183125 0
v 0.186642 0.19625 0
v 0.186642 0.2225 -0.02
v 0.209375 0.235625 -0.02
v 0.232108 0.2225 -0.02
v 0.232108 0.19625 -0.02
v 0.209375 0.183125 -0.02
v 0.186642 0.19625 -0.02
v 0.186642 0.2225 0
v 0.209375 0.235625 0
v 0.232108 0.2225 0
v 0.232108 0.19625 0
v 0.209375 0.183125 0
v 0.186642 0.19625 0
v 0.186642 0.2225 -0.02
v 0.209375 0.235625 -0.02
v 0.232108 0.2225 -0.02
v 0.232108 0.19625 -0.02
v 0.209375 0.183125 -0.02
v 0.186642 0.19625 -0.02
v 0.186642 0.80375 0
v 0.209375 0.816875 0
v 0.232108 0.80375 0
v 0.232108 0.7775 0
v 0.209375 0.764375 0
v 0.186642 0.7775 0
v 0.186642 0.80375 -0.02
v 0.209375 0.816875 -0.02
v 0.232108 0.80375 -0.02
v 0.232108 0.7775 -0.02
v 0.209375 0.764375 -0.02
v 0.186642 0.7775 -0.02
v 0.186642 0.80375 0
v 0.209375 0.816875 0
v 0.232108 0.80375 0
v 0.232108 0.7775 0
v 0.209375 0.764375 0
v 0.186642 0.7775 0
v 0.186642 0.80375 -0.02
v 0.209375 0.816875 -0.02
v 0.232108 0.80375 -0.02
v 0.232108 0.7775 -0.02
v 0.209375 0.764375 -0.02
v 0.186642 0.7775 -0.02
vt 0.167988 0.094238
vt 0.165527 0.094238
vt 0.165527 0.092363
vt 0.167988 0.092363
vt 0.777363 0.094238
vt 0.774902 0.094238
vt 0.774902 0.092363
vt 0.777363 0.092363
vt 0.173848 0.094238
vt 0.171387 0.094238
vt 0.171387 0.092363
vt 0.173848 0.092363
vt 0.683613 0.094238
vt 0.681152 0.094238
vt 0.681152 0.092363
vt 0.683613 0.092363
vt 0.179707 0.094238
vt 0.177246 0.094238
vt 0.177246 0.092363
vt 0.179707 0.092363
vt 0.185566 0.094238
vt 0.183105 0.094238
vt 0.183105 0.092363
vt 0.185566 0.092363
vt 0.930215 0.161443
vt 0.928984 0.163574
vt 0.926523 0.163574
vt 0.928984 0.159312
vt 0.930215 0.161443
vt 0.926523 0.163574
vt 0.926523 0.159312
vt 0.928984 0.159312
vt 0.926523 0.163574
vt 0.926523 0.163574
vt 0.925293 0.161443
vt 0.926523 0.159312
vt 0.935312 0.159312
vt 0.937773 0.159312
vt 0.939004 0.161443
vt 0.935312 0.159312
vt 0.939004 0.161443
vt 0.937773 0.163574
vt 0.935312 0.159312
vt 0.937773 0.163574
vt 0.935312 0.163574
vt 0.935312 0.163574
vt 0.934082 0.161443
vt 0.935312 0.159312
vt 0.191426 0.094238
vt 0.188965 0.094238
vt 0.188965 0.092363
vt 0.191426 0.092363
vt 0.689473 0.094238
vt 0.687012 0.094238
vt 0.687012 0.092363
vt 0.689473 0.092363
vt 0.197285 0.094238
vt 0.194824 0.094238
vt 0.194824 0.092363
vt 0.197285 0.092363
vt 0.783223 0.094238
vt 0.780762 0.094238
vt 0.780762 0.092363
vt 0.783223 0.092363
vt 0.203145 0.094238
vt 0.200684 0.094238
vt 0.200684 0.092363
vt 0.203145 0.092363
vt 0.209004 0.094238
vt 0.206543 0.094238
vt 0.206543 0.092363
vt 0.209004 0.092363
vt 0.947793 0.161443
vt 0.946562 0.163574
vt 0.944102 0.163574
vt 0.946562 0.159312
vt 0.947793 0.161443
vt 0.944102 0.163574
vt 0.944102 0.159312
vt 0.946562 0.159312
vt 0.944102 0.163574
vt 0.944102 0.163574
vt 0.942871 0.161443
vt 0.944102 0.159312
vt 0.952891 0.159312
vt 0.955352 0.159312
vt 0.956582 0.161443
vt 0.952891 0.159312
vt 0.956582 0.161443
vt 0.955352 0.163574
vt 0.952891 0.159312
vt 0.955352 0.163574
vt 0.952891 0.163574
vt 0.952891 0.163574
vt 0.95166 0.161443
vt 0.952891 0.159312
vt 0.789082 0.094238
vt 0.786621 0.094238
vt 0.786621 0.092363
vt 0.789082 0.092363
vt 0.214863 0.094238
vt 0.212402 0.094238
vt 0.212402 0.092363
vt 0.214863 0.092363
vt 0.220723 0.094238
vt 0.218262 0.094238
vt 0.218262 0.092363
vt 0.220723 0.092363
vt 0.226582 0.094238
vt 0.224121 0.094238
vt 0.224121 0.092363
vt 0.226582 0.092363
vt 0.695332 0.094238
vt 0.692871 0.094238
vt 0.692871 0.092363
vt 0.695332 0.092363
vt 0.232441 0.094238
vt 0.22998 0.094238
vt 0.22998 0.092363
vt 0.232441 0.092363
vt 0.965371 0.161443
vt 0.964141 0.163574
vt 0.96168 0.163574
vt 0.964141 0.159312
vt 0.965371 0.161443
vt 0.96168 0.163574
vt 0.96168 0.159312
vt 0.964141 0.159312
vt 0.96168 0.163574
vt 0.96168 0.163574
vt 0.960449 0.161443
vt 0.96168 0.159312
vt 0.970469 0.159312
vt 0.97293 0.159312
vt 0.97416 0.161443
vt 0.970469 0.159312
vt 0.97416 0.161443
vt 0.97293 0.163574
vt 0.970469 0.159312
vt 0.97293 0.163574
vt 0.970469 0.163574
vt 0.970469 0.163574
vt 0.969238 0.161443
vt 0.970469 0.159312
vt 0.701191 0.094238
vt 0.69873 0.094238
vt 0.69873 0.092363
vt 0.701191 0.092363
vt 0.238301 0.094238
vt 0.23584 0.094238
vt 0.23584 0.092363
vt 0.238301 0.092363
vt 0.24416 0.094238
vt 0.241699 0.094238
vt 0.241699 0.092363
vt 0.24416 0.092363
vt 0.25002 0.094238
vt 0.247559 0.094238
vt 0.247559 0.092363
vt 0.25002 0.092363
vt 0.794941 0.094238
vt 0.79248 0.094238
vt 0.79248 0.092363
vt 0.794941 0.092363
vt 0.255879 0.094238
vt 0.253418 0.094238
vt 0.253418 0.092363
vt 0.255879 0.092363
vt 0.982949 0.161443
vt 0.981719 0.163574
vt 0.979258 0.163574
vt 0.981719 0.159312
vt 0.982949 0.161443
vt 0.979258 0.163574
vt 0.979258 0.159312
vt 0.981719 0.159312
vt 0.979258 0.163574
vt 0.979258 0.163574
vt 0.978027 0.161443
vt 0.979258 0.159312
vt 0.988047 0.159312
vt 0.990508 0.159312
vt 0.991738 0.161443
vt 0.988047 0.159312
vt 0.991738 0.161443
vt 0.990508 0.163574
vt 0.988047 0.159312
vt 0.990508 0.163574
vt 0.988047 0.163574
vt 0.988047 0.163574
vt 0.986816 0.161443
vt 0.988047 0.159312
vn -0.5 0.866025 0
vn 0.5 0.866025 0
vn 1 0 0
vn 0.5 -0.866025 0
vn -0.5 -0.866025 0
vn -1 0 0
vn 0 0 1
vn 0 0 -1
f 626/1605/440 627/1606/440 633/1607/440 632/1608/440
f 627/1609/441 628/1610/441 634/1611/441 633/1612/441
f 628/1613/442 629/1614/442 635/1615/442 634/1616/442
f 629/1617/443 630/1618/443 636/1619/443 635/1620/443
f 630/1621/444 631/1622/444 637/1623/444 636/1624/444
f 631/1625/445 626/1626/445 632/1627/445 637/1628/445
f 639/1629/446 638/1630/446 643/1631/446
f 640/1632/446 639/1633/446 643/1634/446
f 641/1635/446 640/1636/446 643/1637/446
f 643/1638/446 642/1639/446 641/1640/446
f 649/1641/447 644/1642/447 645/1643/447
f 649/1644/447 645/1645/447 646/1646/447
f 649/1647/447 646/1648/447 647/1649/447
f 647/1650/447 648/1651/447 649/1652/447
f 650/1653/440 651/1654/440 657/1655/440 656/1656/440
f 651/1657/441 652/1658/441 658/1659/441 657/1660/441
f 652/1661/442 653/1662/442 659/1663/442 658/1664/442
f 653/1665/443 654/1666/443 660/1667/443 659/1668/443
f 654/1669/444 655/1670/444 661/1671/444 660/1672/444
f 655/1673/445 650/1674/445 656/1675/445 661/1676/445
f 663/1677/446 662/1678/446 667/1679/446
f 664/1680/446 663/1681/446 667/1682/446
f 665/1683/446 664/1684/446 667/1685/446
f 667/1686/446 666/1687/446 665/1688/446
f 673/1689/447 668/1690/447 669/1691/447
f 673/1692/447 669/1693/447 670/1694/447
f 673/1695/447 670/1696/447 671/1697/447
f 671/1698/447 672/1699/447 673/1700/447
f 674/1701/440 675/1702/440 681/1703/440 680/1704/440
f 675/1705/441 676/1706/441 682/1707/441 681/1708/441
f 676/1709/442 677/1710/442 683/1711/442 682/1712/442
f 677/1713/443 678/1714/443 684/1715/443 683/1716/443
f 678/1717/444 679/1718/444 685/1719/444 684/1720/444
f 679/1721/445 674/1722/445 680/1723/445 685/1724/445
f 687/1725/446 686/1726/446 691/1727/446
f 688/1728/446 687/1729/446 691/1730/446
f 689/1731/446 688/1732/446 691/1733/446
f 691/1734/446 690/1735/446 689/1736/446
f 697/1737/447 692/1738/447 693/1739/447
f 697/1740/447 693/1741/447 694/1742/447
f 697/1743/447 694/1744/447 695/1745/447
f 695/1746/447 696/1747/447 697/1748/447
f 698/1749/440 699/1750/440 705/1751/440 704/1752/440
f 699/1753/441 700/1754/441 706/1755/441 705/1756/441
f 700/1757/442 701/1758/442 707/1759/442 706/1760/442
f 701/1761/443 702/1762/443 708/1763/443 707/1764/443
f 702/1765/444 703/1766/444 709/1767/444 708/1768/444
f 703/1769/445 698/1770/445 704/1771/445 709/1772/445
f 711/1773/446 710/1774/446 715/1775/446
f 712/1776/446 711/1777/446 715/1778/446
f 713/1779/446 712/1780/446 715/1781/446
f 715/1782/446 714/1783/446 713/1784/446
f 721/1785/447 716/1786/447 717/1787/447
f 721/1788/447 717/1789/447 718/1790/447
f 721/1791/447 718/1792/447 719/1793/447
f 719/1794/447 720/1795/447 721/1796/447
o submersible_fuel_pump__body__junction_box
usemtl fuel_station_sump
v 0.346875 0.334375 0.7625
v 0.653125 0.334375 0.7625
v 0.653125 0.665625 0.7625
v 0.346875 0.665625 0.7625
v 0.3375 0.325 0.771875
v 0.6625 0.325 0.771875
v 0.6625 0.675 0.771875
v 0.3375 0.675 0.771875
v 0.3375 0.325 0.915625
v 0.6625 0.325 0.915625
v 0.6625 0.675 0.915625
v 0.3375 0.675 0.915625
v 0.346875 0.334375 0.925
v 0.653125 0.334375 0.925
v 0.653125 0.665625 0.925
v 0.346875 0.665625 0.925
v 0.346875 0.334375 0.7625
v 0.653125 0.334375 0.7625
v 0.653125 0.665625 0.7625
v 0.346875 0.665625 0.7625
v 0.346875 0.334375 0.925
v 0.653125 0.334375 0.925
v 0.653125 0.665625 0.925
v 0.346875 0.665625 0.925
vt 0.942773 0.07737
vt 0.971484 0.07737
vt 0.972363 0.078613
vt 0.941895 0.078613
vt 0.276758 0.07737
vt 0.307812 0.07737
vt 0.308691 0.078613
vt 0.275879 0.078613
vt 0.00332 0.072488
vt 0.032031 0.072488
vt 0.03291 0.07373
vt 0.002441 0.07373
vt 0.312891 0.07737
vt 0.343945 0.07737
vt 0.344824 0.078613
vt 0.312012 0.078613
vt 0.730957 0.298535
vt 0.761426 0.298535
vt 0.761426 0.312012
vt 0.730957 0.312012
vt 0.658691 0.298535
vt 0.691504 0.298535
vt 0.691504 0.312012
vt 0.658691 0.312012
vt 0.765137 0.298535
vt 0.795605 0.298535
vt 0.795605 0.312012
vt 0.765137 0.312012
vt 0.694824 0.298535
vt 0.727637 0.298535
vt 0.727637 0.312012
vt 0.694824 0.312012
vt 0.42041 0.07737
vt 0.450879 0.07737
vt 0.45 0.078613
vt 0.421289 0.078613
vt 0.348145 0.07737
vt 0.380957 0.07737
vt 0.380078 0.078613
vt 0.349023 0.078613
vt 0.45459 0.07737
vt 0.485059 0.07737
vt 0.48418 0.078613
vt 0.455469 0.078613
vt 0.384277 0.07737
vt 0.41709 0.07737
vt 0.416211 0.078613
vt 0.385156 0.078613
vt 0.449707 0.402832
vt 0.449707 0.374121
vt 0.480762 0.374121
vt 0.480762 0.374121
vt 0.480762 0.402832
vt 0.449707 0.402832
vt 0.514941 0.402832
vt 0.483887 0.402832
vt 0.483887 0.374121
vt 0.483887 0.374121
vt 0.514941 0.374121
vt 0.514941 0.402832
vn 0 -0.707107 -0.707107
vn 0.707107 0 -0.707107
vn 0 0.707107 -0.707107
vn -0.707107 0 -0.707107
vn 0 -1 0
vn 1 0 0
vn 0 1 0
vn -1 0 0
vn 0 -0.707107 0.707107
vn 0.707107 0 0.707107
vn 0 0.707107 0.707107
vn -0.707107 0 0.707107
vn 0 0 -1
vn 0 0 1
f 722/1797/448 723/1798/448 727/1799/448 726/1800/448
f 723/1801/449 724/1802/449 728/1803/449 727/1804/449
f 724/1805/450 725/1806/450 729/1807/450 728/1808/450
f 725/1809/451 722/1810/451 726/1811/451 729/1812/451
f 726/1813/452 727/1814/452 731/1815/452 730/1816/452
f 727/1817/453 728/1818/453 732/1819/453 731/1820/453
f 728/1821/454 729/1822/454 733/1823/454 732/1824/454
f 729/1825/455 726/1826/455 730/1827/455 733/1828/455
f 730/1829/456 731/1830/456 735/1831/456 734/1832/456
f 731/1833/457 732/1834/457 736/1835/457 735/1836/457
f 732/1837/458 733/1838/458 737/1839/458 736/1840/458
f 733/1841/459 730/1842/459 734/1843/459 737/1844/459
f 739/1845/460 738/1846/460 741/1847/460
f 741/1848/460 740/1849/460 739/1850/460
f 745/1851/461 742/1852/461 743/1853/461
f 743/1854/461 744/1855/461 745/1856/461
o submersible_fuel_pump__body__conduit
usemtl fuel_station_sump
v 0.541609 0.638519 0.7375
v 0.525716 0.660394 0.7375
v 0.5 0.66875 0.7375
v 0.474284 0.660394 0.7375
v 0.458391 0.638519 0.7375
v 0.458391 0.611481 0.7375
v 0.474284 0.589606 0.7375
v 0.5 0.58125 0.7375
v 0.525716 0.589606 0.7375
v 0.541609 0.611481 0.7375
v 0.541609 0.638519 0.775
v 0.525716 0.660394 0.775
v 0.5 0.66875 0.775
v 0.474284 0.660394 0.775
v 0.458391 0.638519 0.775
v 0.458391 0.611481 0.775
v 0.474284 0.589606 0.775
v 0.5 0.58125 0.775
v 0.525716 0.589606 0.775
v 0.541609 0.611481 0.775
vt 0.500488 0.100098
vt 0.500488 0.097563
vt 0.504004 0.097563
vt 0.504004 0.100098
vt 0.507324 0.100098
vt 0.507324 0.097563
vt 0.51084 0.097563
vt 0.51084 0.100098
vt 0.534668 0.100098
vt 0.534668 0.097563
vt 0.538184 0.097563
vt 0.538184 0.100098
vt 0.51416 0.100098
vt 0.51416 0.097563
vt 0.517676 0.097563
vt 0.517676 0.100098
vt 0.562012 0.100098
vt 0.562012 0.097563
vt 0.565527 0.097563
vt 0.565527 0.100098
vt 0.520996 0.100098
vt 0.520996 0.097563
vt 0.524512 0.097563
vt 0.524512 0.100098
vt 0.555176 0.100098
vt 0.555176 0.097563
vt 0.558691 0.097563
vt 0.558691 0.100098
vt 0.527832 0.100098
vt 0.527832 0.097563
vt 0.531348 0.097563
vt 0.531348 0.100098
vt 0.541504 0.100098
vt 0.541504 0.097563
vt 0.54502 0.097563
vt 0.54502 0.100098
vt 0.54834 0.100098
vt 0.54834 0.097563
vt 0.551855 0.097563
vt 0.551855 0.100098
vn 0.809017 0.587785 0
vn 0.587785 0.809017 0
vn 0.309017 0.951057 0
vn -0.309017 0.951057 0
vn -0.587785 0.809017 0
vn -0.809017 0.587785 0
vn -1 0 0
vn -0.809017 -0.587785 0
vn -0.587785 -0.809017 0
vn -0.309017 -0.951057 0
vn 0.309017 -0.951057 0
vn 0.587785 -0.809017 0
vn 0.809017 -0.587785 0
vn 1 0 0
f 746/1857/462 747/1858/463 757/1859/463 756/1860/462
f 747/1861/463 748/1862/464 758/1863/464 757/1864/463
f 748/1865/465 749/1866/466 759/1867/466 758/1868/465
f 749/1869/466 750/1870/467 760/1871/467 759/1872/466
f 750/1873/468 751/1874/468 761/1875/468 760/1876/468
f 751/1877/469 752/1878/470 762/1879/470 761/1880/469
f 752/1881/470 753/1882/471 763/1883/471 762/1884/470
f 753/1885/472 754/1886/473 764/1887/473 763/1888/472
f 754/1889/473 755/1890/474 765/1891/474 764/1892/473
f 755/1893/475 746/1894/475 756/1895/475 765/1896/475
o submersible_fuel_pump__body__pport_plate
usemtl fuel_station_sump
v 0.32 0.32 0.92375
v 0.68 0.32 0.92375
v 0.68 0.68 0.92375
v 0.32 0.68 0.92375
v 0.3125 0.3125 0.93125
v 0.6875 0.3125 0.93125
v 0.6875 0.6875 0.93125
v 0.3125 0.6875 0.93125
v 0.3125 0.3125 0.9925
v 0.6875 0.3125 0.9925
v 0.6875 0.6875 0.9925
v 0.3125 0.6875 0.9925
v 0.32 0.32 1
v 0.68 0.32 1
v 0.68 0.68 1
v 0.32 0.68 1
v 0.627033 0.474732 0.92375
v 0.607694 0.428041 0.92375
v 0.571959 0.392306 0.92375
v 0.525268 0.372967 0.92375
v 0.474732 0.372967 0.92375
v 0.428041 0.392306 0.92375
v 0.392306 0.428041 0.92375
v 0.372967 0.474732 0.92375
v 0.372967 0.525268 0.92375
v 0.392306 0.571959 0.92375
v 0.428041 0.607694 0.92375
v 0.474732 0.627033 0.92375
v 0.525268 0.627033 0.92375
v 0.571959 0.607694 0.92375
v 0.607694 0.571959 0.92375
v 0.627033 0.525268 0.92375
v 0.619533 0.476223 0.93125
v 0.601335 0.43229 0.93125
v 0.56771 0.398665 0.93125
v 0.523777 0.380467 0.93125
v 0.476223 0.380467 0.93125
v 0.43229 0.398665 0.93125
v 0.398665 0.43229 0.93125
v 0.380467 0.476223 0.93125
v 0.380467 0.523777 0.93125
v 0.398665 0.56771 0.93125
v 0.43229 0.601335 0.93125
v 0.476223 0.619533 0.93125
v 0.523777 0.619533 0.93125
v 0.56771 0.601335 0.93125
v 0.601335 0.56771 0.93125
v 0.619533 0.523777 0.93125
v 0.619533 0.476223 0.9925
v 0.601335 0.43229 0.9925
v 0.56771 0.398665 0.9925
v 0.523777 0.380467 0.9925
v 0.476223 0.380467 0.9925
v 0.43229 0.398665 0.9925
v 0.398665 0.43229 0.9925
v 0.380467 0.476223 0.9925
v 0.380467 0.523777 0.9925
v 0.398665 0.56771 0.9925
v 0.43229 0.601335 0.9925
v 0.476223 0.619533 0.9925
v 0.523777 0.619533 0.9925
v 0.56771 0.601335 0.9925
v 0.601335 0.56771 0.9925
v 0.619533 0.523777 0.9925
v 0.627033 0.474732 1
v 0.607694 0.428041 1
v 0.571959 0.392306 1
v 0.525268 0.372967 1
v 0.474732 0.372967 1
v 0.428041 0.392306 1
v 0.392306 0.428041 1
v 0.372967 0.474732 1
v 0.372967 0.525268 1
v 0.392306 0.571959 1
v 0.428041 0.607694 1
v 0.474732 0.627033 1
v 0.525268 0.627033 1
v 0.571959 0.607694 1
v 0.607694 0.571959 1
v 0.627033 0.525268 1
v 0.32 0.32 0.92375
v 0.68 0.32 0.92375
v 0.68 0.68 0.92375
v 0.32 0.68 0.92375
v 0.627033 0.474732 0.92375
v 0.607694 0.428041 0.92375
v 0.571959 0.392306 0.92375
v 0.525268 0.372967 0.92375
v 0.474732 0.372967 0.92375
v 0.428041 0.392306 0.92375
v 0.392306 0.428041 0.92375
v 0.372967 0.474732 0.92375
v 0.372967 0.525268 0.92375
v 0.392306 0.571959 0.92375
v 0.428041 0.607694 0.92375
v 0.474732 0.627033 0.92375
v 0.525268 0.627033 0.92375
v 0.571959 0.607694 0.92375
v 0.607694 0.571959 0.92375
v 0.627033 0.525268 0.92375
v 0.32 0.32 1
v 0.68 0.32 1
v 0.68 0.68 1
v 0.32 0.68 1
v 0.627033 0.474732 1
v 0.607694 0.428041 1
v 0.571959 0.392306 1
v 0.525268 0.372967 1
v 0.474732 0.372967 1
v 0.428041 0.392306 1
v 0.392306 0.428041 1
v 0.372967 0.474732 1
v 0.372967 0.525268 1
v 0.392306 0.571959 1
v 0.428041 0.607694 1
v 0.474732 0.627033 1
v 0.525268 0.627033 1
v 0.571959 0.607694 1
v 0.607694 0.571959 1
v 0.627033 0.525268 1
vt 0.217988 0.067853
vt 0.251738 0.067853
vt 0.252441 0.068848
vt 0.217285 0.068848
vt 0.486543 0.072736
vt 0.520293 0.072736
vt 0.520996 0.07373
vt 0.48584 0.07373
vt 0.256074 0.067853
vt 0.289824 0.067853
vt 0.290527 0.068848
vt 0.255371 0.068848
vt 0.524629 0.072736
vt 0.558379 0.072736
vt 0.559082 0.07373
vt 0.523926 0.07373
vt 0.342285 0.166621
vt 0.377441 0.166621
vt 0.377441 0.172363
vt 0.342285 0.172363
vt 0.380371 0.166621
vt 0.415527 0.166621
vt 0.415527 0.172363
vt 0.380371 0.172363
vt 0.418457 0.166621
vt 0.453613 0.166621
vt 0.453613 0.172363
vt 0.418457 0.172363
vt 0.456543 0.166621
vt 0.491699 0.166621
vt 0.491699 0.172363
vt 0.456543 0.172363
vt 0.825684 0.072736
vt 0.86084 0.072736
vt 0.860137 0.07373
vt 0.826387 0.07373
vt 0.86377 0.072736
vt 0.898926 0.072736
vt 0.898223 0.07373
vt 0.864473 0.07373
vt 0.901855 0.072736
vt 0.937012 0.072736
vt 0.936309 0.07373
vt 0.902559 0.07373
vt 0.939941 0.072736
vt 0.975098 0.072736
vt 0.974395 0.07373
vt 0.940645 0.07373
vt 0.376465 0.072736
vt 0.381203 0.072736
vt 0.381063 0.07373
vt 0.376605 0.07373
vt 0.755371 0.072736
vt 0.760109 0.072736
vt 0.759969 0.07373
vt 0.755511 0.07373
vt 0.407715 0.072736
vt 0.412453 0.072736
vt 0.412313 0.07373
vt 0.407855 0.07373
vt 0.439941 0.067853
vt 0.444679 0.067853
vt 0.444539 0.068848
vt 0.440081 0.068848
vt 0.313965 0.072736
vt 0.318703 0.072736
vt 0.318563 0.07373
vt 0.314105 0.07373
vt 0.462402 0.072736
vt 0.46714 0.072736
vt 0.467 0.07373
vt 0.462542 0.07373
vt 0.384277 0.072736
vt 0.389015 0.072736
vt 0.388875 0.07373
vt 0.384417 0.07373
vt 0.17041 0.067853
vt 0.175148 0.067853
vt 0.175008 0.068848
vt 0.17055 0.068848
vt 0.345215 0.072736
vt 0.349953 0.072736
vt 0.349813 0.07373
vt 0.345355 0.07373
vt 0.677246 0.072736
vt 0.681984 0.072736
vt 0.681844 0.07373
vt 0.677386 0.07373
vt 0.368652 0.072736
vt 0.37339 0.072736
vt 0.37325 0.07373
vt 0.368792 0.07373
vt 0.178223 0.067853
vt 0.18296 0.067853
vt 0.182821 0.068848
vt 0.178363 0.068848
vt 0.32959 0.072736
vt 0.334328 0.072736
vt 0.334188 0.07373
vt 0.32973 0.07373
vt 0.478027 0.072736
vt 0.482765 0.072736
vt 0.482625 0.07373
vt 0.478167 0.07373
vt 0.36084 0.072736
vt 0.365578 0.072736
vt 0.365438 0.07373
vt 0.36098 0.07373
vt 0.369629 0.067853
vt 0.374367 0.067853
vt 0.374227 0.068848
vt 0.369769 0.068848
vt 0.85498 0.163574
vt 0.85498 0.159116
vt 0.860723 0.159116
vt 0.860723 0.163574
vt 0.881348 0.163574
vt 0.881348 0.159116
vt 0.88709 0.159116
vt 0.88709 0.163574
vt 0.749512 0.163574
vt 0.749512 0.159116
vt 0.755254 0.159116
vt 0.755254 0.163574
vt 0.758301 0.163574
vt 0.758301 0.159116
vt 0.764043 0.159116
vt 0.764043 0.163574
vt 0.86377 0.163574
vt 0.86377 0.159116
vt 0.869512 0.159116
vt 0.869512 0.163574
vt 0.793457 0.163574
vt 0.793457 0.159116
vt 0.799199 0.159116
vt 0.799199 0.163574
vt 0.872559 0.163574
vt 0.872559 0.159116
vt 0.878301 0.159116
vt 0.878301 0.163574
vt 0.76709 0.163574
vt 0.76709 0.159116
vt 0.772832 0.159116
vt 0.772832 0.163574
vt 0.846191 0.163574
vt 0.846191 0.159116
vt 0.851934 0.159116
vt 0.851934 0.163574
vt 0.784668 0.163574
vt 0.784668 0.159116
vt 0.79041 0.159116
vt 0.79041 0.163574
vt 0.837402 0.163574
vt 0.837402 0.159116
vt 0.843145 0.159116
vt 0.843145 0.163574
vt 0.811035 0.163574
vt 0.811035 0.159116
vt 0.816777 0.159116
vt 0.816777 0.163574
vt 0.802246 0.163574
vt 0.802246 0.159116
vt 0.807988 0.159116
vt 0.807988 0.163574
vt 0.828613 0.163574
vt 0.828613 0.159116
vt 0.834355 0.159116
vt 0.834355 0.163574
vt 0.819824 0.163574
vt 0.819824 0.159116
vt 0.825566 0.159116
vt 0.825566 0.163574
vt 0.775879 0.163574
vt 0.775879 0.159116
vt 0.781621 0.159116
vt 0.781621 0.163574
vt 0.446917 0.072736
vt 0.451375 0.072736
vt 0.451515 0.07373
vt 0.446777 0.07373
vt 0.763323 0.072736
vt 0.767782 0.072736
vt 0.767921 0.07373
vt 0.763184 0.07373
vt 0.685198 0.072736
vt 0.689657 0.072736
vt 0.689796 0.07373
vt 0.685059 0.07373
vt 0.646136 0.072736
vt 0.650594 0.072736
vt 0.650734 0.07373
vt 0.645996 0.07373
vt 0.794573 0.072736
vt 0.799032 0.072736
vt 0.799171 0.07373
vt 0.794434 0.07373
vt 0.693011 0.072736
vt 0.697469 0.072736
vt 0.697609 0.07373
vt 0.692871 0.07373
vt 0.810198 0.072736
vt 0.814657 0.072736
vt 0.814796 0.07373
vt 0.810059 0.07373
vt 0.377581 0.067853
vt 0.382039 0.067853
vt 0.382179 0.068848
vt 0.377441 0.068848
vt 0.771136 0.072736
vt 0.775594 0.072736
vt 0.775734 0.07373
vt 0.770996 0.07373
vt 0.39223 0.072736
vt 0.396688 0.072736
vt 0.396828 0.07373
vt 0.39209 0.07373
vt 0.416644 0.067853
vt 0.421102 0.067853
vt 0.421242 0.068848
vt 0.416504 0.068848
vt 0.401019 0.067853
vt 0.405477 0.067853
vt 0.405617 0.068848
vt 0.400879 0.068848
vt 0.739886 0.072736
vt 0.744344 0.072736
vt 0.744484 0.07373
vt 0.739746 0.07373
vt 0.724261 0.072736
vt 0.728719 0.072736
vt 0.728859 0.07373
vt 0.724121 0.07373
vt 0.415667 0.072736
vt 0.420125 0.072736
vt 0.420265 0.07373
vt 0.415527 0.07373
vt 0.653948 0.072736
vt 0.658407 0.072736
vt 0.658546 0.07373
vt 0.653809 0.07373
vt 0.311398 0.396053
vt 0.315776 0.397866
vt 0.30127 0.402832
vt 0.308048 0.392703
vt 0.311398 0.396053
vt 0.30127 0.402832
vt 0.306235 0.388326
vt 0.308048 0.392703
vt 0.30127 0.402832
vt 0.306235 0.388326
vt 0.30127 0.402832
vt 0.30127 0.369082
vt 0.306235 0.383588
vt 0.306235 0.388326
vt 0.30127 0.369082
vt 0.308048 0.379211
vt 0.306235 0.383588
vt 0.30127 0.369082
vt 0.311398 0.375861
vt 0.308048 0.379211
vt 0.30127 0.369082
vt 0.315776 0.374048
vt 0.311398 0.375861
vt 0.30127 0.369082
vt 0.315776 0.374048
vt 0.30127 0.369082
vt 0.33502 0.369082
vt 0.320513 0.374048
vt 0.315776 0.374048
vt 0.33502 0.369082
vt 0.324891 0.375861
vt 0.320513 0.374048
vt 0.33502 0.369082
vt 0.328241 0.379211
vt 0.324891 0.375861
vt 0.33502 0.369082
vt 0.330054 0.383588
vt 0.328241 0.379211
vt 0.33502 0.369082
vt 0.330054 0.388326
vt 0.330054 0.383588
vt 0.33502 0.369082
vt 0.30127 0.402832
vt 0.315776 0.397866
vt 0.320513 0.397866
vt 0.33502 0.402832
vt 0.30127 0.402832
vt 0.320513 0.397866
vt 0.33502 0.402832
vt 0.320513 0.397866
vt 0.324891 0.396053
vt 0.33502 0.402832
vt 0.324891 0.396053
vt 0.328241 0.392703
vt 0.33502 0.402832
vt 0.328241 0.392703
vt 0.330054 0.388326
vt 0.33502 0.369082
vt 0.33502 0.402832
vt 0.330054 0.388326
vt 0.338379 0.369082
vt 0.352885 0.374048
vt 0.348508 0.375861
vt 0.338379 0.369082
vt 0.348508 0.375861
vt 0.345158 0.379211
vt 0.338379 0.369082
vt 0.345158 0.379211
vt 0.343345 0.383588
vt 0.338379 0.402832
vt 0.338379 0.369082
vt 0.343345 0.383588
vt 0.338379 0.402832
vt 0.343345 0.383588
vt 0.343345 0.388326
vt 0.338379 0.402832
vt 0.343345 0.388326
vt 0.345158 0.392703
vt 0.338379 0.402832
vt 0.345158 0.392703
vt 0.348508 0.396053
vt 0.338379 0.402832
vt 0.348508 0.396053
vt 0.352885 0.397866
vt 0.372129 0.402832
vt 0.338379 0.402832
vt 0.352885 0.397866
vt 0.372129 0.402832
vt 0.352885 0.397866
vt 0.357623 0.397866
vt 0.372129 0.402832
vt 0.357623 0.397866
vt 0.362 0.396053
vt 0.372129 0.402832
vt 0.362 0.396053
vt 0.36535 0.392703
vt 0.372129 0.402832
vt 0.36535 0.392703
vt 0.367163 0.388326
vt 0.372129 0.402832
vt 0.367163 0.388326
vt 0.367163 0.383588
vt 0.357623 0.374048
vt 0.352885 0.374048
vt 0.338379 0.369082
vt 0.357623 0.374048
vt 0.338379 0.369082
vt 0.372129 0.369082
vt 0.362 0.375861
vt 0.357623 0.374048
vt 0.372129 0.369082
vt 0.36535 0.379211
vt 0.362 0.375861
vt 0.372129 0.369082
vt 0.367163 0.383588
vt 0.36535 0.379211
vt 0.372129 0.369082
vt 0.367163 0.383588
vt 0.372129 0.369082
vt 0.372129 0.402832
vn 0 -0.707107 -0.707107
vn 0.707107 0 -0.707107
vn 0 0.707107 -0.707107
vn -0.707107 0 -0.707107
vn 0 -1 0
vn 1 0 0
vn 0 1 0
vn -1 0 0
vn 0 -0.707107 0.707107
vn 0.707107 0 0.707107
vn 0 0.707107 0.707107
vn -0.707107 0 0.707107
vn -0.68676 0.136605 -0.713933
vn -0.582207 0.389018 -0.713933
vn -0.389018 0.582207 -0.713933
vn -0.136605 0.68676 -0.713933
vn 0.136605 0.68676 -0.713933
vn 0.389018 0.582207 -0.713933
vn 0.582207 0.389018 -0.713933
vn 0.68676 0.136605 -0.713933
vn 0.68676 -0.136605 -0.713933
vn 0.582207 -0.389018 -0.713933
vn 0.389018 -0.582207 -0.713933
vn 0.136605 -0.68676 -0.713933
vn -0.136605 -0.68676 -0.713933
vn -0.389018 -0.582207 -0.713933
vn -0.582207 -0.389018 -0.713933
vn -0.68676 -0.136605 -0.713933
vn -0.980785 0.19509 0
vn -0.83147 0.55557 0
vn -0.55557 0.83147 0
vn -0.19509 0.980785 0
vn 0.19509 0.980785 0
vn 0.55557 0.83147 0
vn 0.83147 0.55557 0
vn 0.980785 0.19509 0
vn 0.980785 -0.19509 0
vn 0.83147 -0.55557 0
vn 0.55557 -0.83147 0
vn 0.19509 -0.980785 0
vn -0.19509 -0.980785 0
vn -0.55557 -0.83147 0
vn -0.83147 -0.55557 0
vn -0.980785 -0.19509 0
vn -0.68676 0.136605 0.713933
vn -0.582207 0.389018 0.713933
vn -0.389018 0.582207 0.713933
vn -0.136605 0.68676 0.713933
vn 0.136605 0.68676 0.713933
vn 0.389018 0.582207 0.713933
vn 0.582207 0.389018 0.713933
vn 0.68676 0.136605 0.713933
vn 0.68676 -0.136605 0.713933
vn 0.582207 -0.389018 0.713933
vn 0.389018 -0.582207 0.713933
vn 0.136605 -0.68676 0.713933
vn -0.136605 -0.68676 0.713933
vn -0.389018 -0.582207 0.713933
vn -0.582207 -0.389018 0.713933
vn -0.68676 -0.136605 0.713933
vn 0 0 -1
vn 0 0 1
f 766/1897/476 767/1898/476 771/1899/476 770/1900/476
f 767/1901/477 768/1902/477 772/1903/477 771/1904/477
f 768/1905/478 769/1906/478 773/1907/478 772/1908/478
f 769/1909/479 766/1910/479 770/1911/479 773/1912/479
f 770/1913/480 771/1914/480 775/1915/480 774/1916/480
f 771/1917/481 772/1918/481 776/1919/481 775/1920/481
f 772/1921/482 773/1922/482 777/1923/482 776/1924/482
f 773/1925/483 770/1926/483 774/1927/483 777/1928/483
f 774/1929/484 775/1930/484 779/1931/484 778/1932/484
f 775/1933/485 776/1934/485 780/1935/485 779/1936/485
f 776/1937/486 777/1938/486 781/1939/486 780/1940/486
f 777/1941/487 774/1942/487 778/1943/487 781/1944/487
f 782/1945/488 783/1946/489 799/1947/489 798/1948/488
f 783/1949/489 784/1950/490 800/1951/490 799/1952/489
f 784/1953/490 785/1954/491 801/1955/491 800/1956/490
f 785/1957/491 786/1958/492 802/1959/492 801/1960/491
f 786/1961/492 787/1962/493 803/1963/493 802/1964/492
f 787/1965/493 788/1966/494 804/1967/494 803/1968/493
f 788/1969/494 789/1970/495 805/1971/495 804/1972/494
f 789/1973/495 790/1974/496 806/1975/496 805/1976/495
f 790/1977/496 791/1978/497 807/1979/497 806/1980/496
f 791/1981/497 792/1982/498 808/1983/498 807/1984/497
f 792/1985/498 793/1986/499 809/1987/499 808/1988/498
f 793/1989/499 794/1990/500 810/1991/500 809/1992/499
f 794/1993/500 795/1994/501 811/1995/501 810/1996/500
f 795/1997/501 796/1998/502 812/1999/502 811/2000/501
f 796/2001/502 797/2002/503 813/2003/503 812/2004/502
f 797/2005/503 782/2006/488 798/2007/488 813/2008/503
f 798/2009/504 799/2010/505 815/2011/505 814/2012/504
f 799/2013/505 800/2014/506 816/2015/506 815/2016/505
f 800/2017/506 801/2018/507 817/2019/507 816/2020/506
f 801/2021/507 802/2022/508 818/2023/508 817/2024/507
f 802/2025/508 803/2026/509 819/2027/509 818/2028/508
f 803/2029/509 804/2030/510 820/2031/510 819/2032/509
f 804/2033/510 805/2034/511 821/2035/511 820/2036/510
f 805/2037/511 806/2038/512 822/2039/512 821/2040/511
f 806/2041/512 807/2042/513 823/2043/513 822/2044/512
f 807/2045/513 808/2046/514 824/2047/514 823/2048/513
f 808/2049/514 809/2050/515 825/2051/515 824/2052/514
f 809/2053/515 810/2054/516 826/2055/516 825/2056/515
f 810/2057/516 811/2058/517 827/2059/517 826/2060/516
f 811/2061/517 812/2062/518 828/2063/518 827/2064/517
f 812/2065/518 813/2066/519 829/2067/519 828/2068/518
f 813/2069/519 798/2070/504 814/2071/504 829/2072/519
f 814/2073/520 815/2074/521 831/2075/521 830/2076/520
f 815/2077/521 816/2078/522 832/2079/522 831/2080/521
f 816/2081/522 817/2082/523 833/2083/523 832/2084/522
f 817/2085/523 818/2086/524 834/2087/524 833/2088/523
f 818/2089/524 819/2090/525 835/2091/525 834/2092/524
f 819/2093/525 820/2094/526 836/2095/526 835/2096/525
f 820/2097/526 821/2098/527 837/2099/527 836/2100/526
f 821/2101/527 822/2102/528 838/2103/528 837/2104/527
f 822/2105/528 823/2106/529 839/2107/529 838/2108/528
f 823/2109/529 824/2110/530 840/2111/530 839/2112/529
f 824/2113/530 825/2114/531 841/2115/531 840/2116/530
f 825/2117/531 826/2118/532 842/2119/532 841/2120/531
f 826/2121/532 827/2122/533 843/2123/533 842/2124/532
f 827/2125/533 828/2126/534 844/2127/534 843/2128/533
f 828/2129/534 829/2130/535 845/2131/535 844/2132/534
f 829/2133/535 814/2134/520 830/2135/520 845/2136/535
f 851/2137/536 850/2138/536 847/2139/536
f 852/2140/536 851/2141/536 847/2142/536
f 853/2143/536 852/2144/536 847/2145/536
f 853/2146/536 847/2147/536 846/2148/536
f 854/2149/536 853/2150/536 846/2151/536
f 855/2152/536 854/2153/536 846/2154/536
f 856/2155/536 855/2156/536 846/2157/536
f 857/2158/536 856/2159/536 846/2160/536
f 857/2161/536 846/2162/536 849/2163/536
f 858/2164/536 857/2165/536 849/2166/536
f 859/2167/536 858/2168/536 849/2169/536
f 860/2170/536 859/2171/536 849/2172/536
f 861/2173/536 860/2174/536 849/2175/536
f 862/2176/536 861/2177/536 849/2178/536
f 847/2179/536 850/2180/536 865/2181/536
f 848/2182/536 847/2183/536 865/2184/536
f 848/2185/536 865/2186/536 864/2187/536
f 848/2188/536 864/2189/536 863/2190/536
f 848/2191/536 863/2192/536 862/2193/536
f 849/2194/536 848/2195/536 862/2196/536
f 867/2197/537 870/2198/537 871/2199/537
f 867/2200/537 871/2201/537 872/2202/537
f 867/2203/537 872/2204/537 873/2205/537
f 866/2206/537 867/2207/537 873/2208/537
f 866/2209/537 873/2210/537 874/2211/537
f 866/2212/537 874/2213/537 875/2214/537
f 866/2215/537 875/2216/537 876/2217/537
f 866/2218/537 876/2219/537 877/2220/537
f 869/2221/537 866/2222/537 877/2223/537
f 869/2224/537 877/2225/537 878/2226/537
f 869/2227/537 878/2228/537 879/2229/537
f 869/2230/537 879/2231/537 880/2232/537
f 869/2233/537 880/2234/537 881/2235/537
f 869/2236/537 881/2237/537 882/2238/537
f 885/2239/537 870/2240/537 867/2241/537
f 885/2242/537 867/2243/537 868/2244/537
f 884/2245/537 885/2246/537 868/2247/537
f 883/2248/537 884/2249/537 868/2250/537
f 882/2251/537 883/2252/537 868/2253/537
f 882/2254/537 868/2255/537 869/2256/537
o submersible_fuel_pump__body__pport_socket
usemtl fuel_station_sump
v 0.616468 0.523167 0.92375
v 0.598737 0.565974 0.92375
v 0.565974 0.598737 0.92375
v 0.523167 0.616468 0.92375
v 0.476833 0.616468 0.92375
v 0.434026 0.598737 0.92375
v 0.401263 0.565974 0.92375
v 0.383532 0.523167 0.92375
v 0.383532 0.476833 0.92375
v 0.401263 0.434026 0.92375
v 0.434026 0.401263 0.92375
v 0.476833 0.383532 0.92375
v 0.523167 0.383532 0.92375
v 0.565974 0.401263 0.92375
v 0.598737 0.434026 0.92375
v 0.616468 0.476833 0.92375
v 0.616468 0.523167 0.93875
v 0.598737 0.565974 0.93875
v 0.565974 0.598737 0.93875
v 0.523167 0.616468 0.93875
v 0.476833 0.616468 0.93875
v 0.434026 0.598737 0.93875
v 0.401263 0.565974 0.93875
v 0.383532 0.523167 0.93875
v 0.383532 0.476833 0.93875
v 0.401263 0.434026 0.93875
v 0.434026 0.401263 0.93875
v 0.476833 0.383532 0.93875
v 0.523167 0.383532 0.93875
v 0.565974 0.401263 0.93875
v 0.598737 0.434026 0.93875
v 0.616468 0.476833 0.93875
v 0.5 0.5 0.92375
v 0.5 0.5 0.93875
vt 0.458496 0.08209
vt 0.46284 0.08209
vt 0.46284 0.083496
vt 0.458496 0.083496
vt 0.474121 0.08209
vt 0.478465 0.08209
vt 0.478465 0.083496
vt 0.474121 0.083496
vt 0.481934 0.08209
vt 0.486277 0.08209
vt 0.486277 0.083496
vt 0.481934 0.083496
vt 0.489746 0.08209
vt 0.49409 0.08209
vt 0.49409 0.083496
vt 0.489746 0.083496
vt 0.513184 0.08209
vt 0.517527 0.08209
vt 0.517527 0.083496
vt 0.513184 0.083496
vt 0.427246 0.08209
vt 0.43159 0.08209
vt 0.43159 0.083496
vt 0.427246 0.083496
vt 0.552246 0.08209
vt 0.55659 0.08209
vt 0.55659 0.083496
vt 0.552246 0.083496
vt 0.356934 0.08209
vt 0.361277 0.08209
vt 0.361277 0.083496
vt 0.356934 0.083496
vt 0.520996 0.08209
vt 0.52534 0.08209
vt 0.52534 0.083496
vt 0.520996 0.083496
vt 0.435059 0.08209
vt 0.439402 0.08209
vt 0.439402 0.083496
vt 0.435059 0.083496
vt 0.560059 0.08209
vt 0.564402 0.08209
vt 0.564402 0.083496
vt 0.560059 0.083496
vt 0.364746 0.08209
vt 0.36909 0.08209
vt 0.36909 0.083496
vt 0.364746 0.083496
vt 0.372559 0.08209
vt 0.376902 0.08209
vt 0.376902 0.083496
vt 0.372559 0.083496
vt 0.591309 0.08209
vt 0.595652 0.08209
vt 0.595652 0.083496
vt 0.591309 0.083496
vt 0.575684 0.08209
vt 0.580027 0.08209
vt 0.580027 0.083496
vt 0.575684 0.083496
vt 0.380371 0.08209
vt 0.384715 0.08209
vt 0.384715 0.083496
vt 0.380371 0.083496
vt 0.625014 0.40117
vt 0.621001 0.402832
vt 0.618829 0.391913
vt 0.628086 0.398098
vt 0.625014 0.40117
vt 0.618829 0.391913
vt 0.629748 0.394085
vt 0.628086 0.398098
vt 0.618829 0.391913
vt 0.629748 0.389741
vt 0.629748 0.394085
vt 0.618829 0.391913
vt 0.628086 0.385728
vt 0.629748 0.389741
vt 0.618829 0.391913
vt 0.625014 0.382657
vt 0.628086 0.385728
vt 0.618829 0.391913
vt 0.621001 0.380994
vt 0.625014 0.382657
vt 0.618829 0.391913
vt 0.616657 0.380994
vt 0.621001 0.380994
vt 0.618829 0.391913
vt 0.612644 0.382657
vt 0.616657 0.380994
vt 0.618829 0.391913
vt 0.609572 0.385728
vt 0.612644 0.382657
vt 0.618829 0.391913
vt 0.60791 0.389741
vt 0.609572 0.385728
vt 0.618829 0.391913
vt 0.60791 0.394085
vt 0.60791 0.389741
vt 0.618829 0.391913
vt 0.609572 0.398098
vt 0.60791 0.394085
vt 0.618829 0.391913
vt 0.612644 0.40117
vt 0.609572 0.398098
vt 0.618829 0.391913
vt 0.616657 0.402832
vt 0.612644 0.40117
vt 0.618829 0.391913
vt 0.621001 0.402832
vt 0.616657 0.402832
vt 0.618829 0.391913
vt 0.64422 0.391913
vt 0.646392 0.380994
vt 0.650405 0.382657
vt 0.64422 0.391913
vt 0.650405 0.382657
vt 0.653476 0.385728
vt 0.64422 0.391913
vt 0.653476 0.385728
vt 0.655139 0.389741
vt 0.64422 0.391913
vt 0.655139 0.389741
vt 0.655139 0.394085
vt 0.64422 0.391913
vt 0.655139 0.394085
vt 0.653476 0.398098
vt 0.64422 0.391913
vt 0.653476 0.398098
vt 0.650405 0.40117
vt 0.64422 0.391913
vt 0.650405 0.40117
vt 0.646392 0.402832
vt 0.64422 0.391913
vt 0.646392 0.402832
vt 0.642048 0.402832
vt 0.64422 0.391913
vt 0.642048 0.402832
vt 0.638035 0.40117
vt 0.64422 0.391913
vt 0.638035 0.40117
vt 0.634963 0.398098
vt 0.64422 0.391913
vt 0.634963 0.398098
vt 0.633301 0.394085
vt 0.64422 0.391913
vt 0.633301 0.394085
vt 0.633301 0.389741
vt 0.64422 0.391913
vt 0.633301 0.389741
vt 0.634963 0.385728
vt 0.64422 0.391913
vt 0.634963 0.385728
vt 0.638035 0.382657
vt 0.64422 0.391913
vt 0.638035 0.382657
vt 0.642048 0.380994
vt 0.64422 0.391913
vt 0.642048 0.380994
vt 0.646392 0.380994
vn 0.980785 0.19509 0
vn 0.83147 0.55557 0
vn 0.55557 0.83147 0
vn 0.19509 0.980785 0
vn -0.19509 0.980785 0
vn -0.55557 0.83147 0
vn -0.83147 0.55557 0
vn -0.980785 0.19509 0
vn -0.980785 -0.19509 0
vn -0.83147 -0.55557 0
vn -0.55557 -0.83147 0
vn -0.19509 -0.980785 0
vn 0.19509 -0.980785 0
vn 0.55557 -0.83147 0
vn 0.83147 -0.55557 0
vn 0.980785 -0.19509 0
vn 0 0 -1
vn 0 0 1
f 886/2257/538 887/2258/539 903/2259/539 902/2260/538
f 887/2261/539 888/2262/540 904/2263/540 903/2264/539
f 888/2265/540 889/2266/541 905/2267/541 904/2268/540
f 889/2269/541 890/2270/542 906/2271/542 905/2272/541
f 890/2273/542 891/2274/543 907/2275/543 906/2276/542
f 891/2277/543 892/2278/544 908/2279/544 907/2280/543
f 892/2281/544 893/2282/545 909/2283/545 908/2284/544
f 893/2285/545 894/2286/546 910/2287/546 909/2288/545
f 894/2289/546 895/2290/547 911/2291/547 910/2292/546
f 895/2293/547 896/2294/548 912/2295/548 911/2296/547
f 896/2297/548 897/2298/549 913/2299/549 912/2300/548
f 897/2301/549 898/2302/550 914/2303/550 913/2304/549
f 898/2305/550 899/2306/551 915/2307/551 914/2308/550
f 899/2309/551 900/2310/552 916/2311/552 915/2312/551
f 900/2313/552 901/2314/553 917/2315/553 916/2316/552
f 901/2317/553 886/2318/538 902/2319/538 917/2320/553
f 887/2321/554 886/2322/554 918/2323/554
f 888/2324/554 887/2325/554 918/2326/554
f 889/2327/554 888/2328/554 918/2329/554
f 890/2330/554 889/2331/554 918/2332/554
f 891/2333/554 890/2334/554 918/2335/554
f 892/2336/554 891/2337/554 918/2338/554
f 893/2339/554 892/2340/554 918/2341/554
f 894/2342/554 893/2343/554 918/2344/554
f 895/2345/554 894/2346/554 918/2347/554
f 896/2348/554 895/2349/554 918/2350/554
f 897/2351/554 896/2352/554 918/2353/554
f 898/2354/554 897/2355/554 918/2356/554
f 899/2357/554 898/2358/554 918/2359/554
f 900/2360/554 899/2361/554 918/2362/554
f 901/2363/554 900/2364/554 918/2365/554
f 886/2366/554 901/2367/554 918/2368/554
f 919/2369/555 902/2370/555 903/2371/555
f 919/2372/555 903/2373/555 904/2374/555
f 919/2375/555 904/2376/555 905/2377/555
f 919/2378/555 905/2379/555 906/2380/555
f 919/2381/555 906/2382/555 907/2383/555
f 919/2384/555 907/2385/555 908/2386/555
f 919/2387/555 908/2388/555 909/2389/555
f 919/2390/555 909/2391/555 910/2392/555
f 919/2393/555 910/2394/555 911/2395/555
f 919/2396/555 911/2397/555 912/2398/555
f 919/2399/555 912/2400/555 913/2401/555
f 919/2402/555 913/2403/555 914/2404/555
f 919/2405/555 914/2406/555 915/2407/555
f 919/2408/555 915/2409/555 916/2410/555
f 919/2411/555 916/2412/555 917/2413/555
f 919/2414/555 917/2415/555 902/2416/555
o submersible_fuel_pump__body__pport_pin
usemtl fuel_station_sump
v 0.525984 0.510763 0.93875
v 0.510763 0.525984 0.93875
v 0.489237 0.525984 0.93875
v 0.474016 0.510763 0.93875
v 0.474016 0.489237 0.93875
v 0.489237 0.474016 0.93875
v 0.510763 0.474016 0.93875
v 0.525984 0.489237 0.93875
v 0.525984 0.510763 0.95125
v 0.510763 0.525984 0.95125
v 0.489237 0.525984 0.95125
v 0.474016 0.510763 0.95125
v 0.474016 0.489237 0.95125
v 0.489237 0.474016 0.95125
v 0.510763 0.474016 0.95125
v 0.525984 0.489237 0.95125
v 0.5 0.5 0.93875
v 0.5 0.5 0.95125
vt 0.284668 0.072559
vt 0.286686 0.072559
vt 0.286686 0.07373
vt 0.284668 0.07373
vt 0.243652 0.072559
vt 0.24567 0.072559
vt 0.24567 0.07373
vt 0.243652 0.07373
vt 0.26709 0.072559
vt 0.269108 0.072559
vt 0.269108 0.07373
vt 0.26709 0.07373
vt 0.249512 0.072559
vt 0.25153 0.072559
vt 0.25153 0.07373
vt 0.249512 0.07373
vt 0.290527 0.072559
vt 0.292545 0.072559
vt 0.292545 0.07373
vt 0.290527 0.07373
vt 0.220215 0.072559
vt 0.222233 0.072559
vt 0.222233 0.07373
vt 0.220215 0.07373
vt 0.302246 0.072559
vt 0.304264 0.072559
vt 0.304264 0.07373
vt 0.302246 0.07373
vt 0.231934 0.072559
vt 0.233952 0.072559
vt 0.233952 0.07373
vt 0.231934 0.07373
vt 0.244618 0.162147
vt 0.243191 0.163574
vt 0.242182 0.161138
vt 0.244618 0.160129
vt 0.244618 0.162147
vt 0.242182 0.161138
vt 0.243191 0.158702
vt 0.244618 0.160129
vt 0.242182 0.161138
vt 0.241173 0.158702
vt 0.243191 0.158702
vt 0.242182 0.161138
vt 0.239746 0.160129
vt 0.241173 0.158702
vt 0.242182 0.161138
vt 0.239746 0.162147
vt 0.239746 0.160129
vt 0.242182 0.161138
vt 0.241173 0.163574
vt 0.239746 0.162147
vt 0.242182 0.161138
vt 0.243191 0.163574
vt 0.241173 0.163574
vt 0.242182 0.161138
vt 0.249995 0.161138
vt 0.251004 0.158702
vt 0.252431 0.160129
vt 0.249995 0.161138
vt 0.252431 0.160129
vt 0.252431 0.162147
vt 0.249995 0.161138
vt 0.252431 0.162147
vt 0.251004 0.163574
vt 0.249995 0.161138
vt 0.251004 0.163574
vt 0.248986 0.163574
vt 0.249995 0.161138
vt 0.248986 0.163574
vt 0.247559 0.162147
vt 0.249995 0.161138
vt 0.247559 0.162147
vt 0.247559 0.160129
vt 0.249995 0.161138
vt 0.247559 0.160129
vt 0.248986 0.158702
vt 0.249995 0.161138
vt 0.248986 0.158702
vt 0.251004 0.158702
vn 0.707107 0.707107 0
vn 0 1 0
vn -0.707107 0.707107 0
vn -1 0 0
vn -0.707107 -0.707107 0
vn 0 -1 0
vn 0.707107 -0.707107 0
vn 1 0 0
vn 0 0 -1
vn 0 0 1
f 920/2417/556 921/2418/556 929/2419/556 928/2420/556
f 921/2421/557 922/2422/557 930/2423/557 929/2424/557
f 922/2425/558 923/2426/558 931/2427/558 930/2428/558
f 923/2429/559 924/2430/559 932/2431/559 931/2432/559
f 924/2433/560 925/2434/560 933/2435/560 932/2436/560
f 925/2437/561 926/2438/561 934/2439/561 933/2440/561
f 926/2441/562 927/2442/562 935/2443/562 934/2444/562
f 927/2445/563 920/2446/563 928/2447/563 935/2448/563
f 921/2449/564 920/2450/564 936/2451/564
f 922/2452/564 921/2453/564 936/2454/564
f 923/2455/564 922/2456/564 936/2457/564
f 924/2458/564 923/2459/564 936/2460/564
f 925/2461/564 924/2462/564 936/2463/564
f 926/2464/564 925/2465/564 936/2466/564
f 927/2467/564 926/2468/564 936/2469/564
f 920/2470/564 927/2471/564 936/2472/564
f 937/2473/565 928/2474/565 929/2475/565
f 937/2476/565 929/2477/565 930/2478/565
f 937/2479/565 930/2480/565 931/2481/565
f 937/2482/565 931/2483/565 932/2484/565
f 937/2485/565 932/2486/565 933/2487/565
f 937/2488/565 933/2489/565 934/2490/565
f 937/2491/565 934/2492/565 935/2493/565
f 937/2494/565 935/2495/565 928/2496/565
