# AFL PRAIRIE signage V1 price sign digits, generated by tools/build-prairie-signage-v1.mjs
mtllib digits.mtl
o digit_0_0_f
usemtl sign_face_glow
v -0.620994 2.49 0.303
v -0.669006 2.49 0.303
v -0.686986 2.47202 0.303
v -0.669006 2.45404 0.303
v -0.620994 2.45404 0.303
v -0.603014 2.47202 0.303
v -0.620994 2.49 0.307
v -0.669006 2.49 0.307
v -0.686986 2.47202 0.307
v -0.669006 2.45404 0.307
v -0.620994 2.45404 0.307
v -0.603014 2.47202 0.307
v -0.620994 2.49 0.303
v -0.669006 2.49 0.303
v -0.686986 2.47202 0.303
v -0.669006 2.45404 0.303
v -0.620994 2.45404 0.303
v -0.603014 2.47202 0.303
v -0.620994 2.49 0.307
v -0.669006 2.49 0.307
v -0.686986 2.47202 0.307
v -0.669006 2.45404 0.307
v -0.620994 2.45404 0.307
v -0.603014 2.47202 0.307
vt 0.366455 0.346455
vt 0.372081 0.346455
vt 0.372081 0.346924
vt 0.366455 0.346924
vt 0.964111 0.344502
vt 0.967091 0.344502
vt 0.967091 0.344971
vt 0.964111 0.344971
vt 0.983643 0.344502
vt 0.986622 0.344502
vt 0.986622 0.344971
vt 0.983643 0.344971
vt 0.373779 0.346455
vt 0.379406 0.346455
vt 0.379406 0.346924
vt 0.373779 0.346924
vt 0.988525 0.344502
vt 0.991505 0.344502
vt 0.991505 0.344971
vt 0.988525 0.344971
vt 0.993408 0.344502
vt 0.996388 0.344502
vt 0.996388 0.344971
vt 0.993408 0.344971
vt 0.04411 0.354736
vt 0.038484 0.354736
vt 0.036377 0.352629
vt 0.046217 0.352629
vt 0.04411 0.354736
vt 0.036377 0.352629
vt 0.04411 0.350522
vt 0.046217 0.352629
vt 0.036377 0.352629
vt 0.036377 0.352629
vt 0.038484 0.350522
vt 0.04411 0.350522
vt 0.057936 0.352629
vt 0.055829 0.354736
vt 0.050203 0.354736
vt 0.057936 0.352629
vt 0.050203 0.354736
vt 0.048096 0.352629
vt 0.057936 0.352629
vt 0.048096 0.352629
vt 0.050203 0.350522
vt 0.050203 0.350522
vt 0.055829 0.350522
vt 0.057936 0.352629
vn 0 1 0
vn -0.707107 0.707107 0
vn -0.707107 -0.707107 0
vn 0 -1 0
vn 0.707107 -0.707107 0
vn 0.707107 0.707107 0
vn 0 0 -1
vn 0 0 1
f 1/1/1 2/2/1 8/3/1 7/4/1
f 2/5/2 3/6/2 9/7/2 8/8/2
f 3/9/3 4/10/3 10/11/3 9/12/3
f 4/13/4 5/14/4 11/15/4 10/16/4
f 5/17/5 6/18/5 12/19/5 11/20/5
f 6/21/6 1/22/6 7/23/6 12/24/6
f 14/25/7 13/26/7 18/27/7
f 15/28/7 14/29/7 18/30/7
f 16/31/7 15/32/7 18/33/7
f 18/34/7 17/35/7 16/36/7
f 24/37/8 19/38/8 20/39/8
f 24/40/8 20/41/8 21/42/8
f 24/43/8 21/44/8 22/45/8
f 22/46/8 23/47/8 24/48/8
o digit_0_0_b
usemtl sign_face_glow
v 2.603014 2.47202 0.693
v 2.620994 2.45404 0.693
v 2.669006 2.45404 0.693
v 2.686986 2.47202 0.693
v 2.669006 2.49 0.693
v 2.620994 2.49 0.693
v 2.603014 2.47202 0.697
v 2.620994 2.45404 0.697
v 2.669006 2.45404 0.697
v 2.686986 2.47202 0.697
v 2.669006 2.49 0.697
v 2.620994 2.49 0.697
v 2.603014 2.47202 0.693
v 2.620994 2.45404 0.693
v 2.669006 2.45404 0.693
v 2.686986 2.47202 0.693
v 2.669006 2.49 0.693
v 2.620994 2.49 0.693
v 2.603014 2.47202 0.697
v 2.620994 2.45404 0.697
v 2.669006 2.45404 0.697
v 2.686986 2.47202 0.697
v 2.669006 2.49 0.697
v 2.620994 2.49 0.697
vt 0.939697 0.344502
vt 0.942677 0.344502
vt 0.942677 0.344971
vt 0.939697 0.344971
vt 0.381104 0.346455
vt 0.38673 0.346455
vt 0.38673 0.346924
vt 0.381104 0.346924
vt 0.284424 0.342549
vt 0.287404 0.342549
vt 0.287404 0.343018
vt 0.284424 0.343018
vt 0.289307 0.342549
vt 0.292286 0.342549
vt 0.292286 0.343018
vt 0.289307 0.343018
vt 0.388428 0.346455
vt 0.394054 0.346455
vt 0.394054 0.346924
vt 0.388428 0.346924
vt 0.294189 0.342549
vt 0.297169 0.342549
vt 0.297169 0.343018
vt 0.294189 0.343018
vt 0.114423 0.350522
vt 0.11653 0.352629
vt 0.114423 0.354736
vt 0.108796 0.350522
vt 0.114423 0.350522
vt 0.114423 0.354736
vt 0.106689 0.352629
vt 0.108796 0.350522
vt 0.114423 0.354736
vt 0.114423 0.354736
vt 0.108796 0.354736
vt 0.106689 0.352629
vt 0.120515 0.354736
vt 0.118408 0.352629
vt 0.120515 0.350522
vt 0.120515 0.354736
vt 0.120515 0.350522
vt 0.126142 0.350522
vt 0.120515 0.354736
vt 0.126142 0.350522
vt 0.128249 0.352629
vt 0.128249 0.352629
vt 0.126142 0.354736
vt 0.120515 0.354736
vn -0.707107 -0.707107 0
vn 0 -1 0
vn 0.707107 -0.707107 0
vn 0.707107 0.707107 0
vn 0 1 0
vn -0.707107 0.707107 0
vn 0 0 -1
vn 0 0 1
f 25/49/9 26/50/9 32/51/9 31/52/9
f 26/53/10 27/54/10 33/55/10 32/56/10
f 27/57/11 28/58/11 34/59/11 33/60/11
f 28/61/12 29/62/12 35/63/12 34/64/12
f 29/65/13 30/66/13 36/67/13 35/68/13
f 30/69/14 25/70/14 31/71/14 36/72/14
f 38/73/15 37/74/15 42/75/15
f 39/76/15 38/77/15 42/78/15
f 40/79/15 39/80/15 42/81/15
f 42/82/15 41/83/15 40/84/15
f 48/85/16 43/86/16 44/87/16
f 48/88/16 44/89/16 45/90/16
f 48/91/16 45/92/16 46/93/16
f 46/94/16 47/95/16 48/96/16
o digit_0_1_f
usemtl sign_face_glow
v -0.67404 2.398014 0.303
v -0.67404 2.449006 0.303
v -0.69202 2.466986 0.303
v -0.71 2.449006 0.303
v -0.71 2.398014 0.303
v -0.69202 2.380034 0.303
v -0.67404 2.398014 0.307
v -0.67404 2.449006 0.307
v -0.69202 2.466986 0.307
v -0.71 2.449006 0.307
v -0.71 2.398014 0.307
v -0.69202 2.380034 0.307
v -0.67404 2.398014 0.303
v -0.67404 2.449006 0.303
v -0.69202 2.466986 0.303
v -0.71 2.449006 0.303
v -0.71 2.398014 0.303
v -0.69202 2.380034 0.303
v -0.67404 2.398014 0.307
v -0.67404 2.449006 0.307
v -0.69202 2.466986 0.307
v -0.71 2.449006 0.307
v -0.71 2.398014 0.307
v -0.69202 2.380034 0.307
vt 0.178955 0.346455
vt 0.184931 0.346455
vt 0.184931 0.346924
vt 0.178955 0.346924
vt 0.001221 0.342549
vt 0.0042 0.342549
vt 0.0042 0.343018
vt 0.001221 0.343018
vt 0.006104 0.342549
vt 0.009083 0.342549
vt 0.009083 0.343018
vt 0.006104 0.343018
vt 0.186768 0.346455
vt 0.192743 0.346455
vt 0.192743 0.346924
vt 0.186768 0.346924
vt 0.010986 0.342549
vt 0.013966 0.342549
vt 0.013966 0.343018
vt 0.010986 0.343018
vt 0.015869 0.342549
vt 0.018849 0.342549
vt 0.018849 0.343018
vt 0.015869 0.343018
vt 0.185085 0.354736
vt 0.179109 0.354736
vt 0.177002 0.352629
vt 0.187192 0.352629
vt 0.185085 0.354736
vt 0.177002 0.352629
vt 0.185085 0.350522
vt 0.187192 0.352629
vt 0.177002 0.352629
vt 0.177002 0.352629
vt 0.179109 0.350522
vt 0.185085 0.350522
vt 0.188721 0.352629
vt 0.190828 0.350522
vt 0.196803 0.350522
vt 0.188721 0.352629
vt 0.196803 0.350522
vt 0.19891 0.352629
vt 0.188721 0.352629
vt 0.19891 0.352629
vt 0.196803 0.354736
vt 0.196803 0.354736
vt 0.190828 0.354736
vt 0.188721 0.352629
vn 1 0 0
vn 0.707107 0.707107 0
vn -0.707107 0.707107 0
vn -1 0 0
vn -0.707107 -0.707107 0
vn 0.707107 -0.707107 0
vn 0 0 -1
vn 0 0 1
f 49/97/17 50/98/17 56/99/17 55/100/17
f 50/101/18 51/102/18 57/103/18 56/104/18
f 51/105/19 52/106/19 58/107/19 57/108/19
f 52/109/20 53/110/20 59/111/20 58/112/20
f 53/113/21 54/114/21 60/115/21 59/116/21
f 54/117/22 49/118/22 55/119/22 60/120/22
f 62/121/23 61/122/23 66/123/23
f 63/124/23 62/125/23 66/126/23
f 64/127/23 63/128/23 66/129/23
f 66/130/23 65/131/23 64/132/23
f 72/133/24 67/134/24 68/135/24
f 72/136/24 68/137/24 69/138/24
f 72/139/24 69/140/24 70/141/24
f 70/142/24 71/143/24 72/144/24
o digit_0_1_b
usemtl sign_face_glow
v 2.69202 2.380034 0.693
v 2.71 2.398014 0.693
v 2.71 2.449006 0.693
v 2.69202 2.466986 0.693
v 2.67404 2.449006 0.693
v 2.67404 2.398014 0.693
v 2.69202 2.380034 0.697
v 2.71 2.398014 0.697
v 2.71 2.449006 0.697
v 2.69202 2.466986 0.697
v 2.67404 2.449006 0.697
v 2.67404 2.398014 0.697
v 2.69202 2.380034 0.693
v 2.71 2.398014 0.693
v 2.71 2.449006 0.693
v 2.69202 2.466986 0.693
v 2.67404 2.449006 0.693
v 2.67404 2.398014 0.693
v 2.69202 2.380034 0.697
v 2.71 2.398014 0.697
v 2.71 2.449006 0.697
v 2.69202 2.466986 0.697
v 2.67404 2.449006 0.697
v 2.67404 2.398014 0.697
vt 0.020752 0.342549
vt 0.023732 0.342549
vt 0.023732 0.343018
vt 0.020752 0.343018
vt 0.19458 0.346455
vt 0.200556 0.346455
vt 0.200556 0.346924
vt 0.19458 0.346924
vt 0.94458 0.344502
vt 0.94756 0.344502
vt 0.94756 0.344971
vt 0.94458 0.344971
vt 0.025635 0.342549
vt 0.028615 0.342549
vt 0.028615 0.343018
vt 0.025635 0.343018
vt 0.202393 0.346455
vt 0.208368 0.346455
vt 0.208368 0.346924
vt 0.202393 0.346924
vt 0.230713 0.342549
vt 0.233693 0.342549
vt 0.233693 0.343018
vt 0.230713 0.343018
vt 0.413484 0.354736
vt 0.411377 0.352629
vt 0.413484 0.350522
vt 0.41946 0.354736
vt 0.413484 0.354736
vt 0.413484 0.350522
vt 0.421567 0.352629
vt 0.41946 0.354736
vt 0.413484 0.350522
vt 0.413484 0.350522
vt 0.41946 0.350522
vt 0.421567 0.352629
vt 0.425203 0.354736
vt 0.423096 0.352629
vt 0.425203 0.350522
vt 0.425203 0.354736
vt 0.425203 0.350522
vt 0.431178 0.350522
vt 0.425203 0.354736
vt 0.431178 0.350522
vt 0.433285 0.352629
vt 0.433285 0.352629
vt 0.431178 0.354736
vt 0.425203 0.354736
vn 0.707107 -0.707107 0
vn 1 0 0
vn 0.707107 0.707107 0
vn -0.707107 0.707107 0
vn -1 0 0
vn -0.707107 -0.707107 0
vn 0 0 -1
vn 0 0 1
f 73/145/25 74/146/25 80/147/25 79/148/25
f 74/149/26 75/150/26 81/151/26 80/152/26
f 75/153/27 76/154/27 82/155/27 81/156/27
f 76/157/28 77/158/28 83/159/28 82/160/28
f 77/161/29 78/162/29 84/163/29 83/164/29
f 78/165/30 73/166/30 79/167/30 84/168/30
f 86/169/31 85/170/31 90/171/31
f 87/172/31 86/173/31 90/174/31
f 88/175/31 87/176/31 90/177/31
f 90/178/31 89/179/31 88/180/31
f 96/181/32 91/182/32 92/183/32
f 96/184/32 92/185/32 93/186/32
f 96/187/32 93/188/32 94/189/32
f 94/190/32 95/191/32 96/192/32
o digit_0_2_f
usemtl sign_face_glow
v -0.67404 2.300994 0.303
v -0.67404 2.351986 0.303
v -0.69202 2.369966 0.303
v -0.71 2.351986 0.303
v -0.71 2.300994 0.303
v -0.69202 2.283014 0.303
v -0.67404 2.300994 0.307
v -0.67404 2.351986 0.307
v -0.69202 2.369966 0.307
v -0.71 2.351986 0.307
v -0.71 2.300994 0.307
v -0.69202 2.283014 0.307
v -0.67404 2.300994 0.303
v -0.67404 2.351986 0.303
v -0.69202 2.369966 0.303
v -0.71 2.351986 0.303
v -0.71 2.300994 0.303
v -0.69202 2.283014 0.303
v -0.67404 2.300994 0.307
v -0.67404 2.351986 0.307
v -0.69202 2.369966 0.307
v -0.71 2.351986 0.307
v -0.71 2.300994 0.307
v -0.69202 2.283014 0.307
vt 0.210205 0.346455
vt 0.216181 0.346455
vt 0.216181 0.346924
vt 0.210205 0.346924
vt 0.030518 0.342549
vt 0.033497 0.342549
vt 0.033497 0.343018
vt 0.030518 0.343018
vt 0.235596 0.342549
vt 0.238575 0.342549
vt 0.238575 0.343018
vt 0.235596 0.343018
vt 0.218018 0.346455
vt 0.223993 0.346455
vt 0.223993 0.346924
vt 0.218018 0.346924
vt 0.0354 0.342549
vt 0.03838 0.342549
vt 0.03838 0.343018
vt 0.0354 0.343018
vt 0.040283 0.342549
vt 0.043263 0.342549
vt 0.043263 0.343018
vt 0.040283 0.343018
vt 0.208522 0.354736
vt 0.202546 0.354736
vt 0.200439 0.352629
vt 0.210629 0.352629
vt 0.208522 0.354736
vt 0.200439 0.352629
vt 0.208522 0.350522
vt 0.210629 0.352629
vt 0.200439 0.352629
vt 0.200439 0.352629
vt 0.202546 0.350522
vt 0.208522 0.350522
vt 0.212158 0.352629
vt 0.214265 0.350522
vt 0.220241 0.350522
vt 0.212158 0.352629
vt 0.220241 0.350522
vt 0.222348 0.352629
vt 0.212158 0.352629
vt 0.222348 0.352629
vt 0.220241 0.354736
vt 0.220241 0.354736
vt 0.214265 0.354736
vt 0.212158 0.352629
vn 1 0 0
vn 0.707107 0.707107 0
vn -0.707107 0.707107 0
vn -1 0 0
vn -0.707107 -0.707107 0
vn 0.707107 -0.707107 0
vn 0 0 -1
vn 0 0 1
f 97/193/33 98/194/33 104/195/33 103/196/33
f 98/197/34 99/198/34 105/199/34 104/200/34
f 99/201/35 100/202/35 106/203/35 105/204/35
f 100/205/36 101/206/36 107/207/36 106/208/36
f 101/209/37 102/210/37 108/211/37 107/212/37
f 102/213/38 97/214/38 103/215/38 108/216/38
f 110/217/39 109/218/39 114/219/39
f 111/220/39 110/221/39 114/222/39
f 112/223/39 111/224/39 114/225/39
f 114/226/39 113/227/39 112/228/39
f 120/229/40 115/230/40 116/231/40
f 120/232/40 116/233/40 117/234/40
f 120/235/40 117/236/40 118/237/40
f 118/238/40 119/239/40 120/240/40
o digit_0_2_b
usemtl sign_face_glow
v 2.69202 2.283014 0.693
v 2.71 2.300994 0.693
v 2.71 2.351986 0.693
v 2.69202 2.369966 0.693
v 2.67404 2.351986 0.693
v 2.67404 2.300994 0.693
v 2.69202 2.283014 0.697
v 2.71 2.300994 0.697
v 2.71 2.351986 0.697
v 2.69202 2.369966 0.697
v 2.67404 2.351986 0.697
v 2.67404 2.300994 0.697
v 2.69202 2.283014 0.693
v 2.71 2.300994 0.693
v 2.71 2.351986 0.693
v 2.69202 2.369966 0.693
v 2.67404 2.351986 0.693
v 2.67404 2.300994 0.693
v 2.69202 2.283014 0.697
v 2.71 2.300994 0.697
v 2.71 2.351986 0.697
v 2.69202 2.369966 0.697
v 2.67404 2.351986 0.697
v 2.67404 2.300994 0.697
vt 0.299072 0.342549
vt 0.302052 0.342549
vt 0.302052 0.343018
vt 0.299072 0.343018
vt 0.22583 0.346455
vt 0.231806 0.346455
vt 0.231806 0.346924
vt 0.22583 0.346924
vt 0.045166 0.342549
vt 0.048146 0.342549
vt 0.048146 0.343018
vt 0.045166 0.343018
vt 0.303955 0.342549
vt 0.306935 0.342549
vt 0.306935 0.343018
vt 0.303955 0.343018
vt 0.233643 0.346455
vt 0.239618 0.346455
vt 0.239618 0.346924
vt 0.233643 0.346924
vt 0.308838 0.342549
vt 0.311818 0.342549
vt 0.311818 0.343018
vt 0.308838 0.343018
vt 0.436921 0.354736
vt 0.434814 0.352629
vt 0.436921 0.350522
vt 0.442897 0.354736
vt 0.436921 0.354736
vt 0.436921 0.350522
vt 0.445004 0.352629
vt 0.442897 0.354736
vt 0.436921 0.350522
vt 0.436921 0.350522
vt 0.442897 0.350522
vt 0.445004 0.352629
vt 0.44864 0.354736
vt 0.446533 0.352629
vt 0.44864 0.350522
vt 0.44864 0.354736
vt 0.44864 0.350522
vt 0.454616 0.350522
vt 0.44864 0.354736
vt 0.454616 0.350522
vt 0.456723 0.352629
vt 0.456723 0.352629
vt 0.454616 0.354736
vt 0.44864 0.354736
vn 0.707107 -0.707107 0
vn 1 0 0
vn 0.707107 0.707107 0
vn -0.707107 0.707107 0
vn -1 0 0
vn -0.707107 -0.707107 0
vn 0 0 -1
vn 0 0 1
f 121/241/41 122/242/41 128/243/41 127/244/41
f 122/245/42 123/246/42 129/247/42 128/248/42
f 123/249/43 124/250/43 130/251/43 129/252/43
f 124/253/44 125/254/44 131/255/44 130/256/44
f 125/257/45 126/258/45 132/259/45 131/260/45
f 126/261/46 121/262/46 127/263/46 132/264/46
f 134/265/47 133/266/47 138/267/47
f 135/268/47 134/269/47 138/270/47
f 136/271/47 135/272/47 138/273/47
f 138/274/47 137/275/47 136/276/47
f 144/277/48 139/278/48 140/279/48
f 144/280/48 140/281/48 141/282/48
f 144/283/48 141/284/48 142/285/48
f 142/286/48 143/287/48 144/288/48
o digit_0_3_f
usemtl sign_face_glow
v -0.620994 2.29596 0.303
v -0.669006 2.29596 0.303
v -0.686986 2.27798 0.303
v -0.669006 2.26 0.303
v -0.620994 2.26 0.303
v -0.603014 2.27798 0.303
v -0.620994 2.29596 0.307
v -0.669006 2.29596 0.307
v -0.686986 2.27798 0.307
v -0.669006 2.26 0.307
v -0.620994 2.26 0.307
v -0.603014 2.27798 0.307
v -0.620994 2.29596 0.303
v -0.669006 2.29596 0.303
v -0.686986 2.27798 0.303
v -0.669006 2.26 0.303
v -0.620994 2.26 0.303
v -0.603014 2.27798 0.303
v -0.620994 2.29596 0.307
v -0.669006 2.29596 0.307
v -0.686986 2.27798 0.307
v -0.669006 2.26 0.307
v -0.620994 2.26 0.307
v -0.603014 2.27798 0.307
vt 0.395752 0.346455
vt 0.401378 0.346455
vt 0.401378 0.346924
vt 0.395752 0.346924
vt 0.968994 0.344502
vt 0.971974 0.344502
vt 0.971974 0.344971
vt 0.968994 0.344971
vt 0.313721 0.342549
vt 0.3167 0.342549
vt 0.3167 0.343018
vt 0.313721 0.343018
vt 0.403076 0.346455
vt 0.408702 0.346455
vt 0.408702 0.346924
vt 0.403076 0.346924
vt 0.274658 0.342549
vt 0.277638 0.342549
vt 0.277638 0.343018
vt 0.274658 0.343018
vt 0.050049 0.342549
vt 0.053029 0.342549
vt 0.053029 0.343018
vt 0.050049 0.343018
vt 0.51286 0.354736
vt 0.507234 0.354736
vt 0.505127 0.352629
vt 0.514967 0.352629
vt 0.51286 0.354736
vt 0.505127 0.352629
vt 0.51286 0.350522
vt 0.514967 0.352629
vt 0.505127 0.352629
vt 0.505127 0.352629
vt 0.507234 0.350522
vt 0.51286 0.350522
vt 0.526686 0.352629
vt 0.524579 0.354736
vt 0.518953 0.354736
vt 0.526686 0.352629
vt 0.518953 0.354736
vt 0.516846 0.352629
vt 0.526686 0.352629
vt 0.516846 0.352629
vt 0.518953 0.350522
vt 0.518953 0.350522
vt 0.524579 0.350522
vt 0.526686 0.352629
vn 0 1 0
vn -0.707107 0.707107 0
vn -0.707107 -0.707107 0
vn 0 -1 0
vn 0.707107 -0.707107 0
vn 0.707107 0.707107 0
vn 0 0 -1
vn 0 0 1
f 145/289/49 146/290/49 152/291/49 151/292/49
f 146/293/50 147/294/50 153/295/50 152/296/50
f 147/297/51 148/298/51 154/299/51 153/300/51
f 148/301/52 149/302/52 155/303/52 154/304/52
f 149/305/53 150/306/53 156/307/53 155/308/53
f 150/309/54 145/310/54 151/311/54 156/312/54
f 158/313/55 157/314/55 162/315/55
f 159/316/55 158/317/55 162/318/55
f 160/319/55 159/320/55 162/321/55
f 162/322/55 161/323/55 160/324/55
f 168/325/56 163/326/56 164/327/56
f 168/328/56 164/329/56 165/330/56
f 168/331/56 165/332/56 166/333/56
f 166/334/56 167/335/56 168/336/56
o digit_0_3_b
usemtl sign_face_glow
v 2.603014 2.27798 0.693
v 2.620994 2.26 0.693
v 2.669006 2.26 0.693
v 2.686986 2.27798 0.693
v 2.669006 2.29596 0.693
v 2.620994 2.29596 0.693
v 2.603014 2.27798 0.697
v 2.620994 2.26 0.697
v 2.669006 2.26 0.697
v 2.686986 2.27798 0.697
v 2.669006 2.29596 0.697
v 2.620994 2.29596 0.697
v 2.603014 2.27798 0.693
v 2.620994 2.26 0.693
v 2.669006 2.26 0.693
v 2.686986 2.27798 0.693
v 2.669006 2.29596 0.693
v 2.620994 2.29596 0.693
v 2.603014 2.27798 0.697
v 2.620994 2.26 0.697
v 2.669006 2.26 0.697
v 2.686986 2.27798 0.697
v 2.669006 2.29596 0.697
v 2.620994 2.29596 0.697
vt 0.318604 0.342549
vt 0.321583 0.342549
vt 0.321583 0.343018
vt 0.318604 0.343018
vt 0.4104 0.346455
vt 0.416027 0.346455
vt 0.416027 0.346924
vt 0.4104 0.346924
vt 0.323486 0.342549
vt 0.326466 0.342549
vt 0.326466 0.343018
vt 0.323486 0.343018
vt 0.328369 0.342549
vt 0.331349 0.342549
vt 0.331349 0.343018
vt 0.328369 0.343018
vt 0.417725 0.346455
vt 0.423351 0.346455
vt 0.423351 0.346924
vt 0.417725 0.346924
vt 0.054932 0.342549
vt 0.057911 0.342549
vt 0.057911 0.343018
vt 0.054932 0.343018
vt 0.536298 0.350522
vt 0.538405 0.352629
vt 0.536298 0.354736
vt 0.530671 0.350522
vt 0.536298 0.350522
vt 0.536298 0.354736
vt 0.528564 0.352629
vt 0.530671 0.350522
vt 0.536298 0.354736
vt 0.536298 0.354736
vt 0.530671 0.354736
vt 0.528564 0.352629
vt 0.54239 0.354736
vt 0.540283 0.352629
vt 0.54239 0.350522
vt 0.54239 0.354736
vt 0.54239 0.350522
vt 0.548017 0.350522
vt 0.54239 0.354736
vt 0.548017 0.350522
vt 0.550124 0.352629
vt 0.550124 0.352629
vt 0.548017 0.354736
vt 0.54239 0.354736
vn -0.707107 -0.707107 0
vn 0 -1 0
vn 0.707107 -0.707107 0
vn 0.707107 0.707107 0
vn 0 1 0
vn -0.707107 0.707107 0
vn 0 0 -1
vn 0 0 1
f 169/337/57 170/338/57 176/339/57 175/340/57
f 170/341/58 171/342/58 177/343/58 176/344/58
f 171/345/59 172/346/59 178/347/59 177/348/59
f 172/349/60 173/350/60 179/351/60 178/352/60
f 173/353/61 174/354/61 180/355/61 179/356/61
f 174/357/62 169/358/62 175/359/62 180/360/62
f 182/361/63 181/362/63 186/363/63
f 183/364/63 182/365/63 186/366/63
f 184/367/63 183/368/63 186/369/63
f 186/370/63 185/371/63 184/372/63
f 192/373/64 187/374/64 188/375/64
f 192/376/64 188/377/64 189/378/64
f 192/379/64 189/380/64 190/381/64
f 190/382/64 191/383/64 192/384/64
o digit_0_4_f
usemtl sign_face_glow
v -0.58 2.398014 0.303
v -0.58 2.449006 0.303
v -0.59798 2.466986 0.303
v -0.61596 2.449006 0.303
v -0.61596 2.398014 0.303
v -0.59798 2.380034 0.303
v -0.58 2.398014 0.307
v -0.58 2.449006 0.307
v -0.59798 2.466986 0.307
v -0.61596 2.449006 0.307
v -0.61596 2.398014 0.307
v -0.59798 2.380034 0.307
v -0.58 2.398014 0.303
v -0.58 2.449006 0.303
v -0.59798 2.466986 0.303
v -0.61596 2.449006 0.303
v -0.61596 2.398014 0.303
v -0.59798 2.380034 0.303
v -0.58 2.398014 0.307
v -0.58 2.449006 0.307
v -0.59798 2.466986 0.307
v -0.61596 2.449006 0.307
v -0.61596 2.398014 0.307
v -0.59798 2.380034 0.307
vt 0.241455 0.346455
vt 0.247431 0.346455
vt 0.247431 0.346924
vt 0.241455 0.346924
vt 0.059814 0.342549
vt 0.062794 0.342549
vt 0.062794 0.343018
vt 0.059814 0.343018
vt 0.064697 0.342549
vt 0.067677 0.342549
vt 0.067677 0.343018
vt 0.064697 0.343018
vt 0.249268 0.346455
vt 0.255243 0.346455
vt 0.255243 0.346924
vt 0.249268 0.346924
vt 0.06958 0.342549
vt 0.07256 0.342549
vt 0.07256 0.343018
vt 0.06958 0.343018
vt 0.074463 0.342549
vt 0.077443 0.342549
vt 0.077443 0.343018
vt 0.074463 0.343018
vt 0.23196 0.354736
vt 0.225984 0.354736
vt 0.223877 0.352629
vt 0.234067 0.352629
vt 0.23196 0.354736
vt 0.223877 0.352629
vt 0.23196 0.350522
vt 0.234067 0.352629
vt 0.223877 0.352629
vt 0.223877 0.352629
vt 0.225984 0.350522
vt 0.23196 0.350522
vt 0.235596 0.352629
vt 0.237703 0.350522
vt 0.243678 0.350522
vt 0.235596 0.352629
vt 0.243678 0.350522
vt 0.245785 0.352629
vt 0.235596 0.352629
vt 0.245785 0.352629
vt 0.243678 0.354736
vt 0.243678 0.354736
vt 0.237703 0.354736
vt 0.235596 0.352629
vn 1 0 0
vn 0.707107 0.707107 0
vn -0.707107 0.707107 0
vn -1 0 0
vn -0.707107 -0.707107 0
vn 0.707107 -0.707107 0
vn 0 0 -1
vn 0 0 1
f 193/385/65 194/386/65 200/387/65 199/388/65
f 194/389/66 195/390/66 201/391/66 200/392/66
f 195/393/67 196/394/67 202/395/67 201/396/67
f 196/397/68 197/398/68 203/399/68 202/400/68
f 197/401/69 198/402/69 204/403/69 203/404/69
f 198/405/70 193/406/70 199/407/70 204/408/70
f 206/409/71 205/410/71 210/411/71
f 207/412/71 206/413/71 210/414/71
f 208/415/71 207/416/71 210/417/71
f 210/418/71 209/419/71 208/420/71
f 216/421/72 211/422/72 212/423/72
f 216/424/72 212/425/72 213/426/72
f 216/427/72 213/428/72 214/429/72
f 214/430/72 215/431/72 216/432/72
o digit_0_4_b
usemtl sign_face_glow
v 2.59798 2.380034 0.693
v 2.61596 2.398014 0.693
v 2.61596 2.449006 0.693
v 2.59798 2.466986 0.693
v 2.58 2.449006 0.693
v 2.58 2.398014 0.693
v 2.59798 2.380034 0.697
v 2.61596 2.398014 0.697
v 2.61596 2.449006 0.697
v 2.59798 2.466986 0.697
v 2.58 2.449006 0.697
v 2.58 2.398014 0.697
v 2.59798 2.380034 0.693
v 2.61596 2.398014 0.693
v 2.61596 2.449006 0.693
v 2.59798 2.466986 0.693
v 2.58 2.449006 0.693
v 2.58 2.398014 0.693
v 2.59798 2.380034 0.697
v 2.61596 2.398014 0.697
v 2.61596 2.449006 0.697
v 2.59798 2.466986 0.697
v 2.58 2.449006 0.697
v 2.58 2.398014 0.697
vt 0.079346 0.342549
vt 0.082325 0.342549
vt 0.082325 0.343018
vt 0.079346 0.343018
vt 0.25708 0.346455
vt 0.263056 0.346455
vt 0.263056 0.346924
vt 0.25708 0.346924
vt 0.084229 0.342549
vt 0.087208 0.342549
vt 0.087208 0.343018
vt 0.084229 0.343018
vt 0.915283 0.344502
vt 0.918263 0.344502
vt 0.918263 0.344971
vt 0.915283 0.344971
vt 0.264893 0.346455
vt 0.270868 0.346455
vt 0.270868 0.346924
vt 0.264893 0.346924
vt 0.089111 0.342549
vt 0.092091 0.342549
vt 0.092091 0.343018
vt 0.089111 0.343018
vt 0.987214 0.363037
vt 0.985107 0.36093
vt 0.987214 0.358823
vt 0.99319 0.363037
vt 0.987214 0.363037
vt 0.987214 0.358823
vt 0.995297 0.36093
vt 0.99319 0.363037
vt 0.987214 0.358823
vt 0.987214 0.358823
vt 0.99319 0.358823
vt 0.995297 0.36093
vt 0.003328 0.354736
vt 0.001221 0.352629
vt 0.003328 0.350522
vt 0.003328 0.354736
vt 0.003328 0.350522
vt 0.009303 0.350522
vt 0.003328 0.354736
vt 0.009303 0.350522
vt 0.01141 0.352629
vt 0.01141 0.352629
vt 0.009303 0.354736
vt 0.003328 0.354736
vn 0.707107 -0.707107 0
vn 1 0 0
vn 0.707107 0.707107 0
vn -0.707107 0.707107 0
vn -1 0 0
vn -0.707107 -0.707107 0
vn 0 0 -1
vn 0 0 1
f 217/433/73 218/434/73 224/435/73 223/436/73
f 218/437/74 219/438/74 225/439/74 224/440/74
f 219/441/75 220/442/75 226/443/75 225/444/75
f 220/445/76 221/446/76 227/447/76 226/448/76
f 221/449/77 222/450/77 228/451/77 227/452/77
f 222/453/78 217/454/78 223/455/78 228/456/78
f 230/457/79 229/458/79 234/459/79
f 231/460/79 230/461/79 234/462/79
f 232/463/79 231/464/79 234/465/79
f 234/466/79 233/467/79 232/468/79
f 240/469/80 235/470/80 236/471/80
f 240/472/80 236/473/80 237/474/80
f 240/475/80 237/476/80 238/477/80
f 238/478/80 239/479/80 240/480/80
o digit_0_5_f
usemtl sign_face_glow
v -0.620994 2.39298 0.303
v -0.669006 2.39298 0.303
v -0.686986 2.375 0.303
v -0.669006 2.35702 0.303
v -0.620994 2.35702 0.303
v -0.603014 2.375 0.303
v -0.620994 2.39298 0.307
v -0.669006 2.39298 0.307
v -0.686986 2.375 0.307
v -0.669006 2.35702 0.307
v -0.620994 2.35702 0.307
v -0.603014 2.375 0.307
v -0.620994 2.39298 0.303
v -0.669006 2.39298 0.303
v -0.686986 2.375 0.303
v -0.669006 2.35702 0.303
v -0.620994 2.35702 0.303
v -0.603014 2.375 0.303
v -0.620994 2.39298 0.307
v -0.669006 2.39298 0.307
v -0.686986 2.375 0.307
v -0.669006 2.35702 0.307
v -0.620994 2.35702 0.307
v -0.603014 2.375 0.307
vt 0.425049 0.346455
vt 0.430675 0.346455
vt 0.430675 0.346924
vt 0.425049 0.346924
vt 0.973877 0.344502
vt 0.976857 0.344502
vt 0.976857 0.344971
vt 0.973877 0.344971
vt 0.093994 0.342549
vt 0.096974 0.342549
vt 0.096974 0.343018
vt 0.093994 0.343018
vt 0.432373 0.346455
vt 0.437999 0.346455
vt 0.437999 0.346924
vt 0.432373 0.346924
vt 0.098877 0.342549
vt 0.101857 0.342549
vt 0.101857 0.343018
vt 0.098877 0.343018
vt 0.10376 0.342549
vt 0.10674 0.342549
vt 0.10674 0.343018
vt 0.10376 0.343018
vt 0.067548 0.354736
vt 0.061921 0.354736
vt 0.059814 0.352629
vt 0.069655 0.352629
vt 0.067548 0.354736
vt 0.059814 0.352629
vt 0.067548 0.350522
vt 0.069655 0.352629
vt 0.059814 0.352629
vt 0.059814 0.352629
vt 0.061921 0.350522
vt 0.067548 0.350522
vt 0.081374 0.352629
vt 0.079267 0.354736
vt 0.07364 0.354736
vt 0.081374 0.352629
vt 0.07364 0.354736
vt 0.071533 0.352629
vt 0.081374 0.352629
vt 0.071533 0.352629
vt 0.07364 0.350522
vt 0.07364 0.350522
vt 0.079267 0.350522
vt 0.081374 0.352629
vn 0 1 0
vn -0.707107 0.707107 0
vn -0.707107 -0.707107 0
vn 0 -1 0
vn 0.707107 -0.707107 0
vn 0.707107 0.707107 0
vn 0 0 -1
vn 0 0 1
f 241/481/81 242/482/81 248/483/81 247/484/81
f 242/485/82 243/486/82 249/487/82 248/488/82
f 243/489/83 244/490/83 250/491/83 249/492/83
f 244/493/84 245/494/84 251/495/84 250/496/84
f 245/497/85 246/498/85 252/499/85 251/500/85
f 246/501/86 241/502/86 247/503/86 252/504/86
f 254/505/87 253/506/87 258/507/87
f 255/508/87 254/509/87 258/510/87
f 256/511/87 255/512/87 258/513/87
f 258/514/87 257/515/87 256/516/87
f 264/517/88 259/518/88 260/519/88
f 264/520/88 260/521/88 261/522/88
f 264/523/88 261/524/88 262/525/88
f 262/526/88 263/527/88 264/528/88
o digit_0_5_b
usemtl sign_face_glow
v 2.603014 2.375 0.693
v 2.620994 2.35702 0.693
v 2.669006 2.35702 0.693
v 2.686986 2.375 0.693
v 2.669006 2.39298 0.693
v 2.620994 2.39298 0.693
v 2.603014 2.375 0.697
v 2.620994 2.35702 0.697
v 2.669006 2.35702 0.697
v 2.686986 2.375 0.697
v 2.669006 2.39298 0.697
v 2.620994 2.39298 0.697
v 2.603014 2.375 0.693
v 2.620994 2.35702 0.693
v 2.669006 2.35702 0.693
v 2.686986 2.375 0.693
v 2.669006 2.39298 0.693
v 2.620994 2.39298 0.693
v 2.603014 2.375 0.697
v 2.620994 2.35702 0.697
v 2.669006 2.35702 0.697
v 2.686986 2.375 0.697
v 2.669006 2.39298 0.697
v 2.620994 2.39298 0.697
vt 0.108643 0.342549
vt 0.111622 0.342549
vt 0.111622 0.343018
vt 0.108643 0.343018
vt 0.439697 0.346455
vt 0.445324 0.346455
vt 0.445324 0.346924
vt 0.439697 0.346924
vt 0.333252 0.342549
vt 0.336232 0.342549
vt 0.336232 0.343018
vt 0.333252 0.343018
vt 0.338135 0.342549
vt 0.341115 0.342549
vt 0.341115 0.343018
vt 0.338135 0.343018
vt 0.447021 0.346455
vt 0.452648 0.346455
vt 0.452648 0.346924
vt 0.447021 0.346924
vt 0.113525 0.342549
vt 0.116505 0.342549
vt 0.116505 0.343018
vt 0.113525 0.343018
vt 0.13786 0.350522
vt 0.139967 0.352629
vt 0.13786 0.354736
vt 0.132234 0.350522
vt 0.13786 0.350522
vt 0.13786 0.354736
vt 0.130127 0.352629
vt 0.132234 0.350522
vt 0.13786 0.354736
vt 0.13786 0.354736
vt 0.132234 0.354736
vt 0.130127 0.352629
vt 0.143953 0.354736
vt 0.141846 0.352629
vt 0.143953 0.350522
vt 0.143953 0.354736
vt 0.143953 0.350522
vt 0.149579 0.350522
vt 0.143953 0.354736
vt 0.149579 0.350522
vt 0.151686 0.352629
vt 0.151686 0.352629
vt 0.149579 0.354736
vt 0.143953 0.354736
vn -0.707107 -0.707107 0
vn 0 -1 0
vn 0.707107 -0.707107 0
vn 0.707107 0.707107 0
vn 0 1 0
vn -0.707107 0.707107 0
vn 0 0 -1
vn 0 0 1
f 265/529/89 266/530/89 272/531/89 271/532/89
f 266/533/90 267/534/90 273/535/90 272/536/90
f 267/537/91 268/538/91 274/539/91 273/540/91
f 268/541/92 269/542/92 275/543/92 274/544/92
f 269/545/93 270/546/93 276/547/93 275/548/93
f 270/549/94 265/550/94 271/551/94 276/552/94
f 278/553/95 277/554/95 282/555/95
f 279/556/95 278/557/95 282/558/95
f 280/559/95 279/560/95 282/561/95
f 282/562/95 281/563/95 280/564/95
f 288/565/96 283/566/96 284/567/96
f 288/568/96 284/569/96 285/570/96
f 288/571/96 285/572/96 286/573/96
f 286/574/96 287/575/96 288/576/96
o digit_0_6_f
usemtl sign_face_glow
v -0.37212 2.49 0.303
v -0.46988 2.49 0.303
v -0.49888 2.461 0.303
v -0.46988 2.432 0.303
v -0.37212 2.432 0.303
v -0.34312 2.461 0.303
v -0.37212 2.49 0.307
v -0.46988 2.49 0.307
v -0.49888 2.461 0.307
v -0.46988 2.432 0.307
v -0.37212 2.432 0.307
v -0.34312 2.461 0.307
v -0.37212 2.49 0.303
v -0.46988 2.49 0.303
v -0.49888 2.461 0.303
v -0.46988 2.432 0.303
v -0.37212 2.432 0.303
v -0.34312 2.461 0.303
v -0.37212 2.49 0.307
v -0.46988 2.49 0.307
v -0.49888 2.461 0.307
v -0.46988 2.432 0.307
v -0.37212 2.432 0.307
v -0.34312 2.461 0.307
vt 0.570068 0.348408
vt 0.581525 0.348408
vt 0.581525 0.348877
vt 0.570068 0.348877
vt 0.548584 0.346455
vt 0.55339 0.346455
vt 0.55339 0.346924
vt 0.548584 0.346924
vt 0.731201 0.344502
vt 0.736007 0.344502
vt 0.736007 0.344971
vt 0.731201 0.344971
vt 0.583252 0.348408
vt 0.594708 0.348408
vt 0.594708 0.348877
vt 0.583252 0.348877
vt 0.4646 0.344502
vt 0.469406 0.344502
vt 0.469406 0.344971
vt 0.4646 0.344971
vt 0.69458 0.346455
vt 0.699386 0.346455
vt 0.699386 0.346924
vt 0.69458 0.346924
vt 0.918907 0.418701
vt 0.907451 0.418701
vt 0.904053 0.415303
vt 0.922306 0.415303
vt 0.918907 0.418701
vt 0.904053 0.415303
vt 0.918907 0.411904
vt 0.922306 0.415303
vt 0.904053 0.415303
vt 0.904053 0.415303
vt 0.907451 0.411904
vt 0.918907 0.411904
vt 0.942325 0.415303
vt 0.938927 0.418701
vt 0.927471 0.418701
vt 0.942325 0.415303
vt 0.927471 0.418701
vt 0.924072 0.415303
vt 0.942325 0.415303
vt 0.924072 0.415303
vt 0.927471 0.411904
vt 0.927471 0.411904
vt 0.938927 0.411904
vt 0.942325 0.415303
vn 0 1 0
vn -0.707107 0.707107 0
vn -0.707107 -0.707107 0
vn 0 -1 0
vn 0.707107 -0.707107 0
vn 0.707107 0.707107 0
vn 0 0 -1
vn 0 0 1
f 289/577/97 290/578/97 296/579/97 295/580/97
f 290/581/98 291/582/98 297/583/98 296/584/98
f 291/585/99 292/586/99 298/587/99 297/588/99
f 292/589/100 293/590/100 299/591/100 298/592/100
f 293/593/101 294/594/101 300/595/101 299/596/101
f 294/597/102 289/598/102 295/599/102 300/600/102
f 302/601/103 301/602/103 306/603/103
f 303/604/103 302/605/103 306/606/103
f 304/607/103 303/608/103 306/609/103
f 306/610/103 305/611/103 304/612/103
f 312/613/104 307/614/104 308/615/104
f 312/616/104 308/617/104 309/618/104
f 312/619/104 309/620/104 310/621/104
f 310/622/104 311/623/104 312/624/104
o digit_0_6_b
usemtl sign_face_glow
v 2.34312 2.461 0.693
v 2.37212 2.432 0.693
v 2.46988 2.432 0.693
v 2.49888 2.461 0.693
v 2.46988 2.49 0.693
v 2.37212 2.49 0.693
v 2.34312 2.461 0.697
v 2.37212 2.432 0.697
v 2.46988 2.432 0.697
v 2.49888 2.461 0.697
v 2.46988 2.49 0.697
v 2.37212 2.49 0.697
v 2.34312 2.461 0.693
v 2.37212 2.432 0.693
v 2.46988 2.432 0.693
v 2.49888 2.461 0.693
v 2.46988 2.49 0.693
v 2.37212 2.49 0.693
v 2.34312 2.461 0.697
v 2.37212 2.432 0.697
v 2.46988 2.432 0.697
v 2.49888 2.461 0.697
v 2.46988 2.49 0.697
v 2.37212 2.49 0.697
vt 0.700928 0.346455
vt 0.705734 0.346455
vt 0.705734 0.346924
vt 0.700928 0.346924
vt 0.728271 0.348408
vt 0.739728 0.348408
vt 0.739728 0.348877
vt 0.728271 0.348877
vt 0.707275 0.346455
vt 0.712082 0.346455
vt 0.712082 0.346924
vt 0.707275 0.346924
vt 0.612061 0.346455
vt 0.616867 0.346455
vt 0.616867 0.346924
vt 0.612061 0.346924
vt 0.741455 0.348408
vt 0.752911 0.348408
vt 0.752911 0.348877
vt 0.741455 0.348877
vt 0.713623 0.346455
vt 0.718429 0.346455
vt 0.718429 0.346924
vt 0.713623 0.346924
vt 0.678673 0.411904
vt 0.682071 0.415303
vt 0.678673 0.418701
vt 0.667217 0.411904
vt 0.678673 0.411904
vt 0.678673 0.418701
vt 0.663818 0.415303
vt 0.667217 0.411904
vt 0.678673 0.418701
vt 0.678673 0.418701
vt 0.667217 0.418701
vt 0.663818 0.415303
vt 0.687236 0.418701
vt 0.683838 0.415303
vt 0.687236 0.411904
vt 0.687236 0.418701
vt 0.687236 0.411904
vt 0.698693 0.411904
vt 0.687236 0.418701
vt 0.698693 0.411904
vt 0.702091 0.415303
vt 0.702091 0.415303
vt 0.698693 0.418701
vt 0.687236 0.418701
vn -0.707107 -0.707107 0
vn 0 -1 0
vn 0.707107 -0.707107 0
vn 0.707107 0.707107 0
vn 0 1 0
vn -0.707107 0.707107 0
vn 0 0 -1
vn 0 0 1
f 313/625/105 314/626/105 320/627/105 319/628/105
f 314/629/106 315/630/106 321/631/106 320/632/106
f 315/633/107 316/634/107 322/635/107 321/636/107
f 316/637/108 317/638/108 323/639/108 322/640/108
f 317/641/109 318/642/109 324/643/109 323/644/109
f 318/645/110 313/646/110 319/647/110 324/648/110
f 326/649/111 325/650/111 330/651/111
f 327/652/111 326/653/111 330/654/111
f 328/655/111 327/656/111 330/657/111
f 330/658/111 329/659/111 328/660/111
f 336/661/112 331/662/112 332/663/112
f 336/664/112 332/665/112 333/666/112
f 336/667/112 333/668/112 334/669/112
f 334/670/112 335/671/112 336/672/112
o digit_0_7_f
usemtl sign_face_glow
v -0.478 2.31712 0.303
v -0.478 2.42388 0.303
v -0.507 2.45288 0.303
v -0.536 2.42388 0.303
v -0.536 2.31712 0.303
v -0.507 2.28812 0.303
v -0.478 2.31712 0.307
v -0.478 2.42388 0.307
v -0.507 2.45288 0.307
v -0.536 2.42388 0.307
v -0.536 2.31712 0.307
v -0.507 2.28812 0.307
v -0.478 2.31712 0.303
v -0.478 2.42388 0.303
v -0.507 2.45288 0.303
v -0.536 2.42388 0.303
v -0.536 2.31712 0.303
v -0.507 2.28812 0.303
v -0.478 2.31712 0.307
v -0.478 2.42388 0.307
v -0.507 2.45288 0.307
v -0.536 2.42388 0.307
v -0.536 2.31712 0.307
v -0.507 2.28812 0.307
vt 0.015381 0.348408
vt 0.027892 0.348408
vt 0.027892 0.348877
vt 0.015381 0.348877
vt 0.719971 0.346455
vt 0.724777 0.346455
vt 0.724777 0.346924
vt 0.719971 0.346924
vt 0.726318 0.346455
vt 0.731124 0.346455
vt 0.731124 0.346924
vt 0.726318 0.346924
vt 0.029541 0.348408
vt 0.042052 0.348408
vt 0.042052 0.348877
vt 0.029541 0.348877
vt 0.737549 0.344502
vt 0.742355 0.344502
vt 0.742355 0.344971
vt 0.737549 0.344971
vt 0.369385 0.344502
vt 0.374191 0.344502
vt 0.374191 0.344971
vt 0.369385 0.344971
vt 0.828165 0.371338
vt 0.815654 0.371338
vt 0.812256 0.367939
vt 0.831564 0.367939
vt 0.828165 0.371338
vt 0.812256 0.367939
vt 0.828165 0.364541
vt 0.831564 0.367939
vt 0.812256 0.367939
vt 0.812256 0.367939
vt 0.815654 0.364541
vt 0.828165 0.364541
vt 0.833252 0.367939
vt 0.83665 0.364541
vt 0.849161 0.364541
vt 0.833252 0.367939
vt 0.849161 0.364541
vt 0.85256 0.367939
vt 0.833252 0.367939
vt 0.85256 0.367939
vt 0.849161 0.371338
vt 0.849161 0.371338
vt 0.83665 0.371338
vt 0.833252 0.367939
vn 1 0 0
vn 0.707107 0.707107 0
vn -0.707107 0.707107 0
vn -1 0 0
vn -0.707107 -0.707107 0
vn 0.707107 -0.707107 0
vn 0 0 -1
vn 0 0 1
f 337/673/113 338/674/113 344/675/113 343/676/113
f 338/677/114 339/678/114 345/679/114 344/680/114
f 339/681/115 340/682/115 346/683/115 345/684/115
f 340/685/116 341/686/116 347/687/116 346/688/116
f 341/689/117 342/690/117 348/691/117 347/692/117
f 342/693/118 337/694/118 343/695/118 348/696/118
f 350/697/119 349/698/119 354/699/119
f 351/700/119 350/701/119 354/702/119
f 352/703/119 351/704/119 354/705/119
f 354/706/119 353/707/119 352/708/119
f 360/709/120 355/710/120 356/711/120
f 360/712/120 356/713/120 357/714/120
f 360/715/120 357/716/120 358/717/120
f 358/718/120 359/719/120 360/720/120
o digit_0_7_b
usemtl sign_face_glow
v 2.507 2.28812 0.693
v 2.536 2.31712 0.693
v 2.536 2.42388 0.693
v 2.507 2.45288 0.693
v 2.478 2.42388 0.693
v 2.478 2.31712 0.693
v 2.507 2.28812 0.697
v 2.536 2.31712 0.697
v 2.536 2.42388 0.697
v 2.507 2.45288 0.697
v 2.478 2.42388 0.697
v 2.478 2.31712 0.697
v 2.507 2.28812 0.693
v 2.536 2.31712 0.693
v 2.536 2.42388 0.693
v 2.507 2.45288 0.693
v 2.478 2.42388 0.693
v 2.478 2.31712 0.693
v 2.507 2.28812 0.697
v 2.536 2.31712 0.697
v 2.536 2.42388 0.697
v 2.507 2.45288 0.697
v 2.478 2.42388 0.697
v 2.478 2.31712 0.697
vt 0.732666 0.346455
vt 0.737472 0.346455
vt 0.737472 0.346924
vt 0.732666 0.346924
vt 0.043701 0.348408
vt 0.056212 0.348408
vt 0.056212 0.348877
vt 0.043701 0.348877
vt 0.470947 0.344502
vt 0.475753 0.344502
vt 0.475753 0.344971
vt 0.470947 0.344971
vt 0.739014 0.346455
vt 0.74382 0.346455
vt 0.74382 0.346924
vt 0.739014 0.346924
vt 0.057861 0.348408
vt 0.070372 0.348408
vt 0.070372 0.348877
vt 0.057861 0.348877
vt 0.618408 0.346455
vt 0.623214 0.346455
vt 0.623214 0.346924
vt 0.618408 0.346924
vt 0.857646 0.371338
vt 0.854248 0.367939
vt 0.857646 0.364541
vt 0.870157 0.371338
vt 0.857646 0.371338
vt 0.857646 0.364541
vt 0.873556 0.367939
vt 0.870157 0.371338
vt 0.857646 0.364541
vt 0.857646 0.364541
vt 0.870157 0.364541
vt 0.873556 0.367939
vt 0.878643 0.371338
vt 0.875244 0.367939
vt 0.878643 0.364541
vt 0.878643 0.371338
vt 0.878643 0.364541
vt 0.891154 0.364541
vt 0.878643 0.371338
vt 0.891154 0.364541
vt 0.894552 0.367939
vt 0.894552 0.367939
vt 0.891154 0.371338
vt 0.878643 0.371338
vn 0.707107 -0.707107 0
vn 1 0 0
vn 0.707107 0.707107 0
vn -0.707107 0.707107 0
vn -1 0 0
vn -0.707107 -0.707107 0
vn 0 0 -1
vn 0 0 1
f 361/721/121 362/722/121 368/723/121 367/724/121
f 362/725/122 363/726/122 369/727/122 368/728/122
f 363/729/123 364/730/123 370/731/123 369/732/123
f 364/733/124 365/734/124 371/735/124 370/736/124
f 365/737/125 366/738/125 372/739/125 371/740/125
f 366/741/126 361/742/126 367/743/126 372/744/126
f 374/745/127 373/746/127 378/747/127
f 375/748/127 374/749/127 378/750/127
f 376/751/127 375/752/127 378/753/127
f 378/754/127 377/755/127 376/756/127
f 384/757/128 379/758/128 380/759/128
f 384/760/128 380/761/128 381/762/128
f 384/763/128 381/764/128 382/765/128
f 382/766/128 383/767/128 384/768/128
o digit_0_8_f
usemtl sign_face_glow
v -0.478 2.13612 0.303
v -0.478 2.24288 0.303
v -0.507 2.27188 0.303
v -0.536 2.24288 0.303
v -0.536 2.13612 0.303
v -0.507 2.10712 0.303
v -0.478 2.13612 0.307
v -0.478 2.24288 0.307
v -0.507 2.27188 0.307
v -0.536 2.24288 0.307
v -0.536 2.13612 0.307
v -0.507 2.10712 0.307
v -0.478 2.13612 0.303
v -0.478 2.24288 0.303
v -0.507 2.27188 0.303
v -0.536 2.24288 0.303
v -0.536 2.13612 0.303
v -0.507 2.10712 0.303
v -0.478 2.13612 0.307
v -0.478 2.24288 0.307
v -0.507 2.27188 0.307
v -0.536 2.24288 0.307
v -0.536 2.13612 0.307
v -0.507 2.10712 0.307
vt 0.072021 0.348408
vt 0.084532 0.348408
vt 0.084532 0.348877
vt 0.072021 0.348877
vt 0.745361 0.346455
vt 0.750167 0.346455
vt 0.750167 0.346924
vt 0.745361 0.346924
vt 0.375732 0.344502
vt 0.380539 0.344502
vt 0.380539 0.344971
vt 0.375732 0.344971
vt 0.086182 0.348408
vt 0.098693 0.348408
vt 0.098693 0.348877
vt 0.086182 0.348877
vt 0.743896 0.344502
vt 0.748703 0.344502
vt 0.748703 0.344971
vt 0.743896 0.344971
vt 0.38208 0.344502
vt 0.386886 0.344502
vt 0.386886 0.344971
vt 0.38208 0.344971
vt 0.261271 0.371338
vt 0.24876 0.371338
vt 0.245361 0.367939
vt 0.264669 0.367939
vt 0.261271 0.371338
vt 0.245361 0.367939
vt 0.261271 0.364541
vt 0.264669 0.367939
vt 0.245361 0.367939
vt 0.245361 0.367939
vt 0.24876 0.364541
vt 0.261271 0.364541
vt 0.573486 0.359639
vt 0.576885 0.35624
vt 0.589396 0.35624
vt 0.573486 0.359639
vt 0.589396 0.35624
vt 0.592794 0.359639
vt 0.573486 0.359639
vt 0.592794 0.359639
vt 0.589396 0.363037
vt 0.589396 0.363037
vt 0.576885 0.363037
vt 0.573486 0.359639
vn 1 0 0
vn 0.707107 0.707107 0
vn -0.707107 0.707107 0
vn -1 0 0
vn -0.707107 -0.707107 0
vn 0.707107 -0.707107 0
vn 0 0 -1
vn 0 0 1
f 385/769/129 386/770/129 392/771/129 391/772/129
f 386/773/130 387/774/130 393/775/130 392/776/130
f 387/777/131 388/778/131 394/779/131 393/780/131
f 388/781/132 389/782/132 395/783/132 394/784/132
f 389/785/133 390/786/133 396/787/133 395/788/133
f 390/789/134 385/790/134 391/791/134 396/792/134
f 398/793/135 397/794/135 402/795/135
f 399/796/135 398/797/135 402/798/135
f 400/799/135 399/800/135 402/801/135
f 402/802/135 401/803/135 400/804/135
f 408/805/136 403/806/136 404/807/136
f 408/808/136 404/809/136 405/810/136
f 408/811/136 405/812/136 406/813/136
f 406/814/136 407/815/136 408/816/136
o digit_0_8_b
usemtl sign_face_glow
v 2.507 2.10712 0.693
v 2.536 2.13612 0.693
v 2.536 2.24288 0.693
v 2.507 2.27188 0.693
v 2.478 2.24288 0.693
v 2.478 2.13612 0.693
v 2.507 2.10712 0.697
v 2.536 2.13612 0.697
v 2.536 2.24288 0.697
v 2.507 2.27188 0.697
v 2.478 2.24288 0.697
v 2.478 2.13612 0.697
v 2.507 2.10712 0.693
v 2.536 2.13612 0.693
v 2.536 2.24288 0.693
v 2.507 2.27188 0.693
v 2.478 2.24288 0.693
v 2.478 2.13612 0.693
v 2.507 2.10712 0.697
v 2.536 2.13612 0.697
v 2.536 2.24288 0.697
v 2.507 2.27188 0.697
v 2.478 2.24288 0.697
v 2.478 2.13612 0.697
vt 0.750244 0.344502
vt 0.75505 0.344502
vt 0.75505 0.344971
vt 0.750244 0.344971
vt 0.100342 0.348408
vt 0.112853 0.348408
vt 0.112853 0.348877
vt 0.100342 0.348877
vt 0.751709 0.346455
vt 0.756515 0.346455
vt 0.756515 0.346924
vt 0.751709 0.346924
vt 0.758057 0.346455
vt 0.762863 0.346455
vt 0.762863 0.346924
vt 0.758057 0.346924
vt 0.114502 0.348408
vt 0.127013 0.348408
vt 0.127013 0.348877
vt 0.114502 0.348877
vt 0.764404 0.346455
vt 0.76921 0.346455
vt 0.76921 0.346924
vt 0.764404 0.346924
vt 0.269756 0.371338
vt 0.266357 0.367939
vt 0.269756 0.364541
vt 0.282267 0.371338
vt 0.269756 0.371338
vt 0.269756 0.364541
vt 0.285665 0.367939
vt 0.282267 0.371338
vt 0.269756 0.364541
vt 0.269756 0.364541
vt 0.282267 0.364541
vt 0.285665 0.367939
vt 0.290752 0.371338
vt 0.287354 0.367939
vt 0.290752 0.364541
vt 0.290752 0.371338
vt 0.290752 0.364541
vt 0.303263 0.364541
vt 0.290752 0.371338
vt 0.303263 0.364541
vt 0.306661 0.367939
vt 0.306661 0.367939
vt 0.303263 0.371338
vt 0.290752 0.371338
vn 0.707107 -0.707107 0
vn 1 0 0
vn 0.707107 0.707107 0
vn -0.707107 0.707107 0
vn -1 0 0
vn -0.707107 -0.707107 0
vn 0 0 -1
vn 0 0 1
f 409/817/137 410/818/137 416/819/137 415/820/137
f 410/821/138 411/822/138 417/823/138 416/824/138
f 411/825/139 412/826/139 418/827/139 417/828/139
f 412/829/140 413/830/140 419/831/140 418/832/140
f 413/833/141 414/834/141 420/835/141 419/836/141
f 414/837/142 409/838/142 415/839/142 420/840/142
f 422/841/143 421/842/143 426/843/143
f 423/844/143 422/845/143 426/846/143
f 424/847/143 423/848/143 426/849/143
f 426/850/143 425/851/143 424/852/143
f 432/853/144 427/854/144 428/855/144
f 432/856/144 428/857/144 429/858/144
f 432/859/144 429/860/144 430/861/144
f 430/862/144 431/863/144 432/864/144
o digit_0_9_f
usemtl sign_face_glow
v -0.37212 2.128 0.303
v -0.46988 2.128 0.303
v -0.49888 2.099 0.303
v -0.46988 2.07 0.303
v -0.37212 2.07 0.303
v -0.34312 2.099 0.303
v -0.37212 2.128 0.307
v -0.46988 2.128 0.307
v -0.49888 2.099 0.307
v -0.46988 2.07 0.307
v -0.37212 2.07 0.307
v -0.34312 2.099 0.307
v -0.37212 2.128 0.303
v -0.46988 2.128 0.303
v -0.49888 2.099 0.303
v -0.46988 2.07 0.303
v -0.37212 2.07 0.303
v -0.34312 2.099 0.303
v -0.37212 2.128 0.307
v -0.46988 2.128 0.307
v -0.49888 2.099 0.307
v -0.46988 2.07 0.307
v -0.37212 2.07 0.307
v -0.34312 2.099 0.307
vt 0.596436 0.348408
vt 0.607892 0.348408
vt 0.607892 0.348877
vt 0.596436 0.348877
vt 0.477295 0.344502
vt 0.482101 0.344502
vt 0.482101 0.344971
vt 0.477295 0.344971
vt 0.770752 0.346455
vt 0.775558 0.346455
vt 0.775558 0.346924
vt 0.770752 0.346924
vt 0.609619 0.348408
vt 0.621075 0.348408
vt 0.621075 0.348877
vt 0.609619 0.348877
vt 0.7771 0.346455
vt 0.781906 0.346455
vt 0.781906 0.346924
vt 0.7771 0.346924
vt 0.783447 0.346455
vt 0.788253 0.346455
vt 0.788253 0.346924
vt 0.783447 0.346924
vt 0.958946 0.418701
vt 0.94749 0.418701
vt 0.944092 0.415303
vt 0.962345 0.415303
vt 0.958946 0.418701
vt 0.944092 0.415303
vt 0.958946 0.411904
vt 0.962345 0.415303
vt 0.944092 0.415303
vt 0.944092 0.415303
vt 0.94749 0.411904
vt 0.958946 0.411904
vt 0.982364 0.415303
vt 0.978966 0.418701
vt 0.96751 0.418701
vt 0.982364 0.415303
vt 0.96751 0.418701
vt 0.964111 0.415303
vt 0.982364 0.415303
vt 0.964111 0.415303
vt 0.96751 0.411904
vt 0.96751 0.411904
vt 0.978966 0.411904
vt 0.982364 0.415303
vn 0 1 0
vn -0.707107 0.707107 0
vn -0.707107 -0.707107 0
vn 0 -1 0
vn 0.707107 -0.707107 0
vn 0.707107 0.707107 0
vn 0 0 -1
vn 0 0 1
f 433/865/145 434/866/145 440/867/145 439/868/145
f 434/869/146 435/870/146 441/871/146 440/872/146
f 435/873/147 436/874/147 442/875/147 441/876/147
f 436/877/148 437/878/148 443/879/148 442/880/148
f 437/881/149 438/882/149 444/883/149 443/884/149
f 438/885/150 433/886/150 439/887/150 444/888/150
f 446/889/151 445/890/151 450/891/151
f 447/892/151 446/893/151 450/894/151
f 448/895/151 447/896/151 450/897/151
f 450/898/151 449/899/151 448/900/151
f 456/901/152 451/902/152 452/903/152
f 456/904/152 452/905/152 453/906/152
f 456/907/152 453/908/152 454/909/152
f 454/910/152 455/911/152 456/912/152
o digit_0_9_b
usemtl sign_face_glow
v 2.34312 2.099 0.693
v 2.37212 2.07 0.693
v 2.46988 2.07 0.693
v 2.49888 2.099 0.693
v 2.46988 2.128 0.693
v 2.37212 2.128 0.693
v 2.34312 2.099 0.697
v 2.37212 2.07 0.697
v 2.46988 2.07 0.697
v 2.49888 2.099 0.697
v 2.46988 2.128 0.697
v 2.37212 2.128 0.697
v 2.34312 2.099 0.693
v 2.37212 2.07 0.693
v 2.46988 2.07 0.693
v 2.49888 2.099 0.693
v 2.46988 2.128 0.693
v 2.37212 2.128 0.693
v 2.34312 2.099 0.697
v 2.37212 2.07 0.697
v 2.46988 2.07 0.697
v 2.49888 2.099 0.697
v 2.46988 2.128 0.697
v 2.37212 2.128 0.697
vt 0.554932 0.346455
vt 0.559738 0.346455
vt 0.559738 0.346924
vt 0.554932 0.346924
vt 0.754639 0.348408
vt 0.766095 0.348408
vt 0.766095 0.348877
vt 0.754639 0.348877
vt 0.789795 0.346455
vt 0.794601 0.346455
vt 0.794601 0.346924
vt 0.789795 0.346924
vt 0.796143 0.346455
vt 0.800949 0.346455
vt 0.800949 0.346924
vt 0.796143 0.346924
vt 0.767822 0.348408
vt 0.779279 0.348408
vt 0.779279 0.348877
vt 0.767822 0.348877
vt 0.80249 0.346455
vt 0.807296 0.346455
vt 0.807296 0.346924
vt 0.80249 0.346924
vt 0.718712 0.411904
vt 0.722111 0.415303
vt 0.718712 0.418701
vt 0.707256 0.411904
vt 0.718712 0.411904
vt 0.718712 0.418701
vt 0.703857 0.415303
vt 0.707256 0.411904
vt 0.718712 0.418701
vt 0.718712 0.418701
vt 0.707256 0.418701
vt 0.703857 0.415303
vt 0.727275 0.418701
vt 0.723877 0.415303
vt 0.727275 0.411904
vt 0.727275 0.418701
vt 0.727275 0.411904
vt 0.738732 0.411904
vt 0.727275 0.418701
vt 0.738732 0.411904
vt 0.74213 0.415303
vt 0.74213 0.415303
vt 0.738732 0.418701
vt 0.727275 0.418701
vn -0.707107 -0.707107 0
vn 0 -1 0
vn 0.707107 -0.707107 0
vn 0.707107 0.707107 0
vn 0 1 0
vn -0.707107 0.707107 0
vn 0 0 -1
vn 0 0 1
f 457/913/153 458/914/153 464/915/153 463/916/153
f 458/917/154 459/918/154 465/919/154 464/920/154
f 459/921/155 460/922/155 466/923/155 465/924/155
f 460/925/156 461/926/156 467/927/156 466/928/156
f 461/929/157 462/930/157 468/931/157 467/932/157
f 462/933/158 457/934/158 463/935/158 468/936/158
f 470/937/159 469/938/159 474/939/159
f 471/940/159 470/941/159 474/942/159
f 472/943/159 471/944/159 474/945/159
f 474/946/159 473/947/159 472/948/159
f 480/949/160 475/950/160 476/951/160
f 480/952/160 476/953/160 477/954/160
f 480/955/160 477/956/160 478/957/160
f 478/958/160 479/959/160 480/960/160
o digit_0_10_f
usemtl sign_face_glow
v -0.306 2.31712 0.303
v -0.306 2.42388 0.303
v -0.335 2.45288 0.303
v -0.364 2.42388 0.303
v -0.364 2.31712 0.303
v -0.335 2.28812 0.303
v -0.306 2.31712 0.307
v -0.306 2.42388 0.307
v -0.335 2.45288 0.307
v -0.364 2.42388 0.307
v -0.364 2.31712 0.307
v -0.335 2.28812 0.307
v -0.306 2.31712 0.303
v -0.306 2.42388 0.303
v -0.335 2.45288 0.303
v -0.364 2.42388 0.303
v -0.364 2.31712 0.303
v -0.335 2.28812 0.303
v -0.306 2.31712 0.307
v -0.306 2.42388 0.307
v -0.335 2.45288 0.307
v -0.364 2.42388 0.307
v -0.364 2.31712 0.307
v -0.335 2.28812 0.307
vt 0.128662 0.348408
vt 0.141173 0.348408
vt 0.141173 0.348877
vt 0.128662 0.348877
vt 0.808838 0.346455
vt 0.813644 0.346455
vt 0.813644 0.346924
vt 0.808838 0.346924
vt 0.815186 0.346455
vt 0.819992 0.346455
vt 0.819992 0.346924
vt 0.815186 0.346924
vt 0.142822 0.348408
vt 0.155333 0.348408
vt 0.155333 0.348877
vt 0.142822 0.348877
vt 0.756592 0.344502
vt 0.761398 0.344502
vt 0.761398 0.344971
vt 0.756592 0.344971
vt 0.762939 0.344502
vt 0.767746 0.344502
vt 0.767746 0.344971
vt 0.762939 0.344971
vt 0.736368 0.363037
vt 0.723857 0.363037
vt 0.720459 0.359639
vt 0.739767 0.359639
vt 0.736368 0.363037
vt 0.720459 0.359639
vt 0.736368 0.35624
vt 0.739767 0.359639
vt 0.720459 0.359639
vt 0.720459 0.359639
vt 0.723857 0.35624
vt 0.736368 0.35624
vt 0.741455 0.359639
vt 0.744854 0.35624
vt 0.757364 0.35624
vt 0.741455 0.359639
vt 0.757364 0.35624
vt 0.760763 0.359639
vt 0.741455 0.359639
vt 0.760763 0.359639
vt 0.757364 0.363037
vt 0.757364 0.363037
vt 0.744854 0.363037
vt 0.741455 0.359639
vn 1 0 0
vn 0.707107 0.707107 0
vn -0.707107 0.707107 0
vn -1 0 0
vn -0.707107 -0.707107 0
vn 0.707107 -0.707107 0
vn 0 0 -1
vn 0 0 1
f 481/961/161 482/962/161 488/963/161 487/964/161
f 482/965/162 483/966/162 489/967/162 488/968/162
f 483/969/163 484/970/163 490/971/163 489/972/163
f 484/973/164 485/974/164 491/975/164 490/976/164
f 485/977/165 486/978/165 492/979/165 491/980/165
f 486/981/166 481/982/166 487/983/166 492/984/166
f 494/985/167 493/986/167 498/987/167
f 495/988/167 494/989/167 498/990/167
f 496/991/167 495/992/167 498/993/167
f 498/994/167 497/995/167 496/996/167
f 504/997/168 499/998/168 500/999/168
f 504/1000/168 500/1001/168 501/1002/168
f 504/1003/168 501/1004/168 502/1005/168
f 502/1006/168 503/1007/168 504/1008/168
o digit_0_10_b
usemtl sign_face_glow
v 2.335 2.28812 0.693
v 2.364 2.31712 0.693
v 2.364 2.42388 0.693
v 2.335 2.45288 0.693
v 2.306 2.42388 0.693
v 2.306 2.31712 0.693
v 2.335 2.28812 0.697
v 2.364 2.31712 0.697
v 2.364 2.42388 0.697
v 2.335 2.45288 0.697
v 2.306 2.42388 0.697
v 2.306 2.31712 0.697
v 2.335 2.28812 0.693
v 2.364 2.31712 0.693
v 2.364 2.42388 0.693
v 2.335 2.45288 0.693
v 2.306 2.42388 0.693
v 2.306 2.31712 0.693
v 2.335 2.28812 0.697
v 2.364 2.31712 0.697
v 2.364 2.42388 0.697
v 2.335 2.45288 0.697
v 2.306 2.42388 0.697
v 2.306 2.31712 0.697
vt 0.769287 0.344502
vt 0.774093 0.344502
vt 0.774093 0.344971
vt 0.769287 0.344971
vt 0.156982 0.348408
vt 0.169493 0.348408
vt 0.169493 0.348877
vt 0.156982 0.348877
vt 0.483643 0.344502
vt 0.488449 0.344502
vt 0.488449 0.344971
vt 0.483643 0.344971
vt 0.821533 0.346455
vt 0.826339 0.346455
vt 0.826339 0.346924
vt 0.821533 0.346924
vt 0.171143 0.348408
vt 0.183654 0.348408
vt 0.183654 0.348877
vt 0.171143 0.348877
vt 0.827881 0.346455
vt 0.832687 0.346455
vt 0.832687 0.346924
vt 0.827881 0.346924
vt 0.899639 0.371338
vt 0.89624 0.367939
vt 0.899639 0.364541
vt 0.91215 0.371338
vt 0.899639 0.371338
vt 0.899639 0.364541
vt 0.915548 0.367939
vt 0.91215 0.371338
vt 0.899639 0.364541
vt 0.899639 0.364541
vt 0.91215 0.364541
vt 0.915548 0.367939
vt 0.920635 0.371338
vt 0.917236 0.367939
vt 0.920635 0.364541
vt 0.920635 0.371338
vt 0.920635 0.364541
vt 0.933146 0.364541
vt 0.920635 0.371338
vt 0.933146 0.364541
vt 0.936544 0.367939
vt 0.936544 0.367939
vt 0.933146 0.371338
vt 0.920635 0.371338
vn 0.707107 -0.707107 0
vn 1 0 0
vn 0.707107 0.707107 0
vn -0.707107 0.707107 0
vn -1 0 0
vn -0.707107 -0.707107 0
vn 0 0 -1
vn 0 0 1
f 505/1009/169 506/1010/169 512/1011/169 511/1012/169
f 506/1013/170 507/1014/170 513/1015/170 512/1016/170
f 507/1017/171 508/1018/171 514/1019/171 513/1020/171
f 508/1021/172 509/1022/172 515/1023/172 514/1024/172
f 509/1025/173 510/1026/173 516/1027/173 515/1028/173
f 510/1029/174 505/1030/174 511/1031/174 516/1032/174
f 518/1033/175 517/1034/175 522/1035/175
f 519/1036/175 518/1037/175 522/1038/175
f 520/1039/175 519/1040/175 522/1041/175
f 522/1042/175 521/1043/175 520/1044/175
f 528/1045/176 523/1046/176 524/1047/176
f 528/1048/176 524/1049/176 525/1050/176
f 528/1051/176 525/1052/176 526/1053/176
f 526/1054/176 527/1055/176 528/1056/176
o digit_0_11_f
usemtl sign_face_glow
v -0.37212 2.309 0.303
v -0.46988 2.309 0.303
v -0.49888 2.28 0.303
v -0.46988 2.251 0.303
v -0.37212 2.251 0.303
v -0.34312 2.28 0.303
v -0.37212 2.309 0.307
v -0.46988 2.309 0.307
v -0.49888 2.28 0.307
v -0.46988 2.251 0.307
v -0.37212 2.251 0.307
v -0.34312 2.28 0.307
v -0.37212 2.309 0.303
v -0.46988 2.309 0.303
v -0.49888 2.28 0.303
v -0.46988 2.251 0.303
v -0.37212 2.251 0.303
v -0.34312 2.28 0.303
v -0.37212 2.309 0.307
v -0.46988 2.309 0.307
v -0.49888 2.28 0.307
v -0.46988 2.251 0.307
v -0.37212 2.251 0.307
v -0.34312 2.28 0.307
vt 0.622803 0.348408
vt 0.634259 0.348408
vt 0.634259 0.348877
vt 0.622803 0.348877
vt 0.834229 0.346455
vt 0.839035 0.346455
vt 0.839035 0.346924
vt 0.834229 0.346924
vt 0.840576 0.346455
vt 0.845382 0.346455
vt 0.845382 0.346924
vt 0.840576 0.346924
vt 0.635986 0.348408
vt 0.647443 0.348408
vt 0.647443 0.348877
vt 0.635986 0.348877
vt 0.846924 0.346455
vt 0.85173 0.346455
vt 0.85173 0.346924
vt 0.846924 0.346924
vt 0.853271 0.346455
vt 0.858078 0.346455
vt 0.858078 0.346924
vt 0.853271 0.346924
vt 0.016075 0.371338
vt 0.004619 0.371338
vt 0.001221 0.367939
vt 0.019474 0.367939
vt 0.016075 0.371338
vt 0.001221 0.367939
vt 0.016075 0.364541
vt 0.019474 0.367939
vt 0.001221 0.367939
vt 0.001221 0.367939
vt 0.004619 0.364541
vt 0.016075 0.364541
vt 0.039493 0.367939
vt 0.036095 0.371338
vt 0.024639 0.371338
vt 0.039493 0.367939
vt 0.024639 0.371338
vt 0.02124 0.367939
vt 0.039493 0.367939
vt 0.02124 0.367939
vt 0.024639 0.364541
vt 0.024639 0.364541
vt 0.036095 0.364541
vt 0.039493 0.367939
vn 0 1 0
vn -0.707107 0.707107 0
vn -0.707107 -0.707107 0
vn 0 -1 0
vn 0.707107 -0.707107 0
vn 0.707107 0.707107 0
vn 0 0 -1
vn 0 0 1
f 529/1057/177 530/1058/177 536/1059/177 535/1060/177
f 530/1061/178 531/1062/178 537/1063/178 536/1064/178
f 531/1065/179 532/1066/179 538/1067/179 537/1068/179
f 532/1069/180 533/1070/180 539/1071/180 538/1072/180
f 533/1073/181 534/1074/181 540/1075/181 539/1076/181
f 534/1077/182 529/1078/182 535/1079/182 540/1080/182
f 542/1081/183 541/1082/183 546/1083/183
f 543/1084/183 542/1085/183 546/1086/183
f 544/1087/183 543/1088/183 546/1089/183
f 546/1090/183 545/1091/183 544/1092/183
f 552/1093/184 547/1094/184 548/1095/184
f 552/1096/184 548/1097/184 549/1098/184
f 552/1099/184 549/1100/184 550/1101/184
f 550/1102/184 551/1103/184 552/1104/184
o digit_0_11_b
usemtl sign_face_glow
v 2.34312 2.28 0.693
v 2.37212 2.251 0.693
v 2.46988 2.251 0.693
v 2.49888 2.28 0.693
v 2.46988 2.309 0.693
v 2.37212 2.309 0.693
v 2.34312 2.28 0.697
v 2.37212 2.251 0.697
v 2.46988 2.251 0.697
v 2.49888 2.28 0.697
v 2.46988 2.309 0.697
v 2.37212 2.309 0.697
v 2.34312 2.28 0.693
v 2.37212 2.251 0.693
v 2.46988 2.251 0.693
v 2.49888 2.28 0.693
v 2.46988 2.309 0.693
v 2.37212 2.309 0.693
v 2.34312 2.28 0.697
v 2.37212 2.251 0.697
v 2.46988 2.251 0.697
v 2.49888 2.28 0.697
v 2.46988 2.309 0.697
v 2.37212 2.309 0.697
vt 0.624756 0.346455
vt 0.629562 0.346455
vt 0.629562 0.346924
vt 0.624756 0.346924
vt 0.781006 0.348408
vt 0.792462 0.348408
vt 0.792462 0.348877
vt 0.781006 0.348877
vt 0.561279 0.346455
vt 0.566085 0.346455
vt 0.566085 0.346924
vt 0.561279 0.346924
vt 0.48999 0.344502
vt 0.494796 0.344502
vt 0.494796 0.344971
vt 0.48999 0.344971
vt 0.794189 0.348408
vt 0.805646 0.348408
vt 0.805646 0.348877
vt 0.794189 0.348877
vt 0.859619 0.346455
vt 0.864425 0.346455
vt 0.864425 0.346924
vt 0.859619 0.346924
vt 0.758751 0.411904
vt 0.76215 0.415303
vt 0.758751 0.418701
vt 0.747295 0.411904
vt 0.758751 0.411904
vt 0.758751 0.418701
vt 0.743896 0.415303
vt 0.747295 0.411904
vt 0.758751 0.418701
vt 0.758751 0.418701
vt 0.747295 0.418701
vt 0.743896 0.415303
vt 0.767314 0.418701
vt 0.763916 0.415303
vt 0.767314 0.411904
vt 0.767314 0.418701
vt 0.767314 0.411904
vt 0.778771 0.411904
vt 0.767314 0.418701
vt 0.778771 0.411904
vt 0.782169 0.415303
vt 0.782169 0.415303
vt 0.778771 0.418701
vt 0.767314 0.418701
vn -0.707107 -0.707107 0
vn 0 -1 0
vn 0.707107 -0.707107 0
vn 0.707107 0.707107 0
vn 0 1 0
vn -0.707107 0.707107 0
vn 0 0 -1
vn 0 0 1
f 553/1105/185 554/1106/185 560/1107/185 559/1108/185
f 554/1109/186 555/1110/186 561/1111/186 560/1112/186
f 555/1113/187 556/1114/187 562/1115/187 561/1116/187
f 556/1117/188 557/1118/188 563/1119/188 562/1120/188
f 557/1121/189 558/1122/189 564/1123/189 563/1124/189
f 558/1125/190 553/1126/190 559/1127/190 564/1128/190
f 566/1129/191 565/1130/191 570/1131/191
f 567/1132/191 566/1133/191 570/1134/191
f 568/1135/191 567/1136/191 570/1137/191
f 570/1138/191 569/1139/191 568/1140/191
f 576/1141/192 571/1142/192 572/1143/192
f 576/1144/192 572/1145/192 573/1146/192
f 576/1147/192 573/1148/192 574/1149/192
f 574/1150/192 575/1151/192 576/1152/192
o digit_0_12_f
usemtl sign_face_glow
v -0.09812 2.49 0.303
v -0.19588 2.49 0.303
v -0.22488 2.461 0.303
v -0.19588 2.432 0.303
v -0.09812 2.432 0.303
v -0.06912 2.461 0.303
v -0.09812 2.49 0.307
v -0.19588 2.49 0.307
v -0.22488 2.461 0.307
v -0.19588 2.432 0.307
v -0.09812 2.432 0.307
v -0.06912 2.461 0.307
v -0.09812 2.49 0.303
v -0.19588 2.49 0.303
v -0.22488 2.461 0.303
v -0.19588 2.432 0.303
v -0.09812 2.432 0.303
v -0.06912 2.461 0.303
v -0.09812 2.49 0.307
v -0.19588 2.49 0.307
v -0.22488 2.461 0.307
v -0.19588 2.432 0.307
v -0.09812 2.432 0.307
v -0.06912 2.461 0.307
vt 0.411865 0.348408
vt 0.423321 0.348408
vt 0.423321 0.348877
vt 0.411865 0.348877
vt 0.631104 0.346455
vt 0.63591 0.346455
vt 0.63591 0.346924
vt 0.631104 0.346924
vt 0.865967 0.346455
vt 0.870773 0.346455
vt 0.870773 0.346924
vt 0.865967 0.346924
vt 0.425049 0.348408
vt 0.436505 0.348408
vt 0.436505 0.348877
vt 0.425049 0.348877
vt 0.872314 0.346455
vt 0.877121 0.346455
vt 0.877121 0.346924
vt 0.872314 0.346924
vt 0.567627 0.346455
vt 0.572433 0.346455
vt 0.572433 0.346924
vt 0.567627 0.346924
vt 0.056114 0.371338
vt 0.044658 0.371338
vt 0.04126 0.367939
vt 0.059513 0.367939
vt 0.056114 0.371338
vt 0.04126 0.367939
vt 0.056114 0.364541
vt 0.059513 0.367939
vt 0.04126 0.367939
vt 0.04126 0.367939
vt 0.044658 0.364541
vt 0.056114 0.364541
vt 0.079532 0.367939
vt 0.076134 0.371338
vt 0.064678 0.371338
vt 0.079532 0.367939
vt 0.064678 0.371338
vt 0.061279 0.367939
vt 0.079532 0.367939
vt 0.061279 0.367939
vt 0.064678 0.364541
vt 0.064678 0.364541
vt 0.076134 0.364541
vt 0.079532 0.367939
vn 0 1 0
vn -0.707107 0.707107 0
vn -0.707107 -0.707107 0
vn 0 -1 0
vn 0.707107 -0.707107 0
vn 0.707107 0.707107 0
vn 0 0 -1
vn 0 0 1
f 577/1153/193 578/1154/193 584/1155/193 583/1156/193
f 578/1157/194 579/1158/194 585/1159/194 584/1160/194
f 579/1161/195 580/1162/195 586/1163/195 585/1164/195
f 580/1165/196 581/1166/196 587/1167/196 586/1168/196
f 581/1169/197 582/1170/197 588/1171/197 587/1172/197
f 582/1173/198 577/1174/198 583/1175/198 588/1176/198
f 590/1177/199 589/1178/199 594/1179/199
f 591/1180/199 590/1181/199 594/1182/199
f 592/1183/199 591/1184/199 594/1185/199
f 594/1186/199 593/1187/199 592/1188/199
f 600/1189/200 595/1190/200 596/1191/200
f 600/1192/200 596/1193/200 597/1194/200
f 600/1195/200 597/1196/200 598/1197/200
f 598/1198/200 599/1199/200 600/1200/200
o digit_0_12_b
usemtl sign_face_glow
v 2.06912 2.461 0.693
v 2.09812 2.432 0.693
v 2.19588 2.432 0.693
v 2.22488 2.461 0.693
v 2.19588 2.49 0.693
v 2.09812 2.49 0.693
v 2.06912 2.461 0.697
v 2.09812 2.432 0.697
v 2.19588 2.432 0.697
v 2.22488 2.461 0.697
v 2.19588 2.49 0.697
v 2.09812 2.49 0.697
v 2.06912 2.461 0.693
v 2.09812 2.432 0.693
v 2.19588 2.432 0.693
v 2.22488 2.461 0.693
v 2.19588 2.49 0.693
v 2.09812 2.49 0.693
v 2.06912 2.461 0.697
v 2.09812 2.432 0.697
v 2.19588 2.432 0.697
v 2.22488 2.461 0.697
v 2.19588 2.49 0.697
v 2.09812 2.49 0.697
vt 0.878662 0.346455
vt 0.883468 0.346455
vt 0.883468 0.346924
vt 0.878662 0.346924
vt 0.807373 0.348408
vt 0.818829 0.348408
vt 0.818829 0.348877
vt 0.807373 0.348877
vt 0.88501 0.346455
vt 0.889816 0.346455
vt 0.889816 0.346924
vt 0.88501 0.346924
vt 0.637451 0.346455
vt 0.642257 0.346455
vt 0.642257 0.346924
vt 0.637451 0.346924
vt 0.820557 0.348408
vt 0.832013 0.348408
vt 0.832013 0.348877
vt 0.820557 0.348877
vt 0.891357 0.346455
vt 0.896164 0.346455
vt 0.896164 0.346924
vt 0.891357 0.346924
vt 0.79879 0.411904
vt 0.802189 0.415303
vt 0.79879 0.418701
vt 0.787334 0.411904
vt 0.79879 0.411904
vt 0.79879 0.418701
vt 0.783936 0.415303
vt 0.787334 0.411904
vt 0.79879 0.418701
vt 0.79879 0.418701
vt 0.787334 0.418701
vt 0.783936 0.415303
vt 0.807354 0.418701
vt 0.803955 0.415303
vt 0.807354 0.411904
vt 0.807354 0.418701
vt 0.807354 0.411904
vt 0.81881 0.411904
vt 0.807354 0.418701
vt 0.81881 0.411904
vt 0.822208 0.415303
vt 0.822208 0.415303
vt 0.81881 0.418701
vt 0.807354 0.418701
vn -0.707107 -0.707107 0
vn 0 -1 0
vn 0.707107 -0.707107 0
vn 0.707107 0.707107 0
vn 0 1 0
vn -0.707107 0.707107 0
vn 0 0 -1
vn 0 0 1
f 601/1201/201 602/1202/201 608/1203/201 607/1204/201
f 602/1205/202 603/1206/202 609/1207/202 608/1208/202
f 603/1209/203 604/1210/203 610/1211/203 609/1212/203
f 604/1213/204 605/1214/204 611/1215/204 610/1216/204
f 605/1217/205 606/1218/205 612/1219/205 611/1220/205
f 606/1221/206 601/1222/206 607/1223/206 612/1224/206
f 614/1225/207 613/1226/207 618/1227/207
f 615/1228/207 614/1229/207 618/1230/207
f 616/1231/207 615/1232/207 618/1233/207
f 618/1234/207 617/1235/207 616/1236/207
f 624/1237/208 619/1238/208 620/1239/208
f 624/1240/208 620/1241/208 621/1242/208
f 624/1243/208 621/1244/208 622/1245/208
f 622/1246/208 623/1247/208 624/1248/208
o digit_0_13_f
usemtl sign_face_glow
v -0.204 2.31712 0.303
v -0.204 2.42388 0.303
v -0.233 2.45288 0.303
v -0.262 2.42388 0.303
v -0.262 2.31712 0.303
v -0.233 2.28812 0.303
v -0.204 2.31712 0.307
v -0.204 2.42388 0.307
v -0.233 2.45288 0.307
v -0.262 2.42388 0.307
v -0.262 2.31712 0.307
v -0.233 2.28812 0.307
v -0.204 2.31712 0.303
v -0.204 2.42388 0.303
v -0.233 2.45288 0.303
v -0.262 2.42388 0.303
v -0.262 2.31712 0.303
v -0.233 2.28812 0.303
v -0.204 2.31712 0.307
v -0.204 2.42388 0.307
v -0.233 2.45288 0.307
v -0.262 2.42388 0.307
v -0.262 2.31712 0.307
v -0.233 2.28812 0.307
vt 0.185303 0.348408
vt 0.197814 0.348408
vt 0.197814 0.348877
vt 0.185303 0.348877
vt 0.897705 0.346455
vt 0.902511 0.346455
vt 0.902511 0.346924
vt 0.897705 0.346924
vt 0.775635 0.344502
vt 0.780441 0.344502
vt 0.780441 0.344971
vt 0.775635 0.344971
vt 0.199463 0.348408
vt 0.211974 0.348408
vt 0.211974 0.348877
vt 0.199463 0.348877
vt 0.781982 0.344502
vt 0.786789 0.344502
vt 0.786789 0.344971
vt 0.781982 0.344971
vt 0.496338 0.344502
vt 0.501144 0.344502
vt 0.501144 0.344971
vt 0.496338 0.344971
vt 0.954142 0.371338
vt 0.941631 0.371338
vt 0.938232 0.367939
vt 0.95754 0.367939
vt 0.954142 0.371338
vt 0.938232 0.367939
vt 0.954142 0.364541
vt 0.95754 0.367939
vt 0.938232 0.367939
vt 0.938232 0.367939
vt 0.941631 0.364541
vt 0.954142 0.364541
vt 0.959229 0.367939
vt 0.962627 0.364541
vt 0.975138 0.364541
vt 0.959229 0.367939
vt 0.975138 0.364541
vt 0.978536 0.367939
vt 0.959229 0.367939
vt 0.978536 0.367939
vt 0.975138 0.371338
vt 0.975138 0.371338
vt 0.962627 0.371338
vt 0.959229 0.367939
vn 1 0 0
vn 0.707107 0.707107 0
vn -0.707107 0.707107 0
vn -1 0 0
vn -0.707107 -0.707107 0
vn 0.707107 -0.707107 0
vn 0 0 -1
vn 0 0 1
f 625/1249/209 626/1250/209 632/1251/209 631/1252/209
f 626/1253/210 627/1254/210 633/1255/210 632/1256/210
f 627/1257/211 628/1258/211 634/1259/211 633/1260/211
f 628/1261/212 629/1262/212 635/1263/212 634/1264/212
f 629/1265/213 630/1266/213 636/1267/213 635/1268/213
f 630/1269/214 625/1270/214 631/1271/214 636/1272/214
f 638/1273/215 637/1274/215 642/1275/215
f 639/1276/215 638/1277/215 642/1278/215
f 640/1279/215 639/1280/215 642/1281/215
f 642/1282/215 641/1283/215 640/1284/215
f 648/1285/216 643/1286/216 644/1287/216
f 648/1288/216 644/1289/216 645/1290/216
f 648/1291/216 645/1292/216 646/1293/216
f 646/1294/216 647/1295/216 648/1296/216
o digit_0_13_b
usemtl sign_face_glow
v 2.233 2.28812 0.693
v 2.262 2.31712 0.693
v 2.262 2.42388 0.693
v 2.233 2.45288 0.693
v 2.204 2.42388 0.693
v 2.204 2.31712 0.693
v 2.233 2.28812 0.697
v 2.262 2.31712 0.697
v 2.262 2.42388 0.697
v 2.233 2.45288 0.697
v 2.204 2.42388 0.697
v 2.204 2.31712 0.697
v 2.233 2.28812 0.693
v 2.262 2.31712 0.693
v 2.262 2.42388 0.693
v 2.233 2.45288 0.693
v 2.204 2.42388 0.693
v 2.204 2.31712 0.693
v 2.233 2.28812 0.697
v 2.262 2.31712 0.697
v 2.262 2.42388 0.697
v 2.233 2.45288 0.697
v 2.204 2.42388 0.697
v 2.204 2.31712 0.697
vt 0.904053 0.346455
vt 0.908859 0.346455
vt 0.908859 0.346924
vt 0.904053 0.346924
vt 0.213623 0.348408
vt 0.226134 0.348408
vt 0.226134 0.348877
vt 0.213623 0.348877
vt 0.502686 0.344502
vt 0.507492 0.344502
vt 0.507492 0.344971
vt 0.502686 0.344971
vt 0.9104 0.346455
vt 0.915207 0.346455
vt 0.915207 0.346924
vt 0.9104 0.346924
vt 0.227783 0.348408
vt 0.240294 0.348408
vt 0.240294 0.348877
vt 0.227783 0.348877
vt 0.916748 0.346455
vt 0.921554 0.346455
vt 0.921554 0.346924
vt 0.916748 0.346924
vt 0.004619 0.363037
vt 0.001221 0.359639
vt 0.004619 0.35624
vt 0.01713 0.363037
vt 0.004619 0.363037
vt 0.004619 0.35624
vt 0.020529 0.359639
vt 0.01713 0.363037
vt 0.004619 0.35624
vt 0.004619 0.35624
vt 0.01713 0.35624
vt 0.020529 0.359639
vt 0.025615 0.363037
vt 0.022217 0.359639
vt 0.025615 0.35624
vt 0.025615 0.363037
vt 0.025615 0.35624
vt 0.038126 0.35624
vt 0.025615 0.363037
vt 0.038126 0.35624
vt 0.041525 0.359639
vt 0.041525 0.359639
vt 0.038126 0.363037
vt 0.025615 0.363037
vn 0.707107 -0.707107 0
vn 1 0 0
vn 0.707107 0.707107 0
vn -0.707107 0.707107 0
vn -1 0 0
vn -0.707107 -0.707107 0
vn 0 0 -1
vn 0 0 1
f 649/1297/217 650/1298/217 656/1299/217 655/1300/217
f 650/1301/218 651/1302/218 657/1303/218 656/1304/218
f 651/1305/219 652/1306/219 658/1307/219 657/1308/219
f 652/1309/220 653/1310/220 659/1311/220 658/1312/220
f 653/1313/221 654/1314/221 660/1315/221 659/1316/221
f 654/1317/222 649/1318/222 655/1319/222 660/1320/222
f 662/1321/223 661/1322/223 666/1323/223
f 663/1324/223 662/1325/223 666/1326/223
f 664/1327/223 663/1328/223 666/1329/223
f 666/1330/223 665/1331/223 664/1332/223
f 672/1333/224 667/1334/224 668/1335/224
f 672/1336/224 668/1337/224 669/1338/224
f 672/1339/224 669/1340/224 670/1341/224
f 670/1342/224 671/1343/224 672/1344/224
o digit_0_14_f
usemtl sign_face_glow
v -0.09812 2.309 0.303
v -0.19588 2.309 0.303
v -0.22488 2.28 0.303
v -0.19588 2.251 0.303
v -0.09812 2.251 0.303
v -0.06912 2.28 0.303
v -0.09812 2.309 0.307
v -0.19588 2.309 0.307
v -0.22488 2.28 0.307
v -0.19588 2.251 0.307
v -0.09812 2.251 0.307
v -0.06912 2.28 0.307
v -0.09812 2.309 0.303
v -0.19588 2.309 0.303
v -0.22488 2.28 0.303
v -0.19588 2.251 0.303
v -0.09812 2.251 0.303
v -0.06912 2.28 0.303
v -0.09812 2.309 0.307
v -0.19588 2.309 0.307
v -0.22488 2.28 0.307
v -0.19588 2.251 0.307
v -0.09812 2.251 0.307
v -0.06912 2.28 0.307
vt 0.438232 0.348408
vt 0.449689 0.348408
vt 0.449689 0.348877
vt 0.438232 0.348877
vt 0.78833 0.344502
vt 0.793136 0.344502
vt 0.793136 0.344971
vt 0.78833 0.344971
vt 0.923096 0.346455
vt 0.927902 0.346455
vt 0.927902 0.346924
vt 0.923096 0.346924
vt 0.451416 0.348408
vt 0.462872 0.348408
vt 0.462872 0.348877
vt 0.451416 0.348877
vt 0.929443 0.346455
vt 0.934249 0.346455
vt 0.934249 0.346924
vt 0.929443 0.346924
vt 0.935791 0.346455
vt 0.940597 0.346455
vt 0.940597 0.346924
vt 0.935791 0.346924
vt 0.096154 0.371338
vt 0.084697 0.371338
vt 0.081299 0.367939
vt 0.099552 0.367939
vt 0.096154 0.371338
vt 0.081299 0.367939
vt 0.096154 0.364541
vt 0.099552 0.367939
vt 0.081299 0.367939
vt 0.081299 0.367939
vt 0.084697 0.364541
vt 0.096154 0.364541
vt 0.119571 0.367939
vt 0.116173 0.371338
vt 0.104717 0.371338
vt 0.119571 0.367939
vt 0.104717 0.371338
vt 0.101318 0.367939
vt 0.119571 0.367939
vt 0.101318 0.367939
vt 0.104717 0.364541
vt 0.104717 0.364541
vt 0.116173 0.364541
vt 0.119571 0.367939
vn 0 1 0
vn -0.707107 0.707107 0
vn -0.707107 -0.707107 0
vn 0 -1 0
vn 0.707107 -0.707107 0
vn 0.707107 0.707107 0
vn 0 0 -1
vn 0 0 1
f 673/1345/225 674/1346/225 680/1347/225 679/1348/225
f 674/1349/226 675/1350/226 681/1351/226 680/1352/226
f 675/1353/227 676/1354/227 682/1355/227 681/1356/227
f 676/1357/228 677/1358/228 683/1359/228 682/1360/228
f 677/1361/229 678/1362/229 684/1363/229 683/1364/229
f 678/1365/230 673/1366/230 679/1367/230 684/1368/230
f 686/1369/231 685/1370/231 690/1371/231
f 687/1372/231 686/1373/231 690/1374/231
f 688/1375/231 687/1376/231 690/1377/231
f 690/1378/231 689/1379/231 688/1380/231
f 696/1381/232 691/1382/232 692/1383/232
f 696/1384/232 692/1385/232 693/1386/232
f 696/1387/232 693/1388/232 694/1389/232
f 694/1390/232 695/1391/232 696/1392/232
o digit_0_14_b
usemtl sign_face_glow
v 2.06912 2.28 0.693
v 2.09812 2.251 0.693
v 2.19588 2.251 0.693
v 2.22488 2.28 0.693
v 2.19588 2.309 0.693
v 2.09812 2.309 0.693
v 2.06912 2.28 0.697
v 2.09812 2.251 0.697
v 2.19588 2.251 0.697
v 2.22488 2.28 0.697
v 2.19588 2.309 0.697
v 2.09812 2.309 0.697
v 2.06912 2.28 0.693
v 2.09812 2.251 0.693
v 2.19588 2.251 0.693
v 2.22488 2.28 0.693
v 2.19588 2.309 0.693
v 2.09812 2.309 0.693
v 2.06912 2.28 0.697
v 2.09812 2.251 0.697
v 2.19588 2.251 0.697
v 2.22488 2.28 0.697
v 2.19588 2.309 0.697
v 2.09812 2.309 0.697
vt 0.643799 0.346455
vt 0.648605 0.346455
vt 0.648605 0.346924
vt 0.643799 0.346924
vt 0.83374 0.348408
vt 0.845196 0.348408
vt 0.845196 0.348877
vt 0.83374 0.348877
vt 0.573975 0.346455
vt 0.578781 0.346455
vt 0.578781 0.346924
vt 0.573975 0.346924
vt 0.509033 0.344502
vt 0.513839 0.344502
vt 0.513839 0.344971
vt 0.509033 0.344971
vt 0.846924 0.348408
vt 0.85838 0.348408
vt 0.85838 0.348877
vt 0.846924 0.348877
vt 0.942139 0.346455
vt 0.946945 0.346455
vt 0.946945 0.346924
vt 0.942139 0.346924
vt 0.838829 0.411904
vt 0.842228 0.415303
vt 0.838829 0.418701
vt 0.827373 0.411904
vt 0.838829 0.411904
vt 0.838829 0.418701
vt 0.823975 0.415303
vt 0.827373 0.411904
vt 0.838829 0.418701
vt 0.838829 0.418701
vt 0.827373 0.418701
vt 0.823975 0.415303
vt 0.847393 0.418701
vt 0.843994 0.415303
vt 0.847393 0.411904
vt 0.847393 0.418701
vt 0.847393 0.411904
vt 0.858849 0.411904
vt 0.847393 0.418701
vt 0.858849 0.411904
vt 0.862247 0.415303
vt 0.862247 0.415303
vt 0.858849 0.418701
vt 0.847393 0.418701
vn -0.707107 -0.707107 0
vn 0 -1 0
vn 0.707107 -0.707107 0
vn 0.707107 0.707107 0
vn 0 1 0
vn -0.707107 0.707107 0
vn 0 0 -1
vn 0 0 1
f 697/1393/233 698/1394/233 704/1395/233 703/1396/233
f 698/1397/234 699/1398/234 705/1399/234 704/1400/234
f 699/1401/235 700/1402/235 706/1403/235 705/1404/235
f 700/1405/236 701/1406/236 707/1407/236 706/1408/236
f 701/1409/237 702/1410/237 708/1411/237 707/1412/237
f 702/1413/238 697/1414/238 703/1415/238 708/1416/238
f 710/1417/239 709/1418/239 714/1419/239
f 711/1420/239 710/1421/239 714/1422/239
f 712/1423/239 711/1424/239 714/1425/239
f 714/1426/239 713/1427/239 712/1428/239
f 720/1429/240 715/1430/240 716/1431/240
f 720/1432/240 716/1433/240 717/1434/240
f 720/1435/240 717/1436/240 718/1437/240
f 718/1438/240 719/1439/240 720/1440/240
o digit_0_15_f
usemtl sign_face_glow
v -0.032 2.13612 0.303
v -0.032 2.24288 0.303
v -0.061 2.27188 0.303
v -0.09 2.24288 0.303
v -0.09 2.13612 0.303
v -0.061 2.10712 0.303
v -0.032 2.13612 0.307
v -0.032 2.24288 0.307
v -0.061 2.27188 0.307
v -0.09 2.24288 0.307
v -0.09 2.13612 0.307
v -0.061 2.10712 0.307
v -0.032 2.13612 0.303
v -0.032 2.24288 0.303
v -0.061 2.27188 0.303
v -0.09 2.24288 0.303
v -0.09 2.13612 0.303
v -0.061 2.10712 0.303
v -0.032 2.13612 0.307
v -0.032 2.24288 0.307
v -0.061 2.27188 0.307
v -0.09 2.24288 0.307
v -0.09 2.13612 0.307
v -0.061 2.10712 0.307
vt 0.241943 0.348408
vt 0.254454 0.348408
vt 0.254454 0.348877
vt 0.241943 0.348877
vt 0.948486 0.346455
vt 0.953292 0.346455
vt 0.953292 0.346924
vt 0.948486 0.346924
vt 0.954834 0.346455
vt 0.95964 0.346455
vt 0.95964 0.346924
vt 0.954834 0.346924
vt 0.256104 0.348408
vt 0.268614 0.348408
vt 0.268614 0.348877
vt 0.256104 0.348877
vt 0.515381 0.344502
vt 0.520187 0.344502
vt 0.520187 0.344971
vt 0.515381 0.344971
vt 0.521729 0.344502
vt 0.526535 0.344502
vt 0.526535 0.344971
vt 0.521729 0.344971
vt 0.610392 0.363037
vt 0.597881 0.363037
vt 0.594482 0.359639
vt 0.61379 0.359639
vt 0.610392 0.363037
vt 0.594482 0.359639
vt 0.610392 0.35624
vt 0.61379 0.359639
vt 0.594482 0.359639
vt 0.594482 0.359639
vt 0.597881 0.35624
vt 0.610392 0.35624
vt 0.615479 0.359639
vt 0.618877 0.35624
vt 0.631388 0.35624
vt 0.615479 0.359639
vt 0.631388 0.35624
vt 0.634786 0.359639
vt 0.615479 0.359639
vt 0.634786 0.359639
vt 0.631388 0.363037
vt 0.631388 0.363037
vt 0.618877 0.363037
vt 0.615479 0.359639
vn 1 0 0
vn 0.707107 0.707107 0
vn -0.707107 0.707107 0
vn -1 0 0
vn -0.707107 -0.707107 0
vn 0.707107 -0.707107 0
vn 0 0 -1
vn 0 0 1
f 721/1441/241 722/1442/241 728/1443/241 727/1444/241
f 722/1445/242 723/1446/242 729/1447/242 728/1448/242
f 723/1449/243 724/1450/243 730/1451/243 729/1452/243
f 724/1453/244 725/1454/244 731/1455/244 730/1456/244
f 725/1457/245 726/1458/245 732/1459/245 731/1460/245
f 726/1461/246 721/1462/246 727/1463/246 732/1464/246
f 734/1465/247 733/1466/247 738/1467/247
f 735/1468/247 734/1469/247 738/1470/247
f 736/1471/247 735/1472/247 738/1473/247
f 738/1474/247 737/1475/247 736/1476/247
f 744/1477/248 739/1478/248 740/1479/248
f 744/1480/248 740/1481/248 741/1482/248
f 744/1483/248 741/1484/248 742/1485/248
f 742/1486/248 743/1487/248 744/1488/248
o digit_0_15_b
usemtl sign_face_glow
v 2.061 2.10712 0.693
v 2.09 2.13612 0.693
v 2.09 2.24288 0.693
v 2.061 2.27188 0.693
v 2.032 2.24288 0.693
v 2.032 2.13612 0.693
v 2.061 2.10712 0.697
v 2.09 2.13612 0.697
v 2.09 2.24288 0.697
v 2.061 2.27188 0.697
v 2.032 2.24288 0.697
v 2.032 2.13612 0.697
v 2.061 2.10712 0.693
v 2.09 2.13612 0.693
v 2.09 2.24288 0.693
v 2.061 2.27188 0.693
v 2.032 2.24288 0.693
v 2.032 2.13612 0.693
v 2.061 2.10712 0.697
v 2.09 2.13612 0.697
v 2.09 2.24288 0.697
v 2.061 2.27188 0.697
v 2.032 2.24288 0.697
v 2.032 2.13612 0.697
vt 0.794678 0.344502
vt 0.799484 0.344502
vt 0.799484 0.344971
vt 0.794678 0.344971
vt 0.270264 0.348408
vt 0.282775 0.348408
vt 0.282775 0.348877
vt 0.270264 0.348877
vt 0.650146 0.346455
vt 0.654953 0.346455
vt 0.654953 0.346924
vt 0.650146 0.346924
vt 0.961182 0.346455
vt 0.965988 0.346455
vt 0.965988 0.346924
vt 0.961182 0.346924
vt 0.284424 0.348408
vt 0.296935 0.348408
vt 0.296935 0.348877
vt 0.284424 0.348877
vt 0.528076 0.344502
vt 0.532882 0.344502
vt 0.532882 0.344971
vt 0.528076 0.344971
vt 0.311748 0.371338
vt 0.30835 0.367939
vt 0.311748 0.364541
vt 0.324259 0.371338
vt 0.311748 0.371338
vt 0.311748 0.364541
vt 0.327657 0.367939
vt 0.324259 0.371338
vt 0.311748 0.364541
vt 0.311748 0.364541
vt 0.324259 0.364541
vt 0.327657 0.367939
vt 0.332744 0.371338
vt 0.329346 0.367939
vt 0.332744 0.364541
vt 0.332744 0.371338
vt 0.332744 0.364541
vt 0.345255 0.364541
vt 0.332744 0.371338
vt 0.345255 0.364541
vt 0.348654 0.367939
vt 0.348654 0.367939
vt 0.345255 0.371338
vt 0.332744 0.371338
vn 0.707107 -0.707107 0
vn 1 0 0
vn 0.707107 0.707107 0
vn -0.707107 0.707107 0
vn -1 0 0
vn -0.707107 -0.707107 0
vn 0 0 -1
vn 0 0 1
f 745/1489/249 746/1490/249 752/1491/249 751/1492/249
f 746/1493/250 747/1494/250 753/1495/250 752/1496/250
f 747/1497/251 748/1498/251 754/1499/251 753/1500/251
f 748/1501/252 749/1502/252 755/1503/252 754/1504/252
f 749/1505/253 750/1506/253 756/1507/253 755/1508/253
f 750/1509/254 745/1510/254 751/1511/254 756/1512/254
f 758/1513/255 757/1514/255 762/1515/255
f 759/1516/255 758/1517/255 762/1518/255
f 760/1519/255 759/1520/255 762/1521/255
f 762/1522/255 761/1523/255 760/1524/255
f 768/1525/256 763/1526/256 764/1527/256
f 768/1528/256 764/1529/256 765/1530/256
f 768/1531/256 765/1532/256 766/1533/256
f 766/1534/256 767/1535/256 768/1536/256
o digit_0_16_f
usemtl sign_face_glow
v -0.09812 2.128 0.303
v -0.19588 2.128 0.303
v -0.22488 2.099 0.303
v -0.19588 2.07 0.303
v -0.09812 2.07 0.303
v -0.06912 2.099 0.303
v -0.09812 2.128 0.307
v -0.19588 2.128 0.307
v -0.22488 2.099 0.307
v -0.19588 2.07 0.307
v -0.09812 2.07 0.307
v -0.06912 2.099 0.307
v -0.09812 2.128 0.303
v -0.19588 2.128 0.303
v -0.22488 2.099 0.303
v -0.19588 2.07 0.303
v -0.09812 2.07 0.303
v -0.06912 2.099 0.303
v -0.09812 2.128 0.307
v -0.19588 2.128 0.307
v -0.22488 2.099 0.307
v -0.19588 2.07 0.307
v -0.09812 2.07 0.307
v -0.06912 2.099 0.307
vt 0.4646 0.348408
vt 0.476056 0.348408
vt 0.476056 0.348877
vt 0.4646 0.348877
vt 0.534424 0.344502
vt 0.53923 0.344502
vt 0.53923 0.344971
vt 0.534424 0.344971
vt 0.656494 0.346455
vt 0.6613 0.346455
vt 0.6613 0.346924
vt 0.656494 0.346924
vt 0.477783 0.348408
vt 0.489239 0.348408
vt 0.489239 0.348877
vt 0.477783 0.348877
vt 0.967529 0.346455
vt 0.972335 0.346455
vt 0.972335 0.346924
vt 0.967529 0.346924
vt 0.801025 0.344502
vt 0.805832 0.344502
vt 0.805832 0.344971
vt 0.801025 0.344971
vt 0.136193 0.371338
vt 0.124736 0.371338
vt 0.121338 0.367939
vt 0.139591 0.367939
vt 0.136193 0.371338
vt 0.121338 0.367939
vt 0.136193 0.364541
vt 0.139591 0.367939
vt 0.121338 0.367939
vt 0.121338 0.367939
vt 0.124736 0.364541
vt 0.136193 0.364541
vt 0.159611 0.367939
vt 0.156212 0.371338
vt 0.144756 0.371338
vt 0.159611 0.367939
vt 0.144756 0.371338
vt 0.141357 0.367939
vt 0.159611 0.367939
vt 0.141357 0.367939
vt 0.144756 0.364541
vt 0.144756 0.364541
vt 0.156212 0.364541
vt 0.159611 0.367939
vn 0 1 0
vn -0.707107 0.707107 0
vn -0.707107 -0.707107 0
vn 0 -1 0
vn 0.707107 -0.707107 0
vn 0.707107 0.707107 0
vn 0 0 -1
vn 0 0 1
f 769/1537/257 770/1538/257 776/1539/257 775/1540/257
f 770/1541/258 771/1542/258 777/1543/258 776/1544/258
f 771/1545/259 772/1546/259 778/1547/259 777/1548/259
f 772/1549/260 773/1550/260 779/1551/260 778/1552/260
f 773/1553/261 774/1554/261 780/1555/261 779/1556/261
f 774/1557/262 769/1558/262 775/1559/262 780/1560/262
f 782/1561/263 781/1562/263 786/1563/263
f 783/1564/263 782/1565/263 786/1566/263
f 784/1567/263 783/1568/263 786/1569/263
f 786/1570/263 785/1571/263 784/1572/263
f 792/1573/264 787/1574/264 788/1575/264
f 792/1576/264 788/1577/264 789/1578/264
f 792/1579/264 789/1580/264 790/1581/264
f 790/1582/264 791/1583/264 792/1584/264
o digit_0_16_b
usemtl sign_face_glow
v 2.06912 2.099 0.693
v 2.09812 2.07 0.693
v 2.19588 2.07 0.693
v 2.22488 2.099 0.693
v 2.19588 2.128 0.693
v 2.09812 2.128 0.693
v 2.06912 2.099 0.697
v 2.09812 2.07 0.697
v 2.19588 2.07 0.697
v 2.22488 2.099 0.697
v 2.19588 2.128 0.697
v 2.09812 2.128 0.697
v 2.06912 2.099 0.693
v 2.09812 2.07 0.693
v 2.19588 2.07 0.693
v 2.22488 2.099 0.693
v 2.19588 2.128 0.693
v 2.09812 2.128 0.693
v 2.06912 2.099 0.697
v 2.09812 2.07 0.697
v 2.19588 2.07 0.697
v 2.22488 2.099 0.697
v 2.19588 2.128 0.697
v 2.09812 2.128 0.697
vt 0.580322 0.346455
vt 0.585128 0.346455
vt 0.585128 0.346924
vt 0.580322 0.346924
vt 0.860107 0.348408
vt 0.871564 0.348408
vt 0.871564 0.348877
vt 0.860107 0.348877
vt 0.542236 0.346455
vt 0.547042 0.346455
vt 0.547042 0.346924
vt 0.542236 0.346924
vt 0.540771 0.344502
vt 0.545578 0.344502
vt 0.545578 0.344971
vt 0.540771 0.344971
vt 0.873291 0.348408
vt 0.884747 0.348408
vt 0.884747 0.348877
vt 0.873291 0.348877
vt 0.973877 0.346455
vt 0.978683 0.346455
vt 0.978683 0.346924
vt 0.973877 0.346924
vt 0.878868 0.411904
vt 0.882267 0.415303
vt 0.878868 0.418701
vt 0.867412 0.411904
vt 0.878868 0.411904
vt 0.878868 0.418701
vt 0.864014 0.415303
vt 0.867412 0.411904
vt 0.878868 0.418701
vt 0.878868 0.418701
vt 0.867412 0.418701
vt 0.864014 0.415303
vt 0.887432 0.418701
vt 0.884033 0.415303
vt 0.887432 0.411904
vt 0.887432 0.418701
vt 0.887432 0.411904
vt 0.898888 0.411904
vt 0.887432 0.418701
vt 0.898888 0.411904
vt 0.902286 0.415303
vt 0.902286 0.415303
vt 0.898888 0.418701
vt 0.887432 0.418701
vn -0.707107 -0.707107 0
vn 0 -1 0
vn 0.707107 -0.707107 0
vn 0.707107 0.707107 0
vn 0 1 0
vn -0.707107 0.707107 0
vn 0 0 -1
vn 0 0 1
f 793/1585/265 794/1586/265 800/1587/265 799/1588/265
f 794/1589/266 795/1590/266 801/1591/266 800/1592/266
f 795/1593/267 796/1594/267 802/1595/267 801/1596/267
f 796/1597/268 797/1598/268 803/1599/268 802/1600/268
f 797/1601/269 798/1602/269 804/1603/269 803/1604/269
f 798/1605/270 793/1606/270 799/1607/270 804/1608/270
f 806/1609/271 805/1610/271 810/1611/271
f 807/1612/271 806/1613/271 810/1614/271
f 808/1615/271 807/1616/271 810/1617/271
f 810/1618/271 809/1619/271 808/1620/271
f 816/1621/272 811/1622/272 812/1623/272
f 816/1624/272 812/1625/272 813/1626/272
f 816/1627/272 813/1628/272 814/1629/272
f 814/1630/272 815/1631/272 816/1632/272
o digit_0_17_f
usemtl sign_face_glow
v 0.067 2.122 0.303
v 0.015 2.122 0.303
v 0.015 2.07 0.303
v 0.067 2.07 0.303
v 0.067 2.122 0.307
v 0.015 2.122 0.307
v 0.015 2.07 0.307
v 0.067 2.07 0.307
v 0.067 2.122 0.303
v 0.015 2.122 0.303
v 0.015 2.07 0.303
v 0.067 2.07 0.303
v 0.067 2.122 0.307
v 0.015 2.122 0.307
v 0.015 2.07 0.307
v 0.067 2.07 0.307
vt 0.147705 0.346455
vt 0.153799 0.346455
vt 0.153799 0.346924
vt 0.147705 0.346924
vt 0.053955 0.346455
vt 0.060049 0.346455
vt 0.060049 0.346924
vt 0.053955 0.346924
vt 0.155518 0.346455
vt 0.161611 0.346455
vt 0.161611 0.346924
vt 0.155518 0.346924
vt 0.061768 0.346455
vt 0.067861 0.346455
vt 0.067861 0.346924
vt 0.061768 0.346924
vt 0.959951 0.356943
vt 0.959951 0.363037
vt 0.953857 0.363037
vt 0.953857 0.363037
vt 0.953857 0.356943
vt 0.959951 0.356943
vt 0.96167 0.356943
vt 0.967764 0.356943
vt 0.967764 0.363037
vt 0.967764 0.363037
vt 0.96167 0.363037
vt 0.96167 0.356943
vn 0 1 0
vn -1 0 0
vn 0 -1 0
vn 1 0 0
vn 0 0 -1
vn 0 0 1
f 817/1633/273 818/1634/273 822/1635/273 821/1636/273
f 818/1637/274 819/1638/274 823/1639/274 822/1640/274
f 819/1641/275 820/1642/275 824/1643/275 823/1644/275
f 820/1645/276 817/1646/276 821/1647/276 824/1648/276
f 826/1649/277 825/1650/277 828/1651/277
f 828/1652/277 827/1653/277 826/1654/277
f 832/1655/278 829/1656/278 830/1657/278
f 830/1658/278 831/1659/278 832/1660/278
o digit_0_17_b
usemtl sign_face_glow
v 1.933 2.07 0.693
v 1.985 2.07 0.693
v 1.985 2.122 0.693
v 1.933 2.122 0.693
v 1.933 2.07 0.697
v 1.985 2.07 0.697
v 1.985 2.122 0.697
v 1.933 2.122 0.697
v 1.933 2.07 0.693
v 1.985 2.07 0.693
v 1.985 2.122 0.693
v 1.933 2.122 0.693
v 1.933 2.07 0.697
v 1.985 2.07 0.697
v 1.985 2.122 0.697
v 1.933 2.122 0.697
vt 0.06958 0.346455
vt 0.075674 0.346455
vt 0.075674 0.346924
vt 0.06958 0.346924
vt 0.077393 0.346455
vt 0.083486 0.346455
vt 0.083486 0.346924
vt 0.077393 0.346924
vt 0.085205 0.346455
vt 0.091299 0.346455
vt 0.091299 0.346924
vt 0.085205 0.346924
vt 0.093018 0.346455
vt 0.099111 0.346455
vt 0.099111 0.346924
vt 0.093018 0.346924
vt 0.922607 0.363037
vt 0.922607 0.356943
vt 0.928701 0.356943
vt 0.928701 0.356943
vt 0.928701 0.363037
vt 0.922607 0.363037
vt 0.936514 0.363037
vt 0.93042 0.363037
vt 0.93042 0.356943
vt 0.93042 0.356943
vt 0.936514 0.356943
vt 0.936514 0.363037
vn 0 -1 0
vn 1 0 0
vn 0 1 0
vn -1 0 0
vn 0 0 -1
vn 0 0 1
f 833/1661/279 834/1662/279 838/1663/279 837/1664/279
f 834/1665/280 835/1666/280 839/1667/280 838/1668/280
f 835/1669/281 836/1670/281 840/1671/281 839/1672/281
f 836/1673/282 833/1674/282 837/1675/282 840/1676/282
f 842/1677/283 841/1678/283 844/1679/283
f 844/1680/283 843/1681/283 842/1682/283
f 848/1683/284 845/1684/284 846/1685/284
f 846/1686/284 847/1687/284 848/1688/284
o digit_0_18_f
usemtl sign_face_glow
v 0.1576 2.31712 0.303
v 0.1576 2.42388 0.303
v 0.1286 2.45288 0.303
v 0.0996 2.42388 0.303
v 0.0996 2.31712 0.303
v 0.1286 2.28812 0.303
v 0.1576 2.31712 0.307
v 0.1576 2.42388 0.307
v 0.1286 2.45288 0.307
v 0.0996 2.42388 0.307
v 0.0996 2.31712 0.307
v 0.1286 2.28812 0.307
v 0.1576 2.31712 0.303
v 0.1576 2.42388 0.303
v 0.1286 2.45288 0.303
v 0.0996 2.42388 0.303
v 0.0996 2.31712 0.303
v 0.1286 2.28812 0.303
v 0.1576 2.31712 0.307
v 0.1576 2.42388 0.307
v 0.1286 2.45288 0.307
v 0.0996 2.42388 0.307
v 0.0996 2.31712 0.307
v 0.1286 2.28812 0.307
vt 0.298584 0.348408
vt 0.311095 0.348408
vt 0.311095 0.348877
vt 0.298584 0.348877
vt 0.807373 0.344502
vt 0.812179 0.344502
vt 0.812179 0.344971
vt 0.807373 0.344971
vt 0.547119 0.344502
vt 0.551925 0.344502
vt 0.551925 0.344971
vt 0.547119 0.344971
vt 0.312744 0.348408
vt 0.325255 0.348408
vt 0.325255 0.348877
vt 0.312744 0.348877
vt 0.980225 0.346455
vt 0.985031 0.346455
vt 0.985031 0.346924
vt 0.980225 0.346924
vt 0.986572 0.346455
vt 0.991378 0.346455
vt 0.991378 0.346924
vt 0.986572 0.346924
vt 0.547404 0.363037
vt 0.534893 0.363037
vt 0.531494 0.359639
vt 0.550802 0.359639
vt 0.547404 0.363037
vt 0.531494 0.359639
vt 0.547404 0.35624
vt 0.550802 0.359639
vt 0.531494 0.359639
vt 0.531494 0.359639
vt 0.534893 0.35624
vt 0.547404 0.35624
vt 0.55249 0.359639
vt 0.555889 0.35624
vt 0.5684 0.35624
vt 0.55249 0.359639
vt 0.5684 0.35624
vt 0.571798 0.359639
vt 0.55249 0.359639
vt 0.571798 0.359639
vt 0.5684 0.363037
vt 0.5684 0.363037
vt 0.555889 0.363037
vt 0.55249 0.359639
vn 1 0 0
vn 0.707107 0.707107 0
vn -0.707107 0.707107 0
vn -1 0 0
vn -0.707107 -0.707107 0
vn 0.707107 -0.707107 0
vn 0 0 -1
vn 0 0 1
f 849/1689/285 850/1690/285 856/1691/285 855/1692/285
f 850/1693/286 851/1694/286 857/1695/286 856/1696/286
f 851/1697/287 852/1698/287 858/1699/287 857/1700/287
f 852/1701/288 853/1702/288 859/1703/288 858/1704/288
f 853/1705/289 854/1706/289 860/1707/289 859/1708/289
f 854/1709/290 849/1710/290 855/1711/290 860/1712/290
f 862/1713/291 861/1714/291 866/1715/291
f 863/1716/291 862/1717/291 866/1718/291
f 864/1719/291 863/1720/291 866/1721/291
f 866/1722/291 865/1723/291 864/1724/291
f 872/1725/292 867/1726/292 868/1727/292
f 872/1728/292 868/1729/292 869/1730/292
f 872/1731/292 869/1732/292 870/1733/292
f 870/1734/292 871/1735/292 872/1736/292
o digit_0_18_b
usemtl sign_face_glow
v 1.8714 2.28812 0.693
v 1.9004 2.31712 0.693
v 1.9004 2.42388 0.693
v 1.8714 2.45288 0.693
v 1.8424 2.42388 0.693
v 1.8424 2.31712 0.693
v 1.8714 2.28812 0.697
v 1.9004 2.31712 0.697
v 1.9004 2.42388 0.697
v 1.8714 2.45288 0.697
v 1.8424 2.42388 0.697
v 1.8424 2.31712 0.697
v 1.8714 2.28812 0.693
v 1.9004 2.31712 0.693
v 1.9004 2.42388 0.693
v 1.8714 2.45288 0.693
v 1.8424 2.42388 0.693
v 1.8424 2.31712 0.693
v 1.8714 2.28812 0.697
v 1.9004 2.31712 0.697
v 1.9004 2.42388 0.697
v 1.8714 2.45288 0.697
v 1.8424 2.42388 0.697
v 1.8424 2.31712 0.697
vt 0.813721 0.344502
vt 0.818527 0.344502
vt 0.818527 0.344971
vt 0.813721 0.344971
vt 0.326904 0.348408
vt 0.339415 0.348408
vt 0.339415 0.348877
vt 0.326904 0.348877
vt 0.388428 0.344502
vt 0.393234 0.344502
vt 0.393234 0.344971
vt 0.388428 0.344971
vt 0.820068 0.344502
vt 0.824874 0.344502
vt 0.824874 0.344971
vt 0.820068 0.344971
vt 0.341064 0.348408
vt 0.353575 0.348408
vt 0.353575 0.348877
vt 0.341064 0.348877
vt 0.394775 0.344502
vt 0.399582 0.344502
vt 0.399582 0.344971
vt 0.394775 0.344971
vt 0.046611 0.363037
vt 0.043213 0.359639
vt 0.046611 0.35624
vt 0.059122 0.363037
vt 0.046611 0.363037
vt 0.046611 0.35624
vt 0.062521 0.359639
vt 0.059122 0.363037
vt 0.046611 0.35624
vt 0.046611 0.35624
vt 0.059122 0.35624
vt 0.062521 0.359639
vt 0.067607 0.363037
vt 0.064209 0.359639
vt 0.067607 0.35624
vt 0.067607 0.363037
vt 0.067607 0.35624
vt 0.080118 0.35624
vt 0.067607 0.363037
vt 0.080118 0.35624
vt 0.083517 0.359639
vt 0.083517 0.359639
vt 0.080118 0.363037
vt 0.067607 0.363037
vn 0.707107 -0.707107 0
vn 1 0 0
vn 0.707107 0.707107 0
vn -0.707107 0.707107 0
vn -1 0 0
vn -0.707107 -0.707107 0
vn 0 0 -1
vn 0 0 1
f 873/1737/293 874/1738/293 880/1739/293 879/1740/293
f 874/1741/294 875/1742/294 881/1743/294 880/1744/294
f 875/1745/295 876/1746/295 882/1747/295 881/1748/295
f 876/1749/296 877/1750/296 883/1751/296 882/1752/296
f 877/1753/297 878/1754/297 884/1755/297 883/1756/297
f 878/1757/298 873/1758/298 879/1759/298 884/1760/298
f 886/1761/299 885/1762/299 890/1763/299
f 887/1764/299 886/1765/299 890/1766/299
f 888/1767/299 887/1768/299 890/1769/299
f 890/1770/299 889/1771/299 888/1772/299
f 896/1773/300 891/1774/300 892/1775/300
f 896/1776/300 892/1777/300 893/1778/300
f 896/1779/300 893/1780/300 894/1781/300
f 894/1782/300 895/1783/300 896/1784/300
o digit_0_19_f
usemtl sign_face_glow
v 0.1576 2.13612 0.303
v 0.1576 2.24288 0.303
v 0.1286 2.27188 0.303
v 0.0996 2.24288 0.303
v 0.0996 2.13612 0.303
v 0.1286 2.10712 0.303
v 0.1576 2.13612 0.307
v 0.1576 2.24288 0.307
v 0.1286 2.27188 0.307
v 0.0996 2.24288 0.307
v 0.0996 2.13612 0.307
v 0.1286 2.10712 0.307
v 0.1576 2.13612 0.303
v 0.1576 2.24288 0.303
v 0.1286 2.27188 0.303
v 0.0996 2.24288 0.303
v 0.0996 2.13612 0.303
v 0.1286 2.10712 0.303
v 0.1576 2.13612 0.307
v 0.1576 2.24288 0.307
v 0.1286 2.27188 0.307
v 0.0996 2.24288 0.307
v 0.0996 2.13612 0.307
v 0.1286 2.10712 0.307
vt 0.355225 0.348408
vt 0.367736 0.348408
vt 0.367736 0.348877
vt 0.355225 0.348877
vt 0.99292 0.346455
vt 0.997726 0.346455
vt 0.997726 0.346924
vt 0.99292 0.346924
vt 0.001221 0.344502
vt 0.006027 0.344502
vt 0.006027 0.344971
vt 0.001221 0.344971
vt 0.369385 0.348408
vt 0.381896 0.348408
vt 0.381896 0.348877
vt 0.369385 0.348877
vt 0.007568 0.344502
vt 0.012374 0.344502
vt 0.012374 0.344971
vt 0.007568 0.344971
vt 0.013916 0.344502
vt 0.018722 0.344502
vt 0.018722 0.344971
vt 0.013916 0.344971
vt 0.421427 0.363037
vt 0.408916 0.363037
vt 0.405518 0.359639
vt 0.424825 0.359639
vt 0.421427 0.363037
vt 0.405518 0.359639
vt 0.421427 0.35624
vt 0.424825 0.359639
vt 0.405518 0.359639
vt 0.405518 0.359639
vt 0.408916 0.35624
vt 0.421427 0.35624
vt 0.426514 0.359639
vt 0.429912 0.35624
vt 0.442423 0.35624
vt 0.426514 0.359639
vt 0.442423 0.35624
vt 0.445821 0.359639
vt 0.426514 0.359639
vt 0.445821 0.359639
vt 0.442423 0.363037
vt 0.442423 0.363037
vt 0.429912 0.363037
vt 0.426514 0.359639
vn 1 0 0
vn 0.707107 0.707107 0
vn -0.707107 0.707107 0
vn -1 0 0
vn -0.707107 -0.707107 0
vn 0.707107 -0.707107 0
vn 0 0 -1
vn 0 0 1
f 897/1785/301 898/1786/301 904/1787/301 903/1788/301
f 898/1789/302 899/1790/302 905/1791/302 904/1792/302
f 899/1793/303 900/1794/303 906/1795/303 905/1796/303
f 900/1797/304 901/1798/304 907/1799/304 906/1800/304
f 901/1801/305 902/1802/305 908/1803/305 907/1804/305
f 902/1805/306 897/1806/306 903/1807/306 908/1808/306
f 910/1809/307 909/1810/307 914/1811/307
f 911/1812/307 910/1813/307 914/1814/307
f 912/1815/307 911/1816/307 914/1817/307
f 914/1818/307 913/1819/307 912/1820/307
f 920/1821/308 915/1822/308 916/1823/308
f 920/1824/308 916/1825/308 917/1826/308
f 920/1827/308 917/1828/308 918/1829/308
f 918/1830/308 919/1831/308 920/1832/308
o digit_0_19_b
usemtl sign_face_glow
v 1.8714 2.10712 0.693
v 1.9004 2.13612 0.693
v 1.9004 2.24288 0.693
v 1.8714 2.27188 0.693
v 1.8424 2.24288 0.693
v 1.8424 2.13612 0.693
v 1.8714 2.10712 0.697
v 1.9004 2.13612 0.697
v 1.9004 2.24288 0.697
v 1.8714 2.27188 0.697
v 1.8424 2.24288 0.697
v 1.8424 2.13612 0.697
v 1.8714 2.10712 0.693
v 1.9004 2.13612 0.693
v 1.9004 2.24288 0.693
v 1.8714 2.27188 0.693
v 1.8424 2.24288 0.693
v 1.8424 2.13612 0.693
v 1.8714 2.10712 0.697
v 1.9004 2.13612 0.697
v 1.9004 2.24288 0.697
v 1.8714 2.27188 0.697
v 1.8424 2.24288 0.697
v 1.8424 2.13612 0.697
vt 0.826416 0.344502
vt 0.831222 0.344502
vt 0.831222 0.344971
vt 0.826416 0.344971
vt 0.383545 0.348408
vt 0.396056 0.348408
vt 0.396056 0.348877
vt 0.383545 0.348877
vt 0.020264 0.344502
vt 0.02507 0.344502
vt 0.02507 0.344971
vt 0.020264 0.344971
vt 0.026611 0.344502
vt 0.031417 0.344502
vt 0.031417 0.344971
vt 0.026611 0.344971
vt 0.397705 0.348408
vt 0.410216 0.348408
vt 0.410216 0.348877
vt 0.397705 0.348877
vt 0.401123 0.344502
vt 0.405929 0.344502
vt 0.405929 0.344971
vt 0.401123 0.344971
vt 0.35374 0.371338
vt 0.350342 0.367939
vt 0.35374 0.364541
vt 0.366251 0.371338
vt 0.35374 0.371338
vt 0.35374 0.364541
vt 0.36965 0.367939
vt 0.366251 0.371338
vt 0.35374 0.364541
vt 0.35374 0.364541
vt 0.366251 0.364541
vt 0.36965 0.367939
vt 0.374736 0.371338
vt 0.371338 0.367939
vt 0.374736 0.364541
vt 0.374736 0.371338
vt 0.374736 0.364541
vt 0.387247 0.364541
vt 0.374736 0.371338
vt 0.387247 0.364541
vt 0.390646 0.367939
vt 0.390646 0.367939
vt 0.387247 0.371338
vt 0.374736 0.371338
vn 0.707107 -0.707107 0
vn 1 0 0
vn 0.707107 0.707107 0
vn -0.707107 0.707107 0
vn -1 0 0
vn -0.707107 -0.707107 0
vn 0 0 -1
vn 0 0 1
f 921/1833/309 922/1834/309 928/1835/309 927/1836/309
f 922/1837/310 923/1838/310 929/1839/310 928/1840/310
f 923/1841/311 924/1842/311 930/1843/311 929/1844/311
f 924/1845/312 925/1846/312 931/1847/312 930/1848/312
f 925/1849/313 926/1850/313 932/1851/313 931/1852/313
f 926/1853/314 921/1854/314 927/1855/314 932/1856/314
f 934/1857/315 933/1858/315 938/1859/315
f 935/1860/315 934/1861/315 938/1862/315
f 936/1863/315 935/1864/315 938/1865/315
f 938/1866/315 937/1867/315 936/1868/315
f 944/1869/316 939/1870/316 940/1871/316
f 944/1872/316 940/1873/316 941/1874/316
f 944/1875/316 941/1876/316 942/1877/316
f 942/1878/316 943/1879/316 944/1880/316
o digit_1_0_f
usemtl sign_face_glow
v -0.620994 1.69 0.303
v -0.669006 1.69 0.303
v -0.686986 1.67202 0.303
v -0.669006 1.65404 0.303
v -0.620994 1.65404 0.303
v -0.603014 1.67202 0.303
v -0.620994 1.69 0.307
v -0.669006 1.69 0.307
v -0.686986 1.67202 0.307
v -0.669006 1.65404 0.307
v -0.620994 1.65404 0.307
v -0.603014 1.67202 0.307
v -0.620994 1.69 0.303
v -0.669006 1.69 0.303
v -0.686986 1.67202 0.303
v -0.669006 1.65404 0.303
v -0.620994 1.65404 0.303
v -0.603014 1.67202 0.303
v -0.620994 1.69 0.307
v -0.669006 1.69 0.307
v -0.686986 1.67202 0.307
v -0.669006 1.65404 0.307
v -0.620994 1.65404 0.307
v -0.603014 1.67202 0.307
vt 0.454346 0.346455
vt 0.459972 0.346455
vt 0.459972 0.346924
vt 0.454346 0.346924
vt 0.220947 0.342549
vt 0.223927 0.342549
vt 0.223927 0.343018
vt 0.220947 0.343018
vt 0.920166 0.344502
vt 0.923146 0.344502
vt 0.923146 0.344971
vt 0.920166 0.344971
vt 0.46167 0.346455
vt 0.467296 0.346455
vt 0.467296 0.346924
vt 0.46167 0.346924
vt 0.118408 0.342549
vt 0.121388 0.342549
vt 0.121388 0.343018
vt 0.118408 0.343018
vt 0.240479 0.342549
vt 0.243458 0.342549
vt 0.243458 0.343018
vt 0.240479 0.343018
vt 0.32536 0.354736
vt 0.319734 0.354736
vt 0.317627 0.352629
vt 0.327467 0.352629
vt 0.32536 0.354736
vt 0.317627 0.352629
vt 0.32536 0.350522
vt 0.327467 0.352629
vt 0.317627 0.352629
vt 0.317627 0.352629
vt 0.319734 0.350522
vt 0.32536 0.350522
vt 0.339186 0.352629
vt 0.337079 0.354736
vt 0.331453 0.354736
vt 0.339186 0.352629
vt 0.331453 0.354736
vt 0.329346 0.352629
vt 0.339186 0.352629
vt 0.329346 0.352629
vt 0.331453 0.350522
vt 0.331453 0.350522
vt 0.337079 0.350522
vt 0.339186 0.352629
vn 0 1 0
vn -0.707107 0.707107 0
vn -0.707107 -0.707107 0
vn 0 -1 0
vn 0.707107 -0.707107 0
vn 0.707107 0.707107 0
vn 0 0 -1
vn 0 0 1
f 945/1881/317 946/1882/317 952/1883/317 951/1884/317
f 946/1885/318 947/1886/318 953/1887/318 952/1888/318
f 947/1889/319 948/1890/319 954/1891/319 953/1892/319
f 948/1893/320 949/1894/320 955/1895/320 954/1896/320
f 949/1897/321 950/1898/321 956/1899/321 955/1900/321
f 950/1901/322 945/1902/322 951/1903/322 956/1904/322
f 958/1905/323 957/1906/323 962/1907/323
f 959/1908/323 958/1909/323 962/1910/323
f 960/1911/323 959/1912/323 962/1913/323
f 962/1914/323 961/1915/323 960/1916/323
f 968/1917/324 963/1918/324 964/1919/324
f 968/1920/324 964/1921/324 965/1922/324
f 968/1923/324 965/1924/324 966/1925/324
f 966/1926/324 967/1927/324 968/1928/324
o digit_1_0_b
usemtl sign_face_glow
v 2.603014 1.67202 0.693
v 2.620994 1.65404 0.693
v 2.669006 1.65404 0.693
v 2.686986 1.67202 0.693
v 2.669006 1.69 0.693
v 2.620994 1.69 0.693
v 2.603014 1.67202 0.697
v 2.620994 1.65404 0.697
v 2.669006 1.65404 0.697
v 2.686986 1.67202 0.697
v 2.669006 1.69 0.697
v 2.620994 1.69 0.697
v 2.603014 1.67202 0.693
v 2.620994 1.65404 0.693
v 2.669006 1.65404 0.693
v 2.686986 1.67202 0.693
v 2.669006 1.69 0.693
v 2.620994 1.69 0.693
v 2.603014 1.67202 0.697
v 2.620994 1.65404 0.697
v 2.669006 1.65404 0.697
v 2.686986 1.67202 0.697
v 2.669006 1.69 0.697
v 2.620994 1.69 0.697
vt 0.949463 0.344502
vt 0.952443 0.344502
vt 0.952443 0.344971
vt 0.949463 0.344971
vt 0.468994 0.346455
vt 0.47462 0.346455
vt 0.47462 0.346924
vt 0.468994 0.346924
vt 0.343018 0.342549
vt 0.345997 0.342549
vt 0.345997 0.343018
vt 0.343018 0.343018
vt 0.3479 0.342549
vt 0.35088 0.342549
vt 0.35088 0.343018
vt 0.3479 0.343018
vt 0.476318 0.346455
vt 0.481945 0.346455
vt 0.481945 0.346924
vt 0.476318 0.346924
vt 0.352783 0.342549
vt 0.355763 0.342549
vt 0.355763 0.343018
vt 0.352783 0.343018
vt 0.372235 0.350522
vt 0.374342 0.352629
vt 0.372235 0.354736
vt 0.366609 0.350522
vt 0.372235 0.350522
vt 0.372235 0.354736
vt 0.364502 0.352629
vt 0.366609 0.350522
vt 0.372235 0.354736
vt 0.372235 0.354736
vt 0.366609 0.354736
vt 0.364502 0.352629
vt 0.378328 0.354736
vt 0.376221 0.352629
vt 0.378328 0.350522
vt 0.378328 0.354736
vt 0.378328 0.350522
vt 0.383954 0.350522
vt 0.378328 0.354736
vt 0.383954 0.350522
vt 0.386061 0.352629
vt 0.386061 0.352629
vt 0.383954 0.354736
vt 0.378328 0.354736
vn -0.707107 -0.707107 0
vn 0 -1 0
vn 0.707107 -0.707107 0
vn 0.707107 0.707107 0
vn 0 1 0
vn -0.707107 0.707107 0
vn 0 0 -1
vn 0 0 1
f 969/1929/325 970/1930/325 976/1931/325 975/1932/325
f 970/1933/326 971/1934/326 977/1935/326 976/1936/326
f 971/1937/327 972/1938/327 978/1939/327 977/1940/327
f 972/1941/328 973/1942/328 979/1943/328 978/1944/328
f 973/1945/329 974/1946/329 980/1947/329 979/1948/329
f 974/1949/330 969/1950/330 975/1951/330 980/1952/330
f 982/1953/331 981/1954/331 986/1955/331
f 983/1956/331 982/1957/331 986/1958/331
f 984/1959/331 983/1960/331 986/1961/331
f 986/1962/331 985/1963/331 984/1964/331
f 992/1965/332 987/1966/332 988/1967/332
f 992/1968/332 988/1969/332 989/1970/332
f 992/1971/332 989/1972/332 990/1973/332
f 990/1974/332 991/1975/332 992/1976/332
o digit_1_1_f
usemtl sign_face_glow
v -0.67404 1.598014 0.303
v -0.67404 1.649006 0.303
v -0.69202 1.666986 0.303
v -0.71 1.649006 0.303
v -0.71 1.598014 0.303
v -0.69202 1.580034 0.303
v -0.67404 1.598014 0.307
v -0.67404 1.649006 0.307
v -0.69202 1.666986 0.307
v -0.71 1.649006 0.307
v -0.71 1.598014 0.307
v -0.69202 1.580034 0.307
v -0.67404 1.598014 0.303
v -0.67404 1.649006 0.303
v -0.69202 1.666986 0.303
v -0.71 1.649006 0.303
v -0.71 1.598014 0.303
v -0.69202 1.580034 0.303
v -0.67404 1.598014 0.307
v -0.67404 1.649006 0.307
v -0.69202 1.666986 0.307
v -0.71 1.649006 0.307
v -0.71 1.598014 0.307
v -0.69202 1.580034 0.307
vt 0.272705 0.346455
vt 0.278681 0.346455
vt 0.278681 0.346924
vt 0.272705 0.346924
vt 0.123291 0.342549
vt 0.126271 0.342549
vt 0.126271 0.343018
vt 0.123291 0.343018
vt 0.128174 0.342549
vt 0.131154 0.342549
vt 0.131154 0.343018
vt 0.128174 0.343018
vt 0.280518 0.346455
vt 0.286493 0.346455
vt 0.286493 0.346924
vt 0.280518 0.346924
vt 0.133057 0.342549
vt 0.136036 0.342549
vt 0.136036 0.343018
vt 0.133057 0.343018
vt 0.137939 0.342549
vt 0.140919 0.342549
vt 0.140919 0.343018
vt 0.137939 0.343018
vt 0.255397 0.354736
vt 0.249421 0.354736
vt 0.247314 0.352629
vt 0.257504 0.352629
vt 0.255397 0.354736
vt 0.247314 0.352629
vt 0.255397 0.350522
vt 0.257504 0.352629
vt 0.247314 0.352629
vt 0.247314 0.352629
vt 0.249421 0.350522
vt 0.255397 0.350522
vt 0.259033 0.352629
vt 0.26114 0.350522
vt 0.267116 0.350522
vt 0.259033 0.352629
vt 0.267116 0.350522
vt 0.269223 0.352629
vt 0.259033 0.352629
vt 0.269223 0.352629
vt 0.267116 0.354736
vt 0.267116 0.354736
vt 0.26114 0.354736
vt 0.259033 0.352629
vn 1 0 0
vn 0.707107 0.707107 0
vn -0.707107 0.707107 0
vn -1 0 0
vn -0.707107 -0.707107 0
vn 0.707107 -0.707107 0
vn 0 0 -1
vn 0 0 1
f 993/1977/333 994/1978/333 1000/1979/333 999/1980/333
f 994/1981/334 995/1982/334 1001/1983/334 1000/1984/334
f 995/1985/335 996/1986/335 1002/1987/335 1001/1988/335
f 996/1989/336 997/1990/336 1003/1991/336 1002/1992/336
f 997/1993/337 998/1994/337 1004/1995/337 1003/1996/337
f 998/1997/338 993/1998/338 999/1999/338 1004/2000/338
f 1006/2001/339 1005/2002/339 1010/2003/339
f 1007/2004/339 1006/2005/339 1010/2006/339
f 1008/2007/339 1007/2008/339 1010/2009/339
f 1010/2010/339 1009/2011/339 1008/2012/339
f 1016/2013/340 1011/2014/340 1012/2015/340
f 1016/2016/340 1012/2017/340 1013/2018/340
f 1016/2019/340 1013/2020/340 1014/2021/340
f 1014/2022/340 1015/2023/340 1016/2024/340
o digit_1_1_b
usemtl sign_face_glow
v 2.69202 1.580034 0.693
v 2.71 1.598014 0.693
v 2.71 1.649006 0.693
v 2.69202 1.666986 0.693
v 2.67404 1.649006 0.693
v 2.67404 1.598014 0.693
v 2.69202 1.580034 0.697
v 2.71 1.598014 0.697
v 2.71 1.649006 0.697
v 2.69202 1.666986 0.697
v 2.67404 1.649006 0.697
v 2.67404 1.598014 0.697
v 2.69202 1.580034 0.693
v 2.71 1.598014 0.693
v 2.71 1.649006 0.693
v 2.69202 1.666986 0.693
v 2.67404 1.649006 0.693
v 2.67404 1.598014 0.693
v 2.69202 1.580034 0.697
v 2.71 1.598014 0.697
v 2.71 1.649006 0.697
v 2.69202 1.666986 0.697
v 2.67404 1.649006 0.697
v 2.67404 1.598014 0.697
vt 0.142822 0.342549
vt 0.145802 0.342549
vt 0.145802 0.343018
vt 0.142822 0.343018
vt 0.28833 0.346455
vt 0.294306 0.346455
vt 0.294306 0.346924
vt 0.28833 0.346924
vt 0.954346 0.344502
vt 0.957325 0.344502
vt 0.957325 0.344971
vt 0.954346 0.344971
vt 0.147705 0.342549
vt 0.150685 0.342549
vt 0.150685 0.343018
vt 0.147705 0.343018
vt 0.296143 0.346455
vt 0.302118 0.346455
vt 0.302118 0.346924
vt 0.296143 0.346924
vt 0.245361 0.342549
vt 0.248341 0.342549
vt 0.248341 0.343018
vt 0.245361 0.343018
vt 0.460359 0.354736
vt 0.458252 0.352629
vt 0.460359 0.350522
vt 0.466335 0.354736
vt 0.460359 0.354736
vt 0.460359 0.350522
vt 0.468442 0.352629
vt 0.466335 0.354736
vt 0.460359 0.350522
vt 0.460359 0.350522
vt 0.466335 0.350522
vt 0.468442 0.352629
vt 0.472078 0.354736
vt 0.469971 0.352629
vt 0.472078 0.350522
vt 0.472078 0.354736
vt 0.472078 0.350522
vt 0.478053 0.350522
vt 0.472078 0.354736
vt 0.478053 0.350522
vt 0.48016 0.352629
vt 0.48016 0.352629
vt 0.478053 0.354736
vt 0.472078 0.354736
vn 0.707107 -0.707107 0
vn 1 0 0
vn 0.707107 0.707107 0
vn -0.707107 0.707107 0
vn -1 0 0
vn -0.707107 -0.707107 0
vn 0 0 -1
vn 0 0 1
f 1017/2025/341 1018/2026/341 1024/2027/341 1023/2028/341
f 1018/2029/342 1019/2030/342 1025/2031/342 1024/2032/342
f 1019/2033/343 1020/2034/343 1026/2035/343 1025/2036/343
f 1020/2037/344 1021/2038/344 1027/2039/344 1026/2040/344
f 1021/2041/345 1022/2042/345 1028/2043/345 1027/2044/345
f 1022/2045/346 1017/2046/346 1023/2047/346 1028/2048/346
f 1030/2049/347 1029/2050/347 1034/2051/347
f 1031/2052/347 1030/2053/347 1034/2054/347
f 1032/2055/347 1031/2056/347 1034/2057/347
f 1034/2058/347 1033/2059/347 1032/2060/347
f 1040/2061/348 1035/2062/348 1036/2063/348
f 1040/2064/348 1036/2065/348 1037/2066/348
f 1040/2067/348 1037/2068/348 1038/2069/348
f 1038/2070/348 1039/2071/348 1040/2072/348
o digit_1_2_f
usemtl sign_face_glow
v -0.67404 1.500994 0.303
v -0.67404 1.551986 0.303
v -0.69202 1.569966 0.303
v -0.71 1.551986 0.303
v -0.71 1.500994 0.303
v -0.69202 1.483014 0.303
v -0.67404 1.500994 0.307
v -0.67404 1.551986 0.307
v -0.69202 1.569966 0.307
v -0.71 1.551986 0.307
v -0.71 1.500994 0.307
v -0.69202 1.483014 0.307
v -0.67404 1.500994 0.303
v -0.67404 1.551986 0.303
v -0.69202 1.569966 0.303
v -0.71 1.551986 0.303
v -0.71 1.500994 0.303
v -0.69202 1.483014 0.303
v -0.67404 1.500994 0.307
v -0.67404 1.551986 0.307
v -0.69202 1.569966 0.307
v -0.71 1.551986 0.307
v -0.71 1.500994 0.307
v -0.69202 1.483014 0.307
vt 0.303955 0.346455
vt 0.309931 0.346455
vt 0.309931 0.346924
vt 0.303955 0.346924
vt 0.250244 0.342549
vt 0.253224 0.342549
vt 0.253224 0.343018
vt 0.250244 0.343018
vt 0.279541 0.342549
vt 0.282521 0.342549
vt 0.282521 0.343018
vt 0.279541 0.343018
vt 0.311768 0.346455
vt 0.317743 0.346455
vt 0.317743 0.346924
vt 0.311768 0.346924
vt 0.255127 0.342549
vt 0.258107 0.342549
vt 0.258107 0.343018
vt 0.255127 0.343018
vt 0.152588 0.342549
vt 0.155568 0.342549
vt 0.155568 0.343018
vt 0.152588 0.343018
vt 0.302272 0.354736
vt 0.296296 0.354736
vt 0.294189 0.352629
vt 0.304379 0.352629
vt 0.302272 0.354736
vt 0.294189 0.352629
vt 0.302272 0.350522
vt 0.304379 0.352629
vt 0.294189 0.352629
vt 0.294189 0.352629
vt 0.296296 0.350522
vt 0.302272 0.350522
vt 0.305908 0.352629
vt 0.308015 0.350522
vt 0.313991 0.350522
vt 0.305908 0.352629
vt 0.313991 0.350522
vt 0.316098 0.352629
vt 0.305908 0.352629
vt 0.316098 0.352629
vt 0.313991 0.354736
vt 0.313991 0.354736
vt 0.308015 0.354736
vt 0.305908 0.352629
vn 1 0 0
vn 0.707107 0.707107 0
vn -0.707107 0.707107 0
vn -1 0 0
vn -0.707107 -0.707107 0
vn 0.707107 -0.707107 0
vn 0 0 -1
vn 0 0 1
f 1041/2073/349 1042/2074/349 1048/2075/349 1047/2076/349
f 1042/2077/350 1043/2078/350 1049/2079/350 1048/2080/350
f 1043/2081/351 1044/2082/351 1050/2083/351 1049/2084/351
f 1044/2085/352 1045/2086/352 1051/2087/352 1050/2088/352
f 1045/2089/353 1046/2090/353 1052/2091/353 1051/2092/353
f 1046/2093/354 1041/2094/354 1047/2095/354 1052/2096/354
f 1054/2097/355 1053/2098/355 1058/2099/355
f 1055/2100/355 1054/2101/355 1058/2102/355
f 1056/2103/355 1055/2104/355 1058/2105/355
f 1058/2106/355 1057/2107/355 1056/2108/355
f 1064/2109/356 1059/2110/356 1060/2111/356
f 1064/2112/356 1060/2113/356 1061/2114/356
f 1064/2115/356 1061/2116/356 1062/2117/356
f 1062/2118/356 1063/2119/356 1064/2120/356
o digit_1_2_b
usemtl sign_face_glow
v 2.69202 1.483014 0.693
v 2.71 1.500994 0.693
v 2.71 1.551986 0.693
v 2.69202 1.569966 0.693
v 2.67404 1.551986 0.693
v 2.67404 1.500994 0.693
v 2.69202 1.483014 0.697
v 2.71 1.500994 0.697
v 2.71 1.551986 0.697
v 2.69202 1.569966 0.697
v 2.67404 1.551986 0.697
v 2.67404 1.500994 0.697
v 2.69202 1.483014 0.693
v 2.71 1.500994 0.693
v 2.71 1.551986 0.693
v 2.69202 1.569966 0.693
v 2.67404 1.551986 0.693
v 2.67404 1.500994 0.693
v 2.69202 1.483014 0.697
v 2.71 1.500994 0.697
v 2.71 1.551986 0.697
v 2.69202 1.569966 0.697
v 2.67404 1.551986 0.697
v 2.67404 1.500994 0.697
vt 0.157471 0.342549
vt 0.16045 0.342549
vt 0.16045 0.343018
vt 0.157471 0.343018
vt 0.31958 0.346455
vt 0.325556 0.346455
vt 0.325556 0.346924
vt 0.31958 0.346924
vt 0.26001 0.342549
vt 0.26299 0.342549
vt 0.26299 0.343018
vt 0.26001 0.343018
vt 0.357666 0.342549
vt 0.360646 0.342549
vt 0.360646 0.343018
vt 0.357666 0.343018
vt 0.327393 0.346455
vt 0.333368 0.346455
vt 0.333368 0.346924
vt 0.327393 0.346924
vt 0.362549 0.342549
vt 0.365529 0.342549
vt 0.365529 0.343018
vt 0.362549 0.343018
vt 0.483796 0.354736
vt 0.481689 0.352629
vt 0.483796 0.350522
vt 0.489772 0.354736
vt 0.483796 0.354736
vt 0.483796 0.350522
vt 0.491879 0.352629
vt 0.489772 0.354736
vt 0.483796 0.350522
vt 0.483796 0.350522
vt 0.489772 0.350522
vt 0.491879 0.352629
vt 0.495515 0.354736
vt 0.493408 0.352629
vt 0.495515 0.350522
vt 0.495515 0.354736
vt 0.495515 0.350522
vt 0.501491 0.350522
vt 0.495515 0.354736
vt 0.501491 0.350522
vt 0.503598 0.352629
vt 0.503598 0.352629
vt 0.501491 0.354736
vt 0.495515 0.354736
vn 0.707107 -0.707107 0
vn 1 0 0
vn 0.707107 0.707107 0
vn -0.707107 0.707107 0
vn -1 0 0
vn -0.707107 -0.707107 0
vn 0 0 -1
vn 0 0 1
f 1065/2121/357 1066/2122/357 1072/2123/357 1071/2124/357
f 1066/2125/358 1067/2126/358 1073/2127/358 1072/2128/358
f 1067/2129/359 1068/2130/359 1074/2131/359 1073/2132/359
f 1068/2133/360 1069/2134/360 1075/2135/360 1074/2136/360
f 1069/2137/361 1070/2138/361 1076/2139/361 1075/2140/361
f 1070/2141/362 1065/2142/362 1071/2143/362 1076/2144/362
f 1078/2145/363 1077/2146/363 1082/2147/363
f 1079/2148/363 1078/2149/363 1082/2150/363
f 1080/2151/363 1079/2152/363 1082/2153/363
f 1082/2154/363 1081/2155/363 1080/2156/363
f 1088/2157/364 1083/2158/364 1084/2159/364
f 1088/2160/364 1084/2161/364 1085/2162/364
f 1088/2163/364 1085/2164/364 1086/2165/364
f 1086/2166/364 1087/2167/364 1088/2168/364
o digit_1_3_f
usemtl sign_face_glow
v -0.620994 1.49596 0.303
v -0.669006 1.49596 0.303
v -0.686986 1.47798 0.303
v -0.669006 1.46 0.303
v -0.620994 1.46 0.303
v -0.603014 1.47798 0.303
v -0.620994 1.49596 0.307
v -0.669006 1.49596 0.307
v -0.686986 1.47798 0.307
v -0.669006 1.46 0.307
v -0.620994 1.46 0.307
v -0.603014 1.47798 0.307
v -0.620994 1.49596 0.303
v -0.669006 1.49596 0.303
v -0.686986 1.47798 0.303
v -0.669006 1.46 0.303
v -0.620994 1.46 0.303
v -0.603014 1.47798 0.303
v -0.620994 1.49596 0.307
v -0.669006 1.49596 0.307
v -0.686986 1.47798 0.307
v -0.669006 1.46 0.307
v -0.620994 1.46 0.307
v -0.603014 1.47798 0.307
vt 0.483643 0.346455
vt 0.489269 0.346455
vt 0.489269 0.346924
vt 0.483643 0.346924
vt 0.934814 0.344502
vt 0.937794 0.344502
vt 0.937794 0.344971
vt 0.934814 0.344971
vt 0.162354 0.342549
vt 0.165333 0.342549
vt 0.165333 0.343018
vt 0.162354 0.343018
vt 0.490967 0.346455
vt 0.496593 0.346455
vt 0.496593 0.346924
vt 0.490967 0.346924
vt 0.167236 0.342549
vt 0.170216 0.342549
vt 0.170216 0.343018
vt 0.167236 0.343018
vt 0.172119 0.342549
vt 0.175099 0.342549
vt 0.175099 0.343018
vt 0.172119 0.343018
vt 0.090985 0.354736
vt 0.085359 0.354736
vt 0.083252 0.352629
vt 0.093092 0.352629
vt 0.090985 0.354736
vt 0.083252 0.352629
vt 0.090985 0.350522
vt 0.093092 0.352629
vt 0.083252 0.352629
vt 0.083252 0.352629
vt 0.085359 0.350522
vt 0.090985 0.350522
vt 0.104811 0.352629
vt 0.102704 0.354736
vt 0.097078 0.354736
vt 0.104811 0.352629
vt 0.097078 0.354736
vt 0.094971 0.352629
vt 0.104811 0.352629
vt 0.094971 0.352629
vt 0.097078 0.350522
vt 0.097078 0.350522
vt 0.102704 0.350522
vt 0.104811 0.352629
vn 0 1 0
vn -0.707107 0.707107 0
vn -0.707107 -0.707107 0
vn 0 -1 0
vn 0.707107 -0.707107 0
vn 0.707107 0.707107 0
vn 0 0 -1
vn 0 0 1
f 1089/2169/365 1090/2170/365 1096/2171/365 1095/2172/365
f 1090/2173/366 1091/2174/366 1097/2175/366 1096/2176/366
f 1091/2177/367 1092/2178/367 1098/2179/367 1097/2180/367
f 1092/2181/368 1093/2182/368 1099/2183/368 1098/2184/368
f 1093/2185/369 1094/2186/369 1100/2187/369 1099/2188/369
f 1094/2189/370 1089/2190/370 1095/2191/370 1100/2192/370
f 1102/2193/371 1101/2194/371 1106/2195/371
f 1103/2196/371 1102/2197/371 1106/2198/371
f 1104/2199/371 1103/2200/371 1106/2201/371
f 1106/2202/371 1105/2203/371 1104/2204/371
f 1112/2205/372 1107/2206/372 1108/2207/372
f 1112/2208/372 1108/2209/372 1109/2210/372
f 1112/2211/372 1109/2212/372 1110/2213/372
f 1110/2214/372 1111/2215/372 1112/2216/372
o digit_1_3_b
usemtl sign_face_glow
v 2.603014 1.47798 0.693
v 2.620994 1.46 0.693
v 2.669006 1.46 0.693
v 2.686986 1.47798 0.693
v 2.669006 1.49596 0.693
v 2.620994 1.49596 0.693
v 2.603014 1.47798 0.697
v 2.620994 1.46 0.697
v 2.669006 1.46 0.697
v 2.686986 1.47798 0.697
v 2.669006 1.49596 0.697
v 2.620994 1.49596 0.697
v 2.603014 1.47798 0.693
v 2.620994 1.46 0.693
v 2.669006 1.46 0.693
v 2.686986 1.47798 0.693
v 2.669006 1.49596 0.693
v 2.620994 1.49596 0.693
v 2.603014 1.47798 0.697
v 2.620994 1.46 0.697
v 2.669006 1.46 0.697
v 2.686986 1.47798 0.697
v 2.669006 1.49596 0.697
v 2.620994 1.49596 0.697
vt 0.959229 0.344502
vt 0.962208 0.344502
vt 0.962208 0.344971
vt 0.959229 0.344971
vt 0.498291 0.346455
vt 0.503917 0.346455
vt 0.503917 0.346924
vt 0.498291 0.346924
vt 0.367432 0.342549
vt 0.370411 0.342549
vt 0.370411 0.343018
vt 0.367432 0.343018
vt 0.372314 0.342549
vt 0.375294 0.342549
vt 0.375294 0.343018
vt 0.372314 0.343018
vt 0.505615 0.346455
vt 0.511242 0.346455
vt 0.511242 0.346924
vt 0.505615 0.346924
vt 0.925049 0.344502
vt 0.928029 0.344502
vt 0.928029 0.344971
vt 0.925049 0.344971
vt 0.161298 0.350522
vt 0.163405 0.352629
vt 0.161298 0.354736
vt 0.155671 0.350522
vt 0.161298 0.350522
vt 0.161298 0.354736
vt 0.153564 0.352629
vt 0.155671 0.350522
vt 0.161298 0.354736
vt 0.161298 0.354736
vt 0.155671 0.354736
vt 0.153564 0.352629
vt 0.16739 0.354736
vt 0.165283 0.352629
vt 0.16739 0.350522
vt 0.16739 0.354736
vt 0.16739 0.350522
vt 0.173017 0.350522
vt 0.16739 0.354736
vt 0.173017 0.350522
vt 0.175124 0.352629
vt 0.175124 0.352629
vt 0.173017 0.354736
vt 0.16739 0.354736
vn -0.707107 -0.707107 0
vn 0 -1 0
vn 0.707107 -0.707107 0
vn 0.707107 0.707107 0
vn 0 1 0
vn -0.707107 0.707107 0
vn 0 0 -1
vn 0 0 1
f 1113/2217/373 1114/2218/373 1120/2219/373 1119/2220/373
f 1114/2221/374 1115/2222/374 1121/2223/374 1120/2224/374
f 1115/2225/375 1116/2226/375 1122/2227/375 1121/2228/375
f 1116/2229/376 1117/2230/376 1123/2231/376 1122/2232/376
f 1117/2233/377 1118/2234/377 1124/2235/377 1123/2236/377
f 1118/2237/378 1113/2238/378 1119/2239/378 1124/2240/378
f 1126/2241/379 1125/2242/379 1130/2243/379
f 1127/2244/379 1126/2245/379 1130/2246/379
f 1128/2247/379 1127/2248/379 1130/2249/379
f 1130/2250/379 1129/2251/379 1128/2252/379
f 1136/2253/380 1131/2254/380 1132/2255/380
f 1136/2256/380 1132/2257/380 1133/2258/380
f 1136/2259/380 1133/2260/380 1134/2261/380
f 1134/2262/380 1135/2263/380 1136/2264/380
o digit_1_4_f
usemtl sign_face_glow
v -0.58 1.598014 0.303
v -0.58 1.649006 0.303
v -0.59798 1.666986 0.303
v -0.61596 1.649006 0.303
v -0.61596 1.598014 0.303
v -0.59798 1.580034 0.303
v -0.58 1.598014 0.307
v -0.58 1.649006 0.307
v -0.59798 1.666986 0.307
v -0.61596 1.649006 0.307
v -0.61596 1.598014 0.307
v -0.59798 1.580034 0.307
v -0.58 1.598014 0.303
v -0.58 1.649006 0.303
v -0.59798 1.666986 0.303
v -0.61596 1.649006 0.303
v -0.61596 1.598014 0.303
v -0.59798 1.580034 0.303
v -0.58 1.598014 0.307
v -0.58 1.649006 0.307
v -0.59798 1.666986 0.307
v -0.61596 1.649006 0.307
v -0.61596 1.598014 0.307
v -0.59798 1.580034 0.307
vt 0.335205 0.346455
vt 0.341181 0.346455
vt 0.341181 0.346924
vt 0.335205 0.346924
vt 0.177002 0.342549
vt 0.179982 0.342549
vt 0.179982 0.343018
vt 0.177002 0.343018
vt 0.181885 0.342549
vt 0.184865 0.342549
vt 0.184865 0.343018
vt 0.181885 0.343018
vt 0.343018 0.346455
vt 0.348993 0.346455
vt 0.348993 0.346924
vt 0.343018 0.346924
vt 0.186768 0.342549
vt 0.189747 0.342549
vt 0.189747 0.343018
vt 0.186768 0.343018
vt 0.19165 0.342549
vt 0.19463 0.342549
vt 0.19463 0.343018
vt 0.19165 0.343018
vt 0.278835 0.354736
vt 0.272859 0.354736
vt 0.270752 0.352629
vt 0.280942 0.352629
vt 0.278835 0.354736
vt 0.270752 0.352629
vt 0.278835 0.350522
vt 0.280942 0.352629
vt 0.270752 0.352629
vt 0.270752 0.352629
vt 0.272859 0.350522
vt 0.278835 0.350522
vt 0.282471 0.352629
vt 0.284578 0.350522
vt 0.290553 0.350522
vt 0.282471 0.352629
vt 0.290553 0.350522
vt 0.29266 0.352629
vt 0.282471 0.352629
vt 0.29266 0.352629
vt 0.290553 0.354736
vt 0.290553 0.354736
vt 0.284578 0.354736
vt 0.282471 0.352629
vn 1 0 0
vn 0.707107 0.707107 0
vn -0.707107 0.707107 0
vn -1 0 0
vn -0.707107 -0.707107 0
vn 0.707107 -0.707107 0
vn 0 0 -1
vn 0 0 1
f 1137/2265/381 1138/2266/381 1144/2267/381 1143/2268/381
f 1138/2269/382 1139/2270/382 1145/2271/382 1144/2272/382
f 1139/2273/383 1140/2274/383 1146/2275/383 1145/2276/383
f 1140/2277/384 1141/2278/384 1147/2279/384 1146/2280/384
f 1141/2281/385 1142/2282/385 1148/2283/385 1147/2284/385
f 1142/2285/386 1137/2286/386 1143/2287/386 1148/2288/386
f 1150/2289/387 1149/2290/387 1154/2291/387
f 1151/2292/387 1150/2293/387 1154/2294/387
f 1152/2295/387 1151/2296/387 1154/2297/387
f 1154/2298/387 1153/2299/387 1152/2300/387
f 1160/2301/388 1155/2302/388 1156/2303/388
f 1160/2304/388 1156/2305/388 1157/2306/388
f 1160/2307/388 1157/2308/388 1158/2309/388
f 1158/2310/388 1159/2311/388 1160/2312/388
o digit_1_4_b
usemtl sign_face_glow
v 2.59798 1.580034 0.693
v 2.61596 1.598014 0.693
v 2.61596 1.649006 0.693
v 2.59798 1.666986 0.693
v 2.58 1.649006 0.693
v 2.58 1.598014 0.693
v 2.59798 1.580034 0.697
v 2.61596 1.598014 0.697
v 2.61596 1.649006 0.697
v 2.59798 1.666986 0.697
v 2.58 1.649006 0.697
v 2.58 1.598014 0.697
v 2.59798 1.580034 0.693
v 2.61596 1.598014 0.693
v 2.61596 1.649006 0.693
v 2.59798 1.666986 0.693
v 2.58 1.649006 0.693
v 2.58 1.598014 0.693
v 2.59798 1.580034 0.697
v 2.61596 1.598014 0.697
v 2.61596 1.649006 0.697
v 2.59798 1.666986 0.697
v 2.58 1.649006 0.697
v 2.58 1.598014 0.697
vt 0.196533 0.342549
vt 0.199513 0.342549
vt 0.199513 0.343018
vt 0.196533 0.343018
vt 0.35083 0.346455
vt 0.356806 0.346455
vt 0.356806 0.346924
vt 0.35083 0.346924
vt 0.264893 0.342549
vt 0.267872 0.342549
vt 0.267872 0.343018
vt 0.264893 0.343018
vt 0.929932 0.344502
vt 0.932911 0.344502
vt 0.932911 0.344971
vt 0.929932 0.344971
vt 0.358643 0.346455
vt 0.364618 0.346455
vt 0.364618 0.346924
vt 0.358643 0.346924
vt 0.201416 0.342549
vt 0.204396 0.342549
vt 0.204396 0.343018
vt 0.201416 0.343018
vt 0.015046 0.354736
vt 0.012939 0.352629
vt 0.015046 0.350522
vt 0.021022 0.354736
vt 0.015046 0.354736
vt 0.015046 0.350522
vt 0.023129 0.352629
vt 0.021022 0.354736
vt 0.015046 0.350522
vt 0.015046 0.350522
vt 0.021022 0.350522
vt 0.023129 0.352629
vt 0.026765 0.354736
vt 0.024658 0.352629
vt 0.026765 0.350522
vt 0.026765 0.354736
vt 0.026765 0.350522
vt 0.032741 0.350522
vt 0.026765 0.354736
vt 0.032741 0.350522
vt 0.034848 0.352629
vt 0.034848 0.352629
vt 0.032741 0.354736
vt 0.026765 0.354736
vn 0.707107 -0.707107 0
vn 1 0 0
vn 0.707107 0.707107 0
vn -0.707107 0.707107 0
vn -1 0 0
vn -0.707107 -0.707107 0
vn 0 0 -1
vn 0 0 1
f 1161/2313/389 1162/2314/389 1168/2315/389 1167/2316/389
f 1162/2317/390 1163/2318/390 1169/2319/390 1168/2320/390
f 1163/2321/391 1164/2322/391 1170/2323/391 1169/2324/391
f 1164/2325/392 1165/2326/392 1171/2327/392 1170/2328/392
f 1165/2329/393 1166/2330/393 1172/2331/393 1171/2332/393
f 1166/2333/394 1161/2334/394 1167/2335/394 1172/2336/394
f 1174/2337/395 1173/2338/395 1178/2339/395
f 1175/2340/395 1174/2341/395 1178/2342/395
f 1176/2343/395 1175/2344/395 1178/2345/395
f 1178/2346/395 1177/2347/395 1176/2348/395
f 1184/2349/396 1179/2350/396 1180/2351/396
f 1184/2352/396 1180/2353/396 1181/2354/396
f 1184/2355/396 1181/2356/396 1182/2357/396
f 1182/2358/396 1183/2359/396 1184/2360/396
o digit_1_5_f
usemtl sign_face_glow
v -0.620994 1.59298 0.303
v -0.669006 1.59298 0.303
v -0.686986 1.575 0.303
v -0.669006 1.55702 0.303
v -0.620994 1.55702 0.303
v -0.603014 1.575 0.303
v -0.620994 1.59298 0.307
v -0.669006 1.59298 0.307
v -0.686986 1.575 0.307
v -0.669006 1.55702 0.307
v -0.620994 1.55702 0.307
v -0.603014 1.575 0.307
v -0.620994 1.59298 0.303
v -0.669006 1.59298 0.303
v -0.686986 1.575 0.303
v -0.669006 1.55702 0.303
v -0.620994 1.55702 0.303
v -0.603014 1.575 0.303
v -0.620994 1.59298 0.307
v -0.669006 1.59298 0.307
v -0.686986 1.575 0.307
v -0.669006 1.55702 0.307
v -0.620994 1.55702 0.307
v -0.603014 1.575 0.307
vt 0.512939 0.346455
vt 0.518566 0.346455
vt 0.518566 0.346924
vt 0.512939 0.346924
vt 0.97876 0.344502
vt 0.98174 0.344502
vt 0.98174 0.344971
vt 0.97876 0.344971
vt 0.206299 0.342549
vt 0.209279 0.342549
vt 0.209279 0.343018
vt 0.206299 0.343018
vt 0.520264 0.346455
vt 0.52589 0.346455
vt 0.52589 0.346924
vt 0.520264 0.346924
vt 0.22583 0.342549
vt 0.22881 0.342549
vt 0.22881 0.343018
vt 0.22583 0.343018
vt 0.211182 0.342549
vt 0.214161 0.342549
vt 0.214161 0.343018
vt 0.211182 0.343018
vt 0.348798 0.354736
vt 0.343171 0.354736
vt 0.341064 0.352629
vt 0.350905 0.352629
vt 0.348798 0.354736
vt 0.341064 0.352629
vt 0.348798 0.350522
vt 0.350905 0.352629
vt 0.341064 0.352629
vt 0.341064 0.352629
vt 0.343171 0.350522
vt 0.348798 0.350522
vt 0.362624 0.352629
vt 0.360517 0.354736
vt 0.35489 0.354736
vt 0.362624 0.352629
vt 0.35489 0.354736
vt 0.352783 0.352629
vt 0.362624 0.352629
vt 0.352783 0.352629
vt 0.35489 0.350522
vt 0.35489 0.350522
vt 0.360517 0.350522
vt 0.362624 0.352629
vn 0 1 0
vn -0.707107 0.707107 0
vn -0.707107 -0.707107 0
vn 0 -1 0
vn 0.707107 -0.707107 0
vn 0.707107 0.707107 0
vn 0 0 -1
vn 0 0 1
f 1185/2361/397 1186/2362/397 1192/2363/397 1191/2364/397
f 1186/2365/398 1187/2366/398 1193/2367/398 1192/2368/398
f 1187/2369/399 1188/2370/399 1194/2371/399 1193/2372/399
f 1188/2373/400 1189/2374/400 1195/2375/400 1194/2376/400
f 1189/2377/401 1190/2378/401 1196/2379/401 1195/2380/401
f 1190/2381/402 1185/2382/402 1191/2383/402 1196/2384/402
f 1198/2385/403 1197/2386/403 1202/2387/403
f 1199/2388/403 1198/2389/403 1202/2390/403
f 1200/2391/403 1199/2392/403 1202/2393/403
f 1202/2394/403 1201/2395/403 1200/2396/403
f 1208/2397/404 1203/2398/404 1204/2399/404
f 1208/2400/404 1204/2401/404 1205/2402/404
f 1208/2403/404 1205/2404/404 1206/2405/404
f 1206/2406/404 1207/2407/404 1208/2408/404
o digit_1_5_b
usemtl sign_face_glow
v 2.603014 1.575 0.693
v 2.620994 1.55702 0.693
v 2.669006 1.55702 0.693
v 2.686986 1.575 0.693
v 2.669006 1.59298 0.693
v 2.620994 1.59298 0.693
v 2.603014 1.575 0.697
v 2.620994 1.55702 0.697
v 2.669006 1.55702 0.697
v 2.686986 1.575 0.697
v 2.669006 1.59298 0.697
v 2.620994 1.59298 0.697
v 2.603014 1.575 0.693
v 2.620994 1.55702 0.693
v 2.669006 1.55702 0.693
v 2.686986 1.575 0.693
v 2.669006 1.59298 0.693
v 2.620994 1.59298 0.693
v 2.603014 1.575 0.697
v 2.620994 1.55702 0.697
v 2.669006 1.55702 0.697
v 2.686986 1.575 0.697
v 2.669006 1.59298 0.697
v 2.620994 1.59298 0.697
vt 0.269775 0.342549
vt 0.272755 0.342549
vt 0.272755 0.343018
vt 0.269775 0.343018
vt 0.527588 0.346455
vt 0.533214 0.346455
vt 0.533214 0.346924
vt 0.527588 0.346924
vt 0.377197 0.342549
vt 0.380177 0.342549
vt 0.380177 0.343018
vt 0.377197 0.343018
vt 0.38208 0.342549
vt 0.38506 0.342549
vt 0.38506 0.343018
vt 0.38208 0.343018
vt 0.534912 0.346455
vt 0.540538 0.346455
vt 0.540538 0.346924
vt 0.534912 0.346924
vt 0.216064 0.342549
vt 0.219044 0.342549
vt 0.219044 0.343018
vt 0.216064 0.343018
vt 0.395673 0.350522
vt 0.39778 0.352629
vt 0.395673 0.354736
vt 0.390046 0.350522
vt 0.395673 0.350522
vt 0.395673 0.354736
vt 0.387939 0.352629
vt 0.390046 0.350522
vt 0.395673 0.354736
vt 0.395673 0.354736
vt 0.390046 0.354736
vt 0.387939 0.352629
vt 0.401765 0.354736
vt 0.399658 0.352629
vt 0.401765 0.350522
vt 0.401765 0.354736
vt 0.401765 0.350522
vt 0.407392 0.350522
vt 0.401765 0.354736
vt 0.407392 0.350522
vt 0.409499 0.352629
vt 0.409499 0.352629
vt 0.407392 0.354736
vt 0.401765 0.354736
vn -0.707107 -0.707107 0
vn 0 -1 0
vn 0.707107 -0.707107 0
vn 0.707107 0.707107 0
vn 0 1 0
vn -0.707107 0.707107 0
vn 0 0 -1
vn 0 0 1
f 1209/2409/405 1210/2410/405 1216/2411/405 1215/2412/405
f 1210/2413/406 1211/2414/406 1217/2415/406 1216/2416/406
f 1211/2417/407 1212/2418/407 1218/2419/407 1217/2420/407
f 1212/2421/408 1213/2422/408 1219/2423/408 1218/2424/408
f 1213/2425/409 1214/2426/409 1220/2427/409 1219/2428/409
f 1214/2429/410 1209/2430/410 1215/2431/410 1220/2432/410
f 1222/2433/411 1221/2434/411 1226/2435/411
f 1223/2436/411 1222/2437/411 1226/2438/411
f 1224/2439/411 1223/2440/411 1226/2441/411
f 1226/2442/411 1225/2443/411 1224/2444/411
f 1232/2445/412 1227/2446/412 1228/2447/412
f 1232/2448/412 1228/2449/412 1229/2450/412
f 1232/2451/412 1229/2452/412 1230/2453/412
f 1230/2454/412 1231/2455/412 1232/2456/412
o digit_1_6_f
usemtl sign_face_glow
v -0.37212 1.69 0.303
v -0.46988 1.69 0.303
v -0.49888 1.661 0.303
v -0.46988 1.632 0.303
v -0.37212 1.632 0.303
v -0.34312 1.661 0.303
v -0.37212 1.69 0.307
v -0.46988 1.69 0.307
v -0.49888 1.661 0.307
v -0.46988 1.632 0.307
v -0.37212 1.632 0.307
v -0.34312 1.661 0.307
v -0.37212 1.69 0.303
v -0.46988 1.69 0.303
v -0.49888 1.661 0.303
v -0.46988 1.632 0.303
v -0.37212 1.632 0.303
v -0.34312 1.661 0.303
v -0.37212 1.69 0.307
v -0.46988 1.69 0.307
v -0.49888 1.661 0.307
v -0.46988 1.632 0.307
v -0.37212 1.632 0.307
v -0.34312 1.661 0.307
vt 0.64917 0.348408
vt 0.660626 0.348408
vt 0.660626 0.348877
vt 0.64917 0.348877
vt 0.553467 0.344502
vt 0.558273 0.344502
vt 0.558273 0.344971
vt 0.553467 0.344971
vt 0.032959 0.344502
vt 0.037765 0.344502
vt 0.037765 0.344971
vt 0.032959 0.344971
vt 0.662354 0.348408
vt 0.67381 0.348408
vt 0.67381 0.348877
vt 0.662354 0.348877
vt 0.039307 0.344502
vt 0.044113 0.344502
vt 0.044113 0.344971
vt 0.039307 0.344971
vt 0.559814 0.344502
vt 0.564621 0.344502
vt 0.564621 0.344971
vt 0.559814 0.344971
vt 0.857384 0.363037
vt 0.845928 0.363037
vt 0.842529 0.359639
vt 0.860782 0.359639
vt 0.857384 0.363037
vt 0.842529 0.359639
vt 0.857384 0.35624
vt 0.860782 0.359639
vt 0.842529 0.359639
vt 0.842529 0.359639
vt 0.845928 0.35624
vt 0.857384 0.35624
vt 0.880802 0.359639
vt 0.877404 0.363037
vt 0.865947 0.363037
vt 0.880802 0.359639
vt 0.865947 0.363037
vt 0.862549 0.359639
vt 0.880802 0.359639
vt 0.862549 0.359639
vt 0.865947 0.35624
vt 0.865947 0.35624
vt 0.877404 0.35624
vt 0.880802 0.359639
vn 0 1 0
vn -0.707107 0.707107 0
vn -0.707107 -0.707107 0
vn 0 -1 0
vn 0.707107 -0.707107 0
vn 0.707107 0.707107 0
vn 0 0 -1
vn 0 0 1
f 1233/2457/413 1234/2458/413 1240/2459/413 1239/2460/413
f 1234/2461/414 1235/2462/414 1241/2463/414 1240/2464/414
f 1235/2465/415 1236/2466/415 1242/2467/415 1241/2468/415
f 1236/2469/416 1237/2470/416 1243/2471/416 1242/2472/416
f 1237/2473/417 1238/2474/417 1244/2475/417 1243/2476/417
f 1238/2477/418 1233/2478/418 1239/2479/418 1244/2480/418
f 1246/2481/419 1245/2482/419 1250/2483/419
f 1247/2484/419 1246/2485/419 1250/2486/419
f 1248/2487/419 1247/2488/419 1250/2489/419
f 1250/2490/419 1249/2491/419 1248/2492/419
f 1256/2493/420 1251/2494/420 1252/2495/420
f 1256/2496/420 1252/2497/420 1253/2498/420
f 1256/2499/420 1253/2500/420 1254/2501/420
f 1254/2502/420 1255/2503/420 1256/2504/420
o digit_1_6_b
usemtl sign_face_glow
v 2.34312 1.661 0.693
v 2.37212 1.632 0.693
v 2.46988 1.632 0.693
v 2.49888 1.661 0.693
v 2.46988 1.69 0.693
v 2.37212 1.69 0.693
v 2.34312 1.661 0.697
v 2.37212 1.632 0.697
v 2.46988 1.632 0.697
v 2.49888 1.661 0.697
v 2.46988 1.69 0.697
v 2.37212 1.69 0.697
v 2.34312 1.661 0.693
v 2.37212 1.632 0.693
v 2.46988 1.632 0.693
v 2.49888 1.661 0.693
v 2.46988 1.69 0.693
v 2.37212 1.69 0.693
v 2.34312 1.661 0.697
v 2.37212 1.632 0.697
v 2.46988 1.632 0.697
v 2.49888 1.661 0.697
v 2.46988 1.69 0.697
v 2.37212 1.69 0.697
vt 0.045654 0.344502
vt 0.05046 0.344502
vt 0.05046 0.344971
vt 0.045654 0.344971
vt 0.886475 0.348408
vt 0.897931 0.348408
vt 0.897931 0.348877
vt 0.886475 0.348877
vt 0.052002 0.344502
vt 0.056808 0.344502
vt 0.056808 0.344971
vt 0.052002 0.344971
vt 0.566162 0.344502
vt 0.570968 0.344502
vt 0.570968 0.344971
vt 0.566162 0.344971
vt 0.899658 0.348408
vt 0.911114 0.348408
vt 0.911114 0.348877
vt 0.899658 0.348877
vt 0.05835 0.344502
vt 0.063156 0.344502
vt 0.063156 0.344971
vt 0.05835 0.344971
vt 0.777306 0.35624
vt 0.780704 0.359639
vt 0.777306 0.363037
vt 0.76585 0.35624
vt 0.777306 0.35624
vt 0.777306 0.363037
vt 0.762451 0.359639
vt 0.76585 0.35624
vt 0.777306 0.363037
vt 0.777306 0.363037
vt 0.76585 0.363037
vt 0.762451 0.359639
vt 0.785869 0.363037
vt 0.782471 0.359639
vt 0.785869 0.35624
vt 0.785869 0.363037
vt 0.785869 0.35624
vt 0.797325 0.35624
vt 0.785869 0.363037
vt 0.797325 0.35624
vt 0.800724 0.359639
vt 0.800724 0.359639
vt 0.797325 0.363037
vt 0.785869 0.363037
vn -0.707107 -0.707107 0
vn 0 -1 0
vn 0.707107 -0.707107 0
vn 0.707107 0.707107 0
vn 0 1 0
vn -0.707107 0.707107 0
vn 0 0 -1
vn 0 0 1
f 1257/2505/421 1258/2506/421 1264/2507/421 1263/2508/421
f 1258/2509/422 1259/2510/422 1265/2511/422 1264/2512/422
f 1259/2513/423 1260/2514/423 1266/2515/423 1265/2516/423
f 1260/2517/424 1261/2518/424 1267/2519/424 1266/2520/424
f 1261/2521/425 1262/2522/425 1268/2523/425 1267/2524/425
f 1262/2525/426 1257/2526/426 1263/2527/426 1268/2528/426
f 1270/2529/427 1269/2530/427 1274/2531/427
f 1271/2532/427 1270/2533/427 1274/2534/427
f 1272/2535/427 1271/2536/427 1274/2537/427
f 1274/2538/427 1273/2539/427 1272/2540/427
f 1280/2541/428 1275/2542/428 1276/2543/428
f 1280/2544/428 1276/2545/428 1277/2546/428
f 1280/2547/428 1277/2548/428 1278/2549/428
f 1278/2550/428 1279/2551/428 1280/2552/428
o digit_1_7_f
usemtl sign_face_glow
v -0.478 1.51712 0.303
v -0.478 1.62388 0.303
v -0.507 1.65288 0.303
v -0.536 1.62388 0.303
v -0.536 1.51712 0.303
v -0.507 1.48812 0.303
v -0.478 1.51712 0.307
v -0.478 1.62388 0.307
v -0.507 1.65288 0.307
v -0.536 1.62388 0.307
v -0.536 1.51712 0.307
v -0.507 1.48812 0.307
v -0.478 1.51712 0.303
v -0.478 1.62388 0.303
v -0.507 1.65288 0.303
v -0.536 1.62388 0.303
v -0.536 1.51712 0.303
v -0.507 1.48812 0.303
v -0.478 1.51712 0.307
v -0.478 1.62388 0.307
v -0.507 1.65288 0.307
v -0.536 1.62388 0.307
v -0.536 1.51712 0.307
v -0.507 1.48812 0.307
vt 0.552002 0.354268
vt 0.564513 0.354268
vt 0.564513 0.354736
vt 0.552002 0.354736
vt 0.57251 0.344502
vt 0.577316 0.344502
vt 0.577316 0.344971
vt 0.57251 0.344971
vt 0.705811 0.344502
vt 0.710617 0.344502
vt 0.710617 0.344971
vt 0.705811 0.344971
vt 0.566162 0.354268
vt 0.578673 0.354268
vt 0.578673 0.354736
vt 0.566162 0.354736
vt 0.064697 0.344502
vt 0.069503 0.344502
vt 0.069503 0.344971
vt 0.064697 0.344971
vt 0.071045 0.344502
vt 0.075851 0.344502
vt 0.075851 0.344971
vt 0.071045 0.344971
vt 0.177286 0.371338
vt 0.164775 0.371338
vt 0.161377 0.367939
vt 0.180685 0.367939
vt 0.177286 0.371338
vt 0.161377 0.367939
vt 0.177286 0.364541
vt 0.180685 0.367939
vt 0.161377 0.367939
vt 0.161377 0.367939
vt 0.164775 0.364541
vt 0.177286 0.364541
vt 0.182373 0.367939
vt 0.185771 0.364541
vt 0.198282 0.364541
vt 0.182373 0.367939
vt 0.198282 0.364541
vt 0.201681 0.367939
vt 0.182373 0.367939
vt 0.201681 0.367939
vt 0.198282 0.371338
vt 0.198282 0.371338
vt 0.185771 0.371338
vt 0.182373 0.367939
vn 1 0 0
vn 0.707107 0.707107 0
vn -0.707107 0.707107 0
vn -1 0 0
vn -0.707107 -0.707107 0
vn 0.707107 -0.707107 0
vn 0 0 -1
vn 0 0 1
f 1281/2553/429 1282/2554/429 1288/2555/429 1287/2556/429
f 1282/2557/430 1283/2558/430 1289/2559/430 1288/2560/430
f 1283/2561/431 1284/2562/431 1290/2563/431 1289/2564/431
f 1284/2565/432 1285/2566/432 1291/2567/432 1290/2568/432
f 1285/2569/433 1286/2570/433 1292/2571/433 1291/2572/433
f 1286/2573/434 1281/2574/434 1287/2575/434 1292/2576/434
f 1294/2577/435 1293/2578/435 1298/2579/435
f 1295/2580/435 1294/2581/435 1298/2582/435
f 1296/2583/435 1295/2584/435 1298/2585/435
f 1298/2586/435 1297/2587/435 1296/2588/435
f 1304/2589/436 1299/2590/436 1300/2591/436
f 1304/2592/436 1300/2593/436 1301/2594/436
f 1304/2595/436 1301/2596/436 1302/2597/436
f 1302/2598/436 1303/2599/436 1304/2600/436
o digit_1_7_b
usemtl sign_face_glow
v 2.507 1.48812 0.693
v 2.536 1.51712 0.693
v 2.536 1.62388 0.693
v 2.507 1.65288 0.693
v 2.478 1.62388 0.693
v 2.478 1.51712 0.693
v 2.507 1.48812 0.697
v 2.536 1.51712 0.697
v 2.536 1.62388 0.697
v 2.507 1.65288 0.697
v 2.478 1.62388 0.697
v 2.478 1.51712 0.697
v 2.507 1.48812 0.693
v 2.536 1.51712 0.693
v 2.536 1.62388 0.693
v 2.507 1.65288 0.693
v 2.478 1.62388 0.693
v 2.478 1.51712 0.693
v 2.507 1.48812 0.697
v 2.536 1.51712 0.697
v 2.536 1.62388 0.697
v 2.507 1.65288 0.697
v 2.478 1.62388 0.697
v 2.478 1.51712 0.697
vt 0.077393 0.344502
vt 0.082199 0.344502
vt 0.082199 0.344971
vt 0.077393 0.344971
vt 0.580322 0.354268
vt 0.592833 0.354268
vt 0.592833 0.354736
vt 0.580322 0.354736
vt 0.832764 0.344502
vt 0.83757 0.344502
vt 0.83757 0.344971
vt 0.832764 0.344971
vt 0.08374 0.344502
vt 0.088546 0.344502
vt 0.088546 0.344971
vt 0.08374 0.344971
vt 0.594482 0.354268
vt 0.606993 0.354268
vt 0.606993 0.354736
vt 0.594482 0.354736
vt 0.090088 0.344502
vt 0.094894 0.344502
vt 0.094894 0.344971
vt 0.090088 0.344971
vt 0.395732 0.371338
vt 0.392334 0.367939
vt 0.395732 0.364541
vt 0.408243 0.371338
vt 0.395732 0.371338
vt 0.395732 0.364541
vt 0.411642 0.367939
vt 0.408243 0.371338
vt 0.395732 0.364541
vt 0.395732 0.364541
vt 0.408243 0.364541
vt 0.411642 0.367939
vt 0.416729 0.371338
vt 0.41333 0.367939
vt 0.416729 0.364541
vt 0.416729 0.371338
vt 0.416729 0.364541
vt 0.429239 0.364541
vt 0.416729 0.371338
vt 0.429239 0.364541
vt 0.432638 0.367939
vt 0.432638 0.367939
vt 0.429239 0.371338
vt 0.416729 0.371338
vn 0.707107 -0.707107 0
vn 1 0 0
vn 0.707107 0.707107 0
vn -0.707107 0.707107 0
vn -1 0 0
vn -0.707107 -0.707107 0
vn 0 0 -1
vn 0 0 1
f 1305/2601/437 1306/2602/437 1312/2603/437 1311/2604/437
f 1306/2605/438 1307/2606/438 1313/2607/438 1312/2608/438
f 1307/2609/439 1308/2610/439 1314/2611/439 1313/2612/439
f 1308/2613/440 1309/2614/440 1315/2615/440 1314/2616/440
f 1309/2617/441 1310/2618/441 1316/2619/441 1315/2620/441
f 1310/2621/442 1305/2622/442 1311/2623/442 1316/2624/442
f 1318/2625/443 1317/2626/443 1322/2627/443
f 1319/2628/443 1318/2629/443 1322/2630/443
f 1320/2631/443 1319/2632/443 1322/2633/443
f 1322/2634/443 1321/2635/443 1320/2636/443
f 1328/2637/444 1323/2638/444 1324/2639/444
f 1328/2640/444 1324/2641/444 1325/2642/444
f 1328/2643/444 1325/2644/444 1326/2645/444
f 1326/2646/444 1327/2647/444 1328/2648/444
o digit_1_8_f
usemtl sign_face_glow
v -0.478 1.33612 0.303
v -0.478 1.44288 0.303
v -0.507 1.47188 0.303
v -0.536 1.44288 0.303
v -0.536 1.33612 0.303
v -0.507 1.30712 0.303
v -0.478 1.33612 0.307
v -0.478 1.44288 0.307
v -0.507 1.47188 0.307
v -0.536 1.44288 0.307
v -0.536 1.33612 0.307
v -0.507 1.30712 0.307
v -0.478 1.33612 0.303
v -0.478 1.44288 0.303
v -0.507 1.47188 0.303
v -0.536 1.44288 0.303
v -0.536 1.33612 0.303
v -0.507 1.30712 0.303
v -0.478 1.33612 0.307
v -0.478 1.44288 0.307
v -0.507 1.47188 0.307
v -0.536 1.44288 0.307
v -0.536 1.33612 0.307
v -0.507 1.30712 0.307
vt 0.608643 0.354268
vt 0.621154 0.354268
vt 0.621154 0.354736
vt 0.608643 0.354736
vt 0.096436 0.344502
vt 0.101242 0.344502
vt 0.101242 0.344971
vt 0.096436 0.344971
vt 0.407471 0.344502
vt 0.412277 0.344502
vt 0.412277 0.344971
vt 0.407471 0.344971
vt 0.622803 0.354268
vt 0.635314 0.354268
vt 0.635314 0.354736
vt 0.622803 0.354736
vt 0.578857 0.344502
vt 0.583664 0.344502
vt 0.583664 0.344971
vt 0.578857 0.344971
vt 0.102783 0.344502
vt 0.107589 0.344502
vt 0.107589 0.344971
vt 0.102783 0.344971
vt 0.219279 0.371338
vt 0.206768 0.371338
vt 0.203369 0.367939
vt 0.222677 0.367939
vt 0.219279 0.371338
vt 0.203369 0.367939
vt 0.219279 0.364541
vt 0.222677 0.367939
vt 0.203369 0.367939
vt 0.203369 0.367939
vt 0.206768 0.364541
vt 0.219279 0.364541
vt 0.224365 0.367939
vt 0.227764 0.364541
vt 0.240275 0.364541
vt 0.224365 0.367939
vt 0.240275 0.364541
vt 0.243673 0.367939
vt 0.224365 0.367939
vt 0.243673 0.367939
vt 0.240275 0.371338
vt 0.240275 0.371338
vt 0.227764 0.371338
vt 0.224365 0.367939
vn 1 0 0
vn 0.707107 0.707107 0
vn -0.707107 0.707107 0
vn -1 0 0
vn -0.707107 -0.707107 0
vn 0.707107 -0.707107 0
vn 0 0 -1
vn 0 0 1
f 1329/2649/445 1330/2650/445 1336/2651/445 1335/2652/445
f 1330/2653/446 1331/2654/446 1337/2655/446 1336/2656/446
f 1331/2657/447 1332/2658/447 1338/2659/447 1337/2660/447
f 1332/2661/448 1333/2662/448 1339/2663/448 1338/2664/448
f 1333/2665/449 1334/2666/449 1340/2667/449 1339/2668/449
f 1334/2669/450 1329/2670/450 1335/2671/450 1340/2672/450
f 1342/2673/451 1341/2674/451 1346/2675/451
f 1343/2676/451 1342/2677/451 1346/2678/451
f 1344/2679/451 1343/2680/451 1346/2681/451
f 1346/2682/451 1345/2683/451 1344/2684/451
f 1352/2685/452 1347/2686/452 1348/2687/452
f 1352/2688/452 1348/2689/452 1349/2690/452
f 1352/2691/452 1349/2692/452 1350/2693/452
f 1350/2694/452 1351/2695/452 1352/2696/452
o digit_1_8_b
usemtl sign_face_glow
v 2.507 1.30712 0.693
v 2.536 1.33612 0.693
v 2.536 1.44288 0.693
v 2.507 1.47188 0.693
v 2.478 1.44288 0.693
v 2.478 1.33612 0.693
v 2.507 1.30712 0.697
v 2.536 1.33612 0.697
v 2.536 1.44288 0.697
v 2.507 1.47188 0.697
v 2.478 1.44288 0.697
v 2.478 1.33612 0.697
v 2.507 1.30712 0.693
v 2.536 1.33612 0.693
v 2.536 1.44288 0.693
v 2.507 1.47188 0.693
v 2.478 1.44288 0.693
v 2.478 1.33612 0.693
v 2.507 1.30712 0.697
v 2.536 1.33612 0.697
v 2.536 1.44288 0.697
v 2.507 1.47188 0.697
v 2.478 1.44288 0.697
v 2.478 1.33612 0.697
vt 0.58667 0.346455
vt 0.591476 0.346455
vt 0.591476 0.346924
vt 0.58667 0.346924
vt 0.636963 0.354268
vt 0.649474 0.354268
vt 0.649474 0.354736
vt 0.636963 0.354736
vt 0.585205 0.344502
vt 0.590011 0.344502
vt 0.590011 0.344971
vt 0.585205 0.344971
vt 0.593018 0.346455
vt 0.597824 0.346455
vt 0.597824 0.346924
vt 0.593018 0.346924
vt 0.651123 0.354268
vt 0.663634 0.354268
vt 0.663634 0.354736
vt 0.651123 0.354736
vt 0.413818 0.344502
vt 0.418624 0.344502
vt 0.418624 0.344971
vt 0.413818 0.344971
vt 0.437725 0.371338
vt 0.434326 0.367939
vt 0.437725 0.364541
vt 0.450236 0.371338
vt 0.437725 0.371338
vt 0.437725 0.364541
vt 0.453634 0.367939
vt 0.450236 0.371338
vt 0.437725 0.364541
vt 0.437725 0.364541
vt 0.450236 0.364541
vt 0.453634 0.367939
vt 0.458721 0.371338
vt 0.455322 0.367939
vt 0.458721 0.364541
vt 0.458721 0.371338
vt 0.458721 0.364541
vt 0.471232 0.364541
vt 0.458721 0.371338
vt 0.471232 0.364541
vt 0.47463 0.367939
vt 0.47463 0.367939
vt 0.471232 0.371338
vt 0.458721 0.371338
vn 0.707107 -0.707107 0
vn 1 0 0
vn 0.707107 0.707107 0
vn -0.707107 0.707107 0
vn -1 0 0
vn -0.707107 -0.707107 0
vn 0 0 -1
vn 0 0 1
f 1353/2697/453 1354/2698/453 1360/2699/453 1359/2700/453
f 1354/2701/454 1355/2702/454 1361/2703/454 1360/2704/454
f 1355/2705/455 1356/2706/455 1362/2707/455 1361/2708/455
f 1356/2709/456 1357/2710/456 1363/2711/456 1362/2712/456
f 1357/2713/457 1358/2714/457 1364/2715/457 1363/2716/457
f 1358/2717/458 1353/2718/458 1359/2719/458 1364/2720/458
f 1366/2721/459 1365/2722/459 1370/2723/459
f 1367/2724/459 1366/2725/459 1370/2726/459
f 1368/2727/459 1367/2728/459 1370/2729/459
f 1370/2730/459 1369/2731/459 1368/2732/459
f 1376/2733/460 1371/2734/460 1372/2735/460
f 1376/2736/460 1372/2737/460 1373/2738/460
f 1376/2739/460 1373/2740/460 1374/2741/460
f 1374/2742/460 1375/2743/460 1376/2744/460
o digit_1_9_f
usemtl sign_face_glow
v -0.37212 1.328 0.303
v -0.46988 1.328 0.303
v -0.49888 1.299 0.303
v -0.46988 1.27 0.303
v -0.37212 1.27 0.303
v -0.34312 1.299 0.303
v -0.37212 1.328 0.307
v -0.46988 1.328 0.307
v -0.49888 1.299 0.307
v -0.46988 1.27 0.307
v -0.37212 1.27 0.307
v -0.34312 1.299 0.307
v -0.37212 1.328 0.303
v -0.46988 1.328 0.303
v -0.49888 1.299 0.303
v -0.46988 1.27 0.303
v -0.37212 1.27 0.303
v -0.34312 1.299 0.303
v -0.37212 1.328 0.307
v -0.46988 1.328 0.307
v -0.49888 1.299 0.307
v -0.46988 1.27 0.307
v -0.37212 1.27 0.307
v -0.34312 1.299 0.307
vt 0.675537 0.348408
vt 0.686993 0.348408
vt 0.686993 0.348877
vt 0.675537 0.348877
vt 0.109131 0.344502
vt 0.113937 0.344502
vt 0.113937 0.344971
vt 0.109131 0.344971
vt 0.115479 0.344502
vt 0.120285 0.344502
vt 0.120285 0.344971
vt 0.115479 0.344971
vt 0.688721 0.348408
vt 0.700177 0.348408
vt 0.700177 0.348877
vt 0.688721 0.348877
vt 0.591553 0.344502
vt 0.596359 0.344502
vt 0.596359 0.344971
vt 0.591553 0.344971
vt 0.121826 0.344502
vt 0.126632 0.344502
vt 0.126632 0.344971
vt 0.121826 0.344971
vt 0.260216 0.363037
vt 0.24876 0.363037
vt 0.245361 0.359639
vt 0.263614 0.359639
vt 0.260216 0.363037
vt 0.245361 0.359639
vt 0.260216 0.35624
vt 0.263614 0.359639
vt 0.245361 0.359639
vt 0.245361 0.359639
vt 0.24876 0.35624
vt 0.260216 0.35624
vt 0.283634 0.359639
vt 0.280236 0.363037
vt 0.268779 0.363037
vt 0.283634 0.359639
vt 0.268779 0.363037
vt 0.265381 0.359639
vt 0.283634 0.359639
vt 0.265381 0.359639
vt 0.268779 0.35624
vt 0.268779 0.35624
vt 0.280236 0.35624
vt 0.283634 0.359639
vn 0 1 0
vn -0.707107 0.707107 0
vn -0.707107 -0.707107 0
vn 0 -1 0
vn 0.707107 -0.707107 0
vn 0.707107 0.707107 0
vn 0 0 -1
vn 0 0 1
f 1377/2745/461 1378/2746/461 1384/2747/461 1383/2748/461
f 1378/2749/462 1379/2750/462 1385/2751/462 1384/2752/462
f 1379/2753/463 1380/2754/463 1386/2755/463 1385/2756/463
f 1380/2757/464 1381/2758/464 1387/2759/464 1386/2760/464
f 1381/2761/465 1382/2762/465 1388/2763/465 1387/2764/465
f 1382/2765/466 1377/2766/466 1383/2767/466 1388/2768/466
f 1390/2769/467 1389/2770/467 1394/2771/467
f 1391/2772/467 1390/2773/467 1394/2774/467
f 1392/2775/467 1391/2776/467 1394/2777/467
f 1394/2778/467 1393/2779/467 1392/2780/467
f 1400/2781/468 1395/2782/468 1396/2783/468
f 1400/2784/468 1396/2785/468 1397/2786/468
f 1400/2787/468 1397/2788/468 1398/2789/468
f 1398/2790/468 1399/2791/468 1400/2792/468
o digit_1_9_b
usemtl sign_face_glow
v 2.34312 1.299 0.693
v 2.37212 1.27 0.693
v 2.46988 1.27 0.693
v 2.49888 1.299 0.693
v 2.46988 1.328 0.693
v 2.37212 1.328 0.693
v 2.34312 1.299 0.697
v 2.37212 1.27 0.697
v 2.46988 1.27 0.697
v 2.49888 1.299 0.697
v 2.46988 1.328 0.697
v 2.37212 1.328 0.697
v 2.34312 1.299 0.693
v 2.37212 1.27 0.693
v 2.46988 1.27 0.693
v 2.49888 1.299 0.693
v 2.46988 1.328 0.693
v 2.37212 1.328 0.693
v 2.34312 1.299 0.697
v 2.37212 1.27 0.697
v 2.46988 1.27 0.697
v 2.49888 1.299 0.697
v 2.46988 1.328 0.697
v 2.37212 1.328 0.697
vt 0.128174 0.344502
vt 0.13298 0.344502
vt 0.13298 0.344971
vt 0.128174 0.344971
vt 0.912842 0.348408
vt 0.924298 0.348408
vt 0.924298 0.348877
vt 0.912842 0.348877
vt 0.839111 0.344502
vt 0.843917 0.344502
vt 0.843917 0.344971
vt 0.839111 0.344971
vt 0.669189 0.346455
vt 0.673996 0.346455
vt 0.673996 0.346924
vt 0.669189 0.346924
vt 0.926025 0.348408
vt 0.937482 0.348408
vt 0.937482 0.348877
vt 0.926025 0.348877
vt 0.599365 0.346455
vt 0.604171 0.346455
vt 0.604171 0.346924
vt 0.599365 0.346924
vt 0.10006 0.35624
vt 0.103458 0.359639
vt 0.10006 0.363037
vt 0.088604 0.35624
vt 0.10006 0.35624
vt 0.10006 0.363037
vt 0.085205 0.359639
vt 0.088604 0.35624
vt 0.10006 0.363037
vt 0.10006 0.363037
vt 0.088604 0.363037
vt 0.085205 0.359639
vt 0.108623 0.363037
vt 0.105225 0.359639
vt 0.108623 0.35624
vt 0.108623 0.363037
vt 0.108623 0.35624
vt 0.120079 0.35624
vt 0.108623 0.363037
vt 0.120079 0.35624
vt 0.123478 0.359639
vt 0.123478 0.359639
vt 0.120079 0.363037
vt 0.108623 0.363037
vn -0.707107 -0.707107 0
vn 0 -1 0
vn 0.707107 -0.707107 0
vn 0.707107 0.707107 0
vn 0 1 0
vn -0.707107 0.707107 0
vn 0 0 -1
vn 0 0 1
f 1401/2793/469 1402/2794/469 1408/2795/469 1407/2796/469
f 1402/2797/470 1403/2798/470 1409/2799/470 1408/2800/470
f 1403/2801/471 1404/2802/471 1410/2803/471 1409/2804/471
f 1404/2805/472 1405/2806/472 1411/2807/472 1410/2808/472
f 1405/2809/473 1406/2810/473 1412/2811/473 1411/2812/473
f 1406/2813/474 1401/2814/474 1407/2815/474 1412/2816/474
f 1414/2817/475 1413/2818/475 1418/2819/475
f 1415/2820/475 1414/2821/475 1418/2822/475
f 1416/2823/475 1415/2824/475 1418/2825/475
f 1418/2826/475 1417/2827/475 1416/2828/475
f 1424/2829/476 1419/2830/476 1420/2831/476
f 1424/2832/476 1420/2833/476 1421/2834/476
f 1424/2835/476 1421/2836/476 1422/2837/476
f 1422/2838/476 1423/2839/476 1424/2840/476
o digit_1_10_f
usemtl sign_face_glow
v -0.306 1.33612 0.303
v -0.306 1.44288 0.303
v -0.335 1.47188 0.303
v -0.364 1.44288 0.303
v -0.364 1.33612 0.303
v -0.335 1.30712 0.303
v -0.306 1.33612 0.307
v -0.306 1.44288 0.307
v -0.335 1.47188 0.307
v -0.364 1.44288 0.307
v -0.364 1.33612 0.307
v -0.335 1.30712 0.307
v -0.306 1.33612 0.303
v -0.306 1.44288 0.303
v -0.335 1.47188 0.303
v -0.364 1.44288 0.303
v -0.364 1.33612 0.303
v -0.335 1.30712 0.303
v -0.306 1.33612 0.307
v -0.306 1.44288 0.307
v -0.335 1.47188 0.307
v -0.364 1.44288 0.307
v -0.364 1.33612 0.307
v -0.335 1.30712 0.307
vt 0.665283 0.354268
vt 0.677794 0.354268
vt 0.677794 0.354736
vt 0.665283 0.354736
vt 0.845459 0.344502
vt 0.850265 0.344502
vt 0.850265 0.344971
vt 0.845459 0.344971
vt 0.5979 0.344502
vt 0.602707 0.344502
vt 0.602707 0.344971
vt 0.5979 0.344971
vt 0.679443 0.354268
vt 0.691954 0.354268
vt 0.691954 0.354736
vt 0.679443 0.354736
vt 0.134521 0.344502
vt 0.139328 0.344502
vt 0.139328 0.344971
vt 0.134521 0.344971
vt 0.420166 0.344502
vt 0.424972 0.344502
vt 0.424972 0.344971
vt 0.420166 0.344971
vt 0.652384 0.363037
vt 0.639873 0.363037
vt 0.636475 0.359639
vt 0.655782 0.359639
vt 0.652384 0.363037
vt 0.636475 0.359639
vt 0.652384 0.35624
vt 0.655782 0.359639
vt 0.636475 0.359639
vt 0.636475 0.359639
vt 0.639873 0.35624
vt 0.652384 0.35624
vt 0.657471 0.359639
vt 0.660869 0.35624
vt 0.67338 0.35624
vt 0.657471 0.359639
vt 0.67338 0.35624
vt 0.676779 0.359639
vt 0.657471 0.359639
vt 0.676779 0.359639
vt 0.67338 0.363037
vt 0.67338 0.363037
vt 0.660869 0.363037
vt 0.657471 0.359639
vn 1 0 0
vn 0.707107 0.707107 0
vn -0.707107 0.707107 0
vn -1 0 0
vn -0.707107 -0.707107 0
vn 0.707107 -0.707107 0
vn 0 0 -1
vn 0 0 1
f 1425/2841/477 1426/2842/477 1432/2843/477 1431/2844/477
f 1426/2845/478 1427/2846/478 1433/2847/478 1432/2848/478
f 1427/2849/479 1428/2850/479 1434/2851/479 1433/2852/479
f 1428/2853/480 1429/2854/480 1435/2855/480 1434/2856/480
f 1429/2857/481 1430/2858/481 1436/2859/481 1435/2860/481
f 1430/2861/482 1425/2862/482 1431/2863/482 1436/2864/482
f 1438/2865/483 1437/2866/483 1442/2867/483
f 1439/2868/483 1438/2869/483 1442/2870/483
f 1440/2871/483 1439/2872/483 1442/2873/483
f 1442/2874/483 1441/2875/483 1440/2876/483
f 1448/2877/484 1443/2878/484 1444/2879/484
f 1448/2880/484 1444/2881/484 1445/2882/484
f 1448/2883/484 1445/2884/484 1446/2885/484
f 1446/2886/484 1447/2887/484 1448/2888/484
o digit_1_10_b
usemtl sign_face_glow
v 2.335 1.30712 0.693
v 2.364 1.33612 0.693
v 2.364 1.44288 0.693
v 2.335 1.47188 0.693
v 2.306 1.44288 0.693
v 2.306 1.33612 0.693
v 2.335 1.30712 0.697
v 2.364 1.33612 0.697
v 2.364 1.44288 0.697
v 2.335 1.47188 0.697
v 2.306 1.44288 0.697
v 2.306 1.33612 0.697
v 2.335 1.30712 0.693
v 2.364 1.33612 0.693
v 2.364 1.44288 0.693
v 2.335 1.47188 0.693
v 2.306 1.44288 0.693
v 2.306 1.33612 0.693
v 2.335 1.30712 0.697
v 2.364 1.33612 0.697
v 2.364 1.44288 0.697
v 2.335 1.47188 0.697
v 2.306 1.44288 0.697
v 2.306 1.33612 0.697
vt 0.140869 0.344502
vt 0.145675 0.344502
vt 0.145675 0.344971
vt 0.140869 0.344971
vt 0.693604 0.354268
vt 0.706114 0.354268
vt 0.706114 0.354736
vt 0.693604 0.354736
vt 0.604248 0.344502
vt 0.609054 0.344502
vt 0.609054 0.344971
vt 0.604248 0.344971
vt 0.147217 0.344502
vt 0.152023 0.344502
vt 0.152023 0.344971
vt 0.147217 0.344971
vt 0.707764 0.354268
vt 0.720275 0.354268
vt 0.720275 0.354736
vt 0.707764 0.354736
vt 0.426514 0.344502
vt 0.43132 0.344502
vt 0.43132 0.344971
vt 0.426514 0.344971
vt 0.479717 0.371338
vt 0.476318 0.367939
vt 0.479717 0.364541
vt 0.492228 0.371338
vt 0.479717 0.371338
vt 0.479717 0.364541
vt 0.495626 0.367939
vt 0.492228 0.371338
vt 0.479717 0.364541
vt 0.479717 0.364541
vt 0.492228 0.364541
vt 0.495626 0.367939
vt 0.500713 0.371338
vt 0.497314 0.367939
vt 0.500713 0.364541
vt 0.500713 0.371338
vt 0.500713 0.364541
vt 0.513224 0.364541
vt 0.500713 0.371338
vt 0.513224 0.364541
vt 0.516622 0.367939
vt 0.516622 0.367939
vt 0.513224 0.371338
vt 0.500713 0.371338
vn 0.707107 -0.707107 0
vn 1 0 0
vn 0.707107 0.707107 0
vn -0.707107 0.707107 0
vn -1 0 0
vn -0.707107 -0.707107 0
vn 0 0 -1
vn 0 0 1
f 1449/2889/485 1450/2890/485 1456/2891/485 1455/2892/485
f 1450/2893/486 1451/2894/486 1457/2895/486 1456/2896/486
f 1451/2897/487 1452/2898/487 1458/2899/487 1457/2900/487
f 1452/2901/488 1453/2902/488 1459/2903/488 1458/2904/488
f 1453/2905/489 1454/2906/489 1460/2907/489 1459/2908/489
f 1454/2909/490 1449/2910/490 1455/2911/490 1460/2912/490
f 1462/2913/491 1461/2914/491 1466/2915/491
f 1463/2916/491 1462/2917/491 1466/2918/491
f 1464/2919/491 1463/2920/491 1466/2921/491
f 1466/2922/491 1465/2923/491 1464/2924/491
f 1472/2925/492 1467/2926/492 1468/2927/492
f 1472/2928/492 1468/2929/492 1469/2930/492
f 1472/2931/492 1469/2932/492 1470/2933/492
f 1470/2934/492 1471/2935/492 1472/2936/492
o digit_1_11_f
usemtl sign_face_glow
v -0.306 1.51712 0.303
v -0.306 1.62388 0.303
v -0.335 1.65288 0.303
v -0.364 1.62388 0.303
v -0.364 1.51712 0.303
v -0.335 1.48812 0.303
v -0.306 1.51712 0.307
v -0.306 1.62388 0.307
v -0.335 1.65288 0.307
v -0.364 1.62388 0.307
v -0.364 1.51712 0.307
v -0.335 1.48812 0.307
v -0.306 1.51712 0.303
v -0.306 1.62388 0.303
v -0.335 1.65288 0.303
v -0.364 1.62388 0.303
v -0.364 1.51712 0.303
v -0.335 1.48812 0.303
v -0.306 1.51712 0.307
v -0.306 1.62388 0.307
v -0.335 1.65288 0.307
v -0.364 1.62388 0.307
v -0.364 1.51712 0.307
v -0.335 1.48812 0.307
vt 0.721924 0.354268
vt 0.734435 0.354268
vt 0.734435 0.354736
vt 0.721924 0.354736
vt 0.851807 0.344502
vt 0.856613 0.344502
vt 0.856613 0.344971
vt 0.851807 0.344971
vt 0.610596 0.344502
vt 0.615402 0.344502
vt 0.615402 0.344971
vt 0.610596 0.344971
vt 0.736084 0.354268
vt 0.748595 0.354268
vt 0.748595 0.354736
vt 0.736084 0.354736
vt 0.605713 0.346455
vt 0.610519 0.346455
vt 0.610519 0.346924
vt 0.605713 0.346924
vt 0.153564 0.344502
vt 0.158371 0.344502
vt 0.158371 0.344971
vt 0.153564 0.344971
vt 0.694376 0.363037
vt 0.681865 0.363037
vt 0.678467 0.359639
vt 0.697775 0.359639
vt 0.694376 0.363037
vt 0.678467 0.359639
vt 0.694376 0.35624
vt 0.697775 0.359639
vt 0.678467 0.359639
vt 0.678467 0.359639
vt 0.681865 0.35624
vt 0.694376 0.35624
vt 0.699463 0.359639
vt 0.702861 0.35624
vt 0.715372 0.35624
vt 0.699463 0.359639
vt 0.715372 0.35624
vt 0.718771 0.359639
vt 0.699463 0.359639
vt 0.718771 0.359639
vt 0.715372 0.363037
vt 0.715372 0.363037
vt 0.702861 0.363037
vt 0.699463 0.359639
vn 1 0 0
vn 0.707107 0.707107 0
vn -0.707107 0.707107 0
vn -1 0 0
vn -0.707107 -0.707107 0
vn 0.707107 -0.707107 0
vn 0 0 -1
vn 0 0 1
f 1473/2937/493 1474/2938/493 1480/2939/493 1479/2940/493
f 1474/2941/494 1475/2942/494 1481/2943/494 1480/2944/494
f 1475/2945/495 1476/2946/495 1482/2947/495 1481/2948/495
f 1476/2949/496 1477/2950/496 1483/2951/496 1482/2952/496
f 1477/2953/497 1478/2954/497 1484/2955/497 1483/2956/497
f 1478/2957/498 1473/2958/498 1479/2959/498 1484/2960/498
f 1486/2961/499 1485/2962/499 1490/2963/499
f 1487/2964/499 1486/2965/499 1490/2966/499
f 1488/2967/499 1487/2968/499 1490/2969/499
f 1490/2970/499 1489/2971/499 1488/2972/499
f 1496/2973/500 1491/2974/500 1492/2975/500
f 1496/2976/500 1492/2977/500 1493/2978/500
f 1496/2979/500 1493/2980/500 1494/2981/500
f 1494/2982/500 1495/2983/500 1496/2984/500
o digit_1_11_b
usemtl sign_face_glow
v 2.335 1.48812 0.693
v 2.364 1.51712 0.693
v 2.364 1.62388 0.693
v 2.335 1.65288 0.693
v 2.306 1.62388 0.693
v 2.306 1.51712 0.693
v 2.335 1.48812 0.697
v 2.364 1.51712 0.697
v 2.364 1.62388 0.697
v 2.335 1.65288 0.697
v 2.306 1.62388 0.697
v 2.306 1.51712 0.697
v 2.335 1.48812 0.693
v 2.364 1.51712 0.693
v 2.364 1.62388 0.693
v 2.335 1.65288 0.693
v 2.306 1.62388 0.693
v 2.306 1.51712 0.693
v 2.335 1.48812 0.697
v 2.364 1.51712 0.697
v 2.364 1.62388 0.697
v 2.335 1.65288 0.697
v 2.306 1.62388 0.697
v 2.306 1.51712 0.697
vt 0.159912 0.344502
vt 0.164718 0.344502
vt 0.164718 0.344971
vt 0.159912 0.344971
vt 0.750244 0.354268
vt 0.762755 0.354268
vt 0.762755 0.354736
vt 0.750244 0.354736
vt 0.616943 0.344502
vt 0.621749 0.344502
vt 0.621749 0.344971
vt 0.616943 0.344971
vt 0.16626 0.344502
vt 0.171066 0.344502
vt 0.171066 0.344971
vt 0.16626 0.344971
vt 0.764404 0.354268
vt 0.776915 0.354268
vt 0.776915 0.354736
vt 0.764404 0.354736
vt 0.172607 0.344502
vt 0.177414 0.344502
vt 0.177414 0.344971
vt 0.172607 0.344971
vt 0.521709 0.371338
vt 0.518311 0.367939
vt 0.521709 0.364541
vt 0.53422 0.371338
vt 0.521709 0.371338
vt 0.521709 0.364541
vt 0.537618 0.367939
vt 0.53422 0.371338
vt 0.521709 0.364541
vt 0.521709 0.364541
vt 0.53422 0.364541
vt 0.537618 0.367939
vt 0.542705 0.371338
vt 0.539307 0.367939
vt 0.542705 0.364541
vt 0.542705 0.371338
vt 0.542705 0.364541
vt 0.555216 0.364541
vt 0.542705 0.371338
vt 0.555216 0.364541
vt 0.558614 0.367939
vt 0.558614 0.367939
vt 0.555216 0.371338
vt 0.542705 0.371338
vn 0.707107 -0.707107 0
vn 1 0 0
vn 0.707107 0.707107 0
vn -0.707107 0.707107 0
vn -1 0 0
vn -0.707107 -0.707107 0
vn 0 0 -1
vn 0 0 1
f 1497/2985/501 1498/2986/501 1504/2987/501 1503/2988/501
f 1498/2989/502 1499/2990/502 1505/2991/502 1504/2992/502
f 1499/2993/503 1500/2994/503 1506/2995/503 1505/2996/503
f 1500/2997/504 1501/2998/504 1507/2999/504 1506/3000/504
f 1501/3001/505 1502/3002/505 1508/3003/505 1507/3004/505
f 1502/3005/506 1497/3006/506 1503/3007/506 1508/3008/506
f 1510/3009/507 1509/3010/507 1514/3011/507
f 1511/3012/507 1510/3013/507 1514/3014/507
f 1512/3015/507 1511/3016/507 1514/3017/507
f 1514/3018/507 1513/3019/507 1512/3020/507
f 1520/3021/508 1515/3022/508 1516/3023/508
f 1520/3024/508 1516/3025/508 1517/3026/508
f 1520/3027/508 1517/3028/508 1518/3029/508
f 1518/3030/508 1519/3031/508 1520/3032/508
o digit_1_12_f
usemtl sign_face_glow
v -0.37212 1.509 0.303
v -0.46988 1.509 0.303
v -0.49888 1.48 0.303
v -0.46988 1.451 0.303
v -0.37212 1.451 0.303
v -0.34312 1.48 0.303
v -0.37212 1.509 0.307
v -0.46988 1.509 0.307
v -0.49888 1.48 0.307
v -0.46988 1.451 0.307
v -0.37212 1.451 0.307
v -0.34312 1.48 0.307
v -0.37212 1.509 0.303
v -0.46988 1.509 0.303
v -0.49888 1.48 0.303
v -0.46988 1.451 0.303
v -0.37212 1.451 0.303
v -0.34312 1.48 0.303
v -0.37212 1.509 0.307
v -0.46988 1.509 0.307
v -0.49888 1.48 0.307
v -0.46988 1.451 0.307
v -0.37212 1.451 0.307
v -0.34312 1.48 0.307
vt 0.701904 0.348408
vt 0.713361 0.348408
vt 0.713361 0.348877
vt 0.701904 0.348877
vt 0.432861 0.344502
vt 0.437667 0.344502
vt 0.437667 0.344971
vt 0.432861 0.344971
vt 0.623291 0.344502
vt 0.628097 0.344502
vt 0.628097 0.344971
vt 0.623291 0.344971
vt 0.715088 0.348408
vt 0.726544 0.348408
vt 0.726544 0.348877
vt 0.715088 0.348877
vt 0.629639 0.344502
vt 0.634445 0.344502
vt 0.634445 0.344971
vt 0.629639 0.344971
vt 0.635986 0.344502
vt 0.640792 0.344502
vt 0.640792 0.344971
vt 0.635986 0.344971
vt 0.300255 0.363037
vt 0.288799 0.363037
vt 0.2854 0.359639
vt 0.303654 0.359639
vt 0.300255 0.363037
vt 0.2854 0.359639
vt 0.300255 0.35624
vt 0.303654 0.359639
vt 0.2854 0.359639
vt 0.2854 0.359639
vt 0.288799 0.35624
vt 0.300255 0.35624
vt 0.323673 0.359639
vt 0.320275 0.363037
vt 0.308818 0.363037
vt 0.323673 0.359639
vt 0.308818 0.363037
vt 0.30542 0.359639
vt 0.323673 0.359639
vt 0.30542 0.359639
vt 0.308818 0.35624
vt 0.308818 0.35624
vt 0.320275 0.35624
vt 0.323673 0.359639
vn 0 1 0
vn -0.707107 0.707107 0
vn -0.707107 -0.707107 0
vn 0 -1 0
vn 0.707107 -0.707107 0
vn 0.707107 0.707107 0
vn 0 0 -1
vn 0 0 1
f 1521/3033/509 1522/3034/509 1528/3035/509 1527/3036/509
f 1522/3037/510 1523/3038/510 1529/3039/510 1528/3040/510
f 1523/3041/511 1524/3042/511 1530/3043/511 1529/3044/511
f 1524/3045/512 1525/3046/512 1531/3047/512 1530/3048/512
f 1525/3049/513 1526/3050/513 1532/3051/513 1531/3052/513
f 1526/3053/514 1521/3054/514 1527/3055/514 1532/3056/514
f 1534/3057/515 1533/3058/515 1538/3059/515
f 1535/3060/515 1534/3061/515 1538/3062/515
f 1536/3063/515 1535/3064/515 1538/3065/515
f 1538/3066/515 1537/3067/515 1536/3068/515
f 1544/3069/516 1539/3070/516 1540/3071/516
f 1544/3072/516 1540/3073/516 1541/3074/516
f 1544/3075/516 1541/3076/516 1542/3077/516
f 1542/3078/516 1543/3079/516 1544/3080/516
o digit_1_12_b
usemtl sign_face_glow
v 2.34312 1.48 0.693
v 2.37212 1.451 0.693
v 2.46988 1.451 0.693
v 2.49888 1.48 0.693
v 2.46988 1.509 0.693
v 2.37212 1.509 0.693
v 2.34312 1.48 0.697
v 2.37212 1.451 0.697
v 2.46988 1.451 0.697
v 2.49888 1.48 0.697
v 2.46988 1.509 0.697
v 2.37212 1.509 0.697
v 2.34312 1.48 0.693
v 2.37212 1.451 0.693
v 2.46988 1.451 0.693
v 2.49888 1.48 0.693
v 2.46988 1.509 0.693
v 2.37212 1.509 0.693
v 2.34312 1.48 0.697
v 2.37212 1.451 0.697
v 2.46988 1.451 0.697
v 2.49888 1.48 0.697
v 2.46988 1.509 0.697
v 2.37212 1.509 0.697
vt 0.178955 0.344502
vt 0.183761 0.344502
vt 0.183761 0.344971
vt 0.178955 0.344971
vt 0.939209 0.348408
vt 0.950665 0.348408
vt 0.950665 0.348877
vt 0.939209 0.348877
vt 0.858154 0.344502
vt 0.86296 0.344502
vt 0.86296 0.344971
vt 0.858154 0.344971
vt 0.185303 0.344502
vt 0.190109 0.344502
vt 0.190109 0.344971
vt 0.185303 0.344971
vt 0.952393 0.348408
vt 0.963849 0.348408
vt 0.963849 0.348877
vt 0.952393 0.348877
vt 0.19165 0.344502
vt 0.196457 0.344502
vt 0.196457 0.344971
vt 0.19165 0.344971
vt 0.140099 0.35624
vt 0.143497 0.359639
vt 0.140099 0.363037
vt 0.128643 0.35624
vt 0.140099 0.35624
vt 0.140099 0.363037
vt 0.125244 0.359639
vt 0.128643 0.35624
vt 0.140099 0.363037
vt 0.140099 0.363037
vt 0.128643 0.363037
vt 0.125244 0.359639
vt 0.148662 0.363037
vt 0.145264 0.359639
vt 0.148662 0.35624
vt 0.148662 0.363037
vt 0.148662 0.35624
vt 0.160118 0.35624
vt 0.148662 0.363037
vt 0.160118 0.35624
vt 0.163517 0.359639
vt 0.163517 0.359639
vt 0.160118 0.363037
vt 0.148662 0.363037
vn -0.707107 -0.707107 0
vn 0 -1 0
vn 0.707107 -0.707107 0
vn 0.707107 0.707107 0
vn 0 1 0
vn -0.707107 0.707107 0
vn 0 0 -1
vn 0 0 1
f 1545/3081/517 1546/3082/517 1552/3083/517 1551/3084/517
f 1546/3085/518 1547/3086/518 1553/3087/518 1552/3088/518
f 1547/3089/519 1548/3090/519 1554/3091/519 1553/3092/519
f 1548/3093/520 1549/3094/520 1555/3095/520 1554/3096/520
f 1549/3097/521 1550/3098/521 1556/3099/521 1555/3100/521
f 1550/3101/522 1545/3102/522 1551/3103/522 1556/3104/522
f 1558/3105/523 1557/3106/523 1562/3107/523
f 1559/3108/523 1558/3109/523 1562/3110/523
f 1560/3111/523 1559/3112/523 1562/3113/523
f 1562/3114/523 1561/3115/523 1560/3116/523
f 1568/3117/524 1563/3118/524 1564/3119/524
f 1568/3120/524 1564/3121/524 1565/3122/524
f 1568/3123/524 1565/3124/524 1566/3125/524
f 1566/3126/524 1567/3127/524 1568/3128/524
o digit_1_13_f
usemtl sign_face_glow
v -0.09812 1.69 0.303
v -0.19588 1.69 0.303
v -0.22488 1.661 0.303
v -0.19588 1.632 0.303
v -0.09812 1.632 0.303
v -0.06912 1.661 0.303
v -0.09812 1.69 0.307
v -0.19588 1.69 0.307
v -0.22488 1.661 0.307
v -0.19588 1.632 0.307
v -0.09812 1.632 0.307
v -0.06912 1.661 0.307
v -0.09812 1.69 0.303
v -0.19588 1.69 0.303
v -0.22488 1.661 0.303
v -0.19588 1.632 0.303
v -0.09812 1.632 0.303
v -0.06912 1.661 0.303
v -0.09812 1.69 0.307
v -0.19588 1.69 0.307
v -0.22488 1.661 0.307
v -0.19588 1.632 0.307
v -0.09812 1.632 0.307
v -0.06912 1.661 0.307
vt 0.490967 0.348408
vt 0.502423 0.348408
vt 0.502423 0.348877
vt 0.490967 0.348877
vt 0.864502 0.344502
vt 0.869308 0.344502
vt 0.869308 0.344971
vt 0.864502 0.344971
vt 0.642334 0.344502
vt 0.64714 0.344502
vt 0.64714 0.344971
vt 0.642334 0.344971
vt 0.50415 0.348408
vt 0.515607 0.348408
vt 0.515607 0.348877
vt 0.50415 0.348877
vt 0.197998 0.344502
vt 0.202804 0.344502
vt 0.202804 0.344971
vt 0.197998 0.344971
vt 0.87085 0.344502
vt 0.875656 0.344502
vt 0.875656 0.344971
vt 0.87085 0.344971
vt 0.897423 0.363037
vt 0.885967 0.363037
vt 0.882568 0.359639
vt 0.900821 0.359639
vt 0.897423 0.363037
vt 0.882568 0.359639
vt 0.897423 0.35624
vt 0.900821 0.359639
vt 0.882568 0.359639
vt 0.882568 0.359639
vt 0.885967 0.35624
vt 0.897423 0.35624
vt 0.920841 0.359639
vt 0.917443 0.363037
vt 0.905986 0.363037
vt 0.920841 0.359639
vt 0.905986 0.363037
vt 0.902588 0.359639
vt 0.920841 0.359639
vt 0.902588 0.359639
vt 0.905986 0.35624
vt 0.905986 0.35624
vt 0.917443 0.35624
vt 0.920841 0.359639
vn 0 1 0
vn -0.707107 0.707107 0
vn -0.707107 -0.707107 0
vn 0 -1 0
vn 0.707107 -0.707107 0
vn 0.707107 0.707107 0
vn 0 0 -1
vn 0 0 1
f 1569/3129/525 1570/3130/525 1576/3131/525 1575/3132/525
f 1570/3133/526 1571/3134/526 1577/3135/526 1576/3136/526
f 1571/3137/527 1572/3138/527 1578/3139/527 1577/3140/527
f 1572/3141/528 1573/3142/528 1579/3143/528 1578/3144/528
f 1573/3145/529 1574/3146/529 1580/3147/529 1579/3148/529
f 1574/3149/530 1569/3150/530 1575/3151/530 1580/3152/530
f 1582/3153/531 1581/3154/531 1586/3155/531
f 1583/3156/531 1582/3157/531 1586/3158/531
f 1584/3159/531 1583/3160/531 1586/3161/531
f 1586/3162/531 1585/3163/531 1584/3164/531
f 1592/3165/532 1587/3166/532 1588/3167/532
f 1592/3168/532 1588/3169/532 1589/3170/532
f 1592/3171/532 1589/3172/532 1590/3173/532
f 1590/3174/532 1591/3175/532 1592/3176/532
o digit_1_13_b
usemtl sign_face_glow
v 2.06912 1.661 0.693
v 2.09812 1.632 0.693
v 2.19588 1.632 0.693
v 2.22488 1.661 0.693
v 2.19588 1.69 0.693
v 2.09812 1.69 0.693
v 2.06912 1.661 0.697
v 2.09812 1.632 0.697
v 2.19588 1.632 0.697
v 2.22488 1.661 0.697
v 2.19588 1.69 0.697
v 2.09812 1.69 0.697
v 2.06912 1.661 0.693
v 2.09812 1.632 0.693
v 2.19588 1.632 0.693
v 2.22488 1.661 0.693
v 2.19588 1.69 0.693
v 2.09812 1.69 0.693
v 2.06912 1.661 0.697
v 2.09812 1.632 0.697
v 2.19588 1.632 0.697
v 2.22488 1.661 0.697
v 2.19588 1.69 0.697
v 2.09812 1.69 0.697
vt 0.204346 0.344502
vt 0.209152 0.344502
vt 0.209152 0.344971
vt 0.204346 0.344971
vt 0.965576 0.348408
vt 0.977032 0.348408
vt 0.977032 0.348877
vt 0.965576 0.348877
vt 0.877197 0.344502
vt 0.882003 0.344502
vt 0.882003 0.344971
vt 0.877197 0.344971
vt 0.648682 0.344502
vt 0.653488 0.344502
vt 0.653488 0.344971
vt 0.648682 0.344971
vt 0.97876 0.348408
vt 0.990216 0.348408
vt 0.990216 0.348877
vt 0.97876 0.348877
vt 0.210693 0.344502
vt 0.215499 0.344502
vt 0.215499 0.344971
vt 0.210693 0.344971
vt 0.817345 0.35624
vt 0.820743 0.359639
vt 0.817345 0.363037
vt 0.805889 0.35624
vt 0.817345 0.35624
vt 0.817345 0.363037
vt 0.80249 0.359639
vt 0.805889 0.35624
vt 0.817345 0.363037
vt 0.817345 0.363037
vt 0.805889 0.363037
vt 0.80249 0.359639
vt 0.825908 0.363037
vt 0.82251 0.359639
vt 0.825908 0.35624
vt 0.825908 0.363037
vt 0.825908 0.35624
vt 0.837364 0.35624
vt 0.825908 0.363037
vt 0.837364 0.35624
vt 0.840763 0.359639
vt 0.840763 0.359639
vt 0.837364 0.363037
vt 0.825908 0.363037
vn -0.707107 -0.707107 0
vn 0 -1 0
vn 0.707107 -0.707107 0
vn 0.707107 0.707107 0
vn 0 1 0
vn -0.707107 0.707107 0
vn 0 0 -1
vn 0 0 1
f 1593/3177/533 1594/3178/533 1600/3179/533 1599/3180/533
f 1594/3181/534 1595/3182/534 1601/3183/534 1600/3184/534
f 1595/3185/535 1596/3186/535 1602/3187/535 1601/3188/535
f 1596/3189/536 1597/3190/536 1603/3191/536 1602/3192/536
f 1597/3193/537 1598/3194/537 1604/3195/537 1603/3196/537
f 1598/3197/538 1593/3198/538 1599/3199/538 1604/3200/538
f 1606/3201/539 1605/3202/539 1610/3203/539
f 1607/3204/539 1606/3205/539 1610/3206/539
f 1608/3207/539 1607/3208/539 1610/3209/539
f 1610/3210/539 1609/3211/539 1608/3212/539
f 1616/3213/540 1611/3214/540 1612/3215/540
f 1616/3216/540 1612/3217/540 1613/3218/540
f 1616/3219/540 1613/3220/540 1614/3221/540
f 1614/3222/540 1615/3223/540 1616/3224/540
o digit_1_14_f
usemtl sign_face_glow
v -0.204 1.51712 0.303
v -0.204 1.62388 0.303
v -0.233 1.65288 0.303
v -0.262 1.62388 0.303
v -0.262 1.51712 0.303
v -0.233 1.48812 0.303
v -0.204 1.51712 0.307
v -0.204 1.62388 0.307
v -0.233 1.65288 0.307
v -0.262 1.62388 0.307
v -0.262 1.51712 0.307
v -0.233 1.48812 0.307
v -0.204 1.51712 0.303
v -0.204 1.62388 0.303
v -0.233 1.65288 0.303
v -0.262 1.62388 0.303
v -0.262 1.51712 0.303
v -0.233 1.48812 0.303
v -0.204 1.51712 0.307
v -0.204 1.62388 0.307
v -0.233 1.65288 0.307
v -0.262 1.62388 0.307
v -0.262 1.51712 0.307
v -0.233 1.48812 0.307
vt 0.778564 0.354268
vt 0.791075 0.354268
vt 0.791075 0.354736
vt 0.778564 0.354736
vt 0.655029 0.344502
vt 0.659835 0.344502
vt 0.659835 0.344971
vt 0.655029 0.344971
vt 0.712158 0.344502
vt 0.716964 0.344502
vt 0.716964 0.344971
vt 0.712158 0.344971
vt 0.792725 0.354268
vt 0.805236 0.354268
vt 0.805236 0.354736
vt 0.792725 0.354736
vt 0.662842 0.346455
vt 0.667648 0.346455
vt 0.667648 0.346924
vt 0.662842 0.346924
vt 0.675537 0.346455
vt 0.680343 0.346455
vt 0.680343 0.346924
vt 0.675537 0.346924
vt 0.576212 0.371338
vt 0.563701 0.371338
vt 0.560303 0.367939
vt 0.579611 0.367939
vt 0.576212 0.371338
vt 0.560303 0.367939
vt 0.576212 0.364541
vt 0.579611 0.367939
vt 0.560303 0.367939
vt 0.560303 0.367939
vt 0.563701 0.364541
vt 0.576212 0.364541
vt 0.581299 0.367939
vt 0.584697 0.364541
vt 0.597208 0.364541
vt 0.581299 0.367939
vt 0.597208 0.364541
vt 0.600607 0.367939
vt 0.581299 0.367939
vt 0.600607 0.367939
vt 0.597208 0.371338
vt 0.597208 0.371338
vt 0.584697 0.371338
vt 0.581299 0.367939
vn 1 0 0
vn 0.707107 0.707107 0
vn -0.707107 0.707107 0
vn -1 0 0
vn -0.707107 -0.707107 0
vn 0.707107 -0.707107 0
vn 0 0 -1
vn 0 0 1
f 1617/3225/541 1618/3226/541 1624/3227/541 1623/3228/541
f 1618/3229/542 1619/3230/542 1625/3231/542 1624/3232/542
f 1619/3233/543 1620/3234/543 1626/3235/543 1625/3236/543
f 1620/3237/544 1621/3238/544 1627/3239/544 1626/3240/544
f 1621/3241/545 1622/3242/545 1628/3243/545 1627/3244/545
f 1622/3245/546 1617/3246/546 1623/3247/546 1628/3248/546
f 1630/3249/547 1629/3250/547 1634/3251/547
f 1631/3252/547 1630/3253/547 1634/3254/547
f 1632/3255/547 1631/3256/547 1634/3257/547
f 1634/3258/547 1633/3259/547 1632/3260/547
f 1640/3261/548 1635/3262/548 1636/3263/548
f 1640/3264/548 1636/3265/548 1637/3266/548
f 1640/3267/548 1637/3268/548 1638/3269/548
f 1638/3270/548 1639/3271/548 1640/3272/548
o digit_1_14_b
usemtl sign_face_glow
v 2.233 1.48812 0.693
v 2.262 1.51712 0.693
v 2.262 1.62388 0.693
v 2.233 1.65288 0.693
v 2.204 1.62388 0.693
v 2.204 1.51712 0.693
v 2.233 1.48812 0.697
v 2.262 1.51712 0.697
v 2.262 1.62388 0.697
v 2.233 1.65288 0.697
v 2.204 1.62388 0.697
v 2.204 1.51712 0.697
v 2.233 1.48812 0.693
v 2.262 1.51712 0.693
v 2.262 1.62388 0.693
v 2.233 1.65288 0.693
v 2.204 1.62388 0.693
v 2.204 1.51712 0.693
v 2.233 1.48812 0.697
v 2.262 1.51712 0.697
v 2.262 1.62388 0.697
v 2.233 1.65288 0.697
v 2.204 1.62388 0.697
v 2.204 1.51712 0.697
vt 0.217041 0.344502
vt 0.221847 0.344502
vt 0.221847 0.344971
vt 0.217041 0.344971
vt 0.806885 0.354268
vt 0.819396 0.354268
vt 0.819396 0.354736
vt 0.806885 0.354736
vt 0.883545 0.344502
vt 0.888351 0.344502
vt 0.888351 0.344971
vt 0.883545 0.344971
vt 0.223389 0.344502
vt 0.228195 0.344502
vt 0.228195 0.344971
vt 0.223389 0.344971
vt 0.821045 0.354268
vt 0.833556 0.354268
vt 0.833556 0.354736
vt 0.821045 0.354736
vt 0.229736 0.344502
vt 0.234542 0.344502
vt 0.234542 0.344971
vt 0.229736 0.344971
vt 0.605693 0.371338
vt 0.602295 0.367939
vt 0.605693 0.364541
vt 0.618204 0.371338
vt 0.605693 0.371338
vt 0.605693 0.364541
vt 0.621603 0.367939
vt 0.618204 0.371338
vt 0.605693 0.364541
vt 0.605693 0.364541
vt 0.618204 0.364541
vt 0.621603 0.367939
vt 0.626689 0.371338
vt 0.623291 0.367939
vt 0.626689 0.364541
vt 0.626689 0.371338
vt 0.626689 0.364541
vt 0.6392 0.364541
vt 0.626689 0.371338
vt 0.6392 0.364541
vt 0.642599 0.367939
vt 0.642599 0.367939
vt 0.6392 0.371338
vt 0.626689 0.371338
vn 0.707107 -0.707107 0
vn 1 0 0
vn 0.707107 0.707107 0
vn -0.707107 0.707107 0
vn -1 0 0
vn -0.707107 -0.707107 0
vn 0 0 -1
vn 0 0 1
f 1641/3273/549 1642/3274/549 1648/3275/549 1647/3276/549
f 1642/3277/550 1643/3278/550 1649/3279/550 1648/3280/550
f 1643/3281/551 1644/3282/551 1650/3283/551 1649/3284/551
f 1644/3285/552 1645/3286/552 1651/3287/552 1650/3288/552
f 1645/3289/553 1646/3290/553 1652/3291/553 1651/3292/553
f 1646/3293/554 1641/3294/554 1647/3295/554 1652/3296/554
f 1654/3297/555 1653/3298/555 1658/3299/555
f 1655/3300/555 1654/3301/555 1658/3302/555
f 1656/3303/555 1655/3304/555 1658/3305/555
f 1658/3306/555 1657/3307/555 1656/3308/555
f 1664/3309/556 1659/3310/556 1660/3311/556
f 1664/3312/556 1660/3313/556 1661/3314/556
f 1664/3315/556 1661/3316/556 1662/3317/556
f 1662/3318/556 1663/3319/556 1664/3320/556
o digit_1_15_f
usemtl sign_face_glow
v -0.09812 1.509 0.303
v -0.19588 1.509 0.303
v -0.22488 1.48 0.303
v -0.19588 1.451 0.303
v -0.09812 1.451 0.303
v -0.06912 1.48 0.303
v -0.09812 1.509 0.307
v -0.19588 1.509 0.307
v -0.22488 1.48 0.307
v -0.19588 1.451 0.307
v -0.09812 1.451 0.307
v -0.06912 1.48 0.307
v -0.09812 1.509 0.303
v -0.19588 1.509 0.303
v -0.22488 1.48 0.303
v -0.19588 1.451 0.303
v -0.09812 1.451 0.303
v -0.06912 1.48 0.303
v -0.09812 1.509 0.307
v -0.19588 1.509 0.307
v -0.22488 1.48 0.307
v -0.19588 1.451 0.307
v -0.09812 1.451 0.307
v -0.06912 1.48 0.307
vt 0.517334 0.348408
vt 0.52879 0.348408
vt 0.52879 0.348877
vt 0.517334 0.348877
vt 0.439209 0.344502
vt 0.444015 0.344502
vt 0.444015 0.344971
vt 0.439209 0.344971
vt 0.889893 0.344502
vt 0.894699 0.344502
vt 0.894699 0.344971
vt 0.889893 0.344971
vt 0.530518 0.348408
vt 0.541974 0.348408
vt 0.541974 0.348877
vt 0.530518 0.348877
vt 0.661377 0.344502
vt 0.666183 0.344502
vt 0.666183 0.344971
vt 0.661377 0.344971
vt 0.236084 0.344502
vt 0.24089 0.344502
vt 0.24089 0.344971
vt 0.236084 0.344971
vt 0.340294 0.363037
vt 0.328838 0.363037
vt 0.325439 0.359639
vt 0.343693 0.359639
vt 0.340294 0.363037
vt 0.325439 0.359639
vt 0.340294 0.35624
vt 0.343693 0.359639
vt 0.325439 0.359639
vt 0.325439 0.359639
vt 0.328838 0.35624
vt 0.340294 0.35624
vt 0.363712 0.359639
vt 0.360314 0.363037
vt 0.348857 0.363037
vt 0.363712 0.359639
vt 0.348857 0.363037
vt 0.345459 0.359639
vt 0.363712 0.359639
vt 0.345459 0.359639
vt 0.348857 0.35624
vt 0.348857 0.35624
vt 0.360314 0.35624
vt 0.363712 0.359639
vn 0 1 0
vn -0.707107 0.707107 0
vn -0.707107 -0.707107 0
vn 0 -1 0
vn 0.707107 -0.707107 0
vn 0.707107 0.707107 0
vn 0 0 -1
vn 0 0 1
f 1665/3321/557 1666/3322/557 1672/3323/557 1671/3324/557
f 1666/3325/558 1667/3326/558 1673/3327/558 1672/3328/558
f 1667/3329/559 1668/3330/559 1674/3331/559 1673/3332/559
f 1668/3333/560 1669/3334/560 1675/3335/560 1674/3336/560
f 1669/3337/561 1670/3338/561 1676/3339/561 1675/3340/561
f 1670/3341/562 1665/3342/562 1671/3343/562 1676/3344/562
f 1678/3345/563 1677/3346/563 1682/3347/563
f 1679/3348/563 1678/3349/563 1682/3350/563
f 1680/3351/563 1679/3352/563 1682/3353/563
f 1682/3354/563 1681/3355/563 1680/3356/563
f 1688/3357/564 1683/3358/564 1684/3359/564
f 1688/3360/564 1684/3361/564 1685/3362/564
f 1688/3363/564 1685/3364/564 1686/3365/564
f 1686/3366/564 1687/3367/564 1688/3368/564
o digit_1_15_b
usemtl sign_face_glow
v 2.06912 1.48 0.693
v 2.09812 1.451 0.693
v 2.19588 1.451 0.693
v 2.22488 1.48 0.693
v 2.19588 1.509 0.693
v 2.09812 1.509 0.693
v 2.06912 1.48 0.697
v 2.09812 1.451 0.697
v 2.19588 1.451 0.697
v 2.22488 1.48 0.697
v 2.19588 1.509 0.697
v 2.09812 1.509 0.697
v 2.06912 1.48 0.693
v 2.09812 1.451 0.693
v 2.19588 1.451 0.693
v 2.22488 1.48 0.693
v 2.19588 1.509 0.693
v 2.09812 1.509 0.693
v 2.06912 1.48 0.697
v 2.09812 1.451 0.697
v 2.19588 1.451 0.697
v 2.22488 1.48 0.697
v 2.19588 1.509 0.697
v 2.09812 1.509 0.697
vt 0.242432 0.344502
vt 0.247238 0.344502
vt 0.247238 0.344971
vt 0.242432 0.344971
vt 0.001221 0.346455
vt 0.012677 0.346455
vt 0.012677 0.346924
vt 0.001221 0.346924
vt 0.89624 0.344502
vt 0.901046 0.344502
vt 0.901046 0.344971
vt 0.89624 0.344971
vt 0.248779 0.344502
vt 0.253585 0.344502
vt 0.253585 0.344971
vt 0.248779 0.344971
vt 0.014404 0.346455
vt 0.025861 0.346455
vt 0.025861 0.346924
vt 0.014404 0.346924
vt 0.255127 0.344502
vt 0.259933 0.344502
vt 0.259933 0.344971
vt 0.255127 0.344971
vt 0.180138 0.35624
vt 0.183536 0.359639
vt 0.180138 0.363037
vt 0.168682 0.35624
vt 0.180138 0.35624
vt 0.180138 0.363037
vt 0.165283 0.359639
vt 0.168682 0.35624
vt 0.180138 0.363037
vt 0.180138 0.363037
vt 0.168682 0.363037
vt 0.165283 0.359639
vt 0.188701 0.363037
vt 0.185303 0.359639
vt 0.188701 0.35624
vt 0.188701 0.363037
vt 0.188701 0.35624
vt 0.200157 0.35624
vt 0.188701 0.363037
vt 0.200157 0.35624
vt 0.203556 0.359639
vt 0.203556 0.359639
vt 0.200157 0.363037
vt 0.188701 0.363037
vn -0.707107 -0.707107 0
vn 0 -1 0
vn 0.707107 -0.707107 0
vn 0.707107 0.707107 0
vn 0 1 0
vn -0.707107 0.707107 0
vn 0 0 -1
vn 0 0 1
f 1689/3369/565 1690/3370/565 1696/3371/565 1695/3372/565
f 1690/3373/566 1691/3374/566 1697/3375/566 1696/3376/566
f 1691/3377/567 1692/3378/567 1698/3379/567 1697/3380/567
f 1692/3381/568 1693/3382/568 1699/3383/568 1698/3384/568
f 1693/3385/569 1694/3386/569 1700/3387/569 1699/3388/569
f 1694/3389/570 1689/3390/570 1695/3391/570 1700/3392/570
f 1702/3393/571 1701/3394/571 1706/3395/571
f 1703/3396/571 1702/3397/571 1706/3398/571
f 1704/3399/571 1703/3400/571 1706/3401/571
f 1706/3402/571 1705/3403/571 1704/3404/571
f 1712/3405/572 1707/3406/572 1708/3407/572
f 1712/3408/572 1708/3409/572 1709/3410/572
f 1712/3411/572 1709/3412/572 1710/3413/572
f 1710/3414/572 1711/3415/572 1712/3416/572
o digit_1_16_f
usemtl sign_face_glow
v -0.204 1.33612 0.303
v -0.204 1.44288 0.303
v -0.233 1.47188 0.303
v -0.262 1.44288 0.303
v -0.262 1.33612 0.303
v -0.233 1.30712 0.303
v -0.204 1.33612 0.307
v -0.204 1.44288 0.307
v -0.233 1.47188 0.307
v -0.262 1.44288 0.307
v -0.262 1.33612 0.307
v -0.233 1.30712 0.307
v -0.204 1.33612 0.303
v -0.204 1.44288 0.303
v -0.233 1.47188 0.303
v -0.262 1.44288 0.303
v -0.262 1.33612 0.303
v -0.233 1.30712 0.303
v -0.204 1.33612 0.307
v -0.204 1.44288 0.307
v -0.233 1.47188 0.307
v -0.262 1.44288 0.307
v -0.262 1.33612 0.307
v -0.233 1.30712 0.307
vt 0.835205 0.354268
vt 0.847716 0.354268
vt 0.847716 0.354736
vt 0.835205 0.354736
vt 0.667725 0.344502
vt 0.672531 0.344502
vt 0.672531 0.344971
vt 0.667725 0.344971
vt 0.718506 0.344502
vt 0.723312 0.344502
vt 0.723312 0.344971
vt 0.718506 0.344971
vt 0.849365 0.354268
vt 0.861876 0.354268
vt 0.861876 0.354736
vt 0.849365 0.354736
vt 0.261475 0.344502
vt 0.266281 0.344502
vt 0.266281 0.344971
vt 0.261475 0.344971
vt 0.445557 0.344502
vt 0.450363 0.344502
vt 0.450363 0.344971
vt 0.445557 0.344971
vt 0.660196 0.371338
vt 0.647686 0.371338
vt 0.644287 0.367939
vt 0.663595 0.367939
vt 0.660196 0.371338
vt 0.644287 0.367939
vt 0.660196 0.364541
vt 0.663595 0.367939
vt 0.644287 0.367939
vt 0.644287 0.367939
vt 0.647686 0.364541
vt 0.660196 0.364541
vt 0.665283 0.367939
vt 0.668682 0.364541
vt 0.681193 0.364541
vt 0.665283 0.367939
vt 0.681193 0.364541
vt 0.684591 0.367939
vt 0.665283 0.367939
vt 0.684591 0.367939
vt 0.681193 0.371338
vt 0.681193 0.371338
vt 0.668682 0.371338
vt 0.665283 0.367939
vn 1 0 0
vn 0.707107 0.707107 0
vn -0.707107 0.707107 0
vn -1 0 0
vn -0.707107 -0.707107 0
vn 0.707107 -0.707107 0
vn 0 0 -1
vn 0 0 1
f 1713/3417/573 1714/3418/573 1720/3419/573 1719/3420/573
f 1714/3421/574 1715/3422/574 1721/3423/574 1720/3424/574
f 1715/3425/575 1716/3426/575 1722/3427/575 1721/3428/575
f 1716/3429/576 1717/3430/576 1723/3431/576 1722/3432/576
f 1717/3433/577 1718/3434/577 1724/3435/577 1723/3436/577
f 1718/3437/578 1713/3438/578 1719/3439/578 1724/3440/578
f 1726/3441/579 1725/3442/579 1730/3443/579
f 1727/3444/579 1726/3445/579 1730/3446/579
f 1728/3447/579 1727/3448/579 1730/3449/579
f 1730/3450/579 1729/3451/579 1728/3452/579
f 1736/3453/580 1731/3454/580 1732/3455/580
f 1736/3456/580 1732/3457/580 1733/3458/580
f 1736/3459/580 1733/3460/580 1734/3461/580
f 1734/3462/580 1735/3463/580 1736/3464/580
o digit_1_16_b
usemtl sign_face_glow
v 2.233 1.30712 0.693
v 2.262 1.33612 0.693
v 2.262 1.44288 0.693
v 2.233 1.47188 0.693
v 2.204 1.44288 0.693
v 2.204 1.33612 0.693
v 2.233 1.30712 0.697
v 2.262 1.33612 0.697
v 2.262 1.44288 0.697
v 2.233 1.47188 0.697
v 2.204 1.44288 0.697
v 2.204 1.33612 0.697
v 2.233 1.30712 0.693
v 2.262 1.33612 0.693
v 2.262 1.44288 0.693
v 2.233 1.47188 0.693
v 2.204 1.44288 0.693
v 2.204 1.33612 0.693
v 2.233 1.30712 0.697
v 2.262 1.33612 0.697
v 2.262 1.44288 0.697
v 2.233 1.47188 0.697
v 2.204 1.44288 0.697
v 2.204 1.33612 0.697
vt 0.267822 0.344502
vt 0.272628 0.344502
vt 0.272628 0.344971
vt 0.267822 0.344971
vt 0.863525 0.354268
vt 0.876036 0.354268
vt 0.876036 0.354736
vt 0.863525 0.354736
vt 0.674072 0.344502
vt 0.678878 0.344502
vt 0.678878 0.344971
vt 0.674072 0.344971
vt 0.27417 0.344502
vt 0.278976 0.344502
vt 0.278976 0.344971
vt 0.27417 0.344971
vt 0.877686 0.354268
vt 0.890196 0.354268
vt 0.890196 0.354736
vt 0.877686 0.354736
vt 0.280518 0.344502
vt 0.285324 0.344502
vt 0.285324 0.344971
vt 0.280518 0.344971
vt 0.689678 0.371338
vt 0.686279 0.367939
vt 0.689678 0.364541
vt 0.702189 0.371338
vt 0.689678 0.371338
vt 0.689678 0.364541
vt 0.705587 0.367939
vt 0.702189 0.371338
vt 0.689678 0.364541
vt 0.689678 0.364541
vt 0.702189 0.364541
vt 0.705587 0.367939
vt 0.710674 0.371338
vt 0.707275 0.367939
vt 0.710674 0.364541
vt 0.710674 0.371338
vt 0.710674 0.364541
vt 0.723185 0.364541
vt 0.710674 0.371338
vt 0.723185 0.364541
vt 0.726583 0.367939
vt 0.726583 0.367939
vt 0.723185 0.371338
vt 0.710674 0.371338
vn 0.707107 -0.707107 0
vn 1 0 0
vn 0.707107 0.707107 0
vn -0.707107 0.707107 0
vn -1 0 0
vn -0.707107 -0.707107 0
vn 0 0 -1
vn 0 0 1
f 1737/3465/581 1738/3466/581 1744/3467/581 1743/3468/581
f 1738/3469/582 1739/3470/582 1745/3471/582 1744/3472/582
f 1739/3473/583 1740/3474/583 1746/3475/583 1745/3476/583
f 1740/3477/584 1741/3478/584 1747/3479/584 1746/3480/584
f 1741/3481/585 1742/3482/585 1748/3483/585 1747/3484/585
f 1742/3485/586 1737/3486/586 1743/3487/586 1748/3488/586
f 1750/3489/587 1749/3490/587 1754/3491/587
f 1751/3492/587 1750/3493/587 1754/3494/587
f 1752/3495/587 1751/3496/587 1754/3497/587
f 1754/3498/587 1753/3499/587 1752/3500/587
f 1760/3501/588 1755/3502/588 1756/3503/588
f 1760/3504/588 1756/3505/588 1757/3506/588
f 1760/3507/588 1757/3508/588 1758/3509/588
f 1758/3510/588 1759/3511/588 1760/3512/588
o digit_1_17_f
usemtl sign_face_glow
v -0.09812 1.328 0.303
v -0.19588 1.328 0.303
v -0.22488 1.299 0.303
v -0.19588 1.27 0.303
v -0.09812 1.27 0.303
v -0.06912 1.299 0.303
v -0.09812 1.328 0.307
v -0.19588 1.328 0.307
v -0.22488 1.299 0.307
v -0.19588 1.27 0.307
v -0.09812 1.27 0.307
v -0.06912 1.299 0.307
v -0.09812 1.328 0.303
v -0.19588 1.328 0.303
v -0.22488 1.299 0.303
v -0.19588 1.27 0.303
v -0.09812 1.27 0.303
v -0.06912 1.299 0.303
v -0.09812 1.328 0.307
v -0.19588 1.328 0.307
v -0.22488 1.299 0.307
v -0.19588 1.27 0.307
v -0.09812 1.27 0.307
v -0.06912 1.299 0.307
vt 0.543701 0.348408
vt 0.555157 0.348408
vt 0.555157 0.348877
vt 0.543701 0.348877
vt 0.363037 0.344502
vt 0.367843 0.344502
vt 0.367843 0.344971
vt 0.363037 0.344971
vt 0.68042 0.344502
vt 0.685226 0.344502
vt 0.685226 0.344971
vt 0.68042 0.344971
vt 0.556885 0.348408
vt 0.568341 0.348408
vt 0.568341 0.348877
vt 0.556885 0.348877
vt 0.686768 0.344502
vt 0.691574 0.344502
vt 0.691574 0.344971
vt 0.686768 0.344971
vt 0.286865 0.344502
vt 0.291671 0.344502
vt 0.291671 0.344971
vt 0.286865 0.344971
vt 0.380333 0.363037
vt 0.368877 0.363037
vt 0.365479 0.359639
vt 0.383732 0.359639
vt 0.380333 0.363037
vt 0.365479 0.359639
vt 0.380333 0.35624
vt 0.383732 0.359639
vt 0.365479 0.359639
vt 0.365479 0.359639
vt 0.368877 0.35624
vt 0.380333 0.35624
vt 0.403751 0.359639
vt 0.400353 0.363037
vt 0.388896 0.363037
vt 0.403751 0.359639
vt 0.388896 0.363037
vt 0.385498 0.359639
vt 0.403751 0.359639
vt 0.385498 0.359639
vt 0.388896 0.35624
vt 0.388896 0.35624
vt 0.400353 0.35624
vt 0.403751 0.359639
vn 0 1 0
vn -0.707107 0.707107 0
vn -0.707107 -0.707107 0
vn 0 -1 0
vn 0.707107 -0.707107 0
vn 0.707107 0.707107 0
vn 0 0 -1
vn 0 0 1
f 1761/3513/589 1762/3514/589 1768/3515/589 1767/3516/589
f 1762/3517/590 1763/3518/590 1769/3519/590 1768/3520/590
f 1763/3521/591 1764/3522/591 1770/3523/591 1769/3524/591
f 1764/3525/592 1765/3526/592 1771/3527/592 1770/3528/592
f 1765/3529/593 1766/3530/593 1772/3531/593 1771/3532/593
f 1766/3533/594 1761/3534/594 1767/3535/594 1772/3536/594
f 1774/3537/595 1773/3538/595 1778/3539/595
f 1775/3540/595 1774/3541/595 1778/3542/595
f 1776/3543/595 1775/3544/595 1778/3545/595
f 1778/3546/595 1777/3547/595 1776/3548/595
f 1784/3549/596 1779/3550/596 1780/3551/596
f 1784/3552/596 1780/3553/596 1781/3554/596
f 1784/3555/596 1781/3556/596 1782/3557/596
f 1782/3558/596 1783/3559/596 1784/3560/596
o digit_1_17_b
usemtl sign_face_glow
v 2.06912 1.299 0.693
v 2.09812 1.27 0.693
v 2.19588 1.27 0.693
v 2.22488 1.299 0.693
v 2.19588 1.328 0.693
v 2.09812 1.328 0.693
v 2.06912 1.299 0.697
v 2.09812 1.27 0.697
v 2.19588 1.27 0.697
v 2.22488 1.299 0.697
v 2.19588 1.328 0.697
v 2.09812 1.328 0.697
v 2.06912 1.299 0.693
v 2.09812 1.27 0.693
v 2.19588 1.27 0.693
v 2.22488 1.299 0.693
v 2.19588 1.328 0.693
v 2.09812 1.328 0.693
v 2.06912 1.299 0.697
v 2.09812 1.27 0.697
v 2.19588 1.27 0.697
v 2.22488 1.299 0.697
v 2.19588 1.328 0.697
v 2.09812 1.328 0.697
vt 0.293213 0.344502
vt 0.298019 0.344502
vt 0.298019 0.344971
vt 0.293213 0.344971
vt 0.027588 0.346455
vt 0.039044 0.346455
vt 0.039044 0.346924
vt 0.027588 0.346924
vt 0.902588 0.344502
vt 0.907394 0.344502
vt 0.907394 0.344971
vt 0.902588 0.344971
vt 0.681885 0.346455
vt 0.686691 0.346455
vt 0.686691 0.346924
vt 0.681885 0.346924
vt 0.040771 0.346455
vt 0.052228 0.346455
vt 0.052228 0.346924
vt 0.040771 0.346924
vt 0.299561 0.344502
vt 0.304367 0.344502
vt 0.304367 0.344971
vt 0.299561 0.344971
vt 0.220177 0.35624
vt 0.223575 0.359639
vt 0.220177 0.363037
vt 0.208721 0.35624
vt 0.220177 0.35624
vt 0.220177 0.363037
vt 0.205322 0.359639
vt 0.208721 0.35624
vt 0.220177 0.363037
vt 0.220177 0.363037
vt 0.208721 0.363037
vt 0.205322 0.359639
vt 0.22874 0.363037
vt 0.225342 0.359639
vt 0.22874 0.35624
vt 0.22874 0.363037
vt 0.22874 0.35624
vt 0.240196 0.35624
vt 0.22874 0.363037
vt 0.240196 0.35624
vt 0.243595 0.359639
vt 0.243595 0.359639
vt 0.240196 0.363037
vt 0.22874 0.363037
vn -0.707107 -0.707107 0
vn 0 -1 0
vn 0.707107 -0.707107 0
vn 0.707107 0.707107 0
vn 0 1 0
vn -0.707107 0.707107 0
vn 0 0 -1
vn 0 0 1
f 1785/3561/597 1786/3562/597 1792/3563/597 1791/3564/597
f 1786/3565/598 1787/3566/598 1793/3567/598 1792/3568/598
f 1787/3569/599 1788/3570/599 1794/3571/599 1793/3572/599
f 1788/3573/600 1789/3574/600 1795/3575/600 1794/3576/600
f 1789/3577/601 1790/3578/601 1796/3579/601 1795/3580/601
f 1790/3581/602 1785/3582/602 1791/3583/602 1796/3584/602
f 1798/3585/603 1797/3586/603 1802/3587/603
f 1799/3588/603 1798/3589/603 1802/3590/603
f 1800/3591/603 1799/3592/603 1802/3593/603
f 1802/3594/603 1801/3595/603 1800/3596/603
f 1808/3597/604 1803/3598/604 1804/3599/604
f 1808/3600/604 1804/3601/604 1805/3602/604
f 1808/3603/604 1805/3604/604 1806/3605/604
f 1806/3606/604 1807/3607/604 1808/3608/604
o digit_1_18_f
usemtl sign_face_glow
v 0.067 1.322 0.303
v 0.015 1.322 0.303
v 0.015 1.27 0.303
v 0.067 1.27 0.303
v 0.067 1.322 0.307
v 0.015 1.322 0.307
v 0.015 1.27 0.307
v 0.067 1.27 0.307
v 0.067 1.322 0.303
v 0.015 1.322 0.303
v 0.015 1.27 0.303
v 0.067 1.27 0.303
v 0.067 1.322 0.307
v 0.015 1.322 0.307
v 0.015 1.27 0.307
v 0.067 1.27 0.307
vt 0.16333 0.346455
vt 0.169424 0.346455
vt 0.169424 0.346924
vt 0.16333 0.346924
vt 0.10083 0.346455
vt 0.106924 0.346455
vt 0.106924 0.346924
vt 0.10083 0.346924
vt 0.171143 0.346455
vt 0.177236 0.346455
vt 0.177236 0.346924
vt 0.171143 0.346924
vt 0.108643 0.346455
vt 0.114736 0.346455
vt 0.114736 0.346924
vt 0.108643 0.346924
vt 0.975576 0.356943
vt 0.975576 0.363037
vt 0.969482 0.363037
vt 0.969482 0.363037
vt 0.969482 0.356943
vt 0.975576 0.356943
vt 0.977295 0.356943
vt 0.983389 0.356943
vt 0.983389 0.363037
vt 0.983389 0.363037
vt 0.977295 0.363037
vt 0.977295 0.356943
vn 0 1 0
vn -1 0 0
vn 0 -1 0
vn 1 0 0
vn 0 0 -1
vn 0 0 1
f 1809/3609/605 1810/3610/605 1814/3611/605 1813/3612/605
f 1810/3613/606 1811/3614/606 1815/3615/606 1814/3616/606
f 1811/3617/607 1812/3618/607 1816/3619/607 1815/3620/607
f 1812/3621/608 1809/3622/608 1813/3623/608 1816/3624/608
f 1818/3625/609 1817/3626/609 1820/3627/609
f 1820/3628/609 1819/3629/609 1818/3630/609
f 1824/3631/610 1821/3632/610 1822/3633/610
f 1822/3634/610 1823/3635/610 1824/3636/610
o digit_1_18_b
usemtl sign_face_glow
v 1.933 1.27 0.693
v 1.985 1.27 0.693
v 1.985 1.322 0.693
v 1.933 1.322 0.693
v 1.933 1.27 0.697
v 1.985 1.27 0.697
v 1.985 1.322 0.697
v 1.933 1.322 0.697
v 1.933 1.27 0.693
v 1.985 1.27 0.693
v 1.985 1.322 0.693
v 1.933 1.322 0.693
v 1.933 1.27 0.697
v 1.985 1.27 0.697
v 1.985 1.322 0.697
v 1.933 1.322 0.697
vt 0.116455 0.346455
vt 0.122549 0.346455
vt 0.122549 0.346924
vt 0.116455 0.346924
vt 0.124268 0.346455
vt 0.130361 0.346455
vt 0.130361 0.346924
vt 0.124268 0.346924
vt 0.13208 0.346455
vt 0.138174 0.346455
vt 0.138174 0.346924
vt 0.13208 0.346924
vt 0.139893 0.346455
vt 0.145986 0.346455
vt 0.145986 0.346924
vt 0.139893 0.346924
vt 0.938232 0.363037
vt 0.938232 0.356943
vt 0.944326 0.356943
vt 0.944326 0.356943
vt 0.944326 0.363037
vt 0.938232 0.363037
vt 0.952139 0.363037
vt 0.946045 0.363037
vt 0.946045 0.356943
vt 0.946045 0.356943
vt 0.952139 0.356943
vt 0.952139 0.363037
vn 0 -1 0
vn 1 0 0
vn 0 1 0
vn -1 0 0
vn 0 0 -1
vn 0 0 1
f 1825/3637/611 1826/3638/611 1830/3639/611 1829/3640/611
f 1826/3641/612 1827/3642/612 1831/3643/612 1830/3644/612
f 1827/3645/613 1828/3646/613 1832/3647/613 1831/3648/613
f 1828/3649/614 1825/3650/614 1829/3651/614 1832/3652/614
f 1834/3653/615 1833/3654/615 1836/3655/615
f 1836/3656/615 1835/3657/615 1834/3658/615
f 1840/3659/616 1837/3660/616 1838/3661/616
f 1838/3662/616 1839/3663/616 1840/3664/616
o digit_1_19_f
usemtl sign_face_glow
v 0.1576 1.51712 0.303
v 0.1576 1.62388 0.303
v 0.1286 1.65288 0.303
v 0.0996 1.62388 0.303
v 0.0996 1.51712 0.303
v 0.1286 1.48812 0.303
v 0.1576 1.51712 0.307
v 0.1576 1.62388 0.307
v 0.1286 1.65288 0.307
v 0.0996 1.62388 0.307
v 0.0996 1.51712 0.307
v 0.1286 1.48812 0.307
v 0.1576 1.51712 0.303
v 0.1576 1.62388 0.303
v 0.1286 1.65288 0.303
v 0.0996 1.62388 0.303
v 0.0996 1.51712 0.303
v 0.1286 1.48812 0.303
v 0.1576 1.51712 0.307
v 0.1576 1.62388 0.307
v 0.1286 1.65288 0.307
v 0.0996 1.62388 0.307
v 0.0996 1.51712 0.307
v 0.1286 1.48812 0.307
vt 0.891846 0.354268
vt 0.904357 0.354268
vt 0.904357 0.354736
vt 0.891846 0.354736
vt 0.908936 0.344502
vt 0.913742 0.344502
vt 0.913742 0.344971
vt 0.908936 0.344971
vt 0.693115 0.344502
vt 0.697921 0.344502
vt 0.697921 0.344971
vt 0.693115 0.344971
vt 0.906006 0.354268
vt 0.918517 0.354268
vt 0.918517 0.354736
vt 0.906006 0.354736
vt 0.305908 0.344502
vt 0.310714 0.344502
vt 0.310714 0.344971
vt 0.305908 0.344971
vt 0.688232 0.346455
vt 0.693039 0.346455
vt 0.693039 0.346924
vt 0.688232 0.346924
vt 0.463419 0.363037
vt 0.450908 0.363037
vt 0.44751 0.359639
vt 0.466818 0.359639
vt 0.463419 0.363037
vt 0.44751 0.359639
vt 0.463419 0.35624
vt 0.466818 0.359639
vt 0.44751 0.359639
vt 0.44751 0.359639
vt 0.450908 0.35624
vt 0.463419 0.35624
vt 0.468506 0.359639
vt 0.471904 0.35624
vt 0.484415 0.35624
vt 0.468506 0.359639
vt 0.484415 0.35624
vt 0.487814 0.359639
vt 0.468506 0.359639
vt 0.487814 0.359639
vt 0.484415 0.363037
vt 0.484415 0.363037
vt 0.471904 0.363037
vt 0.468506 0.359639
vn 1 0 0
vn 0.707107 0.707107 0
vn -0.707107 0.707107 0
vn -1 0 0
vn -0.707107 -0.707107 0
vn 0.707107 -0.707107 0
vn 0 0 -1
vn 0 0 1
f 1841/3665/617 1842/3666/617 1848/3667/617 1847/3668/617
f 1842/3669/618 1843/3670/618 1849/3671/618 1848/3672/618
f 1843/3673/619 1844/3674/619 1850/3675/619 1849/3676/619
f 1844/3677/620 1845/3678/620 1851/3679/620 1850/3680/620
f 1845/3681/621 1846/3682/621 1852/3683/621 1851/3684/621
f 1846/3685/622 1841/3686/622 1847/3687/622 1852/3688/622
f 1854/3689/623 1853/3690/623 1858/3691/623
f 1855/3692/623 1854/3693/623 1858/3694/623
f 1856/3695/623 1855/3696/623 1858/3697/623
f 1858/3698/623 1857/3699/623 1856/3700/623
f 1864/3701/624 1859/3702/624 1860/3703/624
f 1864/3704/624 1860/3705/624 1861/3706/624
f 1864/3707/624 1861/3708/624 1862/3709/624
f 1862/3710/624 1863/3711/624 1864/3712/624
o digit_1_19_b
usemtl sign_face_glow
v 1.8714 1.48812 0.693
v 1.9004 1.51712 0.693
v 1.9004 1.62388 0.693
v 1.8714 1.65288 0.693
v 1.8424 1.62388 0.693
v 1.8424 1.51712 0.693
v 1.8714 1.48812 0.697
v 1.9004 1.51712 0.697
v 1.9004 1.62388 0.697
v 1.8714 1.65288 0.697
v 1.8424 1.62388 0.697
v 1.8424 1.51712 0.697
v 1.8714 1.48812 0.693
v 1.9004 1.51712 0.693
v 1.9004 1.62388 0.693
v 1.8714 1.65288 0.693
v 1.8424 1.62388 0.693
v 1.8424 1.51712 0.693
v 1.8714 1.48812 0.697
v 1.9004 1.51712 0.697
v 1.9004 1.62388 0.697
v 1.8714 1.65288 0.697
v 1.8424 1.62388 0.697
v 1.8424 1.51712 0.697
vt 0.312256 0.344502
vt 0.317062 0.344502
vt 0.317062 0.344971
vt 0.312256 0.344971
vt 0.920166 0.354268
vt 0.932677 0.354268
vt 0.932677 0.354736
vt 0.920166 0.354736
vt 0.724854 0.344502
vt 0.72966 0.344502
vt 0.72966 0.344971
vt 0.724854 0.344971
vt 0.318604 0.344502
vt 0.32341 0.344502
vt 0.32341 0.344971
vt 0.318604 0.344971
vt 0.934326 0.354268
vt 0.946837 0.354268
vt 0.946837 0.354736
vt 0.934326 0.354736
vt 0.324951 0.344502
vt 0.329757 0.344502
vt 0.329757 0.344971
vt 0.324951 0.344971
vt 0.73167 0.371338
vt 0.728271 0.367939
vt 0.73167 0.364541
vt 0.744181 0.371338
vt 0.73167 0.371338
vt 0.73167 0.364541
vt 0.747579 0.367939
vt 0.744181 0.371338
vt 0.73167 0.364541
vt 0.73167 0.364541
vt 0.744181 0.364541
vt 0.747579 0.367939
vt 0.752666 0.371338
vt 0.749268 0.367939
vt 0.752666 0.364541
vt 0.752666 0.371338
vt 0.752666 0.364541
vt 0.765177 0.364541
vt 0.752666 0.371338
vt 0.765177 0.364541
vt 0.768575 0.367939
vt 0.768575 0.367939
vt 0.765177 0.371338
vt 0.752666 0.371338
vn 0.707107 -0.707107 0
vn 1 0 0
vn 0.707107 0.707107 0
vn -0.707107 0.707107 0
vn -1 0 0
vn -0.707107 -0.707107 0
vn 0 0 -1
vn 0 0 1
f 1865/3713/625 1866/3714/625 1872/3715/625 1871/3716/625
f 1866/3717/626 1867/3718/626 1873/3719/626 1872/3720/626
f 1867/3721/627 1868/3722/627 1874/3723/627 1873/3724/627
f 1868/3725/628 1869/3726/628 1875/3727/628 1874/3728/628
f 1869/3729/629 1870/3730/629 1876/3731/629 1875/3732/629
f 1870/3733/630 1865/3734/630 1871/3735/630 1876/3736/630
f 1878/3737/631 1877/3738/631 1882/3739/631
f 1879/3740/631 1878/3741/631 1882/3742/631
f 1880/3743/631 1879/3744/631 1882/3745/631
f 1882/3746/631 1881/3747/631 1880/3748/631
f 1888/3749/632 1883/3750/632 1884/3751/632
f 1888/3752/632 1884/3753/632 1885/3754/632
f 1888/3755/632 1885/3756/632 1886/3757/632
f 1886/3758/632 1887/3759/632 1888/3760/632
o digit_1_20_f
usemtl sign_face_glow
v 0.1576 1.33612 0.303
v 0.1576 1.44288 0.303
v 0.1286 1.47188 0.303
v 0.0996 1.44288 0.303
v 0.0996 1.33612 0.303
v 0.1286 1.30712 0.303
v 0.1576 1.33612 0.307
v 0.1576 1.44288 0.307
v 0.1286 1.47188 0.307
v 0.0996 1.44288 0.307
v 0.0996 1.33612 0.307
v 0.1286 1.30712 0.307
v 0.1576 1.33612 0.303
v 0.1576 1.44288 0.303
v 0.1286 1.47188 0.303
v 0.0996 1.44288 0.303
v 0.0996 1.33612 0.303
v 0.1286 1.30712 0.303
v 0.1576 1.33612 0.307
v 0.1576 1.44288 0.307
v 0.1286 1.47188 0.307
v 0.0996 1.44288 0.307
v 0.0996 1.33612 0.307
v 0.1286 1.30712 0.307
vt 0.948486 0.354268
vt 0.960997 0.354268
vt 0.960997 0.354736
vt 0.948486 0.354736
vt 0.331299 0.344502
vt 0.336105 0.344502
vt 0.336105 0.344971
vt 0.331299 0.344971
vt 0.699463 0.344502
vt 0.704269 0.344502
vt 0.704269 0.344971
vt 0.699463 0.344971
vt 0.962646 0.354268
vt 0.975157 0.354268
vt 0.975157 0.354736
vt 0.962646 0.354736
vt 0.337646 0.344502
vt 0.342453 0.344502
vt 0.342453 0.344971
vt 0.337646 0.344971
vt 0.451904 0.344502
vt 0.45671 0.344502
vt 0.45671 0.344971
vt 0.451904 0.344971
vt 0.505411 0.363037
vt 0.4929 0.363037
vt 0.489502 0.359639
vt 0.50881 0.359639
vt 0.505411 0.363037
vt 0.489502 0.359639
vt 0.505411 0.35624
vt 0.50881 0.359639
vt 0.489502 0.359639
vt 0.489502 0.359639
vt 0.4929 0.35624
vt 0.505411 0.35624
vt 0.510498 0.359639
vt 0.513896 0.35624
vt 0.526407 0.35624
vt 0.510498 0.359639
vt 0.526407 0.35624
vt 0.529806 0.359639
vt 0.510498 0.359639
vt 0.529806 0.359639
vt 0.526407 0.363037
vt 0.526407 0.363037
vt 0.513896 0.363037
vt 0.510498 0.359639
vn 1 0 0
vn 0.707107 0.707107 0
vn -0.707107 0.707107 0
vn -1 0 0
vn -0.707107 -0.707107 0
vn 0.707107 -0.707107 0
vn 0 0 -1
vn 0 0 1
f 1889/3761/633 1890/3762/633 1896/3763/633 1895/3764/633
f 1890/3765/634 1891/3766/634 1897/3767/634 1896/3768/634
f 1891/3769/635 1892/3770/635 1898/3771/635 1897/3772/635
f 1892/3773/636 1893/3774/636 1899/3775/636 1898/3776/636
f 1893/3777/637 1894/3778/637 1900/3779/637 1899/3780/637
f 1894/3781/638 1889/3782/638 1895/3783/638 1900/3784/638
f 1902/3785/639 1901/3786/639 1906/3787/639
f 1903/3788/639 1902/3789/639 1906/3790/639
f 1904/3791/639 1903/3792/639 1906/3793/639
f 1906/3794/639 1905/3795/639 1904/3796/639
f 1912/3797/640 1907/3798/640 1908/3799/640
f 1912/3800/640 1908/3801/640 1909/3802/640
f 1912/3803/640 1909/3804/640 1910/3805/640
f 1910/3806/640 1911/3807/640 1912/3808/640
o digit_1_20_b
usemtl sign_face_glow
v 1.8714 1.30712 0.693
v 1.9004 1.33612 0.693
v 1.9004 1.44288 0.693
v 1.8714 1.47188 0.693
v 1.8424 1.44288 0.693
v 1.8424 1.33612 0.693
v 1.8714 1.30712 0.697
v 1.9004 1.33612 0.697
v 1.9004 1.44288 0.697
v 1.8714 1.47188 0.697
v 1.8424 1.44288 0.697
v 1.8424 1.33612 0.697
v 1.8714 1.30712 0.693
v 1.9004 1.33612 0.693
v 1.9004 1.44288 0.693
v 1.8714 1.47188 0.693
v 1.8424 1.44288 0.693
v 1.8424 1.33612 0.693
v 1.8714 1.30712 0.697
v 1.9004 1.33612 0.697
v 1.9004 1.44288 0.697
v 1.8714 1.47188 0.697
v 1.8424 1.44288 0.697
v 1.8424 1.33612 0.697
vt 0.343994 0.344502
vt 0.3488 0.344502
vt 0.3488 0.344971
vt 0.343994 0.344971
vt 0.976807 0.354268
vt 0.989318 0.354268
vt 0.989318 0.354736
vt 0.976807 0.354736
vt 0.458252 0.344502
vt 0.463058 0.344502
vt 0.463058 0.344971
vt 0.458252 0.344971
vt 0.350342 0.344502
vt 0.355148 0.344502
vt 0.355148 0.344971
vt 0.350342 0.344971
vt 0.001221 0.348408
vt 0.013732 0.348408
vt 0.013732 0.348877
vt 0.001221 0.348877
vt 0.356689 0.344502
vt 0.361496 0.344502
vt 0.361496 0.344971
vt 0.356689 0.344971
vt 0.773662 0.371338
vt 0.770264 0.367939
vt 0.773662 0.364541
vt 0.786173 0.371338
vt 0.773662 0.371338
vt 0.773662 0.364541
vt 0.789571 0.367939
vt 0.786173 0.371338
vt 0.773662 0.364541
vt 0.773662 0.364541
vt 0.786173 0.364541
vt 0.789571 0.367939
vt 0.794658 0.371338
vt 0.79126 0.367939
vt 0.794658 0.364541
vt 0.794658 0.371338
vt 0.794658 0.364541
vt 0.807169 0.364541
vt 0.794658 0.371338
vt 0.807169 0.364541
vt 0.810568 0.367939
vt 0.810568 0.367939
vt 0.807169 0.371338
vt 0.794658 0.371338
vn 0.707107 -0.707107 0
vn 1 0 0
vn 0.707107 0.707107 0
vn -0.707107 0.707107 0
vn -1 0 0
vn -0.707107 -0.707107 0
vn 0 0 -1
vn 0 0 1
f 1913/3809/641 1914/3810/641 1920/3811/641 1919/3812/641
f 1914/3813/642 1915/3814/642 1921/3815/642 1920/3816/642
f 1915/3817/643 1916/3818/643 1922/3819/643 1921/3820/643
f 1916/3821/644 1917/3822/644 1923/3823/644 1922/3824/644
f 1917/3825/645 1918/3826/645 1924/3827/645 1923/3828/645
f 1918/3829/646 1913/3830/646 1919/3831/646 1924/3832/646
f 1926/3833/647 1925/3834/647 1930/3835/647
f 1927/3836/647 1926/3837/647 1930/3838/647
f 1928/3839/647 1927/3840/647 1930/3841/647
f 1930/3842/647 1929/3843/647 1928/3844/647
f 1936/3845/648 1931/3846/648 1932/3847/648
f 1936/3848/648 1932/3849/648 1933/3850/648
f 1936/3851/648 1933/3852/648 1934/3853/648
f 1934/3854/648 1935/3855/648 1936/3856/648
